player_id,player_name,season,position,primary_league_id,primary_league_name,latest_team_id,latest_team_name,minutes,appearances,provider_rating_avg,pass_accuracy_pct,goals,assists,shots_total,shots_on_target,passes_total,key_passes,tackles,blocks,interceptions,duels_total,duels_won,dribbles_attempted,dribbles_successful,dribbled_past,fouls_drawn,fouls_committed,offsides,yellow_cards,red_cards,goals_per90,assists_per90,shots_total_per90,shots_on_target_per90,passes_total_per90,key_passes_per90,tackles_per90,blocks_per90,interceptions_per90,duels_total_per90,duels_won_per90,dribbles_attempted_per90,dribbles_successful_per90,dribbled_past_per90,fouls_drawn_per90,fouls_committed_per90,offsides_per90,yellow_cards_per90,red_cards_per90,shot_accuracy_pct,duel_win_pct,dribble_success_pct,cluster
17,Christian Pulišić,2025,F,135,Serie A,489,AC Milan,1612.0,30,6.983622828784119,85.92814371257485,8.0,4.0,41.0,25.0,668.0,38.0,15.0,1.0,3.0,166.0,78.0,64.0,30.0,7.0,23.0,11.0,3.0,0,0,0.4466501240694789,0.2233250620347394,2.2890818858560795,1.3957816377171215,37.29528535980149,2.1215880893300247,0.8374689826302729,0.0558312655086848,0.1674937965260546,9.267990074441688,4.354838709677419,3.5732009925558312,1.6749379652605458,0.390818858560794,1.2841191066997515,0.6141439205955335,0.1674937965260546,0.0,0.0,60.97560975609756,46.98795180722892,46.875,0
22,Jacob Bruun Larsen,2025,F,39,Premier League,44,Burnley,1038.0,28,6.575529865125239,81.5068493150685,0.0,1.0,10.0,4.0,292.0,12.0,12.0,1.0,6.0,92.0,33.0,35.0,10.0,5.0,0.0,1.0,4.0,0,0,0.0,0.0867052023121387,0.8670520231213872,0.3468208092485549,25.31791907514451,1.0404624277456649,1.0404624277456649,0.0867052023121387,0.5202312138728323,7.976878612716763,2.8612716763005777,3.034682080924856,0.8670520231213872,0.4335260115606936,0.0,0.0867052023121387,0.3468208092485549,0.0,0.0,40.0,35.869565217391305,28.57142857142857,0
56,Antoine Griezmann,2025,F,140,La Liga,530,Atletico Madrid,1476.0,34,6.921476964769648,82.57887517146777,7.0,4.0,45.0,25.0,729.0,32.0,14.0,2.0,8.0,105.0,44.0,26.0,9.0,11.0,10.0,4.0,15.0,1,0,0.4268292682926829,0.2439024390243902,2.74390243902439,1.5243902439024388,44.45121951219512,1.951219512195122,0.8536585365853658,0.1219512195121951,0.4878048780487805,6.402439024390244,2.6829268292682924,1.5853658536585364,0.5487804878048781,0.6707317073170731,0.6097560975609756,0.2439024390243902,0.9146341463414632,0.0609756097560975,0.0,55.55555555555556,41.90476190476191,34.61538461538461,0
59,Álvaro Morata,2025,F,135,Serie A,895,Como,932.0,26,6.544301075268818,75.9825327510917,0.0,1.0,19.0,8.0,231.0,10.0,14.0,0.0,1.0,124.0,65.0,7.0,2.0,6.0,33.0,16.0,9.0,4,1,0.0,0.0965665236051502,1.834763948497854,0.7725321888412017,22.3068669527897,0.965665236051502,1.351931330472103,0.0,0.0965665236051502,11.974248927038628,6.276824034334763,0.6759656652360515,0.1931330472103004,0.5793991416309013,3.186695278969957,1.5450643776824031,0.8690987124463521,0.3862660944206008,0.0965665236051502,42.10526315789473,52.41935483870967,28.57142857142857,1
85,Cyril Ngonge,2025,F,135,Serie A,540,Espanyol,1439.0,29,6.669284225156359,71.3527851458886,1.0,3.0,30.0,16.0,377.0,20.0,18.0,0.0,6.0,206.0,98.0,51.0,24.0,7.0,30.0,29.0,11.0,6,0,0.0625434329395413,0.187630298818624,1.8763029881862403,1.0006949270326615,23.578874218207087,1.2508686587908269,1.1257817929117444,0.0,0.375260597637248,12.883947185545518,6.129256428075052,3.1897150799166085,1.5010423905489922,0.4378040305767894,1.8763029881862403,1.813759555246699,0.6879777623349548,0.375260597637248,0.0,53.333333333333336,47.57281553398058,47.05882352941176,1
120,Willem Geubbels,2025,F,61,Ligue 1,114,Paris FC,1019.0,24,6.631496062992127,69.85645933014354,5.0,0.0,26.0,9.0,209.0,7.0,3.0,3.0,6.0,116.0,38.0,7.0,1.0,4.0,3.0,19.0,10.0,0,0,0.4416094210009814,0.0,2.296368989205103,0.7948969578017665,18.45927379784102,0.6182531894013739,0.2649656526005888,0.2649656526005888,0.5299313052011776,10.245338567222769,3.3562315996074585,0.6182531894013739,0.0883218842001962,0.353287536800785,0.2649656526005888,1.6781157998037293,0.8832188420019628,0.0,0.0,34.61538461538461,32.758620689655174,14.285714285714285,1
153,Ousmane Dembélé,2025,F,61,Ligue 1,85,Paris Saint Germain,1062.0,22,7.764406779661016,83.08724832214766,10.0,7.0,38.0,18.0,745.0,41.0,6.0,0.0,0.0,73.0,36.0,39.0,24.0,3.0,4.0,3.0,8.0,0,0,0.847457627118644,0.5932203389830508,3.2203389830508478,1.5254237288135593,63.13559322033898,3.4745762711864407,0.5084745762711864,0.0,0.0,6.186440677966101,3.0508474576271185,3.305084745762712,2.0338983050847457,0.2542372881355932,0.3389830508474576,0.2542372881355932,0.6779661016949152,0.0,0.0,47.368421052631575,49.31506849315068,61.53846153846154,0
184,Harry Kane,2025,F,78,Bundesliga,157,Bayern München,2382.0,31,7.904030226700253,81.01788170563961,36.0,5.0,91.0,67.0,727.0,40.0,19.0,6.0,8.0,239.0,126.0,51.0,32.0,14.0,32.0,25.0,20.0,1,0,1.3602015113350123,0.1889168765743073,3.438287153652393,2.531486146095718,27.468513853904284,1.5113350125944585,0.7178841309823677,0.2267002518891687,0.3022670025188916,9.03022670025189,4.760705289672544,1.9269521410579349,1.2090680100755666,0.5289672544080605,1.2090680100755666,0.9445843828715366,0.7556675062972292,0.0377833753148614,0.0,73.62637362637363,52.71966527196653,62.74509803921568,1
215,Sebastiano Esposito,2025,F,135,Serie A,490,Cagliari,2699.0,36,7.032641719155242,75.57328015952145,7.0,5.0,42.0,16.0,1003.0,71.0,56.0,4.0,20.0,312.0,149.0,41.0,17.0,41.0,56.0,45.0,5.0,6,0,0.2334197851055947,0.1667284179325676,1.400518710633568,0.5335309373842164,33.44572063727306,2.36754353464246,1.8673582808447573,0.1333827343460541,0.6669136717302705,10.40385327899222,4.968506854390515,1.3671730270470546,0.5668766209707299,1.3671730270470546,1.8673582808447573,1.5005557613931086,0.1667284179325676,0.2000741015190811,0.0,38.095238095238095,47.756410256410255,41.46341463414634,0
217,Lautaro Martínez,2025,F,135,Serie A,505,Inter,2178.0,30,7.074242424242424,78.16666666666666,17.0,6.0,69.0,39.0,600.0,37.0,24.0,0.0,7.0,253.0,115.0,43.0,20.0,9.0,47.0,47.0,8.0,4,0,0.7024793388429752,0.2479338842975206,2.851239669421488,1.6115702479338845,24.793388429752067,1.5289256198347108,0.9917355371900828,0.0,0.2892561983471074,10.454545454545457,4.752066115702479,1.7768595041322313,0.8264462809917356,0.371900826446281,1.9421487603305785,1.9421487603305785,0.3305785123966942,0.1652892561983471,0.0,56.52173913043478,45.45454545454545,46.51162790697674,1
249,Donyell Malen,2025,F,135,Serie A,497,AS Roma,2158.0,39,7.086190917516219,77.38853503184714,18.0,3.0,70.0,40.0,314.0,15.0,9.0,0.0,2.0,203.0,69.0,63.0,24.0,5.0,23.0,14.0,15.0,1,0,0.7506950880444857,0.1251158480074142,2.919369786839666,1.6682113067655235,13.09545875810936,0.6255792400370713,0.3753475440222428,0.0,0.0834105653382761,8.466172381835031,2.877664504170528,2.6274328081557,1.000926784059314,0.2085264133456904,0.959221501390176,0.5838739573679332,0.6255792400370713,0.041705282669138,0.0,57.14285714285714,33.99014778325123,38.095238095238095,1
269,Christopher Nkunku,2025,F,135,Serie A,489,AC Milan,1377.0,32,6.758605664488018,88.59649122807018,7.0,3.0,24.0,16.0,342.0,16.0,5.0,1.0,2.0,114.0,50.0,26.0,9.0,3.0,22.0,9.0,8.0,0,0,0.457516339869281,0.196078431372549,1.5686274509803924,1.0457516339869282,22.352941176470587,1.0457516339869282,0.326797385620915,0.065359477124183,0.130718954248366,7.450980392156863,3.2679738562091507,1.699346405228758,0.5882352941176471,0.196078431372549,1.437908496732026,0.5882352941176471,0.5228758169934641,0.0,0.0,66.66666666666666,43.85964912280701,34.61538461538461,1
278,Kylian Mbappé,2025,F,140,La Liga,541,Real Madrid,2604.0,31,7.55384024577573,86.47294589178357,25.0,5.0,110.0,63.0,998.0,65.0,4.0,0.0,2.0,257.0,125.0,148.0,78.0,8.0,36.0,13.0,39.0,4,0,0.8640552995391706,0.1728110599078341,3.8018433179723514,2.177419354838709,34.49308755760369,2.2465437788018434,0.1382488479262673,0.0,0.0691244239631336,8.882488479262673,4.320276497695852,5.11520737327189,2.695852534562212,0.2764976958525346,1.2442396313364057,0.4493087557603686,1.347926267281106,0.1382488479262673,0.0,57.27272727272727,48.63813229571984,52.702702702702695,0
421,Breel Embolo,2025,F,61,Ligue 1,94,Rennes,1872.0,31,6.7131944444444445,71.03064066852369,9.0,3.0,36.0,18.0,362.0,15.0,19.0,4.0,4.0,274.0,121.0,44.0,15.0,10.0,58.0,48.0,14.0,3,0,0.4326923076923077,0.1442307692307692,1.7307692307692308,0.8653846153846154,17.403846153846153,0.721153846153846,0.9134615384615384,0.1923076923076923,0.1923076923076923,13.173076923076923,5.8173076923076925,2.1153846153846154,0.721153846153846,0.4807692307692308,2.7884615384615383,2.3076923076923075,0.6730769230769231,0.1442307692307692,0.0,50.0,44.16058394160584,34.090909090909086,1
483,Khvicha Kvaratskhelia,2025,F,61,Ligue 1,85,Paris Saint Germain,1483.0,28,7.361294672960216,87.89237668161435,8.0,4.0,48.0,29.0,892.0,34.0,24.0,3.0,11.0,201.0,101.0,76.0,44.0,12.0,26.0,18.0,5.0,1,0,0.4855023600809171,0.2427511800404585,2.9130141604855027,1.7599460552933244,54.13351314902226,2.0633850303438974,1.456507080242751,0.1820633850303439,0.6675657451112609,12.19824679703304,6.129467296021577,4.612272420768712,2.6702629804450435,0.7282535401213757,1.5778826702629802,1.0923803101820633,0.3034389750505731,0.0606877950101146,0.0,60.41666666666666,50.24875621890548,57.89473684210527,0
512,Woo-Yeong Jeong,2025,F,78,Bundesliga,182,Union Berlin,1206.0,28,6.713432835820896,75.6838905775076,4.0,1.0,16.0,8.0,329.0,6.0,18.0,0.0,7.0,122.0,55.0,18.0,7.0,8.0,20.0,13.0,4.0,0,0,0.2985074626865672,0.0746268656716418,1.1940298507462688,0.5970149253731344,24.55223880597015,0.4477611940298507,1.343283582089552,0.0,0.5223880597014925,9.1044776119403,4.104477611940299,1.343283582089552,0.5223880597014925,0.5970149253731344,1.492537313432836,0.9701492537313432,0.2985074626865672,0.0,0.0,50.0,45.08196721311475,38.88888888888889,1
521,Robert Lewandowski,2025,F,140,La Liga,529,Barcelona,1657.0,31,6.784308992154497,79.76190476190477,14.0,2.0,49.0,29.0,336.0,14.0,5.0,0.0,3.0,138.0,58.0,18.0,9.0,9.0,21.0,13.0,17.0,2,0,0.7604103802051901,0.1086300543150271,2.661436330718165,1.5751357875678935,18.24984912492456,0.7604103802051901,0.2715751357875678,0.0,0.1629450814725407,7.495473747736874,3.1502715751357875,0.9776704888352444,0.4888352444176222,0.4888352444176222,1.1406155703077852,0.7060953530476766,0.9233554616777307,0.1086300543150271,0.0,59.18367346938776,42.028985507246375,50.0,1
552,David Neres,2025,F,135,Serie A,492,Napoli,925.0,16,7.176648648648648,81.57099697885197,3.0,3.0,10.0,4.0,331.0,21.0,10.0,3.0,1.0,114.0,40.0,50.0,19.0,2.0,7.0,19.0,0.0,3,0,0.2918918918918918,0.2918918918918918,0.972972972972973,0.3891891891891892,32.20540540540541,2.0432432432432432,0.972972972972973,0.2918918918918918,0.0972972972972973,11.091891891891892,3.891891891891892,4.864864864864865,1.8486486486486484,0.1945945945945946,0.6810810810810811,1.8486486486486484,0.0,0.2918918918918918,0.0,40.0,35.08771929824561,38.0,0
608,Lucas Boyé,2025,F,140,La Liga,542,Alaves,1959.0,29,6.756777493606137,72.79236276849642,11.0,1.0,47.0,21.0,419.0,28.0,35.0,6.0,7.0,387.0,143.0,74.0,37.0,16.0,39.0,57.0,10.0,4,1,0.5053598774885145,0.0459418070444104,2.1592649310872893,0.9647779479326186,19.249617151607964,1.2863705972434916,1.6079632465543643,0.2756508422664624,0.3215926493108729,17.77947932618683,6.569678407350689,3.3996937212863703,1.6998468606431851,0.7350689127105666,1.791730474732006,2.6186830015313936,0.4594180704441041,0.1837672281776416,0.0459418070444104,44.680851063829785,36.95090439276486,50.0,1
697,Manor Solomon,2025,F,135,Serie A,502,Fiorentina,1056.0,22,7.173579545454545,89.25619834710744,3.0,2.0,7.0,5.0,364.0,27.0,14.0,1.0,1.0,111.0,64.0,47.0,31.0,7.0,18.0,2.0,2.0,1,0,0.2556818181818182,0.1704545454545454,0.5965909090909091,0.4261363636363636,31.022727272727277,2.301136363636364,1.193181818181818,0.0852272727272727,0.0852272727272727,9.460227272727272,5.454545454545455,4.005681818181818,2.6420454545454546,0.5965909090909091,1.534090909090909,0.1704545454545454,0.1704545454545454,0.0852272727272727,0.0,71.42857142857143,57.65765765765766,65.95744680851064,0
762,Vinicius Júnior,2025,F,140,La Liga,541,Real Madrid,2825.0,36,7.558938053097346,83.17094774136405,16.0,5.0,75.0,46.0,1129.0,70.0,29.0,0.0,2.0,403.0,197.0,195.0,87.0,13.0,81.0,38.0,13.0,8,0,0.5097345132743363,0.1592920353982301,2.3893805309734515,1.4654867256637167,35.968141592920354,2.230088495575221,0.9238938053097344,0.0,0.063716814159292,12.838938053097346,6.276106194690266,6.212389380530974,2.771681415929204,0.4141592920353982,2.5805309734513275,1.2106194690265486,0.4141592920353982,0.2548672566371681,0.0,61.33333333333333,48.883374689826304,44.61538461538462,0
782,Lorenzo Pellegrini,2025,F,135,Serie A,497,AS Roma,1475.0,24,6.839525423728813,77.12609970674487,4.0,2.0,24.0,12.0,682.0,28.0,12.0,4.0,14.0,175.0,77.0,24.0,5.0,13.0,39.0,20.0,5.0,2,0,0.2440677966101695,0.1220338983050847,1.464406779661017,0.7322033898305085,41.61355932203389,1.7084745762711864,0.7322033898305085,0.2440677966101695,0.8542372881355932,10.677966101694915,4.698305084745763,1.464406779661017,0.3050847457627118,0.7932203389830508,2.3796610169491523,1.220338983050847,0.3050847457627118,0.1220338983050847,0.0,50.0,44.0,20.833333333333336,0
786,Nicolò Zaniolo,2025,F,135,Serie A,494,Udinese,2269.0,32,6.849029982363316,78.06563039723662,5.0,6.0,47.0,22.0,579.0,53.0,28.0,0.0,4.0,375.0,140.0,94.0,33.0,20.0,61.0,62.0,6.0,8,0,0.1983252534156016,0.2379903040987219,1.864257382106655,0.872631115028647,22.96606434552666,2.1022476862053767,1.110621419127369,0.0,0.1586602027324812,14.874394006170116,5.553107095636844,3.72851476421331,1.3089466725429704,0.7933010136624064,2.4195680916703397,2.4592331423534595,0.2379903040987219,0.3173204054649625,0.0,46.80851063829788,37.333333333333336,35.1063829787234,0
794,Patrik Schick,2025,F,78,Bundesliga,168,Bayer Leverkusen,1995.0,28,7.038345864661654,80.5352798053528,16.0,3.0,59.0,34.0,411.0,14.0,9.0,2.0,3.0,207.0,100.0,32.0,10.0,2.0,20.0,22.0,6.0,2,0,0.7218045112781954,0.1353383458646616,2.661654135338346,1.5338345864661656,18.541353383458645,0.631578947368421,0.406015037593985,0.0902255639097744,0.1353383458646616,9.338345864661656,4.511278195488721,1.443609022556391,0.4511278195488721,0.0902255639097744,0.9022556390977444,0.9924812030075189,0.2706766917293233,0.0902255639097744,0.0,57.6271186440678,48.30917874396136,31.25,1
842,Nikola Vlašić,2025,F,135,Serie A,503,Torino,3053.0,37,6.954995086799869,83.80952380952381,8.0,3.0,36.0,17.0,1155.0,54.0,67.0,4.0,21.0,340.0,162.0,55.0,28.0,29.0,45.0,44.0,4.0,7,0,0.2358336062888961,0.088437602358336,1.0612512283000326,0.5011464133639043,34.04847690795938,1.5918768424500491,1.9751064526695052,0.117916803144448,0.6190632165083524,10.022928267278086,4.775630527350147,1.6213560432361611,0.8254176220111366,0.8548968227972485,1.326564035375041,1.297084834588929,0.117916803144448,0.2063544055027841,0.0,47.22222222222222,47.647058823529406,50.90909090909091,0
873,Federico Bernardeschi,2025,F,135,Serie A,500,Bologna,1222.0,29,7.056382978723404,87.22222222222223,4.0,2.0,30.0,13.0,540.0,30.0,7.0,2.0,7.0,109.0,48.0,49.0,24.0,3.0,11.0,13.0,2.0,3,0,0.2945990180032733,0.1472995090016366,2.20949263502455,0.9574468085106382,39.7708674304419,2.20949263502455,0.5155482815057283,0.1472995090016366,0.5155482815057283,8.027823240589198,3.53518821603928,3.608837970540098,1.76759410801964,0.220949263502455,0.8101472995090017,0.9574468085106382,0.1472995090016366,0.220949263502455,0.0,43.333333333333336,44.03669724770643,48.97959183673469,0
875,Paulo Dybala,2025,F,135,Serie A,497,AS Roma,1355.0,22,7.066715867158672,83.601756954612,2.0,6.0,29.0,18.0,683.0,55.0,10.0,1.0,4.0,170.0,78.0,54.0,19.0,8.0,40.0,11.0,3.0,0,0,0.1328413284132841,0.3985239852398524,1.92619926199262,1.1955719557195572,45.365313653136525,3.6531365313653135,0.6642066420664207,0.066420664206642,0.2656826568265683,11.29151291512915,5.180811808118081,3.586715867158672,1.2619926199261993,0.5313653136531366,2.656826568265682,0.7306273062730627,0.1992619926199262,0.0,0.0,62.06896551724138,45.88235294117647,35.18518518518518,0
877,Moise Kean,2025,F,135,Serie A,502,Fiorentina,2047.0,26,6.672594040058624,72.30046948356808,8.0,1.0,75.0,27.0,213.0,3.0,6.0,1.0,7.0,228.0,102.0,60.0,25.0,4.0,44.0,29.0,30.0,4,0,0.3517342452369321,0.0439667806546165,3.2975085490962384,1.1871030776746458,9.364924279433318,0.1319003419638495,0.263800683927699,0.0439667806546165,0.3077674645823156,10.024425989252563,4.484611626770884,2.638006839276991,1.0991695163654127,0.175867122618466,1.9345383488031265,1.2750366389838788,1.3190034196384954,0.175867122618466,0.0,36.0,44.73684210526316,41.66666666666667,1
910,Alexis Sánchez,2025,F,140,La Liga,536,Sevilla,1305.0,28,6.682222222222223,74.54954954954955,4.0,2.0,19.0,9.0,444.0,26.0,22.0,0.0,7.0,150.0,70.0,22.0,8.0,16.0,26.0,16.0,13.0,3,0,0.2758620689655172,0.1379310344827586,1.3103448275862069,0.6206896551724138,30.620689655172413,1.793103448275862,1.5172413793103448,0.0,0.4827586206896551,10.344827586206897,4.827586206896552,1.5172413793103448,0.5517241379310345,1.103448275862069,1.793103448275862,1.103448275862069,0.896551724137931,0.2068965517241379,0.0,47.368421052631575,46.66666666666666,36.36363636363637,0
931,Ferran Torres,2025,F,140,La Liga,529,Barcelona,1984.0,33,6.9125,75.58386411889597,16.0,2.0,58.0,37.0,471.0,23.0,7.0,1.0,4.0,137.0,61.0,27.0,10.0,8.0,20.0,13.0,12.0,2,0,0.7258064516129032,0.0907258064516129,2.631048387096774,1.6784274193548387,21.36592741935484,1.0433467741935485,0.3175403225806451,0.0453629032258064,0.1814516129032258,6.214717741935483,2.767137096774193,1.2247983870967742,0.4536290322580645,0.3629032258064516,0.907258064516129,0.5897177419354839,0.5443548387096774,0.0907258064516129,0.0,63.793103448275865,44.52554744525548,37.03703703703704,1
984,Julian Brandt,2025,F,78,Bundesliga,165,Borussia Dortmund,1627.0,29,7.024169741697418,80.89591567852437,7.0,4.0,33.0,18.0,759.0,30.0,14.0,0.0,5.0,130.0,60.0,34.0,18.0,8.0,5.0,8.0,7.0,0,0,0.3872157344806392,0.2212661339889367,1.825445605408728,0.995697602950215,41.985248924400736,1.659496004917025,0.7744314689612785,0.0,0.2765826674861708,7.191149354640443,3.31899200983405,1.8807621389059617,0.995697602950215,0.4425322679778734,0.2765826674861708,0.4425322679778734,0.3872157344806392,0.0,0.0,54.54545454545454,46.15384615384615,52.94117647058824,0
1100,Erling Haaland,2025,F,39,Premier League,50,Manchester City,2958.0,35,7.325388776200135,65.78947368421053,27.0,8.0,102.0,59.0,380.0,25.0,15.0,1.0,5.0,240.0,129.0,31.0,16.0,6.0,25.0,24.0,5.0,2,0,0.821501014198783,0.2434077079107505,3.103448275862069,1.7951318458417849,11.561866125760648,0.7606490872210954,0.4563894523326572,0.0304259634888438,0.152129817444219,7.302231237322515,3.924949290060852,0.9432048681541582,0.486815415821501,0.1825557809330628,0.7606490872210954,0.7302231237322515,0.152129817444219,0.0608519269776876,0.0,57.84313725490197,53.75,51.61290322580645,1
1124,Oliver Burke,2025,F,78,Bundesliga,182,Union Berlin,1691.0,29,6.859053254437869,72.3342939481268,6.0,2.0,28.0,15.0,348.0,22.0,12.0,2.0,5.0,159.0,61.0,35.0,11.0,10.0,8.0,10.0,8.0,4,0,0.319337670017741,0.1064458900059136,1.4902424600827917,0.7983441750443524,18.521584861028977,1.1709047900650502,0.638675340035482,0.1064458900059136,0.2661147250147841,8.462448255470136,3.2465996451803667,1.862803075103489,0.5854523950325251,0.5322294500295683,0.4257835600236547,0.5322294500295683,0.4257835600236547,0.2128917800118273,0.0,53.57142857142857,38.36477987421384,31.428571428571427,1
1135,Odsonne Édouard,2025,F,61,Ligue 1,116,Lens,1826.0,30,6.975301204819278,80.20833333333334,12.0,3.0,49.0,31.0,288.0,20.0,11.0,4.0,3.0,195.0,71.0,40.0,16.0,14.0,18.0,21.0,12.0,1,0,0.5914567360350492,0.1478641840087623,2.415115005476451,1.5279299014238774,14.194961664841184,0.9857612267250822,0.5421686746987953,0.1971522453450164,0.1478641840087623,9.61117196056955,3.499452354874041,1.9715224534501643,0.7886089813800657,0.6900328587075575,0.887185104052574,1.0350492880613362,0.5914567360350492,0.0492880613362541,0.0,63.26530612244898,36.41025641025641,40.0,1
1165,Matheus Cunha,2025,F,39,Premier League,33,Manchester United,2503.0,33,7.130043947263284,80.45454545454545,10.0,2.0,58.0,35.0,880.0,35.0,39.0,3.0,21.0,353.0,164.0,91.0,44.0,18.0,54.0,27.0,2.0,4,0,0.3595685177786655,0.0719137035557331,2.0854974031162605,1.2584898122253296,31.642029564522574,1.2584898122253296,1.402317219336796,0.1078705553335996,0.7550938873351977,12.692768677586896,5.896923691570116,3.272073511785857,1.5821014782261285,0.6472233320015981,1.941669996004794,0.970834998002397,0.0719137035557331,0.1438274071114662,0.0,60.3448275862069,46.45892351274787,48.35164835164835,0
1460,Bukayo Saka,2025,F,39,Premier League,42,Arsenal,2225.0,31,7.223685393258427,76.71410090556274,7.0,5.0,47.0,27.0,773.0,63.0,41.0,1.0,16.0,326.0,167.0,101.0,50.0,16.0,54.0,33.0,14.0,2,0,0.2831460674157303,0.2022471910112359,1.9011235955056176,1.0921348314606742,31.26741573033708,2.548314606741573,1.658426966292135,0.0404494382022471,0.6471910112359551,13.186516853932584,6.755056179775281,4.085393258426967,2.02247191011236,0.6471910112359551,2.1842696629213485,1.3348314606741574,0.5662921348314607,0.0808988764044943,0.0,57.44680851063831,51.22699386503068,49.50495049504951,0
1465,Pierre-Emerick Aubameyang,2025,F,61,Ligue 1,81,Marseille,2046.0,30,6.991544477028348,81.48984198645599,10.0,5.0,53.0,34.0,443.0,26.0,8.0,0.0,5.0,121.0,48.0,20.0,11.0,10.0,16.0,19.0,9.0,1,0,0.4398826979472141,0.219941348973607,2.3313782991202348,1.495601173020528,19.486803519061585,1.1436950146627567,0.3519061583577713,0.0,0.219941348973607,5.322580645161291,2.1114369501466275,0.8797653958944281,0.4838709677419355,0.4398826979472141,0.7038123167155426,0.8357771260997068,0.3958944281524927,0.0439882697947214,0.0,64.15094339622641,39.66942148760331,55.00000000000001,1
1469,Danny Welbeck,2025,F,39,Premier League,51,Brighton,2268.0,37,6.670767195767195,79.42386831275721,13.0,1.0,46.0,28.0,486.0,20.0,24.0,0.0,9.0,178.0,64.0,27.0,11.0,13.0,10.0,30.0,5.0,5,0,0.5158730158730158,0.0396825396825396,1.8253968253968251,1.1111111111111112,19.285714285714285,0.7936507936507936,0.9523809523809524,0.0,0.3571428571428571,7.063492063492063,2.5396825396825395,1.0714285714285714,0.4365079365079365,0.5158730158730158,0.3968253968253968,1.1904761904761905,0.1984126984126984,0.1984126984126984,0.0,60.86956521739131,35.95505617977528,40.74074074074074,1
1672,Danel Sinani,2025,F,78,Bundesliga,186,FC St. Pauli,2068.0,30,6.737366892545983,74.21383647798741,5.0,3.0,34.0,18.0,954.0,47.0,25.0,1.0,7.0,217.0,75.0,31.0,12.0,10.0,27.0,39.0,10.0,4,0,0.2176015473887814,0.1305609284332688,1.4796905222437136,0.7833655705996132,41.5183752417795,2.0454545454545454,1.0880077369439072,0.0435203094777562,0.304642166344294,9.443907156673111,3.2640232108317213,1.3491295938104448,0.5222437137330754,0.4352030947775629,1.1750483558994198,1.6972920696324951,0.4352030947775629,0.1740812379110251,0.0,52.94117647058824,34.56221198156682,38.70967741935484,0
1707,Gerard Moreno,2025,F,140,La Liga,533,Villarreal,1350.0,22,7.269111111111109,79.18871252204586,10.0,0.0,27.0,16.0,567.0,23.0,15.0,1.0,4.0,147.0,66.0,30.0,16.0,18.0,16.0,14.0,6.0,0,0,0.6666666666666667,0.0,1.8,1.0666666666666669,37.8,1.5333333333333334,1.0,0.0666666666666666,0.2666666666666666,9.8,4.4,2.0,1.0666666666666669,1.2000000000000002,1.0666666666666669,0.9333333333333332,0.4,0.0,0.0,59.25925925925925,44.89795918367347,53.333333333333336,0
1863,Ciro Immobile,2025,F,61,Ligue 1,114,Paris FC,902.0,18,6.6127494456762745,69.7560975609756,2.0,2.0,13.0,5.0,205.0,10.0,1.0,3.0,1.0,81.0,25.0,7.0,3.0,3.0,9.0,16.0,14.0,3,0,0.1995565410199556,0.1995565410199556,1.2971175166297118,0.4988913525498892,20.454545454545453,0.9977827050997784,0.0997782705099778,0.2993348115299334,0.0997782705099778,8.082039911308204,2.494456762749446,0.6984478935698448,0.2993348115299334,0.2993348115299334,0.8980044345898004,1.5964523281596452,1.3968957871396896,0.2993348115299334,0.0,38.46153846153847,30.8641975308642,42.85714285714285,1
1922,Florian Thauvin,2025,F,61,Ligue 1,116,Lens,2460.0,33,7.24260162601626,78.99382171226831,11.0,6.0,56.0,27.0,1133.0,80.0,25.0,2.0,10.0,297.0,120.0,116.0,50.0,20.0,34.0,19.0,8.0,6,0,0.4024390243902439,0.2195121951219512,2.048780487804878,0.9878048780487804,41.45121951219512,2.9268292682926838,0.9146341463414632,0.073170731707317,0.3658536585365854,10.865853658536585,4.390243902439025,4.243902439024391,1.829268292682927,0.7317073170731708,1.2439024390243902,0.6951219512195123,0.2926829268292683,0.2195121951219512,0.0,48.21428571428572,40.4040404040404,43.103448275862064,0
1945,Ally Samatta,2025,F,61,Ligue 1,111,Le Havre,1550.0,27,6.534064516129032,72.34848484848484,2.0,1.0,35.0,16.0,264.0,18.0,11.0,0.0,4.0,218.0,81.0,26.0,12.0,9.0,20.0,35.0,9.0,4,0,0.1161290322580645,0.0580645161290322,2.032258064516129,0.9290322580645162,15.329032258064515,1.0451612903225806,0.6387096774193549,0.0,0.232258064516129,12.658064516129032,4.703225806451613,1.5096774193548386,0.6967741935483871,0.5225806451612903,1.1612903225806452,2.032258064516129,0.5225806451612903,0.232258064516129,0.0,45.71428571428572,37.15596330275229,46.15384615384615,1
1946,Leandro Trossard,2025,F,39,Premier League,42,Arsenal,2006.0,31,7.056380857427716,77.01453104359312,6.0,6.0,35.0,15.0,757.0,36.0,27.0,3.0,9.0,209.0,96.0,56.0,25.0,18.0,39.0,13.0,5.0,2,0,0.2691924227318046,0.2691924227318046,1.5702891326021933,0.6729810568295115,33.96311066799601,1.6151545363908275,1.2113659022931205,0.1345962113659023,0.4037886340977069,9.376869391824526,4.307078763708874,2.5124626121635094,1.1216350947158524,0.8075772681954139,1.74975074775673,0.5832502492522433,0.2243270189431705,0.0897308075772681,0.0,42.85714285714285,45.93301435406698,44.642857142857146,0
2032,Jørgen Strand Larsen,2025,F,39,Premier League,52,Crystal Palace,2316.0,36,6.425388601036269,64.50304259634888,4.0,1.0,34.0,14.0,493.0,10.0,9.0,7.0,4.0,352.0,121.0,27.0,11.0,14.0,21.0,52.0,10.0,4,0,0.155440414507772,0.038860103626943,1.3212435233160622,0.5440414507772021,19.1580310880829,0.38860103626943,0.349740932642487,0.272020725388601,0.155440414507772,13.678756476683938,4.702072538860104,1.049222797927461,0.4274611398963731,0.5440414507772021,0.816062176165803,2.0207253886010363,0.38860103626943,0.155440414507772,0.0,41.17647058823529,34.375,40.74074074074074,1
2063,André Silva,2025,F,140,La Liga,797,Elche,1859.0,31,6.840527448869753,79.22606924643586,10.0,0.0,42.0,29.0,496.0,22.0,14.0,1.0,5.0,227.0,87.0,34.0,14.0,16.0,34.0,24.0,6.0,3,0,0.4841312533620225,0.0,2.033351264120495,1.4039806347498656,24.01291016675632,1.0650887573964496,0.6777837547068316,0.0484131253362022,0.2420656266810112,10.989779451317911,4.2119419042495965,1.6460462614308766,0.6777837547068316,0.7746100053792361,1.6460462614308766,1.1619150080688545,0.2904787520172135,0.1452393760086067,0.0,69.04761904761905,38.32599118942731,41.17647058823529,1
2215,Armand Laurienté,2025,F,135,Serie A,488,Sassuolo,2614.0,38,7.033282325937261,84.64373464373465,7.0,9.0,53.0,26.0,814.0,54.0,28.0,1.0,7.0,285.0,111.0,80.0,29.0,11.0,47.0,42.0,18.0,4,0,0.2410099464422341,0.3098699311400152,1.8247895944912007,0.8951798010711552,28.02601377199694,1.859219586840092,0.9640397857689365,0.0344299923488905,0.2410099464422341,9.812547819433815,3.821729150726856,2.7543993879112474,0.9984697781178272,0.3787299158377964,1.618209640397858,1.4460596786534046,0.6197398622800305,0.1377199693955623,0.0,49.0566037735849,38.94736842105263,36.25,0
2218,Ismaïla Sarr,2025,F,39,Premier League,52,Crystal Palace,2176.0,28,6.884650735294118,71.30801687763713,9.0,1.0,37.0,21.0,474.0,19.0,18.0,4.0,8.0,241.0,95.0,31.0,11.0,10.0,42.0,12.0,14.0,2,0,0.3722426470588235,0.041360294117647,1.5303308823529411,0.8685661764705883,19.604779411764707,0.7858455882352942,0.7444852941176471,0.1654411764705882,0.3308823529411764,9.96783088235294,3.929227941176471,1.2821691176470589,0.4549632352941177,0.4136029411764706,1.7371323529411766,0.4963235294117647,0.5790441176470588,0.0827205882352941,0.0,56.75675675675676,39.41908713692946,35.483870967741936,1
2295,Olivier Giroud,2025,F,61,Ligue 1,79,Lille,1623.0,30,6.602341343191622,68.23529411764706,7.0,1.0,36.0,16.0,340.0,19.0,11.0,5.0,4.0,180.0,94.0,5.0,3.0,8.0,31.0,27.0,8.0,2,0,0.388170055452865,0.055452865064695,1.9963031423290205,0.8872458410351202,18.853974121996306,1.0536044362292052,0.6099815157116452,0.277264325323475,0.22181146025878,9.981515711645102,5.212569316081331,0.277264325323475,0.166358595194085,0.4436229205175601,1.7190388170055453,1.497227356746765,0.4436229205175601,0.11090573012939,0.0,44.44444444444444,52.22222222222223,60.0,1
2299,Pedro,2025,F,135,Serie A,487,Lazio,993.0,29,6.872205438066466,87.47390396659708,5.0,2.0,18.0,11.0,482.0,20.0,11.0,0.0,4.0,97.0,50.0,25.0,13.0,11.0,26.0,10.0,0.0,4,0,0.4531722054380664,0.1812688821752265,1.6314199395770397,0.9969788519637462,43.685800604229605,1.8126888217522656,0.9969788519637462,0.0,0.3625377643504531,8.791540785498489,4.531722054380665,2.2658610271903323,1.178247734138973,0.9969788519637462,2.356495468277946,0.9063444108761328,0.0,0.3625377643504531,0.0,61.11111111111112,51.546391752577314,52.0,0
2413,Richarlison,2025,F,39,Premier League,47,Tottenham,1957.0,32,6.950587634133878,62.65822784810127,11.0,4.0,47.0,26.0,319.0,20.0,27.0,3.0,5.0,326.0,138.0,31.0,12.0,12.0,33.0,23.0,10.0,5,0,0.5058763413387838,0.1839550332141032,2.1614716402657126,1.195707715891671,14.670413898824732,0.919775166070516,1.2416964741951968,0.1379662749105774,0.229943791517629,14.992335206949411,6.346448645886562,1.4256515074093,0.5518650996423097,0.5518650996423097,1.5176290240163517,1.0577414409810937,0.459887583035258,0.229943791517629,0.0,55.319148936170215,42.331288343558285,38.70967741935484,1
2461,Salomón Rondón,2025,F,140,La Liga,718,Oviedo,1037.0,16,6.57907425265188,71.84466019417476,2.0,0.0,20.0,5.0,206.0,5.0,3.0,1.0,1.0,160.0,77.0,19.0,9.0,2.0,21.0,11.0,12.0,2,0,0.1735776277724204,0.0,1.7357762777242045,0.4339440694310511,17.878495660559306,0.4339440694310511,0.2603664416586307,0.0867888138862102,0.0867888138862102,13.886210221793636,6.682738669238187,1.6489874638379944,0.781099324975892,0.1735776277724204,1.8225650916104144,0.9546769527483124,1.0414657666345228,0.1735776277724204,0.0,25.0,48.125,47.368421052631575,1
2495,Duván Zapata,2025,F,135,Serie A,503,Torino,1125.0,28,6.692266666666668,73.06122448979592,3.0,1.0,24.0,15.0,245.0,10.0,4.0,1.0,1.0,149.0,67.0,16.0,6.0,3.0,24.0,15.0,7.0,0,0,0.24,0.08,1.92,1.2000000000000002,19.6,0.8,0.32,0.08,0.08,11.92,5.36,1.28,0.48,0.24,1.92,1.2000000000000002,0.5599999999999999,0.0,0.0,62.5,44.966442953020135,37.5,1
2522,Antonio Sanabria,2025,F,135,Serie A,520,Cremonese,940.0,25,6.433120340788072,82.85714285714286,1.0,1.0,8.0,4.0,175.0,6.0,2.0,0.0,1.0,121.0,53.0,9.0,7.0,3.0,15.0,15.0,6.0,2,0,0.0957446808510638,0.0957446808510638,0.7659574468085106,0.3829787234042553,16.75531914893617,0.5744680851063829,0.1914893617021276,0.0,0.0957446808510638,11.585106382978722,5.074468085106383,0.8617021276595744,0.6702127659574468,0.2872340425531914,1.4361702127659572,1.4361702127659572,0.5744680851063829,0.1914893617021276,0.0,50.0,43.80165289256198,77.77777777777779,1
2668,Mostafa Mohamed,2025,F,61,Ligue 1,83,Nantes,1171.0,24,6.659607173356106,62.56684491978609,4.0,0.0,28.0,8.0,190.0,9.0,10.0,3.0,8.0,200.0,89.0,19.0,3.0,6.0,27.0,18.0,4.0,1,0,0.3074295473953886,0.0,2.15200683176772,0.6148590947907772,14.602903501280956,0.6917164816396243,0.7685738684884713,0.2305721605465414,0.6148590947907772,15.371477369769428,6.840307429547395,1.4602903501280955,0.2305721605465414,0.4611443210930828,2.0751494449188725,1.3834329632792486,0.3074295473953886,0.0768573868488471,0.0,28.57142857142857,44.5,15.789473684210526,1
2710,Sofiane Boufal,2025,F,61,Ligue 1,111,Le Havre,1028.0,17,6.846498054474708,75.79250720461094,1.0,4.0,13.0,4.0,347.0,28.0,25.0,0.0,3.0,180.0,86.0,59.0,25.0,15.0,32.0,24.0,6.0,2,0,0.0875486381322957,0.3501945525291828,1.1381322957198443,0.3501945525291828,30.37937743190661,2.4513618677042803,2.188715953307393,0.0,0.2626459143968871,15.758754863813229,7.529182879377432,5.165369649805447,2.188715953307393,1.3132295719844358,2.801556420233463,2.1011673151750974,0.5252918287937743,0.1750972762645914,0.0,30.76923076923077,47.77777777777778,42.3728813559322,0
2799,Albert Guðmundsson,2025,F,135,Serie A,502,Fiorentina,2262.0,33,6.761980548187445,86.7699642431466,5.0,4.0,28.0,15.0,839.0,32.0,8.0,3.0,3.0,173.0,61.0,39.0,20.0,23.0,30.0,34.0,6.0,4,1,0.1989389920424403,0.1591511936339522,1.1140583554376655,0.596816976127321,33.38196286472149,1.273209549071618,0.3183023872679045,0.1193633952254641,0.1193633952254641,6.883289124668435,2.427055702917772,1.5517241379310345,0.7957559681697614,0.9151193633952256,1.193633952254642,1.3527851458885942,0.2387267904509283,0.1591511936339522,0.039787798408488,53.57142857142857,35.26011560693642,51.28205128205128,0
2887,Raúl Jiménez,2025,F,39,Premier League,36,Fulham,2207.0,36,6.698232895333032,63.63636363636363,9.0,3.0,53.0,19.0,518.0,25.0,34.0,3.0,8.0,389.0,163.0,28.0,11.0,19.0,34.0,46.0,19.0,5,0,0.3670140462165835,0.1223380154055278,2.1613049388309924,0.7748074309016764,21.12369732668781,1.0194834617127322,1.3864975079293158,0.1223380154055278,0.3262347077480743,15.863162664250115,6.647032170367013,1.1418214771182602,0.4485727231536021,0.7748074309016764,1.3864975079293158,1.8758495695514277,0.7748074309016764,0.2038966923425464,0.0,35.84905660377358,41.90231362467866,39.285714285714285,1
2939,Callum Wilson,2025,F,39,Premier League,48,West Ham,1262.0,32,6.621632329635499,68.02721088435374,7.0,1.0,28.0,16.0,155.0,8.0,4.0,2.0,3.0,148.0,50.0,27.0,13.0,5.0,14.0,12.0,9.0,1,0,0.4992076069730586,0.0713153724247226,1.9968304278922344,1.1410459587955626,11.053882725832011,0.5705229793977813,0.2852614896988906,0.1426307448494453,0.2139461172741679,10.554675118858954,3.565768621236133,1.925515055467512,0.9270998415213948,0.3565768621236133,0.9984152139461172,0.8557844690966719,0.641838351822504,0.0713153724247226,0.0,57.14285714285714,33.78378378378378,48.14814814814815,1
3430,Caleb Ekuban,2025,F,135,Serie A,495,Genoa,986.0,31,6.498580121703855,70.46979865771812,4.0,1.0,24.0,10.0,153.0,11.0,4.0,1.0,5.0,140.0,64.0,24.0,8.0,2.0,29.0,16.0,6.0,0,0,0.3651115618661257,0.0912778904665314,2.1906693711967544,0.9127789046653144,13.965517241379311,1.0040567951318458,0.3651115618661257,0.0912778904665314,0.4563894523326572,12.778904665314402,5.841784989858012,2.1906693711967544,0.7302231237322515,0.1825557809330628,2.647058823529412,1.460446247464503,0.5476673427991886,0.0,0.0,41.66666666666667,45.71428571428572,33.33333333333333,1
6009,Julián Alvarez,2025,F,140,La Liga,530,Atletico Madrid,1902.0,29,7.052944269190325,83.45428156748912,8.0,4.0,44.0,26.0,689.0,47.0,21.0,0.0,3.0,174.0,69.0,52.0,25.0,15.0,18.0,14.0,2.0,2,0,0.3785488958990536,0.1892744479495268,2.082018927444795,1.2302839116719242,32.602523659305994,2.22397476340694,0.9936908517350158,0.0,0.1419558359621451,8.233438485804417,3.2649842271293377,2.4605678233438484,1.1829652996845426,0.7097791798107255,0.8517350157728707,0.6624605678233438,0.0946372239747634,0.0946372239747634,0.0,59.09090909090909,39.6551724137931,48.07692307692308,0
6010,Lucas Beltrán,2025,F,140,La Liga,532,Valencia,1366.0,27,6.594948755490484,78.26086956521739,1.0,2.0,22.0,9.0,391.0,13.0,22.0,1.0,4.0,226.0,102.0,29.0,16.0,8.0,39.0,26.0,4.0,1,0,0.0658857979502196,0.1317715959004392,1.4494875549048316,0.5929721815519766,25.76134699853587,0.8565153733528551,1.4494875549048316,0.0658857979502196,0.2635431918008785,14.890190336749637,6.720351390922401,1.910688140556369,1.054172767203514,0.527086383601757,2.569546120058565,1.7130307467057102,0.2635431918008785,0.0658857979502196,0.0,40.909090909090914,45.13274336283185,55.172413793103445,1
6490,Luis Vázquez,2025,F,140,La Liga,546,Getafe,1204.0,17,6.647342192691029,57.28155339805825,3.0,1.0,20.0,9.0,206.0,4.0,5.0,1.0,4.0,189.0,85.0,14.0,4.0,3.0,32.0,21.0,17.0,2,0,0.2242524916943521,0.074750830564784,1.495016611295681,0.6727574750830565,15.398671096345517,0.2990033222591362,0.3737541528239202,0.074750830564784,0.2990033222591362,14.127906976744184,6.353820598006645,1.0465116279069768,0.2990033222591362,0.2242524916943521,2.39202657807309,1.569767441860465,1.2707641196013288,0.1495016611295681,0.0,45.0,44.97354497354497,28.57142857142857,1
7073,Marco Grüll,2025,F,78,Bundesliga,162,Werder Bremen,2020.0,33,6.777673267326732,77.1103896103896,3.0,1.0,29.0,13.0,616.0,33.0,38.0,7.0,15.0,230.0,101.0,43.0,21.0,20.0,27.0,33.0,2.0,5,0,0.1336633663366336,0.0445544554455445,1.292079207920792,0.5792079207920792,27.445544554455445,1.4702970297029705,1.693069306930693,0.3118811881188119,0.6683168316831682,10.247524752475249,4.5,1.915841584158416,0.9356435643564356,0.8910891089108911,1.202970297029703,1.4702970297029705,0.0891089108910891,0.2227722772277227,0.0,44.82758620689656,43.91304347826088,48.837209302325576,0
7334,Karim Adeyemi,2025,F,78,Bundesliga,165,Borussia Dortmund,1215.0,28,6.966363636363638,71.67235494880546,7.0,4.0,26.0,14.0,293.0,16.0,5.0,0.0,8.0,168.0,64.0,74.0,27.0,9.0,25.0,21.0,5.0,5,0,0.5185185185185186,0.2962962962962963,1.925925925925926,1.0370370370370372,21.703703703703702,1.1851851851851851,0.3703703703703704,0.0,0.5925925925925926,12.444444444444445,4.7407407407407405,5.481481481481482,2.0,0.6666666666666667,1.851851851851852,1.5555555555555554,0.3703703703703704,0.3703703703703704,0.0,53.84615384615385,38.095238095238095,36.48648648648648,0
8483,Jean-Luc Dompé,2025,F,78,Bundesliga,175,Hamburger SV,1136.0,20,7.168722466960352,80.8362369337979,3.0,0.0,21.0,12.0,287.0,33.0,5.0,0.0,0.0,68.0,35.0,37.0,21.0,3.0,9.0,2.0,4.0,0,0,0.2376760563380281,0.0,1.6637323943661972,0.9507042253521126,22.73767605633803,2.61443661971831,0.3961267605633803,0.0,0.0,5.387323943661971,2.772887323943662,2.931338028169014,1.6637323943661972,0.2376760563380281,0.7130281690140845,0.1584507042253521,0.3169014084507042,0.0,0.0,57.14285714285714,51.47058823529412,56.75675675675676,0
8489,Jonathan David,2025,F,135,Serie A,496,Juventus,1795.0,35,6.4140625,78.96749521988528,6.0,4.0,30.0,16.0,524.0,33.0,17.0,0.0,5.0,193.0,66.0,25.0,6.0,10.0,26.0,30.0,11.0,0,0,0.3008356545961003,0.2005571030640668,1.5041782729805016,0.8022284122562674,26.27298050139276,1.6545961002785516,0.8523676880222841,0.0,0.2506963788300835,9.676880222841223,3.3091922005571037,1.2534818941504178,0.3008356545961003,0.5013927576601671,1.3036211699164344,1.5041782729805016,0.5515320334261838,0.0,0.0,53.333333333333336,34.196891191709845,24.0,0
8492,Alexander Sørloth,2025,F,140,La Liga,530,Atletico Madrid,1981.0,35,6.984048460373549,67.9245283018868,13.0,0.0,55.0,35.0,424.0,10.0,14.0,2.0,0.0,283.0,135.0,28.0,11.0,6.0,16.0,30.0,11.0,4,1,0.5906108026249369,0.0,2.498738011105502,1.5901060070671378,19.262998485613327,0.4543160020191822,0.6360424028268551,0.0908632004038364,0.0,12.857142857142856,6.133266027258959,1.2720848056537102,0.4997476022211004,0.2725896012115093,0.7269056032306915,1.3629480060575467,0.4997476022211004,0.1817264008076728,0.0454316002019182,63.63636363636363,47.70318021201413,39.285714285714285,1
9366,Igor Jesus,2025,F,39,Premier League,65,Nottingham Forest,2320.0,37,6.606508620689654,72.70742358078603,6.0,4.0,39.0,21.0,458.0,15.0,24.0,5.0,3.0,395.0,155.0,39.0,11.0,8.0,40.0,42.0,11.0,2,0,0.2327586206896551,0.1551724137931034,1.5129310344827585,0.8146551724137931,17.767241379310345,0.5818965517241379,0.9310344827586208,0.1939655172413793,0.1163793103448275,15.323275862068964,6.012931034482758,1.5129310344827585,0.4267241379310345,0.3103448275862069,1.5517241379310345,1.6293103448275863,0.4267241379310345,0.0775862068965517,0.0,53.84615384615385,39.24050632911392,28.205128205128204,1
10329,João Pedro,2025,F,39,Premier League,49,Chelsea,2674.0,35,7.116192969334329,75.32467532467533,15.0,5.0,52.0,28.0,693.0,29.0,27.0,5.0,7.0,405.0,196.0,77.0,40.0,4.0,56.0,38.0,16.0,5,0,0.5048616305160808,0.1682872101720269,1.75018698578908,0.9424083769633508,23.324607329842934,0.976065818997756,0.9087509349289454,0.1682872101720269,0.2356020942408377,13.63126402393418,6.596858638743455,2.5916230366492146,1.3462976813762153,0.1346297681376215,1.8848167539267016,1.2789827973074046,0.5385190725504861,0.1682872101720269,0.0,53.84615384615385,48.39506172839506,51.94805194805194,1
13708,Jhon Arias,2025,F,39,Premier League,39,Wolves,1121.0,23,6.729196428571429,89.44723618090453,1.0,0.0,10.0,3.0,398.0,11.0,43.0,2.0,8.0,165.0,70.0,20.0,8.0,14.0,9.0,25.0,3.0,1,0,0.0802854594112399,0.0,0.8028545941123997,0.2408563782337199,31.953612845673508,0.8831400535236397,3.452274754683318,0.1605709188224799,0.6422836752899197,13.247100802854597,5.619982158786797,1.6057091882247994,0.6422836752899197,1.1239964317573594,0.7225691347011597,2.007136485280999,0.2408563782337199,0.0802854594112399,0.0,30.0,42.42424242424242,40.0,1
18766,Dominic Calvert-Lewin,2025,F,39,Premier League,63,Leeds,2726.0,35,6.736280264123257,58.60566448801743,14.0,1.0,66.0,34.0,460.0,20.0,10.0,9.0,4.0,466.0,184.0,30.0,8.0,4.0,38.0,45.0,26.0,3,0,0.4622157006603081,0.033015407190022,2.1790168745414524,1.1225238444607484,15.187087307410124,0.6603081438004402,0.3301540719002201,0.2971386647101981,0.132061628760088,15.385179750550256,6.074834922964049,0.9904622157006604,0.264123257520176,0.132061628760088,1.2545854732208364,1.4856933235509904,0.8584005869405723,0.099046221570066,0.0,51.51515151515152,39.48497854077253,26.666666666666668,1
18767,Ademola Lookman,2025,F,135,Serie A,530,Atletico Madrid,1419.0,24,6.861935028248589,81.08747044917257,6.0,0.0,28.0,13.0,423.0,28.0,10.0,0.0,4.0,128.0,55.0,44.0,23.0,4.0,18.0,17.0,11.0,1,0,0.3805496828752643,0.0,1.7758985200845665,0.824524312896406,26.82875264270613,1.7758985200845665,0.6342494714587739,0.0,0.2536997885835095,8.118393234672304,3.488372093023256,2.7906976744186047,1.4587737843551796,0.2536997885835095,1.1416490486257929,1.0782241014799154,0.6976744186046512,0.0634249471458773,0.0,46.42857142857143,42.96875,52.27272727272727,0
18778,Harvey Barnes,2025,F,39,Premier League,34,Newcastle,1961.0,37,6.833265306122449,80.68376068376068,7.0,1.0,39.0,21.0,585.0,24.0,13.0,1.0,3.0,156.0,56.0,45.0,13.0,14.0,23.0,17.0,3.0,1,0,0.3212646608873024,0.0458949515553289,1.7899031106578276,0.9637939826619072,26.848546659867417,1.101478837327894,0.5966343702192759,0.0458949515553289,0.1376848546659867,7.15961244263131,2.570117287098419,2.065272819989801,0.5966343702192759,0.6425293217746048,1.055583885772565,0.7802141764405917,0.1376848546659867,0.0458949515553289,0.0,53.84615384615385,35.8974358974359,28.88888888888889,1
18788,Jamie Vardy,2025,F,135,Serie A,520,Cremonese,2107.0,29,6.708827717133364,62.37623762376238,7.0,2.0,22.0,14.0,303.0,15.0,12.0,3.0,3.0,214.0,87.0,15.0,6.0,4.0,21.0,19.0,23.0,5,0,0.2990033222591362,0.0854295206454675,0.9397247271001424,0.5980066445182725,12.942572377788323,0.6407214048410061,0.512577123872805,0.1281442809682012,0.1281442809682012,9.14095870906502,3.716184148077836,0.6407214048410061,0.2562885619364025,0.170859041290935,0.8970099667774086,0.8115804461319411,0.982439487422876,0.2135738016136687,0.0,63.63636363636363,40.65420560747664,40.0,1
18883,Dominic Solanke,2025,F,39,Premier League,47,Tottenham,1000.0,15,6.932300000000001,74.0506329113924,3.0,0.0,14.0,11.0,158.0,6.0,22.0,2.0,3.0,145.0,61.0,24.0,11.0,5.0,9.0,12.0,3.0,1,0,0.27,0.0,1.26,0.99,14.22,0.54,1.98,0.18,0.27,13.05,5.49,2.16,0.99,0.45,0.8099999999999999,1.08,0.27,0.09,0.0,78.57142857142857,42.06896551724138,45.83333333333333,1
18906,Ayoze Pérez,2025,F,140,La Liga,533,Villarreal,1127.0,25,6.881987577639752,75.78125,5.0,4.0,17.0,11.0,256.0,16.0,22.0,0.0,4.0,179.0,72.0,39.0,13.0,8.0,23.0,17.0,5.0,4,0,0.3992901508429459,0.3194321206743567,1.3575865128660158,0.878438331854481,20.44365572315883,1.277728482697427,1.756876663708962,0.0,0.3194321206743567,14.29458740017746,5.74977817213842,3.114463176574977,1.0381543921916594,0.6388642413487134,1.8367346938775508,1.3575865128660158,0.3992901508429459,0.3194321206743567,0.0,64.70588235294117,40.22346368715084,33.33333333333333,1
18931,Chris Wood,2025,F,39,Premier League,65,Nottingham Forest,906.0,15,6.660816777041942,69.56521739130434,3.0,0.0,23.0,9.0,161.0,5.0,1.0,4.0,1.0,87.0,34.0,2.0,1.0,5.0,6.0,6.0,4.0,0,0,0.2980132450331126,0.0,2.2847682119205297,0.8940397350993378,15.993377483443709,0.4966887417218543,0.0993377483443708,0.3973509933774834,0.0993377483443708,8.642384105960266,3.377483443708609,0.1986754966887417,0.0993377483443708,0.4966887417218543,0.5960264900662252,0.5960264900662252,0.3973509933774834,0.0,0.0,39.130434782608695,39.08045977011494,50.0,1
18979,Viktor Gyökeres,2025,F,39,Premier League,42,Arsenal,2254.0,36,6.606166814551909,62.38244514106584,14.0,1.0,41.0,22.0,319.0,20.0,7.0,3.0,1.0,234.0,74.0,37.0,7.0,8.0,31.0,35.0,4.0,5,0,0.5590062111801242,0.0399290150842945,1.637089618456078,0.878438331854481,12.737355811889971,0.7985803016858918,0.2795031055900621,0.1197870452528837,0.0399290150842945,9.343389529724934,2.954747116237799,1.4773735581188996,0.2795031055900621,0.3194321206743567,1.2377994676131323,1.3975155279503106,0.1597160603371783,0.1996450754214729,0.0,53.65853658536586,31.62393162393162,18.91891891891892,1
19128,Jack Harrison,2025,F,135,Serie A,502,Fiorentina,1242.0,26,6.768573730862207,81.89134808853119,1.0,3.0,14.0,6.0,497.0,17.0,15.0,1.0,5.0,125.0,45.0,39.0,14.0,15.0,11.0,10.0,0.0,1,0,0.072463768115942,0.217391304347826,1.0144927536231885,0.4347826086956521,36.01449275362319,1.2318840579710144,1.0869565217391304,0.072463768115942,0.3623188405797101,9.057971014492754,3.260869565217392,2.8260869565217392,1.0144927536231885,1.0869565217391304,0.7971014492753623,0.7246376811594202,0.0,0.072463768115942,0.0,42.85714285714285,36.0,35.8974358974359,0
19163,Jacob Murphy,2025,F,39,Premier League,34,Newcastle,1627.0,33,6.787953288260602,73.49397590361446,3.0,2.0,28.0,13.0,499.0,23.0,16.0,4.0,6.0,139.0,56.0,40.0,20.0,25.0,13.0,9.0,5.0,2,0,0.1659496004917025,0.1106330669944683,1.548862937922557,0.7191149354640444,27.60295021511985,1.272280270436386,0.8850645359557467,0.2212661339889367,0.331899200983405,7.68899815611555,3.097725875845114,2.212661339889366,1.106330669944683,1.3829133374308542,0.7191149354640444,0.4978488014751075,0.2765826674861708,0.1106330669944683,0.0,46.42857142857143,40.28776978417266,50.0,0
19185,Keinan Davis,2025,F,135,Serie A,494,Udinese,2079.0,30,7.054882154882155,77.77777777777779,10.0,4.0,38.0,25.0,396.0,31.0,11.0,3.0,2.0,318.0,147.0,44.0,30.0,5.0,47.0,41.0,10.0,5,0,0.4329004329004329,0.1731601731601731,1.645021645021645,1.0822510822510822,17.142857142857142,1.341991341991342,0.4761904761904761,0.1298701298701298,0.0865800865800865,13.766233766233766,6.363636363636363,1.9047619047619049,1.2987012987012987,0.2164502164502164,2.034632034632035,1.774891774891775,0.4329004329004329,0.2164502164502164,0.0,65.78947368421053,46.22641509433962,68.18181818181817,1
19220,Mason Mount,2025,F,39,Premier League,33,Manchester United,1018.0,23,7.027854330708662,81.58508158508158,3.0,0.0,13.0,5.0,429.0,14.0,24.0,1.0,9.0,115.0,50.0,17.0,7.0,11.0,12.0,16.0,0.0,2,0,0.2652259332023575,0.0,1.149312377210216,0.4420432220039292,37.927308447937136,1.237721021611002,2.1218074656188604,0.0884086444007858,0.7956777996070726,10.166994106090373,4.4204322200392925,1.5029469548133596,0.618860510805501,0.9724950884086444,1.0609037328094302,1.4145383104125735,0.0,0.1768172888015717,0.0,38.46153846153847,43.47826086956522,41.17647058823529,0
19366,Ollie Watkins,2025,F,39,Premier League,66,Aston Villa,2852.0,37,6.876402524544179,72.74633123689728,16.0,3.0,60.0,38.0,477.0,23.0,22.0,2.0,6.0,283.0,116.0,56.0,26.0,4.0,32.0,35.0,24.0,4,0,0.5049088359046283,0.0946704067321178,1.893408134642356,1.1991584852734922,15.052594670406732,0.7258064516129032,0.6942496493688639,0.0631136044880785,0.1893408134642356,8.930575035063114,3.6605890603085554,1.767180925666199,0.820476858345021,0.126227208976157,1.0098176718092566,1.1044880785413744,0.7573632538569425,0.126227208976157,0.0,63.33333333333333,40.98939929328622,46.42857142857143,1
19461,Lukas Nmecha,2025,F,39,Premier League,63,Leeds,1092.0,31,6.731221303948577,68.42105263157895,6.0,1.0,25.0,16.0,217.0,11.0,12.0,1.0,3.0,159.0,67.0,13.0,7.0,4.0,18.0,18.0,3.0,0,0,0.4945054945054945,0.0824175824175824,2.06043956043956,1.3186813186813189,17.884615384615383,0.9065934065934068,0.989010989010989,0.0824175824175824,0.2472527472527472,13.104395604395606,5.521978021978022,1.0714285714285714,0.5769230769230769,0.3296703296703296,1.4835164835164836,1.4835164835164836,0.2472527472527472,0.0,0.0,64.0,42.138364779874216,53.84615384615385,1
19484,Adam Armstrong,2025,F,39,Premier League,39,Wolves,1146.0,14,6.557766143106458,71.03448275862068,2.0,2.0,12.0,6.0,149.0,6.0,8.0,1.0,2.0,74.0,30.0,18.0,10.0,3.0,3.0,12.0,6.0,3,0,0.1570680628272251,0.1570680628272251,0.9424083769633508,0.4712041884816754,11.701570680628272,0.4712041884816754,0.6282722513089005,0.0785340314136125,0.1570680628272251,5.811518324607329,2.356020942408377,1.413612565445026,0.7853403141361257,0.2356020942408377,0.2356020942408377,0.9424083769633508,0.4712041884816754,0.2356020942408377,0.0,50.0,40.54054054054054,55.55555555555556,1
19524,Che Adams,2025,F,135,Serie A,503,Torino,1896.0,33,6.726582278481013,75.14018691588785,6.0,2.0,35.0,18.0,535.0,26.0,14.0,1.0,1.0,177.0,72.0,28.0,13.0,6.0,15.0,18.0,9.0,0,0,0.2848101265822785,0.0949367088607594,1.6613924050632911,0.8544303797468354,25.39556962025317,1.2341772151898736,0.6645569620253164,0.0474683544303797,0.0474683544303797,8.401898734177214,3.4177215189873418,1.3291139240506329,0.6170886075949368,0.2848101265822785,0.7120253164556962,0.8544303797468354,0.4272151898734177,0.0,0.0,51.42857142857142,40.67796610169492,46.42857142857143,1
19625,Danny Namaso,2025,F,61,Ligue 1,108,Auxerre,2525.0,30,6.690930693069307,84.06827880512091,3.0,3.0,40.0,17.0,703.0,32.0,35.0,2.0,10.0,403.0,161.0,86.0,33.0,12.0,47.0,64.0,4.0,9,0,0.1069306930693069,0.1069306930693069,1.4257425742574257,0.6059405940594059,25.05742574257426,1.1405940594059407,1.2475247524752475,0.0712871287128713,0.3564356435643564,14.364356435643565,5.738613861386138,3.0653465346534654,1.1762376237623762,0.4277227722772277,1.6752475247524752,2.281188118811881,0.1425742574257426,0.3207920792079208,0.0,42.5,39.950372208436725,38.372093023255815,1
20534,Cheick Tidiane Sabaly,2025,F,61,Ligue 1,112,Metz,976.0,14,6.631557377049181,76.75438596491229,0.0,2.0,7.0,4.0,229.0,10.0,18.0,3.0,5.0,130.0,50.0,34.0,14.0,9.0,16.0,14.0,5.0,2,0,0.0,0.1844262295081967,0.6454918032786885,0.3688524590163934,21.11680327868853,0.9221311475409836,1.6598360655737705,0.2766393442622951,0.4610655737704918,11.987704918032788,4.610655737704918,3.135245901639344,1.290983606557377,0.8299180327868853,1.475409836065574,1.290983606557377,0.4610655737704918,0.1844262295081967,0.0,57.14285714285714,38.46153846153847,41.17647058823529,1
20535,Habibou Diallo,2025,F,61,Ligue 1,112,Metz,1910.0,25,6.768638743455497,66.66666666666666,4.0,1.0,28.0,12.0,267.0,12.0,9.0,4.0,2.0,261.0,123.0,26.0,13.0,3.0,29.0,27.0,11.0,0,0,0.1884816753926702,0.0471204188481675,1.3193717277486912,0.5654450261780105,12.581151832460732,0.5654450261780105,0.4240837696335078,0.1884816753926702,0.0942408376963351,12.298429319371726,5.795811518324608,1.225130890052356,0.6125654450261779,0.1413612565445026,1.3664921465968587,1.2722513089005236,0.5183246073298429,0.0,0.0,42.85714285714285,47.12643678160919,50.0,1
20589,Bryan Mbeumo,2025,F,39,Premier League,33,Manchester United,2621.0,33,6.861159862647845,79.02010050251256,11.0,3.0,59.0,32.0,796.0,47.0,25.0,1.0,8.0,265.0,86.0,54.0,18.0,14.0,28.0,23.0,7.0,4,0,0.3777184280808851,0.1030141167493323,2.0259442960702025,1.0988172453262115,27.333078977489507,1.6138878290728729,0.8584509729111025,0.0343380389164441,0.2747043113315529,9.099580312857688,2.953071346814193,1.8542541014879816,0.618084700495994,0.4807325448302175,0.961465089660435,0.7897748950782144,0.2403662724151087,0.1373521556657764,0.0,54.23728813559322,32.45283018867924,33.33333333333333,0
20634,Alexis Claude-Maurice,2025,F,78,Bundesliga,170,FC Augsburg,2107.0,29,6.98016136687233,84.40492476060192,5.0,4.0,58.0,26.0,731.0,33.0,41.0,1.0,8.0,306.0,144.0,82.0,44.0,18.0,42.0,23.0,1.0,3,0,0.2135738016136687,0.170859041290935,2.477456098718557,1.1105837683910773,31.22448979591837,1.4095870906502137,1.7513051732320837,0.0427147603227337,0.34171808258187,13.070716658756526,6.15092548647366,3.502610346464167,1.8794494542002849,0.7688656858092074,1.7940199335548173,0.982439487422876,0.0427147603227337,0.1281442809682012,0.0,44.82758620689656,47.05882352941176,53.65853658536586,0
20780,Mathias Pereira Lage,2025,F,78,Bundesliga,186,FC St. Pauli,2030.0,28,6.629113300492611,66.46090534979425,2.0,2.0,30.0,15.0,486.0,24.0,38.0,2.0,16.0,284.0,128.0,31.0,15.0,17.0,32.0,31.0,16.0,3,0,0.0886699507389162,0.0886699507389162,1.3300492610837438,0.6650246305418719,21.546798029556648,1.064039408866995,1.684729064039409,0.0886699507389162,0.70935960591133,12.591133004926109,5.67487684729064,1.374384236453202,0.6650246305418719,0.7536945812807881,1.41871921182266,1.374384236453202,0.70935960591133,0.1330049261083744,0.0,50.0,45.07042253521127,48.38709677419355,1
20784,Franck Honorat,2025,F,78,Bundesliga,163,Borussia Mönchengladbach,1987.0,28,6.935782586814293,74.39446366782006,2.0,6.0,11.0,5.0,578.0,45.0,22.0,4.0,6.0,148.0,57.0,50.0,17.0,11.0,6.0,12.0,10.0,0,0,0.0905888273779567,0.2717664821338701,0.498238550578762,0.2264720684448918,26.18017111222949,2.0382486160040263,0.996477101157524,0.1811776547559134,0.2717664821338701,6.703573225968797,2.5817815802717665,2.264720684448918,0.7700050327126321,0.498238550578762,0.2717664821338701,0.5435329642677403,0.4529441368897836,0.0,0.0,45.45454545454545,38.51351351351352,34.0,0
20817,Goduine Koyalipou,2025,F,61,Ligue 1,77,Angers,914.0,24,6.490889132821077,70.05649717514125,3.0,1.0,23.0,13.0,178.0,6.0,7.0,0.0,3.0,124.0,49.0,32.0,15.0,1.0,6.0,6.0,8.0,1,0,0.2954048140043763,0.0984682713347921,2.264770240700219,1.2800875273522976,17.527352297592998,0.5908096280087527,0.6892778993435449,0.0,0.2954048140043763,12.210065645514224,4.824945295404814,3.150984682713348,1.4770240700218815,0.0984682713347921,0.5908096280087527,0.5908096280087527,0.787746170678337,0.0984682713347921,0.0,56.52173913043478,39.516129032258064,46.875,1
20959,Matteo Tramoni,2025,F,135,Serie A,801,Pisa,1615.0,27,6.836594427244584,71.900826446281,2.0,2.0,21.0,9.0,363.0,28.0,32.0,1.0,16.0,152.0,67.0,34.0,8.0,19.0,15.0,15.0,2.0,3,0,0.1114551083591331,0.1114551083591331,1.1702786377708978,0.5015479876160991,20.229102167182663,1.5603715170278638,1.7832817337461302,0.0557275541795665,0.8916408668730651,8.470588235294118,3.73374613003096,1.894736842105263,0.4458204334365325,1.0588235294117647,0.8359133126934984,0.8359133126934984,0.1114551083591331,0.1671826625386996,0.0,42.85714285714285,44.07894736842105,23.52941176470588,1
21104,Randal Kolo Muani,2025,F,39,Premier League,47,Tottenham,1670.0,30,6.491317365269462,71.03658536585365,1.0,1.0,15.0,4.0,328.0,20.0,29.0,1.0,3.0,284.0,106.0,66.0,28.0,13.0,17.0,41.0,3.0,3,0,0.0538922155688622,0.0538922155688622,0.8083832335329341,0.2155688622754491,17.676646706586826,1.0778443113772456,1.562874251497006,0.0538922155688622,0.1616766467065868,15.305389221556888,5.712574850299401,3.5568862275449105,1.5089820359281436,0.7005988023952096,0.9161676646706588,2.2095808383233533,0.1616766467065868,0.1616766467065868,0.0,26.666666666666668,37.32394366197183,42.42424242424242,1
21393,Serhou Guirassy,2025,F,78,Bundesliga,165,Borussia Dortmund,2348.0,33,6.837239028547081,75.57117750439367,17.0,1.0,71.0,40.0,569.0,20.0,2.0,2.0,0.0,301.0,144.0,26.0,12.0,4.0,36.0,39.0,7.0,3,0,0.651618398637138,0.0383304940374787,2.721465076660988,1.533219761499148,21.810051107325386,0.766609880749574,0.0766609880749574,0.0766609880749574,0.0,11.537478705281089,5.519591141396933,0.9965928449744464,0.4599659284497444,0.1533219761499148,1.3798977853492334,1.4948892674616694,0.2683134582623509,0.1149914821124361,0.0,56.33802816901409,47.8405315614618,46.15384615384615,1
21509,Marcus Thuram,2025,F,135,Serie A,505,Inter,1913.0,29,7.099895452169368,75.625,13.0,6.0,56.0,29.0,480.0,29.0,23.0,2.0,1.0,258.0,129.0,28.0,17.0,11.0,41.0,43.0,15.0,2,0,0.6116048092002091,0.2822791427077888,2.6346053319393623,1.3643491897543123,22.582331416623106,1.3643491897543123,1.082070047046524,0.0940930475692629,0.0470465237846314,12.13800313643492,6.06900156821746,1.3173026659696812,0.799790904338735,0.5175117616309461,1.92890747516989,2.023000522739153,0.7056978567694719,0.0940930475692629,0.0,51.78571428571429,50.0,60.71428571428571,1
21715,Wesley Saïd,2025,F,61,Ligue 1,116,Lens,2010.0,29,7.220199004975124,82.49641319942612,12.0,2.0,50.0,27.0,697.0,27.0,21.0,0.0,10.0,181.0,75.0,43.0,26.0,11.0,13.0,37.0,13.0,2,0,0.5373134328358209,0.0895522388059701,2.238805970149254,1.208955223880597,31.2089552238806,1.208955223880597,0.9402985074626866,0.0,0.4477611940298507,8.104477611940299,3.3582089552238803,1.9253731343283584,1.164179104477612,0.4925373134328358,0.582089552238806,1.656716417910448,0.582089552238806,0.0895522388059701,0.0,54.0,41.43646408839779,60.46511627906976,0
22015,Boulaye Dia,2025,F,135,Serie A,487,Lazio,1256.0,27,6.446019108280254,83.07692307692308,1.0,2.0,8.0,7.0,325.0,15.0,13.0,2.0,3.0,132.0,46.0,9.0,5.0,4.0,14.0,19.0,4.0,1,0,0.071656050955414,0.143312101910828,0.5732484076433121,0.501592356687898,23.28821656050956,1.0748407643312103,0.931528662420382,0.143312101910828,0.214968152866242,9.45859872611465,3.2961783439490446,0.6449044585987261,0.35828025477707,0.286624203821656,1.003184713375796,1.3614649681528663,0.286624203821656,0.071656050955414,0.0,87.5,34.84848484848485,55.55555555555556,1
22097,Arnaud Nordin,2025,F,61,Ligue 1,94,Rennes,1047.0,23,6.743103448275862,80.50314465408806,1.0,3.0,24.0,7.0,318.0,9.0,19.0,1.0,4.0,130.0,64.0,25.0,10.0,10.0,30.0,12.0,2.0,1,0,0.0859598853868194,0.2578796561604584,2.0630372492836675,0.6017191977077364,27.3352435530086,0.7736389684813754,1.6332378223495705,0.0859598853868194,0.3438395415472779,11.174785100286533,5.501432664756447,2.1489971346704877,0.8595988538681949,0.8595988538681949,2.5787965616045847,1.0315186246418335,0.1719197707736389,0.0859598853868194,0.0,29.166666666666668,49.23076923076923,40.0,1
22171,Jean Victor Makengo,2025,F,61,Ligue 1,97,Lorient,1813.0,31,6.919360176503033,82.83185840707965,4.0,2.0,28.0,14.0,565.0,25.0,28.0,1.0,9.0,174.0,99.0,41.0,24.0,9.0,35.0,12.0,0.0,2,0,0.1985659128516271,0.0992829564258135,1.38996138996139,0.694980694980695,28.047435190292333,1.2410369553226697,1.38996138996139,0.0496414782129067,0.446773303916161,8.63761720904578,4.914506343077772,2.035300606729178,1.1913954771097628,0.446773303916161,1.7374517374517373,0.5956977385548814,0.0,0.0992829564258135,0.0,50.0,56.896551724137936,58.53658536585365,0
22236,Rafael Leão,2025,F,135,Serie A,489,AC Milan,1859.0,29,7.055352339967724,83.67697594501719,9.0,3.0,45.0,24.0,582.0,23.0,6.0,0.0,5.0,200.0,94.0,56.0,26.0,7.0,34.0,19.0,9.0,5,0,0.4357181280258203,0.1452393760086067,2.178590640129102,1.1619150080688545,28.17643894566972,1.113501882732652,0.2904787520172135,0.0,0.2420656266810112,9.682625067240451,4.550833781603012,2.7111350188273264,1.2587412587412588,0.3388918773534158,1.6460462614308766,0.9198493813878428,0.4357181280258203,0.2420656266810112,0.0,53.333333333333336,47.0,46.42857142857143,1
22264,Ludovic Ajorque,2025,F,61,Ligue 1,106,Stade Brestois 29,2823.0,32,6.955508324477507,69.63824289405684,8.0,9.0,44.0,17.0,774.0,41.0,28.0,6.0,13.0,500.0,264.0,18.0,12.0,16.0,55.0,65.0,14.0,9,1,0.255047821466525,0.2869287991498406,1.4027630180658872,0.5419766206163655,24.67587672688629,1.3071200850159406,0.8926673751328374,0.1912858660998937,0.414452709883103,15.94048884165781,8.416578108395324,0.5738575982996812,0.3825717321997874,0.51009564293305,1.7534537725823591,2.072263549415516,0.4463336875664187,0.2869287991498406,0.0318809776833156,38.63636363636363,52.8,66.66666666666666,1
22842,Jean-Philippe Krasso,2025,F,61,Ligue 1,114,Paris FC,1099.0,25,6.579253867151956,71.76470588235294,2.0,2.0,24.0,10.0,256.0,24.0,13.0,1.0,1.0,203.0,78.0,48.0,18.0,9.0,19.0,20.0,11.0,0,0,0.1637852593266606,0.1637852593266606,1.9654231119199272,0.818926296633303,20.96451319381256,1.9654231119199272,1.064604185623294,0.0818926296633303,0.0818926296633303,16.62420382165605,6.387625113739764,3.9308462238398554,1.4740673339399455,0.7370336669699727,1.5559599636032757,1.637852593266606,0.9008189262966332,0.0,0.0,41.66666666666667,38.42364532019704,37.5,0
24641,Budu Zivzivadze,2025,F,78,Bundesliga,180,1. FC Heidenheim,1146.0,20,6.780191972076788,72.14611872146118,6.0,0.0,23.0,14.0,219.0,7.0,14.0,2.0,1.0,160.0,56.0,31.0,13.0,13.0,13.0,15.0,8.0,2,1,0.4712041884816754,0.0,1.8062827225130889,1.099476439790576,17.198952879581153,0.5497382198952879,1.099476439790576,0.1570680628272251,0.0785340314136125,12.565445026178011,4.397905759162303,2.4345549738219896,1.0209424083769634,1.0209424083769634,1.0209424083769634,1.1780104712041886,0.6282722513089005,0.1570680628272251,0.0785340314136125,60.86956521739131,35.0,41.935483870967744,1
24888,Hwang Hee-chan,2025,F,39,Premier League,39,Wolves,1461.0,26,6.588774811772757,75.46174142480211,2.0,2.0,15.0,6.0,379.0,15.0,10.0,0.0,13.0,118.0,43.0,25.0,9.0,7.0,18.0,28.0,9.0,5,0,0.1232032854209445,0.1232032854209445,0.924024640657084,0.3696098562628337,23.347022587268995,0.924024640657084,0.6160164271047228,0.0,0.8008213552361397,7.268993839835729,2.648870636550308,1.5400410677618068,0.5544147843942505,0.4312114989733059,1.108829568788501,1.7248459958932236,0.5544147843942505,0.3080082135523614,0.0,40.0,36.440677966101696,36.0,1
25242,Marius Bülter,2025,F,78,Bundesliga,192,1. FC Köln,1606.0,32,6.909090909090909,73.31670822942642,5.0,4.0,35.0,17.0,402.0,26.0,7.0,4.0,7.0,189.0,76.0,19.0,6.0,6.0,24.0,17.0,6.0,3,0,0.2801992528019925,0.224159402241594,1.961394769613948,0.9526774595267746,22.5280199252802,1.457036114570361,0.3922789539227895,0.224159402241594,0.3922789539227895,10.591531755915318,4.259028642590287,1.0647571606475716,0.336239103362391,0.336239103362391,1.3449564134495642,0.9526774595267746,0.336239103362391,0.1681195516811955,0.0,48.57142857142857,40.21164021164021,31.57894736842105,1
25297,Michael Gregoritsch,2025,F,78,Bundesliga,170,FC Augsburg,927.0,17,6.830528586839266,55.61797752808989,6.0,2.0,24.0,10.0,178.0,7.0,5.0,5.0,5.0,138.0,55.0,11.0,2.0,5.0,17.0,5.0,4.0,2,0,0.5825242718446603,0.1941747572815533,2.330097087378641,0.9708737864077672,17.281553398058254,0.6796116504854369,0.4854368932038835,0.4854368932038835,0.4854368932038835,13.398058252427186,5.339805825242719,1.0679611650485437,0.1941747572815533,0.4854368932038835,1.6504854368932038,0.4854368932038835,0.3883495145631067,0.1941747572815533,0.0,41.66666666666667,39.85507246376812,18.181818181818183,1
25391,Niclas Füllkrug,2025,F,135,Serie A,489,AC Milan,1055.0,28,6.223127962085307,68.24817518248175,1.0,0.0,18.0,8.0,274.0,16.0,3.0,1.0,5.0,142.0,52.0,6.0,3.0,4.0,9.0,19.0,17.0,0,0,0.0853080568720379,0.0,1.5355450236966823,0.6824644549763034,23.37440758293839,1.3649289099526067,0.2559241706161137,0.0853080568720379,0.4265402843601896,12.113744075829384,4.436018957345972,0.5118483412322274,0.2559241706161137,0.3412322274881517,0.7677725118483412,1.6208530805687202,1.4502369668246446,0.0,0.0,44.44444444444444,36.61971830985916,50.0,1
25635,Jonas Hofmann,2025,F,78,Bundesliga,168,Bayer Leverkusen,1015.0,23,6.910541871921182,83.54661791590493,2.0,2.0,17.0,7.0,547.0,16.0,13.0,0.0,2.0,60.0,33.0,11.0,7.0,7.0,9.0,5.0,2.0,3,0,0.1773399014778325,0.1773399014778325,1.5073891625615763,0.6206896551724138,48.5024630541872,1.41871921182266,1.1527093596059113,0.0,0.1773399014778325,5.320197044334975,2.9261083743842367,0.9753694581280788,0.6206896551724138,0.6206896551724138,0.7980295566502463,0.4433497536945813,0.1773399014778325,0.2660098522167488,0.0,41.17647058823529,55.00000000000001,63.63636363636363,0
25926,Jonathan Burkardt,2025,F,78,Bundesliga,169,Eintracht Frankfurt,1340.0,22,6.950747384155457,73.30097087378641,13.0,1.0,33.0,21.0,206.0,9.0,8.0,0.0,1.0,122.0,40.0,11.0,6.0,3.0,15.0,12.0,2.0,1,0,0.8731343283582089,0.0671641791044776,2.216417910447761,1.4104477611940298,13.835820895522389,0.6044776119402985,0.5373134328358209,0.0,0.0671641791044776,8.194029850746269,2.686567164179104,0.7388059701492538,0.4029850746268656,0.2014925373134328,1.007462686567164,0.8059701492537313,0.1343283582089552,0.0671641791044776,0.0,63.63636363636363,32.78688524590164,54.54545454545454,1
25927,Jean Philippe Mateta,2025,F,39,Premier League,52,Crystal Palace,2222.0,32,6.716471647164717,63.022508038585215,12.0,0.0,56.0,32.0,315.0,9.0,10.0,6.0,6.0,292.0,110.0,31.0,14.0,9.0,19.0,21.0,18.0,2,0,0.486048604860486,0.0,2.2682268226822684,1.296129612961296,12.75877587758776,0.3645364536453646,0.405040504050405,0.243024302430243,0.243024302430243,11.827182718271828,4.455445544554456,1.2556255625562556,0.5670567056705671,0.3645364536453646,0.7695769576957696,0.8505850585058506,0.7290729072907292,0.081008100810081,0.0,57.14285714285714,37.67123287671233,45.16129032258064,1
26171,Phillip Tietz,2025,F,78,Bundesliga,164,FSV Mainz 05,1807.0,29,6.483831672203765,58.620689655172406,6.0,2.0,45.0,24.0,495.0,21.0,8.0,1.0,7.0,337.0,139.0,31.0,12.0,5.0,25.0,38.0,21.0,4,0,0.2988378527946873,0.0996126175982291,2.241283895960155,1.195351411178749,24.654122855561702,1.0459324847814055,0.3984504703929164,0.0498063087991145,0.3486441615938019,16.784726065301605,6.923076923076923,1.5439955727725514,0.5976757055893747,0.2490315439955727,1.2451577199778638,1.892639734366353,1.0459324847814055,0.1992252351964582,0.0,53.333333333333336,41.246290801186944,38.70967741935484,1
26255,Lucas Höler,2025,F,78,Bundesliga,160,SC Freiburg,2065.0,33,6.745762711864407,69.67509025270758,3.0,1.0,27.0,15.0,560.0,24.0,24.0,2.0,11.0,287.0,131.0,25.0,10.0,12.0,30.0,30.0,12.0,4,0,0.1307506053268765,0.0435835351089588,1.176755447941889,0.6537530266343826,24.406779661016948,1.046004842615012,1.046004842615012,0.0871670702179176,0.4794188861985472,12.508474576271189,5.709443099273607,1.089588377723971,0.4358353510895884,0.523002421307506,1.3075060532687652,1.3075060532687652,0.523002421307506,0.1743341404358353,0.0,55.55555555555556,45.64459930313589,40.0,1
26475,Deniz Undav,2025,F,78,Bundesliga,172,VfB Stuttgart,2247.0,29,7.238362260792169,72.75641025641025,19.0,7.0,90.0,46.0,624.0,42.0,18.0,2.0,4.0,228.0,85.0,18.0,9.0,14.0,23.0,32.0,25.0,5,0,0.7610146862483311,0.2803738317757009,3.6048064085447264,1.842456608811749,24.99332443257677,1.6822429906542056,0.7209612817089454,0.0801068090787717,0.1602136181575434,9.132176234979973,3.404539385847797,0.7209612817089454,0.3604806408544727,0.5607476635514018,0.9212283044058746,1.2817089452603472,1.0013351134846462,0.2002670226969292,0.0,51.11111111111111,37.280701754385966,50.0,1
26845,Anastasios Douvikas,2025,F,135,Serie A,895,Como,2278.0,38,6.972036874451272,77.67295597484278,14.0,1.0,49.0,30.0,318.0,23.0,13.0,4.0,4.0,239.0,100.0,33.0,13.0,7.0,42.0,36.0,7.0,0,0,0.553116769095698,0.0395083406496927,1.9359086918349429,1.1852502194907817,12.563652326602284,0.9086918349429324,0.5136084284460052,0.1580333625987708,0.1580333625987708,9.44249341527656,3.9508340649692713,1.3037752414398596,0.5136084284460052,0.276558384547849,1.659350307287094,1.4223002633889377,0.276558384547849,0.0,0.0,61.224489795918366,41.84100418410041,39.39393939393939,1
28382,Haris Tabaković,2025,F,78,Bundesliga,163,Borussia Mönchengladbach,2394.0,32,6.697744360902256,67.62886597938144,13.0,2.0,51.0,27.0,485.0,16.0,10.0,5.0,0.0,333.0,138.0,16.0,6.0,9.0,20.0,48.0,28.0,5,0,0.4887218045112781,0.075187969924812,1.9172932330827064,1.0150375939849623,18.233082706766915,0.6015037593984962,0.3759398496240601,0.18796992481203,0.0,12.518796992481205,5.1879699248120295,0.6015037593984962,0.225563909774436,0.3383458646616541,0.7518796992481203,1.8045112781954888,1.0526315789473684,0.18796992481203,0.0,52.94117647058824,41.44144144144144,37.5,1
30414,Giovanni Simeone,2025,F,135,Serie A,503,Torino,2245.0,32,6.777951002227172,72.66187050359713,11.0,0.0,59.0,28.0,417.0,23.0,16.0,2.0,5.0,294.0,112.0,52.0,22.0,10.0,41.0,31.0,18.0,1,0,0.4409799554565701,0.0,2.3652561247216037,1.1224944320712695,16.71714922048998,0.9220489977728284,0.6414253897550112,0.0801781737193764,0.2004454342984409,11.786191536748328,4.489977728285078,2.084632516703786,0.8819599109131403,0.4008908685968819,1.643652561247216,1.2427616926503342,0.7216035634743875,0.0400890868596882,0.0,47.45762711864407,38.095238095238095,42.30769230769231,1
30415,Dušan Vlahović,2025,F,135,Serie A,496,Juventus,976.0,19,6.796004098360656,69.71428571428572,7.0,1.0,38.0,18.0,175.0,12.0,3.0,2.0,2.0,109.0,49.0,7.0,3.0,0.0,18.0,9.0,9.0,0,0,0.6454918032786885,0.0922131147540983,3.5040983606557377,1.6598360655737705,16.137295081967213,1.1065573770491803,0.2766393442622951,0.1844262295081967,0.1844262295081967,10.05122950819672,4.51844262295082,0.6454918032786885,0.2766393442622951,0.0,1.6598360655737705,0.8299180327868853,0.8299180327868853,0.0,0.0,47.368421052631575,44.95412844036697,42.85714285714285,1
30440,Roberto Piccoli,2025,F,135,Serie A,502,Fiorentina,1698.0,32,6.564958775029446,65.78947368421053,4.0,1.0,37.0,15.0,228.0,15.0,8.0,0.0,4.0,262.0,110.0,20.0,9.0,1.0,40.0,34.0,15.0,1,0,0.2120141342756183,0.0530035335689045,1.96113074204947,0.7950530035335689,12.084805653710248,0.7950530035335689,0.4240282685512367,0.0,0.2120141342756183,13.886925795053005,5.830388692579506,1.060070671378092,0.4770318021201414,0.0530035335689045,2.120141342756184,1.802120141342756,0.7950530035335689,0.0530035335689045,0.0,40.54054054054054,41.98473282442748,45.0,1
30531,Jérémie Boga,2025,F,135,Serie A,496,Juventus,1329.0,29,7.001506024096385,82.9683698296837,6.0,2.0,30.0,17.0,411.0,28.0,11.0,0.0,5.0,134.0,68.0,68.0,35.0,5.0,19.0,5.0,1.0,1,0,0.4063205417607223,0.1354401805869074,2.031602708803612,1.1512415349887133,27.83295711060948,1.8961625282167045,0.744920993227991,0.0,0.3386004514672686,9.074492099322798,4.604966139954853,4.604966139954853,2.37020316027088,0.3386004514672686,1.2866817155756207,0.3386004514672686,0.0677200902934537,0.0677200902934537,0.0,56.66666666666666,50.74626865671642,51.47058823529412,0
30537,Domenico Berardi,2025,F,135,Serie A,488,Sassuolo,1970.0,26,7.06766497461929,76.97063369397218,8.0,4.0,35.0,21.0,647.0,33.0,26.0,0.0,24.0,184.0,82.0,25.0,10.0,21.0,34.0,31.0,12.0,2,1,0.3654822335025381,0.182741116751269,1.598984771573604,0.9593908629441624,29.55837563451777,1.5076142131979695,1.1878172588832487,0.0,1.0964467005076142,8.406091370558375,3.746192893401015,1.1421319796954317,0.4568527918781725,0.9593908629441624,1.5532994923857868,1.4162436548223352,0.5482233502538071,0.0913705583756345,0.0456852791878172,60.0,44.56521739130434,40.0,0
30543,Giacomo Raspadori,2025,F,135,Serie A,499,Atalanta,1042.0,25,6.744817658349328,80.25641025641026,3.0,2.0,23.0,14.0,390.0,21.0,10.0,0.0,1.0,97.0,39.0,19.0,6.0,5.0,13.0,10.0,3.0,1,0,0.2591170825335893,0.1727447216890595,1.986564299424184,1.2092130518234163,33.685220729366605,1.813819577735125,0.8637236084452974,0.0,0.0863723608445297,8.378119001919385,3.3685220729366603,1.6410748560460653,0.5182341650671786,0.4318618042226487,1.1228406909788866,0.8637236084452974,0.2591170825335893,0.0863723608445297,0.0,60.86956521739131,40.20618556701031,31.57894736842105,0
30544,Gianluca Scamacca,2025,F,135,Serie A,499,Atalanta,1319.0,24,6.803866565579984,70.25316455696202,10.0,1.0,49.0,22.0,316.0,17.0,8.0,2.0,3.0,141.0,65.0,23.0,13.0,4.0,18.0,26.0,8.0,2,0,0.6823351023502654,0.0682335102350265,3.3434420015163,1.501137225170584,21.561789234268385,1.159969673995451,0.5458680818802123,0.136467020470053,0.2047005307050796,9.62092494313874,4.435178165276724,1.5693707354056103,0.8870356330553449,0.2729340409401061,1.2282031842304777,1.77407126611069,0.5458680818802123,0.136467020470053,0.0,44.89795918367347,46.09929078014184,56.52173913043478,1
30937,Mattia Zaccagni,2025,F,135,Serie A,487,Lazio,2114.0,26,6.980794701986755,82.53557567917206,3.0,0.0,27.0,14.0,773.0,35.0,37.0,1.0,19.0,292.0,157.0,60.0,23.0,21.0,82.0,30.0,6.0,6,1,0.1277199621570482,0.0,1.1494796594134342,0.5960264900662252,32.90917691579943,1.490066225165563,1.575212866603595,0.042573320719016,0.8088930936613056,12.431409649952696,6.684011352885525,2.554399243140965,0.9791863765373698,0.8940397350993378,3.491012298959319,1.2771996215704826,0.2554399243140965,0.2554399243140965,0.042573320719016,51.85185185185185,53.76712328767124,38.333333333333336,0
31094,Andrea Pinamonti,2025,F,135,Serie A,488,Sassuolo,2576.0,36,6.604037267080745,72.86324786324786,9.0,3.0,57.0,30.0,468.0,17.0,11.0,2.0,1.0,260.0,103.0,19.0,5.0,3.0,33.0,14.0,13.0,2,1,0.3144409937888199,0.1048136645962733,1.9914596273291925,1.0481366459627328,16.350931677018636,0.593944099378882,0.3843167701863354,0.0698757763975155,0.0349378881987577,9.083850931677018,3.5986024844720497,0.6638198757763976,0.1746894409937888,0.1048136645962733,1.1529503105590062,0.4891304347826087,0.4541925465838509,0.0698757763975155,0.0349378881987577,52.63157894736842,39.61538461538461,26.31578947368421,1
31318,M'bala Nzola,2025,F,135,Serie A,488,Sassuolo,1520.0,30,6.715197368421052,78.78787878787878,4.0,1.0,28.0,11.0,297.0,20.0,8.0,1.0,3.0,209.0,96.0,37.0,19.0,3.0,26.0,29.0,15.0,2,1,0.2368421052631578,0.0592105263157894,1.657894736842105,0.6513157894736842,17.585526315789473,1.1842105263157894,0.4736842105263157,0.0592105263157894,0.1776315789473684,12.375000000000002,5.684210526315789,2.1907894736842106,1.125,0.1776315789473684,1.5394736842105263,1.7171052631578947,0.888157894736842,0.1184210526315789,0.0592105263157894,39.285714285714285,45.93301435406698,51.35135135135135,1
31406,Umar Sadiq,2025,F,140,La Liga,532,Valencia,1061.0,25,6.708765315739868,68.15642458100558,4.0,2.0,23.0,10.0,179.0,10.0,8.0,2.0,1.0,206.0,69.0,35.0,15.0,4.0,21.0,32.0,15.0,4,0,0.3393025447690858,0.1696512723845429,1.950989632422243,0.8482563619227144,15.183788878416587,0.8482563619227144,0.6786050895381716,0.1696512723845429,0.0848256361922714,17.47408105560792,5.85296889726673,2.9688972667295004,1.2723845428840717,0.3393025447690858,1.7813383600377004,2.7144203581526862,1.2723845428840717,0.3393025447690858,0.0,43.47826086956522,33.49514563106796,42.85714285714285,1
31436,Federico Bonazzoli,2025,F,135,Serie A,520,Cremonese,2524.0,35,7.088985736925516,84.3937575030012,10.0,1.0,57.0,32.0,833.0,13.0,30.0,0.0,11.0,248.0,130.0,34.0,11.0,20.0,80.0,26.0,4.0,4,0,0.3565768621236133,0.0356576862123613,2.032488114104596,1.1410459587955626,29.70285261489699,0.4635499207606973,1.06973058637084,0.0,0.3922345483359746,8.84310618066561,4.635499207606973,1.2123613312202852,0.3922345483359746,0.7131537242472267,2.8526148969889067,0.9270998415213948,0.1426307448494453,0.1426307448494453,0.0,56.14035087719298,52.41935483870967,32.35294117647059,1
31499,Gennaro Borrelli,2025,F,135,Serie A,490,Cagliari,1273.0,27,6.828593872741556,70.04405286343612,5.0,1.0,21.0,12.0,227.0,12.0,15.0,2.0,3.0,241.0,121.0,16.0,6.0,6.0,49.0,44.0,5.0,4,0,0.3534956794972506,0.0706991358994501,1.4846818538884523,0.8483896307934015,16.048703849175176,0.8483896307934015,1.0604870384917515,0.1413982717989002,0.2120974076983503,17.038491751767477,8.554595443833463,1.131186174391202,0.4241948153967007,0.4241948153967007,3.464257659073056,3.110761979575805,0.3534956794972506,0.2827965435978005,0.0,57.14285714285714,50.20746887966805,37.5,1
31507,Riccardo Sottil,2025,F,135,Serie A,867,Lecce,1072.0,21,6.880130597014926,82.39999999999999,1.0,2.0,10.0,3.0,250.0,24.0,4.0,0.0,2.0,118.0,47.0,39.0,13.0,5.0,27.0,10.0,4.0,1,0,0.083955223880597,0.167910447761194,0.8395522388059701,0.251865671641791,20.98880597014925,2.014925373134328,0.335820895522388,0.0,0.167910447761194,9.906716417910449,3.94589552238806,3.274253731343284,1.0914179104477613,0.419776119402985,2.2667910447761197,0.8395522388059701,0.335820895522388,0.083955223880597,0.0,30.0,39.83050847457627,33.33333333333333,0
31560,Stefano Moreo,2025,F,135,Serie A,801,Pisa,2321.0,37,6.82478448275862,60.03649635036496,7.0,1.0,46.0,20.0,549.0,25.0,17.0,4.0,22.0,281.0,145.0,27.0,13.0,10.0,20.0,22.0,5.0,2,0,0.2714347264110297,0.0387763894872899,1.7837139164153382,0.7755277897457992,21.28823782852219,0.969409737182249,0.6591986212839294,0.1551055579491598,0.8530805687203792,10.896165445928478,5.622576475657044,1.046962516156829,0.5040930633347696,0.3877638948728996,0.7755277897457992,0.8530805687203792,0.1938819474364498,0.0775527789745799,0.0,43.47826086956522,51.60142348754449,48.14814814814815,1
31624,Gabriel Strefezza,2025,F,135,Serie A,523,Parma,1015.0,14,6.892315270935962,85.5907780979827,2.0,2.0,18.0,7.0,347.0,14.0,16.0,0.0,5.0,141.0,66.0,33.0,17.0,13.0,28.0,21.0,2.0,3,0,0.1773399014778325,0.1773399014778325,1.5960591133004929,0.6206896551724138,30.76847290640394,1.2413793103448276,1.41871921182266,0.0,0.4433497536945813,12.502463054187192,5.852216748768473,2.9261083743842367,1.5073891625615763,1.1527093596059113,2.4827586206896552,1.862068965517241,0.1773399014778325,0.2660098522167488,0.0,38.88888888888889,46.80851063829788,51.51515151515152,0
36927,Zian Flemming,2025,F,39,Premier League,44,Burnley,1808.0,29,6.951161504424779,66.17647058823529,11.0,0.0,38.0,21.0,277.0,10.0,17.0,5.0,7.0,274.0,114.0,11.0,4.0,5.0,26.0,50.0,3.0,5,0,0.547566371681416,0.0,1.8915929203539823,1.045353982300885,13.788716814159292,0.497787610619469,0.8462389380530975,0.2488938053097345,0.3484513274336283,13.639380530973453,5.674778761061947,0.547566371681416,0.1991150442477876,0.2488938053097345,1.2942477876106195,2.4889380530973453,0.1493362831858407,0.2488938053097345,0.0,55.26315789473685,41.6058394160584,36.36363636363637,1
37439,Ragnar Ache,2025,F,78,Bundesliga,192,1. FC Köln,1724.0,29,6.920939675174014,60.98360655737704,7.0,4.0,39.0,22.0,305.0,28.0,13.0,4.0,4.0,336.0,177.0,20.0,9.0,4.0,29.0,18.0,10.0,3,0,0.3654292343387471,0.2088167053364269,2.0359628770301623,1.148491879350348,15.922273781902554,1.4617169373549883,0.6786542923433875,0.2088167053364269,0.2088167053364269,17.54060324825986,9.24013921113689,1.0440835266821344,0.4698375870069605,0.2088167053364269,1.513921113689095,0.9396751740139212,0.5220417633410672,0.1566125290023201,0.0,56.41025641025641,52.67857142857143,45.0,1
37759,Martijn Kaars,2025,F,78,Bundesliga,186,FC St. Pauli,1368.0,29,6.5154239766081865,78.85196374622356,3.0,1.0,15.0,10.0,331.0,10.0,7.0,0.0,0.0,113.0,31.0,14.0,5.0,6.0,6.0,8.0,4.0,2,0,0.1973684210526315,0.0657894736842105,0.986842105263158,0.6578947368421052,21.776315789473685,0.6578947368421052,0.4605263157894737,0.0,0.0,7.434210526315789,2.039473684210526,0.9210526315789472,0.3289473684210526,0.3947368421052631,0.3947368421052631,0.5263157894736842,0.2631578947368421,0.131578947368421,0.0,66.66666666666666,27.43362831858407,35.714285714285715,1
37882,Marcus Edwards,2025,F,39,Premier League,44,Burnley,1073.0,23,6.71026119402985,82.7893175074184,1.0,3.0,14.0,6.0,338.0,20.0,11.0,0.0,2.0,127.0,45.0,38.0,14.0,17.0,18.0,7.0,1.0,0,0,0.0838769804287045,0.2516309412861137,1.174277726001864,0.5032618825722274,28.350419384902143,1.6775396085740912,0.9226467847157503,0.0,0.1677539608574091,10.65237651444548,3.7744641192917054,3.187325256290773,1.174277726001864,1.4259086672879775,1.509785647716682,0.587138863000932,0.0838769804287045,0.0,0.0,42.85714285714285,35.43307086614173,36.84210526315789,0
37938,Sheraldo Becker,2025,F,78,Bundesliga,164,FSV Mainz 05,1124.0,23,6.915480427046264,74.42922374429224,3.0,3.0,25.0,15.0,223.0,19.0,3.0,0.0,6.0,78.0,26.0,11.0,4.0,1.0,9.0,17.0,11.0,2,0,0.2402135231316726,0.2402135231316726,2.0017793594306053,1.201067615658363,17.855871886120998,1.52135231316726,0.2402135231316726,0.0,0.4804270462633452,6.245551601423488,2.0818505338078293,0.8807829181494662,0.3202846975088967,0.0800711743772241,0.7206405693950179,1.3612099644128113,0.8807829181494662,0.1601423487544483,0.0,60.0,33.33333333333333,36.36363636363637,1
38750,Brian Brobbey,2025,F,39,Premier League,746,Sunderland,1944.0,31,6.592849794238682,72.0,7.0,1.0,29.0,18.0,275.0,15.0,9.0,6.0,0.0,263.0,112.0,16.0,2.0,4.0,37.0,33.0,8.0,6,0,0.324074074074074,0.0462962962962963,1.3425925925925926,0.8333333333333333,12.731481481481485,0.6944444444444444,0.4166666666666666,0.2777777777777778,0.0,12.175925925925927,5.185185185185185,0.7407407407407408,0.0925925925925926,0.1851851851851852,1.712962962962963,1.5277777777777777,0.3703703703703704,0.2777777777777778,0.0,62.06896551724138,42.58555133079848,12.5,1
39121,Chidera Ejuke,2025,F,140,La Liga,536,Sevilla,954.0,27,6.8357442348008375,83.88888888888889,1.0,1.0,12.0,3.0,360.0,13.0,19.0,1.0,6.0,168.0,97.0,92.0,57.0,1.0,16.0,5.0,2.0,0,0,0.0943396226415094,0.0943396226415094,1.1320754716981132,0.2830188679245283,33.9622641509434,1.2264150943396226,1.7924528301886793,0.0943396226415094,0.5660377358490566,15.849056603773583,9.150943396226417,8.679245283018869,5.377358490566038,0.0943396226415094,1.509433962264151,0.4716981132075472,0.1886792452830188,0.0,0.0,25.0,57.738095238095234,61.95652173913043,0
40594,Adam Buksa,2025,F,135,Serie A,494,Udinese,926.0,25,6.678054054054054,60.773480662983424,3.0,0.0,8.0,6.0,181.0,11.0,10.0,0.0,2.0,170.0,80.0,10.0,2.0,6.0,16.0,24.0,3.0,3,0,0.2915766738660907,0.0,0.7775377969762419,0.5831533477321814,17.591792656587476,1.0691144708423326,0.9719222462203024,0.0,0.1943844492440604,16.52267818574514,7.775377969762419,0.9719222462203024,0.1943844492440604,0.5831533477321814,1.5550755939524838,2.3326133909287257,0.2915766738660907,0.2915766738660907,0.0,75.0,47.05882352941176,20.0,1
41585,Gonçalo Ramos,2025,F,61,Ligue 1,85,Paris Saint Germain,1320.0,30,6.625833333333333,83.23529411764706,6.0,1.0,45.0,25.0,340.0,17.0,13.0,0.0,5.0,165.0,74.0,37.0,17.0,10.0,23.0,24.0,6.0,4,1,0.409090909090909,0.0681818181818181,3.068181818181818,1.7045454545454546,23.18181818181818,1.1590909090909092,0.8863636363636362,0.0,0.3409090909090909,11.25,5.045454545454546,2.522727272727273,1.1590909090909092,0.6818181818181819,1.5681818181818183,1.6363636363636362,0.409090909090909,0.2727272727272727,0.0681818181818181,55.55555555555556,44.84848484848485,45.94594594594595,1
41725,Fábio Vieira,2025,F,78,Bundesliga,175,Hamburger SV,2215.0,29,7.246907449209932,83.31360946745562,7.0,5.0,38.0,19.0,848.0,39.0,20.0,2.0,14.0,202.0,106.0,60.0,32.0,7.0,44.0,18.0,1.0,4,2,0.2844243792325056,0.2031602708803611,1.544018058690745,0.7720090293453725,34.455981941309254,1.5846501128668171,0.8126410835214446,0.0812641083521444,0.5688487584650113,8.207674943566591,4.306997742663657,2.4379232505643342,1.3002257336343117,0.2844243792325056,1.7878103837471784,0.7313769751693002,0.0406320541760722,0.1625282167042889,0.0812641083521444,50.0,52.47524752475248,53.333333333333336,0
42086,Youssef El Arabi,2025,F,61,Ligue 1,83,Nantes,979.0,25,6.612053115423902,64.23076923076924,3.0,0.0,13.0,9.0,264.0,9.0,12.0,1.0,3.0,155.0,65.0,20.0,6.0,5.0,23.0,22.0,10.0,0,0,0.2757916241062308,0.0,1.195097037793667,0.8273748723186926,24.269662921348317,0.8273748723186926,1.1031664964249233,0.0919305413687436,0.2757916241062308,14.24923391215526,5.975485188968334,1.838610827374872,0.5515832482124616,0.459652706843718,2.1144024514811037,2.02247191011236,0.919305413687436,0.0,0.0,69.23076923076923,41.935483870967744,30.0,1
45892,Andrej Ilić,2025,F,78,Bundesliga,182,Union Berlin,2256.0,32,6.756604609929079,54.629629629629626,5.0,9.0,58.0,26.0,432.0,30.0,4.0,6.0,1.0,507.0,213.0,21.0,7.0,9.0,32.0,38.0,16.0,5,0,0.199468085106383,0.3590425531914893,2.3138297872340425,1.0372340425531914,17.23404255319149,1.196808510638298,0.1595744680851064,0.2393617021276595,0.0398936170212766,20.226063829787236,8.497340425531915,0.8377659574468085,0.2792553191489362,0.3590425531914893,1.2765957446808511,1.5159574468085106,0.6382978723404256,0.199468085106383,0.0,44.82758620689656,42.01183431952663,33.33333333333333,1
46746,Ante Budimir,2025,F,140,La Liga,727,Osasuna,2953.0,37,6.840128682695563,60.204081632653065,17.0,0.0,88.0,41.0,392.0,16.0,21.0,6.0,6.0,387.0,180.0,18.0,3.0,4.0,37.0,52.0,22.0,3,0,0.5181171689806976,0.0,2.682018286488317,1.2495767016593295,11.94717236708432,0.4876396884524213,0.640027091093803,0.1828648831696579,0.1828648831696579,11.79478496444294,5.485946495089739,0.5485946495089739,0.0914324415848289,0.1219099221131053,1.127666779546224,1.5848289874703692,0.6705045716220792,0.0914324415848289,0.0,46.590909090909086,46.51162790697674,16.666666666666664,1
46930,Ermedin Demirović,2025,F,78,Bundesliga,172,VfB Stuttgart,1506.0,25,6.923936170212765,73.49397590361446,12.0,3.0,34.0,22.0,250.0,17.0,14.0,1.0,1.0,204.0,77.0,14.0,7.0,5.0,26.0,37.0,8.0,5,0,0.7171314741035857,0.1792828685258964,2.03187250996016,1.3147410358565736,14.9402390438247,1.0159362549800797,0.8366533864541833,0.0597609561752988,0.0597609561752988,12.191235059760956,4.601593625498008,0.8366533864541833,0.4183266932270916,0.298804780876494,1.5537848605577689,2.211155378486056,0.4780876494023904,0.298804780876494,0.0,64.70588235294117,37.74509803921568,50.0,1
47013,Rafa Mir,2025,F,140,La Liga,797,Elche,1815.0,27,6.742369146005509,79.61630695443645,8.0,0.0,62.0,36.0,417.0,9.0,16.0,1.0,5.0,171.0,55.0,20.0,5.0,8.0,16.0,39.0,7.0,4,0,0.396694214876033,0.0,3.0743801652892566,1.7851239669421488,20.677685950413224,0.4462809917355372,0.793388429752066,0.0495867768595041,0.2479338842975206,8.479338842975206,2.7272727272727275,0.9917355371900828,0.2479338842975206,0.396694214876033,0.793388429752066,1.9338842975206607,0.3471074380165289,0.1983471074380165,0.0,58.06451612903226,32.16374269005848,25.0,1
47181,Toni Martínez,2025,F,140,La Liga,542,Alaves,2725.0,37,7.035596330275229,58.92053973013493,14.0,3.0,76.0,36.0,667.0,24.0,28.0,2.0,4.0,506.0,258.0,39.0,17.0,7.0,37.0,46.0,13.0,2,0,0.4623853211009174,0.0990825688073394,2.510091743119266,1.1889908256880737,22.029357798165137,0.7926605504587156,0.9247706422018348,0.0660550458715596,0.1321100917431192,16.711926605504587,8.521100917431193,1.2880733944954128,0.5614678899082568,0.2311926605504587,1.2220183486238532,1.5192660550458714,0.4293577981651376,0.0660550458715596,0.0,47.368421052631575,50.98814229249013,43.58974358974359,1
47264,Hugo Duro,2025,F,140,La Liga,532,Valencia,1989.0,36,6.692357968828556,71.50259067357513,10.0,0.0,30.0,14.0,392.0,17.0,17.0,6.0,4.0,262.0,103.0,17.0,3.0,15.0,38.0,22.0,6.0,5,0,0.4524886877828055,0.0,1.3574660633484164,0.6334841628959276,17.737556561085974,0.7692307692307693,0.7692307692307693,0.2714932126696833,0.1809954751131221,11.855203619909505,4.660633484162896,0.7692307692307693,0.1357466063348416,0.6787330316742082,1.7194570135746607,0.995475113122172,0.2714932126696833,0.2262443438914027,0.0,46.66666666666666,39.31297709923664,17.647058823529413,1
47291,Gorka Guruzeta,2025,F,140,La Liga,531,Athletic Club,2371.0,35,6.573133698861239,67.43295019157088,10.0,3.0,65.0,32.0,522.0,26.0,19.0,2.0,12.0,351.0,134.0,34.0,7.0,18.0,30.0,49.0,11.0,6,1,0.3795866722901729,0.1138760016870518,2.467313369886124,1.2146773513285534,19.814424293547027,0.9869253479544496,0.7212146773513286,0.0759173344580345,0.4555040067482075,13.32349219738507,5.086461408688318,1.290594685786588,0.265710670603121,0.6832560101223112,1.1387600168705188,1.8599746942218476,0.4175453395191902,0.2277520033741037,0.0379586672290172,49.23076923076923,38.17663817663818,20.588235294117645,1
47323,Mikel Oyarzabal,2025,F,140,La Liga,548,Real Sociedad,2714.0,34,7.088872512896095,76.7052767052767,15.0,4.0,62.0,36.0,777.0,42.0,29.0,3.0,4.0,328.0,145.0,61.0,36.0,17.0,42.0,28.0,13.0,3,0,0.4974207811348562,0.1326455416359616,2.056005895357406,1.193809874723655,25.766396462785558,1.3927781871775975,0.9616801768607222,0.0994841562269712,0.1326455416359616,10.876934414148858,4.808400884303611,2.022844509948416,1.193809874723655,0.5637435519528372,1.3927781871775975,0.9285187914517316,0.4310980103168755,0.0994841562269712,0.0,58.06451612903226,44.207317073170735,59.01639344262295,1
47348,Borja Iglesias,2025,F,140,La Liga,538,Celta Vigo,1903.0,35,6.79311613242249,72.70742358078603,14.0,2.0,38.0,26.0,458.0,17.0,8.0,5.0,1.0,180.0,69.0,22.0,12.0,9.0,30.0,38.0,22.0,7,0,0.6621124540199685,0.094587493431424,1.7971623751970571,1.229637414608513,21.660535995796117,0.8039936941671046,0.3783499737256962,0.2364687335785601,0.047293746715712,8.512874408828166,3.2632685233841308,1.0404624277456649,0.5675249605885444,0.4256437204414083,1.4188124014713608,1.7971623751970571,1.0404624277456649,0.3310562270099842,0.0,68.42105263157895,38.333333333333336,54.54545454545454,1
47396,Kike García,2025,F,140,La Liga,540,Espanyol,1749.0,37,6.644311034877072,65.11627906976744,8.0,1.0,50.0,27.0,388.0,20.0,13.0,1.0,6.0,317.0,152.0,23.0,8.0,11.0,44.0,33.0,26.0,3,0,0.411663807890223,0.0514579759862778,2.5728987993138936,1.3893653516295026,19.965694682675817,1.0291595197255574,0.6689536878216124,0.0514579759862778,0.3087478559176672,16.312178387650086,7.821612349914237,1.183533447684391,0.411663807890223,0.5660377358490566,2.2641509433962264,1.6981132075471697,1.3379073756432247,0.1543739279588336,0.0,54.0,47.94952681388013,34.78260869565217,1
47445,Iago Aspas,2025,F,140,La Liga,538,Celta Vigo,1155.0,32,6.832523850823938,78.58267716535433,5.0,3.0,23.0,12.0,635.0,31.0,15.0,0.0,12.0,97.0,47.0,20.0,12.0,12.0,17.0,5.0,0.0,4,0,0.3896103896103896,0.2337662337662337,1.7922077922077924,0.935064935064935,49.48051948051948,2.415584415584416,1.168831168831169,0.0,0.935064935064935,7.558441558441558,3.662337662337662,1.5584415584415583,0.935064935064935,0.935064935064935,1.324675324675325,0.3896103896103896,0.0,0.3116883116883117,0.0,52.17391304347826,48.45360824742268,60.0,0
47472,Borja Mayoral,2025,F,140,La Liga,546,Getafe,1067.0,16,6.734020618556701,81.06060606060606,4.0,1.0,10.0,7.0,264.0,5.0,5.0,2.0,5.0,95.0,33.0,9.0,6.0,4.0,7.0,6.0,11.0,0,0,0.3373945641986879,0.0843486410496719,0.8434864104967197,0.5904404873477038,22.2680412371134,0.4217432052483598,0.4217432052483598,0.1686972820993439,0.4217432052483598,8.013120899718839,2.783505154639175,0.7591377694470478,0.5060918462980318,0.3373945641986879,0.5904404873477038,0.5060918462980318,0.9278350515463918,0.0,0.0,70.0,34.73684210526316,66.66666666666666,1
47582,Cucho Hernández,2025,F,140,La Liga,543,Real Betis,2592.0,32,6.912191358024692,71.68949771689498,11.0,3.0,67.0,27.0,657.0,34.0,28.0,2.0,9.0,291.0,130.0,50.0,27.0,10.0,38.0,22.0,17.0,5,0,0.3819444444444444,0.1041666666666666,2.326388888888889,0.9375,22.8125,1.1805555555555556,0.9722222222222222,0.0694444444444444,0.3125,10.104166666666666,4.513888888888889,1.736111111111111,0.9375,0.3472222222222222,1.3194444444444444,0.7638888888888888,0.5902777777777778,0.1736111111111111,0.0,40.298507462686565,44.67353951890035,54.0,1
48389,Noah Okafor,2025,F,39,Premier League,63,Leeds,1573.0,28,7.006865861411317,76.20481927710844,8.0,1.0,25.0,15.0,332.0,20.0,23.0,1.0,12.0,222.0,88.0,92.0,39.0,13.0,14.0,18.0,0.0,3,0,0.4577240940877304,0.0572155117609663,1.4303877940241576,0.8582326764144945,18.99554990464081,1.1443102352193262,1.315956770502225,0.0572155117609663,0.6865861411315957,12.70184361093452,5.034965034965035,5.2638270820089,2.231404958677686,0.743801652892562,0.8010171646535283,1.0298792116973934,0.0,0.1716465352828989,0.0,60.0,39.63963963963964,42.391304347826086,0
50048,Vedat Muriqi,2025,F,140,La Liga,798,Mallorca,3134.0,37,7.156062539885131,64.73087818696884,23.0,1.0,93.0,50.0,706.0,24.0,8.0,5.0,3.0,440.0,228.0,27.0,16.0,7.0,64.0,42.0,15.0,4,1,0.6604977664326739,0.0287172941927249,2.6707083599234207,1.4358647096362476,20.274409700063813,0.6892150606253988,0.2297383535417996,0.1435864709636247,0.0861518825781748,12.63560944479898,6.547543075941289,0.7753669432035737,0.4594767070835993,0.2010210593490746,1.837906828334397,1.206126356094448,0.4307594128908742,0.1148691767708998,0.0287172941927249,53.76344086021505,51.81818181818182,59.25925925925925,1
50739,Brenden Aaronson,2025,F,39,Premier League,63,Leeds,2473.0,37,6.774605742013749,81.1377245508982,4.0,5.0,29.0,17.0,668.0,34.0,50.0,4.0,15.0,389.0,156.0,84.0,31.0,41.0,51.0,20.0,5.0,3,0,0.1455721795390214,0.1819652244237768,1.0553983016579054,0.6186817630408411,24.31055398301658,1.2373635260816822,1.819652244237768,0.1455721795390214,0.5458956732713304,14.156894460169834,5.677315002021836,3.0570157703194503,1.128184391427416,1.4921148402749695,1.8560452891225232,0.7278608976951072,0.1819652244237768,0.109179134654266,0.0,58.620689655172406,40.102827763496144,36.90476190476191,1
50856,Valentín Castellanos,2025,F,39,Premier League,48,West Ham,2089.0,29,6.816850167544279,65.97402597402598,8.0,3.0,56.0,30.0,385.0,20.0,18.0,2.0,9.0,239.0,103.0,28.0,10.0,11.0,34.0,41.0,14.0,8,0,0.3446625179511728,0.1292484442316898,2.41263762565821,1.292484442316898,16.58688367640019,0.861656294877932,0.7754906653901388,0.0861656294877932,0.3877453326950694,10.296792723791288,4.43752991862135,1.206318812829105,0.430828147438966,0.4739109621828626,1.4648157012924845,1.7663954044997607,0.6031594064145525,0.3446625179511728,0.0,53.57142857142857,43.09623430962343,35.714285714285715,1
51530,Federico Viñas,2025,F,140,La Liga,718,Oviedo,2451.0,33,7.056017951856385,71.95357833655706,9.0,1.0,48.0,21.0,517.0,27.0,50.0,4.0,14.0,494.0,260.0,72.0,49.0,11.0,69.0,46.0,13.0,7,3,0.3304773561811505,0.03671970624235,1.7625458996328027,0.7711138310893512,18.98408812729498,0.9914320685434516,1.835985312117503,0.1468788249694002,0.5140758873929009,18.13953488372093,9.547123623011016,2.6438188494492043,1.7992656058751528,0.4039167686658507,2.533659730722154,1.689106487148103,0.4773561811505508,0.2570379436964504,0.1101591187270501,43.75,52.63157894736842,68.05555555555556,1
57446,Akor Adams,2025,F,140,La Liga,536,Sevilla,2070.0,32,6.67144927536232,63.86554621848739,10.0,3.0,48.0,30.0,357.0,13.0,8.0,4.0,1.0,245.0,92.0,28.0,16.0,3.0,12.0,36.0,41.0,3,0,0.4347826086956521,0.1304347826086956,2.0869565217391304,1.3043478260869563,15.52173913043478,0.5652173913043478,0.3478260869565217,0.1739130434782608,0.0434782608695652,10.652173913043478,4.0,1.2173913043478262,0.6956521739130435,0.1304347826086956,0.5217391304347826,1.565217391304348,1.782608695652174,0.1304347826086956,0.0,62.5,37.55102040816327,57.14285714285714,1
66387,Pavel Šulc,2025,F,61,Ligue 1,80,Lyon,1568.0,27,7.074201787994892,74.47368421052632,11.0,3.0,31.0,18.0,380.0,22.0,24.0,0.0,7.0,191.0,70.0,32.0,15.0,18.0,15.0,28.0,6.0,3,0,0.6313775510204082,0.1721938775510204,1.7793367346938775,1.0331632653061225,21.81122448979592,1.2627551020408163,1.3775510204081631,0.0,0.4017857142857142,10.963010204081632,4.017857142857143,1.8367346938775508,0.860969387755102,1.0331632653061225,0.860969387755102,1.607142857142857,0.3443877551020408,0.1721938775510204,0.0,58.06451612903226,36.64921465968586,46.875,1
66817,Nikola Krstović,2025,F,135,Serie A,499,Atalanta,1786.0,33,6.731187010078387,73.65269461077844,10.0,5.0,75.0,34.0,501.0,21.0,15.0,3.0,3.0,266.0,117.0,39.0,17.0,4.0,27.0,45.0,27.0,4,0,0.503919372900336,0.251959686450168,3.77939529675252,1.7133258678611425,25.24636058230683,1.0582306830907051,0.7558790593505039,0.1511758118701007,0.1511758118701007,13.404255319148936,5.89585666293393,1.96528555431131,0.8566629339305711,0.2015677491601343,1.360582306830907,2.2676371780515114,1.360582306830907,0.2015677491601343,0.0,45.33333333333333,43.98496240601504,43.58974358974359,1
72457,Aiyegun Tosin,2025,F,61,Ligue 1,97,Lorient,1068.0,27,6.692127460168697,77.66497461928934,5.0,0.0,25.0,12.0,197.0,11.0,5.0,0.0,2.0,86.0,38.0,27.0,13.0,2.0,14.0,11.0,3.0,1,0,0.4213483146067416,0.0,2.106741573033708,1.0112359550561798,16.60112359550562,0.9269662921348314,0.4213483146067416,0.0,0.1685393258426966,7.247191011235955,3.202247191011236,2.2752808988764044,1.0955056179775282,0.1685393258426966,1.1797752808988764,0.9269662921348314,0.2528089887640449,0.0842696629213483,0.0,48.0,44.18604651162791,48.14814814814815,1
84087,Wilson Isidor,2025,F,39,Premier League,746,Sunderland,1173.0,32,6.573589743589744,61.36363636363637,6.0,0.0,31.0,17.0,135.0,0.0,11.0,1.0,1.0,168.0,49.0,24.0,6.0,5.0,7.0,14.0,11.0,1,0,0.4603580562659847,0.0,2.378516624040921,1.3043478260869563,10.358056265984654,0.0,0.843989769820972,0.0767263427109974,0.0767263427109974,12.89002557544757,3.7595907928388743,1.8414322250639388,0.4603580562659847,0.3836317135549872,0.5370843989769821,1.0741687979539642,0.843989769820972,0.0767263427109974,0.0,54.83870967741935,29.166666666666668,25.0,1
84128,Yann Gboho,2025,F,61,Ligue 1,96,Toulouse,2608.0,31,7.2278374233128835,82.08020050125313,8.0,3.0,34.0,16.0,798.0,57.0,26.0,1.0,14.0,365.0,174.0,155.0,77.0,17.0,69.0,16.0,5.0,1,1,0.2760736196319018,0.1035276073619632,1.1733128834355828,0.5521472392638037,27.53834355828221,1.9670245398773003,0.8972392638036809,0.0345092024539877,0.4831288343558282,12.595858895705522,6.004601226993866,5.3489263803680975,2.657208588957056,0.5866564417177914,2.3811349693251533,0.5521472392638037,0.1725460122699386,0.0345092024539877,0.0345092024539877,47.05882352941176,47.67123287671232,49.67741935483871,0
85041,Amine Gouiri,2025,F,61,Ligue 1,81,Marseille,1328.0,22,7.029216867469879,83.25242718446601,8.0,3.0,27.0,17.0,412.0,32.0,12.0,1.0,3.0,142.0,55.0,48.0,19.0,7.0,16.0,17.0,4.0,1,0,0.5421686746987953,0.2033132530120482,1.8298192771084336,1.1521084337349397,27.921686746987955,2.168674698795181,0.8132530120481928,0.0677710843373494,0.2033132530120482,9.623493975903614,3.727409638554217,3.253012048192771,1.2876506024096386,0.4743975903614457,1.0843373493975903,1.1521084337349397,0.2710843373493976,0.0677710843373494,0.0,62.96296296296296,38.732394366197184,39.58333333333333,0
90590,Georginio Rutter,2025,F,39,Premier League,51,Brighton,1804.0,32,6.623725055432373,69.88505747126436,3.0,3.0,28.0,14.0,435.0,25.0,32.0,1.0,11.0,285.0,113.0,66.0,28.0,16.0,34.0,30.0,11.0,2,0,0.1496674057649667,0.1496674057649667,1.3968957871396896,0.6984478935698448,21.70177383592017,1.247228381374723,1.5964523281596452,0.0498891352549889,0.5487804878048781,14.21840354767184,5.637472283813747,3.292682926829268,1.3968957871396896,0.7982261640798226,1.6962305986696231,1.496674057649667,0.5487804878048781,0.0997782705099778,0.0,50.0,39.64912280701755,42.42424242424242,1
90617,Lassine Sinayoko,2025,F,61,Ligue 1,108,Auxerre,2780.0,32,7.015107913669064,75.95772787318363,12.0,4.0,68.0,38.0,757.0,40.0,42.0,0.0,26.0,381.0,165.0,65.0,32.0,8.0,53.0,29.0,14.0,8,0,0.3884892086330935,0.1294964028776978,2.2014388489208634,1.2302158273381294,24.507194244604317,1.2949640287769786,1.359712230215827,0.0,0.841726618705036,12.334532374100718,5.341726618705036,2.10431654676259,1.0359712230215827,0.2589928057553957,1.7158273381294964,0.9388489208633094,0.4532374100719424,0.2589928057553957,0.0,55.88235294117647,43.30708661417323,49.23076923076923,1
91745,Alemão,2025,F,140,La Liga,728,Rayo Vallecano,1149.0,26,6.567131647776809,68.47826086956522,4.0,0.0,20.0,12.0,184.0,7.0,6.0,2.0,1.0,148.0,59.0,13.0,7.0,9.0,27.0,23.0,4.0,3,0,0.3133159268929504,0.0,1.5665796344647518,0.9399477806788512,14.41253263707572,0.5483028720626633,0.4699738903394256,0.1566579634464752,0.0783289817232376,11.592689295039165,4.6214099216710185,1.0182767624020888,0.5483028720626633,0.7049608355091384,2.1148825065274157,1.8015665796344649,0.3133159268929504,0.2349869451697128,0.0,60.0,39.86486486486486,53.84615384615385,1
98936,Lyle Foster,2025,F,39,Premier League,44,Burnley,1372.0,26,6.451530612244898,71.63636363636363,3.0,2.0,13.0,6.0,281.0,10.0,16.0,3.0,4.0,208.0,66.0,22.0,10.0,8.0,13.0,22.0,11.0,4,0,0.1967930029154519,0.1311953352769679,0.8527696793002916,0.3935860058309038,18.432944606413997,0.6559766763848396,1.0495626822157431,0.1967930029154519,0.2623906705539358,13.644314868804663,4.329446064139941,1.4431486880466473,0.6559766763848396,0.5247813411078717,0.8527696793002916,1.4431486880466473,0.7215743440233237,0.2623906705539358,0.0,46.15384615384615,31.73076923076923,45.45454545454545,1
106851,Shuto Machino,2025,F,78,Bundesliga,163,Borussia Mönchengladbach,1084.0,32,6.677551020408163,73.23943661971832,3.0,1.0,20.0,11.0,286.0,14.0,8.0,1.0,3.0,125.0,54.0,10.0,3.0,8.0,11.0,14.0,9.0,2,0,0.2490774907749077,0.0830258302583025,1.6605166051660516,0.9132841328413284,23.74538745387453,1.1623616236162362,0.6642066420664207,0.0830258302583025,0.2490774907749077,10.378228782287824,4.483394833948339,0.8302583025830258,0.2490774907749077,0.6642066420664207,0.9132841328413284,1.1623616236162362,0.7472324723247232,0.1660516605166051,0.0,55.00000000000001,43.2,30.0,1
110153,Tolu Arokodare,2025,F,39,Premier League,39,Wolves,1438.0,33,6.562630480167015,61.97718631178707,3.0,1.0,38.0,16.0,268.0,11.0,7.0,2.0,5.0,284.0,140.0,32.0,18.0,1.0,17.0,18.0,6.0,1,0,0.1877607788595271,0.062586926286509,2.3783031988873438,1.0013908205841446,16.773296244784422,0.6884561891515995,0.4381084840055633,0.125173852573018,0.3129346314325452,17.774687065368568,8.762169680111265,2.0027816411682893,1.1265646731571626,0.062586926286509,1.0639777468706535,1.1265646731571626,0.3755215577190542,0.062586926286509,0.0,42.10526315789473,49.29577464788733,56.25,1
115589,Benjamin Šeško,2025,F,39,Premier League,33,Manchester United,1636.0,30,6.774694376528117,69.18032786885246,11.0,1.0,51.0,34.0,306.0,9.0,5.0,2.0,3.0,209.0,85.0,30.0,10.0,3.0,6.0,17.0,7.0,2,0,0.6051344743276283,0.0550122249388753,2.8056234718826407,1.87041564792176,16.833740831295845,0.4951100244498778,0.2750611246943765,0.1100244498777506,0.1650366748166259,11.497555012224938,4.676039119804401,1.6503667481662592,0.5501222493887531,0.1650366748166259,0.3300733496332518,0.93520782396088,0.3850855745721271,0.1100244498777506,0.0,66.66666666666666,40.66985645933015,33.33333333333333,1
122734,Ferran Jutglà,2025,F,140,La Liga,538,Celta Vigo,1669.0,30,7.084901138406232,77.99043062200957,9.0,3.0,41.0,26.0,419.0,16.0,12.0,1.0,8.0,191.0,80.0,54.0,21.0,4.0,30.0,24.0,10.0,4,0,0.4853205512282804,0.1617735170760934,2.2109047333732774,1.40203714799281,22.594367884961056,0.8627920910724985,0.6470940683043739,0.0539245056920311,0.4313960455362493,10.299580587177951,4.313960455362492,2.9119233073696824,1.1324146195326543,0.2156980227681246,1.6177351707609346,1.2941881366087478,0.5392450569203115,0.2156980227681246,0.0,63.41463414634146,41.8848167539267,38.88888888888889,1
125743,Beto,2025,F,39,Premier League,45,Everton,1614.0,37,6.753936763794172,62.926829268292686,9.0,1.0,32.0,17.0,208.0,12.0,15.0,5.0,1.0,337.0,133.0,41.0,14.0,3.0,12.0,33.0,9.0,3,0,0.5018587360594795,0.0557620817843866,1.7843866171003715,0.9479553903345724,11.598513011152416,0.6691449814126393,0.8364312267657993,0.2788104089219331,0.0557620817843866,18.79182156133829,7.4163568773234205,2.2862453531598512,0.7806691449814127,0.1672862453531598,0.6691449814126393,1.8401486988847584,0.5018587360594795,0.1672862453531598,0.0,53.125,39.46587537091988,34.14634146341464,1
126690,Kieron Bowie,2025,F,135,Serie A,504,Hellas Verona,1204.0,14,6.782225913621262,70.0,4.0,0.0,25.0,11.0,200.0,13.0,9.0,3.0,0.0,185.0,71.0,15.0,5.0,1.0,27.0,34.0,3.0,1,0,0.2990033222591362,0.0,1.8687707641196012,0.8222591362126247,14.950166112956811,0.9717607973421928,0.6727574750830565,0.2242524916943521,0.0,13.82890365448505,5.307308970099667,1.1212624584717608,0.3737541528239202,0.074750830564784,2.0182724252491697,2.5415282392026577,0.2242524916943521,0.074750830564784,0.0,44.0,38.37837837837838,33.33333333333333,1
127769,Gabriel Martinelli,2025,F,39,Premier League,42,Arsenal,1079.0,30,6.595454545454545,73.25581395348837,1.0,4.0,22.0,13.0,261.0,13.0,12.0,1.0,1.0,130.0,55.0,38.0,22.0,6.0,14.0,10.0,5.0,3,0,0.0834105653382761,0.3336422613531047,1.835032437442076,1.0843373493975903,21.770157553290083,1.0843373493975903,1.000926784059314,0.0834105653382761,0.0834105653382761,10.843373493975903,4.5875810936051895,3.1696014828544947,1.835032437442076,0.5004633920296571,1.1677479147358665,0.8341056533827618,0.4170528266913809,0.2502316960148285,0.0,59.09090909090909,42.30769230769231,57.89473684210527,1
128478,Walid Cheddira,2025,F,135,Serie A,867,Lecce,1247.0,33,6.710522088353414,69.3069306930693,4.0,1.0,22.0,12.0,207.0,11.0,5.0,3.0,2.0,183.0,74.0,25.0,12.0,2.0,34.0,27.0,11.0,3,0,0.2886928628708901,0.0721732157177225,1.5878107457898958,0.8660785886126704,14.939855653568566,0.7939053728949479,0.3608660785886126,0.2165196471531676,0.144346431435445,13.207698476343223,5.340817963111467,1.8043303929430636,0.8660785886126704,0.144346431435445,2.4538893344025663,1.9486768243785084,0.7939053728949479,0.2165196471531676,0.0,54.54545454545454,40.43715846994536,48.0,1
128582,Jorge de Frutos,2025,F,140,La Liga,728,Rayo Vallecano,2483.0,36,6.997180829641563,76.13065326633166,10.0,1.0,51.0,28.0,398.0,31.0,31.0,0.0,11.0,267.0,116.0,59.0,28.0,21.0,39.0,34.0,18.0,3,0,0.3624647603705195,0.0362464760370519,1.8485702778896496,1.014901329037455,14.426097462746675,1.1236407571486104,1.1236407571486104,0.0,0.3987112364075715,9.677809101892873,4.204591220298027,2.138542086186065,1.014901329037455,0.761175996778091,1.413612565445026,1.2323801852597664,0.6524365686669351,0.1087394281111558,0.0,54.90196078431373,43.445692883895134,47.45762711864407,1
129693,Rayan Philippe,2025,F,78,Bundesliga,175,Hamburger SV,1292.0,28,6.621799844840962,71.35678391959799,5.0,0.0,30.0,16.0,204.0,16.0,20.0,0.0,4.0,148.0,48.0,37.0,12.0,8.0,9.0,24.0,2.0,2,0,0.348297213622291,0.0,2.0897832817337463,1.1145510835913313,14.210526315789473,1.1145510835913313,1.3931888544891642,0.0,0.2786377708978328,10.309597523219814,3.343653250773994,2.5773993808049536,0.8359133126934984,0.5572755417956656,0.6269349845201239,1.671826625386997,0.1393188854489164,0.1393188854489164,0.0,53.333333333333336,32.432432432432435,32.432432432432435,1
129711,Brennan Johnson,2025,F,39,Premier League,52,Crystal Palace,1752.0,34,6.599200913242009,66.3157894736842,2.0,1.0,16.0,5.0,382.0,19.0,29.0,1.0,4.0,148.0,67.0,29.0,9.0,15.0,15.0,20.0,14.0,6,0,0.1027397260273972,0.0513698630136986,0.821917808219178,0.2568493150684931,19.62328767123288,0.976027397260274,1.48972602739726,0.0513698630136986,0.2054794520547945,7.602739726027397,3.441780821917808,1.48972602739726,0.4623287671232876,0.7705479452054794,0.7705479452054794,1.0273972602739725,0.7191780821917808,0.3082191780821918,0.0,31.25,45.27027027027027,31.03448275862069,1
133729,Tijjani Noslin,2025,F,135,Serie A,487,Lazio,1181.0,29,6.788992379339543,81.18279569892472,4.0,2.0,30.0,13.0,372.0,16.0,7.0,3.0,3.0,149.0,68.0,31.0,17.0,3.0,23.0,19.0,5.0,6,1,0.304826418289585,0.1524132091447925,2.286198137171888,0.9906858594411516,28.348856900931413,1.2193056731583405,0.5334462320067739,0.2286198137171888,0.2286198137171888,11.354784081287043,5.1820491109229465,2.3624047417442844,1.2955122777307366,0.2286198137171888,1.7527519051651144,1.4479254868755291,0.3810330228619814,0.4572396274343776,0.0762066045723962,43.333333333333336,45.63758389261745,54.83870967741935,1
134926,Daniel Maldini,2025,F,135,Serie A,487,Lazio,955.0,21,6.743350785340315,81.22977346278317,2.0,1.0,15.0,7.0,309.0,11.0,15.0,1.0,4.0,142.0,66.0,34.0,16.0,2.0,27.0,18.0,3.0,1,0,0.1884816753926702,0.0942408376963351,1.413612565445026,0.6596858638743456,29.12041884816754,1.0366492146596855,1.413612565445026,0.0942408376963351,0.3769633507853404,13.382198952879582,6.219895287958115,3.2041884816753927,1.5078534031413615,0.1884816753926702,2.5445026178010477,1.6963350785340314,0.2827225130890052,0.0942408376963351,0.0,46.66666666666666,46.478873239436616,47.05882352941176,0
135519,Gustav Isaksen,2025,F,135,Serie A,487,Lazio,1598.0,30,6.907697121401751,80.73929961089495,5.0,1.0,34.0,19.0,514.0,17.0,16.0,3.0,7.0,223.0,110.0,71.0,27.0,10.0,57.0,18.0,1.0,0,0,0.2816020025031289,0.0563204005006257,1.9148936170212765,1.07008760951189,28.948685857321653,0.9574468085106382,0.9011264080100124,0.1689612015018773,0.3942428035043804,12.559449311639549,6.195244055068836,3.998748435544431,1.520650813516896,0.5632040050062578,3.2102628285356696,1.013767209011264,0.0563204005006257,0.0,0.0,55.88235294117647,49.327354260089685,38.0281690140845,0
135775,Ansu Fati,2025,F,61,Ligue 1,91,Monaco,1086.0,25,6.85791896869245,82.66978922716628,11.0,0.0,33.0,24.0,427.0,15.0,15.0,0.0,4.0,110.0,49.0,29.0,14.0,10.0,6.0,9.0,3.0,1,0,0.9116022099447514,0.0,2.734806629834254,1.9889502762430935,35.386740331491715,1.2430939226519335,1.2430939226519335,0.0,0.3314917127071823,9.116022099447514,4.060773480662983,2.403314917127072,1.160220994475138,0.8287292817679559,0.4972375690607734,0.7458563535911602,0.2486187845303867,0.0828729281767955,0.0,72.72727272727273,44.54545454545455,48.27586206896552,0
136723,Noni Madueke,2025,F,39,Premier League,42,Arsenal,1226.0,26,6.916163265306122,76.15571776155717,2.0,1.0,15.0,9.0,411.0,22.0,21.0,1.0,5.0,171.0,75.0,61.0,29.0,21.0,15.0,15.0,4.0,0,0,0.1468189233278956,0.0734094616639478,1.101141924959217,0.6606851549755302,30.171288743882545,1.6150081566068517,1.5415986949429037,0.0734094616639478,0.367047308319739,12.553017944535071,5.505709624796085,4.477977161500816,2.128874388254486,1.5415986949429037,1.101141924959217,1.101141924959217,0.2936378466557912,0.0,0.0,60.0,43.85964912280701,47.540983606557376,0
137303,Evann Guessand,2025,F,39,Premier League,52,Crystal Palace,933.0,21,6.4092175777063245,82.35294117647058,1.0,2.0,10.0,6.0,187.0,5.0,24.0,3.0,5.0,155.0,69.0,39.0,14.0,5.0,20.0,15.0,1.0,0,0,0.0964630225080385,0.1929260450160771,0.964630225080386,0.5787781350482315,18.038585209003216,0.4823151125401929,2.315112540192926,0.2893890675241157,0.4823151125401929,14.95176848874598,6.655948553054662,3.762057877813505,1.3504823151125402,0.4823151125401929,1.929260450160772,1.4469453376205788,0.0964630225080385,0.0,0.0,60.0,44.516129032258064,35.8974358974359,1
138776,Largie Ramazani,2025,F,140,La Liga,532,Valencia,1250.0,27,6.884640000000001,74.0506329113924,6.0,1.0,34.0,19.0,316.0,16.0,14.0,0.0,14.0,164.0,59.0,55.0,22.0,13.0,20.0,17.0,2.0,4,0,0.4319999999999999,0.072,2.448,1.368,22.752,1.152,1.008,0.0,1.008,11.808000000000002,4.248,3.96,1.584,0.936,1.44,1.224,0.144,0.288,0.0,55.88235294117647,35.97560975609756,40.0,1
138787,Anthony Gordon,2025,F,39,Premier League,34,Newcastle,1817.0,26,7.093887665198238,81.81818181818183,6.0,2.0,37.0,20.0,517.0,26.0,19.0,0.0,3.0,214.0,101.0,71.0,33.0,12.0,40.0,13.0,5.0,3,1,0.2971931755641167,0.0990643918547055,1.832691249312053,0.9906439185470556,25.608145294441385,1.2878370941111723,0.9411117226197028,0.0,0.1485965877820583,10.599889928453496,5.002751788662631,3.516785910842048,1.6345624656026416,0.5943863511282333,1.9812878370941112,0.6439185470555862,0.2476609796367639,0.1485965877820583,0.0495321959273527,54.054054054054056,47.19626168224299,46.478873239436616,0
138835,Folarin Balogun,2025,F,61,Ligue 1,91,Monaco,2245.0,30,6.755545657015591,73.15270935960592,13.0,4.0,60.0,32.0,406.0,24.0,5.0,2.0,4.0,220.0,80.0,33.0,14.0,6.0,37.0,43.0,17.0,4,1,0.5211581291759465,0.1603563474387528,2.405345211581292,1.2828507795100224,16.276169265033406,0.9621380846325168,0.2004454342984409,0.0801781737193764,0.1603563474387528,8.819599109131403,3.207126948775056,1.3229398663697105,0.5612472160356348,0.2405345211581291,1.483296213808463,1.7238307349665924,0.6815144766146993,0.1603563474387528,0.0400890868596882,53.333333333333336,36.36363636363637,42.42424242424242,1
138935,Carney Chukwuemeka,2025,F,78,Bundesliga,165,Borussia Dortmund,939.0,28,6.607799145299146,85.11749347258485,2.0,0.0,12.0,2.0,383.0,11.0,21.0,1.0,6.0,137.0,64.0,47.0,22.0,6.0,15.0,11.0,0.0,2,0,0.1916932907348243,0.0,1.1501597444089455,0.1916932907348243,36.70926517571885,1.0543130990415337,2.0127795527156547,0.0958466453674121,0.5750798722044728,13.130990415335464,6.134185303514378,4.504792332268371,2.1086261980830674,0.5750798722044728,1.437699680511182,1.0543130990415337,0.0,0.1916932907348243,0.0,16.666666666666664,46.71532846715328,46.80851063829788,0
144319,Sambou Soumano,2025,F,61,Ligue 1,97,Lorient,927.0,31,6.679697624190065,76.4367816091954,4.0,2.0,19.0,10.0,180.0,10.0,5.0,0.0,4.0,149.0,56.0,14.0,5.0,1.0,18.0,16.0,10.0,2,0,0.3883495145631067,0.1941747572815533,1.8446601941747571,0.9708737864077672,17.475728155339805,0.9708737864077672,0.4854368932038835,0.0,0.3883495145631067,14.466019417475728,5.436893203883495,1.3592233009708738,0.4854368932038835,0.0970873786407766,1.7475728155339805,1.553398058252427,0.9708737864077672,0.1941747572815533,0.0,52.63157894736842,37.58389261744966,35.714285714285715,1
146751,Raúl García de Haro,2025,F,140,La Liga,727,Osasuna,1042.0,36,6.616794625719771,68.5589519650655,7.0,1.0,33.0,23.0,234.0,12.0,15.0,2.0,7.0,170.0,85.0,31.0,15.0,3.0,15.0,12.0,7.0,2,1,0.6046065259117083,0.0863723608445297,2.8502879078694816,1.986564299424184,20.21113243761996,1.0364683301343571,1.2955854126679462,0.1727447216890595,0.6046065259117083,14.683301343570058,7.341650671785029,2.677543186180422,1.2955854126679462,0.2591170825335893,1.2955854126679462,1.0364683301343571,0.6046065259117083,0.1727447216890595,0.0863723608445297,69.6969696969697,50.0,48.38709677419355,1
147831,Arnaud Kalimuendo,2025,F,78,Bundesliga,169,Eintracht Frankfurt,1527.0,28,6.712532808398951,85.71428571428571,6.0,1.0,20.0,17.0,330.0,24.0,12.0,1.0,4.0,180.0,67.0,42.0,21.0,3.0,18.0,11.0,7.0,4,0,0.3536345776031434,0.0589390962671905,1.1787819253438114,1.0019646365422397,19.44990176817289,1.4145383104125735,0.7072691552062867,0.0589390962671905,0.2357563850687623,10.609037328094304,3.948919449901768,2.475442043222004,1.237721021611002,0.1768172888015717,1.0609037328094302,0.6483300589390962,0.412573673870334,0.2357563850687623,0.0,85.0,37.22222222222222,50.0,1
147859,Charles De Ketelaere,2025,F,135,Serie A,499,Atalanta,2188.0,31,7.365813528336381,78.64173228346458,3.0,5.0,30.0,16.0,1016.0,63.0,24.0,2.0,5.0,346.0,153.0,102.0,51.0,19.0,36.0,23.0,3.0,4,0,0.1234003656307129,0.2056672760511883,1.2340036563071295,0.6581352833638026,41.79159049360146,2.591407678244973,0.9872029250457038,0.0822669104204753,0.2056672760511883,14.23217550274223,6.293418647166362,4.195612431444242,2.097806215722121,0.7815356489945156,1.4808043875685557,0.946069469835466,0.1234003656307129,0.1645338208409506,0.0,53.333333333333336,44.21965317919075,50.0,0
152856,Evanilson,2025,F,39,Premier League,35,Bournemouth,2759.0,36,6.621203334541501,76.55913978494624,6.0,1.0,57.0,22.0,465.0,31.0,13.0,6.0,8.0,284.0,113.0,32.0,16.0,8.0,37.0,26.0,30.0,1,0,0.1957230880753896,0.0326205146792316,1.8593693367162012,0.7176513229430953,15.168539325842696,1.0112359550561798,0.4240666908300108,0.1957230880753896,0.2609641174338528,9.264226168901777,3.686118158753172,1.0438564697354114,0.5219282348677057,0.2609641174338528,1.206959043131569,0.8481333816600217,0.978615440376948,0.0326205146792316,0.0,38.59649122807017,39.7887323943662,50.0,1
153430,Anthony Elanga,2025,F,39,Premier League,34,Newcastle,1338.0,32,6.640688107703815,80.80568720379146,0.0,1.0,12.0,4.0,423.0,15.0,14.0,0.0,3.0,153.0,65.0,42.0,13.0,12.0,25.0,8.0,2.0,0,0,0.0,0.0672645739910313,0.8071748878923767,0.2690582959641255,28.45291479820628,1.0089686098654709,0.9417040358744396,0.0,0.2017937219730941,10.291479820627805,4.37219730941704,2.8251121076233185,0.874439461883408,0.8071748878923767,1.6816143497757847,0.5381165919282511,0.1345291479820627,0.0,0.0,33.33333333333333,42.48366013071895,30.952380952380956,0
156465,Issa Soumaré,2025,F,61,Ligue 1,111,Le Havre,2949.0,34,7.112004069175992,69.07378335949764,8.0,5.0,68.0,28.0,637.0,29.0,36.0,6.0,11.0,496.0,268.0,64.0,26.0,15.0,74.0,56.0,14.0,2,0,0.2441505595116989,0.1525940996948118,2.0752797558494405,0.8545269582909462,19.440488301119025,0.8850457782299085,1.0986775178026449,0.1831129196337741,0.335707019328586,15.137334689725332,8.179043743641913,1.9532044760935912,0.7934893184130214,0.4577822990844354,2.2583926754832144,1.7090539165818923,0.4272634791454731,0.0610376398779247,0.0,41.17647058823529,54.03225806451613,40.625,1
158054,Nick Woltemade,2025,F,39,Premier League,34,Newcastle,2029.0,34,6.693790044356827,76.0204081632653,8.0,3.0,24.0,13.0,393.0,23.0,25.0,3.0,5.0,255.0,97.0,36.0,14.0,11.0,23.0,21.0,9.0,0,0,0.3548546081813701,0.1330704780680138,1.0645638245441105,0.5766387382947264,17.43223262690981,1.020206998521439,1.1089206505667817,0.1330704780680138,0.2217841301133563,11.310990635781172,4.302612124199112,1.5968457368161657,0.6209955643173978,0.4879250862493839,1.020206998521439,0.9314933464760966,0.3992114342040413,0.0,0.0,54.16666666666666,38.03921568627451,38.88888888888889,1
158644,Maximilian Beier,2025,F,78,Bundesliga,165,Borussia Dortmund,2036.0,32,6.831286836935167,70.40816326530613,9.0,6.0,36.0,20.0,588.0,26.0,26.0,3.0,14.0,241.0,92.0,48.0,18.0,17.0,24.0,31.0,3.0,3,0,0.3978388998035363,0.2652259332023575,1.5913555992141453,0.8840864440078585,25.99214145383104,1.149312377210216,1.149312377210216,0.1326129666011787,0.618860510805501,10.653241650294696,4.06679764243615,2.1218074656188604,0.7956777996070726,0.7514734774066798,1.0609037328094302,1.3703339882121808,0.1326129666011787,0.1326129666011787,0.0,55.55555555555556,38.17427385892116,37.5,1
161585,Francisco Conceição,2025,F,135,Serie A,496,Juventus,2098.0,31,7.039799809342231,87.27915194346289,3.0,5.0,45.0,23.0,849.0,42.0,34.0,1.0,7.0,264.0,130.0,102.0,54.0,16.0,40.0,32.0,3.0,3,0,0.1286939942802669,0.2144899904671115,1.930409914204004,0.986653956148713,36.42040038131554,1.801715919923737,1.4585319351763584,0.0428979980934223,0.3002859866539561,11.325071496663488,5.5767397521449,4.375595805529075,2.3164918970448047,0.6863679694947569,1.7159199237368925,1.3727359389895135,0.1286939942802669,0.1286939942802669,0.0,51.11111111111111,49.24242424242424,52.94117647058824,0
161622,Matthis Abline,2025,F,61,Ligue 1,83,Nantes,2497.0,32,7.044933920704846,71.14914425427872,6.0,4.0,55.0,23.0,412.0,30.0,20.0,0.0,8.0,338.0,146.0,116.0,51.0,14.0,42.0,32.0,5.0,6,0,0.2162595114136964,0.1441730076091309,1.9823788546255507,0.828994793752503,14.849819783740488,1.0812975570684822,0.7208650380456548,0.0,0.2883460152182619,12.182619142971564,5.26231477773328,4.181017220664798,1.83820584701642,0.5046055266319583,1.5138165798958751,1.1533840608730477,0.1802162595114137,0.2162595114136964,0.0,41.81818181818181,43.19526627218935,43.96551724137931,1
161670,Vladyslav Vanat,2025,F,140,La Liga,547,Girona,1960.0,27,6.654489795918367,77.94117647058823,9.0,1.0,22.0,18.0,272.0,12.0,5.0,1.0,3.0,135.0,48.0,19.0,9.0,4.0,17.0,28.0,20.0,4,0,0.413265306122449,0.0459183673469387,1.010204081632653,0.826530612244898,12.489795918367347,0.5510204081632653,0.2295918367346938,0.0459183673469387,0.1377551020408163,6.198979591836734,2.204081632653061,0.8724489795918368,0.413265306122449,0.1836734693877551,0.7806122448979592,1.2857142857142856,0.9183673469387754,0.1836734693877551,0.0,81.81818181818183,35.55555555555556,47.368421052631575,1
161904,Bradley Barcola,2025,F,61,Ligue 1,85,Paris Saint Germain,1750.0,29,7.280285714285713,83.49514563106796,11.0,1.0,50.0,31.0,721.0,38.0,30.0,1.0,12.0,202.0,86.0,87.0,36.0,12.0,10.0,20.0,6.0,2,0,0.5657142857142857,0.0514285714285714,2.571428571428571,1.5942857142857143,37.08,1.9542857142857144,1.542857142857143,0.0514285714285714,0.6171428571428571,10.388571428571428,4.422857142857143,4.474285714285714,1.8514285714285716,0.6171428571428571,0.5142857142857142,1.0285714285714285,0.3085714285714285,0.1028571428571428,0.0,62.0,42.57425742574257,41.37931034482759,0
161922,Ansgar Knauff,2025,F,78,Bundesliga,169,Eintracht Frankfurt,1332.0,28,6.556381381381382,70.62146892655367,4.0,1.0,21.0,14.0,354.0,17.0,13.0,0.0,9.0,151.0,49.0,27.0,11.0,11.0,12.0,26.0,7.0,3,0,0.2702702702702703,0.0675675675675675,1.4189189189189189,0.945945945945946,23.91891891891892,1.148648648648649,0.8783783783783784,0.0,0.6081081081081081,10.202702702702702,3.3108108108108105,1.8243243243243243,0.7432432432432432,0.7432432432432432,0.8108108108108109,1.7567567567567568,0.472972972972973,0.2027027027027027,0.0,66.66666666666666,32.450331125827816,40.74074074074074,1
161948,Liam Delap,2025,F,39,Premier League,49,Chelsea,1139.0,28,6.52361720807726,70.96774193548387,1.0,0.0,26.0,11.0,189.0,3.0,5.0,0.0,1.0,151.0,59.0,13.0,10.0,8.0,19.0,25.0,5.0,4,0,0.0790166812993854,0.0,2.0544337137840207,0.8691834942932397,14.934152765583844,0.2370500438981562,0.3950834064969271,0.0,0.0790166812993854,11.9315188762072,4.66198419666374,1.0272168568920104,0.7901668129938543,0.6321334503950834,1.5013169446883232,1.975417032484636,0.3950834064969271,0.3160667251975417,0.0,42.30769230769231,39.0728476821192,76.92307692307693,1
162037,Malik Tillman,2025,F,78,Bundesliga,168,Bayer Leverkusen,1689.0,29,6.976303317535545,83.5249042145594,6.0,0.0,28.0,13.0,783.0,26.0,38.0,6.0,18.0,201.0,104.0,32.0,11.0,13.0,29.0,18.0,2.0,2,0,0.3197158081705151,0.0,1.492007104795737,0.6927175843694494,41.722912966252224,1.3854351687388988,2.024866785079929,0.3197158081705151,0.9591474245115452,10.710479573712256,5.541740674955595,1.7051509769094138,0.586145648312611,0.6927175843694494,1.5452930728241565,0.9591474245115452,0.1065719360568383,0.1065719360568383,0.0,46.42857142857143,51.741293532338304,34.375,0
162707,Elye Wahi,2025,F,61,Ligue 1,84,Nice,1345.0,25,6.64167289021658,75.0,7.0,2.0,30.0,23.0,234.0,12.0,7.0,1.0,2.0,127.0,37.0,23.0,7.0,3.0,10.0,23.0,25.0,7,0,0.4684014869888475,0.1338289962825278,2.007434944237918,1.5390334572490707,15.657992565055762,0.8029739776951673,0.4684014869888475,0.0669144981412639,0.1338289962825278,8.498141263940521,2.475836431226766,1.5390334572490707,0.4684014869888475,0.2007434944237918,0.6691449814126393,1.5390334572490707,1.6728624535315986,0.4684014869888475,0.0,76.66666666666667,29.133858267716533,30.434782608695656,1
162773,Ransford Yeboah Königsdörffer,2025,F,78,Bundesliga,175,Hamburger SV,2360.0,33,6.63906779661017,70.56074766355141,5.0,0.0,50.0,22.0,428.0,20.0,6.0,0.0,6.0,247.0,99.0,40.0,15.0,5.0,32.0,25.0,28.0,2,0,0.1906779661016949,0.0,1.906779661016949,0.8389830508474577,16.322033898305083,0.7627118644067796,0.2288135593220338,0.0,0.2288135593220338,9.419491525423728,3.7754237288135593,1.5254237288135593,0.5720338983050848,0.1906779661016949,1.220338983050847,0.9533898305084744,1.0677966101694916,0.0762711864406779,0.0,44.0,40.08097165991903,37.5,1
163004,Esteban Lepaul,2025,F,61,Ligue 1,94,Rennes,2702.0,34,7.098408586232421,77.5,21.0,5.0,68.0,39.0,520.0,23.0,7.0,0.0,2.0,187.0,73.0,27.0,9.0,8.0,16.0,24.0,9.0,3,0,0.6994818652849741,0.1665433012583271,2.264988897113249,1.299037749814952,17.320503330866025,0.7660991857883049,0.233160621761658,0.0,0.0666173205033308,6.228719467061436,2.4315321983715767,0.8993338267949667,0.2997779422649889,0.2664692820133234,0.5329385640266469,0.7994078460399704,0.2997779422649889,0.0999259807549963,0.0,57.35294117647059,39.037433155080215,33.33333333333333,1
163032,Fabian Rieder,2025,F,78,Bundesliga,170,FC Augsburg,2498.0,35,6.907769323187826,76.05140186915888,6.0,3.0,31.0,13.0,856.0,46.0,40.0,4.0,18.0,285.0,112.0,45.0,19.0,30.0,39.0,47.0,2.0,4,0,0.2161729383506805,0.1080864691753402,1.1168935148118495,0.4683746997598078,30.84067253803042,1.657325860688551,1.4411529223378703,0.144115292233787,0.6485188150520417,10.268214571657326,4.035228182546037,1.621297037630104,0.6845476381104884,1.0808646917534028,1.4051240992794236,1.6933546837469975,0.0720576461168935,0.144115292233787,0.0,41.935483870967744,39.29824561403509,42.22222222222222,0
174565,Hugo Ekitiké,2025,F,39,Premier League,40,Liverpool,1810.0,28,7.04635359116022,76.75,11.0,4.0,48.0,19.0,400.0,21.0,11.0,2.0,3.0,239.0,92.0,72.0,38.0,3.0,12.0,35.0,10.0,0,0,0.5469613259668509,0.1988950276243094,2.386740331491713,0.9447513812154696,19.88950276243094,1.0441988950276244,0.5469613259668509,0.0994475138121547,0.149171270718232,11.883977900552487,4.574585635359116,3.580110497237569,1.8895027624309395,0.149171270718232,0.5966850828729282,1.740331491712707,0.4972375690607734,0.0,0.0,39.58333333333333,38.49372384937239,52.77777777777778,1
174724,Frank Magri,2025,F,61,Ligue 1,96,Toulouse,1264.0,17,6.760205696202531,73.89162561576354,5.0,1.0,25.0,12.0,203.0,14.0,8.0,1.0,3.0,191.0,78.0,22.0,10.0,6.0,22.0,28.0,3.0,3,0,0.3560126582278481,0.0712025316455696,1.7800632911392409,0.8544303797468354,14.454113924050631,0.9968354430379748,0.569620253164557,0.0712025316455696,0.2136075949367088,13.599683544303796,5.55379746835443,1.5664556962025316,0.7120253164556962,0.4272151898734177,1.5664556962025316,1.9936708860759491,0.2136075949367088,0.2136075949367088,0.0,48.0,40.83769633507853,45.45454545454545,1
174915,Josué Casimir,2025,F,61,Ligue 1,108,Auxerre,1532.0,31,6.594125326370756,78.86710239651417,1.0,0.0,17.0,12.0,459.0,10.0,31.0,0.0,11.0,187.0,98.0,20.0,10.0,10.0,32.0,34.0,3.0,6,1,0.0587467362924282,0.0,0.9986945169712792,0.7049608355091384,26.964751958224547,0.5874673629242819,1.821148825065274,0.0,0.6462140992167102,10.985639686684072,5.757180156657964,1.1749347258485638,0.5874673629242819,0.5874673629242819,1.8798955613577024,1.9973890339425584,0.1762402088772846,0.3524804177545692,0.0587467362924282,70.58823529411765,52.406417112299465,50.0,1
177807,Justin Njinmah,2025,F,78,Bundesliga,162,Werder Bremen,1955.0,33,6.705578300921188,76.88787185354691,5.0,0.0,47.0,23.0,438.0,16.0,23.0,1.0,6.0,170.0,86.0,55.0,21.0,10.0,25.0,8.0,20.0,2,0,0.2301790281329923,0.0,2.163682864450128,1.0588235294117647,20.163682864450127,0.7365728900255754,1.0588235294117647,0.0460358056265984,0.2762148337595908,7.826086956521739,3.959079283887468,2.5319693094629154,0.9667519181585678,0.4603580562659847,1.1508951406649617,0.3682864450127877,0.9207161125319694,0.0920716112531969,0.0,48.93617021276596,50.588235294117645,38.18181818181819,1
178106,Marvin Pieringer,2025,F,78,Bundesliga,180,1. FC Heidenheim,1653.0,27,6.708166969147006,67.88511749347258,4.0,1.0,29.0,8.0,383.0,16.0,20.0,1.0,10.0,268.0,125.0,29.0,16.0,9.0,27.0,37.0,11.0,2,0,0.2177858439201452,0.0544464609800363,1.5789473684210529,0.4355716878402904,20.852994555353902,0.8711433756805809,1.088929219600726,0.0544464609800363,0.5444646098003629,14.591651542649728,6.8058076225045365,1.5789473684210529,0.8711433756805809,0.4900181488203267,1.47005444646098,2.014519056261343,0.5989110707803993,0.1088929219600726,0.0,27.58620689655172,46.64179104477612,55.172413793103445,1
178749,Lazar Samardžić,2025,F,135,Serie A,499,Atalanta,1028.0,26,6.838401559454192,84.48275862068965,2.0,1.0,19.0,9.0,524.0,28.0,12.0,0.0,9.0,121.0,41.0,33.0,14.0,6.0,10.0,17.0,1.0,1,0,0.1750972762645914,0.0875486381322957,1.6634241245136188,0.7879377431906615,45.87548638132296,2.4513618677042803,1.050583657587549,0.0,0.7879377431906615,10.593385214007782,3.589494163424124,2.8891050583657583,1.2256809338521402,0.5252918287937743,0.8754863813229572,1.4883268482490273,0.0875486381322957,0.0875486381322957,0.0,47.368421052631575,33.88429752066116,42.42424242424242,0
178921,Andreas Hountondji,2025,F,78,Bundesliga,186,FC St. Pauli,1084.0,21,6.479520295202952,66.0,4.0,0.0,17.0,13.0,150.0,6.0,7.0,2.0,1.0,139.0,33.0,27.0,9.0,5.0,6.0,9.0,6.0,2,0,0.3321033210332103,0.0,1.4114391143911438,1.0793357933579335,12.453874538745389,0.4981549815498154,0.5811808118081181,0.1660516605166051,0.0830258302583025,11.54059040590406,2.7398523985239853,2.2416974169741697,0.7472324723247232,0.4151291512915129,0.4981549815498154,0.7472324723247232,0.4981549815498154,0.1660516605166051,0.0,76.47058823529412,23.7410071942446,33.33333333333333,1
180496,Georges Mikautadze,2025,F,140,La Liga,533,Villarreal,2296.0,34,7.000435540069685,76.33410672853829,14.0,6.0,62.0,36.0,431.0,28.0,6.0,1.0,6.0,218.0,100.0,75.0,38.0,5.0,46.0,13.0,4.0,1,0,0.5487804878048781,0.235191637630662,2.4303135888501743,1.411149825783972,16.89459930313589,1.0975609756097562,0.235191637630662,0.039198606271777,0.235191637630662,8.545296167247386,3.919860627177701,2.939895470383276,1.489547038327526,0.195993031358885,1.803135888501742,0.509581881533101,0.156794425087108,0.039198606271777,0.0,58.06451612903226,45.87155963302752,50.66666666666667,1
184226,Yéremy Pino,2025,F,39,Premier League,52,Crystal Palace,2260.0,36,6.941946902654867,75.40805223068553,2.0,3.0,26.0,12.0,919.0,55.0,38.0,2.0,11.0,267.0,102.0,47.0,18.0,35.0,24.0,32.0,10.0,4,0,0.079646017699115,0.1194690265486725,1.0353982300884956,0.4778761061946902,36.59734513274336,2.190265486725664,1.5132743362831858,0.079646017699115,0.4380530973451327,10.632743362831858,4.061946902654867,1.8716814159292037,0.7168141592920354,1.393805309734513,0.9557522123893804,1.2743362831858407,0.3982300884955752,0.1592920353982301,0.0,46.15384615384615,38.20224719101123,38.297872340425535,0
185398,Isaac Romero,2025,F,140,La Liga,536,Sevilla,1498.0,29,6.481041388518024,72.32142857142857,4.0,0.0,33.0,14.0,336.0,14.0,16.0,1.0,6.0,208.0,72.0,44.0,10.0,8.0,24.0,29.0,5.0,6,1,0.240320427236315,0.0,1.9826435246995997,0.8411214953271028,20.186915887850468,0.8411214953271028,0.9612817089452604,0.0600801068090787,0.3604806408544727,12.496662216288383,4.325767690253672,2.6435246995994657,0.6008010680907877,0.4806408544726301,1.4419225634178907,1.7423230974632844,0.3004005340453938,0.3604806408544727,0.0600801068090787,42.42424242424242,34.61538461538461,22.727272727272727,1
188319,Kevin Carlos Omoruyi,2025,F,61,Ligue 1,84,Nice,901.0,24,6.380846325167036,71.16564417177914,0.0,0.0,13.0,7.0,167.0,3.0,2.0,1.0,1.0,132.0,50.0,8.0,2.0,3.0,17.0,29.0,5.0,2,0,0.0,0.0,1.2985571587125415,0.6992230854605994,16.681465038845726,0.2996670366259711,0.1997780244173141,0.099889012208657,0.099889012208657,13.18534961154273,4.994450610432852,0.7991120976692564,0.1997780244173141,0.2996670366259711,1.6981132075471697,2.896781354051054,0.4994450610432852,0.1997780244173141,0.0,53.84615384615385,37.87878787878788,25.0,1
190686,Sékou Mara,2025,F,61,Ligue 1,108,Auxerre,1234.0,27,6.728617886178863,73.10924369747899,3.0,2.0,24.0,12.0,239.0,9.0,13.0,0.0,4.0,207.0,92.0,34.0,17.0,4.0,27.0,27.0,2.0,0,0,0.2188006482982172,0.1458670988654781,1.7504051863857375,0.8752025931928687,17.431118314424637,0.6564019448946515,0.9481361426256076,0.0,0.2917341977309562,15.097244732576986,6.709886547811993,2.479740680713128,1.239870340356564,0.2917341977309562,1.9692058346839547,1.9692058346839547,0.1458670988654781,0.0,0.0,50.0,44.44444444444444,50.0,1
192032,Iván Romero,2025,F,140,La Liga,539,Levante,2287.0,32,6.896152164407521,73.54596622889305,7.0,1.0,40.0,18.0,535.0,25.0,33.0,2.0,12.0,365.0,176.0,75.0,36.0,21.0,77.0,40.0,7.0,5,0,0.2754700480979449,0.0393528640139921,1.5741145605596851,0.7083515522518583,21.05378224748579,0.9838216003498031,1.2986445124617405,0.0787057280279842,0.4722343681679056,14.363795365107128,6.926104066462615,2.9514648010494096,1.4167031045037166,0.8264101442938347,3.030170529077394,1.5741145605596851,0.2754700480979449,0.1967643200699606,0.0,45.0,48.21917808219178,48.0,1
195106,Rodrigo Muniz,2025,F,39,Premier League,36,Fulham,997.0,21,6.49568706118355,44.53125,1.0,1.0,21.0,5.0,133.0,8.0,8.0,3.0,2.0,220.0,108.0,12.0,5.0,5.0,18.0,21.0,5.0,2,0,0.0902708124373119,0.0902708124373119,1.8956870611835508,0.4513540621865596,12.006018054162489,0.7221664994984955,0.7221664994984955,0.2708124373119357,0.1805416248746238,19.859578736208626,9.749247743229688,1.083249749247743,0.4513540621865596,0.4513540621865596,1.624874623871615,1.8956870611835508,0.4513540621865596,0.1805416248746238,0.0,23.809523809523807,49.09090909090909,41.66666666666667,1
195512,Martín Satriano,2025,F,140,La Liga,546,Getafe,2307.0,29,6.790112749349523,70.47619047619048,8.0,2.0,40.0,21.0,525.0,24.0,27.0,2.0,15.0,375.0,152.0,76.0,29.0,10.0,44.0,32.0,7.0,6,0,0.3120936280884265,0.0780234070221066,1.5604681404421326,0.8192457737321196,20.48114434330299,0.9362808842652796,1.0533159947984396,0.0780234070221066,0.5851755526657997,14.629388816644992,5.929778933680104,2.964889466840052,1.131339401820546,0.3901170351105331,1.7165149544863458,1.248374512353706,0.2730819245773732,0.2340702210663199,0.0,52.5,40.53333333333333,38.15789473684211,1
196156,Igor Thiago,2025,F,39,Premier League,55,Brentford,3284.0,38,6.942570036540804,69.10828025477707,22.0,1.0,67.0,43.0,628.0,24.0,38.0,8.0,12.0,524.0,202.0,53.0,29.0,15.0,26.0,73.0,23.0,7,0,0.6029232643118149,0.0274056029232643,1.836175395858709,1.1784409257003654,17.21071863580999,0.6577344701583434,1.0414129110840438,0.2192448233861144,0.3288672350791717,14.3605359317905,5.535931790499391,1.4524969549330085,0.7947624847746649,0.4110840438489647,0.7125456760048721,2.0006090133982948,0.6303288672350792,0.1918392204628501,0.0,64.17910447761194,38.54961832061068,54.71698113207547,1
199837,Kamaldeen Sulemana,2025,F,135,Serie A,499,Atalanta,1008.0,25,6.853769841269842,84.7953216374269,2.0,1.0,19.0,10.0,342.0,13.0,9.0,1.0,2.0,132.0,57.0,49.0,22.0,6.0,14.0,13.0,5.0,4,0,0.1785714285714285,0.0892857142857142,1.6964285714285714,0.8928571428571428,30.53571428571429,1.1607142857142856,0.8035714285714285,0.0892857142857142,0.1785714285714285,11.785714285714286,5.089285714285714,4.375,1.9642857142857144,0.5357142857142857,1.25,1.1607142857142856,0.4464285714285714,0.3571428571428571,0.0,52.63157894736842,43.18181818181818,44.89795918367347,0
200139,Mohamed Amoura,2025,F,78,Bundesliga,161,VfL Wolfsburg,1975.0,32,6.773404255319148,69.76284584980237,8.0,3.0,50.0,19.0,507.0,26.0,39.0,1.0,7.0,239.0,94.0,50.0,18.0,28.0,11.0,22.0,12.0,2,0,0.3645569620253164,0.1367088607594936,2.278481012658228,0.8658227848101266,23.10379746835443,1.1848101265822784,1.777215189873418,0.0455696202531645,0.3189873417721519,10.891139240506329,4.283544303797468,2.278481012658228,0.8202531645569621,1.2759493670886075,0.5012658227848101,1.0025316455696205,0.5468354430379747,0.0911392405063291,0.0,38.0,39.33054393305439,36.0,1
202501,Fisnik Asllani,2025,F,78,Bundesliga,167,1899 Hoffenheim,2354.0,33,6.708836023789295,68.55828220858896,10.0,7.0,58.0,28.0,652.0,36.0,17.0,0.0,7.0,254.0,94.0,40.0,17.0,18.0,37.0,26.0,14.0,2,0,0.3823279524214104,0.2676295666949873,2.21750212404418,1.070518266779949,24.92778249787596,1.3763806287170774,0.6499575191163975,0.0,0.2676295666949873,9.711129991503824,3.593882752761257,1.5293118096856415,0.6499575191163975,0.6881903143585387,1.4146134239592183,0.9940526762956668,0.5352591333899746,0.076465590484282,0.0,48.27586206896552,37.00787401574803,42.5,1
202696,Igor Matanović,2025,F,78,Bundesliga,160,SC Freiburg,1570.0,31,6.88470363288719,62.893081761006286,11.0,2.0,38.0,19.0,318.0,22.0,23.0,2.0,9.0,314.0,139.0,30.0,12.0,15.0,22.0,43.0,6.0,0,0,0.6305732484076433,0.1146496815286624,2.178343949044586,1.089171974522293,18.22929936305733,1.2611464968152866,1.3184713375796178,0.1146496815286624,0.5159235668789809,18.0,7.968152866242038,1.719745222929936,0.6878980891719745,0.8598726114649681,1.2611464968152866,2.464968152866242,0.3439490445859872,0.0,0.0,50.0,44.26751592356688,40.0,1
203040,Tim Lemperle,2025,F,78,Bundesliga,167,1899 Hoffenheim,1959.0,29,6.569116896375701,70.23346303501945,8.0,2.0,42.0,21.0,514.0,27.0,21.0,1.0,6.0,259.0,89.0,40.0,15.0,18.0,16.0,60.0,18.0,3,1,0.3675344563552833,0.0918836140888208,1.9295558958652368,0.9647779479326186,23.614088820826957,1.2404287901990811,0.9647779479326186,0.0459418070444104,0.2756508422664624,11.8989280245023,4.088820826952527,1.8376722817764164,0.6891271056661562,0.8269525267993875,0.7350689127105666,2.756508422664625,0.8269525267993875,0.1378254211332312,0.0459418070444104,50.0,34.36293436293436,37.5,1
236955,Amin Sarr,2025,F,135,Serie A,504,Hellas Verona,1087.0,34,6.524195032198711,75.26132404181185,0.0,1.0,13.0,6.0,287.0,15.0,15.0,0.0,3.0,211.0,85.0,23.0,10.0,4.0,22.0,25.0,7.0,2,1,0.0,0.0827966881324747,1.076356945722171,0.4967801287948482,23.76264949402024,1.2419503219871206,1.2419503219871206,0.0,0.2483900643974241,17.47010119595216,7.037718491260351,1.904323827046918,0.8279668813247469,0.3311867525298988,1.8215271389144432,2.069917203311868,0.5795768169273229,0.1655933762649494,0.0827966881324747,46.15384615384615,40.28436018957346,43.47826086956522,1
263481,Lorenzo Colombo,2025,F,135,Serie A,495,Genoa,2353.0,38,6.58083297917552,70.44025157232704,7.0,1.0,53.0,27.0,477.0,19.0,20.0,2.0,1.0,403.0,150.0,50.0,19.0,10.0,55.0,41.0,3.0,2,0,0.2677433064173395,0.0382490437739056,2.0271993200169995,1.032724181895453,18.244793880153,0.7267318317042074,0.764980875478113,0.0764980875478113,0.0382490437739056,15.414364640883978,5.737356566085848,1.9124521886952823,0.7267318317042074,0.3824904377390565,2.103697407564811,1.5682107947301318,0.1147471313217169,0.0764980875478113,0.0,50.943396226415096,37.220843672456574,38.0,1
263699,Alieu Fadera,2025,F,135,Serie A,488,Sassuolo,980.0,28,6.716837782340863,78.59922178988327,2.0,1.0,8.0,4.0,257.0,7.0,36.0,0.0,7.0,199.0,90.0,35.0,11.0,16.0,36.0,36.0,8.0,5,0,0.1836734693877551,0.0918367346938775,0.7346938775510204,0.3673469387755102,23.60204081632653,0.6428571428571428,3.306122448979592,0.0,0.6428571428571428,18.27551020408163,8.26530612244898,3.214285714285714,1.010204081632653,1.469387755102041,3.306122448979592,3.306122448979592,0.7346938775510204,0.4591836734693877,0.0,50.0,45.22613065326633,31.428571428571427,1
264122,Nikola Štulić,2025,F,135,Serie A,867,Lecce,1725.0,34,6.426376811594203,68.78980891719745,4.0,0.0,21.0,9.0,314.0,20.0,12.0,4.0,2.0,236.0,89.0,9.0,4.0,3.0,26.0,37.0,9.0,1,0,0.208695652173913,0.0,1.0956521739130434,0.4695652173913044,16.382608695652173,1.0434782608695652,0.6260869565217392,0.208695652173913,0.1043478260869565,12.313043478260868,4.643478260869565,0.4695652173913044,0.208695652173913,0.1565217391304348,1.3565217391304347,1.930434782608696,0.4695652173913044,0.0521739130434782,0.0,42.85714285714285,37.71186440677966,44.44444444444444,1
265363,Tiago Tomás,2025,F,78,Bundesliga,172,VfB Stuttgart,1039.0,27,6.734359961501443,79.33333333333333,5.0,3.0,26.0,10.0,300.0,11.0,15.0,2.0,5.0,140.0,67.0,34.0,13.0,3.0,29.0,12.0,4.0,4,0,0.4331087584215591,0.2598652550529355,2.2521655437921075,0.8662175168431183,25.98652550529355,0.9528392685274302,1.2993262752646777,0.1732435033686236,0.4331087584215591,12.127045235803658,5.803657362848893,2.9451395572666024,1.1260827718960538,0.2598652550529355,2.512030798845043,1.039461020211742,0.3464870067372473,0.3464870067372473,0.0,38.46153846153847,47.85714285714286,38.23529411764706,1
269163,Williot Swedberg,2025,F,140,La Liga,538,Celta Vigo,1268.0,29,6.827760252365932,78.89273356401384,5.0,5.0,17.0,12.0,294.0,10.0,28.0,2.0,4.0,169.0,74.0,27.0,10.0,17.0,34.0,30.0,6.0,2,0,0.3548895899053627,0.3548895899053627,1.2066246056782337,0.8517350157728707,20.86750788643533,0.7097791798107255,1.987381703470032,0.1419558359621451,0.2839116719242902,11.99526813880126,5.252365930599369,1.9164037854889588,0.7097791798107255,1.2066246056782337,2.413249211356467,2.1293375394321767,0.4258675078864353,0.1419558359621451,0.0,70.58823529411765,43.78698224852072,37.03703703703704,1
274300,Maghnes Akliouche,2025,F,61,Ligue 1,91,Monaco,2410.0,31,7.070663900414939,85.08137432188066,6.0,6.0,35.0,19.0,1106.0,44.0,39.0,3.0,19.0,239.0,104.0,55.0,26.0,26.0,36.0,29.0,9.0,3,0,0.2240663900414937,0.2240663900414937,1.3070539419087135,0.7095435684647302,41.30290456431535,1.6431535269709543,1.4564315352697097,0.1120331950207468,0.7095435684647302,8.925311203319502,3.883817427385892,2.0539419087136928,0.970954356846473,0.970954356846473,1.3443983402489628,1.08298755186722,0.3360995850622407,0.1120331950207468,0.0,54.285714285714285,43.51464435146444,47.27272727272727,0
274312,Mohamed Ali Cho,2025,F,61,Ligue 1,84,Nice,1789.0,26,6.822191168250419,79.08902691511386,4.0,3.0,25.0,14.0,483.0,24.0,16.0,2.0,4.0,224.0,83.0,55.0,18.0,11.0,33.0,14.0,5.0,1,0,0.2012297372833985,0.1509223029625489,1.2576858580212409,0.7043040804918949,24.29849077697037,1.2073784237003913,0.8049189491335942,0.1006148686416992,0.2012297372833985,11.268865287870318,4.17551704863052,2.76690888764673,0.9055338177752936,0.553381777529346,1.660145332588038,0.7043040804918949,0.2515371716042481,0.0503074343208496,0.0,56.00000000000001,37.05357142857143,32.72727272727273,1
275651,Ange-Yoan Bonny,2025,F,135,Serie A,505,Inter,1156.0,33,6.748311688311689,79.5539033457249,5.0,4.0,17.0,9.0,269.0,17.0,17.0,0.0,1.0,171.0,72.0,40.0,20.0,3.0,24.0,17.0,9.0,1,0,0.3892733564013841,0.3114186851211072,1.3235294117647058,0.7006920415224913,20.942906574394463,1.3235294117647058,1.3235294117647058,0.0,0.0778546712802768,13.313148788927334,5.6055363321799305,3.114186851211073,1.5570934256055364,0.2335640138408304,1.868512110726644,1.3235294117647058,0.7006920415224913,0.0778546712802768,0.0,52.94117647058824,42.10526315789473,50.0,1
276662,Pablo Pagis,2025,F,61,Ligue 1,97,Lorient,1770.0,28,7.049604519774011,77.82945736434108,10.0,5.0,46.0,19.0,645.0,45.0,27.0,2.0,16.0,198.0,86.0,48.0,23.0,19.0,29.0,23.0,2.0,1,0,0.5084745762711864,0.2542372881355932,2.3389830508474576,0.9661016949152542,32.79661016949152,2.288135593220339,1.3728813559322035,0.1016949152542373,0.8135593220338984,10.067796610169491,4.372881355932203,2.440677966101694,1.1694915254237288,0.9661016949152542,1.4745762711864407,1.1694915254237288,0.1016949152542373,0.0508474576271186,0.0,41.30434782608695,43.43434343434344,47.91666666666667,0
279993,Anton Kade,2025,F,78,Bundesliga,170,FC Augsburg,1746.0,28,6.929209621993128,73.21428571428571,6.0,0.0,38.0,21.0,448.0,26.0,31.0,1.0,13.0,240.0,109.0,52.0,24.0,13.0,18.0,20.0,10.0,3,0,0.3092783505154639,0.0,1.958762886597938,1.082474226804124,23.092783505154635,1.3402061855670102,1.5979381443298968,0.0515463917525773,0.6701030927835051,12.371134020618555,5.618556701030927,2.6804123711340204,1.2371134020618555,0.6701030927835051,0.9278350515463918,1.0309278350515465,0.5154639175257731,0.1546391752577319,0.0,55.26315789473685,45.41666666666666,46.15384615384615,1
281408,Vitinha,2025,F,135,Serie A,495,Genoa,2254.0,35,6.8256876663708965,67.43002544529261,5.0,1.0,41.0,20.0,396.0,17.0,39.0,5.0,14.0,446.0,201.0,113.0,36.0,21.0,68.0,34.0,14.0,5,0,0.1996450754214729,0.0399290150842945,1.637089618456078,0.7985803016858918,15.811889973380657,0.6787932564330079,1.5572315882874888,0.1996450754214729,0.5590062111801242,17.808340727595386,8.025732031943212,4.511978704525289,1.437444543034605,0.8385093167701864,2.715173025732032,1.3575865128660158,0.5590062111801242,0.1996450754214729,0.0,48.78048780487805,45.06726457399103,31.858407079646017,1
283026,Mika Biereth,2025,F,61,Ligue 1,91,Monaco,1108.0,32,6.493936651583709,61.46341463414634,2.0,2.0,12.0,7.0,206.0,21.0,11.0,2.0,0.0,142.0,44.0,13.0,4.0,8.0,14.0,16.0,9.0,0,0,0.1624548736462094,0.1624548736462094,0.9747292418772564,0.5685920577617328,16.732851985559567,1.7057761732851984,0.8935018050541517,0.1624548736462094,0.0,11.534296028880863,3.5740072202166067,1.055956678700361,0.3249097472924188,0.6498194945848376,1.1371841155234657,1.2996389891696751,0.7310469314079422,0.0,0.0,58.333333333333336,30.985915492957744,30.76923076923077,1
283058,Nicolas Jackson,2025,F,78,Bundesliga,157,Bayern München,1037.0,23,6.831629701060752,81.5625,8.0,1.0,31.0,21.0,320.0,18.0,8.0,0.0,4.0,98.0,36.0,30.0,11.0,4.0,10.0,15.0,8.0,2,1,0.6943105110896818,0.0867888138862102,2.690453230472517,1.8225650916104144,27.772420443587272,1.562198649951784,0.6943105110896818,0.0,0.3471552555448409,8.505303760848602,3.124397299903568,2.6036644165863065,0.9546769527483124,0.3471552555448409,0.8678881388621023,1.3018322082931533,0.6943105110896818,0.1735776277724204,0.0867888138862102,67.74193548387096,36.734693877551024,36.66666666666666,0
284072,Ahmadou Bamba Dieng,2025,F,61,Ligue 1,97,Lorient,1220.0,22,6.870409836065574,77.24867724867724,10.0,1.0,41.0,24.0,191.0,11.0,7.0,1.0,3.0,127.0,54.0,16.0,6.0,3.0,13.0,15.0,9.0,3,0,0.7377049180327869,0.0737704918032786,3.024590163934426,1.7704918032786887,14.09016393442623,0.8114754098360656,0.5163934426229508,0.0737704918032786,0.2213114754098361,9.368852459016392,3.983606557377049,1.180327868852459,0.4426229508196722,0.2213114754098361,0.9590163934426228,1.1065573770491803,0.6639344262295083,0.2213114754098361,0.0,58.53658536585365,42.51968503937008,37.5,1
286474,Matteo Cancellieri,2025,F,135,Serie A,487,Lazio,1739.0,30,6.972800460034502,76.80525164113786,4.0,2.0,33.0,17.0,457.0,18.0,42.0,2.0,24.0,305.0,155.0,41.0,14.0,24.0,67.0,39.0,3.0,6,0,0.2070155261644623,0.1035077630822311,1.7078780908568143,0.879815986198965,23.651523864289825,0.9315698677400804,2.1736630247268542,0.1035077630822311,1.242093156986774,15.784933870040252,8.021851638872915,2.121909143185739,0.7245543415756183,1.242093156986774,3.467510063254744,2.018401380103508,0.1552616446233467,0.3105232892466935,0.0,51.51515151515152,50.81967213114754,34.14634146341464,1
286639,Bryan Zaragoza,2025,F,140,La Liga,497,AS Roma,1270.0,23,6.959148264984227,78.57142857142857,1.0,2.0,21.0,13.0,393.0,22.0,11.0,0.0,2.0,154.0,67.0,80.0,33.0,13.0,22.0,12.0,6.0,2,0,0.0708661417322834,0.1417322834645669,1.4881889763779528,0.9212598425196852,27.850393700787404,1.559055118110236,0.7795275590551181,0.0,0.1417322834645669,10.913385826771654,4.748031496062992,5.669291338582677,2.338582677165354,0.9212598425196852,1.559055118110236,0.8503937007874016,0.4251968503937008,0.1417322834645669,0.0,61.90476190476191,43.50649350649351,41.25,0
288006,Rasmus Højlund,2025,F,135,Serie A,492,Napoli,2761.0,33,6.587359652299892,74.55621301775149,12.0,5.0,46.0,25.0,507.0,33.0,4.0,2.0,0.0,309.0,111.0,34.0,12.0,4.0,53.0,37.0,20.0,1,0,0.3911626222383194,0.1629844259326331,1.4994567185802246,0.8149221296631656,16.526620789568998,1.0756972111553784,0.1303875407461064,0.0651937703730532,0.0,10.072437522636726,3.618254255704455,1.108294096341905,0.3911626222383194,0.1303875407461064,1.727634914885911,1.206084751901485,0.6519377037305324,0.0325968851865266,0.0,54.34782608695652,35.92233009708738,35.294117647058826,1
292172,Mateo Pellegrino,2025,F,135,Serie A,523,Parma,2991.0,37,6.745001671681711,62.708333333333336,9.0,1.0,53.0,22.0,480.0,22.0,17.0,5.0,4.0,546.0,233.0,48.0,25.0,12.0,71.0,87.0,12.0,5,0,0.2708124373119357,0.0300902708124373,1.5947843530591777,0.6619859578736209,14.443329989969907,0.6619859578736209,0.5115346038114342,0.1504513540621865,0.1203610832497492,16.429287863590773,7.011033099297894,1.444332998996991,0.7522567703109329,0.3610832497492477,2.1364092276830493,2.6178535606820463,0.3610832497492477,0.1504513540621865,0.0,41.50943396226416,42.67399267399267,52.083333333333336,1
311067,Santiago Castro,2025,F,135,Serie A,500,Bologna,2365.0,35,6.742283298097251,77.2020725388601,7.0,2.0,49.0,20.0,388.0,28.0,10.0,2.0,1.0,292.0,129.0,35.0,16.0,4.0,50.0,35.0,12.0,3,0,0.266384778012685,0.0761099365750528,1.864693446088795,0.7610993657505286,14.765327695560252,1.06553911205074,0.3805496828752643,0.0761099365750528,0.0380549682875264,11.112050739957716,4.909090909090909,1.331923890063425,0.6088794926004228,0.1522198731501057,1.9027484143763211,1.331923890063425,0.4566596194503171,0.1141649048625792,0.0,40.81632653061224,44.17808219178082,45.71428571428572,1
312615,Giovane,2025,F,135,Serie A,492,Napoli,1883.0,33,6.583005841741902,69.06318082788671,3.0,5.0,38.0,27.0,459.0,32.0,15.0,2.0,6.0,346.0,112.0,84.0,36.0,11.0,24.0,24.0,15.0,2,0,0.1433882103027084,0.238980350504514,1.816250663834307,1.290493892724376,21.93839617631439,1.52947424322889,0.7169410515135423,0.0955921402018056,0.2867764206054168,16.537440254912376,5.353159851301115,4.014869888475836,1.7206585236325014,0.525756771109931,1.1471056824216674,1.1471056824216674,0.7169410515135423,0.0955921402018056,0.0,71.05263157894737,32.369942196531795,42.85714285714285,0
312840,Ernest Poku,2025,F,78,Bundesliga,168,Bayer Leverkusen,1484.0,29,6.909501347708895,83.15412186379928,5.0,5.0,18.0,9.0,558.0,28.0,13.0,1.0,8.0,164.0,61.0,66.0,28.0,13.0,17.0,4.0,3.0,0,0,0.3032345013477089,0.3032345013477089,1.091644204851752,0.545822102425876,33.84097035040431,1.6981132075471697,0.7884097035040432,0.0606469002695417,0.4851752021563342,9.946091644204852,3.6994609164420487,4.002695417789758,1.6981132075471697,0.7884097035040432,1.0309973045822105,0.2425876010781671,0.1819407008086253,0.0,0.0,50.0,37.19512195121951,42.42424242424242,0
312990,Roberto Fernández,2025,F,140,La Liga,540,Espanyol,2387.0,38,6.607289484708841,69.78021978021978,7.0,3.0,46.0,23.0,364.0,18.0,12.0,5.0,6.0,336.0,121.0,23.0,9.0,14.0,46.0,40.0,9.0,3,0,0.2639296187683284,0.113112693757855,1.7343946376204442,0.8671973188102221,13.72434017595308,0.6786761625471303,0.4524507750314201,0.1885211562630917,0.22622538751571,12.668621700879768,4.56221198156682,0.8671973188102221,0.3393380812735651,0.5278592375366569,1.7343946376204442,1.508169250104734,0.3393380812735651,0.113112693757855,0.0,50.0,36.01190476190476,39.130434782608695,1
313059,Mateo Joseph,2025,F,140,La Liga,798,Mallorca,1710.0,29,6.601988304093567,81.12582781456953,2.0,3.0,28.0,14.0,302.0,13.0,29.0,4.0,12.0,219.0,88.0,38.0,18.0,15.0,31.0,19.0,4.0,2,0,0.1052631578947368,0.1578947368421052,1.473684210526316,0.736842105263158,15.894736842105264,0.6842105263157895,1.526315789473684,0.2105263157894737,0.631578947368421,11.526315789473683,4.631578947368421,2.0,0.9473684210526316,0.7894736842105263,1.631578947368421,1.0,0.2105263157894737,0.1052631578947368,0.0,50.0,40.18264840182648,47.368421052631575,1
314511,Antonio Nusa,2025,F,78,Bundesliga,173,RB Leipzig,2035.0,31,7.1930221130221135,79.05405405405406,4.0,3.0,42.0,20.0,592.0,33.0,26.0,0.0,10.0,299.0,163.0,129.0,68.0,9.0,64.0,9.0,1.0,0,0,0.1769041769041769,0.1326781326781326,1.857493857493857,0.8845208845208845,26.18181818181818,1.4594594594594597,1.1498771498771498,0.0,0.4422604422604422,13.223587223587224,7.208845208845209,5.705159705159705,3.007371007371007,0.398034398034398,2.8304668304668303,0.398034398034398,0.0442260442260442,0.0,0.0,47.61904761904761,54.51505016722408,52.71317829457365,0
320517,Pablo Durán,2025,F,140,La Liga,538,Celta Vigo,1432.0,30,6.612220670391063,72.29916897506925,2.0,2.0,25.0,15.0,362.0,10.0,16.0,3.0,7.0,125.0,48.0,30.0,7.0,9.0,12.0,15.0,19.0,1,0,0.1256983240223463,0.1256983240223463,1.5712290502793296,0.9427374301675976,22.751396648044697,0.6284916201117318,1.005586592178771,0.1885474860335195,0.4399441340782123,7.856145251396648,3.016759776536313,1.8854748603351956,0.4399441340782123,0.5656424581005587,0.7541899441340782,0.9427374301675976,1.1941340782122905,0.0628491620111731,0.0,60.0,38.4,23.33333333333333,1
321648,Emersonn,2025,F,61,Ligue 1,96,Toulouse,1504.0,27,6.54128989361702,75.20325203252033,6.0,2.0,42.0,19.0,246.0,18.0,20.0,1.0,7.0,264.0,102.0,35.0,10.0,12.0,10.0,40.0,5.0,5,1,0.3590425531914893,0.1196808510638297,2.5132978723404253,1.1369680851063828,14.720744680851064,1.077127659574468,1.196808510638298,0.0598404255319148,0.4188829787234042,15.797872340425531,6.103723404255319,2.0944148936170213,0.598404255319149,0.7180851063829786,0.598404255319149,2.393617021276596,0.2992021276595745,0.2992021276595745,0.0598404255319148,45.23809523809524,38.63636363636363,28.57142857142857,1
322865,Karim Dermane,2025,F,61,Ligue 1,97,Lorient,1363.0,30,6.786426999266325,84.92647058823529,1.0,2.0,14.0,2.0,544.0,16.0,25.0,2.0,11.0,190.0,90.0,42.0,20.0,14.0,39.0,21.0,0.0,2,0,0.066030814380044,0.132061628760088,0.9244314013206162,0.132061628760088,35.92076302274395,1.0564930300807045,1.6507703595011003,0.132061628760088,0.7263389581804842,12.545854732208364,5.9427732942039615,2.7732942039618487,1.3206162876008805,0.9244314013206162,2.5752017608217166,1.3866471019809243,0.0,0.132061628760088,0.0,14.285714285714285,47.368421052631575,47.61904761904761,0
323936,Matías Soulé,2025,F,135,Serie A,497,AS Roma,2167.0,33,7.175403784033226,84.42871587462083,6.0,5.0,37.0,18.0,989.0,46.0,19.0,2.0,9.0,261.0,104.0,94.0,35.0,14.0,41.0,7.0,6.0,1,0,0.2491924319335487,0.2076603599446239,1.536686663590217,0.747577295800646,41.07521919704661,1.91047531149054,0.7891093677895709,0.0830641439778495,0.373788647900323,10.839870789109368,4.3193354868481775,3.904014766958929,1.453622519612367,0.5814490078449469,1.702814951545916,0.2907245039224734,0.2491924319335487,0.0415320719889247,0.0,48.64864864864865,39.84674329501915,37.234042553191486,0
326102,Rômulo,2025,F,78,Bundesliga,173,RB Leipzig,2204.0,30,6.69024500907441,74.91039426523297,9.0,4.0,54.0,27.0,558.0,26.0,30.0,4.0,9.0,277.0,112.0,32.0,11.0,10.0,20.0,20.0,8.0,3,0,0.367513611615245,0.1633393829401088,2.20508166969147,1.102540834845735,22.78584392014519,1.061705989110708,1.2250453720508168,0.1633393829401088,0.367513611615245,11.31125226860254,4.573502722323049,1.306715063520871,0.4491833030852994,0.4083484573502722,0.8166969147005445,0.8166969147005445,0.3266787658802177,0.1225045372050816,0.0,50.0,40.43321299638989,34.375,1
329720,Hugo Álvarez,2025,F,140,La Liga,538,Celta Vigo,1343.0,28,6.835666418466121,85.43371522094927,4.0,2.0,11.0,8.0,611.0,25.0,15.0,0.0,10.0,121.0,49.0,43.0,16.0,10.0,17.0,16.0,2.0,2,0,0.2680565897244974,0.1340282948622487,0.7371556217423678,0.5361131794489948,40.945644080416976,1.6753536857781086,1.0052122114668651,0.0,0.6701414743112435,8.108711839166046,3.283693224125093,2.8816083395383467,1.0722263588979897,0.6701414743112435,1.139240506329114,1.0722263588979897,0.1340282948622487,0.1340282948622487,0.0,72.72727272727273,40.49586776859504,37.2093023255814,0
331678,Henrik Wendel Meister,2025,F,135,Serie A,801,Pisa,1512.0,28,6.374983454665784,66.66666666666666,2.0,0.0,16.0,8.0,155.0,5.0,5.0,0.0,1.0,190.0,68.0,37.0,13.0,5.0,17.0,26.0,5.0,2,0,0.119047619047619,0.0,0.9523809523809524,0.4761904761904761,9.226190476190476,0.2976190476190476,0.2976190476190476,0.0,0.0595238095238095,11.30952380952381,4.047619047619048,2.202380952380952,0.7738095238095237,0.2976190476190476,1.011904761904762,1.5476190476190474,0.2976190476190476,0.119047619047619,0.0,50.0,35.78947368421053,35.13513513513514,1
336564,Wilson Odobert,2025,F,39,Premier League,47,Tottenham,990.0,24,6.648787878787879,84.92307692307692,0.0,2.0,18.0,8.0,325.0,20.0,9.0,0.0,1.0,103.0,48.0,42.0,24.0,3.0,10.0,2.0,2.0,0,0,0.0,0.1818181818181818,1.6363636363636362,0.7272727272727273,29.545454545454547,1.8181818181818183,0.8181818181818181,0.0,0.0909090909090909,9.363636363636363,4.363636363636363,3.8181818181818175,2.1818181818181817,0.2727272727272727,0.9090909090909092,0.1818181818181818,0.1818181818181818,0.0,0.0,44.44444444444444,46.601941747572816,57.14285714285714,0
336567,Semih Kılıçsoy,2025,F,135,Serie A,490,Cagliari,983.0,22,6.64877800407332,77.08333333333334,4.0,0.0,11.0,8.0,240.0,11.0,5.0,1.0,1.0,126.0,40.0,25.0,14.0,0.0,15.0,14.0,2.0,1,0,0.3662258392675483,0.0,1.007121057985758,0.7324516785350966,21.9735503560529,1.007121057985758,0.4577822990844354,0.091556459816887,0.091556459816887,11.536113936927771,3.6622583926754833,2.288911495422177,1.281790437436419,0.0,1.3733468972533065,1.281790437436419,0.1831129196337741,0.091556459816887,0.0,72.72727272727273,31.746031746031743,56.00000000000001,1
336711,Gonzalo García,2025,F,140,La Liga,541,Real Madrid,988.0,30,6.938336713995942,85.06224066390041,6.0,1.0,19.0,11.0,241.0,13.0,11.0,0.0,3.0,92.0,40.0,15.0,3.0,6.0,6.0,9.0,0.0,2,0,0.5465587044534413,0.0910931174089068,1.7307692307692308,1.0020242914979756,21.95344129554656,1.1842105263157894,1.0020242914979756,0.0,0.2732793522267207,8.380566801619434,3.643724696356276,1.3663967611336032,0.2732793522267207,0.5465587044534413,0.5465587044534413,0.8198380566801619,0.0,0.1821862348178137,0.0,57.89473684210527,43.47826086956522,20.0,1
339883,Kenan Yıldız,2025,F,135,Serie A,496,Juventus,2838.0,36,7.47660324171952,84.13736713000817,10.0,6.0,64.0,40.0,1223.0,76.0,26.0,0.0,7.0,348.0,176.0,149.0,78.0,14.0,56.0,23.0,7.0,2,0,0.3171247357293869,0.1902748414376321,2.029598308668076,1.2684989429175475,38.784355179704015,2.4101479915433406,0.824524312896406,0.0,0.2219873150105708,11.035940803382664,5.5813953488372094,4.725158562367865,2.473572938689218,0.4439746300211416,1.7758985200845665,0.7293868921775898,0.2219873150105708,0.0634249471458773,0.0,62.5,50.57471264367817,52.348993288590606,0
340077,Matías Fernández-Pardo,2025,F,61,Ligue 1,79,Lille,2379.0,29,6.991298865069355,81.80354267310788,8.0,5.0,42.0,30.0,621.0,36.0,20.0,1.0,7.0,239.0,100.0,82.0,36.0,21.0,40.0,15.0,16.0,3,0,0.3026481715006305,0.189155107187894,1.5889029003783104,1.1349306431273645,23.493064312736443,1.361916771752837,0.7566204287515763,0.0378310214375788,0.2648171500630517,9.041614123581336,3.7831021437578816,3.102143757881463,1.361916771752837,0.7944514501891552,1.5132408575031526,0.5674653215636822,0.605296343001261,0.1134930643127364,0.0,71.42857142857143,41.84100418410041,43.90243902439025,0
342035,Cristian Volpato,2025,F,135,Serie A,488,Sassuolo,1090.0,24,6.786513761467889,79.80295566502463,2.0,4.0,14.0,7.0,406.0,23.0,16.0,1.0,6.0,143.0,55.0,53.0,23.0,7.0,11.0,19.0,0.0,4,0,0.1651376146788991,0.3302752293577982,1.1559633027522938,0.5779816513761469,33.522935779816514,1.89908256880734,1.3211009174311927,0.0825688073394495,0.4954128440366973,11.807339449541283,4.541284403669725,4.376146788990826,1.89908256880734,0.5779816513761469,0.9082568807339452,1.5688073394495414,0.0,0.3302752293577982,0.0,50.0,38.46153846153847,43.39622641509434,0
342188,Dženan Pejčinović,2025,F,78,Bundesliga,161,VfL Wolfsburg,1670.0,32,6.675793888556021,68.25775656324582,9.0,0.0,44.0,24.0,419.0,14.0,10.0,3.0,3.0,229.0,77.0,18.0,5.0,6.0,8.0,26.0,5.0,1,0,0.4850299401197604,0.0,2.37125748502994,1.2934131736526946,22.58083832335329,0.7544910179640718,0.5389221556886228,0.1616766467065868,0.1616766467065868,12.34131736526946,4.149700598802395,0.9700598802395208,0.2694610778443114,0.3233532934131736,0.4311377245508982,1.401197604790419,0.2694610778443114,0.0538922155688622,0.0,54.54545454545454,33.624454148471614,27.77777777777778,1
343027,Désiré Doué,2025,F,61,Ligue 1,85,Paris Saint Germain,1356.0,23,7.157300884955753,85.86572438162544,7.0,4.0,39.0,19.0,849.0,29.0,32.0,2.0,12.0,200.0,93.0,72.0,32.0,12.0,28.0,24.0,0.0,0,0,0.4646017699115044,0.2654867256637168,2.588495575221239,1.261061946902655,56.349557522123895,1.924778761061947,2.1238938053097343,0.1327433628318584,0.7964601769911505,13.27433628318584,6.172566371681415,4.778761061946903,2.1238938053097343,0.7964601769911505,1.8584070796460177,1.592920353982301,0.0,0.0,0.0,48.71794871794872,46.5,44.44444444444444,0
343202,Álvaro Rodriguez,2025,F,140,La Liga,797,Elche,2200.0,34,7.0034090909090905,64.48598130841121,7.0,5.0,64.0,24.0,535.0,33.0,24.0,1.0,3.0,472.0,242.0,79.0,38.0,9.0,49.0,36.0,18.0,2,0,0.2863636363636364,0.2045454545454545,2.618181818181818,0.981818181818182,21.88636363636364,1.35,0.981818181818182,0.0409090909090909,0.1227272727272727,19.30909090909091,9.9,3.231818181818182,1.554545454545455,0.3681818181818182,2.004545454545455,1.4727272727272729,0.7363636363636364,0.0818181818181818,0.0,37.5,51.271186440677965,48.10126582278481,1
343684,Thierno Barry,2025,F,39,Premier League,45,Everton,1932.0,38,6.525,61.34453781512605,8.0,0.0,31.0,14.0,362.0,12.0,6.0,4.0,5.0,399.0,152.0,30.0,9.0,10.0,8.0,47.0,12.0,3,0,0.3726708074534162,0.0,1.4440993788819878,0.6521739130434783,16.863354037267083,0.5590062111801242,0.2795031055900621,0.1863354037267081,0.2329192546583851,18.58695652173913,7.080745341614907,1.3975155279503106,0.4192546583850932,0.4658385093167702,0.3726708074534162,2.18944099378882,0.5590062111801242,0.139751552795031,0.0,45.16129032258064,38.095238095238095,30.0,1
345808,Francesco Pio Esposito,2025,F,135,Serie A,505,Inter,1571.0,35,6.692425206874603,73.15068493150685,7.0,3.0,43.0,23.0,365.0,22.0,9.0,2.0,5.0,206.0,104.0,16.0,4.0,6.0,50.0,29.0,2.0,1,0,0.4010184595798854,0.1718650541056652,2.4633991088478675,1.3176320814767664,20.9102482495226,1.2603437301082114,0.5155951623169955,0.1145767027371101,0.2864417568427753,11.801400381922342,5.957988542329725,0.9166136218968808,0.2291534054742202,0.3437301082113304,2.864417568427753,1.6613621896880968,0.1145767027371101,0.057288351368555,0.0,53.48837209302325,50.48543689320388,25.0,1
346866,Samuel Mbangula,2025,F,78,Bundesliga,162,Werder Bremen,1182.0,26,6.933756345177666,86.9022869022869,3.0,2.0,12.0,8.0,481.0,15.0,16.0,1.0,4.0,151.0,75.0,54.0,30.0,11.0,23.0,4.0,4.0,0,0,0.2284263959390862,0.1522842639593908,0.9137055837563453,0.6091370558375634,36.6243654822335,1.1421319796954317,1.2182741116751268,0.0761421319796954,0.3045685279187817,11.49746192893401,5.710659898477157,4.111675126903553,2.284263959390863,0.8375634517766497,1.751269035532995,0.3045685279187817,0.3045685279187817,0.0,0.0,66.66666666666666,49.66887417218543,55.55555555555556,0
348888,Mert Kömür,2025,F,78,Bundesliga,170,FC Augsburg,1466.0,28,6.6925597269624575,80.3921568627451,2.0,4.0,31.0,16.0,459.0,23.0,15.0,0.0,7.0,192.0,64.0,40.0,17.0,12.0,19.0,26.0,2.0,1,0,0.1227830832196452,0.2455661664392905,1.9031377899045017,0.9822646657571624,28.17871759890859,1.412005457025921,0.9208731241473398,0.0,0.4297407912687585,11.787175989085949,3.929058663028649,2.455661664392906,1.0436562073669848,0.7366984993178717,1.1664392905866303,1.5961800818553888,0.1227830832196452,0.0613915416098226,0.0,51.61290322580645,33.33333333333333,42.5,0
351587,Tani Oluwaseyi,2025,F,140,La Liga,533,Villarreal,922.0,27,6.452608695652174,65.74074074074075,2.0,2.0,13.0,7.0,112.0,6.0,7.0,3.0,1.0,128.0,46.0,22.0,9.0,6.0,8.0,11.0,10.0,1,0,0.1952277657266811,0.1952277657266811,1.2689804772234272,0.6832971800433839,10.932754880694144,0.5856832971800434,0.6832971800433839,0.2928416485900217,0.0976138828633405,12.494577006507592,4.490238611713666,2.1475054229934925,0.8785249457700651,0.5856832971800434,0.7809110629067245,1.0737527114967462,0.9761388286334056,0.0976138828633405,0.0,53.84615384615385,35.9375,40.909090909090914,1
362564,Adam Daghim,2025,F,78,Bundesliga,161,VfL Wolfsburg,1544.0,29,6.7810880829015545,65.49295774647888,2.0,4.0,21.0,11.0,426.0,21.0,28.0,2.0,13.0,220.0,100.0,61.0,22.0,19.0,25.0,19.0,4.0,3,0,0.116580310880829,0.233160621761658,1.2240932642487046,0.6411917098445596,24.831606217616574,1.2240932642487046,1.632124352331606,0.116580310880829,0.7577720207253886,12.823834196891193,5.82901554404145,3.555699481865285,1.2823834196891193,1.1075129533678756,1.4572538860103623,1.1075129533678756,0.233160621761658,0.1748704663212435,0.0,52.38095238095239,45.45454545454545,36.0655737704918,0
362741,Santiago Hidalgo,2025,F,61,Ligue 1,96,Toulouse,1311.0,28,6.766819221967963,75.177304964539,4.0,6.0,24.0,12.0,283.0,12.0,38.0,1.0,6.0,254.0,93.0,42.0,11.0,20.0,30.0,41.0,8.0,4,0,0.2745995423340961,0.4118993135011441,1.647597254004577,0.8237986270022883,19.4279176201373,0.8237986270022883,2.608695652173913,0.068649885583524,0.4118993135011441,17.4370709382151,6.384439359267734,2.883295194508009,0.7551487414187643,1.3729977116704806,2.059496567505721,2.8146453089244856,0.5491990846681922,0.2745995423340961,0.0,50.0,36.61417322834646,26.190476190476197,1
368260,Gift Orban,2025,F,135,Serie A,504,Hellas Verona,2036.0,28,6.614047151277014,71.80851063829788,7.0,2.0,61.0,28.0,376.0,20.0,4.0,0.0,4.0,205.0,71.0,38.0,19.0,8.0,21.0,23.0,20.0,4,1,0.3094302554027505,0.0884086444007858,2.6964636542239684,1.237721021611002,16.62082514734774,0.8840864440078585,0.1768172888015717,0.0,0.1768172888015717,9.06188605108055,3.138506876227898,1.6797642436149314,0.8398821218074657,0.3536345776031434,0.9282907662082516,1.0166994106090377,0.8840864440078585,0.1768172888015717,0.0442043222003929,45.90163934426229,34.63414634146341,50.0,1
369674,Jean-Mattéo Bahoya,2025,F,78,Bundesliga,169,Eintracht Frankfurt,1335.0,27,7.156029962546818,80.81264108352144,3.0,4.0,15.0,9.0,445.0,31.0,31.0,2.0,13.0,187.0,101.0,69.0,41.0,11.0,22.0,13.0,3.0,2,0,0.2022471910112359,0.2696629213483146,1.0112359550561798,0.6067415730337079,30.0,2.089887640449438,2.089887640449438,0.1348314606741573,0.8764044943820225,12.606741573033707,6.808988764044944,4.651685393258426,2.764044943820225,0.7415730337078652,1.4831460674157304,0.8764044943820225,0.2022471910112359,0.1348314606741573,0.0,60.0,54.01069518716578,59.42028985507246,0
377122,Endrick,2025,F,61,Ligue 1,80,Lyon,1233.0,17,7.161070559610706,74.83443708609272,5.0,7.0,41.0,26.0,302.0,30.0,13.0,0.0,3.0,170.0,75.0,76.0,37.0,4.0,22.0,21.0,4.0,5,2,0.364963503649635,0.510948905109489,2.992700729927007,1.897810218978102,22.043795620437955,2.18978102189781,0.948905109489051,0.0,0.218978102189781,12.40875912408759,5.474452554744525,5.547445255474453,2.7007299270072997,0.291970802919708,1.6058394160583942,1.532846715328467,0.291970802919708,0.364963503649635,0.145985401459854,63.41463414634146,44.11764705882353,48.68421052631579,0
378284,Etta Eyong,2025,F,140,La Liga,539,Levante,1703.0,33,6.731238990017616,68.90459363957598,7.0,4.0,44.0,24.0,283.0,15.0,27.0,1.0,6.0,249.0,105.0,28.0,10.0,4.0,34.0,32.0,7.0,3,0,0.369935408103347,0.2113916617733411,2.325308279506753,1.268349970640047,14.955960070463888,0.7927187316500293,1.4268937169700529,0.0528479154433352,0.3170874926600117,13.159130945390489,5.549031121550206,1.479741632413388,0.5284791544333529,0.2113916617733411,1.7968291250734,1.6911332941867292,0.369935408103347,0.1585437463300058,0.0,54.54545454545454,42.16867469879519,35.714285714285715,1
380587,Ibrahim Maza,2025,F,78,Bundesliga,168,Bayer Leverkusen,1859.0,28,7.244755244755245,83.05274971941638,3.0,4.0,38.0,17.0,891.0,29.0,41.0,1.0,16.0,247.0,133.0,85.0,48.0,17.0,36.0,19.0,3.0,2,0,0.1452393760086067,0.193652501344809,1.8396987627756856,0.8230231307154383,43.13609467455621,1.4039806347498656,1.9849381387842928,0.0484131253362022,0.7746100053792361,11.958041958041958,6.4389456697149,4.115115653577192,2.323830016137709,0.8230231307154383,1.742872512103281,0.9198493813878428,0.1452393760086067,0.0968262506724045,0.0,44.73684210526316,53.84615384615385,56.47058823529412,0
380873,Ilyas Ansah,2025,F,78,Bundesliga,182,Union Berlin,1909.0,33,6.71047668936616,75.9322033898305,5.0,1.0,25.0,12.0,299.0,16.0,17.0,3.0,5.0,298.0,101.0,72.0,25.0,14.0,43.0,22.0,9.0,1,0,0.2357255107386066,0.0471451021477213,1.178627553693033,0.5657412257726558,14.096385542168676,0.7543216343635412,0.8014667365112624,0.1414353064431639,0.2357255107386066,14.049240440020952,4.761655316919853,3.3944473546359357,1.178627553693033,0.6600314300680985,2.027239392352017,1.0371922472498691,0.4243059193294919,0.0471451021477213,0.0,48.0,33.89261744966443,34.72222222222222,1
390742,Joaquin Panichelli,2025,F,61,Ligue 1,95,Strasbourg,2195.0,27,6.863280182232347,72.53218884120172,16.0,1.0,51.0,31.0,466.0,22.0,26.0,8.0,12.0,307.0,138.0,30.0,11.0,12.0,44.0,43.0,14.0,3,0,0.6560364464692483,0.041002277904328,2.091116173120729,1.2710706150341686,19.10706150341685,0.9020501138952164,1.0660592255125283,0.3280182232346241,0.4920273348519362,12.5876993166287,5.658314350797267,1.2300683371298406,0.4510250569476082,0.4920273348519362,1.8041002277904328,1.7630979498861048,0.5740318906605922,0.123006833712984,0.0,60.78431372549019,44.951140065146575,36.66666666666666,1
394573,Adrian Liso,2025,F,140,La Liga,546,Getafe,1723.0,28,6.570168311085316,69.48529411764706,3.0,0.0,16.0,10.0,273.0,4.0,29.0,2.0,4.0,315.0,122.0,47.0,15.0,17.0,43.0,39.0,16.0,5,1,0.1567034242600116,0.0,0.8357515960533952,0.522344747533372,14.260011607661058,0.2089378990133488,1.5147997678467788,0.1044689495066744,0.2089378990133488,16.453859547301217,6.372605919907139,2.4550203134068487,0.783517121300058,0.8879860708067324,2.2460824143935,2.037144515380151,0.8357515960533952,0.261172373766686,0.0522344747533372,62.5,38.730158730158735,31.91489361702128,1
419916,Conrad Harder,2025,F,78,Bundesliga,173,RB Leipzig,919.0,29,6.627868852459017,71.1340206185567,3.0,3.0,30.0,13.0,195.0,14.0,10.0,1.0,6.0,153.0,55.0,25.0,5.0,3.0,18.0,21.0,4.0,3,0,0.2937976060935799,0.2937976060935799,2.9379760609358,1.2731229597388465,19.096844396082695,1.371055495103373,0.9793253536452666,0.0979325353645266,0.5875952121871599,14.98367791077258,5.386289445048966,2.4483133841131663,0.4896626768226333,0.2937976060935799,1.7627856365614798,2.05658324265506,0.3917301414581066,0.2937976060935799,0.0,43.333333333333336,35.947712418300654,20.0,1
421875,Sidiki Cherif,2025,F,61,Ligue 1,77,Angers,1164.0,19,6.56159793814433,74.66666666666667,4.0,0.0,18.0,12.0,225.0,5.0,8.0,0.0,7.0,140.0,52.0,34.0,11.0,4.0,16.0,15.0,11.0,3,0,0.3092783505154639,0.0,1.3917525773195876,0.9278350515463918,17.396907216494846,0.3865979381443299,0.6185567010309279,0.0,0.5412371134020619,10.824742268041238,4.020618556701031,2.6288659793814437,0.8505154639175257,0.3092783505154639,1.2371134020618555,1.1597938144329896,0.8505154639175257,0.2319587628865979,0.0,66.66666666666666,37.142857142857146,32.35294117647059,1
432310,Said El Mala,2025,F,78,Bundesliga,192,1. FC Köln,1957.0,34,7.005160960654062,75.07418397626114,13.0,4.0,61.0,30.0,341.0,20.0,24.0,0.0,8.0,267.0,106.0,117.0,42.0,10.0,23.0,15.0,18.0,4,0,0.5978538579458355,0.1839550332141032,2.805314256515074,1.3796627491057742,15.6821665815023,0.919775166070516,1.1037301992846194,0.0,0.3679100664282064,12.278998467041388,4.874808380173735,5.38068472151252,1.931527848748084,0.459887583035258,1.0577414409810937,0.6898313745528871,0.8277976494634645,0.1839550332141032,0.0,49.18032786885246,39.70037453183521,35.8974358974359,1
446249,Ibrahim Mbaye,2025,F,61,Ligue 1,85,Paris Saint Germain,997.0,24,6.843574297188755,86.49122807017544,3.0,2.0,18.0,10.0,570.0,20.0,14.0,0.0,5.0,127.0,53.0,55.0,21.0,4.0,13.0,10.0,2.0,0,0,0.2708124373119357,0.1805416248746238,1.624874623871615,0.9027081243731192,51.45436308926781,1.8054162487462384,1.2637913741223672,0.0,0.4513540621865596,11.464393179538614,4.7843530591775325,4.964894684052156,1.8956870611835508,0.3610832497492477,1.1735205616850553,0.9027081243731192,0.1805416248746238,0.0,0.0,55.55555555555556,41.732283464566926,38.18181818181819,0
450497,Carlos Espí,2025,F,140,La Liga,539,Levante,1351.0,25,6.996965210954848,65.71428571428571,11.0,0.0,48.0,24.0,212.0,9.0,13.0,1.0,9.0,198.0,96.0,24.0,12.0,9.0,25.0,31.0,9.0,3,0,0.7327905255366395,0.0,3.1976313841598816,1.5988156920799408,14.122871946706145,0.5995558845299778,0.8660251665433013,0.0666173205033308,0.5995558845299778,13.190229459659513,6.395262768319763,1.5988156920799408,0.7994078460399704,0.5995558845299778,1.6654330125832717,2.065136935603257,0.5995558845299778,0.1998519615099926,0.0,50.0,48.48484848484848,50.0,1
451504,Jeff Ekhator,2025,F,135,Serie A,495,Genoa,949.0,30,6.603477344573235,61.04651162790697,3.0,0.0,14.0,5.0,179.0,10.0,12.0,0.0,2.0,152.0,69.0,22.0,12.0,6.0,19.0,20.0,10.0,2,0,0.2845100105374078,0.0,1.327713382507903,0.4741833508956796,16.975763962065333,0.9483667017913592,1.1380400421496313,0.0,0.1896733403582718,14.41517386722866,6.543730242360379,2.086406743940991,1.1380400421496313,0.5690200210748156,1.8018967334035825,1.8967334035827184,0.9483667017913592,0.1896733403582718,0.0,35.714285714285715,45.39473684210527,54.54545454545454,1
456206,Mateus Mané,2025,F,39,Premier League,39,Wolves,1799.0,27,7.012618121178433,76.54986522911051,3.0,1.0,35.0,17.0,372.0,31.0,27.0,1.0,5.0,283.0,112.0,83.0,30.0,15.0,47.0,26.0,2.0,0,0,0.150083379655364,0.0500277932184546,1.7509727626459144,0.8504724847137298,18.610339077265145,1.5508615897720957,1.350750416898277,0.0500277932184546,0.2501389660922735,14.15786548082268,5.603112840466926,4.15230683713174,1.500833796553641,0.7504168982768205,2.351306281267371,1.3007226236798222,0.1000555864369093,0.0,0.0,48.57142857142857,39.57597173144876,36.14457831325301,0
457541,Prosper Peter,2025,F,61,Ligue 1,77,Angers,1273.0,29,6.515318146111548,73.54497354497354,5.0,0.0,20.0,14.0,196.0,11.0,7.0,0.0,4.0,208.0,79.0,40.0,6.0,1.0,30.0,30.0,15.0,0,0,0.3534956794972506,0.0,1.4139827179890023,0.9897879025923016,13.857030636292222,0.7776904948939513,0.4948939512961508,0.0,0.2827965435978005,14.705420267085625,5.585231736056559,2.8279654359780046,0.4241948153967007,0.0706991358994501,2.1209740769835035,2.1209740769835035,1.0604870384917515,0.0,0.0,70.0,37.980769230769226,15.0,1
505295,Christian Kofane,2025,F,78,Bundesliga,168,Bayer Leverkusen,1269.0,29,6.932097791798107,82.75862068965517,5.0,4.0,39.0,19.0,203.0,17.0,13.0,1.0,2.0,159.0,68.0,12.0,7.0,2.0,17.0,30.0,3.0,3,0,0.3546099290780141,0.2836879432624113,2.7659574468085104,1.347517730496454,14.397163120567376,1.2056737588652482,0.9219858156028368,0.0709219858156028,0.1418439716312056,11.27659574468085,4.822695035460993,0.851063829787234,0.4964539007092198,0.1418439716312056,1.2056737588652482,2.127659574468085,0.2127659574468085,0.2127659574468085,0.0,48.71794871794872,42.76729559748428,58.333333333333336,1
513776,Yan Diomande,2025,F,78,Bundesliga,173,RB Leipzig,2476.0,33,7.844668820678514,83.97375820056232,12.0,8.0,41.0,26.0,1067.0,55.0,29.0,1.0,16.0,392.0,186.0,197.0,118.0,18.0,34.0,19.0,7.0,2,0,0.4361873990306946,0.2907915993537964,1.4903069466882066,0.9450726978998384,38.7843295638126,1.9991922455573503,1.054119547657512,0.0363489499192245,0.5815831987075929,14.248788368336028,6.760904684975768,7.160743134087237,4.289176090468498,0.654281098546042,1.235864297253635,0.6906300484652665,0.2544426494345719,0.0726978998384491,0.0,63.41463414634146,47.44897959183674,59.89847715736041,0
