player_id,player_name,season,position,primary_league_id,primary_league_name,latest_team_id,latest_team_name,minutes,appearances,provider_rating_avg,pass_accuracy_pct,goals,assists,shots_total,shots_on_target,passes_total,key_passes,tackles,blocks,interceptions,duels_total,duels_won,dribbles_attempted,dribbles_successful,dribbled_past,fouls_drawn,fouls_committed,offsides,yellow_cards,red_cards,goals_per90,assists_per90,shots_total_per90,shots_on_target_per90,passes_total_per90,key_passes_per90,tackles_per90,blocks_per90,interceptions_per90,duels_total_per90,duels_won_per90,dribbles_attempted_per90,dribbles_successful_per90,dribbled_past_per90,fouls_drawn_per90,fouls_committed_per90,offsides_per90,yellow_cards_per90,red_cards_per90,shot_accuracy_pct,duel_win_pct,dribble_success_pct,cluster
5,Manuel Akanji,2025,D,135,Serie A,505,Inter,2820.0,33,7.138297872340425,92.07779886148008,2.0,0.0,19.0,6.0,2108.0,7.0,48.0,13.0,37.0,202.0,117.0,2.0,1.0,10.0,18.0,26.0,2.0,4,0,0.0638297872340425,0.0,0.6063829787234043,0.1914893617021276,67.27659574468085,0.2234042553191489,1.5319148936170213,0.4148936170212766,1.180851063829787,6.446808510638299,3.734042553191489,0.0638297872340425,0.0319148936170212,0.3191489361702128,0.5744680851063829,0.8297872340425532,0.0638297872340425,0.1276595744680851,0.0,31.57894736842105,57.92079207920792,50.0,0
6,Leonardo Balerdi,2025,D,61,Ligue 1,81,Marseille,1998.0,26,6.9492992992993,92.04545454545456,0.0,1.0,17.0,5.0,1496.0,5.0,49.0,11.0,27.0,210.0,120.0,16.0,10.0,25.0,21.0,23.0,0.0,4,0,0.0,0.045045045045045,0.7657657657657658,0.2252252252252252,67.38738738738739,0.2252252252252252,2.2072072072072078,0.4954954954954955,1.2162162162162162,9.45945945945946,5.405405405405405,0.7207207207207207,0.4504504504504504,1.1261261261261262,0.945945945945946,1.036036036036036,0.0,0.1801801801801801,0.0,29.411764705882355,57.14285714285714,62.5,2
9,Achraf Hakimi,2025,D,61,Ligue 1,85,Paris Saint Germain,1374.0,18,6.7990538573508,91.05180533751962,2.0,2.0,20.0,9.0,1274.0,21.0,18.0,1.0,11.0,114.0,47.0,33.0,8.0,13.0,17.0,9.0,4.0,3,1,0.131004366812227,0.131004366812227,1.310043668122271,0.5895196506550218,83.44978165938865,1.3755458515283845,1.1790393013100435,0.0655021834061135,0.7205240174672489,7.467248908296943,3.078602620087336,2.1615720524017465,0.5240174672489083,0.8515283842794761,1.1135371179039302,0.5895196506550218,0.2620087336244541,0.1965065502183406,0.0655021834061135,45.0,41.2280701754386,24.24242424242424,3
23,Sergio Gómez,2025,D,140,La Liga,548,Real Sociedad,2705.0,35,6.874528650646951,86.55629139072848,0.0,6.0,8.0,0.0,1510.0,45.0,88.0,6.0,33.0,249.0,137.0,25.0,13.0,40.0,15.0,45.0,4.0,5,1,0.0,0.199630314232902,0.266173752310536,0.0,50.24029574861368,1.497227356746765,2.927911275415896,0.199630314232902,1.097966728280961,8.284658040665434,4.55822550831793,0.8317929759704252,0.4325323475046211,1.3308687615526802,0.499075785582255,1.497227356746765,0.133086876155268,0.166358595194085,0.033271719038817,0.0,55.020080321285135,52.0,1
31,José María Giménez,2025,D,140,La Liga,530,Atletico Madrid,1177.0,16,7.054599659284498,90.13732833957552,0.0,1.0,12.0,3.0,802.0,1.0,25.0,12.0,16.0,142.0,74.0,3.0,2.0,10.0,10.0,20.0,1.0,3,0,0.0,0.076465590484282,0.9175870858113848,0.2293967714528462,61.32540356839423,0.076465590484282,1.911639762107052,0.9175870858113848,1.2234494477485132,10.858113848768054,5.658453695836873,0.2293967714528462,0.1529311809685641,0.7646559048428208,0.7646559048428208,1.5293118096856415,0.076465590484282,0.2293967714528462,0.0,25.0,52.11267605633802,66.66666666666666,2
33,Lucas Hernández,2025,D,61,Ligue 1,85,Paris Saint Germain,1751.0,25,7.141519131924615,91.80929095354524,0.0,3.0,8.0,3.0,1636.0,15.0,25.0,7.0,19.0,127.0,73.0,8.0,3.0,8.0,19.0,22.0,0.0,4,0,0.0,0.1541976013706453,0.4111936036550542,0.1541976013706453,84.0890919474586,0.7709880068532267,1.2849800114220449,0.3597944031981724,0.976584808680754,6.527698458023987,3.7521416333523696,0.4111936036550542,0.1541976013706453,0.4111936036550542,0.976584808680754,1.1307824100513992,0.0,0.2055968018275271,0.0,37.5,57.48031496062992,37.5,0
68,Clinton Mata,2025,D,61,Ligue 1,80,Lyon,2836.0,32,6.926198871650212,90.6572514937534,0.0,0.0,4.0,0.0,1841.0,2.0,39.0,28.0,29.0,206.0,118.0,15.0,8.0,10.0,36.0,35.0,0.0,5,0,0.0,0.0,0.1269393511988716,0.0,58.42383638928068,0.0634696755994358,1.2376586741889986,0.8885754583921016,0.9203102961918196,6.53737658674189,3.7447108603667134,0.4760225669957686,0.2538787023977433,0.3173483779971791,1.1424541607898449,1.1107193229901269,0.0,0.1586741889985895,0.0,0.0,57.28155339805825,53.333333333333336,0
131,Jorge Cuenca,2025,D,39,Premier League,36,Fulham,965.0,15,6.864937759336099,88.33865814696486,0.0,0.0,1.0,0.0,626.0,3.0,16.0,10.0,16.0,68.0,36.0,5.0,2.0,4.0,1.0,10.0,1.0,6,0,0.0,0.0,0.0932642487046632,0.0,58.38341968911917,0.2797927461139896,1.4922279792746114,0.932642487046632,1.4922279792746114,6.341968911917098,3.357512953367875,0.466321243523316,0.1865284974093264,0.3730569948186528,0.0932642487046632,0.932642487046632,0.0932642487046632,0.5595854922279793,0.0,0.0,52.94117647058824,40.0,0
133,Clément Lenglet,2025,D,140,La Liga,530,Atletico Madrid,1393.0,19,6.8488155061019365,87.86565547128927,0.0,1.0,4.0,0.0,923.0,4.0,21.0,6.0,22.0,114.0,60.0,3.0,3.0,9.0,7.0,22.0,0.0,6,1,0.0,0.0646087580760947,0.258435032304379,0.0,59.63388370423546,0.258435032304379,1.3567839195979898,0.3876525484565685,1.4213926776740846,7.365398420674802,3.876525484565686,0.1938262742282842,0.1938262742282842,0.5814788226848528,0.4522613065326633,1.4213926776740846,0.0,0.3876525484565685,0.0646087580760947,0.0,52.63157894736842,100.0,0
134,Juan Miranda,2025,D,135,Serie A,500,Bologna,2573.0,32,7.03074232413525,83.24175824175825,1.0,3.0,10.0,5.0,1456.0,66.0,49.0,5.0,35.0,206.0,126.0,16.0,8.0,13.0,35.0,25.0,3.0,6,0,0.0349786241741158,0.1049358725223474,0.3497862417411582,0.1748931208705791,50.92887679751263,2.308589195491644,1.7139525845316752,0.1748931208705791,1.2242518460940537,7.2055965798678585,4.4073066459385934,0.5596579867858531,0.2798289933929265,0.4547221142635056,1.2242518460940537,0.8744656043528954,0.1049358725223474,0.2098717450446949,0.0,50.0,61.16504854368932,50.0,3
138,Jean-Clair Todibo,2025,D,39,Premier League,48,West Ham,1817.0,23,6.57863436123348,87.32394366197182,0.0,1.0,1.0,0.0,781.0,5.0,37.0,13.0,17.0,114.0,68.0,9.0,4.0,7.0,3.0,8.0,1.0,5,1,0.0,0.0495321959273527,0.0495321959273527,0.0,38.68464501926252,0.2476609796367639,1.832691249312053,0.6439185470555862,0.8420473307649972,5.646670335718216,3.3681893230599886,0.445789763346175,0.1981287837094111,0.3467253714914695,0.1485965877820583,0.3962575674188222,0.0495321959273527,0.2476609796367639,0.0495321959273527,0.0,59.64912280701754,44.44444444444444,0
166,Juan Foyth,2025,D,140,La Liga,533,Villarreal,936.0,13,7.255876068376068,89.57597173144876,0.0,0.0,1.0,0.0,566.0,0.0,20.0,10.0,16.0,51.0,33.0,4.0,3.0,1.0,1.0,8.0,0.0,2,0,0.0,0.0,0.0961538461538461,0.0,54.42307692307692,0.0,1.9230769230769231,0.9615384615384616,1.5384615384615383,4.903846153846154,3.173076923076923,0.3846153846153846,0.2884615384615384,0.0961538461538461,0.0961538461538461,0.7692307692307693,0.0,0.1923076923076923,0.0,0.0,64.70588235294117,75.0,0
169,Kieran Trippier,2025,D,39,Premier League,34,Newcastle,1592.0,21,6.74588309239472,81.15530303030303,0.0,1.0,2.0,0.0,1056.0,28.0,26.0,1.0,9.0,158.0,72.0,10.0,4.0,28.0,19.0,22.0,1.0,3,0,0.0,0.0565326633165829,0.1130653266331658,0.0,59.69849246231156,1.5829145728643217,1.469849246231156,0.0565326633165829,0.5087939698492463,8.9321608040201,4.07035175879397,0.5653266331658292,0.2261306532663316,1.5829145728643217,1.0741206030150754,1.2437185929648242,0.0565326633165829,0.1695979899497487,0.0,0.0,45.56962025316456,40.0,3
171,Kyle Walker-Peters,2025,D,39,Premier League,48,West Ham,1396.0,23,6.740143369175628,85.57046979865773,1.0,0.0,5.0,3.0,596.0,7.0,44.0,4.0,9.0,161.0,97.0,24.0,16.0,11.0,25.0,12.0,1.0,2,0,0.0644699140401146,0.0,0.3223495702005731,0.1934097421203438,38.42406876790831,0.4512893982808023,2.836676217765043,0.2578796561604584,0.5802292263610316,10.379656160458453,6.2535816618911175,1.5472779369627507,1.0315186246418335,0.7091690544412608,1.611747851002865,0.7736389684813754,0.0644699140401146,0.1289398280802292,0.0,60.0,60.24844720496895,66.66666666666666,1
200,Gabriele Zappa,2025,D,135,Serie A,490,Cagliari,1608.0,31,6.6089375,84.4671201814059,0.0,3.0,9.0,2.0,883.0,13.0,28.0,2.0,17.0,105.0,49.0,14.0,5.0,19.0,5.0,13.0,0.0,2,0,0.0,0.167910447761194,0.503731343283582,0.1119402985074626,49.42164179104478,0.7276119402985074,1.5671641791044777,0.1119402985074626,0.9514925373134328,5.876865671641791,2.742537313432836,0.7835820895522388,0.2798507462686567,1.0634328358208955,0.2798507462686567,0.7276119402985074,0.0,0.1119402985074626,0.0,22.22222222222222,46.66666666666666,35.714285714285715,3
257,Marquinhos,2025,D,61,Ligue 1,85,Paris Saint Germain,1049.0,14,7.346139180171592,95.0959488272921,0.0,0.0,1.0,0.0,938.0,2.0,15.0,4.0,8.0,69.0,41.0,2.0,2.0,1.0,2.0,8.0,0.0,0,0,0.0,0.0,0.0857959961868446,0.0,80.47664442326025,0.1715919923736892,1.286939942802669,0.3431839847473784,0.6863679694947569,5.919923736892278,3.517635843660629,0.1715919923736892,0.1715919923736892,0.0857959961868446,0.1715919923736892,0.6863679694947569,0.0,0.0,0.0,0.0,59.42028985507246,100.0,0
261,Thilo Kehrer,2025,D,61,Ligue 1,91,Monaco,2358.0,28,6.9563613231552175,87.09677419354838,0.0,0.0,13.0,1.0,1643.0,6.0,65.0,23.0,30.0,259.0,165.0,7.0,4.0,20.0,29.0,27.0,2.0,8,2,0.0,0.0,0.4961832061068702,0.0381679389312977,62.70992366412214,0.2290076335877862,2.480916030534351,0.8778625954198473,1.1450381679389312,9.885496183206106,6.297709923664122,0.2671755725190839,0.1526717557251908,0.7633587786259541,1.1068702290076335,1.0305343511450382,0.0763358778625954,0.3053435114503817,0.0763358778625954,7.6923076923076925,63.7065637065637,57.14285714285714,2
264,Thomas Meunier,2025,D,61,Ligue 1,79,Lille,1915.0,25,6.930757180156657,82.7485380116959,2.0,2.0,13.0,5.0,1026.0,18.0,31.0,2.0,16.0,135.0,63.0,20.0,12.0,12.0,3.0,29.0,2.0,3,0,0.0939947780678851,0.0939947780678851,0.6109660574412532,0.2349869451697128,48.21932114882507,0.8459530026109662,1.4569190600522193,0.0939947780678851,0.7519582245430809,6.344647519582246,2.9608355091383816,0.9399477806788512,0.5639686684073107,0.5639686684073107,0.1409921671018277,1.362924281984334,0.0939947780678851,0.1409921671018277,0.0,38.46153846153847,46.66666666666666,60.0,3
283,Trent Alexander-Arnold,2025,D,140,La Liga,541,Real Madrid,1169.0,21,6.890394511149228,85.26187576126675,0.0,4.0,8.0,2.0,821.0,29.0,14.0,3.0,14.0,63.0,29.0,12.0,5.0,10.0,5.0,10.0,0.0,4,0,0.0,0.3079555175363558,0.6159110350727117,0.1539777587681779,63.20786997433704,2.23267750213858,1.0778443113772456,0.2309666381522669,1.0778443113772456,4.850299401197605,2.23267750213858,0.9238665526090676,0.3849443969204448,0.7698887938408896,0.3849443969204448,0.7698887938408896,0.0,0.3079555175363558,0.0,25.0,46.03174603174603,41.66666666666667,3
288,Alberto Moreno,2025,D,135,Serie A,895,Como,1240.0,19,6.8939516129032254,90.46242774566474,2.0,1.0,8.0,4.0,692.0,15.0,22.0,1.0,6.0,95.0,48.0,6.0,1.0,6.0,12.0,17.0,3.0,4,0,0.1451612903225806,0.0725806451612903,0.5806451612903226,0.2903225806451613,50.2258064516129,1.0887096774193548,1.596774193548387,0.0725806451612903,0.4354838709677419,6.895161290322581,3.4838709677419355,0.4354838709677419,0.0725806451612903,0.4354838709677419,0.8709677419354839,1.2338709677419355,0.2177419354838709,0.2903225806451613,0.0,50.0,50.526315789473685,16.666666666666664,3
289,Andy Robertson,2025,D,39,Premier League,40,Liverpool,1188.0,24,6.758213984835721,83.26300984528832,1.0,0.0,4.0,3.0,711.0,20.0,12.0,3.0,8.0,57.0,30.0,6.0,3.0,4.0,1.0,4.0,5.0,0,0,0.0757575757575757,0.0,0.303030303030303,0.2272727272727273,53.86363636363637,1.5151515151515151,0.9090909090909092,0.2272727272727273,0.6060606060606061,4.3181818181818175,2.2727272727272725,0.4545454545454546,0.2272727272727273,0.303030303030303,0.0757575757575757,0.303030303030303,0.3787878787878788,0.0,0.0,75.0,52.63157894736842,50.0,3
290,Virgil van Dijk,2025,D,39,Premier League,40,Liverpool,3420.0,38,7.281578947368421,89.0961262553802,6.0,0.0,26.0,14.0,2788.0,12.0,22.0,26.0,28.0,294.0,216.0,2.0,2.0,2.0,18.0,19.0,1.0,4,0,0.1578947368421052,0.0,0.6842105263157895,0.368421052631579,73.36842105263159,0.3157894736842105,0.5789473684210527,0.6842105263157895,0.736842105263158,7.736842105263158,5.684210526315789,0.0526315789473684,0.0526315789473684,0.0526315789473684,0.4736842105263157,0.5,0.0263157894736842,0.1052631578947368,0.0,53.84615384615385,73.46938775510205,100.0,0
319,Sebastiano Luperto,2025,D,135,Serie A,520,Cremonese,3017.0,34,6.723135565130925,88.22085889570552,1.0,1.0,9.0,5.0,1630.0,6.0,35.0,19.0,30.0,189.0,101.0,5.0,5.0,9.0,29.0,32.0,1.0,4,0,0.0298309579052038,0.0298309579052038,0.2684786211468346,0.1491547895260192,48.62446138548227,0.178985747431223,1.0440835266821344,0.566788200198873,0.8949287371561154,5.638051044083526,3.0129267484255884,0.1491547895260192,0.1491547895260192,0.2684786211468346,0.8650977792509116,0.954590652966523,0.0298309579052038,0.1193238316208153,0.0,55.55555555555556,53.43915343915344,100.0,0
372,Éder Militão,2025,D,140,La Liga,541,Real Madrid,1141.0,16,7.352760736196319,90.8735332464146,2.0,1.0,18.0,9.0,767.0,8.0,23.0,12.0,11.0,106.0,65.0,6.0,3.0,3.0,13.0,15.0,0.0,2,0,0.1577563540753724,0.0788781770376862,1.4198071866783522,0.7099035933391761,60.49956178790534,0.6310254163014899,1.8141980718667836,0.946538124452235,0.8676599474145485,8.361086765994742,5.127081507449605,0.4732690622261175,0.2366345311130587,0.2366345311130587,1.0254163014899211,1.1831726555652935,0.0,0.1577563540753724,0.0,50.0,61.32075471698113,50.0,2
375,Chancel Mbemba,2025,D,61,Ligue 1,79,Lille,953.0,13,6.843067226890756,91.8429003021148,0.0,0.0,5.0,3.0,662.0,4.0,14.0,4.0,14.0,69.0,41.0,3.0,1.0,4.0,6.0,10.0,0.0,3,0,0.0,0.0,0.4721930745015739,0.2833158447009444,62.51836306400839,0.3777544596012592,1.3221406086044072,0.3777544596012592,1.3221406086044072,6.516264428121721,3.8719832109129055,0.2833158447009444,0.0944386149003148,0.3777544596012592,0.5666316894018888,0.944386149003148,0.0,0.2833158447009444,0.0,60.0,59.42028985507246,33.33333333333333,0
376,Diogo Leite,2025,D,78,Bundesliga,182,Union Berlin,1970.0,23,6.76984771573604,76.46502835538752,0.0,0.0,6.0,1.0,1058.0,9.0,33.0,10.0,43.0,223.0,126.0,12.0,6.0,12.0,25.0,25.0,1.0,4,0,0.0,0.0,0.2741116751269035,0.0456852791878172,48.33502538071066,0.4111675126903553,1.5076142131979695,0.4568527918781725,1.964467005076142,10.187817258883248,5.756345177664975,0.5482233502538071,0.2741116751269035,0.5482233502538071,1.1421319796954317,1.1421319796954317,0.0456852791878172,0.182741116751269,0.0,16.666666666666664,56.502242152466366,50.0,2
433,Marcão,2025,D,140,La Liga,536,Sevilla,943.0,13,6.618981972428419,87.33905579399142,0.0,0.0,6.0,2.0,466.0,0.0,13.0,5.0,5.0,111.0,62.0,1.0,1.0,5.0,21.0,22.0,1.0,4,1,0.0,0.0,0.5726405090137858,0.1908801696712619,44.47507953340403,0.0,1.2407211028632026,0.4772004241781548,0.4772004241781548,10.593849416755036,5.91728525980912,0.0954400848356309,0.0954400848356309,0.4772004241781548,2.0042417815482505,2.099681866383881,0.0954400848356309,0.3817603393425239,0.0954400848356309,33.33333333333333,55.85585585585585,100.0,2
529,Nicolás Tagliafico,2025,D,61,Ligue 1,80,Lyon,1320.0,20,6.762803030303028,85.58692421991084,0.0,3.0,11.0,1.0,674.0,13.0,29.0,5.0,20.0,164.0,87.0,7.0,3.0,6.0,33.0,36.0,2.0,6,2,0.0,0.2045454545454545,0.75,0.0681818181818181,45.95454545454545,0.8863636363636362,1.9772727272727275,0.3409090909090909,1.3636363636363638,11.181818181818182,5.931818181818182,0.4772727272727273,0.2045454545454545,0.409090909090909,2.25,2.4545454545454546,0.1363636363636363,0.409090909090909,0.1363636363636363,9.090909090909092,53.04878048780488,42.85714285714285,2
531,Daley Blind,2025,D,140,La Liga,547,Girona,2610.0,31,6.960344827586206,89.3687707641196,0.0,0.0,2.0,1.0,2107.0,11.0,55.0,20.0,39.0,204.0,120.0,15.0,12.0,16.0,20.0,19.0,0.0,1,0,0.0,0.0,0.0689655172413793,0.0344827586206896,72.6551724137931,0.3793103448275862,1.896551724137931,0.689655172413793,1.3448275862068966,7.0344827586206895,4.137931034482759,0.5172413793103449,0.4137931034482758,0.5517241379310345,0.689655172413793,0.6551724137931034,0.0,0.0344827586206896,0.0,50.0,58.82352941176471,80.0,0
532,Matthijs de Ligt,2025,D,39,Premier League,33,Manchester United,1170.0,13,6.930769230769231,87.74509803921569,1.0,0.0,8.0,3.0,612.0,3.0,19.0,7.0,15.0,118.0,74.0,2.0,1.0,6.0,5.0,6.0,0.0,0,0,0.0769230769230769,0.0,0.6153846153846154,0.2307692307692307,47.07692307692308,0.2307692307692307,1.4615384615384617,0.5384615384615385,1.1538461538461535,9.076923076923077,5.692307692307692,0.1538461538461538,0.0769230769230769,0.4615384615384615,0.3846153846153846,0.4615384615384615,0.0,0.0,0.0,37.5,62.71186440677966,50.0,0
533,Rasmus Kristensen,2025,D,78,Bundesliga,169,Eintracht Frankfurt,1563.0,22,7.047984644913628,79.40594059405942,2.0,0.0,12.0,6.0,1010.0,8.0,46.0,1.0,19.0,184.0,103.0,22.0,14.0,16.0,11.0,24.0,3.0,6,1,0.1151631477927063,0.0,0.690978886756238,0.345489443378119,58.1573896353167,0.4606525911708253,2.648752399232246,0.0575815738963531,1.0940499040307103,10.595009596928984,5.930902111324376,1.2667946257197698,0.8061420345489444,0.9213051823416506,0.6333973128598849,1.381957773512476,0.1727447216890595,0.345489443378119,0.0575815738963531,50.0,55.97826086956522,63.63636363636363,1
537,Joël Veltman,2025,D,39,Premier League,51,Brighton,1073.0,24,6.90812324929972,82.23234624145786,1.0,0.0,2.0,1.0,442.0,4.0,31.0,6.0,18.0,112.0,75.0,5.0,2.0,10.0,22.0,10.0,2.0,5,0,0.0838769804287045,0.0,0.1677539608574091,0.0838769804287045,37.07362534948742,0.3355079217148182,2.600186393289841,0.5032618825722274,1.509785647716682,9.394221808014912,6.290773532152842,0.4193849021435228,0.1677539608574091,0.8387698042870456,1.8452935694315007,0.8387698042870456,0.1677539608574091,0.4193849021435228,0.0,50.0,66.96428571428571,40.0,2
545,Noussair Mazraoui,2025,D,39,Premier League,33,Manchester United,1022.0,20,6.995303326810177,87.61552680221811,0.0,0.0,2.0,0.0,543.0,7.0,28.0,2.0,14.0,108.0,68.0,15.0,8.0,3.0,14.0,12.0,0.0,3,0,0.0,0.0,0.1761252446183953,0.0,47.81800391389432,0.6164383561643836,2.4657534246575343,0.1761252446183953,1.2328767123287672,9.510763209393346,5.98825831702544,1.3209393346379648,0.7045009784735812,0.2641878669275929,1.2328767123287672,1.0567514677103718,0.0,0.2641878669275929,0.0,0.0,62.96296296296296,53.333333333333336,2
567,Rúben Dias,2025,D,39,Premier League,50,Manchester City,2149.0,26,7.234899953466728,92.97945205479452,2.0,0.0,7.0,4.0,1752.0,7.0,13.0,17.0,23.0,136.0,82.0,6.0,3.0,2.0,9.0,15.0,0.0,3,0,0.0837598883201489,0.0,0.2931596091205212,0.1675197766402978,73.37366216845044,0.2931596091205212,0.5444392740809679,0.7119590507212658,0.9632387156817124,5.695672405770126,3.434155421126105,0.2512796649604467,0.1256398324802233,0.0837598883201489,0.37691949744067,0.6281991624011168,0.0,0.1256398324802233,0.0,57.14285714285714,60.29411764705882,50.0,0
619,Eric García,2025,D,140,La Liga,529,Barcelona,2730.0,34,7.112417582417583,92.16687952320136,1.0,2.0,17.0,7.0,2349.0,31.0,73.0,7.0,48.0,249.0,143.0,9.0,3.0,23.0,24.0,33.0,1.0,6,0,0.0329670329670329,0.0659340659340659,0.5604395604395604,0.2307692307692307,77.43956043956044,1.021978021978022,2.4065934065934065,0.2307692307692307,1.5824175824175823,8.208791208791208,4.714285714285714,0.2967032967032967,0.0989010989010989,0.7582417582417582,0.7912087912087912,1.087912087912088,0.0329670329670329,0.1978021978021978,0.0,41.17647058823529,57.42971887550201,33.33333333333333,2
622,Aymeric Laporte,2025,D,140,La Liga,531,Athletic Club,2060.0,25,6.872815533980583,89.15857605177993,0.0,1.0,9.0,5.0,1236.0,7.0,27.0,13.0,25.0,150.0,102.0,2.0,2.0,9.0,13.0,9.0,1.0,4,0,0.0,0.0436893203883495,0.3932038834951456,0.2184466019417475,54.0,0.3058252427184466,1.179611650485437,0.5679611650485437,1.0922330097087378,6.5533980582524265,4.456310679611651,0.087378640776699,0.087378640776699,0.3932038834951456,0.5679611650485437,0.3932038834951456,0.0436893203883495,0.174757281553398,0.0,55.55555555555556,68.0,100.0,0
627,Kyle Walker,2025,D,39,Premier League,44,Burnley,3097.0,36,6.609622215046819,77.36111111111111,0.0,2.0,1.0,0.0,1440.0,13.0,56.0,10.0,45.0,261.0,138.0,27.0,13.0,19.0,22.0,32.0,1.0,9,0,0.0,0.0581207620277688,0.0290603810138844,0.0,41.84694865999354,0.3777849531804972,1.6273813367775265,0.290603810138844,1.3077171456247982,7.584759444623829,4.010332579916048,0.7846302873748788,0.3777849531804972,0.5521472392638037,0.6393283823054569,0.9299321924443008,0.0290603810138844,0.2615434291249596,0.0,0.0,52.87356321839081,48.14814814814815,3
656,Oumar Solet,2025,D,135,Serie A,494,Udinese,2961.0,35,7.232083755488011,89.25301204819277,3.0,1.0,25.0,6.0,2075.0,23.0,75.0,19.0,48.0,324.0,193.0,58.0,41.0,22.0,29.0,30.0,2.0,1,0,0.0911854103343465,0.0303951367781155,0.7598784194528876,0.182370820668693,63.06990881458966,0.6990881458966566,2.2796352583586623,0.5775075987841946,1.4589665653495445,9.848024316109422,5.866261398176292,1.762917933130699,1.2462006079027357,0.668693009118541,0.8814589665653495,0.9118541033434652,0.060790273556231,0.0303951367781155,0.0,24.0,59.5679012345679,70.6896551724138,2
657,Kenny Tete,2025,D,39,Premier League,36,Fulham,1802.0,22,6.970754716981133,84.42437923250564,1.0,0.0,10.0,3.0,886.0,11.0,64.0,6.0,27.0,217.0,130.0,22.0,8.0,13.0,31.0,27.0,1.0,2,0,0.0499445061043285,0.0,0.4994450610432852,0.1498335183129855,44.25083240843507,0.5493895671476138,3.1964483906770256,0.2996670366259711,1.3485016648168702,10.83795782463929,6.4927857935627085,1.0987791342952276,0.3995560488346282,0.6492785793562708,1.5482796892341844,1.3485016648168702,0.0499445061043285,0.099889012208657,0.0,30.0,59.90783410138248,36.36363636363637,1
711,Stefan Posch,2025,D,78,Bundesliga,164,FSV Mainz 05,1801.0,30,6.934055555555555,78.47147470398278,1.0,0.0,16.0,6.0,929.0,10.0,58.0,12.0,25.0,216.0,132.0,10.0,5.0,12.0,18.0,17.0,1.0,5,0,0.0499722376457523,0.0,0.7995558023320378,0.2998334258745141,46.42420877290394,0.4997223764575236,2.898389783453637,0.5996668517490283,1.249305941143809,10.79400333148251,6.596335369239312,0.4997223764575236,0.2498611882287618,0.5996668517490283,0.8995002776235425,0.8495280399777901,0.0499722376457523,0.2498611882287618,0.0,37.5,61.11111111111112,50.0,2
733,Dani Carvajal,2025,D,140,La Liga,541,Real Madrid,976.0,17,6.827868852459017,92.06049149338376,0.0,1.0,4.0,1.0,529.0,11.0,14.0,7.0,6.0,61.0,30.0,4.0,2.0,13.0,9.0,7.0,0.0,0,0,0.0,0.0922131147540983,0.3688524590163934,0.0922131147540983,48.78073770491804,1.014344262295082,1.290983606557377,0.6454918032786885,0.5532786885245902,5.625,2.7663934426229506,0.3688524590163934,0.1844262295081967,1.1987704918032789,0.8299180327868853,0.6454918032786885,0.0,0.0,0.0,25.0,49.18032786885246,50.0,3
734,Adrián de la Fuente,2025,D,140,La Liga,539,Levante,2710.0,33,7.075498154981549,82.00134318334452,3.0,1.0,21.0,9.0,1489.0,19.0,31.0,22.0,48.0,178.0,106.0,10.0,7.0,7.0,27.0,34.0,1.0,5,0,0.0996309963099631,0.033210332103321,0.6974169741697417,0.2988929889298893,49.450184501845015,0.6309963099630996,1.029520295202952,0.7306273062730627,1.5940959409594095,5.911439114391143,3.5202952029520294,0.3321033210332103,0.2324723247232472,0.2324723247232472,0.896678966789668,1.1291512915129152,0.033210332103321,0.1660516605166051,0.0,42.85714285714285,59.55056179775281,70.0,0
736,Fran García,2025,D,140,La Liga,541,Real Madrid,933.0,13,6.592711682743837,89.1647855530474,1.0,1.0,5.0,2.0,444.0,5.0,19.0,4.0,7.0,81.0,43.0,9.0,3.0,5.0,14.0,7.0,1.0,2,1,0.0964630225080385,0.0964630225080385,0.4823151125401929,0.1929260450160771,42.829581993569136,0.4823151125401929,1.832797427652733,0.3858520900321543,0.6752411575562701,7.813504823151126,4.147909967845659,0.8681672025723474,0.2893890675241157,0.4823151125401929,1.3504823151125402,0.6752411575562701,0.0964630225080385,0.1929260450160771,0.0964630225080385,40.0,53.086419753086425,33.33333333333333,3
753,Marcos Llorente,2025,D,140,La Liga,530,Atletico Madrid,2184.0,29,6.96268315018315,89.52513966480447,0.0,4.0,11.0,6.0,1432.0,20.0,59.0,2.0,12.0,174.0,93.0,24.0,13.0,21.0,11.0,28.0,4.0,7,1,0.0,0.1648351648351648,0.4532967032967033,0.2472527472527472,59.010989010989015,0.8241758241758242,2.4313186813186816,0.0824175824175824,0.4945054945054945,7.17032967032967,3.832417582417583,0.989010989010989,0.5357142857142857,0.8653846153846154,0.4532967032967033,1.1538461538461535,0.1648351648351648,0.2884615384615384,0.0412087912087912,54.54545454545454,53.44827586206896,54.16666666666666,3
774,Juan Jesus,2025,D,135,Serie A,492,Napoli,1682.0,24,6.794054696789536,91.534008683068,0.0,0.0,0.0,0.0,1382.0,4.0,40.0,12.0,27.0,157.0,77.0,1.0,0.0,5.0,2.0,39.0,0.0,10,1,0.0,0.0,0.0,0.0,73.94768133174792,0.2140309155766944,2.140309155766944,0.6420927467300832,1.4447086801426874,8.400713436385256,4.120095124851368,0.0535077288941736,0.0,0.267538644470868,0.1070154577883472,2.0868014268727704,0.0,0.535077288941736,0.0535077288941736,,49.04458598726114,0.0,2
833,Jaka Bijol,2025,D,39,Premier League,63,Leeds,1913.0,25,6.961055933089388,84.92063492063492,1.0,2.0,11.0,6.0,1008.0,7.0,26.0,14.0,24.0,189.0,104.0,3.0,2.0,6.0,10.0,19.0,0.0,4,0,0.0470465237846314,0.0940930475692629,0.5175117616309461,0.2822791427077888,47.42289597490853,0.3293256664924203,1.2232096184004182,0.6586513329848406,1.1291165708311552,8.891792995295347,4.892838473601673,0.1411395713538944,0.0940930475692629,0.2822791427077888,0.4704652378463146,0.8938839519079979,0.0,0.1881860951385258,0.0,54.54545454545454,55.02645502645503,66.66666666666666,0
855,João Cancelo,2025,D,140,La Liga,529,Barcelona,962.0,16,7.324636174636175,87.5229357798165,2.0,2.0,8.0,4.0,545.0,15.0,26.0,2.0,10.0,132.0,73.0,47.0,26.0,15.0,14.0,11.0,4.0,1,0,0.1871101871101871,0.1871101871101871,0.7484407484407485,0.3742203742203742,50.987525987525984,1.4033264033264037,2.4324324324324325,0.1871101871101871,0.9355509355509356,12.34927234927235,6.82952182952183,4.397089397089397,2.4324324324324325,1.4033264033264037,1.30977130977131,1.0291060291060292,0.3742203742203742,0.0935550935550935,0.0,50.0,55.3030303030303,55.319148936170215,1
885,Eric Bailly,2025,D,140,La Liga,718,Oviedo,1236.0,15,6.969902912621358,85.40925266903915,1.0,0.0,4.0,1.0,562.0,3.0,12.0,19.0,17.0,104.0,65.0,7.0,5.0,2.0,7.0,13.0,0.0,3,0,0.0728155339805825,0.0,0.2912621359223301,0.0728155339805825,40.922330097087375,0.2184466019417475,0.8737864077669902,1.383495145631068,1.2378640776699028,7.572815533980583,4.733009708737864,0.5097087378640777,0.3640776699029125,0.145631067961165,0.5097087378640777,0.9466019417475728,0.0,0.2184466019417475,0.0,25.0,62.5,71.42857142857143,0
886,Diogo Dalot,2025,D,39,Premier League,33,Manchester United,2617.0,34,6.912227741688956,84.98233215547704,1.0,3.0,21.0,6.0,1132.0,29.0,53.0,9.0,27.0,227.0,135.0,27.0,18.0,21.0,14.0,25.0,4.0,5,0,0.034390523500191,0.1031715705005731,0.7222009935040122,0.2063431410011463,38.93007260221628,0.9973251815055408,1.8226977455101256,0.3095147115017195,0.9285441345051586,7.80664883454337,4.642720672525793,0.9285441345051586,0.6190294230034391,0.7222009935040122,0.4814673290026748,0.8597630875047765,0.1375620940007642,0.1719526175009553,0.0,28.57142857142857,59.471365638766514,66.66666666666666,3
889,Victor Lindelöf,2025,D,39,Premier League,66,Aston Villa,985.0,17,6.685583756345178,94.20970266040688,0.0,1.0,3.0,0.0,639.0,2.0,7.0,5.0,8.0,31.0,19.0,0.0,0.0,2.0,1.0,2.0,0.0,0,0,0.0,0.0913705583756345,0.2741116751269035,0.0,58.38578680203046,0.182741116751269,0.6395939086294417,0.4568527918781725,0.7309644670050762,2.8324873096446703,1.736040609137056,0.0,0.0,0.182741116751269,0.0913705583756345,0.182741116751269,0.0,0.0,0.0,0.0,61.29032258064516,,0
891,Luke Shaw,2025,D,39,Premier League,33,Manchester United,3231.0,38,6.724543484989166,86.79135008766804,1.0,1.0,6.0,3.0,1711.0,16.0,74.0,9.0,46.0,301.0,166.0,20.0,10.0,17.0,20.0,49.0,0.0,9,0,0.0278551532033426,0.0278551532033426,0.1671309192200557,0.0835654596100278,47.66016713091923,0.4456824512534819,2.0612813370473537,0.2506963788300835,1.2813370473537604,8.384401114206128,4.623955431754874,0.5571030640668524,0.2785515320334262,0.4735376044568244,0.5571030640668524,1.3649025069637883,0.0,0.2506963788300835,0.0,50.0,55.14950166112956,50.0,2
918,José Luis Gayà,2025,D,140,La Liga,532,Valencia,2461.0,32,6.731856968711907,83.8569880823402,1.0,2.0,9.0,3.0,923.0,25.0,69.0,7.0,23.0,208.0,123.0,24.0,11.0,19.0,20.0,31.0,3.0,6,1,0.0365704997968305,0.0731409995936611,0.329134498171475,0.1097114993904916,33.7545713124746,0.9142624949207638,2.5233644859813085,0.2559934985778139,0.8411214953271028,7.606663957740755,4.498171475010159,0.8776919951239334,0.4022754977651361,0.6948394961397806,0.7314099959366112,1.133685493701747,0.1097114993904916,0.2194229987809833,0.0365704997968305,33.33333333333333,59.13461538461539,45.83333333333333,3
943,Ulisses Garcia,2025,D,135,Serie A,488,Sassuolo,1154.0,17,6.777209705372616,86.95652173913044,1.0,2.0,3.0,2.0,529.0,14.0,20.0,6.0,8.0,87.0,34.0,9.0,3.0,21.0,4.0,15.0,1.0,4,1,0.0779896013864818,0.1559792027729636,0.2339688041594454,0.1559792027729636,41.25649913344888,1.0918544194107451,1.559792027729636,0.4679376083188908,0.6239168110918544,6.785095320623917,2.6516464471403816,0.7019064124783362,0.2339688041594454,1.6377816291161178,0.3119584055459272,1.169844020797227,0.0779896013864818,0.3119584055459272,0.0779896013864818,66.66666666666666,39.08045977011494,33.33333333333333,3
972,Jonathan Tah,2025,D,78,Bundesliga,157,Bayern München,2024.0,28,7.280474542758281,96.36075949367088,2.0,1.0,7.0,5.0,1897.0,5.0,24.0,21.0,26.0,129.0,76.0,5.0,3.0,7.0,6.0,26.0,0.0,7,0,0.0889328063241106,0.0444664031620553,0.3112648221343873,0.2223320158102766,84.35276679841897,0.2223320158102766,1.067193675889328,0.933794466403162,1.1561264822134387,5.736166007905139,3.3794466403162056,0.2223320158102766,0.133399209486166,0.3112648221343873,0.266798418972332,1.1561264822134387,0.0,0.3112648221343873,0.0,71.42857142857143,58.91472868217055,60.0,0
979,Dominik Kohr,2025,D,78,Bundesliga,164,FSV Mainz 05,2345.0,29,6.837441364605544,83.64444444444445,2.0,0.0,11.0,4.0,1125.0,10.0,48.0,17.0,45.0,256.0,134.0,11.0,5.0,28.0,43.0,40.0,1.0,11,2,0.0767590618336886,0.0,0.4221748400852878,0.1535181236673773,43.17697228144989,0.3837953091684435,1.842217484008529,0.652452025586354,1.727078891257996,9.825159914712152,5.142857142857142,0.4221748400852878,0.1918976545842217,1.0746268656716418,1.650319829424307,1.535181236673774,0.0383795309168443,0.4221748400852878,0.0767590618336886,36.36363636363637,52.34375,45.45454545454545,2
1031,Igor Silva,2025,D,61,Ligue 1,97,Lorient,1223.0,17,6.782324058919803,86.89883913764511,1.0,0.0,6.0,1.0,603.0,8.0,21.0,7.0,13.0,92.0,56.0,9.0,3.0,10.0,18.0,9.0,1.0,1,0,0.0735895339329517,0.0,0.4415372035977105,0.0735895339329517,44.37448896156991,0.588716271463614,1.5453802125919869,0.5151267375306623,0.9566639411283728,6.7702371218315625,4.121013900245298,0.6623058053965658,0.2207686017988552,0.7358953393295176,1.3246116107931316,0.6623058053965658,0.0735895339329517,0.0735895339329517,0.0,16.666666666666664,60.86956521739131,33.33333333333333,3
1084,Marin Pongračić,2025,D,135,Serie A,502,Fiorentina,2917.0,35,6.797565992458005,91.63598106259865,0.0,0.0,5.0,1.0,1901.0,8.0,31.0,27.0,35.0,241.0,117.0,22.0,16.0,6.0,21.0,69.0,0.0,12,0,0.0,0.0,0.1542680836475831,0.0308536167295166,58.65272540281111,0.246828933836133,0.9564621186150154,0.8330476516969489,1.079876585533082,7.435721631813507,3.609873157353445,0.6787795680493658,0.493657867672266,0.1851217003770997,0.6479259513198492,2.128899554336647,0.0,0.3702434007541995,0.0,20.0,48.54771784232365,72.72727272727273,0
1118,Jeremy Toljan,2025,D,140,La Liga,539,Levante,3173.0,37,6.53217774976363,77.45358090185677,1.0,4.0,5.0,1.0,1131.0,28.0,66.0,16.0,32.0,214.0,105.0,19.0,6.0,22.0,19.0,33.0,2.0,8,0,0.0283643239836117,0.1134572959344468,0.1418216199180586,0.0283643239836117,32.08005042546486,0.7942010715411283,1.8720453829183736,0.4538291837377875,0.907658367475575,6.069965332492909,2.978254018279231,0.5389221556886228,0.1701859439016703,0.624015127639458,0.5389221556886228,0.9360226914591868,0.0567286479672234,0.2269145918688937,0.0,20.0,49.06542056074766,31.57894736842105,3
1119,Kristoffer Ajer,2025,D,39,Premier League,55,Brentford,1820.0,27,6.670274725274725,79.9715909090909,0.0,1.0,8.0,3.0,704.0,4.0,37.0,16.0,18.0,193.0,105.0,11.0,3.0,7.0,5.0,23.0,0.0,4,0,0.0,0.0494505494505494,0.3956043956043956,0.1483516483516483,34.81318681318682,0.1978021978021978,1.8296703296703296,0.7912087912087912,0.8901098901098901,9.543956043956044,5.1923076923076925,0.543956043956044,0.1483516483516483,0.3461538461538461,0.2472527472527472,1.137362637362637,0.0,0.1978021978021978,0.0,37.5,54.40414507772021,27.27272727272727,2
1145,Ibrahima Konaté,2025,D,39,Premier League,40,Liverpool,3100.0,36,7.079451612903226,89.57083525611445,1.0,0.0,9.0,4.0,2167.0,8.0,53.0,24.0,28.0,319.0,220.0,7.0,5.0,10.0,41.0,33.0,0.0,7,0,0.0290322580645161,0.0,0.2612903225806451,0.1161290322580645,62.912903225806446,0.232258064516129,1.538709677419355,0.6967741935483871,0.8129032258064517,9.261290322580646,6.387096774193548,0.2032258064516129,0.1451612903225806,0.2903225806451613,1.1903225806451612,0.9580645161290322,0.0,0.2032258064516129,0.0,44.44444444444444,68.96551724137932,71.42857142857143,0
1146,Nordi Mukiele,2025,D,39,Premier League,746,Sunderland,2787.0,32,6.946465733763905,78.63751051303616,3.0,3.0,16.0,4.0,1189.0,23.0,69.0,10.0,40.0,314.0,183.0,27.0,13.0,14.0,26.0,35.0,3.0,5,0,0.0968783638320775,0.0968783638320775,0.5166846071044133,0.1291711517761033,38.39612486544672,0.7427341227125942,2.2282023681377825,0.3229278794402583,1.2917115177610334,10.139935414424112,5.909580193756728,0.8719052744886975,0.4198062432723358,0.4520990312163617,0.8396124865446716,1.1302475780409045,0.0968783638320775,0.1614639397201291,0.0,25.0,58.28025477707006,48.14814814814815,2
1148,Willi Orbán,2025,D,78,Bundesliga,173,RB Leipzig,2950.0,33,7.274576271186441,89.66419537723507,2.0,0.0,16.0,9.0,2293.0,11.0,47.0,36.0,42.0,316.0,212.0,8.0,6.0,17.0,23.0,21.0,2.0,4,0,0.0610169491525423,0.0,0.488135593220339,0.2745762711864407,69.95593220338982,0.3355932203389831,1.4338983050847456,1.0983050847457627,1.2813559322033898,9.640677966101697,6.467796610169492,0.2440677966101695,0.1830508474576271,0.5186440677966102,0.7016949152542373,0.6406779661016949,0.0610169491525423,0.1220338983050847,0.0,56.25,67.08860759493672,75.0,0
1149,Dayot Upamecano,2025,D,78,Bundesliga,157,Bayern München,1797.0,24,7.261825264329438,92.60157671315947,1.0,1.0,6.0,2.0,1649.0,11.0,44.0,5.0,19.0,151.0,87.0,10.0,4.0,9.0,5.0,15.0,0.0,4,0,0.0500834724540901,0.0500834724540901,0.3005008347245409,0.1001669449081803,82.58764607679466,0.5509181969949917,2.2036727879799667,0.2504173622704507,0.9515859766277128,7.562604340567613,4.357262103505843,0.5008347245409015,0.2003338898163606,0.4507512520868113,0.2504173622704507,0.7512520868113522,0.0,0.2003338898163606,0.0,33.33333333333333,57.615894039735096,40.0,0
1157,Konrad Laimer,2025,D,78,Bundesliga,157,Bayern München,1997.0,29,6.868602904356535,90.05805515239477,3.0,9.0,15.0,8.0,1378.0,44.0,46.0,6.0,17.0,200.0,84.0,36.0,14.0,22.0,9.0,29.0,4.0,9,0,0.1352028042063094,0.4056084126189284,0.6760140210315473,0.3605408112168252,62.10315473209815,1.9829744616925389,2.0731096644967453,0.2704056084126189,0.7661492238357537,9.01352028042063,3.785678517776665,1.6224336504757138,0.6309464196294442,0.9914872308462694,0.4056084126189284,1.3069604406609914,0.1802704056084126,0.4056084126189284,0.0,53.333333333333336,42.0,38.88888888888889,1
1231,Vladimír Coufal,2025,D,78,Bundesliga,167,1899 Hoffenheim,3017.0,34,7.162446138548226,78.21187077385424,1.0,8.0,17.0,6.0,1331.0,59.0,60.0,16.0,37.0,308.0,173.0,62.0,31.0,25.0,42.0,33.0,1.0,4,0,0.0298309579052038,0.2386476632416307,0.5071262843884654,0.178985747431223,39.70500497182632,1.760026516407027,1.7898574743122309,0.4772953264832615,1.1037454424925424,9.187935034802784,5.160755717600265,1.8495193901226383,0.9247596950613192,0.7457739476300961,1.2529002320185614,0.984421610871727,0.0298309579052038,0.1193238316208153,0.0,35.294117647058826,56.16883116883117,50.0,1
1257,Jules Koundé,2025,D,140,La Liga,529,Barcelona,2269.0,30,6.952181577787572,91.57127991675338,1.0,3.0,11.0,4.0,1922.0,23.0,47.0,13.0,29.0,232.0,127.0,35.0,21.0,21.0,24.0,23.0,2.0,6,0,0.0396650506831203,0.1189951520493609,0.4363155575143235,0.1586602027324812,76.23622741295725,0.9122961657117672,1.864257382106655,0.5156456588805641,1.150286469810489,9.202291758483913,5.03746143675628,1.388276773909211,0.8329660643455267,0.8329660643455267,0.9519612163948876,0.9122961657117672,0.0793301013662406,0.2379903040987219,0.0,36.36363636363637,54.741379310344826,60.0,2
1291,Denis Vavro,2025,D,78,Bundesliga,161,VfL Wolfsburg,1405.0,19,6.928754448398577,86.7298578199052,1.0,0.0,11.0,5.0,634.0,3.0,12.0,13.0,18.0,92.0,53.0,3.0,3.0,11.0,6.0,10.0,0.0,2,0,0.0640569395017793,0.0,0.704626334519573,0.3202846975088967,40.61209964412812,0.1921708185053381,0.7686832740213524,0.8327402135231317,1.1530249110320283,5.893238434163702,3.395017793594306,0.1921708185053381,0.1921708185053381,0.704626334519573,0.3843416370106762,0.6405693950177935,0.0,0.1281138790035587,0.0,45.45454545454545,57.60869565217392,100.0,0
1314,Amir Rrahmani,2025,D,135,Serie A,492,Napoli,1800.0,21,7.271833333333333,92.28468899521532,2.0,1.0,11.0,4.0,1672.0,7.0,22.0,10.0,24.0,165.0,108.0,4.0,2.0,2.0,16.0,20.0,2.0,2,0,0.1,0.05,0.55,0.2,83.6,0.35,1.1,0.5,1.2000000000000002,8.25,5.4,0.2,0.1,0.1,0.8,1.0,0.1,0.1,0.0,36.36363636363637,65.45454545454545,50.0,0
1361,Ferdi Kadıoğlu,2025,D,39,Premier League,51,Brighton,3135.0,37,6.854194577352472,85.56776556776556,1.0,0.0,22.0,13.0,1365.0,22.0,58.0,7.0,26.0,253.0,137.0,22.0,12.0,37.0,36.0,22.0,7.0,6,0,0.0287081339712918,0.0,0.631578947368421,0.3732057416267942,39.1866028708134,0.631578947368421,1.6650717703349285,0.200956937799043,0.7464114832535884,7.263157894736842,3.933014354066986,0.631578947368421,0.3444976076555024,1.062200956937799,1.0334928229665072,0.631578947368421,0.200956937799043,0.1722488038277512,0.0,59.09090909090909,54.1501976284585,54.54545454545454,3
1439,Héctor Bellerín,2025,D,140,La Liga,543,Real Betis,1840.0,27,6.799728260869565,88.13229571984435,2.0,3.0,5.0,5.0,1028.0,24.0,30.0,4.0,14.0,118.0,58.0,13.0,7.0,19.0,4.0,15.0,2.0,2,0,0.0978260869565217,0.1467391304347826,0.2445652173913043,0.2445652173913043,50.28260869565217,1.1739130434782608,1.467391304347826,0.1956521739130435,0.6847826086956522,5.771739130434783,2.8369565217391304,0.6358695652173914,0.3423913043478261,0.9293478260869564,0.1956521739130435,0.733695652173913,0.0978260869565217,0.0978260869565217,0.0,100.0,49.15254237288136,53.84615384615385,3
1442,Sead Kolašinac,2025,D,135,Serie A,499,Atalanta,1224.0,19,6.658346972176759,90.0129701686122,0.0,0.0,2.0,0.0,771.0,0.0,27.0,5.0,11.0,109.0,55.0,7.0,5.0,9.0,10.0,22.0,1.0,3,0,0.0,0.0,0.1470588235294117,0.0,56.69117647058823,0.0,1.9852941176470589,0.3676470588235294,0.8088235294117646,8.014705882352942,4.044117647058823,0.5147058823529411,0.3676470588235294,0.6617647058823529,0.7352941176470589,1.6176470588235292,0.0735294117647058,0.2205882352941176,0.0,0.0,50.45871559633027,71.42857142857143,2
1445,Konstantinos Mavropanos,2025,D,39,Premier League,48,West Ham,2535.0,31,7.104102564102565,82.4486301369863,3.0,0.0,20.0,8.0,1170.0,4.0,40.0,30.0,49.0,205.0,134.0,2.0,2.0,14.0,9.0,16.0,2.0,2,0,0.1065088757396449,0.0,0.7100591715976332,0.2840236686390532,41.53846153846154,0.1420118343195266,1.4201183431952664,1.0650887573964496,1.7396449704142012,7.278106508875739,4.757396449704141,0.0710059171597633,0.0710059171597633,0.4970414201183432,0.3195266272189349,0.5680473372781065,0.0710059171597633,0.0710059171597633,0.0,40.0,65.3658536585366,100.0,0
1456,Ainsley Maitland-Niles,2025,D,61,Ligue 1,80,Lyon,2485.0,30,6.795573440643863,85.13876454789614,1.0,4.0,13.0,7.0,1117.0,21.0,57.0,4.0,33.0,212.0,103.0,32.0,14.0,19.0,12.0,37.0,1.0,6,1,0.0362173038229376,0.1448692152917505,0.4708249496981891,0.2535211267605634,40.454728370221325,0.76056338028169,2.0643863179074446,0.1448692152917505,1.1951710261569417,7.678068410462776,3.730382293762576,1.158953722334004,0.5070422535211268,0.6881287726358148,0.4346076458752515,1.3400402414486925,0.0362173038229376,0.2173038229376257,0.0362173038229376,53.84615384615385,48.58490566037736,43.75,3
1482,Thierry Correia,2025,D,140,La Liga,532,Valencia,1394.0,24,6.560688665710186,81.32716049382715,0.0,2.0,2.0,1.0,648.0,13.0,31.0,0.0,17.0,152.0,78.0,16.0,8.0,6.0,25.0,28.0,4.0,5,0,0.0,0.1291248206599713,0.1291248206599713,0.0645624103299856,41.8364418938307,0.8393113342898134,2.0014347202295557,0.0,1.0975609756097562,9.81348637015782,5.035868005738881,1.0329985652797704,0.5164992826398852,0.3873744619799139,1.6140602582496413,1.8077474892395984,0.2582496413199426,0.3228120516499282,0.0,50.0,51.31578947368421,50.0,1
1489,Nemanja Gudelj,2025,D,140,La Liga,536,Sevilla,2370.0,34,6.727552742616035,88.33634719710669,2.0,0.0,25.0,9.0,1106.0,7.0,35.0,18.0,25.0,186.0,94.0,11.0,5.0,17.0,11.0,40.0,0.0,9,0,0.0759493670886076,0.0,0.9493670886075948,0.3417721518987341,42.0,0.2658227848101265,1.3291139240506329,0.6835443037974683,0.9493670886075948,7.063291139240507,3.569620253164557,0.4177215189873418,0.1898734177215189,0.6455696202531646,0.4177215189873418,1.5189873417721518,0.0,0.3417721518987341,0.0,36.0,50.53763440860215,45.45454545454545,2
1561,Marc Bartra,2025,D,140,La Liga,543,Real Betis,1984.0,25,7.003427419354838,86.67239896818573,1.0,0.0,14.0,5.0,1164.0,5.0,45.0,25.0,27.0,176.0,106.0,8.0,6.0,23.0,11.0,15.0,0.0,3,0,0.0453629032258064,0.0,0.6350806451612903,0.2268145161290322,52.80241935483871,0.2268145161290322,2.0413306451612905,1.1340725806451613,1.2247983870967742,7.983870967741936,4.808467741935484,0.3629032258064516,0.2721774193548387,1.0433467741935485,0.498991935483871,0.6804435483870968,0.0,0.1360887096774193,0.0,35.714285714285715,60.22727272727273,75.0,2
1567,Aïssa Mandi,2025,D,61,Ligue 1,79,Lille,2435.0,29,7.282628336755647,91.90325972660357,1.0,0.0,9.0,4.0,1902.0,10.0,33.0,15.0,44.0,143.0,96.0,6.0,4.0,10.0,17.0,17.0,1.0,7,0,0.0369609856262833,0.0,0.3326488706365503,0.1478439425051334,70.29979466119096,0.3696098562628337,1.219712525667351,0.5544147843942505,1.626283367556468,5.285420944558521,3.5482546201232035,0.2217659137577002,0.1478439425051334,0.3696098562628337,0.6283367556468172,0.6283367556468172,0.0369609856262833,0.2587268993839836,0.0,44.44444444444444,67.13286713286713,66.66666666666666,0
1631,Ricardo Rodríguez,2025,D,140,La Liga,543,Real Betis,1561.0,23,6.659358974358973,84.70031545741324,0.0,1.0,2.0,0.0,635.0,7.0,24.0,3.0,8.0,89.0,46.0,2.0,1.0,12.0,5.0,11.0,0.0,0,0,0.0,0.0576553491351697,0.1153106982703395,0.0,36.6111467008328,0.4035874439461883,1.3837283792440744,0.1729660474055093,0.461242793081358,5.131326073030109,2.652146060217809,0.1153106982703395,0.0576553491351697,0.6918641896220372,0.2882767456758488,0.6342088404868673,0.0,0.0,0.0,0.0,51.68539325842697,50.0,3
1632,Alessio Romagnoli,2025,D,135,Serie A,487,Lazio,2667.0,32,7.003862017247844,93.25337331334332,0.0,0.0,9.0,4.0,2001.0,3.0,23.0,20.0,32.0,169.0,101.0,1.0,1.0,10.0,15.0,18.0,0.0,6,1,0.0,0.0,0.3037120359955005,0.1349831271091113,67.52530933633297,0.1012373453318335,0.7761529808773903,0.6749156355455568,1.079865016872891,5.703037120359955,3.408323959505062,0.0337457817772778,0.0337457817772778,0.3374578177727784,0.5061867266591675,0.6074240719910011,0.0,0.202474690663667,0.0337457817772778,44.44444444444444,59.76331360946746,100.0,0
1702,Alfonso Pedraza,2025,D,140,La Liga,533,Villarreal,1690.0,27,6.786974541148609,79.1044776119403,1.0,3.0,8.0,3.0,604.0,21.0,41.0,6.0,29.0,164.0,87.0,33.0,20.0,15.0,23.0,27.0,4.0,8,0,0.0532544378698224,0.1597633136094674,0.4260355029585799,0.1597633136094674,32.16568047337278,1.118343195266272,2.183431952662722,0.3195266272189349,1.544378698224852,8.733727810650889,4.633136094674557,1.757396449704142,1.0650887573964496,0.7988165680473372,1.2248520710059172,1.4378698224852071,0.2130177514792899,0.4260355029585799,0.0,37.5,53.04878048780488,60.60606060606061,1
1703,Andrei Rațiu,2025,D,140,La Liga,728,Rayo Vallecano,2810.0,35,6.978718861209966,82.18347232752085,0.0,4.0,26.0,9.0,1319.0,43.0,70.0,7.0,38.0,349.0,174.0,117.0,63.0,21.0,21.0,22.0,4.0,9,0,0.0,0.1281138790035587,0.8327402135231317,0.2882562277580071,42.245551601423486,1.377224199288256,2.2419928825622777,0.2241992882562277,1.217081850533808,11.177935943060495,5.572953736654805,3.747330960854093,2.01779359430605,0.6725978647686832,0.6725978647686832,0.704626334519573,0.1281138790035587,0.2882562277580071,0.0,34.61538461538461,49.8567335243553,53.84615384615385,1
1807,Evan Ndicka,2025,D,135,Serie A,497,AS Roma,2683.0,31,6.982221393961982,90.57527539779682,3.0,0.0,21.0,6.0,1634.0,6.0,24.0,12.0,49.0,237.0,139.0,9.0,4.0,8.0,35.0,32.0,0.0,5,0,0.1006336190831159,0.0,0.7044353335818114,0.2012672381662318,54.81177786060381,0.2012672381662318,0.8050689526649273,0.4025344763324636,1.643682445024227,7.950055907566158,4.662691017517704,0.3019008572493477,0.1341781587774878,0.2683563175549757,1.174058889303019,1.073425270219903,0.0,0.1677226984718598,0.0,28.57142857142857,58.64978902953587,44.44444444444444,0
1812,Danny da Costa,2025,D,78,Bundesliga,164,FSV Mainz 05,2697.0,34,6.822432332220986,75.72052401746726,2.0,3.0,10.0,5.0,1145.0,16.0,43.0,16.0,30.0,228.0,131.0,24.0,15.0,15.0,24.0,22.0,1.0,3,0,0.0667408231368186,0.100111234705228,0.3337041156840934,0.1668520578420467,38.2091212458287,0.5339265850945495,1.434927697441602,0.5339265850945495,1.0011123470522802,7.608453837597331,4.371523915461624,0.8008898776418243,0.5005561735261401,0.5005561735261401,0.8008898776418243,0.7341490545050054,0.0333704115684093,0.100111234705228,0.0,50.0,57.45614035087719,62.5,3
1836,Francesco Acerbi,2025,D,135,Serie A,505,Inter,1387.0,18,6.9857966834895455,94.89274770173648,0.0,1.0,3.0,1.0,979.0,5.0,10.0,16.0,18.0,107.0,69.0,2.0,1.0,2.0,13.0,17.0,3.0,3,0,0.0,0.0648882480173035,0.1946647440519106,0.0648882480173035,63.52559480894016,0.3244412400865176,0.6488824801730353,1.0382119682768565,1.1679884643114635,6.943042537851477,4.477289113193944,0.129776496034607,0.0648882480173035,0.129776496034607,0.8435472242249459,1.10310021629416,0.1946647440519106,0.1946647440519106,0.0,33.33333333333333,64.48598130841121,50.0,0
1844,Adam Marušić,2025,D,135,Serie A,487,Lazio,2783.0,33,6.671469637082286,87.02737940026076,1.0,2.0,13.0,7.0,1534.0,9.0,35.0,12.0,33.0,174.0,89.0,20.0,6.0,9.0,18.0,22.0,1.0,1,1,0.0323392022996766,0.0646784045993532,0.4204096298957959,0.2263744160977362,49.60833632770392,0.2910528206970895,1.1318720804886813,0.3880704275961192,1.067193675889328,5.62702120014373,2.8781890046712184,0.6467840459935321,0.1940352137980596,0.2910528206970895,0.582105641394179,0.7114624505928854,0.0323392022996766,0.0323392022996766,0.0323392022996766,53.84615384615385,51.14942528735632,30.0,3
1902,Duje Ćaleta-Car,2025,D,140,La Liga,548,Real Sociedad,2152.0,27,6.8114776951672855,90.5813097866078,1.0,0.0,9.0,3.0,1359.0,3.0,24.0,26.0,27.0,198.0,114.0,0.0,0.0,4.0,8.0,30.0,1.0,6,1,0.0418215613382899,0.0,0.3763940520446096,0.1254646840148698,56.83550185873607,0.1254646840148698,1.003717472118959,1.0873605947955391,1.129182156133829,8.280669144981413,4.767657992565056,0.0,0.0,0.1672862453531598,0.3345724907063196,1.2546468401486988,0.0418215613382899,0.2509293680297397,0.0418215613382899,33.33333333333333,57.57575757575758,,0
1929,Jhon Lucumí,2025,D,135,Serie A,500,Bologna,2300.0,29,7.0589565217391295,89.5679012345679,1.0,0.0,7.0,2.0,1620.0,7.0,41.0,14.0,32.0,181.0,107.0,5.0,5.0,14.0,19.0,23.0,1.0,5,0,0.0391304347826087,0.0,0.2739130434782608,0.0782608695652174,63.39130434782609,0.2739130434782608,1.6043478260869564,0.5478260869565217,1.2521739130434784,7.082608695652174,4.1869565217391305,0.1956521739130435,0.1956521739130435,0.5478260869565217,0.7434782608695651,0.9,0.0391304347826087,0.1956521739130435,0.0,28.57142857142857,59.11602209944752,100.0,0
2165,Vitaliy Mykolenko,2025,D,39,Premier League,45,Everton,2960.0,33,6.698141891891892,79.7979797979798,0.0,1.0,6.0,2.0,1188.0,23.0,51.0,9.0,30.0,264.0,139.0,30.0,10.0,30.0,28.0,29.0,0.0,6,0,0.0,0.0304054054054054,0.1824324324324324,0.0608108108108108,36.12162162162162,0.6993243243243243,1.5506756756756757,0.2736486486486487,0.9121621621621622,8.027027027027028,4.226351351351351,0.9121621621621622,0.304054054054054,0.9121621621621622,0.8513513513513514,0.8817567567567568,0.0,0.1824324324324324,0.0,33.33333333333333,52.65151515151515,33.33333333333333,3
2194,Ramy Bensebaini,2025,D,78,Bundesliga,165,Borussia Dortmund,1529.0,21,7.491415465268676,87.41438356164383,5.0,2.0,13.0,7.0,1168.0,10.0,28.0,8.0,18.0,157.0,87.0,7.0,4.0,6.0,16.0,31.0,1.0,6,0,0.2943100065402224,0.1177240026160889,0.7652060170045781,0.4120340091563113,68.75081752779595,0.5886200130804448,1.648136036625245,0.4708960104643558,1.0595160235448005,9.241334205362982,5.12099411379987,0.4120340091563113,0.2354480052321779,0.3531720078482668,0.9417920209287116,1.824722040549379,0.0588620013080444,0.3531720078482668,0.0,53.84615384615385,55.4140127388535,57.14285714285714,2
2202,Hamari Traoré,2025,D,61,Ligue 1,114,Paris FC,1158.0,18,6.645116681071737,83.19467554076539,0.0,1.0,1.0,0.0,602.0,9.0,30.0,1.0,17.0,98.0,54.0,3.0,1.0,9.0,6.0,21.0,1.0,4,0,0.0,0.077720207253886,0.077720207253886,0.0,46.78756476683938,0.6994818652849741,2.33160621761658,0.077720207253886,1.3212435233160622,7.616580310880829,4.196891191709844,0.233160621761658,0.077720207253886,0.6994818652849741,0.466321243523316,1.632124352331606,0.077720207253886,0.310880829015544,0.0,0.0,55.10204081632652,33.33333333333333,3
2278,Marcos Alonso,2025,D,140,La Liga,538,Celta Vigo,2770.0,32,7.05884476534296,90.1639344262295,1.0,0.0,13.0,3.0,2379.0,13.0,41.0,17.0,29.0,217.0,126.0,23.0,17.0,18.0,20.0,23.0,0.0,5,0,0.0324909747292418,0.0,0.4223826714801444,0.0974729241877256,77.29602888086643,0.4223826714801444,1.332129963898917,0.5523465703971119,0.9422382671480144,7.050541516245488,4.093862815884477,0.7472924187725631,0.5523465703971119,0.5848375451263538,0.6498194945848376,0.7472924187725631,0.0,0.1624548736462094,0.0,23.07692307692308,58.06451612903226,73.91304347826086,0
2280,César Azpilicueta,2025,D,140,La Liga,536,Sevilla,1218.0,17,6.819341563786009,88.46153846153845,0.0,1.0,1.0,0.0,702.0,3.0,27.0,9.0,22.0,110.0,59.0,5.0,2.0,11.0,9.0,24.0,1.0,4,0,0.0,0.0738916256157635,0.0738916256157635,0.0,51.87192118226601,0.2216748768472906,1.995073891625616,0.6650246305418719,1.6256157635467978,8.12807881773399,4.35960591133005,0.3694581280788177,0.147783251231527,0.8128078817733989,0.6650246305418719,1.7733990147783252,0.0738916256157635,0.2955665024630541,0.0,0.0,53.63636363636364,40.0,2
2284,Emerson,2025,D,61,Ligue 1,81,Marseille,2124.0,28,6.980508474576271,88.73015873015872,0.0,3.0,9.0,2.0,1260.0,46.0,47.0,8.0,35.0,162.0,95.0,22.0,8.0,11.0,17.0,16.0,2.0,2,0,0.0,0.1271186440677966,0.3813559322033898,0.0847457627118644,53.389830508474574,1.9491525423728813,1.9915254237288131,0.3389830508474576,1.483050847457627,6.864406779661017,4.02542372881356,0.9322033898305084,0.3389830508474576,0.4661016949152542,0.7203389830508475,0.6779661016949152,0.0847457627118644,0.0847457627118644,0.0,22.22222222222222,58.64197530864198,36.36363636363637,3
2285,Antonio Rüdiger,2025,D,140,La Liga,541,Real Madrid,1492.0,18,6.908914209115281,93.0887372013652,1.0,0.0,10.0,1.0,1172.0,3.0,14.0,4.0,4.0,72.0,46.0,1.0,0.0,1.0,2.0,11.0,2.0,0,0,0.0603217158176943,0.0,0.6032171581769437,0.0603217158176943,70.6970509383378,0.1809651474530831,0.8445040214477211,0.2412868632707774,0.2412868632707774,4.343163538873994,2.774798927613941,0.0603217158176943,0.0,0.0603217158176943,0.1206434316353887,0.6635388739946381,0.1206434316353887,0.0,0.0,10.0,63.888888888888886,0.0,0
2336,Loic Négo,2025,D,61,Ligue 1,111,Le Havre,2347.0,30,6.823093310609289,77.81155015197568,0.0,0.0,13.0,3.0,987.0,14.0,52.0,8.0,33.0,172.0,102.0,26.0,13.0,20.0,18.0,18.0,4.0,3,0,0.0,0.0,0.4985087345547507,0.1150404772049424,37.84831700042608,0.5368555602897316,1.994034938219003,0.3067746058798466,1.2654452492543673,6.595654026416701,3.911376224968045,0.9970174691095016,0.4985087345547507,0.7669365146996164,0.6902428632296549,0.6902428632296549,0.1533873029399233,0.1150404772049424,0.0,23.07692307692308,59.30232558139535,50.0,3
2467,Lisandro Martínez,2025,D,39,Premier League,33,Manchester United,1237.0,18,7.210832659660468,89.8828541001065,0.0,0.0,2.0,0.0,939.0,5.0,19.0,12.0,12.0,72.0,47.0,16.0,14.0,3.0,2.0,9.0,0.0,0,1,0.0,0.0,0.1455133387227162,0.0,68.31851253031529,0.3637833468067906,1.3823767178658044,0.8730800323362976,0.8730800323362976,5.238480194017785,3.419563459983832,1.16410670978173,1.0185933710590136,0.2182700080840744,0.1455133387227162,0.6548100242522231,0.0,0.0,0.0727566693613581,0.0,65.27777777777779,87.5,0
2483,Deiver Machado,2025,D,61,Ligue 1,83,Nantes,1186.0,19,6.595527426160338,82.73972602739727,0.0,1.0,8.0,2.0,365.0,7.0,21.0,1.0,10.0,138.0,65.0,21.0,7.0,5.0,28.0,25.0,4.0,3,0,0.0,0.0758853288364249,0.6070826306913997,0.1517706576728499,27.69814502529511,0.5311973018549747,1.5935919055649244,0.0758853288364249,0.7588532883642496,10.472175379426645,4.932546374367623,1.5935919055649244,0.5311973018549747,0.3794266441821248,2.124789207419899,1.897133220910624,0.3035413153456998,0.2276559865092748,0.0,25.0,47.10144927536232,33.33333333333333,1
2484,Yerry Mina,2025,D,135,Serie A,490,Cagliari,2153.0,26,7.023734324198792,91.50707743547044,2.0,0.0,8.0,3.0,1201.0,8.0,32.0,23.0,26.0,203.0,129.0,5.0,2.0,8.0,37.0,26.0,3.0,5,1,0.0836042731072921,0.0,0.3344170924291686,0.1254064096609382,50.204366000928935,0.3344170924291686,1.3376683697166745,0.9614491407338596,1.086855550394798,8.485833720390152,5.392475615420344,0.2090106827682304,0.0836042731072921,0.3344170924291686,1.546679052484905,1.086855550394798,0.1254064096609382,0.2090106827682304,0.041802136553646,37.5,63.54679802955665,40.0,0
2553,Guillermo Maripán,2025,D,135,Serie A,503,Torino,2151.0,27,6.944816364481637,85.35353535353535,2.0,0.0,11.0,8.0,990.0,9.0,51.0,26.0,28.0,223.0,121.0,6.0,4.0,14.0,7.0,27.0,2.0,4,0,0.0836820083682008,0.0,0.4602510460251046,0.3347280334728033,41.42259414225941,0.3765690376569037,2.133891213389121,1.0878661087866108,1.1715481171548117,9.330543933054392,5.062761506276151,0.2510460251046025,0.1673640167364016,0.5857740585774058,0.2928870292887029,1.1297071129707112,0.0836820083682008,0.1673640167364016,0.0,72.72727272727273,54.26008968609865,66.66666666666666,2
2669,Mario Hermoso,2025,D,135,Serie A,497,AS Roma,2095.0,27,6.968591885441528,86.98099929627023,3.0,2.0,15.0,6.0,1421.0,10.0,36.0,6.0,29.0,199.0,107.0,13.0,4.0,11.0,19.0,40.0,0.0,9,0,0.1288782816229117,0.0859188544152744,0.6443914081145585,0.2577565632458234,61.0453460620525,0.4295942720763723,1.5465393794749405,0.2577565632458234,1.2458233890214798,8.54892601431981,4.596658711217184,0.558472553699284,0.1718377088305489,0.4725536992840095,0.8162291169451075,1.7183770883054894,0.0,0.3866348448687351,0.0,40.0,53.768844221105525,30.76923076923077,2
2724,Lucas Digne,2025,D,39,Premier League,66,Aston Villa,1866.0,31,6.789067524115755,81.04395604395604,0.0,6.0,8.0,5.0,728.0,26.0,36.0,4.0,14.0,156.0,87.0,11.0,4.0,12.0,12.0,14.0,3.0,3,0,0.0,0.2893890675241157,0.3858520900321543,0.2411575562700964,35.11254019292605,1.2540192926045015,1.7363344051446947,0.1929260450160771,0.6752411575562701,7.524115755627009,4.196141479099678,0.5305466237942122,0.1929260450160771,0.5787781350482315,0.5787781350482315,0.6752411575562701,0.1446945337620578,0.1446945337620578,0.0,62.5,55.76923076923077,36.36363636363637,3
2725,Benjamin Pavard,2025,D,61,Ligue 1,81,Marseille,2042.0,28,6.859598432908913,91.43859649122808,1.0,2.0,9.0,4.0,1425.0,12.0,30.0,14.0,27.0,145.0,88.0,2.0,0.0,5.0,15.0,23.0,4.0,5,0,0.0440744368266405,0.0881488736532811,0.396669931439765,0.1762977473065622,62.80607247796279,0.5288932419196866,1.3222331047992164,0.6170421155729677,1.1900097943192949,6.39079333986288,3.878550440744368,0.0881488736532811,0.0,0.2203721841332027,0.6611165523996082,1.0137120470127323,0.1762977473065622,0.2203721841332027,0.0,44.44444444444444,60.689655172413794,0.0,0
2729,Joachim Andersen,2025,D,39,Premier League,36,Fulham,2884.0,33,7.055409153952843,86.06593406593407,0.0,1.0,13.0,4.0,2275.0,7.0,45.0,19.0,36.0,222.0,141.0,7.0,6.0,16.0,13.0,30.0,0.0,7,1,0.0,0.0312066574202496,0.4056865464632455,0.1248266296809986,70.99514563106796,0.2184466019417475,1.4042995839112344,0.5929264909847434,1.1234396671289877,6.927877947295422,4.400138696255201,0.2184466019417475,0.1872399445214979,0.4993065187239944,0.4056865464632455,0.9361997226074896,0.0,0.2184466019417475,0.0312066574202496,30.76923076923077,63.51351351351351,85.71428571428571,0
2771,Ola Aina,2025,D,39,Premier League,65,Nottingham Forest,1590.0,18,6.912327044025156,84.73767885532591,0.0,0.0,9.0,1.0,629.0,10.0,31.0,3.0,25.0,158.0,85.0,34.0,15.0,13.0,15.0,13.0,0.0,3,0,0.0,0.0,0.5094339622641509,0.0566037735849056,35.60377358490566,0.5660377358490566,1.7547169811320753,0.1698113207547169,1.4150943396226414,8.943396226415095,4.811320754716982,1.924528301886792,0.8490566037735848,0.7358490566037735,0.8490566037735848,0.7358490566037735,0.0,0.1698113207547169,0.0,11.11111111111111,53.79746835443038,44.11764705882353,3
2803,Nico Elvedi,2025,D,78,Bundesliga,163,Borussia Mönchengladbach,2967.0,33,7.033063700707785,91.97802197802196,0.0,2.0,5.0,0.0,1820.0,13.0,43.0,29.0,41.0,223.0,135.0,2.0,1.0,7.0,16.0,18.0,1.0,5,0,0.0,0.0606673407482305,0.1516683518705763,0.0,55.2072800808898,0.3943377148634984,1.3043478260869563,0.8796764408493428,1.243680485338726,6.764408493427705,4.095045500505561,0.0606673407482305,0.0303336703741152,0.2123356926188069,0.4853387259858443,0.5460060667340748,0.0303336703741152,0.1516683518705763,0.0,0.0,60.53811659192825,50.0,0
2806,Fabian Schär,2025,D,39,Premier League,34,Newcastle,1091.0,16,7.174012855831037,84.42211055276381,0.0,0.0,13.0,4.0,796.0,4.0,14.0,12.0,18.0,114.0,66.0,1.0,0.0,6.0,6.0,15.0,1.0,1,0,0.0,0.0,1.0724106324472962,0.3299725022914757,65.66452795600367,0.3299725022914757,1.154903758020165,0.989917506874427,1.4848762603116406,9.404216315307057,5.44454628780935,0.0824931255728689,0.0,0.4949587534372135,0.4949587534372135,1.2373968835930338,0.0824931255728689,0.0824931255728689,0.0,30.76923076923077,57.89473684210527,0.0,2
2810,Denis Zakaria,2025,D,61,Ligue 1,91,Monaco,2033.0,24,6.862764387604526,93.24932493249324,2.0,1.0,12.0,3.0,1111.0,6.0,38.0,15.0,40.0,137.0,68.0,15.0,8.0,12.0,7.0,26.0,0.0,4,1,0.0885391047712739,0.0442695523856369,0.5312346286276438,0.1328086571569109,49.18347270044269,0.2656173143138219,1.6822429906542056,0.6640432857845548,1.7707820954254796,6.064928676832268,3.0103295622233155,0.6640432857845548,0.3541564190850959,0.5312346286276438,0.3098868666994589,1.1510083620265616,0.0,0.1770782095425479,0.0442695523856369,25.0,49.63503649635037,53.333333333333336,2
2817,Nikola Milenković,2025,D,39,Premier League,65,Nottingham Forest,3375.0,38,6.844,86.60598179453837,0.0,0.0,14.0,1.0,1538.0,3.0,31.0,36.0,29.0,214.0,143.0,3.0,3.0,10.0,20.0,21.0,1.0,6,0,0.0,0.0,0.3733333333333333,0.0266666666666666,41.013333333333335,0.08,0.8266666666666667,0.96,0.7733333333333333,5.706666666666667,3.8133333333333335,0.08,0.08,0.2666666666666666,0.5333333333333333,0.5599999999999999,0.0266666666666666,0.16,0.0,7.142857142857142,66.82242990654206,100.0,0
2897,Kim Min-jae,2025,D,78,Bundesliga,157,Bayern München,1621.0,25,7.2351451513279805,94.99683343888536,1.0,1.0,4.0,3.0,1580.0,5.0,22.0,18.0,39.0,115.0,72.0,2.0,1.0,5.0,3.0,9.0,0.0,1,0,0.0555212831585441,0.0555212831585441,0.2220851326341764,0.1665638494756323,87.72362739049969,0.2776064157927205,1.2214682294879704,0.999383096853794,2.1653300431832205,6.384947563232572,3.997532387415176,0.1110425663170882,0.0555212831585441,0.2776064157927205,0.1665638494756323,0.499691548426897,0.0,0.0555212831585441,0.0,75.0,62.60869565217392,50.0,0
2915,Matthias Ginter,2025,D,78,Bundesliga,160,SC Freiburg,2836.0,32,7.00444287729196,87.46502518186905,3.0,4.0,13.0,7.0,1787.0,15.0,22.0,21.0,23.0,248.0,152.0,8.0,3.0,8.0,20.0,16.0,2.0,3,0,0.0952045133991537,0.1269393511988716,0.4125528913963328,0.2221438645980254,56.71015514809591,0.4760225669957686,0.6981664315937941,0.6664315937940761,0.729901269393512,7.870239774330042,4.823695345557122,0.2538787023977433,0.0952045133991537,0.2538787023977433,0.6346967559943583,0.5077574047954866,0.0634696755994358,0.0952045133991537,0.0,53.84615384615385,61.29032258064516,37.5,0
2920,Timothy Castagne,2025,D,39,Premier League,36,Fulham,1872.0,30,6.8129946524064176,86.30653266331659,0.0,0.0,9.0,6.0,796.0,18.0,40.0,10.0,31.0,141.0,81.0,6.0,3.0,5.0,11.0,18.0,1.0,4,0,0.0,0.0,0.4326923076923077,0.2884615384615384,38.26923076923077,0.8653846153846154,1.9230769230769231,0.4807692307692308,1.4903846153846154,6.778846153846153,3.894230769230769,0.2884615384615384,0.1442307692307692,0.2403846153846154,0.5288461538461539,0.8653846153846154,0.048076923076923,0.1923076923076923,0.0,66.66666666666666,57.44680851063831,50.0,2
2933,Ben Chilwell,2025,D,61,Ligue 1,95,Strasbourg,1602.0,20,6.607116104868914,87.75252525252525,0.0,2.0,4.0,3.0,792.0,7.0,25.0,4.0,22.0,122.0,67.0,17.0,10.0,15.0,22.0,14.0,4.0,3,0,0.0,0.1123595505617977,0.2247191011235955,0.1685393258426966,44.49438202247191,0.3932584269662921,1.404494382022472,0.2247191011235955,1.2359550561797754,6.853932584269663,3.764044943820224,0.9550561797752808,0.5617977528089887,0.8426966292134832,1.2359550561797754,0.7865168539325843,0.2247191011235955,0.1685393258426966,0.0,75.0,54.91803278688525,58.82352941176471,3
2934,Michael Keane,2025,D,39,Premier League,45,Everton,2619.0,33,6.91948051948052,85.49410698096102,3.0,1.0,18.0,7.0,1103.0,2.0,36.0,27.0,37.0,260.0,160.0,11.0,6.0,12.0,6.0,16.0,0.0,1,1,0.1030927835051546,0.0343642611683848,0.6185567010309279,0.2405498281786941,37.90378006872852,0.0687285223367697,1.2371134020618555,0.9278350515463918,1.2714776632302405,8.934707903780069,5.498281786941581,0.3780068728522337,0.2061855670103093,0.4123711340206186,0.2061855670103093,0.5498281786941581,0.0,0.0343642611683848,0.0343642611683848,38.88888888888889,61.53846153846154,54.54545454545454,0
2935,Harry Maguire,2025,D,39,Premier League,33,Manchester United,1667.0,23,6.977984403119375,86.10129564193169,1.0,2.0,11.0,4.0,849.0,4.0,22.0,11.0,13.0,140.0,98.0,2.0,1.0,4.0,16.0,16.0,0.0,3,1,0.053989202159568,0.1079784043191361,0.593881223755249,0.2159568086382723,45.83683263347331,0.2159568086382723,1.187762447510498,0.593881223755249,0.7018596280743851,7.558488302339532,5.290941811637672,0.1079784043191361,0.053989202159568,0.2159568086382723,0.8638272345530893,0.8638272345530893,0.0,0.1619676064787042,0.053989202159568,36.36363636363637,70.0,50.0,0
2936,James Tarkowski,2025,D,39,Premier League,45,Everton,3330.0,37,7.164864864864865,80.65552699228792,2.0,3.0,15.0,10.0,1556.0,19.0,51.0,52.0,32.0,344.0,233.0,8.0,4.0,13.0,35.0,32.0,2.0,8,0,0.054054054054054,0.081081081081081,0.4054054054054054,0.2702702702702703,42.05405405405405,0.5135135135135135,1.3783783783783785,1.4054054054054053,0.8648648648648648,9.297297297297296,6.297297297297297,0.2162162162162162,0.1081081081081081,0.3513513513513513,0.945945945945946,0.8648648648648648,0.054054054054054,0.2162162162162162,0.0,66.66666666666666,67.73255813953489,50.0,0
2973,Amir Murillo,2025,D,61,Ligue 1,81,Marseille,988.0,16,6.811133603238866,86.0082304526749,2.0,1.0,7.0,2.0,486.0,11.0,21.0,2.0,6.0,112.0,55.0,19.0,8.0,5.0,16.0,22.0,2.0,4,0,0.1821862348178137,0.0910931174089068,0.6376518218623481,0.1821862348178137,44.27125506072874,1.0020242914979756,1.9129554655870444,0.1821862348178137,0.5465587044534413,10.20242914979757,5.010121457489879,1.7307692307692308,0.728744939271255,0.4554655870445344,1.45748987854251,2.004048582995951,0.1821862348178137,0.3643724696356275,0.0,28.57142857142857,49.10714285714285,42.10526315789473,1
3240,Jean-Philippe Gbamin,2025,D,61,Ligue 1,112,Metz,2488.0,31,6.724557877813505,88.12989921612542,1.0,1.0,10.0,7.0,1786.0,15.0,51.0,13.0,27.0,216.0,112.0,33.0,26.0,20.0,8.0,24.0,0.0,2,0,0.0361736334405144,0.0361736334405144,0.3617363344051447,0.2532154340836013,64.60610932475885,0.542604501607717,1.844855305466238,0.470257234726688,0.9766881028938909,7.813504823151126,4.051446945337621,1.1937299035369775,0.940514469453376,0.7234726688102894,0.2893890675241157,0.8681672025723474,0.0,0.0723472668810289,0.0,70.0,51.85185185185185,78.78787878787878,3
5973,Nicolás Capaldo,2025,D,78,Bundesliga,175,Hamburger SV,2009.0,26,6.781831757093081,77.73333333333333,1.0,3.0,15.0,6.0,750.0,22.0,68.0,6.0,35.0,283.0,161.0,24.0,10.0,25.0,46.0,31.0,2.0,10,0,0.0447984071677451,0.1343952215032354,0.6719761075161772,0.2687904430064708,33.59880537580886,0.9855649576903932,3.04629168740667,0.2687904430064708,1.56794425087108,12.677949228471876,7.212543554006968,1.0751617720258837,0.4479840716774514,1.119960179193629,2.060726729716277,1.3887506222000996,0.0895968143354902,0.4479840716774514,0.0,40.0,56.8904593639576,41.66666666666667,1
6168,Omar Alderete,2025,D,39,Premier League,746,Sunderland,2802.0,33,6.834189864382583,81.05828220858896,1.0,1.0,17.0,9.0,1304.0,9.0,32.0,29.0,36.0,269.0,146.0,21.0,17.0,8.0,10.0,34.0,5.0,6,0,0.032119914346895,0.032119914346895,0.5460385438972163,0.2890792291220557,41.88436830835118,0.2890792291220557,1.0278372591006424,0.9314775160599572,1.1563169164882228,8.640256959314774,4.689507494646681,0.6745182012847966,0.5460385438972163,0.2569593147751606,0.3211991434689507,1.0920770877944326,0.1605995717344753,0.1927194860813704,0.0,52.94117647058824,54.27509293680297,80.95238095238095,0
6221,Lautaro Valenti,2025,D,135,Serie A,523,Parma,2251.0,27,6.88751665926255,78.16196542311192,0.0,0.0,9.0,4.0,1099.0,11.0,49.0,25.0,25.0,199.0,116.0,14.0,8.0,12.0,17.0,25.0,0.0,7,0,0.0,0.0,0.3598400710795202,0.1599289204797867,43.94047090182141,0.4398045313194136,1.959129275877388,0.9995557529986672,0.9995557529986672,7.956463793869392,4.637938693913816,0.5597512216792536,0.3198578409595735,0.4797867614393603,0.6796979120390937,0.9995557529986672,0.0,0.2798756108396268,0.0,44.44444444444444,58.29145728643216,57.14285714285714,2
6231,Facundo Medina,2025,D,61,Ligue 1,81,Marseille,1376.0,17,6.836991279069768,91.37104506232023,0.0,1.0,4.0,1.0,1043.0,7.0,19.0,13.0,23.0,91.0,43.0,7.0,4.0,10.0,10.0,24.0,0.0,7,0,0.0,0.065406976744186,0.2616279069767442,0.065406976744186,68.21947674418604,0.4578488372093023,1.242732558139535,0.8502906976744186,1.504360465116279,5.9520348837209305,2.8125,0.4578488372093023,0.2616279069767442,0.6540697674418604,0.6540697674418604,1.569767441860465,0.0,0.4578488372093023,0.0,25.0,47.25274725274725,57.14285714285714,0
6233,Nahuel Tenaglia,2025,D,140,La Liga,542,Alaves,3239.0,36,6.824976844705155,86.39356254572056,2.0,0.0,19.0,8.0,1367.0,7.0,66.0,30.0,46.0,279.0,164.0,21.0,9.0,15.0,42.0,31.0,5.0,3,0,0.0555727076258104,0.0,0.5279407224451991,0.2222908305032417,37.98394566224143,0.1945044766903365,1.8338993516517443,0.8335906143871565,1.27817227539364,7.752392713800556,4.556962025316456,0.5835134300710095,0.2500771843161469,0.4167953071935782,1.167026860142019,0.8613769682000617,0.1389317690645261,0.0833590614387156,0.0,42.10526315789473,58.78136200716846,42.85714285714285,2
6503,Nahuel Molina,2025,D,140,La Liga,530,Atletico Madrid,1332.0,26,6.846581517655897,80.4005722460658,2.0,2.0,11.0,4.0,699.0,21.0,40.0,5.0,13.0,136.0,67.0,27.0,15.0,22.0,5.0,14.0,5.0,4,0,0.1351351351351351,0.1351351351351351,0.7432432432432432,0.2702702702702703,47.229729729729726,1.4189189189189189,2.702702702702702,0.3378378378378378,0.8783783783783784,9.18918918918919,4.527027027027027,1.8243243243243243,1.0135135135135134,1.4864864864864864,0.3378378378378378,0.945945945945946,0.3378378378378378,0.2702702702702703,0.0,36.36363636363637,49.26470588235294,55.55555555555556,1
6610,Marcos Senesi,2025,D,39,Premier League,35,Bournemouth,3290.0,37,7.250699088145897,77.66278568348426,0.0,5.0,13.0,5.0,2319.0,24.0,62.0,47.0,56.0,374.0,196.0,9.0,6.0,29.0,37.0,34.0,1.0,8,0,0.0,0.1367781155015197,0.3556231003039514,0.1367781155015197,63.43768996960486,0.6565349544072948,1.6960486322188448,1.2857142857142856,1.5319148936170213,10.231003039513675,5.361702127659575,0.2462006079027355,0.1641337386018237,0.7933130699088146,1.0121580547112463,0.9300911854103344,0.0273556231003039,0.2188449848024316,0.0,38.46153846153847,52.406417112299465,66.66666666666666,2
7578,Gideon Mensah,2025,D,61,Ligue 1,108,Auxerre,2333.0,30,6.859022717531077,82.33695652173914,0.0,2.0,1.0,0.0,1104.0,17.0,51.0,4.0,28.0,222.0,113.0,29.0,16.0,23.0,34.0,37.0,1.0,8,0,0.0,0.0771538791255893,0.0385769395627946,0.0,42.58894127732533,0.6558079725675097,1.967423917702529,0.1543077582511787,1.0801543077582512,8.56408058294042,4.359194170595799,1.1187312473210458,0.6172310330047149,0.8872696099442778,1.3116159451350191,1.4273467638234032,0.0385769395627946,0.3086155165023574,0.0,0.0,50.9009009009009,55.172413793103445,3
8474,Thibault De Smet,2025,D,61,Ligue 1,114,Paris FC,1147.0,17,6.481952920662598,84.57350272232304,0.0,1.0,3.0,0.0,551.0,5.0,23.0,2.0,8.0,89.0,51.0,6.0,3.0,14.0,13.0,11.0,1.0,7,2,0.0,0.07846556233653,0.2353966870095902,0.0,43.23452484742808,0.3923278116826503,1.804707933740192,0.1569311246730601,0.6277244986922407,6.983435047951177,4.001743679163034,0.4707933740191805,0.2353966870095902,1.098517872711421,1.020052310374891,0.8631211857018309,0.07846556233653,0.5492589363557105,0.1569311246730601,0.0,57.30337078651685,50.0,3
8486,Eric Smith,2025,D,78,Bundesliga,186,FC St. Pauli,2314.0,27,6.88647363872083,84.74114441416893,2.0,2.0,9.0,5.0,1468.0,18.0,34.0,17.0,23.0,175.0,102.0,15.0,9.0,13.0,29.0,15.0,1.0,4,1,0.0777873811581676,0.0777873811581676,0.3500432152117545,0.1944684528954192,57.09593777009508,0.700086430423509,1.3223854796888506,0.6611927398444253,0.8945548833189282,6.806395851339672,3.967156439066552,0.5834053586862575,0.3500432152117545,0.5056179775280899,1.1279170267934313,0.5834053586862575,0.0388936905790838,0.1555747623163353,0.0388936905790838,55.55555555555556,58.285714285714285,60.0,0
8673,Olivier Deman,2025,D,78,Bundesliga,162,Werder Bremen,1255.0,16,6.928605577689242,79.53410981697171,1.0,2.0,5.0,3.0,601.0,17.0,39.0,4.0,11.0,128.0,80.0,13.0,6.0,8.0,12.0,19.0,3.0,3,0,0.0717131474103585,0.1434262948207171,0.3585657370517928,0.2151394422310756,43.09960159362549,1.2191235059760956,2.796812749003984,0.2868525896414343,0.7888446215139443,9.179282868525895,5.7370517928286855,0.9322709163346614,0.4302788844621513,0.5737051792828686,0.8605577689243027,1.3625498007968129,0.2151394422310756,0.2151394422310756,0.0,60.0,62.5,46.15384615384615,1
8694,Wout Faes,2025,D,61,Ligue 1,91,Monaco,1141.0,14,6.781945661700263,92.96675191815856,0.0,0.0,4.0,1.0,782.0,1.0,15.0,11.0,16.0,78.0,43.0,2.0,1.0,6.0,3.0,14.0,0.0,3,0,0.0,0.0,0.3155127081507449,0.0788781770376862,61.68273444347064,0.0788781770376862,1.1831726555652935,0.8676599474145485,1.2620508326029798,6.152497808939526,3.391761612620508,0.1577563540753724,0.0788781770376862,0.4732690622261175,0.2366345311130587,1.1042944785276074,0.0,0.2366345311130587,0.0,25.0,55.12820512820513,50.0,0
9700,Abner Vinícius,2025,D,61,Ligue 1,80,Lyon,2164.0,26,6.870563770794824,84.51548451548452,3.0,2.0,10.0,7.0,1001.0,23.0,34.0,4.0,7.0,147.0,63.0,22.0,9.0,14.0,6.0,23.0,1.0,4,1,0.1247689463955637,0.0831792975970425,0.4158964879852126,0.2911275415896488,41.63123844731978,0.9565619223659888,1.4140480591497229,0.166358595194085,0.2911275415896488,6.1136783733826245,2.620147874306839,0.9149722735674676,0.3743068391866913,0.5822550831792976,0.2495378927911275,0.9565619223659888,0.0415896487985212,0.166358595194085,0.0415896487985212,70.0,42.85714285714285,40.909090909090914,3
10238,Carlos Augusto,2025,D,135,Serie A,505,Inter,1765.0,34,6.93123225440091,89.03625110521662,1.0,1.0,16.0,6.0,1131.0,11.0,37.0,9.0,18.0,188.0,116.0,13.0,6.0,7.0,13.0,26.0,0.0,6,0,0.0509915014164305,0.0509915014164305,0.8158640226628895,0.3059490084985836,57.671388101983005,0.5609065155807366,1.886685552407932,0.4589235127478753,0.9178470254957508,9.586402266288951,5.9150141643059495,0.6628895184135978,0.3059490084985836,0.3569405099150142,0.6628895184135978,1.3257790368271956,0.0,0.3059490084985836,0.0,37.5,61.70212765957447,46.15384615384615,2
10316,Caio Henrique,2025,D,61,Ligue 1,91,Monaco,1542.0,22,6.685019455252919,80.59125964010283,0.0,2.0,0.0,0.0,778.0,21.0,23.0,6.0,11.0,101.0,51.0,15.0,6.0,7.0,17.0,13.0,1.0,2,0,0.0,0.1167315175097276,0.0,0.0,45.40856031128405,1.2256809338521402,1.3424124513618678,0.3501945525291828,0.6420233463035019,5.8949416342412455,2.9766536964980546,0.8754863813229572,0.3501945525291828,0.4085603112840467,0.9922178988326849,0.7587548638132295,0.0583657587548638,0.1167315175097276,0.0,,50.495049504950494,40.0,3
11421,Gabriel Suazo,2025,D,140,La Liga,536,Sevilla,2096.0,29,6.77365155131265,83.33333333333334,0.0,1.0,4.0,2.0,1026.0,36.0,86.0,5.0,30.0,236.0,128.0,26.0,15.0,28.0,15.0,33.0,2.0,7,0,0.0,0.0429389312977099,0.1717557251908396,0.0858778625954198,44.05534351145038,1.545801526717557,3.6927480916030535,0.2146946564885496,1.2881679389312977,10.13358778625954,5.49618320610687,1.116412213740458,0.6440839694656488,1.202290076335878,0.6440839694656488,1.4169847328244274,0.0858778625954198,0.3005725190839695,0.0,50.0,54.23728813559322,57.692307692307686,1
14266,Ivan Smolčić,2025,D,135,Serie A,895,Como,1665.0,28,6.93303249097473,87.24373576309794,0.0,1.0,9.0,4.0,878.0,15.0,38.0,9.0,23.0,146.0,82.0,3.0,2.0,14.0,17.0,26.0,0.0,8,0,0.0,0.054054054054054,0.4864864864864865,0.2162162162162162,47.45945945945946,0.8108108108108109,2.054054054054054,0.4864864864864865,1.2432432432432432,7.891891891891891,4.4324324324324325,0.1621621621621621,0.1081081081081081,0.7567567567567568,0.9189189189189187,1.4054054054054053,0.0,0.4324324324324324,0.0,44.44444444444444,56.16438356164384,66.66666666666666,2
14329,Ardian Ismajli,2025,D,135,Serie A,503,Torino,1915.0,25,6.923759791122715,88.56243441762854,0.0,1.0,6.0,4.0,953.0,4.0,33.0,18.0,34.0,155.0,104.0,6.0,2.0,5.0,18.0,21.0,1.0,5,0,0.0,0.0469973890339425,0.2819843342036554,0.1879895561357702,44.78851174934726,0.1879895561357702,1.5509138381201044,0.8459530026109662,1.597911227154047,7.284595300261096,4.887728459530026,0.2819843342036554,0.0939947780678851,0.2349869451697128,0.8459530026109662,0.9869451697127938,0.0469973890339425,0.2349869451697128,0.0,66.66666666666666,67.0967741935484,33.33333333333333,0
15793,Rasmus Nicolaisen,2025,D,61,Ligue 1,96,Toulouse,2568.0,32,6.780957943925234,86.41975308641975,1.0,0.0,13.0,5.0,1215.0,2.0,25.0,21.0,43.0,195.0,122.0,3.0,3.0,12.0,21.0,28.0,1.0,4,0,0.0350467289719626,0.0,0.455607476635514,0.175233644859813,42.58177570093458,0.0700934579439252,0.8761682242990654,0.7359813084112149,1.5070093457943925,6.83411214953271,4.275700934579439,0.1051401869158878,0.1051401869158878,0.4205607476635514,0.7359813084112149,0.9813084112149532,0.0350467289719626,0.1401869158878504,0.0,38.46153846153847,62.56410256410256,100.0,0
15912,Victor Nelsson,2025,D,135,Serie A,504,Hellas Verona,3315.0,38,6.72684766214178,84.0650406504065,0.0,0.0,7.0,1.0,1230.0,3.0,72.0,23.0,68.0,343.0,221.0,4.0,3.0,21.0,20.0,44.0,0.0,4,0,0.0,0.0,0.1900452488687782,0.0271493212669683,33.39366515837104,0.0814479638009049,1.9547511312217196,0.6244343891402715,1.8461538461538465,9.312217194570136,6.0,0.1085972850678733,0.0814479638009049,0.5701357466063348,0.5429864253393666,1.1945701357466063,0.0,0.1085972850678733,0.0,14.285714285714285,64.43148688046647,75.0,2
16367,Willian Pacho,2025,D,61,Ligue 1,85,Paris Saint Germain,1915.0,23,6.980104438642298,95.03839338452453,0.0,0.0,6.0,1.0,1693.0,2.0,40.0,10.0,24.0,131.0,83.0,2.0,1.0,8.0,7.0,6.0,2.0,0,0,0.0,0.0,0.2819843342036554,0.0469973890339425,79.56657963446476,0.0939947780678851,1.8798955613577024,0.4699738903394256,1.1279373368146215,6.156657963446476,3.900783289817232,0.0939947780678851,0.0469973890339425,0.3759791122715404,0.3289817232375979,0.2819843342036554,0.0939947780678851,0.0,0.0,16.666666666666664,63.358778625954194,50.0,0
18740,Jonny Otto,2025,D,140,La Liga,542,Alaves,2998.0,34,6.685690460306872,86.64013644115975,0.0,0.0,8.0,3.0,1759.0,17.0,67.0,14.0,40.0,276.0,149.0,35.0,26.0,32.0,30.0,37.0,1.0,7,0,0.0,0.0,0.2401601067378252,0.0900600400266844,52.80520346897932,0.5103402268178786,2.0113408939292863,0.4202801867911941,1.200800533689126,8.28552368245497,4.472981987991995,1.0507004669779854,0.7805203468979319,0.9606404269513008,0.9006004002668445,1.1107404936624417,0.0300200133422281,0.210140093395597,0.0,37.5,53.985507246376805,74.28571428571429,2
18744,Max Kilman,2025,D,39,Premier League,48,West Ham,1565.0,21,6.611708253358924,88.0466472303207,0.0,0.0,5.0,1.0,687.0,4.0,16.0,24.0,9.0,132.0,69.0,5.0,4.0,7.0,2.0,16.0,0.0,4,0,0.0,0.0,0.2875399361022364,0.0575079872204472,39.50798722044728,0.2300319488817891,0.9201277955271566,1.3801916932907348,0.5175718849840255,7.5910543130990416,3.968051118210863,0.2875399361022364,0.2300319488817891,0.402555910543131,0.1150159744408945,0.9201277955271566,0.0,0.2300319488817891,0.0,20.0,52.27272727272727,80.0,0
18794,Kiko Femenía,2025,D,140,La Liga,546,Getafe,2020.0,28,6.615198019801981,77.03826955074875,1.0,1.0,7.0,3.0,601.0,17.0,39.0,2.0,34.0,151.0,74.0,19.0,6.0,15.0,11.0,21.0,5.0,6,0,0.0445544554455445,0.0445544554455445,0.3118811881188119,0.1336633663366336,26.77722772277228,0.7574257425742574,1.7376237623762376,0.0891089108910891,1.5148514851485149,6.727722772277227,3.297029702970297,0.8465346534653465,0.2673267326732673,0.6683168316831682,0.4900990099009901,0.9356435643564356,0.2227722772277227,0.2673267326732673,0.0,42.85714285714285,49.00662251655629,31.57894736842105,3
18797,Christian Kabasele,2025,D,135,Serie A,494,Udinese,2262.0,30,6.847170645446508,88.45238095238095,3.0,0.0,8.0,6.0,841.0,1.0,18.0,21.0,36.0,185.0,111.0,6.0,5.0,5.0,25.0,33.0,1.0,5,1,0.1193633952254641,0.0,0.3183023872679045,0.2387267904509283,33.46153846153846,0.039787798408488,0.7161803713527851,0.8355437665782494,1.4323607427055702,7.360742705570291,4.416445623342175,0.2387267904509283,0.1989389920424403,0.1989389920424403,0.9946949602122016,1.3129973474801062,0.039787798408488,0.1989389920424403,0.039787798408488,75.0,60.0,83.33333333333334,0
18846,Aaron Wan-Bissaka,2025,D,39,Premier League,48,West Ham,2084.0,25,6.64443378119002,76.7663043478261,0.0,2.0,0.0,0.0,736.0,18.0,34.0,7.0,39.0,165.0,84.0,33.0,16.0,6.0,12.0,23.0,1.0,4,0,0.0,0.0863723608445297,0.0,0.0,31.785028790786946,0.7773512476007678,1.4683301343570057,0.3023032629558541,1.68426103646833,7.1257197696737045,3.62763915547025,1.4251439539347408,0.690978886756238,0.2591170825335893,0.5182341650671786,0.993282149712092,0.0431861804222648,0.1727447216890595,0.0,,50.90909090909091,48.48484848484848,3
18867,Diego Rico,2025,D,140,La Liga,546,Getafe,1767.0,28,6.65515288788222,64.65517241379311,0.0,0.0,8.0,1.0,588.0,11.0,46.0,3.0,30.0,198.0,109.0,15.0,6.0,25.0,35.0,22.0,1.0,4,0,0.0,0.0,0.4074702886247878,0.0509337860780984,29.9490662139219,0.5602716468590832,2.3429541595925296,0.1528013582342954,1.528013582342954,10.084889643463498,5.551782682512734,0.7640067911714771,0.3056027164685908,1.2733446519524618,1.7826825127334465,1.1205432937181663,0.0509337860780984,0.2037351443123939,0.0,12.5,55.05050505050505,40.0,1
18869,Adam Smith,2025,D,39,Premier League,35,Bournemouth,1095.0,22,6.496520146520147,78.1767955801105,0.0,2.0,0.0,0.0,363.0,5.0,15.0,9.0,8.0,90.0,40.0,1.0,1.0,15.0,11.0,19.0,0.0,3,0,0.0,0.1643835616438356,0.0,0.0,29.83561643835617,0.410958904109589,1.2328767123287672,0.7397260273972602,0.6575342465753424,7.397260273972602,3.287671232876712,0.0821917808219178,0.0821917808219178,1.2328767123287672,0.9041095890410958,1.5616438356164384,0.0,0.2465753424657534,0.0,,44.44444444444444,100.0,3
18895,Florian Lejeune,2025,D,140,La Liga,728,Rayo Vallecano,3231.0,36,7.076044568245125,87.27101925786755,2.0,1.0,43.0,18.0,2129.0,17.0,67.0,27.0,48.0,284.0,169.0,10.0,8.0,22.0,14.0,47.0,1.0,7,0,0.0557103064066852,0.0278551532033426,1.1977715877437327,0.5013927576601671,59.30362116991643,0.4735376044568244,1.8662952646239552,0.7520891364902508,1.3370473537604457,7.910863509749304,4.707520891364903,0.2785515320334262,0.2228412256267409,0.6128133704735376,0.3899721448467966,1.309192200557103,0.0278551532033426,0.1949860724233983,0.0,41.86046511627907,59.50704225352113,80.0,2
18961,Dan Burn,2025,D,39,Premier League,34,Newcastle,2209.0,29,6.578859212313264,79.24170616113744,1.0,2.0,7.0,3.0,1055.0,7.0,40.0,12.0,21.0,275.0,151.0,3.0,2.0,18.0,13.0,36.0,3.0,11,1,0.0407424173834314,0.0814848347668628,0.2851969216840199,0.1222272521502942,42.98325033952015,0.2851969216840199,1.6296966953372567,0.488909008601177,0.8555907650520598,11.20416478044364,6.152105024898144,0.1222272521502942,0.0814848347668628,0.7333635129017656,0.5296514259846085,1.4667270258035312,0.1222272521502942,0.4481665912177456,0.0407424173834314,42.85714285714285,54.90909090909091,66.66666666666666,2
18963,Lewis Dunk,2025,D,39,Premier League,51,Brighton,2844.0,33,6.987025316455696,92.289156626506,1.0,0.0,19.0,3.0,2490.0,7.0,34.0,27.0,30.0,217.0,127.0,4.0,4.0,21.0,12.0,15.0,1.0,10,0,0.0316455696202531,0.0,0.6012658227848101,0.0949367088607594,78.79746835443038,0.2215189873417721,1.0759493670886076,0.8544303797468354,0.9493670886075948,6.867088607594937,4.018987341772152,0.1265822784810126,0.1265822784810126,0.6645569620253164,0.3797468354430379,0.4746835443037974,0.0316455696202531,0.3164556962025316,0.0,15.789473684210526,58.525345622119815,100.0,0
18964,Bernardo,2025,D,78,Bundesliga,167,1899 Hoffenheim,2318.0,29,6.860914581535807,79.36,0.0,0.0,5.0,0.0,1250.0,9.0,68.0,13.0,40.0,302.0,185.0,11.0,6.0,16.0,11.0,41.0,2.0,9,0,0.0,0.0,0.1941328731665228,0.0,48.53321829163072,0.3494391716997411,2.640207075064711,0.5047454702329595,1.553062985332183,11.72562553925798,7.182916307161346,0.4270923209663503,0.2329594477998274,0.6212251941328732,0.4270923209663503,1.5918895599654874,0.0776531492666091,0.3494391716997411,0.0,0.0,61.25827814569536,54.54545454545454,2
18967,Leo Østigård,2025,D,135,Serie A,495,Genoa,2623.0,30,7.257262676324818,88.94799054373522,5.0,1.0,18.0,12.0,1692.0,10.0,36.0,27.0,30.0,242.0,157.0,1.0,1.0,7.0,15.0,38.0,3.0,7,0,0.1715592832634388,0.0343118566526877,0.6176134197483797,0.4117422798322531,58.05566145634769,0.3431185665268776,1.2352268394967594,0.9264201296225696,1.029355699580633,8.303469309950438,5.386961494471978,0.0343118566526877,0.0343118566526877,0.2401829965688143,0.5146778497903165,1.3038505528021351,0.1029355699580632,0.2401829965688143,0.0,66.66666666666666,64.87603305785123,100.0,0
19032,Ryan Sessegnon,2025,D,39,Premier League,36,Fulham,1822.0,27,6.568423942888522,76.4359351988218,3.0,1.0,10.0,4.0,679.0,14.0,48.0,8.0,25.0,181.0,79.0,25.0,9.0,12.0,3.0,33.0,4.0,0,0,0.1481888035126234,0.0493962678375411,0.4939626783754117,0.1975850713501646,33.54006586169045,0.6915477497255763,2.371020856201976,0.3951701427003293,1.234906695938529,8.94072447859495,3.902305159165752,1.234906695938529,0.4445664105378704,0.5927552140504939,0.1481888035126234,1.6300768386388584,0.1975850713501646,0.0,0.0,40.0,43.646408839779006,36.0,1
19179,Tyrone Mings,2025,D,39,Premier League,66,Aston Villa,1323.0,17,6.705215419501134,89.93576017130621,0.0,0.0,5.0,1.0,934.0,5.0,5.0,9.0,11.0,98.0,54.0,6.0,2.0,2.0,9.0,10.0,0.0,1,0,0.0,0.0,0.3401360544217687,0.0680272108843537,63.53741496598639,0.3401360544217687,0.3401360544217687,0.6122448979591837,0.7482993197278911,6.666666666666666,3.6734693877551017,0.4081632653061224,0.1360544217687075,0.1360544217687075,0.6122448979591837,0.6802721088435374,0.0,0.0680272108843537,0.0,20.0,55.10204081632652,33.33333333333333,0
19182,Axel Tuanzebe,2025,D,39,Premier League,44,Burnley,1202.0,14,6.563144758735441,84.53427065026362,1.0,0.0,2.0,1.0,569.0,0.0,14.0,11.0,11.0,80.0,38.0,0.0,0.0,5.0,2.0,13.0,1.0,1,0,0.0748752079866888,0.0,0.1497504159733777,0.0748752079866888,42.60399334442596,0.0,1.048252911813644,0.8236272878535774,0.8236272878535774,5.990016638935108,2.8452579034941765,0.0,0.0,0.3743760399334442,0.1497504159733777,0.9733777038269552,0.0748752079866888,0.0748752079866888,0.0,50.0,47.5,,0
19209,Fikayo Tomori,2025,D,135,Serie A,489,AC Milan,2563.0,33,6.970101483216238,90.1973265436028,0.0,2.0,6.0,2.0,1571.0,4.0,65.0,23.0,29.0,169.0,91.0,5.0,3.0,18.0,7.0,36.0,2.0,8,1,0.0,0.0702301989855637,0.2106905969566913,0.0702301989855637,55.16582130316036,0.1404603979711275,2.282481467030823,0.8076472883339836,1.018337885290675,5.93445181428014,3.1954740538431525,0.1755754974639094,0.1053452984783456,0.6320717908700741,0.2458056964494732,1.2641435817401483,0.0702301989855637,0.2809207959422551,0.0351150994927818,33.33333333333333,53.84615384615385,60.0,0
19235,Djed Spence,2025,D,39,Premier League,47,Tottenham,2078.0,30,6.585700529610014,80.8390022675737,0.0,0.0,10.0,8.0,883.0,10.0,43.0,3.0,18.0,251.0,119.0,75.0,32.0,9.0,21.0,28.0,4.0,4,0,0.0,0.0,0.4331087584215591,0.3464870067372473,38.24350336862368,0.4331087584215591,1.8623676612127045,0.1299326275264677,0.7795957651588065,10.871029836381137,5.153994225216554,3.2483156881616937,1.3859480269489894,0.3897978825794032,0.9095283926852744,1.2127045235803655,0.1732435033686236,0.1732435033686236,0.0,80.0,47.410358565737056,42.66666666666667,1
19263,Lloyd Kelly,2025,D,135,Serie A,496,Juventus,2998.0,35,7.01581054036024,88.93261190359075,1.0,1.0,11.0,3.0,2033.0,11.0,48.0,17.0,14.0,287.0,173.0,23.0,18.0,7.0,20.0,43.0,4.0,4,0,0.0300200133422281,0.0300200133422281,0.3302201467645096,0.0900600400266844,61.03068712474983,0.3302201467645096,1.4409606404269515,0.5103402268178786,0.4202801867911941,8.615743829219479,5.19346230820547,0.6904603068712475,0.5403602401601068,0.210140093395597,0.600400266844563,1.2908605737158103,0.1200800533689126,0.1200800533689126,0.0,27.27272727272727,60.2787456445993,78.26086956521739,0
19298,Matty Cash,2025,D,39,Premier League,66,Aston Villa,3020.0,35,6.865364238410597,85.53956834532374,3.0,3.0,22.0,10.0,1390.0,31.0,66.0,14.0,22.0,265.0,137.0,20.0,11.0,34.0,30.0,41.0,4.0,9,0,0.0894039735099337,0.0894039735099337,0.6556291390728477,0.2980132450331126,41.42384105960265,0.923841059602649,1.966887417218543,0.4172185430463576,0.6556291390728477,7.897350993377484,4.082781456953642,0.5960264900662252,0.3278145695364238,1.0132450331125828,0.8940397350993378,1.2218543046357615,0.119205298013245,0.2682119205298013,0.0,45.45454545454545,51.698113207547166,55.00000000000001,3
19321,Joe Rodon,2025,D,39,Premier League,63,Leeds,2953.0,35,6.709112466124661,87.37931034482759,2.0,0.0,14.0,7.0,1450.0,9.0,37.0,22.0,29.0,252.0,140.0,2.0,1.0,10.0,19.0,17.0,1.0,3,0,0.0609549610565526,0.0,0.4266847273958686,0.2133423636979343,44.19234676600068,0.2742973247544869,1.127666779546224,0.6705045716220792,0.8838469353200136,7.680325093125635,4.266847273958686,0.0609549610565526,0.0304774805282763,0.3047748052827633,0.5790721300372502,0.5181171689806976,0.0304774805282763,0.0914324415848289,0.0,50.0,55.55555555555556,50.0,0
19346,Rico Henry,2025,D,39,Premier League,55,Brentford,1334.0,25,6.425206301575393,76.92307692307693,0.0,1.0,4.0,0.0,481.0,4.0,15.0,5.0,8.0,134.0,66.0,30.0,15.0,8.0,17.0,15.0,2.0,2,0,0.0,0.0674662668665667,0.2698650674662669,0.0,32.451274362818594,0.2698650674662669,1.0119940029985008,0.3373313343328336,0.5397301349325337,9.04047976011994,4.452773613193403,2.0239880059970017,1.0119940029985008,0.5397301349325337,1.146926536731634,1.0119940029985008,0.1349325337331334,0.1349325337331334,0.0,0.0,49.25373134328358,50.0,3
19354,Ezri Konsa,2025,D,39,Premier League,66,Aston Villa,3036.0,34,7.002569169960474,95.461060678452,0.0,0.0,7.0,2.0,2093.0,5.0,22.0,29.0,22.0,149.0,100.0,12.0,8.0,4.0,40.0,11.0,0.0,0,1,0.0,0.0,0.2075098814229249,0.0592885375494071,62.04545454545455,0.1482213438735178,0.6521739130434783,0.8596837944664031,0.6521739130434783,4.41699604743083,2.964426877470356,0.3557312252964427,0.2371541501976284,0.1185770750988142,1.1857707509881423,0.3260869565217391,0.0,0.0,0.0296442687747035,28.57142857142857,67.11409395973155,66.66666666666666,0
19495,Nathan Collins,2025,D,39,Premier League,55,Brentford,2972.0,35,6.788290713324361,83.07604345340195,1.0,2.0,16.0,6.0,1749.0,11.0,31.0,41.0,36.0,258.0,144.0,10.0,7.0,9.0,17.0,20.0,2.0,7,0,0.0302826379542395,0.0605652759084791,0.4845222072678331,0.1816958277254374,52.964333781965,0.3331090174966352,0.9387617765814266,1.2415881561238225,1.0901749663526246,7.812920592193809,4.360699865410498,0.3028263795423957,0.211978465679677,0.2725437415881561,0.5148048452220726,0.6056527590847914,0.0605652759084791,0.211978465679677,0.0,37.5,55.81395348837209,70.0,0
19518,Maxime Colin,2025,D,61,Ligue 1,112,Metz,1700.0,22,6.575000000000001,89.29729729729729,0.0,0.0,5.0,2.0,925.0,6.0,40.0,10.0,26.0,110.0,64.0,11.0,7.0,14.0,7.0,10.0,0.0,1,0,0.0,0.0,0.2647058823529412,0.1058823529411764,48.97058823529412,0.3176470588235294,2.117647058823529,0.5294117647058824,1.376470588235294,5.8235294117647065,3.3882352941176466,0.5823529411764706,0.3705882352941176,0.7411764705882353,0.3705882352941176,0.5294117647058824,0.0,0.0529411764705882,0.0,40.0,58.18181818181818,63.63636363636363,0
19545,Reece James,2025,D,39,Premier League,49,Chelsea,1961.0,29,7.338908720040797,88.97280966767372,2.0,4.0,13.0,7.0,1324.0,27.0,48.0,6.0,33.0,189.0,112.0,22.0,11.0,10.0,22.0,27.0,1.0,4,0,0.0917899031106578,0.1835798062213156,0.5966343702192759,0.3212646608873024,60.76491585925548,1.2391636919938809,2.202957674655788,0.2753697093319734,1.5145334013258542,8.674145843957165,5.140234574196838,1.009688934217236,0.504844467108618,0.4589495155532891,1.009688934217236,1.2391636919938809,0.0458949515553289,0.1835798062213156,0.0,53.84615384615385,59.25925925925925,50.0,2
19549,Antonee Robinson,2025,D,39,Premier League,36,Fulham,1493.0,22,6.890890823844608,79.9749687108886,1.0,0.0,2.0,1.0,799.0,22.0,48.0,3.0,30.0,153.0,87.0,21.0,12.0,24.0,9.0,15.0,2.0,5,0,0.0602813127930341,0.0,0.1205626255860683,0.0602813127930341,48.16476892163429,1.3261888814467515,2.8935030140656397,0.1808439383791024,1.8084393837910249,9.223040857334226,5.244474212993971,1.2659075686537171,0.7233757535164098,1.4467515070328196,0.5425318151373074,0.9042196918955124,0.1205626255860683,0.3014065639651708,0.0,50.0,56.86274509803921,57.14285714285714,1
19720,Trevoh Chalobah,2025,D,39,Premier League,49,Chelsea,2782.0,34,6.971459381739755,93.03547963206309,3.0,0.0,13.0,5.0,2283.0,5.0,35.0,17.0,35.0,229.0,134.0,9.0,7.0,9.0,18.0,20.0,2.0,3,1,0.0970524802300503,0.0,0.4205607476635514,0.1617541337167505,73.85693745506829,0.1617541337167505,1.1322789360172538,0.5499640546369519,1.1322789360172538,7.408339324227174,4.335010783608914,0.291157440690151,0.2264557872034507,0.291157440690151,0.582314881380302,0.6470165348670022,0.0647016534867002,0.0970524802300503,0.0323508267433501,38.46153846153847,58.515283842794766,77.77777777777779,0
19760,James Justin,2025,D,39,Premier League,63,Leeds,1916.0,29,7.053159268929504,75.98870056497175,2.0,1.0,16.0,6.0,708.0,12.0,56.0,11.0,28.0,208.0,127.0,16.0,3.0,11.0,30.0,13.0,2.0,4,0,0.0939457202505219,0.0469728601252609,0.7515657620041752,0.2818371607515658,33.25678496868476,0.5636743215031316,2.6304801670146136,0.5167014613778705,1.3152400835073068,9.77035490605428,5.965553235908142,0.7515657620041752,0.1409185803757829,0.5167014613778705,1.4091858037578289,0.6106471816283925,0.0939457202505219,0.1878914405010438,0.0,37.5,61.05769230769232,18.75,2
20093,James Hill,2025,D,39,Premier League,35,Bournemouth,2120.0,29,7.02057574327513,77.72420443587271,0.0,3.0,10.0,2.0,1037.0,13.0,39.0,15.0,39.0,260.0,166.0,2.0,2.0,13.0,13.0,17.0,2.0,5,0,0.0,0.1273584905660377,0.4245283018867924,0.0849056603773584,44.02358490566038,0.5518867924528302,1.6556603773584906,0.6367924528301887,1.6556603773584906,11.037735849056604,7.047169811320755,0.0849056603773584,0.0849056603773584,0.5518867924528302,0.5518867924528302,0.7216981132075472,0.0849056603773584,0.2122641509433962,0.0,20.0,63.84615384615384,100.0,2
20303,Josh Laurent,2025,D,39,Premier League,44,Burnley,1783.0,33,6.386932136848009,78.03738317757009,1.0,0.0,10.0,4.0,642.0,12.0,48.0,8.0,27.0,195.0,94.0,19.0,9.0,22.0,11.0,31.0,2.0,7,1,0.0504767246214245,0.0,0.5047672462142456,0.2019068984856982,32.40605720695457,0.6057206954570947,2.422882781828379,0.4038137969713965,1.3628715647784633,9.842961301177793,4.744812114413909,0.9590577678070668,0.4542905215928211,1.1104879416713405,0.5552439708356702,1.5647784632641617,0.1009534492428491,0.3533370723499719,0.0504767246214245,40.0,48.20512820512821,47.368421052631575,1
20546,Brendan Chardonnet,2025,D,61,Ligue 1,106,Stade Brestois 29,2547.0,29,6.954770318021201,84.0,1.0,3.0,12.0,6.0,1250.0,12.0,36.0,40.0,32.0,226.0,133.0,2.0,1.0,14.0,20.0,28.0,0.0,6,0,0.0353356890459364,0.1060070671378091,0.4240282685512367,0.2120141342756183,44.169611307420496,0.4240282685512367,1.2720848056537102,1.413427561837456,1.1307420494699647,7.985865724381625,4.69964664310954,0.0706713780918728,0.0353356890459364,0.4946996466431095,0.7067137809187279,0.9893992932862192,0.0,0.2120141342756183,0.0,50.0,58.849557522123895,50.0,0
20600,Romain Perraud,2025,D,61,Ligue 1,79,Lille,2253.0,30,6.942654238792722,85.75244879786287,3.0,4.0,22.0,12.0,1123.0,37.0,44.0,6.0,23.0,229.0,121.0,34.0,14.0,20.0,44.0,21.0,2.0,4,1,0.1198402130492676,0.1597869507323568,0.8788282290279628,0.4793608521970706,44.86018641810919,1.4780292942743007,1.7576564580559255,0.2396804260985353,0.918774966711052,9.14780292942743,4.833555259653795,1.3581890812250332,0.559254327563249,0.7989347536617843,1.7576564580559255,0.8388814913448736,0.0798934753661784,0.1597869507323568,0.0399467376830892,54.54545454545454,52.838427947598255,41.17647058823529,3
20656,Enzo Ebosse,2025,D,135,Serie A,503,Torino,1331.0,17,6.705634861006763,89.72188633615478,0.0,1.0,1.0,0.0,827.0,7.0,12.0,15.0,10.0,92.0,40.0,4.0,2.0,5.0,10.0,21.0,0.0,4,0,0.0,0.067618332081142,0.067618332081142,0.0,55.92036063110444,0.473328324567994,0.8114199849737039,1.01427498121713,0.67618332081142,6.220886551465064,2.70473328324568,0.270473328324568,0.135236664162284,0.33809166040571,0.67618332081142,1.419984973703982,0.0,0.270473328324568,0.0,0.0,43.47826086956522,50.0,0
20850,Carlens Arcus,2025,D,61,Ligue 1,77,Angers,2051.0,26,6.693954168698196,87.53363228699551,0.0,3.0,7.0,1.0,1115.0,16.0,37.0,3.0,31.0,149.0,80.0,5.0,2.0,14.0,16.0,33.0,0.0,6,0,0.0,0.1316431009263773,0.3071672354948805,0.0438810336421257,48.92735251097026,0.7020965382740126,1.6235982447586543,0.1316431009263773,1.3603120429058997,6.538274012676744,3.5104826913700635,0.2194051682106289,0.0877620672842515,0.6143344709897611,0.7020965382740126,1.4480741101901513,0.0,0.2632862018527547,0.0,14.285714285714285,53.69127516778524,40.0,3
20869,Samir Sophian Chergui,2025,D,61,Ligue 1,114,Paris FC,1155.0,15,6.494107452339688,90.01782531194296,1.0,0.0,7.0,4.0,561.0,2.0,18.0,6.0,11.0,84.0,45.0,5.0,3.0,2.0,4.0,14.0,1.0,1,0,0.0779220779220779,0.0,0.5454545454545454,0.3116883116883117,43.71428571428572,0.1558441558441558,1.4025974025974026,0.4675324675324675,0.8571428571428572,6.545454545454545,3.5064935064935066,0.3896103896103896,0.2337662337662337,0.1558441558441558,0.3116883116883117,1.0909090909090908,0.0779220779220779,0.0779220779220779,0.0,57.14285714285714,53.57142857142857,60.0,0
20995,Maxence Lacroix,2025,D,39,Premier League,52,Crystal Palace,3087.0,35,6.90952380952381,88.16425120772948,1.0,2.0,17.0,7.0,1656.0,7.0,60.0,18.0,45.0,333.0,204.0,11.0,7.0,11.0,19.0,34.0,0.0,4,1,0.0291545189504373,0.0583090379008746,0.4956268221574344,0.2040816326530612,48.2798833819242,0.2040816326530612,1.749271137026239,0.5247813411078717,1.3119533527696792,9.708454810495628,5.947521865889213,0.3206997084548105,0.2040816326530612,0.3206997084548105,0.553935860058309,0.9912536443148688,0.0,0.1166180758017492,0.0291545189504373,41.17647058823529,61.26126126126125,63.63636363636363,2
21090,Diego Carlos,2025,D,135,Serie A,895,Como,1948.0,27,6.890657084188912,92.87878787878788,1.0,0.0,8.0,2.0,1321.0,2.0,30.0,17.0,22.0,159.0,85.0,0.0,0.0,2.0,7.0,39.0,2.0,8,0,0.0462012320328542,0.0,0.3696098562628337,0.0924024640657084,61.03182751540041,0.0924024640657084,1.3860369609856262,0.7854209445585215,1.0164271047227926,7.34599589322382,3.927104722792608,0.0,0.0,0.0924024640657084,0.3234086242299794,1.801848049281314,0.0924024640657084,0.3696098562628337,0.0,25.0,53.459119496855344,,0
21138,Rayan Aït-Nouri,2025,D,39,Premier League,50,Manchester City,976.0,17,6.992710472279261,90.3061224489796,0.0,2.0,8.0,2.0,588.0,12.0,34.0,1.0,13.0,143.0,80.0,42.0,22.0,6.0,10.0,17.0,0.0,2,0,0.0,0.1844262295081967,0.7377049180327869,0.1844262295081967,54.22131147540984,1.1065573770491803,3.135245901639344,0.0922131147540983,1.1987704918032789,13.186475409836069,7.377049180327869,3.872950819672131,2.028688524590164,0.5532786885245902,0.9221311475409836,1.567622950819672,0.0,0.1844262295081967,0.0,25.0,55.94405594405595,52.38095238095239,1
21381,Jordan Lefort,2025,D,61,Ligue 1,77,Angers,3060.0,34,6.8088235294117645,86.59420289855072,0.0,2.0,8.0,1.0,1932.0,9.0,51.0,16.0,48.0,196.0,116.0,16.0,10.0,21.0,19.0,22.0,2.0,1,0,0.0,0.0588235294117647,0.2352941176470588,0.0294117647058823,56.8235294117647,0.2647058823529412,1.5,0.4705882352941176,1.4117647058823528,5.76470588235294,3.411764705882353,0.4705882352941176,0.2941176470588235,0.6176470588235294,0.5588235294117647,0.6470588235294117,0.0588235294117647,0.0294117647058823,0.0,12.5,59.18367346938776,62.5,0
21570,Nicolas Cozza,2025,D,61,Ligue 1,83,Nantes,2303.0,29,6.628478260869565,76.91358024691358,0.0,1.0,7.0,3.0,810.0,10.0,44.0,11.0,17.0,193.0,102.0,18.0,8.0,23.0,31.0,23.0,0.0,2,0,0.0,0.0390794615718627,0.2735562310030395,0.1172383847155883,31.654363873208855,0.3907946157186279,1.7194963091619626,0.4298740772904906,0.6643508467216673,7.542336083369518,3.9861050803300047,0.7034303082935301,0.3126356925749023,0.8988276161528441,1.2114633087277464,0.8988276161528441,0.0,0.0781589231437255,0.0,42.85714285714285,52.84974093264248,44.44444444444444,3
21694,Nayef Aguerd,2025,D,61,Ligue 1,81,Marseille,1579.0,18,7.067954401519949,92.6657263751763,1.0,0.0,8.0,1.0,1418.0,3.0,23.0,11.0,22.0,128.0,74.0,4.0,2.0,4.0,7.0,21.0,0.0,4,0,0.0569981000633312,0.0,0.4559848005066498,0.0569981000633312,80.82330588980366,0.1709943001899936,1.310956301456618,0.6269791006966434,1.2539582013932868,7.295756808106397,4.217859404686511,0.2279924002533249,0.1139962001266624,0.2279924002533249,0.3989867004433186,1.1969601013299558,0.0,0.2279924002533249,0.0,12.5,57.8125,50.0,0
21701,Valentin Rosier,2025,D,140,La Liga,727,Osasuna,2554.0,31,6.722670321064997,81.44624167459563,1.0,1.0,12.0,3.0,1051.0,16.0,49.0,3.0,44.0,225.0,116.0,45.0,28.0,19.0,20.0,34.0,3.0,6,1,0.0352388410336726,0.0352388410336726,0.4228660924040721,0.105716523101018,37.03602192638998,0.5638214565387627,1.726703210649961,0.105716523101018,1.5505090054815975,7.92873923257635,4.08770555990603,1.58574784651527,0.9866875489428348,0.6695379796397807,0.7047768206734535,1.1981205951448708,0.105716523101018,0.211433046202036,0.0352388410336726,25.0,51.55555555555556,62.22222222222222,3
21998,Axel Disasi,2025,D,39,Premier League,48,West Ham,1255.0,14,6.723107569721115,86.54867256637168,0.0,0.0,4.0,3.0,565.0,1.0,14.0,12.0,11.0,60.0,38.0,2.0,2.0,1.0,4.0,5.0,1.0,1,0,0.0,0.0,0.2868525896414343,0.2151394422310756,40.51792828685259,0.0717131474103585,1.00398406374502,0.8605577689243027,0.7888446215139443,4.302788844621514,2.7250996015936257,0.1434262948207171,0.1434262948207171,0.0717131474103585,0.2868525896414343,0.3585657370517928,0.0717131474103585,0.0717131474103585,0.0,75.0,63.33333333333333,100.0,0
22090,William Saliba,2025,D,39,Premier League,42,Arsenal,2615.0,31,7.039655172413793,92.87072243346007,1.0,0.0,4.0,1.0,2104.0,10.0,35.0,7.0,17.0,231.0,131.0,10.0,7.0,7.0,16.0,22.0,1.0,2,0,0.034416826003824,0.0,0.1376673040152963,0.034416826003824,72.4130019120459,0.3441682600382409,1.2045889101338434,0.2409177820267686,0.5850860420650096,7.950286806883366,4.508604206500956,0.3441682600382409,0.2409177820267686,0.2409177820267686,0.5506692160611855,0.75717017208413,0.034416826003824,0.0688336520076481,0.0,25.0,56.70995670995672,70.0,0
22094,Wesley Fofana,2025,D,39,Premier League,49,Chelsea,1726.0,25,6.895538818076477,92.0926517571885,0.0,1.0,5.0,1.0,1252.0,3.0,19.0,19.0,40.0,188.0,114.0,14.0,10.0,4.0,17.0,27.0,1.0,9,2,0.0,0.0521436848203939,0.2607184241019699,0.0521436848203939,65.28389339513326,0.1564310544611819,0.9907300115874856,0.9907300115874856,2.085747392815759,9.803012746234067,5.944380069524913,0.7300115874855156,0.5214368482039398,0.2085747392815758,0.8864426419466975,1.4078794901506373,0.0521436848203939,0.4692931633835457,0.1042873696407879,20.0,60.63829787234043,71.42857142857143,0
22134,Kelvin Amian,2025,D,61,Ligue 1,83,Nantes,1962.0,23,6.621978582355942,80.91603053435115,0.0,1.0,9.0,2.0,786.0,8.0,28.0,10.0,7.0,140.0,79.0,10.0,5.0,6.0,18.0,23.0,2.0,3,0,0.0,0.0458715596330275,0.4128440366972477,0.091743119266055,36.05504587155964,0.3669724770642202,1.2844036697247707,0.4587155963302752,0.3211009174311927,6.422018348623853,3.623853211009175,0.4587155963302752,0.2293577981651376,0.2752293577981651,0.8256880733944955,1.055045871559633,0.091743119266055,0.1376146788990825,0.0,22.22222222222222,56.42857142857143,50.0,3
22136,Bafodé Diakité,2025,D,39,Premier League,35,Bournemouth,1286.0,18,6.684280155642023,87.98397863818424,0.0,0.0,1.0,0.0,749.0,3.0,20.0,5.0,12.0,111.0,60.0,3.0,0.0,3.0,5.0,8.0,2.0,1,0,0.0,0.0,0.0699844479004665,0.0,52.41835147744945,0.2099533437013997,1.3996889580093312,0.3499222395023328,0.8398133748055988,7.768273716951788,4.199066874027994,0.2099533437013997,0.0,0.2099533437013997,0.3499222395023328,0.5598755832037325,0.1399688958009331,0.0699844479004665,0.0,0.0,54.054054054054056,0.0,3
22163,Dante,2025,D,61,Ligue 1,84,Nice,930.0,13,6.806344086021505,90.37735849056604,0.0,1.0,5.0,2.0,530.0,2.0,10.0,6.0,10.0,57.0,34.0,2.0,1.0,6.0,4.0,11.0,1.0,2,0,0.0,0.0967741935483871,0.4838709677419355,0.1935483870967742,51.29032258064517,0.1935483870967742,0.967741935483871,0.5806451612903226,0.967741935483871,5.516129032258064,3.290322580645161,0.1935483870967742,0.0967741935483871,0.5806451612903226,0.3870967741935484,1.064516129032258,0.0967741935483871,0.1935483870967742,0.0,40.0,59.64912280701754,50.0,0
22166,Malang Sarr,2025,D,61,Ligue 1,116,Lens,2925.0,33,7.201538461538462,88.52130325814537,0.0,1.0,19.0,5.0,1995.0,6.0,65.0,25.0,76.0,224.0,145.0,11.0,6.0,15.0,24.0,21.0,0.0,4,0,0.0,0.0307692307692307,0.5846153846153846,0.1538461538461538,61.38461538461539,0.1846153846153846,2.0,0.7692307692307693,2.3384615384615386,6.892307692307693,4.461538461538462,0.3384615384615385,0.1846153846153846,0.4615384615384615,0.7384615384615385,0.6461538461538462,0.0,0.123076923076923,0.0,26.31578947368421,64.73214285714286,54.54545454545454,2
22174,Adrien Tameze,2025,D,135,Serie A,503,Torino,1133.0,24,6.509452296819789,80.82191780821918,0.0,0.0,3.0,0.0,513.0,8.0,15.0,6.0,20.0,88.0,41.0,5.0,0.0,7.0,7.0,16.0,0.0,3,0,0.0,0.0,0.2383053839364519,0.0,40.75022065313328,0.6354810238305384,1.1915269196822595,0.4766107678729038,1.5887025595763458,6.990291262135922,3.256840247131509,0.3971756398940864,0.0,0.5560458958517212,0.5560458958517212,1.2709620476610768,0.0,0.2383053839364519,0.0,0.0,46.590909090909086,0.0,3
22224,Gabriel Magalhães,2025,D,39,Premier League,42,Arsenal,2751.0,32,7.393020719738276,88.17080207732256,3.0,4.0,17.0,7.0,1733.0,7.0,38.0,34.0,23.0,262.0,171.0,2.0,1.0,7.0,34.0,21.0,0.0,4,0,0.0981461286804798,0.1308615049073064,0.5561613958560524,0.2290076335877862,56.69574700109051,0.2290076335877862,1.243184296619411,1.1123227917121048,0.752453653217012,8.571428571428571,5.59432933478735,0.0654307524536532,0.0327153762268266,0.2290076335877862,1.1123227917121048,0.6870229007633587,0.0,0.1308615049073064,0.0,41.17647058823529,65.2671755725191,50.0,0
22225,Reinildo Mandava,2025,D,39,Premier League,746,Sunderland,1969.0,25,6.754878048780487,85.87223587223588,0.0,1.0,2.0,0.0,814.0,6.0,39.0,14.0,31.0,220.0,121.0,27.0,15.0,16.0,35.0,32.0,1.0,7,1,0.0,0.0457084814626714,0.0914169629253428,0.0,37.20670391061453,0.2742508887760284,1.7826307770441847,0.6399187404773997,1.4169629253428138,10.055865921787708,5.53072625698324,1.234128999492128,0.6856272219400711,0.7313357034027425,1.599796851193499,1.462671406805485,0.0457084814626714,0.3199593702386998,0.0457084814626714,0.0,55.00000000000001,55.55555555555556,2
22247,Kenny Lala,2025,D,61,Ligue 1,106,Stade Brestois 29,2792.0,32,6.781375358166189,77.82193958664547,0.0,3.0,6.0,1.0,1258.0,26.0,39.0,10.0,31.0,167.0,83.0,19.0,8.0,26.0,23.0,17.0,0.0,4,0,0.0,0.0967048710601719,0.1934097421203438,0.0322349570200573,40.551575931232094,0.83810888252149,1.257163323782235,0.3223495702005731,0.9992836676217766,5.38323782234957,2.6755014326647566,0.6124641833810889,0.2578796561604584,0.83810888252149,0.741404011461318,0.5479942693409742,0.0,0.1289398280802292,0.0,16.666666666666664,49.700598802395206,42.10526315789473,3
23637,Yanis Zouaoui,2025,D,61,Ligue 1,111,Le Havre,2348.0,30,6.64493185689949,77.67295597484278,1.0,1.0,10.0,5.0,954.0,35.0,48.0,13.0,26.0,215.0,111.0,50.0,20.0,16.0,26.0,22.0,1.0,7,0,0.0383304940374787,0.0383304940374787,0.383304940374787,0.1916524701873935,36.56729131175468,1.341567291311755,1.8398637137989775,0.4982964224872231,0.9965928449744464,8.241056218057922,4.254684838160136,1.916524701873935,0.766609880749574,0.6132879045996593,0.9965928449744464,0.8432708688245315,0.0383304940374787,0.2683134582623509,0.0,50.0,51.627906976744185,40.0,3
24868,Josha Vagnoman,2025,D,78,Bundesliga,172,VfB Stuttgart,1593.0,27,6.5108873505349285,81.9078947368421,1.0,3.0,18.0,11.0,608.0,16.0,30.0,4.0,3.0,142.0,69.0,11.0,6.0,14.0,16.0,17.0,0.0,3,0,0.0564971751412429,0.1694915254237288,1.0169491525423728,0.6214689265536724,34.3502824858757,0.9039548022598872,1.694915254237288,0.2259887005649717,0.1694915254237288,8.022598870056497,3.898305084745763,0.6214689265536724,0.3389830508474576,0.7909604519774011,0.9039548022598872,0.96045197740113,0.0,0.1694915254237288,0.0,61.11111111111112,48.59154929577465,54.54545454545454,3
24897,Marnon Busch,2025,D,78,Bundesliga,180,1. FC Heidenheim,1912.0,29,6.773430962343096,80.11695906432749,1.0,5.0,8.0,3.0,684.0,17.0,36.0,11.0,32.0,140.0,68.0,13.0,3.0,17.0,8.0,18.0,1.0,4,0,0.0470711297071129,0.2353556485355648,0.3765690376569037,0.1412133891213389,32.19665271966527,0.8002092050209205,1.694560669456067,0.5177824267782427,1.506276150627615,6.589958158995816,3.200836820083682,0.6119246861924686,0.1412133891213389,0.8002092050209205,0.3765690376569037,0.8472803347280335,0.0470711297071129,0.1882845188284518,0.0,37.5,48.57142857142857,23.07692307692308,3
24899,Patrick Mainka,2025,D,78,Bundesliga,180,1. FC Heidenheim,3060.0,34,6.864705882352941,87.07533234859675,2.0,2.0,34.0,9.0,1354.0,10.0,45.0,41.0,35.0,332.0,212.0,4.0,4.0,20.0,20.0,11.0,3.0,1,0,0.0588235294117647,0.0588235294117647,1.0,0.2647058823529412,39.8235294117647,0.2941176470588235,1.3235294117647058,1.2058823529411764,1.0294117647058822,9.764705882352942,6.235294117647059,0.1176470588235294,0.1176470588235294,0.5882352941176471,0.5882352941176471,0.3235294117647058,0.088235294117647,0.0294117647058823,0.0,26.47058823529412,63.85542168674698,100.0,0
24903,Robert Andrich,2025,D,78,Bundesliga,168,Bayer Leverkusen,2547.0,32,6.862907662082514,90.10220548682088,2.0,0.0,9.0,3.0,1859.0,12.0,43.0,19.0,33.0,177.0,107.0,6.0,1.0,9.0,22.0,30.0,0.0,6,1,0.0706713780918728,0.0,0.3180212014134275,0.1060070671378091,65.68904593639576,0.4240282685512367,1.5194346289752652,0.6713780918727915,1.1660777385159011,6.254416961130741,3.780918727915194,0.2120141342756183,0.0353356890459364,0.3180212014134275,0.7773851590106007,1.060070671378092,0.0,0.2120141342756183,0.0353356890459364,33.33333333333333,60.451977401129945,16.666666666666664,0
24953,Yann Bisseck,2025,D,135,Serie A,505,Inter,1922.0,23,7.1797086368366285,92.68104776579354,3.0,1.0,17.0,12.0,1298.0,9.0,27.0,7.0,23.0,148.0,89.0,12.0,8.0,8.0,16.0,21.0,3.0,2,0,0.1404786680541103,0.0468262226847034,0.7960457856399583,0.5619146722164412,60.78043704474506,0.4214360041623309,1.2643080124869928,0.327783558792924,1.0770031217481788,6.930280957336109,4.1675338189386055,0.5619146722164412,0.3746097814776275,0.3746097814776275,0.749219562955255,0.9833506763787722,0.1404786680541103,0.0936524453694068,0.0,70.58823529411765,60.13513513513513,66.66666666666666,0
24961,Hauke Wahl,2025,D,78,Bundesliga,186,FC St. Pauli,2591.0,30,6.781898880741027,86.33501259445843,2.0,1.0,9.0,4.0,1588.0,6.0,43.0,19.0,30.0,206.0,112.0,4.0,2.0,12.0,13.0,11.0,4.0,1,0,0.0694712466229255,0.0347356233114627,0.3126206098031648,0.138942493245851,55.16016981860285,0.2084137398687765,1.4936318023928985,0.6599768429177924,1.0420686993438826,7.155538402161328,3.890389810883829,0.138942493245851,0.0694712466229255,0.416827479737553,0.4515631030490158,0.3820918564260903,0.138942493245851,0.0347356233114627,0.0,44.44444444444444,54.36893203883495,50.0,0
24969,Philipp Sander,2025,D,78,Bundesliga,163,Borussia Mönchengladbach,2454.0,30,7.001344743276284,86.10719322990127,2.0,0.0,20.0,8.0,1418.0,11.0,65.0,8.0,50.0,235.0,141.0,13.0,5.0,17.0,14.0,28.0,0.0,4,0,0.0733496332518337,0.0,0.7334963325183373,0.2933985330073349,52.00488997555013,0.4034229828850855,2.3838630806845966,0.2933985330073349,1.833740831295844,8.618581907090464,5.171149144254279,0.4767726161369193,0.1833740831295843,0.6234718826405867,0.5134474327628362,1.0268948655256724,0.0,0.1466992665036674,0.0,40.0,60.0,38.46153846153847,2
24979,Jonas Föhrenbach,2025,D,78,Bundesliga,180,1. FC Heidenheim,2327.0,27,6.621057155135368,79.80535279805353,1.0,1.0,1.0,1.0,822.0,21.0,46.0,9.0,30.0,159.0,91.0,9.0,2.0,15.0,18.0,16.0,1.0,3,0,0.0386764073914911,0.0386764073914911,0.0386764073914911,0.0386764073914911,31.79200687580576,0.812204555221315,1.779114740008595,0.3480876665234207,1.1602922217447358,6.149548775247099,3.5195530726256985,0.3480876665234207,0.0773528147829823,0.5801461108723679,0.6961753330468414,0.618822518263859,0.0386764073914911,0.1160292221744735,0.0,100.0,57.23270440251572,22.22222222222222,3
25011,Amos Pieper,2025,D,78,Bundesliga,162,Werder Bremen,1504.0,19,7.0474069148936165,85.62992125984252,0.0,0.0,6.0,2.0,1016.0,2.0,31.0,16.0,25.0,134.0,97.0,1.0,0.0,5.0,15.0,10.0,2.0,4,0,0.0,0.0,0.3590425531914893,0.1196808510638297,60.79787234042553,0.1196808510638297,1.855053191489361,0.9574468085106382,1.4960106382978724,8.018617021276595,5.804521276595745,0.0598404255319148,0.0,0.2992021276595745,0.8976063829787234,0.598404255319149,0.1196808510638297,0.2393617021276595,0.0,33.33333333333333,72.38805970149254,0.0,0
25061,Armel Bella-Kotchap,2025,D,135,Serie A,504,Hellas Verona,1355.0,19,6.735350553505536,84.2756183745583,0.0,0.0,2.0,0.0,566.0,1.0,20.0,16.0,32.0,113.0,77.0,4.0,1.0,4.0,17.0,22.0,0.0,3,0,0.0,0.0,0.1328413284132841,0.0,37.59409594095941,0.066420664206642,1.328413284132841,1.062730627306273,2.125461254612546,7.505535055350553,5.11439114391144,0.2656826568265683,0.066420664206642,0.2656826568265683,1.1291512915129152,1.4612546125461254,0.0,0.1992619926199262,0.0,0.0,68.14159292035397,25.0,2
25158,David Raum,2025,D,78,Bundesliga,173,RB Leipzig,2556.0,30,7.363693270735525,80.77830188679245,3.0,7.0,21.0,8.0,1696.0,98.0,48.0,9.0,30.0,200.0,97.0,36.0,16.0,28.0,17.0,29.0,6.0,6,0,0.1056338028169014,0.2464788732394366,0.7394366197183099,0.2816901408450704,59.718309859154935,3.4507042253521125,1.6901408450704225,0.3169014084507042,1.056338028169014,7.042253521126761,3.415492957746479,1.267605633802817,0.5633802816901409,0.9859154929577464,0.5985915492957746,1.0211267605633805,0.2112676056338028,0.2112676056338028,0.0,38.095238095238095,48.5,44.44444444444444,3
25203,Benedikt Gimber,2025,D,78,Bundesliga,180,1. FC Heidenheim,1448.0,21,6.409046961325966,83.86123680241327,0.0,0.0,4.0,2.0,663.0,1.0,35.0,7.0,13.0,165.0,98.0,7.0,5.0,9.0,31.0,27.0,0.0,6,0,0.0,0.0,0.2486187845303867,0.1243093922651933,41.2085635359116,0.0621546961325966,2.175414364640884,0.4350828729281767,0.8080110497237569,10.255524861878452,6.091160220994475,0.4350828729281767,0.3107734806629834,0.5593922651933702,1.9267955801104968,1.6781767955801106,0.0,0.3729281767955801,0.0,50.0,59.3939393939394,71.42857142857143,2
25287,Kevin Danso,2025,D,39,Premier League,47,Tottenham,1507.0,24,6.926312292358804,87.07983193277312,0.0,0.0,6.0,2.0,952.0,2.0,27.0,11.0,24.0,199.0,120.0,3.0,2.0,9.0,13.0,21.0,0.0,8,0,0.0,0.0,0.3583278035832781,0.119442601194426,56.854678168546776,0.119442601194426,1.6124751161247513,0.656934306569343,1.4333112143331124,11.884538818845389,7.166556071665561,0.179163901791639,0.119442601194426,0.5374917053749171,0.7763769077637691,1.254147312541473,0.0,0.477770404777704,0.0,33.33333333333333,60.30150753768844,66.66666666666666,2
25314,Marco Friedl,2025,D,78,Bundesliga,162,Werder Bremen,2549.0,30,6.961357395056885,88.97550111358574,1.0,0.0,8.0,2.0,1796.0,5.0,44.0,24.0,35.0,190.0,118.0,7.0,4.0,18.0,16.0,17.0,1.0,9,1,0.0353079639074146,0.0,0.2824637112593173,0.0706159278148293,63.41310317771676,0.1765398195370733,1.5535504119262455,0.8473911337779522,1.2357787367595134,6.708513142408788,4.166339741074931,0.2471557473519027,0.1412318556296586,0.6355433503334641,0.5649274225186347,0.6002353864260495,0.0353079639074146,0.317771675166732,0.0353079639074146,25.0,62.10526315789474,57.14285714285714,0
25342,Maximilian Mittelstädt,2025,D,78,Bundesliga,172,VfB Stuttgart,2195.0,32,7.313895216400912,86.11940298507463,6.0,4.0,26.0,16.0,1340.0,37.0,67.0,9.0,37.0,219.0,143.0,22.0,14.0,19.0,26.0,11.0,2.0,4,0,0.2460136674259681,0.164009111617312,1.0660592255125283,0.6560364464692483,54.94305239179954,1.5170842824601365,2.747152619589977,0.3690205011389522,1.5170842824601365,8.979498861047835,5.863325740318906,0.9020501138952164,0.5740318906605922,0.7790432801822322,1.0660592255125283,0.4510250569476082,0.082004555808656,0.164009111617312,0.0,61.53846153846154,65.29680365296804,63.63636363636363,2
25346,Jordan Torunarigha,2025,D,78,Bundesliga,175,Hamburger SV,1965.0,24,6.797964376590331,85.40076335877863,0.0,0.0,3.0,1.0,1048.0,2.0,37.0,18.0,30.0,185.0,109.0,8.0,6.0,11.0,13.0,19.0,0.0,3,0,0.0,0.0,0.1374045801526717,0.0458015267175572,48.0,0.0916030534351145,1.6946564885496185,0.8244274809160306,1.3740458015267174,8.473282442748092,4.992366412213741,0.366412213740458,0.2748091603053435,0.5038167938931297,0.5954198473282443,0.8702290076335878,0.0,0.1374045801526717,0.0,33.33333333333333,58.91891891891892,75.0,0
25368,Waldemar Anton,2025,D,78,Bundesliga,165,Borussia Dortmund,2880.0,32,7.25625,89.85200845665962,2.0,0.0,11.0,6.0,2365.0,8.0,73.0,17.0,30.0,294.0,184.0,23.0,13.0,11.0,16.0,27.0,0.0,3,0,0.0625,0.0,0.34375,0.1875,73.90625,0.25,2.28125,0.53125,0.9375,9.1875,5.75,0.71875,0.4062499999999999,0.34375,0.5,0.84375,0.0,0.09375,0.0,54.54545454545454,62.58503401360544,56.52173913043478,0
25502,Omar Haktab Traore,2025,D,78,Bundesliga,180,1. FC Heidenheim,1514.0,26,6.345803040317251,77.03180212014135,0.0,2.0,8.0,2.0,566.0,13.0,24.0,1.0,14.0,142.0,66.0,25.0,13.0,11.0,19.0,22.0,2.0,2,0,0.0,0.11889035667107,0.47556142668428,0.11889035667107,33.645970937912814,0.7727873183619551,1.42668428005284,0.059445178335535,0.8322324966974901,8.441215323645972,3.92338177014531,1.4861294583883753,0.7727873183619551,0.6538969616908851,1.1294583883751652,1.30779392338177,0.11889035667107,0.11889035667107,0.0,25.0,46.478873239436616,52.0,3
25907,Stefan Bell,2025,D,78,Bundesliga,164,FSV Mainz 05,1049.0,18,6.764442326024785,70.26378896882494,2.0,1.0,11.0,5.0,417.0,5.0,12.0,10.0,18.0,141.0,80.0,2.0,1.0,4.0,7.0,15.0,1.0,4,0,0.1715919923736892,0.0857959961868446,0.9437559580552908,0.428979980934223,35.77693040991421,0.428979980934223,1.0295519542421354,0.8579599618684461,1.544327931363203,12.09723546234509,6.863679694947569,0.1715919923736892,0.0857959961868446,0.3431839847473784,0.6005719733079123,1.286939942802669,0.0857959961868446,0.3431839847473784,0.0,45.45454545454545,56.73758865248227,50.0,2
25916,Moussa Niakhaté,2025,D,61,Ligue 1,80,Lyon,2758.0,32,7.232849891225526,89.88494726749761,0.0,2.0,2.0,0.0,2086.0,14.0,36.0,21.0,29.0,253.0,167.0,7.0,5.0,8.0,32.0,38.0,0.0,2,0,0.0,0.0652646845540246,0.0652646845540246,0.0,68.07106598984772,0.4568527918781725,1.1747643219724435,0.6852791878172589,0.9463379260333576,8.255982596084118,5.449601160261058,0.2284263959390862,0.1631617113850616,0.2610587382160986,1.0442349528643946,1.2400290065264683,0.0,0.0652646845540246,0.0,0.0,66.00790513833992,71.42857142857143,0
25917,Ridle Baku,2025,D,78,Bundesliga,173,RB Leipzig,2509.0,32,6.911119968114787,86.0705596107056,2.0,3.0,18.0,6.0,1644.0,37.0,61.0,7.0,31.0,220.0,107.0,37.0,13.0,26.0,22.0,23.0,4.0,4,0,0.0717417297728178,0.1076125946592267,0.6456755679553606,0.2152251893184535,58.97170187325627,1.3272220007971305,2.1881227580709446,0.2510960542048625,1.111996811478677,7.891590275009964,3.838182542845755,1.3272220007971305,0.466321243523316,0.932642487046632,0.7891590275009964,0.8250298923874053,0.1434834595456357,0.1434834595456357,0.0,33.33333333333333,48.63636363636364,35.13513513513514,3
26236,Christian Günter,2025,D,78,Bundesliga,160,SC Freiburg,1573.0,24,6.526700572155118,78.79377431906615,0.0,3.0,6.0,0.0,514.0,20.0,19.0,6.0,9.0,69.0,37.0,5.0,2.0,7.0,6.0,10.0,5.0,3,0,0.0,0.1716465352828989,0.3432930705657978,0.0,29.40877304513668,1.1443102352193262,1.08709472345836,0.3432930705657978,0.5149396058486967,3.947870311506676,2.116973935155753,0.2860775588048315,0.1144310235219326,0.4005085823267642,0.3432930705657978,0.5721551176096631,0.2860775588048315,0.1716465352828989,0.0,0.0,53.62318840579711,40.0,3
26238,Robin Koch,2025,D,78,Bundesliga,169,Eintracht Frankfurt,2835.0,32,6.974567901234568,91.77185600748014,3.0,1.0,13.0,5.0,2139.0,10.0,42.0,28.0,46.0,275.0,165.0,3.0,2.0,10.0,13.0,31.0,0.0,3,1,0.0952380952380952,0.0317460317460317,0.4126984126984127,0.1587301587301587,67.9047619047619,0.3174603174603174,1.3333333333333337,0.8888888888888888,1.4603174603174602,8.73015873015873,5.238095238095238,0.0952380952380952,0.0634920634920635,0.3174603174603174,0.4126984126984127,0.9841269841269842,0.0,0.0952380952380952,0.0317460317460317,38.46153846153847,60.0,66.66666666666666,0
26239,Lukas Kübler,2025,D,78,Bundesliga,160,SC Freiburg,1593.0,23,6.6601381042059,81.25984251968504,2.0,2.0,14.0,5.0,635.0,11.0,41.0,9.0,38.0,156.0,92.0,5.0,2.0,9.0,11.0,20.0,6.0,3,0,0.1129943502824858,0.1129943502824858,0.7909604519774011,0.2824858757062147,35.87570621468927,0.6214689265536724,2.3163841807909606,0.5084745762711864,2.1468926553672314,8.813559322033898,5.19774011299435,0.2824858757062147,0.1129943502824858,0.5084745762711864,0.6214689265536724,1.1299435028248588,0.3389830508474576,0.1694915254237288,0.0,35.714285714285715,58.97435897435898,40.0,2
26240,Philipp Lienhart,2025,D,78,Bundesliga,160,SC Freiburg,1305.0,20,6.955555555555556,90.3688524590164,1.0,0.0,8.0,2.0,977.0,5.0,18.0,8.0,15.0,92.0,60.0,5.0,3.0,6.0,8.0,7.0,2.0,4,1,0.0689655172413793,0.0,0.5517241379310345,0.1379310344827586,67.37931034482759,0.3448275862068965,1.2413793103448276,0.5517241379310345,1.0344827586206895,6.344827586206897,4.137931034482759,0.3448275862068965,0.2068965517241379,0.4137931034482758,0.5517241379310345,0.4827586206896551,0.1379310344827586,0.2758620689655172,0.0689655172413793,25.0,65.21739130434783,60.0,0
26242,Keven Schlotterbeck,2025,D,78,Bundesliga,170,FC Augsburg,2031.0,24,7.003545051698671,85.53719008264463,0.0,1.0,9.0,3.0,1210.0,12.0,40.0,23.0,33.0,211.0,136.0,12.0,10.0,9.0,20.0,26.0,1.0,7,1,0.0,0.0443131462333825,0.3988183161004431,0.1329394387001477,53.61890694239291,0.5317577548005908,1.7725258493353029,1.0192023633677991,1.4623338257016247,9.350073855243725,6.026587887740029,0.5317577548005908,0.4431314623338257,0.3988183161004431,0.8862629246676514,1.1521418020679468,0.0443131462333825,0.310192023633678,0.0443131462333825,33.33333333333333,64.45497630331754,83.33333333333334,2
26243,Nico Schlotterbeck,2025,D,78,Bundesliga,165,Borussia Dortmund,2520.0,28,7.696428571428571,88.26196473551637,5.0,1.0,21.0,9.0,1985.0,12.0,50.0,12.0,27.0,255.0,158.0,23.0,15.0,8.0,27.0,30.0,1.0,8,0,0.1785714285714285,0.0357142857142857,0.75,0.3214285714285714,70.89285714285714,0.4285714285714286,1.7857142857142856,0.4285714285714286,0.9642857142857144,9.107142857142858,5.642857142857142,0.8214285714285715,0.5357142857142857,0.2857142857142857,0.9642857142857144,1.0714285714285714,0.0357142857142857,0.2857142857142857,0.0,42.85714285714285,61.96078431372549,65.21739130434783,2
26300,Ozan Kabak,2025,D,78,Bundesliga,167,1899 Hoffenheim,1763.0,25,6.972830402722632,84.7173144876325,4.0,0.0,29.0,12.0,1132.0,8.0,20.0,14.0,25.0,247.0,149.0,10.0,6.0,5.0,8.0,27.0,0.0,5,0,0.2041973908111174,0.0,1.4804310833806011,0.6125921724333523,57.78786159954623,0.4083947816222348,1.020986954055587,0.7146908678389109,1.276233692569484,12.6091888825865,7.606352807714123,0.5104934770277935,0.3062960862166761,0.2552467385138967,0.4083947816222348,1.3783323879750426,0.0,0.2552467385138967,0.0,41.37931034482759,60.32388663967612,60.0,2
26301,Marc Kempf,2025,D,135,Serie A,895,Como,2323.0,34,7.039939681171909,89.27953890489914,4.0,1.0,17.0,6.0,1735.0,8.0,21.0,20.0,12.0,225.0,134.0,6.0,2.0,15.0,19.0,26.0,0.0,3,0,0.1549720189410245,0.0387430047352561,0.6586310804993543,0.2324580284115368,67.2191132156694,0.309944037882049,0.8136030994403788,0.7748600947051227,0.4649160568230736,8.71717606543263,5.191562634524321,0.2324580284115368,0.0774860094705122,0.581145071028842,0.7361170899698666,1.0073181231166597,0.0,0.1162290142057684,0.0,35.294117647058826,59.55555555555555,33.33333333333333,0
26302,Pablo Maffeo,2025,D,140,La Liga,798,Mallorca,2672.0,31,6.89434880239521,76.50214592274678,1.0,2.0,5.0,1.0,932.0,20.0,67.0,22.0,34.0,257.0,155.0,54.0,34.0,19.0,23.0,26.0,0.0,11,0,0.0336826347305389,0.0673652694610778,0.1684131736526946,0.0336826347305389,31.39221556886228,0.6736526946107785,2.256736526946108,0.7410179640718564,1.1452095808383234,8.656437125748504,5.220808383233533,1.8188622754491015,1.1452095808383234,0.6399700598802395,0.7747005988023953,0.875748502994012,0.0,0.3705089820359282,0.0,20.0,60.311284046692606,62.96296296296296,1
30399,Dávid Hancko,2025,D,140,La Liga,530,Atletico Madrid,2434.0,30,6.844293366295838,87.64665286404417,0.0,2.0,18.0,5.0,1449.0,13.0,43.0,11.0,19.0,179.0,97.0,15.0,8.0,20.0,4.0,15.0,2.0,2,0,0.0,0.0739523418241577,0.6655710764174199,0.1848808545603944,53.57847165160231,0.4806902218570255,1.589975349219392,0.4067378800328677,0.7025472473294988,6.61873459326212,3.586688578471652,0.5546425636811833,0.295809367296631,0.7395234182415777,0.1479046836483155,0.5546425636811833,0.0739523418241577,0.0739523418241577,0.0,27.77777777777778,54.18994413407822,53.333333333333336,3
30420,Enrico Delprato,2025,D,135,Serie A,523,Parma,2953.0,35,6.745479173721638,86.13595706618963,2.0,0.0,15.0,9.0,1118.0,7.0,36.0,22.0,24.0,161.0,85.0,9.0,5.0,17.0,10.0,16.0,6.0,5,0,0.0609549610565526,0.0,0.4571622079241449,0.2742973247544869,34.07382323061294,0.2133423636979343,1.0971892990179477,0.6705045716220792,0.7314595326786318,4.906874365052489,2.590585844903488,0.2742973247544869,0.1523874026413816,0.5181171689806976,0.3047748052827633,0.4876396884524213,0.1828648831696579,0.1523874026413816,0.0,60.0,52.79503105590062,55.55555555555556,0
30421,Berat Djimsiti,2025,D,135,Serie A,499,Atalanta,2533.0,34,6.914962495065141,90.36989795918367,0.0,0.0,12.0,2.0,1568.0,6.0,52.0,24.0,43.0,250.0,149.0,4.0,3.0,19.0,8.0,17.0,0.0,4,0,0.0,0.0,0.4263718910382945,0.0710619818397157,55.71259376233715,0.2131859455191472,1.8476115278326095,0.8527437820765891,1.5278326095538888,8.882747729964468,5.294117647058823,0.1421239636794315,0.1065929727595736,0.6750888274772997,0.284247927358863,0.6040268456375839,0.0,0.1421239636794315,0.0,16.666666666666664,59.6,75.0,0
30422,Robin Gosens,2025,D,135,Serie A,502,Fiorentina,1893.0,26,6.887744321183307,79.5103092783505,3.0,1.0,13.0,7.0,776.0,12.0,31.0,6.0,25.0,176.0,88.0,3.0,0.0,12.0,25.0,24.0,4.0,2,0,0.1426307448494453,0.0475435816164817,0.618066561014263,0.3328050713153724,36.89381933438985,0.5705229793977813,1.473851030110935,0.2852614896988906,1.1885895404120443,8.367670364500793,4.183835182250396,0.1426307448494453,0.0,0.5705229793977813,1.1885895404120443,1.1410459587955626,0.1901743264659271,0.0950871632329635,0.0,53.84615384615385,50.0,0.0,3
30425,Gianluca Mancini,2025,D,135,Serie A,497,AS Roma,3066.0,36,6.993998695368559,86.90115221346271,4.0,2.0,15.0,8.0,1649.0,22.0,52.0,14.0,49.0,336.0,188.0,6.0,4.0,17.0,42.0,71.0,5.0,9,0,0.1174168297455968,0.0587084148727984,0.4403131115459882,0.2348336594911937,48.40508806262231,0.6457925636007827,1.5264187866927592,0.410958904109589,1.4383561643835616,9.863013698630136,5.518590998043052,0.1761252446183953,0.1174168297455968,0.4990215264187866,1.2328767123287672,2.0841487279843443,0.146771037181996,0.2641878669275929,0.0,53.333333333333336,55.95238095238096,66.66666666666666,2
30469,Arturo Calabresi,2025,D,135,Serie A,801,Pisa,1516.0,26,6.540039577836411,82.23938223938224,0.0,0.0,2.0,1.0,518.0,4.0,20.0,13.0,18.0,146.0,62.0,9.0,2.0,20.0,25.0,33.0,1.0,8,0,0.0,0.0,0.1187335092348284,0.0593667546174142,30.751978891820578,0.2374670184696569,1.187335092348285,0.7717678100263852,1.0686015831134563,8.66754617414248,3.680738786279683,0.5343007915567282,0.1187335092348284,1.187335092348285,1.4841688654353562,1.9591029023746704,0.0593667546174142,0.4749340369393139,0.0,50.0,42.465753424657535,22.22222222222222,3
30497,Bremer,2025,D,135,Serie A,496,Juventus,2175.0,26,7.1240000000000006,89.50524737631184,4.0,3.0,20.0,9.0,1334.0,8.0,28.0,11.0,32.0,189.0,105.0,7.0,1.0,4.0,10.0,21.0,0.0,5,0,0.1655172413793103,0.1241379310344827,0.8275862068965517,0.3724137931034483,55.2,0.3310344827586207,1.1586206896551725,0.4551724137931034,1.3241379310344827,7.820689655172414,4.344827586206897,0.2896551724137931,0.0413793103448275,0.1655172413793103,0.4137931034482758,0.8689655172413794,0.0,0.2068965517241379,0.0,45.0,55.55555555555556,14.285714285714285,0
30554,Luca Pellegrini,2025,D,135,Serie A,487,Lazio,1476.0,24,6.703523035230353,80.12345679012346,1.0,0.0,7.0,5.0,810.0,16.0,27.0,10.0,17.0,131.0,56.0,24.0,10.0,12.0,12.0,26.0,0.0,8,0,0.0609756097560975,0.0,0.4268292682926829,0.3048780487804878,49.39024390243903,0.975609756097561,1.646341463414634,0.6097560975609756,1.0365853658536586,7.98780487804878,3.414634146341464,1.4634146341463417,0.6097560975609756,0.7317073170731708,0.7317073170731708,1.5853658536585364,0.0,0.4878048780487805,0.0,71.42857142857143,42.74809160305343,41.66666666666667,3
30776,Cristian Romero,2025,D,39,Premier League,47,Tottenham,1872.0,23,7.209081196581196,87.322695035461,4.0,1.0,15.0,6.0,1128.0,12.0,58.0,14.0,31.0,234.0,155.0,10.0,8.0,11.0,16.0,32.0,1.0,11,2,0.1923076923076923,0.048076923076923,0.721153846153846,0.2884615384615384,54.230769230769226,0.5769230769230769,2.7884615384615383,0.6730769230769231,1.4903846153846154,11.25,7.451923076923077,0.4807692307692308,0.3846153846153846,0.5288461538461539,0.7692307692307693,1.5384615384615383,0.048076923076923,0.5288461538461539,0.0961538461538461,40.0,66.23931623931624,80.0,2
30866,Manuel Lazzari,2025,D,135,Serie A,487,Lazio,957.0,23,6.564994775339602,85.64231738035264,0.0,0.0,3.0,2.0,397.0,2.0,13.0,1.0,6.0,88.0,44.0,22.0,10.0,3.0,19.0,10.0,0.0,2,0,0.0,0.0,0.2821316614420062,0.1880877742946708,37.33542319749216,0.1880877742946708,1.2225705329153604,0.0940438871473354,0.5642633228840125,8.275862068965518,4.137931034482759,2.0689655172413794,0.9404388714733544,0.2821316614420062,1.786833855799373,0.9404388714733544,0.0,0.1880877742946708,0.0,66.66666666666666,50.0,45.45454545454545,3
30919,Matteo Bianchetti,2025,D,135,Serie A,520,Cremonese,2197.0,27,6.776604460628128,83.63479758828596,0.0,2.0,6.0,1.0,1161.0,4.0,46.0,19.0,19.0,194.0,115.0,4.0,2.0,16.0,15.0,28.0,0.0,4,0,0.0,0.0819299044151115,0.2457897132453345,0.0409649522075557,47.56030951297224,0.163859808830223,1.884387801547565,0.7783340919435594,0.7783340919435594,7.947200728265817,4.710969503868912,0.163859808830223,0.0819299044151115,0.6554392353208921,0.6144742831133364,1.1470186618115612,0.0,0.163859808830223,0.0,16.666666666666664,59.27835051546392,50.0,2
31009,Alessandro Bastoni,2025,D,135,Serie A,505,Inter,2249.0,28,7.320809248554913,87.51351351351352,1.0,4.0,14.0,8.0,1850.0,25.0,51.0,6.0,23.0,219.0,129.0,10.0,6.0,10.0,20.0,45.0,0.0,6,0,0.0400177856825255,0.1600711427301022,0.5602489995553579,0.3201422854602045,74.03290351267229,1.0004446420631392,2.040907069808804,0.2401067140951533,0.920409070698088,8.763895064473099,5.162294353045798,0.4001778568252556,0.2401067140951533,0.4001778568252556,0.8003557136505113,1.8008003557136505,0.0,0.2401067140951533,0.0,57.14285714285714,58.9041095890411,60.0,2
31042,Giovanni Di Lorenzo,2025,D,135,Serie A,492,Napoli,2278.0,26,6.884196663740124,85.88957055214725,2.0,1.0,22.0,9.0,1467.0,16.0,45.0,9.0,9.0,198.0,111.0,21.0,8.0,12.0,23.0,33.0,1.0,1,0,0.0790166812993854,0.0395083406496927,0.8691834942932397,0.3555750658472344,57.95873573309921,0.6321334503950834,1.777875329236172,0.3555750658472344,0.3555750658472344,7.822651448639157,4.385425812115891,0.8296751536435469,0.3160667251975417,0.4741000877963125,0.9086918349429324,1.3037752414398596,0.0395083406496927,0.0395083406496927,0.0,40.909090909090914,56.060606060606055,38.095238095238095,3
31043,Kevin Diks,2025,D,78,Bundesliga,163,Borussia Mönchengladbach,2467.0,30,6.981597081475476,89.41469489414695,5.0,0.0,21.0,13.0,1606.0,8.0,43.0,17.0,24.0,191.0,124.0,12.0,10.0,11.0,22.0,15.0,0.0,6,0,0.1824077827320632,0.0,0.7661126874746657,0.4742602351033644,58.58937981353871,0.2918524523713012,1.5687069314957438,0.620186461289015,0.8755573571139036,6.967977300364815,4.523713011755168,0.4377786785569518,0.3648155654641264,0.4012971220105391,0.8025942440210783,0.5472233481961897,0.0,0.2188893392784759,0.0,61.90476190476191,64.92146596858639,83.33333333333334,0
31226,Alessandro Buongiorno,2025,D,135,Serie A,492,Napoli,2521.0,33,6.806981356604522,91.01731601731602,0.0,1.0,6.0,3.0,1848.0,3.0,33.0,12.0,40.0,237.0,134.0,5.0,1.0,12.0,26.0,50.0,1.0,3,0,0.0,0.0357001190003966,0.21420071400238,0.10710035700119,65.97381991273305,0.10710035700119,1.1781039270130902,0.42840142800476,1.4280047600158663,8.46092820309401,4.783815946053153,0.1785005950019833,0.0357001190003966,0.42840142800476,0.9282030940103132,1.7850059500198334,0.0357001190003966,0.10710035700119,0.0,50.0,56.540084388185655,20.0,2
31543,Antonino Gallo,2025,D,135,Serie A,867,Lecce,3058.0,37,6.779005886200131,70.60390763765541,0.0,4.0,5.0,1.0,1126.0,36.0,58.0,6.0,15.0,184.0,110.0,25.0,13.0,23.0,13.0,7.0,0.0,3,0,0.0,0.1177240026160889,0.1471550032701112,0.0294310006540222,33.13930673642904,1.0595160235448005,1.7069980379332896,0.1765860039241334,0.4414650098103335,5.415304120340092,3.237410071942446,0.7357750163505559,0.382603008502289,0.6769130150425114,0.382603008502289,0.2060170045781556,0.0,0.0882930019620667,0.0,20.0,59.78260869565217,52.0,3
31604,Antonio Caracciolo,2025,D,135,Serie A,801,Pisa,3074.0,35,6.615484710474951,84.25324675324676,2.0,0.0,20.0,6.0,1232.0,2.0,71.0,24.0,50.0,261.0,139.0,9.0,3.0,33.0,11.0,40.0,2.0,10,0,0.0585556278464541,0.0,0.5855562784645413,0.1756668835393623,36.070266753415744,0.0585556278464541,2.078724788549122,0.7026675341574495,1.4638906961613531,7.641509433962264,4.0696161353285625,0.2635003253090435,0.0878334417696811,0.9661678594664932,0.3220559531554977,1.1711125569290826,0.0585556278464541,0.2927781392322706,0.0,30.0,53.25670498084292,33.33333333333333,2
31642,Luca Ranieri,2025,D,135,Serie A,502,Fiorentina,2479.0,34,6.946489104116222,85.88652482269504,1.0,0.0,12.0,3.0,1411.0,7.0,34.0,13.0,24.0,191.0,114.0,15.0,6.0,8.0,27.0,22.0,3.0,8,1,0.036304961678096,0.0,0.435659540137152,0.108914885034288,51.22630092779347,0.254134731746672,1.234368697055264,0.4719645018152481,0.871319080274304,6.9342476805163376,4.138765631302945,0.5445744251714401,0.217829770068576,0.290439693424768,0.9802339653085922,0.7987091569181121,0.108914885034288,0.290439693424768,0.036304961678096,25.0,59.68586387434554,40.0,0
32887,Yukinari Sugawara,2025,D,78,Bundesliga,162,Werder Bremen,2432.0,31,6.655879934210526,79.83798379837984,0.0,6.0,21.0,11.0,1111.0,20.0,36.0,6.0,12.0,140.0,69.0,28.0,11.0,10.0,11.0,22.0,2.0,2,1,0.0,0.2220394736842105,0.777138157894737,0.4070723684210526,41.11430921052632,0.7401315789473684,1.332236842105263,0.2220394736842105,0.444078947368421,5.180921052631579,2.553453947368421,1.0361842105263157,0.4070723684210526,0.3700657894736842,0.4070723684210526,0.8141447368421053,0.0740131578947368,0.0740131578947368,0.0370065789473684,52.38095238095239,49.28571428571429,39.285714285714285,3
32893,Hiroki Itō,2025,D,78,Bundesliga,157,Bayern München,932.0,16,6.82843347639485,91.0891089108911,1.0,2.0,8.0,3.0,808.0,6.0,4.0,3.0,14.0,54.0,32.0,4.0,4.0,2.0,3.0,10.0,0.0,0,0,0.0965665236051502,0.1931330472103004,0.7725321888412017,0.2896995708154506,78.02575107296137,0.5793991416309013,0.3862660944206008,0.2896995708154506,1.351931330472103,5.214592274678111,3.0901287553648067,0.3862660944206008,0.3862660944206008,0.1931330472103004,0.2896995708154506,0.965665236051502,0.0,0.0,0.0,37.5,59.25925925925925,100.0,0
35544,Johan Vásquez,2025,D,135,Serie A,495,Genoa,3217.0,36,6.801212309605222,85.55667001003009,1.0,0.0,19.0,6.0,1994.0,9.0,59.0,28.0,45.0,323.0,185.0,17.0,8.0,18.0,46.0,23.0,1.0,2,0,0.027976375505129,0.0,0.5315511345974511,0.167858253030774,55.784892757227226,0.251787379546161,1.6506061548026112,0.783338514143612,1.258936897730805,9.036369288156669,5.175629468448865,0.475598383587193,0.223811004041032,0.5035747590923221,1.286913273235934,0.643456636617967,0.027976375505129,0.055952751010258,0.0,31.57894736842105,57.27554179566563,47.05882352941176,2
36922,Sepp van den Berg,2025,D,39,Premier League,55,Brentford,2761.0,32,6.796776530242666,88.53727144866386,0.0,2.0,20.0,7.0,1422.0,7.0,23.0,23.0,29.0,271.0,175.0,1.0,1.0,7.0,11.0,15.0,0.0,2,0,0.0,0.0651937703730532,0.6519377037305324,0.2281781963056863,46.35277073524085,0.2281781963056863,0.7497283592901123,0.7497283592901123,0.945309670409272,8.833755885548713,5.704454907642159,0.0325968851865266,0.0325968851865266,0.2281781963056863,0.3585657370517928,0.4889532777978993,0.0,0.0651937703730532,0.0,35.0,64.57564575645756,100.0,0
37117,Danilho Doekhi,2025,D,78,Bundesliga,182,Union Berlin,3060.0,34,6.758823529411765,77.34499205087441,5.0,0.0,40.0,11.0,1258.0,8.0,44.0,24.0,41.0,345.0,217.0,4.0,3.0,14.0,15.0,28.0,1.0,4,0,0.1470588235294117,0.0,1.1764705882352942,0.3235294117647058,37.0,0.2352941176470588,1.2941176470588234,0.7058823529411764,1.2058823529411764,10.147058823529411,6.38235294117647,0.1176470588235294,0.088235294117647,0.411764705882353,0.4411764705882353,0.823529411764706,0.0294117647058823,0.1176470588235294,0.0,27.500000000000004,62.89855072463768,75.0,2
37143,Lutsharel Geertruida,2025,D,39,Premier League,746,Sunderland,1702.0,28,6.845593419506463,86.25336927223721,0.0,0.0,7.0,3.0,743.0,8.0,37.0,10.0,19.0,112.0,63.0,12.0,7.0,12.0,7.0,15.0,1.0,2,0,0.0,0.0,0.3701527614571093,0.1586368977673325,39.289071680376026,0.4230317273795534,1.9565217391304348,0.5287896592244419,1.0047003525264395,5.922444183313749,3.331374853113984,0.6345475910693302,0.3701527614571093,0.6345475910693302,0.3701527614571093,0.7931844888366627,0.0528789659224441,0.1057579318448883,0.0,42.85714285714285,56.25,58.333333333333336,3
37604,Sam Beukema,2025,D,135,Serie A,492,Napoli,1686.0,24,6.827596439169139,91.399416909621,2.0,0.0,8.0,4.0,1372.0,6.0,19.0,11.0,14.0,117.0,57.0,3.0,2.0,9.0,5.0,19.0,1.0,2,0,0.1067615658362989,0.0,0.4270462633451957,0.2135231316725978,73.23843416370107,0.3202846975088967,1.0142348754448398,0.5871886120996441,0.7473309608540925,6.245551601423488,3.04270462633452,0.1601423487544483,0.1067615658362989,0.4804270462633452,0.2669039145907473,1.0142348754448398,0.0533807829181494,0.1067615658362989,0.0,50.0,48.71794871794872,66.66666666666666,0
37651,Jay Idzes,2025,D,135,Serie A,488,Sassuolo,3063.0,35,6.713059092393078,90.11997177134792,0.0,0.0,3.0,0.0,1417.0,3.0,28.0,23.0,42.0,198.0,100.0,7.0,6.0,9.0,14.0,33.0,1.0,2,0,0.0,0.0,0.0881488736532811,0.0,41.6356513222331,0.0881488736532811,0.8227228207639569,0.6758080313418218,1.2340842311459357,5.817825661116552,2.9382957884427032,0.2056807051909892,0.1762977473065622,0.2644466209598433,0.4113614103819784,0.969637610186092,0.029382957884427,0.058765915768854,0.0,0.0,50.505050505050505,85.71428571428571,0
38112,Jeff Chabot,2025,D,78,Bundesliga,172,VfB Stuttgart,2296.0,27,7.15352787456446,88.77314814814815,0.0,0.0,16.0,7.0,1728.0,7.0,33.0,15.0,36.0,304.0,203.0,7.0,4.0,6.0,40.0,35.0,0.0,3,0,0.0,0.0,0.627177700348432,0.274390243902439,67.73519163763066,0.274390243902439,1.293554006968641,0.587979094076655,1.411149825783972,11.916376306620208,7.9573170731707314,0.274390243902439,0.156794425087108,0.235191637630662,1.56794425087108,1.371951219512195,0.0,0.117595818815331,0.0,43.75,66.77631578947368,57.14285714285714,2
38695,Jan Paul van Hecke,2025,D,39,Premier League,51,Brighton,3211.0,36,7.267175334786671,87.14285714285714,3.0,3.0,16.0,10.0,2520.0,13.0,53.0,28.0,46.0,341.0,208.0,5.0,3.0,21.0,43.0,27.0,4.0,9,0,0.0840859545312986,0.0840859545312986,0.4484584241669262,0.2802865151043289,70.63220180629088,0.3643724696356275,1.485518530052943,0.7848022422921208,1.2893179694799128,9.557770165057615,5.82995951417004,0.1401432575521644,0.0840859545312986,0.5886016817190907,1.2052320149486142,0.756773590781688,0.1121146060417315,0.252257863593896,0.0,62.5,60.99706744868036,60.0,0
38734,Sven Botman,2025,D,39,Premier League,34,Newcastle,1838.0,25,7.0815904139433545,87.14285714285714,1.0,1.0,11.0,4.0,1190.0,8.0,22.0,26.0,27.0,199.0,131.0,4.0,4.0,3.0,19.0,13.0,1.0,2,0,0.0489662676822633,0.0489662676822633,0.5386289445048966,0.1958650707290533,58.26985854189336,0.3917301414581066,1.0772578890097932,1.2731229597388465,1.32208922742111,9.744287268770403,6.414581066376496,0.1958650707290533,0.1958650707290533,0.1468988030467899,0.9303590859630032,0.6365614798694232,0.0489662676822633,0.0979325353645266,0.0,36.36363636363637,65.82914572864321,100.0,0
38746,Jurriën Timber,2025,D,39,Premier League,42,Arsenal,2457.0,30,6.914570614570614,85.25345622119815,3.0,5.0,22.0,7.0,1085.0,27.0,66.0,6.0,24.0,257.0,147.0,33.0,13.0,9.0,29.0,38.0,0.0,5,0,0.1098901098901098,0.1831501831501831,0.8058608058608059,0.2564102564102564,39.74358974358975,0.989010989010989,2.417582417582418,0.2197802197802197,0.8791208791208791,9.413919413919414,5.384615384615385,1.208791208791209,0.4761904761904761,0.3296703296703296,1.0622710622710625,1.391941391941392,0.0,0.1831501831501831,0.0,31.818181818181817,57.19844357976653,39.39393939393939,1
39254,Torbjørn Heggem,2025,D,135,Serie A,500,Bologna,2113.0,27,6.699290108849977,91.72240802675586,0.0,0.0,8.0,2.0,1196.0,3.0,32.0,8.0,24.0,180.0,89.0,10.0,8.0,9.0,12.0,31.0,0.0,0,1,0.0,0.0,0.3407477520113582,0.0851869380028395,50.94178892569806,0.1277804070042593,1.362991008045433,0.3407477520113582,1.0222432560340748,7.666824420255561,3.790818741126361,0.4259346900141978,0.3407477520113582,0.383341221012778,0.5111216280170374,1.3203975390440132,0.0,0.0,0.0425934690014197,25.0,49.44444444444444,80.0,0
40274,Adam Dźwigała,2025,D,78,Bundesliga,186,FC St. Pauli,1295.0,19,6.713513513513515,80.96,1.0,1.0,4.0,2.0,625.0,5.0,46.0,5.0,23.0,151.0,86.0,4.0,3.0,11.0,6.0,20.0,0.0,5,0,0.0694980694980695,0.0694980694980695,0.277992277992278,0.138996138996139,43.43629343629343,0.3474903474903475,3.1969111969111967,0.3474903474903475,1.5984555984555984,10.494208494208491,5.976833976833976,0.277992277992278,0.2084942084942085,0.7644787644787645,0.416988416988417,1.38996138996139,0.0,0.3474903474903475,0.0,50.0,56.95364238410596,75.0,2
40582,Sebastian Walukiewicz,2025,D,135,Serie A,488,Sassuolo,2855.0,34,6.746374781085815,85.54119547657511,0.0,1.0,4.0,0.0,1238.0,21.0,50.0,10.0,25.0,213.0,110.0,36.0,21.0,12.0,13.0,35.0,1.0,7,0,0.0,0.031523642732049,0.1260945709281961,0.0,39.02626970227671,0.6619964973730298,1.5761821366024518,0.3152364273204904,0.7880910683012259,6.714535901926445,3.467600700525394,1.1348511383537652,0.6619964973730298,0.3782837127845885,0.4098073555166374,1.1033274956217165,0.031523642732049,0.2206654991243432,0.0,0.0,51.64319248826291,58.333333333333336,3
41144,Dodô,2025,D,135,Serie A,502,Fiorentina,3139.0,36,6.986811086333227,83.57142857142857,1.0,2.0,20.0,4.0,1400.0,51.0,29.0,3.0,30.0,257.0,145.0,85.0,46.0,18.0,53.0,22.0,2.0,7,0,0.0286715514495062,0.0573431028990124,0.5734310289901243,0.1146862057980248,40.1401720293087,1.462249123924817,0.8314749920356801,0.0860146543485186,0.8601465434851864,7.368588722523097,4.157374960178401,2.437081873208028,1.3188913666772857,0.5160879260911118,1.519592226823829,0.6307741318891367,0.0573431028990124,0.2007008601465435,0.0,20.0,56.42023346303502,54.11764705882353,3
41150,Edmond Tapsoba,2025,D,78,Bundesliga,168,Bayer Leverkusen,2576.0,29,7.200776397515528,90.95060190950602,5.0,3.0,23.0,10.0,2409.0,11.0,31.0,19.0,20.0,202.0,111.0,14.0,8.0,7.0,2.0,31.0,2.0,7,0,0.1746894409937888,0.1048136645962733,0.8035714285714285,0.3493788819875776,84.16537267080746,0.3843167701863354,1.083074534161491,0.6638198757763976,0.6987577639751553,7.057453416149068,3.878105590062112,0.4891304347826087,0.2795031055900621,0.2445652173913043,0.0698757763975155,1.083074534161491,0.0698757763975155,0.2445652173913043,0.0,43.47826086956522,54.95049504950495,57.14285714285714,0
41577,Nuno Tavares,2025,D,135,Serie A,487,Lazio,1493.0,23,6.933288680509042,86.36871508379889,0.0,0.0,10.0,1.0,895.0,21.0,30.0,1.0,18.0,154.0,86.0,39.0,23.0,13.0,22.0,20.0,6.0,5,0,0.0,0.0,0.6028131279303416,0.0602813127930341,53.95177494976558,1.2659075686537171,1.8084393837910249,0.0602813127930341,1.0850636302746148,9.28332217012726,5.184192900200937,2.3509711989283324,1.3864701942397857,0.7836570663094441,1.3261888814467515,1.2056262558606832,0.3616878767582049,0.3014065639651708,0.0,10.0,55.84415584415584,58.97435897435898,1
41606,Toti Gomes,2025,D,39,Premier League,39,Wolves,1427.0,19,6.579943899018232,86.15196078431373,0.0,0.0,4.0,2.0,816.0,6.0,23.0,12.0,14.0,109.0,68.0,12.0,10.0,4.0,11.0,11.0,0.0,2,1,0.0,0.0,0.2522775052557813,0.1261387526278906,51.4646110721794,0.378416257883672,1.4505956552207429,0.7568325157673441,0.8829712683952348,6.8745620182200415,4.288717589348283,0.7568325157673441,0.6306937631394534,0.2522775052557813,0.6937631394533987,0.6937631394533987,0.0,0.1261387526278906,0.0630693763139453,50.0,62.38532110091744,83.33333333333334,0
41621,Matheus Nunes,2025,D,39,Premier League,50,Manchester City,2865.0,34,6.988272251308901,89.09006499535748,1.0,5.0,6.0,2.0,2154.0,28.0,58.0,8.0,30.0,268.0,158.0,57.0,28.0,21.0,30.0,17.0,4.0,5,0,0.031413612565445,0.1570680628272251,0.1884816753926702,0.06282722513089,67.66492146596859,0.8795811518324608,1.8219895287958117,0.2513089005235602,0.9424083769633508,8.418848167539267,4.963350785340314,1.7905759162303665,0.8795811518324608,0.6596858638743456,0.9424083769633508,0.5340314136125655,0.1256544502617801,0.1570680628272251,0.0,33.33333333333333,58.95522388059702,49.122807017543856,3
41734,João Mário,2025,D,135,Serie A,500,Bologna,1008.0,20,6.947964250248262,78.45528455284553,1.0,0.0,3.0,2.0,492.0,8.0,14.0,3.0,13.0,116.0,66.0,32.0,15.0,10.0,31.0,10.0,0.0,2,0,0.0892857142857142,0.0,0.2678571428571428,0.1785714285714285,43.92857142857143,0.7142857142857142,1.25,0.2678571428571428,1.1607142857142856,10.357142857142856,5.892857142857143,2.8571428571428568,1.3392857142857142,0.8928571428571428,2.767857142857143,0.8928571428571428,0.0,0.1785714285714285,0.0,66.66666666666666,56.896551724137936,46.875,1
41964,Zé Pedro,2025,D,135,Serie A,490,Cagliari,1713.0,23,6.626328079392878,86.89727463312369,0.0,1.0,6.0,0.0,954.0,3.0,31.0,13.0,20.0,145.0,68.0,7.0,5.0,22.0,15.0,29.0,0.0,6,0,0.0,0.052539404553415,0.3152364273204904,0.0,50.12259194395797,0.1576182136602452,1.6287215411558669,0.6830122591943958,1.0507880910683012,7.618213660245184,3.5726795096322244,0.3677758318739054,0.2626970227670753,1.1558669001751314,0.7880910683012259,1.5236427320490369,0.0,0.3152364273204904,0.0,0.0,46.89655172413793,71.42857142857143,2
41970,David Carmo,2025,D,140,La Liga,718,Oviedo,1787.0,22,6.822104085058757,82.3992133726647,1.0,0.0,8.0,3.0,1017.0,7.0,34.0,18.0,21.0,163.0,101.0,3.0,2.0,12.0,4.0,20.0,0.0,8,1,0.0503637381085618,0.0,0.4029099048684947,0.1510912143256855,51.21992165640739,0.3525461667599328,1.7123670956911026,0.906547285954113,1.0576385002797986,8.20928931169558,5.086737548964746,0.1510912143256855,0.1007274762171236,0.604364857302742,0.2014549524342473,1.0072747621712366,0.0,0.4029099048684947,0.0503637381085618,37.5,61.96319018404908,66.66666666666666,2
45826,Strahinja Pavlović,2025,D,135,Serie A,489,AC Milan,2870.0,34,7.08822299651568,90.81081081081082,5.0,1.0,21.0,6.0,1850.0,16.0,54.0,14.0,20.0,294.0,168.0,32.0,17.0,16.0,27.0,30.0,4.0,4,0,0.156794425087108,0.0313588850174216,0.6585365853658537,0.1881533101045296,58.01393728222997,0.5017421602787456,1.6933797909407666,0.4390243902439024,0.627177700348432,9.21951219512195,5.2682926829268295,1.0034843205574913,0.5331010452961673,0.5017421602787456,0.8466898954703833,0.940766550522648,0.1254355400696864,0.1254355400696864,0.0,28.57142857142857,57.14285714285714,53.125,2
46657,Nacho Vidal,2025,D,140,La Liga,718,Oviedo,2277.0,29,6.622749231444883,81.2431842966194,0.0,0.0,11.0,3.0,917.0,7.0,44.0,7.0,31.0,196.0,105.0,31.0,14.0,21.0,27.0,24.0,1.0,4,0,0.0,0.0,0.4347826086956521,0.1185770750988142,36.24505928853755,0.2766798418972332,1.7391304347826086,0.2766798418972332,1.225296442687747,7.747035573122529,4.150197628458498,1.225296442687747,0.5533596837944664,0.8300395256916996,1.067193675889328,0.948616600790514,0.0395256916996047,0.1581027667984189,0.0,27.27272727272727,53.57142857142857,45.16129032258064,3
46733,Antonio Raíllo,2025,D,140,La Liga,798,Mallorca,2070.0,24,6.958840579710144,88.44133099824869,0.0,1.0,12.0,1.0,1142.0,7.0,25.0,34.0,16.0,182.0,115.0,0.0,0.0,3.0,15.0,23.0,1.0,4,0,0.0,0.0434782608695652,0.5217391304347826,0.0434782608695652,49.65217391304348,0.3043478260869565,1.0869565217391304,1.4782608695652175,0.6956521739130435,7.913043478260869,5.0,0.0,0.0,0.1304347826086956,0.6521739130434783,1.0,0.0434782608695652,0.1739130434782608,0.0,8.333333333333332,63.18681318681318,,0
46738,Martin Valjent,2025,D,140,La Liga,798,Mallorca,3309.0,37,6.657116953762467,87.15647784632642,0.0,0.0,12.0,8.0,1783.0,3.0,50.0,15.0,24.0,213.0,122.0,6.0,4.0,10.0,11.0,36.0,0.0,6,0,0.0,0.0,0.3263825929283771,0.2175883952855847,48.4950135992747,0.0815956482320942,1.3599274705349047,0.4079782411604714,0.6527651858567542,5.793291024478695,3.318223028105168,0.1631912964641885,0.1087941976427923,0.271985494106981,0.2991840435176791,0.9791477787851316,0.0,0.1631912964641885,0.0,66.66666666666666,57.27699530516433,66.66666666666666,0
46759,Pacha,2025,D,140,La Liga,728,Rayo Vallecano,1493.0,30,6.901408450704224,71.42857142857143,2.0,0.0,15.0,9.0,589.0,19.0,52.0,5.0,15.0,213.0,117.0,29.0,17.0,34.0,30.0,24.0,10.0,3,0,0.1205626255860683,0.0,0.9042196918955124,0.5425318151373074,35.50569323509712,1.145344943067649,3.1346282652377764,0.3014065639651708,0.9042196918955124,12.839919624916275,7.052913596784996,1.7481580709979907,1.0247823174815809,2.0495646349631613,1.8084393837910249,1.4467515070328196,0.6028131279303416,0.1808439383791024,0.0,60.0,54.929577464788736,58.620689655172406,1
46795,Domingos Duarte,2025,D,140,La Liga,546,Getafe,2928.0,34,6.663900273224044,76.55555555555556,1.0,1.0,12.0,4.0,900.0,2.0,33.0,16.0,34.0,237.0,134.0,1.0,0.0,9.0,24.0,32.0,3.0,12,0,0.0307377049180327,0.0307377049180327,0.3688524590163934,0.1229508196721311,27.66393442622951,0.0614754098360655,1.014344262295082,0.4918032786885246,1.0450819672131149,7.284836065573771,4.118852459016393,0.0307377049180327,0.0,0.2766393442622951,0.7377049180327869,0.9836065573770492,0.0922131147540983,0.3688524590163934,0.0,33.33333333333333,56.540084388185655,0.0,3
46813,Abdel Abqar,2025,D,140,La Liga,546,Getafe,1440.0,23,6.782140375260599,72.27272727272728,0.0,2.0,6.0,1.0,440.0,4.0,39.0,8.0,21.0,160.0,99.0,7.0,2.0,7.0,36.0,29.0,1.0,10,1,0.0,0.125,0.375,0.0625,27.500000000000004,0.25,2.4375,0.5,1.3125,10.0,6.187500000000001,0.4375,0.125,0.4375,2.25,1.8125,0.0625,0.625,0.0625,16.666666666666664,61.875,28.57142857142857,2
46815,Pau Torres,2025,D,39,Premier League,66,Aston Villa,1676.0,21,6.922374701670646,89.03170522707798,0.0,0.0,8.0,1.0,1167.0,1.0,22.0,18.0,11.0,106.0,59.0,11.0,7.0,9.0,5.0,7.0,0.0,1,0,0.0,0.0,0.4295942720763723,0.0536992840095465,62.667064439140816,0.0536992840095465,1.181384248210024,0.9665871121718376,0.5906921241050119,5.692124105011933,3.168257756563246,0.5906921241050119,0.3758949880668257,0.4832935560859188,0.2684964200477326,0.3758949880668257,0.0,0.0536992840095465,0.0,12.5,55.66037735849056,63.63636363636363,0
46941,Unai Elgezabal,2025,D,140,La Liga,539,Levante,958.0,12,6.582254697286013,85.08557457212714,1.0,0.0,3.0,1.0,409.0,2.0,8.0,16.0,3.0,75.0,45.0,0.0,0.0,7.0,6.0,11.0,0.0,2,0,0.0939457202505219,0.0,0.2818371607515658,0.0939457202505219,38.42379958246347,0.1878914405010438,0.7515657620041752,1.5031315240083505,0.2818371607515658,7.045929018789144,4.227557411273486,0.0,0.0,0.6576200417536534,0.5636743215031316,1.033402922755741,0.0,0.1878914405010438,0.0,33.33333333333333,60.0,,0
46966,Dani Calvo,2025,D,140,La Liga,718,Oviedo,1617.0,20,7.033642547928262,90.5972045743329,0.0,0.0,3.0,0.0,787.0,2.0,27.0,27.0,11.0,112.0,76.0,2.0,1.0,2.0,6.0,11.0,1.0,3,0,0.0,0.0,0.1669758812615955,0.0,43.80333951762523,0.111317254174397,1.50278293135436,1.50278293135436,0.6122448979591837,6.233766233766234,4.230055658627087,0.111317254174397,0.0556586270871985,0.111317254174397,0.3339517625231911,0.6122448979591837,0.0556586270871985,0.1669758812615955,0.0,0.0,67.85714285714286,50.0,0
47119,Aitor Ruibal,2025,D,140,La Liga,543,Real Betis,1814.0,27,6.879051819184123,82.52148997134671,4.0,2.0,22.0,12.0,698.0,19.0,45.0,3.0,20.0,194.0,90.0,31.0,14.0,28.0,25.0,32.0,1.0,6,1,0.1984564498346196,0.0992282249173098,1.091510474090408,0.5953693495038589,34.63065049614112,0.9426681367144432,2.232635060639471,0.1488423373759647,0.992282249173098,9.625137816979052,4.465270121278942,1.538037486218302,0.6945975744211687,1.3891951488423373,1.2403528114663729,1.587651598676957,0.0496141124586549,0.2976846747519294,0.0496141124586549,54.54545454545454,46.39175257731959,45.16129032258064,1
47249,Leandro Cabrera,2025,D,140,La Liga,540,Espanyol,3330.0,37,6.783783783783784,80.30403172504957,3.0,0.0,28.0,12.0,1513.0,11.0,36.0,28.0,26.0,272.0,156.0,8.0,6.0,20.0,9.0,37.0,1.0,4,0,0.081081081081081,0.0,0.7567567567567568,0.3243243243243243,40.89189189189189,0.2972972972972972,0.972972972972973,0.7567567567567568,0.7027027027027026,7.351351351351351,4.216216216216217,0.2162162162162162,0.1621621621621621,0.5405405405405406,0.2432432432432432,1.0,0.027027027027027,0.1081081081081081,0.0,42.85714285714285,57.35294117647059,75.0,0
47250,Djené,2025,D,140,La Liga,546,Getafe,2585.0,34,6.698104448742745,78.74213836477988,0.0,0.0,2.0,0.0,795.0,2.0,35.0,10.0,37.0,197.0,112.0,9.0,8.0,10.0,26.0,35.0,0.0,10,2,0.0,0.0,0.06963249516441,0.0,27.678916827853,0.06963249516441,1.218568665377176,0.3481624758220503,1.288201160541586,6.858800773694391,3.8994197292069632,0.3133462282398452,0.2785299806576402,0.3481624758220503,0.9052224371373307,1.218568665377176,0.0,0.3481624758220503,0.06963249516441,0.0,56.8527918781726,88.88888888888889,0
47251,Dimitri Foulquier,2025,D,140,La Liga,532,Valencia,1157.0,15,6.362921348314607,84.77842003853564,0.0,0.0,5.0,1.0,519.0,6.0,15.0,1.0,8.0,91.0,43.0,20.0,10.0,3.0,7.0,16.0,0.0,1,0,0.0,0.0,0.3889369057908384,0.0777873811581676,40.37165082108902,0.466724286949006,1.166810717372515,0.0777873811581676,0.6222990492653414,7.078651685393258,3.34485738980121,1.5557476231633536,0.7778738115816768,0.233362143474503,0.5445116681071738,1.2445980985306828,0.0,0.0777873811581676,0.0,20.0,47.25274725274725,50.0,3
47254,Mathías Olivera,2025,D,135,Serie A,492,Napoli,1368.0,25,6.8823830409356725,91.03260869565216,0.0,0.0,8.0,3.0,1104.0,10.0,42.0,5.0,15.0,141.0,88.0,5.0,2.0,6.0,10.0,17.0,0.0,3,0,0.0,0.0,0.5263157894736842,0.1973684210526315,72.63157894736841,0.6578947368421052,2.763157894736842,0.3289473684210526,0.986842105263158,9.276315789473683,5.789473684210526,0.3289473684210526,0.131578947368421,0.3947368421052631,0.6578947368421052,1.118421052631579,0.0,0.1973684210526315,0.0,37.5,62.4113475177305,40.0,2
47273,Yuri Berchiche,2025,D,140,La Liga,531,Athletic Club,2709.0,32,7.057918050941307,87.52542372881355,0.0,6.0,19.0,5.0,1475.0,30.0,43.0,3.0,35.0,238.0,144.0,21.0,10.0,13.0,34.0,26.0,3.0,5,0,0.0,0.1993355481727574,0.6312292358803987,0.1661129568106312,49.00332225913621,0.9966777408637876,1.4285714285714284,0.0996677740863787,1.1627906976744184,7.906976744186046,4.78405315614618,0.6976744186046512,0.3322259136212624,0.4318936877076412,1.1295681063122924,0.8637873754152824,0.0996677740863787,0.1661129568106312,0.0,26.31578947368421,60.50420168067227,47.61904761904761,3
47277,Unai Núñez,2025,D,135,Serie A,532,Valencia,2186.0,30,6.645333943275388,81.31313131313132,0.0,0.0,11.0,2.0,990.0,7.0,48.0,18.0,34.0,219.0,114.0,14.0,9.0,13.0,17.0,39.0,0.0,8,0,0.0,0.0,0.4528819762122598,0.0823421774931381,40.75937785910339,0.2881976212259835,1.976212259835316,0.7410795974382433,1.3998170173833486,9.016468435498629,4.6935041171088745,0.576395242451967,0.3705397987191216,0.535224153705398,0.6999085086916743,1.605672461116194,0.0,0.3293687099725526,0.0,18.181818181818183,52.05479452054794,64.28571428571429,2
47278,Dani Vivian,2025,D,140,La Liga,531,Athletic Club,2563.0,31,6.663051111978152,85.60830860534125,1.0,0.0,13.0,6.0,1349.0,6.0,55.0,13.0,32.0,220.0,107.0,6.0,5.0,23.0,17.0,38.0,1.0,8,1,0.0351150994927818,0.0,0.4564962934061646,0.2106905969566913,47.37026921576278,0.2106905969566913,1.931330472103004,0.4564962934061646,1.1236831837690209,7.725321888412017,3.757315645727663,0.2106905969566913,0.1755754974639094,0.8076472883339836,0.5969566913772922,1.334373780725712,0.0351150994927818,0.2809207959422551,0.0351150994927818,46.15384615384615,48.63636363636364,83.33333333333334,2
47299,Andoni Gorosabel,2025,D,140,La Liga,531,Athletic Club,1359.0,24,6.5727005150846205,85.76576576576576,0.0,1.0,5.0,1.0,555.0,16.0,37.0,2.0,16.0,133.0,74.0,20.0,12.0,16.0,12.0,13.0,0.0,3,0,0.0,0.0662251655629139,0.3311258278145695,0.0662251655629139,36.75496688741722,1.0596026490066226,2.450331125827814,0.1324503311258278,1.0596026490066226,8.80794701986755,4.900662251655629,1.3245033112582782,0.7947019867549668,1.0596026490066226,0.7947019867549668,0.8609271523178809,0.0,0.1986754966887417,0.0,20.0,55.639097744360896,60.0,1
47301,Robin Le Normand,2025,D,140,La Liga,530,Atletico Madrid,1789.0,28,6.923085522638346,89.4937917860554,1.0,1.0,4.0,1.0,1047.0,2.0,35.0,7.0,20.0,158.0,99.0,4.0,1.0,8.0,14.0,22.0,1.0,5,0,0.0503074343208496,0.0503074343208496,0.2012297372833985,0.0503074343208496,52.67188373392957,0.1006148686416992,1.7607602012297374,0.3521520402459474,1.0061486864169926,7.948574622694243,4.980435997764114,0.2012297372833985,0.0503074343208496,0.4024594745667971,0.7043040804918949,1.106763555058692,0.0503074343208496,0.2515371716042481,0.0,25.0,62.65822784810127,25.0,0
47302,Diego Llorente,2025,D,140,La Liga,543,Real Betis,1226.0,18,7.071616078753076,90.41095890410958,1.0,0.0,4.0,3.0,730.0,1.0,28.0,10.0,27.0,117.0,72.0,2.0,1.0,5.0,13.0,13.0,0.0,5,0,0.0734094616639478,0.0,0.2936378466557912,0.2202283849918433,53.58890701468189,0.0734094616639478,2.0554649265905383,0.734094616639478,1.9820554649265905,8.588907014681892,5.285481239804241,0.1468189233278956,0.0734094616639478,0.367047308319739,0.9543230016313214,0.9543230016313214,0.0,0.367047308319739,0.0,75.0,61.53846153846154,50.0,2
47314,Igor Zubeldia,2025,D,140,La Liga,548,Real Sociedad,2088.0,25,6.6387931034482754,88.11795316565481,0.0,1.0,4.0,1.0,1153.0,5.0,37.0,13.0,22.0,192.0,88.0,4.0,1.0,7.0,5.0,38.0,0.0,9,0,0.0,0.043103448275862,0.1724137931034482,0.043103448275862,49.69827586206897,0.2155172413793103,1.5948275862068966,0.5603448275862069,0.9482758620689656,8.275862068965518,3.793103448275862,0.1724137931034482,0.043103448275862,0.3017241379310345,0.2155172413793103,1.637931034482759,0.0,0.3879310344827586,0.0,25.0,45.83333333333333,25.0,2
47329,Adrià Pedrosa,2025,D,140,La Liga,797,Elche,1092.0,27,6.432905591200734,83.8479809976247,1.0,1.0,7.0,3.0,421.0,23.0,34.0,2.0,15.0,129.0,55.0,28.0,5.0,12.0,9.0,18.0,1.0,4,0,0.0824175824175824,0.0824175824175824,0.5769230769230769,0.2472527472527472,34.6978021978022,1.895604395604396,2.802197802197802,0.1648351648351648,1.2362637362637363,10.631868131868131,4.532967032967033,2.3076923076923075,0.4120879120879121,0.989010989010989,0.7417582417582418,1.4835164835164836,0.0824175824175824,0.3296703296703296,0.0,42.85714285714285,42.63565891472868,17.857142857142858,1
47378,Pedro Bigas,2025,D,140,La Liga,797,Elche,2068.0,28,6.96972920696325,88.68928809048569,1.0,3.0,8.0,3.0,1503.0,15.0,34.0,19.0,30.0,181.0,106.0,8.0,4.0,18.0,19.0,24.0,0.0,5,1,0.0435203094777562,0.1305609284332688,0.3481624758220503,0.1305609284332688,65.4110251450677,0.6528046421663443,1.4796905222437136,0.8268858800773695,1.3056092843326883,7.877176015473887,4.613152804642167,0.3481624758220503,0.1740812379110251,0.7833655705996132,0.8268858800773695,1.0444874274661509,0.0,0.2176015473887814,0.0435203094777562,37.5,58.5635359116022,50.0,0
47380,Marc Cucurella,2025,D,39,Premier League,49,Chelsea,2710.0,34,6.720405904059041,87.75086505190312,1.0,4.0,14.0,6.0,1445.0,39.0,55.0,8.0,32.0,228.0,120.0,3.0,1.0,22.0,29.0,45.0,5.0,8,1,0.033210332103321,0.1328413284132841,0.4649446494464945,0.1992619926199262,47.988929889298895,1.2952029520295203,1.8265682656826567,0.2656826568265683,1.062730627306273,7.571955719557195,3.985239852398524,0.0996309963099631,0.033210332103321,0.7306273062730627,0.96309963099631,1.4944649446494465,0.1660516605166051,0.2656826568265683,0.033210332103321,42.85714285714285,52.63157894736842,33.33333333333333,3
47429,David Costas,2025,D,140,La Liga,718,Oviedo,2075.0,25,6.807036144578313,88.8780487804878,1.0,0.0,5.0,1.0,1025.0,5.0,26.0,18.0,27.0,146.0,90.0,9.0,7.0,9.0,10.0,16.0,3.0,3,0,0.0433734939759036,0.0,0.2168674698795181,0.0433734939759036,44.4578313253012,0.2168674698795181,1.127710843373494,0.7807228915662651,1.1710843373493975,6.332530120481927,3.903614457831325,0.3903614457831325,0.3036144578313253,0.3903614457831325,0.4337349397590362,0.6939759036144578,0.1301204819277108,0.1301204819277108,0.0,20.0,61.64383561643836,77.77777777777779,0
47478,Fernando Calero,2025,D,140,La Liga,540,Espanyol,2150.0,28,6.870976744186047,88.70703764320785,0.0,0.0,11.0,1.0,1222.0,3.0,29.0,31.0,29.0,150.0,76.0,7.0,2.0,7.0,9.0,15.0,0.0,5,0,0.0,0.0,0.4604651162790697,0.041860465116279,51.15348837209303,0.1255813953488372,1.213953488372093,1.2976744186046512,1.213953488372093,6.27906976744186,3.181395348837209,0.2930232558139535,0.0837209302325581,0.2930232558139535,0.3767441860465116,0.627906976744186,0.0,0.2093023255813953,0.0,9.090909090909092,50.66666666666667,28.57142857142857,0
47480,Mohammed Salisu,2025,D,61,Ligue 1,91,Monaco,1080.0,12,7.008333333333334,87.5,1.0,0.0,6.0,2.0,816.0,2.0,25.0,21.0,17.0,118.0,68.0,2.0,2.0,12.0,3.0,17.0,4.0,3,0,0.0833333333333333,0.0,0.5,0.1666666666666666,68.0,0.1666666666666666,2.083333333333333,1.75,1.4166666666666663,9.833333333333334,5.666666666666666,0.1666666666666666,0.1666666666666666,1.0,0.25,1.4166666666666663,0.3333333333333333,0.25,0.0,33.33333333333333,57.6271186440678,100.0,2
47519,Pedro Porro,2025,D,39,Premier League,47,Tottenham,2798.0,34,6.920335954253037,74.88087134104833,1.0,2.0,23.0,8.0,1469.0,56.0,75.0,10.0,30.0,269.0,139.0,45.0,19.0,38.0,26.0,32.0,1.0,10,0,0.0321658327376697,0.0643316654753395,0.7398141529664046,0.2573266619013581,47.25160829163688,1.801286633309507,2.4124374553252323,0.3216583273766976,0.9649749821300928,8.652609006433167,4.471050750536097,1.447462473195139,0.6111508220157255,1.222301644031451,0.8363116511794138,1.0293066476054324,0.0321658327376697,0.3216583273766976,0.0,34.78260869565217,51.6728624535316,42.22222222222222,1
47533,Alejandro Catena,2025,D,140,La Liga,727,Osasuna,3073.0,35,6.9164985356329325,85.54572271386431,3.0,2.0,14.0,4.0,1695.0,12.0,40.0,32.0,33.0,263.0,140.0,11.0,6.0,11.0,14.0,46.0,3.0,11,1,0.0878620240807029,0.0585746827204685,0.4100227790432801,0.1171493654409371,49.64204360559714,0.3514480963228116,1.171493654409372,0.9371949235274974,0.9664822648877318,7.702570777741621,4.100227790432802,0.3221607549625773,0.1757240481614058,0.3221607549625773,0.4100227790432801,1.3472177025707777,0.0878620240807029,0.3221607549625773,0.0292873413602342,28.57142857142857,53.2319391634981,54.54545454545454,0
47547,Álex Moreno,2025,D,140,La Liga,547,Girona,2562.0,31,6.680640124902421,83.68121442125236,0.0,3.0,12.0,5.0,1054.0,16.0,43.0,10.0,30.0,240.0,118.0,72.0,35.0,32.0,20.0,32.0,9.0,5,0,0.0,0.1053864168618267,0.4215456674473068,0.1756440281030445,37.02576112412178,0.5620608899297423,1.5105386416861828,0.351288056206089,1.053864168618267,8.430913348946136,4.145199063231851,2.529274004683841,1.2295081967213115,1.1241217798594847,0.702576112412178,1.1241217798594847,0.3161592505854801,0.1756440281030445,0.0,41.66666666666667,49.16666666666666,48.61111111111111,1
47566,Javi Galán,2025,D,140,La Liga,727,Osasuna,1821.0,25,6.845030203185063,83.88520971302428,0.0,1.0,5.0,1.0,906.0,29.0,48.0,5.0,29.0,241.0,138.0,61.0,37.0,12.0,40.0,32.0,2.0,3,0,0.0,0.0494233937397034,0.2471169686985173,0.0494233937397034,44.77759472817133,1.4332784184514005,2.372322899505766,0.2471169686985173,1.4332784184514005,11.911037891268537,6.820428336079077,3.014827018121911,1.828665568369028,0.5930807248764415,1.9769357495881383,1.5815485996705108,0.0988467874794069,0.1482701812191103,0.0,20.0,57.26141078838174,60.65573770491803,1
47903,Hjalmar Ekdal,2025,D,39,Premier League,44,Burnley,1539.0,19,6.656176853055917,85.27245949926362,0.0,0.0,4.0,1.0,681.0,4.0,24.0,13.0,12.0,130.0,83.0,4.0,2.0,4.0,7.0,5.0,2.0,0,0,0.0,0.0,0.2339181286549707,0.0584795321637426,39.82456140350877,0.2339181286549707,1.4035087719298245,0.7602339181286549,0.7017543859649122,7.602339181286549,4.853801169590643,0.2339181286549707,0.1169590643274853,0.2339181286549707,0.4093567251461988,0.2923976608187134,0.1169590643274853,0.0,0.0,25.0,63.84615384615384,50.0,0
47969,Gabriel Gudmundsson,2025,D,39,Premier League,63,Leeds,2642.0,32,6.672823618470855,76.28004179728318,0.0,0.0,13.0,3.0,957.0,21.0,65.0,7.0,27.0,332.0,178.0,74.0,39.0,30.0,56.0,31.0,3.0,6,1,0.0,0.0,0.4428463285389856,0.1021953065859197,32.6003028009084,0.7153671461014384,2.214231642694928,0.2384557153671461,0.9197577592732776,11.309613928841786,6.063588190764572,2.520817562452688,1.3285389856169567,1.0219530658591978,1.9076457229371688,1.0560181680545042,0.1021953065859197,0.2043906131718395,0.0340651021953065,23.07692307692308,53.6144578313253,52.702702702702695,1
47988,Carl Starfelt,2025,D,140,La Liga,538,Celta Vigo,1493.0,19,6.893034159410583,95.86206896551724,0.0,0.0,4.0,1.0,1015.0,1.0,23.0,13.0,17.0,105.0,62.0,2.0,1.0,1.0,8.0,19.0,0.0,3,1,0.0,0.0,0.2411252511721366,0.0602813127930341,61.18553248492968,0.0602813127930341,1.3864701942397857,0.7836570663094441,1.0247823174815809,6.329537843268587,3.7374413931681176,0.1205626255860683,0.0602813127930341,0.0602813127930341,0.4822505023442732,1.145344943067649,0.0,0.1808439383791024,0.0602813127930341,25.0,59.04761904761905,50.0,0
48119,Odilon Kossounou,2025,D,135,Serie A,499,Atalanta,994.0,19,6.679233870967742,91.41494435612084,1.0,0.0,3.0,1.0,629.0,4.0,17.0,7.0,9.0,87.0,37.0,11.0,5.0,4.0,3.0,16.0,1.0,1,0,0.090543259557344,0.0,0.2716297786720322,0.090543259557344,56.95171026156942,0.3621730382293763,1.539235412474849,0.6338028169014085,0.8148893360160966,7.877263581488934,3.3501006036217307,0.9959758551307848,0.4527162977867203,0.3621730382293763,0.2716297786720322,1.4486921529175052,0.090543259557344,0.090543259557344,0.0,33.33333333333333,42.5287356321839,45.45454545454545,3
48142,Karol Mets,2025,D,78,Bundesliga,186,FC St. Pauli,1934.0,23,6.6073940020682524,85.75,1.0,0.0,5.0,1.0,1200.0,4.0,25.0,7.0,20.0,134.0,80.0,2.0,1.0,6.0,11.0,13.0,1.0,3,0,0.046535677352637,0.0,0.2326783867631851,0.046535677352637,55.84281282316443,0.1861427094105481,1.1633919338159255,0.3257497414684591,0.9307135470527405,6.23578076525336,3.722854188210962,0.093071354705274,0.046535677352637,0.2792140641158221,0.5118924508790073,0.6049638055842813,0.046535677352637,0.139607032057911,0.0,20.0,59.70149253731343,50.0,0
48372,Eray Cömert,2025,D,140,La Liga,532,Valencia,1339.0,17,6.801045556385363,85.83959899749374,2.0,1.0,8.0,3.0,798.0,6.0,25.0,6.0,20.0,87.0,55.0,0.0,0.0,8.0,13.0,9.0,1.0,3,1,0.1344286781179985,0.0672143390589992,0.5377147124719941,0.2016430171769977,53.63704256908141,0.4032860343539955,1.6803584764749813,0.4032860343539955,1.344286781179985,5.847647498132935,3.696788648244959,0.0,0.0,0.5377147124719941,0.8737864077669902,0.6049290515309933,0.0672143390589992,0.2016430171769977,0.0672143390589992,37.5,63.2183908045977,,0
48574,Cedric Zesiger,2025,D,78,Bundesliga,170,FC Augsburg,1840.0,27,6.720326086956521,81.82784272051009,0.0,0.0,8.0,3.0,943.0,8.0,34.0,18.0,18.0,158.0,87.0,11.0,3.0,14.0,16.0,18.0,0.0,7,0,0.0,0.0,0.391304347826087,0.1467391304347826,46.12499999999999,0.391304347826087,1.6630434782608696,0.8804347826086957,0.8804347826086957,7.728260869565218,4.255434782608695,0.5380434782608696,0.1467391304347826,0.6847826086956522,0.782608695652174,0.8804347826086957,0.0,0.3423913043478261,0.0,37.5,55.06329113924051,27.27272727272727,3
48765,Joel Schmied,2025,D,78,Bundesliga,192,1. FC Köln,1080.0,16,6.363888888888889,87.6993166287016,0.0,0.0,2.0,0.0,439.0,2.0,11.0,10.0,11.0,81.0,38.0,1.0,1.0,4.0,8.0,16.0,0.0,5,0,0.0,0.0,0.1666666666666666,0.0,36.583333333333336,0.1666666666666666,0.9166666666666669,0.8333333333333333,0.9166666666666669,6.75,3.166666666666667,0.0833333333333333,0.0833333333333333,0.3333333333333333,0.6666666666666667,1.3333333333333337,0.0,0.4166666666666666,0.0,0.0,46.913580246913575,100.0,0
49583,Ali Abdi,2025,D,61,Ligue 1,84,Nice,1210.0,23,6.630413223140496,74.60317460317461,3.0,0.0,12.0,4.0,441.0,17.0,25.0,4.0,10.0,184.0,91.0,46.0,21.0,11.0,18.0,23.0,1.0,4,1,0.2231404958677686,0.0,0.8925619834710744,0.2975206611570248,32.80165289256198,1.2644628099173554,1.859504132231405,0.2975206611570248,0.743801652892562,13.68595041322314,6.768595041322315,3.421487603305785,1.56198347107438,0.8181818181818181,1.3388429752066116,1.7107438016528924,0.0743801652892562,0.2975206611570248,0.0743801652892562,33.33333333333333,49.45652173913043,45.65217391304348,1
50026,Chidozie Awaziem,2025,D,61,Ligue 1,83,Nantes,2232.0,26,6.947804659498208,84.64912280701753,1.0,2.0,7.0,4.0,1368.0,10.0,28.0,17.0,20.0,156.0,96.0,8.0,4.0,10.0,21.0,23.0,1.0,7,0,0.0403225806451612,0.0806451612903225,0.282258064516129,0.1612903225806451,55.16129032258065,0.4032258064516129,1.1290322580645162,0.6854838709677419,0.8064516129032258,6.290322580645161,3.870967741935484,0.3225806451612903,0.1612903225806451,0.4032258064516129,0.8467741935483871,0.9274193548387096,0.0403225806451612,0.282258064516129,0.0,57.14285714285714,61.53846153846154,50.0,0
50030,Montassar Talbi,2025,D,61,Ligue 1,97,Lorient,2610.0,29,6.903448275862069,89.20415224913495,0.0,1.0,9.0,2.0,1445.0,7.0,22.0,24.0,26.0,190.0,114.0,6.0,3.0,18.0,12.0,6.0,0.0,3,0,0.0,0.0344827586206896,0.3103448275862069,0.0689655172413793,49.82758620689656,0.2413793103448275,0.7586206896551724,0.8275862068965517,0.896551724137931,6.551724137931035,3.931034482758621,0.2068965517241379,0.1034482758620689,0.6206896551724138,0.4137931034482758,0.2068965517241379,0.0,0.1034482758620689,0.0,22.22222222222222,60.0,50.0,0
50735,Mark McKenzie,2025,D,61,Ligue 1,96,Toulouse,2405.0,29,6.850020790020792,86.37931034482759,0.0,2.0,4.0,1.0,1160.0,19.0,44.0,13.0,24.0,180.0,100.0,7.0,6.0,11.0,12.0,35.0,1.0,7,1,0.0,0.0748440748440748,0.1496881496881497,0.0374220374220374,43.40956340956341,0.7110187110187111,1.6465696465696469,0.4864864864864865,0.8981288981288982,6.735966735966736,3.7422037422037424,0.2619542619542619,0.2245322245322245,0.4116424116424116,0.4490644490644491,1.30977130977131,0.0374220374220374,0.2619542619542619,0.0374220374220374,25.0,55.55555555555556,85.71428571428571,0
50852,Joe Scally,2025,D,78,Bundesliga,163,Borussia Mönchengladbach,2611.0,32,6.631788586748372,80.43956043956044,2.0,3.0,14.0,10.0,912.0,18.0,48.0,4.0,17.0,297.0,153.0,54.0,24.0,19.0,51.0,33.0,3.0,8,0,0.0689391037916507,0.103408655687476,0.4825737265415549,0.3446955189582535,31.43623132899273,0.6204519341248563,1.654538490999617,0.1378782075833014,0.585982382229031,10.23745691306013,5.273841440061279,1.861355802374569,0.8272692454998085,0.6549214860206818,1.757947146687093,1.1374952125622366,0.103408655687476,0.2757564151666028,0.0,71.42857142857143,51.51515151515152,44.44444444444444,1
55904,Daniel Ballard,2025,D,39,Premier League,746,Sunderland,2148.0,29,6.904841713221601,82.13961922030825,2.0,0.0,21.0,9.0,1103.0,15.0,33.0,24.0,20.0,285.0,168.0,5.0,3.0,6.0,30.0,29.0,3.0,4,1,0.0837988826815642,0.0,0.8798882681564246,0.3770949720670391,46.21508379888268,0.6284916201117318,1.38268156424581,1.005586592178771,0.8379888268156425,11.941340782122904,7.039106145251397,0.2094972067039106,0.1256983240223463,0.2513966480446927,1.2569832402234635,1.2150837988826817,0.1256983240223463,0.1675977653631284,0.0418994413407821,42.85714285714285,58.94736842105262,60.0,2
56473,Matteo Gabbia,2025,D,135,Serie A,489,AC Milan,2531.0,30,6.939114974318452,91.92795196797864,0.0,0.0,17.0,3.0,1499.0,2.0,21.0,22.0,14.0,153.0,90.0,1.0,0.0,5.0,6.0,25.0,0.0,4,0,0.0,0.0,0.6045041485578823,0.1066772026866851,53.30304227578033,0.0711181351244567,0.7467404188067958,0.7822994863690241,0.4978269458711971,5.44053733702094,3.2003160806005533,0.0355590675622283,0.0,0.1777953378111418,0.2133544053733702,0.8889766890557093,0.0,0.1422362702489134,0.0,17.647058823529413,58.82352941176471,0.0,0
64003,Pascal Struijk,2025,D,39,Premier League,63,Leeds,2937.0,34,6.827477017364659,88.47199564980967,0.0,1.0,23.0,5.0,1839.0,12.0,39.0,19.0,31.0,313.0,174.0,6.0,4.0,17.0,22.0,27.0,5.0,5,0,0.0,0.0306435137895812,0.7048008171603677,0.153217568947906,56.35342185903984,0.3677221654749745,1.195097037793667,0.5822267620020429,0.9499489274770174,9.591419816138918,5.33197139938713,0.1838610827374872,0.1225740551583248,0.5209397344228806,0.6741573033707865,0.8273748723186926,0.153217568947906,0.153217568947906,0.0,21.73913043478261,55.59105431309904,66.66666666666666,0
64255,Gautier Lloris,2025,D,61,Ligue 1,111,Le Havre,2400.0,29,7.075791666666667,91.36125654450262,1.0,1.0,9.0,4.0,1528.0,4.0,41.0,21.0,42.0,190.0,128.0,3.0,1.0,8.0,17.0,27.0,2.0,1,1,0.0375,0.0375,0.3374999999999999,0.15,57.3,0.15,1.5375,0.7875000000000001,1.5750000000000002,7.125,4.800000000000001,0.1125,0.0375,0.3,0.6375,1.0125,0.075,0.0375,0.0375,44.44444444444444,67.36842105263158,33.33333333333333,0
64268,Johan Mojica,2025,D,140,La Liga,798,Mallorca,2737.0,35,6.680708805261236,78.96039603960396,0.0,4.0,14.0,2.0,1212.0,36.0,52.0,6.0,24.0,228.0,119.0,41.0,15.0,10.0,30.0,29.0,2.0,6,1,0.0,0.1315308732188527,0.4603580562659847,0.0657654366094263,39.853854585312384,1.1837778589696748,1.7099013518450858,0.1972963098282791,0.7891852393131166,7.497259773474608,3.9130434782608696,1.3481914504932409,0.4932407745706978,0.3288271830471319,0.9864815491413956,0.9535988308366824,0.0657654366094263,0.1972963098282791,0.0328827183047131,14.285714285714285,52.19298245614035,36.58536585365854,3
64309,Manuel Sánchez,2025,D,140,La Liga,539,Levante,2818.0,33,6.577111426543648,81.61925601750546,1.0,2.0,10.0,4.0,914.0,17.0,81.0,5.0,32.0,265.0,134.0,32.0,11.0,33.0,21.0,35.0,2.0,8,0,0.0319375443577005,0.063875088715401,0.3193754435770049,0.127750177430802,29.190915542938257,0.5429382540809085,2.58694109297374,0.1596877217885024,1.022001419446416,8.463449254790632,4.279630943931866,1.022001419446416,0.3513129879347054,1.0539389638041163,0.6706884315117104,1.1178140525195177,0.063875088715401,0.255500354861604,0.0,40.0,50.56603773584906,34.375,1
66407,Ladislav Krejčí,2025,D,39,Premier League,39,Wolves,2541.0,30,6.658087367178276,82.92166549047283,2.0,1.0,17.0,10.0,1417.0,9.0,34.0,16.0,33.0,217.0,108.0,4.0,2.0,14.0,7.0,35.0,0.0,6,1,0.0708382526564344,0.0354191263282172,0.602125147579693,0.3541912632821724,50.18890200708383,0.3187721369539551,1.204250295159386,0.5667060212514757,1.168831168831169,7.685950413223141,3.825265643447462,0.1416765053128689,0.0708382526564344,0.4958677685950413,0.2479338842975206,1.2396694214876034,0.0,0.2125147579693034,0.0354191263282172,58.82352941176471,49.76958525345622,50.0,2
67943,Morato,2025,D,39,Premier League,65,Nottingham Forest,1366.0,21,6.929221732745961,85.41114058355438,1.0,0.0,5.0,2.0,755.0,2.0,30.0,15.0,11.0,102.0,65.0,5.0,5.0,7.0,7.0,16.0,1.0,5,0,0.0658857979502196,0.0,0.3294289897510981,0.1317715959004392,49.74377745241581,0.1317715959004392,1.9765739385065888,0.9882869692532944,0.7247437774524158,6.720351390922401,4.282576866764275,0.3294289897510981,0.3294289897510981,0.4612005856515373,0.4612005856515373,1.054172767203514,0.0658857979502196,0.3294289897510981,0.0,40.0,63.725490196078425,100.0,0
67971,Marc Guéhi,2025,D,39,Premier League,50,Manchester City,3150.0,35,7.34,89.67909800520381,3.0,3.0,24.0,9.0,2306.0,18.0,46.0,23.0,50.0,304.0,193.0,11.0,7.0,11.0,38.0,25.0,0.0,6,0,0.0857142857142857,0.0857142857142857,0.6857142857142857,0.2571428571428571,65.88571428571429,0.5142857142857142,1.3142857142857145,0.6571428571428571,1.4285714285714284,8.685714285714287,5.514285714285714,0.3142857142857143,0.2,0.3142857142857143,1.085714285714286,0.7142857142857142,0.0,0.1714285714285714,0.0,37.5,63.48684210526315,63.63636363636363,0
70500,Sergi Cardona,2025,D,140,La Liga,533,Villarreal,1969.0,31,6.808989334687659,81.59675236806495,1.0,4.0,16.0,5.0,739.0,21.0,47.0,9.0,36.0,184.0,92.0,14.0,4.0,28.0,23.0,28.0,1.0,4,0,0.0457084814626714,0.1828339258506856,0.7313357034027425,0.228542407313357,33.77856780091417,0.9598781107160996,2.148298628745556,0.4113763331640426,1.6455053326561706,8.410360589131539,4.2051802945657695,0.6399187404773997,0.1828339258506856,1.2798374809547994,1.0512950736414424,1.2798374809547994,0.0457084814626714,0.1828339258506856,0.0,31.25,50.0,28.57142857142857,1
72048,Cenk Özkaçar,2025,D,78,Bundesliga,192,1. FC Köln,1801.0,25,6.641699056079956,86.76470588235294,0.0,0.0,11.0,4.0,1088.0,5.0,33.0,14.0,24.0,188.0,107.0,11.0,6.0,16.0,6.0,11.0,1.0,2,0,0.0,0.0,0.5496946141032759,0.1998889505830094,54.36979455857857,0.2498611882287618,1.649083842309828,0.6996113270405331,1.199333703498057,9.394780677401444,5.347029428095503,0.5496946141032759,0.2998334258745141,0.7995558023320378,0.2998334258745141,0.5496946141032759,0.0499722376457523,0.0999444752915047,0.0,36.36363636363637,56.91489361702128,54.54545454545454,2
90731,Lars Ritzka,2025,D,78,Bundesliga,186,FC St. Pauli,970.0,21,6.514963880288957,72.89473684210527,0.0,0.0,4.0,1.0,382.0,6.0,40.0,5.0,16.0,102.0,54.0,2.0,0.0,19.0,3.0,11.0,2.0,1,0,0.0,0.0,0.3711340206185567,0.0927835051546391,35.44329896907217,0.5567010309278351,3.711340206185567,0.4639175257731959,1.4845360824742269,9.463917525773196,5.010309278350515,0.1855670103092783,0.0,1.7628865979381445,0.2783505154639175,1.0206185567010309,0.1855670103092783,0.0927835051546391,0.0,25.0,52.94117647058824,0.0,1
91503,Simone Canestrelli,2025,D,135,Serie A,801,Pisa,3201.0,37,6.591721337082161,81.36399682791435,1.0,0.0,11.0,3.0,1261.0,10.0,40.0,20.0,33.0,276.0,158.0,5.0,3.0,13.0,21.0,42.0,1.0,4,0,0.0281162136832239,0.0,0.3092783505154639,0.0843486410496719,35.45454545454545,0.2811621368322399,1.1246485473289598,0.5623242736644799,0.9278350515463918,7.760074976569822,4.442361761949391,0.1405810684161199,0.0843486410496719,0.3655107778819119,0.5904404873477038,1.1808809746954076,0.0281162136832239,0.1124648547328959,0.0,27.27272727272727,57.2463768115942,60.0,0
92993,Mats Wieffer,2025,D,39,Premier League,51,Brighton,1914.0,26,6.771682340647858,83.20090805902383,2.0,3.0,13.0,6.0,881.0,20.0,66.0,7.0,25.0,284.0,140.0,20.0,9.0,35.0,22.0,30.0,2.0,8,0,0.0940438871473354,0.1410658307210031,0.6112852664576802,0.2821316614420062,41.426332288401255,0.9404388714733544,3.103448275862069,0.329153605015674,1.1755485893416928,13.354231974921628,6.58307210031348,0.9404388714733544,0.4231974921630094,1.64576802507837,1.0344827586206895,1.4106583072100312,0.0940438871473354,0.3761755485893417,0.0,46.15384615384615,49.29577464788733,45.0,1
96331,Koffi Kouao,2025,D,61,Ligue 1,112,Metz,2273.0,27,6.898944126704795,86.43911439114392,2.0,1.0,19.0,10.0,1084.0,11.0,72.0,13.0,29.0,253.0,143.0,42.0,30.0,37.0,33.0,32.0,3.0,9,0,0.0791904971403431,0.0395952485701715,0.75230972283326,0.3959524857017158,42.92124945006599,0.4355477342718874,2.8508578970523537,0.5147382314122305,1.1482622085349758,10.017597888253407,5.662120545534536,1.6630004399472065,1.1878574571051477,1.4650241970963485,1.306643202815662,1.2670479542454909,0.1187857457105147,0.3563572371315442,0.0,52.63157894736842,56.52173913043478,71.42857142857143,1
101814,Ronald Araújo,2025,D,140,La Liga,529,Barcelona,1072.0,24,7.081028037383178,91.98564593301435,3.0,0.0,11.0,5.0,836.0,3.0,21.0,5.0,10.0,100.0,63.0,0.0,0.0,1.0,3.0,17.0,0.0,2,0,0.251865671641791,0.0,0.9235074626865672,0.419776119402985,70.1865671641791,0.251865671641791,1.763059701492537,0.419776119402985,0.8395522388059701,8.395522388059701,5.289179104477612,0.0,0.0,0.083955223880597,0.251865671641791,1.4272388059701493,0.0,0.167910447761194,0.0,45.45454545454545,63.0,,0
106725,Keane Lewis-Potter,2025,D,39,Premier League,55,Brentford,1990.0,36,6.71854271356784,77.60141093474427,3.0,3.0,19.0,9.0,567.0,19.0,23.0,2.0,12.0,181.0,86.0,44.0,16.0,10.0,36.0,15.0,3.0,1,0,0.135678391959799,0.135678391959799,0.8592964824120604,0.4070351758793969,25.64321608040201,0.8592964824120604,1.0402010050251256,0.0904522613065326,0.542713567839196,8.185929648241206,3.889447236180904,1.9899497487437188,0.7236180904522613,0.4522613065326633,1.628140703517588,0.6783919597989949,0.135678391959799,0.0452261306532663,0.0,47.368421052631575,47.51381215469613,36.36363636363637,3
115588,Bryan Okoh,2025,D,61,Ligue 1,108,Auxerre,1011.0,13,7.136498516320475,84.63356973995272,3.0,0.0,6.0,3.0,423.0,4.0,13.0,13.0,27.0,82.0,52.0,2.0,0.0,4.0,8.0,13.0,0.0,2,0,0.2670623145400593,0.0,0.5341246290801187,0.2670623145400593,37.65578635014837,0.3560830860534124,1.1572700296735905,1.1572700296735905,2.403560830860534,7.299703264094956,4.629080118694362,0.1780415430267062,0.0,0.3560830860534124,0.7121661721068249,1.1572700296735905,0.0,0.1780415430267062,0.0,50.0,63.41463414634146,0.0,2
119121,Trai Hume,2025,D,39,Premier League,746,Sunderland,3037.0,38,6.7589397431676,75.38167938931298,2.0,1.0,22.0,7.0,1048.0,29.0,67.0,12.0,25.0,328.0,175.0,19.0,5.0,31.0,39.0,31.0,1.0,9,0,0.0592690154757984,0.0296345077378992,0.6519591702337834,0.2074415541652947,31.056964109318407,0.859400724399078,1.9855120184392487,0.3556140928547909,0.7408626934474811,9.720118538030952,5.186038854132367,0.5630556470200856,0.1481725386894962,0.9186697398748764,1.1557458017780704,0.9186697398748764,0.0296345077378992,0.2667105696410932,0.0,31.818181818181817,53.35365853658537,26.31578947368421,3
119742,Juan Iglesias,2025,D,140,La Liga,546,Getafe,3189.0,37,6.873628096582,64.42641946697567,1.0,2.0,12.0,5.0,863.0,18.0,112.0,12.0,26.0,437.0,245.0,58.0,30.0,49.0,70.0,63.0,1.0,4,0,0.0282220131702728,0.0564440263405456,0.3386641580432737,0.141110065851364,24.355597365945435,0.5079962370649107,3.160865475070555,0.3386641580432737,0.7337723424270931,12.33301975540922,6.91439322671684,1.636876763875823,0.8466603951081844,1.382878645343368,1.975540921919097,1.7779868297271872,0.0282220131702728,0.1128880526810912,0.0,41.66666666666667,56.06407322654462,51.72413793103448,1
122468,Saúl Coco,2025,D,135,Serie A,503,Torino,3090.0,35,6.860097087378641,85.27851458885941,1.0,1.0,12.0,4.0,1508.0,11.0,58.0,42.0,43.0,292.0,165.0,11.0,7.0,13.0,34.0,46.0,0.0,3,0,0.029126213592233,0.029126213592233,0.3495145631067961,0.116504854368932,43.922330097087375,0.3203883495145631,1.6893203883495145,1.2233009708737863,1.2524271844660193,8.504854368932039,4.805825242718447,0.3203883495145631,0.203883495145631,0.3786407766990292,0.9902912621359222,1.3398058252427183,0.0,0.087378640776699,0.0,33.33333333333333,56.5068493150685,63.63636363636363,2
125171,Josip Stanišić,2025,D,78,Bundesliga,157,Bayern München,1855.0,26,6.935040431266846,89.7456279809221,2.0,3.0,7.0,4.0,1258.0,24.0,28.0,8.0,18.0,129.0,73.0,16.0,10.0,17.0,11.0,8.0,4.0,1,0,0.0970350404312668,0.1455525606469002,0.3396226415094339,0.1940700808625337,61.03504043126685,1.1644204851752022,1.3584905660377358,0.3881401617250674,0.8733153638814016,6.258760107816712,3.54177897574124,0.7762803234501349,0.4851752021563342,0.8247978436657681,0.5336927223719676,0.3881401617250674,0.1940700808625337,0.0485175202156334,0.0,57.14285714285714,56.58914728682171,62.5,3
126640,David Affengruber,2025,D,140,La Liga,797,Elche,2953.0,36,6.959024720623095,87.36740597878494,1.0,1.0,13.0,4.0,2074.0,8.0,74.0,26.0,51.0,290.0,185.0,17.0,12.0,19.0,35.0,34.0,2.0,7,1,0.0304774805282763,0.0304774805282763,0.3962072468675923,0.1219099221131053,63.210294615645104,0.2438198442262106,2.255333559092448,0.7924144937351846,1.5543515069420928,8.838469353200136,5.638333897731121,0.5181171689806976,0.3657297663393159,0.5790721300372502,1.0667118184896716,1.0362343379613952,0.0609549610565526,0.2133423636979343,0.0304774805282763,30.76923076923077,63.793103448275865,70.58823529411765,2
126757,Lilian Brassier,2025,D,61,Ligue 1,94,Rennes,2252.0,27,6.800799289520426,85.95933926302413,0.0,1.0,8.0,2.0,1574.0,13.0,30.0,23.0,38.0,166.0,95.0,15.0,7.0,2.0,21.0,27.0,0.0,2,0,0.0,0.0399644760213143,0.3197158081705151,0.0799289520426287,62.90408525754885,0.5195381882770871,1.1989342806394316,0.919182948490231,1.5186500888099466,6.6341030195381885,3.796625222024866,0.5994671403197158,0.2797513321492007,0.0799289520426287,0.839253996447602,1.0790408525754884,0.0,0.0799289520426287,0.0,25.0,57.22891566265061,46.66666666666666,0
126949,Chris Richards,2025,D,39,Premier League,52,Crystal Palace,2826.0,33,6.9251238499646135,83.97565922920892,1.0,0.0,8.0,2.0,1479.0,9.0,55.0,19.0,43.0,301.0,170.0,6.0,4.0,18.0,5.0,18.0,0.0,4,0,0.0318471337579617,0.0,0.2547770700636942,0.0636942675159235,47.101910828025474,0.286624203821656,1.751592356687898,0.6050955414012739,1.3694267515923568,9.585987261146498,5.414012738853503,0.1910828025477706,0.1273885350318471,0.5732484076433121,0.1592356687898089,0.5732484076433121,0.0,0.1273885350318471,0.0,25.0,56.47840531561462,66.66666666666666,2
127035,Federico Baschirotto,2025,D,135,Serie A,520,Cremonese,2541.0,29,6.820425029515939,86.47416413373861,2.0,0.0,9.0,5.0,1316.0,2.0,26.0,33.0,26.0,193.0,93.0,2.0,1.0,11.0,9.0,45.0,1.0,2,0,0.0708382526564344,0.0,0.3187721369539551,0.1770956316410862,46.61157024793389,0.0708382526564344,0.9208972845336484,1.168831168831169,0.9208972845336484,6.835891381345927,3.2939787485242027,0.0708382526564344,0.0354191263282172,0.3896103896103896,0.3187721369539551,1.5938606847697758,0.0354191263282172,0.0708382526564344,0.0,55.55555555555556,48.18652849740933,50.0,0
127817,Piero Hincapié,2025,D,39,Premier League,42,Arsenal,1882.0,26,6.944102019128588,88.57758620689656,1.0,2.0,4.0,3.0,928.0,13.0,48.0,9.0,28.0,180.0,105.0,14.0,7.0,14.0,14.0,20.0,1.0,2,0,0.0478214665249734,0.0956429330499468,0.1912858660998937,0.1434643995749203,44.37832093517535,0.6216790648246546,2.2954303931987248,0.4303931987247609,1.339001062699256,8.607863974495217,5.02125398512221,0.6695005313496281,0.334750265674814,0.6695005313496281,0.6695005313496281,0.9564293304994688,0.0478214665249734,0.0956429330499468,0.0,75.0,58.333333333333336,50.0,2
128338,Woyo Coulibaly,2025,D,135,Serie A,488,Sassuolo,1048.0,20,6.626335877862596,90.3448275862069,0.0,0.0,3.0,1.0,435.0,4.0,24.0,4.0,9.0,96.0,50.0,11.0,8.0,7.0,12.0,15.0,0.0,2,0,0.0,0.0,0.2576335877862595,0.0858778625954198,37.35687022900763,0.3435114503816793,2.0610687022900764,0.3435114503816793,0.7729007633587787,8.244274809160306,4.293893129770993,0.9446564885496184,0.6870229007633587,0.601145038167939,1.0305343511450382,1.2881679389312977,0.0,0.1717557251908396,0.0,33.33333333333333,52.083333333333336,72.72727272727273,3
128461,Nadir Zortea,2025,D,135,Serie A,500,Bologna,1818.0,32,6.698184818481848,80.0257731958763,0.0,2.0,10.0,1.0,777.0,24.0,26.0,6.0,20.0,176.0,80.0,42.0,20.0,18.0,17.0,28.0,1.0,2,0,0.0,0.099009900990099,0.4950495049504951,0.0495049504950495,38.46534653465346,1.188118811881188,1.2871287128712872,0.297029702970297,0.9900990099009902,8.712871287128712,3.960396039603961,2.0792079207920797,0.9900990099009902,0.8910891089108911,0.8415841584158416,1.386138613861386,0.0495049504950495,0.099009900990099,0.0,10.0,45.45454545454545,47.61904761904761,1
128951,Victor Parada,2025,D,140,La Liga,542,Alaves,2165.0,30,6.482809611829945,82.30668414154653,0.0,3.0,10.0,2.0,764.0,14.0,33.0,11.0,10.0,177.0,88.0,13.0,8.0,12.0,15.0,29.0,4.0,9,1,0.0,0.1247113163972286,0.4157043879907621,0.0831408775981524,31.759815242494227,0.581986143187067,1.371824480369515,0.4572748267898384,0.4157043879907621,7.35796766743649,3.658198614318707,0.5404157043879908,0.3325635103926097,0.4988452655889145,0.6235565819861432,1.2055427251732105,0.1662817551963048,0.3741339491916859,0.0415704387990762,20.0,49.717514124293785,61.53846153846154,3
129033,Joško Gvardiol,2025,D,39,Premier League,50,Manchester City,1374.0,18,7.009097525473073,89.39828080229226,2.0,2.0,13.0,6.0,1047.0,6.0,18.0,10.0,15.0,104.0,56.0,6.0,2.0,1.0,7.0,16.0,0.0,2,0,0.131004366812227,0.131004366812227,0.8515283842794761,0.3930131004366812,68.58078602620087,0.3930131004366812,1.1790393013100435,0.6550218340611353,0.982532751091703,6.812227074235809,3.668122270742358,0.3930131004366812,0.131004366812227,0.0655021834061135,0.4585152838427948,1.0480349344978166,0.0,0.131004366812227,0.0,46.15384615384615,53.84615384615385,33.33333333333333,0
129119,Ignace Van der Brempt,2025,D,135,Serie A,895,Como,943.0,20,6.897452229299364,85.68376068376068,0.0,1.0,2.0,0.0,468.0,5.0,30.0,0.0,8.0,110.0,62.0,15.0,6.0,7.0,15.0,19.0,1.0,2,0,0.0,0.0954400848356309,0.1908801696712619,0.0,44.665959703075295,0.4772004241781548,2.8632025450689285,0.0,0.7635206786850478,10.498409331919406,5.91728525980912,1.4316012725344642,0.5726405090137858,0.6680805938494168,1.4316012725344642,1.8133616118769884,0.0954400848356309,0.1908801696712619,0.0,0.0,56.36363636363636,40.0,1
129681,Anthony Rouault,2025,D,61,Ligue 1,94,Rennes,1724.0,21,7.124419953596288,88.24020016680566,1.0,0.0,6.0,3.0,1199.0,6.0,25.0,20.0,19.0,157.0,81.0,4.0,3.0,12.0,8.0,26.0,0.0,5,0,0.0522041763341067,0.0,0.3132250580046403,0.1566125290023201,62.59280742459397,0.3132250580046403,1.3051044083526682,1.0440835266821344,0.9918793503480278,8.196055684454757,4.228538283062645,0.2088167053364269,0.1566125290023201,0.6264501160092807,0.4176334106728538,1.357308584686775,0.0,0.2610208816705336,0.0,50.0,51.59235668789809,75.0,0
131548,Lucas Ahijado,2025,D,140,La Liga,718,Oviedo,1100.0,20,6.749545454545455,79.85948477751757,0.0,1.0,6.0,2.0,427.0,9.0,46.0,4.0,17.0,114.0,72.0,27.0,16.0,10.0,3.0,14.0,2.0,3,0,0.0,0.0818181818181818,0.4909090909090909,0.1636363636363636,34.93636363636364,0.7363636363636364,3.763636363636364,0.3272727272727272,1.3909090909090909,9.327272727272728,5.890909090909092,2.209090909090909,1.309090909090909,0.8181818181818181,0.2454545454545454,1.1454545454545455,0.1636363636363636,0.2454545454545454,0.0,33.33333333333333,63.1578947368421,59.25925925925925,1
135068,Emmanuel Agbadou,2025,D,39,Premier League,39,Wolves,1101.0,14,6.953950953678475,83.00455235204855,0.0,0.0,7.0,3.0,659.0,4.0,32.0,15.0,13.0,105.0,67.0,5.0,4.0,7.0,5.0,10.0,0.0,1,1,0.0,0.0,0.5722070844686649,0.2452316076294277,53.8692098092643,0.326975476839237,2.6158038147138964,1.2261580381471389,1.0626702997275204,8.583106267029974,5.476839237057221,0.4087193460490463,0.326975476839237,0.5722070844686649,0.4087193460490463,0.8174386920980927,0.0,0.0817438692098092,0.0817438692098092,42.85714285714285,63.8095238095238,80.0,2
135334,Santiago Bueno,2025,D,39,Premier League,39,Wolves,2553.0,29,6.73376419898159,86.49398704902868,3.0,1.0,8.0,7.0,1081.0,10.0,50.0,21.0,27.0,201.0,109.0,2.0,0.0,11.0,11.0,30.0,2.0,4,0,0.1057579318448883,0.0352526439482961,0.282021151586369,0.2467685076380728,38.108108108108105,0.3525264394829612,1.762632197414806,0.7403055229142186,0.9518213866039954,7.08578143360752,3.8425381903642775,0.0705052878965922,0.0,0.3877790834312573,0.3877790834312573,1.0575793184488838,0.0705052878965922,0.1410105757931845,0.0,87.5,54.22885572139303,0.0,3
135526,Josh Doig,2025,D,135,Serie A,488,Sassuolo,1926.0,30,6.605298701298702,81.9672131147541,0.0,0.0,10.0,4.0,732.0,15.0,33.0,14.0,23.0,177.0,89.0,30.0,9.0,9.0,19.0,16.0,0.0,5,0,0.0,0.0,0.4672897196261683,0.1869158878504672,34.205607476635514,0.7009345794392523,1.542056074766355,0.6542056074766356,1.074766355140187,8.271028037383177,4.158878504672898,1.4018691588785046,0.4205607476635514,0.4205607476635514,0.8878504672897196,0.7476635514018691,0.0,0.2336448598130841,0.0,40.0,50.282485875706215,30.0,3
135883,Ramon Hendriks,2025,D,78,Bundesliga,172,VfB Stuttgart,2033.0,31,6.792322834645669,90.51094890510949,0.0,3.0,4.0,0.0,1234.0,6.0,35.0,11.0,21.0,164.0,111.0,8.0,8.0,9.0,25.0,17.0,0.0,3,0,0.0,0.1328086571569109,0.1770782095425479,0.0,54.62862764387605,0.2656173143138219,1.5494343334972946,0.4869650762420069,0.9296606000983768,7.260206591244466,4.913920314805706,0.3541564190850959,0.3541564190850959,0.3984259714707329,1.1067388096409247,0.7525823905558289,0.0,0.1328086571569109,0.0,0.0,67.6829268292683,100.0,0
137976,Isak Hien,2025,D,135,Serie A,499,Atalanta,1965.0,28,6.860458015267176,92.0704845814978,1.0,0.0,8.0,3.0,1135.0,2.0,49.0,16.0,29.0,239.0,122.0,9.0,4.0,15.0,21.0,36.0,0.0,5,0,0.0458015267175572,0.0,0.366412213740458,0.1374045801526717,51.98473282442748,0.0916030534351145,2.2442748091603053,0.732824427480916,1.3282442748091603,10.946564885496183,5.587786259541985,0.4122137404580153,0.183206106870229,0.6870229007633587,0.9618320610687024,1.6488549618320612,0.0,0.2290076335877862,0.0,37.5,51.04602510460251,44.44444444444444,2
138780,Neco Williams,2025,D,39,Premier League,65,Nottingham Forest,3206.0,37,6.952713661883968,81.81132075471697,2.0,3.0,28.0,19.0,1325.0,37.0,96.0,17.0,47.0,386.0,216.0,71.0,31.0,37.0,52.0,30.0,4.0,6,1,0.0561447286338116,0.0842170929507174,0.7860262008733624,0.5333749220212103,37.19588271990019,1.0386774797255147,2.694946974422957,0.4772301933873986,1.3194011228945728,10.83593262632564,6.063630692451653,1.993137866500312,0.8702432938240799,1.0386774797255147,1.4597629444791016,0.842170929507174,0.1122894572676232,0.1684341859014348,0.0280723643169058,67.85714285714286,55.95854922279793,43.66197183098591,1
138816,Ian Maatsen,2025,D,39,Premier League,66,Aston Villa,1615.0,30,6.565117719950435,86.01398601398601,0.0,1.0,14.0,5.0,715.0,26.0,43.0,1.0,19.0,207.0,101.0,51.0,21.0,24.0,19.0,17.0,1.0,2,0,0.0,0.0557275541795665,0.7801857585139319,0.2786377708978328,39.845201238390096,1.4489164086687305,2.3962848297213624,0.0557275541795665,1.0588235294117647,11.53560371517028,5.628482972136223,2.8421052631578947,1.1702786377708978,1.3374613003095974,1.0588235294117647,0.9473684210526316,0.0557275541795665,0.1114551083591331,0.0,35.714285714285715,48.792270531400966,41.17647058823529,1
147835,Andrew Omobamidele,2025,D,61,Ligue 1,95,Strasbourg,1375.0,25,6.878254545454546,96.35901778154108,1.0,0.0,4.0,3.0,1181.0,0.0,7.0,9.0,17.0,71.0,45.0,2.0,0.0,1.0,10.0,13.0,0.0,4,0,0.0654545454545454,0.0,0.2618181818181818,0.1963636363636363,77.30181818181819,0.0,0.4581818181818182,0.5890909090909091,1.1127272727272728,4.647272727272727,2.9454545454545458,0.1309090909090909,0.0,0.0654545454545454,0.6545454545454545,0.850909090909091,0.0,0.2618181818181818,0.0,75.0,63.38028169014085,0.0,0
152654,Jeremie Frimpong,2025,D,39,Premier League,40,Liverpool,1068.0,21,6.784176029962547,84.58049886621315,0.0,1.0,6.0,2.0,441.0,15.0,11.0,0.0,6.0,118.0,57.0,33.0,18.0,12.0,21.0,8.0,4.0,1,0,0.0,0.0842696629213483,0.5056179775280899,0.1685393258426966,37.162921348314605,1.2640449438202246,0.9269662921348314,0.0,0.5056179775280899,9.943820224719104,4.803370786516854,2.7808988764044944,1.5168539325842696,1.0112359550561798,1.7696629213483146,0.6741573033707865,0.3370786516853932,0.0842696629213483,0.0,33.33333333333333,48.30508474576271,54.54545454545454,3
152669,Darlin Yongwa,2025,D,61,Ligue 1,97,Lorient,1312.0,23,6.698704268292683,82.44514106583071,0.0,1.0,5.0,2.0,638.0,17.0,32.0,2.0,11.0,172.0,85.0,28.0,13.0,13.0,22.0,14.0,1.0,4,0,0.0,0.0685975609756097,0.3429878048780487,0.1371951219512195,43.76524390243903,1.1661585365853655,2.1951219512195124,0.1371951219512195,0.7545731707317074,11.798780487804878,5.8307926829268295,1.920731707317073,0.8917682926829268,0.8917682926829268,1.5091463414634148,0.9603658536585368,0.0685975609756097,0.274390243902439,0.0,40.0,49.41860465116279,46.42857142857143,1
152849,Micky van de Ven,2025,D,39,Premier League,47,Tottenham,3043.0,35,6.744659875123234,90.47078842881452,4.0,1.0,13.0,6.0,1763.0,6.0,39.0,22.0,23.0,218.0,119.0,15.0,11.0,11.0,22.0,29.0,1.0,9,1,0.1183043049622083,0.029576076240552,0.3844889911271771,0.1774564574433125,52.14262241209333,0.1774564574433125,1.1534669733815317,0.6506736772921459,0.680249753532698,6.447584620440355,3.5195530726256985,0.4436411436082813,0.3253368386460729,0.3253368386460729,0.6506736772921459,0.8577062109760105,0.029576076240552,0.2661846861649687,0.029576076240552,46.15384615384615,54.58715596330275,73.33333333333333,0
152967,Calvin Bassey,2025,D,39,Premier League,36,Fulham,2544.0,30,6.876572327044025,87.75629759812537,1.0,0.0,6.0,1.0,1707.0,10.0,62.0,21.0,22.0,245.0,151.0,20.0,10.0,7.0,40.0,28.0,1.0,5,0,0.035377358490566,0.0,0.2122641509433962,0.035377358490566,60.38915094339623,0.3537735849056603,2.1933962264150946,0.7429245283018868,0.7783018867924528,8.66745283018868,5.341981132075472,0.7075471698113207,0.3537735849056603,0.2476415094339622,1.4150943396226414,0.990566037735849,0.035377358490566,0.1768867924528301,0.0,16.666666666666664,61.63265306122449,50.0,0
157052,Riccardo Calafiori,2025,D,39,Premier League,42,Arsenal,1707.0,26,6.9478898007034,85.58201058201058,1.0,2.0,22.0,8.0,756.0,9.0,32.0,5.0,15.0,184.0,104.0,24.0,16.0,8.0,10.0,26.0,4.0,5,0,0.0527240773286467,0.1054481546572935,1.1599297012302283,0.421792618629174,39.85940246045694,0.4745166959578207,1.687170474516696,0.2636203866432337,0.7908611599297013,9.701230228471,5.483304042179261,1.265377855887522,0.843585237258348,0.421792618629174,0.5272407732864675,1.3708260105448151,0.210896309314587,0.2636203866432337,0.0,36.36363636363637,56.52173913043478,66.66666666666666,2
157146,Léo Pétrot,2025,D,140,La Liga,797,Elche,1615.0,32,6.681474597273855,86.73684210526315,0.0,0.0,4.0,0.0,950.0,2.0,37.0,15.0,15.0,134.0,80.0,7.0,3.0,8.0,6.0,19.0,2.0,2,1,0.0,0.0,0.2229102167182662,0.0,52.94117647058824,0.1114551083591331,2.0619195046439627,0.8359133126934984,0.8359133126934984,7.46749226006192,4.458204334365325,0.3900928792569659,0.1671826625386996,0.4458204334365325,0.3343653250773993,1.0588235294117647,0.1114551083591331,0.1114551083591331,0.0557275541795665,0.0,59.70149253731343,42.85714285714285,0
158694,Valentino Livramento,2025,D,39,Premier League,34,Newcastle,1328.0,17,6.79375,88.8208269525268,0.0,1.0,1.0,0.0,653.0,11.0,22.0,2.0,6.0,111.0,61.0,32.0,14.0,8.0,16.0,7.0,2.0,1,0,0.0,0.0677710843373494,0.0677710843373494,0.0,44.25451807228916,0.7454819277108434,1.4909638554216869,0.1355421686746988,0.4066265060240964,7.522590361445783,4.134036144578314,2.168674698795181,0.9487951807228916,0.5421686746987953,1.0843373493975903,0.4743975903614457,0.1355421686746988,0.0677710843373494,0.0,0.0,54.95495495495496,43.75,3
158698,Jarell Quansah,2025,D,78,Bundesliga,168,Bayer Leverkusen,2308.0,28,6.933145580589256,90.29304029304028,4.0,0.0,16.0,8.0,1638.0,11.0,28.0,14.0,27.0,172.0,103.0,27.0,14.0,2.0,21.0,18.0,1.0,9,0,0.1559792027729636,0.0,0.6239168110918544,0.3119584055459272,63.8734835355286,0.4289428076256499,1.0918544194107451,0.5459272097053726,1.0528596187175043,6.707105719237434,4.016464471403813,1.0528596187175043,0.5459272097053726,0.0779896013864818,0.8188908145580589,0.7019064124783362,0.0389948006932409,0.3509532062391681,0.0,50.0,59.88372093023256,51.85185185185185,0
161671,Ilya Zabarnyi,2025,D,61,Ligue 1,85,Paris Saint Germain,2387.0,28,7.191286133221617,94.52983725135624,1.0,0.0,3.0,3.0,2212.0,4.0,32.0,12.0,20.0,132.0,77.0,6.0,3.0,4.0,8.0,18.0,0.0,6,0,0.0377042312526183,0.0,0.113112693757855,0.113112693757855,83.40175953079178,0.1508169250104734,1.2065354000837871,0.4524507750314201,0.754084625052367,4.976958525345623,2.903225806451613,0.22622538751571,0.113112693757855,0.1508169250104734,0.3016338500209468,0.6786761625471303,0.0,0.22622538751571,0.0,100.0,58.333333333333336,50.0,0
161702,Danilo Veiga,2025,D,135,Serie A,867,Lecce,3022.0,36,6.7347121111846455,70.68793619142572,0.0,1.0,5.0,2.0,1003.0,21.0,97.0,14.0,32.0,402.0,215.0,64.0,21.0,19.0,47.0,44.0,1.0,8,0,0.0,0.029781601588352,0.1489080079417604,0.0595632031767041,29.87094639311714,0.6254136333553938,2.8888153540701524,0.4169424222369292,0.9530112508272668,11.972203838517538,6.403044341495699,1.9060225016545331,0.6254136333553938,0.5658504301786896,1.399735274652548,1.3103904698874915,0.029781601588352,0.2382528127068166,0.0,40.0,53.482587064676615,32.8125,1
161747,Guéla Doué,2025,D,61,Ligue 1,95,Strasbourg,2063.0,24,6.925981580222976,87.09935897435898,2.0,6.0,9.0,5.0,1248.0,19.0,50.0,9.0,27.0,282.0,150.0,33.0,18.0,20.0,24.0,42.0,0.0,3,0,0.0872515753756665,0.2617547261269995,0.3926320891904992,0.2181289384391662,54.4449830344159,0.8288899660688318,2.1812893843916625,0.3926320891904992,1.177896267571498,12.302472127968976,6.543868153174987,1.4396509936984976,0.7852641783809985,0.872515753756665,1.047018904507998,1.8322830828889969,0.0,0.1308773630634997,0.0,55.55555555555556,53.191489361702125,54.54545454545454,1
161907,Malo Gusto,2025,D,39,Premier League,49,Chelsea,2267.0,34,6.651080723423026,86.7879746835443,2.0,3.0,9.0,6.0,1264.0,28.0,53.0,5.0,31.0,188.0,101.0,25.0,13.0,22.0,20.0,20.0,1.0,5,1,0.0794000882223202,0.1191001323334803,0.3573003970004411,0.2382002646669607,50.1808557565064,1.111601235112483,2.1041023378914865,0.1985002205558006,1.2307013674459637,7.463608292898103,4.009704455227173,0.992501102779003,0.5161005734450816,0.8734009704455227,0.7940008822232025,0.7940008822232025,0.0397000441111601,0.1985002205558006,0.0397000441111601,66.66666666666666,53.72340425531915,52.0,3
161928,Alejandro Balde,2025,D,140,La Liga,529,Barcelona,1874.0,28,6.727403846153846,91.70854271356784,0.0,2.0,9.0,1.0,1194.0,24.0,35.0,10.0,5.0,158.0,93.0,39.0,23.0,7.0,25.0,14.0,4.0,2,0,0.0,0.096051227321238,0.4322305229455709,0.048025613660619,57.34258271077908,1.152614727854856,1.6808964781216649,0.48025613660619,0.240128068303095,7.588046958377801,4.466382070437566,1.8729989327641408,1.1045891141942368,0.3361792956243329,1.200640341515475,0.6723585912486659,0.192102454642476,0.096051227321238,0.0,11.11111111111111,58.86075949367089,58.97435897435898,3
162007,Maxim De Cuyper,2025,D,39,Premier League,51,Brighton,1443.0,30,6.995423023578363,84.67153284671532,2.0,3.0,9.0,6.0,689.0,33.0,23.0,2.0,12.0,128.0,61.0,17.0,7.0,14.0,21.0,18.0,1.0,2,0,0.1247401247401247,0.1871101871101871,0.5613305613305614,0.3742203742203742,42.972972972972975,2.0582120582120584,1.4345114345114345,0.1247401247401247,0.7484407484407485,7.983367983367984,3.804573804573805,1.0602910602910602,0.4365904365904365,0.8731808731808731,1.30977130977131,1.1226611226611227,0.0623700623700623,0.1247401247401247,0.0,66.66666666666666,47.65625,41.17647058823529,3
162012,Matteo Ruggeri,2025,D,140,La Liga,530,Atletico Madrid,1775.0,26,6.848112676056338,86.75645342312009,0.0,3.0,4.0,2.0,891.0,26.0,36.0,3.0,20.0,156.0,69.0,18.0,5.0,24.0,2.0,28.0,1.0,4,0,0.0,0.152112676056338,0.2028169014084507,0.1014084507042253,45.1774647887324,1.3183098591549296,1.8253521126760563,0.152112676056338,1.0140845070422535,7.909859154929578,3.4985915492957744,0.9126760563380282,0.2535211267605634,1.2169014084507044,0.1014084507042253,1.4197183098591548,0.0507042253521126,0.2028169014084507,0.0,50.0,44.230769230769226,27.77777777777778,3
162058,Víctor Chust,2025,D,140,La Liga,797,Elche,2165.0,31,6.939399538106235,90.12508229098091,1.0,0.0,9.0,3.0,1519.0,5.0,63.0,18.0,20.0,210.0,110.0,12.0,8.0,22.0,10.0,38.0,1.0,9,1,0.0415704387990762,0.0,0.3741339491916859,0.1247113163972286,63.14549653579677,0.207852193995381,2.618937644341801,0.7482678983833719,0.8314087759815242,8.729792147806005,4.572748267898383,0.4988452655889145,0.3325635103926097,0.9145496535796768,0.4157043879907621,1.579676674364896,0.0415704387990762,0.3741339491916859,0.0415704387990762,33.33333333333333,52.38095238095239,66.66666666666666,2
162141,Koni De Winter,2025,D,135,Serie A,489,AC Milan,1805.0,26,6.926385809312639,91.44215530903328,1.0,1.0,5.0,1.0,1263.0,5.0,29.0,12.0,13.0,138.0,82.0,6.0,3.0,4.0,8.0,27.0,1.0,1,0,0.0498614958448753,0.0498614958448753,0.2493074792243767,0.0498614958448753,62.97506925207757,0.2493074792243767,1.445983379501385,0.5983379501385041,0.6481994459833795,6.880886426592797,4.088642659279778,0.299168975069252,0.149584487534626,0.1994459833795014,0.3988919667590028,1.3462603878116344,0.0498614958448753,0.0498614958448753,0.0,20.0,59.42028985507246,50.0,0
162175,Jesús Vázquez,2025,D,140,La Liga,532,Valencia,970.0,24,6.6949380165289245,84.82142857142857,0.0,0.0,5.0,2.0,339.0,14.0,24.0,4.0,4.0,133.0,64.0,36.0,21.0,17.0,8.0,16.0,2.0,2,0,0.0,0.0,0.4639175257731959,0.1855670103092783,31.45360824742268,1.2989690721649485,2.2268041237113403,0.3711340206185567,0.3711340206185567,12.34020618556701,5.938144329896907,3.3402061855670104,1.9484536082474224,1.577319587628866,0.7422680412371134,1.4845360824742269,0.1855670103092783,0.1855670103092783,0.0,40.0,48.1203007518797,58.333333333333336,1
162188,Pierre Kalulu,2025,D,135,Serie A,496,Juventus,3282.0,37,6.953382084095064,88.84842967683204,2.0,4.0,9.0,4.0,2197.0,43.0,62.0,8.0,24.0,223.0,119.0,22.0,7.0,9.0,16.0,34.0,0.0,4,1,0.0548446069469835,0.1096892138939671,0.2468007312614259,0.1096892138939671,60.24680073126142,1.1791590493601465,1.70018281535649,0.2193784277879342,0.6581352833638026,6.115173674588665,3.263254113345521,0.603290676416819,0.1919561243144424,0.2468007312614259,0.4387568555758684,0.9323583180987204,0.0,0.1096892138939671,0.0274223034734917,44.44444444444444,53.36322869955157,31.818181818181817,3
162265,Warmed Omari,2025,D,78,Bundesliga,175,Hamburger SV,1607.0,20,6.628811449906658,85.77348066298343,0.0,1.0,3.0,1.0,724.0,8.0,22.0,14.0,27.0,117.0,61.0,6.0,6.0,10.0,11.0,16.0,0.0,0,0,0.0,0.0560049782202862,0.1680149346608587,0.0560049782202862,40.54760423148724,0.4480398257622899,1.2321095208462975,0.7840696950840076,1.512134411947729,6.552582451773491,3.416303671437461,0.3360298693217174,0.3360298693217174,0.5600497822028625,0.6160547604231488,0.8960796515245799,0.0,0.0,0.0,33.33333333333333,52.13675213675214,100.0,0
162267,Adrien Truffert,2025,D,39,Premier League,35,Bournemouth,3380.0,38,6.83905325443787,83.46153846153847,1.0,5.0,11.0,6.0,1560.0,32.0,103.0,10.0,48.0,399.0,212.0,73.0,33.0,30.0,32.0,39.0,0.0,5,0,0.0266272189349112,0.1331360946745562,0.2928994082840236,0.1597633136094674,41.53846153846154,0.8520710059171598,2.742603550295858,0.2662721893491124,1.2781065088757395,10.624260355029586,5.644970414201184,1.9437869822485208,0.8786982248520709,0.7988165680473372,0.8520710059171598,1.0384615384615383,0.0,0.1331360946745562,0.0,54.54545454545454,53.1328320802005,45.20547945205479,1
162386,Kristoffer Lund,2025,D,78,Bundesliga,192,1. FC Köln,2289.0,33,6.641808650065531,76.91387559808612,0.0,2.0,14.0,3.0,836.0,20.0,38.0,7.0,26.0,225.0,128.0,34.0,19.0,9.0,39.0,13.0,3.0,2,0,0.0,0.0786369593709043,0.5504587155963303,0.1179554390563564,32.87024901703801,0.7863695937090432,1.494102228047182,0.2752293577981651,1.0222804718217562,8.846657929226737,5.032765399737877,1.3368283093053734,0.747051114023591,0.3538663171690694,1.5334207077326345,0.5111402359108781,0.1179554390563564,0.0786369593709043,0.0,21.428571428571427,56.888888888888886,55.88235294117647,3
162409,Konstantinos Koulierakis,2025,D,78,Bundesliga,161,VfL Wolfsburg,2698.0,31,6.843217197924388,84.38661710037175,4.0,1.0,21.0,12.0,1614.0,17.0,43.0,15.0,38.0,232.0,132.0,7.0,3.0,11.0,16.0,32.0,1.0,6,0,0.1334321719792438,0.0333580429948109,0.7005189028910304,0.4002965159377316,53.83988139362491,0.5670867309117865,1.4343958487768718,0.5003706449221645,1.267605633802817,7.739065974796145,4.403261675315048,0.2335063009636767,0.1000741289844329,0.3669384729429207,0.5337286879169755,1.067457375833951,0.0333580429948109,0.2001482579688658,0.0,57.14285714285714,56.896551724137936,42.85714285714285,2
162414,Aurèle Amenda,2025,D,78,Bundesliga,169,Eintracht Frankfurt,1685.0,24,6.683303624480095,87.79069767441861,0.0,0.0,10.0,2.0,1377.0,6.0,15.0,7.0,26.0,169.0,106.0,4.0,2.0,6.0,13.0,22.0,0.0,5,0,0.0,0.0,0.5341246290801187,0.1068249258160237,73.54896142433233,0.3204747774480712,0.8011869436201781,0.373887240356083,1.3887240356083086,9.026706231454003,5.661721068249259,0.2136498516320474,0.1068249258160237,0.3204747774480712,0.6943620178041543,1.1750741839762613,0.0,0.2670623145400593,0.0,20.0,62.721893491124256,50.0,0
162434,Alejandro Francés,2025,D,140,La Liga,547,Girona,1121.0,24,7.015700267618199,83.17373461012312,0.0,2.0,9.0,4.0,731.0,10.0,25.0,6.0,15.0,104.0,69.0,11.0,7.0,7.0,23.0,15.0,1.0,2,1,0.0,0.1605709188224799,0.7225691347011597,0.3211418376449598,58.68867082961641,0.8028545941123997,2.007136485280999,0.4817127564674398,1.2042818911685995,8.349687778768956,5.539696699375558,0.8831400535236397,0.5619982158786797,0.5619982158786797,1.8465655664585192,1.2042818911685995,0.0802854594112399,0.1605709188224799,0.0802854594112399,44.44444444444444,66.34615384615384,63.63636363636363,2
162465,Melvin Bard,2025,D,61,Ligue 1,84,Nice,2531.0,31,6.750375345713157,80.36454018227009,2.0,1.0,13.0,5.0,1207.0,16.0,55.0,14.0,42.0,241.0,135.0,30.0,19.0,22.0,28.0,26.0,3.0,4,0,0.0711181351244567,0.0355590675622283,0.4622678783089687,0.1777953378111418,42.91979454760964,0.5689450809956539,1.95574871592256,0.4978269458711971,1.4934808376135915,8.569735282497037,4.80047412090083,1.066772026866851,0.675622283682339,0.7822994863690241,0.9956538917423944,0.9245357566179376,0.1066772026866851,0.1422362702489134,0.0,38.46153846153847,56.01659751037344,63.33333333333333,2
162466,Sinaly Diomandé,2025,D,61,Ligue 1,108,Auxerre,2134.0,24,6.935004686035613,86.25393494228751,2.0,2.0,7.0,4.0,953.0,4.0,33.0,14.0,31.0,167.0,99.0,9.0,5.0,12.0,26.0,31.0,2.0,4,1,0.0843486410496719,0.0843486410496719,0.2952202436738519,0.1686972820993439,40.1921274601687,0.1686972820993439,1.3917525773195876,0.5904404873477038,1.3074039362699157,7.043111527647611,4.175257731958763,0.3795688847235239,0.2108716026241799,0.5060918462980318,1.0965323336457358,1.3074039362699157,0.0843486410496719,0.1686972820993439,0.0421743205248359,57.14285714285714,59.2814371257485,55.55555555555556,0
162568,Soumaila Coulibaly,2025,D,61,Ligue 1,106,Stade Brestois 29,1339.0,16,6.596489917849142,90.2013422818792,0.0,0.0,5.0,2.0,745.0,2.0,14.0,9.0,14.0,99.0,63.0,3.0,3.0,0.0,20.0,26.0,1.0,3,0,0.0,0.0,0.3360716952949962,0.1344286781179985,50.074682598954446,0.1344286781179985,0.9410007468259896,0.6049290515309933,0.9410007468259896,6.654219566840927,4.234503360716953,0.2016430171769977,0.2016430171769977,0.0,1.344286781179985,1.7475728155339805,0.0672143390589992,0.2016430171769977,0.0,40.0,63.63636363636363,100.0,0
162761,Castello Lukeba,2025,D,78,Bundesliga,173,RB Leipzig,2177.0,26,7.120349104271934,90.16870273414776,1.0,0.0,5.0,2.0,1719.0,7.0,31.0,21.0,30.0,150.0,95.0,29.0,22.0,4.0,12.0,11.0,1.0,3,0,0.0413412953605879,0.0,0.2067064768029398,0.0826825907211759,71.0656867248507,0.2893890675241157,1.281580156178227,0.8681672025723474,1.2402388608176391,6.201194304088195,3.927423059255856,1.1988975654570508,0.9095084979329352,0.1653651814423518,0.4960955443270555,0.4547542489664676,0.0413412953605879,0.1240238860817638,0.0,40.0,63.33333333333333,75.86206896551724,0
162952,Mario Gila,2025,D,135,Serie A,487,Lazio,2482.0,31,7.246172441579372,90.65934065934066,0.0,0.0,9.0,3.0,1820.0,5.0,46.0,17.0,25.0,203.0,134.0,7.0,6.0,11.0,25.0,19.0,0.0,4,1,0.0,0.0,0.3263497179693795,0.1087832393231265,65.99516518936342,0.1813053988718775,1.6680096696212732,0.6164383561643836,0.9065269943593876,7.360999194198227,4.858984689766317,0.2538275584206285,0.217566478646253,0.3988718775181306,0.9065269943593876,0.6889605157131345,0.0,0.145044319097502,0.0362610797743755,33.33333333333333,66.00985221674877,85.71428571428571,0
162964,Robin Hranáč,2025,D,78,Bundesliga,167,1899 Hoffenheim,2251.0,29,6.792714349178143,86.32411067193677,1.0,0.0,6.0,3.0,1265.0,3.0,25.0,18.0,17.0,205.0,119.0,4.0,2.0,7.0,10.0,26.0,0.0,5,0,0.0399822301199466,0.0,0.2398933807196801,0.11994669035984,50.57752110173256,0.11994669035984,0.9995557529986672,0.7196801421590404,0.6796979120390937,8.196357174589071,4.757885384273656,0.1599289204797867,0.0799644602398933,0.2798756108396268,0.3998223011994669,1.039537983118614,0.0,0.1999111505997334,0.0,50.0,58.04878048780488,50.0,0
163039,Chrislain Matsima,2025,D,78,Bundesliga,170,FC Augsburg,1494.0,18,6.809638554216867,85.09234828496042,1.0,1.0,4.0,1.0,758.0,4.0,19.0,20.0,30.0,94.0,62.0,3.0,1.0,4.0,4.0,10.0,0.0,5,0,0.0602409638554216,0.0602409638554216,0.2409638554216867,0.0602409638554216,45.662650602409634,0.2409638554216867,1.144578313253012,1.2048192771084336,1.8072289156626504,5.662650602409639,3.734939759036145,0.180722891566265,0.0602409638554216,0.2409638554216867,0.2409638554216867,0.6024096385542168,0.0,0.3012048192771084,0.0,25.0,65.95744680851064,33.33333333333333,0
163069,Luca Netz,2025,D,78,Bundesliga,65,Nottingham Forest,1298.0,22,6.783654587509638,78.19383259911893,0.0,2.0,0.0,0.0,454.0,12.0,28.0,8.0,8.0,108.0,53.0,20.0,11.0,11.0,4.0,13.0,0.0,1,0,0.0,0.1386748844375963,0.0,0.0,31.479198767334363,0.8320493066255779,1.9414483821263484,0.5546995377503853,0.5546995377503853,7.488443759630201,3.674884437596302,1.386748844375963,0.7627118644067796,0.7627118644067796,0.2773497688751926,0.901386748844376,0.0,0.0693374422187981,0.0,,49.07407407407408,55.00000000000001,3
163189,Malick Thiaw,2025,D,39,Premier League,34,Newcastle,2964.0,35,7.097165991902834,89.6103896103896,4.0,0.0,20.0,14.0,1694.0,6.0,44.0,33.0,30.0,274.0,176.0,8.0,8.0,13.0,11.0,24.0,2.0,4,0,0.1214574898785425,0.0,0.6072874493927126,0.4251012145748988,51.43724696356276,0.1821862348178137,1.3360323886639676,1.0020242914979756,0.9109311740890688,8.319838056680162,5.34412955465587,0.242914979757085,0.242914979757085,0.3947368421052631,0.3340080971659919,0.728744939271255,0.0607287449392712,0.1214574898785425,0.0,70.0,64.23357664233576,100.0,0
169297,Andrias Edmundsson,2025,D,135,Serie A,504,Hellas Verona,1320.0,15,6.909090909090909,75.38167938931298,0.0,0.0,4.0,1.0,524.0,2.0,26.0,14.0,27.0,137.0,72.0,2.0,1.0,10.0,7.0,13.0,0.0,3,0,0.0,0.0,0.2727272727272727,0.0681818181818181,35.72727272727273,0.1363636363636363,1.7727272727272725,0.9545454545454546,1.8409090909090908,9.340909090909092,4.909090909090909,0.1363636363636363,0.0681818181818181,0.6818181818181819,0.4772727272727273,0.8863636363636362,0.0,0.2045454545454545,0.0,25.0,52.55474452554745,50.0,2
174881,Moustapha Mbow,2025,D,61,Ligue 1,114,Paris FC,2716.0,31,6.885935198821797,91.70333123821496,0.0,1.0,9.0,3.0,1591.0,4.0,52.0,29.0,39.0,216.0,135.0,7.0,6.0,11.0,16.0,28.0,1.0,5,0,0.0,0.0331369661266568,0.2982326951399116,0.0994108983799705,52.720913107511045,0.1325478645066274,1.7231222385861562,0.9609720176730486,1.292341678939617,7.157584683357879,4.473490427098675,0.2319587628865979,0.198821796759941,0.3645066273932253,0.5301914580265096,0.9278350515463918,0.0331369661266568,0.1656848306332842,0.0,33.33333333333333,62.5,85.71428571428571,0
174918,Loïc Badé,2025,D,78,Bundesliga,168,Bayer Leverkusen,1659.0,23,7.378661844484629,92.11822660098522,0.0,0.0,9.0,4.0,1421.0,2.0,33.0,19.0,21.0,150.0,95.0,5.0,3.0,3.0,4.0,11.0,0.0,5,0,0.0,0.0,0.488245931283906,0.2169981916817359,77.0886075949367,0.1084990958408679,1.790235081374322,1.030741410488246,1.139240506329114,8.1374321880651,5.15370705244123,0.2712477396021699,0.162748643761302,0.162748643761302,0.2169981916817359,0.596745027124774,0.0,0.2712477396021699,0.0,44.44444444444444,63.33333333333333,60.0,0
174927,Arouna Sangante,2025,D,61,Ligue 1,111,Le Havre,2333.0,28,6.997685383626233,85.67415730337079,1.0,1.0,8.0,5.0,1424.0,10.0,41.0,15.0,38.0,248.0,141.0,9.0,4.0,13.0,41.0,42.0,0.0,4,2,0.0385769395627946,0.0385769395627946,0.3086155165023574,0.1928846978139734,54.93356193741963,0.3857693956279469,1.581654522074582,0.5786540934419202,1.465923703386198,9.567081011573082,5.43934847835405,0.3471924560651521,0.1543077582511787,0.501500214316331,1.581654522074582,1.6202314616373767,0.0,0.1543077582511787,0.0771538791255893,62.5,56.85483870967742,44.44444444444444,2
177815,Tim Siersleben,2025,D,78,Bundesliga,180,1. FC Heidenheim,1093.0,15,6.491399817017383,81.46788990825688,0.0,0.0,5.0,3.0,545.0,2.0,23.0,10.0,20.0,90.0,49.0,1.0,0.0,11.0,13.0,13.0,1.0,2,0,0.0,0.0,0.4117108874656908,0.2470265324794144,44.876486733760295,0.1646843549862763,1.8938700823421772,0.8234217749313816,1.6468435498627632,7.410795974382434,4.03476669716377,0.0823421774931381,0.0,0.9057639524245196,1.070448307410796,1.070448307410796,0.0823421774931381,0.1646843549862763,0.0,60.0,54.44444444444444,0.0,2
178769,Philipp Treu,2025,D,78,Bundesliga,160,SC Freiburg,2194.0,28,6.595624430264357,85.62653562653563,1.0,2.0,12.0,5.0,814.0,20.0,44.0,7.0,9.0,202.0,107.0,36.0,15.0,15.0,37.0,20.0,2.0,2,0,0.0410209662716499,0.0820419325432999,0.4922515952597995,0.2051048313582497,33.39106654512306,0.820419325432999,1.804922515952598,0.2871467639015497,0.3691886964448496,8.28623518687329,4.389243391066545,1.4767547857793983,0.6153144940747494,0.6153144940747494,1.5177757520510482,0.820419325432999,0.0820419325432999,0.0820419325432999,0.0,41.66666666666667,52.97029702970298,41.66666666666667,3
179400,Maxime Estève,2025,D,39,Premier League,44,Burnley,2937.0,34,6.652672795369425,86.84992570579494,0.0,0.0,9.0,1.0,1346.0,7.0,44.0,33.0,37.0,210.0,139.0,5.0,3.0,15.0,12.0,13.0,0.0,1,0,0.0,0.0,0.2757916241062308,0.0306435137895812,41.2461695607763,0.2145045965270684,1.348314606741573,1.0112359550561798,1.1338100102145046,6.435137895812053,4.259448416751788,0.153217568947906,0.0919305413687436,0.459652706843718,0.3677221654749745,0.3983656792645556,0.0,0.0306435137895812,0.0,11.11111111111111,66.19047619047619,60.0,0
180317,Conor Bradley,2025,D,39,Premier League,40,Liverpool,932.0,15,6.618454935622318,83.94308943089432,0.0,1.0,2.0,0.0,492.0,4.0,19.0,4.0,13.0,136.0,61.0,22.0,7.0,15.0,20.0,18.0,1.0,5,0,0.0,0.0965665236051502,0.1931330472103004,0.0,47.51072961373391,0.3862660944206008,1.834763948497854,0.3862660944206008,1.255364806866953,13.133047210300427,5.890557939914164,2.124463519313305,0.6759656652360515,1.448497854077253,1.931330472103004,1.738197424892704,0.0965665236051502,0.482832618025751,0.0,0.0,44.85294117647059,31.818181818181817,1
180731,Lorenz Assignon,2025,D,78,Bundesliga,172,VfB Stuttgart,1109.0,24,6.581210478771454,83.92484342379957,0.0,0.0,9.0,4.0,480.0,10.0,22.0,2.0,13.0,123.0,60.0,21.0,11.0,5.0,7.0,19.0,1.0,3,1,0.0,0.0,0.7303877366997295,0.3246167718665464,38.95401262398557,0.8115419296663661,1.7853922452660054,0.1623083859332732,1.055004508566276,9.981965734896304,4.869251577998196,1.7042380522993688,0.8926961226330027,0.405770964833183,0.5680793507664562,1.5419296663660955,0.0811541929666366,0.2434625788999098,0.0811541929666366,44.44444444444444,48.78048780487805,52.38095238095239,1
180927,Zaid Romero,2025,D,140,La Liga,546,Getafe,1350.0,15,7.006666666666667,69.01408450704226,1.0,0.0,7.0,2.0,426.0,1.0,32.0,3.0,28.0,141.0,87.0,23.0,16.0,5.0,12.0,11.0,0.0,5,1,0.0666666666666666,0.0,0.4666666666666667,0.1333333333333333,28.4,0.0666666666666666,2.1333333333333333,0.2,1.8666666666666667,9.4,5.8,1.5333333333333334,1.0666666666666669,0.3333333333333333,0.8,0.7333333333333333,0.0,0.3333333333333333,0.0666666666666666,28.57142857142857,61.70212765957447,69.56521739130434,2
181582,José Copete,2025,D,140,La Liga,532,Valencia,1768.0,21,6.653619909502263,85.54336989032902,0.0,0.0,11.0,0.0,1003.0,5.0,25.0,16.0,22.0,137.0,78.0,9.0,7.0,8.0,11.0,20.0,2.0,5,0,0.0,0.0,0.5599547511312217,0.0,51.05769230769231,0.254524886877828,1.2726244343891402,0.8144796380090499,1.1199095022624437,6.973981900452489,3.9705882352941178,0.4581447963800905,0.3563348416289592,0.4072398190045249,0.5599547511312217,1.0180995475113122,0.1018099547511312,0.254524886877828,0.0,0.0,56.934306569343065,77.77777777777779,0
181701,Gerard Martín,2025,D,140,La Liga,529,Barcelona,2140.0,32,7.127582982702197,91.36690647482014,0.0,0.0,5.0,4.0,1947.0,13.0,40.0,8.0,28.0,146.0,97.0,9.0,6.0,10.0,7.0,16.0,0.0,6,0,0.0,0.0,0.2102803738317757,0.1682242990654205,81.88317757009347,0.5467289719626168,1.6822429906542056,0.3364485981308411,1.177570093457944,6.140186915887851,4.079439252336448,0.3785046728971962,0.2523364485981308,0.4205607476635514,0.294392523364486,0.6728971962616823,0.0,0.2523364485981308,0.0,80.0,66.43835616438356,66.66666666666666,0
181734,Josep Chavarría,2025,D,140,La Liga,728,Rayo Vallecano,2681.0,33,6.80130548302872,84.58528951486699,1.0,2.0,11.0,3.0,1278.0,27.0,54.0,14.0,31.0,248.0,128.0,44.0,17.0,16.0,35.0,33.0,3.0,6,1,0.0335695635956732,0.0671391271913465,0.3692651995524058,0.1007086907870197,42.90190227527042,0.906378217083178,1.812756434166356,0.4699738903394256,1.040656471465871,8.325251771726968,4.296904140246177,1.477060798209623,0.5706825811264453,0.5371130175307721,1.1749347258485638,1.1077955986572174,0.1007086907870197,0.2014173815740395,0.0335695635956732,27.27272727272727,51.61290322580645,38.63636363636363,3
181797,Bashir Humphreys,2025,D,39,Premier League,44,Burnley,1578.0,20,6.8663705583756345,81.90364277320799,0.0,0.0,5.0,3.0,851.0,9.0,27.0,19.0,11.0,144.0,69.0,12.0,6.0,17.0,10.0,14.0,2.0,6,0,0.0,0.0,0.2851711026615969,0.1711026615969581,48.536121673003805,0.5133079847908746,1.5399239543726235,1.0836501901140685,0.6273764258555133,8.212927756653993,3.935361216730038,0.6844106463878327,0.3422053231939163,0.9695817490494296,0.5703422053231939,0.7984790874524715,0.1140684410646387,0.3422053231939163,0.0,60.0,47.91666666666667,50.0,3
181806,Nicolò Savona,2025,D,39,Premier League,65,Nottingham Forest,1026.0,14,6.677972709551657,78.69674185463658,2.0,0.0,4.0,3.0,399.0,7.0,20.0,3.0,4.0,70.0,34.0,5.0,2.0,15.0,5.0,12.0,1.0,2,0,0.175438596491228,0.0,0.3508771929824561,0.2631578947368421,35.0,0.6140350877192982,1.7543859649122806,0.2631578947368421,0.3508771929824561,6.140350877192982,2.982456140350877,0.4385964912280701,0.175438596491228,1.3157894736842104,0.4385964912280701,1.0526315789473684,0.087719298245614,0.175438596491228,0.0,75.0,48.57142857142857,40.0,3
182181,Jesús Areso,2025,D,140,La Liga,531,Athletic Club,1513.0,26,6.7208195637805686,83.47676419965576,0.0,1.0,1.0,0.0,581.0,23.0,22.0,8.0,18.0,126.0,75.0,25.0,14.0,6.0,7.0,19.0,1.0,3,0,0.0,0.0594844679444811,0.0594844679444811,0.0,34.56047587574356,1.368142762723067,1.3086582947785856,0.4758757435558493,1.0707204230006608,7.495042961004627,4.461335095836087,1.4871116986120292,0.8327825512227364,0.356906807666887,0.4163912756113682,1.130204890945142,0.0594844679444811,0.1784534038334435,0.0,0.0,59.523809523809526,56.00000000000001,3
182546,Jon Pacheco,2025,D,140,La Liga,542,Alaves,1734.0,22,6.765051903114187,86.46055437100213,0.0,0.0,4.0,1.0,938.0,5.0,37.0,21.0,11.0,144.0,89.0,4.0,3.0,11.0,7.0,14.0,1.0,6,1,0.0,0.0,0.2076124567474048,0.0519031141868512,48.68512110726643,0.2595155709342561,1.9204152249134947,1.0899653979238757,0.5709342560553633,7.474048442906574,4.619377162629758,0.2076124567474048,0.1557093425605536,0.5709342560553633,0.3633217993079584,0.7266435986159169,0.0519031141868512,0.3114186851211072,0.0519031141868512,25.0,61.80555555555556,75.0,0
182592,Jorge Herrando,2025,D,140,La Liga,727,Osasuna,1608.0,28,6.714374611076542,86.0597439544808,0.0,1.0,1.0,0.0,703.0,2.0,33.0,11.0,20.0,126.0,71.0,3.0,3.0,9.0,8.0,24.0,0.0,3,0,0.0,0.0559701492537313,0.0559701492537313,0.0,39.34701492537313,0.1119402985074626,1.8470149253731345,0.6156716417910448,1.119402985074627,7.052238805970149,3.973880597014925,0.167910447761194,0.167910447761194,0.503731343283582,0.4477611940298507,1.343283582089552,0.0,0.167910447761194,0.0,0.0,56.34920634920635,100.0,0
182636,Javi López,2025,D,140,La Liga,718,Oviedo,1726.0,25,6.565990730011588,79.40780619111709,0.0,1.0,3.0,1.0,743.0,19.0,43.0,2.0,20.0,203.0,99.0,40.0,18.0,13.0,26.0,38.0,2.0,3,1,0.0,0.0521436848203939,0.1564310544611819,0.0521436848203939,38.74275782155272,0.9907300115874856,2.242178447276941,0.1042873696407879,1.0428736964078795,10.585168018539978,5.162224797219003,2.085747392815759,0.9385863267670916,0.6778679026651216,1.3557358053302433,1.981460023174971,0.1042873696407879,0.1564310544611819,0.0521436848203939,33.33333333333333,48.76847290640394,45.0,1
182661,Alvaro Núñez,2025,D,140,La Liga,538,Celta Vigo,1984.0,25,6.93608870967742,91.3934426229508,0.0,2.0,2.0,1.0,1220.0,22.0,29.0,8.0,16.0,141.0,77.0,23.0,15.0,13.0,22.0,14.0,2.0,2,0,0.0,0.0907258064516129,0.0907258064516129,0.0453629032258064,55.342741935483865,0.997983870967742,1.315524193548387,0.3629032258064516,0.7258064516129032,6.39616935483871,3.492943548387097,1.0433467741935485,0.6804435483870968,0.5897177419354839,0.997983870967742,0.6350806451612903,0.0907258064516129,0.0907258064516129,0.0,50.0,54.60992907801418,65.21739130434783,3
183849,Aitor Paredes,2025,D,140,La Liga,531,Athletic Club,1629.0,19,6.761878453038674,87.57961783439491,2.0,0.0,11.0,4.0,942.0,4.0,21.0,4.0,29.0,104.0,61.0,3.0,3.0,5.0,7.0,19.0,0.0,4,0,0.1104972375690607,0.0,0.6077348066298343,0.2209944751381215,52.04419889502762,0.2209944751381215,1.160220994475138,0.2209944751381215,1.6022099447513811,5.745856353591161,3.3701657458563536,0.1657458563535911,0.1657458563535911,0.2762430939226519,0.3867403314917127,1.049723756906077,0.0,0.2209944751381215,0.0,36.36363636363637,58.65384615384615,100.0,0
184420,Carlos Romero,2025,D,140,La Liga,540,Espanyol,3195.0,36,7.050547730829421,79.52522255192879,6.0,3.0,26.0,12.0,1011.0,27.0,97.0,16.0,40.0,327.0,178.0,84.0,49.0,32.0,19.0,40.0,1.0,4,0,0.1690140845070422,0.0845070422535211,0.7323943661971831,0.3380281690140845,28.47887323943662,0.76056338028169,2.732394366197183,0.4507042253521126,1.1267605633802815,9.211267605633802,5.014084507042254,2.3661971830985915,1.380281690140845,0.9014084507042252,0.5352112676056338,1.1267605633802815,0.028169014084507,0.1126760563380281,0.0,46.15384615384615,54.43425076452599,58.333333333333336,1
191160,Jordy Makengo,2025,D,78,Bundesliga,160,SC Freiburg,1188.0,20,6.553282828282828,84.42437923250564,0.0,1.0,0.0,0.0,445.0,5.0,22.0,10.0,15.0,84.0,52.0,13.0,7.0,4.0,9.0,10.0,2.0,1,0,0.0,0.0757575757575757,0.0,0.0,33.71212121212121,0.3787878787878788,1.6666666666666663,0.7575757575757576,1.1363636363636362,6.363636363636363,3.939393939393939,0.9848484848484848,0.5303030303030303,0.303030303030303,0.6818181818181819,0.7575757575757576,0.1515151515151515,0.0757575757575757,0.0,,61.90476190476191,53.84615384615385,0
191189,Clement Akpa,2025,D,61,Ligue 1,108,Auxerre,1949.0,26,6.753771164699845,80.52190121155638,0.0,0.0,3.0,0.0,1073.0,9.0,31.0,9.0,21.0,163.0,107.0,13.0,11.0,10.0,30.0,12.0,1.0,4,1,0.0,0.0,0.1385325808106721,0.0,49.54848640328374,0.4155977424320164,1.4315033350436122,0.4155977424320164,0.969728065674705,7.526936890713187,4.940995382247307,0.6003078501795792,0.5079527963057978,0.4617752693689071,1.3853258081067217,0.5541303232426885,0.0461775269368907,0.1847101077475628,0.0461775269368907,0.0,65.6441717791411,84.61538461538461,0
191240,Marvin Senaya,2025,D,61,Ligue 1,108,Auxerre,1784.0,25,6.877130044843049,76.32,1.0,0.0,8.0,5.0,625.0,6.0,57.0,14.0,34.0,218.0,134.0,21.0,3.0,14.0,32.0,26.0,1.0,5,0,0.0504484304932735,0.0,0.4035874439461883,0.2522421524663677,31.530269058295964,0.3026905829596413,2.8755605381165923,0.7062780269058296,1.7152466367713004,10.997757847533633,6.760089686098654,1.0594170403587444,0.1513452914798206,0.7062780269058296,1.6143497757847534,1.3116591928251122,0.0504484304932735,0.2522421524663677,0.0,62.5,61.46788990825688,14.285714285714285,2
191740,Sebastian Sebulonsen,2025,D,78,Bundesliga,192,1. FC Köln,2505.0,31,6.388542914171658,77.0935960591133,0.0,0.0,16.0,5.0,812.0,21.0,44.0,5.0,14.0,190.0,100.0,39.0,18.0,16.0,9.0,11.0,4.0,5,0,0.0,0.0,0.5748502994011976,0.1796407185628742,29.17365269461078,0.7544910179640718,1.5808383233532934,0.1796407185628742,0.5029940119760479,6.826347305389222,3.592814371257485,1.401197604790419,0.6467065868263473,0.5748502994011976,0.3233532934131736,0.3952095808383233,0.1437125748502994,0.1796407185628742,0.0,31.25,52.63157894736842,46.15384615384615,3
193501,Bamo Meïté,2025,D,61,Ligue 1,97,Lorient,1983.0,25,6.719364599092285,84.80278422273781,0.0,3.0,8.0,1.0,862.0,7.0,28.0,13.0,13.0,222.0,125.0,13.0,7.0,12.0,25.0,30.0,2.0,5,0,0.0,0.1361573373676248,0.3630862329803329,0.0453857791225416,39.12254160363086,0.3177004538577912,1.2708018154311649,0.5900151285930408,0.5900151285930408,10.075642965204237,5.673222390317701,0.5900151285930408,0.3177004538577912,0.5446293494704992,1.13464447806354,1.361573373676248,0.0907715582450832,0.226928895612708,0.0,12.5,56.30630630630631,53.84615384615385,2
193953,Lamine Sy,2025,D,61,Ligue 1,108,Auxerre,1551.0,24,6.722566086395874,83.68932038834951,0.0,0.0,7.0,2.0,518.0,13.0,42.0,7.0,24.0,147.0,75.0,40.0,13.0,11.0,14.0,24.0,3.0,1,0,0.0,0.0,0.4061895551257253,0.11605415860735,30.058027079303677,0.7543520309477757,2.437137330754352,0.4061895551257253,1.3926499032882012,8.529980657640232,4.352030947775629,2.3210831721470018,0.7543520309477757,0.6382978723404256,0.8123791102514506,1.3926499032882012,0.1740812379110251,0.058027079303675,0.0,28.57142857142857,51.02040816326531,32.5,1
195100,Natan,2025,D,140,La Liga,543,Real Betis,2810.0,33,6.717864768683274,88.19832402234637,0.0,0.0,7.0,1.0,1432.0,7.0,31.0,23.0,37.0,210.0,110.0,4.0,3.0,9.0,11.0,28.0,0.0,8,0,0.0,0.0,0.2241992882562277,0.0320284697508896,45.864768683274015,0.2241992882562277,0.99288256227758,0.7366548042704627,1.1850533807829182,6.725978647686833,3.5231316725978647,0.1281138790035587,0.096085409252669,0.2882562277580071,0.3523131672597865,0.896797153024911,0.0,0.2562277580071174,0.0,14.285714285714285,52.38095238095239,75.0,0
195717,Yerson Mosquera,2025,D,39,Premier League,39,Wolves,2142.0,27,6.70569827183559,80.45397225725095,0.0,0.0,22.0,6.0,793.0,11.0,62.0,17.0,29.0,282.0,160.0,23.0,9.0,17.0,44.0,34.0,1.0,12,0,0.0,0.0,0.9243697478991596,0.2521008403361344,33.31932773109244,0.4621848739495798,2.6050420168067228,0.7142857142857142,1.2184873949579833,11.84873949579832,6.722689075630252,0.9663865546218487,0.3781512605042016,0.7142857142857142,1.8487394957983196,1.4285714285714284,0.042016806722689,0.5042016806722689,0.0,27.27272727272727,56.73758865248227,39.130434782608695,1
195923,José Ángel Carmona,2025,D,140,La Liga,536,Sevilla,2564.0,35,6.770748829953199,81.27147766323024,1.0,3.0,13.0,3.0,1164.0,22.0,65.0,9.0,39.0,318.0,172.0,42.0,19.0,45.0,44.0,49.0,3.0,13,0,0.0351014040561622,0.1053042121684867,0.4563182527301092,0.1053042121684867,40.858034321372855,0.7722308892355695,2.281591263650546,0.3159126365054602,1.3689547581903276,11.162246489859594,6.037441497659906,1.4742589703588145,0.6669266770670828,1.579563182527301,1.544461778471139,1.71996879875195,0.1053042121684867,0.4563182527301092,0.0,23.07692307692308,54.088050314465406,45.23809523809524,1
196187,Alidu Seidu,2025,D,61,Ligue 1,94,Rennes,1185.0,21,6.962922297297296,91.8097754293263,0.0,1.0,5.0,1.0,757.0,8.0,35.0,2.0,17.0,139.0,87.0,14.0,7.0,8.0,31.0,16.0,3.0,1,0,0.0,0.0759493670886076,0.3797468354430379,0.0759493670886076,57.493670886075954,0.6075949367088608,2.6582278481012658,0.1518987341772152,1.2911392405063291,10.556962025316457,6.607594936708861,1.0632911392405062,0.5316455696202531,0.6075949367088608,2.354430379746835,1.2151898734177216,0.2278481012658227,0.0759493670886076,0.0,20.0,62.58992805755396,50.0,2
199044,Jon Aramburu,2025,D,140,La Liga,548,Real Sociedad,2788.0,35,6.633895265423241,80.93385214007782,1.0,0.0,17.0,5.0,1285.0,11.0,105.0,9.0,47.0,368.0,207.0,20.0,9.0,46.0,45.0,69.0,3.0,11,0,0.0322812051649928,0.0,0.5487804878048781,0.1614060258249641,41.48134863701578,0.3550932568149211,3.3895265423242464,0.2905308464849354,1.5172166427546627,11.87948350071736,6.682209469153515,0.6456241032998565,0.2905308464849354,1.48493543758967,1.4526542324246772,2.227403156384505,0.0968436154949784,0.3550932568149211,0.0,29.411764705882355,56.25,45.0,1
203219,Jamil Siebert,2025,D,135,Serie A,867,Lecce,1707.0,21,6.853868698710434,77.24252491694352,1.0,0.0,3.0,2.0,602.0,3.0,27.0,21.0,15.0,143.0,75.0,6.0,4.0,10.0,7.0,22.0,1.0,3,0,0.0527240773286467,0.0,0.1581722319859402,0.1054481546572935,31.739894551845342,0.1581722319859402,1.4235500878734622,1.1072056239015815,0.7908611599297013,7.539543057996486,3.954305799648506,0.3163444639718805,0.210896309314587,0.5272407732864675,0.3690685413005272,1.1599297012302283,0.0527240773286467,0.1581722319859402,0.0,66.66666666666666,52.44755244755245,66.66666666666666,0
204039,Destiny Udogie,2025,D,39,Premier League,47,Tottenham,1341.0,20,6.503057419835944,85.47008547008546,0.0,1.0,2.0,1.0,585.0,12.0,31.0,5.0,7.0,132.0,66.0,18.0,6.0,12.0,22.0,17.0,3.0,4,0,0.0,0.0671140939597315,0.1342281879194631,0.0671140939597315,39.26174496644296,0.8053691275167785,2.0805369127516777,0.3355704697986577,0.4697986577181208,8.859060402684564,4.429530201342282,1.2080536912751678,0.4026845637583892,0.8053691275167785,1.4765100671140938,1.140939597315436,0.2013422818791946,0.2684563758389262,0.0,50.0,50.0,33.33333333333333,3
204043,Arthur Theate,2025,D,78,Bundesliga,169,Eintracht Frankfurt,2143.0,24,6.7962202519832005,89.920098340504,1.0,0.0,14.0,7.0,1627.0,12.0,35.0,16.0,30.0,160.0,83.0,8.0,4.0,10.0,13.0,15.0,1.0,8,0,0.0419972001866542,0.0,0.5879608026131591,0.2939804013065795,68.32944470368642,0.5039664022398507,1.4699020065328978,0.6719552029864676,1.2599160055996268,6.719552029864675,3.4857676154923003,0.3359776014932338,0.1679888007466169,0.4199720018665422,0.5459636024265049,0.6299580027998134,0.0419972001866542,0.3359776014932338,0.0,50.0,51.87500000000001,50.0,0
206254,Miloš Kerkez,2025,D,39,Premier League,40,Liverpool,2301.0,34,6.632681442850934,85.29962546816479,2.0,1.0,7.0,2.0,1068.0,26.0,41.0,8.0,14.0,193.0,114.0,22.0,12.0,10.0,30.0,22.0,4.0,3,0,0.0782268578878748,0.0391134289439374,0.2737940026075619,0.0782268578878748,41.77314211212517,1.0169491525423728,1.603650586701434,0.3129074315514993,0.5475880052151239,7.548891786179922,4.458930899608865,0.8604954367666231,0.469361147327249,0.3911342894393741,1.1734028683181226,0.8604954367666231,0.1564537157757496,0.1173402868318122,0.0,28.57142857142857,59.067357512953365,54.54545454545454,3
215827,Fredrik Oppegård,2025,D,61,Ligue 1,108,Auxerre,1269.0,23,6.453821907013396,79.64376590330788,0.0,0.0,5.0,2.0,393.0,11.0,26.0,5.0,13.0,81.0,43.0,17.0,9.0,5.0,8.0,8.0,2.0,1,1,0.0,0.0,0.3546099290780141,0.1418439716312056,27.87234042553192,0.7801418439716312,1.843971631205673,0.3546099290780141,0.9219858156028368,5.744680851063829,3.049645390070922,1.2056737588652482,0.6382978723404256,0.3546099290780141,0.5673758865248227,0.5673758865248227,0.1418439716312056,0.0709219858156028,0.0709219858156028,40.0,53.086419753086425,52.94117647058824,3
231032,Moritz Jenz,2025,D,78,Bundesliga,161,VfL Wolfsburg,1789.0,22,6.584275321768327,89.03036238981392,1.0,0.0,2.0,1.0,1021.0,2.0,32.0,20.0,12.0,167.0,102.0,0.0,0.0,6.0,7.0,31.0,0.0,8,1,0.0503074343208496,0.0,0.1006148686416992,0.0503074343208496,51.363890441587486,0.1006148686416992,1.6098378982671884,1.0061486864169926,0.6036892118501956,8.401341531581888,5.131358300726663,0.0,0.0,0.3018446059250978,0.3521520402459474,1.5595304639463388,0.0,0.4024594745667971,0.0503074343208496,50.0,61.07784431137725,,0
237066,Rafa Marín,2025,D,140,La Liga,533,Villarreal,1980.0,23,7.025555555555556,90.30470914127424,1.0,0.0,5.0,1.0,1083.0,7.0,37.0,16.0,19.0,146.0,88.0,2.0,2.0,10.0,8.0,16.0,3.0,1,0,0.0454545454545454,0.0,0.2272727272727273,0.0454545454545454,49.22727272727273,0.3181818181818182,1.6818181818181817,0.7272727272727273,0.8636363636363635,6.636363636363637,4.0,0.0909090909090909,0.0909090909090909,0.4545454545454546,0.3636363636363636,0.7272727272727273,0.1363636363636363,0.0454545454545454,0.0,20.0,60.273972602739725,100.0,0
263482,Nuno Mendes,2025,D,61,Ligue 1,85,Paris Saint Germain,1251.0,20,7.41616,89.44618599791013,4.0,5.0,23.0,15.0,957.0,30.0,25.0,4.0,13.0,148.0,83.0,51.0,25.0,7.0,25.0,12.0,3.0,1,0,0.2877697841726618,0.3597122302158273,1.6546762589928057,1.079136690647482,68.84892086330936,2.158273381294964,1.7985611510791366,0.2877697841726618,0.9352517985611511,10.64748201438849,5.971223021582734,3.669064748201439,1.7985611510791366,0.5035971223021583,1.7985611510791366,0.8633093525179856,0.2158273381294964,0.0719424460431654,0.0,65.21739130434783,56.08108108108109,49.01960784313725,1
264472,Filippo Terracciano,2025,D,135,Serie A,520,Cremonese,3012.0,36,6.714043824701196,86.19354838709677,2.0,0.0,9.0,4.0,1550.0,11.0,33.0,23.0,56.0,174.0,106.0,13.0,5.0,9.0,26.0,18.0,0.0,6,0,0.0597609561752988,0.0,0.2689243027888446,0.1195219123505976,46.31474103585657,0.3286852589641434,0.9860557768924304,0.6872509960159363,1.6733067729083666,5.199203187250996,3.167330677290837,0.3884462151394422,0.149402390438247,0.2689243027888446,0.7768924302788844,0.5378486055776892,0.0,0.1792828685258964,0.0,44.44444444444444,60.91954022988506,38.46153846153847,0
266013,Otávio,2025,D,61,Ligue 1,114,Paris FC,1908.0,23,6.916037735849058,88.45029239766082,1.0,0.0,8.0,3.0,1368.0,4.0,50.0,18.0,28.0,185.0,112.0,11.0,6.0,15.0,33.0,24.0,1.0,6,1,0.0471698113207547,0.0,0.3773584905660377,0.1415094339622641,64.52830188679245,0.1886792452830188,2.3584905660377355,0.8490566037735848,1.3207547169811322,8.726415094339622,5.283018867924529,0.5188679245283019,0.2830188679245283,0.7075471698113207,1.5566037735849056,1.1320754716981132,0.0471698113207547,0.2830188679245283,0.0471698113207547,37.5,60.54054054054055,54.54545454545454,2
268341,Federico Gatti,2025,D,135,Serie A,496,Juventus,1100.0,21,6.770556061987239,90.69767441860463,2.0,0.0,11.0,6.0,645.0,3.0,12.0,6.0,13.0,82.0,46.0,1.0,1.0,3.0,6.0,17.0,0.0,2,0,0.1636363636363636,0.0,0.9,0.4909090909090909,52.77272727272727,0.2454545454545454,0.981818181818182,0.4909090909090909,1.0636363636363635,6.709090909090909,3.763636363636364,0.0818181818181818,0.0818181818181818,0.2454545454545454,0.4909090909090909,1.3909090909090909,0.0,0.1636363636363636,0.0,54.54545454545454,56.09756097560976,100.0,0
269531,Nnamdi Collins,2025,D,78,Bundesliga,169,Eintracht Frankfurt,1508.0,23,6.656564986737401,87.63940520446096,1.0,2.0,4.0,1.0,1076.0,3.0,49.0,1.0,25.0,161.0,97.0,24.0,11.0,10.0,19.0,22.0,0.0,4,0,0.059681697612732,0.1193633952254641,0.2387267904509283,0.059681697612732,64.21750663129974,0.1790450928381962,2.9244031830238724,0.059681697612732,1.4920424403183026,9.608753315649867,5.789124668435013,1.4323607427055702,0.6564986737400531,0.596816976127321,1.13395225464191,1.3129973474801062,0.0,0.2387267904509283,0.0,25.0,60.24844720496895,45.83333333333333,2
270139,Jake O'Brien,2025,D,39,Premier League,45,Everton,3131.0,37,6.712360268284892,74.07063197026022,1.0,1.0,10.0,6.0,1076.0,17.0,57.0,16.0,15.0,319.0,195.0,20.0,6.0,8.0,17.0,23.0,4.0,6,1,0.0287448099648674,0.0287448099648674,0.2874480996486745,0.1724688597892047,30.92941552219738,0.4886617694027467,1.638454167997445,0.4599169594378793,0.4311721494730118,9.169594378792718,5.605237943149153,0.5748961992973491,0.1724688597892047,0.2299584797189396,0.4886617694027467,0.6611306291919514,0.1149792398594698,0.1724688597892047,0.0287448099648674,60.0,61.12852664576802,30.0,3
271350,Tarik Muharemović,2025,D,135,Serie A,488,Sassuolo,2835.0,32,6.873015873015873,85.68829593693147,2.0,2.0,12.0,6.0,1649.0,5.0,44.0,31.0,45.0,208.0,134.0,11.0,7.0,9.0,20.0,24.0,0.0,7,0,0.0634920634920635,0.0634920634920635,0.380952380952381,0.1904761904761905,52.34920634920635,0.1587301587301587,1.3968253968253967,0.9841269841269842,1.4285714285714284,6.603174603174604,4.253968253968254,0.3492063492063492,0.2222222222222222,0.2857142857142857,0.6349206349206349,0.761904761904762,0.0,0.2222222222222222,0.0,50.0,64.42307692307693,63.63636363636363,0
271540,Ousmane Camara,2025,D,61,Ligue 1,77,Angers,2719.0,32,6.866016917984553,90.60205580029368,1.0,0.0,12.0,5.0,1362.0,4.0,47.0,25.0,31.0,191.0,111.0,5.0,3.0,7.0,7.0,22.0,1.0,2,0,0.0331004045605001,0.0,0.3972048547260022,0.1655020228025009,45.08275101140126,0.1324016182420007,1.555719014343509,0.8275101140125045,1.0261125413755057,6.322177271055534,3.67414490621552,0.1655020228025009,0.0993012136815005,0.2317028319235012,0.2317028319235012,0.7282089003310042,0.0331004045605001,0.0662008091210003,0.0,41.66666666666667,58.1151832460733,60.0,0
271542,Ismael Doukouré,2025,D,61,Ligue 1,95,Strasbourg,2076.0,25,6.649710982658959,91.6159567275186,0.0,2.0,7.0,3.0,1479.0,7.0,20.0,12.0,23.0,133.0,78.0,15.0,12.0,2.0,17.0,21.0,0.0,4,1,0.0,0.0867052023121387,0.3034682080924855,0.130057803468208,64.11849710982659,0.3034682080924855,0.8670520231213872,0.5202312138728323,0.9971098265895952,5.765895953757226,3.3815028901734108,0.6502890173410405,0.5202312138728323,0.0867052023121387,0.7369942196531792,0.9104046242774566,0.0,0.1734104046242774,0.0433526011560693,42.85714285714285,58.64661654135338,80.0,0
272460,Quentin Merlin,2025,D,61,Ligue 1,94,Rennes,2532.0,33,6.955331753554503,78.44444444444446,1.0,5.0,14.0,7.0,1350.0,47.0,56.0,12.0,35.0,218.0,114.0,32.0,16.0,28.0,30.0,22.0,5.0,2,0,0.0355450236966824,0.1777251184834123,0.4976303317535545,0.2488151658767772,47.985781990521325,1.6706161137440756,1.990521327014218,0.4265402843601896,1.2440758293838865,7.748815165876778,4.052132701421801,1.1374407582938388,0.5687203791469194,0.9952606635071092,1.066350710900474,0.7819905213270142,0.1777251184834123,0.0710900473933649,0.0,50.0,52.293577981651374,50.0,3
274267,Bradley Locko,2025,D,61,Ligue 1,106,Stade Brestois 29,1302.0,21,6.686635944700463,77.65726681127983,0.0,2.0,2.0,1.0,461.0,8.0,53.0,0.0,11.0,164.0,90.0,24.0,12.0,23.0,18.0,12.0,2.0,0,0,0.0,0.1382488479262673,0.1382488479262673,0.0691244239631336,31.86635944700461,0.5529953917050692,3.6635944700460823,0.0,0.7603686635944701,11.336405529953916,6.2211981566820285,1.6589861751152073,0.8294930875576036,1.5898617511520736,1.2442396313364057,0.8294930875576036,0.1382488479262673,0.0,0.0,50.0,54.87804878048781,50.0,1
276184,Mamadou Sarr,2025,D,61,Ligue 1,49,Chelsea,1412.0,18,6.73555240793201,94.6808510638298,0.0,0.0,2.0,0.0,1034.0,1.0,16.0,4.0,10.0,104.0,53.0,8.0,5.0,7.0,11.0,16.0,0.0,3,0,0.0,0.0,0.1274787535410765,0.0,65.90651558073654,0.0637393767705382,1.019830028328612,0.254957507082153,0.6373937677053825,6.628895184135977,3.378186968838527,0.509915014164306,0.3186968838526912,0.4461756373937677,0.7011331444759207,1.019830028328612,0.0,0.1912181303116147,0.0,0.0,50.96153846153846,62.5,0
278392,Charlie Cresswell,2025,D,61,Ligue 1,96,Toulouse,2533.0,29,6.98278720884327,85.66359119943222,3.0,2.0,31.0,12.0,1409.0,11.0,26.0,30.0,28.0,296.0,171.0,1.0,1.0,20.0,15.0,31.0,4.0,8,0,0.1065929727595736,0.0710619818397157,1.1014607185155942,0.4263718910382945,50.06316620607974,0.3908409001184366,0.9238057639163048,1.0659297275957362,0.9948677457560204,10.517173312277931,6.075799447295697,0.0355309909198578,0.0355309909198578,0.7106198183971575,0.5329648637978681,1.1014607185155942,0.1421239636794315,0.284247927358863,0.0,38.70967741935484,57.770270270270274,100.0,2
278453,Albian Hajdari,2025,D,78,Bundesliga,167,1899 Hoffenheim,2440.0,30,7.045122950819671,82.80254777070064,1.0,2.0,11.0,4.0,1570.0,10.0,58.0,23.0,42.0,256.0,137.0,3.0,2.0,20.0,23.0,43.0,0.0,10,0,0.0368852459016393,0.0737704918032786,0.4057377049180328,0.1475409836065573,57.90983606557377,0.3688524590163934,2.139344262295082,0.848360655737705,1.5491803278688523,9.442622950819672,5.053278688524591,0.110655737704918,0.0737704918032786,0.7377049180327869,0.848360655737705,1.5860655737704918,0.0,0.3688524590163934,0.0,36.36363636363637,53.515625,66.66666666666666,2
279822,Enzo Boyomo,2025,D,140,La Liga,727,Osasuna,2545.0,30,6.764125736738704,86.36709824828637,1.0,2.0,9.0,4.0,1313.0,9.0,58.0,13.0,18.0,193.0,102.0,8.0,3.0,7.0,5.0,33.0,0.0,7,0,0.0353634577603143,0.0707269155206286,0.3182711198428291,0.1414538310412573,46.43222003929274,0.3182711198428291,2.051080550098232,0.4597249508840864,0.6365422396856582,6.825147347740668,3.6070726915520632,0.2829076620825147,0.106090373280943,0.2475442043222004,0.1768172888015717,1.1669941060903732,0.0,0.2475442043222004,0.0,44.44444444444444,52.84974093264248,37.5,3
280074,Nathaniel Brown,2025,D,78,Bundesliga,169,Eintracht Frankfurt,2658.0,33,6.781640331075996,84.74426807760142,4.0,4.0,14.0,9.0,1134.0,34.0,81.0,7.0,26.0,252.0,140.0,39.0,17.0,19.0,33.0,27.0,1.0,3,0,0.1354401805869074,0.1354401805869074,0.474040632054176,0.3047404063205418,38.39729119638826,1.1512415349887133,2.742663656884876,0.237020316027088,0.8803611738148984,8.53273137697517,4.74040632054176,1.3205417607223475,0.5756207674943566,0.6433408577878104,1.1173814898419865,0.9142212189616252,0.0338600451467268,0.1015801354401805,0.0,64.28571428571429,55.55555555555556,43.58974358974359,3
281495,Thomas Kristensen,2025,D,135,Serie A,494,Udinese,2475.0,28,6.931838383838383,85.58847077662129,3.0,0.0,9.0,6.0,1249.0,3.0,26.0,22.0,25.0,215.0,122.0,12.0,6.0,17.0,9.0,25.0,3.0,4,0,0.109090909090909,0.0,0.3272727272727272,0.2181818181818181,45.41818181818182,0.109090909090909,0.9454545454545454,0.8,0.9090909090909092,7.818181818181818,4.4363636363636365,0.4363636363636363,0.2181818181818181,0.6181818181818182,0.3272727272727272,0.9090909090909092,0.109090909090909,0.1454545454545454,0.0,66.66666666666666,56.74418604651162,50.0,0
281826,Alessandro Marcandalli,2025,D,135,Serie A,495,Genoa,2606.0,32,6.687643898695319,82.95454545454545,0.0,2.0,4.0,2.0,1232.0,10.0,33.0,11.0,20.0,176.0,104.0,9.0,4.0,3.0,11.0,23.0,0.0,4,0,0.0,0.0690713737528779,0.1381427475057559,0.0690713737528779,42.54796623177283,0.3453568687643898,1.1396776669224866,0.3798925556408288,0.6907137375287797,6.078280890253262,3.591711435149654,0.3108211818879509,0.1381427475057559,0.1036070606293169,0.3798925556408288,0.7943207981580966,0.0,0.1381427475057559,0.0,50.0,59.09090909090909,44.44444444444444,0
282054,Clemens Riedel,2025,D,140,La Liga,540,Espanyol,1402.0,20,6.909486447931527,88.51851851851852,0.0,1.0,2.0,1.0,810.0,4.0,28.0,7.0,11.0,130.0,70.0,1.0,1.0,6.0,7.0,23.0,2.0,5,0,0.0,0.0641940085592011,0.1283880171184022,0.0641940085592011,51.99714693295292,0.2567760342368045,1.797432239657632,0.4493580599144079,0.7061340941512125,8.345221112696148,4.49358059914408,0.0641940085592011,0.0641940085592011,0.3851640513552068,0.4493580599144079,1.4764621968616265,0.1283880171184022,0.3209700427960057,0.0,50.0,53.84615384615385,100.0,0
283668,Arnau Martínez,2025,D,140,La Liga,547,Girona,2678.0,35,6.833233756534726,85.28381219341276,2.0,3.0,14.0,4.0,1427.0,24.0,66.0,13.0,41.0,258.0,143.0,26.0,13.0,27.0,30.0,24.0,3.0,6,0,0.0672143390589992,0.1008215085884988,0.4705003734129948,0.1344286781179985,47.95743091859596,0.806572068707991,2.218073188946976,0.4368932038834951,1.3778939507094847,8.670649738610903,4.805825242718447,0.8737864077669902,0.4368932038834951,0.90739357729649,1.0082150858849888,0.806572068707991,0.1008215085884988,0.2016430171769977,0.0,28.57142857142857,55.42635658914728,50.0,2
284300,Álvaro Carreras,2025,D,140,La Liga,541,Real Madrid,2340.0,28,7.0631466438649,90.5977945443993,2.0,3.0,6.0,3.0,1723.0,30.0,41.0,7.0,39.0,230.0,124.0,36.0,19.0,20.0,33.0,22.0,5.0,5,1,0.0769230769230769,0.1153846153846153,0.2307692307692307,0.1153846153846153,66.26923076923077,1.1538461538461535,1.5769230769230769,0.2692307692307693,1.5,8.846153846153847,4.769230769230769,1.3846153846153846,0.7307692307692308,0.7692307692307693,1.2692307692307692,0.8461538461538461,0.1923076923076923,0.1923076923076923,0.0384615384615384,50.0,53.91304347826087,52.77777777777778,3
284492,Lewis Hall,2025,D,39,Premier League,34,Newcastle,2179.0,30,6.9266758494031215,85.36197295147176,1.0,1.0,14.0,6.0,1258.0,25.0,54.0,14.0,28.0,290.0,158.0,68.0,37.0,16.0,41.0,17.0,0.0,4,0,0.0413033501606241,0.0413033501606241,0.578246902248738,0.2478201009637448,51.95961450206517,1.0325837540156035,2.230380908673704,0.578246902248738,1.156493804497476,11.977971546581,6.525929325378614,2.8086278109224416,1.5282239559430932,0.6608536025699863,1.6934373565855898,0.7021569527306104,0.0,0.1652134006424965,0.0,42.85714285714285,54.48275862068965,54.41176470588235,1
286601,Omar El Hilali,2025,D,140,La Liga,540,Espanyol,2828.0,36,6.719589816124469,80.51529790660226,0.0,2.0,1.0,0.0,1242.0,17.0,73.0,15.0,40.0,238.0,131.0,10.0,7.0,24.0,24.0,44.0,3.0,9,0,0.0,0.0636492220650636,0.0318246110325318,0.0,39.526166902404526,0.541018387553041,2.323196605374823,0.4773691654879773,1.272984441301273,7.574257425742575,4.1690240452616685,0.3182461103253182,0.2227722772277227,0.7637906647807637,0.7637906647807637,1.4002828854314002,0.0954738330975954,0.2864214992927864,0.0,0.0,55.04201680672269,70.0,2
287564,Martin Vitík,2025,D,135,Serie A,500,Bologna,1324.0,19,6.883006042296072,87.96169630642954,0.0,0.0,5.0,2.0,731.0,3.0,36.0,7.0,10.0,152.0,85.0,3.0,2.0,6.0,4.0,23.0,0.0,3,0,0.0,0.0,0.3398791540785498,0.1359516616314199,49.69033232628399,0.2039274924471299,2.4471299093655587,0.4758308157099698,0.6797583081570997,10.332326283987916,5.777945619335348,0.2039274924471299,0.1359516616314199,0.4078549848942598,0.2719033232628399,1.563444108761329,0.0,0.2039274924471299,0.0,40.0,55.92105263157895,66.66666666666666,2
287916,Rav van den Berg,2025,D,78,Bundesliga,192,1. FC Köln,1138.0,14,6.657820738137083,93.342776203966,0.0,1.0,0.0,0.0,706.0,1.0,14.0,12.0,14.0,80.0,43.0,1.0,0.0,4.0,3.0,10.0,1.0,0,1,0.0,0.0790861159929701,0.0,0.0,55.83479789103691,0.0790861159929701,1.1072056239015815,0.9490333919156416,1.1072056239015815,6.32688927943761,3.400702987697715,0.0790861159929701,0.0,0.3163444639718805,0.2372583479789103,0.7908611599297013,0.0790861159929701,0.0,0.0790861159929701,,53.75,0.0,0
288206,Leopold Querfeld,2025,D,78,Bundesliga,182,Union Berlin,2704.0,31,6.89,79.88505747126436,3.0,0.0,23.0,10.0,1218.0,21.0,52.0,25.0,36.0,350.0,211.0,7.0,4.0,16.0,28.0,46.0,0.0,6,0,0.0998520710059171,0.0,0.7655325443786982,0.3328402366863905,40.539940828402365,0.69896449704142,1.7307692307692308,0.8321005917159764,1.198224852071006,11.649408284023668,7.022928994082839,0.2329881656804734,0.1331360946745562,0.5325443786982248,0.9319526627218936,1.5310650887573964,0.0,0.1997041420118343,0.0,43.47826086956522,60.285714285714285,57.14285714285714,2
289761,Giorgio Scalvini,2025,D,135,Serie A,499,Atalanta,1817.0,24,7.099449642267473,87.93388429752066,3.0,1.0,12.0,6.0,1210.0,15.0,46.0,12.0,43.0,206.0,112.0,29.0,13.0,22.0,10.0,31.0,2.0,2,0,0.1485965877820583,0.0495321959273527,0.5943863511282333,0.2971931755641167,59.93395707209686,0.7429829389102917,2.278481012658228,0.5943863511282333,2.129884424876169,10.203632361034671,5.547605943863512,1.4364336818932306,0.6439185470555862,1.089708310401761,0.4953219592735278,1.5354980737479362,0.0990643918547055,0.0990643918547055,0.0,50.0,54.36893203883495,44.82758620689656,2
291589,Kialonda Gaspar,2025,D,135,Serie A,867,Lecce,1830.0,23,6.802739726027397,84.34343434343434,0.0,0.0,6.0,1.0,792.0,0.0,23.0,21.0,17.0,153.0,94.0,3.0,1.0,6.0,22.0,13.0,2.0,6,1,0.0,0.0,0.2950819672131147,0.0491803278688524,38.950819672131146,0.0,1.1311475409836067,1.0327868852459017,0.8360655737704917,7.524590163934426,4.6229508196721305,0.1475409836065573,0.0491803278688524,0.2950819672131147,1.0819672131147542,0.639344262295082,0.0983606557377049,0.2950819672131147,0.0491803278688524,16.666666666666664,61.43790849673203,33.33333333333333,0
295223,Abdel Rahim,2025,D,140,La Liga,718,Oviedo,1726.0,27,6.63739837398374,79.86111111111111,0.0,0.0,0.0,0.0,720.0,17.0,34.0,6.0,32.0,113.0,71.0,17.0,8.0,8.0,8.0,10.0,9.0,2,0,0.0,0.0,0.0,0.0,37.54345307068366,0.8864426419466975,1.772885283893395,0.3128621089223638,1.668597914252607,5.892236384704519,3.702201622247972,0.8864426419466975,0.4171494785631517,0.4171494785631517,0.4171494785631517,0.5214368482039398,0.4692931633835457,0.1042873696407879,0.0,,62.83185840707964,47.05882352941176,3
295793,Marc Pubill,2025,D,140,La Liga,530,Atletico Madrid,1382.0,19,7.188929088277859,88.07439824945295,1.0,1.0,10.0,4.0,914.0,3.0,25.0,15.0,20.0,143.0,102.0,5.0,4.0,3.0,14.0,16.0,1.0,2,0,0.065123010130246,0.065123010130246,0.6512301013024602,0.260492040520984,59.52243125904486,0.195369030390738,1.6280752532561504,0.9768451519536904,1.3024602026049203,9.312590448625182,6.642547033285094,0.3256150506512301,0.260492040520984,0.195369030390738,0.9117221418234442,1.0419681620839365,0.065123010130246,0.130246020260492,0.0,40.0,71.32867132867133,80.0,0
297311,Kike Salas,2025,D,140,La Liga,536,Sevilla,2208.0,26,7.021784420289856,80.20452885317751,2.0,0.0,13.0,8.0,1369.0,7.0,59.0,18.0,37.0,277.0,177.0,13.0,8.0,16.0,20.0,31.0,2.0,1,0,0.0815217391304347,0.0,0.529891304347826,0.3260869565217391,55.8016304347826,0.2853260869565217,2.404891304347826,0.733695652173913,1.5081521739130437,11.290760869565217,7.214673913043478,0.529891304347826,0.3260869565217391,0.6521739130434783,0.8152173913043479,1.263586956521739,0.0815217391304347,0.0407608695652173,0.0,61.53846153846154,63.898916967509024,61.53846153846154,2
302868,Daouda Guindo,2025,D,61,Ligue 1,106,Stade Brestois 29,1700.0,25,6.541235294117646,78.07407407407408,1.0,1.0,16.0,5.0,675.0,9.0,37.0,8.0,30.0,122.0,68.0,9.0,4.0,13.0,15.0,26.0,4.0,4,1,0.0529411764705882,0.0529411764705882,0.8470588235294116,0.2647058823529412,35.73529411764706,0.4764705882352941,1.9588235294117649,0.4235294117647058,1.588235294117647,6.458823529411765,3.6,0.4764705882352941,0.2117647058823529,0.6882352941176471,0.7941176470588235,1.376470588235294,0.2117647058823529,0.2117647058823529,0.0529411764705882,31.25,55.73770491803278,44.44444444444444,2
304427,Ali Youssef,2025,D,61,Ligue 1,83,Nantes,968.0,13,6.771074380165289,83.29238329238329,0.0,0.0,3.0,1.0,408.0,3.0,11.0,5.0,20.0,67.0,46.0,2.0,2.0,4.0,11.0,11.0,0.0,4,0,0.0,0.0,0.2789256198347107,0.0929752066115702,37.93388429752066,0.2789256198347107,1.0227272727272727,0.4648760330578512,1.859504132231405,6.229338842975207,4.276859504132232,0.1859504132231405,0.1859504132231405,0.371900826446281,1.0227272727272727,1.0227272727272727,0.0,0.371900826446281,0.0,33.33333333333333,68.65671641791045,100.0,0
304686,Arthur Chaves,2025,D,78,Bundesliga,170,FC Augsburg,1068.0,15,6.792228464419475,82.039911308204,2.0,0.0,3.0,2.0,451.0,4.0,26.0,11.0,12.0,119.0,64.0,4.0,2.0,15.0,11.0,13.0,0.0,2,0,0.1685393258426966,0.0,0.2528089887640449,0.1685393258426966,38.00561797752809,0.3370786516853932,2.1910112359550564,0.9269662921348314,1.0112359550561798,10.02808988764045,5.393258426966292,0.3370786516853932,0.1685393258426966,1.2640449438202246,0.9269662921348314,1.0955056179775282,0.0,0.1685393258426966,0.0,66.66666666666666,53.78151260504202,50.0,2
307123,Nico O'Reilly,2025,D,39,Premier League,50,Manchester City,2648.0,34,6.897771903323263,86.26577579806978,5.0,3.0,28.0,15.0,1347.0,23.0,68.0,12.0,20.0,344.0,161.0,60.0,24.0,22.0,18.0,45.0,1.0,5,0,0.1699395770392749,0.1019637462235649,0.9516616314199396,0.5098187311178247,45.781722054380666,0.7817220543806647,2.311178247734139,0.4078549848942598,0.6797583081570997,11.691842900302117,5.472054380664653,2.039274924471299,0.8157099697885197,0.7477341389728097,0.6117824773413897,1.5294561933534745,0.0339879154078549,0.1699395770392749,0.0,53.57142857142857,46.80232558139535,40.0,1
307835,Lucas Beraldo,2025,D,61,Ligue 1,85,Paris Saint Germain,1570.0,20,7.298597833014659,93.4965034965035,2.0,1.0,11.0,4.0,1430.0,14.0,31.0,8.0,21.0,138.0,73.0,3.0,0.0,12.0,7.0,15.0,0.0,2,0,0.1146496815286624,0.0573248407643312,0.6305732484076433,0.2292993630573248,81.97452229299363,0.8025477707006369,1.7770700636942671,0.4585987261146496,1.2038216560509554,7.910828025477707,4.184713375796178,0.1719745222929936,0.0,0.6878980891719745,0.4012738853503184,0.8598726114649681,0.0,0.1146496815286624,0.0,36.36363636363637,52.89855072463768,0.0,2
307929,Tomoya Ando,2025,D,78,Bundesliga,186,FC St. Pauli,1261.0,15,6.716574147501983,85.75581395348837,0.0,1.0,7.0,2.0,688.0,6.0,33.0,8.0,15.0,133.0,90.0,9.0,5.0,10.0,12.0,12.0,0.0,3,0,0.0,0.0713719270420301,0.4996034892942109,0.1427438540840602,49.10388580491673,0.4282315622521808,2.3552735923869945,0.570975416336241,1.070578905630452,9.492466296590008,6.423473433782712,0.6423473433782712,0.3568596352101506,0.7137192704203013,0.8564631245043616,0.8564631245043616,0.0,0.2141157811260904,0.0,28.57142857142857,67.66917293233082,55.55555555555556,2
311071,Nicolás Valentini,2025,D,135,Serie A,504,Hellas Verona,1406.0,21,6.655516014234875,71.73489278752436,0.0,0.0,16.0,7.0,513.0,4.0,31.0,14.0,15.0,167.0,95.0,6.0,5.0,12.0,7.0,30.0,1.0,8,1,0.0,0.0,1.0241820768136558,0.4480796586059744,32.83783783783784,0.2560455192034139,1.984352773826458,0.8961593172119487,0.9601706970128022,10.68990042674253,6.081081081081082,0.3840682788051209,0.3200568990042674,0.7681365576102419,0.4480796586059744,1.9203413940256044,0.0640113798008534,0.5120910384068279,0.0640113798008534,43.75,56.88622754491018,83.33333333333334,2
311773,Santiago Mouriño,2025,D,140,La Liga,533,Villarreal,2384.0,28,7.006879194630873,84.07437348423605,1.0,2.0,11.0,3.0,1237.0,9.0,103.0,9.0,30.0,340.0,191.0,24.0,14.0,56.0,36.0,54.0,1.0,11,1,0.0377516778523489,0.0755033557046979,0.415268456375839,0.1132550335570469,46.69882550335571,0.3397651006711409,3.8884228187919465,0.3397651006711409,1.1325503355704698,12.835570469798656,7.210570469798658,0.9060402684563758,0.5285234899328859,2.114093959731544,1.359060402684564,2.0385906040268456,0.0377516778523489,0.415268456375839,0.0377516778523489,27.27272727272727,56.1764705882353,58.333333333333336,1
312964,Nathan Ngoy,2025,D,61,Ligue 1,79,Lille,2412.0,29,6.899170812603648,91.44417475728154,1.0,2.0,15.0,6.0,1648.0,4.0,33.0,13.0,36.0,136.0,80.0,9.0,7.0,12.0,11.0,20.0,0.0,9,1,0.0373134328358209,0.0746268656716418,0.5597014925373135,0.2238805970149253,61.492537313432834,0.1492537313432836,1.2313432835820897,0.4850746268656716,1.343283582089552,5.074626865671642,2.985074626865672,0.335820895522388,0.2611940298507462,0.4477611940298507,0.4104477611940298,0.746268656716418,0.0,0.335820895522388,0.0373134328358209,40.0,58.82352941176471,77.77777777777779,0
313025,Hugo Rincón,2025,D,140,La Liga,547,Girona,1758.0,33,6.729067121729239,82.55813953488372,1.0,1.0,6.0,2.0,774.0,10.0,47.0,9.0,5.0,223.0,129.0,17.0,9.0,13.0,53.0,32.0,1.0,4,0,0.0511945392491467,0.0511945392491467,0.3071672354948805,0.1023890784982935,39.62457337883959,0.5119453924914675,2.4061433447098977,0.4607508532423208,0.2559726962457337,11.416382252559726,6.604095563139931,0.870307167235495,0.4607508532423208,0.6655290102389079,2.7133105802047783,1.6382252559726962,0.0511945392491467,0.204778156996587,0.0,33.33333333333333,57.847533632287,52.94117647058824,1
313937,Antoine Mendy,2025,D,61,Ligue 1,84,Nice,2278.0,27,6.825899912203687,85.00382555470544,1.0,0.0,13.0,8.0,1307.0,1.0,59.0,19.0,19.0,260.0,156.0,17.0,6.0,21.0,26.0,34.0,1.0,5,0,0.0395083406496927,0.0,0.5136084284460052,0.3160667251975417,51.63740122914837,0.0395083406496927,2.33099209833187,0.7506584723441616,0.7506584723441616,10.272168568920105,6.163301141352063,0.6716417910447761,0.2370500438981562,0.8296751536435469,1.0272168568920104,1.343283582089552,0.0395083406496927,0.1975417032484635,0.0,61.53846153846154,60.0,35.294117647058826,2
315249,Nicolò Bertola,2025,D,135,Serie A,494,Udinese,1780.0,28,6.6601123595505625,78.21297429620563,0.0,1.0,10.0,4.0,817.0,11.0,37.0,14.0,23.0,160.0,89.0,16.0,5.0,14.0,12.0,20.0,1.0,3,0,0.0,0.0505617977528089,0.5056179775280899,0.2022471910112359,41.30898876404494,0.5561797752808989,1.8707865168539328,0.7078651685393259,1.1629213483146066,8.089887640449438,4.5,0.8089887640449439,0.2528089887640449,0.7078651685393259,0.6067415730337079,1.0112359550561798,0.0505617977528089,0.1516853932584269,0.0,40.0,55.625,31.25,3
316517,Alan Matturro,2025,D,140,La Liga,539,Levante,957.0,19,6.611912225705329,82.66384778012686,1.0,1.0,4.0,1.0,474.0,4.0,21.0,6.0,6.0,77.0,47.0,3.0,0.0,3.0,10.0,7.0,0.0,0,1,0.0940438871473354,0.0940438871473354,0.3761755485893417,0.0940438871473354,44.57680250783699,0.3761755485893417,1.974921630094044,0.5642633228840125,0.5642633228840125,7.241379310344827,4.420062695924765,0.2821316614420062,0.0,0.2821316614420062,0.9404388714733544,0.658307210031348,0.0,0.0,0.0940438871473354,25.0,61.03896103896104,0.0,3
321744,Adam Obert,2025,D,135,Serie A,490,Cagliari,2788.0,35,6.863522238163558,81.72043010752688,0.0,3.0,8.0,3.0,1209.0,27.0,68.0,18.0,42.0,239.0,128.0,25.0,16.0,15.0,13.0,40.0,0.0,10,1,0.0,0.0968436154949784,0.2582496413199426,0.0968436154949784,39.02797704447633,0.8715925394548063,2.1951219512195124,0.5810616929698709,1.3558106169296986,7.715208034433285,4.131994261119082,0.8070301291248206,0.5164992826398852,0.4842180774748924,0.4196556671449067,1.291248206599713,0.0,0.3228120516499282,0.0322812051649928,37.5,53.55648535564853,64.0,2
322984,Samson Baidoo,2025,D,61,Ligue 1,116,Lens,1832.0,23,7.276637554585152,92.62759924385632,2.0,1.0,13.0,4.0,1058.0,4.0,34.0,25.0,23.0,169.0,90.0,7.0,7.0,15.0,5.0,19.0,1.0,2,0,0.0982532751091703,0.0491266375545851,0.638646288209607,0.1965065502183406,51.97598253275109,0.1965065502183406,1.6703056768558953,1.2281659388646289,1.1299126637554584,8.302401746724891,4.421397379912664,0.343886462882096,0.343886462882096,0.7368995633187773,0.2456331877729257,0.933406113537118,0.0491266375545851,0.0982532751091703,0.0,30.76923076923077,53.25443786982249,100.0,0
323951,Aaron Zehnter,2025,D,78,Bundesliga,161,VfL Wolfsburg,1465.0,20,6.555228981544772,76.84563758389261,2.0,0.0,10.0,5.0,596.0,16.0,15.0,7.0,18.0,63.0,31.0,10.0,7.0,8.0,0.0,2.0,0.0,0,0,0.1228668941979522,0.0,0.6143344709897611,0.3071672354948805,36.61433447098976,0.9829351535836176,0.9215017064846416,0.4300341296928327,1.10580204778157,3.870307167235495,1.9044368600682595,0.6143344709897611,0.4300341296928327,0.4914675767918088,0.0,0.1228668941979522,0.0,0.0,0.0,50.0,49.2063492063492,70.0,3
324019,Daniel Elfadli,2025,D,78,Bundesliga,175,Hamburger SV,1266.0,21,6.621484992101107,93.53383458646616,0.0,0.0,3.0,1.0,666.0,2.0,22.0,9.0,20.0,113.0,58.0,4.0,3.0,7.0,15.0,20.0,0.0,6,1,0.0,0.0,0.2132701421800948,0.0710900473933649,47.34597156398104,0.1421800947867298,1.5639810426540284,0.6398104265402843,1.4218009478672984,8.033175355450236,4.123222748815166,0.2843601895734597,0.2132701421800948,0.4976303317535545,1.066350710900474,1.4218009478672984,0.0,0.4265402843601896,0.0710900473933649,33.33333333333333,51.32743362831859,75.0,0
324957,Tom Alexander Rothe,2025,D,78,Bundesliga,182,Union Berlin,1039.0,21,6.577574590952839,72.82321899736148,2.0,0.0,14.0,5.0,379.0,11.0,20.0,2.0,19.0,130.0,59.0,22.0,7.0,17.0,6.0,10.0,2.0,1,1,0.1732435033686236,0.0,1.2127045235803655,0.4331087584215591,32.829643888354184,0.9528392685274302,1.7324350336862366,0.1732435033686236,1.645813282001925,11.26082771896054,5.110683349374399,1.9056785370548603,0.6063522617901829,1.4725697786333012,0.519730510105871,0.8662175168431183,0.1732435033686236,0.0866217516843118,0.0866217516843118,35.714285714285715,45.38461538461539,31.818181818181817,1
325975,Tom Bischof,2025,D,78,Bundesliga,157,Bayern München,1320.0,26,7.069552012148823,92.60204081632652,3.0,3.0,20.0,9.0,1176.0,24.0,26.0,5.0,15.0,99.0,53.0,14.0,7.0,14.0,9.0,15.0,1.0,2,0,0.2045454545454545,0.2045454545454545,1.3636363636363638,0.6136363636363636,80.18181818181817,1.6363636363636362,1.7727272727272725,0.3409090909090909,1.0227272727272727,6.75,3.613636363636364,0.9545454545454546,0.4772727272727273,0.9545454545454546,0.6136363636363636,1.0227272727272727,0.0681818181818181,0.1363636363636363,0.0,45.0,53.535353535353536,50.0,3
327646,Lukas Ullrich,2025,D,78,Bundesliga,163,Borussia Mönchengladbach,1315.0,23,6.500152091254753,77.82340862422998,0.0,0.0,8.0,2.0,487.0,14.0,28.0,5.0,21.0,112.0,58.0,22.0,9.0,10.0,11.0,17.0,1.0,2,0,0.0,0.0,0.5475285171102662,0.1368821292775665,33.33079847908745,0.9581749049429658,1.9163498098859315,0.3422053231939163,1.4372623574144487,7.665399239543726,3.969581749049429,1.505703422053232,0.6159695817490495,0.6844106463878327,0.752851711026616,1.1634980988593155,0.0684410646387832,0.1368821292775665,0.0,25.0,51.78571428571429,40.909090909090914,3
329722,Yoel Lago,2025,D,140,La Liga,538,Celta Vigo,947.0,12,6.825554382259768,91.66666666666666,0.0,0.0,1.0,0.0,540.0,2.0,19.0,10.0,7.0,76.0,45.0,2.0,2.0,4.0,14.0,17.0,1.0,4,0,0.0,0.0,0.0950369588173178,0.0,51.31995776135164,0.1900739176346357,1.8057022175290391,0.9503695881731784,0.6652587117212249,7.222808870116157,4.276663146779303,0.1900739176346357,0.1900739176346357,0.3801478352692714,1.3305174234424495,1.6156282998944034,0.0950369588173178,0.3801478352692714,0.0,0.0,59.210526315789465,100.0,0
330437,Álex Jiménez,2025,D,39,Premier League,35,Bournemouth,2375.0,32,6.8712,80.51801801801803,1.0,0.0,12.0,4.0,888.0,16.0,69.0,11.0,27.0,286.0,146.0,82.0,43.0,24.0,21.0,35.0,0.0,11,0,0.0378947368421052,0.0,0.4547368421052631,0.151578947368421,33.65052631578948,0.6063157894736843,2.614736842105263,0.4168421052631579,1.0231578947368425,10.837894736842104,5.532631578947368,3.107368421052632,1.6294736842105262,0.9094736842105264,0.7957894736842105,1.326315789473684,0.0,0.4168421052631579,0.0,33.33333333333333,51.048951048951054,52.4390243902439,1
333672,César Tárrega,2025,D,140,La Liga,532,Valencia,2597.0,32,6.638814016172507,86.36363636363636,0.0,0.0,9.0,1.0,1320.0,2.0,42.0,19.0,29.0,228.0,126.0,13.0,10.0,9.0,13.0,40.0,0.0,8,0,0.0,0.0,0.3118983442433577,0.0346553715825953,45.7450904890258,0.0693107431651906,1.4555256064690028,0.6584520600693108,1.0050057758952635,7.901424720831729,4.366576819407008,0.4505198305737389,0.346553715825953,0.3118983442433577,0.4505198305737389,1.386214863303812,0.0,0.2772429726607624,0.0,11.11111111111111,55.26315789473685,76.92307692307693,0
333682,Cristhian Mosquera,2025,D,39,Premier League,42,Arsenal,1003.0,20,7.035,91.31121642969984,0.0,0.0,1.0,0.0,633.0,5.0,32.0,7.0,8.0,120.0,60.0,3.0,1.0,5.0,7.0,17.0,1.0,4,0,0.0,0.0,0.0897308075772681,0.0,56.79960119641076,0.448654037886341,2.871385842472582,0.6281156530408774,0.7178464606181455,10.767696909272184,5.383848454636092,0.2691924227318046,0.0897308075772681,0.448654037886341,0.6281156530408774,1.5254237288135593,0.0897308075772681,0.3589232303090727,0.0,0.0,50.0,33.33333333333333,2
334914,Saël Kumbedi,2025,D,78,Bundesliga,161,VfL Wolfsburg,2061.0,27,6.513585638039786,78.1041388518024,0.0,5.0,4.0,0.0,749.0,19.0,49.0,6.0,18.0,214.0,101.0,42.0,18.0,24.0,21.0,26.0,4.0,3,0,0.0,0.2183406113537117,0.1746724890829694,0.0,32.70742358078603,0.8296943231441049,2.1397379912663754,0.2620087336244541,0.7860262008733624,9.344978165938864,4.4104803493449785,1.834061135371179,0.7860262008733624,1.0480349344978166,0.9170305676855895,1.1353711790393013,0.1746724890829694,0.131004366812227,0.0,0.0,47.19626168224299,42.85714285714285,1
336560,Álex Valle,2025,D,135,Serie A,895,Como,2025.0,28,6.775407407407408,84.58498023715416,1.0,4.0,7.0,2.0,1013.0,14.0,51.0,7.0,23.0,184.0,93.0,19.0,5.0,23.0,19.0,34.0,1.0,3,0,0.0444444444444444,0.1777777777777777,0.3111111111111111,0.0888888888888888,45.02222222222222,0.6222222222222222,2.2666666666666666,0.3111111111111111,1.022222222222222,8.177777777777777,4.133333333333333,0.8444444444444444,0.2222222222222222,1.022222222222222,0.8444444444444444,1.511111111111111,0.0444444444444444,0.1333333333333333,0.0,28.57142857142857,50.54347826086957,26.31578947368421,3
336657,Warren Zaïre-Emery,2025,D,61,Ligue 1,85,Paris Saint Germain,2453.0,32,7.016102731349368,93.6862554638174,3.0,4.0,12.0,7.0,2059.0,42.0,48.0,7.0,12.0,219.0,112.0,48.0,30.0,19.0,17.0,33.0,0.0,2,0,0.110069302894415,0.1467590705258866,0.44027721157766,0.2568283734203017,75.54423155320016,1.54097024052181,1.76110884631064,0.2568283734203017,0.44027721157766,8.035059111292295,4.109253974724827,1.76110884631064,1.10069302894415,0.6971055849979617,0.6237260497350183,1.2107623318385652,0.0,0.0733795352629433,0.0,58.333333333333336,51.141552511415526,62.5,3
336671,Renato Veiga,2025,D,140,La Liga,533,Villarreal,2485.0,32,6.80112676056338,88.39922229423202,0.0,0.0,6.0,3.0,1543.0,3.0,19.0,30.0,24.0,140.0,74.0,4.0,0.0,12.0,6.0,24.0,3.0,5,1,0.0,0.0,0.2173038229376257,0.1086519114688128,55.88329979879276,0.1086519114688128,0.6881287726358148,1.0865191146881288,0.869215291750503,5.070422535211268,2.6800804828973845,0.1448692152917505,0.0,0.4346076458752515,0.2173038229376257,0.869215291750503,0.1086519114688128,0.1810865191146881,0.0362173038229376,50.0,52.85714285714286,0.0,0
338902,Andres Castrin,2025,D,140,La Liga,536,Sevilla,1281.0,19,7.086260733801717,86.2483311081442,1.0,0.0,9.0,3.0,749.0,2.0,26.0,14.0,20.0,121.0,75.0,11.0,9.0,8.0,13.0,13.0,1.0,4,0,0.0702576112412178,0.0,0.6323185011709602,0.2107728337236534,52.62295081967213,0.1405152224824356,1.826697892271663,0.9836065573770492,1.405152224824356,8.501170960187354,5.269320843091335,0.7728337236533959,0.6323185011709602,0.5620608899297423,0.9133489461358316,0.9133489461358316,0.0702576112412178,0.2810304449648712,0.0,33.33333333333333,61.98347107438017,81.81818181818183,2
341640,Raúl Asencio,2025,D,140,La Liga,541,Real Madrid,1706.0,23,6.980890973036342,94.0084388185654,2.0,0.0,12.0,4.0,1185.0,5.0,17.0,13.0,10.0,105.0,62.0,2.0,1.0,7.0,23.0,17.0,0.0,4,0,0.1055099648300117,0.0,0.6330597889800704,0.2110199296600234,62.51465416178194,0.2637749120750293,0.8968347010550997,0.6858147713950762,0.5275498241500586,5.539273153575615,3.270808909730363,0.1055099648300117,0.0527549824150058,0.3692848769050411,1.2133645955451349,0.8968347010550997,0.0,0.2110199296600234,0.0,33.33333333333333,59.04761904761905,50.0,0
341642,Jorrel Hato,2025,D,39,Premier League,49,Chelsea,1159.0,22,6.548748921484038,91.94187582562748,0.0,0.0,4.0,0.0,757.0,8.0,36.0,7.0,18.0,116.0,61.0,13.0,7.0,12.0,2.0,15.0,0.0,7,0,0.0,0.0,0.3106125970664366,0.0,58.78343399482313,0.6212251941328732,2.795513373597929,0.543572044866264,1.3977566867989646,9.00776531492666,4.7368421052631575,1.009490940465919,0.543572044866264,0.9318377911993097,0.1553062985332183,1.1647972389991372,0.0,0.543572044866264,0.0,0.0,52.58620689655172,53.84615384615385,2
342019,Daniele Ghilardi,2025,D,135,Serie A,497,AS Roma,1089.0,23,6.987775735294117,85.90381426202322,0.0,0.0,2.0,0.0,603.0,5.0,30.0,6.0,20.0,135.0,75.0,5.0,3.0,12.0,17.0,23.0,0.0,1,0,0.0,0.0,0.1652892561983471,0.0,49.83471074380166,0.4132231404958678,2.479338842975207,0.4958677685950413,1.6528925619834711,11.15702479338843,6.198347107438017,0.4132231404958678,0.2479338842975206,0.9917355371900828,1.4049586776859504,1.900826446280992,0.0,0.0826446280991735,0.0,0.0,55.55555555555556,60.0,2
342022,Michael Kayode,2025,D,39,Premier League,55,Brentford,3264.0,37,6.882506127450981,85.06151142355009,1.0,1.0,5.0,3.0,1138.0,36.0,66.0,15.0,38.0,367.0,212.0,107.0,55.0,22.0,50.0,26.0,1.0,8,0,0.0275735294117647,0.0275735294117647,0.1378676470588235,0.0827205882352941,31.378676470588232,0.9926470588235294,1.8198529411764708,0.4136029411764706,1.0477941176470589,10.119485294117649,5.845588235294118,2.950367647058824,1.5165441176470589,0.6066176470588236,1.3786764705882353,0.7169117647058822,0.0275735294117647,0.2205882352941176,0.0,60.0,57.76566757493188,51.4018691588785,1
342063,Diego Coppola,2025,D,61,Ligue 1,114,Paris FC,1371.0,18,6.886861313868613,86.54104979811575,0.0,2.0,5.0,3.0,743.0,4.0,14.0,12.0,7.0,110.0,56.0,3.0,3.0,10.0,3.0,10.0,0.0,3,0,0.0,0.1312910284463894,0.3282275711159738,0.1969365426695842,48.774617067833695,0.2625820568927789,0.9190371991247266,0.787746170678337,0.4595185995623633,7.2210065645514225,3.6761487964989055,0.1969365426695842,0.1969365426695842,0.6564551422319476,0.1969365426695842,0.6564551422319476,0.0,0.1969365426695842,0.0,60.0,50.90909090909091,100.0,0
342970,Leny Yoro,2025,D,39,Premier League,33,Manchester United,1748.0,32,6.716552119129439,88.46153846153845,0.0,0.0,8.0,3.0,988.0,4.0,32.0,11.0,31.0,148.0,83.0,3.0,2.0,8.0,5.0,17.0,2.0,1,0,0.0,0.0,0.4118993135011441,0.154462242562929,50.8695652173913,0.205949656750572,1.647597254004577,0.5663615560640732,1.5961098398169336,7.620137299771168,4.273455377574371,0.154462242562929,0.102974828375286,0.4118993135011441,0.2574370709382151,0.8752860411899314,0.102974828375286,0.051487414187643,0.0,37.5,56.08108108108109,66.66666666666666,0
343316,Jeanuël Belocian,2025,D,78,Bundesliga,161,VfL Wolfsburg,1757.0,24,6.742710706150342,89.988358556461,0.0,1.0,5.0,0.0,860.0,7.0,36.0,15.0,22.0,151.0,81.0,13.0,8.0,5.0,18.0,24.0,0.0,3,0,0.0,0.0512236767216846,0.2561183836084234,0.0,44.05236198064883,0.3585657370517928,1.844052361980649,0.7683551508252704,1.1269208878770631,7.734775184974389,4.14911781445646,0.665907797381901,0.4097894137734775,0.2561183836084234,0.9220261809903244,1.2293682413204323,0.0,0.153671030165054,0.0,0.0,53.64238410596026,61.53846153846154,0
343609,Jacques Ekomié,2025,D,61,Ligue 1,77,Angers,2240.0,32,6.528137561411344,80.99730458221023,0.0,0.0,10.0,3.0,742.0,12.0,60.0,10.0,31.0,243.0,131.0,36.0,14.0,10.0,31.0,30.0,6.0,3,0,0.0,0.0,0.4017857142857142,0.1205357142857142,29.8125,0.4821428571428571,2.4107142857142856,0.4017857142857142,1.2455357142857142,9.763392857142858,5.263392857142857,1.4464285714285712,0.5625,0.4017857142857142,1.2455357142857142,1.2053571428571428,0.2410714285714285,0.1205357142857142,0.0,30.0,53.90946502057613,38.88888888888889,1
348568,Alessandro Circati,2025,D,135,Serie A,523,Parma,2666.0,31,7.028319579894974,87.61840324763193,1.0,0.0,4.0,1.0,1478.0,9.0,42.0,30.0,24.0,222.0,140.0,6.0,4.0,6.0,18.0,30.0,0.0,6,0,0.0337584396099024,0.0,0.1350337584396099,0.0337584396099024,49.89497374343586,0.3038259564891222,1.4178544636159038,1.0127531882970742,0.8102025506376593,7.49437359339835,4.726181545386346,0.2025506376594148,0.1350337584396099,0.2025506376594148,0.6076519129782445,1.0127531882970742,0.0,0.2025506376594148,0.0,25.0,63.06306306306306,66.66666666666666,0
350857,Oliver Provstgaard,2025,D,135,Serie A,487,Lazio,1544.0,26,6.968458549222797,92.44791666666666,0.0,0.0,6.0,2.0,1153.0,4.0,12.0,13.0,15.0,119.0,63.0,3.0,1.0,6.0,9.0,14.0,0.0,3,0,0.0,0.0,0.349740932642487,0.116580310880829,67.20854922279793,0.233160621761658,0.6994818652849741,0.7577720207253886,0.8743523316062176,6.936528497409326,3.6722797927461137,0.1748704663212435,0.0582901554404145,0.349740932642487,0.5246113989637305,0.816062176165803,0.0,0.1748704663212435,0.0,33.33333333333333,52.94117647058824,33.33333333333333,0
353143,Hennes Behrens,2025,D,78,Bundesliga,180,1. FC Heidenheim,1319.0,16,6.893176648976498,72.5531914893617,1.0,2.0,5.0,4.0,470.0,18.0,28.0,7.0,16.0,137.0,84.0,21.0,15.0,19.0,27.0,5.0,1.0,0,0,0.0682335102350265,0.136467020470053,0.3411675511751327,0.2729340409401061,32.06974981046248,1.2282031842304777,1.9105382865807432,0.4776345716451858,1.0917361637604246,9.347990902198635,5.731614859742229,1.4329037149355572,1.0235026535253982,1.296436694465504,1.8423047763457163,0.3411675511751327,0.0682335102350265,0.0,0.0,80.0,61.31386861313869,71.42857142857143,1
355004,Valentín Gómez,2025,D,140,La Liga,543,Real Betis,1881.0,28,6.702606382978723,85.81856100104275,1.0,0.0,11.0,5.0,959.0,10.0,45.0,13.0,24.0,195.0,110.0,14.0,13.0,22.0,11.0,26.0,1.0,5,0,0.0478468899521531,0.0,0.5263157894736842,0.2392344497607655,45.88516746411483,0.4784688995215311,2.15311004784689,0.6220095693779905,1.1483253588516746,9.330143540669855,5.263157894736842,0.6698564593301435,0.6220095693779905,1.0526315789473684,0.5263157894736842,1.244019138755981,0.0478468899521531,0.2392344497607655,0.0,45.45454545454545,56.41025641025641,92.85714285714286,2
358431,Nobel Mendy,2025,D,140,La Liga,728,Rayo Vallecano,1811.0,24,6.775317504141357,85.7736240913811,2.0,0.0,10.0,3.0,963.0,3.0,29.0,24.0,21.0,143.0,75.0,4.0,3.0,8.0,12.0,32.0,1.0,9,2,0.0993926007730535,0.0,0.4969630038652678,0.1490889011595803,47.857537272225294,0.1490889011595803,1.4411927112092766,1.1927112092766428,1.0436223081170624,7.10657095527333,3.727222528989509,0.1987852015461071,0.1490889011595803,0.3975704030922143,0.5963556046383214,1.5902816123688572,0.0496963003865267,0.447266703478741,0.0993926007730535,30.0,52.44755244755245,75.0,0
360114,Abdukodir Khusanov,2025,D,39,Premier League,50,Manchester City,1429.0,21,6.942687193841848,91.85185185185183,0.0,0.0,7.0,1.0,1080.0,6.0,27.0,9.0,33.0,91.0,55.0,9.0,7.0,3.0,6.0,14.0,0.0,2,0,0.0,0.0,0.4408677396780965,0.0629811056682995,68.01959412176348,0.377886634009797,1.7004898530440868,0.5668299510146956,2.078376487053884,5.731280615815256,3.4639608117564733,0.5668299510146956,0.4408677396780965,0.1889433170048985,0.377886634009797,0.8817354793561931,0.0,0.125962211336599,0.0,14.285714285714285,60.43956043956044,77.77777777777779,0
361384,Youssef Enriquez,2025,D,140,La Liga,542,Alaves,1347.0,25,6.6136059479553895,79.40074906367042,0.0,1.0,7.0,3.0,535.0,17.0,17.0,1.0,10.0,117.0,54.0,23.0,8.0,11.0,13.0,24.0,0.0,7,0,0.0,0.0668151447661469,0.4677060133630289,0.2004454342984409,35.74610244988864,1.135857461024499,1.135857461024499,0.0668151447661469,0.6681514476614699,7.817371937639198,3.608017817371938,1.5367483296213809,0.5345211581291759,0.734966592427617,0.8685968819599108,1.6035634743875278,0.0,0.4677060133630289,0.0,42.85714285714285,46.15384615384615,34.78260869565217,3
361393,Bruno Ogbus,2025,D,78,Bundesliga,160,SC Freiburg,1186.0,18,6.720320404721754,91.76090468497576,0.0,0.0,4.0,2.0,620.0,1.0,23.0,18.0,11.0,117.0,59.0,15.0,3.0,2.0,11.0,5.0,0.0,1,0,0.0,0.0,0.3035413153456998,0.1517706576728499,47.04890387858348,0.0758853288364249,1.745362563237774,1.3659359190556493,0.8347386172006745,8.87858347386172,4.477234401349072,1.1382799325463744,0.2276559865092748,0.1517706576728499,0.8347386172006745,0.3794266441821248,0.0,0.0758853288364249,0.0,50.0,50.427350427350426,20.0,0
361497,Dean Huijsen,2025,D,140,La Liga,541,Real Madrid,2037.0,28,7.434756995581738,89.82540638169777,2.0,2.0,16.0,5.0,1661.0,10.0,31.0,17.0,19.0,155.0,96.0,2.0,2.0,6.0,13.0,21.0,1.0,7,1,0.0883652430044182,0.0883652430044182,0.706921944035346,0.2209131075110456,73.38733431516937,0.4418262150220913,1.369661266568483,0.7511045655375552,0.8394698085419735,6.848306332842415,4.241531664212077,0.0883652430044182,0.0883652430044182,0.2650957290132548,0.5743740795287187,0.9278350515463918,0.0441826215022091,0.3092783505154639,0.0441826215022091,31.25,61.935483870967744,100.0,0
363695,Murillo,2025,D,39,Premier League,65,Nottingham Forest,2133.0,25,7.025082044069385,83.56890459363959,1.0,0.0,6.0,4.0,1132.0,8.0,35.0,24.0,34.0,138.0,74.0,14.0,9.0,6.0,7.0,23.0,0.0,5,0,0.0421940928270042,0.0,0.2531645569620253,0.1687763713080169,47.76371308016878,0.3375527426160338,1.4767932489451476,1.0126582278481011,1.4345991561181433,5.822784810126583,3.1223628691983123,0.5907172995780591,0.3797468354430379,0.2531645569620253,0.2953586497890295,0.9704641350210972,0.0,0.2109704641350211,0.0,66.66666666666666,53.62318840579711,64.28571428571429,0
363792,Terry Yegbe,2025,D,61,Ligue 1,112,Metz,1966.0,24,6.449542217700915,88.11795316565481,0.0,1.0,6.0,2.0,1153.0,5.0,15.0,19.0,23.0,88.0,44.0,3.0,2.0,5.0,8.0,19.0,0.0,2,0,0.0,0.0457782299084435,0.2746693794506612,0.091556459816887,52.7822990844354,0.2288911495422177,0.6866734486266531,0.8697863682604272,1.0528992878942014,4.028484231943032,2.014242115971516,0.1373346897253306,0.091556459816887,0.2288911495422177,0.3662258392675483,0.8697863682604272,0.0,0.091556459816887,0.0,33.33333333333333,50.0,66.66666666666666,0
365742,Michel Diaz,2025,D,61,Ligue 1,106,Stade Brestois 29,1560.0,20,7.023205128205129,85.82554517133957,0.0,0.0,5.0,1.0,642.0,1.0,27.0,24.0,24.0,115.0,74.0,4.0,3.0,4.0,11.0,8.0,0.0,4,0,0.0,0.0,0.2884615384615384,0.0576923076923076,37.03846153846154,0.0576923076923076,1.5576923076923077,1.3846153846153846,1.3846153846153846,6.634615384615385,4.269230769230769,0.2307692307692307,0.173076923076923,0.2307692307692307,0.6346153846153846,0.4615384615384615,0.0,0.2307692307692307,0.0,20.0,64.34782608695652,75.0,0
367636,Jérémy Jacquet,2025,D,61,Ligue 1,94,Rennes,1673.0,19,7.044052600119545,90.4275092936803,0.0,0.0,8.0,3.0,1076.0,9.0,27.0,16.0,19.0,120.0,81.0,8.0,4.0,2.0,17.0,20.0,1.0,6,1,0.0,0.0,0.4303646144650328,0.1613867304243873,57.88404064554692,0.484160191273162,1.452480573819486,0.8607292289300656,1.022115959354453,6.4554692169754935,4.357441721458458,0.4303646144650328,0.2151823072325164,0.1075911536162582,0.9145248057381948,1.0759115361625822,0.0537955768081291,0.3227734608487747,0.0537955768081291,37.5,67.5,50.0,0
369500,Ismaelo Ganiou,2025,D,61,Ligue 1,116,Lens,2014.0,23,7.105412115193644,86.79389312977099,3.0,0.0,17.0,4.0,1310.0,9.0,39.0,14.0,29.0,199.0,121.0,14.0,10.0,8.0,22.0,25.0,0.0,4,1,0.1340615690168818,0.0,0.759682224428997,0.1787487586891757,58.54021847070506,0.4021847070506455,1.742800397219464,0.6256206554121152,1.2959285004965242,8.892750744786495,5.407149950347567,0.6256206554121152,0.4468718967229394,0.3574975173783515,0.9831181727904666,1.1171797418073486,0.0,0.1787487586891757,0.0446871896722939,23.52941176470588,60.80402010050251,71.42857142857143,2
371916,Christian Mawissa,2025,D,61,Ligue 1,91,Monaco,1195.0,18,6.613472803347281,89.98822143698469,0.0,0.0,2.0,1.0,849.0,5.0,30.0,6.0,18.0,140.0,80.0,28.0,18.0,10.0,12.0,12.0,0.0,4,0,0.0,0.0,0.1506276150627615,0.0753138075313807,63.94142259414225,0.3765690376569037,2.2594142259414225,0.4518828451882845,1.3556485355648535,10.543933054393303,6.02510460251046,2.1087866108786613,1.3556485355648535,0.7531380753138075,0.9037656903765692,0.9037656903765692,0.0,0.301255230125523,0.0,50.0,57.14285714285714,64.28571428571429,2
375915,Quilindschy Hartman,2025,D,39,Premier League,44,Burnley,1830.0,21,6.485737704918033,75.67934782608695,0.0,5.0,7.0,3.0,736.0,20.0,52.0,4.0,31.0,127.0,70.0,12.0,5.0,13.0,3.0,13.0,1.0,1,0,0.0,0.2459016393442623,0.3442622950819672,0.1475409836065573,36.19672131147541,0.9836065573770492,2.557377049180328,0.1967213114754098,1.524590163934426,6.245901639344263,3.4426229508196724,0.5901639344262295,0.2459016393442623,0.639344262295082,0.1475409836065573,0.639344262295082,0.0491803278688524,0.0491803278688524,0.0,42.85714285714285,55.11811023622048,41.66666666666667,3
384135,Javi Rodríguez,2025,D,140,La Liga,538,Celta Vigo,2562.0,33,6.792505854800937,90.39087947882736,0.0,1.0,10.0,2.0,1842.0,10.0,38.0,18.0,26.0,205.0,105.0,16.0,8.0,19.0,33.0,33.0,1.0,5,0,0.0,0.0351288056206089,0.351288056206089,0.0702576112412178,64.7072599531616,0.351288056206089,1.3348946135831383,0.6323185011709602,0.9133489461358316,7.201405152224825,3.6885245901639343,0.5620608899297423,0.2810304449648712,0.6674473067915692,1.1592505854800936,1.1592505854800936,0.0351288056206089,0.1756440281030445,0.0,20.0,51.21951219512195,50.0,0
386305,Jacobo Ramón,2025,D,135,Serie A,895,Como,2743.0,32,7.207692307692308,91.37199434229136,2.0,0.0,29.0,9.0,2121.0,11.0,50.0,17.0,37.0,299.0,182.0,12.0,7.0,15.0,12.0,33.0,0.0,11,1,0.0656215822092599,0.0,0.951512942034269,0.2952971199416697,69.59168793292015,0.3609187021509296,1.6405395552314983,0.5577834487787094,1.2139992708713088,9.81042654028436,5.971563981042655,0.3937294932555596,0.2296755377324097,0.4921618665694495,0.3937294932555596,1.082756106452789,0.0,0.3609187021509296,0.0328107911046299,31.03448275862069,60.86956521739131,58.333333333333336,2
387521,Luka Vušković,2025,D,78,Bundesliga,175,Hamburger SV,2441.0,28,7.262884063908235,83.05084745762711,6.0,0.0,26.0,10.0,1534.0,11.0,22.0,26.0,40.0,306.0,207.0,9.0,8.0,7.0,32.0,29.0,1.0,6,0,0.2212208111429742,0.0,0.9586235149528882,0.368701351904957,56.5587873822204,0.4055714870954526,0.8111429741909053,0.9586235149528882,1.474805407619828,11.282261368291683,7.63211798443261,0.3318312167144612,0.2949610815239656,0.2580909463334699,1.1798443260958624,1.0692339205243753,0.0368701351904957,0.2212208111429742,0.0,38.46153846153847,67.64705882352942,88.88888888888889,2
389322,Nhoa Sangui,2025,D,61,Ligue 1,114,Paris FC,1752.0,26,6.592979452054795,86.61417322834646,0.0,0.0,3.0,1.0,764.0,17.0,26.0,5.0,17.0,102.0,60.0,25.0,10.0,4.0,17.0,5.0,3.0,0,0,0.0,0.0,0.1541095890410959,0.0513698630136986,39.24657534246575,0.8732876712328766,1.3356164383561644,0.2568493150684931,0.8732876712328766,5.23972602739726,3.0821917808219177,1.2842465753424657,0.5136986301369862,0.2054794520547945,0.8732876712328766,0.2568493150684931,0.1541095890410959,0.0,0.0,33.33333333333333,58.82352941176471,40.0,3
394734,Finn Jeltsch,2025,D,78,Bundesliga,172,VfB Stuttgart,1512.0,23,6.825810721376572,90.80459770114942,0.0,1.0,2.0,0.0,1044.0,5.0,24.0,14.0,19.0,133.0,73.0,7.0,5.0,12.0,16.0,13.0,3.0,3,0,0.0,0.0595238095238095,0.119047619047619,0.0,62.14285714285714,0.2976190476190476,1.4285714285714284,0.8333333333333333,1.130952380952381,7.916666666666667,4.345238095238095,0.4166666666666666,0.2976190476190476,0.7142857142857142,0.9523809523809524,0.7738095238095237,0.1785714285714285,0.1785714285714285,0.0,0.0,54.88721804511278,71.42857142857143,0
396193,Lucas Høgsberg,2025,D,61,Ligue 1,95,Strasbourg,1796.0,24,6.804512534818942,92.81934996220711,0.0,0.0,3.0,1.0,1324.0,1.0,21.0,21.0,13.0,95.0,51.0,1.0,1.0,9.0,13.0,16.0,1.0,4,1,0.0,0.0,0.1503340757238307,0.0501113585746102,66.34743875278396,0.0501113585746102,1.052338530066815,1.052338530066815,0.6514476614699332,4.760579064587973,2.5556792873051224,0.0501113585746102,0.0501113585746102,0.4510022271714922,0.6514476614699332,0.8017817371937639,0.0501113585746102,0.2004454342984409,0.0501113585746102,33.33333333333333,53.68421052631579,100.0,0
396623,Pau Cubarsí,2025,D,140,La Liga,529,Barcelona,2708.0,31,7.211225997045791,94.8394081559004,1.0,0.0,7.0,2.0,2771.0,5.0,41.0,12.0,30.0,195.0,117.0,1.0,1.0,13.0,9.0,25.0,0.0,3,0,0.0332348596750369,0.0,0.2326440177252585,0.0664697193500738,92.09379615952732,0.1661742983751846,1.3626292466765142,0.3988183161004431,0.9970457902511076,6.480797636632201,3.88847858197932,0.0332348596750369,0.0332348596750369,0.4320531757754801,0.2991137370753323,0.8308714918759232,0.0,0.0997045790251107,0.0,28.57142857142857,60.0,100.0,0
396637,Pietro Comuzzo,2025,D,135,Serie A,502,Fiorentina,1700.0,27,6.623660977045321,90.32258064516128,1.0,0.0,9.0,2.0,992.0,3.0,32.0,14.0,24.0,137.0,69.0,2.0,1.0,11.0,4.0,24.0,0.0,2,0,0.0529411764705882,0.0,0.4764705882352941,0.1058823529411764,52.51764705882353,0.1588235294117647,1.6941176470588233,0.7411764705882353,1.2705882352941178,7.252941176470587,3.652941176470588,0.1058823529411764,0.0529411764705882,0.5823529411764706,0.2117647058823529,1.2705882352941178,0.0,0.1058823529411764,0.0,22.22222222222222,50.36496350364964,50.0,2
402329,Ayden Heaven,2025,D,39,Premier League,33,Manchester United,938.0,17,7.034188034188033,90.48582995951418,0.0,1.0,2.0,0.0,494.0,2.0,22.0,11.0,1.0,80.0,55.0,8.0,6.0,5.0,9.0,7.0,0.0,2,0,0.0,0.0959488272921108,0.1918976545842217,0.0,47.398720682302766,0.1918976545842217,2.11087420042644,1.0554371002132197,0.0959488272921108,7.67590618336887,5.277185501066098,0.767590618336887,0.5756929637526652,0.4797441364605543,0.863539445628998,0.6716417910447761,0.0,0.1918976545842217,0.0,0.0,68.75,75.0,0
404172,Kojo Peprah Oppong,2025,D,61,Ligue 1,84,Nice,2608.0,31,6.850843558282208,92.78416347381864,1.0,0.0,7.0,3.0,1566.0,6.0,49.0,18.0,28.0,228.0,143.0,17.0,12.0,7.0,30.0,31.0,1.0,4,0,0.0345092024539877,0.0,0.2415644171779141,0.1035276073619632,54.04141104294479,0.2070552147239264,1.6909509202453987,0.6211656441717791,0.9662576687116564,7.868098159509202,4.934815950920246,0.5866564417177914,0.4141104294478528,0.2415644171779141,1.0352760736196318,1.0697852760736195,0.0345092024539877,0.1380368098159509,0.0,42.85714285714285,62.71929824561403,70.58823529411765,0
405073,Jon Martin,2025,D,140,La Liga,548,Real Sociedad,2250.0,25,6.836,91.22418879056046,2.0,0.0,12.0,5.0,1356.0,2.0,31.0,24.0,34.0,206.0,135.0,12.0,8.0,3.0,12.0,18.0,1.0,6,0,0.08,0.0,0.48,0.2,54.24,0.08,1.24,0.96,1.36,8.24,5.4,0.48,0.32,0.12,0.48,0.72,0.04,0.24,0.0,41.66666666666667,65.53398058252428,66.66666666666666,0
409303,El Hadji Malick Diouf,2025,D,39,Premier League,48,West Ham,2711.0,32,6.744780523791958,74.34908389585343,0.0,5.0,13.0,4.0,1037.0,30.0,44.0,13.0,33.0,255.0,137.0,47.0,23.0,14.0,25.0,28.0,2.0,6,0,0.0,0.1659904094430099,0.4315750645518259,0.1327923275544079,34.426410918480265,0.9959424566580596,1.4607156030984878,0.4315750645518259,1.0955367023238656,8.465510881593508,4.548137218738473,1.5603098487642937,0.7635558834378458,0.4647731464404278,0.8299520472150498,0.9295462928808556,0.0663961637772039,0.1991884913316119,0.0,30.76923076923077,53.72549019607843,48.93617021276596,3
412759,Jaydee Canvot,2025,D,39,Premier League,52,Crystal Palace,1527.0,22,6.962975098296199,88.6337543053961,0.0,0.0,9.0,1.0,871.0,3.0,41.0,15.0,12.0,153.0,92.0,7.0,4.0,20.0,7.0,13.0,0.0,4,0,0.0,0.0,0.5304518664047151,0.0589390962671905,51.33595284872299,0.1768172888015717,2.4165029469548136,0.8840864440078585,0.7072691552062867,9.017681728880158,5.422396856581533,0.412573673870334,0.2357563850687623,1.1787819253438114,0.412573673870334,0.7662082514734774,0.0,0.2357563850687623,0.0,11.11111111111111,60.130718954248366,57.14285714285714,2
413065,Noahkai Banks,2025,D,78,Bundesliga,170,FC Augsburg,1738.0,23,6.927272727272728,90.12485811577751,1.0,1.0,6.0,5.0,881.0,7.0,42.0,13.0,16.0,172.0,100.0,9.0,5.0,14.0,18.0,29.0,3.0,8,0,0.051783659378596,0.051783659378596,0.3107019562715765,0.2589182968929804,45.62140391254315,0.3624856156501726,2.1749136939010354,0.6731875719217492,0.8285385500575374,8.906789413118526,5.178365937859609,0.4660529344073648,0.2589182968929804,0.7249712313003452,0.9321058688147296,1.5017261219792863,0.1553509781357882,0.4142692750287687,0.0,83.33333333333334,58.13953488372093,55.55555555555556,2
414359,Vitor Reis,2025,D,140,La Liga,547,Girona,3138.0,36,6.9181007010834925,90.95634095634097,1.0,1.0,15.0,4.0,1924.0,9.0,49.0,40.0,34.0,295.0,168.0,11.0,8.0,11.0,24.0,40.0,1.0,8,1,0.02868068833652,0.02868068833652,0.4302103250478011,0.1147227533460803,55.18164435946463,0.2581261950286806,1.4053537284894837,1.147227533460803,0.9751434034416824,8.460803059273422,4.818355640535374,0.3154875717017208,0.2294455066921606,0.3154875717017208,0.6883365200764818,1.147227533460803,0.02868068833652,0.2294455066921606,0.02868068833652,26.666666666666668,56.949152542372886,72.72727272727273,0
415155,Juan Rodríguez,2025,D,135,Serie A,490,Cagliari,1315.0,17,6.718555133079849,88.67069486404834,1.0,0.0,3.0,2.0,662.0,0.0,37.0,14.0,18.0,101.0,62.0,1.0,1.0,6.0,8.0,15.0,0.0,3,0,0.0684410646387832,0.0,0.2053231939163498,0.1368821292775665,45.30798479087452,0.0,2.532319391634981,0.9581749049429658,1.231939163498099,6.91254752851711,4.243346007604563,0.0684410646387832,0.0684410646387832,0.4106463878326996,0.5475285171102662,1.0266159695817492,0.0,0.2053231939163498,0.0,66.66666666666666,61.38613861386138,100.0,0
417830,Abdelhamid Ait Boudlal,2025,D,61,Ligue 1,94,Rennes,1415.0,20,6.925441696113074,88.65853658536585,2.0,1.0,12.0,4.0,820.0,1.0,22.0,17.0,19.0,142.0,80.0,18.0,10.0,6.0,10.0,14.0,1.0,3,1,0.127208480565371,0.0636042402826855,0.763250883392226,0.254416961130742,52.15547703180212,0.0636042402826855,1.3992932862190814,1.0812720848056536,1.2084805653710249,9.031802120141345,5.088339222614841,1.1448763250883394,0.6360424028268551,0.381625441696113,0.6360424028268551,0.8904593639575972,0.0636042402826855,0.1908127208480565,0.0636042402826855,33.33333333333333,56.33802816901409,55.55555555555556,2
421807,Matias Moreno,2025,D,140,La Liga,539,Levante,2266.0,28,6.838437775816417,85.76675849403122,0.0,0.0,5.0,0.0,1089.0,8.0,32.0,19.0,38.0,183.0,109.0,8.0,4.0,7.0,23.0,23.0,2.0,8,0,0.0,0.0,0.1985878199470432,0.0,43.25242718446602,0.3177405119152692,1.2709620476610768,0.7546337157987643,1.5092674315975283,7.268314210061782,4.329214474845543,0.3177405119152692,0.1588702559576346,0.2780229479258606,0.913503971756399,0.913503971756399,0.0794351279788173,0.3177405119152692,0.0,0.0,59.56284153005464,50.0,0
428084,Sadibou Sané,2025,D,61,Ligue 1,112,Metz,1943.0,23,7.021976325270201,89.42240779401531,2.0,1.0,4.0,2.0,1437.0,3.0,46.0,24.0,38.0,159.0,96.0,6.0,3.0,16.0,15.0,22.0,0.0,5,2,0.0926402470406587,0.0463201235203293,0.1852804940813175,0.0926402470406587,66.56201749871333,0.1389603705609881,2.130725681935152,1.1116829644879054,1.7601646937725168,7.364899639732373,4.4467318579516215,0.2779207411219763,0.1389603705609881,0.7411219763252702,0.6948018528049408,1.0190427174472465,0.0,0.2316006176016469,0.0926402470406587,50.0,60.37735849056604,50.0,2
428237,Mariano Troilo,2025,D,135,Serie A,523,Parma,1636.0,21,7.002200488997556,89.29411764705883,1.0,0.0,6.0,2.0,850.0,7.0,27.0,18.0,18.0,151.0,88.0,7.0,5.0,10.0,20.0,27.0,1.0,8,2,0.0550122249388753,0.0,0.3300733496332518,0.1100244498777506,46.760391198044005,0.3850855745721271,1.4853300733496333,0.9902200488997556,0.9902200488997556,8.30684596577017,4.841075794621027,0.3850855745721271,0.2750611246943765,0.5501222493887531,1.1002444987775062,1.4853300733496333,0.0550122249388753,0.4400977995110024,0.1100244498777506,33.33333333333333,58.27814569536424,71.42857142857143,0
435552,Pau Navarro,2025,D,140,La Liga,533,Villarreal,1924.0,23,6.721153846153846,88.38643371017471,0.0,0.0,2.0,2.0,973.0,4.0,65.0,16.0,18.0,209.0,109.0,11.0,7.0,32.0,11.0,34.0,1.0,4,0,0.0,0.0,0.0935550935550935,0.0935550935550935,45.51455301455301,0.1871101871101871,3.040540540540541,0.7484407484407485,0.841995841995842,9.776507276507276,5.098752598752599,0.5145530145530146,0.3274428274428275,1.496881496881497,0.5145530145530146,1.5904365904365905,0.0467775467775467,0.1871101871101871,0.0,100.0,52.15311004784689,63.63636363636363,2
437776,Abdoulaye Faye,2025,D,61,Ligue 1,97,Lorient,1446.0,17,6.599792531120332,87.64988009592327,0.0,0.0,7.0,2.0,834.0,2.0,32.0,6.0,28.0,147.0,85.0,10.0,7.0,8.0,14.0,25.0,0.0,7,0,0.0,0.0,0.4356846473029045,0.1244813278008298,51.90871369294605,0.1244813278008298,1.991701244813278,0.3734439834024896,1.7427385892116185,9.149377593360995,5.29045643153527,0.6224066390041494,0.4356846473029045,0.4979253112033195,0.8713692946058091,1.5560165975103737,0.0,0.4356846473029045,0.0,28.57142857142857,57.82312925170068,70.0,2
440147,Karim Coulibaly,2025,D,78,Bundesliga,162,Werder Bremen,2122.0,27,6.4686616399623,86.70842032011134,1.0,0.0,6.0,1.0,1437.0,7.0,27.0,17.0,23.0,161.0,80.0,12.0,8.0,15.0,9.0,18.0,1.0,5,1,0.0424128180961357,0.0,0.2544769085768143,0.0424128180961357,60.94721960414703,0.29688972667295,1.1451460885956644,0.7210179076343073,0.9754948162111216,6.828463713477851,3.393025447690857,0.5089538171536286,0.3393025447690858,0.6361922714420358,0.3817153628652214,0.7634307257304429,0.0424128180961357,0.2120640904806786,0.0424128180961357,16.666666666666664,49.68944099378882,66.66666666666666,0
442546,Kacper Potulski,2025,D,78,Bundesliga,164,FSV Mainz 05,1060.0,15,6.823867924528301,82.46013667425967,1.0,0.0,9.0,5.0,440.0,2.0,15.0,15.0,18.0,112.0,60.0,4.0,2.0,5.0,5.0,17.0,0.0,3,0,0.0849056603773584,0.0,0.7641509433962264,0.4245283018867924,37.35849056603774,0.1698113207547169,1.2735849056603774,1.2735849056603774,1.5283018867924527,9.50943396226415,5.09433962264151,0.3396226415094339,0.1698113207547169,0.4245283018867924,0.4245283018867924,1.4433962264150944,0.0,0.2547169811320754,0.0,55.55555555555556,53.57142857142857,50.0,2
449509,Abdulay Juma Bah,2025,D,61,Ligue 1,84,Nice,2063.0,28,6.824915172079495,91.77419354838707,0.0,0.0,7.0,2.0,1241.0,6.0,35.0,29.0,29.0,191.0,103.0,13.0,9.0,12.0,7.0,27.0,3.0,6,0,0.0,0.0,0.3053805138148328,0.0872515753756665,54.13960252060107,0.2617547261269995,1.5269025690741638,1.2651478429471643,1.2651478429471643,8.33252544837615,4.493456131846825,0.5671352399418322,0.3926320891904992,0.523509452253999,0.3053805138148328,1.177896267571498,0.1308773630634997,0.2617547261269995,0.0,28.57142857142857,53.92670157068062,69.23076923076923,0
453906,Honest Ahanor,2025,D,135,Serie A,499,Atalanta,1380.0,22,6.831231884057972,89.62131837307152,0.0,0.0,11.0,4.0,713.0,2.0,36.0,10.0,23.0,171.0,102.0,8.0,5.0,11.0,28.0,25.0,0.0,2,1,0.0,0.0,0.717391304347826,0.2608695652173913,46.50000000000001,0.1304347826086956,2.347826086956521,0.6521739130434783,1.5,11.152173913043478,6.652173913043479,0.5217391304347826,0.3260869565217391,0.717391304347826,1.826086956521739,1.6304347826086958,0.0,0.1304347826086956,0.0652173913043478,36.36363636363637,59.64912280701754,62.5,2
455316,Tiago Gabriel,2025,D,135,Serie A,867,Lecce,3220.0,37,6.908571428571428,87.40573152337858,2.0,0.0,18.0,4.0,1326.0,2.0,63.0,21.0,45.0,338.0,227.0,1.0,1.0,13.0,40.0,29.0,1.0,7,0,0.0559006211180124,0.0,0.5031055900621119,0.1118012422360248,37.06211180124223,0.0559006211180124,1.7608695652173914,0.5869565217391304,1.2577639751552796,9.4472049689441,6.344720496894411,0.0279503105590062,0.0279503105590062,0.3633540372670807,1.1180124223602483,0.81055900621118,0.0279503105590062,0.1956521739130435,0.0,22.22222222222222,67.15976331360946,100.0,0
522609,Tylel Tati,2025,D,61,Ligue 1,83,Nantes,1724.0,20,6.488283062645011,88.0,0.0,0.0,0.0,0.0,950.0,1.0,19.0,15.0,17.0,96.0,54.0,11.0,8.0,4.0,15.0,23.0,0.0,5,1,0.0,0.0,0.0,0.0,49.59396751740139,0.0522041763341067,0.9918793503480278,0.7830626450116009,0.8874709976798143,5.0116009280742455,2.819025522041763,0.574245939675174,0.4176334106728538,0.2088167053364269,0.7830626450116009,1.2006960556844548,0.0,0.2610208816705336,0.0522041763341067,,56.25,72.72727272727273,0
