player_id,player_name,position,orientation,orientation_cluster,archetype_cluster,archetype_key,archetype_name,minutes,appearances,starts,latest_team_id,latest_team_name,primary_league_id,primary_league_name,provider_rating,raw_quality_rating,minutes_reliability,futbud_rating,role_rating_percentile,quality_status,quality_metric_count,pass_accuracy_pct_quality,duel_win_pct_quality,blocks_per90_quality,interceptions_per90_quality,tackles_per90_quality,dribbled_past_per90_quality,dribble_success_pct_quality,key_passes_per90_quality,assists_per90_quality,goals_per90_quality,shot_accuracy_pct_quality,fouls_drawn_per90_quality,shots_total_per90_quality
18895,Florian Lejeune,D,,,2,stopper_cb,Stopper Center Back,630,7,7,728,Rayo Vallecano,140,La Liga,6.485714285714286,69.3,84.7,66.4,91.6,Excellent,6,32.82442748091603,77.86259541984732,64.12213740458014,82.44274809160305,64.8854961832061,74.80916030534351,,,,,,,
11421,Gabriel Suazo,D,,,1,high_intensity_fullback,High-Intensity Fullback,630,7,7,536,Sevilla,140,La Liga,6.855714285714286,47.2,84.7,47.6,43.1,Average,6,,62.5,,4.166666666666666,77.77777777777779,,57.638888888888886,80.55555555555556,14.583333333333334,,,,
119742,Juan Iglesias,D,,,1,high_intensity_fullback,High-Intensity Fullback,630,7,7,536,Sevilla,140,La Liga,6.837142857142856,33.4,84.7,36.0,15.3,Poor,6,,95.83333333333334,,8.333333333333332,22.22222222222222,,100.0,4.166666666666666,14.583333333333334,,,,
41552,Pathé Ismaël Ciss,D,,,0,positional_cb,Positional Center Back,630,7,7,728,Rayo Vallecano,140,La Liga,6.731428571428571,45.7,84.7,46.4,37.4,Below Average,6,48.13084112149533,28.504672897196258,2.336448598130841,100.0,51.4018691588785,60.280373831775705,,,,,,,
336671,Renato Veiga,D,,,0,positional_cb,Positional Center Back,630,7,7,533,Villarreal,140,La Liga,7.185714285714286,44.0,84.7,44.9,32.7,Below Average,6,89.7196261682243,0.0,98.5981308411215,86.91588785046729,0.0,11.214953271028037,,,,,,,
162058,Víctor Chust,D,,,0,positional_cb,Positional Center Back,630,7,7,797,Elche,140,La Liga,6.432857142857142,54.3,84.7,53.7,61.7,Good,6,66.35514018691589,62.149532710280376,2.336448598130841,46.728971962616825,66.82242990654206,88.78504672897196,,,,,,,
316115,Ángel Recio,D,,,0,positional_cb,Positional Center Back,630,7,7,535,Malaga,140,La Liga,6.695714285714286,23.0,84.7,27.1,3.3,Poor,6,86.44859813084112,0.0,25.70093457943925,25.70093457943925,33.64485981308411,1.4018691588784975,,,,,,,
106759,Ville Koski,D,,,0,positional_cb,Positional Center Back,620,7,7,542,Alaves,140,La Liga,6.793548387096775,45.1,84.6,45.8,35.5,Below Average,6,30.8411214953271,0.0,69.62616822429906,66.35514018691589,2.336448598130841,88.78504672897196,,,,,,,
199044,Jon Aramburu,D,,,1,high_intensity_fullback,High-Intensity Fullback,597,7,7,548,Real Sociedad,140,La Liga,6.557286432160804,54.1,84.4,53.4,58.3,Good,6,,47.22222222222222,,100.0,91.66666666666666,,93.05555555555556,26.38888888888889,14.583333333333334,,,,
47250,Djené,D,,,0,positional_cb,Positional Center Back,596,7,7,546,Getafe,140,La Liga,6.543456375838926,28.5,84.4,31.8,5.6,Poor,6,5.14018691588785,8.411214953271028,2.803738317757009,83.17757009345794,14.018691588785046,55.60747663551402,,,,,,,
23,Sergio Gómez,D,,,3,creative_fullback,Creative Fullback,591,7,7,548,Real Sociedad,140,La Liga,6.700507614213198,66.7,84.4,64.1,81.5,Very Good,6,85.71428571428571,100.0,,42.016806722689076,,,99.15966386554622,82.35294117647058,10.504201680672269,,,,
6233,Nahuel Tenaglia,D,,,3,creative_fullback,Creative Fullback,585,7,7,542,Alaves,140,La Liga,6.886923076923077,29.1,84.3,32.4,10.1,Poor,6,38.655462184873954,31.512605042016805,,96.63865546218487,,,13.865546218487395,5.88235294117647,10.504201680672269,,,,
329722,Yoel Lago,D,,,0,positional_cb,Positional Center Back,585,7,6,538,Celta Vigo,140,La Liga,6.775384615384616,47.1,84.3,47.6,42.1,Average,6,92.99065420560748,0.0,2.803738317757009,99.53271028037383,15.887850467289718,99.76635514018692,,,,,,,
161963,Germán Valera,D,,,3,creative_fullback,Creative Fullback,572,7,7,797,Elche,140,La Liga,6.695541958041959,56.8,84.2,55.7,68.9,Good,6,73.10924369747899,71.42857142857143,,27.73109243697479,,,56.30252100840336,95.7983193277311,10.504201680672269,,,,
127025,Giacomo Quagliata,D,,,3,creative_fullback,Creative Fullback,569,7,6,544,Deportivo La Coruna,140,La Liga,6.463444639718805,44.5,84.2,45.4,38.7,Below Average,6,2.5210084033613445,15.126050420168067,,100.0,,,66.38655462184873,62.18487394957983,10.504201680672269,,,,
47463,Pepelu,D,,,0,positional_cb,Positional Center Back,568,7,7,532,Valencia,140,La Liga,6.785739436619719,33.3,84.2,36.0,16.8,Poor,6,40.18691588785047,23.364485981308412,15.887850467289718,40.18691588785047,94.85981308411215,6.074766355140184,,,,,,,
421044,Iñigo Arguibide,D,,,3,creative_fullback,Creative Fullback,566,7,7,727,Osasuna,140,La Liga,6.334275618374558,15.6,84.2,21.0,0.0,Poor,6,31.932773109243694,0.8403361344537815,,13.445378151260504,,,32.773109243697476,6.722689075630252,10.504201680672269,,,,
551403,Rafa Garrido,D,,,0,positional_cb,Positional Center Back,562,7,6,535,Malaga,140,La Liga,6.684875444839857,60.1,84.2,58.5,75.2,Very Good,6,60.747663551401864,65.88785046728972,58.41121495327103,77.10280373831776,50.467289719626166,50.0,,,,,,,
30399,Dávid Hancko,D,,,0,positional_cb,Positional Center Back,549,7,6,530,Atletico Madrid,140,La Liga,7.229508196721311,67.2,84.1,64.4,86.4,Excellent,6,52.336448598130836,99.06542056074767,17.75700934579439,89.25233644859813,53.271028037383175,85.98130841121495,,,,,,,
482469,Jorge Salinas,D,,,1,high_intensity_fullback,High-Intensity Fullback,548,7,6,4665,Racing Santander,140,La Liga,6.487226277372263,67.7,84.1,64.9,84.7,Very Good,6,,100.0,,88.88888888888889,98.61111111111111,,2.7777777777777777,13.88888888888889,86.11111111111111,,,,
47533,Alejandro Catena,D,,,0,positional_cb,Positional Center Back,540,7,6,727,Osasuna,140,La Liga,6.841666666666667,56.2,84.0,55.2,66.4,Good,6,7.009345794392523,79.90654205607477,63.55140186915887,9.345794392523365,36.44859813084112,99.76635514018692,,,,,,,
1703,Andrei Rațiu,D,,,1,high_intensity_fullback,High-Intensity Fullback,540,7,6,728,Rayo Vallecano,140,La Liga,6.616666666666666,28.6,84.0,32.0,5.6,Poor,6,,18.055555555555554,,80.55555555555556,2.7777777777777777,,33.33333333333333,31.944444444444443,14.583333333333334,,,,
446067,Buba Sangaré,D,,,3,creative_fullback,Creative Fullback,540,7,7,797,Elche,140,La Liga,6.232611111111112,14.8,84.0,20.4,0.0,Poor,6,47.05882352941176,9.243697478991598,,14.285714285714285,,,5.88235294117647,6.722689075630252,10.504201680672269,,,,
1145,Ibrahima Konaté,D,,,0,positional_cb,Positional Center Back,540,7,6,541,Real Madrid,140,La Liga,6.955,49.7,84.0,49.7,49.1,Average,6,93.92523364485982,4.439252336448598,82.2429906542056,3.2710280373831773,36.44859813084112,85.04672897196262,,,,,,,
195100,Natan,D,,,0,positional_cb,Positional Center Back,540,7,6,543,Real Betis,140,La Liga,7.433333333333334,77.9,84.0,73.4,97.2,Elite,6,78.50467289719626,100.0,91.58878504672897,0.46728971962616817,97.66355140186917,85.04672897196262,,,,,,,
450716,Roger Hinojo,D,,,3,creative_fullback,Creative Fullback,536,7,7,540,Espanyol,140,La Liga,6.560261194029851,25.8,84.0,29.7,5.9,Poor,6,44.537815126050425,70.58823529411765,,46.21848739495798,,,9.243697478991598,6.722689075630252,10.504201680672269,,,,
563,Alejandro Grimaldo,D,,,1,high_intensity_fullback,High-Intensity Fullback,535,7,6,530,Atletico Madrid,140,La Liga,6.9570093457943925,51.0,84.0,50.8,54.2,Average,6,,47.22222222222222,,6.944444444444445,45.83333333333333,,80.55555555555556,31.944444444444443,86.11111111111111,,,,
47360,Ximo Navarro,D,,,3,creative_fullback,Creative Fullback,533,7,6,544,Deportivo La Coruna,140,La Liga,6.35703564727955,29.2,83.9,32.5,10.1,Poor,6,72.26890756302521,12.605042016806722,,95.7983193277311,,,2.5210084033613445,0.8403361344537815,10.504201680672269,,,,
181259,Abel Bretones,D,,,1,high_intensity_fullback,High-Intensity Fullback,529,7,6,727,Osasuna,140,La Liga,6.276465028355387,13.0,83.9,19.0,1.4,Poor,6,,0.0,,8.333333333333332,31.944444444444443,,2.7777777777777777,15.277777777777779,14.583333333333334,,,,
286601,Omar El Hilali,D,,,2,stopper_cb,Stopper Center Back,525,6,6,540,Espanyol,140,La Liga,7.032,36.8,83.9,38.9,14.5,Poor,6,18.3206106870229,19.083969465648856,36.6412213740458,21.374045801526716,71.7557251908397,60.30534351145038,,,,,,,
734,Adrián de la Fuente,D,,,2,stopper_cb,Stopper Center Back,521,6,6,539,Levante,140,La Liga,7.115547024952015,36.4,83.9,38.6,13.0,Poor,6,28.24427480916031,53.43511450381679,1.5267175572519083,58.778625954198475,11.450381679389313,59.541984732824424,,,,,,,
64309,Manuel Sánchez,D,,,1,high_intensity_fullback,High-Intensity Fullback,521,6,6,539,Levante,140,La Liga,6.604165067178503,31.6,83.9,34.6,11.1,Poor,6,,37.5,,38.88888888888889,100.0,,15.277777777777779,0.0,14.583333333333334,,,,
180927,Zaid Romero,D,,,2,stopper_cb,Stopper Center Back,517,6,6,546,Getafe,140,La Liga,7.010793036750483,58.5,83.8,57.1,70.2,Very Good,6,28.24427480916031,75.57251908396947,61.06870229007634,96.18320610687023,12.213740458015266,59.541984732824424,,,,,,,
1439,Héctor Bellerín,D,,,3,creative_fullback,Creative Fullback,514,7,5,543,Real Betis,140,La Liga,6.567315175097276,47.7,83.8,48.1,47.1,Average,6,68.90756302521008,7.563025210084033,,50.42016806722689,,,24.369747899159663,93.27731092436974,10.504201680672269,,,,
1567,Aïssa Mandi,D,,,0,positional_cb,Positional Center Back,513,6,6,539,Levante,140,La Liga,6.956140350877193,75.9,83.8,71.7,95.8,Elite,6,86.91588785046729,100.0,5.607476635514018,85.51401869158879,88.78504672897196,99.76635514018692,,,,,,,
181685,Alvaro Mantilla,D,,,3,creative_fullback,Creative Fullback,512,7,6,4665,Racing Santander,140,La Liga,6.318359375,20.4,83.8,25.2,3.4,Poor,6,0.8403361344537815,89.91596638655463,,50.42016806722689,,,9.243697478991598,0.8403361344537815,10.504201680672269,,,,
18740,Jonny Otto,D,,,3,creative_fullback,Creative Fullback,510,7,6,542,Alaves,140,La Liga,7.013725490196078,41.3,83.8,42.7,29.4,Below Average,6,63.86554621848739,99.15966386554622,,52.10084033613446,,,66.38655462184873,7.563025210084033,10.504201680672269,,,,
361497,Dean Huijsen,D,,,0,positional_cb,Positional Center Back,502,7,7,541,Real Madrid,140,La Liga,6.981274900398407,69.4,83.7,66.3,88.8,Excellent,6,100.0,79.43925233644859,0.0,95.7943925233645,82.2429906542056,84.11214953271028,,,,,,,
64268,Johan Mojica,D,,,3,creative_fullback,Creative Fullback,495,7,5,546,Getafe,140,La Liga,6.78,36.4,83.7,38.6,22.7,Poor,6,0.0,78.15126050420169,,19.327731092436977,,,7.563025210084033,89.91596638655463,10.504201680672269,,,,
622,Aymeric Laporte,D,,,0,positional_cb,Positional Center Back,482,6,5,531,Athletic Club,140,La Liga,6.930497925311204,46.1,83.6,46.8,39.3,Below Average,6,94.85981308411215,66.82242990654206,6.5420560747663545,16.822429906542055,74.29906542056075,41.58878504672897,,,,,,,
736,Fran García,D,,,2,stopper_cb,Stopper Center Back,481,7,5,543,Real Betis,140,La Liga,6.919334719334719,60.8,83.6,59.1,75.6,Very Good,6,51.14503816793893,94.65648854961832,13.740458015267176,49.61832061068702,95.41984732824427,9.92366412213741,,,,,,,
338902,Andrés Castrin,D,,,0,positional_cb,Positional Center Back,480,7,5,536,Sevilla,140,La Liga,6.828125,61.3,83.6,59.4,78.0,Very Good,6,30.8411214953271,100.0,23.83177570093458,59.345794392523366,30.60747663551402,99.76635514018692,,,,,,,
388013,Andrés García,D,,,3,creative_fullback,Creative Fullback,472,6,6,546,Getafe,140,La Liga,6.638940677966103,45.2,83.5,46.0,42.0,Average,6,68.90756302521008,13.445378151260504,,23.52941176470588,,,82.35294117647058,62.18487394957983,10.504201680672269,,,,
14470,Einar Galilea,D,,,0,positional_cb,Positional Center Back,469,7,6,535,Malaga,140,La Liga,6.721428571428572,38.0,83.5,40.0,22.9,Poor,6,71.49532710280374,23.83177570093458,25.70093457943925,81.77570093457945,57.943925233644855,0.0,,,,,,,
619,Eric García,D,,,3,creative_fullback,Creative Fullback,469,7,6,529,Barcelona,140,La Liga,7.143496801705758,52.7,83.5,52.3,58.0,Good,6,91.59663865546219,83.19327731092437,,59.66386554621849,,,24.369747899159663,63.86554621848739,10.504201680672269,,,,
753,Marcos Llorente,D,,,2,stopper_cb,Stopper Center Back,465,7,5,530,Atletico Madrid,140,La Liga,6.994838709677419,53.6,83.4,53.0,60.3,Good,6,98.47328244274809,1.5267175572519083,87.02290076335878,89.31297709923665,61.06870229007634,2.2900763358778704,,,,,,,
405073,Jon Martin,D,,,0,positional_cb,Positional Center Back,456,6,6,548,Real Sociedad,140,La Liga,6.669078947368421,56.3,83.4,55.2,66.4,Good,6,72.42990654205607,40.18691588785047,57.943925233644855,5.607476635514018,81.30841121495327,81.77570093457945,,,,,,,
30497,Gleison Bremer,D,,,2,stopper_cb,Stopper Center Back,455,5,5,496,Juventus,135,Serie A,7.328571428571428,50.1,83.4,50.1,50.4,Average,6,90.07633587786259,46.56488549618321,2.2900763358778624,83.20610687022901,12.213740458015266,100.0,,,,,,,
162188,Pierre Kalulu,D,,,3,creative_fullback,Creative Fullback,455,5,5,496,Juventus,135,Serie A,6.710989010989011,42.7,83.4,43.9,32.8,Below Average,6,73.10924369747899,84.03361344537815,,60.50420168067227,,,2.5210084033613445,47.05882352941176,10.504201680672269,,,,
382448,Simone Cinquegrano,D,,,3,creative_fullback,Creative Fullback,455,5,5,488,Sassuolo,135,Serie A,6.557142857142857,37.8,83.4,39.8,24.4,Poor,6,63.02521008403361,57.98319327731093,,44.537815126050425,,,66.38655462184873,15.126050420168067,10.504201680672269,,,,
30420,Enrico Delprato,D,,,0,positional_cb,Positional Center Back,454,5,5,523,Parma,135,Serie A,6.477533039647578,49.2,83.4,49.3,47.7,Average,6,0.46728971962616817,30.8411214953271,57.943925233644855,97.66355140186917,2.336448598130841,81.77570093457945,,,,,,,
386305,Jacobo Ramón,D,,,2,stopper_cb,Stopper Center Back,454,5,5,895,Como,135,Serie A,7.1810572687224665,54.2,83.4,53.5,61.8,Good,6,83.96946564885496,91.6030534351145,13.740458015267176,0.0,80.91603053435115,46.56488549618321,,,,,,,
20715,A. Monfray,D,,,2,stopper_cb,Stopper Center Back,450,5,5,110,Estac Troyes,61,Ligue 1,6.946,75.0,83.3,70.8,96.2,Elite,6,40.458015267175576,100.0,48.091603053435115,91.6030534351145,98.47328244274809,7.251908396946561,,,,,,,
442933,A. Ouzenadji,D,,,1,high_intensity_fullback,High-Intensity Fullback,450,5,5,110,Estac Troyes,61,Ligue 1,6.494000000000001,72.1,83.3,68.4,90.3,Excellent,6,,95.83333333333334,,68.05555555555556,50.0,,44.44444444444444,62.5,92.36111111111111,,,,
84218,Adama Camara,D,,,3,creative_fullback,Creative Fullback,450,5,5,114,Paris FC,61,Ligue 1,6.595999999999999,36.1,83.3,38.4,21.0,Poor,6,57.98319327731093,75.63025210084034,,44.537815126050425,,,24.369747899159663,29.411764705882355,10.504201680672269,,,,
162267,Adrien Truffert,D,,,1,high_intensity_fullback,High-Intensity Fullback,450,5,5,35,Bournemouth,39,Premier League,6.925999999999999,47.7,83.3,48.1,44.4,Average,6,,15.277777777777779,,87.5,93.05555555555556,,57.638888888888886,44.44444444444444,14.583333333333334,,,,
142691,Alexsandro Ribeiro,D,,,0,positional_cb,Positional Center Back,450,5,5,79,Lille,61,Ligue 1,7.272,69.8,83.3,66.5,89.7,Excellent,6,86.91588785046729,99.06542056074767,58.177570093457945,1.4018691588785046,63.55140186915887,99.76635514018692,,,,,,,
1314,Amir Rrahmani,D,,,2,stopper_cb,Stopper Center Back,450,5,5,492,Napoli,135,Serie A,7.22,68.6,83.3,65.5,90.1,Excellent,6,82.44274809160305,100.0,75.57251908396947,1.5267175572519083,68.70229007633588,100.0,,,,,,,
331832,António Silva,D,,,0,positional_cb,Positional Center Back,450,5,5,35,Bournemouth,39,Premier League,6.936,55.2,83.3,54.4,64.5,Good,6,30.373831775700932,56.30841121495327,82.2429906542056,95.32710280373831,21.261682242990652,35.04672897196261,,,,,,,
33165,Ayumu Seko,D,,,0,positional_cb,Positional Center Back,450,5,5,111,Le Havre,61,Ligue 1,6.87,35.8,83.3,38.1,19.6,Poor,6,40.654205607476634,4.439252336448598,58.177570093457945,95.32710280373831,21.261682242990652,8.411214953271028,,,,,,,
191189,C. Akpa,D,,,3,creative_fullback,Creative Fullback,450,5,5,108,Auxerre,61,Ligue 1,6.094,25.1,83.3,29.2,5.0,Poor,6,6.722689075630252,22.689075630252102,,62.18487394957983,,,66.38655462184873,1.680672268907563,10.504201680672269,,,,
278392,C. Cresswell,D,,,0,positional_cb,Positional Center Back,450,5,5,94,Rennes,61,Ligue 1,6.478,28.1,83.3,31.8,5.6,Poor,6,9.345794392523365,69.62616822429906,0.0,20.5607476635514,21.261682242990652,35.04672897196261,,,,,,,
152967,Calvin Bassey,D,,,0,positional_cb,Positional Center Back,450,5,5,36,Fulham,39,Premier League,6.736,46.7,83.3,47.3,41.6,Average,6,60.280373831775705,76.63551401869158,0.0,20.5607476635514,40.654205607476634,80.8411214953271,,,,,,,
126949,Chris Richards,D,,,0,positional_cb,Positional Center Back,450,5,5,52,Crystal Palace,39,Premier League,6.688,66.0,83.3,63.3,86.4,Excellent,6,45.794392523364486,8.411214953271028,92.5233644859813,85.51401869158879,81.30841121495327,80.8411214953271,,,,,,,
55904,Daniel Ballard,D,,,2,stopper_cb,Stopper Center Back,450,5,5,746,Sunderland,39,Premier League,6.808,38.4,83.3,40.3,19.8,Poor,6,27.480916030534353,30.53435114503817,75.57251908396947,6.870229007633588,53.81679389312977,45.038167938931295,,,,,,,
161702,Danilo Veiga,D,,,1,high_intensity_fullback,High-Intensity Fullback,450,5,5,867,Lecce,135,Serie A,6.68,49.3,83.3,49.4,50.0,Average,6,,15.277777777777779,,22.22222222222222,91.66666666666666,,15.277777777777779,26.38888888888889,92.36111111111111,,,,
17597,Dara O'Shea,D,,,3,creative_fullback,Creative Fullback,450,5,5,57,Ipswich,39,Premier League,6.312,56.4,83.3,55.4,68.9,Good,6,0.8403361344537815,99.15966386554622,,83.19327731092437,,,95.7983193277311,69.74789915966386,10.504201680672269,,,,
126640,David Affengruber,D,,,0,positional_cb,Positional Center Back,450,6,5,36,Fulham,140,La Liga,6.548,57.9,83.3,56.6,70.6,Very Good,6,42.523364485981304,56.30841121495327,82.2429906542056,85.51401869158879,40.654205607476634,35.04672897196261,,,,,,,
342063,Diego Coppola,D,,,0,positional_cb,Positional Center Back,450,5,5,114,Paris FC,61,Ligue 1,6.746,41.3,83.3,42.7,27.6,Below Average,6,75.23364485981308,0.46728971962616817,0.0,70.09345794392523,21.261682242990652,99.76635514018692,,,,,,,
175,Eric Dier,D,,,0,positional_cb,Positional Center Back,450,5,5,91,Monaco,61,Ligue 1,7.425999999999999,71.4,83.3,67.9,91.6,Excellent,6,73.36448598130842,99.53271028037383,58.177570093457945,20.5607476635514,63.55140186915887,99.76635514018692,,,,,,,
22224,Gabriel Magalhães,D,,,0,positional_cb,Positional Center Back,450,5,5,42,Arsenal,39,Premier League,6.7,43.3,83.3,44.4,32.2,Below Average,6,53.271028037383175,7.009345794392523,0.0,70.09345794392523,40.654205607476634,99.76635514018692,,,,,,,
289761,Giorgio Scalvini,D,,,0,positional_cb,Positional Center Back,450,5,5,499,Atalanta,135,Serie A,6.96,31.5,83.3,34.6,13.1,Poor,6,98.5981308411215,11.682242990654206,29.906542056074763,1.4018691588785046,40.654205607476634,35.04672897196261,,,,,,,
31042,Giovanni Di Lorenzo,D,,,3,creative_fullback,Creative Fullback,450,5,5,492,Napoli,135,Serie A,6.6,56.0,83.3,55.0,68.1,Good,6,85.71428571428571,99.15966386554622,,44.537815126050425,,,2.5210084033613445,29.411764705882355,94.11764705882352,,,,
2935,Harry Maguire,D,,,0,positional_cb,Positional Center Back,450,5,5,33,Manchester United,39,Premier League,6.79,54.9,83.3,54.1,63.6,Good,6,63.084112149532714,88.78504672897196,0.0,70.09345794392523,2.336448598130841,99.76635514018692,,,,,,,
18814,Issa Diop,D,,,0,positional_cb,Positional Center Back,450,5,5,57,Ipswich,39,Premier League,6.77,55.9,83.3,54.9,65.4,Good,6,70.56074766355141,28.504672897196258,100.0,98.5981308411215,8.878504672897195,35.04672897196261,,,,,,,
21381,J. Lefort,D,,,3,creative_fullback,Creative Fullback,450,5,5,77,Angers,61,Ligue 1,6.638,33.9,83.3,36.6,19.3,Poor,6,68.90756302521008,1.680672268907563,,90.75630252100841,,,2.5210084033613445,29.411764705882355,10.504201680672269,,,,
20093,James Hill,D,,,3,creative_fullback,Creative Fullback,450,5,5,35,Bournemouth,39,Premier League,6.958,46.3,83.3,46.9,42.9,Average,6,5.042016806722689,100.0,,83.19327731092437,,,2.5210084033613445,82.35294117647058,10.504201680672269,,,,
19760,James Justin,D,,,2,stopper_cb,Stopper Center Back,450,5,5,63,Leeds,39,Premier League,7.06,64.5,83.3,62.1,82.4,Very Good,6,3.0534351145038165,97.70992366412213,13.740458015267176,84.7328244274809,100.0,7.251908396946561,,,,,,,
2936,James Tarkowski,D,,,2,stopper_cb,Stopper Center Back,450,5,5,45,Everton,39,Premier League,7.45,78.8,83.3,74.0,96.9,Elite,6,28.24427480916031,100.0,48.091603053435115,100.0,68.70229007633588,100.0,,,,,,,
38695,Jan Paul van Hecke,D,,,2,stopper_cb,Stopper Center Back,450,5,5,47,Tottenham,39,Premier League,7.472,39.0,83.3,40.8,20.6,Poor,6,100.0,8.396946564885496,75.57251908396947,1.5267175572519083,53.81679389312977,45.038167938931295,,,,,,,
17661,Jarrad Branthwaite,D,,,0,positional_cb,Positional Center Back,450,5,5,45,Everton,39,Premier League,7.004,72.2,83.3,68.5,92.1,Excellent,6,8.411214953271028,79.43925233644859,97.66355140186917,85.51401869158879,21.261682242990652,99.76635514018692,,,,,,,
373825,Joel Schingtienne,D,,,3,creative_fullback,Creative Fullback,450,5,5,517,Venezia,135,Serie A,6.24,43.3,83.3,44.4,34.5,Below Average,6,83.19327731092437,70.58823529411765,,23.52941176470588,,,95.7983193277311,15.126050420168067,10.504201680672269,,,,
1119,K. Ajer,D,,,3,creative_fullback,Creative Fullback,450,5,5,55,Brentford,39,Premier League,6.848000000000001,37.9,83.3,39.9,26.1,Below Average,6,38.655462184873954,86.5546218487395,,90.75630252100841,,,2.5210084033613445,29.411764705882355,10.504201680672269,,,,
162141,Koni De Winter,D,,,0,positional_cb,Positional Center Back,450,5,5,489,AC Milan,135,Serie A,6.86,53.9,83.3,53.3,60.3,Good,6,98.13084112149532,73.36448598130842,8.878504672897195,46.728971962616825,91.1214953271028,35.04672897196261,,,,,,,
19119,Leif Davis,D,,,3,creative_fullback,Creative Fullback,450,5,5,57,Ipswich,39,Premier League,6.708,35.9,83.3,38.2,21.0,Poor,6,2.5210084033613445,6.722689075630252,,23.52941176470588,,,2.5210084033613445,48.319327731092436,94.11764705882352,,,,
319512,Lucas Noubi,D,,,0,positional_cb,Positional Center Back,450,7,5,544,Deportivo La Coruna,140,La Liga,6.598,54.9,83.3,54.0,63.6,Good,6,5.14018691588785,28.504672897196258,29.906542056074763,95.32710280373831,81.30841121495327,80.8411214953271,,,,,,,
365742,M. Diaz,D,,,3,creative_fullback,Creative Fullback,450,5,5,110,Estac Troyes,61,Ligue 1,6.414,35.8,83.3,38.1,21.0,Poor,6,91.59663865546219,66.38655462184873,,83.19327731092437,,,2.5210084033613445,1.680672268907563,10.504201680672269,,,,
163189,Malick Thiaw,D,,,0,positional_cb,Positional Center Back,450,5,5,34,Newcastle,39,Premier League,6.56,40.5,83.3,42.1,27.1,Below Average,6,6.5420560747663545,63.084112149532714,100.0,1.4018691588785046,0.0,35.04672897196261,,,,,,,
67971,Marc Guéhi,D,,,0,positional_cb,Positional Center Back,450,5,5,50,Manchester City,39,Premier League,7.39,46.8,83.3,47.4,42.1,Average,6,94.85981308411215,100.0,0.0,5.607476635514018,2.336448598130841,80.8411214953271,,,,,,,
50735,Mark McKenzie,D,,,0,positional_cb,Positional Center Back,450,5,5,96,Toulouse,61,Ligue 1,6.845999999999999,48.4,83.3,48.7,46.3,Average,6,76.63551401869158,73.36448598130842,29.906542056074763,46.728971962616825,40.654205607476634,35.04672897196261,,,,,,,
257,Marquinhos,D,,,3,creative_fullback,Creative Fullback,450,5,5,85,Paris Saint Germain,61,Ligue 1,7.436,23.4,83.3,27.9,3.4,Poor,5,91.59663865546219,1.680672268907563,,0.8403361344537815,,,,15.126050420168067,10.504201680672269,,,,
50030,Montassar Talbi,D,,,0,positional_cb,Positional Center Back,450,5,5,97,Lorient,61,Ligue 1,7.166,63.0,83.3,60.8,81.8,Very Good,6,82.2429906542056,99.53271028037383,8.878504672897195,46.728971962616825,40.654205607476634,99.76635514018692,,,,,,,
312964,Nathan Ngoy,D,,,0,positional_cb,Positional Center Back,450,5,5,79,Lille,61,Ligue 1,6.878,58.2,83.3,56.8,72.4,Very Good,6,72.42990654205607,64.01869158878505,29.906542056074763,85.51401869158879,21.261682242990652,80.8411214953271,,,,,,,
271540,O. Camara,D,,,0,positional_cb,Positional Center Back,450,5,5,77,Angers,61,Ligue 1,7.11,71.5,83.3,68.0,91.6,Excellent,6,73.36448598130842,91.1214953271028,29.906542056074763,70.09345794392523,63.55140186915887,99.76635514018692,,,,,,,
350857,Oliver Provstgaard,D,,,0,positional_cb,Positional Center Back,450,5,5,487,Lazio,135,Serie A,6.66,41.1,83.3,42.6,27.6,Below Average,6,71.02803738317756,0.0,29.906542056074763,70.09345794392523,8.878504672897195,80.8411214953271,,,,,,,
498791,R. Le Guen,D,,,0,positional_cb,Positional Center Back,450,5,5,106,Stade Brestois 29,61,Ligue 1,6.5840000000000005,51.4,83.3,51.2,51.9,Average,6,34.112149532710276,100.0,8.878504672897195,20.5607476635514,21.261682242990652,99.76635514018692,,,,,,,
162498,Radu Drăguşin,D,,,2,stopper_cb,Stopper Center Back,450,5,5,502,Fiorentina,135,Serie A,6.68,60.1,83.3,58.4,71.8,Very Good,6,71.7557251908397,57.25190839694656,96.18320610687023,98.47328244274809,0.0,45.038167938931295,,,,,,,
567,Rúben Dias,D,,,0,positional_cb,Positional Center Back,450,5,5,50,Manchester City,39,Premier League,7.182,18.6,83.3,23.8,1.4,Poor,6,84.11214953271028,11.682242990654206,0.0,5.607476635514018,0.0,35.04672897196261,,,,,,,
428084,Sadibou Sané,D,,,0,positional_cb,Positional Center Back,450,5,5,91,Monaco,61,Ligue 1,6.974,58.0,83.3,56.7,71.0,Very Good,6,92.5233644859813,23.83177570093458,58.177570093457945,1.4018691588785046,81.30841121495327,99.76635514018692,,,,,,,
45826,Strahinja Pavlović,D,,,0,positional_cb,Positional Center Back,450,5,5,489,AC Milan,135,Serie A,7.22,61.2,83.3,59.4,78.0,Very Good,6,84.11214953271028,99.06542056074767,8.878504672897195,0.46728971962616817,100.0,80.8411214953271,,,,,,,
38734,Sven Botman,D,,,0,positional_cb,Positional Center Back,450,5,5,34,Newcastle,39,Premier League,6.68,55.0,83.3,54.1,63.6,Good,6,27.102803738317753,77.57009345794393,97.66355140186917,46.728971962616825,21.261682242990652,35.04672897196261,,,,,,,
271350,Tarik Muharemović,D,,,2,stopper_cb,Stopper Center Back,450,5,5,63,Leeds,39,Premier League,7.2,51.4,83.3,51.2,56.5,Good,6,37.404580152671755,25.190839694656486,88.93129770992367,98.47328244274809,1.5267175572519083,80.53435114503817,,,,,,,
379329,Tiago Santos,D,,,1,high_intensity_fullback,High-Intensity Fullback,450,5,5,79,Lille,61,Ligue 1,7.407999999999999,40.4,83.3,42.0,30.6,Below Average,6,,95.83333333333334,,36.11111111111111,22.22222222222222,,11.11111111111111,62.5,14.583333333333334,,,,
39254,Torbjørn Heggem,D,,,0,positional_cb,Positional Center Back,450,5,5,500,Bologna,135,Serie A,6.78,38.1,83.3,40.1,23.4,Poor,6,93.92523364485982,0.0,92.5233644859813,20.5607476635514,0.9345794392523363,35.04672897196261,,,,,,,
889,Victor Lindelöf,D,,,3,creative_fullback,Creative Fullback,450,5,5,66,Aston Villa,39,Premier League,6.348000000000001,28.6,83.3,32.2,10.1,Poor,5,98.31932773109243,0.0,,0.8403361344537815,,,,29.411764705882355,10.504201680672269,,,,
290,Virgil van Dijk,D,,,0,positional_cb,Positional Center Back,450,5,5,40,Liverpool,39,Premier League,7.335999999999999,61.4,83.3,59.5,78.0,Very Good,6,54.20560747663551,100.0,0.0,85.51401869158879,21.261682242990652,99.76635514018692,,,,,,,
2165,Vitaliy Mykolenko,D,,,2,stopper_cb,Stopper Center Back,450,5,5,45,Everton,39,Premier League,6.99,68.9,83.3,65.8,90.1,Excellent,6,20.610687022900763,71.7557251908397,88.93129770992367,59.92366412213741,95.41984732824427,45.038167938931295,,,,,,,
16367,W. Pacho,D,,,0,positional_cb,Positional Center Back,450,5,5,85,Paris Saint Germain,61,Ligue 1,6.976,56.4,83.3,55.4,66.4,Good,6,99.06542056074767,36.44859813084112,8.878504672897195,20.5607476635514,96.26168224299066,99.76635514018692,,,,,,,
396380,Z. Athekame,D,,,3,creative_fullback,Creative Fullback,450,5,5,80,Lyon,61,Ligue 1,7.487999999999999,58.3,83.3,56.9,69.7,Good,6,44.537815126050425,48.739495798319325,,23.52941176470588,,,5.042016806722689,89.91596638655463,100.0,,,,
193953,L. Sy,D,,,1,high_intensity_fullback,High-Intensity Fullback,449,5,5,108,Auxerre,61,Ligue 1,6.003340757238307,35.3,83.3,37.8,19.4,Poor,6,,6.944444444444445,,87.5,0.0,,86.11111111111111,44.44444444444444,14.583333333333334,,,,
284492,Lewis Hall,D,,,1,high_intensity_fullback,High-Intensity Fullback,449,5,5,34,Newcastle,39,Premier League,7.461915367483296,61.7,83.3,59.8,73.6,Very Good,6,,18.055555555555554,,36.11111111111111,63.888888888888886,,57.638888888888886,75.0,93.05555555555556,,,,
428237,Mariano Troilo,D,,,0,positional_cb,Positional Center Back,449,5,5,523,Parma,135,Serie A,6.85924276169265,42.4,83.3,43.6,29.0,Below Average,6,52.336448598130836,4.439252336448598,92.5233644859813,97.66355140186917,9.345794392523365,8.411214953271028,,,,,,,
274267,B. Locko,D,,,2,stopper_cb,Stopper Center Back,448,5,5,106,Stade Brestois 29,61,Ligue 1,7.038348214285714,75.5,83.3,71.3,96.2,Elite,6,11.450381679389313,100.0,3.0534351145038165,96.18320610687023,98.47328244274809,100.0,,,,,,,
297311,Kike Salas,D,,,1,high_intensity_fullback,High-Intensity Fullback,448,5,5,536,Sevilla,140,La Liga,6.932142857142857,14.7,83.3,20.6,1.4,Poor,5,,41.66666666666667,,2.7777777777777777,13.88888888888889,,,4.166666666666666,14.583333333333334,,,,
363695,Murillo,D,,,1,high_intensity_fullback,High-Intensity Fullback,448,5,5,65,Nottingham Forest,39,Premier League,7.033928571428571,55.2,83.3,54.3,62.5,Good,6,,11.11111111111111,,87.5,13.88888888888889,,22.916666666666664,63.888888888888886,93.05555555555556,,,,
668717,Xavier Mandza,D,,,2,stopper_cb,Stopper Center Back,448,5,5,84,Nice,61,Ligue 1,6.997098214285714,54.7,83.3,53.9,63.4,Good,6,87.02290076335878,58.01526717557252,3.0534351145038165,91.6030534351145,54.961832061068705,16.793893129770993,,,,,,,
321744,Adam Obert,D,,,3,creative_fullback,Creative Fullback,447,5,5,490,Cagliari,135,Serie A,7.058389261744966,58.2,83.3,56.8,69.7,Good,6,70.58823529411765,86.5546218487395,,63.86554621848739,,,99.15966386554622,49.57983193277311,10.504201680672269,,,,
7147,F. Bacher,D,,,0,positional_cb,Positional Center Back,446,5,5,80,Lyon,61,Ligue 1,7.181614349775785,30.1,83.3,33.4,8.9,Poor,6,56.54205607476636,23.364485981308412,0.0,1.4018691588785046,22.429906542056074,80.8411214953271,,,,,,,
18747,Ryan Giles,D,,,3,creative_fullback,Creative Fullback,445,5,5,64,Hull City,39,Premier League,6.9552808988764045,71.7,83.3,68.1,86.6,Excellent,6,18.487394957983195,99.15966386554622,,44.537815126050425,,,66.38655462184873,94.11764705882352,94.11764705882352,,,,
472266,Christ Tapé,D,,,3,creative_fullback,Creative Fullback,444,5,5,96,Toulouse,61,Ligue 1,6.6197297297297295,52.5,83.3,52.1,58.0,Good,6,74.78991596638656,6.722689075630252,,44.537815126050425,,,95.7983193277311,69.74789915966386,10.504201680672269,,,,
30561,Alessandro Deiola,D,,,0,positional_cb,Positional Center Back,443,5,5,490,Cagliari,135,Serie A,6.9063205417607225,39.5,83.3,41.2,26.2,Below Average,6,29.439252336448597,4.439252336448598,85.04672897196261,21.49532710280374,91.58878504672897,8.411214953271028,,,,,,,
2284,Emerson,D,,,3,creative_fullback,Creative Fullback,443,5,5,81,Marseille,61,Ligue 1,6.715846501128668,62.4,83.3,60.4,74.8,Very Good,6,84.03361344537815,99.15966386554622,,83.19327731092437,,,84.87394957983193,50.42016806722689,10.504201680672269,,,,
281826,Alessandro Marcandalli,D,,,0,positional_cb,Positional Center Back,441,5,5,495,Genoa,135,Serie A,6.377551020408164,50.4,83.3,50.3,49.5,Average,6,5.14018691588785,86.91588785046729,30.8411214953271,1.4018691588785046,66.82242990654206,80.37383177570094,,,,,,,
193270,Andrea Carboni,D,,,2,stopper_cb,Stopper Center Back,441,5,5,1579,Monza,135,Serie A,6.553061224489796,39.4,83.3,41.1,21.4,Poor,6,21.374045801526716,46.56488549618321,48.854961832061065,21.374045801526716,19.84732824427481,100.0,,,,,,,
448977,Eddy Kouadio,D,,,2,stopper_cb,Stopper Center Back,441,5,5,1579,Monza,135,Serie A,6.512244897959184,77.5,83.3,72.9,96.9,Elite,6,35.11450381679389,72.51908396946564,75.57251908396947,100.0,72.51908396946564,100.0,,,,,,,
237066,Rafa Marín,D,,,2,stopper_cb,Stopper Center Back,441,5,5,492,Napoli,135,Serie A,6.93469387755102,52.9,83.3,52.4,59.5,Good,6,98.47328244274809,0.0,75.57251908396947,85.49618320610686,72.51908396946564,0.7633587786259568,,,,,,,
294722,Nazinho,D,,,3,creative_fullback,Creative Fullback,440,5,5,91,Monaco,61,Ligue 1,7.063181818181818,67.1,83.3,64.2,81.5,Very Good,6,54.621848739495796,57.98319327731093,,100.0,,,9.243697478991598,71.42857142857143,94.11764705882352,,,,
568001,Xavi Espart,D,,,1,high_intensity_fullback,High-Intensity Fullback,440,7,5,529,Barcelona,140,La Liga,7.129545454545455,84.9,83.3,79.1,100.0,Elite,6,,100.0,,87.5,100.0,,76.38888888888889,45.83333333333333,100.0,,,,
398000,Genesis Antwi,D,,,0,positional_cb,Positional Center Back,439,5,5,95,Strasbourg,61,Ligue 1,6.5439635535307525,51.1,83.3,50.9,51.9,Average,6,35.51401869158878,20.5607476635514,59.345794392523366,70.56074766355141,96.26168224299066,32.71028037383178,,,,,,,
264437,Bobby Thomas,D,,,2,stopper_cb,Stopper Center Back,438,5,5,1346,Coventry,39,Premier League,7.351369863013699,53.7,83.2,53.1,60.3,Good,6,12.977099236641221,85.49618320610686,90.83969465648855,65.64885496183206,0.0,42.74809160305344,,,,,,,
19093,John Egan,D,,,0,positional_cb,Positional Center Back,438,5,5,64,Hull City,39,Premier League,6.93972602739726,78.0,83.2,73.3,97.2,Elite,6,0.46728971962616817,81.77570093457945,85.04672897196261,71.02803738317756,93.45794392523365,99.76635514018692,,,,,,,
387521,L. Vušković,D,,,2,stopper_cb,Stopper Center Back,438,5,5,51,Brighton,39,Premier League,7.368356164383562,36.5,83.2,38.7,14.5,Poor,6,88.54961832061069,43.51145038167939,48.854961832061065,1.5267175572519083,6.106870229007633,78.62595419847328,,,,,,,
22160,O. Boscagli,D,,,3,creative_fullback,Creative Fullback,437,5,5,51,Brighton,39,Premier League,7.250297482837529,56.5,83.2,55.4,68.9,Good,5,60.50420168067227,5.042016806722689,,92.43697478991596,,,,89.91596638655463,10.504201680672269,,,,
1138,T. Weah,D,,,2,stopper_cb,Stopper Center Back,437,5,5,81,Marseille,61,Ligue 1,6.478352402745996,41.3,83.2,42.8,30.5,Below Average,6,64.12213740458014,42.74809160305343,14.50381679389313,1.5267175572519083,58.778625954198475,100.0,,,,,,,
181701,Gerard Martín,D,,,0,positional_cb,Positional Center Back,436,7,5,529,Barcelona,140,La Liga,7.341857798165137,44.3,83.2,45.3,34.6,Below Average,6,94.39252336448598,19.158878504672895,0.0,88.78504672897196,11.214953271028037,80.37383177570094,,,,,,,
320335,James Abankwah,D,,,0,positional_cb,Positional Center Back,436,5,5,494,Udinese,135,Serie A,6.699999999999999,40.8,83.2,42.4,27.1,Below Average,6,55.140186915887845,0.46728971962616817,93.92523364485982,22.429906542056074,46.728971962616825,30.373831775700936,,,,,,,
18869,Adam Smith,D,,,3,creative_fullback,Creative Fullback,435,5,5,35,Bournemouth,39,Premier League,6.313103448275862,35.0,83.2,37.5,20.2,Poor,6,6.722689075630252,75.63025210084034,,45.378151260504204,,,66.38655462184873,30.252100840336134,10.504201680672269,,,,
181827,C. Egan-Riley,D,,,0,positional_cb,Positional Center Back,435,5,5,81,Marseille,61,Ligue 1,6.87103448275862,72.3,83.2,68.6,92.1,Excellent,6,92.05607476635514,100.0,0.0,96.72897196261682,83.64485981308411,80.37383177570094,,,,,,,
129033,Joško Gvardiol,D,,,2,stopper_cb,Stopper Center Back,435,5,5,50,Manchester City,39,Premier League,7.2958620689655165,61.7,83.2,59.7,77.1,Very Good,6,32.06106870229007,61.06870229007634,48.854961832061065,66.41221374045801,74.04580152671755,77.86259541984732,,,,,,,
214310,Nathaniel Adjei,D,,,0,positional_cb,Positional Center Back,435,5,5,97,Lorient,61,Ligue 1,7.164827586206896,78.6,83.2,73.8,97.2,Elite,6,94.39252336448598,98.13084112149532,10.2803738317757,100.0,83.64485981308411,99.76635514018692,,,,,,,
353613,Gabriele Calvani,D,,,2,stopper_cb,Stopper Center Back,434,5,5,512,Frosinone,135,Serie A,6.917050691244239,70.8,83.2,67.3,93.1,Excellent,6,2.2900763358778624,97.70992366412213,97.70992366412213,66.41221374045801,87.78625954198473,6.870229007633583,,,,,,,
193507,Dembo Sylla,D,,,2,stopper_cb,Stopper Center Back,432,5,5,97,Lorient,61,Ligue 1,6.94375,67.2,83.2,64.3,87.8,Excellent,6,72.51908396946564,87.02290076335878,14.50381679389313,100.0,41.221374045801525,77.86259541984732,,,,,,,
22222,Zeki Çelik,D,,,3,creative_fullback,Creative Fullback,432,5,5,496,Juventus,135,Serie A,6.725231481481482,65.9,83.2,63.2,79.8,Very Good,6,78.99159663865547,31.512605042016805,,68.90756302521008,,,5.042016806722689,83.19327731092437,94.9579831932773,,,,
19549,Antonee Robinson,D,,,1,high_intensity_fullback,High-Intensity Fullback,431,5,5,36,Fulham,39,Premier League,6.6809744779582365,45.8,83.2,46.5,43.1,Average,6,,32.63888888888889,,6.944444444444445,69.44444444444444,,77.77777777777779,90.27777777777779,14.583333333333334,,,,
162952,Mario Gila,D,,,3,creative_fullback,Creative Fullback,431,5,5,489,AC Milan,135,Serie A,7.177262180974477,43.3,83.2,44.4,34.5,Below Average,6,94.11764705882352,63.02521008403361,,26.05042016806723,,,24.369747899159663,52.94117647058824,10.504201680672269,,,,
47380,Marc Cucurella,D,,,3,creative_fullback,Creative Fullback,430,7,5,541,Real Madrid,140,La Liga,6.626511627906977,33.9,83.2,36.6,19.3,Poor,6,88.23529411764706,100.0,,26.89075630252101,,,2.5210084033613445,16.80672268907563,10.504201680672269,,,,
18967,Leo Østigård,D,,,0,positional_cb,Positional Center Back,426,5,5,495,Genoa,135,Serie A,6.983098591549296,76.6,83.2,72.1,96.3,Elite,6,60.747663551401864,68.69158878504673,100.0,53.73831775700935,86.44859813084112,78.97196261682242,,,,,,,
341453,Oso,D,,,1,high_intensity_fullback,High-Intensity Fullback,426,5,5,95,Strasbourg,61,Ligue 1,7.056338028169014,65.1,83.2,62.6,81.9,Very Good,6,,88.88888888888889,,88.88888888888889,19.444444444444446,,22.916666666666664,50.0,93.05555555555556,,,,
2669,Mario Hermoso,D,,,2,stopper_cb,Stopper Center Back,425,5,5,497,AS Roma,135,Serie A,7.651058823529413,75.6,83.1,71.3,96.2,Elite,6,61.06870229007634,83.96946564885496,15.267175572519085,100.0,93.12977099236642,76.33587786259542,,,,,,,
2769,Semi Ajayi,D,,,0,positional_cb,Positional Center Back,424,5,5,64,Hull City,39,Premier League,6.833962264150943,35.5,83.1,37.9,19.2,Poor,6,6.074766355140187,68.22429906542055,0.0,53.73831775700935,50.467289719626166,28.037383177570092,,,,,,,
47277,Unai Núñez,D,,,0,positional_cb,Positional Center Back,423,7,6,540,Espanyol,140,La Liga,6.911111111111111,63.1,83.1,60.9,81.8,Very Good,6,18.22429906542056,91.1214953271028,87.85046728971963,89.25233644859813,73.83177570093457,5.140186915887853,,,,,,,
396623,Pau Cubarsí,D,,,0,positional_cb,Positional Center Back,422,7,5,529,Barcelona,140,La Liga,7.3334123222748815,71.8,83.1,68.1,91.6,Excellent,6,94.85981308411215,98.5981308411215,0.0,76.63551401869158,74.29906542056075,99.76635514018692,,,,,,,
197448,Yan Couto,D,,,3,creative_fullback,Creative Fullback,421,5,5,895,Como,135,Serie A,6.705700712589073,78.3,83.1,73.5,93.3,Excellent,6,90.75630252100841,86.5546218487395,,47.89915966386555,,,36.554621848739494,97.47899159663865,94.9579831932773,,,,
379504,Gabriele Bracaglia,D,,,2,stopper_cb,Stopper Center Back,420,5,5,512,Frosinone,135,Serie A,7.082380952380952,25.2,83.1,29.4,4.6,Poor,6,0.0,4.961832061068702,99.23664122137404,25.190839694656486,13.740458015267176,12.977099236641223,,,,,,,
342018,Lorenzo Lucchesi,D,,,2,stopper_cb,Stopper Center Back,419,5,5,1579,Monza,135,Serie A,6.51599045346062,53.8,83.1,53.1,60.3,Good,6,100.0,0.0,92.36641221374046,100.0,29.00763358778626,41.221374045801525,,,,,,,
157052,R. Calafiori,D,,,3,creative_fullback,Creative Fullback,418,5,5,42,Arsenal,39,Premier League,6.888995215311005,49.3,83.1,49.4,51.3,Average,6,42.016806722689076,84.03361344537815,,0.8403361344537815,,,2.5210084033613445,56.30252100840336,100.0,,,,
3099,Youssouf Ndayishimiye,D,,,0,positional_cb,Positional Center Back,418,5,5,84,Nice,61,Ligue 1,6.656698564593301,38.0,83.1,40.0,22.9,Poor,6,84.11214953271028,8.878504672897195,35.046728971962615,98.5981308411215,2.803738317757009,28.037383177570092,,,,,,,
367636,Jérémy Jacquet,D,,,0,positional_cb,Positional Center Back,417,5,5,40,Liverpool,39,Premier League,7.591606714628297,78.6,83.1,73.8,97.2,Elite,6,64.01869158878505,100.0,35.046728971962615,97.19626168224299,99.53271028037383,78.50467289719626,,,,,,,
135526,Josh Doig,D,,,3,creative_fullback,Creative Fullback,416,5,5,488,Sassuolo,135,Serie A,6.667788461538462,48.2,83.1,48.5,47.1,Average,6,89.91596638655463,9.243697478991598,,88.23529411764706,,,2.5210084033613445,72.26890756302521,10.504201680672269,,,,
226,Denzel Dumfries,D,,,3,creative_fullback,Creative Fullback,415,7,5,541,Real Madrid,140,La Liga,6.480434782608696,50.9,83.1,50.7,56.3,Good,5,89.91596638655463,91.59663865546219,,29.411764705882355,,,,56.30252100840336,10.504201680672269,,,,
5,Manuel Akanji,D,,,2,stopper_cb,Stopper Center Back,413,5,5,505,Inter,135,Serie A,7.031234866828087,75.6,83.1,71.3,96.2,Elite,6,100.0,100.0,19.083969465648856,90.07633587786259,48.854961832061065,100.0,,,,,,,
2278,Marcos Alonso,D,,,2,stopper_cb,Stopper Center Back,411,6,5,538,Celta Vigo,140,La Liga,6.739270072992701,55.1,83.0,54.2,64.9,Good,6,71.7557251908397,35.87786259541985,19.84732824427481,98.47328244274809,31.297709923664126,100.0,,,,,,,
291649,Vanderson,D,,,2,stopper_cb,Stopper Center Back,411,5,5,91,Monaco,61,Ligue 1,7.29683698296837,86.0,83.0,79.9,100.0,Elite,6,10.687022900763358,87.02290076335878,93.89312977099237,95.41984732824427,100.0,100.0,,,,,,,
2920,Timothy Castagne,D,,,3,creative_fullback,Creative Fullback,410,5,5,36,Fulham,39,Premier League,6.381268292682926,48.5,83.0,48.7,48.7,Average,6,26.05042016806723,0.8403361344537815,,50.42016806722689,,,24.369747899159663,57.14285714285714,94.9579831932773,,,,
106725,K. Lewis-Potter,D,,,1,high_intensity_fullback,High-Intensity Fullback,409,5,5,55,Brentford,39,Premier League,6.479853300733497,47.2,83.0,47.7,43.1,Average,6,,0.0,,25.0,2.7777777777777777,,11.11111111111111,91.66666666666666,94.44444444444444,,,,
3007,P. Frankowski,D,,,1,high_intensity_fullback,High-Intensity Fullback,409,5,5,94,Rennes,61,Ligue 1,6.438973105134474,63.6,83.0,61.3,80.6,Very Good,6,,4.166666666666666,,80.55555555555556,65.27777777777779,,11.11111111111111,81.94444444444444,94.44444444444444,,,,
122468,Saúl Coco,D,,,0,positional_cb,Positional Center Back,406,5,5,503,Torino,135,Serie A,6.857142857142857,70.3,83.0,66.9,89.7,Excellent,6,72.89719626168224,99.53271028037383,70.56074766355141,29.906542056074763,30.373831775700932,99.76635514018692,,,,,,,
41964,Zé Pedro,D,,,3,creative_fullback,Creative Fullback,404,5,5,490,Cagliari,135,Serie A,6.861386138613861,26.8,83.0,30.8,8.4,Poor,6,31.932773109243694,5.042016806722689,,33.61344537815126,,,66.38655462184873,17.647058823529413,10.504201680672269,,,,
295793,Marc Pubill,D,,,3,creative_fullback,Creative Fullback,403,7,5,530,Atletico Madrid,140,La Liga,7.043672456575682,24.2,83.0,28.6,3.4,Poor,6,91.59663865546219,78.15126050420169,,0.8403361344537815,,,2.5210084033613445,0.0,10.504201680672269,,,,
342651,Romano Floriani Mussolini,D,,,2,stopper_cb,Stopper Center Back,403,5,4,487,Lazio,135,Serie A,6.830521091811414,56.7,83.0,55.5,66.4,Good,6,71.7557251908397,35.87786259541985,58.01526717557252,54.961832061068705,85.49618320610686,37.40458015267175,,,,,,,
2282,Andreas Christensen,D,,,0,positional_cb,Positional Center Back,402,7,5,529,Barcelona,140,La Liga,6.811194029850746,41.0,83.0,42.5,27.6,Below Average,6,100.0,4.439252336448598,0.46728971962616817,93.45794392523365,3.7383177570093453,77.10280373831776,,,,,,,
47329,Adrià Pedrosa,D,,,1,high_intensity_fullback,High-Intensity Fullback,398,5,4,728,Rayo Vallecano,140,La Liga,6.940954773869347,73.1,82.9,69.2,90.3,Excellent,6,,62.5,,2.7777777777777777,69.44444444444444,,95.83333333333334,98.61111111111111,94.44444444444444,,,,
30425,Gianluca Mancini,D,,,2,stopper_cb,Stopper Center Back,398,5,5,497,AS Roma,135,Serie A,7.100502512562814,56.3,82.9,55.2,66.4,Good,6,91.6030534351145,30.53435114503817,0.0,91.6030534351145,55.72519083969466,100.0,,,,,,,
165713,Manu Hernando,D,,,0,positional_cb,Positional Center Back,397,7,5,4665,Racing Santander,140,La Liga,6.307052896725441,36.2,82.9,38.5,21.0,Poor,6,3.2710280373831773,56.30841121495327,71.49532710280374,32.242990654205606,33.177570093457945,2.336448598130829,,,,,,,
415155,Juan Rodríguez,D,,,0,positional_cb,Positional Center Back,395,5,5,490,Cagliari,135,Serie A,7.095696202531646,56.4,82.9,55.3,66.4,Good,6,93.45794392523365,0.46728971962616817,100.0,98.5981308411215,81.30841121495327,0.0,,,,,,,
47314,Zubeldia,D,,,2,stopper_cb,Stopper Center Back,393,5,4,548,Real Sociedad,140,La Liga,6.648091603053436,61.3,82.9,59.4,76.3,Very Good,6,40.458015267175576,62.59541984732825,0.0,58.01526717557252,100.0,100.0,,,,,,,
31009,Alessandro Bastoni,D,,,0,positional_cb,Positional Center Back,392,5,5,505,Inter,135,Serie A,7.108418367346939,65.2,82.9,62.6,85.0,Excellent,6,67.7570093457944,96.26168224299066,44.39252336448598,1.8691588785046727,99.53271028037383,75.23364485981308,,,,,,,
20600,Romain Perraud,D,,,2,stopper_cb,Stopper Center Back,391,5,4,79,Lille,61,Ligue 1,6.71687979539642,25.2,82.9,29.4,4.6,Poor,6,51.908396946564885,8.396946564885496,24.427480916030532,15.267175572519085,38.93129770992366,33.587786259541986,,,,,,,
184420,Carlos Romero,D,,,3,creative_fullback,Creative Fullback,387,6,4,533,Villarreal,140,La Liga,6.765116279069767,44.8,82.9,45.7,40.3,Average,6,85.71428571428571,100.0,,12.605042016806722,,,90.33613445378151,17.647058823529413,10.504201680672269,,,,
206254,Miloš Kerkez,D,,,3,creative_fullback,Creative Fullback,386,5,5,40,Liverpool,39,Premier League,6.473704663212435,15.8,82.9,21.6,0.0,Poor,6,38.655462184873954,6.722689075630252,,12.605042016806722,,,5.88235294117647,17.647058823529413,10.504201680672269,,,,
203219,Jamil Siebert,D,,,1,high_intensity_fullback,High-Intensity Fullback,384,5,4,867,Lecce,135,Serie A,6.7,49.1,82.8,49.3,50.0,Average,6,,79.16666666666666,,95.83333333333334,75.0,,57.638888888888886,11.11111111111111,14.583333333333334,,,,
20525,Matthieu Udol,D,,,1,high_intensity_fullback,High-Intensity Fullback,384,5,5,116,Lens,61,Ligue 1,6.787499999999999,49.5,82.8,49.6,50.0,Average,6,,100.0,,63.888888888888886,19.444444444444446,,11.11111111111111,86.11111111111111,14.583333333333334,,,,
191417,Anthony Oyono,D,,,1,high_intensity_fullback,High-Intensity Fullback,383,5,4,512,Frosinone,135,Serie A,6.847519582245431,73.9,82.8,69.8,90.3,Excellent,6,,41.66666666666667,,100.0,61.111111111111114,,95.83333333333334,51.388888888888886,94.44444444444444,,,,
20656,Enzo Ebosse,D,,,3,creative_fullback,Creative Fullback,383,5,4,494,Udinese,135,Serie A,6.464490861618799,47.4,82.8,47.8,46.2,Average,6,78.99159663865547,6.722689075630252,,81.5126050420168,,,2.5210084033613445,80.67226890756302,10.504201680672269,,,,
22247,K. Lala,D,,,3,creative_fullback,Creative Fullback,382,5,5,106,Stade Brestois 29,61,Ligue 1,6.578795811518326,37.4,82.8,39.6,23.5,Poor,6,0.0,75.63025210084034,,0.8403361344537815,,,24.369747899159663,95.7983193277311,10.504201680672269,,,,
46734,Pablo Ramón,D,,,2,stopper_cb,Stopper Center Back,382,7,4,4665,Racing Santander,140,La Liga,6.693979057591624,74.2,82.8,70.0,95.4,Elite,6,82.44274809160305,99.23664122137404,3.816793893129771,86.25954198473282,100.0,32.82442748091603,,,,,,,
290546,Fedde Leysen,D,,,2,stopper_cb,Stopper Center Back,381,5,4,488,Sassuolo,135,Serie A,6.946194225721785,54.4,82.8,53.7,63.4,Good,6,89.31297709923665,62.59541984732825,96.18320610687023,15.267175572519085,61.06870229007634,1.5267175572519136,,,,,,,
336657,W. Zaïre-Emery,D,,,3,creative_fullback,Creative Fullback,381,5,5,85,Paris Saint Germain,61,Ligue 1,6.7005249343832025,22.1,82.8,26.9,3.4,Poor,6,99.15966386554622,7.563025210084033,,0.8403361344537815,,,24.369747899159663,2.5210084033613445,10.504201680672269,,,,
282054,Clemens Riedel,D,,,2,stopper_cb,Stopper Center Back,375,7,4,540,Espanyol,140,La Liga,6.4424,14.9,82.8,21.0,0.0,Poor,6,32.82442748091603,0.0,4.198473282442748,4.580152671755725,1.5267175572519083,98.09160305343511,,,,,,,
289,Andy Robertson,D,,,0,positional_cb,Positional Center Back,367,5,4,47,Tottenham,39,Premier League,6.85858310626703,58.9,82.7,57.4,72.9,Very Good,6,5.607476635514018,99.06542056074767,47.66355140186916,16.355140186915886,43.925233644859816,99.76635514018692,,,,,,,
47273,Yuri Berchiche,D,,,2,stopper_cb,Stopper Center Back,367,5,5,531,Athletic Club,140,La Liga,6.916076294277929,54.9,82.7,54.0,64.1,Good,6,94.65648854961832,65.64885496183206,30.53435114503817,18.3206106870229,70.22900763358778,67.17557251908397,,,,,,,
22225,Reinildo,D,,,2,stopper_cb,Stopper Center Back,366,4,4,746,Sunderland,39,Premier League,6.61344262295082,46.2,82.7,46.9,40.5,Average,6,48.854961832061065,46.56488549618321,4.580152671755725,95.41984732824427,48.854961832061065,1.5267175572519136,,,,,,,
31,José María Giménez,D,,,2,stopper_cb,Stopper Center Back,364,7,4,544,Deportivo La Coruna,140,La Liga,6.942582417582417,29.5,82.7,33.0,9.2,Poor,6,83.20610687022901,16.030534351145036,87.78625954198473,19.083969465648856,0.0,1.5267175572519136,,,,,,,
20995,M. Lacroix,D,,,2,stopper_cb,Stopper Center Back,364,5,5,49,Chelsea,39,Premier League,6.591923076923077,71.3,82.7,67.6,93.1,Excellent,6,83.20610687022901,46.56488549618321,68.70229007633588,70.22900763358778,86.25954198473282,97.70992366412214,,,,,,,
162414,A. Amenda,D,,,0,positional_cb,Positional Center Back,360,4,4,1346,Coventry,39,Premier League,6.615,36.2,82.7,38.6,21.0,Poor,6,7.943925233644859,14.485981308411214,49.29906542056075,17.75700934579439,0.0,99.76635514018692,,,,,,,
8777,Ahmed Touba,D,,,2,stopper_cb,Stopper Center Back,360,4,4,111,Le Havre,61,Ligue 1,6.81,50.5,82.7,50.4,55.7,Good,6,56.48854961832062,35.87786259541985,4.580152671755725,100.0,72.51908396946564,7.251908396946561,,,,,,,
163039,C. Matsima,D,,,0,positional_cb,Positional Center Back,360,4,4,170,FC Augsburg,78,Bundesliga,7.1375,74.9,82.7,70.6,93.9,Excellent,6,86.91588785046729,45.794392523364486,94.39252336448598,100.0,21.261682242990652,99.76635514018692,,,,,,,
25158,D. Raum,D,,,3,creative_fullback,Creative Fullback,360,4,4,173,RB Leipzig,78,Bundesliga,7.185,54.2,82.7,53.5,63.0,Good,6,90.75630252100841,0.0,,87.39495798319328,,,2.5210084033613445,100.0,10.504201680672269,,,,
41150,E. Tapsoba,D,,,0,positional_cb,Positional Center Back,360,4,4,168,Bayer Leverkusen,78,Bundesliga,6.7625,57.9,82.7,56.5,70.6,Very Good,6,60.747663551401864,96.49532710280374,1.6355140186915886,46.728971962616825,75.0,69.62616822429906,,,,,,,
202845,Fabio Gruber,D,,,2,stopper_cb,Stopper Center Back,360,4,4,164,FSV Mainz 05,78,Bundesliga,6.765000000000001,66.6,82.7,63.8,86.3,Excellent,6,35.11450381679389,64.12213740458014,4.580152671755725,90.07633587786259,93.12977099236642,97.70992366412214,,,,,,,
394734,Finn Jeltsch,D,,,2,stopper_cb,Stopper Center Back,360,4,4,172,VfB Stuttgart,78,Bundesliga,6.5875,39.4,82.7,41.2,22.1,Poor,6,68.70229007633588,29.00763358778626,4.580152671755725,20.229007633587788,53.81679389312977,97.70992366412214,,,,,,,
174605,Harold Voyer,D,,,0,positional_cb,Positional Center Back,360,4,4,1298,Le Mans,61,Ligue 1,6.805000000000001,45.4,82.7,46.2,36.4,Below Average,6,3.2710280373831773,19.626168224299064,1.6355140186915886,90.18691588785047,48.598130841121495,99.76635514018692,,,,,,,
409558,J. Kalulu,D,,,0,positional_cb,Positional Center Back,360,5,4,77,Angers,61,Ligue 1,6.585000000000001,55.7,82.7,54.7,65.0,Good,6,3.7383177570093453,73.36448598130842,1.6355140186915886,46.728971962616825,88.78504672897196,99.76635514018692,,,,,,,
191160,J. Makengo,D,,,3,creative_fullback,Creative Fullback,360,4,4,160,SC Freiburg,78,Bundesliga,7.1075,70.3,82.7,66.8,84.0,Very Good,6,46.21848739495798,100.0,,87.39495798319328,,,66.38655462184873,41.17647058823529,100.0,,,,
404656,Jahmai Simpson-Pusey,D,,,0,positional_cb,Positional Center Back,360,4,4,192,1. FC Köln,78,Bundesliga,6.357500000000001,55.2,82.7,54.3,64.5,Good,6,33.64485981308411,88.3177570093458,0.0,73.36448598130842,21.261682242990652,99.76635514018692,,,,,,,
362711,Jair,D,,,3,creative_fullback,Creative Fullback,360,4,4,65,Nottingham Forest,39,Premier League,6.775,20.7,82.7,25.8,3.4,Poor,6,42.016806722689076,48.739495798319325,,41.17647058823529,,,2.5210084033613445,3.361344537815126,10.504201680672269,,,,
412759,Jaydee Canvot,D,,,0,positional_cb,Positional Center Back,360,4,4,52,Crystal Palace,39,Premier League,6.55,50.7,82.7,50.6,50.5,Average,6,46.26168224299065,8.411214953271028,82.2429906542056,90.18691588785047,96.26168224299066,0.0,,,,,,,
297583,Jeyland Mitchell,D,,,0,positional_cb,Positional Center Back,360,5,4,95,Strasbourg,61,Ligue 1,6.7775,59.9,82.7,58.2,74.8,Very Good,6,35.981308411214954,98.5981308411215,17.990654205607477,98.5981308411215,96.26168224299066,18.691588785046733,,,,,,,
184407,Jose Salinas,D,,,2,stopper_cb,Stopper Center Back,360,7,4,535,Malaga,140,La Liga,6.674,42.6,82.7,43.8,34.4,Below Average,6,81.67938931297711,16.030534351145036,33.587786259541986,41.221374045801525,53.81679389312977,63.3587786259542,,,,,,,
918,José Luis Gayà,D,,,1,high_intensity_fullback,High-Intensity Fullback,360,7,4,532,Valencia,140,La Liga,6.7525,42.3,82.7,43.6,37.5,Below Average,6,,79.16666666666666,,0.0,93.05555555555556,,100.0,13.88888888888889,14.583333333333334,,,,
423789,K. Kosugi,D,,,2,stopper_cb,Stopper Center Back,360,4,4,169,Eintracht Frankfurt,78,Bundesliga,6.192500000000001,59.5,82.7,57.9,71.0,Very Good,6,3.0534351145038165,74.04580152671755,4.580152671755725,96.18320610687023,53.81679389312977,100.0,,,,,,,
31043,Kevin Diks,D,,,0,positional_cb,Positional Center Back,360,4,4,163,Borussia Mönchengladbach,78,Bundesliga,6.117500000000001,46.6,82.7,47.2,41.6,Average,6,36.21495327102804,98.5981308411215,0.0,0.9345794392523363,21.261682242990652,99.76635514018692,,,,,,,
18963,L. Dunk,D,,,0,positional_cb,Positional Center Back,360,4,4,51,Brighton,39,Premier League,7.355,23.9,82.7,28.4,3.3,Poor,6,86.44859813084112,33.64485981308411,17.990654205607477,0.9345794392523363,6.775700934579438,18.691588785046733,,,,,,,
61224,L. Lochoshvili,D,,,0,positional_cb,Positional Center Back,360,4,4,192,1. FC Köln,78,Bundesliga,6.477499999999999,35.7,82.7,38.2,19.6,Poor,6,88.78504672897196,15.887850467289718,17.990654205607477,0.9345794392523363,0.0,99.76635514018692,,,,,,,
177731,L. Pinckert,D,,,0,positional_cb,Positional Center Back,360,4,4,1660,SV Elversberg,78,Bundesliga,6.615,31.6,82.7,34.8,14.5,Poor,6,33.64485981308411,0.46728971962616817,49.29906542056075,90.18691588785047,6.775700934579438,18.691588785046733,,,,,,,
47249,Leandro Cabrera,D,,,0,positional_cb,Positional Center Back,360,4,4,540,Espanyol,140,La Liga,6.6375,25.6,82.7,29.9,4.7,Poor,6,37.850467289719624,19.626168224299064,1.6355140186915886,17.75700934579439,6.775700934579438,69.62616822429906,,,,,,,
2467,Lisandro Martínez,D,,,0,positional_cb,Positional Center Back,360,5,4,33,Manchester United,39,Premier League,6.65,19.7,82.7,24.9,1.4,Poor,6,67.28971962616822,20.5607476635514,17.990654205607477,3.2710280373831773,6.775700934579438,18.691588785046733,,,,,,,
25314,M. Friedl,D,,,0,positional_cb,Positional Center Back,360,4,4,162,Werder Bremen,78,Bundesliga,6.680000000000001,34.3,82.7,37.0,17.8,Poor,6,94.85981308411215,0.0,49.29906542056075,73.36448598130842,1.4018691588785046,18.691588785046733,,,,,,,
2915,M. Ginter,D,,,2,stopper_cb,Stopper Center Back,360,4,4,160,SC Freiburg,78,Bundesliga,7.6,60.9,82.7,59.0,75.6,Very Good,6,87.78625954198473,100.0,70.22900763358778,20.229007633587788,13.740458015267176,97.70992366412214,,,,,,,
25916,M. Niakhaté,D,,,0,positional_cb,Positional Center Back,360,4,4,80,Lyon,61,Ligue 1,7.0025,45.5,82.7,46.3,37.4,Below Average,6,71.02803738317756,0.46728971962616817,17.990654205607477,98.5981308411215,0.0,99.76635514018692,,,,,,,
37961,M. van Ewijk,D,,,3,creative_fullback,Creative Fullback,360,4,4,1346,Coventry,39,Premier League,6.297499999999999,37.1,82.7,39.4,23.5,Poor,6,71.42857142857143,1.680672268907563,,87.39495798319328,,,5.042016806722689,41.17647058823529,10.504201680672269,,,,
152849,Micky van de Ven,D,,,0,positional_cb,Positional Center Back,360,4,4,47,Tottenham,39,Premier League,6.97,56.4,82.7,55.3,66.4,Good,6,98.13084112149532,95.7943925233645,17.990654205607477,17.75700934579439,48.598130841121495,69.62616822429906,,,,,,,
5973,N. Capaldo,D,,,1,high_intensity_fullback,High-Intensity Fullback,360,4,4,175,Hamburger SV,78,Bundesliga,5.9575,34.6,82.7,37.3,18.1,Poor,6,,4.166666666666666,,100.0,83.33333333333334,,0.6944444444444444,13.88888888888889,14.583333333333334,,,,
413065,Noahkai Kai Daniel Banks,D,,,2,stopper_cb,Stopper Center Back,360,4,4,170,FC Augsburg,78,Bundesliga,6.72,68.4,82.7,65.2,89.3,Excellent,6,80.1526717557252,96.18320610687023,4.580152671755725,74.42748091603053,53.81679389312977,100.0,,,,,,,
1146,Nordi Mukiele,D,,,2,stopper_cb,Stopper Center Back,360,5,4,746,Sunderland,39,Premier League,6.6625,63.7,82.7,61.3,80.2,Very Good,6,3.0534351145038165,29.00763358778626,99.23664122137404,74.42748091603053,100.0,63.3587786259542,,,,,,,
8673,O. Deman,D,,,1,high_intensity_fullback,High-Intensity Fullback,360,4,4,162,Werder Bremen,78,Bundesliga,6.880000000000001,39.6,82.7,41.4,27.8,Below Average,6,,86.11111111111111,,36.11111111111111,97.22222222222221,,2.7777777777777777,13.88888888888889,14.583333333333334,,,,
48119,Odilon Kossounou,D,,,0,positional_cb,Positional Center Back,360,4,4,499,Atalanta,135,Serie A,6.9,40.8,82.7,42.4,27.6,Below Average,6,100.0,0.46728971962616817,82.2429906542056,46.728971962616825,48.598130841121495,0.0,,,,,,,
26238,R. Koch,D,,,2,stopper_cb,Stopper Center Back,360,4,4,169,Eintracht Frankfurt,78,Bundesliga,6.9275,60.5,82.7,58.6,74.8,Very Good,6,83.20610687022901,91.6030534351145,0.0,96.18320610687023,0.0,100.0,,,,,,,
324957,T. Rothe,D,,,1,high_intensity_fullback,High-Intensity Fullback,360,4,4,182,Union Berlin,78,Bundesliga,5.83,61.9,82.7,59.8,73.6,Very Good,6,,41.66666666666667,,75.0,83.33333333333334,,1.3888888888888888,38.88888888888889,95.83333333333334,,,,
203015,T. Scheller,D,,,0,positional_cb,Positional Center Back,360,4,4,185,SC Paderborn 07,78,Bundesliga,7.0825,76.6,82.7,72.0,95.8,Elite,6,30.373831775700932,84.11214953271028,82.2429906542056,46.728971962616825,88.78504672897196,99.76635514018692,,,,,,,
19720,Trevoh Chalobah,D,,,0,positional_cb,Positional Center Back,360,5,4,895,Como,135,Serie A,7.1,71.2,82.7,67.5,90.7,Excellent,6,93.92523364485982,100.0,17.990654205607477,46.728971962616825,75.0,99.76635514018692,,,,,,,
25368,W. Anton,D,,,2,stopper_cb,Stopper Center Back,360,4,4,165,Borussia Dortmund,78,Bundesliga,7.2125,54.8,82.7,53.9,64.1,Good,6,83.20610687022901,61.832061068702295,4.580152671755725,100.0,1.5267175572519083,100.0,,,,,,,
1148,W. Orbán,D,,,0,positional_cb,Positional Center Back,360,4,4,173,RB Leipzig,78,Bundesliga,7.4175,66.1,82.7,63.3,86.4,Excellent,6,86.44859813084112,91.1214953271028,82.2429906542056,17.75700934579439,1.4018691588785046,99.76635514018692,,,,,,,
127579,Jacob Greaves,D,,,0,positional_cb,Positional Center Back,358,5,4,57,Ipswich,39,Premier League,6.165251396648045,68.7,82.7,65.5,87.4,Excellent,6,51.4018691588785,96.49532710280374,82.71028037383178,3.2710280373831773,48.598130841121495,99.76635514018692,,,,,,,
38114,Ko Itakura,D,,,0,positional_cb,Positional Center Back,354,4,4,163,Borussia Mönchengladbach,78,Bundesliga,5.921186440677966,46.2,82.6,46.9,40.2,Average,6,40.18691588785047,0.0,52.80373831775701,76.63551401869158,1.4018691588785046,99.76635514018692,,,,,,,
162032,Miguel Gutiérrez,D,,,3,creative_fullback,Creative Fullback,353,4,4,168,Bayer Leverkusen,78,Bundesliga,7.653824362606233,72.7,82.6,68.8,86.6,Excellent,6,89.07563025210085,84.03361344537815,,16.80672268907563,,,24.369747899159663,99.15966386554622,100.0,,,,
203132,J. ter Horst,D,,,2,stopper_cb,Stopper Center Back,352,4,4,185,SC Paderborn 07,78,Bundesliga,6.675852272727272,69.4,82.6,66.0,90.8,Excellent,6,30.53435114503817,42.74809160305343,71.7557251908397,100.0,76.33587786259542,96.18320610687023,,,,,,,
126951,M. Rohr,D,,,0,positional_cb,Positional Center Back,352,4,4,1660,SV Elversberg,78,Bundesliga,6.5613636363636365,51.0,82.6,50.8,51.9,Average,6,25.233644859813083,0.0,100.0,98.5981308411215,0.0,68.22429906542057,,,,,,,
20073,Lewie Coyle,D,,,3,creative_fullback,Creative Fullback,351,5,5,64,Hull City,39,Premier League,6.447806267806269,12.7,82.6,19.2,0.0,Poor,5,2.5210084033613445,5.042016806722689,,16.80672268907563,,,,21.008403361344538,10.504201680672269,,,,
25011,A. Pieper,D,,,0,positional_cb,Positional Center Back,349,4,4,162,Werder Bremen,78,Bundesliga,7.115816618911175,84.1,82.6,78.2,99.5,Elite,6,57.476635514018696,91.1214953271028,85.51401869158879,97.66355140186917,99.53271028037383,67.28971962616822,,,,,,,
26300,O. Kabak,D,,,2,stopper_cb,Stopper Center Back,349,4,4,167,1899 Hoffenheim,78,Bundesliga,6.912607449856734,45.9,82.6,46.6,40.5,Average,6,52.67175572519084,60.30534351145038,36.6412213740458,47.32824427480916,3.0534351145038165,100.0,,,,,,,
886,Diogo Dalot,D,,,1,high_intensity_fullback,High-Intensity Fullback,348,5,4,33,Manchester United,39,Premier League,6.455172413793102,32.6,82.6,35.6,13.9,Poor,6,,11.11111111111111,,38.88888888888889,4.166666666666666,,11.11111111111111,98.61111111111111,14.583333333333334,,,,
162175,Jesús Vázquez,D,,,1,high_intensity_fullback,High-Intensity Fullback,347,7,5,532,Valencia,140,La Liga,6.576195965417868,23.8,82.6,28.4,2.8,Poor,6,,36.11111111111111,,18.055555555555554,62.5,,26.38888888888889,0.0,14.583333333333334,,,,
178403,C. Brackelmann,D,,,2,stopper_cb,Stopper Center Back,346,4,4,170,FC Augsburg,78,Bundesliga,6.783988439306359,65.3,82.6,62.6,84.7,Very Good,6,4.580152671755725,100.0,38.16793893129771,21.374045801526716,99.23664122137404,100.0,,,,,,,
1741,N. Katić,D,,,2,stopper_cb,Stopper Center Back,346,4,4,174,FC Schalke 04,78,Bundesliga,6.995664739884393,62.6,82.6,60.4,78.6,Very Good,6,3.816793893129771,100.0,38.16793893129771,21.374045801526716,88.54961832061069,95.41984732824427,,,,,,,
38112,J. Chabot,D,,,2,stopper_cb,Stopper Center Back,344,4,4,172,VfB Stuttgart,78,Bundesliga,6.754651162790697,72.4,82.5,68.5,93.9,Excellent,6,83.20610687022901,90.07633587786259,38.16793893129771,49.61832061068702,79.38931297709924,100.0,,,,,,,
182181,Jesús Areso,D,,,3,creative_fullback,Creative Fullback,344,6,4,531,Athletic Club,140,La Liga,6.723255813953489,54.9,82.5,54.0,64.7,Good,6,32.773109243697476,86.5546218487395,,100.0,,,5.88235294117647,93.27731092436974,10.504201680672269,,,,
185096,Carlos Puga,D,,,1,high_intensity_fullback,High-Intensity Fullback,343,7,5,535,Malaga,140,La Liga,6.746443148688047,54.9,82.5,54.0,61.1,Good,6,,56.94444444444444,,95.83333333333334,100.0,,100.0,16.666666666666664,14.583333333333334,,,,
336560,Álex Valle,D,,,3,creative_fullback,Creative Fullback,343,5,4,895,Como,135,Serie A,6.558892128279883,70.1,82.5,66.6,84.0,Very Good,6,80.67226890756302,6.722689075630252,,89.07563025210085,,,2.5210084033613445,95.7983193277311,98.31932773109243,,,,
152953,L. Colwill,D,,,0,positional_cb,Positional Center Back,342,5,4,49,Chelsea,39,Premier League,6.242105263157895,51.8,82.5,51.5,53.3,Average,6,28.971962616822427,98.36448598130842,0.0,52.80373831775701,8.878504672897195,99.76635514018692,,,,,,,
64255,G. Lloris,D,,,0,positional_cb,Positional Center Back,341,5,4,106,Stade Brestois 29,61,Ligue 1,6.858592375366568,72.5,82.5,68.6,92.1,Excellent,6,59.813084112149525,98.5981308411215,19.158878504672895,100.0,53.73831775700935,99.76635514018692,,,,,,,
35544,Johan Vásquez,D,,,3,creative_fullback,Creative Fullback,341,4,4,495,Genoa,135,Serie A,6.504692082111438,20.4,82.5,25.6,3.4,Poor,6,46.21848739495798,99.15966386554622,,1.680672268907563,,,2.5210084033613445,3.361344537815126,10.504201680672269,,,,
196343,Mohamed Abdelmonem,D,,,2,stopper_cb,Stopper Center Back,341,5,4,84,Nice,61,Ligue 1,7.033923303834809,58.4,82.5,57.0,70.2,Very Good,6,100.0,72.51908396946564,6.106870229007633,83.20610687022901,61.06870229007634,5.343511450381683,,,,,,,
396637,Pietro Comuzzo,D,,,2,stopper_cb,Stopper Center Back,341,5,4,503,Torino,135,Serie A,6.866568914956011,52.0,82.5,51.7,59.5,Good,6,98.47328244274809,32.82442748091603,74.80916030534351,6.870229007633588,97.70992366412213,18.320610687022892,,,,,,,
41577,Nuno Tavares,D,,,1,high_intensity_fullback,High-Intensity Fullback,339,5,4,487,Lazio,135,Serie A,7.400884955752213,76.1,82.5,71.5,91.7,Excellent,6,,100.0,,1.3888888888888888,48.61111111111111,,100.0,93.05555555555556,100.0,,,,
26240,P. Lienhart,D,,,0,positional_cb,Positional Center Back,339,4,4,160,SC Freiburg,78,Bundesliga,7.223008849557523,54.6,82.5,53.8,62.1,Good,6,60.747663551401864,81.77570093457945,19.626168224299064,53.73831775700935,1.4018691588785046,99.76635514018692,,,,,,,
1231,V. Coufal,D,,,3,creative_fullback,Creative Fullback,339,4,4,167,1899 Hoffenheim,78,Bundesliga,6.453451327433628,86.6,82.5,80.2,99.2,Elite,6,23.52941176470588,100.0,,98.31932773109243,,,90.33613445378151,99.15966386554622,100.0,,,,
138816,I. Maatsen,D,,,1,high_intensity_fullback,High-Intensity Fullback,337,4,4,66,Aston Villa,39,Premier League,6.269436201780416,21.7,82.5,26.7,2.8,Poor,6,,0.0,,100.0,19.444444444444446,,1.3888888888888888,0.0,14.583333333333334,,,,
311773,Santiago Mouriño,D,,,1,high_intensity_fullback,High-Intensity Fullback,337,7,4,533,Villarreal,140,La Liga,6.632344213649851,37.5,82.5,39.7,22.2,Poor,6,,8.333333333333332,,1.3888888888888888,93.05555555555556,,95.83333333333334,44.44444444444444,14.583333333333334,,,,
291589,Kialonda Gaspar,D,,,2,stopper_cb,Stopper Center Back,336,5,4,867,Lecce,135,Serie A,6.682142857142857,64.7,82.5,62.2,82.4,Very Good,6,80.91603053435115,100.0,38.93129770992366,0.7633587786259541,100.0,56.48854961832061,,,,,,,
891,Luke Shaw,D,,,3,creative_fullback,Creative Fullback,336,4,4,33,Manchester United,39,Premier League,6.690476190476191,76.5,82.5,71.9,92.4,Excellent,6,76.47058823529412,84.03361344537815,,98.31932773109243,,,2.5210084033613445,87.39495798319328,98.31932773109243,,,,
20850,C. Arcus,D,,,3,creative_fullback,Creative Fullback,335,5,4,77,Angers,61,Ligue 1,7.119880597014925,56.4,82.5,55.3,68.9,Good,6,85.71428571428571,55.46218487394958,,89.91596638655463,,,2.5210084033613445,88.23529411764706,10.504201680672269,,,,
1361,F. Kadıoğlu,D,,,3,creative_fullback,Creative Fullback,334,4,4,51,Brighton,39,Premier League,6.593532934131736,42.9,82.5,44.1,33.6,Below Average,6,83.19327731092437,0.0,,1.680672268907563,,,66.38655462184873,72.26890756302521,10.504201680672269,,,,
7578,G. Mensah,D,,,3,creative_fullback,Creative Fullback,334,4,4,192,1. FC Köln,78,Bundesliga,6.445449101796407,37.6,82.5,39.8,24.4,Poor,6,89.91596638655463,0.0,,98.31932773109243,,,9.243697478991598,23.52941176470588,10.504201680672269,,,,
409215,Kouakou Joane Gadou,D,,,0,positional_cb,Positional Center Back,333,4,4,165,Borussia Dortmund,78,Bundesliga,6.832432432432432,56.4,82.5,55.3,66.4,Good,6,67.28971962616822,83.64485981308411,0.0,4.205607476635514,82.2429906542056,99.76635514018692,,,,,,,
1561,Marc Bartra,D,,,2,stopper_cb,Stopper Center Back,333,7,4,543,Real Betis,140,La Liga,7.582882882882883,69.0,82.5,65.6,90.1,Excellent,6,39.69465648854962,100.0,99.23664122137404,25.190839694656486,92.36641221374046,16.030534351145036,,,,,,,
90977,T. Becker,D,,,2,stopper_cb,Stopper Center Back,332,4,4,174,FC Schalke 04,78,Bundesliga,6.712228915662651,56.5,82.5,55.4,66.4,Good,6,1.5267175572519083,100.0,38.93129770992366,25.190839694656486,100.0,4.580152671755727,,,,,,,
162079,L. Günther,D,,,3,creative_fullback,Creative Fullback,331,4,4,1660,SV Elversberg,78,Bundesliga,6.148157099697885,22.4,82.5,27.2,3.4,Poor,6,0.0,1.680672268907563,,19.327731092436977,,,30.672268907563026,50.42016806722689,10.504201680672269,,,,
333672,César Tárrega,D,,,2,stopper_cb,Stopper Center Back,330,5,4,532,Valencia,140,La Liga,6.8687272727272735,48.5,82.4,48.8,47.3,Average,6,81.67938931297711,25.954198473282442,6.870229007633588,25.190839694656486,92.36641221374046,93.12977099236642,,,,,,,
26302,Pablo Maffeo,D,,,1,high_intensity_fullback,High-Intensity Fullback,330,6,5,532,Valencia,140,La Liga,6.435272727272727,26.4,82.4,30.6,5.6,Poor,6,,4.166666666666666,,83.33333333333334,0.0,,57.638888888888886,19.444444444444446,14.583333333333334,,,,
7318,Amar Dedić,D,,,1,high_intensity_fullback,High-Intensity Fullback,328,4,4,34,Newcastle,39,Premier League,6.560365853658537,39.5,82.4,41.3,27.8,Below Average,6,,32.63888888888889,,1.3888888888888888,31.944444444444443,,13.88888888888889,19.444444444444446,97.22222222222221,,,,
311345,Federico Redondo,D,,,2,stopper_cb,Stopper Center Back,327,7,6,797,Elche,140,La Liga,6.462385321100917,65.1,82.4,62.4,84.0,Very Good,6,100.0,54.19847328244275,7.633587786259542,100.0,100.0,3.81679389312977,,,,,,,
2803,Nico Elvedi,D,,,3,creative_fullback,Creative Fullback,326,5,3,63,Leeds,39,Premier League,6.934969325153375,33.9,82.4,36.7,19.3,Poor,6,91.59663865546219,0.0,,77.31092436974791,,,2.5210084033613445,24.369747899159663,10.504201680672269,,,,
48372,Eray Cömert,D,,,0,positional_cb,Positional Center Back,321,4,4,503,Torino,135,Serie A,6.91557632398754,46.3,82.4,46.9,41.1,Average,6,71.02803738317756,98.36448598130842,2.336448598130841,24.766355140186917,86.44859813084112,11.682242990654203,,,,,,,
334331,M. Hansen,D,,,0,positional_cb,Positional Center Back,321,4,4,185,SC Paderborn 07,78,Bundesliga,6.718442367601246,69.0,82.4,65.6,87.9,Excellent,6,35.51401869158878,81.30841121495327,64.48598130841121,97.19626168224299,63.55140186915887,60.74766355140187,,,,,,,
81164,H. Kuruçay,D,,,1,high_intensity_fullback,High-Intensity Fullback,316,4,4,174,FC Schalke 04,78,Bundesliga,7.086708860759494,42.8,82.3,44.1,38.9,Below Average,6,,93.05555555555556,,1.3888888888888888,100.0,,100.0,0.0,14.583333333333334,,,,
31543,Antonino Gallo,D,,,3,creative_fullback,Creative Fullback,315,5,4,867,Lecce,135,Serie A,6.685714285714286,18.3,82.3,23.9,1.7,Poor,6,0.0,86.5546218487395,,1.680672268907563,,,2.5210084033613445,27.73109243697479,10.504201680672269,,,,
19959,B. White,D,,,3,creative_fullback,Creative Fullback,315,4,4,42,Arsenal,39,Premier League,7.1242857142857146,67.3,82.3,64.2,81.5,Very Good,6,45.378151260504204,100.0,,47.89915966386555,,,66.38655462184873,54.621848739495796,98.31932773109243,,,,
1149,D. Upamecano,D,,,2,stopper_cb,Stopper Center Back,315,4,4,157,Bayern München,78,Bundesliga,7.502857142857144,77.4,82.3,72.6,96.9,Elite,6,93.12977099236642,100.0,7.633587786259542,87.78625954198473,75.57251908396947,93.12977099236642,,,,,,,
134,Juan Miranda,D,,,3,creative_fullback,Creative Fullback,315,5,3,500,Bologna,135,Serie A,6.942857142857143,82.7,82.3,76.9,95.8,Elite,6,44.537815126050425,100.0,,47.89915966386555,,,95.7983193277311,99.15966386554622,98.31932773109243,,,,
483116,Noa Boissé,D,,,1,high_intensity_fullback,High-Intensity Fullback,315,5,4,1298,Le Mans,61,Ligue 1,6.385714285714286,27.8,82.3,31.7,5.6,Poor,6,,11.11111111111111,,22.22222222222222,61.111111111111114,,100.0,0.0,14.583333333333334,,,,
22094,W. Fofana,D,,,2,stopper_cb,Stopper Center Back,315,4,4,49,Chelsea,39,Premier League,6.867682539682539,85.1,82.3,78.9,99.2,Elite,6,94.65648854961832,94.65648854961832,79.38931297709924,100.0,53.81679389312977,93.12977099236642,,,,,,,
47271,Yeray Álvarez,D,,,0,positional_cb,Positional Center Back,315,6,4,531,Athletic Club,140,La Liga,6.6,38.0,82.3,40.2,23.4,Poor,6,35.981308411214954,61.6822429906542,25.70093457943925,64.48598130841121,33.64485981308411,11.214953271028037,,,,,,,
355994,Alexander Freeman,D,,,2,stopper_cb,Stopper Center Back,314,7,3,533,Villarreal,140,La Liga,7.042307692307692,50.2,82.3,50.2,53.4,Average,6,100.0,98.47328244274809,0.0,0.7633587786259541,75.57251908396947,3.053435114503827,,,,,,,
278453,A. Hajdari,D,,,2,stopper_cb,Stopper Center Back,312,4,4,167,1899 Hoffenheim,78,Bundesliga,6.028365384615384,36.1,82.3,38.6,13.0,Poor,6,29.770992366412212,0.0,80.1526717557252,96.18320610687023,3.0534351145038165,12.977099236641223,,,,,,,
8641,A. Castro-Montes,D,,,3,creative_fullback,Creative Fullback,311,4,4,192,1. FC Köln,78,Bundesliga,6.064244372990354,57.4,82.3,56.1,68.9,Good,6,0.8403361344537815,100.0,,78.99159663865547,,,90.33613445378151,78.99159663865547,10.504201680672269,,,,
328089,Archie Gray,D,,,2,stopper_cb,Stopper Center Back,310,5,3,47,Tottenham,39,Premier League,6.501774193548387,34.8,82.3,37.5,12.2,Poor,6,75.57251908396947,65.64885496183206,7.633587786259542,28.24427480916031,13.740458015267176,12.977099236641223,,,,,,,
9,A. Hakimi,D,,,1,high_intensity_fullback,High-Intensity Fullback,309,4,4,85,Paris Saint Germain,61,Ligue 1,6.161359223300972,27.8,82.3,31.7,5.6,Poor,6,,8.333333333333332,,22.22222222222222,0.0,,15.277777777777779,90.27777777777779,14.583333333333334,,,,
382492,Elias Baum,D,,,1,high_intensity_fullback,High-Intensity Fullback,307,4,4,169,Eintracht Frankfurt,78,Bundesliga,6.073615635179153,66.0,82.3,63.1,83.3,Very Good,6,,15.277777777777779,,63.888888888888886,91.66666666666666,,57.638888888888886,51.388888888888886,97.22222222222221,,,,
25346,J. Torunarigha,D,,,2,stopper_cb,Stopper Center Back,307,4,4,175,Hamburger SV,78,Bundesliga,6.0685667752443,29.6,82.3,33.2,9.2,Poor,6,22.137404580152673,0.0,0.0,90.07633587786259,0.7633587786259541,92.36641221374046,,,,,,,
412926,C. Makosso,D,,,0,positional_cb,Positional Center Back,305,4,4,108,Auxerre,61,Ligue 1,6.747213114754099,42.9,82.3,44.1,29.9,Below Average,6,0.9345794392523363,0.46728971962616817,28.504672897196258,100.0,13.551401869158877,99.76635514018692,,,,,,,
25063,J. Gyamerah,D,,,1,high_intensity_fullback,High-Intensity Fullback,304,4,4,1660,SV Elversberg,78,Bundesliga,6.442763157894737,32.3,82.3,35.4,12.5,Poor,6,,38.88888888888889,,66.66666666666666,83.33333333333334,,2.7777777777777777,0.0,14.583333333333334,,,,
862,Leonardo Spinazzola,D,,,3,creative_fullback,Creative Fullback,304,4,3,492,Napoli,135,Serie A,6.885526315789473,38.1,82.3,40.2,26.1,Below Average,6,78.99159663865547,0.0,,2.5210084033613445,,,5.88235294117647,91.59663865546219,10.504201680672269,,,,
1929,Jhon Lucumí,D,,,0,positional_cb,Positional Center Back,300,5,4,496,Juventus,135,Serie A,6.975,35.0,82.2,37.6,17.8,Poor,6,92.5233644859813,13.551401869158877,2.803738317757009,97.66355140186917,40.654205607476634,8.411214953271028,,,,,,,
183849,Aitor Paredes,D,,,0,positional_cb,Positional Center Back,299,6,4,531,Athletic Club,140,La Liga,7.510702341137123,64.6,82.2,62.0,84.6,Very Good,6,86.91588785046729,100.0,2.803738317757009,5.607476635514018,96.72897196261682,99.76635514018692,,,,,,,
19298,Matty Cash,D,,,3,creative_fullback,Creative Fullback,298,4,3,66,Aston Villa,39,Premier League,6.100268456375839,20.2,82.2,25.5,3.4,Poor,5,42.016806722689076,68.90756302521008,,2.5210084033613445,,,,5.88235294117647,10.504201680672269,,,,
21694,N. Aguerd,D,,,0,positional_cb,Positional Center Back,298,5,3,81,Marseille,61,Ligue 1,6.25761744966443,35.6,82.2,38.2,19.6,Poor,6,71.02803738317756,15.887850467289718,2.803738317757009,32.242990654205606,0.0,99.76635514018692,,,,,,,
381197,Asier Osambela,D,,,1,high_intensity_fullback,High-Intensity Fullback,297,7,4,727,Osasuna,140,La Liga,6.517104377104378,29.1,82.2,32.8,5.6,Poor,6,,32.63888888888889,,6.944444444444445,91.66666666666666,,57.638888888888886,0.0,14.583333333333334,,,,
342022,M. Kayode,D,,,1,high_intensity_fullback,High-Intensity Fullback,297,5,5,55,Brentford,39,Premier League,6.918181818181819,31.5,82.2,34.8,11.1,Poor,6,,8.333333333333332,,100.0,0.0,,57.638888888888886,29.166666666666668,14.583333333333334,,,,
504605,Nacho Pérez,D,,,3,creative_fullback,Creative Fullback,295,6,5,539,Levante,140,La Liga,6.678881355932204,34.6,82.2,37.4,20.2,Poor,6,2.5210084033613445,99.15966386554622,,96.63865546218487,,,2.5210084033613445,29.411764705882355,10.504201680672269,,,,
330437,Álex Jiménez,D,,,1,high_intensity_fullback,High-Intensity Fullback,292,5,3,502,Fiorentina,135,Serie A,6.943150684931507,63.2,82.2,60.8,79.2,Very Good,6,,40.27777777777778,,1.3888888888888888,27.77777777777778,,93.05555555555556,95.83333333333334,97.22222222222221,,,,
916,Mouctar Diakhaby,D,,,0,positional_cb,Positional Center Back,287,4,3,532,Valencia,140,La Liga,6.2822299651567945,53.3,82.1,52.7,57.9,Good,6,7.943925233644859,99.53271028037383,33.64485981308411,98.5981308411215,2.336448598130841,53.73831775700935,,,,,,,
497393,Bright Ede,D,,,0,positional_cb,Positional Center Back,286,7,4,544,Deportivo La Coruna,140,La Liga,6.837062937062937,60.7,82.1,58.8,76.6,Very Good,6,50.93457943925234,85.04672897196261,74.76635514018692,38.31775700934579,48.598130841121495,53.271028037383175,,,,,,,
47985,Emil Holm,D,,,1,high_intensity_fullback,High-Intensity Fullback,285,5,3,500,Bologna,135,Serie A,7.409473684210526,44.0,82.1,45.1,40.3,Average,6,,100.0,,6.944444444444445,100.0,,93.05555555555556,0.0,14.583333333333334,,,,
101814,Ronald Araújo,D,,,0,positional_cb,Positional Center Back,285,5,3,40,Liverpool,39,Premier League,7.091087719298246,49.1,82.1,49.2,47.7,Average,6,3.7383177570093453,91.1214953271028,33.64485981308411,6.5420560747663545,81.30841121495327,52.80373831775701,,,,,,,
178769,P. Treu,D,,,2,stopper_cb,Stopper Center Back,283,4,3,160,SC Freiburg,78,Bundesliga,6.944240282685512,68.1,82.1,64.9,88.5,Excellent,6,48.854961832061065,100.0,51.908396946564885,2.2900763358778624,100.0,100.0,,,,,,,
174927,Arouna Sangante,D,,,3,creative_fullback,Creative Fullback,282,5,4,536,Sevilla,140,La Liga,6.260992907801419,20.9,82.1,26.1,3.4,Poor,6,12.605042016806722,15.966386554621847,,88.23529411764706,,,2.5210084033613445,6.722689075630252,10.504201680672269,,,,
19789,Ethan Pinnock,D,,,0,positional_cb,Positional Center Back,282,5,3,1346,Coventry,39,Premier League,6.940425531914895,45.2,82.1,46.1,36.4,Below Average,6,0.9345794392523363,4.439252336448598,100.0,76.63551401869158,17.75700934579439,50.467289719626166,,,,,,,
91422,Raoul Bellanova,D,,,0,positional_cb,Positional Center Back,282,5,3,499,Atalanta,135,Serie A,6.625531914893617,47.1,82.1,47.7,42.5,Average,6,90.65420560747664,0.46728971962616817,76.16822429906543,94.39252336448598,50.467289719626166,5.140186915887853,,,,,,,
19354,E. Konsa,D,,,0,positional_cb,Positional Center Back,281,4,4,42,Arsenal,39,Premier League,6.959145907473309,72.5,82.1,68.5,91.6,Excellent,6,100.0,91.1214953271028,2.803738317757009,77.10280373831776,81.30841121495327,99.76635514018692,,,,,,,
6231,F. Medina,D,,,0,positional_cb,Positional Center Back,281,4,3,168,Bayer Leverkusen,78,Bundesliga,7.046797153024912,41.4,82.1,42.9,27.6,Below Average,6,92.05607476635514,0.46728971962616817,2.803738317757009,77.10280373831776,0.0,99.76635514018692,,,,,,,
9700,Abner,D,,,3,creative_fullback,Creative Fullback,280,4,3,80,Lyon,61,Ligue 1,6.514285714285714,34.2,82.1,37.0,19.3,Poor,6,51.26050420168067,0.0,,3.361344537815126,,,2.5210084033613445,94.11764705882352,10.504201680672269,,,,
442546,Kacper Potulski,D,,,2,stopper_cb,Stopper Center Back,280,4,3,164,FSV Mainz 05,78,Bundesliga,6.453214285714286,50.8,82.1,50.6,55.7,Good,6,93.12977099236642,8.396946564885496,54.19847328244275,18.3206106870229,87.78625954198473,100.0,,,,,,,
24953,Yann Bisseck,D,,,2,stopper_cb,Stopper Center Back,279,5,3,505,Inter,135,Serie A,7.480645161290322,82.8,82.1,76.9,99.2,Elite,6,81.67938931297711,93.89312977099237,87.02290076335878,98.47328244274809,87.78625954198473,8.396946564885496,,,,,,,
30776,Cristian Romero,D,,,0,positional_cb,Positional Center Back,278,5,3,530,Atletico Madrid,140,La Liga,7.53273381294964,37.9,82.1,40.1,22.9,Poor,6,88.78504672897196,100.0,0.0,1.4018691588785046,51.86915887850467,5.140186915887853,,,,,,,
158698,J. Quansah,D,,,3,creative_fullback,Creative Fullback,278,4,3,168,Bayer Leverkusen,78,Bundesliga,6.934856115107914,58.4,82.1,56.9,69.7,Good,6,90.75630252100841,0.0,,3.361344537815126,,,2.5210084033613445,95.7983193277311,100.0,,,,
509,A. Davies,D,,,1,high_intensity_fullback,High-Intensity Fullback,272,4,4,157,Bayern München,78,Bundesliga,7.755992647058824,74.1,82.0,69.8,90.3,Excellent,6,,100.0,,6.944444444444445,22.22222222222222,,97.22222222222221,100.0,100.0,,,,
417830,A. Ait Boudlal,D,,,2,stopper_cb,Stopper Center Back,270,4,4,94,Rennes,61,Ligue 1,6.906666666666666,98.4,82.0,89.7,100.0,Elite,6,98.47328244274809,100.0,99.23664122137404,98.47328244274809,100.0,90.07633587786259,,,,,,,
204043,Arthur Theate,D,,,0,positional_cb,Positional Center Back,270,4,3,500,Bologna,135,Serie A,6.733333333333333,66.3,82.0,63.4,86.4,Excellent,6,72.42990654205607,91.1214953271028,39.25233644859813,98.5981308411215,56.54205607476636,48.5981308411215,,,,,,,
37117,Danilho Doekhi,D,,,0,positional_cb,Positional Center Back,270,4,3,487,Lazio,135,Serie A,7.066666666666666,42.4,82.0,43.8,29.0,Below Average,6,95.32710280373831,23.83177570093458,82.2429906542056,9.345794392523365,3.7383177570093453,48.5981308411215,,,,,,,
25406,F. Uduokhai,D,,,2,stopper_cb,Stopper Center Back,270,4,3,182,Union Berlin,78,Bundesliga,6.18,53.7,82.0,53.1,60.3,Good,6,6.870229007633588,71.7557251908397,99.23664122137404,2.2900763358778624,53.81679389312977,90.07633587786259,,,,,,,
166,Juan Foyth,D,,,0,positional_cb,Positional Center Back,270,4,3,533,Villarreal,140,La Liga,7.266666666666667,87.0,82.0,80.3,100.0,Elite,6,85.51401869158879,96.49532710280374,100.0,100.0,96.26168224299066,48.5981308411215,,,,,,,
25287,Kevin Danso,D,,,3,creative_fullback,Creative Fullback,270,4,3,746,Sunderland,39,Premier League,6.163333333333333,31.2,82.0,34.6,15.1,Poor,5,38.655462184873954,6.722689075630252,,3.361344537815126,,,,69.74789915966386,10.504201680672269,,,,
441264,Kyllian Antonio,D,,,3,creative_fullback,Creative Fullback,270,3,3,116,Lens,61,Ligue 1,6.71,37.2,82.0,39.5,23.5,Poor,6,91.59663865546219,100.0,,62.18487394957983,,,2.5210084033613445,6.722689075630252,10.504201680672269,,,,
126757,L. Brassier,D,,,2,stopper_cb,Stopper Center Back,270,3,3,169,Eintracht Frankfurt,78,Bundesliga,6.476666666666667,78.2,82.0,73.1,96.9,Elite,6,32.06106870229007,100.0,9.923664122137405,100.0,92.36641221374046,100.0,,,,,,,
288206,L. Querfeld,D,,,2,stopper_cb,Stopper Center Back,270,4,3,182,Union Berlin,78,Bundesliga,6.586666666666667,54.4,82.0,53.6,63.4,Good,6,11.450381679389313,11.450381679389313,88.93129770992367,87.78625954198473,78.62595419847328,38.167938931297705,,,,,,,
349063,Luken Beitia,D,,,0,positional_cb,Positional Center Back,270,6,4,548,Real Sociedad,140,La Liga,6.693333333333333,52.1,82.0,51.7,54.2,Average,6,47.19626168224299,56.30841121495327,100.0,46.728971962616825,56.54205607476636,3.271028037383175,,,,,,,
2817,Nikola Milenković,D,,,2,stopper_cb,Stopper Center Back,270,3,3,65,Nottingham Forest,39,Premier League,6.666666666666667,31.1,82.0,34.5,9.2,Poor,6,17.557251908396946,25.954198473282442,88.93129770992367,20.229007633587788,23.66412213740458,7.251908396946561,,,,,,,
15793,Rasmus Nicolaisen,D,,,2,stopper_cb,Stopper Center Back,270,3,3,96,Toulouse,61,Ligue 1,7.1,65.6,82.0,62.8,84.7,Very Good,6,100.0,83.96946564885496,99.23664122137404,53.43511450381679,0.0,90.07633587786259,,,,,,,
20869,S. Chergui,D,,,3,creative_fullback,Creative Fullback,270,4,3,114,Paris FC,61,Ligue 1,6.9433333333333325,38.3,82.0,40.4,26.1,Below Average,5,91.59663865546219,0.0,,100.0,,,,6.722689075630252,10.504201680672269,,,,
70500,Sergi Cardona,D,,,2,stopper_cb,Stopper Center Back,270,7,3,533,Villarreal,140,La Liga,6.6,39.0,82.0,41.0,20.6,Poor,6,70.22900763358778,4.961832061068702,0.0,96.18320610687023,53.81679389312977,7.251908396946561,,,,,,,
360114,Abdukodir Khusanov,D,,,0,positional_cb,Positional Center Back,269,5,4,50,Manchester City,39,Premier League,7.066171003717473,67.2,82.0,64.1,86.4,Excellent,6,96.72897196261682,100.0,3.7383177570093453,81.30841121495327,100.0,48.13084112149533,,,,,,,
711,Stefan Posch,D,,,2,stopper_cb,Stopper Center Back,268,4,3,164,FSV Mainz 05,78,Bundesliga,6.696119402985074,67.6,82.0,64.4,87.8,Excellent,6,63.358778625954194,91.6030534351145,9.923664122137405,54.961832061068705,79.38931297709924,100.0,,,,,,,
180586,Ilario Monterisi,D,,,1,high_intensity_fullback,High-Intensity Fullback,267,5,3,512,Frosinone,135,Serie A,7.049438202247191,48.6,82.0,48.8,50.0,Average,5,,18.055555555555554,,80.55555555555556,83.33333333333334,,,63.888888888888886,14.583333333333334,,,,
437093,Niccolò Fortini,D,,,1,high_intensity_fullback,High-Intensity Fullback,267,5,4,503,Torino,135,Serie A,6.625468164794008,37.3,82.0,39.6,22.2,Poor,6,,93.05555555555556,,1.3888888888888888,68.05555555555556,,93.05555555555556,0.0,14.583333333333334,,,,
162570,Giorgio Cittadini,D,,,2,stopper_cb,Stopper Center Back,266,5,3,512,Frosinone,135,Serie A,6.967293233082708,77.8,82.0,72.8,96.9,Elite,6,12.977099236641221,100.0,9.923664122137405,100.0,100.0,100.0,,,,,,,
315127,Roy Revivo,D,,,3,creative_fullback,Creative Fullback,266,4,4,797,Elche,140,La Liga,6.603496240601505,75.9,82.0,71.2,91.6,Excellent,6,57.14285714285714,47.05882352941176,,100.0,,,66.38655462184873,70.58823529411765,100.0,,,,
1118,Jeremy Toljan,D,,,3,creative_fullback,Creative Fullback,264,6,2,539,Levante,140,La Liga,6.314772727272727,56.2,82.0,55.1,68.1,Good,6,10.084033613445378,86.5546218487395,,66.38655462184873,,,95.7983193277311,6.722689075630252,100.0,,,,
31642,Luca Ranieri,D,,,3,creative_fullback,Creative Fullback,264,5,3,502,Fiorentina,135,Serie A,6.194318181818183,36.9,82.0,39.2,23.5,Poor,5,51.26050420168067,99.15966386554622,,66.38655462184873,,,,6.722689075630252,10.504201680672269,,,,
47301,Robin Le Normand,D,,,0,positional_cb,Positional Center Back,264,6,4,530,Atletico Madrid,140,La Liga,7.081818181818181,53.3,82.0,52.7,57.9,Good,6,87.85046728971963,67.28971962616822,0.0,83.64485981308411,60.280373831775705,47.19626168224299,,,,,,,
182661,Álvaro Núñez,D,,,0,positional_cb,Positional Center Back,264,7,6,538,Celta Vigo,140,La Liga,7.012727272727274,36.5,82.0,38.9,21.5,Poor,6,93.92523364485982,4.439252336448598,0.0,83.64485981308411,87.85046728971963,2.336448598130829,,,,,,,
25917,R. Baku,D,,,1,high_intensity_fullback,High-Intensity Fullback,263,4,4,173,RB Leipzig,78,Bundesliga,7.335589353612169,24.4,81.9,29.0,2.8,Poor,6,,95.83333333333334,,8.333333333333332,2.7777777777777777,,44.44444444444444,1.3888888888888888,14.583333333333334,,,,
37651,Jay Idzes,D,,,0,positional_cb,Positional Center Back,261,4,3,488,Sassuolo,135,Serie A,6.624137931034484,36.3,81.9,38.7,21.0,Poor,6,71.49532710280374,4.439252336448598,85.98130841121495,11.214953271028037,0.0,46.728971962616825,,,,,,,
19179,Tyrone Mings,D,,,0,positional_cb,Positional Center Back,261,5,5,66,Aston Villa,39,Premier League,7.041992337164751,56.6,81.9,55.4,67.3,Good,6,59.813084112149525,99.06542056074767,0.0,11.214953271028037,61.21495327102804,99.76635514018692,,,,,,,
369500,Ismaelo Ganiou,D,,,0,positional_cb,Positional Center Back,259,3,3,116,Lens,61,Ligue 1,7.274517374517374,75.6,81.9,71.0,93.9,Excellent,6,67.7570093457944,99.06542056074767,0.0,97.19626168224299,96.72897196261682,99.76635514018692,,,,,,,
435552,Pau Navarro,D,,,3,creative_fullback,Creative Fullback,259,7,3,533,Villarreal,140,La Liga,6.943243243243244,28.1,81.9,32.0,10.1,Poor,6,100.0,5.042016806722689,,3.361344537815126,,,66.38655462184873,0.0,10.504201680672269,,,,
355004,Valentín Gómez,D,,,0,positional_cb,Positional Center Back,258,7,2,543,Real Betis,140,La Liga,7.404651162790698,44.7,81.9,45.7,35.0,Below Average,6,95.32710280373831,19.626168224299064,97.66355140186917,12.149532710280374,63.084112149532714,2.336448598130829,,,,,,,
50852,Joe Scally,D,,,1,high_intensity_fullback,High-Intensity Fullback,257,4,3,163,Borussia Mönchengladbach,78,Bundesliga,6.5906614785992215,33.6,81.9,36.5,16.7,Poor,6,,100.0,,1.3888888888888888,88.88888888888889,,11.11111111111111,1.3888888888888888,14.583333333333334,,,,
14330,J. Juranović,D,,,3,creative_fullback,Creative Fullback,254,3,3,182,Union Berlin,78,Bundesliga,6.534251968503936,80.6,81.9,75.1,95.0,Elite,5,0.0,100.0,,91.59663865546219,,,,99.15966386554622,100.0,,,,
424277,Viery,D,,,2,stopper_cb,Stopper Center Back,254,5,3,502,Fiorentina,135,Serie A,6.41259842519685,43.7,81.9,44.8,36.6,Below Average,6,25.190839694656486,27.480916030534353,11.450381679389313,23.66412213740458,95.41984732824427,87.78625954198473,,,,,,,
14329,Ardian Ismajli,D,,,0,positional_cb,Positional Center Back,253,5,2,503,Torino,135,Serie A,6.788537549407114,36.1,81.9,38.6,21.0,Poor,6,77.10280373831776,15.887850467289718,45.32710280373832,99.53271028037383,5.607476635514018,1.8691588785046775,,,,,,,
286595,Facundo González,D,,,2,stopper_cb,Stopper Center Back,253,7,4,4665,Racing Santander,140,La Liga,6.140711462450593,50.7,81.9,50.6,55.7,Good,6,16.793893129770993,0.7633587786259541,99.23664122137404,91.6030534351145,34.35114503816794,87.78625954198473,,,,,,,
441271,Jannik Schuster,D,,,3,creative_fullback,Creative Fullback,253,5,2,55,Brentford,39,Premier League,6.805138339920949,33.4,81.9,36.4,19.3,Poor,5,21.008403361344538,31.512605042016805,,0.0,,,,8.403361344537815,100.0,,,,
358431,N. Mendy,D,,,2,stopper_cb,Stopper Center Back,253,4,4,64,Hull City,39,Premier League,7.192332015810276,63.1,81.9,60.7,78.6,Very Good,6,24.427480916030532,53.43511450381679,99.23664122137404,24.427480916030532,87.78625954198473,100.0,,,,,,,
202854,Merlin Röhl,D,,,3,creative_fullback,Creative Fullback,251,3,3,45,Everton,39,Premier League,6.815537848605578,17.9,81.9,23.7,1.7,Poor,6,32.773109243697476,8.403361344537815,,0.0,,,2.5210084033613445,38.655462184873954,10.504201680672269,,,,
271542,Ismael Doukouré,D,,,0,positional_cb,Positional Center Back,250,3,3,95,Strasbourg,61,Ligue 1,6.9864,83.6,81.9,77.5,99.5,Elite,6,55.140186915887845,98.36448598130842,100.0,55.140186915887845,68.22429906542055,99.76635514018692,,,,,,,
437139,Souleymane Sagnan,D,,,2,stopper_cb,Stopper Center Back,248,4,2,116,Lens,61,Ligue 1,6.854032258064516,84.3,81.8,78.0,99.2,Elite,6,83.20610687022901,100.0,64.8854961832061,91.6030534351145,100.0,29.00763358778626,,,,,,,
282549,Junior Mwanga,D,,,3,creative_fullback,Creative Fullback,247,4,3,111,Le Havre,61,Ligue 1,6.487449392712551,37.7,81.8,39.9,26.1,Below Average,5,91.59663865546219,0.0,,92.43697478991596,,,,9.243697478991598,10.504201680672269,,,,
334952,Rafik Messali,D,,,1,high_intensity_fullback,High-Intensity Fullback,247,5,3,96,Toulouse,61,Ligue 1,6.720242914979758,57.7,81.8,56.3,65.3,Good,6,,41.66666666666667,,100.0,61.111111111111114,,100.0,68.05555555555556,14.583333333333334,,,,
2202,Hamari Traoré,D,,,3,creative_fullback,Creative Fullback,246,5,3,114,Paris FC,61,Ligue 1,6.654878048780487,26.4,81.8,30.7,8.4,Poor,6,100.0,48.739495798319325,,5.042016806722689,,,24.369747899159663,0.0,10.504201680672269,,,,
283668,Arnau Martínez,D,,,3,creative_fullback,Creative Fullback,242,5,3,532,Valencia,140,La Liga,6.078677685950413,11.6,81.8,18.6,0.0,Poor,6,51.26050420168067,5.042016806722689,,5.88235294117647,,,2.5210084033613445,0.0,10.504201680672269,,,,
455316,Tiago Gabriel,D,,,2,stopper_cb,Stopper Center Back,241,4,3,867,Lecce,135,Serie A,7.350622406639004,64.2,81.8,61.6,80.9,Very Good,6,98.47328244274809,100.0,13.740458015267176,25.190839694656486,98.47328244274809,25.954198473282446,,,,,,,
416062,Eivind Helland,D,,,2,stopper_cb,Stopper Center Back,238,5,3,500,Bologna,135,Serie A,6.902521008403361,80.5,81.8,75.0,96.9,Elite,6,100.0,93.12977099236642,0.0,94.65648854961832,91.6030534351145,100.0,,,,,,,
174766,L. Maronnier,D,,,2,stopper_cb,Stopper Center Back,238,4,4,110,Estac Troyes,61,Ligue 1,7.235378151260505,74.8,81.8,70.3,95.4,Elite,6,3.0534351145038165,100.0,95.41984732824427,25.954198473282442,100.0,100.0,,,,,,,
1442,Sead Kolašinac,D,,,3,creative_fullback,Creative Fullback,238,5,3,499,Atalanta,135,Serie A,6.792016806722689,16.0,81.8,22.2,0.0,Poor,5,69.74789915966386,1.680672268907563,,5.88235294117647,,,,0.0,10.504201680672269,,,,
352375,Arthur,D,,,1,high_intensity_fullback,High-Intensity Fullback,237,4,3,162,Werder Bremen,78,Bundesliga,6.642278481012658,40.0,81.8,41.8,29.2,Below Average,6,,86.11111111111111,,100.0,4.166666666666666,,72.22222222222221,2.7777777777777777,14.583333333333334,,,,
327646,Lukas Ullrich,D,,,1,high_intensity_fullback,High-Intensity Fullback,235,4,4,163,Borussia Mönchengladbach,78,Bundesliga,6.314893617021276,71.8,81.7,67.8,90.3,Excellent,6,,41.66666666666667,,100.0,66.66666666666666,,11.11111111111111,72.22222222222221,100.0,,,,
311071,Nicolás Valentini,D,,,0,positional_cb,Positional Center Back,235,6,3,542,Alaves,140,La Liga,6.830212765957446,46.4,81.7,47.1,41.1,Average,6,0.0,100.0,52.80373831775701,18.69158878504673,34.57943925233645,39.252336448598136,,,,,,,
490779,Víctor Valdepeñas,D,,,1,high_intensity_fullback,High-Intensity Fullback,235,5,2,502,Fiorentina,135,Serie A,6.529787234042553,31.7,81.7,35.0,11.1,Poor,6,,63.888888888888886,,2.7777777777777777,22.22222222222222,,2.7777777777777777,72.22222222222221,14.583333333333334,,,,
384135,Javi Rodríguez,D,,,0,positional_cb,Positional Center Back,231,7,6,538,Celta Vigo,140,La Liga,6.779999999999999,29.9,81.7,33.6,9.3,Poor,6,65.88785046728972,0.46728971962616817,0.0,67.28971962616822,36.44859813084112,38.3177570093458,,,,,,,
272460,Q. Merlin,D,,,3,creative_fullback,Creative Fullback,231,5,4,94,Rennes,61,Ligue 1,6.340692640692641,54.2,81.7,53.4,63.0,Good,6,50.42016806722689,0.0,,97.47899159663865,,,66.38655462184873,79.83193277310924,10.504201680672269,,,,
20520,Iván Balliu,D,,,3,creative_fullback,Creative Fullback,225,7,3,728,Rayo Vallecano,140,La Liga,6.088888888888889,9.6,81.7,17.0,0.0,Poor,6,2.5210084033613445,0.8403361344537815,,44.537815126050425,,,2.5210084033613445,0.0,10.504201680672269,,,,
366735,Joshua Kofi Acheampong,D,,,3,creative_fullback,Creative Fullback,221,5,4,49,Chelsea,39,Premier League,6.336244343891402,9.1,81.6,16.6,0.0,Poor,6,32.773109243697476,6.722689075630252,,6.722689075630252,,,2.5210084033613445,0.0,10.504201680672269,,,,
21090,Diego Carlos,D,,,0,positional_cb,Positional Center Back,220,3,3,523,Parma,135,Serie A,6.836363636363636,61.6,81.6,59.4,78.0,Very Good,6,6.074766355140187,19.158878504672895,100.0,70.56074766355141,43.925233644859816,99.76635514018692,,,,,,,
2897,Kim Min-Jae,D,,,0,positional_cb,Positional Center Back,219,4,3,157,Bayern München,78,Bundesliga,6.902054794520548,62.0,81.6,59.8,78.5,Very Good,6,88.78504672897196,0.46728971962616817,59.345794392523366,96.26168224299066,44.85981308411215,99.76635514018692,,,,,,,
438281,M. Nagida,D,,,1,high_intensity_fullback,High-Intensity Fullback,219,5,4,94,Rennes,61,Ligue 1,6.51337899543379,50.7,81.6,50.6,52.8,Average,6,,4.166666666666666,,100.0,95.83333333333334,,15.277777777777779,77.77777777777779,14.583333333333334,,,,
47988,Carl Starfelt,D,,,2,stopper_cb,Stopper Center Back,218,7,5,538,Celta Vigo,140,La Liga,7.070733944954129,68.0,81.6,64.7,87.8,Excellent,6,100.0,51.908396946564885,0.0,86.25954198473282,100.0,77.86259541984732,,,,,,,
656,Oumar Solet,D,,,2,stopper_cb,Stopper Center Back,218,3,3,494,Udinese,135,Serie A,6.887155963302753,46.9,81.6,47.5,43.5,Average,6,68.70229007633588,1.5267175572519083,76.33587786259542,96.18320610687023,6.106870229007633,77.86259541984732,,,,,,,
36884,Justin De Haas,D,,,0,positional_cb,Positional Center Back,217,4,4,532,Valencia,140,La Liga,7.02073732718894,71.0,81.6,67.1,89.7,Excellent,6,48.598130841121495,21.962616822429908,100.0,96.72897196261682,48.598130841121495,99.76635514018692,,,,,,,
2285,Antonio Rüdiger,D,,,0,positional_cb,Positional Center Back,216,7,2,541,Real Madrid,140,La Liga,7.195833333333333,66.6,81.6,63.5,86.4,Excellent,6,95.32710280373831,91.1214953271028,94.39252336448598,0.0,0.0,99.76635514018692,,,,,,,
343316,Jeanuël Belocian,D,,,0,positional_cb,Positional Center Back,215,5,2,4665,Racing Santander,140,La Liga,6.462790697674419,61.8,81.6,59.6,78.5,Very Good,6,81.77570093457945,83.64485981308411,11.214953271028037,97.19626168224299,0.9345794392523363,99.76635514018692,,,,,,,
18797,Christian Kabasele,D,,,0,positional_cb,Positional Center Back,213,3,2,494,Udinese,135,Serie A,6.346478873239437,72.7,81.6,68.5,91.6,Excellent,6,99.06542056074767,91.1214953271028,94.85981308411215,25.233644859813083,12.149532710280374,99.76635514018692,,,,,,,
408853,M. Rots,D,,,1,high_intensity_fullback,High-Intensity Fullback,213,4,3,167,1899 Hoffenheim,78,Bundesliga,7.026056338028169,49.7,81.6,49.7,52.8,Average,6,,59.72222222222222,,22.22222222222222,25.0,,100.0,100.0,14.583333333333334,,,,
41621,Matheus Nunes,D,,,0,positional_cb,Positional Center Back,213,4,2,50,Manchester City,39,Premier League,6.9380281690140855,37.4,81.6,39.7,22.4,Poor,6,39.25233644859813,100.0,11.682242990654206,25.233644859813083,49.06542056074766,0.0,,,,,,,
283,Trent Alexander-Arnold,D,,,0,positional_cb,Positional Center Back,213,7,3,541,Real Madrid,140,La Liga,7.3765258215962435,52.4,81.6,52.0,55.1,Good,6,44.39252336448598,100.0,0.0,100.0,49.06542056074766,28.037383177570092,,,,,,,
855,João Cancelo,D,,,1,high_intensity_fullback,High-Intensity Fullback,210,7,3,529,Barcelona,140,La Liga,6.805238095238095,9.1,81.6,16.7,0.0,Poor,6,,0.0,,22.22222222222222,1.3888888888888888,,11.11111111111111,4.166666666666666,14.583333333333334,,,,
428586,Rockson Yeboah,D,,,2,stopper_cb,Stopper Center Back,210,5,2,727,Osasuna,140,La Liga,6.701428571428572,62.5,81.6,60.2,78.6,Very Good,6,94.65648854961832,53.43511450381679,16.793893129770993,97.70992366412213,87.78625954198473,0.7633587786259568,,,,,,,
284300,Álvaro Carreras,D,,,0,positional_cb,Positional Center Back,210,7,3,541,Real Madrid,140,La Liga,7.208571428571428,63.8,81.6,61.3,83.2,Very Good,6,68.22429906542055,100.0,0.0,25.70093457943925,87.85046728971963,99.76635514018692,,,,,,,
181734,Pep Chavarría,D,,,3,creative_fullback,Creative Fullback,208,5,2,49,Chelsea,39,Premier League,6.299278846153846,45.8,81.5,46.6,42.9,Average,5,50.42016806722689,1.680672268907563,,100.0,,,,56.30252100840336,10.504201680672269,,,,
279822,Enzo Boyomo,D,,,0,positional_cb,Positional Center Back,201,7,4,727,Osasuna,140,La Liga,6.780597014925373,62.0,81.5,59.7,78.5,Very Good,6,53.271028037383175,11.214953271028037,95.7943925233645,1.8691588785046727,100.0,99.76635514018692,,,,,,,
47190,Miguel Loureiro,D,,,2,stopper_cb,Stopper Center Back,199,7,3,544,Deportivo La Coruna,140,La Liga,6.771859296482412,55.0,81.5,54.0,64.1,Good,6,83.20610687022901,30.53435114503817,21.374045801526716,98.47328244274809,74.04580152671755,12.977099236641223,,,,,,,
47519,Pedro Porro,D,,,1,high_intensity_fullback,High-Intensity Fullback,199,3,3,47,Tottenham,39,Premier League,6.752261306532664,16.3,81.5,22.5,2.8,Poor,6,,2.7777777777777777,,2.7777777777777777,2.7777777777777777,,11.11111111111111,51.388888888888886,14.583333333333334,,,,
303679,Z. Van Den Bosch,D,,,3,creative_fullback,Creative Fullback,199,4,4,182,Union Berlin,78,Bundesliga,5.68281407035176,51.9,81.5,51.6,58.0,Good,5,69.74789915966386,31.512605042016805,,89.91596638655463,,,,59.66386554621849,10.504201680672269,,,,
2286,Davide Zappacosta,D,,,3,creative_fullback,Creative Fullback,197,5,2,499,Atalanta,135,Serie A,6.859390862944162,16.5,81.5,22.7,0.8,Poor,6,93.27731092436974,0.0,,0.0,,,2.5210084033613445,0.0,10.504201680672269,,,,
426480,Lucas Herrington,D,,,0,positional_cb,Positional Center Back,197,5,2,64,Hull City,39,Premier League,6.61507614213198,36.2,81.5,38.8,21.0,Poor,6,59.813084112149525,19.158878504672895,71.49532710280374,34.112149532710276,14.018691588785046,24.29906542056075,,,,,,,
179400,M. Estève,D,,,0,positional_cb,Positional Center Back,197,4,3,173,RB Leipzig,78,Bundesliga,6.988730964467006,64.1,81.5,61.5,83.6,Very Good,6,99.06542056074767,98.13084112149532,0.0,83.64485981308411,14.018691588785046,99.76635514018692,,,,,,,
19495,Nathan Collins,D,,,3,creative_fullback,Creative Fullback,197,3,3,55,Brentford,39,Premier League,6.6000000000000005,46.2,81.5,46.9,42.9,Average,5,44.537815126050425,73.10924369747899,,53.78151260504202,,,,60.50420168067227,10.504201680672269,,,,
25061,Armel Bella-Kotchap,D,,,2,stopper_cb,Stopper Center Back,196,3,3,517,Venezia,135,Serie A,6.945918367346939,65.4,81.5,62.5,84.0,Very Good,6,73.2824427480916,100.0,24.427480916030532,58.01526717557252,38.93129770992366,100.0,,,,,,,
125171,J. Stanišić,D,,,3,creative_fullback,Creative Fullback,196,4,2,157,Bayern München,78,Bundesliga,6.760714285714285,49.0,81.5,49.2,51.3,Average,6,96.63865546218487,0.0,,0.0,,,66.38655462184873,89.91596638655463,10.504201680672269,,,,
20602,Samuel Yohou,D,,,0,positional_cb,Positional Center Back,196,3,2,1298,Le Mans,61,Ligue 1,6.757142857142858,69.2,81.5,65.7,87.9,Excellent,6,82.2429906542056,91.1214953271028,13.551401869158877,34.57943925233645,99.53271028037383,99.76635514018692,,,,,,,
972,J. Tah,D,,,0,positional_cb,Positional Center Back,192,4,3,157,Bayern München,78,Bundesliga,7.889062499999999,77.7,81.4,72.6,96.3,Elite,6,100.0,100.0,0.0,85.51401869158879,99.53271028037383,99.76635514018692,,,,,,,
489905,Seny Koumbassa,D,,,2,stopper_cb,Stopper Center Back,192,5,2,96,Toulouse,61,Ligue 1,6.2515625,42.1,81.4,43.6,34.4,Below Average,6,80.91603053435115,0.0,84.7328244274809,15.267175572519085,41.221374045801525,100.0,,,,,,,
47378,Pedro Bigas,D,,,0,positional_cb,Positional Center Back,191,7,3,797,Elche,140,La Liga,6.337696335078534,46.1,81.4,46.8,40.2,Average,6,60.280373831775705,0.0,98.5981308411215,2.803738317757009,0.0,99.76635514018692,,,,,,,
2729,Joachim Andersen,D,,,0,positional_cb,Positional Center Back,190,4,3,36,Fulham,39,Premier League,6.936842105263158,47.6,81.4,48.0,44.4,Average,6,47.19626168224299,56.30841121495327,15.887850467289718,39.25233644859813,17.289719626168225,99.76635514018692,,,,,,,
2597,Takehiro Tomiyasu,D,,,2,stopper_cb,Stopper Center Back,190,5,3,52,Crystal Palace,39,Premier League,6.169789473684211,39.7,81.4,41.6,25.2,Below Average,6,58.01526717557252,0.0,25.190839694656486,99.23664122137404,1.5267175572519083,100.0,,,,,,,
46815,Pau Torres,D,,,3,creative_fullback,Creative Fullback,189,4,3,66,Aston Villa,39,Premier League,6.170264550264551,10.7,81.4,18.0,0.0,Poor,5,32.773109243697476,0.8403361344537815,,13.445378151260504,,,,0.0,10.504201680672269,,,,
1807,Evan Ndicka,D,,,2,stopper_cb,Stopper Center Back,187,4,2,497,AS Roma,135,Serie A,6.905882352941177,47.0,81.4,47.6,43.5,Average,6,100.0,4.961832061068702,0.0,100.0,45.038167938931295,67.93893129770993,,,,,,,
182592,Jorge Herrando,D,,,0,positional_cb,Positional Center Back,187,3,3,727,Osasuna,140,La Liga,6.828663101604279,47.3,81.4,47.8,43.0,Average,6,6.074766355140187,65.88785046728972,0.0,88.78504672897196,1.4018691588785046,99.76635514018692,,,,,,,
6,Leonardo Balerdi,D,,,2,stopper_cb,Stopper Center Back,185,4,2,497,AS Roma,135,Serie A,6.9859459459459465,88.4,81.4,81.3,100.0,Elite,6,68.70229007633588,100.0,87.02290076335878,100.0,83.96946564885496,67.17557251908397,,,,,,,
396193,Lucas Høgsberg,D,,,3,creative_fullback,Creative Fullback,184,5,3,95,Strasbourg,61,Ligue 1,6.282608695652174,31.3,81.4,34.8,15.1,Poor,6,69.74789915966386,1.680672268907563,,13.445378151260504,,,2.5210084033613445,64.70588235294117,10.504201680672269,,,,
264857,Lorenzo Bernasconi,D,,,3,creative_fullback,Creative Fullback,183,5,2,499,Atalanta,135,Serie A,6.482513661202185,47.6,81.4,48.1,47.1,Average,6,99.15966386554622,0.0,,92.43697478991596,,,2.5210084033613445,65.54621848739495,10.504201680672269,,,,
135883,R. Hendriks,D,,,0,positional_cb,Positional Center Back,183,4,4,172,VfB Stuttgart,78,Bundesliga,6.335081967213115,47.2,81.4,47.8,43.0,Average,6,56.074766355140184,100.0,0.0,44.85981308411215,71.96261682242991,20.56074766355141,,,,,,,
41734,João Mário,D,,,1,high_intensity_fullback,High-Intensity Fullback,182,5,2,502,Fiorentina,135,Serie A,6.656043956043956,47.9,81.3,48.3,45.8,Average,6,,100.0,,33.33333333333333,22.22222222222222,,89.58333333333334,59.72222222222222,14.583333333333334,,,,
174881,Moustapha Mbow,D,,,0,positional_cb,Positional Center Back,181,5,4,114,Paris FC,61,Ligue 1,7.011049723756906,52.5,81.3,52.1,55.6,Good,6,100.0,20.5607476635514,17.75700934579439,0.0,99.53271028037383,99.76635514018692,,,,,,,
129681,A. Rouault,D,,,0,positional_cb,Positional Center Back,180,5,3,94,Rennes,61,Ligue 1,6.689999999999999,51.9,81.3,51.5,53.3,Average,6,5.607476635514018,98.13084112149532,0.0,3.2710280373831773,75.0,99.76635514018692,,,,,,,
19182,A. Tuanzebe,D,,,0,positional_cb,Positional Center Back,180,2,2,108,Auxerre,61,Ligue 1,6.835000000000001,37.8,81.3,40.1,22.9,Poor,6,21.962616822429908,42.05607476635514,0.0,46.728971962616825,1.4018691588785046,99.76635514018692,,,,,,,
147835,Andrew Omobamidele,D,,,0,positional_cb,Positional Center Back,180,2,2,95,Strasbourg,61,Ligue 1,6.35,75.3,81.3,70.6,93.9,Excellent,6,100.0,99.06542056074767,17.990654205607477,46.728971962616825,99.53271028037383,99.76635514018692,,,,,,,
576948,Dominik Drobnic ,D,,,3,creative_fullback,Creative Fullback,180,5,2,523,Parma,135,Serie A,6.05,19.1,81.3,24.9,3.4,Poor,5,31.932773109243694,0.0,,62.18487394957983,,,,0.0,10.504201680672269,,,,
585451,J. Maluze,D,,,2,stopper_cb,Stopper Center Back,180,3,2,169,Eintracht Frankfurt,78,Bundesliga,7.33,79.4,81.3,73.9,96.9,Elite,6,3.0534351145038165,100.0,88.93129770992367,100.0,53.81679389312977,100.0,,,,,,,
1157,K. Laimer,D,,,1,high_intensity_fullback,High-Intensity Fullback,180,3,3,157,Bayern München,78,Bundesliga,6.4,27.2,81.3,31.4,5.6,Poor,6,,0.0,,36.11111111111111,22.22222222222222,,22.916666666666664,62.5,14.583333333333334,,,,
263482,Nuno Mendes,D,,,3,creative_fullback,Creative Fullback,180,2,2,85,Paris Saint Germain,61,Ligue 1,7.635,62.6,81.3,60.3,74.8,Very Good,6,70.58823529411765,84.03361344537815,,14.285714285714285,,,95.7983193277311,100.0,10.504201680672269,,,,
1408,S. Bornauw,D,,,2,stopper_cb,Stopper Center Back,180,2,2,175,Hamburger SV,78,Bundesliga,5.595,35.3,81.3,38.0,12.2,Poor,6,20.610687022900763,4.961832061068702,0.0,96.18320610687023,13.740458015267176,100.0,,,,,,,
162466,S. Diomandé,D,,,2,stopper_cb,Stopper Center Back,180,5,4,108,Auxerre,61,Ligue 1,6.25,47.7,81.3,48.2,45.8,Average,6,97.70992366412213,35.87786259541985,33.587786259541986,74.42748091603053,13.740458015267176,63.3587786259542,,,,,,,
51535,Sebastián Cáceres,D,,,0,positional_cb,Positional Center Back,180,3,3,538,Celta Vigo,140,La Liga,7.115,47.8,81.3,48.2,44.9,Average,6,43.925233644859816,91.1214953271028,0.0,46.728971962616825,96.26168224299066,18.691588785046733,,,,,,,
270515,Théo Eyoum,D,,,3,creative_fullback,Creative Fullback,180,2,2,1298,Le Mans,61,Ligue 1,6.25,30.9,81.3,34.5,15.1,Poor,5,99.15966386554622,0.0,,62.18487394957983,,,,0.0,10.504201680672269,,,,
551206,Théo Eyoum,D,,,3,creative_fullback,Creative Fullback,180,2,2,1298,Le Mans,61,Ligue 1,6.25,30.9,81.3,34.5,15.1,Poor,5,99.15966386554622,0.0,,62.18487394957983,,,,0.0,10.504201680672269,,,,
278,Kylian Mbappé,F,wide,0,1,linking_winger,Linking Forward,630,7,7,541,Real Madrid,140,La Liga,7.985714285714286,76.6,84.7,72.5,92.0,Excellent,5,96.0,,,,,,,32.0,94.0,100.0,94.0,,
312990,Roberto Fernández,F,central,1,,traditional_9,Traditional No. 9,613,7,7,540,Espanyol,140,La Liga,7.494779771615009,60.6,84.5,59.0,70.7,Very Good,5,,69.23076923076923,,,,,,16.826923076923077,,99.51923076923077,19.230769230769234,,62.019230769230774
386828,Lamine Yamal,F,wide,0,0,direct_winger,Direct Forward,581,7,7,529,Barcelona,140,La Liga,8.485714285714286,81.3,84.3,76.4,91.1,Excellent,5,,,,,,,95.55555555555556,100.0,,100.0,35.55555555555556,48.888888888888886,
376401,Chupete,F,central,1,,traditional_9,Traditional No. 9,563,7,6,535,Malaga,140,La Liga,6.354351687388988,24.7,84.2,28.7,11.1,Poor,5,,79.8076923076923,,,,,,8.173076923076923,,15.384615384615385,0.7211538461538461,,51.92307692307693
1465,Pierre-Emerick Aubameyang,F,central,1,,traditional_9,Traditional No. 9,560,7,6,544,Deportivo La Coruna,140,La Liga,7.747321428571428,91.7,84.1,85.1,99.0,Elite,5,,90.86538461538461,,,,,,96.15384615384616,,98.5576923076923,95.67307692307693,,73.07692307692307
1496,Raphinha,F,wide,0,1,linking_winger,Linking Forward,555,7,7,529,Barcelona,140,La Liga,8.892792792792793,92.3,84.1,85.6,100.0,Elite,5,80.0,,,,,,,86.0,98.0,100.0,100.0,,
195512,Martín Satriano,F,central,1,,traditional_9,Traditional No. 9,544,7,7,546,Getafe,140,La Liga,6.626672794117646,30.1,84.0,33.3,19.2,Poor,5,,71.63461538461539,,,,,,59.61538461538461,,15.865384615384615,0.7211538461538461,,56.25
47499,Enes Ünal,F,central,1,,traditional_9,Traditional No. 9,540,7,5,546,Getafe,140,La Liga,6.531666666666667,16.5,84.0,21.8,3.4,Poor,5,,41.82692307692308,,,,,,25.0,,15.865384615384615,0.7211538461538461,,20.192307692307693
83,Arnaut Danjuma,F,central,1,,traditional_9,Traditional No. 9,526,7,6,532,Valencia,140,La Liga,6.94657794676806,33.8,83.9,36.4,22.6,Poor,5,,88.9423076923077,,,,,,83.65384615384616,,0.9615384615384616,6.730769230769231,,72.59615384615384
46746,Ante Budimir,F,central,1,,traditional_9,Traditional No. 9,502,7,6,727,Osasuna,140,La Liga,7.519721115537848,84.8,83.7,79.1,97.1,Elite,5,,100.0,,,,,,3.3653846153846154,,99.51923076923077,80.76923076923077,,97.11538461538461
608,Lucas Boyé,F,central,1,,traditional_9,Traditional No. 9,484,6,6,542,Alaves,140,La Liga,7.218181818181818,66.0,83.6,63.4,75.0,Very Good,5,,50.96153846153846,,,,,,32.21153846153847,,97.11538461538461,28.365384615384613,,83.17307692307693
47323,Mikel Oyarzabal,F,wide,0,1,linking_winger,Linking Forward,478,7,6,548,Real Sociedad,140,La Liga,6.625397489539749,58.7,83.5,57.3,66.0,Good,5,24.0,,,,,,,66.0,98.0,2.0,70.0,,
184277,Fernando Niño,F,central,1,,traditional_9,Traditional No. 9,470,7,6,797,Elche,140,La Liga,7.319,78.5,83.5,73.8,90.9,Excellent,5,,54.32692307692307,,,,,,3.8461538461538463,,99.51923076923077,99.03846153846155,,65.38461538461539
52,Sergio Camello,F,central,1,,traditional_9,Traditional No. 9,470,7,6,728,Rayo Vallecano,140,La Liga,7.864787234042554,91.2,83.5,84.4,98.1,Elite,5,,50.480769230769226,,,,,,98.5576923076923,,99.51923076923077,87.98076923076923,,97.11538461538461
927,Kang-in Lee,F,wide,0,0,direct_winger,Direct Forward,469,7,6,530,Atletico Madrid,140,La Liga,7.358208955223881,74.6,83.5,70.5,86.7,Excellent,5,,,,,,,100.0,62.22222222222222,,84.44444444444444,43.333333333333336,51.11111111111111,
18767,Ademola Lookman,F,wide,0,1,linking_winger,Linking Forward,460,7,6,530,Atletico Madrid,140,La Liga,6.683608695652175,48.0,83.4,48.3,48.0,Average,5,66.0,,,,,,,88.0,6.0,20.0,48.0,,
2215,Armand Laurienté,F,wide,0,1,linking_winger,Linking Forward,455,5,5,488,Sassuolo,135,Serie A,7.178021978021978,42.9,83.4,44.1,40.0,Average,5,100.0,,,,,,,32.0,66.0,2.0,10.0,,
21104,Randal Kolo Muani,F,central,1,,traditional_9,Traditional No. 9,454,5,5,496,Juventus,135,Serie A,6.296035242290749,11.9,83.4,18.3,1.9,Poor,5,,6.730769230769231,,,,,,17.78846153846154,,0.9615384615384616,19.230769230769234,,21.634615384615387
1100,Erling Haaland,F,central,1,,traditional_9,Traditional No. 9,450,5,5,50,Manchester City,39,Premier League,7.566,76.6,83.3,72.2,88.9,Excellent,5,,61.057692307692314,,,,,,0.9615384615384616,,99.51923076923077,62.980769230769226,,99.03846153846155
1922,Florian Thauvin,F,wide,0,1,linking_winger,Linking Forward,450,5,5,116,Lens,61,Ligue 1,7.49,80.9,83.3,75.8,94.0,Excellent,5,22.0,,,,,,,96.0,98.0,90.0,72.0,,
18746,Morgan Gibbs-White,F,wide,0,1,linking_winger,Linking Forward,450,5,5,65,Nottingham Forest,39,Premier League,7.46,69.8,83.3,66.5,80.0,Very Good,5,86.0,,,,,,,96.0,98.0,24.0,0.0,,
85041,A. Gouiri,F,wide,0,1,linking_winger,Linking Forward,448,5,5,81,Marseille,61,Ligue 1,7.303660714285713,60.6,83.3,58.8,66.0,Good,5,90.0,,,,,,,20.0,66.0,94.0,70.0,,
22264,L. Ajorque,F,central,1,,traditional_9,Traditional No. 9,446,5,5,106,Stade Brestois 29,61,Ligue 1,7.071255605381166,46.3,83.3,46.9,44.2,Average,5,,83.17307692307693,,,,,,99.03846153846155,,22.115384615384613,3.6057692307692304,,97.11538461538461
30937,Mattia Zaccagni,F,wide,0,1,linking_winger,Linking Forward,446,5,5,487,Lazio,135,Serie A,7.318385650224215,56.0,83.3,55.0,66.0,Good,5,34.0,,,,,,,38.0,98.0,24.0,76.0,,
41585,Gonçalo Ramos,F,central,1,,traditional_9,Traditional No. 9,445,5,5,489,AC Milan,135,Serie A,6.620224719101124,32.5,83.3,35.5,21.6,Poor,5,,46.63461538461539,,,,,,41.82692307692308,,22.115384615384613,5.769230769230769,,72.59615384615384
47582,Cucho Hernández,F,central,1,,traditional_9,Traditional No. 9,444,7,5,543,Real Betis,140,La Liga,6.807882882882883,61.4,83.3,59.5,70.7,Very Good,5,,10.576923076923077,,,,,,62.019230769230774,,65.38461538461539,89.42307692307693,,44.71153846153847
152982,C. Palmer,F,wide,0,1,linking_winger,Linking Forward,443,5,5,49,Chelsea,39,Premier League,7.401128668171557,67.4,83.3,64.5,78.0,Very Good,5,42.0,,,,,,,84.0,98.0,76.0,0.0,,
196156,Thiago,F,central,1,,traditional_9,Traditional No. 9,443,5,5,55,Brentford,39,Premier League,6.701805869074492,26.9,83.3,30.7,14.9,Poor,5,,9.615384615384617,,,,,,4.807692307692308,,22.115384615384613,3.8461538461538463,,83.65384615384616
19337,Oli McBurnie,F,central,1,,traditional_9,Traditional No. 9,442,5,5,64,Hull City,39,Premier League,6.724072398190045,27.1,83.3,30.9,15.4,Poor,5,,85.09615384615384,,,,,,85.09615384615384,,0.9615384615384616,19.230769230769234,,24.519230769230766
20649,Yoane Wissa,F,central,1,,traditional_9,Traditional No. 9,441,5,5,34,Newcastle,39,Premier League,6.568027210884353,30.4,83.3,33.7,20.2,Poor,5,,81.73076923076923,,,,,,42.30769230769231,,22.115384615384613,3.8461538461538463,,46.63461538461539
19170,M. Rogers,F,wide,0,0,direct_winger,Direct Forward,439,5,5,49,Chelsea,39,Premier League,7.528246013667425,69.7,83.3,66.4,82.2,Very Good,5,,,,,,,82.22222222222221,86.66666666666667,,100.0,26.666666666666668,20.0,
978,K. Havertz,F,central,1,,traditional_9,Traditional No. 9,438,5,5,42,Arsenal,39,Premier League,6.921917808219178,68.2,83.2,65.1,77.4,Very Good,5,,69.23076923076923,,,,,,63.46153846153846,,65.86538461538461,89.42307692307693,,47.59615384615385
541,Jürgen Ekkelenkamp,F,central,1,,traditional_9,Traditional No. 9,435,5,5,494,Udinese,135,Serie A,7.251724137931035,49.1,83.2,49.2,48.1,Average,5,,97.11538461538461,,,,,,4.807692307692308,,66.82692307692307,23.557692307692307,,48.07692307692308
90617,Lassine Sinayoko,F,central,1,,traditional_9,Traditional No. 9,435,5,5,114,Paris FC,61,Ligue 1,7.457632183908046,95.4,83.2,87.8,99.5,Elite,5,,94.71153846153845,,,,,,100.0,,99.03846153846155,96.875,,85.09615384615384
1945,Ally Samatta,F,central,1,,traditional_9,Traditional No. 9,434,5,5,111,Le Havre,61,Ligue 1,6.899884792626727,70.0,83.2,66.6,78.8,Very Good,5,,100.0,,,,,,4.807692307692308,,66.82692307692307,66.34615384615384,,97.59615384615384
842,Nikola Vlašić,F,central,1,,traditional_9,Traditional No. 9,434,5,5,503,Torino,135,Serie A,6.331336405529954,24.2,83.2,28.6,11.1,Poor,5,,9.615384615384617,,,,,,4.807692307692308,,0.9615384615384616,89.42307692307693,,0.4807692307692308
336711,Gonzalo García,F,central,1,,traditional_9,Traditional No. 9,427,5,5,36,Fulham,39,Premier League,6.574004683840749,19.6,83.2,24.8,4.8,Poor,5,,35.57692307692308,,,,,,21.153846153846153,,23.076923076923077,2.403846153846154,,26.442307692307693
152856,Evanilson,F,central,1,,traditional_9,Traditional No. 9,425,5,5,35,Bournemouth,39,Premier League,6.879105882352941,21.0,83.1,25.9,8.2,Poor,5,,70.67307692307693,,,,,,89.42307692307693,,0.9615384615384616,10.336538461538462,,10.576923076923077
85558,Louis Mafouta,F,central,1,,traditional_9,Traditional No. 9,423,5,5,1298,Le Mans,61,Ligue 1,7.0638297872340425,78.2,83.1,73.4,90.9,Excellent,5,,43.75,,,,,,21.153846153846153,,90.86538461538461,96.15384615384616,,79.32692307692307
18766,Dominic Calvert-Lewin,F,central,1,,traditional_9,Traditional No. 9,421,5,5,63,Leeds,39,Premier League,7.002137767220903,64.0,83.1,61.6,73.6,Very Good,5,,80.76923076923077,,,,,,5.288461538461538,,67.3076923076923,96.875,,37.980769230769226
314254,Antonio Raimondo,F,central,1,,traditional_9,Traditional No. 9,419,5,5,512,Frosinone,135,Serie A,7.0589498806682585,69.8,83.1,66.5,78.8,Very Good,5,,1.9230769230769231,,,,,,22.115384615384613,,99.03846153846155,78.36538461538461,,65.86538461538461
180496,Georges Mikautadze,F,wide,0,0,direct_winger,Direct Forward,419,7,4,533,Villarreal,140,La Liga,6.667541766109784,51.7,83.1,51.4,60.0,Good,5,,,,,,,31.11111111111111,40.0,,86.66666666666667,93.33333333333333,4.444444444444445,
343684,Thierno Barry,F,central,1,,traditional_9,Traditional No. 9,419,5,5,45,Everton,39,Premier League,6.58090692124105,54.5,83.1,53.7,58.2,Good,5,,36.53846153846153,,,,,,71.15384615384616,,67.3076923076923,4.807692307692308,,94.71153846153845
22171,Jean Victor Makengo,F,wide,0,0,direct_winger,Direct Forward,418,5,5,97,Lorient,61,Ligue 1,6.870095693779904,31.4,83.1,34.6,11.1,Poor,5,,,,,,,4.444444444444445,0.0,,57.77777777777777,6.666666666666667,97.77777777777777,
2864,Alexander Isak,F,central,1,,traditional_9,Traditional No. 9,415,5,5,40,Liverpool,39,Premier League,7.22289156626506,81.9,83.1,76.5,93.8,Excellent,5,,87.01923076923077,,,,,,22.115384615384613,,99.03846153846155,75.48076923076923,,87.01923076923077
57446,Akor Adams,F,central,1,,traditional_9,Traditional No. 9,413,5,5,517,Venezia,135,Serie A,6.8961259079903146,45.2,83.1,46.0,41.3,Average,5,,71.15384615384616,,,,,,5.769230769230769,,24.03846153846154,40.38461538461539,,95.1923076923077
1165,Matheus Cunha,F,wide,0,1,linking_winger,Linking Forward,410,5,5,33,Manchester United,39,Premier League,6.59609756097561,54.0,83.0,53.4,64.0,Good,5,96.0,,,,,,,54.0,74.0,28.000000000000004,5.0,,
574733,Bil Nsongo,F,central,1,,traditional_9,Traditional No. 9,409,7,6,544,Deportivo La Coruna,140,La Liga,6.764156479217604,13.5,83.0,19.7,1.9,Poor,5,,57.692307692307686,,,,,,24.519230769230766,,0.9615384615384616,10.336538461538462,,12.01923076923077
875,Paulo Dybala,F,wide,0,1,linking_winger,Linking Forward,407,5,5,497,AS Roma,135,Serie A,8.251842751842752,67.9,83.0,64.9,80.0,Very Good,5,84.0,,,,,,,100.0,100.0,2.0,0.0,,
19625,D. Namaso,F,wide,0,0,direct_winger,Direct Forward,406,5,5,108,Auxerre,61,Ligue 1,7.022266009852217,57.4,83.0,56.2,64.4,Good,5,,,,,,,70.0,44.44444444444444,,57.77777777777777,93.33333333333333,8.88888888888889,
38750,Brian Brobbey,F,central,1,,traditional_9,Traditional No. 9,401,5,5,746,Sunderland,39,Premier League,7.083790523690773,79.0,83.0,74.1,91.3,Excellent,5,,93.75,,,,,,76.4423076923077,,93.26923076923077,82.45192307692307,,43.75
138787,Anthony Gordon,F,wide,0,1,linking_winger,Linking Forward,397,7,5,529,Barcelona,140,La Liga,6.920881612090681,51.2,82.9,51.0,56.0,Good,5,100.0,,,,,,,34.0,100.0,2.0,5.0,,
327536,Robbie Ure,F,central,1,,traditional_9,Traditional No. 9,397,7,5,536,Sevilla,140,La Liga,6.223409090909091,7.6,82.9,14.9,1.0,Poor,5,,0.4807692307692308,,,,,,48.55769230769231,,0.9615384615384616,0.0,,12.01923076923077
47294,Iñaki Williams,F,central,1,,traditional_9,Traditional No. 9,392,6,6,531,Athletic Club,140,La Liga,6.707908163265306,46.1,82.9,46.7,44.2,Average,5,,51.92307692307693,,,,,,77.88461538461539,,25.48076923076923,27.403846153846157,,86.53846153846155
386276,Paris Brunner,F,central,1,,traditional_9,Traditional No. 9,390,5,5,91,Monaco,61,Ligue 1,7.815641025641026,90.4,82.9,83.5,97.6,Elite,5,,54.807692307692314,,,,,,79.32692307692307,,99.51923076923077,92.78846153846155,,94.71153846153845
122734,Ferrán Jutglà,F,central,1,,traditional_9,Traditional No. 9,388,7,7,538,Celta Vigo,140,La Liga,6.752422680412371,32.2,82.9,35.3,21.2,Poor,5,,57.692307692307686,,,,,,29.326923076923077,,25.961538461538463,40.38461538461539,,21.634615384615387
457101,Yassir Zabiri,F,central,1,,traditional_9,Traditional No. 9,386,7,4,4665,Racing Santander,140,La Liga,7.420569948186529,76.7,82.9,72.1,88.9,Excellent,5,,4.326923076923077,,,,,,7.6923076923076925,,100.0,98.5576923076923,,79.32692307692307
193188,A. El Ouazzani,F,central,1,,traditional_9,Traditional No. 9,385,5,5,77,Angers,61,Ligue 1,6.924441558441558,30.8,82.9,34.1,20.2,Poor,5,,87.98076923076923,,,,,,52.88461538461539,,26.442307692307693,2.403846153846154,,34.13461538461539
20529,Gauthier Hein,F,wide,0,1,linking_winger,Linking Forward,385,5,4,84,Nice,61,Ligue 1,6.874285714285714,47.8,82.9,48.2,48.0,Average,5,100.0,,,,,,,40.0,82.0,2.0,0.0,,
277191,Abdallah Sima,F,central,1,,traditional_9,Traditional No. 9,384,5,5,116,Lens,61,Ligue 1,6.675677083333333,35.1,82.8,37.6,26.9,Below Average,5,,63.942307692307686,,,,,,81.25,,26.442307692307693,6.009615384615385,,49.03846153846153
25414,John Yeboah,F,wide,0,0,direct_winger,Direct Forward,382,5,4,517,Venezia,135,Serie A,6.957853403141361,38.2,82.8,40.2,24.4,Poor,5,,,,,,,4.444444444444445,88.88888888888889,,60.0,43.333333333333336,13.333333333333334,
226803,Sebastian Nanasi,F,wide,0,1,linking_winger,Linking Forward,380,5,5,95,Strasbourg,61,Ligue 1,6.87,65.8,82.8,63.0,76.0,Very Good,5,100.0,,,,,,,46.0,98.0,2.0,81.0,,
192032,Iván Romero,F,central,1,,traditional_9,Traditional No. 9,379,6,6,539,Levante,140,La Liga,6.660290237467018,64.1,82.8,61.7,73.6,Very Good,5,,52.40384615384615,,,,,,29.807692307692307,,75.0,40.38461538461539,,97.59615384615384
449249,Franco Mastantuono,F,wide,0,0,direct_winger,Direct Forward,377,5,5,502,Fiorentina,135,Serie A,7.30026525198939,62.7,82.8,60.5,73.3,Very Good,5,,,,,,,31.11111111111111,88.88888888888889,,100.0,31.11111111111111,68.88888888888889,
163004,E. Lepaul,F,central,1,,traditional_9,Traditional No. 9,376,5,5,94,Rennes,61,Ligue 1,6.942978723404257,72.8,82.8,68.8,83.2,Very Good,5,,21.153846153846153,,,,,,54.32692307692307,,95.1923076923077,47.59615384615385,,100.0
194750,El Bilal Touré,F,central,1,,traditional_9,Traditional No. 9,372,5,5,523,Parma,135,Serie A,6.598655913978494,29.0,82.8,32.6,17.8,Poor,5,,51.442307692307686,,,,,,8.653846153846153,,0.9615384615384616,78.36538461538461,,15.384615384615385
6662,Santiago Pierotti,F,central,1,,traditional_9,Traditional No. 9,370,5,4,867,Lecce,135,Serie A,6.416756756756756,29.9,82.7,33.4,19.7,Poor,5,,61.53846153846154,,,,,,8.653846153846153,,0.9615384615384616,89.42307692307693,,0.9615384615384616
288006,Rasmus Højlund,F,central,1,,traditional_9,Traditional No. 9,363,5,5,492,Napoli,135,Serie A,6.6115702479338845,55.2,82.7,54.3,59.1,Good,5,,0.4807692307692308,,,,,,1.9230769230769231,,77.88461538461539,89.42307692307693,,26.923076923076923
626704,Paul Mendy,F,central,1,,traditional_9,Traditional No. 9,361,5,5,490,Cagliari,135,Serie A,6.433795013850415,29.7,82.7,33.2,19.2,Poor,5,,32.69230769230769,,,,,,32.21153846153847,,29.807692307692307,19.230769230769234,,39.90384615384615
10329,João Pedro,F,central,1,,traditional_9,Traditional No. 9,360,4,4,49,Chelsea,39,Premier League,7.6425,75.6,82.7,71.2,88.0,Excellent,5,,100.0,,,,,,100.0,,97.11538461538461,40.38461538461539,,57.692307692307686
26171,Phillip Tietz,F,central,1,,traditional_9,Traditional No. 9,360,4,4,164,FSV Mainz 05,78,Bundesliga,7.33,72.9,82.7,68.9,83.2,Very Good,5,,66.34615384615384,,,,,,60.57692307692307,,99.51923076923077,21.394230769230766,,100.0
30440,Roberto Piccoli,F,central,1,,traditional_9,Traditional No. 9,358,5,5,500,Bologna,135,Serie A,6.65195530726257,26.9,82.7,30.9,15.4,Poor,5,,12.01923076923077,,,,,,33.17307692307692,,29.807692307692307,0.7211538461538461,,58.65384615384615
146751,Raúl García de Haro,F,central,1,,traditional_9,Traditional No. 9,357,7,4,727,Osasuna,140,La Liga,6.753081232492997,40.4,82.6,42.0,34.1,Below Average,5,,81.73076923076923,,,,,,11.057692307692307,,0.9615384615384616,62.980769230769226,,75.0
392482,C. Kostoulas,F,central,1,,traditional_9,Traditional No. 9,356,5,5,51,Brighton,39,Premier League,7.180674157303371,60.0,82.6,58.3,70.2,Very Good,5,,52.40384615384615,,,,,,11.057692307692307,,81.25,27.403846153846157,,91.82692307692307
147859,Charles De Ketelaere,F,wide,0,0,direct_winger,Direct Forward,355,5,4,499,Atalanta,135,Serie A,7.128169014084507,34.8,82.6,37.5,20.0,Poor,4,,,,,,,42.22222222222222,93.33333333333333,,1.1111111111111112,,17.77777777777778,
292172,Mateo Pellegrino,F,central,1,,traditional_9,Traditional No. 9,352,5,4,502,Fiorentina,135,Serie A,6.854545454545455,50.9,82.6,50.7,49.5,Average,5,,64.90384615384616,,,,,,98.5576923076923,,81.73076923076923,10.336538461538462,,16.826923076923077
18906,Ayoze Pérez,F,central,1,,traditional_9,Traditional No. 9,351,7,5,533,Villarreal,140,La Liga,6.722507122507122,65.7,82.6,63.0,74.5,Very Good,5,,43.75,,,,,,98.5576923076923,,30.288461538461537,94.23076923076923,,86.53846153846155
30414,Giovanni Simeone,F,central,1,,traditional_9,Traditional No. 9,349,5,4,503,Torino,135,Serie A,6.469627507163324,18.3,82.6,23.8,3.8,Poor,5,,88.9423076923077,,,,,,1.9230769230769231,,0.9615384615384616,0.0,,44.230769230769226
47181,Toni Martínez,F,central,1,,traditional_9,Traditional No. 9,349,6,5,542,Alaves,140,La Liga,6.5479369627507165,37.8,82.6,40.0,32.2,Below Average,5,,99.03846153846155,,,,,,90.38461538461539,,0.9615384615384616,0.0,,92.78846153846155
249,Donyell Malen,F,wide,0,1,linking_winger,Linking Forward,345,5,5,497,AS Roma,135,Serie A,7.834782608695652,61.5,82.6,59.5,68.0,Good,5,82.0,,,,,,,64.0,6.0,100.0,90.0,,
314511,A. Nusa,F,wide,0,0,direct_winger,Direct Forward,342,4,4,173,RB Leipzig,78,Bundesliga,7.597368421052632,77.8,82.5,73.0,88.9,Excellent,5,,,,,,,88.88888888888889,55.55555555555556,,100.0,43.333333333333336,75.55555555555556,
203428,Jacen Russell Rowe,F,central,1,,traditional_9,Traditional No. 9,342,5,4,96,Toulouse,61,Ligue 1,6.701754385964913,43.4,82.5,44.6,38.5,Below Average,5,,0.0,,,,,,11.057692307692307,,30.288461538461537,62.980769230769226,,79.8076923076923
81573,Omar Marmoush,F,central,1,,traditional_9,Traditional No. 9,341,5,4,47,Tottenham,39,Premier League,6.6702346041055725,13.3,82.5,19.7,1.9,Poor,5,,24.519230769230766,,,,,,68.26923076923077,,0.9615384615384616,0.0,,18.269230769230766
21393,S. Guirassy,F,central,1,,traditional_9,Traditional No. 9,341,4,4,165,Borussia Dortmund,78,Bundesliga,7.515542521994136,84.4,82.5,78.4,96.2,Elite,5,,50.480769230769226,,,,,,100.0,,83.17307692307693,86.0576923076923,,93.75
340547,Gustavo Varela,F,central,1,,traditional_9,Traditional No. 9,338,4,4,1579,Monza,135,Serie A,7.373076923076923,76.8,82.5,72.1,88.9,Excellent,5,,0.0,,,,,,99.03846153846155,,99.51923076923077,62.980769230769226,,81.73076923076923
263177,A. Grønbæk,F,wide,0,0,direct_winger,Direct Forward,337,4,4,175,Hamburger SV,78,Bundesliga,6.819109792284866,49.6,82.5,49.7,53.3,Average,5,,,,,,,48.888888888888886,46.666666666666664,,1.1111111111111112,93.33333333333333,91.11111111111111,
219,Matteo Politano,F,wide,0,1,linking_winger,Linking Forward,337,5,5,492,Napoli,135,Serie A,6.956083086053412,68.7,82.5,65.4,80.0,Very Good,5,92.0,,,,,,,36.0,90.0,44.0,100.0,,
86,L. Openda,F,central,1,,traditional_9,Traditional No. 9,334,5,4,80,Lyon,61,Ligue 1,6.890149700598802,57.9,82.5,56.5,65.4,Good,5,,100.0,,,,,,72.59615384615384,,31.73076923076923,40.38461538461539,,97.11538461538461
483118,Gabin Bernardeau,F,central,1,,traditional_9,Traditional No. 9,333,5,5,97,Lorient,61,Ligue 1,6.6609009009009,15.2,82.5,21.3,3.4,Poor,5,,90.86538461538461,,,,,,41.82692307692308,,0.9615384615384616,3.8461538461538463,,3.3653846153846154
202696,I. Matanović,F,central,1,,traditional_9,Traditional No. 9,324,4,4,160,SC Freiburg,78,Bundesliga,8.037901234567903,96.0,82.4,87.9,99.5,Elite,5,,100.0,,,,,,75.48076923076923,,99.03846153846155,99.03846153846155,,95.1923076923077
288769,Tommaso Baldanzi,F,central,1,,traditional_9,Traditional No. 9,324,5,5,495,Genoa,135,Serie A,6.579629629629629,14.2,82.4,20.5,2.9,Poor,5,,77.88461538461539,,,,,,43.269230769230774,,0.9615384615384616,3.8461538461538463,,3.8461538461538463
217,Lautaro Martínez,F,central,1,,traditional_9,Traditional No. 9,323,5,4,505,Inter,135,Serie A,7.641486068111455,72.9,82.4,68.8,83.2,Very Good,5,,66.34615384615384,,,,,,99.03846153846155,,99.51923076923077,6.009615384615385,,100.0
760,Mariano Díaz,F,central,1,,traditional_9,Traditional No. 9,323,7,3,542,Alaves,140,La Liga,7.152383900928793,79.8,82.4,74.6,91.8,Excellent,5,,12.980769230769232,,,,,,43.269230769230774,,99.03846153846155,100.0,,72.59615384615384
26845,Anastasios Douvikas,F,central,1,,traditional_9,Traditional No. 9,321,5,4,895,Como,135,Serie A,6.874766355140188,91.6,82.4,84.3,98.1,Elite,5,,88.9423076923077,,,,,,95.67307692307693,,86.0576923076923,98.5576923076923,,91.82692307692307
48648,Dan Ndoye,F,central,1,,traditional_9,Traditional No. 9,321,5,5,65,Nottingham Forest,39,Premier League,6.569937694704049,41.7,82.4,43.1,34.6,Below Average,5,,12.980769230769232,,,,,,95.67307692307693,,35.57692307692308,0.0,,91.82692307692307
321648,Emersonn,F,central,1,,traditional_9,Traditional No. 9,321,5,5,57,Ipswich,39,Premier League,7.122710280373831,67.8,82.4,64.6,76.0,Very Good,5,,52.88461538461539,,,,,,76.4423076923077,,86.0576923076923,40.38461538461539,,73.07692307692307
263481,Lorenzo Colombo,F,central,1,,traditional_9,Traditional No. 9,321,5,4,495,Genoa,135,Serie A,6.331775700934579,12.9,82.4,19.5,1.9,Poor,5,,0.4807692307692308,,,,,,99.51923076923077,,0.9615384615384616,0.7211538461538461,,12.01923076923077
25926,J. Burkardt,F,central,1,,traditional_9,Traditional No. 9,319,4,4,169,Eintracht Frankfurt,78,Bundesliga,7.716018808777429,72.7,82.4,68.7,83.2,Very Good,5,,32.69230769230769,,,,,,99.51923076923077,,99.03846153846155,40.38461538461539,,73.5576923076923
483670,Simone Lontani,F,central,1,,traditional_9,Traditional No. 9,319,5,4,523,Parma,135,Serie A,6.716300940438871,26.6,82.4,30.7,14.9,Poor,5,,67.78846153846155,,,,,,1.9230769230769231,,35.57692307692308,10.336538461538462,,23.076923076923077
61774,Orri Óskarsson,F,central,1,,traditional_9,Traditional No. 9,318,7,5,548,Real Sociedad,140,La Liga,6.613113207547171,45.0,82.4,45.9,41.3,Average,5,,12.5,,,,,,14.423076923076922,,35.57692307692308,89.42307692307693,,37.5
350047,D. Mokwa,F,central,1,,traditional_9,Traditional No. 9,312,4,4,1660,SV Elversberg,78,Bundesliga,6.956762820512822,52.2,82.3,51.8,53.8,Average,5,,50.0,,,,,,46.15384615384615,,86.0576923076923,40.38461538461539,,12.01923076923077
184226,Yéremy Pino,F,wide,0,1,linking_winger,Linking Forward,311,5,4,52,Crystal Palace,39,Premier League,6.900868167202573,12.6,82.3,19.2,2.0,Poor,5,24.0,,,,,,,24.0,6.0,2.0,0.0,,
269163,Williot Swedberg,F,central,1,,traditional_9,Traditional No. 9,310,7,6,538,Celta Vigo,140,La Liga,6.472645161290323,40.6,82.3,42.2,34.1,Below Average,5,,95.67307692307693,,,,,,46.15384615384615,,0.9615384615384616,100.0,,5.288461538461538
178106,M. Pieringer,F,central,1,,traditional_9,Traditional No. 9,306,4,4,185,SC Paderborn 07,78,Bundesliga,6.209313725490197,10.5,82.3,17.5,1.0,Poor,5,,0.4807692307692308,,,,,,81.25,,0.9615384615384616,3.8461538461538463,,5.288461538461538
25391,N. Füllkrug,F,central,1,,traditional_9,Traditional No. 9,306,4,4,162,Werder Bremen,78,Bundesliga,7.60359477124183,95.8,82.3,87.7,99.5,Elite,5,,85.09615384615384,,,,,,100.0,,99.51923076923077,94.23076923076923,,94.71153846153845
48389,Noah Okafor,F,wide,0,0,direct_winger,Direct Forward,303,5,4,63,Leeds,39,Premier League,7.127722772277227,48.3,82.2,48.6,48.9,Average,5,,,,,,,60.0,0.0,,77.77777777777779,43.333333333333336,28.888888888888886,
561010,Jacobo Ortega,F,central,1,,traditional_9,Traditional No. 9,302,5,4,95,Strasbourg,61,Ligue 1,6.80543046357616,53.5,82.2,52.9,56.7,Good,5,,12.980769230769232,,,,,,83.17307692307693,,39.42307692307692,98.5576923076923,,27.403846153846157
343027,D. Doué,F,wide,0,0,direct_winger,Direct Forward,301,5,5,85,Paris Saint Germain,61,Ligue 1,7.162591362126246,61.8,82.2,59.7,71.1,Very Good,5,,,,,,,100.0,97.77777777777777,,1.1111111111111112,16.666666666666664,95.55555555555556,
2032,Jørgen Strand Larsen,F,central,1,,traditional_9,Traditional No. 9,301,5,3,52,Crystal Palace,39,Premier League,7.039800664451827,52.1,82.2,51.7,53.8,Average,5,,47.59615384615385,,,,,,17.78846153846154,,41.34615384615385,89.42307692307693,,43.75
126690,Kieron Bowie,F,central,1,,traditional_9,Traditional No. 9,300,5,3,488,Sassuolo,135,Serie A,6.642666666666667,50.9,82.2,50.7,49.5,Average,5,,85.09615384615384,,,,,,100.0,,41.34615384615385,19.230769230769234,,65.38461538461539
4743,Dame Gueye,F,central,1,,traditional_9,Traditional No. 9,297,5,4,1298,Le Mans,61,Ligue 1,6.511784511784512,31.8,82.2,35.0,21.2,Poor,5,,74.03846153846155,,,,,,0.2403846153846154,,41.34615384615385,3.8461538461538463,,44.71153846153847
66761,Milutin Osmajić,F,central,1,,traditional_9,Traditional No. 9,297,4,3,495,Genoa,135,Serie A,7.081818181818182,56.3,82.2,55.2,61.1,Good,5,,81.73076923076923,,,,,,84.61538461538461,,89.42307692307693,10.336538461538462,,28.846153846153843
1707,Gerard Moreno,F,wide,0,1,linking_winger,Linking Forward,296,7,3,533,Villarreal,140,La Liga,7.143918918918919,52.5,82.2,52.1,60.0,Good,5,42.0,,,,,,,96.0,6.0,90.0,16.0,,
184,H. Kane,F,wide,0,1,linking_winger,Linking Forward,296,4,3,157,Bayern München,78,Bundesliga,7.870608108108109,69.0,82.2,65.6,80.0,Very Good,5,14.000000000000002,,,,,,,92.0,96.0,100.0,2.0,,
25297,M. Gregoritsch,F,central,1,,traditional_9,Traditional No. 9,293,4,4,170,FC Augsburg,78,Bundesliga,7.549897610921501,94.9,82.2,86.9,99.5,Elite,5,,82.6923076923077,,,,,,85.09615384615384,,99.51923076923077,100.0,,91.34615384615384
286474,Matteo Cancellieri,F,wide,0,0,direct_winger,Direct Forward,293,5,4,487,Lazio,135,Serie A,7.1747440273037535,71.3,82.2,67.5,84.4,Very Good,5,,,,,,,100.0,42.22222222222222,,77.77777777777779,43.333333333333336,60.0,
345808,Pio Esposito,F,central,1,,traditional_9,Traditional No. 9,291,5,4,505,Inter,135,Serie A,7.303448275862069,84.2,82.2,78.1,95.7,Elite,5,,100.0,,,,,,86.0576923076923,,89.90384615384616,62.980769230769226,,91.82692307692307
283058,Nicolas Jackson,F,central,1,,traditional_9,Traditional No. 9,289,4,4,66,Aston Villa,39,Premier League,6.866574394463668,37.0,82.1,39.4,29.8,Below Average,5,,90.86538461538461,,,,,,19.71153846153846,,43.75,3.8461538461538463,,48.55769230769231
37938,Sheraldo Becker,F,central,1,,traditional_9,Traditional No. 9,286,4,4,164,FSV Mainz 05,78,Bundesliga,7.558741258741259,78.2,82.1,73.2,90.9,Excellent,5,,20.192307692307693,,,,,,100.0,,89.90384615384616,60.09615384615385,,98.5576923076923
15286,Mousa Tamari,F,wide,0,1,linking_winger,Linking Forward,284,5,5,94,Rennes,61,Ligue 1,6.823626760563379,15.9,82.1,22.0,8.0,Poor,5,14.000000000000002,,,,,,,32.0,6.0,2.0,16.0,,
483,K. Kvaratskhelia,F,wide,0,1,linking_winger,Linking Forward,283,5,4,85,Paris Saint Germain,61,Ligue 1,7.008975265017668,71.9,82.1,68.0,80.0,Very Good,5,100.0,,,,,,,96.0,98.0,2.0,22.0,,
409190,Y. Ebnoutalib,F,wide,0,0,direct_winger,Direct Forward,281,4,4,169,Eintracht Frankfurt,78,Bundesliga,7.957508896797153,64.2,82.1,61.6,73.3,Very Good,5,,,,,,,82.22222222222221,46.666666666666664,,100.0,43.333333333333336,6.666666666666667,
323936,Matías Soulé,F,wide,0,1,linking_winger,Linking Forward,279,5,3,497,AS Roma,135,Serie A,7.394623655913978,76.1,82.1,71.4,90.0,Excellent,5,90.0,,,,,,,36.0,98.0,90.0,92.0,,
162707,Elye Wahi,F,central,1,,traditional_9,Traditional No. 9,277,4,3,84,Nice,61,Ligue 1,6.951552346570397,68.0,82.1,64.7,76.4,Very Good,5,,95.1923076923077,,,,,,90.86538461538461,,46.63461538461539,89.42307692307693,,53.36538461538461
161948,Liam Delap,F,central,1,,traditional_9,Traditional No. 9,277,4,3,65,Nottingham Forest,39,Premier League,7.111083032490975,53.4,82.1,52.8,56.2,Good,5,,76.4423076923077,,,,,,100.0,,46.63461538461539,0.0,,97.11538461538461
21451,R. Ripart,F,central,1,,traditional_9,Traditional No. 9,275,5,5,110,Estac Troyes,61,Ligue 1,6.860763636363637,45.6,82.0,46.4,43.8,Average,5,,88.9423076923077,,,,,,3.3653846153846154,,46.63461538461539,19.230769230769234,,76.4423076923077
161590,Ivan Azón,F,central,1,,traditional_9,Traditional No. 9,272,5,4,546,Getafe,140,La Liga,6.9575000000000005,64.7,82.0,62.0,74.0,Very Good,5,,63.942307692307686,,,,,,91.34615384615384,,47.11538461538461,68.75,,77.40384615384616
66019,A. Hložek,F,central,1,,traditional_9,Traditional No. 9,270,4,4,167,1899 Hoffenheim,78,Bundesliga,7.167703703703704,56.3,82.0,55.1,61.1,Good,5,,2.8846153846153846,,,,,,25.0,,93.26923076923077,3.3653846153846154,,100.0
342188,D. Pejčinović,F,central,1,,traditional_9,Traditional No. 9,269,4,4,172,VfB Stuttgart,78,Bundesliga,6.251449814126395,25.4,82.0,29.9,12.5,Poor,5,,0.9615384615384616,,,,,,60.57692307692307,,0.9615384615384616,0.0,,94.71153846153845
1279,Josh Maja,F,wide,0,1,linking_winger,Linking Forward,269,5,3,111,Le Havre,61,Ligue 1,6.692193308550185,51.0,82.0,50.8,56.0,Good,5,80.0,,,,,,,70.0,6.0,62.0,48.0,,
47264,Hugo Duro,F,central,1,,traditional_9,Traditional No. 9,264,7,4,532,Valencia,140,La Liga,6.4904166666666665,15.8,82.0,21.9,3.4,Poor,5,,90.86538461538461,,,,,,63.46153846153846,,0.9615384615384616,0.0,,0.0
19185,Keinan Davis,F,wide,0,1,linking_winger,Linking Forward,261,4,4,494,Udinese,135,Serie A,6.652490421455938,48.7,81.9,48.9,48.0,Average,5,0.0,,,,,,,54.0,100.0,2.0,48.0,,
264122,Nikola Štulić,F,central,1,,traditional_9,Traditional No. 9,261,5,3,867,Lecce,135,Serie A,6.247509578544061,15.8,81.9,22.0,3.4,Poor,5,,7.211538461538461,,,,,,3.3653846153846154,,0.9615384615384616,40.38461538461539,,21.634615384615387
794,P. Schick,F,central,1,,traditional_9,Traditional No. 9,261,4,4,168,Bayer Leverkusen,78,Bundesliga,7.399885057471265,77.8,81.9,72.8,90.4,Excellent,5,,79.8076923076923,,,,,,95.1923076923077,,100.0,21.394230769230766,,100.0
383006,Alieu Njie,F,wide,0,0,direct_winger,Direct Forward,259,5,3,502,Fiorentina,135,Serie A,7.022393822393823,62.8,81.9,60.5,73.3,Very Good,5,,,,,,,97.77777777777777,97.77777777777777,,1.1111111111111112,43.333333333333336,80.0,
30544,Gianluca Scamacca,F,central,1,,traditional_9,Traditional No. 9,259,5,4,499,Atalanta,135,Serie A,6.816216216216216,64.6,81.9,61.9,74.0,Very Good,5,,27.403846153846157,,,,,,95.1923076923077,,49.03846153846153,89.42307692307693,,63.942307692307686
9366,Igor Jesus,F,central,1,,traditional_9,Traditional No. 9,256,5,3,65,Nottingham Forest,39,Premier League,6.669726562499999,60.5,81.9,58.6,70.7,Very Good,5,,74.03846153846155,,,,,,29.326923076923077,,49.519230769230774,98.5576923076923,,40.86538461538461
107,Sofiane Diop,F,wide,0,1,linking_winger,Linking Forward,256,5,4,84,Nice,61,Ligue 1,6.882890625,71.3,81.9,67.4,80.0,Very Good,5,26.0,,,,,,,96.0,98.0,2.0,92.0,,
2295,Olivier Giroud,F,central,1,,traditional_9,Traditional No. 9,255,5,4,79,Lille,61,Ligue 1,6.83729411764706,51.9,81.9,51.5,53.8,Average,5,,100.0,,,,,,95.67307692307693,,50.0,40.38461538461539,,23.557692307692307
30431,Andrea Colpani,F,wide,0,1,linking_winger,Linking Forward,254,5,3,1579,Monza,135,Serie A,6.920472440944883,56.4,81.9,55.2,66.0,Good,5,60.0,,,,,,,76.0,6.0,62.0,92.0,,
137302,C. Archer,F,central,1,,traditional_9,Traditional No. 9,254,3,3,108,Auxerre,61,Ligue 1,7.657362204724409,78.8,81.9,73.5,90.9,Excellent,5,,0.4807692307692308,,,,,,29.326923076923077,,99.51923076923077,95.67307692307693,,85.09615384615384
183931,Jonathan Dubasin,F,wide,0,1,linking_winger,Linking Forward,253,7,3,727,Osasuna,140,La Liga,6.329407114624505,15.6,81.9,21.8,8.0,Poor,5,44.0,,,,,,,0.0,6.0,2.0,48.0,,
931,Ferran Torres,F,central,1,,traditional_9,Traditional No. 9,252,5,3,85,Paris Saint Germain,61,Ligue 1,7.576984126984128,83.1,81.9,77.1,94.7,Excellent,5,,32.69230769230769,,,,,,96.15384615384616,,100.0,62.980769230769226,,97.11538461538461
269,C. Nkunku,F,wide,0,1,linking_winger,Linking Forward,249,4,3,173,RB Leipzig,78,Bundesliga,6.986184738955823,80.0,81.8,74.6,92.0,Excellent,5,100.0,,,,,,,57.99999999999999,98.0,62.0,92.0,,
608028,Mamadou Koné,F,central,1,,traditional_9,Traditional No. 9,249,5,4,97,Lorient,61,Ligue 1,6.660321285140562,71.8,81.8,67.8,81.7,Very Good,5,,9.615384615384617,,,,,,96.15384615384616,,54.32692307692307,99.51923076923077,,86.53846153846155
104853,Asier Villalibre,F,central,1,,traditional_9,Traditional No. 9,246,7,4,4665,Racing Santander,140,La Liga,6.480731707317073,14.1,81.8,20.6,2.9,Poor,5,,100.0,,,,,,3.8461538461538463,,0.9615384615384616,3.8461538461538463,,12.01923076923077
320517,Pablo Durán,F,central,1,,traditional_9,Traditional No. 9,246,7,4,538,Celta Vigo,140,La Liga,6.65780487804878,82.7,81.8,76.8,94.2,Excellent,5,,79.8076923076923,,,,,,74.03846153846155,,96.15384615384616,98.5576923076923,,45.19230769230769
32137,E. Latte Lath,F,central,1,,traditional_9,Traditional No. 9,245,4,4,182,Union Berlin,78,Bundesliga,6.540244897959184,41.6,81.8,43.2,34.6,Below Average,5,,62.980769230769226,,,,,,0.2403846153846154,,57.21153846153846,40.38461538461539,,25.961538461538463
326073,R. Labeau Lascary,F,central,1,,traditional_9,Traditional No. 9,243,4,4,108,Auxerre,61,Ligue 1,6.787283950617284,66.1,81.8,63.2,74.5,Very Good,5,,20.192307692307693,,,,,,3.8461538461538463,,58.65384615384615,96.875,,94.71153846153845
7334,Karim Adeyemi,F,wide,0,0,direct_winger,Direct Forward,242,7,3,529,Barcelona,140,La Liga,7.642024793388431,85.3,81.8,78.9,100.0,Elite,5,,,,,,,97.77777777777777,86.66666666666667,,100.0,22.22222222222222,97.77777777777777,
380691,Jay Robinson,F,central,1,,traditional_9,Traditional No. 9,238,5,3,1579,Monza,135,Serie A,7.260924369747899,69.7,81.8,66.1,78.4,Very Good,5,,81.25,,,,,,33.17307692307692,,59.61538461538461,89.42307692307693,,75.0
161875,Hugo González,F,wide,0,1,linking_winger,Linking Forward,235,7,6,538,Celta Vigo,140,La Liga,7.423404255319149,80.2,81.7,74.7,92.0,Excellent,5,54.0,,,,,,,98.0,100.0,70.0,48.0,,
8598,T. Awoniyi,F,central,1,,traditional_9,Traditional No. 9,234,4,3,1346,Coventry,39,Premier League,6.301324786324786,24.9,81.7,29.5,12.5,Poor,5,,16.826923076923077,,,,,,98.5576923076923,,0.9615384615384616,10.336538461538462,,52.40384615384615
22015,B. Dia,F,wide,0,1,linking_winger,Linking Forward,233,5,5,94,Rennes,135,Serie A,6.590944206008585,60.2,81.7,58.4,66.0,Good,4,44.0,,,,,,,66.0,98.0,2.0,,,
26475,D. Undav,F,central,1,,traditional_9,Traditional No. 9,233,4,4,172,VfB Stuttgart,78,Bundesliga,6.2847639484978535,33.7,81.7,36.6,23.6,Poor,5,,0.0,,,,,,79.32692307692307,,0.9615384615384616,100.0,,1.9230769230769231
128342,Rassoul Ndiaye,F,wide,0,0,direct_winger,Direct Forward,233,4,3,111,Le Havre,61,Ligue 1,7.021459227467811,29.8,81.7,33.5,8.9,Poor,5,,,,,,,0.0,88.88888888888889,,1.1111111111111112,43.333333333333336,64.44444444444444,
359100,Alphadjo Cissè,F,wide,0,0,direct_winger,Direct Forward,231,5,3,489,AC Milan,135,Serie A,6.844588744588744,41.3,81.7,42.9,33.3,Below Average,5,,,,,,,0.0,0.0,,100.0,13.333333333333334,95.55555555555556,
21509,Marcus Thuram,F,central,1,,traditional_9,Traditional No. 9,229,5,2,505,Inter,135,Serie A,7.662445414847161,78.0,81.7,72.9,90.4,Excellent,5,,100.0,,,,,,100.0,,98.5576923076923,13.942307692307693,,100.0
383665,T. Gomis,F,wide,0,0,direct_winger,Direct Forward,229,4,3,173,RB Leipzig,78,Bundesliga,7.114934497816594,41.3,81.7,42.9,33.3,Below Average,5,,,,,,,0.0,88.88888888888889,,84.44444444444444,5.555555555555555,40.0,
281408,Vitinha,F,central,1,,traditional_9,Traditional No. 9,229,5,2,495,Genoa,135,Serie A,6.410043668122271,30.7,81.7,34.2,20.7,Poor,5,,43.75,,,,,,0.2403846153846154,,0.9615384615384616,40.38461538461539,,79.32692307692307
82090,Brandon Thomas-Asante,F,central,1,,traditional_9,Traditional No. 9,228,5,3,1346,Coventry,39,Premier League,6.56030701754386,40.1,81.7,41.9,33.7,Below Average,5,,90.86538461538461,,,,,,0.2403846153846154,,0.9615384615384616,78.36538461538461,,55.28846153846154
318592,Lucas Cepeda,F,wide,0,1,linking_winger,Linking Forward,227,7,3,797,Elche,140,La Liga,6.87374449339207,76.3,81.7,71.5,90.0,Excellent,5,100.0,,,,,,,70.0,100.0,2.0,100.0,,
46790,Víctor García,F,central,1,,traditional_9,Traditional No. 9,223,6,2,539,Levante,140,La Liga,6.327802690582959,6.2,81.7,14.2,0.5,Poor,5,,16.826923076923077,,,,,,41.82692307692308,,0.9615384615384616,0.0,,0.0
47445,Iago Aspas,F,wide,0,1,linking_winger,Linking Forward,220,6,4,538,Celta Vigo,140,La Liga,6.763863636363636,24.6,81.6,29.3,10.0,Poor,5,78.0,,,,,,,0.0,6.0,76.0,0.0,,
158516,K. Diawara,F,wide,0,1,linking_winger,Linking Forward,219,5,3,110,Estac Troyes,61,Ligue 1,6.743150684931507,28.4,81.6,32.4,14.0,Poor,5,12.0,,,,,,,6.0,98.0,2.0,0.0,,
26256,T. Kleindienst,F,central,1,,traditional_9,Traditional No. 9,219,3,3,163,Borussia Mönchengladbach,78,Bundesliga,6.299634703196348,21.3,81.6,26.6,9.1,Poor,5,,52.40384615384615,,,,,,85.09615384615384,,0.9615384615384616,0.7211538461538461,,35.09615384615385
8489,Jonathan David,F,wide,0,1,linking_winger,Linking Forward,217,6,4,530,Atletico Madrid,140,La Liga,7.419354838709677,97.1,81.6,88.4,100.0,Elite,5,100.0,,,,,,,96.0,98.0,100.0,92.0,,
21497,L. Blas,F,wide,0,1,linking_winger,Linking Forward,217,5,3,94,Rennes,61,Ligue 1,6.624193548387097,45.3,81.6,46.2,44.0,Average,5,98.0,,,,,,,96.0,6.0,2.0,0.0,,
292218,M. LjubiÄiÄ,F,central,1,,traditional_9,Traditional No. 9,217,4,4,182,Union Berlin,78,Bundesliga,6.519354838709678,26.4,81.6,30.8,14.9,Poor,5,,1.9230769230769231,,,,,,4.807692307692308,,0.9615384615384616,89.42307692307693,,15.384615384615385
347885,Marcos Fernández,F,central,1,,traditional_9,Traditional No. 9,216,7,1,540,Espanyol,140,La Liga,7.055648148148148,62.9,81.6,60.5,72.1,Very Good,5,,37.019230769230774,,,,,,100.0,,66.82692307692307,23.557692307692307,,99.51923076923077
156465,I. Soumaré,F,central,1,,traditional_9,Traditional No. 9,215,4,4,94,Rennes,61,Ligue 1,6.77786046511628,22.2,81.6,27.4,9.1,Poor,5,,99.03846153846155,,,,,,43.269230769230774,,0.9615384615384616,0.7211538461538461,,37.5
84082,R. Faivre,F,wide,0,1,linking_winger,Linking Forward,215,5,4,108,Auxerre,61,Ligue 1,6.615627906976745,74.0,81.6,69.6,84.0,Very Good,5,84.0,,,,,,,98.0,98.0,2.0,48.0,,
328235,S. Marino,F,central,1,,traditional_9,Traditional No. 9,215,4,3,185,SC Paderborn 07,78,Bundesliga,6.890511627906977,47.0,81.6,47.5,45.7,Average,5,,16.826923076923077,,,,,,43.269230769230774,,66.82692307692307,40.38461538461539,,37.5
30537,Domenico Berardi,F,wide,0,1,linking_winger,Linking Forward,213,4,2,488,Sassuolo,135,Serie A,6.954929577464788,53.4,81.6,52.8,62.0,Good,5,70.0,,,,,,,50.0,6.0,76.0,100.0,,
185398,Isaac Romero,F,central,1,,traditional_9,Traditional No. 9,211,7,2,536,Sevilla,140,La Liga,6.633033175355451,51.7,81.6,51.4,53.8,Average,5,,60.09615384615385,,,,,,89.90384615384616,,67.3076923076923,0.0,,65.86538461538461
153,O. Dembélé,F,wide,0,1,linking_winger,Linking Forward,211,4,3,85,Paris Saint Germain,61,Ligue 1,6.894407582938388,66.5,81.6,63.5,76.0,Very Good,5,78.0,,,,,,,100.0,98.0,2.0,0.0,,
39121,Chidera Ejuke,F,wide,0,0,direct_winger,Direct Forward,210,7,2,536,Sevilla,140,La Liga,6.904047619047619,32.8,81.6,36.0,15.6,Poor,5,,,,,,,13.333333333333334,0.0,,86.66666666666667,43.333333333333336,4.444444444444445,
277862,Joël Monteiro,F,central,1,,traditional_9,Traditional No. 9,210,3,3,867,Lecce,135,Serie A,6.707619047619048,9.5,81.6,16.9,1.0,Poor,5,,86.0576923076923,,,,,,5.288461538461538,,0.9615384615384616,0.0,,0.0
56396,Junior Messias,F,wide,0,0,direct_winger,Direct Forward,210,5,1,495,Genoa,135,Serie A,7.438095238095238,67.3,81.6,64.1,80.0,Very Good,5,,,,,,,100.0,51.11111111111111,,1.1111111111111112,100.0,95.55555555555556,
2292,Ruben Loftus-Cheek,F,wide,0,1,linking_winger,Linking Forward,210,5,3,489,AC Milan,135,Serie A,6.471428571428572,46.2,81.6,46.9,46.0,Average,5,100.0,,,,,,,98.0,6.0,2.0,0.0,,
332308,Unai Gómez,F,central,1,,traditional_9,Traditional No. 9,210,5,3,494,Udinese,135,Serie A,6.315714285714287,35.4,81.6,38.1,27.9,Below Average,5,,11.057692307692307,,,,,,89.90384615384616,,0.9615384615384616,100.0,,0.0
115,M. Sylla,F,central,1,,traditional_9,Traditional No. 9,208,3,3,174,FC Schalke 04,78,Bundesliga,6.366153846153846,23.1,81.5,28.0,10.1,Poor,5,,4.326923076923077,,,,,,46.15384615384615,,0.9615384615384616,40.38461538461539,,37.980769230769226
1098,P. Daka,F,central,1,,traditional_9,Traditional No. 9,208,4,4,175,Hamburger SV,78,Bundesliga,6.390673076923077,40.0,81.5,41.9,33.7,Below Average,5,,100.0,,,,,,100.0,,0.9615384615384616,0.0,,98.5576923076923
278095,Jonathan Rowe,F,central,1,,traditional_9,Traditional No. 9,204,4,2,499,Atalanta,135,Serie A,6.988235294117646,31.8,81.5,35.2,21.2,Poor,5,,100.0,,,,,,46.63461538461539,,0.9615384615384616,10.336538461538462,,71.15384615384616
46930,E. Demirović,F,central,1,,traditional_9,Traditional No. 9,202,4,3,172,VfB Stuttgart,78,Bundesliga,6.123514851485149,62.6,81.5,60.3,71.2,Very Good,5,,4.326923076923077,,,,,,5.769230769230769,,71.63461538461539,68.75,,96.63461538461539
85772,J. Le Douaron,F,central,1,,traditional_9,Traditional No. 9,197,3,2,110,Estac Troyes,61,Ligue 1,6.70010152284264,63.5,81.5,61.0,72.6,Very Good,5,,88.9423076923077,,,,,,94.23076923076923,,72.11538461538461,2.403846153846154,,96.63461538461539
8643,Konan N'Dri,F,central,1,,traditional_9,Traditional No. 9,196,5,2,867,Lecce,135,Serie A,6.5984693877551015,9.9,81.5,17.4,1.0,Poor,5,,52.40384615384615,,,,,,0.2403846153846154,,0.9615384615384616,0.0,,21.634615384615387
50739,Brenden Aaronson,F,central,1,,traditional_9,Traditional No. 9,195,5,2,63,Leeds,39,Premier League,6.445641025641026,30.6,81.4,34.2,20.7,Poor,5,,52.40384615384615,,,,,,0.2403846153846154,,0.9615384615384616,100.0,,0.0
322560,Lucas Stassin,F,central,1,,traditional_9,Traditional No. 9,195,3,2,536,Sevilla,140,La Liga,6.815641025641026,80.1,81.4,74.5,91.8,Excellent,5,,86.53846153846155,,,,,,51.442307692307686,,73.07692307692307,89.42307692307693,,91.82692307692307
72155,Ayase Ueda,F,central,1,,traditional_9,Traditional No. 9,194,3,2,79,Lille,61,Ligue 1,7.083195876288659,84.7,81.4,78.2,95.7,Elite,5,,0.9615384615384616,,,,,,52.40384615384615,,99.51923076923077,98.07692307692307,,100.0
405237,K. Boudache,F,central,1,,traditional_9,Traditional No. 9,194,5,4,80,Lyon,61,Ligue 1,6.934020618556702,25.2,81.4,29.8,12.5,Poor,5,,86.53846153846155,,,,,,7.211538461538461,,0.9615384615384616,0.0,,77.40384615384616
203040,T. Lemperle,F,wide,0,1,linking_winger,Linking Forward,194,3,3,167,1899 Hoffenheim,78,Bundesliga,6.630721649484536,53.4,81.4,52.8,62.0,Good,5,24.0,,,,,,,96.0,6.0,82.0,48.0,,
19524,Che Adams,F,central,1,,traditional_9,Traditional No. 9,193,3,2,503,Torino,135,Serie A,6.941968911917098,71.7,81.4,67.6,81.7,Very Good,5,,20.192307692307693,,,,,,52.88461538461539,,99.51923076923077,100.0,,22.596153846153847
1649,Patrick Cutrone,F,central,1,,traditional_9,Traditional No. 9,192,4,2,1579,Monza,135,Serie A,6.65625,29.9,81.4,33.6,19.7,Poor,5,,95.67307692307693,,,,,,100.0,,0.9615384615384616,0.7211538461538461,,49.03846153846153
37439,R. Ache,F,central,1,,traditional_9,Traditional No. 9,192,4,4,192,1. FC Köln,78,Bundesliga,6.559895833333333,62.8,81.4,60.4,71.2,Very Good,5,,67.78846153846155,,,,,,100.0,,74.51923076923077,0.0,,99.51923076923077
66817,Nikola Krstović,F,central,1,,traditional_9,Traditional No. 9,191,5,1,499,Atalanta,135,Serie A,6.504188481675392,71.3,81.4,67.3,80.3,Very Good,5,,0.0,,,,,,95.67307692307693,,75.0,78.36538461538461,,79.32692307692307
328225,B. Gruda,F,wide,0,0,direct_winger,Direct Forward,189,3,3,173,RB Leipzig,78,Bundesliga,7.355555555555556,44.1,81.4,45.2,44.4,Average,5,,,,,,,82.22222222222221,35.55555555555556,,1.1111111111111112,16.666666666666664,75.55555555555556,
200139,Mohamed Amoura,F,wide,0,0,direct_winger,Direct Forward,188,3,2,84,Nice,61,Ligue 1,7.168191489361702,31.8,81.4,35.2,13.3,Poor,5,,,,,,,4.444444444444445,35.55555555555556,,93.33333333333333,5.555555555555555,6.666666666666667,
342035,Cristian Volpato,F,wide,0,1,linking_winger,Linking Forward,186,3,3,488,Sassuolo,135,Serie A,7.42043010752688,71.1,81.4,67.2,80.0,Very Good,5,82.0,,,,,,,100.0,6.0,82.0,100.0,,
1417,Alexis Saelemaekers,F,wide,0,0,direct_winger,Direct Forward,185,5,2,489,AC Milan,135,Serie A,7.14108108108108,21.9,81.4,27.2,6.7,Poor,5,,,,,,,0.0,64.44444444444444,,1.1111111111111112,0.0,80.0,
544,Noa Lang,F,wide,0,1,linking_winger,Linking Forward,183,5,2,492,Napoli,135,Serie A,6.750819672131148,16.8,81.4,23.0,8.0,Poor,5,100.0,,,,,,,0.0,6.0,2.0,0.0,,
133729,Tijjani Noslin,F,central,1,,traditional_9,Traditional No. 9,183,5,2,487,Lazio,135,Serie A,7.052459016393442,72.9,81.4,68.6,83.2,Very Good,5,,7.211538461538461,,,,,,9.134615384615383,,99.51923076923077,78.36538461538461,,84.13461538461539
310943,Alisson Santos,F,central,1,,traditional_9,Traditional No. 9,180,3,2,492,Napoli,135,Serie A,6.7,25.9,81.3,30.4,14.4,Poor,5,,77.88461538461539,,,,,,60.57692307692307,,0.9615384615384616,0.7211538461538461,,57.692307692307686
202951,Franjo Ivanović,F,central,1,,traditional_9,Traditional No. 9,180,5,3,116,Lens,61,Ligue 1,7.394444444444445,87.4,81.3,80.4,97.6,Elite,5,,100.0,,,,,,60.57692307692307,,99.51923076923077,100.0,,57.692307692307686
21004,Lucien Agoumé,M,central,1,1,defensive_midfielder,Defensive Midfielder (DM / 6),630,7,7,536,Sevilla,140,La Liga,7.0,64.3,84.7,62.1,78.1,Very Good,5,40.816326530612244,26.53061224489796,,93.36734693877551,88.26530612244898,,82.14285714285714,,,,,,
139001,Pablo Ibáñez,M,wide,0,1,six_eight_hybrid,6/8 Hybrid,580,7,7,542,Alaves,140,La Liga,6.829913793103448,58.8,84.3,57.5,68.4,Good,6,41.02564102564102,52.991452991452995,,98.29059829059828,18.803418803418804,,86.32478632478633,,,,,57.26495726495726,
333502,Miguel Román,M,central,1,0,attacking_midfielder,Attacking Midfielder (AM / 10),579,7,6,538,Celta Vigo,140,La Liga,7.201036269430053,58.1,84.3,56.8,73.1,Very Good,6,61.29032258064516,,,,,,97.84946236559139,17.20430107526882,90.32258064516128,74.19354838709677,1.0752688172043012,,
190253,David Larrubia,M,wide,0,1,six_eight_hybrid,6/8 Hybrid,574,7,6,535,Malaga,140,La Liga,6.522299651567945,52.6,84.3,52.2,50.4,Average,6,58.119658119658126,11.965811965811966,,88.03418803418803,98.29059829059828,,19.65811965811966,,,,,12.82051282051282,
46982,Gonzalo Villar,M,wide,0,1,six_eight_hybrid,6/8 Hybrid,573,7,7,797,Elche,140,La Liga,6.627748691099476,90.2,84.2,83.8,99.1,Elite,6,96.58119658119658,96.58119658119658,,75.21367521367522,87.17948717948718,,98.29059829059828,,,,,91.45299145299145,
315699,Javier Guerra,M,wide,0,0,eight_ten_hybrid,8/10 Hybrid,565,7,7,532,Valencia,140,La Liga,6.601079646017698,20.9,84.2,25.5,4.5,Poor,6,4.464285714285714,,,,,,75.89285714285714,8.928571428571429,42.857142857142854,0.8928571428571428,0.0,,
762,Vinícius Júnior,M,wide,0,0,eight_ten_hybrid,8/10 Hybrid,565,7,7,541,Real Madrid,140,La Liga,7.126548672566372,47.1,84.2,47.6,48.2,Average,6,29.464285714285715,,,,,,26.785714285714285,70.53571428571429,96.42857142857143,30.357142857142854,5.357142857142857,,
756,Federico Valverde,M,central,1,0,attacking_midfielder,Attacking Midfielder (AM / 10),564,7,7,541,Real Madrid,140,La Liga,7.089627659574467,31.2,84.2,34.2,8.6,Poor,6,90.32258064516128,,,,,,73.11827956989248,0.0,47.31182795698925,6.451612903225806,4.301075268817205,,
183751,Abderrahman Rebbach,M,central,1,1,defensive_midfielder,Defensive Midfielder (DM / 6),561,7,7,542,Alaves,140,La Liga,6.578253119429589,62.4,84.2,60.5,76.0,Very Good,5,7.653061224489796,69.38775510204081,,93.87755102040816,75.51020408163265,,24.489795918367346,,,,,,
388495,Javier Hernández,M,wide,0,1,six_eight_hybrid,6/8 Hybrid,561,7,7,540,Espanyol,140,La Liga,6.4757575757575765,18.7,84.2,23.6,5.1,Poor,6,57.26495726495726,0.0,,1.7094017094017095,19.65811965811966,,6.837606837606838,,,,,47.863247863247864,
46799,Edu Expósito,M,wide,0,0,eight_ten_hybrid,8/10 Hybrid,558,7,6,540,Espanyol,140,La Liga,7.184014336917564,49.1,84.1,49.3,53.6,Average,6,83.03571428571429,,,,,,98.21428571428571,85.71428571428571,2.232142857142857,0.8928571428571428,0.0,,
47285,Unai López,M,central,1,0,attacking_midfielder,Attacking Midfielder (AM / 10),556,7,7,728,Rayo Vallecano,140,La Liga,6.951528776978417,60.5,84.1,58.9,77.4,Very Good,6,25.806451612903224,,,,,,84.94623655913979,95.6989247311828,97.84946236559139,6.451612903225806,4.301075268817205,,
24882,Orel Mangala,M,central,1,1,defensive_midfielder,Defensive Midfielder (DM / 6),554,7,6,546,Getafe,140,La Liga,6.637292418772564,44.8,84.1,45.7,39.8,Below Average,5,77.55102040816327,0.0,,98.46938775510205,0.0,,94.38775510204081,,,,,,
7332,Luka Sučić,M,wide,0,0,eight_ten_hybrid,8/10 Hybrid,551,7,7,548,Real Sociedad,140,La Liga,7.012032667876588,51.8,84.1,51.5,57.1,Good,6,97.32142857142857,,,,,,69.64285714285714,24.107142857142858,2.232142857142857,90.17857142857143,23.214285714285715,,
47293,Iñigo Vicente,M,wide,0,1,six_eight_hybrid,6/8 Hybrid,544,7,6,4665,Racing Santander,140,La Liga,6.955036764705883,46.7,84.0,47.2,41.0,Average,6,23.931623931623932,35.04273504273504,,58.119658119658126,58.119658119658126,,36.75213675213676,,,,,73.50427350427351,
346865,Lorenzo Amatucci,M,central,1,1,defensive_midfielder,Defensive Midfielder (DM / 6),540,6,6,544,Deportivo La Coruna,140,La Liga,6.904999999999999,56.8,84.0,55.7,65.3,Good,5,91.83673469387756,26.02040816326531,,38.52040816326531,88.26530612244898,,4.081632653061225,,,,,,
187987,Ramón Terrats,M,wide,0,0,eight_ten_hybrid,8/10 Hybrid,532,6,6,546,Getafe,140,La Liga,7.244699248120301,39.3,83.9,41.0,31.2,Below Average,6,31.25,,,,,,98.21428571428571,50.0,2.232142857142857,32.142857142857146,6.25,,
47543,Álvaro García,M,central,1,2,box_to_box_midfielder,Box-to-Box Midfielder (CM / 8),530,7,6,728,Rayo Vallecano,140,La Liga,6.576415094339621,48.5,83.9,48.7,46.6,Average,7,0.0,9.022556390977442,,96.2406015037594,26.31578947368421,,27.06766917293233,,99.24812030075188,98.49624060150376,,,
129718,Jude Bellingham,M,wide,0,1,six_eight_hybrid,6/8 Hybrid,529,7,6,541,Real Madrid,140,La Liga,7.955198487712666,80.0,83.9,75.2,94.0,Excellent,6,100.0,100.0,,36.75213675213676,70.94017094017094,,99.14529914529915,,,,,86.32478632478633,
162686,Antonio Blanco,M,central,1,1,defensive_midfielder,Defensive Midfielder (DM / 6),526,7,6,542,Alaves,140,La Liga,6.658269961977187,56.6,83.9,55.6,65.3,Good,5,49.48979591836735,1.0204081632653061,,99.48979591836735,86.22448979591837,,0.7653061224489796,,,,,,
20696,Pape Gueye,M,central,1,0,attacking_midfielder,Attacking Midfielder (AM / 10),526,7,6,533,Villarreal,140,La Liga,7.318060836501901,43.5,83.9,44.5,35.5,Below Average,6,34.40860215053764,,,,,,7.526881720430108,35.483870967741936,2.1505376344086025,98.9247311827957,98.38709677419355,,
9971,Antony,M,wide,0,0,eight_ten_hybrid,8/10 Hybrid,522,7,6,543,Real Betis,140,La Liga,7.109578544061303,44.4,83.9,45.3,42.9,Average,6,82.14285714285714,,,,,,96.42857142857143,32.142857142857146,2.232142857142857,0.8928571428571428,91.07142857142857,,
128398,Oihan Sancet,M,wide,0,0,eight_ten_hybrid,8/10 Hybrid,515,6,6,531,Athletic Club,140,La Liga,6.808543689320389,37.8,83.8,39.8,27.7,Below Average,6,31.25,,,,,,97.32142857142857,43.75,2.232142857142857,33.035714285714285,6.25,,
48465,Filip Ugrinić,M,central,1,1,defensive_midfielder,Defensive Midfielder (DM / 6),509,7,6,532,Valencia,140,La Liga,6.643811394891944,30.6,83.8,33.7,11.7,Poor,5,93.36734693877551,4.591836734693878,,25.510204081632654,15.816326530612246,,8.16326530612245,,,,,,
161965,Mario Soriano,M,central,1,0,attacking_midfielder,Attacking Midfielder (AM / 10),508,7,6,544,Deportivo La Coruna,140,La Liga,6.875196850393701,49.8,83.8,49.9,53.8,Average,6,84.94623655913979,,,,,,100.0,23.655913978494624,93.54838709677419,6.451612903225806,4.301075268817205,,
1570,Sergio Canales,M,wide,0,0,eight_ten_hybrid,8/10 Hybrid,507,7,6,4665,Racing Santander,140,La Liga,6.49854043392505,37.2,83.8,39.3,26.8,Below Average,6,83.03571428571429,,,,,,69.64285714285714,0.0,2.232142857142857,35.714285714285715,67.85714285714286,,
182603,Jon Ander Olasagasti,M,central,1,2,box_to_box_midfielder,Box-to-Box Midfielder (CM / 8),505,6,6,539,Levante,140,La Liga,6.7924554455445545,67.3,83.7,64.5,92.5,Excellent,7,0.0,80.07518796992481,,66.9172932330827,89.47368421052632,,67.66917293233082,,86.46616541353383,87.21804511278195,,,
133609,Pedri,M,central,1,0,attacking_midfielder,Attacking Midfielder (AM / 10),502,7,6,529,Barcelona,140,La Liga,7.165856573705179,70.8,83.7,67.4,90.3,Excellent,6,94.6236559139785,,,,,,65.59139784946237,96.7741935483871,56.98924731182796,78.49462365591397,2.1505376344086025,,
546798,Miguel Sierra,M,wide,0,1,six_eight_hybrid,6/8 Hybrid,496,7,7,536,Sevilla,140,La Liga,7.059012096774194,57.0,83.7,55.8,63.2,Good,6,25.64102564102564,70.94017094017094,,3.418803418803419,78.63247863247864,,98.29059829059828,,,,,77.77777777777779,
46662,Jon Moncayola,M,central,1,1,defensive_midfielder,Defensive Midfielder (DM / 6),493,7,6,727,Osasuna,140,La Liga,6.633468559837729,48.2,83.7,48.5,53.1,Average,5,46.42857142857143,5.1020408163265305,,48.97959183673469,81.63265306122449,,99.74489795918367,,,,,,
162123,Ilaix Moriba,M,central,1,1,defensive_midfielder,Defensive Midfielder (DM / 6),492,7,6,538,Celta Vigo,140,La Liga,7.014756097560976,44.4,83.6,45.3,38.3,Below Average,5,100.0,2.0408163265306123,,29.591836734693878,49.48979591836735,,82.14285714285714,,,,,,
331369,Ángel Pérez,M,wide,0,0,eight_ten_hybrid,8/10 Hybrid,492,7,6,542,Alaves,140,La Liga,7.023252032520325,43.1,83.6,44.2,42.0,Average,6,6.25,,,,,,58.92857142857143,55.35714285714286,97.32142857142857,0.8928571428571428,46.875,,
182621,Iker Muñoz,M,central,1,1,defensive_midfielder,Defensive Midfielder (DM / 6),476,7,6,727,Osasuna,140,La Liga,6.599264705882353,24.6,83.5,28.8,5.6,Poor,5,24.489795918367346,1.0204081632653061,,70.40816326530613,0.0,,37.244897959183675,,,,,,
323935,Giuliano Simeone,M,central,1,2,box_to_box_midfielder,Box-to-Box Midfielder (CM / 8),474,7,5,530,Atletico Madrid,140,La Liga,6.95337552742616,66.7,83.5,64.0,91.0,Excellent,7,24.06015037593985,63.90977443609023,,86.46616541353383,96.2406015037594,,8.646616541353383,,99.24812030075188,99.24812030075188,,,
106727,Oriol Rey,M,central,1,2,box_to_box_midfielder,Box-to-Box Midfielder (CM / 8),473,6,6,539,Levante,140,La Liga,6.703805496828753,32.1,83.5,35.1,8.3,Poor,7,96.2406015037594,14.285714285714285,,50.37593984962406,34.58646616541353,,0.7518796992481203,,10.150375939849624,11.278195488721805,,,
162034,Carlos Dotor,M,central,1,1,defensive_midfielder,Defensive Midfielder (DM / 6),467,6,6,535,Malaga,140,La Liga,6.9203426124197,34.0,83.5,36.7,17.9,Poor,5,34.69387755102041,20.918367346938776,,15.306122448979592,55.61224489795919,,82.14285714285714,,,,,,
930,Carlos Soler,M,central,1,0,attacking_midfielder,Attacking Midfielder (AM / 10),464,7,6,548,Real Sociedad,140,La Liga,7.151681034482759,74.6,83.4,70.5,93.5,Excellent,6,66.66666666666666,,,,,,43.01075268817204,79.56989247311827,95.6989247311828,81.72043010752688,60.752688172043015,,
157988,Sergio Carreira,M,central,1,2,box_to_box_midfielder,Box-to-Box Midfielder (CM / 8),456,7,6,538,Celta Vigo,140,La Liga,6.801293859649124,38.3,83.4,40.3,20.3,Poor,7,70.67669172932331,64.66165413533834,,11.278195488721805,0.0,,90.97744360902256,,10.150375939849624,11.278195488721805,,,
182219,Alex Baena,M,wide,0,0,eight_ten_hybrid,8/10 Hybrid,455,7,5,530,Atletico Madrid,140,La Liga,7.654945054945056,66.0,83.4,63.4,77.7,Very Good,6,59.82142857142857,,,,,,0.0,90.17857142857143,58.03571428571429,99.10714285714286,59.82142857142857,,
1697,Pablo Fornals,M,central,1,0,attacking_midfielder,Attacking Midfielder (AM / 10),455,7,5,543,Real Betis,140,La Liga,6.871208791208791,34.7,83.4,37.3,14.0,Poor,6,34.40860215053764,,,,,,43.01075268817204,92.47311827956989,2.1505376344086025,6.451612903225806,0.0,,
91358,Emanuele Valeri,M,central,1,2,box_to_box_midfielder,Box-to-Box Midfielder (CM / 8),454,5,5,523,Parma,135,Serie A,6.902643171806168,42.4,83.4,43.7,26.3,Below Average,7,3.7593984962406015,99.24812030075188,,53.383458646616546,27.819548872180448,,80.45112781954887,,10.150375939849624,11.278195488721805,,,
19281,Antoine Semenyo,M,wide,0,0,eight_ten_hybrid,8/10 Hybrid,450,5,5,50,Manchester City,39,Premier League,7.104,71.9,83.3,68.3,84.8,Very Good,6,96.42857142857143,,,,,,0.0,66.07142857142857,97.32142857142857,82.14285714285714,99.10714285714286,,
402386,Arsène Kouassi,M,central,1,2,box_to_box_midfielder,Box-to-Box Midfielder (CM / 8),450,5,5,97,Lorient,61,Ligue 1,6.6,46.0,83.3,46.7,37.6,Below Average,7,72.18045112781954,80.07518796992481,,54.13533834586466,2.2556390977443606,,27.06766917293233,,89.84962406015038,11.278195488721805,,,
37652,B. van den Boomen,M,central,1,0,attacking_midfielder,Attacking Midfielder (AM / 10),450,5,5,77,Angers,61,Ligue 1,7.418,67.2,83.3,64.4,88.2,Excellent,5,24.731182795698924,,,,,,,95.6989247311828,67.74193548387096,83.87096774193549,4.301075268817205,,
1485,Bruno Fernandes,M,wide,0,0,eight_ten_hybrid,8/10 Hybrid,450,5,5,33,Manchester United,39,Premier League,7.414000000000001,77.9,83.3,73.2,92.0,Excellent,6,73.21428571428571,,,,,,69.64285714285714,86.60714285714286,58.03571428571429,96.42857142857143,67.85714285714286,,
20589,Bryan Mbeumo,M,wide,0,0,eight_ten_hybrid,8/10 Hybrid,450,5,5,33,Manchester United,39,Premier League,6.824000000000001,51.9,83.3,51.6,57.1,Good,6,92.85714285714286,,,,,,0.0,66.07142857142857,2.232142857142857,82.14285714285714,46.875,,
50956,Cristian Cásseres Jr.,M,central,1,0,attacking_midfielder,Attacking Midfielder (AM / 10),450,5,5,96,Toulouse,61,Ligue 1,8.2,62.3,83.3,60.3,81.7,Very Good,6,35.483870967741936,,,,,,81.72043010752688,100.0,100.0,6.451612903225806,2.1505376344086025,,
2279,Ethan Ampadu,M,central,1,1,defensive_midfielder,Defensive Midfielder (DM / 6),450,5,5,63,Leeds,39,Premier League,7.12,60.4,83.3,58.7,71.9,Very Good,5,24.489795918367346,39.285714285714285,,98.46938775510205,64.28571428571429,,99.74489795918367,,,,,,
1464,Granit Xhaka,M,central,1,1,defensive_midfielder,Defensive Midfielder (DM / 6),450,5,5,746,Sunderland,39,Premier League,7.686,57.8,83.3,56.5,67.3,Good,5,60.71428571428571,82.6530612244898,,58.673469387755105,25.0,,82.14285714285714,,,,,,
48047,Jesper Karlström,M,central,1,2,box_to_box_midfielder,Box-to-Box Midfielder (CM / 8),450,5,5,494,Udinese,135,Serie A,6.86,64.2,83.3,61.9,88.0,Excellent,7,77.44360902255639,80.07518796992481,,54.13533834586466,38.34586466165413,,80.45112781954887,,10.150375939849624,90.97744360902256,,,
323625,K. Danois,M,central,1,1,defensive_midfielder,Defensive Midfielder (DM / 6),450,5,5,108,Auxerre,61,Ligue 1,6.652,59.9,83.3,58.3,71.4,Very Good,5,11.73469387755102,80.10204081632652,,38.52040816326531,92.3469387755102,,96.68367346938776,,,,,,
374058,Lamine Camara,M,central,1,1,defensive_midfielder,Defensive Midfielder (DM / 6),450,5,5,91,Monaco,61,Ligue 1,7.44,93.7,83.3,86.4,99.5,Elite,5,99.48979591836735,96.42857142857143,,87.75510204081633,100.0,,54.59183673469388,,,,,,
1748,Lassana Coulibaly,M,wide,0,1,six_eight_hybrid,6/8 Hybrid,450,5,5,867,Lecce,135,Serie A,7.26,54.3,83.3,53.6,53.0,Average,6,72.64957264957265,86.32478632478633,,47.008547008547005,30.76923076923077,,24.786324786324787,,,,,68.37606837606837,
44814,Lewis Ferguson,M,central,1,1,defensive_midfielder,Defensive Midfielder (DM / 6),450,5,5,500,Bologna,135,Serie A,7.4,54.8,83.3,54.0,64.3,Good,5,100.0,43.87755102040816,,18.367346938775512,75.51020408163265,,8.16326530612245,,,,,,
30505,Michel Adopo,M,central,1,0,attacking_midfielder,Attacking Midfielder (AM / 10),450,5,5,490,Cagliari,135,Serie A,6.78,49.6,83.3,49.7,53.8,Average,6,32.25806451612903,,,,,,13.978494623655912,54.83870967741935,96.7741935483871,6.451612903225806,99.46236559139786,,
15881,Morten Frendrup,M,central,1,1,defensive_midfielder,Defensive Midfielder (DM / 6),450,5,5,495,Genoa,135,Serie A,6.84,72.8,83.3,69.0,89.3,Excellent,5,86.73469387755102,82.6530612244898,,100.0,25.0,,69.89795918367348,,,,,,
138780,Neco Williams,M,wide,0,1,six_eight_hybrid,6/8 Hybrid,450,5,5,65,Nottingham Forest,39,Premier League,7.224,46.8,83.3,47.3,41.0,Average,6,32.47863247863248,87.17948717948718,,0.0,94.01709401709401,,1.7094017094017095,,,,,53.84615384615385,
30558,Nicolò Barella,M,wide,0,0,eight_ten_hybrid,8/10 Hybrid,450,5,5,505,Inter,135,Serie A,7.28,79.5,83.3,74.6,95.5,Elite,6,96.42857142857143,,,,,,100.0,94.64285714285714,58.03571428571429,38.839285714285715,99.10714285714286,,
18970,P. Groß,M,central,1,0,attacking_midfielder,Attacking Midfielder (AM / 10),450,5,5,51,Brighton,39,Premier League,7.638,86.0,83.3,80.0,98.9,Elite,5,66.66666666666666,,,,,,,98.9247311827957,100.0,100.0,17.20430107526882,,
2735,P. Højbjerg,M,central,1,0,attacking_midfielder,Attacking Midfielder (AM / 10),450,5,5,81,Marseille,61,Ligue 1,7.18,48.3,83.3,48.6,46.2,Average,6,76.34408602150538,,,,,,97.84946236559139,10.75268817204301,2.1505376344086025,83.87096774193549,60.752688172043015,,
22170,Pierre Lees Melou,M,central,1,1,defensive_midfielder,Defensive Midfielder (DM / 6),450,5,5,114,Paris FC,61,Ligue 1,7.296,91.0,83.3,84.1,99.5,Elite,5,91.83673469387756,98.46938775510205,,74.48979591836735,97.44897959183673,,99.74489795918367,,,,,,
25073,V. Janelt,M,central,1,1,defensive_midfielder,Defensive Midfielder (DM / 6),450,5,5,55,Brentford,39,Premier League,7.132000000000001,69.3,83.3,66.1,84.7,Very Good,5,22.448979591836736,45.40816326530612,,100.0,93.87755102040816,,99.74489795918367,,,,,,
18778,Harvey Barnes,M,wide,0,0,eight_ten_hybrid,8/10 Hybrid,449,5,5,34,Newcastle,39,Premier League,7.001113585746102,41.1,83.3,42.6,36.6,Below Average,6,47.32142857142857,,,,,,3.571428571428571,18.75,91.96428571428571,39.285714285714285,71.42857142857143,,
177665,Anton Stach,M,central,1,1,defensive_midfielder,Defensive Midfielder (DM / 6),448,5,5,63,Leeds,39,Premier League,7.141071428571428,61.7,83.3,59.8,74.0,Very Good,5,0.0,71.68367346938776,,98.46938775510205,76.0204081632653,,4.081632653061225,,,,,,
178077,K. Schade,M,wide,0,1,six_eight_hybrid,6/8 Hybrid,448,5,5,55,Brentford,39,Premier League,7.189508928571429,21.3,83.3,26.1,6.8,Poor,6,0.0,52.991452991452995,,0.0,30.76923076923077,,3.418803418803419,,,,,40.17094017094017,
148099,Kiernan Dewsbury-Hall,M,wide,0,0,eight_ten_hybrid,8/10 Hybrid,448,5,5,45,Everton,39,Premier League,7.441071428571428,50.1,83.3,50.1,56.2,Good,6,88.39285714285714,,,,,,49.107142857142854,76.78571428571429,2.232142857142857,39.285714285714285,20.535714285714285,,
340626,Fermín López,M,wide,0,0,eight_ten_hybrid,8/10 Hybrid,447,7,5,529,Barcelona,140,La Liga,7.638031319910515,86.3,83.3,80.2,97.3,Elite,6,58.92857142857143,,,,,,98.21428571428571,76.78571428571429,91.96428571428571,99.10714285714286,99.10714285714286,,
304853,Alex Scott,M,wide,0,1,six_eight_hybrid,6/8 Hybrid,446,5,5,35,Bournemouth,39,Premier League,7.141255605381166,85.8,83.3,79.8,97.4,Elite,6,65.8119658119658,98.29059829059828,,100.0,58.119658119658126,,99.14529914529915,,,,,97.43589743589743,
405360,Harrison Armstrong,M,central,1,2,box_to_box_midfielder,Box-to-Box Midfielder (CM / 8),446,5,5,45,Everton,39,Premier League,6.554484304932736,48.2,83.3,48.5,46.6,Average,7,96.99248120300751,6.7669172932330826,,56.390977443609025,40.6015037593985,,49.24812030075188,,90.22556390977444,11.278195488721805,,,
394183,Alessandro Romano,M,central,1,2,box_to_box_midfielder,Box-to-Box Midfielder (CM / 8),445,5,5,490,Cagliari,135,Serie A,7.0415730337078655,56.5,83.3,55.4,66.2,Good,7,96.2406015037594,60.902255639097746,,27.06766917293233,79.69924812030075,,15.037593984962406,,10.150375939849624,90.97744360902256,,,
275394,Antoine Hainaut,M,central,1,0,attacking_midfielder,Attacking Midfielder (AM / 10),445,5,5,517,Venezia,135,Serie A,7.10561797752809,51.0,83.3,50.8,55.9,Good,6,45.16129032258064,,,,,,27.956989247311824,40.86021505376344,67.74193548387096,83.87096774193549,17.20430107526882,,
19260,Jay DaSilva,M,central,1,2,box_to_box_midfielder,Box-to-Box Midfielder (CM / 8),445,5,5,1346,Coventry,39,Premier League,6.800898876404495,61.4,83.3,59.5,78.9,Very Good,7,72.93233082706767,80.07518796992481,,56.390977443609025,2.2556390977443606,,99.62406015037594,,10.150375939849624,90.97744360902256,,,
174708,Y. Belkhdim,M,central,1,2,box_to_box_midfielder,Box-to-Box Midfielder (CM / 8),445,5,5,77,Angers,61,Ligue 1,6.61123595505618,51.7,83.3,51.4,57.1,Good,7,93.98496240601504,39.097744360902254,,99.24812030075188,93.23308270676691,,0.7518796992481203,,10.150375939849624,11.278195488721805,,,
1904,Boubacar Kamara,M,central,1,1,defensive_midfielder,Defensive Midfielder (DM / 6),444,5,5,66,Aston Villa,39,Premier League,6.620945945945945,27.9,83.3,31.6,8.2,Poor,5,71.93877551020408,20.918367346938776,,0.0,25.510204081632654,,37.244897959183675,,,,,,
19328,Matt Grimes,M,central,1,2,box_to_box_midfielder,Box-to-Box Midfielder (CM / 8),444,5,5,1346,Coventry,39,Premier League,6.743783783783783,40.2,83.3,41.8,21.1,Poor,7,81.95488721804512,100.0,,12.030075187969924,54.88721804511278,,0.7518796992481203,,10.150375939849624,11.278195488721805,,,
23363,Noah Cadiou,M,central,1,1,defensive_midfielder,Defensive Midfielder (DM / 6),444,5,5,97,Lorient,61,Ligue 1,6.785135135135135,22.1,83.3,26.8,4.1,Poor,5,20.408163265306122,38.265306122448976,,20.408163265306122,6.122448979591836,,37.244897959183675,,,,,,
47225,Roger Brugué,M,wide,0,0,eight_ten_hybrid,8/10 Hybrid,444,5,5,539,Levante,140,La Liga,7.083108108108108,22.1,83.3,26.7,4.5,Poor,6,2.6785714285714284,,,,,,0.0,0.0,2.232142857142857,96.42857142857143,20.535714285714285,,
2601,Daichi Kamada,M,central,1,0,attacking_midfielder,Attacking Midfielder (AM / 10),443,5,5,52,Crystal Palace,39,Premier League,6.8383747178329575,36.6,83.3,38.8,16.1,Poor,6,47.31182795698925,,,,,,19.35483870967742,23.655913978494624,100.0,6.451612903225806,17.20430107526882,,
30708,Samuele Birindelli,M,central,1,0,attacking_midfielder,Attacking Midfielder (AM / 10),443,5,5,1579,Monza,135,Serie A,6.780812641083521,46.1,83.3,46.8,41.9,Average,6,18.27956989247312,,,,,,2.1505376344086025,55.91397849462365,96.7741935483871,6.451612903225806,93.54838709677419,,
314231,Amir Richardson,M,wide,0,1,six_eight_hybrid,6/8 Hybrid,442,5,5,111,Le Havre,61,Ligue 1,6.784389140271494,61.5,83.3,59.5,70.9,Very Good,6,83.76068376068376,55.55555555555556,,100.0,70.94017094017094,,5.128205128205128,,,,,28.205128205128204,
183699,Urko González,M,central,1,2,box_to_box_midfielder,Box-to-Box Midfielder (CM / 8),442,7,6,540,Espanyol,140,La Liga,6.479864253393665,41.8,83.3,43.2,24.1,Poor,7,97.74436090225564,3.7593984962406015,,76.69172932330827,2.2556390977443606,,80.45112781954887,,10.150375939849624,11.278195488721805,,,
1096,Dominik Szoboszlai,M,wide,0,0,eight_ten_hybrid,8/10 Hybrid,441,5,5,40,Liverpool,39,Premier League,7.16530612244898,55.8,83.3,54.9,67.0,Good,6,84.82142857142857,,,,,,69.64285714285714,77.67857142857143,2.232142857142857,41.07142857142857,46.875,,
89520,Mikael Ellertsson,M,central,1,2,box_to_box_midfielder,Box-to-Box Midfielder (CM / 8),440,5,5,495,Genoa,135,Serie A,6.475,47.5,83.3,47.9,42.9,Average,7,18.045112781954884,81.95488721804512,,12.781954887218044,93.23308270676691,,92.4812030075188,,10.150375939849624,11.278195488721805,,,
20638,Enzo Le Fée,M,wide,0,0,eight_ten_hybrid,8/10 Hybrid,439,5,5,746,Sunderland,39,Premier League,6.770387243735763,42.5,83.3,43.8,42.0,Average,6,22.321428571428573,,,,,,69.64285714285714,45.535714285714285,59.82142857142857,41.07142857142857,1.7857142857142856,,
308836,Mandela Keita,M,central,1,1,defensive_midfielder,Defensive Midfielder (DM / 6),439,5,5,523,Parma,135,Serie A,6.809111617312072,47.8,83.3,48.1,51.0,Average,5,79.59183673469387,84.18367346938776,,39.795918367346935,0.0,,16.83673469387755,,,,,,
109,Aleksandr Golovin,M,central,1,0,attacking_midfielder,Attacking Midfielder (AM / 10),438,5,5,91,Monaco,61,Ligue 1,6.823972602739726,62.2,83.2,60.2,80.6,Very Good,6,7.526881720430108,,,,,,98.9247311827957,79.56989247311827,96.7741935483871,6.451612903225806,60.752688172043015,,
407806,Rayan,M,wide,0,0,eight_ten_hybrid,8/10 Hybrid,438,5,5,35,Bournemouth,39,Premier League,6.468401826484018,3.5,83.2,11.3,0.0,Poor,6,0.0,,,,,,8.928571428571429,0.8928571428571428,2.232142857142857,0.8928571428571428,14.285714285714285,,
17670,Regan Slater,M,central,1,1,defensive_midfielder,Defensive Midfielder (DM / 6),438,5,5,64,Hull City,39,Premier League,6.754794520547945,43.3,83.2,44.4,36.2,Below Average,5,9.693877551020408,95.40816326530613,,21.428571428571427,28.57142857142857,,99.74489795918367,,,,,,
47439,Stanislav Lobotka,M,central,1,1,defensive_midfielder,Defensive Midfielder (DM / 6),438,5,5,492,Napoli,135,Serie A,7.31027397260274,50.0,83.2,50.0,56.6,Good,5,99.48979591836735,96.42857142857143,,1.0204081632653061,3.061224489795918,,99.74489795918367,,,,,,
386277,Thomas Jørgensen,M,wide,0,0,eight_ten_hybrid,8/10 Hybrid,438,5,5,96,Toulouse,61,Ligue 1,7.560273972602739,64.7,83.2,62.3,75.9,Very Good,6,6.25,,,,,,92.85714285714286,77.67857142857143,59.82142857142857,83.92857142857143,46.875,,
288102,Adam Wharton,M,central,1,1,defensive_midfielder,Defensive Midfielder (DM / 6),437,5,5,52,Crystal Palace,39,Premier League,6.859702517162472,56.1,83.2,55.1,64.3,Good,5,5.612244897959184,94.38775510204081,,62.244897959183675,43.36734693877551,,99.74489795918367,,,,,,
311251,Giorgi Kvernadze,M,wide,0,1,six_eight_hybrid,6/8 Hybrid,437,5,5,512,Frosinone,135,Serie A,7.613272311212815,48.8,83.2,49.0,45.3,Average,6,89.74358974358975,34.18803418803419,,4.273504273504273,58.97435897435898,,85.47008547008546,,,,,30.76923076923077,
278370,D. Gómez,M,wide,0,1,six_eight_hybrid,6/8 Hybrid,436,5,5,51,Brighton,39,Premier League,6.762844036697248,46.8,83.2,47.4,41.9,Average,6,41.02564102564102,33.33333333333333,,76.06837606837607,94.01709401709401,,0.0,,,,,0.0,
2810,Denis Zakaria,M,central,1,1,defensive_midfielder,Defensive Midfielder (DM / 6),436,5,5,91,Monaco,61,Ligue 1,6.993119266055046,49.9,83.2,49.9,56.6,Good,5,99.48979591836735,75.0,,21.93877551020408,7.653061224489796,,77.29591836734694,,,,,,
19191,John McGinn,M,wide,0,1,six_eight_hybrid,6/8 Hybrid,436,5,5,66,Aston Villa,39,Premier League,6.323669724770643,35.0,83.2,37.5,22.2,Poor,6,11.11111111111111,23.076923076923077,,93.16239316239316,5.982905982905983,,1.7094017094017095,,,,,86.32478632478633,
369544,Gessime Yassine,M,wide,0,1,six_eight_hybrid,6/8 Hybrid,434,5,5,95,Strasbourg,61,Ligue 1,7.4919124423963135,81.2,83.2,75.9,94.0,Excellent,6,62.39316239316239,85.47008547008546,,76.06837606837607,83.76068376068376,,90.5982905982906,,,,,91.45299145299145,
128287,J. Chotard,M,central,1,0,attacking_midfielder,Attacking Midfielder (AM / 10),434,5,5,106,Stade Brestois 29,61,Ligue 1,7.436958525345622,48.7,83.2,48.9,48.4,Average,6,7.526881720430108,,,,,,43.01075268817204,98.9247311827957,68.81720430107528,6.451612903225806,17.20430107526882,,
364093,Simon Ebonog,M,central,1,1,defensive_midfielder,Defensive Midfielder (DM / 6),434,5,5,111,Le Havre,61,Ligue 1,6.724423963133641,62.7,83.2,60.6,76.0,Very Good,5,61.224489795918366,8.673469387755102,,98.9795918367347,80.10204081632652,,69.89795918367348,,,,,,
21102,V. Rongier,M,central,1,1,defensive_midfielder,Defensive Midfielder (DM / 6),434,5,5,94,Rennes,61,Ligue 1,7.061520737327188,74.3,83.2,70.2,90.3,Excellent,5,88.77551020408163,72.95918367346938,,62.244897959183675,70.91836734693877,,99.74489795918367,,,,,,
504157,Djibril Coulibaly,M,central,1,2,box_to_box_midfielder,Box-to-Box Midfielder (CM / 8),433,5,5,84,Nice,61,Ligue 1,6.552193995381063,35.5,83.2,37.9,14.3,Poor,7,99.24812030075188,9.022556390977442,,58.64661654135338,2.2556390977443606,,49.24812030075188,,10.150375939849624,11.278195488721805,,,
273732,Tyrhys Dolan,M,wide,0,1,six_eight_hybrid,6/8 Hybrid,433,7,5,540,Espanyol,140,La Liga,6.569792147806005,37.1,83.2,39.3,27.4,Below Average,6,87.17948717948718,0.8547008547008548,,98.29059829059828,0.0,,7.6923076923076925,,,,,30.76923076923077,
22007,Hassane Kamara,M,central,1,0,attacking_midfielder,Attacking Midfielder (AM / 10),431,5,5,494,Udinese,135,Serie A,7.330858468677494,54.7,83.2,53.9,64.5,Good,6,8.60215053763441,,,,,,73.11827956989248,0.0,68.81720430107528,97.84946236559139,95.6989247311828,,
47522,Douglas Luiz,M,wide,0,0,eight_ten_hybrid,8/10 Hybrid,430,5,5,496,Juventus,135,Serie A,6.934883720930233,39.2,83.2,41.0,31.2,Below Average,6,99.10714285714286,,,,,,92.85714285714286,35.714285714285715,2.232142857142857,0.8928571428571428,9.821428571428571,,
32011,Giacomo Calò,M,wide,0,0,eight_ten_hybrid,8/10 Hybrid,429,5,5,512,Frosinone,135,Serie A,7.336829836829837,66.7,83.2,63.9,77.7,Very Good,6,33.035714285714285,,,,,,95.53571428571429,100.0,60.71428571428571,42.857142857142854,46.875,,
8586,Mërgim Vojvoda,M,central,1,1,defensive_midfielder,Defensive Midfielder (DM / 6),429,5,5,494,Udinese,135,Serie A,6.964335664335664,44.9,83.2,45.8,40.3,Average,5,19.387755102040817,100.0,,22.95918367346939,33.6734693877551,,37.244897959183675,,,,,,
31146,Sandro Tonali,M,central,1,1,defensive_midfielder,Defensive Midfielder (DM / 6),429,5,5,47,Tottenham,39,Premier League,7.106993006993007,64.9,83.2,62.4,78.1,Very Good,5,85.71428571428571,95.91836734693877,,22.95918367346939,55.61224489795919,,82.14285714285714,,,,,,
128384,Vitinha,M,central,1,0,attacking_midfielder,Attacking Midfielder (AM / 10),429,5,5,85,Paris Saint Germain,61,Ligue 1,7.69020979020979,76.7,83.2,72.2,93.5,Excellent,6,91.39784946236558,,,,,,100.0,79.56989247311827,69.89247311827957,84.94623655913979,17.20430107526882,,
25008,Jonathan Clauss,M,wide,0,0,eight_ten_hybrid,8/10 Hybrid,428,5,5,84,Nice,61,Ligue 1,7.015420560747664,34.0,83.2,36.7,16.1,Poor,6,31.25,,,,,,69.64285714285714,71.42857142857143,2.232142857142857,0.8928571428571428,5.357142857142857,,
191289,A. Sbaï,M,wide,0,0,eight_ten_hybrid,8/10 Hybrid,427,5,5,77,Angers,61,Ligue 1,7.166042154566745,48.5,83.2,48.8,51.8,Average,6,1.7857142857142856,,,,,,37.94642857142857,99.10714285714286,60.71428571428571,42.857142857142854,0.8928571428571428,,
389315,Joshua King,M,wide,0,0,eight_ten_hybrid,8/10 Hybrid,427,5,5,36,Fulham,39,Premier League,7.063231850117096,41.4,83.2,42.8,38.4,Below Average,6,69.64285714285714,,,,,,26.785714285714285,6.25,2.232142857142857,85.71428571428571,78.57142857142857,,
19245,Marcus Tavernier,M,wide,0,0,eight_ten_hybrid,8/10 Hybrid,427,5,5,35,Bournemouth,39,Premier League,7.60632318501171,60.1,83.2,58.4,69.6,Good,6,67.85714285714286,,,,,,41.07142857142857,58.92857142857143,2.232142857142857,97.32142857142857,91.96428571428571,,
162007,M. De Cuyper,M,central,1,0,attacking_midfielder,Attacking Midfielder (AM / 10),425,5,5,51,Brighton,39,Premier League,6.991058823529412,70.8,83.1,67.3,90.3,Excellent,6,47.31182795698925,,,,,,43.01075268817204,92.47311827956989,96.7741935483871,84.94623655913979,1.0752688172043012,,
778,Bryan Cristante,M,central,1,1,defensive_midfielder,Defensive Midfielder (DM / 6),424,5,5,497,AS Roma,135,Serie A,7.297641509433962,66.8,83.1,63.9,81.6,Very Good,5,71.93877551020408,56.63265306122449,,63.775510204081634,81.63265306122449,,37.244897959183675,,,,,,
3246,Nicolas Pépé,M,wide,0,0,eight_ten_hybrid,8/10 Hybrid,423,7,5,533,Villarreal,140,La Liga,7.297163120567377,61.0,83.1,59.1,69.6,Good,6,85.71428571428571,,,,,,52.67857142857143,50.89285714285714,2.232142857142857,86.60714285714286,98.21428571428571,,
394372,Izan Merino,M,central,1,2,box_to_box_midfielder,Box-to-Box Midfielder (CM / 8),421,7,5,535,Malaga,140,La Liga,6.648194774346794,22.8,83.1,27.4,0.8,Poor,7,100.0,0.0,,30.075187969924812,3.007518796992481,,0.7518796992481203,,10.150375939849624,11.278195488721805,,,
38749,Kenneth Taylor,M,central,1,2,box_to_box_midfielder,Box-to-Box Midfielder (CM / 8),421,5,5,487,Lazio,135,Serie A,6.883135391923991,45.6,83.1,46.3,37.6,Below Average,7,96.99248120300751,32.33082706766917,,61.65413533834586,67.66917293233082,,27.06766917293233,,10.150375939849624,11.278195488721805,,,
182201,Tyrick Mitchell,M,central,1,2,box_to_box_midfielder,Box-to-Box Midfielder (CM / 8),421,5,5,52,Crystal Palace,39,Premier League,6.903800475059382,56.2,83.1,55.1,65.4,Good,7,23.308270676691727,68.42105263157895,,14.285714285714285,81.95488721804512,,80.45112781954887,,10.150375939849624,99.24812030075188,,,
107153,Kike Pérez,M,central,1,1,defensive_midfielder,Defensive Midfielder (DM / 6),420,5,5,517,Venezia,135,Serie A,6.871428571428571,36.0,83.1,38.4,21.9,Poor,5,27.55102040816326,1.0204081632653061,,45.40816326530612,75.51020408163265,,0.5102040816326531,,,,,,
350037,Nico Paz,M,wide,0,1,six_eight_hybrid,6/8 Hybrid,420,5,5,895,Como,135,Serie A,7.363809523809524,75.8,83.1,71.5,90.6,Excellent,6,98.29059829059828,94.87179487179486,,23.076923076923077,100.0,,93.16239316239316,,,,,35.04273504273504,
1460,B. Saka,M,wide,0,0,eight_ten_hybrid,8/10 Hybrid,418,5,5,42,Arsenal,39,Premier League,7.243612440191387,56.8,83.1,55.7,67.0,Good,6,47.32142857142857,,,,,,69.64285714285714,37.5,2.232142857142857,98.21428571428571,99.10714285714286,,
316519,Facundo Bernal,M,central,1,1,defensive_midfielder,Defensive Midfielder (DM / 6),418,7,5,543,Real Betis,140,La Liga,6.931100478468899,87.0,83.1,80.7,98.0,Elite,5,64.79591836734694,100.0,,93.36734693877551,82.6530612244898,,99.74489795918367,,,,,,
158697,James McAtee,M,wide,0,0,eight_ten_hybrid,8/10 Hybrid,418,5,5,65,Nottingham Forest,39,Premier League,6.735358851674642,39.1,83.1,41.0,31.2,Below Average,6,34.82142857142857,,,,,,24.107142857142858,85.71428571428571,2.232142857142857,0.8928571428571428,83.48214285714286,,
409,Nabil Bentaleb,M,central,1,0,attacking_midfielder,Attacking Midfielder (AM / 10),418,5,5,79,Lille,61,Ligue 1,7.111722488038279,44.7,83.1,45.6,35.5,Below Average,6,59.13978494623656,,,,,,13.978494623655912,47.31182795698925,70.96774193548387,6.451612903225806,93.54838709677419,,
182,Harry Winks,M,central,1,1,defensive_midfielder,Defensive Midfielder (DM / 6),417,5,5,490,Cagliari,135,Serie A,7.055395683453237,46.5,83.1,47.1,44.9,Average,4,95.91836734693877,2.5510204081632653,,97.44897959183673,0.0,,,,,,,,
10097,Éderson,M,central,1,2,box_to_box_midfielder,Box-to-Box Midfielder (CM / 8),417,5,5,499,Atalanta,135,Serie A,6.819424460431654,40.0,83.1,41.7,21.1,Poor,7,96.99248120300751,43.609022556390975,,14.285714285714285,0.7518796992481203,,8.646616541353383,,10.150375939849624,95.48872180451127,,,
412,A. Harit,M,wide,0,1,six_eight_hybrid,6/8 Hybrid,416,5,5,81,Marseille,61,Ligue 1,6.768125,70.9,83.1,67.4,87.2,Excellent,6,88.03418803418803,63.24786324786324,,99.14529914529915,21.367521367521366,,99.14529914529915,,,,,60.68376068376068,
47341,Marc Roca,M,central,1,1,defensive_midfielder,Defensive Midfielder (DM / 6),416,7,5,543,Real Betis,140,La Liga,7.234615384615385,87.6,83.1,81.3,98.5,Elite,5,100.0,95.91836734693877,,66.3265306122449,88.26530612244898,,99.74489795918367,,,,,,
138908,Elliot Anderson,M,central,1,1,defensive_midfielder,Defensive Midfielder (DM / 6),415,5,5,50,Manchester City,39,Premier League,7.311566265060241,88.8,83.1,82.2,99.0,Elite,5,90.3061224489796,88.26530612244898,,93.36734693877551,84.6938775510204,,82.14285714285714,,,,,,
70747,Julio Enciso,M,wide,0,0,eight_ten_hybrid,8/10 Hybrid,415,5,5,57,Ipswich,39,Premier League,6.797108433734939,31.6,83.1,34.7,13.4,Poor,6,66.96428571428571,,,,,,8.928571428571429,23.214285714285715,92.85714285714286,0.8928571428571428,2.6785714285714284,,
2937,D. Rice,M,central,1,0,attacking_midfielder,Attacking Midfielder (AM / 10),414,5,5,42,Arsenal,39,Premier League,7.286231884057971,54.4,83.1,53.6,63.4,Good,6,86.02150537634408,,,,,,84.94623655913979,49.46236559139785,96.7741935483871,6.451612903225806,0.0,,
335162,M. Diop,M,central,1,2,box_to_box_midfielder,Box-to-Box Midfielder (CM / 8),412,5,5,110,Estac Troyes,61,Ligue 1,6.40623786407767,46.4,83.1,47.0,40.6,Average,7,96.99248120300751,3.7593984962406015,,83.45864661654136,79.69924812030075,,27.06766917293233,,10.150375939849624,11.278195488721805,,,
365331,Noah Sadiki,M,central,1,1,defensive_midfielder,Defensive Midfielder (DM / 6),412,5,5,746,Sunderland,39,Premier League,6.689077669902913,46.8,83.1,47.4,48.0,Average,5,79.59183673469387,93.36734693877551,,9.183673469387756,4.591836734693878,,82.14285714285714,,,,,,
1455,Alex Iwobi,M,central,1,0,attacking_midfielder,Attacking Midfielder (AM / 10),411,5,5,36,Fulham,39,Premier League,6.976934306569342,33.8,83.0,36.5,10.8,Poor,6,90.32258064516128,,,,,,2.1505376344086025,83.87096774193549,2.1505376344086025,6.451612903225806,17.20430107526882,,
337523,Dani Lorenzo,M,central,1,1,defensive_midfielder,Defensive Midfielder (DM / 6),411,6,5,535,Malaga,140,La Liga,6.92043795620438,42.9,83.0,44.1,35.2,Below Average,5,100.0,43.87755102040816,,24.489795918367346,4.591836734693878,,93.36734693877551,,,,,,
182519,Alberto Moleiro,M,wide,0,0,eight_ten_hybrid,8/10 Hybrid,410,7,5,533,Villarreal,140,La Liga,7.481219512195122,81.7,83.0,76.4,95.5,Elite,6,91.07142857142857,,,,,,13.392857142857142,97.32142857142857,99.10714285714286,88.39285714285714,91.96428571428571,,
326068,K. Doumbia,M,wide,0,1,six_eight_hybrid,6/8 Hybrid,407,5,5,106,Stade Brestois 29,61,Ligue 1,6.973513513513514,59.2,83.0,57.6,69.2,Good,6,88.03418803418803,16.23931623931624,,95.72649572649573,9.401709401709402,,99.14529914529915,,,,,68.37606837606837,
83831,Ilan Kebbal,M,wide,0,0,eight_ten_hybrid,8/10 Hybrid,405,5,5,114,Paris FC,61,Ligue 1,6.821925925925926,64.2,83.0,61.8,75.9,Very Good,6,70.53571428571429,,,,,,69.64285714285714,76.78571428571429,66.96428571428571,46.42857142857143,46.875,,
19071,Emiliano Buendía,M,wide,0,1,six_eight_hybrid,6/8 Hybrid,404,5,5,66,Aston Villa,39,Premier League,6.581559405940594,57.2,83.0,56.0,63.2,Good,6,23.931623931623932,28.205128205128204,,81.19658119658119,68.37606837606837,,94.01709401709401,,,,,39.31623931623932,
2926,Youri Tielemans,M,central,1,1,defensive_midfielder,Defensive Midfielder (DM / 6),404,5,5,33,Manchester United,39,Premier League,7.086782178217821,60.8,83.0,59.0,72.4,Very Good,5,92.3469387755102,65.3061224489796,,86.73469387755102,14.795918367346939,,12.5,,,,,,
203224,Florian Wirtz,M,wide,0,0,eight_ten_hybrid,8/10 Hybrid,403,5,5,40,Liverpool,39,Premier League,6.521091811414391,43.8,83.0,44.8,42.9,Average,6,33.035714285714285,,,,,,49.107142857142854,66.07142857142857,66.96428571428571,0.8928571428571428,46.875,,
2823,Saša Lukić,M,central,1,0,attacking_midfielder,Attacking Midfielder (AM / 10),403,5,5,57,Ipswich,39,Premier League,6.583846153846154,41.2,83.0,42.7,30.1,Below Average,5,66.66666666666666,,,,,,43.01075268817204,32.25806451612903,73.11827956989248,6.451612903225806,,,
2449,Yangel Herrera,M,central,1,1,defensive_midfielder,Defensive Midfielder (DM / 6),403,7,5,548,Real Sociedad,140,La Liga,6.73151364764268,35.1,83.0,37.6,19.9,Poor,5,71.93877551020408,14.285714285714285,,0.0,52.04081632653062,,82.14285714285714,,,,,,
902,Nemanja Matić,M,central,1,0,attacking_midfielder,Attacking Midfielder (AM / 10),402,5,5,488,Sassuolo,135,Serie A,7.145522388059701,49.4,83.0,49.5,52.7,Average,6,55.91397849462365,,,,,,100.0,51.61290322580645,73.11827956989248,6.451612903225806,0.0,,
1700,Iván Martín,M,central,1,1,defensive_midfielder,Defensive Midfielder (DM / 6),399,6,4,4665,Racing Santander,140,La Liga,6.8804511278195495,63.7,83.0,61.4,77.6,Very Good,5,62.244897959183675,96.42857142857143,,0.0,97.44897959183673,,55.61224489795919,,,,,,
328105,Lewis Miley,M,central,1,1,defensive_midfielder,Defensive Midfielder (DM / 6),399,5,5,34,Newcastle,39,Premier League,6.8162907268170425,45.6,83.0,46.4,42.3,Average,5,77.55102040816327,45.40816326530612,,51.02040816326531,5.1020408163265305,,94.38775510204081,,,,,,
188445,Luismi Cruz,M,wide,0,1,six_eight_hybrid,6/8 Hybrid,399,7,5,544,Deportivo La Coruna,140,La Liga,6.899423558897243,72.9,83.0,69.0,87.2,Excellent,6,65.8119658119658,91.45299145299145,,23.931623931623932,98.29059829059828,,99.14529914529915,,,,,53.84615384615385,
264,Thomas Meunier,M,central,1,2,box_to_box_midfielder,Box-to-Box Midfielder (CM / 8),399,5,5,746,Sunderland,39,Premier League,6.579498746867168,38.5,83.0,40.4,20.3,Poor,7,80.45112781954887,3.7593984962406015,,67.66917293233082,4.511278195488721,,27.06766917293233,,92.4812030075188,11.278195488721805,,,
608142,Adil Bourabaa,M,wide,0,1,six_eight_hybrid,6/8 Hybrid,398,5,5,1298,Le Mans,61,Ligue 1,7.275628140703517,50.6,82.9,50.5,47.9,Average,6,62.39316239316239,29.914529914529915,,99.14529914529915,26.495726495726498,,58.119658119658126,,,,,14.529914529914532,
311083,Cher Ndour,M,central,1,0,attacking_midfielder,Attacking Midfielder (AM / 10),398,5,4,502,Fiorentina,135,Serie A,6.578894472361808,44.9,82.9,45.8,36.6,Below Average,6,48.38709677419355,,,,,,100.0,33.33333333333333,75.26881720430107,6.451612903225806,4.301075268817205,,
299923,Mohamed Belloumi,M,central,1,2,box_to_box_midfielder,Box-to-Box Midfielder (CM / 8),398,5,5,64,Hull City,39,Premier League,7.145226130653266,80.3,82.9,75.1,100.0,Elite,7,9.022556390977442,80.07518796992481,,100.0,100.0,,80.45112781954887,,100.0,99.24812030075188,,,
47182,Tete Morente,M,wide,0,0,eight_ten_hybrid,8/10 Hybrid,398,7,4,797,Elche,140,La Liga,6.570251256281406,25.3,82.9,29.5,6.2,Poor,6,34.82142857142857,,,,,,8.928571428571429,14.285714285714285,99.10714285714286,0.8928571428571428,0.8928571428571428,,
375990,P. Mboup,M,wide,0,1,six_eight_hybrid,6/8 Hybrid,397,5,5,106,Stade Brestois 29,61,Ligue 1,6.464685138539043,50.9,82.9,50.7,47.9,Average,6,42.73504273504273,3.418803418803419,,84.61538461538461,70.94017094017094,,58.119658119658126,,,,,39.31623931623932,
281096,Patrizio Masini,M,central,1,1,defensive_midfielder,Defensive Midfielder (DM / 6),391,5,4,512,Frosinone,135,Serie A,6.930946291560102,52.4,82.9,52.0,59.7,Good,5,2.0408163265306123,7.142857142857142,,97.44897959183673,95.91836734693877,,37.244897959183675,,,,,,
60,Joaquín Muñoz,M,wide,0,1,six_eight_hybrid,6/8 Hybrid,389,7,5,535,Malaga,140,La Liga,6.426889460154242,38.6,82.9,40.5,29.9,Below Average,6,62.39316239316239,34.18803418803419,,5.128205128205128,12.82051282051282,,73.50427350427351,,,,,77.77777777777779,
286038,Álex Calatrava,M,wide,0,1,six_eight_hybrid,6/8 Hybrid,388,7,6,540,Espanyol,140,La Liga,6.712319587628866,47.9,82.9,48.3,42.7,Average,6,5.982905982905983,49.572649572649574,,27.350427350427353,98.29059829059828,,73.50427350427351,,,,,9.401709401709402,
18592,Iliman Ndiaye,M,wide,0,1,six_eight_hybrid,6/8 Hybrid,387,5,5,50,Manchester City,39,Premier League,6.960077519379844,61.1,82.9,59.2,70.1,Very Good,6,100.0,28.205128205128204,,87.17948717948718,59.82905982905983,,24.786324786324787,,,,,73.50427350427351,
31173,Davide Frattesi,M,wide,0,1,six_eight_hybrid,6/8 Hybrid,386,5,4,487,Lazio,135,Serie A,7.145595854922279,37.6,82.9,39.7,28.2,Below Average,6,34.18803418803419,5.128205128205128,,88.03418803418803,30.76923076923077,,6.837606837606838,,,,,66.66666666666666,
1696,Samuel Chukwueze,M,central,1,0,attacking_midfielder,Attacking Midfielder (AM / 10),386,5,4,489,AC Milan,135,Serie A,7.391968911917099,62.5,82.9,60.4,81.7,Very Good,6,6.451612903225806,,,,,,65.59139784946237,92.47311827956989,97.84946236559139,6.451612903225806,80.64516129032258,,
371950,A. Piedfort,M,central,1,1,defensive_midfielder,Defensive Midfielder (DM / 6),384,5,5,108,Auxerre,61,Ligue 1,6.468463541666668,43.0,82.8,44.2,35.2,Below Average,5,61.73469387755102,5.1020408163265305,,94.89795918367348,2.5510204081632653,,99.74489795918367,,,,,,
400510,Diogo Sousa,M,central,1,2,box_to_box_midfielder,Box-to-Box Midfielder (CM / 8),384,5,5,95,Strasbourg,61,Ligue 1,6.514062499999999,46.0,82.8,46.7,37.6,Below Average,7,48.87218045112782,0.0,,70.67669172932331,1.5037593984962405,,27.06766917293233,,92.4812030075188,96.99248120300751,,,
36895,Kian Fitz-Jim,M,central,1,0,attacking_midfielder,Attacking Midfielder (AM / 10),384,5,5,503,Torino,135,Serie A,6.861979166666667,39.6,82.8,41.4,28.0,Below Average,6,58.06451612903226,,,,,,95.6989247311828,70.96774193548387,2.1505376344086025,6.451612903225806,0.0,,
162189,M. Bidstrup,M,central,1,1,defensive_midfielder,Defensive Midfielder (DM / 6),384,5,5,80,Lyon,61,Ligue 1,6.552395833333335,61.7,82.8,59.7,74.0,Very Good,5,9.183673469387756,79.59183673469387,,56.63265306122449,95.91836734693877,,37.244897959183675,,,,,,
37127,M. Ødegaard,M,wide,0,0,eight_ten_hybrid,8/10 Hybrid,382,5,5,42,Arsenal,39,Premier League,7.655732984293193,61.3,82.8,59.3,70.5,Very Good,6,99.10714285714286,,,,,,3.571428571428571,91.96428571428571,2.232142857142857,89.28571428571429,46.875,,
1910,Maxime López,M,central,1,0,attacking_midfielder,Attacking Midfielder (AM / 10),382,5,4,114,Paris FC,61,Ligue 1,7.0040837696335085,57.5,82.8,56.2,71.0,Very Good,6,96.7741935483871,,,,,,100.0,40.86021505376344,76.34408602150538,6.451612903225806,60.752688172043015,,
519,C. Tolisso,M,wide,0,1,six_eight_hybrid,6/8 Hybrid,381,5,4,80,Lyon,61,Ligue 1,7.11496062992126,77.0,82.8,72.4,90.6,Excellent,6,74.35897435897436,57.26495726495726,,100.0,61.53846153846154,,98.29059829059828,,,,,73.50427350427351,
338735,Anan Khalaili,M,central,1,1,defensive_midfielder,Defensive Midfielder (DM / 6),380,5,4,52,Crystal Palace,39,Premier League,6.975526315789473,68.8,82.8,65.5,83.2,Very Good,5,6.122448979591836,82.14285714285714,,77.04081632653062,100.0,,54.59183673469388,,,,,,
161893,Enzo Bardeli,M,central,1,0,attacking_midfielder,Attacking Midfielder (AM / 10),380,6,5,539,Levante,140,La Liga,6.585263157894737,71.1,82.8,67.5,90.3,Excellent,6,13.978494623655912,,,,,,84.94623655913979,72.04301075268818,76.34408602150538,88.17204301075269,60.752688172043015,,
20692,H. Abdelli,M,central,1,2,box_to_box_midfielder,Box-to-Box Midfielder (CM / 8),379,5,5,81,Marseille,61,Ligue 1,6.682374670184696,35.8,82.8,38.2,14.3,Poor,7,98.49624060150376,31.57894736842105,,4.511278195488721,5.263157894736842,,80.45112781954887,,10.150375939849624,11.278195488721805,,,
51016,Tajon Buchanan,M,wide,0,1,six_eight_hybrid,6/8 Hybrid,378,7,4,533,Villarreal,140,La Liga,6.7370370370370365,59.7,82.8,58.0,70.1,Very Good,6,98.29059829059828,76.92307692307693,,29.914529914529915,61.53846153846154,,11.11111111111111,,,,,95.72649572649573,
1095,Xaver Schlager,M,central,1,1,defensive_midfielder,Defensive Midfielder (DM / 6),376,5,4,65,Nottingham Forest,39,Premier League,7.18218085106383,75.5,82.8,71.2,90.8,Excellent,5,45.40816326530612,90.3061224489796,,58.16326530612245,97.44897959183673,,99.74489795918367,,,,,,
179955,Javier Rueda,M,central,1,1,defensive_midfielder,Defensive Midfielder (DM / 6),375,7,5,538,Celta Vigo,140,La Liga,6.511493333333333,28.2,82.8,31.9,8.7,Poor,5,11.73469387755102,5.1020408163265305,,78.57142857142857,7.3979591836734695,,60.71428571428571,,,,,,
1489,Nemanja Gudelj,M,central,1,2,box_to_box_midfielder,Box-to-Box Midfielder (CM / 8),374,5,4,546,Getafe,140,La Liga,6.50855614973262,43.6,82.8,44.7,27.1,Below Average,7,18.045112781954884,80.07518796992481,,88.7218045112782,5.263157894736842,,80.45112781954887,,10.150375939849624,11.278195488721805,,,
22261,A. Thomasson,M,wide,0,1,six_eight_hybrid,6/8 Hybrid,373,5,5,94,Rennes,61,Ligue 1,7.245227882037533,66.6,82.8,63.7,81.2,Very Good,6,86.32478632478633,40.17094017094017,,100.0,32.47863247863248,,98.29059829059828,,,,,43.58974358974359,
332307,Beñat Gerenabarrena,M,central,1,1,defensive_midfielder,Defensive Midfielder (DM / 6),373,6,4,531,Athletic Club,140,La Liga,6.645844504021448,67.1,82.8,64.1,82.1,Very Good,4,62.244897959183675,40.30612244897959,,100.0,64.79591836734694,,,,,,,,
128582,Jorge de Frutos,M,wide,0,1,six_eight_hybrid,6/8 Hybrid,373,5,5,728,Rayo Vallecano,140,La Liga,6.696514745308312,48.6,82.8,48.8,45.3,Average,6,8.547008547008547,57.26495726495726,,0.0,77.77777777777779,,94.87179487179486,,,,,60.68376068376068,
896,A. Gomes,M,central,1,0,attacking_midfielder,Attacking Midfielder (AM / 10),372,5,5,81,Marseille,61,Ligue 1,6.790537634408602,47.8,82.8,48.2,44.1,Average,6,78.49462365591397,,,,,,19.35483870967742,8.60215053763441,76.34408602150538,88.17204301075269,20.43010752688172,,
863,Rodrigo Bentancur,M,central,1,1,defensive_midfielder,Defensive Midfielder (DM / 6),372,5,4,47,Tottenham,39,Premier League,6.74758064516129,57.1,82.8,55.9,65.8,Good,5,80.61224489795919,1.0204081632653061,,59.693877551020414,95.91836734693877,,37.244897959183675,,,,,,
47109,Óscar Valentín,M,central,1,1,defensive_midfielder,Defensive Midfielder (DM / 6),372,7,5,728,Rayo Vallecano,140,La Liga,6.631666666666667,72.5,82.8,68.7,89.3,Excellent,5,71.1734693877551,56.63265306122449,,79.08163265306123,77.55102040816327,,99.74489795918367,,,,,,
247,Cody Gakpo,M,wide,0,1,six_eight_hybrid,6/8 Hybrid,371,5,5,40,Liverpool,39,Premier League,7.263881401617251,69.3,82.7,65.9,84.6,Very Good,6,72.64957264957265,57.26495726495726,,100.0,64.1025641025641,,73.50427350427351,,,,,30.76923076923077,
67889,Hakon Arnar Haraldsson,M,wide,0,0,eight_ten_hybrid,8/10 Hybrid,371,5,5,79,Lille,61,Ligue 1,6.94078167115903,63.5,82.7,61.2,75.9,Very Good,6,91.07142857142857,,,,,,69.64285714285714,76.78571428571429,2.232142857142857,50.0,99.10714285714286,,
41324,Ricardo Mangas,M,wide,0,0,eight_ten_hybrid,8/10 Hybrid,371,5,5,1579,Monza,135,Serie A,6.830458221024259,50.5,82.7,50.4,56.2,Good,6,9.821428571428571,,,,,,0.0,61.60714285714286,96.42857142857143,50.0,91.96428571428571,,
134926,Daniel Maldini,M,wide,0,1,six_eight_hybrid,6/8 Hybrid,369,5,5,490,Cagliari,135,Serie A,7.016802168021679,44.7,82.7,45.7,36.8,Below Average,6,61.53846153846154,28.205128205128204,,98.29059829059828,5.982905982905983,,19.65811965811966,,,,,60.68376068376068,
19201,Jayden Bogle,M,wide,0,1,six_eight_hybrid,6/8 Hybrid,369,5,5,63,Leeds,39,Premier League,6.819512195121951,37.2,82.7,39.4,28.2,Below Average,6,6.837606837606838,63.24786324786324,,34.18803418803419,17.94871794871795,,47.008547008547005,,,,,60.68376068376068,
46658,Rubén García,M,central,1,2,box_to_box_midfielder,Box-to-Box Midfielder (CM / 8),369,7,6,727,Osasuna,140,La Liga,6.69089430894309,49.8,82.7,49.8,54.9,Average,7,54.88721804511278,95.48872180451127,,17.293233082706767,96.99248120300751,,49.24812030075188,,10.150375939849624,11.278195488721805,,,
471040,Alessio Cacciamani,M,wide,0,1,six_eight_hybrid,6/8 Hybrid,368,5,4,503,Torino,135,Serie A,6.695923913043478,57.6,82.7,56.3,65.0,Good,6,79.48717948717949,86.32478632478633,,34.18803418803419,5.982905982905983,,90.5982905982906,,,,,68.37606837606837,
162590,T. Morton,M,central,1,2,box_to_box_midfielder,Box-to-Box Midfielder (CM / 8),366,5,4,80,Lyon,61,Ligue 1,6.697896174863389,35.6,82.7,38.1,14.3,Poor,7,86.46616541353383,51.127819548872175,,48.1203007518797,33.08270676691729,,0.7518796992481203,,10.150375939849624,11.278195488721805,,,
161800,C. Tzolis,M,wide,0,0,eight_ten_hybrid,8/10 Hybrid,365,5,5,42,Arsenal,39,Premier League,6.939863013698631,46.2,82.7,46.8,47.3,Average,6,66.96428571428571,,,,,,0.0,62.5,74.10714285714286,0.8928571428571428,91.96428571428571,,
7562,Romano Schmid,M,central,1,2,box_to_box_midfielder,Box-to-Box Midfielder (CM / 8),365,5,5,512,Frosinone,135,Serie A,6.76986301369863,20.8,82.7,25.9,0.8,Poor,7,8.270676691729323,18.045112781954884,,0.0,7.518796992481203,,27.06766917293233,,100.0,11.278195488721805,,,
873,Federico Bernardeschi,M,wide,0,0,eight_ten_hybrid,8/10 Hybrid,364,5,4,500,Bologna,135,Serie A,7.11923076923077,49.4,82.7,49.5,55.4,Good,6,95.53571428571429,,,,,,41.07142857142857,53.57142857142857,2.232142857142857,52.67857142857143,46.875,,
161585,Francisco Conceição,M,wide,0,0,eight_ten_hybrid,8/10 Hybrid,364,5,5,496,Juventus,135,Serie A,7.317857142857142,59.6,82.7,58.0,68.8,Good,6,66.07142857142857,,,,,,51.78571428571429,62.5,74.10714285714286,52.67857142857143,46.875,,
21618,J. Allevinah,M,wide,0,0,eight_ten_hybrid,8/10 Hybrid,364,5,5,77,Angers,61,Ligue 1,6.626868131868132,9.9,82.7,16.8,0.0,Poor,6,44.642857142857146,,,,,,0.8928571428571428,9.821428571428571,2.232142857142857,0.8928571428571428,0.8928571428571428,,
183799,Nico Williams,M,wide,0,0,eight_ten_hybrid,8/10 Hybrid,364,6,4,531,Athletic Club,140,La Liga,7.02554945054945,25.7,82.7,29.9,7.1,Poor,6,6.25,,,,,,2.6785714285714284,53.57142857142857,2.232142857142857,52.67857142857143,0.8928571428571428,,
276662,Pablo Pagis,M,wide,0,0,eight_ten_hybrid,8/10 Hybrid,364,5,5,114,Paris FC,61,Ligue 1,7.0739010989011,47.6,82.7,48.0,50.0,Average,6,65.17857142857143,,,,,,3.571428571428571,62.5,74.10714285714286,52.67857142857143,0.0,,
47516,Aleix García,M,central,1,0,attacking_midfielder,Attacking Midfielder (AM / 10),360,4,4,168,Bayer Leverkusen,78,Bundesliga,7.475,56.9,82.7,55.7,71.0,Very Good,6,91.39784946236558,,,,,,100.0,100.0,2.1505376344086025,6.451612903225806,60.752688172043015,,
198654,D. Svensson,M,central,1,1,defensive_midfielder,Defensive Midfielder (DM / 6),360,4,4,165,Borussia Dortmund,78,Bundesliga,7.04,87.0,82.7,80.6,98.0,Elite,5,87.24489795918367,86.73469387755102,,97.44897959183673,92.3469387755102,,8.16326530612245,,,,,,
353143,Hennes Behrens,M,central,1,1,defensive_midfielder,Defensive Midfielder (DM / 6),360,4,4,170,FC Augsburg,78,Bundesliga,6.3725,76.5,82.7,71.9,91.8,Excellent,5,1.0204081632653061,98.46938775510205,,99.48979591836735,88.26530612244898,,94.38775510204081,,,,,,
380587,I. Maza,M,wide,0,0,eight_ten_hybrid,8/10 Hybrid,360,4,4,168,Bayer Leverkusen,78,Bundesliga,7.3725,60.4,82.7,58.6,69.6,Good,6,4.464285714285714,,,,,,91.07142857142857,97.32142857142857,75.0,52.67857142857143,0.0,,
2917,M. Eggestein,M,central,1,0,attacking_midfielder,Attacking Midfielder (AM / 10),360,4,4,160,SC Freiburg,78,Bundesliga,7.22,36.3,82.7,38.7,16.1,Poor,6,35.483870967741936,,,,,,43.01075268817204,0.0,2.1505376344086025,98.9247311827957,60.752688172043015,,
260898,N. Remberg,M,central,1,2,box_to_box_midfielder,Box-to-Box Midfielder (CM / 8),360,4,4,175,Hamburger SV,78,Bundesliga,6.507500000000001,44.5,82.7,45.4,32.3,Below Average,7,98.49624060150376,80.07518796992481,,91.72932330827066,7.518796992481203,,0.7518796992481203,,10.150375939849624,11.278195488721805,,,
876,Nicolò Fagioli,M,central,1,1,defensive_midfielder,Defensive Midfielder (DM / 6),360,5,4,502,Fiorentina,135,Serie A,7.075,57.7,82.7,56.4,66.8,Good,5,39.795918367346935,30.102040816326532,,81.12244897959184,71.42857142857143,,82.14285714285714,,,,,,
24969,Philipp Sander,M,central,1,1,defensive_midfielder,Defensive Midfielder (DM / 6),360,4,4,163,Borussia Mönchengladbach,78,Bundesliga,6.525,50.2,82.7,50.2,56.6,Good,5,37.244897959183675,0.0,,81.12244897959184,88.26530612244898,,8.16326530612245,,,,,,
25300,R. Khedira,M,central,1,2,box_to_box_midfielder,Box-to-Box Midfielder (CM / 8),360,4,4,182,Union Berlin,78,Bundesliga,6.057499999999999,36.8,82.7,39.0,17.3,Poor,6,3.7593984962406015,97.74436090225564,,18.796992481203006,69.92481203007519,,,,10.150375939849624,11.278195488721805,,,
162219,R. Onyedika,M,central,1,2,box_to_box_midfielder,Box-to-Box Midfielder (CM / 8),360,4,4,169,Eintracht Frankfurt,78,Bundesliga,6.71,45.0,82.7,45.9,34.6,Below Average,7,54.88721804511278,97.74436090225564,,48.87218045112782,79.69924812030075,,0.7518796992481203,,10.150375939849624,11.278195488721805,,,
363226,Rayan Bamba,M,central,1,2,box_to_box_midfielder,Box-to-Box Midfielder (CM / 8),360,4,4,1298,Le Mans,61,Ligue 1,6.744999999999999,65.3,82.7,62.7,88.0,Excellent,7,94.73684210526315,80.07518796992481,,48.87218045112782,94.73684210526315,,42.10526315789473,,95.48872180451127,11.278195488721805,,,
363156,S. Castañeda,M,central,1,1,defensive_midfielder,Defensive Midfielder (DM / 6),360,4,4,185,SC Paderborn 07,78,Bundesliga,7.105,73.6,82.7,69.5,89.3,Excellent,4,43.36734693877551,75.0,,98.46938775510205,71.42857142857143,,,,,,,,
280090,S. El-Faouzi,M,central,1,2,box_to_box_midfielder,Box-to-Box Midfielder (CM / 8),360,4,4,174,FC Schalke 04,78,Bundesliga,6.640000000000001,52.7,82.7,52.2,58.6,Good,7,8.270676691729323,39.097744360902254,,91.72932330827066,97.74436090225564,,96.2406015037594,,10.150375939849624,11.278195488721805,,,
40533,Ł. Poręba,M,central,1,2,box_to_box_midfielder,Box-to-Box Midfielder (CM / 8),360,4,4,1660,SV Elversberg,78,Bundesliga,6.8325,37.9,82.7,40.0,18.8,Poor,6,96.99248120300751,0.7518796992481203,,91.72932330827066,7.518796992481203,,,,10.150375939849624,11.278195488721805,,,
33889,Kaishu Sano,M,central,1,0,attacking_midfielder,Attacking Midfielder (AM / 10),358,4,4,164,FSV Mainz 05,78,Bundesliga,7.051396648044692,45.6,82.7,46.4,37.6,Below Average,6,86.02150537634408,,,,,,0.0,64.51612903225806,97.84946236559139,6.451612903225806,0.0,,
50,Koke,M,central,1,0,attacking_midfielder,Attacking Midfielder (AM / 10),358,7,4,530,Atletico Madrid,140,La Liga,7.436312849162011,40.5,82.7,42.2,30.1,Below Average,6,89.24731182795699,,,,,,2.1505376344086025,78.49462365591397,2.1505376344086025,6.451612903225806,99.46236559139786,,
303467,Abdul Fatawu Issahaku,M,wide,0,1,six_eight_hybrid,6/8 Hybrid,357,5,5,57,Ipswich,39,Premier League,6.703025210084034,63.7,82.6,61.3,75.2,Very Good,6,6.837606837606838,40.17094017094017,,98.29059829059828,82.90598290598291,,90.5982905982906,,,,,47.863247863247864,
284322,Kobbie Mainoo,M,central,1,1,defensive_midfielder,Defensive Midfielder (DM / 6),357,5,4,33,Manchester United,39,Premier League,7.435854341736694,70.2,82.6,66.7,86.7,Excellent,5,100.0,87.24489795918367,,83.16326530612244,11.224489795918368,,95.40816326530613,,,,,,
47541,Santi Comesaña,M,central,1,1,defensive_midfielder,Defensive Midfielder (DM / 6),357,6,5,533,Villarreal,140,La Liga,6.599159663865547,55.1,82.6,54.2,64.3,Good,5,81.63265306122449,0.0,,97.44897959183673,41.3265306122449,,82.14285714285714,,,,,,
30438,Nicolò Cambiaghi,M,wide,0,1,six_eight_hybrid,6/8 Hybrid,356,5,5,500,Bologna,135,Serie A,6.430337078651685,56.9,82.6,55.7,62.4,Good,6,91.45299145299145,52.991452991452995,,35.04273504273504,5.982905982905983,,99.14529914529915,,,,,94.87179487179486,
44,Rodri,M,central,1,1,defensive_midfielder,Defensive Midfielder (DM / 6),356,6,4,529,Barcelona,140,La Liga,7.604775280898877,93.2,82.6,85.7,99.5,Elite,5,100.0,98.46938775510205,,98.46938775510205,88.26530612244898,,37.244897959183675,,,,,,
7073,M. Grüll,M,wide,0,1,six_eight_hybrid,6/8 Hybrid,355,4,4,162,Werder Bremen,78,Bundesliga,7.656619718309859,84.9,82.6,78.8,96.6,Elite,6,33.33333333333333,91.45299145299145,,100.0,97.43589743589743,,99.14529914529915,,,,,72.64957264957265,
909,Marcus Rashford,M,wide,0,0,eight_ten_hybrid,8/10 Hybrid,355,5,4,33,Manchester United,39,Premier League,6.682366197183098,42.3,82.6,43.7,42.0,Average,6,31.25,,,,,,81.25,97.32142857142857,2.232142857142857,0.8928571428571428,6.25,,
24854,G. Prömel,M,central,1,2,box_to_box_midfielder,Box-to-Box Midfielder (CM / 8),354,4,4,172,VfB Stuttgart,78,Bundesliga,6.567118644067797,28.2,82.6,32.0,2.3,Poor,7,57.14285714285714,6.7669172932330826,,19.548872180451127,0.0,,0.7518796992481203,,10.150375939849624,96.99248120300751,,,
714,Nadiem Amiri,M,wide,0,0,eight_ten_hybrid,8/10 Hybrid,354,4,4,164,FSV Mainz 05,78,Bundesliga,6.931497175141243,48.5,82.6,48.8,51.8,Average,6,69.64285714285714,,,,,,83.03571428571429,98.21428571428571,2.232142857142857,0.8928571428571428,5.357142857142857,,
174806,A. Mille,M,wide,0,1,six_eight_hybrid,6/8 Hybrid,353,5,4,110,Estac Troyes,61,Ligue 1,7.113031161473087,62.9,82.6,60.7,73.5,Very Good,6,72.64957264957265,76.06837606837607,,69.23076923076923,100.0,,17.094017094017094,,,,,4.273504273504273,
291964,Arda Güler,M,wide,0,0,eight_ten_hybrid,8/10 Hybrid,353,7,6,541,Real Madrid,140,La Liga,7.474504249291785,79.5,82.6,74.3,95.5,Elite,6,94.64285714285714,,,,,,82.14285714285714,100.0,96.42857142857143,52.67857142857143,29.464285714285715,,
331004,Chuky San José,M,wide,0,0,eight_ten_hybrid,8/10 Hybrid,353,4,4,162,Werder Bremen,78,Bundesliga,6.942492917847025,61.1,82.6,59.1,69.6,Good,6,47.32142857142857,,,,,,100.0,68.75,96.42857142857143,0.8928571428571428,71.42857142857143,,
163032,F. Rieder,M,central,1,0,attacking_midfielder,Attacking Midfielder (AM / 10),353,4,4,170,FC Augsburg,78,Bundesliga,7.335694050991502,70.3,82.6,66.8,89.2,Excellent,6,24.731182795698924,,,,,,97.84946236559139,24.731182795698924,100.0,88.17204301075269,93.54838709677419,,
104821,Jon Guridi,M,central,1,2,box_to_box_midfielder,Box-to-Box Midfielder (CM / 8),353,7,6,536,Sevilla,140,La Liga,6.434022662889517,38.1,82.6,40.2,19.5,Poor,7,75.18796992481202,8.270676691729323,,5.263157894736842,34.58646616541353,,27.06766917293233,,10.150375939849624,96.99248120300751,,,
177452,L. Petkov,M,wide,0,1,six_eight_hybrid,6/8 Hybrid,353,4,4,1660,SV Elversberg,78,Bundesliga,6.850396600566572,47.6,82.6,48.1,42.7,Average,6,0.0,44.44444444444444,,69.23076923076923,100.0,,7.6923076923076925,,,,,37.60683760683761,
7712,Morten Hjulmand,M,central,1,1,defensive_midfielder,Defensive Midfielder (DM / 6),353,7,4,530,Atletico Madrid,140,La Liga,6.992634560906516,84.8,82.6,78.7,98.0,Elite,5,98.46938775510205,100.0,,97.44897959183673,42.857142857142854,,99.74489795918367,,,,,,
329,Piotr Zieliński,M,central,1,0,attacking_midfielder,Attacking Midfielder (AM / 10),352,5,4,505,Inter,135,Serie A,7.300568181818182,45.7,82.6,46.4,37.6,Below Average,6,97.84946236559139,,,,,,0.0,0.0,78.49462365591397,88.17204301075269,25.806451612903224,,
1934,Sander Berge,M,central,1,0,attacking_midfielder,Attacking Midfielder (AM / 10),352,5,4,36,Fulham,39,Premier League,6.514772727272727,38.5,82.6,40.5,25.8,Below Average,5,87.09677419354838,,,,,,,49.46236559139785,2.1505376344086025,6.451612903225806,99.46236559139786,,
178709,Y. Engelhardt,M,central,1,2,box_to_box_midfielder,Box-to-Box Midfielder (CM / 8),352,4,4,160,SC Freiburg,78,Bundesliga,7.151136363636365,52.5,82.6,52.1,57.1,Good,7,83.45864661654136,58.64661654135338,,92.4812030075188,0.0,,8.646616541353383,,10.150375939849624,100.0,,,
162249,Francho Serrano,M,central,1,1,defensive_midfielder,Defensive Midfielder (DM / 6),351,5,5,546,Getafe,140,La Liga,6.75977207977208,33.0,82.6,36.0,14.8,Poor,5,52.55102040816326,4.081632653061225,,65.81632653061224,12.755102040816327,,37.244897959183675,,,,,,
24868,J. Vagnoman,M,wide,0,0,eight_ten_hybrid,8/10 Hybrid,351,4,4,172,VfB Stuttgart,78,Bundesliga,7.036153846153846,65.0,82.6,62.4,75.9,Very Good,6,45.535714285714285,,,,,,69.64285714285714,54.46428571428571,75.89285714285714,90.17857142857143,46.875,,
390586,L. Avdullahu,M,central,1,1,defensive_midfielder,Defensive Midfielder (DM / 6),350,4,4,167,1899 Hoffenheim,78,Bundesliga,6.818285714285714,55.8,82.6,54.8,64.3,Good,5,78.06122448979592,38.265306122448976,,97.44897959183673,25.0,,0.25510204081632654,,,,,,
37153,W. Burger,M,central,1,1,defensive_midfielder,Defensive Midfielder (DM / 6),349,4,4,167,1899 Hoffenheim,78,Bundesliga,6.5742120343839545,37.9,82.6,40.0,28.1,Below Average,5,6.122448979591836,79.59183673469387,,16.3265306122449,43.36734693877551,,37.244897959183675,,,,,,
25342,M. Mittelstädt,M,central,1,0,attacking_midfielder,Attacking Midfielder (AM / 10),348,4,4,172,VfB Stuttgart,78,Bundesliga,7.75603448275862,74.0,82.6,69.8,93.5,Excellent,6,19.35483870967742,,,,,,80.10752688172043,100.0,78.49462365591397,88.17204301075269,17.20430107526882,,
278133,Oscar Bobb,M,wide,0,1,six_eight_hybrid,6/8 Hybrid,348,5,5,36,Fulham,39,Premier League,6.717931034482759,55.2,82.6,54.3,57.3,Good,6,87.17948717948718,27.350427350427353,,99.14529914529915,70.94017094017094,,3.418803418803419,,,,,21.367521367521366,
1156,T. Krauß,M,central,1,2,box_to_box_midfielder,Box-to-Box Midfielder (CM / 8),348,4,4,192,1. FC Köln,78,Bundesliga,6.393419540229885,31.8,82.6,35.0,8.3,Poor,7,84.21052631578947,1.5037593984962405,,99.24812030075188,8.270676691729323,,0.7518796992481203,,10.150375939849624,11.278195488721805,,,
362564,A. Daghim,M,wide,0,1,six_eight_hybrid,6/8 Hybrid,347,4,4,167,1899 Hoffenheim,78,Bundesliga,6.956772334293948,27.5,82.6,31.4,15.4,Poor,6,3.418803418803419,3.418803418803419,,93.16239316239316,36.75213675213676,,1.7094017094017095,,,,,0.8547008547008548,
270509,Andy Diouf,M,wide,0,0,eight_ten_hybrid,8/10 Hybrid,345,5,4,505,Inter,135,Serie A,7.334782608695652,69.9,82.6,66.4,81.2,Very Good,6,100.0,,,,,,41.07142857142857,97.32142857142857,100.0,0.8928571428571428,91.96428571428571,,
25915,Phillipp Mwene,M,central,1,1,defensive_midfielder,Defensive Midfielder (DM / 6),344,4,4,164,FSV Mainz 05,78,Bundesliga,7.110930232558139,41.1,82.5,42.6,33.2,Below Average,5,4.081632653061225,90.3061224489796,,2.0408163265306123,61.224489795918366,,37.244897959183675,,,,,,
280070,F. Keidel,M,central,1,2,box_to_box_midfielder,Box-to-Box Midfielder (CM / 8),343,4,4,1660,SV Elversberg,78,Bundesliga,6.659708454810496,61.4,82.5,59.4,78.9,Very Good,7,54.13533834586466,50.37593984962406,,99.24812030075188,9.022556390977442,,92.4812030075188,,10.150375939849624,96.99248120300751,,,
345388,Afonso Moreira,M,wide,0,0,eight_ten_hybrid,8/10 Hybrid,340,4,4,168,Bayer Leverkusen,78,Bundesliga,6.45264705882353,22.4,82.5,27.2,5.4,Poor,6,34.82142857142857,,,,,,100.0,4.464285714285714,2.232142857142857,0.8928571428571428,5.357142857142857,,
400948,Assane Diao,M,wide,0,0,eight_ten_hybrid,8/10 Hybrid,339,5,4,895,Como,135,Serie A,7.323598820058996,79.0,82.5,73.9,93.8,Excellent,6,83.03571428571429,,,,,,75.89285714285714,97.32142857142857,77.67857142857143,91.07142857142857,9.821428571428571,,
163078,L. Curda,M,wide,0,1,six_eight_hybrid,6/8 Hybrid,337,4,4,185,SC Paderborn 07,78,Bundesliga,7.076320474777448,68.1,82.5,64.9,84.6,Very Good,6,10.256410256410255,92.3076923076923,,100.0,94.01709401709401,,47.008547008547005,,,,,22.22222222222222,
1864,Pedro Neto,M,wide,0,1,six_eight_hybrid,6/8 Hybrid,336,5,4,49,Chelsea,39,Premier League,6.640625,51.7,82.5,51.4,48.7,Average,6,76.06837606837607,8.547008547008547,,99.14529914529915,38.46153846153847,,73.50427350427351,,,,,0.0,
347644,Arthur Atta,M,wide,0,0,eight_ten_hybrid,8/10 Hybrid,335,5,4,502,Fiorentina,135,Serie A,6.428059701492538,23.6,82.5,28.2,5.4,Poor,6,99.10714285714286,,,,,,3.571428571428571,28.57142857142857,2.232142857142857,0.8928571428571428,5.357142857142857,,
265820,Y. Ayari,M,wide,0,0,eight_ten_hybrid,8/10 Hybrid,334,4,4,51,Brighton,39,Premier League,7.177664670658683,33.5,82.5,36.4,16.1,Poor,6,99.10714285714286,,,,,,35.714285714285715,5.357142857142857,2.232142857142857,57.14285714285714,1.7857142857142856,,
343205,Mario Martín,M,wide,0,1,six_eight_hybrid,6/8 Hybrid,333,4,4,546,Getafe,140,La Liga,6.425225225225225,37.9,82.5,40.0,29.1,Below Average,6,33.33333333333333,10.256410256410255,,75.21367521367522,38.46153846153847,,0.0,,,,,81.19658119658119,
7592,R. Obermair,M,central,1,2,box_to_box_midfielder,Box-to-Box Midfielder (CM / 8),333,4,4,185,SC Paderborn 07,78,Bundesliga,6.516216216216215,51.5,82.5,51.3,56.4,Good,7,36.84210526315789,97.74436090225564,,100.0,10.526315789473683,,80.45112781954887,,10.150375939849624,11.278195488721805,,,
343286,E. Banzuzi,M,central,1,2,box_to_box_midfielder,Box-to-Box Midfielder (CM / 8),330,4,4,173,RB Leipzig,78,Bundesliga,6.626121212121212,52.9,82.4,52.4,58.6,Good,7,94.73684210526315,63.1578947368421,,5.263157894736842,86.46616541353383,,27.06766917293233,,96.99248120300751,11.278195488721805,,,
895,James Garner,M,central,1,1,defensive_midfielder,Defensive Midfielder (DM / 6),330,5,4,45,Everton,39,Premier League,6.825151515151516,68.8,82.4,65.5,83.2,Very Good,4,92.85714285714286,77.55102040816327,,21.428571428571427,88.26530612244898,,,,,,,,
335051,João Neves,M,central,1,1,defensive_midfielder,Defensive Midfielder (DM / 6),330,4,4,85,Paris Saint Germain,61,Ligue 1,7.024545454545454,85.0,82.4,78.8,98.0,Elite,5,93.87755102040816,80.61224489795919,,95.91836734693877,88.26530612244898,,0.25510204081632654,,,,,,
349001,Wesley,M,central,1,0,attacking_midfielder,Attacking Midfielder (AM / 10),330,5,4,497,AS Roma,135,Serie A,7.363636363636363,58.3,82.4,56.8,73.1,Very Good,6,24.731182795698924,,,,,,84.94623655913979,100.0,83.87096774193549,6.451612903225806,0.0,,
137129,A. Aouchiche,M,wide,0,0,eight_ten_hybrid,8/10 Hybrid,329,4,4,174,FC Schalke 04,78,Bundesliga,7.296717325227963,48.8,82.4,49.0,51.8,Average,6,6.25,,,,,,69.64285714285714,83.03571428571429,2.232142857142857,58.03571428571429,46.875,,
162106,Yunus Musah,M,central,1,1,defensive_midfielder,Defensive Midfielder (DM / 6),329,5,3,489,AC Milan,135,Serie A,6.764133738601824,51.8,82.4,51.5,59.7,Good,5,92.85714285714286,99.48979591836735,,21.428571428571427,0.0,,60.71428571428571,,,,,,
22147,Manu Koné,M,central,1,0,attacking_midfielder,Attacking Midfielder (AM / 10),328,5,4,497,AS Roma,135,Serie A,7.603963414634146,56.9,82.4,55.7,71.0,Very Good,6,79.56989247311827,,,,,,43.01075268817204,56.98924731182796,2.1505376344086025,98.9247311827957,80.64516129032258,,
745,Isco,M,wide,0,0,eight_ten_hybrid,8/10 Hybrid,327,7,4,543,Real Betis,140,La Liga,6.781957186544344,64.4,82.4,61.8,75.9,Very Good,6,97.32142857142857,,,,,,95.53571428571429,100.0,2.232142857142857,0.8928571428571428,99.10714285714286,,
340152,S. Idumbo-Muzambo,M,wide,0,0,eight_ten_hybrid,8/10 Hybrid,325,4,4,91,Monaco,61,Ligue 1,7.124430769230769,44.2,82.4,45.2,42.9,Average,6,79.46428571428571,,,,,,95.53571428571429,13.392857142857142,2.232142857142857,59.82142857142857,23.214285714285715,,
339887,C. Uzun,M,wide,0,0,eight_ten_hybrid,8/10 Hybrid,324,4,4,169,Eintracht Frankfurt,78,Bundesliga,7.367592592592594,60.5,82.4,58.6,69.6,Good,6,65.17857142857143,,,,,,24.107142857142858,94.64285714285714,2.232142857142857,91.96428571428571,46.875,,
24845,J. Ryerson,M,central,1,2,box_to_box_midfielder,Box-to-Box Midfielder (CM / 8),323,4,4,165,Borussia Dortmund,78,Bundesliga,7.018297213622291,20.1,82.4,25.4,0.0,Poor,7,14.285714285714285,3.7593984962406015,,96.2406015037594,0.0,,1.8796992481203008,,10.150375939849624,11.278195488721805,,,
38124,L. Reis,M,central,1,1,defensive_midfielder,Defensive Midfielder (DM / 6),323,4,4,162,Werder Bremen,78,Bundesliga,6.744891640866872,65.1,82.4,62.5,78.6,Very Good,5,81.63265306122449,87.75510204081633,,4.081632653061225,95.91836734693877,,37.244897959183675,,,,,,
333116,Reda Belahyane,M,central,1,1,defensive_midfielder,Defensive Midfielder (DM / 6),323,5,3,487,Lazio,135,Serie A,7.039318885448916,66.4,82.4,63.5,80.6,Very Good,5,100.0,80.61224489795919,,22.95918367346939,81.63265306122449,,2.295918367346939,,,,,,
199143,Y. Suzuki,M,wide,0,0,eight_ten_hybrid,8/10 Hybrid,323,4,4,160,SC Freiburg,78,Bundesliga,7.599752321981423,71.4,82.4,67.6,83.9,Very Good,6,92.85714285714286,,,,,,51.78571428571429,77.67857142857143,2.232142857142857,100.0,99.10714285714286,,
20,Axel Witsel,M,central,1,0,attacking_midfielder,Attacking Midfielder (AM / 10),322,4,4,84,Nice,61,Ligue 1,6.643975155279502,14.8,82.4,21.0,0.0,Poor,6,100.0,,,,,,19.35483870967742,0.0,2.1505376344086025,6.451612903225806,2.1505376344086025,,
598615,Emanuele Lulli,M,central,1,1,defensive_midfielder,Defensive Midfielder (DM / 6),322,5,4,497,AS Roma,135,Serie A,7.028571428571428,63.1,82.4,60.8,76.0,Very Good,5,81.12244897959184,94.89795918367348,,4.081632653061225,71.93877551020408,,82.14285714285714,,,,,,
277306,M. Sangaré,M,central,1,1,defensive_midfielder,Defensive Midfielder (DM / 6),322,5,5,55,Brentford,39,Premier League,6.67052795031056,72.1,82.4,68.2,89.3,Excellent,5,9.183673469387756,75.0,,92.3469387755102,97.44897959183673,,82.14285714285714,,,,,,
46887,Pedro Díaz,M,wide,0,0,eight_ten_hybrid,8/10 Hybrid,322,7,3,728,Rayo Vallecano,140,La Liga,6.780900621118012,52.4,82.4,52.0,58.9,Good,6,91.96428571428571,,,,,,100.0,91.96428571428571,2.232142857142857,0.8928571428571428,0.8928571428571428,,
280334,G. Vidović,M,wide,0,0,eight_ten_hybrid,8/10 Hybrid,320,4,4,185,SC Paderborn 07,78,Bundesliga,6.495625,27.8,82.4,31.7,8.0,Poor,6,97.32142857142857,,,,,,83.03571428571429,0.8928571428571428,2.232142857142857,0.8928571428571428,0.0,,
2287,Ross Barkley,M,wide,0,0,eight_ten_hybrid,8/10 Hybrid,320,5,4,66,Aston Villa,39,Premier League,6.555124999999999,42.7,82.4,44.0,42.0,Average,6,97.32142857142857,,,,,,100.0,50.0,2.232142857142857,0.8928571428571428,0.8928571428571428,,
300885,Nelson Deossa,M,wide,0,1,six_eight_hybrid,6/8 Hybrid,319,7,3,543,Real Betis,140,La Liga,6.923824451410658,80.8,82.4,75.4,94.0,Excellent,6,70.94017094017094,79.48717948717949,,95.72649572649573,94.01709401709401,,99.14529914529915,,,,,14.529914529914532,
311543,Nilson Angulo,M,wide,0,1,six_eight_hybrid,6/8 Hybrid,318,5,5,746,Sunderland,39,Premier League,6.553459119496855,64.9,82.4,62.2,76.9,Very Good,6,87.17948717948718,35.8974358974359,,95.72649572649573,30.76923076923077,,99.14529914529915,,,,,44.44444444444444,
47317,Ander Barrenetxea,M,wide,0,0,eight_ten_hybrid,8/10 Hybrid,317,7,5,548,Real Sociedad,140,La Liga,6.67794952681388,37.2,82.3,39.5,26.8,Below Average,6,24.107142857142858,,,,,,95.53571428571429,0.0,2.232142857142857,93.75,1.7857142857142856,,
135749,Félix Correia,M,wide,0,0,eight_ten_hybrid,8/10 Hybrid,317,6,4,536,Sevilla,140,La Liga,6.561640378548896,17.7,82.3,23.4,3.6,Poor,6,0.0,,,,,,8.928571428571429,14.285714285714285,80.35714285714286,0.8928571428571428,5.357142857142857,,
2476,Guido Rodríguez,M,central,1,1,defensive_midfielder,Defensive Midfielder (DM / 6),317,4,4,532,Valencia,140,La Liga,7.170977917981072,69.1,82.3,65.7,83.2,Very Good,5,40.816326530612244,53.06122448979592,,92.85714285714286,90.3061224489796,,37.244897959183675,,,,,,
110,H. Massengo,M,central,1,0,attacking_midfielder,Attacking Midfielder (AM / 10),317,4,4,170,FC Augsburg,78,Bundesliga,6.711766561514194,35.0,82.3,37.7,15.1,Poor,5,8.60215053763441,,,,,,,40.86021505376344,87.09677419354838,6.451612903225806,0.0,,
84086,Robert Navarro,M,wide,0,0,eight_ten_hybrid,8/10 Hybrid,317,6,4,531,Athletic Club,140,La Liga,7.423217665615142,59.4,82.3,57.7,68.8,Good,6,71.42857142857143,,,,,,44.642857142857146,51.78571428571429,2.232142857142857,93.75,99.10714285714286,,
31010,Federico Dimarco,M,central,1,0,attacking_midfielder,Attacking Midfielder (AM / 10),316,5,4,505,Inter,135,Serie A,7.317088607594936,61.1,82.3,59.1,78.5,Very Good,6,35.483870967741936,,,,,,84.94623655913979,100.0,88.17204301075269,6.451612903225806,8.60215053763441,,
15799,Frank Onyeka,M,central,1,2,box_to_box_midfielder,Box-to-Box Midfielder (CM / 8),316,4,4,1346,Coventry,39,Premier League,6.3975949367088605,37.8,82.3,39.9,18.8,Poor,7,4.511278195488721,98.49624060150376,,100.0,30.075187969924812,,0.7518796992481203,,10.150375939849624,11.278195488721805,,,
338201,H. Picard,M,central,1,2,box_to_box_midfielder,Box-to-Box Midfielder (CM / 8),316,5,5,110,Estac Troyes,61,Ligue 1,6.798101265822784,29.2,82.3,32.9,4.5,Poor,7,82.70676691729322,1.5037593984962405,,61.65413533834586,30.075187969924812,,0.7518796992481203,,10.150375939849624,11.278195488721805,,,
342268,L. Ulrich,M,central,1,1,defensive_midfielder,Defensive Midfielder (DM / 6),316,4,4,185,SC Paderborn 07,78,Bundesliga,6.3575632911392415,21.6,82.3,26.6,4.1,Poor,4,6.122448979591836,13.26530612244898,,22.95918367346939,40.816326530612244,,,,,,,,
162266,Lucas Da Cunha,M,central,1,0,attacking_midfielder,Attacking Midfielder (AM / 10),316,5,4,895,Como,135,Serie A,7.301582278481013,46.4,82.3,47.0,43.0,Average,6,97.84946236559139,,,,,,73.11827956989248,95.6989247311828,2.1505376344086025,6.451612903225806,0.0,,
402265,Arthur Avom Ebong,M,central,1,1,defensive_midfielder,Defensive Midfielder (DM / 6),314,5,4,97,Lorient,61,Ligue 1,7.273821656050956,83.8,82.3,77.8,97.4,Elite,5,71.93877551020408,90.81632653061224,,100.0,85.20408163265306,,8.16326530612245,,,,,,
51266,Gianluca Busio,M,central,1,0,attacking_midfielder,Attacking Midfielder (AM / 10),314,4,4,517,Venezia,135,Serie A,7.171974522292993,51.5,82.3,51.2,57.0,Good,6,92.47311827956989,,,,,,73.11827956989248,40.86021505376344,98.9247311827957,6.451612903225806,0.0,,
339417,Pape Diop,M,central,1,1,defensive_midfielder,Defensive Midfielder (DM / 6),314,5,3,95,Strasbourg,61,Ligue 1,6.95031847133758,91.6,82.3,84.2,99.5,Elite,5,92.3469387755102,98.46938775510205,,78.06122448979592,95.91836734693877,,99.74489795918367,,,,,,
26,M. Wolf,M,wide,0,0,eight_ten_hybrid,8/10 Hybrid,312,4,4,170,FC Augsburg,78,Bundesliga,6.798942307692308,45.7,82.3,46.5,46.4,Average,6,1.7857142857142856,,,,,,88.39285714285714,86.60714285714286,2.232142857142857,0.8928571428571428,100.0,,
334037,Tyrique George,M,wide,0,0,eight_ten_hybrid,8/10 Hybrid,312,5,4,45,Everton,39,Premier League,7.273557692307693,57.9,82.3,56.5,68.8,Good,6,88.39285714285714,,,,,,97.32142857142857,66.07142857142857,2.232142857142857,63.39285714285714,5.357142857142857,,
328033,A. Pavlović,M,central,1,0,attacking_midfielder,Attacking Midfielder (AM / 10),311,4,4,157,Bayern München,78,Bundesliga,7.61951768488746,82.6,82.3,76.8,97.8,Elite,6,90.32258064516128,,,,,,100.0,78.49462365591397,88.17204301075269,93.54838709677419,25.806451612903224,,
957,Djibril Sow,M,central,1,0,attacking_midfielder,Attacking Midfielder (AM / 10),311,6,4,495,Genoa,135,Serie A,6.759163987138264,49.9,82.3,50.0,53.8,Average,6,81.72043010752688,,,,,,0.0,91.39784946236558,88.17204301075269,6.451612903225806,0.0,,
754,Luka Modrić,M,central,1,1,defensive_midfielder,Defensive Midfielder (DM / 6),311,5,4,489,AC Milan,135,Serie A,7.167202572347267,50.8,82.3,50.6,58.2,Good,5,99.48979591836735,20.918367346938776,,97.44897959183673,2.5510204081632653,,12.5,,,,,,
335095,Hugo Bolin,M,wide,0,0,eight_ten_hybrid,8/10 Hybrid,309,4,4,163,Borussia Mönchengladbach,78,Bundesliga,7.316504854368931,53.5,82.3,52.8,60.7,Good,6,34.82142857142857,,,,,,69.64285714285714,34.82142857142857,2.232142857142857,93.75,100.0,,
2771,Ola Aina,M,central,1,2,box_to_box_midfielder,Box-to-Box Midfielder (CM / 8),309,5,4,65,Nottingham Forest,39,Premier League,6.97443365695793,53.5,82.3,52.8,60.2,Good,7,9.774436090225564,87.21804511278195,,63.90977443609023,96.99248120300751,,80.45112781954887,,10.150375939849624,11.278195488721805,,,
6716,Alexis Mac Allister,M,central,1,1,defensive_midfielder,Defensive Midfielder (DM / 6),308,5,4,40,Liverpool,39,Premier League,7.233766233766234,45.7,82.3,46.5,42.3,Average,5,77.55102040816327,20.918367346938776,,5.1020408163265305,92.3469387755102,,12.5,,,,,,
161921,Giovanni Reyna,M,wide,0,0,eight_ten_hybrid,8/10 Hybrid,308,5,4,95,Strasbourg,61,Ligue 1,6.80025974025974,53.5,82.3,52.9,60.7,Good,6,97.32142857142857,,,,,,24.107142857142858,54.46428571428571,2.232142857142857,65.17857142857143,83.48214285714286,,
136117,Rodrigo Riquelme,M,wide,0,1,six_eight_hybrid,6/8 Hybrid,308,7,4,543,Real Betis,140,La Liga,6.9876623376623375,71.2,82.3,67.5,87.2,Excellent,6,65.8119658119658,86.32478632478633,,100.0,15.384615384615385,,99.14529914529915,,,,,61.53846153846154,
350856,E. Nuamah,M,wide,0,0,eight_ten_hybrid,8/10 Hybrid,307,5,4,80,Lyon,61,Ligue 1,7.820097719869707,61.9,82.3,59.8,72.3,Very Good,6,28.57142857142857,,,,,,94.64285714285714,35.714285714285715,83.03571428571429,100.0,20.535714285714285,,
548704,Javi Morcillo,M,central,1,1,defensive_midfielder,Defensive Midfielder (DM / 6),307,7,3,797,Elche,140,La Liga,6.55472312703583,67.0,82.3,64.0,81.6,Very Good,4,99.48979591836735,20.918367346938776,,93.87755102040816,60.204081632653065,,,,,,,,
25634,Michaël Cuisance,M,central,1,2,box_to_box_midfielder,Box-to-Box Midfielder (CM / 8),307,5,4,116,Lens,61,Ligue 1,6.181107491856678,40.2,82.3,41.9,21.8,Poor,7,98.49624060150376,0.0,,86.46616541353383,48.87218045112782,,16.165413533834585,,10.150375939849624,11.278195488721805,,,
104949,Pablo Martínez,M,central,1,0,attacking_midfielder,Attacking Midfielder (AM / 10),307,6,3,535,Malaga,140,La Liga,6.856677524429967,50.0,82.3,50.0,53.8,Average,6,62.365591397849464,,,,,,0.0,92.47311827956989,88.17204301075269,6.451612903225806,17.20430107526882,,
272,Adrien Rabiot,M,central,1,0,attacking_midfielder,Attacking Midfielder (AM / 10),306,5,3,489,AC Milan,135,Serie A,7.051960784313726,62.3,82.3,60.1,80.6,Very Good,6,55.91397849462365,,,,,,43.01075268817204,5.376344086021505,98.9247311827957,98.9247311827957,93.54838709677419,,
56851,Michael Folorunsho,M,central,1,1,defensive_midfielder,Defensive Midfielder (DM / 6),306,4,3,1579,Monza,135,Serie A,6.758823529411764,32.2,82.3,35.4,13.8,Poor,5,24.489795918367346,20.918367346938776,,25.510204081632654,61.224489795918366,,8.16326530612245,,,,,,
156477,Rayan Cherki,M,wide,0,0,eight_ten_hybrid,8/10 Hybrid,305,5,4,50,Manchester City,39,Premier League,7.750983606557377,94.3,82.3,86.5,100.0,Elite,6,100.0,,,,,,88.39285714285714,97.32142857142857,97.32142857142857,100.0,71.42857142857143,,
143831,R. Fellhauer,M,central,1,2,box_to_box_midfielder,Box-to-Box Midfielder (CM / 8),304,4,4,170,FC Augsburg,78,Bundesliga,6.377927631578948,17.6,82.3,23.3,0.0,Poor,7,0.0,0.0,,5.263157894736842,4.511278195488721,,0.7518796992481203,,10.150375939849624,100.0,,,
284356,Shea Charles,M,central,1,1,defensive_midfielder,Defensive Midfielder (DM / 6),304,5,3,36,Fulham,39,Premier League,6.860855263157895,61.8,82.3,59.7,74.0,Very Good,5,90.3061224489796,53.06122448979592,,100.0,3.061224489795918,,94.38775510204081,,,,,,
19617,M. Olise,M,wide,0,0,eight_ten_hybrid,8/10 Hybrid,303,4,3,157,Bayern München,78,Bundesliga,8.116831683168318,85.0,82.2,78.7,96.4,Elite,6,82.14285714285714,,,,,,58.92857142857143,97.32142857142857,83.03571428571429,100.0,70.08928571428571,,
137210,A. Stiller,M,central,1,2,box_to_box_midfielder,Box-to-Box Midfielder (CM / 8),302,4,4,172,VfB Stuttgart,78,Bundesliga,6.551887417218542,33.4,82.2,36.3,11.3,Poor,7,98.49624060150376,17.293233082706767,,87.96992481203007,0.0,,0.7518796992481203,,10.150375939849624,11.278195488721805,,,
286710,D. Scherhant,M,wide,0,0,eight_ten_hybrid,8/10 Hybrid,302,4,4,160,SC Freiburg,78,Bundesliga,7.488046357615894,53.9,82.2,53.2,62.5,Good,6,19.642857142857142,,,,,,0.8928571428571428,89.28571428571429,97.32142857142857,66.96428571428571,5.357142857142857,,
455245,Darryl Bakola,M,central,1,1,defensive_midfielder,Defensive Midfielder (DM / 6),302,4,3,488,Sassuolo,135,Serie A,7.23046357615894,65.8,82.2,63.0,80.1,Very Good,5,75.0,89.79591836734694,,0.0,97.95918367346938,,77.29591836734694,,,,,,
20372,Jack Rudoni,M,wide,0,0,eight_ten_hybrid,8/10 Hybrid,301,5,4,1346,Coventry,39,Premier League,6.536345514950166,33.5,82.2,36.4,16.1,Poor,6,15.178571428571427,,,,,,0.0,89.28571428571429,2.232142857142857,0.8928571428571428,83.48214285714286,,
24147,M. Camara,M,wide,0,0,eight_ten_hybrid,8/10 Hybrid,300,4,3,94,Rennes,61,Ligue 1,6.702,36.6,82.2,39.0,25.0,Below Average,6,100.0,,,,,,100.0,18.75,2.232142857142857,0.8928571428571428,14.285714285714285,,
364566,George Hemmings,M,central,1,2,box_to_box_midfielder,Box-to-Box Midfielder (CM / 8),299,5,4,66,Aston Villa,39,Premier League,6.184280936454849,25.4,82.2,29.8,1.5,Poor,7,14.285714285714285,3.007518796992481,,0.0,53.383458646616546,,80.45112781954887,,10.150375939849624,11.278195488721805,,,
951,M. Aebischer,M,central,1,2,box_to_box_midfielder,Box-to-Box Midfielder (CM / 8),299,4,4,182,Union Berlin,78,Bundesliga,6.176421404682274,21.5,82.2,26.6,0.8,Poor,7,27.06766917293233,18.796992481203006,,5.263157894736842,73.68421052631578,,0.7518796992481203,,10.150375939849624,11.278195488721805,,,
380690,M. Moore,M,wide,0,0,eight_ten_hybrid,8/10 Hybrid,299,5,4,192,1. FC Köln,78,Bundesliga,6.305551839464884,27.5,82.2,31.5,8.0,Poor,6,34.82142857142857,,,,,,91.07142857142857,0.8928571428571428,2.232142857142857,0.8928571428571428,78.57142857142857,,
38747,Quinten Timber,M,wide,0,1,six_eight_hybrid,6/8 Hybrid,299,4,4,52,Crystal Palace,39,Premier League,6.432441471571907,76.5,82.2,71.8,90.6,Excellent,6,40.17094017094017,98.29059829059828,,47.008547008547005,99.14529914529915,,99.14529914529915,,,,,67.52136752136752,
326757,J. Bellingham,M,central,1,1,defensive_midfielder,Defensive Midfielder (DM / 6),298,4,4,165,Borussia Dortmund,78,Bundesliga,6.86255033557047,79.3,82.2,74.1,93.4,Excellent,5,21.428571428571427,100.0,,100.0,81.12244897959184,,94.38775510204081,,,,,,
792,J. Kluivert,M,wide,0,0,eight_ten_hybrid,8/10 Hybrid,298,4,4,35,Bournemouth,39,Premier League,6.829597315436241,44.3,82.2,45.3,42.9,Average,6,22.321428571428573,,,,,,100.0,7.142857142857142,2.232142857142857,69.64285714285714,99.10714285714286,,
433396,Marc Bernal,M,central,1,0,attacking_midfielder,Attacking Midfielder (AM / 10),298,7,4,529,Barcelona,140,La Liga,7.091275167785234,59.7,82.2,57.9,74.2,Very Good,6,60.215053763440864,,,,,,80.10752688172043,79.56989247311827,100.0,6.451612903225806,4.301075268817205,,
30810,Rolando Mandragora,M,wide,0,0,eight_ten_hybrid,8/10 Hybrid,298,5,3,503,Torino,135,Serie A,7.206375838926174,64.3,82.2,61.7,75.9,Very Good,6,92.85714285714286,,,,,,0.0,55.35714285714286,83.92857142857143,69.64285714285714,100.0,,
410840,Ryunosuke Sato,M,central,1,2,box_to_box_midfielder,Box-to-Box Midfielder (CM / 8),297,7,4,532,Valencia,140,La Liga,6.346262626262627,16.2,82.2,22.2,0.0,Poor,7,70.67669172932331,0.0,,0.0,16.541353383458645,,3.007518796992481,,10.150375939849624,11.278195488721805,,,
294824,Nathan-Dylan Saliba,M,central,1,1,defensive_midfielder,Defensive Midfielder (DM / 6),296,5,3,533,Villarreal,140,La Liga,7.039864864864866,87.2,82.2,80.6,98.0,Elite,5,92.85714285714286,82.6530612244898,,94.38775510204081,95.91836734693877,,8.16326530612245,,,,,,
502,J. Kimmich,M,central,1,0,attacking_midfielder,Attacking Midfielder (AM / 10),295,4,4,157,Bayern München,78,Bundesliga,8.040677966101695,74.3,82.2,70.0,93.5,Excellent,6,81.72043010752688,,,,,,100.0,79.56989247311827,100.0,6.451612903225806,99.46236559139786,,
328,Fabián Ruiz,M,central,1,0,attacking_midfielder,Attacking Midfielder (AM / 10),294,5,4,85,Paris Saint Germain,61,Ligue 1,7.1253401360544215,75.2,82.2,70.7,93.5,Excellent,6,80.64516129032258,,,,,,100.0,98.9247311827957,100.0,6.451612903225806,60.752688172043015,,
47007,Iñigo Ruiz de Galarreta,M,wide,0,1,six_eight_hybrid,6/8 Hybrid,294,6,4,531,Athletic Club,140,La Liga,7.029931972789116,68.1,82.2,64.9,84.6,Very Good,6,94.87179487179486,52.991452991452995,,100.0,17.94871794871795,,94.01709401709401,,,,,55.55555555555556,
336594,Pablo Barrios,M,central,1,0,attacking_midfielder,Attacking Midfielder (AM / 10),294,4,3,530,Atletico Madrid,140,La Liga,7.451020408163265,65.1,82.2,62.4,83.9,Very Good,6,76.34408602150538,,,,,,80.10752688172043,67.74193548387096,89.24731182795699,6.451612903225806,93.54838709677419,,
19545,R. James,M,central,1,0,attacking_midfielder,Attacking Midfielder (AM / 10),292,4,3,49,Chelsea,39,Premier League,6.938013698630137,20.5,82.2,25.7,1.1,Poor,6,89.24731182795699,,,,,,0.0,0.0,2.1505376344086025,6.451612903225806,98.38709677419355,,
359603,Luca Koleosho,M,wide,0,0,eight_ten_hybrid,8/10 Hybrid,291,4,4,114,Paris FC,61,Ligue 1,6.807079037800688,26.5,82.2,30.7,8.0,Poor,6,16.964285714285715,,,,,,35.714285714285715,20.535714285714285,84.82142857142857,0.8928571428571428,5.357142857142857,,
362750,Thiago Fernández,M,central,1,2,box_to_box_midfielder,Box-to-Box Midfielder (CM / 8),290,5,5,539,Levante,140,La Liga,6.854137931034482,44.8,82.1,45.7,34.6,Below Average,7,60.902255639097746,30.82706766917293,,70.67669172932331,18.045112781954884,,100.0,,10.150375939849624,11.278195488721805,,,
325,Gianluca Gaetano,M,central,1,1,defensive_midfielder,Defensive Midfielder (DM / 6),288,4,3,499,Atalanta,135,Serie A,6.96875,59.6,82.1,57.9,70.4,Very Good,5,91.83673469387756,5.1020408163265305,,94.89795918367348,48.46938775510204,,82.14285714285714,,,,,,
1463,Joe Willock,M,wide,0,0,eight_ten_hybrid,8/10 Hybrid,287,5,3,34,Newcastle,39,Premier League,7.021951219512195,50.7,82.1,50.6,56.2,Good,6,100.0,,,,,,98.21428571428571,0.8928571428571428,2.232142857142857,97.32142857142857,9.821428571428571,,
152418,N. Ahamada,M,wide,0,0,eight_ten_hybrid,8/10 Hybrid,287,5,5,108,Auxerre,61,Ligue 1,6.543240418118466,34.0,82.1,36.8,16.1,Poor,6,77.67857142857143,,,,,,41.07142857142857,43.75,2.232142857142857,0.8928571428571428,46.875,,
1258,Alexandre Lauray,M,central,1,1,defensive_midfielder,Defensive Midfielder (DM / 6),286,5,4,1298,Le Mans,61,Ligue 1,6.620629370629371,55.3,82.1,54.4,64.3,Good,5,1.0204081632653061,20.918367346938776,,98.46938775510205,84.6938775510204,,82.14285714285714,,,,,,
15908,M. Damsgaard,M,wide,0,0,eight_ten_hybrid,8/10 Hybrid,286,5,4,55,Brentford,39,Premier League,7.0309790209790215,34.4,82.1,37.2,17.9,Poor,6,27.67857142857143,,,,,,69.64285714285714,76.78571428571429,2.232142857142857,0.8928571428571428,0.8928571428571428,,
513776,Yan Diomande,M,wide,0,1,six_eight_hybrid,6/8 Hybrid,284,7,2,541,Real Madrid,140,La Liga,6.954366197183098,80.0,82.1,74.6,93.2,Excellent,6,68.37606837606837,100.0,,88.88888888888889,36.75213675213676,,99.14529914529915,,,,,97.43589743589743,
636,Bernardo Silva,M,central,1,0,attacking_midfielder,Attacking Midfielder (AM / 10),282,7,3,541,Real Madrid,140,La Liga,6.6884397163120575,43.3,82.1,44.5,35.5,Below Average,6,94.6236559139785,,,,,,2.1505376344086025,54.83870967741935,92.47311827956989,6.451612903225806,0.0,,
1150,Tyler Adams,M,central,1,1,defensive_midfielder,Defensive Midfielder (DM / 6),282,5,3,35,Bournemouth,39,Premier League,6.791347517730497,54.8,82.1,54.0,64.3,Good,5,71.93877551020408,9.693877551020408,,100.0,52.04081632653062,,0.25510204081632654,,,,,,
22244,Anthony Caci,M,central,1,0,attacking_midfielder,Attacking Midfielder (AM / 10),281,4,4,164,FSV Mainz 05,78,Bundesliga,6.647224199288256,48.0,82.1,48.3,44.1,Average,6,0.0,,,,,,84.94623655913979,54.83870967741935,92.47311827956989,6.451612903225806,17.20430107526882,,
1461,Denis Suárez,M,wide,0,0,eight_ten_hybrid,8/10 Hybrid,280,7,3,542,Alaves,140,La Liga,6.758928571428571,37.8,82.1,40.0,27.7,Below Average,6,31.25,,,,,,24.107142857142858,97.32142857142857,2.232142857142857,0.8928571428571428,46.875,,
9363,Igor Paixão,M,wide,0,1,six_eight_hybrid,6/8 Hybrid,280,4,4,81,Marseille,61,Ligue 1,6.609857142857143,25.5,82.1,29.9,14.5,Poor,6,93.16239316239316,6.837606837606838,,0.0,0.0,,27.350427350427353,,,,,60.68376068376068,
46731,Pervis Estupiñán,M,central,1,1,defensive_midfielder,Defensive Midfielder (DM / 6),280,5,4,489,AC Milan,135,Serie A,6.711552346570397,54.2,82.1,53.5,62.8,Good,5,99.48979591836735,20.918367346938776,,95.91836734693877,0.5102040816326531,,99.74489795918367,,,,,,
30510,Álex Berenguer,M,wide,0,0,eight_ten_hybrid,8/10 Hybrid,280,6,3,531,Athletic Club,140,La Liga,7.082142857142857,62.1,82.1,60.0,73.2,Very Good,6,33.035714285714285,,,,,,3.571428571428571,99.10714285714286,84.82142857142857,72.32142857142857,46.875,,
341234,Elias Jelert,M,central,1,2,box_to_box_midfielder,Box-to-Box Midfielder (CM / 8),279,5,3,111,Le Havre,61,Ligue 1,6.712903225806452,27.6,82.1,31.6,2.3,Poor,7,84.21052631578947,0.0,,30.82706766917293,24.06015037593985,,27.06766917293233,,10.150375939849624,11.278195488721805,,,
329720,Hugo Álvarez,M,central,1,0,attacking_midfielder,Attacking Midfielder (AM / 10),279,7,6,538,Celta Vigo,140,La Liga,6.913548387096775,36.7,82.1,39.1,16.1,Poor,6,17.20430107526882,,,,,,0.0,54.83870967741935,100.0,6.451612903225806,0.0,,
21386,I. Gomis,M,wide,0,1,six_eight_hybrid,6/8 Hybrid,279,5,4,110,Estac Troyes,61,Ligue 1,6.509139784946237,52.4,82.1,52.0,50.4,Average,6,54.27350427350427,73.50427350427351,,54.700854700854705,81.19658119658119,,1.7094017094017095,,,,,21.367521367521366,
21568,Ruben Aguilar,M,central,1,1,defensive_midfielder,Defensive Midfielder (DM / 6),278,4,3,116,Lens,61,Ligue 1,6.988489208633093,65.3,82.1,62.5,78.6,Very Good,5,100.0,5.1020408163265305,,100.0,75.51020408163265,,2.295918367346939,,,,,,
6002,Exequiel Palacios,M,central,1,1,defensive_midfielder,Defensive Midfielder (DM / 6),277,4,3,57,Ipswich,39,Premier League,6.957400722021662,87.3,82.1,80.6,98.0,Elite,5,93.87755102040816,90.81632653061224,,96.93877551020408,86.22448979591837,,0.25510204081632654,,,,,,
179414,Lucas Calodat,M,central,1,0,attacking_midfielder,Attacking Midfielder (AM / 10),277,5,3,1298,Le Mans,61,Ligue 1,7.375090252707581,64.3,82.1,61.7,82.8,Very Good,6,6.451612903225806,,,,,,65.59139784946237,25.806451612903224,92.47311827956989,94.6236559139785,99.46236559139786,,
47085,Luis Milla,M,central,1,1,defensive_midfielder,Defensive Midfielder (DM / 6),277,5,3,895,Como,135,Serie A,7.126353790613718,59.6,82.1,57.9,70.4,Very Good,5,99.48979591836735,38.265306122448976,,100.0,0.5102040816326531,,99.74489795918367,,,,,,
322865,D. Karim,M,central,1,2,box_to_box_midfielder,Box-to-Box Midfielder (CM / 8),276,5,3,110,Estac Troyes,61,Ligue 1,6.909782608695652,47.8,82.0,48.2,45.9,Average,7,69.17293233082707,21.052631578947366,,33.08270676691729,96.99248120300751,,80.45112781954887,,10.150375939849624,11.278195488721805,,,
22254,Youssouf Fofana,M,wide,0,1,six_eight_hybrid,6/8 Hybrid,276,4,3,536,Sevilla,140,La Liga,7.082246376811594,68.5,82.0,65.1,84.6,Very Good,6,71.7948717948718,82.05128205128204,,88.88888888888889,96.58119658119658,,27.350427350427353,,,,,0.8547008547008548,
237087,E. Fernández,M,central,1,1,defensive_midfielder,Defensive Midfielder (DM / 6),274,4,4,168,Bayer Leverkusen,78,Bundesliga,7.098248175182482,74.2,82.0,69.8,89.3,Excellent,5,100.0,82.14285714285714,,36.224489795918366,95.91836734693877,,12.5,,,,,,
161907,M. Gusto,M,central,1,1,defensive_midfielder,Defensive Midfielder (DM / 6),274,5,4,49,Chelsea,39,Premier League,6.46978102189781,37.9,82.0,40.1,28.1,Below Average,5,19.387755102040817,42.857142857142854,,68.87755102040816,4.591836734693878,,99.74489795918367,,,,,,
5996,Enzo Fernández,M,wide,0,1,six_eight_hybrid,6/8 Hybrid,273,4,3,50,Manchester City,39,Premier League,7.318901098901098,71.8,82.0,67.8,87.2,Excellent,6,94.87179487179486,74.35897435897436,,88.88888888888889,5.982905982905983,,99.14529914529915,,,,,88.03418803418803,
313245,M. Lewis-Skelly,M,central,1,0,attacking_midfielder,Attacking Midfielder (AM / 10),273,5,5,42,Arsenal,39,Premier League,6.929450549450549,11.4,82.0,18.3,0.0,Poor,6,96.7741935483871,,,,,,0.0,0.0,2.1505376344086025,6.451612903225806,0.0,,
40809,Michal Skoras,M,central,1,1,defensive_midfielder,Defensive Midfielder (DM / 6),273,5,3,116,Lens,61,Ligue 1,6.800549450549451,46.2,82.0,46.9,43.4,Average,5,40.816326530612244,51.02040816326531,,98.9795918367347,0.5102040816326531,,8.16326530612245,,,,,,
174703,Théo Le Bris,M,central,1,1,defensive_midfielder,Defensive Midfielder (DM / 6),273,5,3,97,Lorient,61,Ligue 1,6.599560439560441,71.5,82.0,67.7,88.8,Excellent,5,4.081632653061225,77.55102040816327,,98.9795918367347,86.73469387755102,,97.95918367346938,,,,,,
343189,Gvidas Gineitis,M,central,1,2,box_to_box_midfielder,Box-to-Box Midfielder (CM / 8),272,5,4,503,Torino,135,Serie A,6.472794117647059,47.7,82.0,48.1,45.1,Average,7,74.43609022556392,95.48872180451127,,0.0,69.92481203007519,,0.7518796992481203,,99.24812030075188,11.278195488721805,,,
25313,J. Beste,M,wide,0,0,eight_ten_hybrid,8/10 Hybrid,272,4,4,160,SC Freiburg,78,Bundesliga,7.017573529411765,55.1,82.0,54.2,64.3,Good,6,44.642857142857146,,,,,,98.21428571428571,80.35714285714286,85.71428571428571,0.8928571428571428,5.357142857142857,,
439578,David Otorbi,M,central,1,2,box_to_box_midfielder,Box-to-Box Midfielder (CM / 8),270,7,2,532,Valencia,140,La Liga,6.656296296296296,51.0,82.0,50.8,54.9,Average,7,54.13533834586466,100.0,,36.09022556390977,69.92481203007519,,61.65413533834586,,10.150375939849624,11.278195488721805,,,
20558,H. Magnetti,M,central,1,1,defensive_midfielder,Defensive Midfielder (DM / 6),270,4,3,106,Stade Brestois 29,61,Ligue 1,6.935555555555556,97.9,82.0,89.3,100.0,Elite,5,94.89795918367348,98.46938775510205,,100.0,97.44897959183673,,99.74489795918367,,,,,,
196855,J. Anthony,M,wide,0,0,eight_ten_hybrid,8/10 Hybrid,270,5,3,55,Brentford,39,Premier League,6.88237037037037,36.7,82.0,39.1,26.8,Below Average,6,2.6785714285714284,,,,,,3.571428571428571,80.35714285714286,2.232142857142857,74.10714285714286,5.357142857142857,,
30533,Manuel Locatelli,M,central,1,1,defensive_midfielder,Defensive Midfielder (DM / 6),270,3,3,496,Juventus,135,Serie A,7.533333333333333,56.0,82.0,54.9,64.3,Good,4,63.775510204081634,42.857142857142854,,98.9795918367347,19.897959183673468,,,,,,,,
288699,Máximo Perrone,M,central,1,0,attacking_midfielder,Attacking Midfielder (AM / 10),270,5,3,895,Como,135,Serie A,7.263703703703704,54.2,82.0,53.4,63.4,Good,6,100.0,,,,,,0.0,96.7741935483871,93.54838709677419,6.451612903225806,0.0,,
158644,M. Beier,M,wide,0,0,eight_ten_hybrid,8/10 Hybrid,269,4,4,165,Borussia Dortmund,78,Bundesliga,7.245613382899628,34.9,82.0,37.6,18.8,Poor,6,29.464285714285715,,,,,,0.0,9.821428571428571,85.71428571428571,75.0,1.7857142857142856,,
295026,Martin Baturina,M,wide,0,0,eight_ten_hybrid,8/10 Hybrid,269,5,5,895,Como,135,Serie A,7.154275092936803,71.6,82.0,67.7,83.9,Very Good,6,96.42857142857143,,,,,,100.0,26.785714285714285,85.71428571428571,98.21428571428571,29.464285714285715,,
324034,Gustavo Puerta,M,wide,0,1,six_eight_hybrid,6/8 Hybrid,268,3,3,4665,Racing Santander,140,La Liga,7.072388059701493,60.7,82.0,58.8,70.1,Very Good,6,100.0,13.675213675213676,,58.97435897435898,86.32478632478633,,32.47863247863248,,,,,90.5982905982906,
2489,L. Díaz,M,wide,0,0,eight_ten_hybrid,8/10 Hybrid,268,4,4,157,Bayern München,78,Bundesliga,6.908544776119403,56.4,82.0,55.3,67.0,Good,6,93.75,,,,,,54.46428571428571,48.214285714285715,2.232142857142857,75.0,67.85714285714286,,
443163,Pablo García,M,wide,0,0,eight_ten_hybrid,8/10 Hybrid,268,7,3,4665,Racing Santander,140,La Liga,6.675932835820895,58.1,82.0,56.7,68.8,Good,6,100.0,,,,,,92.85714285714286,9.821428571428571,2.232142857142857,98.21428571428571,67.85714285714286,,
925,Gonçalo Guedes,M,wide,0,1,six_eight_hybrid,6/8 Hybrid,267,6,4,548,Real Sociedad,140,La Liga,6.166928838951312,53.1,82.0,52.6,52.1,Average,6,94.01709401709401,35.8974358974359,,12.82051282051282,44.44444444444444,,94.87179487179486,,,,,61.53846153846154,
475575,Caleb Yirenkyi,M,central,1,2,box_to_box_midfielder,Box-to-Box Midfielder (CM / 8),266,5,4,1346,Coventry,39,Premier League,6.565488721804512,25.3,82.0,29.8,1.5,Poor,7,86.46616541353383,18.045112781954884,,37.59398496240601,0.0,,8.646616541353383,,10.150375939849624,11.278195488721805,,,
408635,Ebenezer Akinsanmiro,M,central,1,0,attacking_midfielder,Attacking Midfielder (AM / 10),266,4,3,1579,Monza,135,Serie A,6.561654135338347,58.3,82.0,56.8,73.1,Very Good,5,91.39784946236558,,,,,,100.0,33.33333333333333,93.54838709677419,6.451612903225806,,,
2906,Jae-sung Lee,M,central,1,0,attacking_midfielder,Attacking Midfielder (AM / 10),266,4,4,164,FSV Mainz 05,78,Bundesliga,6.748383458646616,54.9,82.0,54.0,64.5,Good,6,0.0,,,,,,100.0,79.56989247311827,93.54838709677419,6.451612903225806,0.0,,
277003,N. El Aynaoui,M,central,1,1,defensive_midfielder,Defensive Midfielder (DM / 6),266,4,3,173,RB Leipzig,78,Bundesliga,6.693609022556391,54.3,82.0,53.5,62.8,Good,5,98.9795918367347,38.265306122448976,,92.85714285714286,5.1020408163265305,,8.16326530612245,,,,,,
386287,Ethan Mbappé,M,wide,0,0,eight_ten_hybrid,8/10 Hybrid,263,5,5,79,Lille,61,Ligue 1,7.028212927756654,59.5,81.9,57.8,68.8,Good,6,70.53571428571429,,,,,,69.64285714285714,51.78571428571429,2.232142857142857,75.89285714285714,100.0,,
629,Kevin De Bruyne,M,wide,0,0,eight_ten_hybrid,8/10 Hybrid,263,5,2,492,Napoli,135,Serie A,7.12319391634981,76.2,81.9,71.4,90.2,Excellent,6,52.67857142857143,,,,,,99.10714285714286,100.0,87.5,75.89285714285714,0.8928571428571428,,
33224,Daizen Maeda,M,central,1,2,box_to_box_midfielder,Box-to-Box Midfielder (CM / 8),262,5,4,57,Ipswich,39,Premier League,6.209465648854962,31.5,81.9,34.8,8.3,Poor,7,96.2406015037594,0.0,,0.0,94.73684210526315,,0.7518796992481203,,10.150375939849624,11.278195488721805,,,
282125,R. Lavia,M,central,1,1,defensive_midfielder,Defensive Midfielder (DM / 6),262,5,5,49,Chelsea,39,Premier League,6.77469465648855,76.7,81.9,71.9,91.8,Excellent,5,77.55102040816327,96.42857142857143,,97.44897959183673,43.36734693877551,,37.244897959183675,,,,,,
328617,William Cole Campbell,M,wide,0,1,six_eight_hybrid,6/8 Hybrid,261,4,4,1660,SV Elversberg,78,Bundesliga,6.781340996168583,32.5,81.9,35.6,20.5,Poor,6,57.26495726495726,33.33333333333333,,0.0,0.0,,53.84615384615385,,,,,91.45299145299145,
341642,J. Hato,M,central,1,0,attacking_midfielder,Attacking Midfielder (AM / 10),260,5,5,49,Chelsea,39,Premier League,6.734423076923077,50.8,81.9,50.7,55.9,Good,5,3.225806451612903,,,,,,100.0,36.55913978494624,100.0,6.451612903225806,,,
309388,Matteo Prati,M,central,1,2,box_to_box_midfielder,Box-to-Box Midfielder (CM / 8),260,6,3,4665,Racing Santander,140,La Liga,6.424461538461539,43.0,81.9,44.3,27.1,Below Average,7,38.34586466165413,80.07518796992481,,42.10526315789473,27.819548872180448,,80.45112781954887,,10.150375939849624,11.278195488721805,,,
1323,Dani Olmo,M,wide,0,0,eight_ten_hybrid,8/10 Hybrid,259,7,3,529,Barcelona,140,La Liga,7.6702702702702705,69.3,81.9,65.8,79.5,Very Good,6,100.0,,,,,,92.85714285714286,100.0,100.0,0.8928571428571428,1.7857142857142856,,
13736,Daniel Muñoz,M,central,1,2,box_to_box_midfielder,Box-to-Box Midfielder (CM / 8),259,5,3,65,Nottingham Forest,39,Premier League,6.83088803088803,43.6,81.9,44.8,27.8,Below Average,7,87.96992481203007,90.22556390977444,,7.518796992481203,86.46616541353383,,0.7518796992481203,,10.150375939849624,11.278195488721805,,,
30542,Jens Odgaard,M,wide,0,1,six_eight_hybrid,6/8 Hybrid,259,5,3,500,Bologna,135,Serie A,6.523938223938224,22.4,81.9,27.3,6.8,Poor,6,49.572649572649574,5.128205128205128,,12.82051282051282,0.0,,19.65811965811966,,,,,83.76068376068376,
270510,M. Tel,M,wide,0,0,eight_ten_hybrid,8/10 Hybrid,259,4,4,47,Tottenham,39,Premier League,6.247683397683398,26.9,81.9,31.1,8.0,Poor,6,82.14285714285714,,,,,,76.78571428571429,9.821428571428571,2.232142857142857,0.8928571428571428,0.8928571428571428,,
338751,Víctor Muñoz,M,wide,0,1,six_eight_hybrid,6/8 Hybrid,259,5,3,40,Liverpool,39,Premier League,6.841698841698841,52.5,81.9,52.1,50.4,Average,6,71.7948717948718,52.13675213675214,,93.16239316239316,6.837606837606838,,19.65811965811966,,,,,83.76068376068376,
32966,Ao Tanaka,M,central,1,1,defensive_midfielder,Defensive Midfielder (DM / 6),258,5,3,63,Leeds,39,Premier League,6.987209302325581,71.3,81.9,67.4,88.3,Excellent,5,91.83673469387756,99.48979591836735,,11.224489795918368,82.14285714285714,,94.38775510204081,,,,,,
183744,Beñat Turrientes,M,central,1,0,attacking_midfielder,Attacking Midfielder (AM / 10),258,7,5,548,Real Sociedad,140,La Liga,6.890077519379845,45.5,81.9,46.3,37.6,Below Average,6,94.6236559139785,,,,,,100.0,37.634408602150536,2.1505376344086025,6.451612903225806,99.46236559139786,,
66387,P. Šulc,M,wide,0,0,eight_ten_hybrid,8/10 Hybrid,258,5,3,80,Lyon,61,Ligue 1,6.929457364341086,48.0,81.9,48.4,50.0,Average,6,40.17857142857143,,,,,,8.928571428571429,83.03571428571429,100.0,0.8928571428571428,46.875,,
33142,S. Tanaka,M,central,1,1,defensive_midfielder,Defensive Midfielder (DM / 6),258,4,3,174,FC Schalke 04,78,Bundesliga,6.64,53.5,81.9,52.8,61.7,Good,5,0.0,50.0,,100.0,43.87755102040816,,99.74489795918367,,,,,,
1427,A. Sambi Lokonga,M,central,1,1,defensive_midfielder,Defensive Midfielder (DM / 6),257,3,3,175,Hamburger SV,78,Bundesliga,6.530389105058365,37.1,81.9,39.4,26.5,Below Average,5,76.0204081632653,56.63265306122449,,0.0,23.46938775510204,,37.244897959183675,,,,,,
178749,Lazar Samardžić,M,wide,0,1,six_eight_hybrid,6/8 Hybrid,257,5,3,499,Atalanta,135,Serie A,6.846303501945525,67.1,81.9,64.0,82.1,Very Good,6,88.03418803418803,37.60683760683761,,100.0,89.74358974358975,,55.55555555555556,,,,,0.8547008547008548,
187318,Marc Aguado,M,central,1,0,attacking_midfielder,Attacking Midfielder (AM / 10),257,7,6,797,Elche,140,La Liga,6.82023346303502,44.7,81.9,45.7,35.5,Below Average,5,84.94623655913979,,,,,,,0.0,2.1505376344086025,95.6989247311828,99.46236559139786,,
37144,Ridgeciano Haps,M,central,1,1,defensive_midfielder,Defensive Midfielder (DM / 6),257,4,3,517,Venezia,135,Serie A,6.529961089494163,56.2,81.9,55.1,64.3,Good,5,60.204081632653065,84.18367346938776,,74.48979591836735,1.530612244897959,,82.14285714285714,,,,,,
336585,Mateus Fernandes,M,central,1,0,attacking_midfielder,Attacking Midfielder (AM / 10),256,5,3,47,Tottenham,39,Premier League,6.802382812499999,34.4,81.9,37.2,14.0,Poor,6,100.0,,,,,,43.01075268817204,64.51612903225806,2.1505376344086025,6.451612903225806,1.0752688172043012,,
161883,Y. Regeer,M,central,1,1,defensive_midfielder,Defensive Midfielder (DM / 6),256,3,3,162,Werder Bremen,78,Bundesliga,7.1059765625,90.7,81.9,83.3,99.0,Elite,5,76.53061224489795,100.0,,97.44897959183673,84.18367346938776,,99.74489795918367,,,,,,
283252,Z. El Ouahdi,M,central,1,1,defensive_midfielder,Defensive Midfielder (DM / 6),256,3,3,175,Hamburger SV,78,Bundesliga,5.956718749999999,35.3,81.9,37.9,20.9,Poor,5,7.653061224489796,65.3061224489796,,11.224489795918368,44.38775510204081,,69.89795918367348,,,,,,
343558,Lennon Miller,M,central,1,1,defensive_midfielder,Defensive Midfielder (DM / 6),254,5,2,494,Udinese,135,Serie A,6.372047244094488,38.4,81.9,40.5,28.6,Below Average,5,37.244897959183675,0.5102040816326531,,97.44897959183673,6.122448979591836,,97.95918367346938,,,,,,
226765,Elliot Stroud,M,central,1,2,box_to_box_midfielder,Box-to-Box Midfielder (CM / 8),253,5,4,64,Hull City,39,Premier League,6.470750988142292,35.4,81.9,38.1,14.3,Poor,7,1.5037593984962405,23.308270676691727,,44.3609022556391,48.87218045112782,,100.0,,10.150375939849624,11.278195488721805,,,
56560,Youssef Maleh,M,central,1,2,box_to_box_midfielder,Box-to-Box Midfielder (CM / 8),253,5,2,867,Lecce,135,Serie A,6.406719367588933,45.0,81.9,45.9,35.3,Below Average,7,94.73684210526315,12.030075187969924,,96.99248120300751,77.44360902255639,,0.7518796992481203,,10.150375939849624,11.278195488721805,,,
279905,B. Conté,M,wide,0,0,eight_ten_hybrid,8/10 Hybrid,252,4,3,167,1899 Hoffenheim,78,Bundesliga,6.8011904761904765,56.4,81.9,55.3,67.0,Good,6,33.035714285714285,,,,,,100.0,85.71428571428571,99.10714285714286,0.8928571428571428,0.0,,
90594,J. Dina Ebimbe,M,wide,0,1,six_eight_hybrid,6/8 Hybrid,252,4,3,174,FC Schalke 04,78,Bundesliga,6.684920634920634,51.3,81.9,51.1,48.7,Average,6,11.11111111111111,72.64957264957265,,14.529914529914532,100.0,,73.50427350427351,,,,,11.965811965811966,
31273,Tommaso Pobega,M,central,1,2,box_to_box_midfielder,Box-to-Box Midfielder (CM / 8),252,5,4,500,Bologna,135,Serie A,6.64404761904762,36.9,81.9,39.3,17.3,Poor,7,93.98496240601504,1.5037593984962405,,81.203007518797,50.37593984962406,,0.7518796992481203,,10.150375939849624,11.278195488721805,,,
265782,D. Møller Wolfe,M,central,1,2,box_to_box_midfielder,Box-to-Box Midfielder (CM / 8),251,3,3,175,Hamburger SV,78,Bundesliga,6.076494023904382,10.2,81.9,17.4,0.0,Poor,7,3.7593984962406015,0.0,,45.11278195488722,0.0,,0.7518796992481203,,10.150375939849624,11.278195488721805,,,
47969,Gabriel Gudmundsson,M,central,1,1,defensive_midfielder,Defensive Midfielder (DM / 6),251,4,3,63,Leeds,39,Premier League,7.156573705179282,58.9,81.9,57.2,69.4,Good,5,0.0,95.40816326530613,,45.40816326530612,92.3469387755102,,11.224489795918368,,,,,,
185202,Juan Cruz,M,central,1,0,attacking_midfielder,Attacking Midfielder (AM / 10),251,7,4,535,Malaga,140,La Liga,6.561593625498007,30.5,81.9,34.1,8.6,Poor,6,23.655913978494624,,,,,,43.01075268817204,0.0,93.54838709677419,6.451612903225806,17.20430107526882,,
334925,Oumar Ngom,M,central,1,1,defensive_midfielder,Defensive Midfielder (DM / 6),251,5,3,867,Lecce,135,Serie A,6.61792828685259,63.5,81.9,61.0,77.0,Very Good,5,6.63265306122449,53.06122448979592,,78.06122448979592,97.44897959183673,,99.74489795918367,,,,,,
21587,E. Skhiri,M,central,1,0,attacking_midfielder,Attacking Midfielder (AM / 10),250,4,3,192,1. FC Köln,78,Bundesliga,7.2216,49.3,81.9,49.4,50.5,Average,6,98.9247311827957,,,,,,0.0,65.59139784946237,100.0,6.451612903225806,17.20430107526882,,
375598,Ngal'ayel Mukau,M,central,1,1,defensive_midfielder,Defensive Midfielder (DM / 6),250,5,2,79,Lille,61,Ligue 1,6.847519999999999,34.3,81.9,37.1,19.4,Poor,5,76.0204081632653,1.530612244897959,,47.44897959183674,7.3979591836734695,,99.74489795918367,,,,,,
499380,Sascha Britschgi,M,central,1,2,box_to_box_midfielder,Box-to-Box Midfielder (CM / 8),250,4,3,523,Parma,135,Serie A,6.3768,20.2,81.9,25.6,0.8,Poor,7,60.150375939849624,17.293233082706767,,0.0,30.82706766917293,,8.646616541353383,,10.150375939849624,11.278195488721805,,,
129711,Brennan Johnson,M,central,1,2,box_to_box_midfielder,Box-to-Box Midfielder (CM / 8),249,5,3,45,Everton,39,Premier League,6.288755020080321,51.2,81.8,51.0,55.6,Good,7,4.511278195488721,45.86466165413533,,82.70676691729322,90.22556390977444,,100.0,,10.150375939849624,11.278195488721805,,,
489903,Ilyas Azizi,M,wide,0,1,six_eight_hybrid,6/8 Hybrid,248,5,3,96,Toulouse,61,Ligue 1,6.500967741935484,45.3,81.8,46.1,38.5,Below Average,6,42.73504273504273,35.04273504273504,,0.0,93.16239316239316,,52.13675213675214,,,,,53.84615384615385,
25380,L. Maina,M,wide,0,0,eight_ten_hybrid,8/10 Hybrid,246,4,3,192,1. FC Köln,78,Bundesliga,6.905121951219512,78.0,81.8,72.9,92.0,Excellent,6,96.42857142857143,,,,,,100.0,76.78571428571429,90.17857142857143,78.57142857142857,0.8928571428571428,,
181421,Abdessamad Ezzalzouli,M,wide,0,0,eight_ten_hybrid,8/10 Hybrid,244,4,3,543,Real Betis,140,La Liga,7.492622950819672,72.2,81.8,68.1,84.8,Very Good,6,90.17857142857143,,,,,,99.10714285714286,76.78571428571429,2.232142857142857,79.46428571428571,83.48214285714286,,
162122,Adrià Altimira,M,central,1,1,defensive_midfielder,Defensive Midfielder (DM / 6),243,6,4,544,Deportivo La Coruna,140,La Liga,6.604938271604938,35.8,81.8,38.4,22.4,Poor,5,71.93877551020408,20.918367346938776,,13.26530612244898,51.53061224489795,,0.5102040816326531,,,,,,
30422,R. Gosens,M,central,1,2,box_to_box_midfielder,Box-to-Box Midfielder (CM / 8),243,4,3,174,FC Schalke 04,78,Bundesliga,6.795473251028806,60.9,81.8,58.9,78.2,Very Good,7,0.0,100.0,,99.24812030075188,100.0,,0.7518796992481203,,10.150375939849624,99.24812030075188,,,
340700,Jacopo Fazzini,M,wide,0,1,six_eight_hybrid,6/8 Hybrid,241,5,4,490,Cagliari,135,Serie A,6.431120331950208,56.1,81.8,55.0,60.7,Good,6,81.19658119658119,5.128205128205128,,100.0,33.33333333333333,,99.14529914529915,,,,,13.675213675213676,
266657,Sávio,M,wide,0,0,eight_ten_hybrid,8/10 Hybrid,241,3,3,47,Tottenham,39,Premier League,7.029460580912863,55.3,81.8,54.3,66.1,Good,6,65.17857142857143,,,,,,82.14285714285714,97.32142857142857,2.232142857142857,0.8928571428571428,83.48214285714286,,
2207,Eduardo Camavinga,M,central,1,1,defensive_midfielder,Defensive Midfielder (DM / 6),240,7,3,541,Real Madrid,140,La Liga,6.882083333333333,89.3,81.8,82.1,99.0,Elite,5,100.0,82.14285714285714,,81.12244897959184,93.87755102040816,,99.74489795918367,,,,,,
47574,Moi Gómez,M,central,1,0,attacking_midfielder,Attacking Midfielder (AM / 10),240,4,4,727,Osasuna,140,La Liga,7.0655833333333335,39.8,81.8,41.6,28.0,Below Average,5,34.40860215053764,,,,,,2.1505376344086025,47.31182795698925,94.6236559139785,6.451612903225806,,,
107210,Riki Rodríguez,M,central,1,2,box_to_box_midfielder,Box-to-Box Midfielder (CM / 8),240,7,5,544,Deportivo La Coruna,140,La Liga,6.439166666666666,40.2,81.8,41.9,21.8,Poor,7,83.45864661654136,0.0,,85.71428571428571,0.0,,80.45112781954887,,10.150375939849624,11.278195488721805,,,
1014,Simon Sohm,M,central,1,0,attacking_midfielder,Attacking Midfielder (AM / 10),240,5,3,517,Venezia,135,Serie A,6.514583333333333,26.7,81.8,30.9,3.2,Poor,6,49.46236559139785,,,,,,13.978494623655912,47.31182795698925,2.1505376344086025,6.451612903225806,60.752688172043015,,
327599,Yassine Titraoui,M,central,1,1,defensive_midfielder,Defensive Midfielder (DM / 6),240,3,3,116,Lens,61,Ligue 1,6.9625,81.5,81.8,75.8,96.4,Elite,5,85.71428571428571,82.14285714285714,,81.12244897959184,93.87755102040816,,2.295918367346939,,,,,,
47209,Andrés Martín,M,wide,0,1,six_eight_hybrid,6/8 Hybrid,239,3,3,4665,Racing Santander,140,La Liga,6.7468619246861925,60.8,81.8,58.8,70.1,Very Good,6,27.350427350427353,55.55555555555556,,95.72649572649573,61.53846153846154,,55.55555555555556,,,,,58.119658119658126,
20784,Franck Honorat,M,wide,0,0,eight_ten_hybrid,8/10 Hybrid,238,4,3,163,Borussia Mönchengladbach,78,Bundesliga,6.813529411764707,56.9,81.8,55.6,67.0,Good,6,25.892857142857146,,,,,,24.107142857142858,100.0,100.0,0.8928571428571428,91.96428571428571,,
3406,Frank Anguissa,M,wide,0,0,eight_ten_hybrid,8/10 Hybrid,238,4,3,492,Napoli,135,Serie A,6.413924050632911,20.5,81.8,25.9,4.5,Poor,6,55.35714285714286,,,,,,69.64285714285714,2.6785714285714284,2.232142857142857,0.8928571428571428,5.357142857142857,,
410125,M. Yalcouyé,M,wide,0,0,eight_ten_hybrid,8/10 Hybrid,238,5,5,51,Brighton,39,Premier League,7.493487394957984,69.8,81.8,66.2,79.5,Very Good,6,85.71428571428571,,,,,,99.10714285714286,58.92857142857143,2.232142857142857,99.10714285714286,71.42857142857143,,
2598,R. Dōan,M,wide,0,0,eight_ten_hybrid,8/10 Hybrid,238,3,3,169,Eintracht Frankfurt,78,Bundesliga,6.568067226890756,31.8,81.8,35.1,13.4,Poor,6,56.25,,,,,,0.8928571428571428,37.5,91.07142857142857,0.8928571428571428,0.0,,
46667,Kike Barja,M,wide,0,0,eight_ten_hybrid,8/10 Hybrid,237,7,3,727,Osasuna,140,La Liga,6.992735042735043,32.0,81.8,35.3,13.4,Poor,6,5.357142857142857,,,,,,0.0,58.92857142857143,2.232142857142857,80.35714285714286,0.8928571428571428,,
275478,Merwan Ifnaoui,M,wide,0,0,eight_ten_hybrid,8/10 Hybrid,236,3,3,110,Estac Troyes,61,Ligue 1,6.852542372881356,32.8,81.7,35.9,14.3,Poor,5,31.25,,,,,,0.0,97.32142857142857,2.232142857142857,0.8928571428571428,,,
153430,Anthony Elanga,M,wide,0,0,eight_ten_hybrid,8/10 Hybrid,235,3,3,34,Newcastle,39,Premier League,7.3770212765957455,41.0,81.7,42.6,36.6,Below Average,6,0.0,,,,,,8.928571428571429,38.392857142857146,2.232142857142857,99.10714285714286,99.10714285714286,,
387139,Job Ochieng,M,wide,0,0,eight_ten_hybrid,8/10 Hybrid,235,7,5,548,Real Sociedad,140,La Liga,7.216340425531915,41.2,81.7,42.8,38.4,Below Average,6,0.0,,,,,,0.0,38.392857142857146,100.0,80.35714285714286,5.357142857142857,,
4458,Aliou Dieng,M,central,1,1,defensive_midfielder,Defensive Midfielder (DM / 6),234,7,2,532,Valencia,140,La Liga,6.858974358974359,64.2,81.7,61.6,77.6,Very Good,5,75.0,79.59183673469387,,0.0,98.46938775510205,,94.38775510204081,,,,,,
18404,Ephron Mason-Clark,M,wide,0,0,eight_ten_hybrid,8/10 Hybrid,234,4,4,1346,Coventry,39,Premier League,6.228632478632479,19.8,81.7,25.3,4.5,Poor,6,0.0,,,,,,0.0,40.17857142857143,2.232142857142857,0.8928571428571428,91.96428571428571,,
637,F. Nmecha,M,wide,0,1,six_eight_hybrid,6/8 Hybrid,234,4,4,165,Borussia Dortmund,78,Bundesliga,7.132905982905982,85.7,81.7,79.2,96.6,Elite,6,100.0,96.58119658119658,,100.0,94.01709401709401,,73.50427350427351,,,,,15.384615384615385,
133185,Johnny Cardoso,M,central,1,0,attacking_midfielder,Attacking Midfielder (AM / 10),232,7,3,530,Atletico Madrid,140,La Liga,7.167629310344827,35.3,81.7,38.0,16.1,Poor,5,95.6989247311828,,,,,,,0.0,95.6989247311828,6.451612903225806,0.0,,
47566,Javi Galán,M,central,1,1,defensive_midfielder,Defensive Midfielder (DM / 6),231,7,5,538,Celta Vigo,140,La Liga,6.2812987012987005,41.8,81.7,43.3,33.7,Below Average,5,26.02040816326531,84.18367346938776,,0.0,58.673469387755105,,16.83673469387755,,,,,,
354754,Jonathan Asp Jensen,M,wide,0,0,eight_ten_hybrid,8/10 Hybrid,231,7,4,544,Deportivo La Coruna,140,La Liga,6.471428571428572,25.2,81.7,29.7,6.2,Poor,6,90.17857142857143,,,,,,0.0,4.464285714285714,2.232142857142857,0.8928571428571428,100.0,,
386306,César Palacios,M,wide,0,0,eight_ten_hybrid,8/10 Hybrid,229,5,4,36,Fulham,39,Premier League,6.284279475982532,46.7,81.7,47.3,47.3,Average,6,89.28571428571429,,,,,,99.10714285714286,4.464285714285714,2.232142857142857,82.14285714285714,5.357142857142857,,
395559,Kerim Alajbegović,M,wide,0,0,eight_ten_hybrid,8/10 Hybrid,229,5,3,496,Juventus,135,Serie A,6.643231441048035,26.0,81.7,30.4,8.0,Poor,6,61.60714285714286,,,,,,92.85714285714286,0.0,2.232142857142857,0.8928571428571428,23.214285714285715,,
1825,Lucas Torró,M,central,1,1,defensive_midfielder,Defensive Midfielder (DM / 6),229,7,3,727,Osasuna,140,La Liga,6.341921397379912,22.9,81.7,27.9,4.1,Poor,5,8.16326530612245,33.6734693877551,,16.83673469387755,14.795918367346939,,99.74489795918367,,,,,,
162706,Jean Vercruysse,M,central,1,0,attacking_midfielder,Attacking Midfielder (AM / 10),228,4,3,1298,Le Mans,61,Ligue 1,6.575877192982457,37.7,81.7,39.9,21.5,Poor,6,3.225806451612903,,,,,,100.0,0.0,96.7741935483871,6.451612903225806,17.20430107526882,,
26315,Nicolás González,M,wide,0,1,six_eight_hybrid,6/8 Hybrid,228,5,3,496,Juventus,135,Serie A,7.065789473684211,88.4,81.7,81.4,97.4,Elite,6,54.27350427350427,100.0,,100.0,94.01709401709401,,94.01709401709401,,,,,73.50427350427351,
48198,Í. Bergmann Jóhannesson,M,central,1,0,attacking_midfielder,Attacking Midfielder (AM / 10),228,4,4,192,1. FC Köln,78,Bundesliga,6.701710526315789,29.1,81.7,32.9,6.5,Poor,5,30.107526881720432,,,,,,,73.11827956989248,2.1505376344086025,6.451612903225806,17.20430107526882,,
202526,E. Dinkçi,M,central,1,2,box_to_box_midfielder,Box-to-Box Midfielder (CM / 8),227,4,3,162,Werder Bremen,78,Bundesliga,6.534405286343612,17.7,81.7,23.6,0.0,Poor,7,0.0,0.0,,11.278195488721805,0.0,,0.7518796992481203,,10.150375939849624,99.24812030075188,,,
40403,S. Szymański,M,central,1,0,attacking_midfielder,Attacking Midfielder (AM / 10),227,5,5,94,Rennes,61,Ligue 1,7.3240528634361235,65.2,81.7,62.4,83.9,Very Good,6,13.978494623655912,,,,,,0.0,92.47311827956989,96.7741935483871,97.84946236559139,17.20430107526882,,
274300,M. Akliouche,M,central,1,1,defensive_midfielder,Defensive Midfielder (DM / 6),226,5,4,85,Paris Saint Germain,61,Ligue 1,6.42721238938053,63.9,81.7,61.4,77.6,Very Good,5,89.28571428571429,1.530612244897959,,87.75510204081633,94.89795918367348,,0.7653061224489796,,,,,,
339872,Vasilije Adžić,M,wide,0,0,eight_ten_hybrid,8/10 Hybrid,226,5,3,488,Sassuolo,135,Serie A,7.1070796460177,91.7,81.7,84.1,99.1,Elite,6,83.92857142857143,,,,,,69.64285714285714,100.0,91.07142857142857,100.0,100.0,,
673857,Djibril Ouziad,M,wide,0,1,six_eight_hybrid,6/8 Hybrid,225,4,3,111,Le Havre,61,Ligue 1,6.886222222222223,81.4,81.7,75.6,94.0,Excellent,6,65.8119658119658,100.0,,100.0,36.75213675213676,,99.14529914529915,,,,,92.73504273504274,
469321,Sean Steur,M,central,1,0,attacking_midfielder,Attacking Midfielder (AM / 10),225,5,2,34,Newcastle,39,Premier League,6.6817777777777785,29.9,81.7,33.6,7.5,Poor,5,50.53763440860215,,,,,,100.0,20.43010752688172,2.1505376344086025,6.451612903225806,,,
274254,Lucas Bretelle,M,central,1,1,defensive_midfielder,Defensive Midfielder (DM / 6),224,5,3,1298,Le Mans,61,Ligue 1,6.672767857142857,41.8,81.7,43.3,33.7,Below Average,5,80.61224489795919,0.0,,99.48979591836735,3.061224489795918,,0.25510204081632654,,,,,,
156490,Niels Nkounkou,M,central,1,1,defensive_midfielder,Defensive Midfielder (DM / 6),223,3,3,84,Nice,61,Ligue 1,6.664304932735426,50.4,81.7,50.3,57.7,Good,5,7.653061224489796,10.714285714285714,,99.48979591836735,84.6938775510204,,2.0408163265306123,,,,,,
32862,Takefusa Kubo,M,wide,0,1,six_eight_hybrid,6/8 Hybrid,223,7,5,548,Real Sociedad,140,La Liga,6.435919282511211,49.2,81.7,49.4,45.3,Average,6,34.18803418803419,91.45299145299145,,21.367521367521366,2.564102564102564,,99.14529914529915,,,,,61.53846153846154,
6503,Nahuel Molina,M,central,1,0,attacking_midfielder,Attacking Midfielder (AM / 10),222,5,2,497,AS Roma,135,Serie A,7.008108108108108,57.7,81.6,56.3,71.0,Very Good,6,41.935483870967744,,,,,,43.01075268817204,98.9247311827957,96.7741935483871,6.451612903225806,17.20430107526882,,
39143,Kristian Thorstvedt,M,wide,0,0,eight_ten_hybrid,8/10 Hybrid,221,5,2,488,Sassuolo,135,Serie A,6.743438914027149,41.4,81.6,42.9,38.4,Below Average,6,97.32142857142857,,,,,,100.0,5.357142857142857,2.232142857142857,0.8928571428571428,99.10714285714286,,
46170,Ivan Ilić,M,central,1,0,attacking_midfielder,Attacking Midfielder (AM / 10),220,4,3,867,Lecce,135,Serie A,7.115454545454546,37.0,81.6,39.4,17.2,Poor,6,77.41935483870968,,,,,,13.978494623655912,23.655913978494624,100.0,6.451612903225806,0.0,,
437643,Peio Canales,M,wide,0,0,eight_ten_hybrid,8/10 Hybrid,220,4,2,531,Athletic Club,140,La Liga,6.590909090909091,51.0,81.6,50.8,57.1,Good,6,85.71428571428571,,,,,,69.64285714285714,68.75,2.232142857142857,0.8928571428571428,100.0,,
2204,Benjamin André,M,central,1,1,defensive_midfielder,Defensive Midfielder (DM / 6),219,4,4,79,Lille,61,Ligue 1,6.873789954337899,62.8,81.6,60.5,76.0,Very Good,5,60.204081632653065,84.18367346938776,,21.428571428571427,95.91836734693877,,8.16326530612245,,,,,,
311334,Facundo Buonanotte,M,wide,0,1,six_eight_hybrid,6/8 Hybrid,219,7,3,797,Elche,140,La Liga,6.273287671232876,55.4,81.6,54.4,59.0,Good,6,10.256410256410255,3.418803418803419,,98.29059829059828,91.45299145299145,,98.29059829059828,,,,,5.128205128205128,
631,P. Foden,M,wide,0,0,eight_ten_hybrid,8/10 Hybrid,219,4,3,50,Manchester City,39,Premier League,6.583881278538812,55.0,81.6,54.1,64.3,Good,6,88.39285714285714,,,,,,17.410714285714285,93.75,100.0,0.8928571428571428,5.357142857142857,,
25533,Niklas Schmidt,M,central,1,0,attacking_midfielder,Attacking Midfielder (AM / 10),218,5,2,96,Toulouse,61,Ligue 1,6.903853211009174,33.9,81.6,36.8,12.9,Poor,6,90.32258064516128,,,,,,0.0,92.47311827956989,2.1505376344086025,6.451612903225806,0.0,,
263538,Y. Yarmolyuk,M,central,1,0,attacking_midfielder,Attacking Midfielder (AM / 10),218,5,2,55,Brentford,39,Premier League,6.4455963302752295,39.1,81.6,41.1,28.0,Below Average,6,0.0,,,,,,43.01075268817204,23.655913978494624,96.7741935483871,6.451612903225806,60.752688172043015,,
284570,B. Norton-Cuffy,M,wide,0,0,eight_ten_hybrid,8/10 Hybrid,214,4,3,64,Hull City,135,Serie A,6.568598130841121,32.5,81.6,35.7,14.3,Poor,6,34.82142857142857,,,,,,98.21428571428571,48.214285714285715,2.232142857142857,0.8928571428571428,0.0,,
327831,A. Kemlein,M,central,1,2,box_to_box_midfielder,Box-to-Box Midfielder (CM / 8),213,4,4,182,Union Berlin,78,Bundesliga,6.440140845070424,37.6,81.6,39.9,18.8,Poor,7,36.09022556390977,80.07518796992481,,14.285714285714285,21.804511278195488,,80.45112781954887,,10.150375939849624,11.278195488721805,,,
161621,Loum Tchaouna,M,wide,0,0,eight_ten_hybrid,8/10 Hybrid,213,5,3,1346,Coventry,39,Premier League,6.548826291079813,13.3,81.6,20.0,0.9,Poor,6,10.714285714285714,,,,,,8.928571428571429,20.535714285714285,2.232142857142857,0.8928571428571428,46.875,,
383780,Mikel Jauregizar,M,central,1,1,defensive_midfielder,Defensive Midfielder (DM / 6),212,6,3,531,Athletic Club,140,La Liga,6.910377358490566,76.9,81.6,71.9,91.8,Excellent,5,56.63265306122449,62.244897959183675,,100.0,100.0,,0.25510204081632654,,,,,,
360032,Başar Önal,M,wide,0,1,six_eight_hybrid,6/8 Hybrid,211,5,3,79,Lille,61,Ligue 1,6.467298578199052,20.0,81.6,25.6,6.0,Poor,6,62.39316239316239,0.0,,0.0,19.65811965811966,,0.0,,,,,67.52136752136752,
419035,Mamadou Coulibaly,M,wide,0,1,six_eight_hybrid,6/8 Hybrid,211,3,3,91,Monaco,61,Ligue 1,6.7033175355450245,50.5,81.6,50.4,47.9,Average,6,58.119658119658126,5.128205128205128,,100.0,46.15384615384615,,17.094017094017094,,,,,89.74358974358975,
162067,Timothee Pembele,M,central,1,1,defensive_midfielder,Defensive Midfielder (DM / 6),208,3,3,111,Le Havre,61,Ligue 1,6.409615384615384,57.3,81.5,56.0,65.8,Good,5,5.612244897959184,56.63265306122449,,66.3265306122449,94.38775510204081,,37.244897959183675,,,,,,
126642,P. Wimmer,M,wide,0,0,eight_ten_hybrid,8/10 Hybrid,207,4,4,167,1899 Hoffenheim,78,Bundesliga,6.596666666666667,33.5,81.5,36.6,16.1,Poor,6,22.321428571428573,,,,,,69.64285714285714,76.78571428571429,2.232142857142857,0.8928571428571428,0.0,,
542861,R. Sato,M,central,1,2,box_to_box_midfielder,Box-to-Box Midfielder (CM / 8),207,3,3,532,Valencia,140,La Liga,6.4681159420289855,24.1,81.5,28.9,1.5,Poor,7,87.21804511278195,3.7593984962406015,,0.0,24.81203007518797,,27.06766917293233,,10.150375939849624,11.278195488721805,,,
119121,Trai Hume,M,central,1,2,box_to_box_midfielder,Box-to-Box Midfielder (CM / 8),207,5,3,746,Sunderland,39,Premier League,6.673913043478261,37.0,81.5,39.4,18.0,Poor,7,12.781954887218044,100.0,,15.037593984962406,100.0,,0.7518796992481203,,10.150375939849624,11.278195488721805,,,
362752,Christian Ordoñez,M,wide,0,1,six_eight_hybrid,6/8 Hybrid,205,5,3,523,Parma,135,Serie A,7.242439024390245,90.1,81.5,82.7,98.3,Elite,6,96.58119658119658,100.0,,80.34188034188034,97.43589743589743,,73.50427350427351,,,,,90.5982905982906,
215827,F. Oppegård,M,central,1,2,box_to_box_midfielder,Box-to-Box Midfielder (CM / 8),205,4,2,108,Auxerre,61,Ligue 1,6.184487804878049,38.5,81.5,40.6,21.1,Poor,7,45.86466165413533,0.0,,100.0,0.0,,92.4812030075188,,10.150375939849624,11.278195488721805,,,
512,Jeong Woo-Yeong,M,wide,0,0,eight_ten_hybrid,8/10 Hybrid,205,4,2,182,Union Berlin,78,Bundesliga,6.271121951219512,28.5,81.5,32.4,8.0,Poor,6,25.892857142857146,,,,,,69.64285714285714,54.46428571428571,2.232142857142857,0.8928571428571428,0.0,,
19666,Matt Crooks,M,central,1,2,box_to_box_midfielder,Box-to-Box Midfielder (CM / 8),204,3,3,64,Hull City,39,Premier League,6.853088235294117,35.2,81.5,37.9,14.3,Poor,7,30.82706766917293,84.9624060150376,,0.0,100.0,,0.7518796992481203,,10.150375939849624,11.278195488721805,,,
340573,B. El Khannouss,M,wide,0,0,eight_ten_hybrid,8/10 Hybrid,203,4,3,172,VfB Stuttgart,78,Bundesliga,7.044532019704433,38.5,81.5,40.7,29.5,Below Average,6,49.107142857142854,,,,,,41.07142857142857,25.892857142857146,2.232142857142857,88.39285714285714,5.357142857142857,,
7328,N. Seiwald,M,central,1,1,defensive_midfielder,Defensive Midfielder (DM / 6),203,4,4,173,RB Leipzig,78,Bundesliga,6.546748768472907,72.5,81.5,68.3,89.3,Excellent,5,85.71428571428571,56.63265306122449,,93.87755102040816,51.02040816326531,,99.74489795918367,,,,,,
362741,Santiago Hidalgo,M,wide,0,0,eight_ten_hybrid,8/10 Hybrid,203,5,3,96,Toulouse,61,Ligue 1,6.258374384236452,27.8,81.5,31.9,8.0,Poor,6,16.964285714285715,,,,,,98.21428571428571,0.0,2.232142857142857,0.8928571428571428,100.0,,
277,M. Diaby,M,wide,0,0,eight_ten_hybrid,8/10 Hybrid,202,3,2,168,Bayer Leverkusen,78,Bundesliga,6.396386138613861,34.6,81.5,37.5,18.8,Poor,6,66.96428571428571,,,,,,69.64285714285714,54.46428571428571,2.232142857142857,0.8928571428571428,0.0,,
2181,Giorgi Tsitaishvili,M,wide,0,0,eight_ten_hybrid,8/10 Hybrid,201,6,2,728,Rayo Vallecano,140,La Liga,6.227860696517412,10.8,81.5,18.1,0.9,Poor,6,47.32142857142857,,,,,,0.0,7.142857142857142,2.232142857142857,0.8928571428571428,14.285714285714285,,
30785,A. Schäfer,M,central,1,1,defensive_midfielder,Defensive Midfielder (DM / 6),199,4,3,182,Union Berlin,78,Bundesliga,6.273417085427135,56.8,81.5,55.5,65.3,Good,5,47.44897959183674,0.0,,94.38775510204081,92.3469387755102,,12.5,,,,,,
24798,C. Führich,M,central,1,2,box_to_box_midfielder,Box-to-Box Midfielder (CM / 8),199,3,3,172,VfB Stuttgart,78,Bundesliga,6.209698492462311,41.4,81.5,43.0,24.1,Poor,7,65.41353383458647,98.49624060150376,,0.0,93.23308270676691,,0.7518796992481203,,10.150375939849624,11.278195488721805,,,
1153,Amadou Haidara,M,central,1,1,defensive_midfielder,Defensive Midfielder (DM / 6),197,5,3,116,Lens,61,Ligue 1,6.426395939086294,37.7,81.5,40.0,27.6,Below Average,4,77.55102040816327,51.02040816326531,,29.591836734693878,0.5102040816326531,,,,,,,,
548809,Gnangoro Bouaré,M,central,1,1,defensive_midfielder,Defensive Midfielder (DM / 6),196,5,2,728,Rayo Vallecano,140,La Liga,6.561785714285714,77.6,81.5,72.5,92.9,Excellent,5,30.612244897959183,84.18367346938776,,100.0,81.63265306122449,,99.74489795918367,,,,,,
334915,Farès Ghedjemis,M,wide,0,0,eight_ten_hybrid,8/10 Hybrid,193,3,2,512,Frosinone,135,Serie A,6.767875647668394,21.0,81.4,26.4,4.5,Poor,6,92.85714285714286,,,,,,0.8928571428571428,7.142857142857142,2.232142857142857,0.8928571428571428,46.875,,
542,Ryan Gravenberch,M,central,1,1,defensive_midfielder,Defensive Midfielder (DM / 6),192,5,2,40,Liverpool,39,Premier League,6.809374999999999,52.2,81.4,51.8,59.7,Good,4,86.73469387755102,20.918367346938776,,76.53061224489795,31.63265306122449,,,,,,,,
130423,Billy Gilmour,M,central,1,0,attacking_midfielder,Attacking Midfielder (AM / 10),191,5,2,492,Napoli,135,Serie A,7.378010471204188,49.9,81.4,49.9,53.8,Average,6,72.04301075268818,,,,,,84.94623655913979,0.0,2.1505376344086025,97.84946236559139,99.46236559139786,,
448243,Ali Houary,M,wide,0,0,eight_ten_hybrid,8/10 Hybrid,190,4,4,797,Elche,140,La Liga,6.14,22.6,81.4,27.7,5.4,Poor,6,32.142857142857146,,,,,,28.57142857142857,33.035714285714285,2.232142857142857,0.8928571428571428,46.875,,
162465,Melvin Bard,M,central,1,1,defensive_midfielder,Defensive Midfielder (DM / 6),190,5,2,63,Leeds,61,Ligue 1,6.846315789473683,46.5,81.4,47.2,45.4,Average,5,23.46938775510204,100.0,,33.16326530612245,34.183673469387756,,0.25510204081632654,,,,,,
48491,Vincent Sierro,M,central,1,2,box_to_box_midfielder,Box-to-Box Midfielder (CM / 8),190,3,2,523,Parma,135,Serie A,6.530526315789474,24.6,81.4,29.3,1.5,Poor,7,72.18045112781954,0.0,,72.93233082706767,0.0,,0.7518796992481203,,10.150375939849624,11.278195488721805,,,
37749,J. Veerman,M,central,1,1,defensive_midfielder,Defensive Midfielder (DM / 6),188,4,2,165,Borussia Dortmund,78,Bundesliga,6.845000000000001,56.7,81.4,55.5,64.8,Good,5,34.69387755102041,84.18367346938776,,1.0204081632653061,93.87755102040816,,99.74489795918367,,,,,,
290740,Ilias Akhomach,M,wide,0,1,six_eight_hybrid,6/8 Hybrid,187,7,2,533,Villarreal,140,La Liga,7.226737967914439,56.4,81.4,55.2,62.4,Good,6,83.76068376068376,52.991452991452995,,31.62393162393162,32.47863247863248,,95.72649572649573,,,,,60.68376068376068,
1725,D. Ljubičić,M,central,1,2,box_to_box_midfielder,Box-to-Box Midfielder (CM / 8),185,3,3,174,FC Schalke 04,78,Bundesliga,6.501405405405405,6.2,81.4,14.4,0.0,Poor,7,0.0,1.5037593984962405,,17.293233082706767,0.0,,4.511278195488721,,10.150375939849624,11.278195488721805,,,
313236,E. Nwaneri,M,wide,0,0,eight_ten_hybrid,8/10 Hybrid,185,4,2,165,Borussia Dortmund,78,Bundesliga,6.719135135135135,40.6,81.4,42.3,36.6,Below Average,6,32.142857142857146,,,,,,92.85714285714286,83.03571428571429,2.232142857142857,0.8928571428571428,5.357142857142857,,
119795,Giorgi Kochorashvili,M,central,1,0,attacking_midfielder,Attacking Midfielder (AM / 10),185,6,3,536,Sevilla,140,La Liga,6.758378378378378,22.9,81.4,28.0,1.1,Poor,6,20.43010752688172,,,,,,0.0,0.0,97.84946236559139,6.451612903225806,0.0,,
1482,Thierry Correia,M,wide,0,1,six_eight_hybrid,6/8 Hybrid,185,5,2,517,Venezia,135,Serie A,6.42972972972973,27.2,81.4,31.4,15.4,Poor,6,6.837606837606838,23.076923076923077,,34.18803418803419,33.33333333333333,,32.47863247863248,,,,,31.62393162393162,
2763,Mario Pašalić,M,central,1,2,box_to_box_midfielder,Box-to-Box Midfielder (CM / 8),184,5,2,499,Atalanta,135,Serie A,6.613043478260869,24.0,81.4,28.9,1.5,Poor,7,96.99248120300751,0.0,,18.045112781954884,0.0,,27.06766917293233,,10.150375939849624,11.278195488721805,,,
430354,Livan Burcu,M,wide,0,1,six_eight_hybrid,6/8 Hybrid,183,4,3,182,Union Berlin,78,Bundesliga,6.491256830601094,66.9,81.4,63.7,81.2,Very Good,6,28.205128205128204,94.87179487179486,,100.0,0.0,,99.14529914529915,,,,,88.03418803418803,
19163,Jacob Murphy,M,wide,0,1,six_eight_hybrid,6/8 Hybrid,182,5,2,34,Newcastle,39,Premier League,6.834615384615385,57.7,81.3,56.3,65.0,Good,6,21.367521367521366,93.16239316239316,,0.0,67.52136752136752,,99.14529914529915,,,,,75.21367521367522,
348205,Petar Sučić,M,central,1,1,defensive_midfielder,Defensive Midfielder (DM / 6),182,5,2,505,Inter,135,Serie A,7.20989010989011,58.8,81.3,57.2,68.9,Good,5,72.95918367346938,100.0,,0.0,69.38775510204081,,37.244897959183675,,,,,,
501906,Wael Mohya,M,wide,0,1,six_eight_hybrid,6/8 Hybrid,182,4,3,163,Borussia Mönchengladbach,78,Bundesliga,6.400274725274725,29.8,81.3,33.6,17.1,Poor,6,96.58119658119658,0.8547008547008548,,34.18803418803419,33.33333333333333,,10.256410256410255,,,,,0.8547008547008548,
18872,Lewis Cook,M,central,1,2,box_to_box_midfielder,Box-to-Box Midfielder (CM / 8),181,5,3,35,Bournemouth,39,Premier League,6.571381215469613,39.0,81.3,41.1,21.1,Poor,6,93.98496240601504,9.022556390977442,,100.0,0.0,,,,10.150375939849624,11.278195488721805,,,
641317,Aaron Mayol,M,central,1,2,box_to_box_midfielder,Box-to-Box Midfielder (CM / 8),180,5,3,532,Valencia,140,La Liga,7.05,71.6,81.3,67.6,95.5,Elite,7,96.2406015037594,6.7669172932330826,,100.0,69.92481203007519,,97.74436090225564,,10.150375939849624,100.0,,,
284797,D. Ouattara,M,wide,0,1,six_eight_hybrid,6/8 Hybrid,180,5,4,55,Brentford,39,Premier League,6.701111111111112,38.6,81.3,40.8,29.9,Below Average,6,6.837606837606838,40.17094017094017,,100.0,5.982905982905983,,32.47863247863248,,,,,35.04273504273504,
25466,K. Karaman,M,wide,0,0,eight_ten_hybrid,8/10 Hybrid,180,3,2,174,FC Schalke 04,78,Bundesliga,6.893888888888889,40.6,81.3,42.4,36.6,Below Average,6,6.25,,,,,,99.10714285714286,97.32142857142857,2.232142857142857,0.8928571428571428,0.0,,
21448,Lucas Buades,M,wide,0,1,six_eight_hybrid,6/8 Hybrid,180,3,2,1298,Le Mans,61,Ligue 1,6.75,51.6,81.3,51.3,48.7,Average,6,0.0,100.0,,34.18803418803419,0.0,,99.57264957264957,,,,,98.29059829059828,
