player_id,player_name,archetype_key,archetype_name,feature,weight,raw_value,historical_percentile,reference_players
41552,Pathé Ismaël Ciss,positional_cb,Positional Center Back,pass_accuracy_pct,0.1,89.08,48.1,214
336671,Renato Veiga,positional_cb,Positional Center Back,pass_accuracy_pct,0.1,92.833,89.7,214
162058,Víctor Chust,positional_cb,Positional Center Back,pass_accuracy_pct,0.1,90.456,66.4,214
316115,Ángel Recio,positional_cb,Positional Center Back,pass_accuracy_pct,0.1,92.326,86.4,214
106759,Ville Koski,positional_cb,Positional Center Back,pass_accuracy_pct,0.1,87.215,30.8,214
47250,Djené,positional_cb,Positional Center Back,pass_accuracy_pct,0.1,83.2,5.1,214
329722,Yoel Lago,positional_cb,Positional Center Back,pass_accuracy_pct,0.1,93.3,93.0,214
47463,Pepelu,positional_cb,Positional Center Back,pass_accuracy_pct,0.1,88.347,40.2,214
551403,Rafa Garrido,positional_cb,Positional Center Back,pass_accuracy_pct,0.1,90.106,60.7,214
30399,Dávid Hancko,positional_cb,Positional Center Back,pass_accuracy_pct,0.1,89.474,52.3,214
47533,Alejandro Catena,positional_cb,Positional Center Back,pass_accuracy_pct,0.1,84.367,7.0,214
1145,Ibrahima Konaté,positional_cb,Positional Center Back,pass_accuracy_pct,0.1,94.0,93.9,214
195100,Natan,positional_cb,Positional Center Back,pass_accuracy_pct,0.1,91.691,78.5,214
1567,Aïssa Mandi,positional_cb,Positional Center Back,pass_accuracy_pct,0.1,92.517,86.9,214
361497,Dean Huijsen,positional_cb,Positional Center Back,pass_accuracy_pct,0.1,96.543,100.0,214
622,Aymeric Laporte,positional_cb,Positional Center Back,pass_accuracy_pct,0.1,94.417,94.9,214
338902,Andrés Castrin,positional_cb,Positional Center Back,pass_accuracy_pct,0.1,87.317,30.8,214
14470,Einar Galilea,positional_cb,Positional Center Back,pass_accuracy_pct,0.1,90.833,71.5,214
405073,Jon Martin,positional_cb,Positional Center Back,pass_accuracy_pct,0.1,91.007,72.4,214
30420,Enrico Delprato,positional_cb,Positional Center Back,pass_accuracy_pct,0.1,77.473,0.5,214
142691,Alexsandro Ribeiro,positional_cb,Positional Center Back,pass_accuracy_pct,0.1,92.486,86.9,214
331832,António Silva,positional_cb,Positional Center Back,pass_accuracy_pct,0.1,87.149,30.4,214
33165,Ayumu Seko,positional_cb,Positional Center Back,pass_accuracy_pct,0.1,88.417,40.7,214
278392,C. Cresswell,positional_cb,Positional Center Back,pass_accuracy_pct,0.1,85.0,9.3,214
152967,Calvin Bassey,positional_cb,Positional Center Back,pass_accuracy_pct,0.1,90.057,60.3,214
126949,Chris Richards,positional_cb,Positional Center Back,pass_accuracy_pct,0.1,88.889,45.8,214
126640,David Affengruber,positional_cb,Positional Center Back,pass_accuracy_pct,0.1,88.509,42.5,214
342063,Diego Coppola,positional_cb,Positional Center Back,pass_accuracy_pct,0.1,91.436,75.2,214
175,Eric Dier,positional_cb,Positional Center Back,pass_accuracy_pct,0.1,91.304,73.4,214
22224,Gabriel Magalhães,positional_cb,Positional Center Back,pass_accuracy_pct,0.1,89.531,53.3,214
289761,Giorgio Scalvini,positional_cb,Positional Center Back,pass_accuracy_pct,0.1,95.846,98.6,214
2935,Harry Maguire,positional_cb,Positional Center Back,pass_accuracy_pct,0.1,90.252,63.1,214
18814,Issa Diop,positional_cb,Positional Center Back,pass_accuracy_pct,0.1,90.672,70.6,214
17661,Jarrad Branthwaite,positional_cb,Positional Center Back,pass_accuracy_pct,0.1,84.649,8.4,214
162141,Koni De Winter,positional_cb,Positional Center Back,pass_accuracy_pct,0.1,95.172,98.1,214
319512,Lucas Noubi,positional_cb,Positional Center Back,pass_accuracy_pct,0.1,83.27,5.1,214
163189,Malick Thiaw,positional_cb,Positional Center Back,pass_accuracy_pct,0.1,84.231,6.5,214
67971,Marc Guéhi,positional_cb,Positional Center Back,pass_accuracy_pct,0.1,94.349,94.9,214
50735,Mark McKenzie,positional_cb,Positional Center Back,pass_accuracy_pct,0.1,91.463,76.6,214
50030,Montassar Talbi,positional_cb,Positional Center Back,pass_accuracy_pct,0.1,91.883,82.2,214
312964,Nathan Ngoy,positional_cb,Positional Center Back,pass_accuracy_pct,0.1,90.968,72.4,214
271540,O. Camara,positional_cb,Positional Center Back,pass_accuracy_pct,0.1,91.259,73.4,214
350857,Oliver Provstgaard,positional_cb,Positional Center Back,pass_accuracy_pct,0.1,90.714,71.0,214
498791,R. Le Guen,positional_cb,Positional Center Back,pass_accuracy_pct,0.1,87.705,34.1,214
567,Rúben Dias,positional_cb,Positional Center Back,pass_accuracy_pct,0.1,92.063,84.1,214
428084,Sadibou Sané,positional_cb,Positional Center Back,pass_accuracy_pct,0.1,93.19,92.5,214
45826,Strahinja Pavlović,positional_cb,Positional Center Back,pass_accuracy_pct,0.1,92.0,84.1,214
38734,Sven Botman,positional_cb,Positional Center Back,pass_accuracy_pct,0.1,86.667,27.1,214
39254,Torbjørn Heggem,positional_cb,Positional Center Back,pass_accuracy_pct,0.1,93.895,93.9,214
290,Virgil van Dijk,positional_cb,Positional Center Back,pass_accuracy_pct,0.1,89.573,54.2,214
16367,W. Pacho,positional_cb,Positional Center Back,pass_accuracy_pct,0.1,96.203,99.1,214
428237,Mariano Troilo,positional_cb,Positional Center Back,pass_accuracy_pct,0.1,89.457,52.3,214
7147,F. Bacher,positional_cb,Positional Center Back,pass_accuracy_pct,0.1,89.759,56.5,214
30561,Alessandro Deiola,positional_cb,Positional Center Back,pass_accuracy_pct,0.1,87.113,29.4,214
281826,Alessandro Marcandalli,positional_cb,Positional Center Back,pass_accuracy_pct,0.1,83.092,5.1,214
398000,Genesis Antwi,positional_cb,Positional Center Back,pass_accuracy_pct,0.1,87.845,35.5,214
19093,John Egan,positional_cb,Positional Center Back,pass_accuracy_pct,0.1,78.125,0.5,214
181701,Gerard Martín,positional_cb,Positional Center Back,pass_accuracy_pct,0.1,94.03,94.4,214
320335,James Abankwah,positional_cb,Positional Center Back,pass_accuracy_pct,0.1,89.655,55.1,214
181827,C. Egan-Riley,positional_cb,Positional Center Back,pass_accuracy_pct,0.1,93.06,92.1,214
214310,Nathaniel Adjei,positional_cb,Positional Center Back,pass_accuracy_pct,0.1,94.098,94.4,214
18967,Leo Østigård,positional_cb,Positional Center Back,pass_accuracy_pct,0.1,90.114,60.7,214
2769,Semi Ajayi,positional_cb,Positional Center Back,pass_accuracy_pct,0.1,83.942,6.1,214
47277,Unai Núñez,positional_cb,Positional Center Back,pass_accuracy_pct,0.1,85.911,18.2,214
396623,Pau Cubarsí,positional_cb,Positional Center Back,pass_accuracy_pct,0.1,94.215,94.9,214
3099,Youssouf Ndayishimiye,positional_cb,Positional Center Back,pass_accuracy_pct,0.1,92.0,84.1,214
367636,Jérémy Jacquet,positional_cb,Positional Center Back,pass_accuracy_pct,0.1,90.368,64.0,214
122468,Saúl Coco,positional_cb,Positional Center Back,pass_accuracy_pct,0.1,91.176,72.9,214
2282,Andreas Christensen,positional_cb,Positional Center Back,pass_accuracy_pct,0.1,97.399,100.0,214
165713,Manu Hernando,positional_cb,Positional Center Back,pass_accuracy_pct,0.1,81.579,3.3,214
415155,Juan Rodríguez,positional_cb,Positional Center Back,pass_accuracy_pct,0.1,93.45,93.5,214
31009,Alessandro Bastoni,positional_cb,Positional Center Back,pass_accuracy_pct,0.1,90.513,67.8,214
289,Andy Robertson,positional_cb,Positional Center Back,pass_accuracy_pct,0.1,83.539,5.6,214
162414,A. Amenda,positional_cb,Positional Center Back,pass_accuracy_pct,0.1,84.568,7.9,214
163039,C. Matsima,positional_cb,Positional Center Back,pass_accuracy_pct,0.1,92.486,86.9,214
41150,E. Tapsoba,positional_cb,Positional Center Back,pass_accuracy_pct,0.1,90.106,60.7,214
174605,Harold Voyer,positional_cb,Positional Center Back,pass_accuracy_pct,0.1,81.746,3.3,214
409558,J. Kalulu,positional_cb,Positional Center Back,pass_accuracy_pct,0.1,82.394,3.7,214
404656,Jahmai Simpson-Pusey,positional_cb,Positional Center Back,pass_accuracy_pct,0.1,87.654,33.6,214
412759,Jaydee Canvot,positional_cb,Positional Center Back,pass_accuracy_pct,0.1,88.936,46.3,214
297583,Jeyland Mitchell,positional_cb,Positional Center Back,pass_accuracy_pct,0.1,87.868,36.0,214
31043,Kevin Diks,positional_cb,Positional Center Back,pass_accuracy_pct,0.1,88.0,36.2,214
18963,L. Dunk,positional_cb,Positional Center Back,pass_accuracy_pct,0.1,92.308,86.4,214
61224,L. Lochoshvili,positional_cb,Positional Center Back,pass_accuracy_pct,0.1,92.713,88.8,214
177731,L. Pinckert,positional_cb,Positional Center Back,pass_accuracy_pct,0.1,87.624,33.6,214
47249,Leandro Cabrera,positional_cb,Positional Center Back,pass_accuracy_pct,0.1,88.128,37.9,214
2467,Lisandro Martínez,positional_cb,Positional Center Back,pass_accuracy_pct,0.1,90.493,67.3,214
25314,M. Friedl,positional_cb,Positional Center Back,pass_accuracy_pct,0.1,94.352,94.9,214
25916,M. Niakhaté,positional_cb,Positional Center Back,pass_accuracy_pct,0.1,90.785,71.0,214
152849,Micky van de Ven,positional_cb,Positional Center Back,pass_accuracy_pct,0.1,95.395,98.1,214
48119,Odilon Kossounou,positional_cb,Positional Center Back,pass_accuracy_pct,0.1,97.193,100.0,214
203015,T. Scheller,positional_cb,Positional Center Back,pass_accuracy_pct,0.1,87.156,30.4,214
19720,Trevoh Chalobah,positional_cb,Positional Center Back,pass_accuracy_pct,0.1,93.939,93.9,214
1148,W. Orbán,positional_cb,Positional Center Back,pass_accuracy_pct,0.1,92.308,86.4,214
127579,Jacob Greaves,positional_cb,Positional Center Back,pass_accuracy_pct,0.1,89.394,51.4,214
38114,Ko Itakura,positional_cb,Positional Center Back,pass_accuracy_pct,0.1,88.372,40.2,214
126951,M. Rohr,positional_cb,Positional Center Back,pass_accuracy_pct,0.1,86.475,25.2,214
25011,A. Pieper,positional_cb,Positional Center Back,pass_accuracy_pct,0.1,89.86,57.5,214
152953,L. Colwill,positional_cb,Positional Center Back,pass_accuracy_pct,0.1,87.047,29.0,214
64255,G. Lloris,positional_cb,Positional Center Back,pass_accuracy_pct,0.1,90.0,59.8,214
26240,P. Lienhart,positional_cb,Positional Center Back,pass_accuracy_pct,0.1,90.114,60.7,214
409215,Kouakou Joane Gadou,positional_cb,Positional Center Back,pass_accuracy_pct,0.1,90.498,67.3,214
48372,Eray Cömert,positional_cb,Positional Center Back,pass_accuracy_pct,0.1,90.722,71.0,214
334331,M. Hansen,positional_cb,Positional Center Back,pass_accuracy_pct,0.1,87.793,35.5,214
47271,Yeray Álvarez,positional_cb,Positional Center Back,pass_accuracy_pct,0.1,87.892,36.0,214
412926,C. Makosso,positional_cb,Positional Center Back,pass_accuracy_pct,0.1,79.464,0.9,214
1929,Jhon Lucumí,positional_cb,Positional Center Back,pass_accuracy_pct,0.1,93.191,92.5,214
183849,Aitor Paredes,positional_cb,Positional Center Back,pass_accuracy_pct,0.1,92.5,86.9,214
21694,N. Aguerd,positional_cb,Positional Center Back,pass_accuracy_pct,0.1,90.775,71.0,214
916,Mouctar Diakhaby,positional_cb,Positional Center Back,pass_accuracy_pct,0.1,84.615,7.9,214
497393,Bright Ede,positional_cb,Positional Center Back,pass_accuracy_pct,0.1,89.349,50.9,214
101814,Ronald Araújo,positional_cb,Positional Center Back,pass_accuracy_pct,0.1,82.353,3.7,214
19789,Ethan Pinnock,positional_cb,Positional Center Back,pass_accuracy_pct,0.1,80.0,0.9,214
91422,Raoul Bellanova,positional_cb,Positional Center Back,pass_accuracy_pct,0.1,92.903,90.7,214
19354,E. Konsa,positional_cb,Positional Center Back,pass_accuracy_pct,0.1,96.622,100.0,214
6231,F. Medina,positional_cb,Positional Center Back,pass_accuracy_pct,0.1,93.077,92.1,214
30776,Cristian Romero,positional_cb,Positional Center Back,pass_accuracy_pct,0.1,92.683,88.8,214
204043,Arthur Theate,positional_cb,Positional Center Back,pass_accuracy_pct,0.1,91.034,72.4,214
37117,Danilho Doekhi,positional_cb,Positional Center Back,pass_accuracy_pct,0.1,94.656,95.3,214
166,Juan Foyth,positional_cb,Positional Center Back,pass_accuracy_pct,0.1,92.208,85.5,214
349063,Luken Beitia,positional_cb,Positional Center Back,pass_accuracy_pct,0.1,89.024,47.2,214
360114,Abdukodir Khusanov,positional_cb,Positional Center Back,pass_accuracy_pct,0.1,94.942,96.7,214
47301,Robin Le Normand,positional_cb,Positional Center Back,pass_accuracy_pct,0.1,92.647,87.9,214
182661,Álvaro Núñez,positional_cb,Positional Center Back,pass_accuracy_pct,0.1,93.846,93.9,214
37651,Jay Idzes,positional_cb,Positional Center Back,pass_accuracy_pct,0.1,90.909,71.5,214
19179,Tyrone Mings,positional_cb,Positional Center Back,pass_accuracy_pct,0.1,90.0,59.8,214
369500,Ismaelo Ganiou,positional_cb,Positional Center Back,pass_accuracy_pct,0.1,90.556,67.8,214
355004,Valentín Gómez,positional_cb,Positional Center Back,pass_accuracy_pct,0.1,94.581,95.3,214
14329,Ardian Ismajli,positional_cb,Positional Center Back,pass_accuracy_pct,0.1,91.566,77.1,214
271542,Ismael Doukouré,positional_cb,Positional Center Back,pass_accuracy_pct,0.1,89.634,55.1,214
311071,Nicolás Valentini,positional_cb,Positional Center Back,pass_accuracy_pct,0.1,72.043,0.0,214
384135,Javi Rodríguez,positional_cb,Positional Center Back,pass_accuracy_pct,0.1,90.404,65.9,214
21090,Diego Carlos,positional_cb,Positional Center Back,pass_accuracy_pct,0.1,83.704,6.1,214
2897,Kim Min-Jae,positional_cb,Positional Center Back,pass_accuracy_pct,0.1,92.771,88.8,214
36884,Justin De Haas,positional_cb,Positional Center Back,pass_accuracy_pct,0.1,89.103,48.6,214
2285,Antonio Rüdiger,positional_cb,Positional Center Back,pass_accuracy_pct,0.1,94.565,95.3,214
343316,Jeanuël Belocian,positional_cb,Positional Center Back,pass_accuracy_pct,0.1,91.852,81.8,214
18797,Christian Kabasele,positional_cb,Positional Center Back,pass_accuracy_pct,0.1,95.96,99.1,214
41621,Matheus Nunes,positional_cb,Positional Center Back,pass_accuracy_pct,0.1,88.235,39.3,214
283,Trent Alexander-Arnold,positional_cb,Positional Center Back,pass_accuracy_pct,0.1,88.679,44.4,214
284300,Álvaro Carreras,positional_cb,Positional Center Back,pass_accuracy_pct,0.1,90.58,68.2,214
279822,Enzo Boyomo,positional_cb,Positional Center Back,pass_accuracy_pct,0.1,89.535,53.3,214
426480,Lucas Herrington,positional_cb,Positional Center Back,pass_accuracy_pct,0.1,90.0,59.8,214
179400,M. Estève,positional_cb,Positional Center Back,pass_accuracy_pct,0.1,95.89,99.1,214
20602,Samuel Yohou,positional_cb,Positional Center Back,pass_accuracy_pct,0.1,91.892,82.2,214
972,J. Tah,positional_cb,Positional Center Back,pass_accuracy_pct,0.1,97.959,100.0,214
47378,Pedro Bigas,positional_cb,Positional Center Back,pass_accuracy_pct,0.1,90.083,60.3,214
2729,Joachim Andersen,positional_cb,Positional Center Back,pass_accuracy_pct,0.1,89.0,47.2,214
182592,Jorge Herrando,positional_cb,Positional Center Back,pass_accuracy_pct,0.1,83.929,6.1,214
135883,R. Hendriks,positional_cb,Positional Center Back,pass_accuracy_pct,0.1,89.691,56.1,214
174881,Moustapha Mbow,positional_cb,Positional Center Back,pass_accuracy_pct,0.1,98.361,100.0,214
129681,A. Rouault,positional_cb,Positional Center Back,pass_accuracy_pct,0.1,83.478,5.6,214
19182,A. Tuanzebe,positional_cb,Positional Center Back,pass_accuracy_pct,0.1,86.301,22.0,214
147835,Andrew Omobamidele,positional_cb,Positional Center Back,pass_accuracy_pct,0.1,96.97,100.0,214
51535,Sebastián Cáceres,positional_cb,Positional Center Back,pass_accuracy_pct,0.1,88.596,43.9,214
41552,Pathé Ismaël Ciss,positional_cb,Positional Center Back,duel_win_pct,0.2,56.604,28.5,214
336671,Renato Veiga,positional_cb,Positional Center Back,duel_win_pct,0.2,42.424,0.0,214
162058,Víctor Chust,positional_cb,Positional Center Back,duel_win_pct,0.2,60.976,62.1,214
316115,Ángel Recio,positional_cb,Positional Center Back,duel_win_pct,0.2,41.667,0.0,214
106759,Ville Koski,positional_cb,Positional Center Back,duel_win_pct,0.2,40.541,0.0,214
47250,Djené,positional_cb,Positional Center Back,duel_win_pct,0.2,51.613,8.4,214
329722,Yoel Lago,positional_cb,Positional Center Back,duel_win_pct,0.2,40.476,0.0,214
47463,Pepelu,positional_cb,Positional Center Back,duel_win_pct,0.2,55.172,23.4,214
551403,Rafa Garrido,positional_cb,Positional Center Back,duel_win_pct,0.2,61.538,65.9,214
30399,Dávid Hancko,positional_cb,Positional Center Back,duel_win_pct,0.2,72.222,99.1,214
47533,Alejandro Catena,positional_cb,Positional Center Back,duel_win_pct,0.2,63.83,79.9,214
1145,Ibrahima Konaté,positional_cb,Positional Center Back,duel_win_pct,0.2,50.0,4.4,214
195100,Natan,positional_cb,Positional Center Back,duel_win_pct,0.2,82.857,100.0,214
1567,Aïssa Mandi,positional_cb,Positional Center Back,duel_win_pct,0.2,75.758,100.0,214
361497,Dean Huijsen,positional_cb,Positional Center Back,duel_win_pct,0.2,63.636,79.4,214
622,Aymeric Laporte,positional_cb,Positional Center Back,duel_win_pct,0.2,61.765,66.8,214
338902,Andrés Castrin,positional_cb,Positional Center Back,duel_win_pct,0.2,78.261,100.0,214
14470,Einar Galilea,positional_cb,Positional Center Back,duel_win_pct,0.2,55.556,23.8,214
405073,Jon Martin,positional_cb,Positional Center Back,duel_win_pct,0.2,58.537,40.2,214
30420,Enrico Delprato,positional_cb,Positional Center Back,duel_win_pct,0.2,57.143,30.8,214
142691,Alexsandro Ribeiro,positional_cb,Positional Center Back,duel_win_pct,0.2,71.875,99.1,214
331832,António Silva,positional_cb,Positional Center Back,duel_win_pct,0.2,60.0,56.3,214
33165,Ayumu Seko,positional_cb,Positional Center Back,duel_win_pct,0.2,50.0,4.4,214
278392,C. Cresswell,positional_cb,Positional Center Back,duel_win_pct,0.2,62.5,69.6,214
152967,Calvin Bassey,positional_cb,Positional Center Back,duel_win_pct,0.2,63.333,76.6,214
126949,Chris Richards,positional_cb,Positional Center Back,duel_win_pct,0.2,51.613,8.4,214
126640,David Affengruber,positional_cb,Positional Center Back,duel_win_pct,0.2,60.0,56.3,214
342063,Diego Coppola,positional_cb,Positional Center Back,duel_win_pct,0.2,44.828,0.5,214
175,Eric Dier,positional_cb,Positional Center Back,duel_win_pct,0.2,72.414,99.5,214
22224,Gabriel Magalhães,positional_cb,Positional Center Back,duel_win_pct,0.2,51.163,7.0,214
289761,Giorgio Scalvini,positional_cb,Positional Center Back,duel_win_pct,0.2,52.778,11.7,214
2935,Harry Maguire,positional_cb,Positional Center Back,duel_win_pct,0.2,65.854,88.8,214
18814,Issa Diop,positional_cb,Positional Center Back,duel_win_pct,0.2,56.522,28.5,214
17661,Jarrad Branthwaite,positional_cb,Positional Center Back,duel_win_pct,0.2,63.636,79.4,214
162141,Koni De Winter,positional_cb,Positional Center Back,duel_win_pct,0.2,62.857,73.4,214
319512,Lucas Noubi,positional_cb,Positional Center Back,duel_win_pct,0.2,56.41,28.5,214
163189,Malick Thiaw,positional_cb,Positional Center Back,duel_win_pct,0.2,61.111,63.1,214
67971,Marc Guéhi,positional_cb,Positional Center Back,duel_win_pct,0.2,75.758,100.0,214
50735,Mark McKenzie,positional_cb,Positional Center Back,duel_win_pct,0.2,62.857,73.4,214
50030,Montassar Talbi,positional_cb,Positional Center Back,duel_win_pct,0.2,72.727,99.5,214
312964,Nathan Ngoy,positional_cb,Positional Center Back,duel_win_pct,0.2,61.29,64.0,214
271540,O. Camara,positional_cb,Positional Center Back,duel_win_pct,0.2,66.667,91.1,214
350857,Oliver Provstgaard,positional_cb,Positional Center Back,duel_win_pct,0.2,32.258,0.0,214
498791,R. Le Guen,positional_cb,Positional Center Back,duel_win_pct,0.2,77.143,100.0,214
567,Rúben Dias,positional_cb,Positional Center Back,duel_win_pct,0.2,52.778,11.7,214
428084,Sadibou Sané,positional_cb,Positional Center Back,duel_win_pct,0.2,55.556,23.8,214
45826,Strahinja Pavlović,positional_cb,Positional Center Back,duel_win_pct,0.2,72.34,99.1,214
38734,Sven Botman,positional_cb,Positional Center Back,duel_win_pct,0.2,63.415,77.6,214
39254,Torbjørn Heggem,positional_cb,Positional Center Back,duel_win_pct,0.2,41.935,0.0,214
290,Virgil van Dijk,positional_cb,Positional Center Back,duel_win_pct,0.2,74.074,100.0,214
16367,W. Pacho,positional_cb,Positional Center Back,duel_win_pct,0.2,58.065,36.4,214
428237,Mariano Troilo,positional_cb,Positional Center Back,duel_win_pct,0.2,50.0,4.4,214
7147,F. Bacher,positional_cb,Positional Center Back,duel_win_pct,0.2,55.172,23.4,214
30561,Alessandro Deiola,positional_cb,Positional Center Back,duel_win_pct,0.2,50.0,4.4,214
281826,Alessandro Marcandalli,positional_cb,Positional Center Back,duel_win_pct,0.2,65.385,86.9,214
398000,Genesis Antwi,positional_cb,Positional Center Back,duel_win_pct,0.2,54.545,20.6,214
19093,John Egan,positional_cb,Positional Center Back,duel_win_pct,0.2,64.286,81.8,214
181701,Gerard Martín,positional_cb,Positional Center Back,duel_win_pct,0.2,53.846,19.2,214
320335,James Abankwah,positional_cb,Positional Center Back,duel_win_pct,0.2,45.946,0.5,214
181827,C. Egan-Riley,positional_cb,Positional Center Back,duel_win_pct,0.2,88.462,100.0,214
214310,Nathaniel Adjei,positional_cb,Positional Center Back,duel_win_pct,0.2,69.231,98.1,214
18967,Leo Østigård,positional_cb,Positional Center Back,duel_win_pct,0.2,62.222,68.7,214
2769,Semi Ajayi,positional_cb,Positional Center Back,duel_win_pct,0.2,62.069,68.2,214
47277,Unai Núñez,positional_cb,Positional Center Back,duel_win_pct,0.2,66.667,91.1,214
396623,Pau Cubarsí,positional_cb,Positional Center Back,duel_win_pct,0.2,70.588,98.6,214
3099,Youssouf Ndayishimiye,positional_cb,Positional Center Back,duel_win_pct,0.2,52.0,8.9,214
367636,Jérémy Jacquet,positional_cb,Positional Center Back,duel_win_pct,0.2,76.316,100.0,214
122468,Saúl Coco,positional_cb,Positional Center Back,duel_win_pct,0.2,73.077,99.5,214
2282,Andreas Christensen,positional_cb,Positional Center Back,duel_win_pct,0.2,50.0,4.4,214
165713,Manu Hernando,positional_cb,Positional Center Back,duel_win_pct,0.2,60.0,56.3,214
415155,Juan Rodríguez,positional_cb,Positional Center Back,duel_win_pct,0.2,43.75,0.5,214
31009,Alessandro Bastoni,positional_cb,Positional Center Back,duel_win_pct,0.2,67.857,96.3,214
289,Andy Robertson,positional_cb,Positional Center Back,duel_win_pct,0.2,71.429,99.1,214
162414,A. Amenda,positional_cb,Positional Center Back,duel_win_pct,0.2,53.333,14.5,214
163039,C. Matsima,positional_cb,Positional Center Back,duel_win_pct,0.2,59.091,45.8,214
41150,E. Tapsoba,positional_cb,Positional Center Back,duel_win_pct,0.2,68.0,96.5,214
174605,Harold Voyer,positional_cb,Positional Center Back,duel_win_pct,0.2,54.167,19.6,214
409558,J. Kalulu,positional_cb,Positional Center Back,duel_win_pct,0.2,62.963,73.4,214
404656,Jahmai Simpson-Pusey,positional_cb,Positional Center Back,duel_win_pct,0.2,65.714,88.3,214
412759,Jaydee Canvot,positional_cb,Positional Center Back,duel_win_pct,0.2,51.852,8.4,214
297583,Jeyland Mitchell,positional_cb,Positional Center Back,duel_win_pct,0.2,70.37,98.6,214
31043,Kevin Diks,positional_cb,Positional Center Back,duel_win_pct,0.2,70.833,98.6,214
18963,L. Dunk,positional_cb,Positional Center Back,duel_win_pct,0.2,57.576,33.6,214
61224,L. Lochoshvili,positional_cb,Positional Center Back,duel_win_pct,0.2,53.571,15.9,214
177731,L. Pinckert,positional_cb,Positional Center Back,duel_win_pct,0.2,45.946,0.5,214
47249,Leandro Cabrera,positional_cb,Positional Center Back,duel_win_pct,0.2,54.054,19.6,214
2467,Lisandro Martínez,positional_cb,Positional Center Back,duel_win_pct,0.2,54.545,20.6,214
25314,M. Friedl,positional_cb,Positional Center Back,duel_win_pct,0.2,35.714,0.0,214
25916,M. Niakhaté,positional_cb,Positional Center Back,duel_win_pct,0.2,45.0,0.5,214
152849,Micky van de Ven,positional_cb,Positional Center Back,duel_win_pct,0.2,67.742,95.8,214
48119,Odilon Kossounou,positional_cb,Positional Center Back,duel_win_pct,0.2,43.75,0.5,214
203015,T. Scheller,positional_cb,Positional Center Back,duel_win_pct,0.2,64.865,84.1,214
19720,Trevoh Chalobah,positional_cb,Positional Center Back,duel_win_pct,0.2,76.19,100.0,214
1148,W. Orbán,positional_cb,Positional Center Back,duel_win_pct,0.2,66.667,91.1,214
127579,Jacob Greaves,positional_cb,Positional Center Back,duel_win_pct,0.2,68.0,96.5,214
38114,Ko Itakura,positional_cb,Positional Center Back,duel_win_pct,0.2,40.909,0.0,214
126951,M. Rohr,positional_cb,Positional Center Back,duel_win_pct,0.2,41.379,0.0,214
25011,A. Pieper,positional_cb,Positional Center Back,duel_win_pct,0.2,66.667,91.1,214
152953,L. Colwill,positional_cb,Positional Center Back,duel_win_pct,0.2,70.0,98.4,214
64255,G. Lloris,positional_cb,Positional Center Back,duel_win_pct,0.2,70.968,98.6,214
26240,P. Lienhart,positional_cb,Positional Center Back,duel_win_pct,0.2,64.286,81.8,214
409215,Kouakou Joane Gadou,positional_cb,Positional Center Back,duel_win_pct,0.2,64.706,83.6,214
48372,Eray Cömert,positional_cb,Positional Center Back,duel_win_pct,0.2,70.0,98.4,214
334331,M. Hansen,positional_cb,Positional Center Back,duel_win_pct,0.2,64.0,81.3,214
47271,Yeray Álvarez,positional_cb,Positional Center Back,duel_win_pct,0.2,60.714,61.7,214
412926,C. Makosso,positional_cb,Positional Center Back,duel_win_pct,0.2,45.455,0.5,214
1929,Jhon Lucumí,positional_cb,Positional Center Back,duel_win_pct,0.2,52.941,13.6,214
183849,Aitor Paredes,positional_cb,Positional Center Back,duel_win_pct,0.2,84.211,100.0,214
21694,N. Aguerd,positional_cb,Positional Center Back,duel_win_pct,0.2,53.571,15.9,214
916,Mouctar Diakhaby,positional_cb,Positional Center Back,duel_win_pct,0.2,73.333,99.5,214
497393,Bright Ede,positional_cb,Positional Center Back,duel_win_pct,0.2,65.0,85.0,214
101814,Ronald Araújo,positional_cb,Positional Center Back,duel_win_pct,0.2,66.667,91.1,214
19789,Ethan Pinnock,positional_cb,Positional Center Back,duel_win_pct,0.2,50.0,4.4,214
91422,Raoul Bellanova,positional_cb,Positional Center Back,duel_win_pct,0.2,44.444,0.5,214
19354,E. Konsa,positional_cb,Positional Center Back,duel_win_pct,0.2,66.667,91.1,214
6231,F. Medina,positional_cb,Positional Center Back,duel_win_pct,0.2,45.0,0.5,214
30776,Cristian Romero,positional_cb,Positional Center Back,duel_win_pct,0.2,78.261,100.0,214
204043,Arthur Theate,positional_cb,Positional Center Back,duel_win_pct,0.2,66.667,91.1,214
37117,Danilho Doekhi,positional_cb,Positional Center Back,duel_win_pct,0.2,55.556,23.8,214
166,Juan Foyth,positional_cb,Positional Center Back,duel_win_pct,0.2,68.0,96.5,214
349063,Luken Beitia,positional_cb,Positional Center Back,duel_win_pct,0.2,60.0,56.3,214
360114,Abdukodir Khusanov,positional_cb,Positional Center Back,duel_win_pct,0.2,78.947,100.0,214
47301,Robin Le Normand,positional_cb,Positional Center Back,duel_win_pct,0.2,61.905,67.3,214
182661,Álvaro Núñez,positional_cb,Positional Center Back,duel_win_pct,0.2,50.0,4.4,214
37651,Jay Idzes,positional_cb,Positional Center Back,duel_win_pct,0.2,50.0,4.4,214
19179,Tyrone Mings,positional_cb,Positional Center Back,duel_win_pct,0.2,71.429,99.1,214
369500,Ismaelo Ganiou,positional_cb,Positional Center Back,duel_win_pct,0.2,72.222,99.1,214
355004,Valentín Gómez,positional_cb,Positional Center Back,duel_win_pct,0.2,54.167,19.6,214
14329,Ardian Ismajli,positional_cb,Positional Center Back,duel_win_pct,0.2,53.571,15.9,214
271542,Ismael Doukouré,positional_cb,Positional Center Back,duel_win_pct,0.2,70.0,98.4,214
311071,Nicolás Valentini,positional_cb,Positional Center Back,duel_win_pct,0.2,75.0,100.0,214
384135,Javi Rodríguez,positional_cb,Positional Center Back,duel_win_pct,0.2,44.444,0.5,214
21090,Diego Carlos,positional_cb,Positional Center Back,duel_win_pct,0.2,53.846,19.2,214
2897,Kim Min-Jae,positional_cb,Positional Center Back,duel_win_pct,0.2,46.667,0.5,214
36884,Justin De Haas,positional_cb,Positional Center Back,duel_win_pct,0.2,55.0,22.0,214
2285,Antonio Rüdiger,positional_cb,Positional Center Back,duel_win_pct,0.2,66.667,91.1,214
343316,Jeanuël Belocian,positional_cb,Positional Center Back,duel_win_pct,0.2,64.706,83.6,214
18797,Christian Kabasele,positional_cb,Positional Center Back,duel_win_pct,0.2,66.667,91.1,214
41621,Matheus Nunes,positional_cb,Positional Center Back,duel_win_pct,0.2,76.923,100.0,214
283,Trent Alexander-Arnold,positional_cb,Positional Center Back,duel_win_pct,0.2,87.5,100.0,214
284300,Álvaro Carreras,positional_cb,Positional Center Back,duel_win_pct,0.2,80.0,100.0,214
279822,Enzo Boyomo,positional_cb,Positional Center Back,duel_win_pct,0.2,52.632,11.2,214
426480,Lucas Herrington,positional_cb,Positional Center Back,duel_win_pct,0.2,53.846,19.2,214
179400,M. Estève,positional_cb,Positional Center Back,duel_win_pct,0.2,69.231,98.1,214
20602,Samuel Yohou,positional_cb,Positional Center Back,duel_win_pct,0.2,66.667,91.1,214
972,J. Tah,positional_cb,Positional Center Back,duel_win_pct,0.2,85.714,100.0,214
47378,Pedro Bigas,positional_cb,Positional Center Back,duel_win_pct,0.2,25.0,0.0,214
2729,Joachim Andersen,positional_cb,Positional Center Back,duel_win_pct,0.2,60.0,56.3,214
182592,Jorge Herrando,positional_cb,Positional Center Back,duel_win_pct,0.2,61.538,65.9,214
135883,R. Hendriks,positional_cb,Positional Center Back,duel_win_pct,0.2,75.0,100.0,214
174881,Moustapha Mbow,positional_cb,Positional Center Back,duel_win_pct,0.2,54.545,20.6,214
129681,A. Rouault,positional_cb,Positional Center Back,duel_win_pct,0.2,69.231,98.1,214
19182,A. Tuanzebe,positional_cb,Positional Center Back,duel_win_pct,0.2,58.824,42.1,214
147835,Andrew Omobamidele,positional_cb,Positional Center Back,duel_win_pct,0.2,71.429,99.1,214
51535,Sebastián Cáceres,positional_cb,Positional Center Back,duel_win_pct,0.2,66.667,91.1,214
41552,Pathé Ismaël Ciss,positional_cb,Positional Center Back,blocks_per90,0.2,0.286,2.3,214
336671,Renato Veiga,positional_cb,Positional Center Back,blocks_per90,0.2,1.429,98.6,214
162058,Víctor Chust,positional_cb,Positional Center Back,blocks_per90,0.2,0.286,2.3,214
316115,Ángel Recio,positional_cb,Positional Center Back,blocks_per90,0.2,0.571,25.7,214
106759,Ville Koski,positional_cb,Positional Center Back,blocks_per90,0.2,0.871,69.6,214
47250,Djené,positional_cb,Positional Center Back,blocks_per90,0.2,0.302,2.8,214
329722,Yoel Lago,positional_cb,Positional Center Back,blocks_per90,0.2,0.308,2.8,214
47463,Pepelu,positional_cb,Positional Center Back,blocks_per90,0.2,0.475,15.9,214
551403,Rafa Garrido,positional_cb,Positional Center Back,blocks_per90,0.2,0.801,58.4,214
30399,Dávid Hancko,positional_cb,Positional Center Back,blocks_per90,0.2,0.492,17.8,214
47533,Alejandro Catena,positional_cb,Positional Center Back,blocks_per90,0.2,0.833,63.6,214
1145,Ibrahima Konaté,positional_cb,Positional Center Back,blocks_per90,0.2,1.0,82.2,214
195100,Natan,positional_cb,Positional Center Back,blocks_per90,0.2,1.167,91.6,214
1567,Aïssa Mandi,positional_cb,Positional Center Back,blocks_per90,0.2,0.351,5.6,214
361497,Dean Huijsen,positional_cb,Positional Center Back,blocks_per90,0.2,0.0,0.0,214
622,Aymeric Laporte,positional_cb,Positional Center Back,blocks_per90,0.2,0.373,6.5,214
338902,Andrés Castrin,positional_cb,Positional Center Back,blocks_per90,0.2,0.562,23.8,214
14470,Einar Galilea,positional_cb,Positional Center Back,blocks_per90,0.2,0.576,25.7,214
405073,Jon Martin,positional_cb,Positional Center Back,blocks_per90,0.2,0.789,57.9,214
30420,Enrico Delprato,positional_cb,Positional Center Back,blocks_per90,0.2,0.793,57.9,214
142691,Alexsandro Ribeiro,positional_cb,Positional Center Back,blocks_per90,0.2,0.8,58.2,214
331832,António Silva,positional_cb,Positional Center Back,blocks_per90,0.2,1.0,82.2,214
33165,Ayumu Seko,positional_cb,Positional Center Back,blocks_per90,0.2,0.8,58.2,214
278392,C. Cresswell,positional_cb,Positional Center Back,blocks_per90,0.2,0.2,0.0,214
152967,Calvin Bassey,positional_cb,Positional Center Back,blocks_per90,0.2,0.2,0.0,214
126949,Chris Richards,positional_cb,Positional Center Back,blocks_per90,0.2,1.2,92.5,214
126640,David Affengruber,positional_cb,Positional Center Back,blocks_per90,0.2,1.0,82.2,214
342063,Diego Coppola,positional_cb,Positional Center Back,blocks_per90,0.2,0.2,0.0,214
175,Eric Dier,positional_cb,Positional Center Back,blocks_per90,0.2,0.8,58.2,214
22224,Gabriel Magalhães,positional_cb,Positional Center Back,blocks_per90,0.2,0.2,0.0,214
289761,Giorgio Scalvini,positional_cb,Positional Center Back,blocks_per90,0.2,0.6,29.9,214
2935,Harry Maguire,positional_cb,Positional Center Back,blocks_per90,0.2,0.2,0.0,214
18814,Issa Diop,positional_cb,Positional Center Back,blocks_per90,0.2,1.6,100.0,214
17661,Jarrad Branthwaite,positional_cb,Positional Center Back,blocks_per90,0.2,1.4,97.7,214
162141,Koni De Winter,positional_cb,Positional Center Back,blocks_per90,0.2,0.4,8.9,214
319512,Lucas Noubi,positional_cb,Positional Center Back,blocks_per90,0.2,0.6,29.9,214
163189,Malick Thiaw,positional_cb,Positional Center Back,blocks_per90,0.2,1.6,100.0,214
67971,Marc Guéhi,positional_cb,Positional Center Back,blocks_per90,0.2,0.2,0.0,214
50735,Mark McKenzie,positional_cb,Positional Center Back,blocks_per90,0.2,0.6,29.9,214
50030,Montassar Talbi,positional_cb,Positional Center Back,blocks_per90,0.2,0.4,8.9,214
312964,Nathan Ngoy,positional_cb,Positional Center Back,blocks_per90,0.2,0.6,29.9,214
271540,O. Camara,positional_cb,Positional Center Back,blocks_per90,0.2,0.6,29.9,214
350857,Oliver Provstgaard,positional_cb,Positional Center Back,blocks_per90,0.2,0.6,29.9,214
498791,R. Le Guen,positional_cb,Positional Center Back,blocks_per90,0.2,0.4,8.9,214
567,Rúben Dias,positional_cb,Positional Center Back,blocks_per90,0.2,0.2,0.0,214
428084,Sadibou Sané,positional_cb,Positional Center Back,blocks_per90,0.2,0.8,58.2,214
45826,Strahinja Pavlović,positional_cb,Positional Center Back,blocks_per90,0.2,0.4,8.9,214
38734,Sven Botman,positional_cb,Positional Center Back,blocks_per90,0.2,1.4,97.7,214
39254,Torbjørn Heggem,positional_cb,Positional Center Back,blocks_per90,0.2,1.2,92.5,214
290,Virgil van Dijk,positional_cb,Positional Center Back,blocks_per90,0.2,0.0,0.0,214
16367,W. Pacho,positional_cb,Positional Center Back,blocks_per90,0.2,0.4,8.9,214
428237,Mariano Troilo,positional_cb,Positional Center Back,blocks_per90,0.2,1.203,92.5,214
7147,F. Bacher,positional_cb,Positional Center Back,blocks_per90,0.2,0.202,0.0,214
30561,Alessandro Deiola,positional_cb,Positional Center Back,blocks_per90,0.2,1.016,85.0,214
281826,Alessandro Marcandalli,positional_cb,Positional Center Back,blocks_per90,0.2,0.612,30.8,214
398000,Genesis Antwi,positional_cb,Positional Center Back,blocks_per90,0.2,0.82,59.3,214
19093,John Egan,positional_cb,Positional Center Back,blocks_per90,0.2,1.027,85.0,214
181701,Gerard Martín,positional_cb,Positional Center Back,blocks_per90,0.2,0.206,0.0,214
320335,James Abankwah,positional_cb,Positional Center Back,blocks_per90,0.2,1.239,93.9,214
181827,C. Egan-Riley,positional_cb,Positional Center Back,blocks_per90,0.2,0.0,0.0,214
214310,Nathaniel Adjei,positional_cb,Positional Center Back,blocks_per90,0.2,0.414,10.3,214
18967,Leo Østigård,positional_cb,Positional Center Back,blocks_per90,0.2,2.324,100.0,214
2769,Semi Ajayi,positional_cb,Positional Center Back,blocks_per90,0.2,0.0,0.0,214
47277,Unai Núñez,positional_cb,Positional Center Back,blocks_per90,0.2,1.064,87.9,214
396623,Pau Cubarsí,positional_cb,Positional Center Back,blocks_per90,0.2,0.213,0.0,214
3099,Youssouf Ndayishimiye,positional_cb,Positional Center Back,blocks_per90,0.2,0.646,35.0,214
367636,Jérémy Jacquet,positional_cb,Positional Center Back,blocks_per90,0.2,0.647,35.0,214
122468,Saúl Coco,positional_cb,Positional Center Back,blocks_per90,0.2,0.887,70.6,214
2282,Andreas Christensen,positional_cb,Positional Center Back,blocks_per90,0.2,0.224,0.5,214
165713,Manu Hernando,positional_cb,Positional Center Back,blocks_per90,0.2,0.907,71.5,214
415155,Juan Rodríguez,positional_cb,Positional Center Back,blocks_per90,0.2,1.595,100.0,214
31009,Alessandro Bastoni,positional_cb,Positional Center Back,blocks_per90,0.2,0.689,44.4,214
289,Andy Robertson,positional_cb,Positional Center Back,blocks_per90,0.2,0.736,47.7,214
162414,A. Amenda,positional_cb,Positional Center Back,blocks_per90,0.2,0.75,49.3,214
163039,C. Matsima,positional_cb,Positional Center Back,blocks_per90,0.2,1.25,94.4,214
41150,E. Tapsoba,positional_cb,Positional Center Back,blocks_per90,0.2,0.25,1.6,214
174605,Harold Voyer,positional_cb,Positional Center Back,blocks_per90,0.2,0.25,1.6,214
409558,J. Kalulu,positional_cb,Positional Center Back,blocks_per90,0.2,0.25,1.6,214
404656,Jahmai Simpson-Pusey,positional_cb,Positional Center Back,blocks_per90,0.2,0.0,0.0,214
412759,Jaydee Canvot,positional_cb,Positional Center Back,blocks_per90,0.2,1.0,82.2,214
297583,Jeyland Mitchell,positional_cb,Positional Center Back,blocks_per90,0.2,0.5,18.0,214
31043,Kevin Diks,positional_cb,Positional Center Back,blocks_per90,0.2,0.0,0.0,214
18963,L. Dunk,positional_cb,Positional Center Back,blocks_per90,0.2,0.5,18.0,214
61224,L. Lochoshvili,positional_cb,Positional Center Back,blocks_per90,0.2,0.5,18.0,214
177731,L. Pinckert,positional_cb,Positional Center Back,blocks_per90,0.2,0.75,49.3,214
47249,Leandro Cabrera,positional_cb,Positional Center Back,blocks_per90,0.2,0.25,1.6,214
2467,Lisandro Martínez,positional_cb,Positional Center Back,blocks_per90,0.2,0.5,18.0,214
25314,M. Friedl,positional_cb,Positional Center Back,blocks_per90,0.2,0.75,49.3,214
25916,M. Niakhaté,positional_cb,Positional Center Back,blocks_per90,0.2,0.5,18.0,214
152849,Micky van de Ven,positional_cb,Positional Center Back,blocks_per90,0.2,0.5,18.0,214
48119,Odilon Kossounou,positional_cb,Positional Center Back,blocks_per90,0.2,1.0,82.2,214
203015,T. Scheller,positional_cb,Positional Center Back,blocks_per90,0.2,1.0,82.2,214
19720,Trevoh Chalobah,positional_cb,Positional Center Back,blocks_per90,0.2,0.5,18.0,214
1148,W. Orbán,positional_cb,Positional Center Back,blocks_per90,0.2,1.0,82.2,214
127579,Jacob Greaves,positional_cb,Positional Center Back,blocks_per90,0.2,1.006,82.7,214
38114,Ko Itakura,positional_cb,Positional Center Back,blocks_per90,0.2,0.763,52.8,214
126951,M. Rohr,positional_cb,Positional Center Back,blocks_per90,0.2,1.534,100.0,214
25011,A. Pieper,positional_cb,Positional Center Back,blocks_per90,0.2,1.032,85.5,214
152953,L. Colwill,positional_cb,Positional Center Back,blocks_per90,0.2,0.0,0.0,214
64255,G. Lloris,positional_cb,Positional Center Back,blocks_per90,0.2,0.528,19.2,214
26240,P. Lienhart,positional_cb,Positional Center Back,blocks_per90,0.2,0.531,19.6,214
409215,Kouakou Joane Gadou,positional_cb,Positional Center Back,blocks_per90,0.2,0.0,0.0,214
48372,Eray Cömert,positional_cb,Positional Center Back,blocks_per90,0.2,0.28,2.3,214
334331,M. Hansen,positional_cb,Positional Center Back,blocks_per90,0.2,0.841,64.5,214
47271,Yeray Álvarez,positional_cb,Positional Center Back,blocks_per90,0.2,0.571,25.7,214
412926,C. Makosso,positional_cb,Positional Center Back,blocks_per90,0.2,0.59,28.5,214
1929,Jhon Lucumí,positional_cb,Positional Center Back,blocks_per90,0.2,0.3,2.8,214
183849,Aitor Paredes,positional_cb,Positional Center Back,blocks_per90,0.2,0.301,2.8,214
21694,N. Aguerd,positional_cb,Positional Center Back,blocks_per90,0.2,0.302,2.8,214
916,Mouctar Diakhaby,positional_cb,Positional Center Back,blocks_per90,0.2,0.627,33.6,214
497393,Bright Ede,positional_cb,Positional Center Back,blocks_per90,0.2,0.944,74.8,214
101814,Ronald Araújo,positional_cb,Positional Center Back,blocks_per90,0.2,0.632,33.6,214
19789,Ethan Pinnock,positional_cb,Positional Center Back,blocks_per90,0.2,1.915,100.0,214
91422,Raoul Bellanova,positional_cb,Positional Center Back,blocks_per90,0.2,0.957,76.2,214
19354,E. Konsa,positional_cb,Positional Center Back,blocks_per90,0.2,0.32,2.8,214
6231,F. Medina,positional_cb,Positional Center Back,blocks_per90,0.2,0.32,2.8,214
30776,Cristian Romero,positional_cb,Positional Center Back,blocks_per90,0.2,0.0,0.0,214
204043,Arthur Theate,positional_cb,Positional Center Back,blocks_per90,0.2,0.667,39.3,214
37117,Danilho Doekhi,positional_cb,Positional Center Back,blocks_per90,0.2,1.0,82.2,214
166,Juan Foyth,positional_cb,Positional Center Back,blocks_per90,0.2,2.333,100.0,214
349063,Luken Beitia,positional_cb,Positional Center Back,blocks_per90,0.2,1.667,100.0,214
360114,Abdukodir Khusanov,positional_cb,Positional Center Back,blocks_per90,0.2,0.335,3.7,214
47301,Robin Le Normand,positional_cb,Positional Center Back,blocks_per90,0.2,0.0,0.0,214
182661,Álvaro Núñez,positional_cb,Positional Center Back,blocks_per90,0.2,0.0,0.0,214
37651,Jay Idzes,positional_cb,Positional Center Back,blocks_per90,0.2,1.034,86.0,214
19179,Tyrone Mings,positional_cb,Positional Center Back,blocks_per90,0.2,0.0,0.0,214
369500,Ismaelo Ganiou,positional_cb,Positional Center Back,blocks_per90,0.2,0.0,0.0,214
355004,Valentín Gómez,positional_cb,Positional Center Back,blocks_per90,0.2,1.395,97.7,214
14329,Ardian Ismajli,positional_cb,Positional Center Back,blocks_per90,0.2,0.711,45.3,214
271542,Ismael Doukouré,positional_cb,Positional Center Back,blocks_per90,0.2,1.8,100.0,214
311071,Nicolás Valentini,positional_cb,Positional Center Back,blocks_per90,0.2,0.766,52.8,214
384135,Javi Rodríguez,positional_cb,Positional Center Back,blocks_per90,0.2,0.0,0.0,214
21090,Diego Carlos,positional_cb,Positional Center Back,blocks_per90,0.2,2.045,100.0,214
2897,Kim Min-Jae,positional_cb,Positional Center Back,blocks_per90,0.2,0.822,59.3,214
36884,Justin De Haas,positional_cb,Positional Center Back,blocks_per90,0.2,1.659,100.0,214
2285,Antonio Rüdiger,positional_cb,Positional Center Back,blocks_per90,0.2,1.25,94.4,214
343316,Jeanuël Belocian,positional_cb,Positional Center Back,blocks_per90,0.2,0.419,11.2,214
18797,Christian Kabasele,positional_cb,Positional Center Back,blocks_per90,0.2,1.268,94.9,214
41621,Matheus Nunes,positional_cb,Positional Center Back,blocks_per90,0.2,0.423,11.7,214
283,Trent Alexander-Arnold,positional_cb,Positional Center Back,blocks_per90,0.2,0.0,0.0,214
284300,Álvaro Carreras,positional_cb,Positional Center Back,blocks_per90,0.2,0.0,0.0,214
279822,Enzo Boyomo,positional_cb,Positional Center Back,blocks_per90,0.2,1.343,95.8,214
426480,Lucas Herrington,positional_cb,Positional Center Back,blocks_per90,0.2,0.914,71.5,214
179400,M. Estève,positional_cb,Positional Center Back,blocks_per90,0.2,0.0,0.0,214
20602,Samuel Yohou,positional_cb,Positional Center Back,blocks_per90,0.2,0.459,13.6,214
972,J. Tah,positional_cb,Positional Center Back,blocks_per90,0.2,0.0,0.0,214
47378,Pedro Bigas,positional_cb,Positional Center Back,blocks_per90,0.2,1.414,98.6,214
2729,Joachim Andersen,positional_cb,Positional Center Back,blocks_per90,0.2,0.474,15.9,214
182592,Jorge Herrando,positional_cb,Positional Center Back,blocks_per90,0.2,0.0,0.0,214
135883,R. Hendriks,positional_cb,Positional Center Back,blocks_per90,0.2,0.0,0.0,214
174881,Moustapha Mbow,positional_cb,Positional Center Back,blocks_per90,0.2,0.497,17.8,214
129681,A. Rouault,positional_cb,Positional Center Back,blocks_per90,0.2,0.0,0.0,214
19182,A. Tuanzebe,positional_cb,Positional Center Back,blocks_per90,0.2,0.0,0.0,214
147835,Andrew Omobamidele,positional_cb,Positional Center Back,blocks_per90,0.2,0.5,18.0,214
51535,Sebastián Cáceres,positional_cb,Positional Center Back,blocks_per90,0.2,0.0,0.0,214
41552,Pathé Ismaël Ciss,positional_cb,Positional Center Back,interceptions_per90,0.15,2.286,100.0,214
336671,Renato Veiga,positional_cb,Positional Center Back,interceptions_per90,0.15,1.429,86.9,214
162058,Víctor Chust,positional_cb,Positional Center Back,interceptions_per90,0.15,1.0,46.7,214
316115,Ángel Recio,positional_cb,Positional Center Back,interceptions_per90,0.15,0.857,25.7,214
106759,Ville Koski,positional_cb,Positional Center Back,interceptions_per90,0.15,1.161,66.4,214
47250,Djené,positional_cb,Positional Center Back,interceptions_per90,0.15,1.359,83.2,214
329722,Yoel Lago,positional_cb,Positional Center Back,interceptions_per90,0.15,2.154,99.5,214
47463,Pepelu,positional_cb,Positional Center Back,interceptions_per90,0.15,0.951,40.2,214
551403,Rafa Garrido,positional_cb,Positional Center Back,interceptions_per90,0.15,1.281,77.1,214
30399,Dávid Hancko,positional_cb,Positional Center Back,interceptions_per90,0.15,1.475,89.3,214
47533,Alejandro Catena,positional_cb,Positional Center Back,interceptions_per90,0.15,0.667,9.3,214
1145,Ibrahima Konaté,positional_cb,Positional Center Back,interceptions_per90,0.15,0.5,3.3,214
195100,Natan,positional_cb,Positional Center Back,interceptions_per90,0.15,0.167,0.5,214
1567,Aïssa Mandi,positional_cb,Positional Center Back,interceptions_per90,0.15,1.404,85.5,214
361497,Dean Huijsen,positional_cb,Positional Center Back,interceptions_per90,0.15,1.614,95.8,214
622,Aymeric Laporte,positional_cb,Positional Center Back,interceptions_per90,0.15,0.747,16.8,214
338902,Andrés Castrin,positional_cb,Positional Center Back,interceptions_per90,0.15,1.125,59.3,214
14470,Einar Galilea,positional_cb,Positional Center Back,interceptions_per90,0.15,1.343,81.8,214
405073,Jon Martin,positional_cb,Positional Center Back,interceptions_per90,0.15,0.592,5.6,214
30420,Enrico Delprato,positional_cb,Positional Center Back,interceptions_per90,0.15,1.784,97.7,214
142691,Alexsandro Ribeiro,positional_cb,Positional Center Back,interceptions_per90,0.15,0.4,1.4,214
331832,António Silva,positional_cb,Positional Center Back,interceptions_per90,0.15,1.6,95.3,214
33165,Ayumu Seko,positional_cb,Positional Center Back,interceptions_per90,0.15,1.6,95.3,214
278392,C. Cresswell,positional_cb,Positional Center Back,interceptions_per90,0.15,0.8,20.6,214
152967,Calvin Bassey,positional_cb,Positional Center Back,interceptions_per90,0.15,0.8,20.6,214
126949,Chris Richards,positional_cb,Positional Center Back,interceptions_per90,0.15,1.4,85.5,214
126640,David Affengruber,positional_cb,Positional Center Back,interceptions_per90,0.15,1.4,85.5,214
342063,Diego Coppola,positional_cb,Positional Center Back,interceptions_per90,0.15,1.2,70.1,214
175,Eric Dier,positional_cb,Positional Center Back,interceptions_per90,0.15,0.8,20.6,214
22224,Gabriel Magalhães,positional_cb,Positional Center Back,interceptions_per90,0.15,1.2,70.1,214
289761,Giorgio Scalvini,positional_cb,Positional Center Back,interceptions_per90,0.15,0.4,1.4,214
2935,Harry Maguire,positional_cb,Positional Center Back,interceptions_per90,0.15,1.2,70.1,214
18814,Issa Diop,positional_cb,Positional Center Back,interceptions_per90,0.15,2.0,98.6,214
17661,Jarrad Branthwaite,positional_cb,Positional Center Back,interceptions_per90,0.15,1.4,85.5,214
162141,Koni De Winter,positional_cb,Positional Center Back,interceptions_per90,0.15,1.0,46.7,214
319512,Lucas Noubi,positional_cb,Positional Center Back,interceptions_per90,0.15,1.6,95.3,214
163189,Malick Thiaw,positional_cb,Positional Center Back,interceptions_per90,0.15,0.4,1.4,214
67971,Marc Guéhi,positional_cb,Positional Center Back,interceptions_per90,0.15,0.6,5.6,214
50735,Mark McKenzie,positional_cb,Positional Center Back,interceptions_per90,0.15,1.0,46.7,214
50030,Montassar Talbi,positional_cb,Positional Center Back,interceptions_per90,0.15,1.0,46.7,214
312964,Nathan Ngoy,positional_cb,Positional Center Back,interceptions_per90,0.15,1.4,85.5,214
271540,O. Camara,positional_cb,Positional Center Back,interceptions_per90,0.15,1.2,70.1,214
350857,Oliver Provstgaard,positional_cb,Positional Center Back,interceptions_per90,0.15,1.2,70.1,214
498791,R. Le Guen,positional_cb,Positional Center Back,interceptions_per90,0.15,0.8,20.6,214
567,Rúben Dias,positional_cb,Positional Center Back,interceptions_per90,0.15,0.6,5.6,214
428084,Sadibou Sané,positional_cb,Positional Center Back,interceptions_per90,0.15,0.4,1.4,214
45826,Strahinja Pavlović,positional_cb,Positional Center Back,interceptions_per90,0.15,0.2,0.5,214
38734,Sven Botman,positional_cb,Positional Center Back,interceptions_per90,0.15,1.0,46.7,214
39254,Torbjørn Heggem,positional_cb,Positional Center Back,interceptions_per90,0.15,0.8,20.6,214
290,Virgil van Dijk,positional_cb,Positional Center Back,interceptions_per90,0.15,1.4,85.5,214
16367,W. Pacho,positional_cb,Positional Center Back,interceptions_per90,0.15,0.8,20.6,214
428237,Mariano Troilo,positional_cb,Positional Center Back,interceptions_per90,0.15,1.804,97.7,214
7147,F. Bacher,positional_cb,Positional Center Back,interceptions_per90,0.15,0.404,1.4,214
30561,Alessandro Deiola,positional_cb,Positional Center Back,interceptions_per90,0.15,0.813,21.5,214
281826,Alessandro Marcandalli,positional_cb,Positional Center Back,interceptions_per90,0.15,0.408,1.4,214
398000,Genesis Antwi,positional_cb,Positional Center Back,interceptions_per90,0.15,1.23,70.6,214
19093,John Egan,positional_cb,Positional Center Back,interceptions_per90,0.15,1.233,71.0,214
181701,Gerard Martín,positional_cb,Positional Center Back,interceptions_per90,0.15,1.445,88.8,214
320335,James Abankwah,positional_cb,Positional Center Back,interceptions_per90,0.15,0.826,22.4,214
181827,C. Egan-Riley,positional_cb,Positional Center Back,interceptions_per90,0.15,1.655,96.7,214
214310,Nathaniel Adjei,positional_cb,Positional Center Back,interceptions_per90,0.15,2.483,100.0,214
18967,Leo Østigård,positional_cb,Positional Center Back,interceptions_per90,0.15,1.056,53.7,214
2769,Semi Ajayi,positional_cb,Positional Center Back,interceptions_per90,0.15,1.061,53.7,214
47277,Unai Núñez,positional_cb,Positional Center Back,interceptions_per90,0.15,1.489,89.3,214
396623,Pau Cubarsí,positional_cb,Positional Center Back,interceptions_per90,0.15,1.28,76.6,214
3099,Youssouf Ndayishimiye,positional_cb,Positional Center Back,interceptions_per90,0.15,1.938,98.6,214
367636,Jérémy Jacquet,positional_cb,Positional Center Back,interceptions_per90,0.15,1.727,97.2,214
122468,Saúl Coco,positional_cb,Positional Center Back,interceptions_per90,0.15,0.887,29.9,214
2282,Andreas Christensen,positional_cb,Positional Center Back,interceptions_per90,0.15,1.567,93.5,214
165713,Manu Hernando,positional_cb,Positional Center Back,interceptions_per90,0.15,0.907,32.2,214
415155,Juan Rodríguez,positional_cb,Positional Center Back,interceptions_per90,0.15,2.051,98.6,214
31009,Alessandro Bastoni,positional_cb,Positional Center Back,interceptions_per90,0.15,0.459,1.9,214
289,Andy Robertson,positional_cb,Positional Center Back,interceptions_per90,0.15,0.736,16.4,214
162414,A. Amenda,positional_cb,Positional Center Back,interceptions_per90,0.15,0.75,17.8,214
163039,C. Matsima,positional_cb,Positional Center Back,interceptions_per90,0.15,2.25,100.0,214
41150,E. Tapsoba,positional_cb,Positional Center Back,interceptions_per90,0.15,1.0,46.7,214
174605,Harold Voyer,positional_cb,Positional Center Back,interceptions_per90,0.15,1.5,90.2,214
409558,J. Kalulu,positional_cb,Positional Center Back,interceptions_per90,0.15,1.0,46.7,214
404656,Jahmai Simpson-Pusey,positional_cb,Positional Center Back,interceptions_per90,0.15,1.25,73.4,214
412759,Jaydee Canvot,positional_cb,Positional Center Back,interceptions_per90,0.15,1.5,90.2,214
297583,Jeyland Mitchell,positional_cb,Positional Center Back,interceptions_per90,0.15,2.0,98.6,214
31043,Kevin Diks,positional_cb,Positional Center Back,interceptions_per90,0.15,0.25,0.9,214
18963,L. Dunk,positional_cb,Positional Center Back,interceptions_per90,0.15,0.25,0.9,214
61224,L. Lochoshvili,positional_cb,Positional Center Back,interceptions_per90,0.15,0.25,0.9,214
177731,L. Pinckert,positional_cb,Positional Center Back,interceptions_per90,0.15,1.5,90.2,214
47249,Leandro Cabrera,positional_cb,Positional Center Back,interceptions_per90,0.15,0.75,17.8,214
2467,Lisandro Martínez,positional_cb,Positional Center Back,interceptions_per90,0.15,0.5,3.3,214
25314,M. Friedl,positional_cb,Positional Center Back,interceptions_per90,0.15,1.25,73.4,214
25916,M. Niakhaté,positional_cb,Positional Center Back,interceptions_per90,0.15,2.0,98.6,214
152849,Micky van de Ven,positional_cb,Positional Center Back,interceptions_per90,0.15,0.75,17.8,214
48119,Odilon Kossounou,positional_cb,Positional Center Back,interceptions_per90,0.15,1.0,46.7,214
203015,T. Scheller,positional_cb,Positional Center Back,interceptions_per90,0.15,1.0,46.7,214
19720,Trevoh Chalobah,positional_cb,Positional Center Back,interceptions_per90,0.15,1.0,46.7,214
1148,W. Orbán,positional_cb,Positional Center Back,interceptions_per90,0.15,0.75,17.8,214
127579,Jacob Greaves,positional_cb,Positional Center Back,interceptions_per90,0.15,0.503,3.3,214
38114,Ko Itakura,positional_cb,Positional Center Back,interceptions_per90,0.15,1.271,76.6,214
126951,M. Rohr,positional_cb,Positional Center Back,interceptions_per90,0.15,2.045,98.6,214
25011,A. Pieper,positional_cb,Positional Center Back,interceptions_per90,0.15,1.805,97.7,214
152953,L. Colwill,positional_cb,Positional Center Back,interceptions_per90,0.15,1.053,52.8,214
64255,G. Lloris,positional_cb,Positional Center Back,interceptions_per90,0.15,2.375,100.0,214
26240,P. Lienhart,positional_cb,Positional Center Back,interceptions_per90,0.15,1.062,53.7,214
409215,Kouakou Joane Gadou,positional_cb,Positional Center Back,interceptions_per90,0.15,0.541,4.2,214
48372,Eray Cömert,positional_cb,Positional Center Back,interceptions_per90,0.15,0.841,24.8,214
334331,M. Hansen,positional_cb,Positional Center Back,interceptions_per90,0.15,1.682,97.2,214
47271,Yeray Álvarez,positional_cb,Positional Center Back,interceptions_per90,0.15,1.143,64.5,214
412926,C. Makosso,positional_cb,Positional Center Back,interceptions_per90,0.15,2.361,100.0,214
1929,Jhon Lucumí,positional_cb,Positional Center Back,interceptions_per90,0.15,1.8,97.7,214
183849,Aitor Paredes,positional_cb,Positional Center Back,interceptions_per90,0.15,0.602,5.6,214
21694,N. Aguerd,positional_cb,Positional Center Back,interceptions_per90,0.15,0.906,32.2,214
916,Mouctar Diakhaby,positional_cb,Positional Center Back,interceptions_per90,0.15,1.882,98.6,214
497393,Bright Ede,positional_cb,Positional Center Back,interceptions_per90,0.15,0.944,38.3,214
101814,Ronald Araújo,positional_cb,Positional Center Back,interceptions_per90,0.15,0.632,6.5,214
19789,Ethan Pinnock,positional_cb,Positional Center Back,interceptions_per90,0.15,1.277,76.6,214
91422,Raoul Bellanova,positional_cb,Positional Center Back,interceptions_per90,0.15,1.596,94.4,214
19354,E. Konsa,positional_cb,Positional Center Back,interceptions_per90,0.15,1.281,77.1,214
6231,F. Medina,positional_cb,Positional Center Back,interceptions_per90,0.15,1.281,77.1,214
30776,Cristian Romero,positional_cb,Positional Center Back,interceptions_per90,0.15,0.324,1.4,214
204043,Arthur Theate,positional_cb,Positional Center Back,interceptions_per90,0.15,2.0,98.6,214
37117,Danilho Doekhi,positional_cb,Positional Center Back,interceptions_per90,0.15,0.667,9.3,214
166,Juan Foyth,positional_cb,Positional Center Back,interceptions_per90,0.15,2.333,100.0,214
349063,Luken Beitia,positional_cb,Positional Center Back,interceptions_per90,0.15,1.0,46.7,214
360114,Abdukodir Khusanov,positional_cb,Positional Center Back,interceptions_per90,0.15,1.338,81.3,214
47301,Robin Le Normand,positional_cb,Positional Center Back,interceptions_per90,0.15,1.364,83.6,214
182661,Álvaro Núñez,positional_cb,Positional Center Back,interceptions_per90,0.15,1.364,83.6,214
37651,Jay Idzes,positional_cb,Positional Center Back,interceptions_per90,0.15,0.69,11.2,214
19179,Tyrone Mings,positional_cb,Positional Center Back,interceptions_per90,0.15,0.69,11.2,214
369500,Ismaelo Ganiou,positional_cb,Positional Center Back,interceptions_per90,0.15,1.737,97.2,214
355004,Valentín Gómez,positional_cb,Positional Center Back,interceptions_per90,0.15,0.698,12.1,214
14329,Ardian Ismajli,positional_cb,Positional Center Back,interceptions_per90,0.15,2.134,99.5,214
271542,Ismael Doukouré,positional_cb,Positional Center Back,interceptions_per90,0.15,1.08,55.1,214
311071,Nicolás Valentini,positional_cb,Positional Center Back,interceptions_per90,0.15,0.766,18.7,214
384135,Javi Rodríguez,positional_cb,Positional Center Back,interceptions_per90,0.15,1.169,67.3,214
21090,Diego Carlos,positional_cb,Positional Center Back,interceptions_per90,0.15,1.227,70.6,214
2897,Kim Min-Jae,positional_cb,Positional Center Back,interceptions_per90,0.15,1.644,96.3,214
36884,Justin De Haas,positional_cb,Positional Center Back,interceptions_per90,0.15,1.659,96.7,214
2285,Antonio Rüdiger,positional_cb,Positional Center Back,interceptions_per90,0.15,0.0,0.0,214
343316,Jeanuël Belocian,positional_cb,Positional Center Back,interceptions_per90,0.15,1.674,97.2,214
18797,Christian Kabasele,positional_cb,Positional Center Back,interceptions_per90,0.15,0.845,25.2,214
41621,Matheus Nunes,positional_cb,Positional Center Back,interceptions_per90,0.15,0.845,25.2,214
283,Trent Alexander-Arnold,positional_cb,Positional Center Back,interceptions_per90,0.15,2.958,100.0,214
284300,Álvaro Carreras,positional_cb,Positional Center Back,interceptions_per90,0.15,0.857,25.7,214
279822,Enzo Boyomo,positional_cb,Positional Center Back,interceptions_per90,0.15,0.448,1.9,214
426480,Lucas Herrington,positional_cb,Positional Center Back,interceptions_per90,0.15,0.914,34.1,214
179400,M. Estève,positional_cb,Positional Center Back,interceptions_per90,0.15,1.371,83.6,214
20602,Samuel Yohou,positional_cb,Positional Center Back,interceptions_per90,0.15,0.918,34.6,214
972,J. Tah,positional_cb,Positional Center Back,interceptions_per90,0.15,1.406,85.5,214
47378,Pedro Bigas,positional_cb,Positional Center Back,interceptions_per90,0.15,0.471,2.8,214
2729,Joachim Andersen,positional_cb,Positional Center Back,interceptions_per90,0.15,0.947,39.3,214
182592,Jorge Herrando,positional_cb,Positional Center Back,interceptions_per90,0.15,1.444,88.8,214
135883,R. Hendriks,positional_cb,Positional Center Back,interceptions_per90,0.15,0.984,44.9,214
174881,Moustapha Mbow,positional_cb,Positional Center Back,interceptions_per90,0.15,0.0,0.0,214
129681,A. Rouault,positional_cb,Positional Center Back,interceptions_per90,0.15,0.5,3.3,214
19182,A. Tuanzebe,positional_cb,Positional Center Back,interceptions_per90,0.15,1.0,46.7,214
147835,Andrew Omobamidele,positional_cb,Positional Center Back,interceptions_per90,0.15,1.0,46.7,214
51535,Sebastián Cáceres,positional_cb,Positional Center Back,interceptions_per90,0.15,1.0,46.7,214
41552,Pathé Ismaël Ciss,positional_cb,Positional Center Back,tackles_per90,0.15,1.286,51.4,214
336671,Renato Veiga,positional_cb,Positional Center Back,tackles_per90,0.15,0.286,0.0,214
162058,Víctor Chust,positional_cb,Positional Center Back,tackles_per90,0.15,1.429,66.8,214
316115,Ángel Recio,positional_cb,Positional Center Back,tackles_per90,0.15,1.143,33.6,214
106759,Ville Koski,positional_cb,Positional Center Back,tackles_per90,0.15,0.581,2.3,214
47250,Djené,positional_cb,Positional Center Back,tackles_per90,0.15,0.906,14.0,214
329722,Yoel Lago,positional_cb,Positional Center Back,tackles_per90,0.15,0.923,15.9,214
47463,Pepelu,positional_cb,Positional Center Back,tackles_per90,0.15,1.901,94.9,214
551403,Rafa Garrido,positional_cb,Positional Center Back,tackles_per90,0.15,1.281,50.5,214
30399,Dávid Hancko,positional_cb,Positional Center Back,tackles_per90,0.15,1.311,53.3,214
47533,Alejandro Catena,positional_cb,Positional Center Back,tackles_per90,0.15,1.167,36.4,214
1145,Ibrahima Konaté,positional_cb,Positional Center Back,tackles_per90,0.15,1.167,36.4,214
195100,Natan,positional_cb,Positional Center Back,tackles_per90,0.15,2.167,97.7,214
1567,Aïssa Mandi,positional_cb,Positional Center Back,tackles_per90,0.15,1.754,88.8,214
361497,Dean Huijsen,positional_cb,Positional Center Back,tackles_per90,0.15,1.614,82.2,214
622,Aymeric Laporte,positional_cb,Positional Center Back,tackles_per90,0.15,1.494,74.3,214
338902,Andrés Castrin,positional_cb,Positional Center Back,tackles_per90,0.15,1.125,30.6,214
14470,Einar Galilea,positional_cb,Positional Center Back,tackles_per90,0.15,1.343,57.9,214
405073,Jon Martin,positional_cb,Positional Center Back,tackles_per90,0.15,1.579,81.3,214
30420,Enrico Delprato,positional_cb,Positional Center Back,tackles_per90,0.15,0.595,2.3,214
142691,Alexsandro Ribeiro,positional_cb,Positional Center Back,tackles_per90,0.15,1.4,63.6,214
331832,António Silva,positional_cb,Positional Center Back,tackles_per90,0.15,1.0,21.3,214
33165,Ayumu Seko,positional_cb,Positional Center Back,tackles_per90,0.15,1.0,21.3,214
278392,C. Cresswell,positional_cb,Positional Center Back,tackles_per90,0.15,1.0,21.3,214
152967,Calvin Bassey,positional_cb,Positional Center Back,tackles_per90,0.15,1.2,40.7,214
126949,Chris Richards,positional_cb,Positional Center Back,tackles_per90,0.15,1.6,81.3,214
126640,David Affengruber,positional_cb,Positional Center Back,tackles_per90,0.15,1.2,40.7,214
342063,Diego Coppola,positional_cb,Positional Center Back,tackles_per90,0.15,1.0,21.3,214
175,Eric Dier,positional_cb,Positional Center Back,tackles_per90,0.15,1.4,63.6,214
22224,Gabriel Magalhães,positional_cb,Positional Center Back,tackles_per90,0.15,1.2,40.7,214
289761,Giorgio Scalvini,positional_cb,Positional Center Back,tackles_per90,0.15,1.2,40.7,214
2935,Harry Maguire,positional_cb,Positional Center Back,tackles_per90,0.15,0.6,2.3,214
18814,Issa Diop,positional_cb,Positional Center Back,tackles_per90,0.15,0.8,8.9,214
17661,Jarrad Branthwaite,positional_cb,Positional Center Back,tackles_per90,0.15,1.0,21.3,214
162141,Koni De Winter,positional_cb,Positional Center Back,tackles_per90,0.15,1.8,91.1,214
319512,Lucas Noubi,positional_cb,Positional Center Back,tackles_per90,0.15,1.6,81.3,214
163189,Malick Thiaw,positional_cb,Positional Center Back,tackles_per90,0.15,0.0,0.0,214
67971,Marc Guéhi,positional_cb,Positional Center Back,tackles_per90,0.15,0.6,2.3,214
50735,Mark McKenzie,positional_cb,Positional Center Back,tackles_per90,0.15,1.2,40.7,214
50030,Montassar Talbi,positional_cb,Positional Center Back,tackles_per90,0.15,1.2,40.7,214
312964,Nathan Ngoy,positional_cb,Positional Center Back,tackles_per90,0.15,1.0,21.3,214
271540,O. Camara,positional_cb,Positional Center Back,tackles_per90,0.15,1.4,63.6,214
350857,Oliver Provstgaard,positional_cb,Positional Center Back,tackles_per90,0.15,0.8,8.9,214
498791,R. Le Guen,positional_cb,Positional Center Back,tackles_per90,0.15,1.0,21.3,214
567,Rúben Dias,positional_cb,Positional Center Back,tackles_per90,0.15,0.2,0.0,214
428084,Sadibou Sané,positional_cb,Positional Center Back,tackles_per90,0.15,1.6,81.3,214
45826,Strahinja Pavlović,positional_cb,Positional Center Back,tackles_per90,0.15,2.6,100.0,214
38734,Sven Botman,positional_cb,Positional Center Back,tackles_per90,0.15,1.0,21.3,214
39254,Torbjørn Heggem,positional_cb,Positional Center Back,tackles_per90,0.15,0.4,0.9,214
290,Virgil van Dijk,positional_cb,Positional Center Back,tackles_per90,0.15,1.0,21.3,214
16367,W. Pacho,positional_cb,Positional Center Back,tackles_per90,0.15,2.0,96.3,214
428237,Mariano Troilo,positional_cb,Positional Center Back,tackles_per90,0.15,0.802,9.3,214
7147,F. Bacher,positional_cb,Positional Center Back,tackles_per90,0.15,1.009,22.4,214
30561,Alessandro Deiola,positional_cb,Positional Center Back,tackles_per90,0.15,1.828,91.6,214
281826,Alessandro Marcandalli,positional_cb,Positional Center Back,tackles_per90,0.15,1.429,66.8,214
398000,Genesis Antwi,positional_cb,Positional Center Back,tackles_per90,0.15,2.05,96.3,214
19093,John Egan,positional_cb,Positional Center Back,tackles_per90,0.15,1.849,93.5,214
181701,Gerard Martín,positional_cb,Positional Center Back,tackles_per90,0.15,0.826,11.2,214
320335,James Abankwah,positional_cb,Positional Center Back,tackles_per90,0.15,1.239,46.7,214
181827,C. Egan-Riley,positional_cb,Positional Center Back,tackles_per90,0.15,1.655,83.6,214
214310,Nathaniel Adjei,positional_cb,Positional Center Back,tackles_per90,0.15,1.655,83.6,214
18967,Leo Østigård,positional_cb,Positional Center Back,tackles_per90,0.15,1.69,86.4,214
2769,Semi Ajayi,positional_cb,Positional Center Back,tackles_per90,0.15,1.274,50.5,214
47277,Unai Núñez,positional_cb,Positional Center Back,tackles_per90,0.15,1.489,73.8,214
396623,Pau Cubarsí,positional_cb,Positional Center Back,tackles_per90,0.15,1.493,74.3,214
3099,Youssouf Ndayishimiye,positional_cb,Positional Center Back,tackles_per90,0.15,0.646,2.8,214
367636,Jérémy Jacquet,positional_cb,Positional Center Back,tackles_per90,0.15,2.374,99.5,214
122468,Saúl Coco,positional_cb,Positional Center Back,tackles_per90,0.15,1.108,30.4,214
2282,Andreas Christensen,positional_cb,Positional Center Back,tackles_per90,0.15,0.672,3.7,214
165713,Manu Hernando,positional_cb,Positional Center Back,tackles_per90,0.15,1.134,33.2,214
415155,Juan Rodríguez,positional_cb,Positional Center Back,tackles_per90,0.15,1.595,81.3,214
31009,Alessandro Bastoni,positional_cb,Positional Center Back,tackles_per90,0.15,2.526,99.5,214
289,Andy Robertson,positional_cb,Positional Center Back,tackles_per90,0.15,1.226,43.9,214
162414,A. Amenda,positional_cb,Positional Center Back,tackles_per90,0.15,0.25,0.0,214
163039,C. Matsima,positional_cb,Positional Center Back,tackles_per90,0.15,1.0,21.3,214
41150,E. Tapsoba,positional_cb,Positional Center Back,tackles_per90,0.15,1.5,75.0,214
174605,Harold Voyer,positional_cb,Positional Center Back,tackles_per90,0.15,1.25,48.6,214
409558,J. Kalulu,positional_cb,Positional Center Back,tackles_per90,0.15,1.75,88.8,214
404656,Jahmai Simpson-Pusey,positional_cb,Positional Center Back,tackles_per90,0.15,1.0,21.3,214
412759,Jaydee Canvot,positional_cb,Positional Center Back,tackles_per90,0.15,2.0,96.3,214
297583,Jeyland Mitchell,positional_cb,Positional Center Back,tackles_per90,0.15,2.0,96.3,214
31043,Kevin Diks,positional_cb,Positional Center Back,tackles_per90,0.15,1.0,21.3,214
18963,L. Dunk,positional_cb,Positional Center Back,tackles_per90,0.15,0.75,6.8,214
61224,L. Lochoshvili,positional_cb,Positional Center Back,tackles_per90,0.15,0.25,0.0,214
177731,L. Pinckert,positional_cb,Positional Center Back,tackles_per90,0.15,0.75,6.8,214
47249,Leandro Cabrera,positional_cb,Positional Center Back,tackles_per90,0.15,0.75,6.8,214
2467,Lisandro Martínez,positional_cb,Positional Center Back,tackles_per90,0.15,0.75,6.8,214
25314,M. Friedl,positional_cb,Positional Center Back,tackles_per90,0.15,0.5,1.4,214
25916,M. Niakhaté,positional_cb,Positional Center Back,tackles_per90,0.15,0.25,0.0,214
152849,Micky van de Ven,positional_cb,Positional Center Back,tackles_per90,0.15,1.25,48.6,214
48119,Odilon Kossounou,positional_cb,Positional Center Back,tackles_per90,0.15,1.25,48.6,214
203015,T. Scheller,positional_cb,Positional Center Back,tackles_per90,0.15,1.75,88.8,214
19720,Trevoh Chalobah,positional_cb,Positional Center Back,tackles_per90,0.15,1.5,75.0,214
1148,W. Orbán,positional_cb,Positional Center Back,tackles_per90,0.15,0.5,1.4,214
127579,Jacob Greaves,positional_cb,Positional Center Back,tackles_per90,0.15,1.257,48.6,214
38114,Ko Itakura,positional_cb,Positional Center Back,tackles_per90,0.15,0.508,1.4,214
126951,M. Rohr,positional_cb,Positional Center Back,tackles_per90,0.15,0.256,0.0,214
25011,A. Pieper,positional_cb,Positional Center Back,tackles_per90,0.15,2.321,99.5,214
152953,L. Colwill,positional_cb,Positional Center Back,tackles_per90,0.15,0.789,8.9,214
64255,G. Lloris,positional_cb,Positional Center Back,tackles_per90,0.15,1.32,53.7,214
26240,P. Lienhart,positional_cb,Positional Center Back,tackles_per90,0.15,0.531,1.4,214
409215,Kouakou Joane Gadou,positional_cb,Positional Center Back,tackles_per90,0.15,1.622,82.2,214
48372,Eray Cömert,positional_cb,Positional Center Back,tackles_per90,0.15,1.682,86.4,214
334331,M. Hansen,positional_cb,Positional Center Back,tackles_per90,0.15,1.402,63.6,214
47271,Yeray Álvarez,positional_cb,Positional Center Back,tackles_per90,0.15,1.143,33.6,214
412926,C. Makosso,positional_cb,Positional Center Back,tackles_per90,0.15,0.885,13.6,214
1929,Jhon Lucumí,positional_cb,Positional Center Back,tackles_per90,0.15,1.2,40.7,214
183849,Aitor Paredes,positional_cb,Positional Center Back,tackles_per90,0.15,2.107,96.7,214
21694,N. Aguerd,positional_cb,Positional Center Back,tackles_per90,0.15,0.302,0.0,214
916,Mouctar Diakhaby,positional_cb,Positional Center Back,tackles_per90,0.15,0.627,2.3,214
497393,Bright Ede,positional_cb,Positional Center Back,tackles_per90,0.15,1.259,48.6,214
101814,Ronald Araújo,positional_cb,Positional Center Back,tackles_per90,0.15,1.579,81.3,214
19789,Ethan Pinnock,positional_cb,Positional Center Back,tackles_per90,0.15,0.957,17.8,214
91422,Raoul Bellanova,positional_cb,Positional Center Back,tackles_per90,0.15,1.277,50.5,214
19354,E. Konsa,positional_cb,Positional Center Back,tackles_per90,0.15,1.601,81.3,214
6231,F. Medina,positional_cb,Positional Center Back,tackles_per90,0.15,0.32,0.0,214
30776,Cristian Romero,positional_cb,Positional Center Back,tackles_per90,0.15,1.295,51.9,214
204043,Arthur Theate,positional_cb,Positional Center Back,tackles_per90,0.15,1.333,56.5,214
37117,Danilho Doekhi,positional_cb,Positional Center Back,tackles_per90,0.15,0.667,3.7,214
166,Juan Foyth,positional_cb,Positional Center Back,tackles_per90,0.15,2.0,96.3,214
349063,Luken Beitia,positional_cb,Positional Center Back,tackles_per90,0.15,1.333,56.5,214
360114,Abdukodir Khusanov,positional_cb,Positional Center Back,tackles_per90,0.15,2.677,100.0,214
47301,Robin Le Normand,positional_cb,Positional Center Back,tackles_per90,0.15,1.364,60.3,214
182661,Álvaro Núñez,positional_cb,Positional Center Back,tackles_per90,0.15,1.705,87.9,214
37651,Jay Idzes,positional_cb,Positional Center Back,tackles_per90,0.15,0.0,0.0,214
19179,Tyrone Mings,positional_cb,Positional Center Back,tackles_per90,0.15,1.379,61.2,214
369500,Ismaelo Ganiou,positional_cb,Positional Center Back,tackles_per90,0.15,2.085,96.7,214
355004,Valentín Gómez,positional_cb,Positional Center Back,tackles_per90,0.15,1.395,63.1,214
14329,Ardian Ismajli,positional_cb,Positional Center Back,tackles_per90,0.15,0.711,5.6,214
271542,Ismael Doukouré,positional_cb,Positional Center Back,tackles_per90,0.15,1.44,68.2,214
311071,Nicolás Valentini,positional_cb,Positional Center Back,tackles_per90,0.15,1.149,34.6,214
384135,Javi Rodríguez,positional_cb,Positional Center Back,tackles_per90,0.15,1.169,36.4,214
21090,Diego Carlos,positional_cb,Positional Center Back,tackles_per90,0.15,1.227,43.9,214
2897,Kim Min-Jae,positional_cb,Positional Center Back,tackles_per90,0.15,1.233,44.9,214
36884,Justin De Haas,positional_cb,Positional Center Back,tackles_per90,0.15,1.244,48.6,214
2285,Antonio Rüdiger,positional_cb,Positional Center Back,tackles_per90,0.15,0.0,0.0,214
343316,Jeanuël Belocian,positional_cb,Positional Center Back,tackles_per90,0.15,0.419,0.9,214
18797,Christian Kabasele,positional_cb,Positional Center Back,tackles_per90,0.15,0.845,12.1,214
41621,Matheus Nunes,positional_cb,Positional Center Back,tackles_per90,0.15,1.268,49.1,214
283,Trent Alexander-Arnold,positional_cb,Positional Center Back,tackles_per90,0.15,1.268,49.1,214
284300,Álvaro Carreras,positional_cb,Positional Center Back,tackles_per90,0.15,1.714,87.9,214
279822,Enzo Boyomo,positional_cb,Positional Center Back,tackles_per90,0.15,2.687,100.0,214
426480,Lucas Herrington,positional_cb,Positional Center Back,tackles_per90,0.15,0.914,14.0,214
179400,M. Estève,positional_cb,Positional Center Back,tackles_per90,0.15,0.914,14.0,214
20602,Samuel Yohou,positional_cb,Positional Center Back,tackles_per90,0.15,2.296,99.5,214
972,J. Tah,positional_cb,Positional Center Back,tackles_per90,0.15,2.344,99.5,214
47378,Pedro Bigas,positional_cb,Positional Center Back,tackles_per90,0.15,0.0,0.0,214
2729,Joachim Andersen,positional_cb,Positional Center Back,tackles_per90,0.15,0.947,17.3,214
182592,Jorge Herrando,positional_cb,Positional Center Back,tackles_per90,0.15,0.481,1.4,214
135883,R. Hendriks,positional_cb,Positional Center Back,tackles_per90,0.15,1.475,72.0,214
174881,Moustapha Mbow,positional_cb,Positional Center Back,tackles_per90,0.15,2.486,99.5,214
129681,A. Rouault,positional_cb,Positional Center Back,tackles_per90,0.15,1.5,75.0,214
19182,A. Tuanzebe,positional_cb,Positional Center Back,tackles_per90,0.15,0.5,1.4,214
147835,Andrew Omobamidele,positional_cb,Positional Center Back,tackles_per90,0.15,2.5,99.5,214
51535,Sebastián Cáceres,positional_cb,Positional Center Back,tackles_per90,0.15,2.0,96.3,214
41552,Pathé Ismaël Ciss,positional_cb,Positional Center Back,dribbled_past_per90,0.2,0.286,60.3,214
336671,Renato Veiga,positional_cb,Positional Center Back,dribbled_past_per90,0.2,0.571,11.2,214
162058,Víctor Chust,positional_cb,Positional Center Back,dribbled_past_per90,0.2,0.143,88.8,214
316115,Ángel Recio,positional_cb,Positional Center Back,dribbled_past_per90,0.2,0.714,1.4,214
106759,Ville Koski,positional_cb,Positional Center Back,dribbled_past_per90,0.2,0.145,88.8,214
47250,Djené,positional_cb,Positional Center Back,dribbled_past_per90,0.2,0.302,55.6,214
329722,Yoel Lago,positional_cb,Positional Center Back,dribbled_past_per90,0.2,0.0,99.8,214
47463,Pepelu,positional_cb,Positional Center Back,dribbled_past_per90,0.2,0.634,6.1,214
551403,Rafa Garrido,positional_cb,Positional Center Back,dribbled_past_per90,0.2,0.32,50.0,214
30399,Dávid Hancko,positional_cb,Positional Center Back,dribbled_past_per90,0.2,0.164,86.0,214
47533,Alejandro Catena,positional_cb,Positional Center Back,dribbled_past_per90,0.2,0.0,99.8,214
1145,Ibrahima Konaté,positional_cb,Positional Center Back,dribbled_past_per90,0.2,0.167,85.0,214
195100,Natan,positional_cb,Positional Center Back,dribbled_past_per90,0.2,0.167,85.0,214
1567,Aïssa Mandi,positional_cb,Positional Center Back,dribbled_past_per90,0.2,0.0,99.8,214
361497,Dean Huijsen,positional_cb,Positional Center Back,dribbled_past_per90,0.2,0.179,84.1,214
622,Aymeric Laporte,positional_cb,Positional Center Back,dribbled_past_per90,0.2,0.373,41.6,214
338902,Andrés Castrin,positional_cb,Positional Center Back,dribbled_past_per90,0.2,0.0,99.8,214
14470,Einar Galilea,positional_cb,Positional Center Back,dribbled_past_per90,0.2,0.959,0.0,214
405073,Jon Martin,positional_cb,Positional Center Back,dribbled_past_per90,0.2,0.197,81.8,214
30420,Enrico Delprato,positional_cb,Positional Center Back,dribbled_past_per90,0.2,0.198,81.8,214
142691,Alexsandro Ribeiro,positional_cb,Positional Center Back,dribbled_past_per90,0.2,0.0,99.8,214
331832,António Silva,positional_cb,Positional Center Back,dribbled_past_per90,0.2,0.4,35.0,214
33165,Ayumu Seko,positional_cb,Positional Center Back,dribbled_past_per90,0.2,0.6,8.4,214
278392,C. Cresswell,positional_cb,Positional Center Back,dribbled_past_per90,0.2,0.4,35.0,214
152967,Calvin Bassey,positional_cb,Positional Center Back,dribbled_past_per90,0.2,0.2,80.8,214
126949,Chris Richards,positional_cb,Positional Center Back,dribbled_past_per90,0.2,0.2,80.8,214
126640,David Affengruber,positional_cb,Positional Center Back,dribbled_past_per90,0.2,0.4,35.0,214
342063,Diego Coppola,positional_cb,Positional Center Back,dribbled_past_per90,0.2,0.0,99.8,214
175,Eric Dier,positional_cb,Positional Center Back,dribbled_past_per90,0.2,0.0,99.8,214
22224,Gabriel Magalhães,positional_cb,Positional Center Back,dribbled_past_per90,0.2,0.0,99.8,214
289761,Giorgio Scalvini,positional_cb,Positional Center Back,dribbled_past_per90,0.2,0.4,35.0,214
2935,Harry Maguire,positional_cb,Positional Center Back,dribbled_past_per90,0.2,0.0,99.8,214
18814,Issa Diop,positional_cb,Positional Center Back,dribbled_past_per90,0.2,0.4,35.0,214
17661,Jarrad Branthwaite,positional_cb,Positional Center Back,dribbled_past_per90,0.2,0.0,99.8,214
162141,Koni De Winter,positional_cb,Positional Center Back,dribbled_past_per90,0.2,0.4,35.0,214
319512,Lucas Noubi,positional_cb,Positional Center Back,dribbled_past_per90,0.2,0.2,80.8,214
163189,Malick Thiaw,positional_cb,Positional Center Back,dribbled_past_per90,0.2,0.4,35.0,214
67971,Marc Guéhi,positional_cb,Positional Center Back,dribbled_past_per90,0.2,0.2,80.8,214
50735,Mark McKenzie,positional_cb,Positional Center Back,dribbled_past_per90,0.2,0.4,35.0,214
50030,Montassar Talbi,positional_cb,Positional Center Back,dribbled_past_per90,0.2,0.0,99.8,214
312964,Nathan Ngoy,positional_cb,Positional Center Back,dribbled_past_per90,0.2,0.2,80.8,214
271540,O. Camara,positional_cb,Positional Center Back,dribbled_past_per90,0.2,0.0,99.8,214
350857,Oliver Provstgaard,positional_cb,Positional Center Back,dribbled_past_per90,0.2,0.2,80.8,214
498791,R. Le Guen,positional_cb,Positional Center Back,dribbled_past_per90,0.2,0.0,99.8,214
567,Rúben Dias,positional_cb,Positional Center Back,dribbled_past_per90,0.2,0.4,35.0,214
428084,Sadibou Sané,positional_cb,Positional Center Back,dribbled_past_per90,0.2,0.0,99.8,214
45826,Strahinja Pavlović,positional_cb,Positional Center Back,dribbled_past_per90,0.2,0.2,80.8,214
38734,Sven Botman,positional_cb,Positional Center Back,dribbled_past_per90,0.2,0.4,35.0,214
39254,Torbjørn Heggem,positional_cb,Positional Center Back,dribbled_past_per90,0.2,0.4,35.0,214
290,Virgil van Dijk,positional_cb,Positional Center Back,dribbled_past_per90,0.2,0.0,99.8,214
16367,W. Pacho,positional_cb,Positional Center Back,dribbled_past_per90,0.2,0.0,99.8,214
428237,Mariano Troilo,positional_cb,Positional Center Back,dribbled_past_per90,0.2,0.601,8.4,214
7147,F. Bacher,positional_cb,Positional Center Back,dribbled_past_per90,0.2,0.202,80.8,214
30561,Alessandro Deiola,positional_cb,Positional Center Back,dribbled_past_per90,0.2,0.609,8.4,214
281826,Alessandro Marcandalli,positional_cb,Positional Center Back,dribbled_past_per90,0.2,0.204,80.4,214
398000,Genesis Antwi,positional_cb,Positional Center Back,dribbled_past_per90,0.2,0.41,32.7,214
19093,John Egan,positional_cb,Positional Center Back,dribbled_past_per90,0.2,0.0,99.8,214
181701,Gerard Martín,positional_cb,Positional Center Back,dribbled_past_per90,0.2,0.206,80.4,214
320335,James Abankwah,positional_cb,Positional Center Back,dribbled_past_per90,0.2,0.413,30.4,214
181827,C. Egan-Riley,positional_cb,Positional Center Back,dribbled_past_per90,0.2,0.207,80.4,214
214310,Nathaniel Adjei,positional_cb,Positional Center Back,dribbled_past_per90,0.2,0.0,99.8,214
18967,Leo Østigård,positional_cb,Positional Center Back,dribbled_past_per90,0.2,0.211,79.0,214
2769,Semi Ajayi,positional_cb,Positional Center Back,dribbled_past_per90,0.2,0.425,28.0,214
47277,Unai Núñez,positional_cb,Positional Center Back,dribbled_past_per90,0.2,0.638,5.1,214
396623,Pau Cubarsí,positional_cb,Positional Center Back,dribbled_past_per90,0.2,0.0,99.8,214
3099,Youssouf Ndayishimiye,positional_cb,Positional Center Back,dribbled_past_per90,0.2,0.431,28.0,214
367636,Jérémy Jacquet,positional_cb,Positional Center Back,dribbled_past_per90,0.2,0.216,78.5,214
122468,Saúl Coco,positional_cb,Positional Center Back,dribbled_past_per90,0.2,0.0,99.8,214
2282,Andreas Christensen,positional_cb,Positional Center Back,dribbled_past_per90,0.2,0.224,77.1,214
165713,Manu Hernando,positional_cb,Positional Center Back,dribbled_past_per90,0.2,0.68,2.3,214
415155,Juan Rodríguez,positional_cb,Positional Center Back,dribbled_past_per90,0.2,1.139,0.0,214
31009,Alessandro Bastoni,positional_cb,Positional Center Back,dribbled_past_per90,0.2,0.23,75.2,214
289,Andy Robertson,positional_cb,Positional Center Back,dribbled_past_per90,0.2,0.0,99.8,214
162414,A. Amenda,positional_cb,Positional Center Back,dribbled_past_per90,0.2,0.0,99.8,214
163039,C. Matsima,positional_cb,Positional Center Back,dribbled_past_per90,0.2,0.0,99.8,214
41150,E. Tapsoba,positional_cb,Positional Center Back,dribbled_past_per90,0.2,0.25,69.6,214
174605,Harold Voyer,positional_cb,Positional Center Back,dribbled_past_per90,0.2,0.0,99.8,214
409558,J. Kalulu,positional_cb,Positional Center Back,dribbled_past_per90,0.2,0.0,99.8,214
404656,Jahmai Simpson-Pusey,positional_cb,Positional Center Back,dribbled_past_per90,0.2,0.0,99.8,214
412759,Jaydee Canvot,positional_cb,Positional Center Back,dribbled_past_per90,0.2,1.0,0.0,214
297583,Jeyland Mitchell,positional_cb,Positional Center Back,dribbled_past_per90,0.2,0.5,18.7,214
31043,Kevin Diks,positional_cb,Positional Center Back,dribbled_past_per90,0.2,0.0,99.8,214
18963,L. Dunk,positional_cb,Positional Center Back,dribbled_past_per90,0.2,0.5,18.7,214
61224,L. Lochoshvili,positional_cb,Positional Center Back,dribbled_past_per90,0.2,0.0,99.8,214
177731,L. Pinckert,positional_cb,Positional Center Back,dribbled_past_per90,0.2,0.5,18.7,214
47249,Leandro Cabrera,positional_cb,Positional Center Back,dribbled_past_per90,0.2,0.25,69.6,214
2467,Lisandro Martínez,positional_cb,Positional Center Back,dribbled_past_per90,0.2,0.5,18.7,214
25314,M. Friedl,positional_cb,Positional Center Back,dribbled_past_per90,0.2,0.5,18.7,214
25916,M. Niakhaté,positional_cb,Positional Center Back,dribbled_past_per90,0.2,0.0,99.8,214
152849,Micky van de Ven,positional_cb,Positional Center Back,dribbled_past_per90,0.2,0.25,69.6,214
48119,Odilon Kossounou,positional_cb,Positional Center Back,dribbled_past_per90,0.2,1.0,0.0,214
203015,T. Scheller,positional_cb,Positional Center Back,dribbled_past_per90,0.2,0.0,99.8,214
19720,Trevoh Chalobah,positional_cb,Positional Center Back,dribbled_past_per90,0.2,0.0,99.8,214
1148,W. Orbán,positional_cb,Positional Center Back,dribbled_past_per90,0.2,0.0,99.8,214
127579,Jacob Greaves,positional_cb,Positional Center Back,dribbled_past_per90,0.2,0.0,99.8,214
38114,Ko Itakura,positional_cb,Positional Center Back,dribbled_past_per90,0.2,0.0,99.8,214
126951,M. Rohr,positional_cb,Positional Center Back,dribbled_past_per90,0.2,0.256,68.2,214
25011,A. Pieper,positional_cb,Positional Center Back,dribbled_past_per90,0.2,0.258,67.3,214
152953,L. Colwill,positional_cb,Positional Center Back,dribbled_past_per90,0.2,0.0,99.8,214
64255,G. Lloris,positional_cb,Positional Center Back,dribbled_past_per90,0.2,0.0,99.8,214
26240,P. Lienhart,positional_cb,Positional Center Back,dribbled_past_per90,0.2,0.0,99.8,214
409215,Kouakou Joane Gadou,positional_cb,Positional Center Back,dribbled_past_per90,0.2,0.0,99.8,214
48372,Eray Cömert,positional_cb,Positional Center Back,dribbled_past_per90,0.2,0.561,11.7,214
334331,M. Hansen,positional_cb,Positional Center Back,dribbled_past_per90,0.2,0.28,60.7,214
47271,Yeray Álvarez,positional_cb,Positional Center Back,dribbled_past_per90,0.2,0.571,11.2,214
412926,C. Makosso,positional_cb,Positional Center Back,dribbled_past_per90,0.2,0.0,99.8,214
1929,Jhon Lucumí,positional_cb,Positional Center Back,dribbled_past_per90,0.2,0.6,8.4,214
183849,Aitor Paredes,positional_cb,Positional Center Back,dribbled_past_per90,0.2,0.0,99.8,214
21694,N. Aguerd,positional_cb,Positional Center Back,dribbled_past_per90,0.2,0.0,99.8,214
916,Mouctar Diakhaby,positional_cb,Positional Center Back,dribbled_past_per90,0.2,0.314,53.7,214
497393,Bright Ede,positional_cb,Positional Center Back,dribbled_past_per90,0.2,0.315,53.3,214
101814,Ronald Araújo,positional_cb,Positional Center Back,dribbled_past_per90,0.2,0.316,52.8,214
19789,Ethan Pinnock,positional_cb,Positional Center Back,dribbled_past_per90,0.2,0.319,50.5,214
91422,Raoul Bellanova,positional_cb,Positional Center Back,dribbled_past_per90,0.2,0.638,5.1,214
19354,E. Konsa,positional_cb,Positional Center Back,dribbled_past_per90,0.2,0.0,99.8,214
6231,F. Medina,positional_cb,Positional Center Back,dribbled_past_per90,0.2,0.0,99.8,214
30776,Cristian Romero,positional_cb,Positional Center Back,dribbled_past_per90,0.2,0.647,5.1,214
204043,Arthur Theate,positional_cb,Positional Center Back,dribbled_past_per90,0.2,0.333,48.6,214
37117,Danilho Doekhi,positional_cb,Positional Center Back,dribbled_past_per90,0.2,0.333,48.6,214
166,Juan Foyth,positional_cb,Positional Center Back,dribbled_past_per90,0.2,0.333,48.6,214
349063,Luken Beitia,positional_cb,Positional Center Back,dribbled_past_per90,0.2,0.667,3.3,214
360114,Abdukodir Khusanov,positional_cb,Positional Center Back,dribbled_past_per90,0.2,0.335,48.1,214
47301,Robin Le Normand,positional_cb,Positional Center Back,dribbled_past_per90,0.2,0.341,47.2,214
182661,Álvaro Núñez,positional_cb,Positional Center Back,dribbled_past_per90,0.2,0.682,2.3,214
37651,Jay Idzes,positional_cb,Positional Center Back,dribbled_past_per90,0.2,0.345,46.7,214
19179,Tyrone Mings,positional_cb,Positional Center Back,dribbled_past_per90,0.2,0.0,99.8,214
369500,Ismaelo Ganiou,positional_cb,Positional Center Back,dribbled_past_per90,0.2,0.0,99.8,214
355004,Valentín Gómez,positional_cb,Positional Center Back,dribbled_past_per90,0.2,0.698,2.3,214
14329,Ardian Ismajli,positional_cb,Positional Center Back,dribbled_past_per90,0.2,0.711,1.9,214
271542,Ismael Doukouré,positional_cb,Positional Center Back,dribbled_past_per90,0.2,0.0,99.8,214
311071,Nicolás Valentini,positional_cb,Positional Center Back,dribbled_past_per90,0.2,0.383,39.3,214
384135,Javi Rodríguez,positional_cb,Positional Center Back,dribbled_past_per90,0.2,0.39,38.3,214
21090,Diego Carlos,positional_cb,Positional Center Back,dribbled_past_per90,0.2,0.0,99.8,214
2897,Kim Min-Jae,positional_cb,Positional Center Back,dribbled_past_per90,0.2,0.0,99.8,214
36884,Justin De Haas,positional_cb,Positional Center Back,dribbled_past_per90,0.2,0.0,99.8,214
2285,Antonio Rüdiger,positional_cb,Positional Center Back,dribbled_past_per90,0.2,0.0,99.8,214
343316,Jeanuël Belocian,positional_cb,Positional Center Back,dribbled_past_per90,0.2,0.0,99.8,214
18797,Christian Kabasele,positional_cb,Positional Center Back,dribbled_past_per90,0.2,0.0,99.8,214
41621,Matheus Nunes,positional_cb,Positional Center Back,dribbled_past_per90,0.2,0.845,0.0,214
283,Trent Alexander-Arnold,positional_cb,Positional Center Back,dribbled_past_per90,0.2,0.423,28.0,214
284300,Álvaro Carreras,positional_cb,Positional Center Back,dribbled_past_per90,0.2,0.0,99.8,214
279822,Enzo Boyomo,positional_cb,Positional Center Back,dribbled_past_per90,0.2,0.0,99.8,214
426480,Lucas Herrington,positional_cb,Positional Center Back,dribbled_past_per90,0.2,0.457,24.3,214
179400,M. Estève,positional_cb,Positional Center Back,dribbled_past_per90,0.2,0.0,99.8,214
20602,Samuel Yohou,positional_cb,Positional Center Back,dribbled_past_per90,0.2,0.0,99.8,214
972,J. Tah,positional_cb,Positional Center Back,dribbled_past_per90,0.2,0.0,99.8,214
47378,Pedro Bigas,positional_cb,Positional Center Back,dribbled_past_per90,0.2,0.0,99.8,214
2729,Joachim Andersen,positional_cb,Positional Center Back,dribbled_past_per90,0.2,0.0,99.8,214
182592,Jorge Herrando,positional_cb,Positional Center Back,dribbled_past_per90,0.2,0.0,99.8,214
135883,R. Hendriks,positional_cb,Positional Center Back,dribbled_past_per90,0.2,0.492,20.6,214
174881,Moustapha Mbow,positional_cb,Positional Center Back,dribbled_past_per90,0.2,0.0,99.8,214
129681,A. Rouault,positional_cb,Positional Center Back,dribbled_past_per90,0.2,0.0,99.8,214
19182,A. Tuanzebe,positional_cb,Positional Center Back,dribbled_past_per90,0.2,0.0,99.8,214
147835,Andrew Omobamidele,positional_cb,Positional Center Back,dribbled_past_per90,0.2,0.0,99.8,214
51535,Sebastián Cáceres,positional_cb,Positional Center Back,dribbled_past_per90,0.2,0.5,18.7,214
18895,Florian Lejeune,stopper_cb,Stopper Center Back,duel_win_pct,0.25,61.404,77.9,131
286601,Omar El Hilali,stopper_cb,Stopper Center Back,duel_win_pct,0.25,53.571,19.1,131
734,Adrián de la Fuente,stopper_cb,Stopper Center Back,duel_win_pct,0.25,57.895,53.4,131
180927,Zaid Romero,stopper_cb,Stopper Center Back,duel_win_pct,0.25,61.224,75.6,131
736,Fran García,stopper_cb,Stopper Center Back,duel_win_pct,0.25,65.789,94.7,131
753,Marcos Llorente,stopper_cb,Stopper Center Back,duel_win_pct,0.25,47.5,1.5,131
30497,Gleison Bremer,stopper_cb,Stopper Center Back,duel_win_pct,0.25,57.143,46.6,131
386305,Jacobo Ramón,stopper_cb,Stopper Center Back,duel_win_pct,0.25,64.0,91.6,131
20715,A. Monfray,stopper_cb,Stopper Center Back,duel_win_pct,0.25,73.81,100.0,131
1314,Amir Rrahmani,stopper_cb,Stopper Center Back,duel_win_pct,0.25,70.909,100.0,131
55904,Daniel Ballard,stopper_cb,Stopper Center Back,duel_win_pct,0.25,55.556,30.5,131
19760,James Justin,stopper_cb,Stopper Center Back,duel_win_pct,0.25,67.347,97.7,131
2936,James Tarkowski,stopper_cb,Stopper Center Back,duel_win_pct,0.25,82.979,100.0,131
38695,Jan Paul van Hecke,stopper_cb,Stopper Center Back,duel_win_pct,0.25,52.0,8.4,131
162498,Radu Drăguşin,stopper_cb,Stopper Center Back,duel_win_pct,0.25,58.537,57.3,131
271350,Tarik Muharemović,stopper_cb,Stopper Center Back,duel_win_pct,0.25,54.717,25.2,131
2165,Vitaliy Mykolenko,stopper_cb,Stopper Center Back,duel_win_pct,0.25,60.417,71.8,131
274267,B. Locko,stopper_cb,Stopper Center Back,duel_win_pct,0.25,76.087,100.0,131
668717,Xavier Mandza,stopper_cb,Stopper Center Back,duel_win_pct,0.25,58.824,58.0,131
193270,Andrea Carboni,stopper_cb,Stopper Center Back,duel_win_pct,0.25,57.143,46.6,131
448977,Eddy Kouadio,stopper_cb,Stopper Center Back,duel_win_pct,0.25,60.714,72.5,131
237066,Rafa Marín,stopper_cb,Stopper Center Back,duel_win_pct,0.25,41.667,0.0,131
264437,Bobby Thomas,stopper_cb,Stopper Center Back,duel_win_pct,0.25,62.791,85.5,131
387521,L. Vušković,stopper_cb,Stopper Center Back,duel_win_pct,0.25,56.863,43.5,131
1138,T. Weah,stopper_cb,Stopper Center Back,duel_win_pct,0.25,56.757,42.7,131
129033,Joško Gvardiol,stopper_cb,Stopper Center Back,duel_win_pct,0.25,59.259,61.1,131
353613,Gabriele Calvani,stopper_cb,Stopper Center Back,duel_win_pct,0.25,67.391,97.7,131
193507,Dembo Sylla,stopper_cb,Stopper Center Back,duel_win_pct,0.25,63.043,87.0,131
2669,Mario Hermoso,stopper_cb,Stopper Center Back,duel_win_pct,0.25,62.162,84.0,131
379504,Gabriele Bracaglia,stopper_cb,Stopper Center Back,duel_win_pct,0.25,50.0,5.0,131
342018,Lorenzo Lucchesi,stopper_cb,Stopper Center Back,duel_win_pct,0.25,44.898,0.0,131
5,Manuel Akanji,stopper_cb,Stopper Center Back,duel_win_pct,0.25,73.529,100.0,131
2278,Marcos Alonso,stopper_cb,Stopper Center Back,duel_win_pct,0.25,56.25,35.9,131
291649,Vanderson,stopper_cb,Stopper Center Back,duel_win_pct,0.25,63.043,87.0,131
342651,Romano Floriani Mussolini,stopper_cb,Stopper Center Back,duel_win_pct,0.25,56.25,35.9,131
30425,Gianluca Mancini,stopper_cb,Stopper Center Back,duel_win_pct,0.25,55.556,30.5,131
47314,Zubeldia,stopper_cb,Stopper Center Back,duel_win_pct,0.25,59.459,62.6,131
20600,Romain Perraud,stopper_cb,Stopper Center Back,duel_win_pct,0.25,51.351,8.4,131
46734,Pablo Ramón,stopper_cb,Stopper Center Back,duel_win_pct,0.25,68.085,99.2,131
290546,Fedde Leysen,stopper_cb,Stopper Center Back,duel_win_pct,0.25,59.459,62.6,131
282054,Clemens Riedel,stopper_cb,Stopper Center Back,duel_win_pct,0.25,44.118,0.0,131
47273,Yuri Berchiche,stopper_cb,Stopper Center Back,duel_win_pct,0.25,60.0,65.6,131
22225,Reinildo,stopper_cb,Stopper Center Back,duel_win_pct,0.25,57.143,46.6,131
31,José María Giménez,stopper_cb,Stopper Center Back,duel_win_pct,0.25,53.125,16.0,131
20995,M. Lacroix,stopper_cb,Stopper Center Back,duel_win_pct,0.25,57.143,46.6,131
8777,Ahmed Touba,stopper_cb,Stopper Center Back,duel_win_pct,0.25,56.25,35.9,131
202845,Fabio Gruber,stopper_cb,Stopper Center Back,duel_win_pct,0.25,59.574,64.1,131
394734,Finn Jeltsch,stopper_cb,Stopper Center Back,duel_win_pct,0.25,55.263,29.0,131
184407,Jose Salinas,stopper_cb,Stopper Center Back,duel_win_pct,0.25,53.125,16.0,131
423789,K. Kosugi,stopper_cb,Stopper Center Back,duel_win_pct,0.25,60.976,74.0,131
2915,M. Ginter,stopper_cb,Stopper Center Back,duel_win_pct,0.25,72.093,100.0,131
413065,Noahkai Kai Daniel Banks,stopper_cb,Stopper Center Back,duel_win_pct,0.25,66.667,96.2,131
1146,Nordi Mukiele,stopper_cb,Stopper Center Back,duel_win_pct,0.25,55.319,29.0,131
26238,R. Koch,stopper_cb,Stopper Center Back,duel_win_pct,0.25,64.286,91.6,131
25368,W. Anton,stopper_cb,Stopper Center Back,duel_win_pct,0.25,59.375,61.8,131
203132,J. ter Horst,stopper_cb,Stopper Center Back,duel_win_pct,0.25,56.757,42.7,131
26300,O. Kabak,stopper_cb,Stopper Center Back,duel_win_pct,0.25,59.184,60.3,131
178403,C. Brackelmann,stopper_cb,Stopper Center Back,duel_win_pct,0.25,75.0,100.0,131
1741,N. Katić,stopper_cb,Stopper Center Back,duel_win_pct,0.25,71.154,100.0,131
38112,J. Chabot,stopper_cb,Stopper Center Back,duel_win_pct,0.25,63.83,90.1,131
196343,Mohamed Abdelmonem,stopper_cb,Stopper Center Back,duel_win_pct,0.25,60.714,72.5,131
396637,Pietro Comuzzo,stopper_cb,Stopper Center Back,duel_win_pct,0.25,55.882,32.8,131
291589,Kialonda Gaspar,stopper_cb,Stopper Center Back,duel_win_pct,0.25,69.697,100.0,131
1561,Marc Bartra,stopper_cb,Stopper Center Back,duel_win_pct,0.25,75.0,100.0,131
90977,T. Becker,stopper_cb,Stopper Center Back,duel_win_pct,0.25,68.421,100.0,131
333672,César Tárrega,stopper_cb,Stopper Center Back,duel_win_pct,0.25,54.839,26.0,131
311345,Federico Redondo,stopper_cb,Stopper Center Back,duel_win_pct,0.25,58.065,54.2,131
1149,D. Upamecano,stopper_cb,Stopper Center Back,duel_win_pct,0.25,68.571,100.0,131
22094,W. Fofana,stopper_cb,Stopper Center Back,duel_win_pct,0.25,65.714,94.7,131
355994,Alexander Freeman,stopper_cb,Stopper Center Back,duel_win_pct,0.25,67.647,98.5,131
278453,A. Hajdari,stopper_cb,Stopper Center Back,duel_win_pct,0.25,44.828,0.0,131
328089,Archie Gray,stopper_cb,Stopper Center Back,duel_win_pct,0.25,60.0,65.6,131
25346,J. Torunarigha,stopper_cb,Stopper Center Back,duel_win_pct,0.25,40.625,0.0,131
178769,P. Treu,stopper_cb,Stopper Center Back,duel_win_pct,0.25,80.0,100.0,131
442546,Kacper Potulski,stopper_cb,Stopper Center Back,duel_win_pct,0.25,51.22,8.4,131
24953,Yann Bisseck,stopper_cb,Stopper Center Back,duel_win_pct,0.25,65.217,93.9,131
417830,A. Ait Boudlal,stopper_cb,Stopper Center Back,duel_win_pct,0.25,74.074,100.0,131
25406,F. Uduokhai,stopper_cb,Stopper Center Back,duel_win_pct,0.25,60.526,71.8,131
126757,L. Brassier,stopper_cb,Stopper Center Back,duel_win_pct,0.25,71.429,100.0,131
288206,L. Querfeld,stopper_cb,Stopper Center Back,duel_win_pct,0.25,52.381,11.5,131
2817,Nikola Milenković,stopper_cb,Stopper Center Back,duel_win_pct,0.25,54.839,26.0,131
15793,Rasmus Nicolaisen,stopper_cb,Stopper Center Back,duel_win_pct,0.25,62.069,84.0,131
70500,Sergi Cardona,stopper_cb,Stopper Center Back,duel_win_pct,0.25,50.0,5.0,131
711,Stefan Posch,stopper_cb,Stopper Center Back,duel_win_pct,0.25,64.286,91.6,131
162570,Giorgio Cittadini,stopper_cb,Stopper Center Back,duel_win_pct,0.25,74.286,100.0,131
424277,Viery,stopper_cb,Stopper Center Back,duel_win_pct,0.25,55.0,27.5,131
286595,Facundo González,stopper_cb,Stopper Center Back,duel_win_pct,0.25,46.154,0.8,131
358431,N. Mendy,stopper_cb,Stopper Center Back,duel_win_pct,0.25,57.895,53.4,131
437139,Souleymane Sagnan,stopper_cb,Stopper Center Back,duel_win_pct,0.25,75.0,100.0,131
455316,Tiago Gabriel,stopper_cb,Stopper Center Back,duel_win_pct,0.25,75.0,100.0,131
416062,Eivind Helland,stopper_cb,Stopper Center Back,duel_win_pct,0.25,64.706,93.1,131
174766,L. Maronnier,stopper_cb,Stopper Center Back,duel_win_pct,0.25,69.565,100.0,131
47988,Carl Starfelt,stopper_cb,Stopper Center Back,duel_win_pct,0.25,57.692,51.9,131
656,Oumar Solet,stopper_cb,Stopper Center Back,duel_win_pct,0.25,47.619,1.5,131
428586,Rockson Yeboah,stopper_cb,Stopper Center Back,duel_win_pct,0.25,57.895,53.4,131
47190,Miguel Loureiro,stopper_cb,Stopper Center Back,duel_win_pct,0.25,55.556,30.5,131
25061,Armel Bella-Kotchap,stopper_cb,Stopper Center Back,duel_win_pct,0.25,76.923,100.0,131
489905,Seny Koumbassa,stopper_cb,Stopper Center Back,duel_win_pct,0.25,45.0,0.0,131
2597,Takehiro Tomiyasu,stopper_cb,Stopper Center Back,duel_win_pct,0.25,40.0,0.0,131
1807,Evan Ndicka,stopper_cb,Stopper Center Back,duel_win_pct,0.25,50.0,5.0,131
6,Leonardo Balerdi,stopper_cb,Stopper Center Back,duel_win_pct,0.25,68.421,100.0,131
585451,J. Maluze,stopper_cb,Stopper Center Back,duel_win_pct,0.25,82.143,100.0,131
1408,S. Bornauw,stopper_cb,Stopper Center Back,duel_win_pct,0.25,50.0,5.0,131
162466,S. Diomandé,stopper_cb,Stopper Center Back,duel_win_pct,0.25,56.25,35.9,131
18895,Florian Lejeune,stopper_cb,Stopper Center Back,tackles_per90,0.2,2.143,64.9,131
286601,Omar El Hilali,stopper_cb,Stopper Center Back,tackles_per90,0.2,2.229,71.8,131
734,Adrián de la Fuente,stopper_cb,Stopper Center Back,tackles_per90,0.2,1.382,11.5,131
180927,Zaid Romero,stopper_cb,Stopper Center Back,tackles_per90,0.2,1.393,12.2,131
736,Fran García,stopper_cb,Stopper Center Back,tackles_per90,0.2,2.807,95.4,131
753,Marcos Llorente,stopper_cb,Stopper Center Back,tackles_per90,0.2,2.129,61.1,131
30497,Gleison Bremer,stopper_cb,Stopper Center Back,tackles_per90,0.2,1.385,12.2,131
386305,Jacobo Ramón,stopper_cb,Stopper Center Back,tackles_per90,0.2,2.379,80.9,131
20715,A. Monfray,stopper_cb,Stopper Center Back,tackles_per90,0.2,3.0,98.5,131
1314,Amir Rrahmani,stopper_cb,Stopper Center Back,tackles_per90,0.2,2.2,68.7,131
55904,Daniel Ballard,stopper_cb,Stopper Center Back,tackles_per90,0.2,2.0,53.8,131
19760,James Justin,stopper_cb,Stopper Center Back,tackles_per90,0.2,3.2,100.0,131
2936,James Tarkowski,stopper_cb,Stopper Center Back,tackles_per90,0.2,2.2,68.7,131
38695,Jan Paul van Hecke,stopper_cb,Stopper Center Back,tackles_per90,0.2,2.0,53.8,131
162498,Radu Drăguşin,stopper_cb,Stopper Center Back,tackles_per90,0.2,0.8,0.0,131
271350,Tarik Muharemović,stopper_cb,Stopper Center Back,tackles_per90,0.2,1.0,1.5,131
2165,Vitaliy Mykolenko,stopper_cb,Stopper Center Back,tackles_per90,0.2,2.8,95.4,131
274267,B. Locko,stopper_cb,Stopper Center Back,tackles_per90,0.2,3.013,98.5,131
668717,Xavier Mandza,stopper_cb,Stopper Center Back,tackles_per90,0.2,2.009,55.0,131
193270,Andrea Carboni,stopper_cb,Stopper Center Back,tackles_per90,0.2,1.633,19.8,131
448977,Eddy Kouadio,stopper_cb,Stopper Center Back,tackles_per90,0.2,2.245,72.5,131
237066,Rafa Marín,stopper_cb,Stopper Center Back,tackles_per90,0.2,2.245,72.5,131
264437,Bobby Thomas,stopper_cb,Stopper Center Back,tackles_per90,0.2,0.616,0.0,131
387521,L. Vušković,stopper_cb,Stopper Center Back,tackles_per90,0.2,1.233,6.1,131
1138,T. Weah,stopper_cb,Stopper Center Back,tackles_per90,0.2,2.059,58.8,131
129033,Joško Gvardiol,stopper_cb,Stopper Center Back,tackles_per90,0.2,2.276,74.0,131
353613,Gabriele Calvani,stopper_cb,Stopper Center Back,tackles_per90,0.2,2.488,87.8,131
193507,Dembo Sylla,stopper_cb,Stopper Center Back,tackles_per90,0.2,1.875,41.2,131
2669,Mario Hermoso,stopper_cb,Stopper Center Back,tackles_per90,0.2,2.753,93.1,131
379504,Gabriele Bracaglia,stopper_cb,Stopper Center Back,tackles_per90,0.2,1.5,13.7,131
342018,Lorenzo Lucchesi,stopper_cb,Stopper Center Back,tackles_per90,0.2,1.718,29.0,131
5,Manuel Akanji,stopper_cb,Stopper Center Back,tackles_per90,0.2,1.961,48.9,131
2278,Marcos Alonso,stopper_cb,Stopper Center Back,tackles_per90,0.2,1.752,31.3,131
291649,Vanderson,stopper_cb,Stopper Center Back,tackles_per90,0.2,3.942,100.0,131
342651,Romano Floriani Mussolini,stopper_cb,Stopper Center Back,tackles_per90,0.2,2.457,85.5,131
30425,Gianluca Mancini,stopper_cb,Stopper Center Back,tackles_per90,0.2,2.035,55.7,131
47314,Zubeldia,stopper_cb,Stopper Center Back,tackles_per90,0.2,3.206,100.0,131
20600,Romain Perraud,stopper_cb,Stopper Center Back,tackles_per90,0.2,1.841,38.9,131
46734,Pablo Ramón,stopper_cb,Stopper Center Back,tackles_per90,0.2,3.534,100.0,131
290546,Fedde Leysen,stopper_cb,Stopper Center Back,tackles_per90,0.2,2.126,61.1,131
282054,Clemens Riedel,stopper_cb,Stopper Center Back,tackles_per90,0.2,0.96,1.5,131
47273,Yuri Berchiche,stopper_cb,Stopper Center Back,tackles_per90,0.2,2.207,70.2,131
22225,Reinildo,stopper_cb,Stopper Center Back,tackles_per90,0.2,1.967,48.9,131
31,José María Giménez,stopper_cb,Stopper Center Back,tackles_per90,0.2,0.742,0.0,131
20995,M. Lacroix,stopper_cb,Stopper Center Back,tackles_per90,0.2,2.473,86.3,131
8777,Ahmed Touba,stopper_cb,Stopper Center Back,tackles_per90,0.2,2.25,72.5,131
202845,Fabio Gruber,stopper_cb,Stopper Center Back,tackles_per90,0.2,2.75,93.1,131
394734,Finn Jeltsch,stopper_cb,Stopper Center Back,tackles_per90,0.2,2.0,53.8,131
184407,Jose Salinas,stopper_cb,Stopper Center Back,tackles_per90,0.2,2.0,53.8,131
423789,K. Kosugi,stopper_cb,Stopper Center Back,tackles_per90,0.2,2.0,53.8,131
2915,M. Ginter,stopper_cb,Stopper Center Back,tackles_per90,0.2,1.5,13.7,131
413065,Noahkai Kai Daniel Banks,stopper_cb,Stopper Center Back,tackles_per90,0.2,2.0,53.8,131
1146,Nordi Mukiele,stopper_cb,Stopper Center Back,tackles_per90,0.2,3.25,100.0,131
26238,R. Koch,stopper_cb,Stopper Center Back,tackles_per90,0.2,0.75,0.0,131
25368,W. Anton,stopper_cb,Stopper Center Back,tackles_per90,0.2,1.0,1.5,131
203132,J. ter Horst,stopper_cb,Stopper Center Back,tackles_per90,0.2,2.301,76.3,131
26300,O. Kabak,stopper_cb,Stopper Center Back,tackles_per90,0.2,1.032,3.1,131
178403,C. Brackelmann,stopper_cb,Stopper Center Back,tackles_per90,0.2,3.121,99.2,131
1741,N. Katić,stopper_cb,Stopper Center Back,tackles_per90,0.2,2.601,88.5,131
38112,J. Chabot,stopper_cb,Stopper Center Back,tackles_per90,0.2,2.355,79.4,131
196343,Mohamed Abdelmonem,stopper_cb,Stopper Center Back,tackles_per90,0.2,2.111,61.1,131
396637,Pietro Comuzzo,stopper_cb,Stopper Center Back,tackles_per90,0.2,2.903,97.7,131
291589,Kialonda Gaspar,stopper_cb,Stopper Center Back,tackles_per90,0.2,3.482,100.0,131
1561,Marc Bartra,stopper_cb,Stopper Center Back,tackles_per90,0.2,2.703,92.4,131
90977,T. Becker,stopper_cb,Stopper Center Back,tackles_per90,0.2,3.524,100.0,131
333672,César Tárrega,stopper_cb,Stopper Center Back,tackles_per90,0.2,2.727,92.4,131
311345,Federico Redondo,stopper_cb,Stopper Center Back,tackles_per90,0.2,3.578,100.0,131
1149,D. Upamecano,stopper_cb,Stopper Center Back,tackles_per90,0.2,2.286,75.6,131
22094,W. Fofana,stopper_cb,Stopper Center Back,tackles_per90,0.2,2.0,53.8,131
355994,Alexander Freeman,stopper_cb,Stopper Center Back,tackles_per90,0.2,2.293,75.6,131
278453,A. Hajdari,stopper_cb,Stopper Center Back,tackles_per90,0.2,1.154,3.1,131
328089,Archie Gray,stopper_cb,Stopper Center Back,tackles_per90,0.2,1.452,13.7,131
25346,J. Torunarigha,stopper_cb,Stopper Center Back,tackles_per90,0.2,0.879,0.8,131
178769,P. Treu,stopper_cb,Stopper Center Back,tackles_per90,0.2,3.816,100.0,131
442546,Kacper Potulski,stopper_cb,Stopper Center Back,tackles_per90,0.2,2.571,87.8,131
24953,Yann Bisseck,stopper_cb,Stopper Center Back,tackles_per90,0.2,2.581,87.8,131
417830,A. Ait Boudlal,stopper_cb,Stopper Center Back,tackles_per90,0.2,3.333,100.0,131
25406,F. Uduokhai,stopper_cb,Stopper Center Back,tackles_per90,0.2,2.0,53.8,131
126757,L. Brassier,stopper_cb,Stopper Center Back,tackles_per90,0.2,2.667,92.4,131
288206,L. Querfeld,stopper_cb,Stopper Center Back,tackles_per90,0.2,2.333,78.6,131
2817,Nikola Milenković,stopper_cb,Stopper Center Back,tackles_per90,0.2,1.667,23.7,131
15793,Rasmus Nicolaisen,stopper_cb,Stopper Center Back,tackles_per90,0.2,0.667,0.0,131
70500,Sergi Cardona,stopper_cb,Stopper Center Back,tackles_per90,0.2,2.0,53.8,131
711,Stefan Posch,stopper_cb,Stopper Center Back,tackles_per90,0.2,2.351,79.4,131
162570,Giorgio Cittadini,stopper_cb,Stopper Center Back,tackles_per90,0.2,3.722,100.0,131
424277,Viery,stopper_cb,Stopper Center Back,tackles_per90,0.2,2.835,95.4,131
286595,Facundo González,stopper_cb,Stopper Center Back,tackles_per90,0.2,1.779,34.4,131
358431,N. Mendy,stopper_cb,Stopper Center Back,tackles_per90,0.2,2.49,87.8,131
437139,Souleymane Sagnan,stopper_cb,Stopper Center Back,tackles_per90,0.2,3.992,100.0,131
455316,Tiago Gabriel,stopper_cb,Stopper Center Back,tackles_per90,0.2,2.988,98.5,131
416062,Eivind Helland,stopper_cb,Stopper Center Back,tackles_per90,0.2,2.647,91.6,131
174766,L. Maronnier,stopper_cb,Stopper Center Back,tackles_per90,0.2,3.403,100.0,131
47988,Carl Starfelt,stopper_cb,Stopper Center Back,tackles_per90,0.2,3.303,100.0,131
656,Oumar Solet,stopper_cb,Stopper Center Back,tackles_per90,0.2,1.239,6.1,131
428586,Rockson Yeboah,stopper_cb,Stopper Center Back,tackles_per90,0.2,2.571,87.8,131
47190,Miguel Loureiro,stopper_cb,Stopper Center Back,tackles_per90,0.2,2.261,74.0,131
25061,Armel Bella-Kotchap,stopper_cb,Stopper Center Back,tackles_per90,0.2,1.837,38.9,131
489905,Seny Koumbassa,stopper_cb,Stopper Center Back,tackles_per90,0.2,1.875,41.2,131
2597,Takehiro Tomiyasu,stopper_cb,Stopper Center Back,tackles_per90,0.2,0.947,1.5,131
1807,Evan Ndicka,stopper_cb,Stopper Center Back,tackles_per90,0.2,1.925,45.0,131
6,Leonardo Balerdi,stopper_cb,Stopper Center Back,tackles_per90,0.2,2.432,84.0,131
585451,J. Maluze,stopper_cb,Stopper Center Back,tackles_per90,0.2,2.0,53.8,131
1408,S. Bornauw,stopper_cb,Stopper Center Back,tackles_per90,0.2,1.5,13.7,131
162466,S. Diomandé,stopper_cb,Stopper Center Back,tackles_per90,0.2,1.5,13.7,131
18895,Florian Lejeune,stopper_cb,Stopper Center Back,interceptions_per90,0.2,1.571,82.4,131
286601,Omar El Hilali,stopper_cb,Stopper Center Back,interceptions_per90,0.2,1.029,21.4,131
734,Adrián de la Fuente,stopper_cb,Stopper Center Back,interceptions_per90,0.2,1.382,58.8,131
180927,Zaid Romero,stopper_cb,Stopper Center Back,interceptions_per90,0.2,2.089,96.2,131
736,Fran García,stopper_cb,Stopper Center Back,interceptions_per90,0.2,1.31,49.6,131
753,Marcos Llorente,stopper_cb,Stopper Center Back,interceptions_per90,0.2,1.742,89.3,131
30497,Gleison Bremer,stopper_cb,Stopper Center Back,interceptions_per90,0.2,1.582,83.2,131
386305,Jacobo Ramón,stopper_cb,Stopper Center Back,interceptions_per90,0.2,0.396,0.0,131
20715,A. Monfray,stopper_cb,Stopper Center Back,interceptions_per90,0.2,1.8,91.6,131
1314,Amir Rrahmani,stopper_cb,Stopper Center Back,interceptions_per90,0.2,0.6,1.5,131
55904,Daniel Ballard,stopper_cb,Stopper Center Back,interceptions_per90,0.2,0.8,6.9,131
19760,James Justin,stopper_cb,Stopper Center Back,interceptions_per90,0.2,1.6,84.7,131
2936,James Tarkowski,stopper_cb,Stopper Center Back,interceptions_per90,0.2,2.8,100.0,131
38695,Jan Paul van Hecke,stopper_cb,Stopper Center Back,interceptions_per90,0.2,0.6,1.5,131
162498,Radu Drăguşin,stopper_cb,Stopper Center Back,interceptions_per90,0.2,2.2,98.5,131
271350,Tarik Muharemović,stopper_cb,Stopper Center Back,interceptions_per90,0.2,2.2,98.5,131
2165,Vitaliy Mykolenko,stopper_cb,Stopper Center Back,interceptions_per90,0.2,1.4,59.9,131
274267,B. Locko,stopper_cb,Stopper Center Back,interceptions_per90,0.2,2.009,96.2,131
668717,Xavier Mandza,stopper_cb,Stopper Center Back,interceptions_per90,0.2,1.808,91.6,131
193270,Andrea Carboni,stopper_cb,Stopper Center Back,interceptions_per90,0.2,1.02,21.4,131
448977,Eddy Kouadio,stopper_cb,Stopper Center Back,interceptions_per90,0.2,3.061,100.0,131
237066,Rafa Marín,stopper_cb,Stopper Center Back,interceptions_per90,0.2,1.633,85.5,131
264437,Bobby Thomas,stopper_cb,Stopper Center Back,interceptions_per90,0.2,1.438,65.6,131
387521,L. Vušković,stopper_cb,Stopper Center Back,interceptions_per90,0.2,0.616,1.5,131
1138,T. Weah,stopper_cb,Stopper Center Back,interceptions_per90,0.2,0.618,1.5,131
129033,Joško Gvardiol,stopper_cb,Stopper Center Back,interceptions_per90,0.2,1.448,66.4,131
353613,Gabriele Calvani,stopper_cb,Stopper Center Back,interceptions_per90,0.2,1.452,66.4,131
193507,Dembo Sylla,stopper_cb,Stopper Center Back,interceptions_per90,0.2,2.708,100.0,131
2669,Mario Hermoso,stopper_cb,Stopper Center Back,interceptions_per90,0.2,3.6,100.0,131
379504,Gabriele Bracaglia,stopper_cb,Stopper Center Back,interceptions_per90,0.2,1.071,25.2,131
342018,Lorenzo Lucchesi,stopper_cb,Stopper Center Back,interceptions_per90,0.2,2.578,100.0,131
5,Manuel Akanji,stopper_cb,Stopper Center Back,interceptions_per90,0.2,1.743,90.1,131
2278,Marcos Alonso,stopper_cb,Stopper Center Back,interceptions_per90,0.2,2.19,98.5,131
291649,Vanderson,stopper_cb,Stopper Center Back,interceptions_per90,0.2,1.971,95.4,131
342651,Romano Floriani Mussolini,stopper_cb,Stopper Center Back,interceptions_per90,0.2,1.34,55.0,131
30425,Gianluca Mancini,stopper_cb,Stopper Center Back,interceptions_per90,0.2,1.809,91.6,131
47314,Zubeldia,stopper_cb,Stopper Center Back,interceptions_per90,0.2,1.374,58.0,131
20600,Romain Perraud,stopper_cb,Stopper Center Back,interceptions_per90,0.2,0.921,15.3,131
46734,Pablo Ramón,stopper_cb,Stopper Center Back,interceptions_per90,0.2,1.649,86.3,131
290546,Fedde Leysen,stopper_cb,Stopper Center Back,interceptions_per90,0.2,0.945,15.3,131
282054,Clemens Riedel,stopper_cb,Stopper Center Back,interceptions_per90,0.2,0.72,4.6,131
47273,Yuri Berchiche,stopper_cb,Stopper Center Back,interceptions_per90,0.2,0.981,18.3,131
22225,Reinildo,stopper_cb,Stopper Center Back,interceptions_per90,0.2,1.967,95.4,131
31,José María Giménez,stopper_cb,Stopper Center Back,interceptions_per90,0.2,0.989,19.1,131
20995,M. Lacroix,stopper_cb,Stopper Center Back,interceptions_per90,0.2,1.484,70.2,131
8777,Ahmed Touba,stopper_cb,Stopper Center Back,interceptions_per90,0.2,3.25,100.0,131
202845,Fabio Gruber,stopper_cb,Stopper Center Back,interceptions_per90,0.2,1.75,90.1,131
394734,Finn Jeltsch,stopper_cb,Stopper Center Back,interceptions_per90,0.2,1.0,20.2,131
184407,Jose Salinas,stopper_cb,Stopper Center Back,interceptions_per90,0.2,1.25,41.2,131
423789,K. Kosugi,stopper_cb,Stopper Center Back,interceptions_per90,0.2,2.0,96.2,131
2915,M. Ginter,stopper_cb,Stopper Center Back,interceptions_per90,0.2,1.0,20.2,131
413065,Noahkai Kai Daniel Banks,stopper_cb,Stopper Center Back,interceptions_per90,0.2,1.5,74.4,131
1146,Nordi Mukiele,stopper_cb,Stopper Center Back,interceptions_per90,0.2,1.5,74.4,131
26238,R. Koch,stopper_cb,Stopper Center Back,interceptions_per90,0.2,2.0,96.2,131
25368,W. Anton,stopper_cb,Stopper Center Back,interceptions_per90,0.2,3.25,100.0,131
203132,J. ter Horst,stopper_cb,Stopper Center Back,interceptions_per90,0.2,2.812,100.0,131
26300,O. Kabak,stopper_cb,Stopper Center Back,interceptions_per90,0.2,1.289,47.3,131
178403,C. Brackelmann,stopper_cb,Stopper Center Back,interceptions_per90,0.2,1.04,21.4,131
1741,N. Katić,stopper_cb,Stopper Center Back,interceptions_per90,0.2,1.04,21.4,131
38112,J. Chabot,stopper_cb,Stopper Center Back,interceptions_per90,0.2,1.308,49.6,131
196343,Mohamed Abdelmonem,stopper_cb,Stopper Center Back,interceptions_per90,0.2,1.584,83.2,131
396637,Pietro Comuzzo,stopper_cb,Stopper Center Back,interceptions_per90,0.2,0.792,6.9,131
291589,Kialonda Gaspar,stopper_cb,Stopper Center Back,interceptions_per90,0.2,0.536,0.8,131
1561,Marc Bartra,stopper_cb,Stopper Center Back,interceptions_per90,0.2,1.081,25.2,131
90977,T. Becker,stopper_cb,Stopper Center Back,interceptions_per90,0.2,1.084,25.2,131
333672,César Tárrega,stopper_cb,Stopper Center Back,interceptions_per90,0.2,1.091,25.2,131
311345,Federico Redondo,stopper_cb,Stopper Center Back,interceptions_per90,0.2,2.477,100.0,131
1149,D. Upamecano,stopper_cb,Stopper Center Back,interceptions_per90,0.2,1.714,87.8,131
22094,W. Fofana,stopper_cb,Stopper Center Back,interceptions_per90,0.2,2.857,100.0,131
355994,Alexander Freeman,stopper_cb,Stopper Center Back,interceptions_per90,0.2,0.573,0.8,131
278453,A. Hajdari,stopper_cb,Stopper Center Back,interceptions_per90,0.2,2.019,96.2,131
328089,Archie Gray,stopper_cb,Stopper Center Back,interceptions_per90,0.2,1.161,28.2,131
25346,J. Torunarigha,stopper_cb,Stopper Center Back,interceptions_per90,0.2,1.759,90.1,131
178769,P. Treu,stopper_cb,Stopper Center Back,interceptions_per90,0.2,0.636,2.3,131
442546,Kacper Potulski,stopper_cb,Stopper Center Back,interceptions_per90,0.2,0.964,18.3,131
24953,Yann Bisseck,stopper_cb,Stopper Center Back,interceptions_per90,0.2,2.258,98.5,131
417830,A. Ait Boudlal,stopper_cb,Stopper Center Back,interceptions_per90,0.2,2.333,98.5,131
25406,F. Uduokhai,stopper_cb,Stopper Center Back,interceptions_per90,0.2,0.667,2.3,131
126757,L. Brassier,stopper_cb,Stopper Center Back,interceptions_per90,0.2,3.0,100.0,131
288206,L. Querfeld,stopper_cb,Stopper Center Back,interceptions_per90,0.2,1.667,87.8,131
2817,Nikola Milenković,stopper_cb,Stopper Center Back,interceptions_per90,0.2,1.0,20.2,131
15793,Rasmus Nicolaisen,stopper_cb,Stopper Center Back,interceptions_per90,0.2,1.333,53.4,131
70500,Sergi Cardona,stopper_cb,Stopper Center Back,interceptions_per90,0.2,2.0,96.2,131
711,Stefan Posch,stopper_cb,Stopper Center Back,interceptions_per90,0.2,1.343,55.0,131
162570,Giorgio Cittadini,stopper_cb,Stopper Center Back,interceptions_per90,0.2,3.722,100.0,131
424277,Viery,stopper_cb,Stopper Center Back,interceptions_per90,0.2,1.063,23.7,131
286595,Facundo González,stopper_cb,Stopper Center Back,interceptions_per90,0.2,1.779,91.6,131
358431,N. Mendy,stopper_cb,Stopper Center Back,interceptions_per90,0.2,1.067,24.4,131
437139,Souleymane Sagnan,stopper_cb,Stopper Center Back,interceptions_per90,0.2,1.815,91.6,131
455316,Tiago Gabriel,stopper_cb,Stopper Center Back,interceptions_per90,0.2,1.12,25.2,131
416062,Eivind Helland,stopper_cb,Stopper Center Back,interceptions_per90,0.2,1.891,94.7,131
174766,L. Maronnier,stopper_cb,Stopper Center Back,interceptions_per90,0.2,1.134,26.0,131
47988,Carl Starfelt,stopper_cb,Stopper Center Back,interceptions_per90,0.2,1.651,86.3,131
656,Oumar Solet,stopper_cb,Stopper Center Back,interceptions_per90,0.2,2.064,96.2,131
428586,Rockson Yeboah,stopper_cb,Stopper Center Back,interceptions_per90,0.2,2.143,97.7,131
47190,Miguel Loureiro,stopper_cb,Stopper Center Back,interceptions_per90,0.2,2.261,98.5,131
25061,Armel Bella-Kotchap,stopper_cb,Stopper Center Back,interceptions_per90,0.2,1.378,58.0,131
489905,Seny Koumbassa,stopper_cb,Stopper Center Back,interceptions_per90,0.2,0.938,15.3,131
2597,Takehiro Tomiyasu,stopper_cb,Stopper Center Back,interceptions_per90,0.2,2.368,99.2,131
1807,Evan Ndicka,stopper_cb,Stopper Center Back,interceptions_per90,0.2,3.369,100.0,131
6,Leonardo Balerdi,stopper_cb,Stopper Center Back,interceptions_per90,0.2,3.892,100.0,131
585451,J. Maluze,stopper_cb,Stopper Center Back,interceptions_per90,0.2,3.0,100.0,131
1408,S. Bornauw,stopper_cb,Stopper Center Back,interceptions_per90,0.2,2.0,96.2,131
162466,S. Diomandé,stopper_cb,Stopper Center Back,interceptions_per90,0.2,1.5,74.4,131
18895,Florian Lejeune,stopper_cb,Stopper Center Back,blocks_per90,0.15,0.714,64.1,131
286601,Omar El Hilali,stopper_cb,Stopper Center Back,blocks_per90,0.15,0.514,36.6,131
734,Adrián de la Fuente,stopper_cb,Stopper Center Back,blocks_per90,0.15,0.173,1.5,131
180927,Zaid Romero,stopper_cb,Stopper Center Back,blocks_per90,0.15,0.696,61.1,131
736,Fran García,stopper_cb,Stopper Center Back,blocks_per90,0.15,0.374,13.7,131
753,Marcos Llorente,stopper_cb,Stopper Center Back,blocks_per90,0.15,0.968,87.0,131
30497,Gleison Bremer,stopper_cb,Stopper Center Back,blocks_per90,0.15,0.198,2.3,131
386305,Jacobo Ramón,stopper_cb,Stopper Center Back,blocks_per90,0.15,0.396,13.7,131
20715,A. Monfray,stopper_cb,Stopper Center Back,blocks_per90,0.15,0.6,48.1,131
1314,Amir Rrahmani,stopper_cb,Stopper Center Back,blocks_per90,0.15,0.8,75.6,131
55904,Daniel Ballard,stopper_cb,Stopper Center Back,blocks_per90,0.15,0.8,75.6,131
19760,James Justin,stopper_cb,Stopper Center Back,blocks_per90,0.15,0.4,13.7,131
2936,James Tarkowski,stopper_cb,Stopper Center Back,blocks_per90,0.15,0.6,48.1,131
38695,Jan Paul van Hecke,stopper_cb,Stopper Center Back,blocks_per90,0.15,0.8,75.6,131
162498,Radu Drăguşin,stopper_cb,Stopper Center Back,blocks_per90,0.15,1.2,96.2,131
271350,Tarik Muharemović,stopper_cb,Stopper Center Back,blocks_per90,0.15,1.0,88.9,131
2165,Vitaliy Mykolenko,stopper_cb,Stopper Center Back,blocks_per90,0.15,1.0,88.9,131
274267,B. Locko,stopper_cb,Stopper Center Back,blocks_per90,0.15,0.201,3.1,131
668717,Xavier Mandza,stopper_cb,Stopper Center Back,blocks_per90,0.15,0.201,3.1,131
193270,Andrea Carboni,stopper_cb,Stopper Center Back,blocks_per90,0.15,0.612,48.9,131
448977,Eddy Kouadio,stopper_cb,Stopper Center Back,blocks_per90,0.15,0.816,75.6,131
237066,Rafa Marín,stopper_cb,Stopper Center Back,blocks_per90,0.15,0.816,75.6,131
264437,Bobby Thomas,stopper_cb,Stopper Center Back,blocks_per90,0.15,1.027,90.8,131
387521,L. Vušković,stopper_cb,Stopper Center Back,blocks_per90,0.15,0.616,48.9,131
1138,T. Weah,stopper_cb,Stopper Center Back,blocks_per90,0.15,0.412,14.5,131
129033,Joško Gvardiol,stopper_cb,Stopper Center Back,blocks_per90,0.15,0.621,48.9,131
353613,Gabriele Calvani,stopper_cb,Stopper Center Back,blocks_per90,0.15,1.244,97.7,131
193507,Dembo Sylla,stopper_cb,Stopper Center Back,blocks_per90,0.15,0.417,14.5,131
2669,Mario Hermoso,stopper_cb,Stopper Center Back,blocks_per90,0.15,0.424,15.3,131
379504,Gabriele Bracaglia,stopper_cb,Stopper Center Back,blocks_per90,0.15,1.5,99.2,131
342018,Lorenzo Lucchesi,stopper_cb,Stopper Center Back,blocks_per90,0.15,1.074,92.4,131
5,Manuel Akanji,stopper_cb,Stopper Center Back,blocks_per90,0.15,0.436,19.1,131
2278,Marcos Alonso,stopper_cb,Stopper Center Back,blocks_per90,0.15,0.438,19.8,131
291649,Vanderson,stopper_cb,Stopper Center Back,blocks_per90,0.15,1.095,93.9,131
342651,Romano Floriani Mussolini,stopper_cb,Stopper Center Back,blocks_per90,0.15,0.67,58.0,131
30425,Gianluca Mancini,stopper_cb,Stopper Center Back,blocks_per90,0.15,0.0,0.0,131
47314,Zubeldia,stopper_cb,Stopper Center Back,blocks_per90,0.15,0.0,0.0,131
20600,Romain Perraud,stopper_cb,Stopper Center Back,blocks_per90,0.15,0.46,24.4,131
46734,Pablo Ramón,stopper_cb,Stopper Center Back,blocks_per90,0.15,0.236,3.8,131
290546,Fedde Leysen,stopper_cb,Stopper Center Back,blocks_per90,0.15,1.181,96.2,131
282054,Clemens Riedel,stopper_cb,Stopper Center Back,blocks_per90,0.15,0.24,4.2,131
47273,Yuri Berchiche,stopper_cb,Stopper Center Back,blocks_per90,0.15,0.49,30.5,131
22225,Reinildo,stopper_cb,Stopper Center Back,blocks_per90,0.15,0.246,4.6,131
31,José María Giménez,stopper_cb,Stopper Center Back,blocks_per90,0.15,0.989,87.8,131
20995,M. Lacroix,stopper_cb,Stopper Center Back,blocks_per90,0.15,0.742,68.7,131
8777,Ahmed Touba,stopper_cb,Stopper Center Back,blocks_per90,0.15,0.25,4.6,131
202845,Fabio Gruber,stopper_cb,Stopper Center Back,blocks_per90,0.15,0.25,4.6,131
394734,Finn Jeltsch,stopper_cb,Stopper Center Back,blocks_per90,0.15,0.25,4.6,131
184407,Jose Salinas,stopper_cb,Stopper Center Back,blocks_per90,0.15,0.5,33.6,131
423789,K. Kosugi,stopper_cb,Stopper Center Back,blocks_per90,0.15,0.25,4.6,131
2915,M. Ginter,stopper_cb,Stopper Center Back,blocks_per90,0.15,0.75,70.2,131
413065,Noahkai Kai Daniel Banks,stopper_cb,Stopper Center Back,blocks_per90,0.15,0.25,4.6,131
1146,Nordi Mukiele,stopper_cb,Stopper Center Back,blocks_per90,0.15,1.5,99.2,131
26238,R. Koch,stopper_cb,Stopper Center Back,blocks_per90,0.15,0.0,0.0,131
25368,W. Anton,stopper_cb,Stopper Center Back,blocks_per90,0.15,0.25,4.6,131
203132,J. ter Horst,stopper_cb,Stopper Center Back,blocks_per90,0.15,0.767,71.8,131
26300,O. Kabak,stopper_cb,Stopper Center Back,blocks_per90,0.15,0.516,36.6,131
178403,C. Brackelmann,stopper_cb,Stopper Center Back,blocks_per90,0.15,0.52,38.2,131
1741,N. Katić,stopper_cb,Stopper Center Back,blocks_per90,0.15,0.52,38.2,131
38112,J. Chabot,stopper_cb,Stopper Center Back,blocks_per90,0.15,0.523,38.2,131
196343,Mohamed Abdelmonem,stopper_cb,Stopper Center Back,blocks_per90,0.15,0.264,6.1,131
396637,Pietro Comuzzo,stopper_cb,Stopper Center Back,blocks_per90,0.15,0.792,74.8,131
291589,Kialonda Gaspar,stopper_cb,Stopper Center Back,blocks_per90,0.15,0.536,38.9,131
1561,Marc Bartra,stopper_cb,Stopper Center Back,blocks_per90,0.15,1.351,99.2,131
90977,T. Becker,stopper_cb,Stopper Center Back,blocks_per90,0.15,0.542,38.9,131
333672,César Tárrega,stopper_cb,Stopper Center Back,blocks_per90,0.15,0.273,6.9,131
311345,Federico Redondo,stopper_cb,Stopper Center Back,blocks_per90,0.15,0.275,7.6,131
1149,D. Upamecano,stopper_cb,Stopper Center Back,blocks_per90,0.15,0.286,7.6,131
22094,W. Fofana,stopper_cb,Stopper Center Back,blocks_per90,0.15,0.857,79.4,131
355994,Alexander Freeman,stopper_cb,Stopper Center Back,blocks_per90,0.15,0.0,0.0,131
278453,A. Hajdari,stopper_cb,Stopper Center Back,blocks_per90,0.15,0.865,80.2,131
328089,Archie Gray,stopper_cb,Stopper Center Back,blocks_per90,0.15,0.29,7.6,131
25346,J. Torunarigha,stopper_cb,Stopper Center Back,blocks_per90,0.15,0.0,0.0,131
178769,P. Treu,stopper_cb,Stopper Center Back,blocks_per90,0.15,0.636,51.9,131
442546,Kacper Potulski,stopper_cb,Stopper Center Back,blocks_per90,0.15,0.643,54.2,131
24953,Yann Bisseck,stopper_cb,Stopper Center Back,blocks_per90,0.15,0.968,87.0,131
417830,A. Ait Boudlal,stopper_cb,Stopper Center Back,blocks_per90,0.15,1.333,99.2,131
25406,F. Uduokhai,stopper_cb,Stopper Center Back,blocks_per90,0.15,1.667,99.2,131
126757,L. Brassier,stopper_cb,Stopper Center Back,blocks_per90,0.15,0.333,9.9,131
288206,L. Querfeld,stopper_cb,Stopper Center Back,blocks_per90,0.15,1.0,88.9,131
2817,Nikola Milenković,stopper_cb,Stopper Center Back,blocks_per90,0.15,1.0,88.9,131
15793,Rasmus Nicolaisen,stopper_cb,Stopper Center Back,blocks_per90,0.15,1.667,99.2,131
70500,Sergi Cardona,stopper_cb,Stopper Center Back,blocks_per90,0.15,0.0,0.0,131
711,Stefan Posch,stopper_cb,Stopper Center Back,blocks_per90,0.15,0.336,9.9,131
162570,Giorgio Cittadini,stopper_cb,Stopper Center Back,blocks_per90,0.15,0.338,9.9,131
424277,Viery,stopper_cb,Stopper Center Back,blocks_per90,0.15,0.354,11.5,131
286595,Facundo González,stopper_cb,Stopper Center Back,blocks_per90,0.15,1.423,99.2,131
358431,N. Mendy,stopper_cb,Stopper Center Back,blocks_per90,0.15,1.423,99.2,131
437139,Souleymane Sagnan,stopper_cb,Stopper Center Back,blocks_per90,0.15,0.726,64.9,131
455316,Tiago Gabriel,stopper_cb,Stopper Center Back,blocks_per90,0.15,0.373,13.7,131
416062,Eivind Helland,stopper_cb,Stopper Center Back,blocks_per90,0.15,0.0,0.0,131
174766,L. Maronnier,stopper_cb,Stopper Center Back,blocks_per90,0.15,1.134,95.4,131
47988,Carl Starfelt,stopper_cb,Stopper Center Back,blocks_per90,0.15,0.0,0.0,131
656,Oumar Solet,stopper_cb,Stopper Center Back,blocks_per90,0.15,0.826,76.3,131
428586,Rockson Yeboah,stopper_cb,Stopper Center Back,blocks_per90,0.15,0.429,16.8,131
47190,Miguel Loureiro,stopper_cb,Stopper Center Back,blocks_per90,0.15,0.452,21.4,131
25061,Armel Bella-Kotchap,stopper_cb,Stopper Center Back,blocks_per90,0.15,0.459,24.4,131
489905,Seny Koumbassa,stopper_cb,Stopper Center Back,blocks_per90,0.15,0.938,84.7,131
2597,Takehiro Tomiyasu,stopper_cb,Stopper Center Back,blocks_per90,0.15,0.474,25.2,131
1807,Evan Ndicka,stopper_cb,Stopper Center Back,blocks_per90,0.15,0.0,0.0,131
6,Leonardo Balerdi,stopper_cb,Stopper Center Back,blocks_per90,0.15,0.973,87.0,131
585451,J. Maluze,stopper_cb,Stopper Center Back,blocks_per90,0.15,1.0,88.9,131
1408,S. Bornauw,stopper_cb,Stopper Center Back,blocks_per90,0.15,0.0,0.0,131
162466,S. Diomandé,stopper_cb,Stopper Center Back,blocks_per90,0.15,0.5,33.6,131
18895,Florian Lejeune,stopper_cb,Stopper Center Back,pass_accuracy_pct,0.1,84.254,32.8,131
286601,Omar El Hilali,stopper_cb,Stopper Center Back,pass_accuracy_pct,0.1,81.29,18.3,131
734,Adrián de la Fuente,stopper_cb,Stopper Center Back,pass_accuracy_pct,0.1,83.601,28.2,131
180927,Zaid Romero,stopper_cb,Stopper Center Back,pass_accuracy_pct,0.1,83.333,28.2,131
736,Fran García,stopper_cb,Stopper Center Back,pass_accuracy_pct,0.1,86.25,51.1,131
753,Marcos Llorente,stopper_cb,Stopper Center Back,pass_accuracy_pct,0.1,93.084,98.5,131
30497,Gleison Bremer,stopper_cb,Stopper Center Back,pass_accuracy_pct,0.1,90.909,90.1,131
386305,Jacobo Ramón,stopper_cb,Stopper Center Back,pass_accuracy_pct,0.1,90.0,84.0,131
20715,A. Monfray,stopper_cb,Stopper Center Back,pass_accuracy_pct,0.1,85.502,40.5,131
1314,Amir Rrahmani,stopper_cb,Stopper Center Back,pass_accuracy_pct,0.1,89.614,82.4,131
55904,Daniel Ballard,stopper_cb,Stopper Center Back,pass_accuracy_pct,0.1,83.092,27.5,131
19760,James Justin,stopper_cb,Stopper Center Back,pass_accuracy_pct,0.1,73.333,3.1,131
2936,James Tarkowski,stopper_cb,Stopper Center Back,pass_accuracy_pct,0.1,83.55,28.2,131
38695,Jan Paul van Hecke,stopper_cb,Stopper Center Back,pass_accuracy_pct,0.1,93.846,100.0,131
162498,Radu Drăguşin,stopper_cb,Stopper Center Back,pass_accuracy_pct,0.1,88.194,71.8,131
271350,Tarik Muharemović,stopper_cb,Stopper Center Back,pass_accuracy_pct,0.1,84.942,37.4,131
2165,Vitaliy Mykolenko,stopper_cb,Stopper Center Back,pass_accuracy_pct,0.1,81.944,20.6,131
274267,B. Locko,stopper_cb,Stopper Center Back,pass_accuracy_pct,0.1,78.922,11.5,131
668717,Xavier Mandza,stopper_cb,Stopper Center Back,pass_accuracy_pct,0.1,90.155,87.0,131
193270,Andrea Carboni,stopper_cb,Stopper Center Back,pass_accuracy_pct,0.1,82.09,21.4,131
448977,Eddy Kouadio,stopper_cb,Stopper Center Back,pass_accuracy_pct,0.1,84.615,35.1,131
237066,Rafa Marín,stopper_cb,Stopper Center Back,pass_accuracy_pct,0.1,93.091,98.5,131
264437,Bobby Thomas,stopper_cb,Stopper Center Back,pass_accuracy_pct,0.1,79.775,13.0,131
387521,L. Vušković,stopper_cb,Stopper Center Back,pass_accuracy_pct,0.1,90.782,88.5,131
1138,T. Weah,stopper_cb,Stopper Center Back,pass_accuracy_pct,0.1,87.407,64.1,131
129033,Joško Gvardiol,stopper_cb,Stopper Center Back,pass_accuracy_pct,0.1,84.188,32.1,131
353613,Gabriele Calvani,stopper_cb,Stopper Center Back,pass_accuracy_pct,0.1,72.174,2.3,131
193507,Dembo Sylla,stopper_cb,Stopper Center Back,pass_accuracy_pct,0.1,88.333,72.5,131
2669,Mario Hermoso,stopper_cb,Stopper Center Back,pass_accuracy_pct,0.1,87.255,61.1,131
379504,Gabriele Bracaglia,stopper_cb,Stopper Center Back,pass_accuracy_pct,0.1,65.094,0.0,131
342018,Lorenzo Lucchesi,stopper_cb,Stopper Center Back,pass_accuracy_pct,0.1,95.025,100.0,131
5,Manuel Akanji,stopper_cb,Stopper Center Back,pass_accuracy_pct,0.1,94.175,100.0,131
2278,Marcos Alonso,stopper_cb,Stopper Center Back,pass_accuracy_pct,0.1,88.235,71.8,131
291649,Vanderson,stopper_cb,Stopper Center Back,pass_accuracy_pct,0.1,78.603,10.7,131
342651,Romano Floriani Mussolini,stopper_cb,Stopper Center Back,pass_accuracy_pct,0.1,88.172,71.8,131
30425,Gianluca Mancini,stopper_cb,Stopper Center Back,pass_accuracy_pct,0.1,91.071,91.6,131
47314,Zubeldia,stopper_cb,Stopper Center Back,pass_accuracy_pct,0.1,85.408,40.5,131
20600,Romain Perraud,stopper_cb,Stopper Center Back,pass_accuracy_pct,0.1,86.316,51.9,131
46734,Pablo Ramón,stopper_cb,Stopper Center Back,pass_accuracy_pct,0.1,89.558,82.4,131
290546,Fedde Leysen,stopper_cb,Stopper Center Back,pass_accuracy_pct,0.1,90.821,89.3,131
282054,Clemens Riedel,stopper_cb,Stopper Center Back,pass_accuracy_pct,0.1,84.255,32.8,131
47273,Yuri Berchiche,stopper_cb,Stopper Center Back,pass_accuracy_pct,0.1,91.575,94.7,131
22225,Reinildo,stopper_cb,Stopper Center Back,pass_accuracy_pct,0.1,86.093,48.9,131
31,José María Giménez,stopper_cb,Stopper Center Back,pass_accuracy_pct,0.1,89.963,83.2,131
20995,M. Lacroix,stopper_cb,Stopper Center Back,pass_accuracy_pct,0.1,89.785,83.2,131
8777,Ahmed Touba,stopper_cb,Stopper Center Back,pass_accuracy_pct,0.1,86.802,56.5,131
202845,Fabio Gruber,stopper_cb,Stopper Center Back,pass_accuracy_pct,0.1,84.549,35.1,131
394734,Finn Jeltsch,stopper_cb,Stopper Center Back,pass_accuracy_pct,0.1,87.793,68.7,131
184407,Jose Salinas,stopper_cb,Stopper Center Back,pass_accuracy_pct,0.1,89.333,81.7,131
423789,K. Kosugi,stopper_cb,Stopper Center Back,pass_accuracy_pct,0.1,73.451,3.1,131
2915,M. Ginter,stopper_cb,Stopper Center Back,pass_accuracy_pct,0.1,90.347,87.8,131
413065,Noahkai Kai Daniel Banks,stopper_cb,Stopper Center Back,pass_accuracy_pct,0.1,89.017,80.2,131
1146,Nordi Mukiele,stopper_cb,Stopper Center Back,pass_accuracy_pct,0.1,74.242,3.1,131
26238,R. Koch,stopper_cb,Stopper Center Back,pass_accuracy_pct,0.1,89.958,83.2,131
25368,W. Anton,stopper_cb,Stopper Center Back,pass_accuracy_pct,0.1,89.879,83.2,131
203132,J. ter Horst,stopper_cb,Stopper Center Back,pass_accuracy_pct,0.1,83.957,30.5,131
26300,O. Kabak,stopper_cb,Stopper Center Back,pass_accuracy_pct,0.1,86.631,52.7,131
178403,C. Brackelmann,stopper_cb,Stopper Center Back,pass_accuracy_pct,0.1,76.087,4.6,131
1741,N. Katić,stopper_cb,Stopper Center Back,pass_accuracy_pct,0.1,75.806,3.8,131
38112,J. Chabot,stopper_cb,Stopper Center Back,pass_accuracy_pct,0.1,89.73,83.2,131
196343,Mohamed Abdelmonem,stopper_cb,Stopper Center Back,pass_accuracy_pct,0.1,93.645,100.0,131
396637,Pietro Comuzzo,stopper_cb,Stopper Center Back,pass_accuracy_pct,0.1,92.228,98.5,131
291589,Kialonda Gaspar,stopper_cb,Stopper Center Back,pass_accuracy_pct,0.1,89.222,80.9,131
1561,Marc Bartra,stopper_cb,Stopper Center Back,pass_accuracy_pct,0.1,85.35,39.7,131
90977,T. Becker,stopper_cb,Stopper Center Back,pass_accuracy_pct,0.1,71.212,1.5,131
333672,César Tárrega,stopper_cb,Stopper Center Back,pass_accuracy_pct,0.1,89.268,81.7,131
311345,Federico Redondo,stopper_cb,Stopper Center Back,pass_accuracy_pct,0.1,93.925,100.0,131
1149,D. Upamecano,stopper_cb,Stopper Center Back,pass_accuracy_pct,0.1,91.483,93.1,131
22094,W. Fofana,stopper_cb,Stopper Center Back,pass_accuracy_pct,0.1,91.765,94.7,131
355994,Alexander Freeman,stopper_cb,Stopper Center Back,pass_accuracy_pct,0.1,94.182,100.0,131
278453,A. Hajdari,stopper_cb,Stopper Center Back,pass_accuracy_pct,0.1,83.784,29.8,131
328089,Archie Gray,stopper_cb,Stopper Center Back,pass_accuracy_pct,0.1,88.489,75.6,131
25346,J. Torunarigha,stopper_cb,Stopper Center Back,pass_accuracy_pct,0.1,82.143,22.1,131
178769,P. Treu,stopper_cb,Stopper Center Back,pass_accuracy_pct,0.1,86.066,48.9,131
442546,Kacper Potulski,stopper_cb,Stopper Center Back,pass_accuracy_pct,0.1,91.489,93.1,131
24953,Yann Bisseck,stopper_cb,Stopper Center Back,pass_accuracy_pct,0.1,89.286,81.7,131
417830,A. Ait Boudlal,stopper_cb,Stopper Center Back,pass_accuracy_pct,0.1,93.082,98.5,131
25406,F. Uduokhai,stopper_cb,Stopper Center Back,pass_accuracy_pct,0.1,77.647,6.9,131
126757,L. Brassier,stopper_cb,Stopper Center Back,pass_accuracy_pct,0.1,84.091,32.1,131
288206,L. Querfeld,stopper_cb,Stopper Center Back,pass_accuracy_pct,0.1,79.221,11.5,131
2817,Nikola Milenković,stopper_cb,Stopper Center Back,pass_accuracy_pct,0.1,81.188,17.6,131
15793,Rasmus Nicolaisen,stopper_cb,Stopper Center Back,pass_accuracy_pct,0.1,95.455,100.0,131
70500,Sergi Cardona,stopper_cb,Stopper Center Back,pass_accuracy_pct,0.1,88.06,70.2,131
711,Stefan Posch,stopper_cb,Stopper Center Back,pass_accuracy_pct,0.1,87.342,63.4,131
162570,Giorgio Cittadini,stopper_cb,Stopper Center Back,pass_accuracy_pct,0.1,79.487,13.0,131
424277,Viery,stopper_cb,Stopper Center Back,pass_accuracy_pct,0.1,82.857,25.2,131
286595,Facundo González,stopper_cb,Stopper Center Back,pass_accuracy_pct,0.1,80.899,16.8,131
358431,N. Mendy,stopper_cb,Stopper Center Back,pass_accuracy_pct,0.1,82.796,24.4,131
437139,Souleymane Sagnan,stopper_cb,Stopper Center Back,pass_accuracy_pct,0.1,89.873,83.2,131
455316,Tiago Gabriel,stopper_cb,Stopper Center Back,pass_accuracy_pct,0.1,92.913,98.5,131
416062,Eivind Helland,stopper_cb,Stopper Center Back,pass_accuracy_pct,0.1,95.187,100.0,131
174766,L. Maronnier,stopper_cb,Stopper Center Back,pass_accuracy_pct,0.1,74.242,3.1,131
47988,Carl Starfelt,stopper_cb,Stopper Center Back,pass_accuracy_pct,0.1,96.907,100.0,131
656,Oumar Solet,stopper_cb,Stopper Center Back,pass_accuracy_pct,0.1,87.705,68.7,131
428586,Rockson Yeboah,stopper_cb,Stopper Center Back,pass_accuracy_pct,0.1,91.597,94.7,131
47190,Miguel Loureiro,stopper_cb,Stopper Center Back,pass_accuracy_pct,0.1,89.933,83.2,131
25061,Armel Bella-Kotchap,stopper_cb,Stopper Center Back,pass_accuracy_pct,0.1,88.372,73.3,131
489905,Seny Koumbassa,stopper_cb,Stopper Center Back,pass_accuracy_pct,0.1,89.041,80.9,131
2597,Takehiro Tomiyasu,stopper_cb,Stopper Center Back,pass_accuracy_pct,0.1,86.916,58.0,131
1807,Evan Ndicka,stopper_cb,Stopper Center Back,pass_accuracy_pct,0.1,96.694,100.0,131
6,Leonardo Balerdi,stopper_cb,Stopper Center Back,pass_accuracy_pct,0.1,87.654,68.7,131
585451,J. Maluze,stopper_cb,Stopper Center Back,pass_accuracy_pct,0.1,72.358,3.1,131
1408,S. Bornauw,stopper_cb,Stopper Center Back,pass_accuracy_pct,0.1,81.915,20.6,131
162466,S. Diomandé,stopper_cb,Stopper Center Back,pass_accuracy_pct,0.1,92.135,97.7,131
18895,Florian Lejeune,stopper_cb,Stopper Center Back,dribbled_past_per90,0.1,0.429,74.8,131
286601,Omar El Hilali,stopper_cb,Stopper Center Back,dribbled_past_per90,0.1,0.514,60.3,131
734,Adrián de la Fuente,stopper_cb,Stopper Center Back,dribbled_past_per90,0.1,0.518,59.5,131
180927,Zaid Romero,stopper_cb,Stopper Center Back,dribbled_past_per90,0.1,0.522,59.5,131
736,Fran García,stopper_cb,Stopper Center Back,dribbled_past_per90,0.1,0.936,9.9,131
753,Marcos Llorente,stopper_cb,Stopper Center Back,dribbled_past_per90,0.1,1.161,2.3,131
30497,Gleison Bremer,stopper_cb,Stopper Center Back,dribbled_past_per90,0.1,0.198,100.0,131
386305,Jacobo Ramón,stopper_cb,Stopper Center Back,dribbled_past_per90,0.1,0.595,46.6,131
20715,A. Monfray,stopper_cb,Stopper Center Back,dribbled_past_per90,0.1,1.0,7.3,131
1314,Amir Rrahmani,stopper_cb,Stopper Center Back,dribbled_past_per90,0.1,0.2,100.0,131
55904,Daniel Ballard,stopper_cb,Stopper Center Back,dribbled_past_per90,0.1,0.6,45.0,131
19760,James Justin,stopper_cb,Stopper Center Back,dribbled_past_per90,0.1,1.0,7.3,131
2936,James Tarkowski,stopper_cb,Stopper Center Back,dribbled_past_per90,0.1,0.0,100.0,131
38695,Jan Paul van Hecke,stopper_cb,Stopper Center Back,dribbled_past_per90,0.1,0.6,45.0,131
162498,Radu Drăguşin,stopper_cb,Stopper Center Back,dribbled_past_per90,0.1,0.6,45.0,131
271350,Tarik Muharemović,stopper_cb,Stopper Center Back,dribbled_past_per90,0.1,0.4,80.5,131
2165,Vitaliy Mykolenko,stopper_cb,Stopper Center Back,dribbled_past_per90,0.1,0.6,45.0,131
274267,B. Locko,stopper_cb,Stopper Center Back,dribbled_past_per90,0.1,0.201,100.0,131
668717,Xavier Mandza,stopper_cb,Stopper Center Back,dribbled_past_per90,0.1,0.804,16.8,131
193270,Andrea Carboni,stopper_cb,Stopper Center Back,dribbled_past_per90,0.1,0.204,100.0,131
448977,Eddy Kouadio,stopper_cb,Stopper Center Back,dribbled_past_per90,0.1,0.204,100.0,131
237066,Rafa Marín,stopper_cb,Stopper Center Back,dribbled_past_per90,0.1,1.429,0.8,131
264437,Bobby Thomas,stopper_cb,Stopper Center Back,dribbled_past_per90,0.1,0.616,42.7,131
387521,L. Vušković,stopper_cb,Stopper Center Back,dribbled_past_per90,0.1,0.411,78.6,131
1138,T. Weah,stopper_cb,Stopper Center Back,dribbled_past_per90,0.1,0.0,100.0,131
129033,Joško Gvardiol,stopper_cb,Stopper Center Back,dribbled_past_per90,0.1,0.414,77.9,131
353613,Gabriele Calvani,stopper_cb,Stopper Center Back,dribbled_past_per90,0.1,1.037,6.9,131
193507,Dembo Sylla,stopper_cb,Stopper Center Back,dribbled_past_per90,0.1,0.417,77.9,131
2669,Mario Hermoso,stopper_cb,Stopper Center Back,dribbled_past_per90,0.1,0.424,76.3,131
379504,Gabriele Bracaglia,stopper_cb,Stopper Center Back,dribbled_past_per90,0.1,0.857,13.0,131
342018,Lorenzo Lucchesi,stopper_cb,Stopper Center Back,dribbled_past_per90,0.1,0.644,41.2,131
5,Manuel Akanji,stopper_cb,Stopper Center Back,dribbled_past_per90,0.1,0.218,100.0,131
2278,Marcos Alonso,stopper_cb,Stopper Center Back,dribbled_past_per90,0.1,0.0,100.0,131
291649,Vanderson,stopper_cb,Stopper Center Back,dribbled_past_per90,0.1,0.219,100.0,131
342651,Romano Floriani Mussolini,stopper_cb,Stopper Center Back,dribbled_past_per90,0.1,0.67,37.4,131
30425,Gianluca Mancini,stopper_cb,Stopper Center Back,dribbled_past_per90,0.1,0.226,100.0,131
47314,Zubeldia,stopper_cb,Stopper Center Back,dribbled_past_per90,0.1,0.229,100.0,131
20600,Romain Perraud,stopper_cb,Stopper Center Back,dribbled_past_per90,0.1,0.691,33.6,131
46734,Pablo Ramón,stopper_cb,Stopper Center Back,dribbled_past_per90,0.1,0.707,32.8,131
290546,Fedde Leysen,stopper_cb,Stopper Center Back,dribbled_past_per90,0.1,1.181,1.5,131
282054,Clemens Riedel,stopper_cb,Stopper Center Back,dribbled_past_per90,0.1,0.24,98.1,131
47273,Yuri Berchiche,stopper_cb,Stopper Center Back,dribbled_past_per90,0.1,0.49,67.2,131
22225,Reinildo,stopper_cb,Stopper Center Back,dribbled_past_per90,0.1,1.23,1.5,131
31,José María Giménez,stopper_cb,Stopper Center Back,dribbled_past_per90,0.1,1.236,1.5,131
20995,M. Lacroix,stopper_cb,Stopper Center Back,dribbled_past_per90,0.1,0.247,97.7,131
8777,Ahmed Touba,stopper_cb,Stopper Center Back,dribbled_past_per90,0.1,1.0,7.3,131
202845,Fabio Gruber,stopper_cb,Stopper Center Back,dribbled_past_per90,0.1,0.25,97.7,131
394734,Finn Jeltsch,stopper_cb,Stopper Center Back,dribbled_past_per90,0.1,0.25,97.7,131
184407,Jose Salinas,stopper_cb,Stopper Center Back,dribbled_past_per90,0.1,0.5,63.4,131
423789,K. Kosugi,stopper_cb,Stopper Center Back,dribbled_past_per90,0.1,0.0,100.0,131
2915,M. Ginter,stopper_cb,Stopper Center Back,dribbled_past_per90,0.1,0.25,97.7,131
413065,Noahkai Kai Daniel Banks,stopper_cb,Stopper Center Back,dribbled_past_per90,0.1,0.0,100.0,131
1146,Nordi Mukiele,stopper_cb,Stopper Center Back,dribbled_past_per90,0.1,0.5,63.4,131
26238,R. Koch,stopper_cb,Stopper Center Back,dribbled_past_per90,0.1,0.0,100.0,131
25368,W. Anton,stopper_cb,Stopper Center Back,dribbled_past_per90,0.1,0.0,100.0,131
203132,J. ter Horst,stopper_cb,Stopper Center Back,dribbled_past_per90,0.1,0.256,96.2,131
26300,O. Kabak,stopper_cb,Stopper Center Back,dribbled_past_per90,0.1,0.0,100.0,131
178403,C. Brackelmann,stopper_cb,Stopper Center Back,dribbled_past_per90,0.1,0.0,100.0,131
1741,N. Katić,stopper_cb,Stopper Center Back,dribbled_past_per90,0.1,0.26,95.4,131
38112,J. Chabot,stopper_cb,Stopper Center Back,dribbled_past_per90,0.1,0.0,100.0,131
196343,Mohamed Abdelmonem,stopper_cb,Stopper Center Back,dribbled_past_per90,0.1,1.056,5.3,131
396637,Pietro Comuzzo,stopper_cb,Stopper Center Back,dribbled_past_per90,0.1,0.792,18.3,131
291589,Kialonda Gaspar,stopper_cb,Stopper Center Back,dribbled_past_per90,0.1,0.536,56.5,131
1561,Marc Bartra,stopper_cb,Stopper Center Back,dribbled_past_per90,0.1,0.811,16.0,131
90977,T. Becker,stopper_cb,Stopper Center Back,dribbled_past_per90,0.1,1.084,4.6,131
333672,César Tárrega,stopper_cb,Stopper Center Back,dribbled_past_per90,0.1,0.273,93.1,131
311345,Federico Redondo,stopper_cb,Stopper Center Back,dribbled_past_per90,0.1,1.101,3.8,131
1149,D. Upamecano,stopper_cb,Stopper Center Back,dribbled_past_per90,0.1,0.286,93.1,131
22094,W. Fofana,stopper_cb,Stopper Center Back,dribbled_past_per90,0.1,0.286,93.1,131
355994,Alexander Freeman,stopper_cb,Stopper Center Back,dribbled_past_per90,0.1,1.146,3.1,131
278453,A. Hajdari,stopper_cb,Stopper Center Back,dribbled_past_per90,0.1,0.865,13.0,131
328089,Archie Gray,stopper_cb,Stopper Center Back,dribbled_past_per90,0.1,0.871,13.0,131
25346,J. Torunarigha,stopper_cb,Stopper Center Back,dribbled_past_per90,0.1,0.293,92.4,131
178769,P. Treu,stopper_cb,Stopper Center Back,dribbled_past_per90,0.1,0.0,100.0,131
442546,Kacper Potulski,stopper_cb,Stopper Center Back,dribbled_past_per90,0.1,0.0,100.0,131
24953,Yann Bisseck,stopper_cb,Stopper Center Back,dribbled_past_per90,0.1,0.968,8.4,131
417830,A. Ait Boudlal,stopper_cb,Stopper Center Back,dribbled_past_per90,0.1,0.333,90.1,131
25406,F. Uduokhai,stopper_cb,Stopper Center Back,dribbled_past_per90,0.1,0.333,90.1,131
126757,L. Brassier,stopper_cb,Stopper Center Back,dribbled_past_per90,0.1,0.0,100.0,131
288206,L. Querfeld,stopper_cb,Stopper Center Back,dribbled_past_per90,0.1,0.667,38.2,131
2817,Nikola Milenković,stopper_cb,Stopper Center Back,dribbled_past_per90,0.1,1.0,7.3,131
15793,Rasmus Nicolaisen,stopper_cb,Stopper Center Back,dribbled_past_per90,0.1,0.333,90.1,131
70500,Sergi Cardona,stopper_cb,Stopper Center Back,dribbled_past_per90,0.1,1.0,7.3,131
711,Stefan Posch,stopper_cb,Stopper Center Back,dribbled_past_per90,0.1,0.0,100.0,131
162570,Giorgio Cittadini,stopper_cb,Stopper Center Back,dribbled_past_per90,0.1,0.0,100.0,131
424277,Viery,stopper_cb,Stopper Center Back,dribbled_past_per90,0.1,0.354,87.8,131
286595,Facundo González,stopper_cb,Stopper Center Back,dribbled_past_per90,0.1,0.356,87.8,131
358431,N. Mendy,stopper_cb,Stopper Center Back,dribbled_past_per90,0.1,0.0,100.0,131
437139,Souleymane Sagnan,stopper_cb,Stopper Center Back,dribbled_past_per90,0.1,0.726,29.0,131
455316,Tiago Gabriel,stopper_cb,Stopper Center Back,dribbled_past_per90,0.1,0.747,26.0,131
416062,Eivind Helland,stopper_cb,Stopper Center Back,dribbled_past_per90,0.1,0.0,100.0,131
174766,L. Maronnier,stopper_cb,Stopper Center Back,dribbled_past_per90,0.1,0.0,100.0,131
47988,Carl Starfelt,stopper_cb,Stopper Center Back,dribbled_past_per90,0.1,0.413,77.9,131
656,Oumar Solet,stopper_cb,Stopper Center Back,dribbled_past_per90,0.1,0.413,77.9,131
428586,Rockson Yeboah,stopper_cb,Stopper Center Back,dribbled_past_per90,0.1,1.286,0.8,131
47190,Miguel Loureiro,stopper_cb,Stopper Center Back,dribbled_past_per90,0.1,0.905,13.0,131
25061,Armel Bella-Kotchap,stopper_cb,Stopper Center Back,dribbled_past_per90,0.1,0.0,100.0,131
489905,Seny Koumbassa,stopper_cb,Stopper Center Back,dribbled_past_per90,0.1,0.0,100.0,131
2597,Takehiro Tomiyasu,stopper_cb,Stopper Center Back,dribbled_past_per90,0.1,0.0,100.0,131
1807,Evan Ndicka,stopper_cb,Stopper Center Back,dribbled_past_per90,0.1,0.481,67.9,131
6,Leonardo Balerdi,stopper_cb,Stopper Center Back,dribbled_past_per90,0.1,0.486,67.2,131
585451,J. Maluze,stopper_cb,Stopper Center Back,dribbled_past_per90,0.1,0.0,100.0,131
1408,S. Bornauw,stopper_cb,Stopper Center Back,dribbled_past_per90,0.1,0.0,100.0,131
162466,S. Diomandé,stopper_cb,Stopper Center Back,dribbled_past_per90,0.1,0.5,63.4,131
11421,Gabriel Suazo,high_intensity_fullback,High-Intensity Fullback,duel_win_pct,0.15,55.263,62.5,72
119742,Juan Iglesias,high_intensity_fullback,High-Intensity Fullback,duel_win_pct,0.15,61.29,95.8,72
199044,Jon Aramburu,high_intensity_fullback,High-Intensity Fullback,duel_win_pct,0.15,53.465,47.2,72
482469,Jorge Salinas,high_intensity_fullback,High-Intensity Fullback,duel_win_pct,0.15,63.889,100.0,72
1703,Andrei Rațiu,high_intensity_fullback,High-Intensity Fullback,duel_win_pct,0.15,48.485,18.1,72
563,Alejandro Grimaldo,high_intensity_fullback,High-Intensity Fullback,duel_win_pct,0.15,53.448,47.2,72
181259,Abel Bretones,high_intensity_fullback,High-Intensity Fullback,duel_win_pct,0.15,40.678,0.0,72
64309,Manuel Sánchez,high_intensity_fullback,High-Intensity Fullback,duel_win_pct,0.15,51.282,37.5,72
442933,A. Ouzenadji,high_intensity_fullback,High-Intensity Fullback,duel_win_pct,0.15,61.224,95.8,72
162267,Adrien Truffert,high_intensity_fullback,High-Intensity Fullback,duel_win_pct,0.15,47.541,15.3,72
161702,Danilo Veiga,high_intensity_fullback,High-Intensity Fullback,duel_win_pct,0.15,47.458,15.3,72
379329,Tiago Santos,high_intensity_fullback,High-Intensity Fullback,duel_win_pct,0.15,60.417,95.8,72
193953,L. Sy,high_intensity_fullback,High-Intensity Fullback,duel_win_pct,0.15,45.455,6.9,72
284492,Lewis Hall,high_intensity_fullback,High-Intensity Fullback,duel_win_pct,0.15,48.438,18.1,72
297311,Kike Salas,high_intensity_fullback,High-Intensity Fullback,duel_win_pct,0.15,52.542,41.7,72
363695,Murillo,high_intensity_fullback,High-Intensity Fullback,duel_win_pct,0.15,47.059,11.1,72
568001,Xavi Espart,high_intensity_fullback,High-Intensity Fullback,duel_win_pct,0.15,64.151,100.0,72
19549,Antonee Robinson,high_intensity_fullback,High-Intensity Fullback,duel_win_pct,0.15,50.0,32.6,72
341453,Oso,high_intensity_fullback,High-Intensity Fullback,duel_win_pct,0.15,57.692,88.9,72
106725,K. Lewis-Potter,high_intensity_fullback,High-Intensity Fullback,duel_win_pct,0.15,33.333,0.0,72
3007,P. Frankowski,high_intensity_fullback,High-Intensity Fullback,duel_win_pct,0.15,44.186,4.2,72
47329,Adrià Pedrosa,high_intensity_fullback,High-Intensity Fullback,duel_win_pct,0.15,55.102,62.5,72
203219,Jamil Siebert,high_intensity_fullback,High-Intensity Fullback,duel_win_pct,0.15,56.41,79.2,72
20525,Matthieu Udol,high_intensity_fullback,High-Intensity Fullback,duel_win_pct,0.15,65.0,100.0,72
191417,Anthony Oyono,high_intensity_fullback,High-Intensity Fullback,duel_win_pct,0.15,51.923,41.7,72
918,José Luis Gayà,high_intensity_fullback,High-Intensity Fullback,duel_win_pct,0.15,56.41,79.2,72
5973,N. Capaldo,high_intensity_fullback,High-Intensity Fullback,duel_win_pct,0.15,43.86,4.2,72
8673,O. Deman,high_intensity_fullback,High-Intensity Fullback,duel_win_pct,0.15,57.143,86.1,72
324957,T. Rothe,high_intensity_fullback,High-Intensity Fullback,duel_win_pct,0.15,52.083,41.7,72
886,Diogo Dalot,high_intensity_fullback,High-Intensity Fullback,duel_win_pct,0.15,46.875,11.1,72
162175,Jesús Vázquez,high_intensity_fullback,High-Intensity Fullback,duel_win_pct,0.15,51.02,36.1,72
185096,Carlos Puga,high_intensity_fullback,High-Intensity Fullback,duel_win_pct,0.15,54.545,56.9,72
41577,Nuno Tavares,high_intensity_fullback,High-Intensity Fullback,duel_win_pct,0.15,67.647,100.0,72
138816,I. Maatsen,high_intensity_fullback,High-Intensity Fullback,duel_win_pct,0.15,31.034,0.0,72
311773,Santiago Mouriño,high_intensity_fullback,High-Intensity Fullback,duel_win_pct,0.15,46.154,8.3,72
26302,Pablo Maffeo,high_intensity_fullback,High-Intensity Fullback,duel_win_pct,0.15,44.118,4.2,72
7318,Amar Dedić,high_intensity_fullback,High-Intensity Fullback,duel_win_pct,0.15,50.0,32.6,72
81164,H. Kuruçay,high_intensity_fullback,High-Intensity Fullback,duel_win_pct,0.15,60.0,93.1,72
483116,Noa Boissé,high_intensity_fullback,High-Intensity Fullback,duel_win_pct,0.15,47.059,11.1,72
9,A. Hakimi,high_intensity_fullback,High-Intensity Fullback,duel_win_pct,0.15,45.946,8.3,72
382492,Elias Baum,high_intensity_fullback,High-Intensity Fullback,duel_win_pct,0.15,47.727,15.3,72
25063,J. Gyamerah,high_intensity_fullback,High-Intensity Fullback,duel_win_pct,0.15,51.351,38.9,72
381197,Asier Osambela,high_intensity_fullback,High-Intensity Fullback,duel_win_pct,0.15,50.0,32.6,72
342022,M. Kayode,high_intensity_fullback,High-Intensity Fullback,duel_win_pct,0.15,45.714,8.3,72
330437,Álex Jiménez,high_intensity_fullback,High-Intensity Fullback,duel_win_pct,0.15,51.613,40.3,72
47985,Emil Holm,high_intensity_fullback,High-Intensity Fullback,duel_win_pct,0.15,65.116,100.0,72
509,A. Davies,high_intensity_fullback,High-Intensity Fullback,duel_win_pct,0.15,65.789,100.0,72
180586,Ilario Monterisi,high_intensity_fullback,High-Intensity Fullback,duel_win_pct,0.15,48.649,18.1,72
437093,Niccolò Fortini,high_intensity_fullback,High-Intensity Fullback,duel_win_pct,0.15,60.0,93.1,72
25917,R. Baku,high_intensity_fullback,High-Intensity Fullback,duel_win_pct,0.15,60.606,95.8,72
50852,Joe Scally,high_intensity_fullback,High-Intensity Fullback,duel_win_pct,0.15,66.667,100.0,72
334952,Rafik Messali,high_intensity_fullback,High-Intensity Fullback,duel_win_pct,0.15,52.632,41.7,72
352375,Arthur,high_intensity_fullback,High-Intensity Fullback,duel_win_pct,0.15,57.143,86.1,72
327646,Lukas Ullrich,high_intensity_fullback,High-Intensity Fullback,duel_win_pct,0.15,51.724,41.7,72
490779,Víctor Valdepeñas,high_intensity_fullback,High-Intensity Fullback,duel_win_pct,0.15,55.556,63.9,72
438281,M. Nagida,high_intensity_fullback,High-Intensity Fullback,duel_win_pct,0.15,44.444,4.2,72
408853,M. Rots,high_intensity_fullback,High-Intensity Fullback,duel_win_pct,0.15,55.0,59.7,72
855,João Cancelo,high_intensity_fullback,High-Intensity Fullback,duel_win_pct,0.15,34.783,0.0,72
47519,Pedro Porro,high_intensity_fullback,High-Intensity Fullback,duel_win_pct,0.15,42.857,2.8,72
41734,João Mário,high_intensity_fullback,High-Intensity Fullback,duel_win_pct,0.15,63.636,100.0,72
1157,K. Laimer,high_intensity_fullback,High-Intensity Fullback,duel_win_pct,0.15,31.034,0.0,72
11421,Gabriel Suazo,high_intensity_fullback,High-Intensity Fullback,dribble_success_pct,0.1,50.0,57.6,72
119742,Juan Iglesias,high_intensity_fullback,High-Intensity Fullback,dribble_success_pct,0.1,75.0,100.0,72
199044,Jon Aramburu,high_intensity_fullback,High-Intensity Fullback,dribble_success_pct,0.1,62.5,93.1,72
482469,Jorge Salinas,high_intensity_fullback,High-Intensity Fullback,dribble_success_pct,0.1,27.273,2.8,72
1703,Andrei Rațiu,high_intensity_fullback,High-Intensity Fullback,dribble_success_pct,0.1,42.857,33.3,72
563,Alejandro Grimaldo,high_intensity_fullback,High-Intensity Fullback,dribble_success_pct,0.1,57.895,80.6,72
181259,Abel Bretones,high_intensity_fullback,High-Intensity Fullback,dribble_success_pct,0.1,25.0,2.8,72
64309,Manuel Sánchez,high_intensity_fullback,High-Intensity Fullback,dribble_success_pct,0.1,37.5,15.3,72
442933,A. Ouzenadji,high_intensity_fullback,High-Intensity Fullback,dribble_success_pct,0.1,45.455,44.4,72
162267,Adrien Truffert,high_intensity_fullback,High-Intensity Fullback,dribble_success_pct,0.1,50.0,57.6,72
161702,Danilo Veiga,high_intensity_fullback,High-Intensity Fullback,dribble_success_pct,0.1,37.5,15.3,72
379329,Tiago Santos,high_intensity_fullback,High-Intensity Fullback,dribble_success_pct,0.1,33.333,11.1,72
193953,L. Sy,high_intensity_fullback,High-Intensity Fullback,dribble_success_pct,0.1,58.824,86.1,72
284492,Lewis Hall,high_intensity_fullback,High-Intensity Fullback,dribble_success_pct,0.1,50.0,57.6,72
297311,Kike Salas,high_intensity_fullback,High-Intensity Fullback,dribble_success_pct,0.1,,,72
363695,Murillo,high_intensity_fullback,High-Intensity Fullback,dribble_success_pct,0.1,40.0,22.9,72
568001,Xavi Espart,high_intensity_fullback,High-Intensity Fullback,dribble_success_pct,0.1,55.556,76.4,72
19549,Antonee Robinson,high_intensity_fullback,High-Intensity Fullback,dribble_success_pct,0.1,57.143,77.8,72
341453,Oso,high_intensity_fullback,High-Intensity Fullback,dribble_success_pct,0.1,40.0,22.9,72
106725,K. Lewis-Potter,high_intensity_fullback,High-Intensity Fullback,dribble_success_pct,0.1,33.333,11.1,72
3007,P. Frankowski,high_intensity_fullback,High-Intensity Fullback,dribble_success_pct,0.1,33.333,11.1,72
47329,Adrià Pedrosa,high_intensity_fullback,High-Intensity Fullback,dribble_success_pct,0.1,66.667,95.8,72
203219,Jamil Siebert,high_intensity_fullback,High-Intensity Fullback,dribble_success_pct,0.1,50.0,57.6,72
20525,Matthieu Udol,high_intensity_fullback,High-Intensity Fullback,dribble_success_pct,0.1,33.333,11.1,72
191417,Anthony Oyono,high_intensity_fullback,High-Intensity Fullback,dribble_success_pct,0.1,66.667,95.8,72
918,José Luis Gayà,high_intensity_fullback,High-Intensity Fullback,dribble_success_pct,0.1,100.0,100.0,72
5973,N. Capaldo,high_intensity_fullback,High-Intensity Fullback,dribble_success_pct,0.1,0.0,0.7,72
8673,O. Deman,high_intensity_fullback,High-Intensity Fullback,dribble_success_pct,0.1,25.0,2.8,72
324957,T. Rothe,high_intensity_fullback,High-Intensity Fullback,dribble_success_pct,0.1,16.667,1.4,72
886,Diogo Dalot,high_intensity_fullback,High-Intensity Fullback,dribble_success_pct,0.1,33.333,11.1,72
162175,Jesús Vázquez,high_intensity_fullback,High-Intensity Fullback,dribble_success_pct,0.1,41.667,26.4,72
185096,Carlos Puga,high_intensity_fullback,High-Intensity Fullback,dribble_success_pct,0.1,72.222,100.0,72
41577,Nuno Tavares,high_intensity_fullback,High-Intensity Fullback,dribble_success_pct,0.1,77.778,100.0,72
138816,I. Maatsen,high_intensity_fullback,High-Intensity Fullback,dribble_success_pct,0.1,10.0,1.4,72
311773,Santiago Mouriño,high_intensity_fullback,High-Intensity Fullback,dribble_success_pct,0.1,66.667,95.8,72
26302,Pablo Maffeo,high_intensity_fullback,High-Intensity Fullback,dribble_success_pct,0.1,50.0,57.6,72
7318,Amar Dedić,high_intensity_fullback,High-Intensity Fullback,dribble_success_pct,0.1,36.364,13.9,72
81164,H. Kuruçay,high_intensity_fullback,High-Intensity Fullback,dribble_success_pct,0.1,100.0,100.0,72
483116,Noa Boissé,high_intensity_fullback,High-Intensity Fullback,dribble_success_pct,0.1,100.0,100.0,72
9,A. Hakimi,high_intensity_fullback,High-Intensity Fullback,dribble_success_pct,0.1,38.889,15.3,72
382492,Elias Baum,high_intensity_fullback,High-Intensity Fullback,dribble_success_pct,0.1,50.0,57.6,72
25063,J. Gyamerah,high_intensity_fullback,High-Intensity Fullback,dribble_success_pct,0.1,20.0,2.8,72
381197,Asier Osambela,high_intensity_fullback,High-Intensity Fullback,dribble_success_pct,0.1,50.0,57.6,72
342022,M. Kayode,high_intensity_fullback,High-Intensity Fullback,dribble_success_pct,0.1,50.0,57.6,72
330437,Álex Jiménez,high_intensity_fullback,High-Intensity Fullback,dribble_success_pct,0.1,62.5,93.1,72
47985,Emil Holm,high_intensity_fullback,High-Intensity Fullback,dribble_success_pct,0.1,62.5,93.1,72
509,A. Davies,high_intensity_fullback,High-Intensity Fullback,dribble_success_pct,0.1,68.75,97.2,72
180586,Ilario Monterisi,high_intensity_fullback,High-Intensity Fullback,dribble_success_pct,0.1,,,72
437093,Niccolò Fortini,high_intensity_fullback,High-Intensity Fullback,dribble_success_pct,0.1,62.5,93.1,72
25917,R. Baku,high_intensity_fullback,High-Intensity Fullback,dribble_success_pct,0.1,45.455,44.4,72
50852,Joe Scally,high_intensity_fullback,High-Intensity Fullback,dribble_success_pct,0.1,33.333,11.1,72
334952,Rafik Messali,high_intensity_fullback,High-Intensity Fullback,dribble_success_pct,0.1,75.0,100.0,72
352375,Arthur,high_intensity_fullback,High-Intensity Fullback,dribble_success_pct,0.1,53.846,72.2,72
327646,Lukas Ullrich,high_intensity_fullback,High-Intensity Fullback,dribble_success_pct,0.1,33.333,11.1,72
490779,Víctor Valdepeñas,high_intensity_fullback,High-Intensity Fullback,dribble_success_pct,0.1,25.0,2.8,72
438281,M. Nagida,high_intensity_fullback,High-Intensity Fullback,dribble_success_pct,0.1,37.5,15.3,72
408853,M. Rots,high_intensity_fullback,High-Intensity Fullback,dribble_success_pct,0.1,100.0,100.0,72
855,João Cancelo,high_intensity_fullback,High-Intensity Fullback,dribble_success_pct,0.1,33.333,11.1,72
47519,Pedro Porro,high_intensity_fullback,High-Intensity Fullback,dribble_success_pct,0.1,33.333,11.1,72
41734,João Mário,high_intensity_fullback,High-Intensity Fullback,dribble_success_pct,0.1,60.0,89.6,72
1157,K. Laimer,high_intensity_fullback,High-Intensity Fullback,dribble_success_pct,0.1,40.0,22.9,72
11421,Gabriel Suazo,high_intensity_fullback,High-Intensity Fullback,tackles_per90,0.15,2.857,77.8,72
119742,Juan Iglesias,high_intensity_fullback,High-Intensity Fullback,tackles_per90,0.15,2.0,22.2,72
199044,Jon Aramburu,high_intensity_fullback,High-Intensity Fullback,tackles_per90,0.15,3.317,91.7,72
482469,Jorge Salinas,high_intensity_fullback,High-Intensity Fullback,tackles_per90,0.15,3.777,98.6,72
1703,Andrei Rațiu,high_intensity_fullback,High-Intensity Fullback,tackles_per90,0.15,1.5,2.8,72
563,Alejandro Grimaldo,high_intensity_fullback,High-Intensity Fullback,tackles_per90,0.15,2.355,45.8,72
181259,Abel Bretones,high_intensity_fullback,High-Intensity Fullback,tackles_per90,0.15,2.212,31.9,72
64309,Manuel Sánchez,high_intensity_fullback,High-Intensity Fullback,tackles_per90,0.15,4.491,100.0,72
442933,A. Ouzenadji,high_intensity_fullback,High-Intensity Fullback,tackles_per90,0.15,2.4,50.0,72
162267,Adrien Truffert,high_intensity_fullback,High-Intensity Fullback,tackles_per90,0.15,3.4,93.1,72
161702,Danilo Veiga,high_intensity_fullback,High-Intensity Fullback,tackles_per90,0.15,3.2,91.7,72
379329,Tiago Santos,high_intensity_fullback,High-Intensity Fullback,tackles_per90,0.15,2.0,22.2,72
193953,L. Sy,high_intensity_fullback,High-Intensity Fullback,tackles_per90,0.15,0.802,0.0,72
284492,Lewis Hall,high_intensity_fullback,High-Intensity Fullback,tackles_per90,0.15,2.606,63.9,72
297311,Kike Salas,high_intensity_fullback,High-Intensity Fullback,tackles_per90,0.15,1.808,13.9,72
363695,Murillo,high_intensity_fullback,High-Intensity Fullback,tackles_per90,0.15,1.808,13.9,72
568001,Xavi Espart,high_intensity_fullback,High-Intensity Fullback,tackles_per90,0.15,4.091,100.0,72
19549,Antonee Robinson,high_intensity_fullback,High-Intensity Fullback,tackles_per90,0.15,2.715,69.4,72
341453,Oso,high_intensity_fullback,High-Intensity Fullback,tackles_per90,0.15,1.901,19.4,72
106725,K. Lewis-Potter,high_intensity_fullback,High-Intensity Fullback,tackles_per90,0.15,1.32,2.8,72
3007,P. Frankowski,high_intensity_fullback,High-Intensity Fullback,tackles_per90,0.15,2.641,65.3,72
47329,Adrià Pedrosa,high_intensity_fullback,High-Intensity Fullback,tackles_per90,0.15,2.714,69.4,72
203219,Jamil Siebert,high_intensity_fullback,High-Intensity Fullback,tackles_per90,0.15,2.812,75.0,72
20525,Matthieu Udol,high_intensity_fullback,High-Intensity Fullback,tackles_per90,0.15,1.875,19.4,72
191417,Anthony Oyono,high_intensity_fullback,High-Intensity Fullback,tackles_per90,0.15,2.585,61.1,72
918,José Luis Gayà,high_intensity_fullback,High-Intensity Fullback,tackles_per90,0.15,3.5,93.1,72
5973,N. Capaldo,high_intensity_fullback,High-Intensity Fullback,tackles_per90,0.15,3.0,83.3,72
8673,O. Deman,high_intensity_fullback,High-Intensity Fullback,tackles_per90,0.15,3.75,97.2,72
324957,T. Rothe,high_intensity_fullback,High-Intensity Fullback,tackles_per90,0.15,3.0,83.3,72
886,Diogo Dalot,high_intensity_fullback,High-Intensity Fullback,tackles_per90,0.15,1.552,4.2,72
162175,Jesús Vázquez,high_intensity_fullback,High-Intensity Fullback,tackles_per90,0.15,2.594,62.5,72
185096,Carlos Puga,high_intensity_fullback,High-Intensity Fullback,tackles_per90,0.15,3.936,100.0,72
41577,Nuno Tavares,high_intensity_fullback,High-Intensity Fullback,tackles_per90,0.15,2.389,48.6,72
138816,I. Maatsen,high_intensity_fullback,High-Intensity Fullback,tackles_per90,0.15,1.869,19.4,72
311773,Santiago Mouriño,high_intensity_fullback,High-Intensity Fullback,tackles_per90,0.15,3.472,93.1,72
26302,Pablo Maffeo,high_intensity_fullback,High-Intensity Fullback,tackles_per90,0.15,1.091,0.0,72
7318,Amar Dedić,high_intensity_fullback,High-Intensity Fullback,tackles_per90,0.15,2.195,31.9,72
81164,H. Kuruçay,high_intensity_fullback,High-Intensity Fullback,tackles_per90,0.15,5.127,100.0,72
483116,Noa Boissé,high_intensity_fullback,High-Intensity Fullback,tackles_per90,0.15,2.571,61.1,72
9,A. Hakimi,high_intensity_fullback,High-Intensity Fullback,tackles_per90,0.15,0.874,0.0,72
382492,Elias Baum,high_intensity_fullback,High-Intensity Fullback,tackles_per90,0.15,3.225,91.7,72
25063,J. Gyamerah,high_intensity_fullback,High-Intensity Fullback,tackles_per90,0.15,2.961,83.3,72
381197,Asier Osambela,high_intensity_fullback,High-Intensity Fullback,tackles_per90,0.15,3.333,91.7,72
342022,M. Kayode,high_intensity_fullback,High-Intensity Fullback,tackles_per90,0.15,0.606,0.0,72
330437,Álex Jiménez,high_intensity_fullback,High-Intensity Fullback,tackles_per90,0.15,2.158,27.8,72
47985,Emil Holm,high_intensity_fullback,High-Intensity Fullback,tackles_per90,0.15,4.421,100.0,72
509,A. Davies,high_intensity_fullback,High-Intensity Fullback,tackles_per90,0.15,1.985,22.2,72
180586,Ilario Monterisi,high_intensity_fullback,High-Intensity Fullback,tackles_per90,0.15,3.034,83.3,72
437093,Niccolò Fortini,high_intensity_fullback,High-Intensity Fullback,tackles_per90,0.15,2.697,68.1,72
25917,R. Baku,high_intensity_fullback,High-Intensity Fullback,tackles_per90,0.15,1.369,2.8,72
50852,Joe Scally,high_intensity_fullback,High-Intensity Fullback,tackles_per90,0.15,3.152,88.9,72
334952,Rafik Messali,high_intensity_fullback,High-Intensity Fullback,tackles_per90,0.15,2.551,61.1,72
352375,Arthur,high_intensity_fullback,High-Intensity Fullback,tackles_per90,0.15,1.519,4.2,72
327646,Lukas Ullrich,high_intensity_fullback,High-Intensity Fullback,tackles_per90,0.15,2.681,66.7,72
490779,Víctor Valdepeñas,high_intensity_fullback,High-Intensity Fullback,tackles_per90,0.15,1.915,22.2,72
438281,M. Nagida,high_intensity_fullback,High-Intensity Fullback,tackles_per90,0.15,3.699,95.8,72
408853,M. Rots,high_intensity_fullback,High-Intensity Fullback,tackles_per90,0.15,2.113,25.0,72
855,João Cancelo,high_intensity_fullback,High-Intensity Fullback,tackles_per90,0.15,1.286,1.4,72
47519,Pedro Porro,high_intensity_fullback,High-Intensity Fullback,tackles_per90,0.15,1.357,2.8,72
41734,João Mário,high_intensity_fullback,High-Intensity Fullback,tackles_per90,0.15,1.978,22.2,72
1157,K. Laimer,high_intensity_fullback,High-Intensity Fullback,tackles_per90,0.15,2.0,22.2,72
11421,Gabriel Suazo,high_intensity_fullback,High-Intensity Fullback,interceptions_per90,0.15,0.571,4.2,72
119742,Juan Iglesias,high_intensity_fullback,High-Intensity Fullback,interceptions_per90,0.15,0.714,8.3,72
199044,Jon Aramburu,high_intensity_fullback,High-Intensity Fullback,interceptions_per90,0.15,2.412,100.0,72
482469,Jorge Salinas,high_intensity_fullback,High-Intensity Fullback,interceptions_per90,0.15,1.478,88.9,72
1703,Andrei Rațiu,high_intensity_fullback,High-Intensity Fullback,interceptions_per90,0.15,1.333,80.6,72
563,Alejandro Grimaldo,high_intensity_fullback,High-Intensity Fullback,interceptions_per90,0.15,0.673,6.9,72
181259,Abel Bretones,high_intensity_fullback,High-Intensity Fullback,interceptions_per90,0.15,0.681,8.3,72
64309,Manuel Sánchez,high_intensity_fullback,High-Intensity Fullback,interceptions_per90,0.15,1.036,38.9,72
442933,A. Ouzenadji,high_intensity_fullback,High-Intensity Fullback,interceptions_per90,0.15,1.2,68.1,72
162267,Adrien Truffert,high_intensity_fullback,High-Intensity Fullback,interceptions_per90,0.15,1.4,87.5,72
161702,Danilo Veiga,high_intensity_fullback,High-Intensity Fullback,interceptions_per90,0.15,0.8,22.2,72
379329,Tiago Santos,high_intensity_fullback,High-Intensity Fullback,interceptions_per90,0.15,1.0,36.1,72
193953,L. Sy,high_intensity_fullback,High-Intensity Fullback,interceptions_per90,0.15,1.403,87.5,72
284492,Lewis Hall,high_intensity_fullback,High-Intensity Fullback,interceptions_per90,0.15,1.002,36.1,72
297311,Kike Salas,high_intensity_fullback,High-Intensity Fullback,interceptions_per90,0.15,0.402,2.8,72
363695,Murillo,high_intensity_fullback,High-Intensity Fullback,interceptions_per90,0.15,1.406,87.5,72
568001,Xavi Espart,high_intensity_fullback,High-Intensity Fullback,interceptions_per90,0.15,1.432,87.5,72
19549,Antonee Robinson,high_intensity_fullback,High-Intensity Fullback,interceptions_per90,0.15,0.626,6.9,72
341453,Oso,high_intensity_fullback,High-Intensity Fullback,interceptions_per90,0.15,1.479,88.9,72
106725,K. Lewis-Potter,high_intensity_fullback,High-Intensity Fullback,interceptions_per90,0.15,0.88,25.0,72
3007,P. Frankowski,high_intensity_fullback,High-Intensity Fullback,interceptions_per90,0.15,1.32,80.6,72
47329,Adrià Pedrosa,high_intensity_fullback,High-Intensity Fullback,interceptions_per90,0.15,0.452,2.8,72
203219,Jamil Siebert,high_intensity_fullback,High-Intensity Fullback,interceptions_per90,0.15,1.641,95.8,72
20525,Matthieu Udol,high_intensity_fullback,High-Intensity Fullback,interceptions_per90,0.15,1.172,63.9,72
191417,Anthony Oyono,high_intensity_fullback,High-Intensity Fullback,interceptions_per90,0.15,1.88,100.0,72
918,José Luis Gayà,high_intensity_fullback,High-Intensity Fullback,interceptions_per90,0.15,0.25,0.0,72
5973,N. Capaldo,high_intensity_fullback,High-Intensity Fullback,interceptions_per90,0.15,2.75,100.0,72
8673,O. Deman,high_intensity_fullback,High-Intensity Fullback,interceptions_per90,0.15,1.0,36.1,72
324957,T. Rothe,high_intensity_fullback,High-Intensity Fullback,interceptions_per90,0.15,1.25,75.0,72
886,Diogo Dalot,high_intensity_fullback,High-Intensity Fullback,interceptions_per90,0.15,1.034,38.9,72
162175,Jesús Vázquez,high_intensity_fullback,High-Intensity Fullback,interceptions_per90,0.15,0.778,18.1,72
185096,Carlos Puga,high_intensity_fullback,High-Intensity Fullback,interceptions_per90,0.15,1.574,95.8,72
41577,Nuno Tavares,high_intensity_fullback,High-Intensity Fullback,interceptions_per90,0.15,0.265,1.4,72
138816,I. Maatsen,high_intensity_fullback,High-Intensity Fullback,interceptions_per90,0.15,1.869,100.0,72
311773,Santiago Mouriño,high_intensity_fullback,High-Intensity Fullback,interceptions_per90,0.15,0.267,1.4,72
26302,Pablo Maffeo,high_intensity_fullback,High-Intensity Fullback,interceptions_per90,0.15,1.364,83.3,72
7318,Amar Dedić,high_intensity_fullback,High-Intensity Fullback,interceptions_per90,0.15,0.274,1.4,72
81164,H. Kuruçay,high_intensity_fullback,High-Intensity Fullback,interceptions_per90,0.15,0.285,1.4,72
483116,Noa Boissé,high_intensity_fullback,High-Intensity Fullback,interceptions_per90,0.15,0.857,22.2,72
9,A. Hakimi,high_intensity_fullback,High-Intensity Fullback,interceptions_per90,0.15,0.874,22.2,72
382492,Elias Baum,high_intensity_fullback,High-Intensity Fullback,interceptions_per90,0.15,1.173,63.9,72
25063,J. Gyamerah,high_intensity_fullback,High-Intensity Fullback,interceptions_per90,0.15,1.184,66.7,72
381197,Asier Osambela,high_intensity_fullback,High-Intensity Fullback,interceptions_per90,0.15,0.606,6.9,72
342022,M. Kayode,high_intensity_fullback,High-Intensity Fullback,interceptions_per90,0.15,1.818,100.0,72
330437,Álex Jiménez,high_intensity_fullback,High-Intensity Fullback,interceptions_per90,0.15,0.308,1.4,72
47985,Emil Holm,high_intensity_fullback,High-Intensity Fullback,interceptions_per90,0.15,0.632,6.9,72
509,A. Davies,high_intensity_fullback,High-Intensity Fullback,interceptions_per90,0.15,0.662,6.9,72
180586,Ilario Monterisi,high_intensity_fullback,High-Intensity Fullback,interceptions_per90,0.15,1.348,80.6,72
437093,Niccolò Fortini,high_intensity_fullback,High-Intensity Fullback,interceptions_per90,0.15,0.337,1.4,72
25917,R. Baku,high_intensity_fullback,High-Intensity Fullback,interceptions_per90,0.15,0.684,8.3,72
50852,Joe Scally,high_intensity_fullback,High-Intensity Fullback,interceptions_per90,0.15,0.35,1.4,72
334952,Rafik Messali,high_intensity_fullback,High-Intensity Fullback,interceptions_per90,0.15,2.551,100.0,72
352375,Arthur,high_intensity_fullback,High-Intensity Fullback,interceptions_per90,0.15,1.899,100.0,72
327646,Lukas Ullrich,high_intensity_fullback,High-Intensity Fullback,interceptions_per90,0.15,2.298,100.0,72
490779,Víctor Valdepeñas,high_intensity_fullback,High-Intensity Fullback,interceptions_per90,0.15,0.383,2.8,72
438281,M. Nagida,high_intensity_fullback,High-Intensity Fullback,interceptions_per90,0.15,2.877,100.0,72
408853,M. Rots,high_intensity_fullback,High-Intensity Fullback,interceptions_per90,0.15,0.845,22.2,72
855,João Cancelo,high_intensity_fullback,High-Intensity Fullback,interceptions_per90,0.15,0.857,22.2,72
47519,Pedro Porro,high_intensity_fullback,High-Intensity Fullback,interceptions_per90,0.15,0.452,2.8,72
41734,João Mário,high_intensity_fullback,High-Intensity Fullback,interceptions_per90,0.15,0.989,33.3,72
1157,K. Laimer,high_intensity_fullback,High-Intensity Fullback,interceptions_per90,0.15,1.0,36.1,72
11421,Gabriel Suazo,high_intensity_fullback,High-Intensity Fullback,key_passes_per90,0.2,1.286,80.6,72
119742,Juan Iglesias,high_intensity_fullback,High-Intensity Fullback,key_passes_per90,0.2,0.429,4.2,72
199044,Jon Aramburu,high_intensity_fullback,High-Intensity Fullback,key_passes_per90,0.2,0.603,26.4,72
482469,Jorge Salinas,high_intensity_fullback,High-Intensity Fullback,key_passes_per90,0.2,0.493,13.9,72
1703,Andrei Rațiu,high_intensity_fullback,High-Intensity Fullback,key_passes_per90,0.2,0.667,31.9,72
563,Alejandro Grimaldo,high_intensity_fullback,High-Intensity Fullback,key_passes_per90,0.2,0.673,31.9,72
181259,Abel Bretones,high_intensity_fullback,High-Intensity Fullback,key_passes_per90,0.2,0.51,15.3,72
64309,Manuel Sánchez,high_intensity_fullback,High-Intensity Fullback,key_passes_per90,0.2,0.173,0.0,72
442933,A. Ouzenadji,high_intensity_fullback,High-Intensity Fullback,key_passes_per90,0.2,1.0,62.5,72
162267,Adrien Truffert,high_intensity_fullback,High-Intensity Fullback,key_passes_per90,0.2,0.8,44.4,72
161702,Danilo Veiga,high_intensity_fullback,High-Intensity Fullback,key_passes_per90,0.2,0.6,26.4,72
379329,Tiago Santos,high_intensity_fullback,High-Intensity Fullback,key_passes_per90,0.2,1.0,62.5,72
193953,L. Sy,high_intensity_fullback,High-Intensity Fullback,key_passes_per90,0.2,0.802,44.4,72
284492,Lewis Hall,high_intensity_fullback,High-Intensity Fullback,key_passes_per90,0.2,1.203,75.0,72
297311,Kike Salas,high_intensity_fullback,High-Intensity Fullback,key_passes_per90,0.2,0.402,4.2,72
363695,Murillo,high_intensity_fullback,High-Intensity Fullback,key_passes_per90,0.2,1.004,63.9,72
568001,Xavi Espart,high_intensity_fullback,High-Intensity Fullback,key_passes_per90,0.2,0.818,45.8,72
19549,Antonee Robinson,high_intensity_fullback,High-Intensity Fullback,key_passes_per90,0.2,1.462,90.3,72
341453,Oso,high_intensity_fullback,High-Intensity Fullback,key_passes_per90,0.2,0.845,50.0,72
106725,K. Lewis-Potter,high_intensity_fullback,High-Intensity Fullback,key_passes_per90,0.2,1.54,91.7,72
3007,P. Frankowski,high_intensity_fullback,High-Intensity Fullback,key_passes_per90,0.2,1.32,81.9,72
47329,Adrià Pedrosa,high_intensity_fullback,High-Intensity Fullback,key_passes_per90,0.2,2.035,98.6,72
203219,Jamil Siebert,high_intensity_fullback,High-Intensity Fullback,key_passes_per90,0.2,0.469,11.1,72
20525,Matthieu Udol,high_intensity_fullback,High-Intensity Fullback,key_passes_per90,0.2,1.406,86.1,72
191417,Anthony Oyono,high_intensity_fullback,High-Intensity Fullback,key_passes_per90,0.2,0.94,51.4,72
918,José Luis Gayà,high_intensity_fullback,High-Intensity Fullback,key_passes_per90,0.2,0.5,13.9,72
5973,N. Capaldo,high_intensity_fullback,High-Intensity Fullback,key_passes_per90,0.2,0.5,13.9,72
8673,O. Deman,high_intensity_fullback,High-Intensity Fullback,key_passes_per90,0.2,0.5,13.9,72
324957,T. Rothe,high_intensity_fullback,High-Intensity Fullback,key_passes_per90,0.2,0.75,38.9,72
886,Diogo Dalot,high_intensity_fullback,High-Intensity Fullback,key_passes_per90,0.2,2.069,98.6,72
162175,Jesús Vázquez,high_intensity_fullback,High-Intensity Fullback,key_passes_per90,0.2,0.259,0.0,72
185096,Carlos Puga,high_intensity_fullback,High-Intensity Fullback,key_passes_per90,0.2,0.525,16.7,72
41577,Nuno Tavares,high_intensity_fullback,High-Intensity Fullback,key_passes_per90,0.2,1.593,93.1,72
138816,I. Maatsen,high_intensity_fullback,High-Intensity Fullback,key_passes_per90,0.2,0.267,0.0,72
311773,Santiago Mouriño,high_intensity_fullback,High-Intensity Fullback,key_passes_per90,0.2,0.801,44.4,72
26302,Pablo Maffeo,high_intensity_fullback,High-Intensity Fullback,key_passes_per90,0.2,0.545,19.4,72
7318,Amar Dedić,high_intensity_fullback,High-Intensity Fullback,key_passes_per90,0.2,0.549,19.4,72
81164,H. Kuruçay,high_intensity_fullback,High-Intensity Fullback,key_passes_per90,0.2,0.0,0.0,72
483116,Noa Boissé,high_intensity_fullback,High-Intensity Fullback,key_passes_per90,0.2,0.286,0.0,72
9,A. Hakimi,high_intensity_fullback,High-Intensity Fullback,key_passes_per90,0.2,1.456,90.3,72
382492,Elias Baum,high_intensity_fullback,High-Intensity Fullback,key_passes_per90,0.2,0.879,51.4,72
25063,J. Gyamerah,high_intensity_fullback,High-Intensity Fullback,key_passes_per90,0.2,0.296,0.0,72
381197,Asier Osambela,high_intensity_fullback,High-Intensity Fullback,key_passes_per90,0.2,0.303,0.0,72
342022,M. Kayode,high_intensity_fullback,High-Intensity Fullback,key_passes_per90,0.2,0.606,29.2,72
330437,Álex Jiménez,high_intensity_fullback,High-Intensity Fullback,key_passes_per90,0.2,1.849,95.8,72
47985,Emil Holm,high_intensity_fullback,High-Intensity Fullback,key_passes_per90,0.2,0.316,0.0,72
509,A. Davies,high_intensity_fullback,High-Intensity Fullback,key_passes_per90,0.2,3.64,100.0,72
180586,Ilario Monterisi,high_intensity_fullback,High-Intensity Fullback,key_passes_per90,0.2,1.011,63.9,72
437093,Niccolò Fortini,high_intensity_fullback,High-Intensity Fullback,key_passes_per90,0.2,0.337,0.0,72
25917,R. Baku,high_intensity_fullback,High-Intensity Fullback,key_passes_per90,0.2,0.342,1.4,72
50852,Joe Scally,high_intensity_fullback,High-Intensity Fullback,key_passes_per90,0.2,0.35,1.4,72
334952,Rafik Messali,high_intensity_fullback,High-Intensity Fullback,key_passes_per90,0.2,1.093,68.1,72
352375,Arthur,high_intensity_fullback,High-Intensity Fullback,key_passes_per90,0.2,0.38,2.8,72
327646,Lukas Ullrich,high_intensity_fullback,High-Intensity Fullback,key_passes_per90,0.2,1.149,72.2,72
490779,Víctor Valdepeñas,high_intensity_fullback,High-Intensity Fullback,key_passes_per90,0.2,1.149,72.2,72
438281,M. Nagida,high_intensity_fullback,High-Intensity Fullback,key_passes_per90,0.2,1.233,77.8,72
408853,M. Rots,high_intensity_fullback,High-Intensity Fullback,key_passes_per90,0.2,2.535,100.0,72
855,João Cancelo,high_intensity_fullback,High-Intensity Fullback,key_passes_per90,0.2,0.429,4.2,72
47519,Pedro Porro,high_intensity_fullback,High-Intensity Fullback,key_passes_per90,0.2,0.905,51.4,72
41734,João Mário,high_intensity_fullback,High-Intensity Fullback,key_passes_per90,0.2,0.989,59.7,72
1157,K. Laimer,high_intensity_fullback,High-Intensity Fullback,key_passes_per90,0.2,1.0,62.5,72
11421,Gabriel Suazo,high_intensity_fullback,High-Intensity Fullback,assists_per90,0.25,0.0,14.6,72
119742,Juan Iglesias,high_intensity_fullback,High-Intensity Fullback,assists_per90,0.25,0.0,14.6,72
199044,Jon Aramburu,high_intensity_fullback,High-Intensity Fullback,assists_per90,0.25,0.0,14.6,72
482469,Jorge Salinas,high_intensity_fullback,High-Intensity Fullback,assists_per90,0.25,0.164,86.1,72
1703,Andrei Rațiu,high_intensity_fullback,High-Intensity Fullback,assists_per90,0.25,0.0,14.6,72
563,Alejandro Grimaldo,high_intensity_fullback,High-Intensity Fullback,assists_per90,0.25,0.168,86.1,72
181259,Abel Bretones,high_intensity_fullback,High-Intensity Fullback,assists_per90,0.25,0.0,14.6,72
64309,Manuel Sánchez,high_intensity_fullback,High-Intensity Fullback,assists_per90,0.25,0.0,14.6,72
442933,A. Ouzenadji,high_intensity_fullback,High-Intensity Fullback,assists_per90,0.25,0.2,92.4,72
162267,Adrien Truffert,high_intensity_fullback,High-Intensity Fullback,assists_per90,0.25,0.0,14.6,72
161702,Danilo Veiga,high_intensity_fullback,High-Intensity Fullback,assists_per90,0.25,0.2,92.4,72
379329,Tiago Santos,high_intensity_fullback,High-Intensity Fullback,assists_per90,0.25,0.0,14.6,72
193953,L. Sy,high_intensity_fullback,High-Intensity Fullback,assists_per90,0.25,0.0,14.6,72
284492,Lewis Hall,high_intensity_fullback,High-Intensity Fullback,assists_per90,0.25,0.2,93.1,72
297311,Kike Salas,high_intensity_fullback,High-Intensity Fullback,assists_per90,0.25,0.0,14.6,72
363695,Murillo,high_intensity_fullback,High-Intensity Fullback,assists_per90,0.25,0.201,93.1,72
568001,Xavi Espart,high_intensity_fullback,High-Intensity Fullback,assists_per90,0.25,0.409,100.0,72
19549,Antonee Robinson,high_intensity_fullback,High-Intensity Fullback,assists_per90,0.25,0.0,14.6,72
341453,Oso,high_intensity_fullback,High-Intensity Fullback,assists_per90,0.25,0.211,93.1,72
106725,K. Lewis-Potter,high_intensity_fullback,High-Intensity Fullback,assists_per90,0.25,0.22,94.4,72
3007,P. Frankowski,high_intensity_fullback,High-Intensity Fullback,assists_per90,0.25,0.22,94.4,72
47329,Adrià Pedrosa,high_intensity_fullback,High-Intensity Fullback,assists_per90,0.25,0.226,94.4,72
203219,Jamil Siebert,high_intensity_fullback,High-Intensity Fullback,assists_per90,0.25,0.0,14.6,72
20525,Matthieu Udol,high_intensity_fullback,High-Intensity Fullback,assists_per90,0.25,0.0,14.6,72
191417,Anthony Oyono,high_intensity_fullback,High-Intensity Fullback,assists_per90,0.25,0.235,94.4,72
918,José Luis Gayà,high_intensity_fullback,High-Intensity Fullback,assists_per90,0.25,0.0,14.6,72
5973,N. Capaldo,high_intensity_fullback,High-Intensity Fullback,assists_per90,0.25,0.0,14.6,72
8673,O. Deman,high_intensity_fullback,High-Intensity Fullback,assists_per90,0.25,0.0,14.6,72
324957,T. Rothe,high_intensity_fullback,High-Intensity Fullback,assists_per90,0.25,0.25,95.8,72
886,Diogo Dalot,high_intensity_fullback,High-Intensity Fullback,assists_per90,0.25,0.0,14.6,72
162175,Jesús Vázquez,high_intensity_fullback,High-Intensity Fullback,assists_per90,0.25,0.0,14.6,72
185096,Carlos Puga,high_intensity_fullback,High-Intensity Fullback,assists_per90,0.25,0.0,14.6,72
41577,Nuno Tavares,high_intensity_fullback,High-Intensity Fullback,assists_per90,0.25,0.531,100.0,72
138816,I. Maatsen,high_intensity_fullback,High-Intensity Fullback,assists_per90,0.25,0.0,14.6,72
311773,Santiago Mouriño,high_intensity_fullback,High-Intensity Fullback,assists_per90,0.25,0.0,14.6,72
26302,Pablo Maffeo,high_intensity_fullback,High-Intensity Fullback,assists_per90,0.25,0.0,14.6,72
7318,Amar Dedić,high_intensity_fullback,High-Intensity Fullback,assists_per90,0.25,0.274,97.2,72
81164,H. Kuruçay,high_intensity_fullback,High-Intensity Fullback,assists_per90,0.25,0.0,14.6,72
483116,Noa Boissé,high_intensity_fullback,High-Intensity Fullback,assists_per90,0.25,0.0,14.6,72
9,A. Hakimi,high_intensity_fullback,High-Intensity Fullback,assists_per90,0.25,0.0,14.6,72
382492,Elias Baum,high_intensity_fullback,High-Intensity Fullback,assists_per90,0.25,0.293,97.2,72
25063,J. Gyamerah,high_intensity_fullback,High-Intensity Fullback,assists_per90,0.25,0.0,14.6,72
381197,Asier Osambela,high_intensity_fullback,High-Intensity Fullback,assists_per90,0.25,0.0,14.6,72
342022,M. Kayode,high_intensity_fullback,High-Intensity Fullback,assists_per90,0.25,0.0,14.6,72
330437,Álex Jiménez,high_intensity_fullback,High-Intensity Fullback,assists_per90,0.25,0.308,97.2,72
47985,Emil Holm,high_intensity_fullback,High-Intensity Fullback,assists_per90,0.25,0.0,14.6,72
509,A. Davies,high_intensity_fullback,High-Intensity Fullback,assists_per90,0.25,0.662,100.0,72
180586,Ilario Monterisi,high_intensity_fullback,High-Intensity Fullback,assists_per90,0.25,0.0,14.6,72
437093,Niccolò Fortini,high_intensity_fullback,High-Intensity Fullback,assists_per90,0.25,0.0,14.6,72
25917,R. Baku,high_intensity_fullback,High-Intensity Fullback,assists_per90,0.25,0.0,14.6,72
50852,Joe Scally,high_intensity_fullback,High-Intensity Fullback,assists_per90,0.25,0.0,14.6,72
334952,Rafik Messali,high_intensity_fullback,High-Intensity Fullback,assists_per90,0.25,0.0,14.6,72
352375,Arthur,high_intensity_fullback,High-Intensity Fullback,assists_per90,0.25,0.0,14.6,72
327646,Lukas Ullrich,high_intensity_fullback,High-Intensity Fullback,assists_per90,0.25,0.766,100.0,72
490779,Víctor Valdepeñas,high_intensity_fullback,High-Intensity Fullback,assists_per90,0.25,0.0,14.6,72
438281,M. Nagida,high_intensity_fullback,High-Intensity Fullback,assists_per90,0.25,0.0,14.6,72
408853,M. Rots,high_intensity_fullback,High-Intensity Fullback,assists_per90,0.25,0.0,14.6,72
855,João Cancelo,high_intensity_fullback,High-Intensity Fullback,assists_per90,0.25,0.0,14.6,72
47519,Pedro Porro,high_intensity_fullback,High-Intensity Fullback,assists_per90,0.25,0.0,14.6,72
41734,João Mário,high_intensity_fullback,High-Intensity Fullback,assists_per90,0.25,0.0,14.6,72
1157,K. Laimer,high_intensity_fullback,High-Intensity Fullback,assists_per90,0.25,0.0,14.6,72
23,Sergio Gómez,creative_fullback,Creative Fullback,key_passes_per90,0.25,1.218,82.4,119
6233,Nahuel Tenaglia,creative_fullback,Creative Fullback,key_passes_per90,0.25,0.308,5.9,119
161963,Germán Valera,creative_fullback,Creative Fullback,key_passes_per90,0.25,1.731,95.8,119
127025,Giacomo Quagliata,creative_fullback,Creative Fullback,key_passes_per90,0.25,0.949,62.2,119
421044,Iñigo Arguibide,creative_fullback,Creative Fullback,key_passes_per90,0.25,0.318,6.7,119
446067,Buba Sangaré,creative_fullback,Creative Fullback,key_passes_per90,0.25,0.333,6.7,119
450716,Roger Hinojo,creative_fullback,Creative Fullback,key_passes_per90,0.25,0.336,6.7,119
47360,Ximo Navarro,creative_fullback,Creative Fullback,key_passes_per90,0.25,0.169,0.8,119
1439,Héctor Bellerín,creative_fullback,Creative Fullback,key_passes_per90,0.25,1.576,93.3,119
181685,Alvaro Mantilla,creative_fullback,Creative Fullback,key_passes_per90,0.25,0.176,0.8,119
18740,Jonny Otto,creative_fullback,Creative Fullback,key_passes_per90,0.25,0.353,7.6,119
64268,Johan Mojica,creative_fullback,Creative Fullback,key_passes_per90,0.25,1.455,89.9,119
388013,Andrés García,creative_fullback,Creative Fullback,key_passes_per90,0.25,0.953,62.2,119
619,Eric García,creative_fullback,Creative Fullback,key_passes_per90,0.25,0.959,63.9,119
162188,Pierre Kalulu,creative_fullback,Creative Fullback,key_passes_per90,0.25,0.791,47.1,119
382448,Simone Cinquegrano,creative_fullback,Creative Fullback,key_passes_per90,0.25,0.396,15.1,119
84218,Adama Camara,creative_fullback,Creative Fullback,key_passes_per90,0.25,0.6,29.4,119
191189,C. Akpa,creative_fullback,Creative Fullback,key_passes_per90,0.25,0.2,1.7,119
17597,Dara O'Shea,creative_fullback,Creative Fullback,key_passes_per90,0.25,1.0,69.7,119
31042,Giovanni Di Lorenzo,creative_fullback,Creative Fullback,key_passes_per90,0.25,0.6,29.4,119
21381,J. Lefort,creative_fullback,Creative Fullback,key_passes_per90,0.25,0.6,29.4,119
20093,James Hill,creative_fullback,Creative Fullback,key_passes_per90,0.25,1.2,82.4,119
373825,Joel Schingtienne,creative_fullback,Creative Fullback,key_passes_per90,0.25,0.4,15.1,119
1119,K. Ajer,creative_fullback,Creative Fullback,key_passes_per90,0.25,0.6,29.4,119
19119,Leif Davis,creative_fullback,Creative Fullback,key_passes_per90,0.25,0.8,48.3,119
365742,M. Diaz,creative_fullback,Creative Fullback,key_passes_per90,0.25,0.2,1.7,119
257,Marquinhos,creative_fullback,Creative Fullback,key_passes_per90,0.25,0.4,15.1,119
889,Victor Lindelöf,creative_fullback,Creative Fullback,key_passes_per90,0.25,0.6,29.4,119
396380,Z. Athekame,creative_fullback,Creative Fullback,key_passes_per90,0.25,1.4,89.9,119
321744,Adam Obert,creative_fullback,Creative Fullback,key_passes_per90,0.25,0.805,49.6,119
18747,Ryan Giles,creative_fullback,Creative Fullback,key_passes_per90,0.25,1.618,94.1,119
472266,Christ Tapé,creative_fullback,Creative Fullback,key_passes_per90,0.25,1.014,69.7,119
2284,Emerson,creative_fullback,Creative Fullback,key_passes_per90,0.25,0.813,50.4,119
294722,Nazinho,creative_fullback,Creative Fullback,key_passes_per90,0.25,1.023,71.4,119
22160,O. Boscagli,creative_fullback,Creative Fullback,key_passes_per90,0.25,1.442,89.9,119
18869,Adam Smith,creative_fullback,Creative Fullback,key_passes_per90,0.25,0.621,30.3,119
22222,Zeki Çelik,creative_fullback,Creative Fullback,key_passes_per90,0.25,1.25,83.2,119
162952,Mario Gila,creative_fullback,Creative Fullback,key_passes_per90,0.25,0.835,52.9,119
47380,Marc Cucurella,creative_fullback,Creative Fullback,key_passes_per90,0.25,0.419,16.8,119
197448,Yan Couto,creative_fullback,Creative Fullback,key_passes_per90,0.25,2.138,97.5,119
157052,R. Calafiori,creative_fullback,Creative Fullback,key_passes_per90,0.25,0.861,56.3,119
135526,Josh Doig,creative_fullback,Creative Fullback,key_passes_per90,0.25,1.082,72.3,119
226,Denzel Dumfries,creative_fullback,Creative Fullback,key_passes_per90,0.25,0.867,56.3,119
2920,Timothy Castagne,creative_fullback,Creative Fullback,key_passes_per90,0.25,0.878,57.1,119
41964,Zé Pedro,creative_fullback,Creative Fullback,key_passes_per90,0.25,0.446,17.6,119
295793,Marc Pubill,creative_fullback,Creative Fullback,key_passes_per90,0.25,0.0,0.0,119
184420,Carlos Romero,creative_fullback,Creative Fullback,key_passes_per90,0.25,0.465,17.6,119
206254,Miloš Kerkez,creative_fullback,Creative Fullback,key_passes_per90,0.25,0.466,17.6,119
20656,Enzo Ebosse,creative_fullback,Creative Fullback,key_passes_per90,0.25,1.175,80.7,119
22247,K. Lala,creative_fullback,Creative Fullback,key_passes_per90,0.25,1.885,95.8,119
336657,W. Zaïre-Emery,creative_fullback,Creative Fullback,key_passes_per90,0.25,0.236,2.5,119
25158,D. Raum,creative_fullback,Creative Fullback,key_passes_per90,0.25,4.25,100.0,119
191160,J. Makengo,creative_fullback,Creative Fullback,key_passes_per90,0.25,0.75,41.2,119
362711,Jair,creative_fullback,Creative Fullback,key_passes_per90,0.25,0.25,3.4,119
37961,M. van Ewijk,creative_fullback,Creative Fullback,key_passes_per90,0.25,0.75,41.2,119
162032,Miguel Gutiérrez,creative_fullback,Creative Fullback,key_passes_per90,0.25,2.55,99.2,119
20073,Lewie Coyle,creative_fullback,Creative Fullback,key_passes_per90,0.25,0.513,21.0,119
182181,Jesús Areso,creative_fullback,Creative Fullback,key_passes_per90,0.25,1.57,93.3,119
336560,Álex Valle,creative_fullback,Creative Fullback,key_passes_per90,0.25,1.837,95.8,119
35544,Johan Vásquez,creative_fullback,Creative Fullback,key_passes_per90,0.25,0.264,3.4,119
1231,V. Coufal,creative_fullback,Creative Fullback,key_passes_per90,0.25,2.389,99.2,119
891,Luke Shaw,creative_fullback,Creative Fullback,key_passes_per90,0.25,1.339,87.4,119
20850,C. Arcus,creative_fullback,Creative Fullback,key_passes_per90,0.25,1.343,88.2,119
1361,F. Kadıoğlu,creative_fullback,Creative Fullback,key_passes_per90,0.25,1.078,72.3,119
7578,G. Mensah,creative_fullback,Creative Fullback,key_passes_per90,0.25,0.539,23.5,119
162079,L. Günther,creative_fullback,Creative Fullback,key_passes_per90,0.25,0.816,50.4,119
2803,Nico Elvedi,creative_fullback,Creative Fullback,key_passes_per90,0.25,0.552,24.4,119
31543,Antonino Gallo,creative_fullback,Creative Fullback,key_passes_per90,0.25,0.571,27.7,119
19959,B. White,creative_fullback,Creative Fullback,key_passes_per90,0.25,0.857,54.6,119
134,Juan Miranda,creative_fullback,Creative Fullback,key_passes_per90,0.25,2.571,99.2,119
8641,A. Castro-Montes,creative_fullback,Creative Fullback,key_passes_per90,0.25,1.158,79.0,119
862,Leonardo Spinazzola,creative_fullback,Creative Fullback,key_passes_per90,0.25,1.48,91.6,119
19298,Matty Cash,creative_fullback,Creative Fullback,key_passes_per90,0.25,0.302,5.9,119
504605,Nacho Pérez,creative_fullback,Creative Fullback,key_passes_per90,0.25,0.61,29.4,119
174927,Arouna Sangante,creative_fullback,Creative Fullback,key_passes_per90,0.25,0.319,6.7,119
9700,Abner,creative_fullback,Creative Fullback,key_passes_per90,0.25,1.607,94.1,119
158698,J. Quansah,creative_fullback,Creative Fullback,key_passes_per90,0.25,1.942,95.8,119
25287,Kevin Danso,creative_fullback,Creative Fullback,key_passes_per90,0.25,1.0,69.7,119
441264,Kyllian Antonio,creative_fullback,Creative Fullback,key_passes_per90,0.25,0.333,6.7,119
20869,S. Chergui,creative_fullback,Creative Fullback,key_passes_per90,0.25,0.333,6.7,119
315127,Roy Revivo,creative_fullback,Creative Fullback,key_passes_per90,0.25,1.015,70.6,119
1118,Jeremy Toljan,creative_fullback,Creative Fullback,key_passes_per90,0.25,0.341,6.7,119
31642,Luca Ranieri,creative_fullback,Creative Fullback,key_passes_per90,0.25,0.341,6.7,119
435552,Pau Navarro,creative_fullback,Creative Fullback,key_passes_per90,0.25,0.0,0.0,119
14330,J. Juranović,creative_fullback,Creative Fullback,key_passes_per90,0.25,3.189,99.2,119
441271,Jannik Schuster,creative_fullback,Creative Fullback,key_passes_per90,0.25,0.356,8.4,119
202854,Merlin Röhl,creative_fullback,Creative Fullback,key_passes_per90,0.25,0.717,38.7,119
282549,Junior Mwanga,creative_fullback,Creative Fullback,key_passes_per90,0.25,0.364,9.2,119
2202,Hamari Traoré,creative_fullback,Creative Fullback,key_passes_per90,0.25,0.0,0.0,119
283668,Arnau Martínez,creative_fullback,Creative Fullback,key_passes_per90,0.25,0.0,0.0,119
1442,Sead Kolašinac,creative_fullback,Creative Fullback,key_passes_per90,0.25,0.0,0.0,119
272460,Q. Merlin,creative_fullback,Creative Fullback,key_passes_per90,0.25,1.169,79.8,119
20520,Iván Balliu,creative_fullback,Creative Fullback,key_passes_per90,0.25,0.0,0.0,119
366735,Joshua Kofi Acheampong,creative_fullback,Creative Fullback,key_passes_per90,0.25,0.0,0.0,119
181734,Pep Chavarría,creative_fullback,Creative Fullback,key_passes_per90,0.25,0.865,56.3,119
303679,Z. Van Den Bosch,creative_fullback,Creative Fullback,key_passes_per90,0.25,0.905,59.7,119
2286,Davide Zappacosta,creative_fullback,Creative Fullback,key_passes_per90,0.25,0.0,0.0,119
19495,Nathan Collins,creative_fullback,Creative Fullback,key_passes_per90,0.25,0.914,60.5,119
125171,J. Stanišić,creative_fullback,Creative Fullback,key_passes_per90,0.25,1.378,89.9,119
46815,Pau Torres,creative_fullback,Creative Fullback,key_passes_per90,0.25,0.0,0.0,119
396193,Lucas Høgsberg,creative_fullback,Creative Fullback,key_passes_per90,0.25,0.978,64.7,119
264857,Lorenzo Bernasconi,creative_fullback,Creative Fullback,key_passes_per90,0.25,0.984,65.5,119
576948,Dominik Drobnic ,creative_fullback,Creative Fullback,key_passes_per90,0.25,0.0,0.0,119
263482,Nuno Mendes,creative_fullback,Creative Fullback,key_passes_per90,0.25,4.0,100.0,119
270515,Théo Eyoum,creative_fullback,Creative Fullback,key_passes_per90,0.25,0.0,0.0,119
551206,Théo Eyoum,creative_fullback,Creative Fullback,key_passes_per90,0.25,0.0,0.0,119
23,Sergio Gómez,creative_fullback,Creative Fullback,assists_per90,0.2,0.0,10.5,119
6233,Nahuel Tenaglia,creative_fullback,Creative Fullback,assists_per90,0.2,0.0,10.5,119
161963,Germán Valera,creative_fullback,Creative Fullback,assists_per90,0.2,0.0,10.5,119
127025,Giacomo Quagliata,creative_fullback,Creative Fullback,assists_per90,0.2,0.0,10.5,119
421044,Iñigo Arguibide,creative_fullback,Creative Fullback,assists_per90,0.2,0.0,10.5,119
446067,Buba Sangaré,creative_fullback,Creative Fullback,assists_per90,0.2,0.0,10.5,119
450716,Roger Hinojo,creative_fullback,Creative Fullback,assists_per90,0.2,0.0,10.5,119
47360,Ximo Navarro,creative_fullback,Creative Fullback,assists_per90,0.2,0.0,10.5,119
1439,Héctor Bellerín,creative_fullback,Creative Fullback,assists_per90,0.2,0.0,10.5,119
181685,Alvaro Mantilla,creative_fullback,Creative Fullback,assists_per90,0.2,0.0,10.5,119
18740,Jonny Otto,creative_fullback,Creative Fullback,assists_per90,0.2,0.0,10.5,119
64268,Johan Mojica,creative_fullback,Creative Fullback,assists_per90,0.2,0.0,10.5,119
388013,Andrés García,creative_fullback,Creative Fullback,assists_per90,0.2,0.0,10.5,119
619,Eric García,creative_fullback,Creative Fullback,assists_per90,0.2,0.0,10.5,119
162188,Pierre Kalulu,creative_fullback,Creative Fullback,assists_per90,0.2,0.0,10.5,119
382448,Simone Cinquegrano,creative_fullback,Creative Fullback,assists_per90,0.2,0.0,10.5,119
84218,Adama Camara,creative_fullback,Creative Fullback,assists_per90,0.2,0.0,10.5,119
191189,C. Akpa,creative_fullback,Creative Fullback,assists_per90,0.2,0.0,10.5,119
17597,Dara O'Shea,creative_fullback,Creative Fullback,assists_per90,0.2,0.0,10.5,119
31042,Giovanni Di Lorenzo,creative_fullback,Creative Fullback,assists_per90,0.2,0.2,94.1,119
21381,J. Lefort,creative_fullback,Creative Fullback,assists_per90,0.2,0.0,10.5,119
20093,James Hill,creative_fullback,Creative Fullback,assists_per90,0.2,0.0,10.5,119
373825,Joel Schingtienne,creative_fullback,Creative Fullback,assists_per90,0.2,0.0,10.5,119
1119,K. Ajer,creative_fullback,Creative Fullback,assists_per90,0.2,0.0,10.5,119
19119,Leif Davis,creative_fullback,Creative Fullback,assists_per90,0.2,0.2,94.1,119
365742,M. Diaz,creative_fullback,Creative Fullback,assists_per90,0.2,0.0,10.5,119
257,Marquinhos,creative_fullback,Creative Fullback,assists_per90,0.2,0.0,10.5,119
889,Victor Lindelöf,creative_fullback,Creative Fullback,assists_per90,0.2,0.0,10.5,119
396380,Z. Athekame,creative_fullback,Creative Fullback,assists_per90,0.2,0.4,100.0,119
321744,Adam Obert,creative_fullback,Creative Fullback,assists_per90,0.2,0.0,10.5,119
18747,Ryan Giles,creative_fullback,Creative Fullback,assists_per90,0.2,0.202,94.1,119
472266,Christ Tapé,creative_fullback,Creative Fullback,assists_per90,0.2,0.0,10.5,119
2284,Emerson,creative_fullback,Creative Fullback,assists_per90,0.2,0.0,10.5,119
294722,Nazinho,creative_fullback,Creative Fullback,assists_per90,0.2,0.205,94.1,119
22160,O. Boscagli,creative_fullback,Creative Fullback,assists_per90,0.2,0.0,10.5,119
18869,Adam Smith,creative_fullback,Creative Fullback,assists_per90,0.2,0.0,10.5,119
22222,Zeki Çelik,creative_fullback,Creative Fullback,assists_per90,0.2,0.208,95.0,119
162952,Mario Gila,creative_fullback,Creative Fullback,assists_per90,0.2,0.0,10.5,119
47380,Marc Cucurella,creative_fullback,Creative Fullback,assists_per90,0.2,0.0,10.5,119
197448,Yan Couto,creative_fullback,Creative Fullback,assists_per90,0.2,0.214,95.0,119
157052,R. Calafiori,creative_fullback,Creative Fullback,assists_per90,0.2,0.431,100.0,119
135526,Josh Doig,creative_fullback,Creative Fullback,assists_per90,0.2,0.0,10.5,119
226,Denzel Dumfries,creative_fullback,Creative Fullback,assists_per90,0.2,0.0,10.5,119
2920,Timothy Castagne,creative_fullback,Creative Fullback,assists_per90,0.2,0.22,95.0,119
41964,Zé Pedro,creative_fullback,Creative Fullback,assists_per90,0.2,0.0,10.5,119
295793,Marc Pubill,creative_fullback,Creative Fullback,assists_per90,0.2,0.0,10.5,119
184420,Carlos Romero,creative_fullback,Creative Fullback,assists_per90,0.2,0.0,10.5,119
206254,Miloš Kerkez,creative_fullback,Creative Fullback,assists_per90,0.2,0.0,10.5,119
20656,Enzo Ebosse,creative_fullback,Creative Fullback,assists_per90,0.2,0.0,10.5,119
22247,K. Lala,creative_fullback,Creative Fullback,assists_per90,0.2,0.0,10.5,119
336657,W. Zaïre-Emery,creative_fullback,Creative Fullback,assists_per90,0.2,0.0,10.5,119
25158,D. Raum,creative_fullback,Creative Fullback,assists_per90,0.2,0.0,10.5,119
191160,J. Makengo,creative_fullback,Creative Fullback,assists_per90,0.2,0.5,100.0,119
362711,Jair,creative_fullback,Creative Fullback,assists_per90,0.2,0.0,10.5,119
37961,M. van Ewijk,creative_fullback,Creative Fullback,assists_per90,0.2,0.0,10.5,119
162032,Miguel Gutiérrez,creative_fullback,Creative Fullback,assists_per90,0.2,0.765,100.0,119
20073,Lewie Coyle,creative_fullback,Creative Fullback,assists_per90,0.2,0.0,10.5,119
182181,Jesús Areso,creative_fullback,Creative Fullback,assists_per90,0.2,0.0,10.5,119
336560,Álex Valle,creative_fullback,Creative Fullback,assists_per90,0.2,0.262,98.3,119
35544,Johan Vásquez,creative_fullback,Creative Fullback,assists_per90,0.2,0.0,10.5,119
1231,V. Coufal,creative_fullback,Creative Fullback,assists_per90,0.2,0.531,100.0,119
891,Luke Shaw,creative_fullback,Creative Fullback,assists_per90,0.2,0.268,98.3,119
20850,C. Arcus,creative_fullback,Creative Fullback,assists_per90,0.2,0.0,10.5,119
1361,F. Kadıoğlu,creative_fullback,Creative Fullback,assists_per90,0.2,0.0,10.5,119
7578,G. Mensah,creative_fullback,Creative Fullback,assists_per90,0.2,0.0,10.5,119
162079,L. Günther,creative_fullback,Creative Fullback,assists_per90,0.2,0.0,10.5,119
2803,Nico Elvedi,creative_fullback,Creative Fullback,assists_per90,0.2,0.0,10.5,119
31543,Antonino Gallo,creative_fullback,Creative Fullback,assists_per90,0.2,0.0,10.5,119
19959,B. White,creative_fullback,Creative Fullback,assists_per90,0.2,0.286,98.3,119
134,Juan Miranda,creative_fullback,Creative Fullback,assists_per90,0.2,0.286,98.3,119
8641,A. Castro-Montes,creative_fullback,Creative Fullback,assists_per90,0.2,0.0,10.5,119
862,Leonardo Spinazzola,creative_fullback,Creative Fullback,assists_per90,0.2,0.0,10.5,119
19298,Matty Cash,creative_fullback,Creative Fullback,assists_per90,0.2,0.0,10.5,119
504605,Nacho Pérez,creative_fullback,Creative Fullback,assists_per90,0.2,0.0,10.5,119
174927,Arouna Sangante,creative_fullback,Creative Fullback,assists_per90,0.2,0.0,10.5,119
9700,Abner,creative_fullback,Creative Fullback,assists_per90,0.2,0.0,10.5,119
158698,J. Quansah,creative_fullback,Creative Fullback,assists_per90,0.2,0.324,100.0,119
25287,Kevin Danso,creative_fullback,Creative Fullback,assists_per90,0.2,0.0,10.5,119
441264,Kyllian Antonio,creative_fullback,Creative Fullback,assists_per90,0.2,0.0,10.5,119
20869,S. Chergui,creative_fullback,Creative Fullback,assists_per90,0.2,0.0,10.5,119
315127,Roy Revivo,creative_fullback,Creative Fullback,assists_per90,0.2,0.677,100.0,119
1118,Jeremy Toljan,creative_fullback,Creative Fullback,assists_per90,0.2,0.341,100.0,119
31642,Luca Ranieri,creative_fullback,Creative Fullback,assists_per90,0.2,0.0,10.5,119
435552,Pau Navarro,creative_fullback,Creative Fullback,assists_per90,0.2,0.0,10.5,119
14330,J. Juranović,creative_fullback,Creative Fullback,assists_per90,0.2,0.709,100.0,119
441271,Jannik Schuster,creative_fullback,Creative Fullback,assists_per90,0.2,0.356,100.0,119
202854,Merlin Röhl,creative_fullback,Creative Fullback,assists_per90,0.2,0.0,10.5,119
282549,Junior Mwanga,creative_fullback,Creative Fullback,assists_per90,0.2,0.0,10.5,119
2202,Hamari Traoré,creative_fullback,Creative Fullback,assists_per90,0.2,0.0,10.5,119
283668,Arnau Martínez,creative_fullback,Creative Fullback,assists_per90,0.2,0.0,10.5,119
1442,Sead Kolašinac,creative_fullback,Creative Fullback,assists_per90,0.2,0.0,10.5,119
272460,Q. Merlin,creative_fullback,Creative Fullback,assists_per90,0.2,0.0,10.5,119
20520,Iván Balliu,creative_fullback,Creative Fullback,assists_per90,0.2,0.0,10.5,119
366735,Joshua Kofi Acheampong,creative_fullback,Creative Fullback,assists_per90,0.2,0.0,10.5,119
181734,Pep Chavarría,creative_fullback,Creative Fullback,assists_per90,0.2,0.0,10.5,119
303679,Z. Van Den Bosch,creative_fullback,Creative Fullback,assists_per90,0.2,0.0,10.5,119
2286,Davide Zappacosta,creative_fullback,Creative Fullback,assists_per90,0.2,0.0,10.5,119
19495,Nathan Collins,creative_fullback,Creative Fullback,assists_per90,0.2,0.0,10.5,119
125171,J. Stanišić,creative_fullback,Creative Fullback,assists_per90,0.2,0.0,10.5,119
46815,Pau Torres,creative_fullback,Creative Fullback,assists_per90,0.2,0.0,10.5,119
396193,Lucas Høgsberg,creative_fullback,Creative Fullback,assists_per90,0.2,0.0,10.5,119
264857,Lorenzo Bernasconi,creative_fullback,Creative Fullback,assists_per90,0.2,0.0,10.5,119
576948,Dominik Drobnic ,creative_fullback,Creative Fullback,assists_per90,0.2,0.0,10.5,119
263482,Nuno Mendes,creative_fullback,Creative Fullback,assists_per90,0.2,0.0,10.5,119
270515,Théo Eyoum,creative_fullback,Creative Fullback,assists_per90,0.2,0.0,10.5,119
551206,Théo Eyoum,creative_fullback,Creative Fullback,assists_per90,0.2,0.0,10.5,119
23,Sergio Gómez,creative_fullback,Creative Fullback,dribble_success_pct,0.15,85.714,99.2,119
6233,Nahuel Tenaglia,creative_fullback,Creative Fullback,dribble_success_pct,0.15,30.0,13.9,119
161963,Germán Valera,creative_fullback,Creative Fullback,dribble_success_pct,0.15,46.667,56.3,119
127025,Giacomo Quagliata,creative_fullback,Creative Fullback,dribble_success_pct,0.15,50.0,66.4,119
421044,Iñigo Arguibide,creative_fullback,Creative Fullback,dribble_success_pct,0.15,38.889,32.8,119
446067,Buba Sangaré,creative_fullback,Creative Fullback,dribble_success_pct,0.15,20.0,5.9,119
450716,Roger Hinojo,creative_fullback,Creative Fullback,dribble_success_pct,0.15,25.0,9.2,119
47360,Ximo Navarro,creative_fullback,Creative Fullback,dribble_success_pct,0.15,0.0,2.5,119
1439,Héctor Bellerín,creative_fullback,Creative Fullback,dribble_success_pct,0.15,33.333,24.4,119
181685,Alvaro Mantilla,creative_fullback,Creative Fullback,dribble_success_pct,0.15,25.0,9.2,119
18740,Jonny Otto,creative_fullback,Creative Fullback,dribble_success_pct,0.15,50.0,66.4,119
64268,Johan Mojica,creative_fullback,Creative Fullback,dribble_success_pct,0.15,23.077,7.6,119
388013,Andrés García,creative_fullback,Creative Fullback,dribble_success_pct,0.15,54.545,82.4,119
619,Eric García,creative_fullback,Creative Fullback,dribble_success_pct,0.15,33.333,24.4,119
162188,Pierre Kalulu,creative_fullback,Creative Fullback,dribble_success_pct,0.15,0.0,2.5,119
382448,Simone Cinquegrano,creative_fullback,Creative Fullback,dribble_success_pct,0.15,50.0,66.4,119
84218,Adama Camara,creative_fullback,Creative Fullback,dribble_success_pct,0.15,33.333,24.4,119
191189,C. Akpa,creative_fullback,Creative Fullback,dribble_success_pct,0.15,50.0,66.4,119
17597,Dara O'Shea,creative_fullback,Creative Fullback,dribble_success_pct,0.15,66.667,95.8,119
31042,Giovanni Di Lorenzo,creative_fullback,Creative Fullback,dribble_success_pct,0.15,0.0,2.5,119
21381,J. Lefort,creative_fullback,Creative Fullback,dribble_success_pct,0.15,0.0,2.5,119
20093,James Hill,creative_fullback,Creative Fullback,dribble_success_pct,0.15,0.0,2.5,119
373825,Joel Schingtienne,creative_fullback,Creative Fullback,dribble_success_pct,0.15,66.667,95.8,119
1119,K. Ajer,creative_fullback,Creative Fullback,dribble_success_pct,0.15,0.0,2.5,119
19119,Leif Davis,creative_fullback,Creative Fullback,dribble_success_pct,0.15,0.0,2.5,119
365742,M. Diaz,creative_fullback,Creative Fullback,dribble_success_pct,0.15,0.0,2.5,119
257,Marquinhos,creative_fullback,Creative Fullback,dribble_success_pct,0.15,,,119
889,Victor Lindelöf,creative_fullback,Creative Fullback,dribble_success_pct,0.15,,,119
396380,Z. Athekame,creative_fullback,Creative Fullback,dribble_success_pct,0.15,16.667,5.0,119
321744,Adam Obert,creative_fullback,Creative Fullback,dribble_success_pct,0.15,80.0,99.2,119
18747,Ryan Giles,creative_fullback,Creative Fullback,dribble_success_pct,0.15,50.0,66.4,119
472266,Christ Tapé,creative_fullback,Creative Fullback,dribble_success_pct,0.15,66.667,95.8,119
2284,Emerson,creative_fullback,Creative Fullback,dribble_success_pct,0.15,55.556,84.9,119
294722,Nazinho,creative_fullback,Creative Fullback,dribble_success_pct,0.15,25.0,9.2,119
22160,O. Boscagli,creative_fullback,Creative Fullback,dribble_success_pct,0.15,,,119
18869,Adam Smith,creative_fullback,Creative Fullback,dribble_success_pct,0.15,50.0,66.4,119
22222,Zeki Çelik,creative_fullback,Creative Fullback,dribble_success_pct,0.15,16.667,5.0,119
162952,Mario Gila,creative_fullback,Creative Fullback,dribble_success_pct,0.15,33.333,24.4,119
47380,Marc Cucurella,creative_fullback,Creative Fullback,dribble_success_pct,0.15,0.0,2.5,119
197448,Yan Couto,creative_fullback,Creative Fullback,dribble_success_pct,0.15,40.0,36.6,119
157052,R. Calafiori,creative_fullback,Creative Fullback,dribble_success_pct,0.15,0.0,2.5,119
135526,Josh Doig,creative_fullback,Creative Fullback,dribble_success_pct,0.15,0.0,2.5,119
226,Denzel Dumfries,creative_fullback,Creative Fullback,dribble_success_pct,0.15,,,119
2920,Timothy Castagne,creative_fullback,Creative Fullback,dribble_success_pct,0.15,33.333,24.4,119
41964,Zé Pedro,creative_fullback,Creative Fullback,dribble_success_pct,0.15,50.0,66.4,119
295793,Marc Pubill,creative_fullback,Creative Fullback,dribble_success_pct,0.15,0.0,2.5,119
184420,Carlos Romero,creative_fullback,Creative Fullback,dribble_success_pct,0.15,60.0,90.3,119
206254,Miloš Kerkez,creative_fullback,Creative Fullback,dribble_success_pct,0.15,20.0,5.9,119
20656,Enzo Ebosse,creative_fullback,Creative Fullback,dribble_success_pct,0.15,0.0,2.5,119
22247,K. Lala,creative_fullback,Creative Fullback,dribble_success_pct,0.15,33.333,24.4,119
336657,W. Zaïre-Emery,creative_fullback,Creative Fullback,dribble_success_pct,0.15,33.333,24.4,119
25158,D. Raum,creative_fullback,Creative Fullback,dribble_success_pct,0.15,0.0,2.5,119
191160,J. Makengo,creative_fullback,Creative Fullback,dribble_success_pct,0.15,50.0,66.4,119
362711,Jair,creative_fullback,Creative Fullback,dribble_success_pct,0.15,0.0,2.5,119
37961,M. van Ewijk,creative_fullback,Creative Fullback,dribble_success_pct,0.15,14.286,5.0,119
162032,Miguel Gutiérrez,creative_fullback,Creative Fullback,dribble_success_pct,0.15,33.333,24.4,119
20073,Lewie Coyle,creative_fullback,Creative Fullback,dribble_success_pct,0.15,,,119
182181,Jesús Areso,creative_fullback,Creative Fullback,dribble_success_pct,0.15,20.0,5.9,119
336560,Álex Valle,creative_fullback,Creative Fullback,dribble_success_pct,0.15,0.0,2.5,119
35544,Johan Vásquez,creative_fullback,Creative Fullback,dribble_success_pct,0.15,0.0,2.5,119
1231,V. Coufal,creative_fullback,Creative Fullback,dribble_success_pct,0.15,60.0,90.3,119
891,Luke Shaw,creative_fullback,Creative Fullback,dribble_success_pct,0.15,0.0,2.5,119
20850,C. Arcus,creative_fullback,Creative Fullback,dribble_success_pct,0.15,0.0,2.5,119
1361,F. Kadıoğlu,creative_fullback,Creative Fullback,dribble_success_pct,0.15,50.0,66.4,119
7578,G. Mensah,creative_fullback,Creative Fullback,dribble_success_pct,0.15,25.0,9.2,119
162079,L. Günther,creative_fullback,Creative Fullback,dribble_success_pct,0.15,37.5,30.7,119
2803,Nico Elvedi,creative_fullback,Creative Fullback,dribble_success_pct,0.15,0.0,2.5,119
31543,Antonino Gallo,creative_fullback,Creative Fullback,dribble_success_pct,0.15,0.0,2.5,119
19959,B. White,creative_fullback,Creative Fullback,dribble_success_pct,0.15,50.0,66.4,119
134,Juan Miranda,creative_fullback,Creative Fullback,dribble_success_pct,0.15,66.667,95.8,119
8641,A. Castro-Montes,creative_fullback,Creative Fullback,dribble_success_pct,0.15,60.0,90.3,119
862,Leonardo Spinazzola,creative_fullback,Creative Fullback,dribble_success_pct,0.15,20.0,5.9,119
19298,Matty Cash,creative_fullback,Creative Fullback,dribble_success_pct,0.15,,,119
504605,Nacho Pérez,creative_fullback,Creative Fullback,dribble_success_pct,0.15,0.0,2.5,119
174927,Arouna Sangante,creative_fullback,Creative Fullback,dribble_success_pct,0.15,0.0,2.5,119
9700,Abner,creative_fullback,Creative Fullback,dribble_success_pct,0.15,0.0,2.5,119
158698,J. Quansah,creative_fullback,Creative Fullback,dribble_success_pct,0.15,0.0,2.5,119
25287,Kevin Danso,creative_fullback,Creative Fullback,dribble_success_pct,0.15,,,119
441264,Kyllian Antonio,creative_fullback,Creative Fullback,dribble_success_pct,0.15,0.0,2.5,119
20869,S. Chergui,creative_fullback,Creative Fullback,dribble_success_pct,0.15,,,119
315127,Roy Revivo,creative_fullback,Creative Fullback,dribble_success_pct,0.15,50.0,66.4,119
1118,Jeremy Toljan,creative_fullback,Creative Fullback,dribble_success_pct,0.15,66.667,95.8,119
31642,Luca Ranieri,creative_fullback,Creative Fullback,dribble_success_pct,0.15,,,119
435552,Pau Navarro,creative_fullback,Creative Fullback,dribble_success_pct,0.15,50.0,66.4,119
14330,J. Juranović,creative_fullback,Creative Fullback,dribble_success_pct,0.15,,,119
441271,Jannik Schuster,creative_fullback,Creative Fullback,dribble_success_pct,0.15,,,119
202854,Merlin Röhl,creative_fullback,Creative Fullback,dribble_success_pct,0.15,0.0,2.5,119
282549,Junior Mwanga,creative_fullback,Creative Fullback,dribble_success_pct,0.15,,,119
2202,Hamari Traoré,creative_fullback,Creative Fullback,dribble_success_pct,0.15,33.333,24.4,119
283668,Arnau Martínez,creative_fullback,Creative Fullback,dribble_success_pct,0.15,0.0,2.5,119
1442,Sead Kolašinac,creative_fullback,Creative Fullback,dribble_success_pct,0.15,,,119
272460,Q. Merlin,creative_fullback,Creative Fullback,dribble_success_pct,0.15,50.0,66.4,119
20520,Iván Balliu,creative_fullback,Creative Fullback,dribble_success_pct,0.15,0.0,2.5,119
366735,Joshua Kofi Acheampong,creative_fullback,Creative Fullback,dribble_success_pct,0.15,0.0,2.5,119
181734,Pep Chavarría,creative_fullback,Creative Fullback,dribble_success_pct,0.15,,,119
303679,Z. Van Den Bosch,creative_fullback,Creative Fullback,dribble_success_pct,0.15,,,119
2286,Davide Zappacosta,creative_fullback,Creative Fullback,dribble_success_pct,0.15,0.0,2.5,119
19495,Nathan Collins,creative_fullback,Creative Fullback,dribble_success_pct,0.15,,,119
125171,J. Stanišić,creative_fullback,Creative Fullback,dribble_success_pct,0.15,50.0,66.4,119
46815,Pau Torres,creative_fullback,Creative Fullback,dribble_success_pct,0.15,,,119
396193,Lucas Høgsberg,creative_fullback,Creative Fullback,dribble_success_pct,0.15,0.0,2.5,119
264857,Lorenzo Bernasconi,creative_fullback,Creative Fullback,dribble_success_pct,0.15,0.0,2.5,119
576948,Dominik Drobnic ,creative_fullback,Creative Fullback,dribble_success_pct,0.15,,,119
263482,Nuno Mendes,creative_fullback,Creative Fullback,dribble_success_pct,0.15,66.667,95.8,119
270515,Théo Eyoum,creative_fullback,Creative Fullback,dribble_success_pct,0.15,,,119
551206,Théo Eyoum,creative_fullback,Creative Fullback,dribble_success_pct,0.15,,,119
23,Sergio Gómez,creative_fullback,Creative Fullback,pass_accuracy_pct,0.15,88.15,85.7,119
6233,Nahuel Tenaglia,creative_fullback,Creative Fullback,pass_accuracy_pct,0.15,81.773,38.7,119
161963,Germán Valera,creative_fullback,Creative Fullback,pass_accuracy_pct,0.15,86.458,73.1,119
127025,Giacomo Quagliata,creative_fullback,Creative Fullback,pass_accuracy_pct,0.15,75.243,2.5,119
421044,Iñigo Arguibide,creative_fullback,Creative Fullback,pass_accuracy_pct,0.15,80.292,31.9,119
446067,Buba Sangaré,creative_fullback,Creative Fullback,pass_accuracy_pct,0.15,83.237,47.1,119
450716,Roger Hinojo,creative_fullback,Creative Fullback,pass_accuracy_pct,0.15,82.463,44.5,119
47360,Ximo Navarro,creative_fullback,Creative Fullback,pass_accuracy_pct,0.15,86.364,72.3,119
1439,Héctor Bellerín,creative_fullback,Creative Fullback,pass_accuracy_pct,0.15,85.714,68.9,119
181685,Alvaro Mantilla,creative_fullback,Creative Fullback,pass_accuracy_pct,0.15,73.707,0.8,119
18740,Jonny Otto,creative_fullback,Creative Fullback,pass_accuracy_pct,0.15,85.366,63.9,119
64268,Johan Mojica,creative_fullback,Creative Fullback,pass_accuracy_pct,0.15,69.512,0.0,119
388013,Andrés García,creative_fullback,Creative Fullback,pass_accuracy_pct,0.15,85.714,68.9,119
619,Eric García,creative_fullback,Creative Fullback,pass_accuracy_pct,0.15,89.931,91.6,119
162188,Pierre Kalulu,creative_fullback,Creative Fullback,pass_accuracy_pct,0.15,86.475,73.1,119
382448,Simone Cinquegrano,creative_fullback,Creative Fullback,pass_accuracy_pct,0.15,85.276,63.0,119
84218,Adama Camara,creative_fullback,Creative Fullback,pass_accuracy_pct,0.15,84.722,58.0,119
191189,C. Akpa,creative_fullback,Creative Fullback,pass_accuracy_pct,0.15,76.818,6.7,119
17597,Dara O'Shea,creative_fullback,Creative Fullback,pass_accuracy_pct,0.15,73.762,0.8,119
31042,Giovanni Di Lorenzo,creative_fullback,Creative Fullback,pass_accuracy_pct,0.15,88.696,85.7,119
21381,J. Lefort,creative_fullback,Creative Fullback,pass_accuracy_pct,0.15,85.714,68.9,119
20093,James Hill,creative_fullback,Creative Fullback,pass_accuracy_pct,0.15,76.265,5.0,119
373825,Joel Schingtienne,creative_fullback,Creative Fullback,pass_accuracy_pct,0.15,87.912,83.2,119
1119,K. Ajer,creative_fullback,Creative Fullback,pass_accuracy_pct,0.15,81.553,38.7,119
19119,Leif Davis,creative_fullback,Creative Fullback,pass_accuracy_pct,0.15,75.362,2.5,119
365742,M. Diaz,creative_fullback,Creative Fullback,pass_accuracy_pct,0.15,89.785,91.6,119
257,Marquinhos,creative_fullback,Creative Fullback,pass_accuracy_pct,0.15,89.977,91.6,119
889,Victor Lindelöf,creative_fullback,Creative Fullback,pass_accuracy_pct,0.15,92.391,98.3,119
396380,Z. Athekame,creative_fullback,Creative Fullback,pass_accuracy_pct,0.15,82.407,44.5,119
321744,Adam Obert,creative_fullback,Creative Fullback,pass_accuracy_pct,0.15,85.955,70.6,119
18747,Ryan Giles,creative_fullback,Creative Fullback,pass_accuracy_pct,0.15,77.895,18.5,119
472266,Christ Tapé,creative_fullback,Creative Fullback,pass_accuracy_pct,0.15,86.73,74.8,119
2284,Emerson,creative_fullback,Creative Fullback,pass_accuracy_pct,0.15,88.014,84.0,119
294722,Nazinho,creative_fullback,Creative Fullback,pass_accuracy_pct,0.15,84.585,54.6,119
22160,O. Boscagli,creative_fullback,Creative Fullback,pass_accuracy_pct,0.15,84.828,60.5,119
18869,Adam Smith,creative_fullback,Creative Fullback,pass_accuracy_pct,0.15,76.8,6.7,119
22222,Zeki Çelik,creative_fullback,Creative Fullback,pass_accuracy_pct,0.15,87.151,79.0,119
162952,Mario Gila,creative_fullback,Creative Fullback,pass_accuracy_pct,0.15,90.964,94.1,119
47380,Marc Cucurella,creative_fullback,Creative Fullback,pass_accuracy_pct,0.15,88.976,88.2,119
197448,Yan Couto,creative_fullback,Creative Fullback,pass_accuracy_pct,0.15,89.531,90.8,119
157052,R. Calafiori,creative_fullback,Creative Fullback,pass_accuracy_pct,0.15,82.222,42.0,119
135526,Josh Doig,creative_fullback,Creative Fullback,pass_accuracy_pct,0.15,89.262,89.9,119
226,Denzel Dumfries,creative_fullback,Creative Fullback,pass_accuracy_pct,0.15,89.189,89.9,119
2920,Timothy Castagne,creative_fullback,Creative Fullback,pass_accuracy_pct,0.15,79.524,26.1,119
41964,Zé Pedro,creative_fullback,Creative Fullback,pass_accuracy_pct,0.15,80.132,31.9,119
295793,Marc Pubill,creative_fullback,Creative Fullback,pass_accuracy_pct,0.15,90.152,91.6,119
184420,Carlos Romero,creative_fullback,Creative Fullback,pass_accuracy_pct,0.15,88.655,85.7,119
206254,Miloš Kerkez,creative_fullback,Creative Fullback,pass_accuracy_pct,0.15,81.657,38.7,119
20656,Enzo Ebosse,creative_fullback,Creative Fullback,pass_accuracy_pct,0.15,87.179,79.0,119
22247,K. Lala,creative_fullback,Creative Fullback,pass_accuracy_pct,0.15,70.391,0.0,119
336657,W. Zaïre-Emery,creative_fullback,Creative Fullback,pass_accuracy_pct,0.15,93.485,99.2,119
25158,D. Raum,creative_fullback,Creative Fullback,pass_accuracy_pct,0.15,89.583,90.8,119
191160,J. Makengo,creative_fullback,Creative Fullback,pass_accuracy_pct,0.15,82.873,46.2,119
362711,Jair,creative_fullback,Creative Fullback,pass_accuracy_pct,0.15,82.069,42.0,119
37961,M. van Ewijk,creative_fullback,Creative Fullback,pass_accuracy_pct,0.15,86.087,71.4,119
162032,Miguel Gutiérrez,creative_fullback,Creative Fullback,pass_accuracy_pct,0.15,89.1,89.1,119
20073,Lewie Coyle,creative_fullback,Creative Fullback,pass_accuracy_pct,0.15,75.248,2.5,119
182181,Jesús Areso,creative_fullback,Creative Fullback,pass_accuracy_pct,0.15,80.769,32.8,119
336560,Álex Valle,creative_fullback,Creative Fullback,pass_accuracy_pct,0.15,87.64,80.7,119
35544,Johan Vásquez,creative_fullback,Creative Fullback,pass_accuracy_pct,0.15,82.819,46.2,119
1231,V. Coufal,creative_fullback,Creative Fullback,pass_accuracy_pct,0.15,78.846,23.5,119
891,Luke Shaw,creative_fullback,Creative Fullback,pass_accuracy_pct,0.15,86.802,76.5,119
20850,C. Arcus,creative_fullback,Creative Fullback,pass_accuracy_pct,0.15,88.321,85.7,119
1361,F. Kadıoğlu,creative_fullback,Creative Fullback,pass_accuracy_pct,0.15,87.919,83.2,119
7578,G. Mensah,creative_fullback,Creative Fullback,pass_accuracy_pct,0.15,89.189,89.9,119
162079,L. Günther,creative_fullback,Creative Fullback,pass_accuracy_pct,0.15,68.376,0.0,119
2803,Nico Elvedi,creative_fullback,Creative Fullback,pass_accuracy_pct,0.15,90.217,91.6,119
31543,Antonino Gallo,creative_fullback,Creative Fullback,pass_accuracy_pct,0.15,64.0,0.0,119
19959,B. White,creative_fullback,Creative Fullback,pass_accuracy_pct,0.15,82.716,45.4,119
134,Juan Miranda,creative_fullback,Creative Fullback,pass_accuracy_pct,0.15,82.443,44.5,119
8641,A. Castro-Montes,creative_fullback,Creative Fullback,pass_accuracy_pct,0.15,72.477,0.8,119
862,Leonardo Spinazzola,creative_fullback,Creative Fullback,pass_accuracy_pct,0.15,87.368,79.0,119
19298,Matty Cash,creative_fullback,Creative Fullback,pass_accuracy_pct,0.15,81.967,42.0,119
504605,Nacho Pérez,creative_fullback,Creative Fullback,pass_accuracy_pct,0.15,74.737,2.5,119
174927,Arouna Sangante,creative_fullback,Creative Fullback,pass_accuracy_pct,0.15,77.344,12.6,119
9700,Abner,creative_fullback,Creative Fullback,pass_accuracy_pct,0.15,83.969,51.3,119
158698,J. Quansah,creative_fullback,Creative Fullback,pass_accuracy_pct,0.15,89.726,90.8,119
25287,Kevin Danso,creative_fullback,Creative Fullback,pass_accuracy_pct,0.15,81.481,38.7,119
441264,Kyllian Antonio,creative_fullback,Creative Fullback,pass_accuracy_pct,0.15,89.888,91.6,119
20869,S. Chergui,creative_fullback,Creative Fullback,pass_accuracy_pct,0.15,90.066,91.6,119
315127,Roy Revivo,creative_fullback,Creative Fullback,pass_accuracy_pct,0.15,84.685,57.1,119
1118,Jeremy Toljan,creative_fullback,Creative Fullback,pass_accuracy_pct,0.15,77.027,10.1,119
31642,Luca Ranieri,creative_fullback,Creative Fullback,pass_accuracy_pct,0.15,84.27,51.3,119
435552,Pau Navarro,creative_fullback,Creative Fullback,pass_accuracy_pct,0.15,94.836,100.0,119
14330,J. Juranović,creative_fullback,Creative Fullback,pass_accuracy_pct,0.15,66.957,0.0,119
441271,Jannik Schuster,creative_fullback,Creative Fullback,pass_accuracy_pct,0.15,78.261,21.0,119
202854,Merlin Röhl,creative_fullback,Creative Fullback,pass_accuracy_pct,0.15,80.682,32.8,119
282549,Junior Mwanga,creative_fullback,Creative Fullback,pass_accuracy_pct,0.15,90.11,91.6,119
2202,Hamari Traoré,creative_fullback,Creative Fullback,pass_accuracy_pct,0.15,94.776,100.0,119
283668,Arnau Martínez,creative_fullback,Creative Fullback,pass_accuracy_pct,0.15,83.929,51.3,119
1442,Sead Kolašinac,creative_fullback,Creative Fullback,pass_accuracy_pct,0.15,85.849,69.7,119
272460,Q. Merlin,creative_fullback,Creative Fullback,pass_accuracy_pct,0.15,83.594,50.4,119
20520,Iván Balliu,creative_fullback,Creative Fullback,pass_accuracy_pct,0.15,75.0,2.5,119
366735,Joshua Kofi Acheampong,creative_fullback,Creative Fullback,pass_accuracy_pct,0.15,80.769,32.8,119
181734,Pep Chavarría,creative_fullback,Creative Fullback,pass_accuracy_pct,0.15,83.81,50.4,119
303679,Z. Van Den Bosch,creative_fullback,Creative Fullback,pass_accuracy_pct,0.15,85.87,69.7,119
2286,Davide Zappacosta,creative_fullback,Creative Fullback,pass_accuracy_pct,0.15,90.476,93.3,119
19495,Nathan Collins,creative_fullback,Creative Fullback,pass_accuracy_pct,0.15,82.353,44.5,119
125171,J. Stanišić,creative_fullback,Creative Fullback,pass_accuracy_pct,0.15,91.603,96.6,119
46815,Pau Torres,creative_fullback,Creative Fullback,pass_accuracy_pct,0.15,80.769,32.8,119
396193,Lucas Høgsberg,creative_fullback,Creative Fullback,pass_accuracy_pct,0.15,85.849,69.7,119
264857,Lorenzo Bernasconi,creative_fullback,Creative Fullback,pass_accuracy_pct,0.15,93.478,99.2,119
576948,Dominik Drobnic ,creative_fullback,Creative Fullback,pass_accuracy_pct,0.15,80.233,31.9,119
263482,Nuno Mendes,creative_fullback,Creative Fullback,pass_accuracy_pct,0.15,86.047,70.6,119
270515,Théo Eyoum,creative_fullback,Creative Fullback,pass_accuracy_pct,0.15,93.443,99.2,119
551206,Théo Eyoum,creative_fullback,Creative Fullback,pass_accuracy_pct,0.15,93.443,99.2,119
23,Sergio Gómez,creative_fullback,Creative Fullback,duel_win_pct,0.1,63.889,100.0,119
6233,Nahuel Tenaglia,creative_fullback,Creative Fullback,duel_win_pct,0.1,50.0,31.5,119
161963,Germán Valera,creative_fullback,Creative Fullback,duel_win_pct,0.1,54.717,71.4,119
127025,Giacomo Quagliata,creative_fullback,Creative Fullback,duel_win_pct,0.1,47.826,15.1,119
421044,Iñigo Arguibide,creative_fullback,Creative Fullback,duel_win_pct,0.1,40.741,0.8,119
446067,Buba Sangaré,creative_fullback,Creative Fullback,duel_win_pct,0.1,46.341,9.2,119
450716,Roger Hinojo,creative_fullback,Creative Fullback,duel_win_pct,0.1,54.348,70.6,119
47360,Ximo Navarro,creative_fullback,Creative Fullback,duel_win_pct,0.1,47.17,12.6,119
1439,Héctor Bellerín,creative_fullback,Creative Fullback,duel_win_pct,0.1,45.946,7.6,119
181685,Alvaro Mantilla,creative_fullback,Creative Fullback,duel_win_pct,0.1,58.974,89.9,119
18740,Jonny Otto,creative_fullback,Creative Fullback,duel_win_pct,0.1,61.538,99.2,119
64268,Johan Mojica,creative_fullback,Creative Fullback,duel_win_pct,0.1,56.0,78.2,119
388013,Andrés García,creative_fullback,Creative Fullback,duel_win_pct,0.1,47.368,13.4,119
619,Eric García,creative_fullback,Creative Fullback,duel_win_pct,0.1,56.757,83.2,119
162188,Pierre Kalulu,creative_fullback,Creative Fullback,duel_win_pct,0.1,57.143,84.0,119
382448,Simone Cinquegrano,creative_fullback,Creative Fullback,duel_win_pct,0.1,53.333,58.0,119
84218,Adama Camara,creative_fullback,Creative Fullback,duel_win_pct,0.1,55.263,75.6,119
191189,C. Akpa,creative_fullback,Creative Fullback,duel_win_pct,0.1,49.02,22.7,119
17597,Dara O'Shea,creative_fullback,Creative Fullback,duel_win_pct,0.1,62.791,99.2,119
31042,Giovanni Di Lorenzo,creative_fullback,Creative Fullback,duel_win_pct,0.1,61.538,99.2,119
21381,J. Lefort,creative_fullback,Creative Fullback,duel_win_pct,0.1,41.379,1.7,119
20093,James Hill,creative_fullback,Creative Fullback,duel_win_pct,0.1,63.636,100.0,119
373825,Joel Schingtienne,creative_fullback,Creative Fullback,duel_win_pct,0.1,54.545,70.6,119
1119,K. Ajer,creative_fullback,Creative Fullback,duel_win_pct,0.1,57.778,86.6,119
19119,Leif Davis,creative_fullback,Creative Fullback,duel_win_pct,0.1,44.444,6.7,119
365742,M. Diaz,creative_fullback,Creative Fullback,duel_win_pct,0.1,53.846,66.4,119
257,Marquinhos,creative_fullback,Creative Fullback,duel_win_pct,0.1,41.667,1.7,119
889,Victor Lindelöf,creative_fullback,Creative Fullback,duel_win_pct,0.1,23.077,0.0,119
396380,Z. Athekame,creative_fullback,Creative Fullback,duel_win_pct,0.1,52.5,48.7,119
321744,Adam Obert,creative_fullback,Creative Fullback,duel_win_pct,0.1,58.621,86.6,119
18747,Ryan Giles,creative_fullback,Creative Fullback,duel_win_pct,0.1,61.905,99.2,119
472266,Christ Tapé,creative_fullback,Creative Fullback,duel_win_pct,0.1,44.444,6.7,119
2284,Emerson,creative_fullback,Creative Fullback,duel_win_pct,0.1,62.162,99.2,119
294722,Nazinho,creative_fullback,Creative Fullback,duel_win_pct,0.1,53.125,58.0,119
22160,O. Boscagli,creative_fullback,Creative Fullback,duel_win_pct,0.1,43.182,5.0,119
18869,Adam Smith,creative_fullback,Creative Fullback,duel_win_pct,0.1,55.556,75.6,119
22222,Zeki Çelik,creative_fullback,Creative Fullback,duel_win_pct,0.1,50.0,31.5,119
162952,Mario Gila,creative_fullback,Creative Fullback,duel_win_pct,0.1,53.659,63.0,119
47380,Marc Cucurella,creative_fullback,Creative Fullback,duel_win_pct,0.1,65.517,100.0,119
197448,Yan Couto,creative_fullback,Creative Fullback,duel_win_pct,0.1,57.895,86.6,119
157052,R. Calafiori,creative_fullback,Creative Fullback,duel_win_pct,0.1,57.143,84.0,119
135526,Josh Doig,creative_fullback,Creative Fullback,duel_win_pct,0.1,46.429,9.2,119
226,Denzel Dumfries,creative_fullback,Creative Fullback,duel_win_pct,0.1,59.259,91.6,119
2920,Timothy Castagne,creative_fullback,Creative Fullback,duel_win_pct,0.1,40.0,0.8,119
41964,Zé Pedro,creative_fullback,Creative Fullback,duel_win_pct,0.1,42.857,5.0,119
295793,Marc Pubill,creative_fullback,Creative Fullback,duel_win_pct,0.1,55.882,78.2,119
184420,Carlos Romero,creative_fullback,Creative Fullback,duel_win_pct,0.1,63.889,100.0,119
206254,Miloš Kerkez,creative_fullback,Creative Fullback,duel_win_pct,0.1,45.238,6.7,119
20656,Enzo Ebosse,creative_fullback,Creative Fullback,duel_win_pct,0.1,45.161,6.7,119
22247,K. Lala,creative_fullback,Creative Fullback,duel_win_pct,0.1,55.556,75.6,119
336657,W. Zaïre-Emery,creative_fullback,Creative Fullback,duel_win_pct,0.1,45.714,7.6,119
25158,D. Raum,creative_fullback,Creative Fullback,duel_win_pct,0.1,22.222,0.0,119
191160,J. Makengo,creative_fullback,Creative Fullback,duel_win_pct,0.1,64.516,100.0,119
362711,Jair,creative_fullback,Creative Fullback,duel_win_pct,0.1,52.632,48.7,119
37961,M. van Ewijk,creative_fullback,Creative Fullback,duel_win_pct,0.1,41.935,1.7,119
162032,Miguel Gutiérrez,creative_fullback,Creative Fullback,duel_win_pct,0.1,57.143,84.0,119
20073,Lewie Coyle,creative_fullback,Creative Fullback,duel_win_pct,0.1,42.857,5.0,119
182181,Jesús Areso,creative_fullback,Creative Fullback,duel_win_pct,0.1,57.576,86.6,119
336560,Álex Valle,creative_fullback,Creative Fullback,duel_win_pct,0.1,45.455,6.7,119
35544,Johan Vásquez,creative_fullback,Creative Fullback,duel_win_pct,0.1,62.069,99.2,119
1231,V. Coufal,creative_fullback,Creative Fullback,duel_win_pct,0.1,66.667,100.0,119
891,Luke Shaw,creative_fullback,Creative Fullback,duel_win_pct,0.1,57.143,84.0,119
20850,C. Arcus,creative_fullback,Creative Fullback,duel_win_pct,0.1,52.941,55.5,119
1361,F. Kadıoğlu,creative_fullback,Creative Fullback,duel_win_pct,0.1,35.294,0.0,119
7578,G. Mensah,creative_fullback,Creative Fullback,duel_win_pct,0.1,37.037,0.0,119
162079,L. Günther,creative_fullback,Creative Fullback,duel_win_pct,0.1,41.379,1.7,119
2803,Nico Elvedi,creative_fullback,Creative Fullback,duel_win_pct,0.1,38.462,0.0,119
31543,Antonino Gallo,creative_fullback,Creative Fullback,duel_win_pct,0.1,57.895,86.6,119
19959,B. White,creative_fullback,Creative Fullback,duel_win_pct,0.1,68.0,100.0,119
134,Juan Miranda,creative_fullback,Creative Fullback,duel_win_pct,0.1,65.385,100.0,119
8641,A. Castro-Montes,creative_fullback,Creative Fullback,duel_win_pct,0.1,64.0,100.0,119
862,Leonardo Spinazzola,creative_fullback,Creative Fullback,duel_win_pct,0.1,27.778,0.0,119
19298,Matty Cash,creative_fullback,Creative Fullback,duel_win_pct,0.1,54.167,68.9,119
504605,Nacho Pérez,creative_fullback,Creative Fullback,duel_win_pct,0.1,61.905,99.2,119
174927,Arouna Sangante,creative_fullback,Creative Fullback,duel_win_pct,0.1,48.0,16.0,119
9700,Abner,creative_fullback,Creative Fullback,duel_win_pct,0.1,20.0,0.0,119
158698,J. Quansah,creative_fullback,Creative Fullback,duel_win_pct,0.1,20.0,0.0,119
25287,Kevin Danso,creative_fullback,Creative Fullback,duel_win_pct,0.1,44.444,6.7,119
441264,Kyllian Antonio,creative_fullback,Creative Fullback,duel_win_pct,0.1,62.963,100.0,119
20869,S. Chergui,creative_fullback,Creative Fullback,duel_win_pct,0.1,22.222,0.0,119
315127,Roy Revivo,creative_fullback,Creative Fullback,duel_win_pct,0.1,52.174,47.1,119
1118,Jeremy Toljan,creative_fullback,Creative Fullback,duel_win_pct,0.1,57.895,86.6,119
31642,Luca Ranieri,creative_fullback,Creative Fullback,duel_win_pct,0.1,61.538,99.2,119
435552,Pau Navarro,creative_fullback,Creative Fullback,duel_win_pct,0.1,44.0,5.0,119
14330,J. Juranović,creative_fullback,Creative Fullback,duel_win_pct,0.1,63.636,100.0,119
441271,Jannik Schuster,creative_fullback,Creative Fullback,duel_win_pct,0.1,50.0,31.5,119
202854,Merlin Röhl,creative_fullback,Creative Fullback,duel_win_pct,0.1,46.154,8.4,119
282549,Junior Mwanga,creative_fullback,Creative Fullback,duel_win_pct,0.1,36.842,0.0,119
2202,Hamari Traoré,creative_fullback,Creative Fullback,duel_win_pct,0.1,52.632,48.7,119
283668,Arnau Martínez,creative_fullback,Creative Fullback,duel_win_pct,0.1,43.75,5.0,119
1442,Sead Kolašinac,creative_fullback,Creative Fullback,duel_win_pct,0.1,41.667,1.7,119
272460,Q. Merlin,creative_fullback,Creative Fullback,duel_win_pct,0.1,29.412,0.0,119
20520,Iván Balliu,creative_fullback,Creative Fullback,duel_win_pct,0.1,40.0,0.8,119
366735,Joshua Kofi Acheampong,creative_fullback,Creative Fullback,duel_win_pct,0.1,45.0,6.7,119
181734,Pep Chavarría,creative_fullback,Creative Fullback,duel_win_pct,0.1,42.105,1.7,119
303679,Z. Van Den Bosch,creative_fullback,Creative Fullback,duel_win_pct,0.1,50.0,31.5,119
2286,Davide Zappacosta,creative_fullback,Creative Fullback,duel_win_pct,0.1,33.333,0.0,119
19495,Nathan Collins,creative_fullback,Creative Fullback,duel_win_pct,0.1,55.0,73.1,119
125171,J. Stanišić,creative_fullback,Creative Fullback,duel_win_pct,0.1,33.333,0.0,119
46815,Pau Torres,creative_fullback,Creative Fullback,duel_win_pct,0.1,40.0,0.8,119
396193,Lucas Høgsberg,creative_fullback,Creative Fullback,duel_win_pct,0.1,41.667,1.7,119
264857,Lorenzo Bernasconi,creative_fullback,Creative Fullback,duel_win_pct,0.1,33.333,0.0,119
576948,Dominik Drobnic ,creative_fullback,Creative Fullback,duel_win_pct,0.1,31.25,0.0,119
263482,Nuno Mendes,creative_fullback,Creative Fullback,duel_win_pct,0.1,57.143,84.0,119
270515,Théo Eyoum,creative_fullback,Creative Fullback,duel_win_pct,0.1,26.667,0.0,119
551206,Théo Eyoum,creative_fullback,Creative Fullback,duel_win_pct,0.1,26.667,0.0,119
23,Sergio Gómez,creative_fullback,Creative Fullback,interceptions_per90,0.15,0.761,42.0,119
6233,Nahuel Tenaglia,creative_fullback,Creative Fullback,interceptions_per90,0.15,1.538,96.6,119
161963,Germán Valera,creative_fullback,Creative Fullback,interceptions_per90,0.15,0.629,27.7,119
127025,Giacomo Quagliata,creative_fullback,Creative Fullback,interceptions_per90,0.15,2.056,100.0,119
421044,Iñigo Arguibide,creative_fullback,Creative Fullback,interceptions_per90,0.15,0.477,13.4,119
446067,Buba Sangaré,creative_fullback,Creative Fullback,interceptions_per90,0.15,0.5,14.3,119
450716,Roger Hinojo,creative_fullback,Creative Fullback,interceptions_per90,0.15,0.84,46.2,119
47360,Ximo Navarro,creative_fullback,Creative Fullback,interceptions_per90,0.15,1.52,95.8,119
1439,Héctor Bellerín,creative_fullback,Creative Fullback,interceptions_per90,0.15,0.875,50.4,119
181685,Alvaro Mantilla,creative_fullback,Creative Fullback,interceptions_per90,0.15,0.879,50.4,119
18740,Jonny Otto,creative_fullback,Creative Fullback,interceptions_per90,0.15,0.882,52.1,119
64268,Johan Mojica,creative_fullback,Creative Fullback,interceptions_per90,0.15,0.545,19.3,119
388013,Andrés García,creative_fullback,Creative Fullback,interceptions_per90,0.15,0.572,23.5,119
619,Eric García,creative_fullback,Creative Fullback,interceptions_per90,0.15,0.959,59.7,119
162188,Pierre Kalulu,creative_fullback,Creative Fullback,interceptions_per90,0.15,0.989,60.5,119
382448,Simone Cinquegrano,creative_fullback,Creative Fullback,interceptions_per90,0.15,0.791,44.5,119
84218,Adama Camara,creative_fullback,Creative Fullback,interceptions_per90,0.15,0.8,44.5,119
191189,C. Akpa,creative_fullback,Creative Fullback,interceptions_per90,0.15,1.0,62.2,119
17597,Dara O'Shea,creative_fullback,Creative Fullback,interceptions_per90,0.15,1.2,83.2,119
31042,Giovanni Di Lorenzo,creative_fullback,Creative Fullback,interceptions_per90,0.15,0.8,44.5,119
21381,J. Lefort,creative_fullback,Creative Fullback,interceptions_per90,0.15,1.4,90.8,119
20093,James Hill,creative_fullback,Creative Fullback,interceptions_per90,0.15,1.2,83.2,119
373825,Joel Schingtienne,creative_fullback,Creative Fullback,interceptions_per90,0.15,0.6,23.5,119
1119,K. Ajer,creative_fullback,Creative Fullback,interceptions_per90,0.15,1.4,90.8,119
19119,Leif Davis,creative_fullback,Creative Fullback,interceptions_per90,0.15,0.6,23.5,119
365742,M. Diaz,creative_fullback,Creative Fullback,interceptions_per90,0.15,1.2,83.2,119
257,Marquinhos,creative_fullback,Creative Fullback,interceptions_per90,0.15,0.2,0.8,119
889,Victor Lindelöf,creative_fullback,Creative Fullback,interceptions_per90,0.15,0.2,0.8,119
396380,Z. Athekame,creative_fullback,Creative Fullback,interceptions_per90,0.15,0.6,23.5,119
321744,Adam Obert,creative_fullback,Creative Fullback,interceptions_per90,0.15,1.007,63.9,119
18747,Ryan Giles,creative_fullback,Creative Fullback,interceptions_per90,0.15,0.809,44.5,119
472266,Christ Tapé,creative_fullback,Creative Fullback,interceptions_per90,0.15,0.811,44.5,119
2284,Emerson,creative_fullback,Creative Fullback,interceptions_per90,0.15,1.219,83.2,119
294722,Nazinho,creative_fullback,Creative Fullback,interceptions_per90,0.15,1.841,100.0,119
22160,O. Boscagli,creative_fullback,Creative Fullback,interceptions_per90,0.15,1.442,92.4,119
18869,Adam Smith,creative_fullback,Creative Fullback,interceptions_per90,0.15,0.828,45.4,119
22222,Zeki Çelik,creative_fullback,Creative Fullback,interceptions_per90,0.15,1.042,68.9,119
162952,Mario Gila,creative_fullback,Creative Fullback,interceptions_per90,0.15,0.626,26.1,119
47380,Marc Cucurella,creative_fullback,Creative Fullback,interceptions_per90,0.15,0.628,26.9,119
197448,Yan Couto,creative_fullback,Creative Fullback,interceptions_per90,0.15,0.855,47.9,119
157052,R. Calafiori,creative_fullback,Creative Fullback,interceptions_per90,0.15,0.215,0.8,119
135526,Josh Doig,creative_fullback,Creative Fullback,interceptions_per90,0.15,1.298,88.2,119
226,Denzel Dumfries,creative_fullback,Creative Fullback,interceptions_per90,0.15,0.651,29.4,119
2920,Timothy Castagne,creative_fullback,Creative Fullback,interceptions_per90,0.15,0.878,50.4,119
41964,Zé Pedro,creative_fullback,Creative Fullback,interceptions_per90,0.15,0.668,33.6,119
295793,Marc Pubill,creative_fullback,Creative Fullback,interceptions_per90,0.15,0.223,0.8,119
184420,Carlos Romero,creative_fullback,Creative Fullback,interceptions_per90,0.15,0.465,12.6,119
206254,Miloš Kerkez,creative_fullback,Creative Fullback,interceptions_per90,0.15,0.466,12.6,119
20656,Enzo Ebosse,creative_fullback,Creative Fullback,interceptions_per90,0.15,1.175,81.5,119
22247,K. Lala,creative_fullback,Creative Fullback,interceptions_per90,0.15,0.236,0.8,119
336657,W. Zaïre-Emery,creative_fullback,Creative Fullback,interceptions_per90,0.15,0.236,0.8,119
25158,D. Raum,creative_fullback,Creative Fullback,interceptions_per90,0.15,1.25,87.4,119
191160,J. Makengo,creative_fullback,Creative Fullback,interceptions_per90,0.15,1.25,87.4,119
362711,Jair,creative_fullback,Creative Fullback,interceptions_per90,0.15,0.75,41.2,119
37961,M. van Ewijk,creative_fullback,Creative Fullback,interceptions_per90,0.15,1.25,87.4,119
162032,Miguel Gutiérrez,creative_fullback,Creative Fullback,interceptions_per90,0.15,0.51,16.8,119
20073,Lewie Coyle,creative_fullback,Creative Fullback,interceptions_per90,0.15,0.513,16.8,119
182181,Jesús Areso,creative_fullback,Creative Fullback,interceptions_per90,0.15,1.831,100.0,119
336560,Álex Valle,creative_fullback,Creative Fullback,interceptions_per90,0.15,1.312,89.1,119
35544,Johan Vásquez,creative_fullback,Creative Fullback,interceptions_per90,0.15,0.264,1.7,119
1231,V. Coufal,creative_fullback,Creative Fullback,interceptions_per90,0.15,1.593,98.3,119
891,Luke Shaw,creative_fullback,Creative Fullback,interceptions_per90,0.15,1.607,98.3,119
20850,C. Arcus,creative_fullback,Creative Fullback,interceptions_per90,0.15,1.343,89.9,119
1361,F. Kadıoğlu,creative_fullback,Creative Fullback,interceptions_per90,0.15,0.269,1.7,119
7578,G. Mensah,creative_fullback,Creative Fullback,interceptions_per90,0.15,1.617,98.3,119
162079,L. Günther,creative_fullback,Creative Fullback,interceptions_per90,0.15,0.544,19.3,119
2803,Nico Elvedi,creative_fullback,Creative Fullback,interceptions_per90,0.15,1.104,77.3,119
31543,Antonino Gallo,creative_fullback,Creative Fullback,interceptions_per90,0.15,0.286,1.7,119
19959,B. White,creative_fullback,Creative Fullback,interceptions_per90,0.15,0.857,47.9,119
134,Juan Miranda,creative_fullback,Creative Fullback,interceptions_per90,0.15,0.857,47.9,119
8641,A. Castro-Montes,creative_fullback,Creative Fullback,interceptions_per90,0.15,1.158,79.0,119
862,Leonardo Spinazzola,creative_fullback,Creative Fullback,interceptions_per90,0.15,0.296,2.5,119
19298,Matty Cash,creative_fullback,Creative Fullback,interceptions_per90,0.15,0.302,2.5,119
504605,Nacho Pérez,creative_fullback,Creative Fullback,interceptions_per90,0.15,1.525,96.6,119
174927,Arouna Sangante,creative_fullback,Creative Fullback,interceptions_per90,0.15,1.277,88.2,119
9700,Abner,creative_fullback,Creative Fullback,interceptions_per90,0.15,0.321,3.4,119
158698,J. Quansah,creative_fullback,Creative Fullback,interceptions_per90,0.15,0.324,3.4,119
25287,Kevin Danso,creative_fullback,Creative Fullback,interceptions_per90,0.15,0.333,3.4,119
441264,Kyllian Antonio,creative_fullback,Creative Fullback,interceptions_per90,0.15,1.0,62.2,119
20869,S. Chergui,creative_fullback,Creative Fullback,interceptions_per90,0.15,2.333,100.0,119
315127,Roy Revivo,creative_fullback,Creative Fullback,interceptions_per90,0.15,1.692,100.0,119
1118,Jeremy Toljan,creative_fullback,Creative Fullback,interceptions_per90,0.15,1.023,66.4,119
31642,Luca Ranieri,creative_fullback,Creative Fullback,interceptions_per90,0.15,1.023,66.4,119
435552,Pau Navarro,creative_fullback,Creative Fullback,interceptions_per90,0.15,0.347,3.4,119
14330,J. Juranović,creative_fullback,Creative Fullback,interceptions_per90,0.15,1.417,91.6,119
441271,Jannik Schuster,creative_fullback,Creative Fullback,interceptions_per90,0.15,0.0,0.0,119
202854,Merlin Röhl,creative_fullback,Creative Fullback,interceptions_per90,0.15,0.0,0.0,119
282549,Junior Mwanga,creative_fullback,Creative Fullback,interceptions_per90,0.15,1.457,92.4,119
2202,Hamari Traoré,creative_fullback,Creative Fullback,interceptions_per90,0.15,0.366,5.0,119
283668,Arnau Martínez,creative_fullback,Creative Fullback,interceptions_per90,0.15,0.372,5.9,119
1442,Sead Kolašinac,creative_fullback,Creative Fullback,interceptions_per90,0.15,0.378,5.9,119
272460,Q. Merlin,creative_fullback,Creative Fullback,interceptions_per90,0.15,1.558,97.5,119
20520,Iván Balliu,creative_fullback,Creative Fullback,interceptions_per90,0.15,0.8,44.5,119
366735,Joshua Kofi Acheampong,creative_fullback,Creative Fullback,interceptions_per90,0.15,0.407,6.7,119
181734,Pep Chavarría,creative_fullback,Creative Fullback,interceptions_per90,0.15,1.731,100.0,119
303679,Z. Van Den Bosch,creative_fullback,Creative Fullback,interceptions_per90,0.15,1.357,89.9,119
2286,Davide Zappacosta,creative_fullback,Creative Fullback,interceptions_per90,0.15,0.0,0.0,119
19495,Nathan Collins,creative_fullback,Creative Fullback,interceptions_per90,0.15,0.914,53.8,119
125171,J. Stanišić,creative_fullback,Creative Fullback,interceptions_per90,0.15,0.0,0.0,119
46815,Pau Torres,creative_fullback,Creative Fullback,interceptions_per90,0.15,0.476,13.4,119
396193,Lucas Høgsberg,creative_fullback,Creative Fullback,interceptions_per90,0.15,0.489,13.4,119
264857,Lorenzo Bernasconi,creative_fullback,Creative Fullback,interceptions_per90,0.15,1.475,92.4,119
576948,Dominik Drobnic ,creative_fullback,Creative Fullback,interceptions_per90,0.15,1.0,62.2,119
263482,Nuno Mendes,creative_fullback,Creative Fullback,interceptions_per90,0.15,0.5,14.3,119
270515,Théo Eyoum,creative_fullback,Creative Fullback,interceptions_per90,0.15,1.0,62.2,119
551206,Théo Eyoum,creative_fullback,Creative Fullback,interceptions_per90,0.15,1.0,62.2,119
21004,Lucien Agoumé,defensive_midfielder,Defensive Midfielder (DM / 6),duel_win_pct,0.25,50.746,26.5,196
183751,Abderrahman Rebbach,defensive_midfielder,Defensive Midfielder (DM / 6),duel_win_pct,0.25,55.882,69.4,196
24882,Orel Mangala,defensive_midfielder,Defensive Midfielder (DM / 6),duel_win_pct,0.25,39.535,0.0,196
346865,Lorenzo Amatucci,defensive_midfielder,Defensive Midfielder (DM / 6),duel_win_pct,0.25,50.725,26.0,196
162686,Antonio Blanco,defensive_midfielder,Defensive Midfielder (DM / 6),duel_win_pct,0.25,43.636,1.0,196
48465,Filip Ugrinić,defensive_midfielder,Defensive Midfielder (DM / 6),duel_win_pct,0.25,46.154,4.6,196
46662,Jon Moncayola,defensive_midfielder,Defensive Midfielder (DM / 6),duel_win_pct,0.25,46.341,5.1,196
162123,Ilaix Moriba,defensive_midfielder,Defensive Midfielder (DM / 6),duel_win_pct,0.25,45.238,2.0,196
182621,Iker Muñoz,defensive_midfielder,Defensive Midfielder (DM / 6),duel_win_pct,0.25,43.396,1.0,196
162034,Carlos Dotor,defensive_midfielder,Defensive Midfielder (DM / 6),duel_win_pct,0.25,50.0,20.9,196
2279,Ethan Ampadu,defensive_midfielder,Defensive Midfielder (DM / 6),duel_win_pct,0.25,52.5,39.3,196
1464,Granit Xhaka,defensive_midfielder,Defensive Midfielder (DM / 6),duel_win_pct,0.25,59.574,82.7,196
323625,K. Danois,defensive_midfielder,Defensive Midfielder (DM / 6),duel_win_pct,0.25,57.812,80.1,196
374058,Lamine Camara,defensive_midfielder,Defensive Midfielder (DM / 6),duel_win_pct,0.25,64.789,96.4,196
44814,Lewis Ferguson,defensive_midfielder,Defensive Midfielder (DM / 6),duel_win_pct,0.25,53.191,43.9,196
15881,Morten Frendrup,defensive_midfielder,Defensive Midfielder (DM / 6),duel_win_pct,0.25,59.459,82.7,196
22170,Pierre Lees Melou,defensive_midfielder,Defensive Midfielder (DM / 6),duel_win_pct,0.25,66.667,98.5,196
25073,V. Janelt,defensive_midfielder,Defensive Midfielder (DM / 6),duel_win_pct,0.25,53.333,45.4,196
177665,Anton Stach,defensive_midfielder,Defensive Midfielder (DM / 6),duel_win_pct,0.25,56.25,71.7,196
1904,Boubacar Kamara,defensive_midfielder,Defensive Midfielder (DM / 6),duel_win_pct,0.25,50.0,20.9,196
23363,Noah Cadiou,defensive_midfielder,Defensive Midfielder (DM / 6),duel_win_pct,0.25,52.381,38.3,196
308836,Mandela Keita,defensive_midfielder,Defensive Midfielder (DM / 6),duel_win_pct,0.25,60.0,84.2,196
17670,Regan Slater,defensive_midfielder,Defensive Midfielder (DM / 6),duel_win_pct,0.25,63.636,95.4,196
47439,Stanislav Lobotka,defensive_midfielder,Defensive Midfielder (DM / 6),duel_win_pct,0.25,64.706,96.4,196
288102,Adam Wharton,defensive_midfielder,Defensive Midfielder (DM / 6),duel_win_pct,0.25,62.857,94.4,196
2810,Denis Zakaria,defensive_midfielder,Defensive Midfielder (DM / 6),duel_win_pct,0.25,56.667,75.0,196
364093,Simon Ebonog,defensive_midfielder,Defensive Midfielder (DM / 6),duel_win_pct,0.25,47.761,8.7,196
21102,V. Rongier,defensive_midfielder,Defensive Midfielder (DM / 6),duel_win_pct,0.25,56.522,73.0,196
8586,Mërgim Vojvoda,defensive_midfielder,Defensive Midfielder (DM / 6),duel_win_pct,0.25,69.231,100.0,196
31146,Sandro Tonali,defensive_midfielder,Defensive Midfielder (DM / 6),duel_win_pct,0.25,64.516,95.9,196
778,Bryan Cristante,defensive_midfielder,Defensive Midfielder (DM / 6),duel_win_pct,0.25,54.545,56.6,196
107153,Kike Pérez,defensive_midfielder,Defensive Midfielder (DM / 6),duel_win_pct,0.25,44.231,1.0,196
316519,Facundo Bernal,defensive_midfielder,Defensive Midfielder (DM / 6),duel_win_pct,0.25,72.727,100.0,196
182,Harry Winks,defensive_midfielder,Defensive Midfielder (DM / 6),duel_win_pct,0.25,45.455,2.6,196
47341,Marc Roca,defensive_midfielder,Defensive Midfielder (DM / 6),duel_win_pct,0.25,64.103,95.9,196
138908,Elliot Anderson,defensive_midfielder,Defensive Midfielder (DM / 6),duel_win_pct,0.25,60.714,88.3,196
365331,Noah Sadiki,defensive_midfielder,Defensive Midfielder (DM / 6),duel_win_pct,0.25,62.5,93.4,196
337523,Dani Lorenzo,defensive_midfielder,Defensive Midfielder (DM / 6),duel_win_pct,0.25,53.191,43.9,196
2926,Youri Tielemans,defensive_midfielder,Defensive Midfielder (DM / 6),duel_win_pct,0.25,55.556,65.3,196
2449,Yangel Herrera,defensive_midfielder,Defensive Midfielder (DM / 6),duel_win_pct,0.25,49.091,14.3,196
1700,Iván Martín,defensive_midfielder,Defensive Midfielder (DM / 6),duel_win_pct,0.25,65.217,96.4,196
328105,Lewis Miley,defensive_midfielder,Defensive Midfielder (DM / 6),duel_win_pct,0.25,53.333,45.4,196
281096,Patrizio Masini,defensive_midfielder,Defensive Midfielder (DM / 6),duel_win_pct,0.25,47.059,7.1,196
371950,A. Piedfort,defensive_midfielder,Defensive Midfielder (DM / 6),duel_win_pct,0.25,46.667,5.1,196
162189,M. Bidstrup,defensive_midfielder,Defensive Midfielder (DM / 6),duel_win_pct,0.25,57.5,79.6,196
338735,Anan Khalaili,defensive_midfielder,Defensive Midfielder (DM / 6),duel_win_pct,0.25,58.929,82.1,196
1095,Xaver Schlager,defensive_midfielder,Defensive Midfielder (DM / 6),duel_win_pct,0.25,61.364,90.3,196
179955,Javier Rueda,defensive_midfielder,Defensive Midfielder (DM / 6),duel_win_pct,0.25,46.341,5.1,196
332307,Beñat Gerenabarrena,defensive_midfielder,Defensive Midfielder (DM / 6),duel_win_pct,0.25,52.778,40.3,196
863,Rodrigo Bentancur,defensive_midfielder,Defensive Midfielder (DM / 6),duel_win_pct,0.25,43.333,1.0,196
47109,Óscar Valentín,defensive_midfielder,Defensive Midfielder (DM / 6),duel_win_pct,0.25,54.545,56.6,196
198654,D. Svensson,defensive_midfielder,Defensive Midfielder (DM / 6),duel_win_pct,0.25,60.465,86.7,196
353143,Hennes Behrens,defensive_midfielder,Defensive Midfielder (DM / 6),duel_win_pct,0.25,66.667,98.5,196
876,Nicolò Fagioli,defensive_midfielder,Defensive Midfielder (DM / 6),duel_win_pct,0.25,51.429,30.1,196
24969,Philipp Sander,defensive_midfielder,Defensive Midfielder (DM / 6),duel_win_pct,0.25,40.816,0.0,196
363156,S. Castañeda,defensive_midfielder,Defensive Midfielder (DM / 6),duel_win_pct,0.25,56.757,75.0,196
284322,Kobbie Mainoo,defensive_midfielder,Defensive Midfielder (DM / 6),duel_win_pct,0.25,60.526,87.2,196
47541,Santi Comesaña,defensive_midfielder,Defensive Midfielder (DM / 6),duel_win_pct,0.25,37.5,0.0,196
44,Rodri,defensive_midfielder,Defensive Midfielder (DM / 6),duel_win_pct,0.25,66.667,98.5,196
7712,Morten Hjulmand,defensive_midfielder,Defensive Midfielder (DM / 6),duel_win_pct,0.25,70.588,100.0,196
162249,Francho Serrano,defensive_midfielder,Defensive Midfielder (DM / 6),duel_win_pct,0.25,45.833,4.1,196
390586,L. Avdullahu,defensive_midfielder,Defensive Midfielder (DM / 6),duel_win_pct,0.25,52.381,38.3,196
37153,W. Burger,defensive_midfielder,Defensive Midfielder (DM / 6),duel_win_pct,0.25,57.5,79.6,196
25915,Phillipp Mwene,defensive_midfielder,Defensive Midfielder (DM / 6),duel_win_pct,0.25,61.29,90.3,196
895,James Garner,defensive_midfielder,Defensive Midfielder (DM / 6),duel_win_pct,0.25,57.143,77.6,196
335051,João Neves,defensive_midfielder,Defensive Midfielder (DM / 6),duel_win_pct,0.25,58.537,80.6,196
162106,Yunus Musah,defensive_midfielder,Defensive Midfielder (DM / 6),duel_win_pct,0.25,68.182,99.5,196
38124,L. Reis,defensive_midfielder,Defensive Midfielder (DM / 6),duel_win_pct,0.25,60.606,87.8,196
333116,Reda Belahyane,defensive_midfielder,Defensive Midfielder (DM / 6),duel_win_pct,0.25,58.333,80.6,196
598615,Emanuele Lulli,defensive_midfielder,Defensive Midfielder (DM / 6),duel_win_pct,0.25,62.963,94.9,196
277306,M. Sangaré,defensive_midfielder,Defensive Midfielder (DM / 6),duel_win_pct,0.25,56.863,75.0,196
2476,Guido Rodríguez,defensive_midfielder,Defensive Midfielder (DM / 6),duel_win_pct,0.25,54.167,53.1,196
342268,L. Ulrich,defensive_midfielder,Defensive Midfielder (DM / 6),duel_win_pct,0.25,48.649,13.3,196
402265,Arthur Avom Ebong,defensive_midfielder,Defensive Midfielder (DM / 6),duel_win_pct,0.25,61.538,90.8,196
339417,Pape Diop,defensive_midfielder,Defensive Midfielder (DM / 6),duel_win_pct,0.25,66.667,98.5,196
754,Luka Modrić,defensive_midfielder,Defensive Midfielder (DM / 6),duel_win_pct,0.25,50.0,20.9,196
6716,Alexis Mac Allister,defensive_midfielder,Defensive Midfielder (DM / 6),duel_win_pct,0.25,50.0,20.9,196
548704,Javi Morcillo,defensive_midfielder,Defensive Midfielder (DM / 6),duel_win_pct,0.25,50.0,20.9,196
56851,Michael Folorunsho,defensive_midfielder,Defensive Midfielder (DM / 6),duel_win_pct,0.25,50.0,20.9,196
284356,Shea Charles,defensive_midfielder,Defensive Midfielder (DM / 6),duel_win_pct,0.25,54.167,53.1,196
455245,Darryl Bakola,defensive_midfielder,Defensive Midfielder (DM / 6),duel_win_pct,0.25,60.976,89.8,196
326757,J. Bellingham,defensive_midfielder,Defensive Midfielder (DM / 6),duel_win_pct,0.25,70.37,100.0,196
294824,Nathan-Dylan Saliba,defensive_midfielder,Defensive Midfielder (DM / 6),duel_win_pct,0.25,59.459,82.7,196
325,Gianluca Gaetano,defensive_midfielder,Defensive Midfielder (DM / 6),duel_win_pct,0.25,46.429,5.1,196
1258,Alexandre Lauray,defensive_midfielder,Defensive Midfielder (DM / 6),duel_win_pct,0.25,50.0,20.9,196
1150,Tyler Adams,defensive_midfielder,Defensive Midfielder (DM / 6),duel_win_pct,0.25,48.0,9.7,196
46731,Pervis Estupiñán,defensive_midfielder,Defensive Midfielder (DM / 6),duel_win_pct,0.25,50.0,20.9,196
21568,Ruben Aguilar,defensive_midfielder,Defensive Midfielder (DM / 6),duel_win_pct,0.25,46.429,5.1,196
6002,Exequiel Palacios,defensive_midfielder,Defensive Midfielder (DM / 6),duel_win_pct,0.25,61.538,90.8,196
47085,Luis Milla,defensive_midfielder,Defensive Midfielder (DM / 6),duel_win_pct,0.25,52.381,38.3,196
237087,E. Fernández,defensive_midfielder,Defensive Midfielder (DM / 6),duel_win_pct,0.25,58.824,82.1,196
161907,M. Gusto,defensive_midfielder,Defensive Midfielder (DM / 6),duel_win_pct,0.25,52.941,42.9,196
40809,Michal Skoras,defensive_midfielder,Defensive Midfielder (DM / 6),duel_win_pct,0.25,53.846,51.0,196
174703,Théo Le Bris,defensive_midfielder,Defensive Midfielder (DM / 6),duel_win_pct,0.25,57.143,77.6,196
20558,H. Magnetti,defensive_midfielder,Defensive Midfielder (DM / 6),duel_win_pct,0.25,66.667,98.5,196
30533,Manuel Locatelli,defensive_midfielder,Defensive Midfielder (DM / 6),duel_win_pct,0.25,52.941,42.9,196
277003,N. El Aynaoui,defensive_midfielder,Defensive Midfielder (DM / 6),duel_win_pct,0.25,52.381,38.3,196
282125,R. Lavia,defensive_midfielder,Defensive Midfielder (DM / 6),duel_win_pct,0.25,65.0,96.4,196
32966,Ao Tanaka,defensive_midfielder,Defensive Midfielder (DM / 6),duel_win_pct,0.25,68.182,99.5,196
33142,S. Tanaka,defensive_midfielder,Defensive Midfielder (DM / 6),duel_win_pct,0.25,53.571,50.0,196
1427,A. Sambi Lokonga,defensive_midfielder,Defensive Midfielder (DM / 6),duel_win_pct,0.25,54.545,56.6,196
37144,Ridgeciano Haps,defensive_midfielder,Defensive Midfielder (DM / 6),duel_win_pct,0.25,60.0,84.2,196
161883,Y. Regeer,defensive_midfielder,Defensive Midfielder (DM / 6),duel_win_pct,0.25,71.429,100.0,196
283252,Z. El Ouahdi,defensive_midfielder,Defensive Midfielder (DM / 6),duel_win_pct,0.25,55.556,65.3,196
343558,Lennon Miller,defensive_midfielder,Defensive Midfielder (DM / 6),duel_win_pct,0.25,42.857,0.5,196
47969,Gabriel Gudmundsson,defensive_midfielder,Defensive Midfielder (DM / 6),duel_win_pct,0.25,63.333,95.4,196
334925,Oumar Ngom,defensive_midfielder,Defensive Midfielder (DM / 6),duel_win_pct,0.25,54.167,53.1,196
375598,Ngal'ayel Mukau,defensive_midfielder,Defensive Midfielder (DM / 6),duel_win_pct,0.25,44.444,1.5,196
162122,Adrià Altimira,defensive_midfielder,Defensive Midfielder (DM / 6),duel_win_pct,0.25,50.0,20.9,196
2207,Eduardo Camavinga,defensive_midfielder,Defensive Midfielder (DM / 6),duel_win_pct,0.25,59.259,82.1,196
327599,Yassine Titraoui,defensive_midfielder,Defensive Midfielder (DM / 6),duel_win_pct,0.25,59.259,82.1,196
4458,Aliou Dieng,defensive_midfielder,Defensive Midfielder (DM / 6),duel_win_pct,0.25,57.576,79.6,196
47566,Javi Galán,defensive_midfielder,Defensive Midfielder (DM / 6),duel_win_pct,0.25,60.0,84.2,196
1825,Lucas Torró,defensive_midfielder,Defensive Midfielder (DM / 6),duel_win_pct,0.25,51.852,33.7,196
274300,M. Akliouche,defensive_midfielder,Defensive Midfielder (DM / 6),duel_win_pct,0.25,44.444,1.5,196
274254,Lucas Bretelle,defensive_midfielder,Defensive Midfielder (DM / 6),duel_win_pct,0.25,41.667,0.0,196
156490,Niels Nkounkou,defensive_midfielder,Defensive Midfielder (DM / 6),duel_win_pct,0.25,48.276,10.7,196
2204,Benjamin André,defensive_midfielder,Defensive Midfielder (DM / 6),duel_win_pct,0.25,60.0,84.2,196
383780,Mikel Jauregizar,defensive_midfielder,Defensive Midfielder (DM / 6),duel_win_pct,0.25,55.172,62.2,196
162067,Timothee Pembele,defensive_midfielder,Defensive Midfielder (DM / 6),duel_win_pct,0.25,54.545,56.6,196
7328,N. Seiwald,defensive_midfielder,Defensive Midfielder (DM / 6),duel_win_pct,0.25,54.545,56.6,196
30785,A. Schäfer,defensive_midfielder,Defensive Midfielder (DM / 6),duel_win_pct,0.25,40.0,0.0,196
1153,Amadou Haidara,defensive_midfielder,Defensive Midfielder (DM / 6),duel_win_pct,0.25,53.846,51.0,196
548809,Gnangoro Bouaré,defensive_midfielder,Defensive Midfielder (DM / 6),duel_win_pct,0.25,60.0,84.2,196
542,Ryan Gravenberch,defensive_midfielder,Defensive Midfielder (DM / 6),duel_win_pct,0.25,50.0,20.9,196
162465,Melvin Bard,defensive_midfielder,Defensive Midfielder (DM / 6),duel_win_pct,0.25,70.588,100.0,196
37749,J. Veerman,defensive_midfielder,Defensive Midfielder (DM / 6),duel_win_pct,0.25,60.0,84.2,196
348205,Petar Sučić,defensive_midfielder,Defensive Midfielder (DM / 6),duel_win_pct,0.25,68.75,100.0,196
21004,Lucien Agoumé,defensive_midfielder,Defensive Midfielder (DM / 6),tackles_per90,0.25,3.0,88.3,196
183751,Abderrahman Rebbach,defensive_midfielder,Defensive Midfielder (DM / 6),tackles_per90,0.25,2.567,75.5,196
24882,Orel Mangala,defensive_midfielder,Defensive Midfielder (DM / 6),tackles_per90,0.25,0.812,0.0,196
346865,Lorenzo Amatucci,defensive_midfielder,Defensive Midfielder (DM / 6),tackles_per90,0.25,3.0,88.3,196
162686,Antonio Blanco,defensive_midfielder,Defensive Midfielder (DM / 6),tackles_per90,0.25,2.909,86.2,196
48465,Filip Ugrinić,defensive_midfielder,Defensive Midfielder (DM / 6),tackles_per90,0.25,1.591,15.8,196
46662,Jon Moncayola,defensive_midfielder,Defensive Midfielder (DM / 6),tackles_per90,0.25,2.738,81.6,196
162123,Ilaix Moriba,defensive_midfielder,Defensive Midfielder (DM / 6),tackles_per90,0.25,2.195,49.5,196
182621,Iker Muñoz,defensive_midfielder,Defensive Midfielder (DM / 6),tackles_per90,0.25,0.378,0.0,196
162034,Carlos Dotor,defensive_midfielder,Defensive Midfielder (DM / 6),tackles_per90,0.25,2.313,55.6,196
2279,Ethan Ampadu,defensive_midfielder,Defensive Midfielder (DM / 6),tackles_per90,0.25,2.4,64.3,196
1464,Granit Xhaka,defensive_midfielder,Defensive Midfielder (DM / 6),tackles_per90,0.25,1.8,25.0,196
323625,K. Danois,defensive_midfielder,Defensive Midfielder (DM / 6),tackles_per90,0.25,3.2,92.3,196
374058,Lamine Camara,defensive_midfielder,Defensive Midfielder (DM / 6),tackles_per90,0.25,5.2,100.0,196
44814,Lewis Ferguson,defensive_midfielder,Defensive Midfielder (DM / 6),tackles_per90,0.25,2.6,75.5,196
15881,Morten Frendrup,defensive_midfielder,Defensive Midfielder (DM / 6),tackles_per90,0.25,1.8,25.0,196
22170,Pierre Lees Melou,defensive_midfielder,Defensive Midfielder (DM / 6),tackles_per90,0.25,4.0,97.4,196
25073,V. Janelt,defensive_midfielder,Defensive Midfielder (DM / 6),tackles_per90,0.25,3.4,93.9,196
177665,Anton Stach,defensive_midfielder,Defensive Midfielder (DM / 6),tackles_per90,0.25,2.612,76.0,196
1904,Boubacar Kamara,defensive_midfielder,Defensive Midfielder (DM / 6),tackles_per90,0.25,1.824,25.5,196
23363,Noah Cadiou,defensive_midfielder,Defensive Midfielder (DM / 6),tackles_per90,0.25,1.419,6.1,196
308836,Mandela Keita,defensive_midfielder,Defensive Midfielder (DM / 6),tackles_per90,0.25,0.82,0.0,196
17670,Regan Slater,defensive_midfielder,Defensive Midfielder (DM / 6),tackles_per90,0.25,1.849,28.6,196
47439,Stanislav Lobotka,defensive_midfielder,Defensive Midfielder (DM / 6),tackles_per90,0.25,1.233,3.1,196
288102,Adam Wharton,defensive_midfielder,Defensive Midfielder (DM / 6),tackles_per90,0.25,2.059,43.4,196
2810,Denis Zakaria,defensive_midfielder,Defensive Midfielder (DM / 6),tackles_per90,0.25,1.445,7.7,196
364093,Simon Ebonog,defensive_midfielder,Defensive Midfielder (DM / 6),tackles_per90,0.25,2.696,80.1,196
21102,V. Rongier,defensive_midfielder,Defensive Midfielder (DM / 6),tackles_per90,0.25,2.488,70.9,196
8586,Mërgim Vojvoda,defensive_midfielder,Defensive Midfielder (DM / 6),tackles_per90,0.25,1.888,33.7,196
31146,Sandro Tonali,defensive_midfielder,Defensive Midfielder (DM / 6),tackles_per90,0.25,2.308,55.6,196
778,Bryan Cristante,defensive_midfielder,Defensive Midfielder (DM / 6),tackles_per90,0.25,2.759,81.6,196
107153,Kike Pérez,defensive_midfielder,Defensive Midfielder (DM / 6),tackles_per90,0.25,2.571,75.5,196
316519,Facundo Bernal,defensive_midfielder,Defensive Midfielder (DM / 6),tackles_per90,0.25,2.799,82.7,196
182,Harry Winks,defensive_midfielder,Defensive Midfielder (DM / 6),tackles_per90,0.25,0.863,0.0,196
47341,Marc Roca,defensive_midfielder,Defensive Midfielder (DM / 6),tackles_per90,0.25,3.029,88.3,196
138908,Elliot Anderson,defensive_midfielder,Defensive Midfielder (DM / 6),tackles_per90,0.25,2.819,84.7,196
365331,Noah Sadiki,defensive_midfielder,Defensive Midfielder (DM / 6),tackles_per90,0.25,1.311,4.6,196
337523,Dani Lorenzo,defensive_midfielder,Defensive Midfielder (DM / 6),tackles_per90,0.25,1.314,4.6,196
2926,Youri Tielemans,defensive_midfielder,Defensive Midfielder (DM / 6),tackles_per90,0.25,1.559,14.8,196
2449,Yangel Herrera,defensive_midfielder,Defensive Midfielder (DM / 6),tackles_per90,0.25,2.233,52.0,196
1700,Iván Martín,defensive_midfielder,Defensive Midfielder (DM / 6),tackles_per90,0.25,4.06,97.4,196
328105,Lewis Miley,defensive_midfielder,Defensive Midfielder (DM / 6),tackles_per90,0.25,1.353,5.1,196
281096,Patrizio Masini,defensive_midfielder,Defensive Midfielder (DM / 6),tackles_per90,0.25,3.683,95.9,196
371950,A. Piedfort,defensive_midfielder,Defensive Midfielder (DM / 6),tackles_per90,0.25,1.172,2.6,196
162189,M. Bidstrup,defensive_midfielder,Defensive Midfielder (DM / 6),tackles_per90,0.25,3.75,95.9,196
338735,Anan Khalaili,defensive_midfielder,Defensive Midfielder (DM / 6),tackles_per90,0.25,4.974,100.0,196
1095,Xaver Schlager,defensive_midfielder,Defensive Midfielder (DM / 6),tackles_per90,0.25,4.069,97.4,196
179955,Javier Rueda,defensive_midfielder,Defensive Midfielder (DM / 6),tackles_per90,0.25,1.44,7.4,196
332307,Beñat Gerenabarrena,defensive_midfielder,Defensive Midfielder (DM / 6),tackles_per90,0.25,2.413,64.8,196
863,Rodrigo Bentancur,defensive_midfielder,Defensive Midfielder (DM / 6),tackles_per90,0.25,3.629,95.9,196
47109,Óscar Valentín,defensive_midfielder,Defensive Midfielder (DM / 6),tackles_per90,0.25,2.661,77.6,196
198654,D. Svensson,defensive_midfielder,Defensive Midfielder (DM / 6),tackles_per90,0.25,3.25,92.3,196
353143,Hennes Behrens,defensive_midfielder,Defensive Midfielder (DM / 6),tackles_per90,0.25,3.0,88.3,196
876,Nicolò Fagioli,defensive_midfielder,Defensive Midfielder (DM / 6),tackles_per90,0.25,2.5,71.4,196
24969,Philipp Sander,defensive_midfielder,Defensive Midfielder (DM / 6),tackles_per90,0.25,3.0,88.3,196
363156,S. Castañeda,defensive_midfielder,Defensive Midfielder (DM / 6),tackles_per90,0.25,2.5,71.4,196
284322,Kobbie Mainoo,defensive_midfielder,Defensive Midfielder (DM / 6),tackles_per90,0.25,1.513,11.2,196
47541,Santi Comesaña,defensive_midfielder,Defensive Midfielder (DM / 6),tackles_per90,0.25,2.017,41.3,196
44,Rodri,defensive_midfielder,Defensive Midfielder (DM / 6),tackles_per90,0.25,3.034,88.3,196
7712,Morten Hjulmand,defensive_midfielder,Defensive Midfielder (DM / 6),tackles_per90,0.25,2.04,42.9,196
162249,Francho Serrano,defensive_midfielder,Defensive Midfielder (DM / 6),tackles_per90,0.25,1.538,12.8,196
390586,L. Avdullahu,defensive_midfielder,Defensive Midfielder (DM / 6),tackles_per90,0.25,1.8,25.0,196
37153,W. Burger,defensive_midfielder,Defensive Midfielder (DM / 6),tackles_per90,0.25,2.063,43.4,196
25915,Phillipp Mwene,defensive_midfielder,Defensive Midfielder (DM / 6),tackles_per90,0.25,2.355,61.2,196
895,James Garner,defensive_midfielder,Defensive Midfielder (DM / 6),tackles_per90,0.25,3.0,88.3,196
335051,João Neves,defensive_midfielder,Defensive Midfielder (DM / 6),tackles_per90,0.25,3.0,88.3,196
162106,Yunus Musah,defensive_midfielder,Defensive Midfielder (DM / 6),tackles_per90,0.25,0.821,0.0,196
38124,L. Reis,defensive_midfielder,Defensive Midfielder (DM / 6),tackles_per90,0.25,3.622,95.9,196
333116,Reda Belahyane,defensive_midfielder,Defensive Midfielder (DM / 6),tackles_per90,0.25,2.786,81.6,196
598615,Emanuele Lulli,defensive_midfielder,Defensive Midfielder (DM / 6),tackles_per90,0.25,2.516,71.9,196
277306,M. Sangaré,defensive_midfielder,Defensive Midfielder (DM / 6),tackles_per90,0.25,3.913,97.4,196
2476,Guido Rodríguez,defensive_midfielder,Defensive Midfielder (DM / 6),tackles_per90,0.25,3.123,90.3,196
342268,L. Ulrich,defensive_midfielder,Defensive Midfielder (DM / 6),tackles_per90,0.25,1.994,40.8,196
402265,Arthur Avom Ebong,defensive_midfielder,Defensive Midfielder (DM / 6),tackles_per90,0.25,2.866,85.2,196
339417,Pape Diop,defensive_midfielder,Defensive Midfielder (DM / 6),tackles_per90,0.25,3.726,95.9,196
754,Luka Modrić,defensive_midfielder,Defensive Midfielder (DM / 6),tackles_per90,0.25,1.158,2.6,196
6716,Alexis Mac Allister,defensive_midfielder,Defensive Midfielder (DM / 6),tackles_per90,0.25,3.214,92.3,196
548704,Javi Morcillo,defensive_midfielder,Defensive Midfielder (DM / 6),tackles_per90,0.25,2.345,60.2,196
56851,Michael Folorunsho,defensive_midfielder,Defensive Midfielder (DM / 6),tackles_per90,0.25,2.353,61.2,196
284356,Shea Charles,defensive_midfielder,Defensive Midfielder (DM / 6),tackles_per90,0.25,1.184,3.1,196
455245,Darryl Bakola,defensive_midfielder,Defensive Midfielder (DM / 6),tackles_per90,0.25,4.172,98.0,196
326757,J. Bellingham,defensive_midfielder,Defensive Midfielder (DM / 6),tackles_per90,0.25,2.718,81.1,196
294824,Nathan-Dylan Saliba,defensive_midfielder,Defensive Midfielder (DM / 6),tackles_per90,0.25,3.649,95.9,196
325,Gianluca Gaetano,defensive_midfielder,Defensive Midfielder (DM / 6),tackles_per90,0.25,2.188,48.5,196
1258,Alexandre Lauray,defensive_midfielder,Defensive Midfielder (DM / 6),tackles_per90,0.25,2.832,84.7,196
1150,Tyler Adams,defensive_midfielder,Defensive Midfielder (DM / 6),tackles_per90,0.25,2.234,52.0,196
46731,Pervis Estupiñán,defensive_midfielder,Defensive Midfielder (DM / 6),tackles_per90,0.25,0.964,0.5,196
21568,Ruben Aguilar,defensive_midfielder,Defensive Midfielder (DM / 6),tackles_per90,0.25,2.59,75.5,196
6002,Exequiel Palacios,defensive_midfielder,Defensive Midfielder (DM / 6),tackles_per90,0.25,2.924,86.2,196
47085,Luis Milla,defensive_midfielder,Defensive Midfielder (DM / 6),tackles_per90,0.25,0.975,0.5,196
237087,E. Fernández,defensive_midfielder,Defensive Midfielder (DM / 6),tackles_per90,0.25,3.613,95.9,196
161907,M. Gusto,defensive_midfielder,Defensive Midfielder (DM / 6),tackles_per90,0.25,1.314,4.6,196
40809,Michal Skoras,defensive_midfielder,Defensive Midfielder (DM / 6),tackles_per90,0.25,0.989,0.5,196
174703,Théo Le Bris,defensive_midfielder,Defensive Midfielder (DM / 6),tackles_per90,0.25,2.967,86.7,196
20558,H. Magnetti,defensive_midfielder,Defensive Midfielder (DM / 6),tackles_per90,0.25,4.0,97.4,196
30533,Manuel Locatelli,defensive_midfielder,Defensive Midfielder (DM / 6),tackles_per90,0.25,1.667,19.9,196
277003,N. El Aynaoui,defensive_midfielder,Defensive Midfielder (DM / 6),tackles_per90,0.25,1.353,5.1,196
282125,R. Lavia,defensive_midfielder,Defensive Midfielder (DM / 6),tackles_per90,0.25,2.061,43.4,196
32966,Ao Tanaka,defensive_midfielder,Defensive Midfielder (DM / 6),tackles_per90,0.25,2.791,82.1,196
33142,S. Tanaka,defensive_midfielder,Defensive Midfielder (DM / 6),tackles_per90,0.25,2.093,43.9,196
1427,A. Sambi Lokonga,defensive_midfielder,Defensive Midfielder (DM / 6),tackles_per90,0.25,1.751,23.5,196
37144,Ridgeciano Haps,defensive_midfielder,Defensive Midfielder (DM / 6),tackles_per90,0.25,1.051,1.5,196
161883,Y. Regeer,defensive_midfielder,Defensive Midfielder (DM / 6),tackles_per90,0.25,2.812,84.2,196
283252,Z. El Ouahdi,defensive_midfielder,Defensive Midfielder (DM / 6),tackles_per90,0.25,2.109,44.4,196
343558,Lennon Miller,defensive_midfielder,Defensive Midfielder (DM / 6),tackles_per90,0.25,1.417,6.1,196
47969,Gabriel Gudmundsson,defensive_midfielder,Defensive Midfielder (DM / 6),tackles_per90,0.25,3.227,92.3,196
334925,Oumar Ngom,defensive_midfielder,Defensive Midfielder (DM / 6),tackles_per90,0.25,3.944,97.4,196
375598,Ngal'ayel Mukau,defensive_midfielder,Defensive Midfielder (DM / 6),tackles_per90,0.25,1.44,7.4,196
162122,Adrià Altimira,defensive_midfielder,Defensive Midfielder (DM / 6),tackles_per90,0.25,2.222,51.5,196
2207,Eduardo Camavinga,defensive_midfielder,Defensive Midfielder (DM / 6),tackles_per90,0.25,3.375,93.9,196
327599,Yassine Titraoui,defensive_midfielder,Defensive Midfielder (DM / 6),tackles_per90,0.25,3.375,93.9,196
4458,Aliou Dieng,defensive_midfielder,Defensive Midfielder (DM / 6),tackles_per90,0.25,4.231,98.5,196
47566,Javi Galán,defensive_midfielder,Defensive Midfielder (DM / 6),tackles_per90,0.25,2.338,58.7,196
1825,Lucas Torró,defensive_midfielder,Defensive Midfielder (DM / 6),tackles_per90,0.25,1.572,14.8,196
274300,M. Akliouche,defensive_midfielder,Defensive Midfielder (DM / 6),tackles_per90,0.25,3.584,94.9,196
274254,Lucas Bretelle,defensive_midfielder,Defensive Midfielder (DM / 6),tackles_per90,0.25,1.205,3.1,196
156490,Niels Nkounkou,defensive_midfielder,Defensive Midfielder (DM / 6),tackles_per90,0.25,2.825,84.7,196
2204,Benjamin André,defensive_midfielder,Defensive Midfielder (DM / 6),tackles_per90,0.25,3.699,95.9,196
383780,Mikel Jauregizar,defensive_midfielder,Defensive Midfielder (DM / 6),tackles_per90,0.25,4.67,100.0,196
162067,Timothee Pembele,defensive_midfielder,Defensive Midfielder (DM / 6),tackles_per90,0.25,3.462,94.4,196
7328,N. Seiwald,defensive_midfielder,Defensive Midfielder (DM / 6),tackles_per90,0.25,2.217,51.0,196
30785,A. Schäfer,defensive_midfielder,Defensive Midfielder (DM / 6),tackles_per90,0.25,3.166,92.3,196
1153,Amadou Haidara,defensive_midfielder,Defensive Midfielder (DM / 6),tackles_per90,0.25,0.914,0.5,196
548809,Gnangoro Bouaré,defensive_midfielder,Defensive Midfielder (DM / 6),tackles_per90,0.25,2.755,81.6,196
542,Ryan Gravenberch,defensive_midfielder,Defensive Midfielder (DM / 6),tackles_per90,0.25,1.875,31.6,196
162465,Melvin Bard,defensive_midfielder,Defensive Midfielder (DM / 6),tackles_per90,0.25,1.895,34.2,196
37749,J. Veerman,defensive_midfielder,Defensive Midfielder (DM / 6),tackles_per90,0.25,3.351,93.9,196
348205,Petar Sučić,defensive_midfielder,Defensive Midfielder (DM / 6),tackles_per90,0.25,2.473,69.4,196
21004,Lucien Agoumé,defensive_midfielder,Defensive Midfielder (DM / 6),interceptions_per90,0.25,1.714,93.4,196
183751,Abderrahman Rebbach,defensive_midfielder,Defensive Midfielder (DM / 6),interceptions_per90,0.25,1.765,93.9,196
24882,Orel Mangala,defensive_midfielder,Defensive Midfielder (DM / 6),interceptions_per90,0.25,2.274,98.5,196
346865,Lorenzo Amatucci,defensive_midfielder,Defensive Midfielder (DM / 6),interceptions_per90,0.25,1.0,38.5,196
162686,Antonio Blanco,defensive_midfielder,Defensive Midfielder (DM / 6),interceptions_per90,0.25,2.395,99.5,196
48465,Filip Ugrinić,defensive_midfielder,Defensive Midfielder (DM / 6),interceptions_per90,0.25,0.884,25.5,196
46662,Jon Moncayola,defensive_midfielder,Defensive Midfielder (DM / 6),interceptions_per90,0.25,1.095,49.0,196
162123,Ilaix Moriba,defensive_midfielder,Defensive Midfielder (DM / 6),interceptions_per90,0.25,0.915,29.6,196
182621,Iker Muñoz,defensive_midfielder,Defensive Midfielder (DM / 6),interceptions_per90,0.25,1.324,70.4,196
162034,Carlos Dotor,defensive_midfielder,Defensive Midfielder (DM / 6),interceptions_per90,0.25,0.771,15.3,196
2279,Ethan Ampadu,defensive_midfielder,Defensive Midfielder (DM / 6),interceptions_per90,0.25,2.2,98.5,196
1464,Granit Xhaka,defensive_midfielder,Defensive Midfielder (DM / 6),interceptions_per90,0.25,1.2,58.7,196
323625,K. Danois,defensive_midfielder,Defensive Midfielder (DM / 6),interceptions_per90,0.25,1.0,38.5,196
374058,Lamine Camara,defensive_midfielder,Defensive Midfielder (DM / 6),interceptions_per90,0.25,1.6,87.8,196
44814,Lewis Ferguson,defensive_midfielder,Defensive Midfielder (DM / 6),interceptions_per90,0.25,0.8,18.4,196
15881,Morten Frendrup,defensive_midfielder,Defensive Midfielder (DM / 6),interceptions_per90,0.25,3.2,100.0,196
22170,Pierre Lees Melou,defensive_midfielder,Defensive Midfielder (DM / 6),interceptions_per90,0.25,1.4,74.5,196
25073,V. Janelt,defensive_midfielder,Defensive Midfielder (DM / 6),interceptions_per90,0.25,3.2,100.0,196
177665,Anton Stach,defensive_midfielder,Defensive Midfielder (DM / 6),interceptions_per90,0.25,2.21,98.5,196
1904,Boubacar Kamara,defensive_midfielder,Defensive Midfielder (DM / 6),interceptions_per90,0.25,0.405,0.0,196
23363,Noah Cadiou,defensive_midfielder,Defensive Midfielder (DM / 6),interceptions_per90,0.25,0.811,20.4,196
308836,Mandela Keita,defensive_midfielder,Defensive Midfielder (DM / 6),interceptions_per90,0.25,1.025,39.8,196
17670,Regan Slater,defensive_midfielder,Defensive Midfielder (DM / 6),interceptions_per90,0.25,0.822,21.4,196
47439,Stanislav Lobotka,defensive_midfielder,Defensive Midfielder (DM / 6),interceptions_per90,0.25,0.411,1.0,196
288102,Adam Wharton,defensive_midfielder,Defensive Midfielder (DM / 6),interceptions_per90,0.25,1.236,62.2,196
2810,Denis Zakaria,defensive_midfielder,Defensive Midfielder (DM / 6),interceptions_per90,0.25,0.826,21.9,196
364093,Simon Ebonog,defensive_midfielder,Defensive Midfielder (DM / 6),interceptions_per90,0.25,2.281,99.0,196
21102,V. Rongier,defensive_midfielder,Defensive Midfielder (DM / 6),interceptions_per90,0.25,1.244,62.2,196
8586,Mërgim Vojvoda,defensive_midfielder,Defensive Midfielder (DM / 6),interceptions_per90,0.25,0.839,23.0,196
31146,Sandro Tonali,defensive_midfielder,Defensive Midfielder (DM / 6),interceptions_per90,0.25,0.839,23.0,196
778,Bryan Cristante,defensive_midfielder,Defensive Midfielder (DM / 6),interceptions_per90,0.25,1.274,63.8,196
107153,Kike Pérez,defensive_midfielder,Defensive Midfielder (DM / 6),interceptions_per90,0.25,1.071,45.4,196
316519,Facundo Bernal,defensive_midfielder,Defensive Midfielder (DM / 6),interceptions_per90,0.25,1.722,93.4,196
182,Harry Winks,defensive_midfielder,Defensive Midfielder (DM / 6),interceptions_per90,0.25,2.158,97.4,196
47341,Marc Roca,defensive_midfielder,Defensive Midfielder (DM / 6),interceptions_per90,0.25,1.298,66.3,196
138908,Elliot Anderson,defensive_midfielder,Defensive Midfielder (DM / 6),interceptions_per90,0.25,1.735,93.4,196
365331,Noah Sadiki,defensive_midfielder,Defensive Midfielder (DM / 6),interceptions_per90,0.25,0.655,9.2,196
337523,Dani Lorenzo,defensive_midfielder,Defensive Midfielder (DM / 6),interceptions_per90,0.25,0.876,24.5,196
2926,Youri Tielemans,defensive_midfielder,Defensive Midfielder (DM / 6),interceptions_per90,0.25,1.559,86.7,196
2449,Yangel Herrera,defensive_midfielder,Defensive Midfielder (DM / 6),interceptions_per90,0.25,0.223,0.0,196
1700,Iván Martín,defensive_midfielder,Defensive Midfielder (DM / 6),interceptions_per90,0.25,0.0,0.0,196
328105,Lewis Miley,defensive_midfielder,Defensive Midfielder (DM / 6),interceptions_per90,0.25,1.128,51.0,196
281096,Patrizio Masini,defensive_midfielder,Defensive Midfielder (DM / 6),interceptions_per90,0.25,2.072,97.4,196
371950,A. Piedfort,defensive_midfielder,Defensive Midfielder (DM / 6),interceptions_per90,0.25,1.875,94.9,196
162189,M. Bidstrup,defensive_midfielder,Defensive Midfielder (DM / 6),interceptions_per90,0.25,1.172,56.6,196
338735,Anan Khalaili,defensive_midfielder,Defensive Midfielder (DM / 6),interceptions_per90,0.25,1.421,77.0,196
1095,Xaver Schlager,defensive_midfielder,Defensive Midfielder (DM / 6),interceptions_per90,0.25,1.197,58.2,196
179955,Javier Rueda,defensive_midfielder,Defensive Midfielder (DM / 6),interceptions_per90,0.25,1.44,78.6,196
332307,Beñat Gerenabarrena,defensive_midfielder,Defensive Midfielder (DM / 6),interceptions_per90,0.25,2.895,100.0,196
863,Rodrigo Bentancur,defensive_midfielder,Defensive Midfielder (DM / 6),interceptions_per90,0.25,1.21,59.7,196
47109,Óscar Valentín,defensive_midfielder,Defensive Midfielder (DM / 6),interceptions_per90,0.25,1.452,79.1,196
198654,D. Svensson,defensive_midfielder,Defensive Midfielder (DM / 6),interceptions_per90,0.25,2.0,97.4,196
353143,Hennes Behrens,defensive_midfielder,Defensive Midfielder (DM / 6),interceptions_per90,0.25,2.5,99.5,196
876,Nicolò Fagioli,defensive_midfielder,Defensive Midfielder (DM / 6),interceptions_per90,0.25,1.5,81.1,196
24969,Philipp Sander,defensive_midfielder,Defensive Midfielder (DM / 6),interceptions_per90,0.25,1.5,81.1,196
363156,S. Castañeda,defensive_midfielder,Defensive Midfielder (DM / 6),interceptions_per90,0.25,2.25,98.5,196
284322,Kobbie Mainoo,defensive_midfielder,Defensive Midfielder (DM / 6),interceptions_per90,0.25,1.513,83.2,196
47541,Santi Comesaña,defensive_midfielder,Defensive Midfielder (DM / 6),interceptions_per90,0.25,2.017,97.4,196
44,Rodri,defensive_midfielder,Defensive Midfielder (DM / 6),interceptions_per90,0.25,2.275,98.5,196
7712,Morten Hjulmand,defensive_midfielder,Defensive Midfielder (DM / 6),interceptions_per90,0.25,2.04,97.4,196
162249,Francho Serrano,defensive_midfielder,Defensive Midfielder (DM / 6),interceptions_per90,0.25,1.282,65.8,196
390586,L. Avdullahu,defensive_midfielder,Defensive Midfielder (DM / 6),interceptions_per90,0.25,2.057,97.4,196
37153,W. Burger,defensive_midfielder,Defensive Midfielder (DM / 6),interceptions_per90,0.25,0.774,16.3,196
25915,Phillipp Mwene,defensive_midfielder,Defensive Midfielder (DM / 6),interceptions_per90,0.25,0.523,2.0,196
895,James Garner,defensive_midfielder,Defensive Midfielder (DM / 6),interceptions_per90,0.25,0.818,21.4,196
335051,João Neves,defensive_midfielder,Defensive Midfielder (DM / 6),interceptions_per90,0.25,1.909,95.9,196
162106,Yunus Musah,defensive_midfielder,Defensive Midfielder (DM / 6),interceptions_per90,0.25,0.821,21.4,196
38124,L. Reis,defensive_midfielder,Defensive Midfielder (DM / 6),interceptions_per90,0.25,0.557,4.1,196
333116,Reda Belahyane,defensive_midfielder,Defensive Midfielder (DM / 6),interceptions_per90,0.25,0.836,23.0,196
598615,Emanuele Lulli,defensive_midfielder,Defensive Midfielder (DM / 6),interceptions_per90,0.25,0.559,4.1,196
277306,M. Sangaré,defensive_midfielder,Defensive Midfielder (DM / 6),interceptions_per90,0.25,1.677,92.3,196
2476,Guido Rodríguez,defensive_midfielder,Defensive Midfielder (DM / 6),interceptions_per90,0.25,1.703,92.9,196
342268,L. Ulrich,defensive_midfielder,Defensive Midfielder (DM / 6),interceptions_per90,0.25,0.854,23.0,196
402265,Arthur Avom Ebong,defensive_midfielder,Defensive Midfielder (DM / 6),interceptions_per90,0.25,2.58,100.0,196
339417,Pape Diop,defensive_midfielder,Defensive Midfielder (DM / 6),interceptions_per90,0.25,1.433,78.1,196
754,Luka Modrić,defensive_midfielder,Defensive Midfielder (DM / 6),interceptions_per90,0.25,2.026,97.4,196
6716,Alexis Mac Allister,defensive_midfielder,Defensive Midfielder (DM / 6),interceptions_per90,0.25,0.584,5.1,196
548704,Javi Morcillo,defensive_midfielder,Defensive Midfielder (DM / 6),interceptions_per90,0.25,1.759,93.9,196
56851,Michael Folorunsho,defensive_midfielder,Defensive Midfielder (DM / 6),interceptions_per90,0.25,0.882,25.5,196
284356,Shea Charles,defensive_midfielder,Defensive Midfielder (DM / 6),interceptions_per90,0.25,2.664,100.0,196
455245,Darryl Bakola,defensive_midfielder,Defensive Midfielder (DM / 6),interceptions_per90,0.25,0.298,0.0,196
326757,J. Bellingham,defensive_midfielder,Defensive Midfielder (DM / 6),interceptions_per90,0.25,2.718,100.0,196
294824,Nathan-Dylan Saliba,defensive_midfielder,Defensive Midfielder (DM / 6),interceptions_per90,0.25,1.824,94.4,196
325,Gianluca Gaetano,defensive_midfielder,Defensive Midfielder (DM / 6),interceptions_per90,0.25,1.875,94.9,196
1258,Alexandre Lauray,defensive_midfielder,Defensive Midfielder (DM / 6),interceptions_per90,0.25,2.203,98.5,196
1150,Tyler Adams,defensive_midfielder,Defensive Midfielder (DM / 6),interceptions_per90,0.25,2.553,100.0,196
46731,Pervis Estupiñán,defensive_midfielder,Defensive Midfielder (DM / 6),interceptions_per90,0.25,1.929,95.9,196
21568,Ruben Aguilar,defensive_midfielder,Defensive Midfielder (DM / 6),interceptions_per90,0.25,2.59,100.0,196
6002,Exequiel Palacios,defensive_midfielder,Defensive Midfielder (DM / 6),interceptions_per90,0.25,1.949,96.9,196
47085,Luis Milla,defensive_midfielder,Defensive Midfielder (DM / 6),interceptions_per90,0.25,3.249,100.0,196
237087,E. Fernández,defensive_midfielder,Defensive Midfielder (DM / 6),interceptions_per90,0.25,0.985,36.2,196
161907,M. Gusto,defensive_midfielder,Defensive Midfielder (DM / 6),interceptions_per90,0.25,1.314,68.9,196
40809,Michal Skoras,defensive_midfielder,Defensive Midfielder (DM / 6),interceptions_per90,0.25,2.308,99.0,196
174703,Théo Le Bris,defensive_midfielder,Defensive Midfielder (DM / 6),interceptions_per90,0.25,2.308,99.0,196
20558,H. Magnetti,defensive_midfielder,Defensive Midfielder (DM / 6),interceptions_per90,0.25,2.667,100.0,196
30533,Manuel Locatelli,defensive_midfielder,Defensive Midfielder (DM / 6),interceptions_per90,0.25,2.333,99.0,196
277003,N. El Aynaoui,defensive_midfielder,Defensive Midfielder (DM / 6),interceptions_per90,0.25,1.692,92.9,196
282125,R. Lavia,defensive_midfielder,Defensive Midfielder (DM / 6),interceptions_per90,0.25,2.061,97.4,196
32966,Ao Tanaka,defensive_midfielder,Defensive Midfielder (DM / 6),interceptions_per90,0.25,0.698,11.2,196
33142,S. Tanaka,defensive_midfielder,Defensive Midfielder (DM / 6),interceptions_per90,0.25,3.14,100.0,196
1427,A. Sambi Lokonga,defensive_midfielder,Defensive Midfielder (DM / 6),interceptions_per90,0.25,0.0,0.0,196
37144,Ridgeciano Haps,defensive_midfielder,Defensive Midfielder (DM / 6),interceptions_per90,0.25,1.401,74.5,196
161883,Y. Regeer,defensive_midfielder,Defensive Midfielder (DM / 6),interceptions_per90,0.25,2.109,97.4,196
283252,Z. El Ouahdi,defensive_midfielder,Defensive Midfielder (DM / 6),interceptions_per90,0.25,0.703,11.2,196
343558,Lennon Miller,defensive_midfielder,Defensive Midfielder (DM / 6),interceptions_per90,0.25,2.126,97.4,196
47969,Gabriel Gudmundsson,defensive_midfielder,Defensive Midfielder (DM / 6),interceptions_per90,0.25,1.076,45.4,196
334925,Oumar Ngom,defensive_midfielder,Defensive Midfielder (DM / 6),interceptions_per90,0.25,1.434,78.1,196
375598,Ngal'ayel Mukau,defensive_midfielder,Defensive Midfielder (DM / 6),interceptions_per90,0.25,1.08,47.4,196
162122,Adrià Altimira,defensive_midfielder,Defensive Midfielder (DM / 6),interceptions_per90,0.25,0.741,13.3,196
2207,Eduardo Camavinga,defensive_midfielder,Defensive Midfielder (DM / 6),interceptions_per90,0.25,1.5,81.1,196
327599,Yassine Titraoui,defensive_midfielder,Defensive Midfielder (DM / 6),interceptions_per90,0.25,1.5,81.1,196
4458,Aliou Dieng,defensive_midfielder,Defensive Midfielder (DM / 6),interceptions_per90,0.25,0.0,0.0,196
47566,Javi Galán,defensive_midfielder,Defensive Midfielder (DM / 6),interceptions_per90,0.25,0.39,0.0,196
1825,Lucas Torró,defensive_midfielder,Defensive Midfielder (DM / 6),interceptions_per90,0.25,0.786,16.8,196
274300,M. Akliouche,defensive_midfielder,Defensive Midfielder (DM / 6),interceptions_per90,0.25,1.593,87.8,196
274254,Lucas Bretelle,defensive_midfielder,Defensive Midfielder (DM / 6),interceptions_per90,0.25,2.411,99.5,196
156490,Niels Nkounkou,defensive_midfielder,Defensive Midfielder (DM / 6),interceptions_per90,0.25,2.422,99.5,196
2204,Benjamin André,defensive_midfielder,Defensive Midfielder (DM / 6),interceptions_per90,0.25,0.822,21.4,196
383780,Mikel Jauregizar,defensive_midfielder,Defensive Midfielder (DM / 6),interceptions_per90,0.25,2.547,100.0,196
162067,Timothee Pembele,defensive_midfielder,Defensive Midfielder (DM / 6),interceptions_per90,0.25,1.298,66.3,196
7328,N. Seiwald,defensive_midfielder,Defensive Midfielder (DM / 6),interceptions_per90,0.25,1.773,93.9,196
30785,A. Schäfer,defensive_midfielder,Defensive Midfielder (DM / 6),interceptions_per90,0.25,1.809,94.4,196
1153,Amadou Haidara,defensive_midfielder,Defensive Midfielder (DM / 6),interceptions_per90,0.25,0.914,29.6,196
548809,Gnangoro Bouaré,defensive_midfielder,Defensive Midfielder (DM / 6),interceptions_per90,0.25,2.755,100.0,196
542,Ryan Gravenberch,defensive_midfielder,Defensive Midfielder (DM / 6),interceptions_per90,0.25,1.406,76.5,196
162465,Melvin Bard,defensive_midfielder,Defensive Midfielder (DM / 6),interceptions_per90,0.25,0.947,33.2,196
37749,J. Veerman,defensive_midfielder,Defensive Midfielder (DM / 6),interceptions_per90,0.25,0.479,1.0,196
348205,Petar Sučić,defensive_midfielder,Defensive Midfielder (DM / 6),interceptions_per90,0.25,0.0,0.0,196
21004,Lucien Agoumé,defensive_midfielder,Defensive Midfielder (DM / 6),pass_accuracy_pct,0.2,85.324,40.8,196
183751,Abderrahman Rebbach,defensive_midfielder,Defensive Midfielder (DM / 6),pass_accuracy_pct,0.2,78.75,7.7,196
24882,Orel Mangala,defensive_midfielder,Defensive Midfielder (DM / 6),pass_accuracy_pct,0.2,88.525,77.6,196
346865,Lorenzo Amatucci,defensive_midfielder,Defensive Midfielder (DM / 6),pass_accuracy_pct,0.2,90.214,91.8,196
162686,Antonio Blanco,defensive_midfielder,Defensive Midfielder (DM / 6),pass_accuracy_pct,0.2,85.882,49.5,196
48465,Filip Ugrinić,defensive_midfielder,Defensive Midfielder (DM / 6),pass_accuracy_pct,0.2,90.714,93.4,196
46662,Jon Moncayola,defensive_midfielder,Defensive Midfielder (DM / 6),pass_accuracy_pct,0.2,85.581,46.4,196
162123,Ilaix Moriba,defensive_midfielder,Defensive Midfielder (DM / 6),pass_accuracy_pct,0.2,92.834,100.0,196
182621,Iker Muñoz,defensive_midfielder,Defensive Midfielder (DM / 6),pass_accuracy_pct,0.2,82.857,24.5,196
162034,Carlos Dotor,defensive_midfielder,Defensive Midfielder (DM / 6),pass_accuracy_pct,0.2,84.4,34.7,196
2279,Ethan Ampadu,defensive_midfielder,Defensive Midfielder (DM / 6),pass_accuracy_pct,0.2,82.883,24.5,196
1464,Granit Xhaka,defensive_midfielder,Defensive Midfielder (DM / 6),pass_accuracy_pct,0.2,86.78,60.7,196
323625,K. Danois,defensive_midfielder,Defensive Midfielder (DM / 6),pass_accuracy_pct,0.2,80.836,11.7,196
374058,Lamine Camara,defensive_midfielder,Defensive Midfielder (DM / 6),pass_accuracy_pct,0.2,91.93,99.5,196
44814,Lewis Ferguson,defensive_midfielder,Defensive Midfielder (DM / 6),pass_accuracy_pct,0.2,93.039,100.0,196
15881,Morten Frendrup,defensive_midfielder,Defensive Midfielder (DM / 6),pass_accuracy_pct,0.2,89.669,86.7,196
22170,Pierre Lees Melou,defensive_midfielder,Defensive Midfielder (DM / 6),pass_accuracy_pct,0.2,90.196,91.8,196
25073,V. Janelt,defensive_midfielder,Defensive Midfielder (DM / 6),pass_accuracy_pct,0.2,82.511,22.4,196
177665,Anton Stach,defensive_midfielder,Defensive Midfielder (DM / 6),pass_accuracy_pct,0.2,68.75,0.0,196
1904,Boubacar Kamara,defensive_midfielder,Defensive Midfielder (DM / 6),pass_accuracy_pct,0.2,87.603,71.9,196
23363,Noah Cadiou,defensive_midfielder,Defensive Midfielder (DM / 6),pass_accuracy_pct,0.2,82.085,20.4,196
308836,Mandela Keita,defensive_midfielder,Defensive Midfielder (DM / 6),pass_accuracy_pct,0.2,88.889,79.6,196
17670,Regan Slater,defensive_midfielder,Defensive Midfielder (DM / 6),pass_accuracy_pct,0.2,80.153,9.7,196
47439,Stanislav Lobotka,defensive_midfielder,Defensive Midfielder (DM / 6),pass_accuracy_pct,0.2,92.222,99.5,196
288102,Adam Wharton,defensive_midfielder,Defensive Midfielder (DM / 6),pass_accuracy_pct,0.2,77.103,5.6,196
2810,Denis Zakaria,defensive_midfielder,Defensive Midfielder (DM / 6),pass_accuracy_pct,0.2,92.386,99.5,196
364093,Simon Ebonog,defensive_midfielder,Defensive Midfielder (DM / 6),pass_accuracy_pct,0.2,86.802,61.2,196
21102,V. Rongier,defensive_midfielder,Defensive Midfielder (DM / 6),pass_accuracy_pct,0.2,89.888,88.8,196
8586,Mërgim Vojvoda,defensive_midfielder,Defensive Midfielder (DM / 6),pass_accuracy_pct,0.2,81.435,19.4,196
31146,Sandro Tonali,defensive_midfielder,Defensive Midfielder (DM / 6),pass_accuracy_pct,0.2,89.42,85.7,196
778,Bryan Cristante,defensive_midfielder,Defensive Midfielder (DM / 6),pass_accuracy_pct,0.2,87.719,71.9,196
107153,Kike Pérez,defensive_midfielder,Defensive Midfielder (DM / 6),pass_accuracy_pct,0.2,83.813,27.6,196
316519,Facundo Bernal,defensive_midfielder,Defensive Midfielder (DM / 6),pass_accuracy_pct,0.2,87.137,64.8,196
182,Harry Winks,defensive_midfielder,Defensive Midfielder (DM / 6),pass_accuracy_pct,0.2,91.286,95.9,196
47341,Marc Roca,defensive_midfielder,Defensive Midfielder (DM / 6),pass_accuracy_pct,0.2,92.857,100.0,196
138908,Elliot Anderson,defensive_midfielder,Defensive Midfielder (DM / 6),pass_accuracy_pct,0.2,90.023,90.3,196
365331,Noah Sadiki,defensive_midfielder,Defensive Midfielder (DM / 6),pass_accuracy_pct,0.2,88.83,79.6,196
337523,Dani Lorenzo,defensive_midfielder,Defensive Midfielder (DM / 6),pass_accuracy_pct,0.2,93.208,100.0,196
2926,Youri Tielemans,defensive_midfielder,Defensive Midfielder (DM / 6),pass_accuracy_pct,0.2,90.435,92.3,196
2449,Yangel Herrera,defensive_midfielder,Defensive Midfielder (DM / 6),pass_accuracy_pct,0.2,87.66,71.9,196
1700,Iván Martín,defensive_midfielder,Defensive Midfielder (DM / 6),pass_accuracy_pct,0.2,86.905,62.2,196
328105,Lewis Miley,defensive_midfielder,Defensive Midfielder (DM / 6),pass_accuracy_pct,0.2,88.538,77.6,196
281096,Patrizio Masini,defensive_midfielder,Defensive Midfielder (DM / 6),pass_accuracy_pct,0.2,74.59,2.0,196
371950,A. Piedfort,defensive_midfielder,Defensive Midfielder (DM / 6),pass_accuracy_pct,0.2,86.826,61.7,196
162189,M. Bidstrup,defensive_midfielder,Defensive Midfielder (DM / 6),pass_accuracy_pct,0.2,79.545,9.2,196
338735,Anan Khalaili,defensive_midfielder,Defensive Midfielder (DM / 6),pass_accuracy_pct,0.2,77.852,6.1,196
1095,Xaver Schlager,defensive_midfielder,Defensive Midfielder (DM / 6),pass_accuracy_pct,0.2,85.542,45.4,196
179955,Javier Rueda,defensive_midfielder,Defensive Midfielder (DM / 6),pass_accuracy_pct,0.2,80.667,11.7,196
332307,Beñat Gerenabarrena,defensive_midfielder,Defensive Midfielder (DM / 6),pass_accuracy_pct,0.2,86.905,62.2,196
863,Rodrigo Bentancur,defensive_midfielder,Defensive Midfielder (DM / 6),pass_accuracy_pct,0.2,88.976,80.6,196
47109,Óscar Valentín,defensive_midfielder,Defensive Midfielder (DM / 6),pass_accuracy_pct,0.2,87.5,71.2,196
198654,D. Svensson,defensive_midfielder,Defensive Midfielder (DM / 6),pass_accuracy_pct,0.2,89.773,87.2,196
353143,Hennes Behrens,defensive_midfielder,Defensive Midfielder (DM / 6),pass_accuracy_pct,0.2,73.438,1.0,196
876,Nicolò Fagioli,defensive_midfielder,Defensive Midfielder (DM / 6),pass_accuracy_pct,0.2,85.202,39.8,196
24969,Philipp Sander,defensive_midfielder,Defensive Midfielder (DM / 6),pass_accuracy_pct,0.2,84.932,37.2,196
363156,S. Castañeda,defensive_midfielder,Defensive Midfielder (DM / 6),pass_accuracy_pct,0.2,85.465,43.4,196
284322,Kobbie Mainoo,defensive_midfielder,Defensive Midfielder (DM / 6),pass_accuracy_pct,0.2,93.919,100.0,196
47541,Santi Comesaña,defensive_midfielder,Defensive Midfielder (DM / 6),pass_accuracy_pct,0.2,89.091,81.6,196
44,Rodri,defensive_midfielder,Defensive Midfielder (DM / 6),pass_accuracy_pct,0.2,94.118,100.0,196
7712,Morten Hjulmand,defensive_midfielder,Defensive Midfielder (DM / 6),pass_accuracy_pct,0.2,91.667,98.5,196
162249,Francho Serrano,defensive_midfielder,Defensive Midfielder (DM / 6),pass_accuracy_pct,0.2,86.066,52.6,196
390586,L. Avdullahu,defensive_midfielder,Defensive Midfielder (DM / 6),pass_accuracy_pct,0.2,88.618,78.1,196
37153,W. Burger,defensive_midfielder,Defensive Midfielder (DM / 6),pass_accuracy_pct,0.2,77.451,6.1,196
25915,Phillipp Mwene,defensive_midfielder,Defensive Midfielder (DM / 6),pass_accuracy_pct,0.2,75.962,4.1,196
895,James Garner,defensive_midfielder,Defensive Midfielder (DM / 6),pass_accuracy_pct,0.2,90.476,92.9,196
335051,João Neves,defensive_midfielder,Defensive Midfielder (DM / 6),pass_accuracy_pct,0.2,90.947,93.9,196
162106,Yunus Musah,defensive_midfielder,Defensive Midfielder (DM / 6),pass_accuracy_pct,0.2,90.476,92.9,196
38124,L. Reis,defensive_midfielder,Defensive Midfielder (DM / 6),pass_accuracy_pct,0.2,89.103,81.6,196
333116,Reda Belahyane,defensive_midfielder,Defensive Midfielder (DM / 6),pass_accuracy_pct,0.2,94.149,100.0,196
598615,Emanuele Lulli,defensive_midfielder,Defensive Midfielder (DM / 6),pass_accuracy_pct,0.2,89.041,81.1,196
277306,M. Sangaré,defensive_midfielder,Defensive Midfielder (DM / 6),pass_accuracy_pct,0.2,79.87,9.2,196
2476,Guido Rodríguez,defensive_midfielder,Defensive Midfielder (DM / 6),pass_accuracy_pct,0.2,85.238,40.8,196
342268,L. Ulrich,defensive_midfielder,Defensive Midfielder (DM / 6),pass_accuracy_pct,0.2,77.778,6.1,196
402265,Arthur Avom Ebong,defensive_midfielder,Defensive Midfielder (DM / 6),pass_accuracy_pct,0.2,87.645,71.9,196
339417,Pape Diop,defensive_midfielder,Defensive Midfielder (DM / 6),pass_accuracy_pct,0.2,90.377,92.3,196
754,Luka Modrić,defensive_midfielder,Defensive Midfielder (DM / 6),pass_accuracy_pct,0.2,91.986,99.5,196
6716,Alexis Mac Allister,defensive_midfielder,Defensive Midfielder (DM / 6),pass_accuracy_pct,0.2,88.462,77.6,196
548704,Javi Morcillo,defensive_midfielder,Defensive Midfielder (DM / 6),pass_accuracy_pct,0.2,91.964,99.5,196
56851,Michael Folorunsho,defensive_midfielder,Defensive Midfielder (DM / 6),pass_accuracy_pct,0.2,82.927,24.5,196
284356,Shea Charles,defensive_midfielder,Defensive Midfielder (DM / 6),pass_accuracy_pct,0.2,90.0,90.3,196
455245,Darryl Bakola,defensive_midfielder,Defensive Midfielder (DM / 6),pass_accuracy_pct,0.2,88.172,75.0,196
326757,J. Bellingham,defensive_midfielder,Defensive Midfielder (DM / 6),pass_accuracy_pct,0.2,82.313,21.4,196
294824,Nathan-Dylan Saliba,defensive_midfielder,Defensive Midfielder (DM / 6),pass_accuracy_pct,0.2,90.576,92.9,196
325,Gianluca Gaetano,defensive_midfielder,Defensive Midfielder (DM / 6),pass_accuracy_pct,0.2,90.244,91.8,196
1258,Alexandre Lauray,defensive_midfielder,Defensive Midfielder (DM / 6),pass_accuracy_pct,0.2,74.306,1.0,196
1150,Tyler Adams,defensive_midfielder,Defensive Midfielder (DM / 6),pass_accuracy_pct,0.2,87.791,71.9,196
46731,Pervis Estupiñán,defensive_midfielder,Defensive Midfielder (DM / 6),pass_accuracy_pct,0.2,92.216,99.5,196
21568,Ruben Aguilar,defensive_midfielder,Defensive Midfielder (DM / 6),pass_accuracy_pct,0.2,92.715,100.0,196
6002,Exequiel Palacios,defensive_midfielder,Defensive Midfielder (DM / 6),pass_accuracy_pct,0.2,90.909,93.9,196
47085,Luis Milla,defensive_midfielder,Defensive Midfielder (DM / 6),pass_accuracy_pct,0.2,92.544,99.5,196
237087,E. Fernández,defensive_midfielder,Defensive Midfielder (DM / 6),pass_accuracy_pct,0.2,93.617,100.0,196
161907,M. Gusto,defensive_midfielder,Defensive Midfielder (DM / 6),pass_accuracy_pct,0.2,81.481,19.4,196
40809,Michal Skoras,defensive_midfielder,Defensive Midfielder (DM / 6),pass_accuracy_pct,0.2,85.271,40.8,196
174703,Théo Le Bris,defensive_midfielder,Defensive Midfielder (DM / 6),pass_accuracy_pct,0.2,76.19,4.1,196
20558,H. Magnetti,defensive_midfielder,Defensive Midfielder (DM / 6),pass_accuracy_pct,0.2,91.129,94.9,196
30533,Manuel Locatelli,defensive_midfielder,Defensive Midfielder (DM / 6),pass_accuracy_pct,0.2,87.069,63.8,196
277003,N. El Aynaoui,defensive_midfielder,Defensive Midfielder (DM / 6),pass_accuracy_pct,0.2,91.781,99.0,196
282125,R. Lavia,defensive_midfielder,Defensive Midfielder (DM / 6),pass_accuracy_pct,0.2,88.496,77.6,196
32966,Ao Tanaka,defensive_midfielder,Defensive Midfielder (DM / 6),pass_accuracy_pct,0.2,90.164,91.8,196
33142,S. Tanaka,defensive_midfielder,Defensive Midfielder (DM / 6),pass_accuracy_pct,0.2,62.5,0.0,196
1427,A. Sambi Lokonga,defensive_midfielder,Defensive Midfielder (DM / 6),pass_accuracy_pct,0.2,88.281,76.0,196
37144,Ridgeciano Haps,defensive_midfielder,Defensive Midfielder (DM / 6),pass_accuracy_pct,0.2,86.667,60.2,196
161883,Y. Regeer,defensive_midfielder,Defensive Midfielder (DM / 6),pass_accuracy_pct,0.2,88.304,76.5,196
283252,Z. El Ouahdi,defensive_midfielder,Defensive Midfielder (DM / 6),pass_accuracy_pct,0.2,78.409,7.7,196
343558,Lennon Miller,defensive_midfielder,Defensive Midfielder (DM / 6),pass_accuracy_pct,0.2,85.0,37.2,196
47969,Gabriel Gudmundsson,defensive_midfielder,Defensive Midfielder (DM / 6),pass_accuracy_pct,0.2,71.429,0.0,196
334925,Oumar Ngom,defensive_midfielder,Defensive Midfielder (DM / 6),pass_accuracy_pct,0.2,77.953,6.6,196
375598,Ngal'ayel Mukau,defensive_midfielder,Defensive Midfielder (DM / 6),pass_accuracy_pct,0.2,88.288,76.0,196
162122,Adrià Altimira,defensive_midfielder,Defensive Midfielder (DM / 6),pass_accuracy_pct,0.2,87.654,71.9,196
2207,Eduardo Camavinga,defensive_midfielder,Defensive Midfielder (DM / 6),pass_accuracy_pct,0.2,93.548,100.0,196
327599,Yassine Titraoui,defensive_midfielder,Defensive Midfielder (DM / 6),pass_accuracy_pct,0.2,89.412,85.7,196
4458,Aliou Dieng,defensive_midfielder,Defensive Midfielder (DM / 6),pass_accuracy_pct,0.2,88.182,75.0,196
47566,Javi Galán,defensive_midfielder,Defensive Midfielder (DM / 6),pass_accuracy_pct,0.2,83.333,26.0,196
1825,Lucas Torró,defensive_midfielder,Defensive Midfielder (DM / 6),pass_accuracy_pct,0.2,79.279,8.2,196
274300,M. Akliouche,defensive_midfielder,Defensive Midfielder (DM / 6),pass_accuracy_pct,0.2,89.937,89.3,196
274254,Lucas Bretelle,defensive_midfielder,Defensive Midfielder (DM / 6),pass_accuracy_pct,0.2,89.0,80.6,196
156490,Niels Nkounkou,defensive_midfielder,Defensive Midfielder (DM / 6),pass_accuracy_pct,0.2,78.873,7.7,196
2204,Benjamin André,defensive_midfielder,Defensive Midfielder (DM / 6),pass_accuracy_pct,0.2,86.667,60.2,196
383780,Mikel Jauregizar,defensive_midfielder,Defensive Midfielder (DM / 6),pass_accuracy_pct,0.2,86.4,56.6,196
162067,Timothee Pembele,defensive_midfielder,Defensive Midfielder (DM / 6),pass_accuracy_pct,0.2,77.049,5.6,196
7328,N. Seiwald,defensive_midfielder,Defensive Midfielder (DM / 6),pass_accuracy_pct,0.2,89.423,85.7,196
30785,A. Schäfer,defensive_midfielder,Defensive Midfielder (DM / 6),pass_accuracy_pct,0.2,85.714,47.4,196
1153,Amadou Haidara,defensive_midfielder,Defensive Midfielder (DM / 6),pass_accuracy_pct,0.2,88.462,77.6,196
548809,Gnangoro Bouaré,defensive_midfielder,Defensive Midfielder (DM / 6),pass_accuracy_pct,0.2,84.058,30.6,196
542,Ryan Gravenberch,defensive_midfielder,Defensive Midfielder (DM / 6),pass_accuracy_pct,0.2,89.623,86.7,196
162465,Melvin Bard,defensive_midfielder,Defensive Midfielder (DM / 6),pass_accuracy_pct,0.2,82.716,23.5,196
37749,J. Veerman,defensive_midfielder,Defensive Midfielder (DM / 6),pass_accuracy_pct,0.2,84.615,34.7,196
348205,Petar Sučić,defensive_midfielder,Defensive Midfielder (DM / 6),pass_accuracy_pct,0.2,88.0,73.0,196
21004,Lucien Agoumé,defensive_midfielder,Defensive Midfielder (DM / 6),dribble_success_pct,0.05,66.667,82.1,196
183751,Abderrahman Rebbach,defensive_midfielder,Defensive Midfielder (DM / 6),dribble_success_pct,0.05,47.059,24.5,196
24882,Orel Mangala,defensive_midfielder,Defensive Midfielder (DM / 6),dribble_success_pct,0.05,75.0,94.4,196
346865,Lorenzo Amatucci,defensive_midfielder,Defensive Midfielder (DM / 6),dribble_success_pct,0.05,28.571,4.1,196
162686,Antonio Blanco,defensive_midfielder,Defensive Midfielder (DM / 6),dribble_success_pct,0.05,20.0,0.8,196
48465,Filip Ugrinić,defensive_midfielder,Defensive Midfielder (DM / 6),dribble_success_pct,0.05,33.333,8.2,196
46662,Jon Moncayola,defensive_midfielder,Defensive Midfielder (DM / 6),dribble_success_pct,0.05,100.0,99.7,196
162123,Ilaix Moriba,defensive_midfielder,Defensive Midfielder (DM / 6),dribble_success_pct,0.05,66.667,82.1,196
182621,Iker Muñoz,defensive_midfielder,Defensive Midfielder (DM / 6),dribble_success_pct,0.05,50.0,37.2,196
162034,Carlos Dotor,defensive_midfielder,Defensive Midfielder (DM / 6),dribble_success_pct,0.05,66.667,82.1,196
2279,Ethan Ampadu,defensive_midfielder,Defensive Midfielder (DM / 6),dribble_success_pct,0.05,100.0,99.7,196
1464,Granit Xhaka,defensive_midfielder,Defensive Midfielder (DM / 6),dribble_success_pct,0.05,66.667,82.1,196
323625,K. Danois,defensive_midfielder,Defensive Midfielder (DM / 6),dribble_success_pct,0.05,80.0,96.7,196
374058,Lamine Camara,defensive_midfielder,Defensive Midfielder (DM / 6),dribble_success_pct,0.05,54.545,54.6,196
44814,Lewis Ferguson,defensive_midfielder,Defensive Midfielder (DM / 6),dribble_success_pct,0.05,33.333,8.2,196
15881,Morten Frendrup,defensive_midfielder,Defensive Midfielder (DM / 6),dribble_success_pct,0.05,60.0,69.9,196
22170,Pierre Lees Melou,defensive_midfielder,Defensive Midfielder (DM / 6),dribble_success_pct,0.05,100.0,99.7,196
25073,V. Janelt,defensive_midfielder,Defensive Midfielder (DM / 6),dribble_success_pct,0.05,100.0,99.7,196
177665,Anton Stach,defensive_midfielder,Defensive Midfielder (DM / 6),dribble_success_pct,0.05,28.571,4.1,196
1904,Boubacar Kamara,defensive_midfielder,Defensive Midfielder (DM / 6),dribble_success_pct,0.05,50.0,37.2,196
23363,Noah Cadiou,defensive_midfielder,Defensive Midfielder (DM / 6),dribble_success_pct,0.05,50.0,37.2,196
308836,Mandela Keita,defensive_midfielder,Defensive Midfielder (DM / 6),dribble_success_pct,0.05,42.857,16.8,196
17670,Regan Slater,defensive_midfielder,Defensive Midfielder (DM / 6),dribble_success_pct,0.05,100.0,99.7,196
47439,Stanislav Lobotka,defensive_midfielder,Defensive Midfielder (DM / 6),dribble_success_pct,0.05,100.0,99.7,196
288102,Adam Wharton,defensive_midfielder,Defensive Midfielder (DM / 6),dribble_success_pct,0.05,100.0,99.7,196
2810,Denis Zakaria,defensive_midfielder,Defensive Midfielder (DM / 6),dribble_success_pct,0.05,62.5,77.3,196
364093,Simon Ebonog,defensive_midfielder,Defensive Midfielder (DM / 6),dribble_success_pct,0.05,60.0,69.9,196
21102,V. Rongier,defensive_midfielder,Defensive Midfielder (DM / 6),dribble_success_pct,0.05,100.0,99.7,196
8586,Mërgim Vojvoda,defensive_midfielder,Defensive Midfielder (DM / 6),dribble_success_pct,0.05,50.0,37.2,196
31146,Sandro Tonali,defensive_midfielder,Defensive Midfielder (DM / 6),dribble_success_pct,0.05,66.667,82.1,196
778,Bryan Cristante,defensive_midfielder,Defensive Midfielder (DM / 6),dribble_success_pct,0.05,50.0,37.2,196
107153,Kike Pérez,defensive_midfielder,Defensive Midfielder (DM / 6),dribble_success_pct,0.05,11.111,0.5,196
316519,Facundo Bernal,defensive_midfielder,Defensive Midfielder (DM / 6),dribble_success_pct,0.05,100.0,99.7,196
182,Harry Winks,defensive_midfielder,Defensive Midfielder (DM / 6),dribble_success_pct,0.05,,,196
47341,Marc Roca,defensive_midfielder,Defensive Midfielder (DM / 6),dribble_success_pct,0.05,100.0,99.7,196
138908,Elliot Anderson,defensive_midfielder,Defensive Midfielder (DM / 6),dribble_success_pct,0.05,66.667,82.1,196
365331,Noah Sadiki,defensive_midfielder,Defensive Midfielder (DM / 6),dribble_success_pct,0.05,66.667,82.1,196
337523,Dani Lorenzo,defensive_midfielder,Defensive Midfielder (DM / 6),dribble_success_pct,0.05,73.333,93.4,196
2926,Youri Tielemans,defensive_midfielder,Defensive Midfielder (DM / 6),dribble_success_pct,0.05,40.0,12.5,196
2449,Yangel Herrera,defensive_midfielder,Defensive Midfielder (DM / 6),dribble_success_pct,0.05,66.667,82.1,196
1700,Iván Martín,defensive_midfielder,Defensive Midfielder (DM / 6),dribble_success_pct,0.05,55.556,55.6,196
328105,Lewis Miley,defensive_midfielder,Defensive Midfielder (DM / 6),dribble_success_pct,0.05,75.0,94.4,196
281096,Patrizio Masini,defensive_midfielder,Defensive Midfielder (DM / 6),dribble_success_pct,0.05,50.0,37.2,196
371950,A. Piedfort,defensive_midfielder,Defensive Midfielder (DM / 6),dribble_success_pct,0.05,100.0,99.7,196
162189,M. Bidstrup,defensive_midfielder,Defensive Midfielder (DM / 6),dribble_success_pct,0.05,50.0,37.2,196
338735,Anan Khalaili,defensive_midfielder,Defensive Midfielder (DM / 6),dribble_success_pct,0.05,54.545,54.6,196
1095,Xaver Schlager,defensive_midfielder,Defensive Midfielder (DM / 6),dribble_success_pct,0.05,100.0,99.7,196
179955,Javier Rueda,defensive_midfielder,Defensive Midfielder (DM / 6),dribble_success_pct,0.05,57.143,60.7,196
332307,Beñat Gerenabarrena,defensive_midfielder,Defensive Midfielder (DM / 6),dribble_success_pct,0.05,,,196
863,Rodrigo Bentancur,defensive_midfielder,Defensive Midfielder (DM / 6),dribble_success_pct,0.05,50.0,37.2,196
47109,Óscar Valentín,defensive_midfielder,Defensive Midfielder (DM / 6),dribble_success_pct,0.05,100.0,99.7,196
198654,D. Svensson,defensive_midfielder,Defensive Midfielder (DM / 6),dribble_success_pct,0.05,33.333,8.2,196
353143,Hennes Behrens,defensive_midfielder,Defensive Midfielder (DM / 6),dribble_success_pct,0.05,75.0,94.4,196
876,Nicolò Fagioli,defensive_midfielder,Defensive Midfielder (DM / 6),dribble_success_pct,0.05,66.667,82.1,196
24969,Philipp Sander,defensive_midfielder,Defensive Midfielder (DM / 6),dribble_success_pct,0.05,33.333,8.2,196
363156,S. Castañeda,defensive_midfielder,Defensive Midfielder (DM / 6),dribble_success_pct,0.05,,,196
284322,Kobbie Mainoo,defensive_midfielder,Defensive Midfielder (DM / 6),dribble_success_pct,0.05,76.923,95.4,196
47541,Santi Comesaña,defensive_midfielder,Defensive Midfielder (DM / 6),dribble_success_pct,0.05,66.667,82.1,196
44,Rodri,defensive_midfielder,Defensive Midfielder (DM / 6),dribble_success_pct,0.05,50.0,37.2,196
7712,Morten Hjulmand,defensive_midfielder,Defensive Midfielder (DM / 6),dribble_success_pct,0.05,100.0,99.7,196
162249,Francho Serrano,defensive_midfielder,Defensive Midfielder (DM / 6),dribble_success_pct,0.05,50.0,37.2,196
390586,L. Avdullahu,defensive_midfielder,Defensive Midfielder (DM / 6),dribble_success_pct,0.05,0.0,0.3,196
37153,W. Burger,defensive_midfielder,Defensive Midfielder (DM / 6),dribble_success_pct,0.05,50.0,37.2,196
25915,Phillipp Mwene,defensive_midfielder,Defensive Midfielder (DM / 6),dribble_success_pct,0.05,50.0,37.2,196
895,James Garner,defensive_midfielder,Defensive Midfielder (DM / 6),dribble_success_pct,0.05,,,196
335051,João Neves,defensive_midfielder,Defensive Midfielder (DM / 6),dribble_success_pct,0.05,0.0,0.3,196
162106,Yunus Musah,defensive_midfielder,Defensive Midfielder (DM / 6),dribble_success_pct,0.05,57.143,60.7,196
38124,L. Reis,defensive_midfielder,Defensive Midfielder (DM / 6),dribble_success_pct,0.05,50.0,37.2,196
333116,Reda Belahyane,defensive_midfielder,Defensive Midfielder (DM / 6),dribble_success_pct,0.05,25.0,2.3,196
598615,Emanuele Lulli,defensive_midfielder,Defensive Midfielder (DM / 6),dribble_success_pct,0.05,66.667,82.1,196
277306,M. Sangaré,defensive_midfielder,Defensive Midfielder (DM / 6),dribble_success_pct,0.05,66.667,82.1,196
2476,Guido Rodríguez,defensive_midfielder,Defensive Midfielder (DM / 6),dribble_success_pct,0.05,50.0,37.2,196
342268,L. Ulrich,defensive_midfielder,Defensive Midfielder (DM / 6),dribble_success_pct,0.05,,,196
402265,Arthur Avom Ebong,defensive_midfielder,Defensive Midfielder (DM / 6),dribble_success_pct,0.05,33.333,8.2,196
339417,Pape Diop,defensive_midfielder,Defensive Midfielder (DM / 6),dribble_success_pct,0.05,100.0,99.7,196
754,Luka Modrić,defensive_midfielder,Defensive Midfielder (DM / 6),dribble_success_pct,0.05,40.0,12.5,196
6716,Alexis Mac Allister,defensive_midfielder,Defensive Midfielder (DM / 6),dribble_success_pct,0.05,40.0,12.5,196
548704,Javi Morcillo,defensive_midfielder,Defensive Midfielder (DM / 6),dribble_success_pct,0.05,,,196
56851,Michael Folorunsho,defensive_midfielder,Defensive Midfielder (DM / 6),dribble_success_pct,0.05,33.333,8.2,196
284356,Shea Charles,defensive_midfielder,Defensive Midfielder (DM / 6),dribble_success_pct,0.05,75.0,94.4,196
455245,Darryl Bakola,defensive_midfielder,Defensive Midfielder (DM / 6),dribble_success_pct,0.05,62.5,77.3,196
326757,J. Bellingham,defensive_midfielder,Defensive Midfielder (DM / 6),dribble_success_pct,0.05,75.0,94.4,196
294824,Nathan-Dylan Saliba,defensive_midfielder,Defensive Midfielder (DM / 6),dribble_success_pct,0.05,33.333,8.2,196
325,Gianluca Gaetano,defensive_midfielder,Defensive Midfielder (DM / 6),dribble_success_pct,0.05,66.667,82.1,196
1258,Alexandre Lauray,defensive_midfielder,Defensive Midfielder (DM / 6),dribble_success_pct,0.05,66.667,82.1,196
1150,Tyler Adams,defensive_midfielder,Defensive Midfielder (DM / 6),dribble_success_pct,0.05,0.0,0.3,196
46731,Pervis Estupiñán,defensive_midfielder,Defensive Midfielder (DM / 6),dribble_success_pct,0.05,100.0,99.7,196
21568,Ruben Aguilar,defensive_midfielder,Defensive Midfielder (DM / 6),dribble_success_pct,0.05,25.0,2.3,196
6002,Exequiel Palacios,defensive_midfielder,Defensive Midfielder (DM / 6),dribble_success_pct,0.05,0.0,0.3,196
47085,Luis Milla,defensive_midfielder,Defensive Midfielder (DM / 6),dribble_success_pct,0.05,100.0,99.7,196
237087,E. Fernández,defensive_midfielder,Defensive Midfielder (DM / 6),dribble_success_pct,0.05,40.0,12.5,196
161907,M. Gusto,defensive_midfielder,Defensive Midfielder (DM / 6),dribble_success_pct,0.05,100.0,99.7,196
40809,Michal Skoras,defensive_midfielder,Defensive Midfielder (DM / 6),dribble_success_pct,0.05,33.333,8.2,196
174703,Théo Le Bris,defensive_midfielder,Defensive Midfielder (DM / 6),dribble_success_pct,0.05,83.333,98.0,196
20558,H. Magnetti,defensive_midfielder,Defensive Midfielder (DM / 6),dribble_success_pct,0.05,100.0,99.7,196
30533,Manuel Locatelli,defensive_midfielder,Defensive Midfielder (DM / 6),dribble_success_pct,0.05,,,196
277003,N. El Aynaoui,defensive_midfielder,Defensive Midfielder (DM / 6),dribble_success_pct,0.05,33.333,8.2,196
282125,R. Lavia,defensive_midfielder,Defensive Midfielder (DM / 6),dribble_success_pct,0.05,50.0,37.2,196
32966,Ao Tanaka,defensive_midfielder,Defensive Midfielder (DM / 6),dribble_success_pct,0.05,75.0,94.4,196
33142,S. Tanaka,defensive_midfielder,Defensive Midfielder (DM / 6),dribble_success_pct,0.05,100.0,99.7,196
1427,A. Sambi Lokonga,defensive_midfielder,Defensive Midfielder (DM / 6),dribble_success_pct,0.05,50.0,37.2,196
37144,Ridgeciano Haps,defensive_midfielder,Defensive Midfielder (DM / 6),dribble_success_pct,0.05,66.667,82.1,196
161883,Y. Regeer,defensive_midfielder,Defensive Midfielder (DM / 6),dribble_success_pct,0.05,100.0,99.7,196
283252,Z. El Ouahdi,defensive_midfielder,Defensive Midfielder (DM / 6),dribble_success_pct,0.05,60.0,69.9,196
343558,Lennon Miller,defensive_midfielder,Defensive Midfielder (DM / 6),dribble_success_pct,0.05,83.333,98.0,196
47969,Gabriel Gudmundsson,defensive_midfielder,Defensive Midfielder (DM / 6),dribble_success_pct,0.05,37.5,11.2,196
334925,Oumar Ngom,defensive_midfielder,Defensive Midfielder (DM / 6),dribble_success_pct,0.05,100.0,99.7,196
375598,Ngal'ayel Mukau,defensive_midfielder,Defensive Midfielder (DM / 6),dribble_success_pct,0.05,100.0,99.7,196
162122,Adrià Altimira,defensive_midfielder,Defensive Midfielder (DM / 6),dribble_success_pct,0.05,16.667,0.5,196
2207,Eduardo Camavinga,defensive_midfielder,Defensive Midfielder (DM / 6),dribble_success_pct,0.05,100.0,99.7,196
327599,Yassine Titraoui,defensive_midfielder,Defensive Midfielder (DM / 6),dribble_success_pct,0.05,25.0,2.3,196
4458,Aliou Dieng,defensive_midfielder,Defensive Midfielder (DM / 6),dribble_success_pct,0.05,75.0,94.4,196
47566,Javi Galán,defensive_midfielder,Defensive Midfielder (DM / 6),dribble_success_pct,0.05,42.857,16.8,196
1825,Lucas Torró,defensive_midfielder,Defensive Midfielder (DM / 6),dribble_success_pct,0.05,100.0,99.7,196
274300,M. Akliouche,defensive_midfielder,Defensive Midfielder (DM / 6),dribble_success_pct,0.05,20.0,0.8,196
274254,Lucas Bretelle,defensive_midfielder,Defensive Midfielder (DM / 6),dribble_success_pct,0.05,0.0,0.3,196
156490,Niels Nkounkou,defensive_midfielder,Defensive Midfielder (DM / 6),dribble_success_pct,0.05,22.222,2.0,196
2204,Benjamin André,defensive_midfielder,Defensive Midfielder (DM / 6),dribble_success_pct,0.05,33.333,8.2,196
383780,Mikel Jauregizar,defensive_midfielder,Defensive Midfielder (DM / 6),dribble_success_pct,0.05,0.0,0.3,196
162067,Timothee Pembele,defensive_midfielder,Defensive Midfielder (DM / 6),dribble_success_pct,0.05,50.0,37.2,196
7328,N. Seiwald,defensive_midfielder,Defensive Midfielder (DM / 6),dribble_success_pct,0.05,100.0,99.7,196
30785,A. Schäfer,defensive_midfielder,Defensive Midfielder (DM / 6),dribble_success_pct,0.05,40.0,12.5,196
1153,Amadou Haidara,defensive_midfielder,Defensive Midfielder (DM / 6),dribble_success_pct,0.05,,,196
548809,Gnangoro Bouaré,defensive_midfielder,Defensive Midfielder (DM / 6),dribble_success_pct,0.05,100.0,99.7,196
542,Ryan Gravenberch,defensive_midfielder,Defensive Midfielder (DM / 6),dribble_success_pct,0.05,,,196
162465,Melvin Bard,defensive_midfielder,Defensive Midfielder (DM / 6),dribble_success_pct,0.05,0.0,0.3,196
37749,J. Veerman,defensive_midfielder,Defensive Midfielder (DM / 6),dribble_success_pct,0.05,100.0,99.7,196
348205,Petar Sučić,defensive_midfielder,Defensive Midfielder (DM / 6),dribble_success_pct,0.05,50.0,37.2,196
47543,Álvaro García,box_to_box_midfielder,Box-to-Box Midfielder (CM / 8),dribble_success_pct,0.15,33.333,27.1,133
182603,Jon Ander Olasagasti,box_to_box_midfielder,Box-to-Box Midfielder (CM / 8),dribble_success_pct,0.15,44.444,67.7,133
323935,Giuliano Simeone,box_to_box_midfielder,Box-to-Box Midfielder (CM / 8),dribble_success_pct,0.15,25.0,8.6,133
106727,Oriol Rey,box_to_box_midfielder,Box-to-Box Midfielder (CM / 8),dribble_success_pct,0.15,0.0,0.8,133
157988,Sergio Carreira,box_to_box_midfielder,Box-to-Box Midfielder (CM / 8),dribble_success_pct,0.15,57.143,91.0,133
91358,Emanuele Valeri,box_to_box_midfielder,Box-to-Box Midfielder (CM / 8),dribble_success_pct,0.15,50.0,80.5,133
402386,Arsène Kouassi,box_to_box_midfielder,Box-to-Box Midfielder (CM / 8),dribble_success_pct,0.15,33.333,27.1,133
48047,Jesper Karlström,box_to_box_midfielder,Box-to-Box Midfielder (CM / 8),dribble_success_pct,0.15,50.0,80.5,133
405360,Harrison Armstrong,box_to_box_midfielder,Box-to-Box Midfielder (CM / 8),dribble_success_pct,0.15,40.0,49.2,133
394183,Alessandro Romano,box_to_box_midfielder,Box-to-Box Midfielder (CM / 8),dribble_success_pct,0.15,28.571,15.0,133
19260,Jay DaSilva,box_to_box_midfielder,Box-to-Box Midfielder (CM / 8),dribble_success_pct,0.15,70.0,99.6,133
174708,Y. Belkhdim,box_to_box_midfielder,Box-to-Box Midfielder (CM / 8),dribble_success_pct,0.15,0.0,0.8,133
19328,Matt Grimes,box_to_box_midfielder,Box-to-Box Midfielder (CM / 8),dribble_success_pct,0.15,0.0,0.8,133
183699,Urko González,box_to_box_midfielder,Box-to-Box Midfielder (CM / 8),dribble_success_pct,0.15,50.0,80.5,133
89520,Mikael Ellertsson,box_to_box_midfielder,Box-to-Box Midfielder (CM / 8),dribble_success_pct,0.15,60.0,92.5,133
504157,Djibril Coulibaly,box_to_box_midfielder,Box-to-Box Midfielder (CM / 8),dribble_success_pct,0.15,40.0,49.2,133
394372,Izan Merino,box_to_box_midfielder,Box-to-Box Midfielder (CM / 8),dribble_success_pct,0.15,0.0,0.8,133
38749,Kenneth Taylor,box_to_box_midfielder,Box-to-Box Midfielder (CM / 8),dribble_success_pct,0.15,33.333,27.1,133
182201,Tyrick Mitchell,box_to_box_midfielder,Box-to-Box Midfielder (CM / 8),dribble_success_pct,0.15,50.0,80.5,133
10097,Éderson,box_to_box_midfielder,Box-to-Box Midfielder (CM / 8),dribble_success_pct,0.15,25.0,8.6,133
335162,M. Diop,box_to_box_midfielder,Box-to-Box Midfielder (CM / 8),dribble_success_pct,0.15,33.333,27.1,133
264,Thomas Meunier,box_to_box_midfielder,Box-to-Box Midfielder (CM / 8),dribble_success_pct,0.15,33.333,27.1,133
299923,Mohamed Belloumi,box_to_box_midfielder,Box-to-Box Midfielder (CM / 8),dribble_success_pct,0.15,50.0,80.5,133
400510,Diogo Sousa,box_to_box_midfielder,Box-to-Box Midfielder (CM / 8),dribble_success_pct,0.15,33.333,27.1,133
20692,H. Abdelli,box_to_box_midfielder,Box-to-Box Midfielder (CM / 8),dribble_success_pct,0.15,50.0,80.5,133
1489,Nemanja Gudelj,box_to_box_midfielder,Box-to-Box Midfielder (CM / 8),dribble_success_pct,0.15,50.0,80.5,133
46658,Rubén García,box_to_box_midfielder,Box-to-Box Midfielder (CM / 8),dribble_success_pct,0.15,40.0,49.2,133
162590,T. Morton,box_to_box_midfielder,Box-to-Box Midfielder (CM / 8),dribble_success_pct,0.15,0.0,0.8,133
7562,Romano Schmid,box_to_box_midfielder,Box-to-Box Midfielder (CM / 8),dribble_success_pct,0.15,33.333,27.1,133
260898,N. Remberg,box_to_box_midfielder,Box-to-Box Midfielder (CM / 8),dribble_success_pct,0.15,0.0,0.8,133
25300,R. Khedira,box_to_box_midfielder,Box-to-Box Midfielder (CM / 8),dribble_success_pct,0.15,,,133
162219,R. Onyedika,box_to_box_midfielder,Box-to-Box Midfielder (CM / 8),dribble_success_pct,0.15,0.0,0.8,133
363226,Rayan Bamba,box_to_box_midfielder,Box-to-Box Midfielder (CM / 8),dribble_success_pct,0.15,37.5,42.1,133
280090,S. El-Faouzi,box_to_box_midfielder,Box-to-Box Midfielder (CM / 8),dribble_success_pct,0.15,63.636,96.2,133
40533,Ł. Poręba,box_to_box_midfielder,Box-to-Box Midfielder (CM / 8),dribble_success_pct,0.15,,,133
24854,G. Prömel,box_to_box_midfielder,Box-to-Box Midfielder (CM / 8),dribble_success_pct,0.15,0.0,0.8,133
104821,Jon Guridi,box_to_box_midfielder,Box-to-Box Midfielder (CM / 8),dribble_success_pct,0.15,33.333,27.1,133
178709,Y. Engelhardt,box_to_box_midfielder,Box-to-Box Midfielder (CM / 8),dribble_success_pct,0.15,25.0,8.6,133
1156,T. Krauß,box_to_box_midfielder,Box-to-Box Midfielder (CM / 8),dribble_success_pct,0.15,0.0,0.8,133
280070,F. Keidel,box_to_box_midfielder,Box-to-Box Midfielder (CM / 8),dribble_success_pct,0.15,60.0,92.5,133
7592,R. Obermair,box_to_box_midfielder,Box-to-Box Midfielder (CM / 8),dribble_success_pct,0.15,50.0,80.5,133
343286,E. Banzuzi,box_to_box_midfielder,Box-to-Box Midfielder (CM / 8),dribble_success_pct,0.15,33.333,27.1,133
24845,J. Ryerson,box_to_box_midfielder,Box-to-Box Midfielder (CM / 8),dribble_success_pct,0.15,12.5,1.9,133
15799,Frank Onyeka,box_to_box_midfielder,Box-to-Box Midfielder (CM / 8),dribble_success_pct,0.15,0.0,0.8,133
338201,H. Picard,box_to_box_midfielder,Box-to-Box Midfielder (CM / 8),dribble_success_pct,0.15,0.0,0.8,133
2771,Ola Aina,box_to_box_midfielder,Box-to-Box Midfielder (CM / 8),dribble_success_pct,0.15,50.0,80.5,133
25634,Michaël Cuisance,box_to_box_midfielder,Box-to-Box Midfielder (CM / 8),dribble_success_pct,0.15,30.0,16.2,133
143831,R. Fellhauer,box_to_box_midfielder,Box-to-Box Midfielder (CM / 8),dribble_success_pct,0.15,0.0,0.8,133
137210,A. Stiller,box_to_box_midfielder,Box-to-Box Midfielder (CM / 8),dribble_success_pct,0.15,0.0,0.8,133
364566,George Hemmings,box_to_box_midfielder,Box-to-Box Midfielder (CM / 8),dribble_success_pct,0.15,50.0,80.5,133
951,M. Aebischer,box_to_box_midfielder,Box-to-Box Midfielder (CM / 8),dribble_success_pct,0.15,0.0,0.8,133
410840,Ryunosuke Sato,box_to_box_midfielder,Box-to-Box Midfielder (CM / 8),dribble_success_pct,0.15,16.667,3.0,133
362750,Thiago Fernández,box_to_box_midfielder,Box-to-Box Midfielder (CM / 8),dribble_success_pct,0.15,81.818,100.0,133
341234,Elias Jelert,box_to_box_midfielder,Box-to-Box Midfielder (CM / 8),dribble_success_pct,0.15,33.333,27.1,133
322865,D. Karim,box_to_box_midfielder,Box-to-Box Midfielder (CM / 8),dribble_success_pct,0.15,50.0,80.5,133
343189,Gvidas Gineitis,box_to_box_midfielder,Box-to-Box Midfielder (CM / 8),dribble_success_pct,0.15,0.0,0.8,133
439578,David Otorbi,box_to_box_midfielder,Box-to-Box Midfielder (CM / 8),dribble_success_pct,0.15,42.857,61.7,133
475575,Caleb Yirenkyi,box_to_box_midfielder,Box-to-Box Midfielder (CM / 8),dribble_success_pct,0.15,25.0,8.6,133
33224,Daizen Maeda,box_to_box_midfielder,Box-to-Box Midfielder (CM / 8),dribble_success_pct,0.15,0.0,0.8,133
309388,Matteo Prati,box_to_box_midfielder,Box-to-Box Midfielder (CM / 8),dribble_success_pct,0.15,50.0,80.5,133
13736,Daniel Muñoz,box_to_box_midfielder,Box-to-Box Midfielder (CM / 8),dribble_success_pct,0.15,0.0,0.8,133
226765,Elliot Stroud,box_to_box_midfielder,Box-to-Box Midfielder (CM / 8),dribble_success_pct,0.15,100.0,100.0,133
56560,Youssef Maleh,box_to_box_midfielder,Box-to-Box Midfielder (CM / 8),dribble_success_pct,0.15,0.0,0.8,133
31273,Tommaso Pobega,box_to_box_midfielder,Box-to-Box Midfielder (CM / 8),dribble_success_pct,0.15,0.0,0.8,133
265782,D. Møller Wolfe,box_to_box_midfielder,Box-to-Box Midfielder (CM / 8),dribble_success_pct,0.15,0.0,0.8,133
499380,Sascha Britschgi,box_to_box_midfielder,Box-to-Box Midfielder (CM / 8),dribble_success_pct,0.15,25.0,8.6,133
129711,Brennan Johnson,box_to_box_midfielder,Box-to-Box Midfielder (CM / 8),dribble_success_pct,0.15,100.0,100.0,133
30422,R. Gosens,box_to_box_midfielder,Box-to-Box Midfielder (CM / 8),dribble_success_pct,0.15,0.0,0.8,133
107210,Riki Rodríguez,box_to_box_midfielder,Box-to-Box Midfielder (CM / 8),dribble_success_pct,0.15,50.0,80.5,133
202526,E. Dinkçi,box_to_box_midfielder,Box-to-Box Midfielder (CM / 8),dribble_success_pct,0.15,0.0,0.8,133
327831,A. Kemlein,box_to_box_midfielder,Box-to-Box Midfielder (CM / 8),dribble_success_pct,0.15,50.0,80.5,133
542861,R. Sato,box_to_box_midfielder,Box-to-Box Midfielder (CM / 8),dribble_success_pct,0.15,33.333,27.1,133
119121,Trai Hume,box_to_box_midfielder,Box-to-Box Midfielder (CM / 8),dribble_success_pct,0.15,0.0,0.8,133
215827,F. Oppegård,box_to_box_midfielder,Box-to-Box Midfielder (CM / 8),dribble_success_pct,0.15,60.0,92.5,133
19666,Matt Crooks,box_to_box_midfielder,Box-to-Box Midfielder (CM / 8),dribble_success_pct,0.15,0.0,0.8,133
24798,C. Führich,box_to_box_midfielder,Box-to-Box Midfielder (CM / 8),dribble_success_pct,0.15,0.0,0.8,133
48491,Vincent Sierro,box_to_box_midfielder,Box-to-Box Midfielder (CM / 8),dribble_success_pct,0.15,0.0,0.8,133
1725,D. Ljubičić,box_to_box_midfielder,Box-to-Box Midfielder (CM / 8),dribble_success_pct,0.15,20.0,4.5,133
2763,Mario Pašalić,box_to_box_midfielder,Box-to-Box Midfielder (CM / 8),dribble_success_pct,0.15,33.333,27.1,133
18872,Lewis Cook,box_to_box_midfielder,Box-to-Box Midfielder (CM / 8),dribble_success_pct,0.15,,,133
641317,Aaron Mayol,box_to_box_midfielder,Box-to-Box Midfielder (CM / 8),dribble_success_pct,0.15,66.667,97.7,133
47543,Álvaro García,box_to_box_midfielder,Box-to-Box Midfielder (CM / 8),duel_win_pct,0.15,38.462,9.0,133
182603,Jon Ander Olasagasti,box_to_box_midfielder,Box-to-Box Midfielder (CM / 8),duel_win_pct,0.15,50.0,80.1,133
323935,Giuliano Simeone,box_to_box_midfielder,Box-to-Box Midfielder (CM / 8),duel_win_pct,0.15,47.887,63.9,133
106727,Oriol Rey,box_to_box_midfielder,Box-to-Box Midfielder (CM / 8),duel_win_pct,0.15,40.0,14.3,133
157988,Sergio Carreira,box_to_box_midfielder,Box-to-Box Midfielder (CM / 8),duel_win_pct,0.15,48.148,64.7,133
91358,Emanuele Valeri,box_to_box_midfielder,Box-to-Box Midfielder (CM / 8),duel_win_pct,0.15,58.621,99.2,133
402386,Arsène Kouassi,box_to_box_midfielder,Box-to-Box Midfielder (CM / 8),duel_win_pct,0.15,50.0,80.1,133
48047,Jesper Karlström,box_to_box_midfielder,Box-to-Box Midfielder (CM / 8),duel_win_pct,0.15,50.0,80.1,133
405360,Harrison Armstrong,box_to_box_midfielder,Box-to-Box Midfielder (CM / 8),duel_win_pct,0.15,36.842,6.8,133
394183,Alessandro Romano,box_to_box_midfielder,Box-to-Box Midfielder (CM / 8),duel_win_pct,0.15,47.368,60.9,133
19260,Jay DaSilva,box_to_box_midfielder,Box-to-Box Midfielder (CM / 8),duel_win_pct,0.15,50.0,80.1,133
174708,Y. Belkhdim,box_to_box_midfielder,Box-to-Box Midfielder (CM / 8),duel_win_pct,0.15,44.737,39.1,133
19328,Matt Grimes,box_to_box_midfielder,Box-to-Box Midfielder (CM / 8),duel_win_pct,0.15,60.606,100.0,133
183699,Urko González,box_to_box_midfielder,Box-to-Box Midfielder (CM / 8),duel_win_pct,0.15,35.135,3.8,133
89520,Mikael Ellertsson,box_to_box_midfielder,Box-to-Box Midfielder (CM / 8),duel_win_pct,0.15,51.282,82.0,133
504157,Djibril Coulibaly,box_to_box_midfielder,Box-to-Box Midfielder (CM / 8),duel_win_pct,0.15,38.182,9.0,133
394372,Izan Merino,box_to_box_midfielder,Box-to-Box Midfielder (CM / 8),duel_win_pct,0.15,29.412,0.0,133
38749,Kenneth Taylor,box_to_box_midfielder,Box-to-Box Midfielder (CM / 8),duel_win_pct,0.15,43.59,32.3,133
182201,Tyrick Mitchell,box_to_box_midfielder,Box-to-Box Midfielder (CM / 8),duel_win_pct,0.15,48.485,68.4,133
10097,Éderson,box_to_box_midfielder,Box-to-Box Midfielder (CM / 8),duel_win_pct,0.15,45.161,43.6,133
335162,M. Diop,box_to_box_midfielder,Box-to-Box Midfielder (CM / 8),duel_win_pct,0.15,35.556,3.8,133
264,Thomas Meunier,box_to_box_midfielder,Box-to-Box Midfielder (CM / 8),duel_win_pct,0.15,34.783,3.8,133
299923,Mohamed Belloumi,box_to_box_midfielder,Box-to-Box Midfielder (CM / 8),duel_win_pct,0.15,50.0,80.1,133
400510,Diogo Sousa,box_to_box_midfielder,Box-to-Box Midfielder (CM / 8),duel_win_pct,0.15,25.806,0.0,133
20692,H. Abdelli,box_to_box_midfielder,Box-to-Box Midfielder (CM / 8),duel_win_pct,0.15,43.478,31.6,133
1489,Nemanja Gudelj,box_to_box_midfielder,Box-to-Box Midfielder (CM / 8),duel_win_pct,0.15,50.0,80.1,133
46658,Rubén García,box_to_box_midfielder,Box-to-Box Midfielder (CM / 8),duel_win_pct,0.15,54.762,95.5,133
162590,T. Morton,box_to_box_midfielder,Box-to-Box Midfielder (CM / 8),duel_win_pct,0.15,46.154,51.1,133
7562,Romano Schmid,box_to_box_midfielder,Box-to-Box Midfielder (CM / 8),duel_win_pct,0.15,41.176,18.0,133
260898,N. Remberg,box_to_box_midfielder,Box-to-Box Midfielder (CM / 8),duel_win_pct,0.15,50.0,80.1,133
25300,R. Khedira,box_to_box_midfielder,Box-to-Box Midfielder (CM / 8),duel_win_pct,0.15,56.667,97.7,133
162219,R. Onyedika,box_to_box_midfielder,Box-to-Box Midfielder (CM / 8),duel_win_pct,0.15,56.757,97.7,133
363226,Rayan Bamba,box_to_box_midfielder,Box-to-Box Midfielder (CM / 8),duel_win_pct,0.15,50.0,80.1,133
280090,S. El-Faouzi,box_to_box_midfielder,Box-to-Box Midfielder (CM / 8),duel_win_pct,0.15,44.828,39.1,133
40533,Ł. Poręba,box_to_box_midfielder,Box-to-Box Midfielder (CM / 8),duel_win_pct,0.15,32.0,0.8,133
24854,G. Prömel,box_to_box_midfielder,Box-to-Box Midfielder (CM / 8),duel_win_pct,0.15,37.5,6.8,133
104821,Jon Guridi,box_to_box_midfielder,Box-to-Box Midfielder (CM / 8),duel_win_pct,0.15,38.095,8.3,133
178709,Y. Engelhardt,box_to_box_midfielder,Box-to-Box Midfielder (CM / 8),duel_win_pct,0.15,47.059,58.6,133
1156,T. Krauß,box_to_box_midfielder,Box-to-Box Midfielder (CM / 8),duel_win_pct,0.15,33.333,1.5,133
280070,F. Keidel,box_to_box_midfielder,Box-to-Box Midfielder (CM / 8),duel_win_pct,0.15,45.833,50.4,133
7592,R. Obermair,box_to_box_midfielder,Box-to-Box Midfielder (CM / 8),duel_win_pct,0.15,56.25,97.7,133
343286,E. Banzuzi,box_to_box_midfielder,Box-to-Box Midfielder (CM / 8),duel_win_pct,0.15,47.5,63.2,133
24845,J. Ryerson,box_to_box_midfielder,Box-to-Box Midfielder (CM / 8),duel_win_pct,0.15,34.483,3.8,133
15799,Frank Onyeka,box_to_box_midfielder,Box-to-Box Midfielder (CM / 8),duel_win_pct,0.15,58.333,98.5,133
338201,H. Picard,box_to_box_midfielder,Box-to-Box Midfielder (CM / 8),duel_win_pct,0.15,33.333,1.5,133
2771,Ola Aina,box_to_box_midfielder,Box-to-Box Midfielder (CM / 8),duel_win_pct,0.15,52.381,87.2,133
25634,Michaël Cuisance,box_to_box_midfielder,Box-to-Box Midfielder (CM / 8),duel_win_pct,0.15,30.303,0.0,133
143831,R. Fellhauer,box_to_box_midfielder,Box-to-Box Midfielder (CM / 8),duel_win_pct,0.15,30.435,0.0,133
137210,A. Stiller,box_to_box_midfielder,Box-to-Box Midfielder (CM / 8),duel_win_pct,0.15,40.909,17.3,133
364566,George Hemmings,box_to_box_midfielder,Box-to-Box Midfielder (CM / 8),duel_win_pct,0.15,34.146,3.0,133
951,M. Aebischer,box_to_box_midfielder,Box-to-Box Midfielder (CM / 8),duel_win_pct,0.15,41.379,18.8,133
410840,Ryunosuke Sato,box_to_box_midfielder,Box-to-Box Midfielder (CM / 8),duel_win_pct,0.15,24.138,0.0,133
362750,Thiago Fernández,box_to_box_midfielder,Box-to-Box Midfielder (CM / 8),duel_win_pct,0.15,43.333,30.8,133
341234,Elias Jelert,box_to_box_midfielder,Box-to-Box Midfielder (CM / 8),duel_win_pct,0.15,25.0,0.0,133
322865,D. Karim,box_to_box_midfielder,Box-to-Box Midfielder (CM / 8),duel_win_pct,0.15,41.667,21.1,133
343189,Gvidas Gineitis,box_to_box_midfielder,Box-to-Box Midfielder (CM / 8),duel_win_pct,0.15,55.556,95.5,133
439578,David Otorbi,box_to_box_midfielder,Box-to-Box Midfielder (CM / 8),duel_win_pct,0.15,60.87,100.0,133
475575,Caleb Yirenkyi,box_to_box_midfielder,Box-to-Box Midfielder (CM / 8),duel_win_pct,0.15,41.176,18.0,133
33224,Daizen Maeda,box_to_box_midfielder,Box-to-Box Midfielder (CM / 8),duel_win_pct,0.15,30.303,0.0,133
309388,Matteo Prati,box_to_box_midfielder,Box-to-Box Midfielder (CM / 8),duel_win_pct,0.15,50.0,80.1,133
13736,Daniel Muñoz,box_to_box_midfielder,Box-to-Box Midfielder (CM / 8),duel_win_pct,0.15,53.333,90.2,133
226765,Elliot Stroud,box_to_box_midfielder,Box-to-Box Midfielder (CM / 8),duel_win_pct,0.15,42.105,23.3,133
56560,Youssef Maleh,box_to_box_midfielder,Box-to-Box Midfielder (CM / 8),duel_win_pct,0.15,39.13,12.0,133
31273,Tommaso Pobega,box_to_box_midfielder,Box-to-Box Midfielder (CM / 8),duel_win_pct,0.15,33.333,1.5,133
265782,D. Møller Wolfe,box_to_box_midfielder,Box-to-Box Midfielder (CM / 8),duel_win_pct,0.15,30.769,0.0,133
499380,Sascha Britschgi,box_to_box_midfielder,Box-to-Box Midfielder (CM / 8),duel_win_pct,0.15,40.625,17.3,133
129711,Brennan Johnson,box_to_box_midfielder,Box-to-Box Midfielder (CM / 8),duel_win_pct,0.15,45.455,45.9,133
30422,R. Gosens,box_to_box_midfielder,Box-to-Box Midfielder (CM / 8),duel_win_pct,0.15,64.0,100.0,133
107210,Riki Rodríguez,box_to_box_midfielder,Box-to-Box Midfielder (CM / 8),duel_win_pct,0.15,29.412,0.0,133
202526,E. Dinkçi,box_to_box_midfielder,Box-to-Box Midfielder (CM / 8),duel_win_pct,0.15,25.0,0.0,133
327831,A. Kemlein,box_to_box_midfielder,Box-to-Box Midfielder (CM / 8),duel_win_pct,0.15,50.0,80.1,133
542861,R. Sato,box_to_box_midfielder,Box-to-Box Midfielder (CM / 8),duel_win_pct,0.15,35.294,3.8,133
119121,Trai Hume,box_to_box_midfielder,Box-to-Box Midfielder (CM / 8),duel_win_pct,0.15,64.516,100.0,133
215827,F. Oppegård,box_to_box_midfielder,Box-to-Box Midfielder (CM / 8),duel_win_pct,0.15,26.316,0.0,133
19666,Matt Crooks,box_to_box_midfielder,Box-to-Box Midfielder (CM / 8),duel_win_pct,0.15,52.0,85.0,133
24798,C. Führich,box_to_box_midfielder,Box-to-Box Midfielder (CM / 8),duel_win_pct,0.15,58.333,98.5,133
48491,Vincent Sierro,box_to_box_midfielder,Box-to-Box Midfielder (CM / 8),duel_win_pct,0.15,18.182,0.0,133
1725,D. Ljubičić,box_to_box_midfielder,Box-to-Box Midfielder (CM / 8),duel_win_pct,0.15,33.333,1.5,133
2763,Mario Pašalić,box_to_box_midfielder,Box-to-Box Midfielder (CM / 8),duel_win_pct,0.15,11.111,0.0,133
18872,Lewis Cook,box_to_box_midfielder,Box-to-Box Midfielder (CM / 8),duel_win_pct,0.15,38.462,9.0,133
641317,Aaron Mayol,box_to_box_midfielder,Box-to-Box Midfielder (CM / 8),duel_win_pct,0.15,36.842,6.8,133
47543,Álvaro García,box_to_box_midfielder,Box-to-Box Midfielder (CM / 8),pass_accuracy_pct,0.15,63.636,0.0,133
182603,Jon Ander Olasagasti,box_to_box_midfielder,Box-to-Box Midfielder (CM / 8),pass_accuracy_pct,0.15,64.045,0.0,133
323935,Giuliano Simeone,box_to_box_midfielder,Box-to-Box Midfielder (CM / 8),pass_accuracy_pct,0.15,76.056,24.1,133
106727,Oriol Rey,box_to_box_midfielder,Box-to-Box Midfielder (CM / 8),pass_accuracy_pct,0.15,88.764,96.2,133
157988,Sergio Carreira,box_to_box_midfielder,Box-to-Box Midfielder (CM / 8),pass_accuracy_pct,0.15,82.09,70.7,133
91358,Emanuele Valeri,box_to_box_midfielder,Box-to-Box Midfielder (CM / 8),pass_accuracy_pct,0.15,68.868,3.8,133
402386,Arsène Kouassi,box_to_box_midfielder,Box-to-Box Midfielder (CM / 8),pass_accuracy_pct,0.15,82.178,72.2,133
48047,Jesper Karlström,box_to_box_midfielder,Box-to-Box Midfielder (CM / 8),pass_accuracy_pct,0.15,82.96,77.4,133
405360,Harrison Armstrong,box_to_box_midfielder,Box-to-Box Midfielder (CM / 8),pass_accuracy_pct,0.15,89.032,97.0,133
394183,Alessandro Romano,box_to_box_midfielder,Box-to-Box Midfielder (CM / 8),pass_accuracy_pct,0.15,88.235,96.2,133
19260,Jay DaSilva,box_to_box_midfielder,Box-to-Box Midfielder (CM / 8),pass_accuracy_pct,0.15,82.353,72.9,133
174708,Y. Belkhdim,box_to_box_midfielder,Box-to-Box Midfielder (CM / 8),pass_accuracy_pct,0.15,87.006,94.0,133
19328,Matt Grimes,box_to_box_midfielder,Box-to-Box Midfielder (CM / 8),pass_accuracy_pct,0.15,83.951,82.0,133
183699,Urko González,box_to_box_midfielder,Box-to-Box Midfielder (CM / 8),pass_accuracy_pct,0.15,90.0,97.7,133
89520,Mikael Ellertsson,box_to_box_midfielder,Box-to-Box Midfielder (CM / 8),pass_accuracy_pct,0.15,75.0,18.0,133
504157,Djibril Coulibaly,box_to_box_midfielder,Box-to-Box Midfielder (CM / 8),pass_accuracy_pct,0.15,91.979,99.2,133
394372,Izan Merino,box_to_box_midfielder,Box-to-Box Midfielder (CM / 8),pass_accuracy_pct,0.15,93.609,100.0,133
38749,Kenneth Taylor,box_to_box_midfielder,Box-to-Box Midfielder (CM / 8),pass_accuracy_pct,0.15,89.545,97.0,133
182201,Tyrick Mitchell,box_to_box_midfielder,Box-to-Box Midfielder (CM / 8),pass_accuracy_pct,0.15,75.862,23.3,133
10097,Éderson,box_to_box_midfielder,Box-to-Box Midfielder (CM / 8),pass_accuracy_pct,0.15,89.52,97.0,133
335162,M. Diop,box_to_box_midfielder,Box-to-Box Midfielder (CM / 8),pass_accuracy_pct,0.15,89.571,97.0,133
264,Thomas Meunier,box_to_box_midfielder,Box-to-Box Midfielder (CM / 8),pass_accuracy_pct,0.15,83.544,80.5,133
299923,Mohamed Belloumi,box_to_box_midfielder,Box-to-Box Midfielder (CM / 8),pass_accuracy_pct,0.15,71.795,9.0,133
400510,Diogo Sousa,box_to_box_midfielder,Box-to-Box Midfielder (CM / 8),pass_accuracy_pct,0.15,79.433,48.9,133
20692,H. Abdelli,box_to_box_midfielder,Box-to-Box Midfielder (CM / 8),pass_accuracy_pct,0.15,91.304,98.5,133
1489,Nemanja Gudelj,box_to_box_midfielder,Box-to-Box Midfielder (CM / 8),pass_accuracy_pct,0.15,74.747,18.0,133
46658,Rubén García,box_to_box_midfielder,Box-to-Box Midfielder (CM / 8),pass_accuracy_pct,0.15,80.435,54.9,133
162590,T. Morton,box_to_box_midfielder,Box-to-Box Midfielder (CM / 8),pass_accuracy_pct,0.15,85.294,86.5,133
7562,Romano Schmid,box_to_box_midfielder,Box-to-Box Midfielder (CM / 8),pass_accuracy_pct,0.15,71.538,8.3,133
260898,N. Remberg,box_to_box_midfielder,Box-to-Box Midfielder (CM / 8),pass_accuracy_pct,0.15,90.361,98.5,133
25300,R. Khedira,box_to_box_midfielder,Box-to-Box Midfielder (CM / 8),pass_accuracy_pct,0.15,68.367,3.8,133
162219,R. Onyedika,box_to_box_midfielder,Box-to-Box Midfielder (CM / 8),pass_accuracy_pct,0.15,80.357,54.9,133
363226,Rayan Bamba,box_to_box_midfielder,Box-to-Box Midfielder (CM / 8),pass_accuracy_pct,0.15,87.302,94.7,133
280090,S. El-Faouzi,box_to_box_midfielder,Box-to-Box Midfielder (CM / 8),pass_accuracy_pct,0.15,71.429,8.3,133
40533,Ł. Poręba,box_to_box_midfielder,Box-to-Box Midfielder (CM / 8),pass_accuracy_pct,0.15,89.375,97.0,133
24854,G. Prömel,box_to_box_midfielder,Box-to-Box Midfielder (CM / 8),pass_accuracy_pct,0.15,80.814,57.1,133
104821,Jon Guridi,box_to_box_midfielder,Box-to-Box Midfielder (CM / 8),pass_accuracy_pct,0.15,82.609,75.2,133
178709,Y. Engelhardt,box_to_box_midfielder,Box-to-Box Midfielder (CM / 8),pass_accuracy_pct,0.15,84.737,83.5,133
1156,T. Krauß,box_to_box_midfielder,Box-to-Box Midfielder (CM / 8),pass_accuracy_pct,0.15,85.0,84.2,133
280070,F. Keidel,box_to_box_midfielder,Box-to-Box Midfielder (CM / 8),pass_accuracy_pct,0.15,80.159,54.1,133
7592,R. Obermair,box_to_box_midfielder,Box-to-Box Midfielder (CM / 8),pass_accuracy_pct,0.15,77.686,36.8,133
343286,E. Banzuzi,box_to_box_midfielder,Box-to-Box Midfielder (CM / 8),pass_accuracy_pct,0.15,87.143,94.7,133
24845,J. Ryerson,box_to_box_midfielder,Box-to-Box Midfielder (CM / 8),pass_accuracy_pct,0.15,73.585,14.3,133
15799,Frank Onyeka,box_to_box_midfielder,Box-to-Box Midfielder (CM / 8),pass_accuracy_pct,0.15,69.412,4.5,133
338201,H. Picard,box_to_box_midfielder,Box-to-Box Midfielder (CM / 8),pass_accuracy_pct,0.15,84.314,82.7,133
2771,Ola Aina,box_to_box_midfielder,Box-to-Box Midfielder (CM / 8),pass_accuracy_pct,0.15,72.174,9.8,133
25634,Michaël Cuisance,box_to_box_midfielder,Box-to-Box Midfielder (CM / 8),pass_accuracy_pct,0.15,90.909,98.5,133
143831,R. Fellhauer,box_to_box_midfielder,Box-to-Box Midfielder (CM / 8),pass_accuracy_pct,0.15,64.789,0.0,133
137210,A. Stiller,box_to_box_midfielder,Box-to-Box Midfielder (CM / 8),pass_accuracy_pct,0.15,90.83,98.5,133
364566,George Hemmings,box_to_box_midfielder,Box-to-Box Midfielder (CM / 8),pass_accuracy_pct,0.15,73.684,14.3,133
951,M. Aebischer,box_to_box_midfielder,Box-to-Box Midfielder (CM / 8),pass_accuracy_pct,0.15,76.316,27.1,133
410840,Ryunosuke Sato,box_to_box_midfielder,Box-to-Box Midfielder (CM / 8),pass_accuracy_pct,0.15,82.0,70.7,133
362750,Thiago Fernández,box_to_box_midfielder,Box-to-Box Midfielder (CM / 8),pass_accuracy_pct,0.15,81.25,60.9,133
341234,Elias Jelert,box_to_box_midfielder,Box-to-Box Midfielder (CM / 8),pass_accuracy_pct,0.15,84.956,84.2,133
322865,D. Karim,box_to_box_midfielder,Box-to-Box Midfielder (CM / 8),pass_accuracy_pct,0.15,81.746,69.2,133
343189,Gvidas Gineitis,box_to_box_midfielder,Box-to-Box Midfielder (CM / 8),pass_accuracy_pct,0.15,82.558,74.4,133
439578,David Otorbi,box_to_box_midfielder,Box-to-Box Midfielder (CM / 8),pass_accuracy_pct,0.15,80.247,54.1,133
475575,Caleb Yirenkyi,box_to_box_midfielder,Box-to-Box Midfielder (CM / 8),pass_accuracy_pct,0.15,85.294,86.5,133
33224,Daizen Maeda,box_to_box_midfielder,Box-to-Box Midfielder (CM / 8),pass_accuracy_pct,0.15,87.805,96.2,133
309388,Matteo Prati,box_to_box_midfielder,Box-to-Box Midfielder (CM / 8),pass_accuracy_pct,0.15,78.333,38.3,133
13736,Daniel Muñoz,box_to_box_midfielder,Box-to-Box Midfielder (CM / 8),pass_accuracy_pct,0.15,85.714,88.0,133
226765,Elliot Stroud,box_to_box_midfielder,Box-to-Box Midfielder (CM / 8),pass_accuracy_pct,0.15,67.568,1.5,133
56560,Youssef Maleh,box_to_box_midfielder,Box-to-Box Midfielder (CM / 8),pass_accuracy_pct,0.15,87.379,94.7,133
31273,Tommaso Pobega,box_to_box_midfielder,Box-to-Box Midfielder (CM / 8),pass_accuracy_pct,0.15,86.842,94.0,133
265782,D. Møller Wolfe,box_to_box_midfielder,Box-to-Box Midfielder (CM / 8),pass_accuracy_pct,0.15,68.852,3.8,133
499380,Sascha Britschgi,box_to_box_midfielder,Box-to-Box Midfielder (CM / 8),pass_accuracy_pct,0.15,81.034,60.2,133
129711,Brennan Johnson,box_to_box_midfielder,Box-to-Box Midfielder (CM / 8),pass_accuracy_pct,0.15,69.388,4.5,133
30422,R. Gosens,box_to_box_midfielder,Box-to-Box Midfielder (CM / 8),pass_accuracy_pct,0.15,63.014,0.0,133
107210,Riki Rodríguez,box_to_box_midfielder,Box-to-Box Midfielder (CM / 8),pass_accuracy_pct,0.15,84.444,83.5,133
202526,E. Dinkçi,box_to_box_midfielder,Box-to-Box Midfielder (CM / 8),pass_accuracy_pct,0.15,64.706,0.0,133
327831,A. Kemlein,box_to_box_midfielder,Box-to-Box Midfielder (CM / 8),pass_accuracy_pct,0.15,77.477,36.1,133
542861,R. Sato,box_to_box_midfielder,Box-to-Box Midfielder (CM / 8),pass_accuracy_pct,0.15,85.484,87.2,133
119121,Trai Hume,box_to_box_midfielder,Box-to-Box Midfielder (CM / 8),pass_accuracy_pct,0.15,73.333,12.8,133
215827,F. Oppegård,box_to_box_midfielder,Box-to-Box Midfielder (CM / 8),pass_accuracy_pct,0.15,79.31,45.9,133
19666,Matt Crooks,box_to_box_midfielder,Box-to-Box Midfielder (CM / 8),pass_accuracy_pct,0.15,76.923,30.8,133
24798,C. Führich,box_to_box_midfielder,Box-to-Box Midfielder (CM / 8),pass_accuracy_pct,0.15,81.579,65.4,133
48491,Vincent Sierro,box_to_box_midfielder,Box-to-Box Midfielder (CM / 8),pass_accuracy_pct,0.15,82.222,72.2,133
1725,D. Ljubičić,box_to_box_midfielder,Box-to-Box Midfielder (CM / 8),pass_accuracy_pct,0.15,64.583,0.0,133
2763,Mario Pašalić,box_to_box_midfielder,Box-to-Box Midfielder (CM / 8),pass_accuracy_pct,0.15,89.565,97.0,133
18872,Lewis Cook,box_to_box_midfielder,Box-to-Box Midfielder (CM / 8),pass_accuracy_pct,0.15,86.905,94.0,133
641317,Aaron Mayol,box_to_box_midfielder,Box-to-Box Midfielder (CM / 8),pass_accuracy_pct,0.15,87.805,96.2,133
47543,Álvaro García,box_to_box_midfielder,Box-to-Box Midfielder (CM / 8),goals_per90,0.15,0.34,98.5,133
182603,Jon Ander Olasagasti,box_to_box_midfielder,Box-to-Box Midfielder (CM / 8),goals_per90,0.15,0.178,87.2,133
323935,Giuliano Simeone,box_to_box_midfielder,Box-to-Box Midfielder (CM / 8),goals_per90,0.15,0.38,99.2,133
106727,Oriol Rey,box_to_box_midfielder,Box-to-Box Midfielder (CM / 8),goals_per90,0.15,0.0,11.3,133
157988,Sergio Carreira,box_to_box_midfielder,Box-to-Box Midfielder (CM / 8),goals_per90,0.15,0.0,11.3,133
91358,Emanuele Valeri,box_to_box_midfielder,Box-to-Box Midfielder (CM / 8),goals_per90,0.15,0.0,11.3,133
402386,Arsène Kouassi,box_to_box_midfielder,Box-to-Box Midfielder (CM / 8),goals_per90,0.15,0.0,11.3,133
48047,Jesper Karlström,box_to_box_midfielder,Box-to-Box Midfielder (CM / 8),goals_per90,0.15,0.2,91.0,133
405360,Harrison Armstrong,box_to_box_midfielder,Box-to-Box Midfielder (CM / 8),goals_per90,0.15,0.0,11.3,133
394183,Alessandro Romano,box_to_box_midfielder,Box-to-Box Midfielder (CM / 8),goals_per90,0.15,0.202,91.0,133
19260,Jay DaSilva,box_to_box_midfielder,Box-to-Box Midfielder (CM / 8),goals_per90,0.15,0.202,91.0,133
174708,Y. Belkhdim,box_to_box_midfielder,Box-to-Box Midfielder (CM / 8),goals_per90,0.15,0.0,11.3,133
19328,Matt Grimes,box_to_box_midfielder,Box-to-Box Midfielder (CM / 8),goals_per90,0.15,0.0,11.3,133
183699,Urko González,box_to_box_midfielder,Box-to-Box Midfielder (CM / 8),goals_per90,0.15,0.0,11.3,133
89520,Mikael Ellertsson,box_to_box_midfielder,Box-to-Box Midfielder (CM / 8),goals_per90,0.15,0.0,11.3,133
504157,Djibril Coulibaly,box_to_box_midfielder,Box-to-Box Midfielder (CM / 8),goals_per90,0.15,0.0,11.3,133
394372,Izan Merino,box_to_box_midfielder,Box-to-Box Midfielder (CM / 8),goals_per90,0.15,0.0,11.3,133
38749,Kenneth Taylor,box_to_box_midfielder,Box-to-Box Midfielder (CM / 8),goals_per90,0.15,0.0,11.3,133
182201,Tyrick Mitchell,box_to_box_midfielder,Box-to-Box Midfielder (CM / 8),goals_per90,0.15,0.428,99.2,133
10097,Éderson,box_to_box_midfielder,Box-to-Box Midfielder (CM / 8),goals_per90,0.15,0.216,95.5,133
335162,M. Diop,box_to_box_midfielder,Box-to-Box Midfielder (CM / 8),goals_per90,0.15,0.0,11.3,133
264,Thomas Meunier,box_to_box_midfielder,Box-to-Box Midfielder (CM / 8),goals_per90,0.15,0.0,11.3,133
299923,Mohamed Belloumi,box_to_box_midfielder,Box-to-Box Midfielder (CM / 8),goals_per90,0.15,0.452,99.2,133
400510,Diogo Sousa,box_to_box_midfielder,Box-to-Box Midfielder (CM / 8),goals_per90,0.15,0.234,97.0,133
20692,H. Abdelli,box_to_box_midfielder,Box-to-Box Midfielder (CM / 8),goals_per90,0.15,0.0,11.3,133
1489,Nemanja Gudelj,box_to_box_midfielder,Box-to-Box Midfielder (CM / 8),goals_per90,0.15,0.0,11.3,133
46658,Rubén García,box_to_box_midfielder,Box-to-Box Midfielder (CM / 8),goals_per90,0.15,0.0,11.3,133
162590,T. Morton,box_to_box_midfielder,Box-to-Box Midfielder (CM / 8),goals_per90,0.15,0.0,11.3,133
7562,Romano Schmid,box_to_box_midfielder,Box-to-Box Midfielder (CM / 8),goals_per90,0.15,0.0,11.3,133
260898,N. Remberg,box_to_box_midfielder,Box-to-Box Midfielder (CM / 8),goals_per90,0.15,0.0,11.3,133
25300,R. Khedira,box_to_box_midfielder,Box-to-Box Midfielder (CM / 8),goals_per90,0.15,0.0,11.3,133
162219,R. Onyedika,box_to_box_midfielder,Box-to-Box Midfielder (CM / 8),goals_per90,0.15,0.0,11.3,133
363226,Rayan Bamba,box_to_box_midfielder,Box-to-Box Midfielder (CM / 8),goals_per90,0.15,0.0,11.3,133
280090,S. El-Faouzi,box_to_box_midfielder,Box-to-Box Midfielder (CM / 8),goals_per90,0.15,0.0,11.3,133
40533,Ł. Poręba,box_to_box_midfielder,Box-to-Box Midfielder (CM / 8),goals_per90,0.15,0.0,11.3,133
24854,G. Prömel,box_to_box_midfielder,Box-to-Box Midfielder (CM / 8),goals_per90,0.15,0.254,97.0,133
104821,Jon Guridi,box_to_box_midfielder,Box-to-Box Midfielder (CM / 8),goals_per90,0.15,0.255,97.0,133
178709,Y. Engelhardt,box_to_box_midfielder,Box-to-Box Midfielder (CM / 8),goals_per90,0.15,0.511,100.0,133
1156,T. Krauß,box_to_box_midfielder,Box-to-Box Midfielder (CM / 8),goals_per90,0.15,0.0,11.3,133
280070,F. Keidel,box_to_box_midfielder,Box-to-Box Midfielder (CM / 8),goals_per90,0.15,0.262,97.0,133
7592,R. Obermair,box_to_box_midfielder,Box-to-Box Midfielder (CM / 8),goals_per90,0.15,0.0,11.3,133
343286,E. Banzuzi,box_to_box_midfielder,Box-to-Box Midfielder (CM / 8),goals_per90,0.15,0.0,11.3,133
24845,J. Ryerson,box_to_box_midfielder,Box-to-Box Midfielder (CM / 8),goals_per90,0.15,0.0,11.3,133
15799,Frank Onyeka,box_to_box_midfielder,Box-to-Box Midfielder (CM / 8),goals_per90,0.15,0.0,11.3,133
338201,H. Picard,box_to_box_midfielder,Box-to-Box Midfielder (CM / 8),goals_per90,0.15,0.0,11.3,133
2771,Ola Aina,box_to_box_midfielder,Box-to-Box Midfielder (CM / 8),goals_per90,0.15,0.0,11.3,133
25634,Michaël Cuisance,box_to_box_midfielder,Box-to-Box Midfielder (CM / 8),goals_per90,0.15,0.0,11.3,133
143831,R. Fellhauer,box_to_box_midfielder,Box-to-Box Midfielder (CM / 8),goals_per90,0.15,0.592,100.0,133
137210,A. Stiller,box_to_box_midfielder,Box-to-Box Midfielder (CM / 8),goals_per90,0.15,0.0,11.3,133
364566,George Hemmings,box_to_box_midfielder,Box-to-Box Midfielder (CM / 8),goals_per90,0.15,0.0,11.3,133
951,M. Aebischer,box_to_box_midfielder,Box-to-Box Midfielder (CM / 8),goals_per90,0.15,0.0,11.3,133
410840,Ryunosuke Sato,box_to_box_midfielder,Box-to-Box Midfielder (CM / 8),goals_per90,0.15,0.0,11.3,133
362750,Thiago Fernández,box_to_box_midfielder,Box-to-Box Midfielder (CM / 8),goals_per90,0.15,0.0,11.3,133
341234,Elias Jelert,box_to_box_midfielder,Box-to-Box Midfielder (CM / 8),goals_per90,0.15,0.0,11.3,133
322865,D. Karim,box_to_box_midfielder,Box-to-Box Midfielder (CM / 8),goals_per90,0.15,0.0,11.3,133
343189,Gvidas Gineitis,box_to_box_midfielder,Box-to-Box Midfielder (CM / 8),goals_per90,0.15,0.0,11.3,133
439578,David Otorbi,box_to_box_midfielder,Box-to-Box Midfielder (CM / 8),goals_per90,0.15,0.0,11.3,133
475575,Caleb Yirenkyi,box_to_box_midfielder,Box-to-Box Midfielder (CM / 8),goals_per90,0.15,0.0,11.3,133
33224,Daizen Maeda,box_to_box_midfielder,Box-to-Box Midfielder (CM / 8),goals_per90,0.15,0.0,11.3,133
309388,Matteo Prati,box_to_box_midfielder,Box-to-Box Midfielder (CM / 8),goals_per90,0.15,0.0,11.3,133
13736,Daniel Muñoz,box_to_box_midfielder,Box-to-Box Midfielder (CM / 8),goals_per90,0.15,0.0,11.3,133
226765,Elliot Stroud,box_to_box_midfielder,Box-to-Box Midfielder (CM / 8),goals_per90,0.15,0.0,11.3,133
56560,Youssef Maleh,box_to_box_midfielder,Box-to-Box Midfielder (CM / 8),goals_per90,0.15,0.0,11.3,133
31273,Tommaso Pobega,box_to_box_midfielder,Box-to-Box Midfielder (CM / 8),goals_per90,0.15,0.0,11.3,133
265782,D. Møller Wolfe,box_to_box_midfielder,Box-to-Box Midfielder (CM / 8),goals_per90,0.15,0.0,11.3,133
499380,Sascha Britschgi,box_to_box_midfielder,Box-to-Box Midfielder (CM / 8),goals_per90,0.15,0.0,11.3,133
129711,Brennan Johnson,box_to_box_midfielder,Box-to-Box Midfielder (CM / 8),goals_per90,0.15,0.0,11.3,133
30422,R. Gosens,box_to_box_midfielder,Box-to-Box Midfielder (CM / 8),goals_per90,0.15,0.37,99.2,133
107210,Riki Rodríguez,box_to_box_midfielder,Box-to-Box Midfielder (CM / 8),goals_per90,0.15,0.0,11.3,133
202526,E. Dinkçi,box_to_box_midfielder,Box-to-Box Midfielder (CM / 8),goals_per90,0.15,0.396,99.2,133
327831,A. Kemlein,box_to_box_midfielder,Box-to-Box Midfielder (CM / 8),goals_per90,0.15,0.0,11.3,133
542861,R. Sato,box_to_box_midfielder,Box-to-Box Midfielder (CM / 8),goals_per90,0.15,0.0,11.3,133
119121,Trai Hume,box_to_box_midfielder,Box-to-Box Midfielder (CM / 8),goals_per90,0.15,0.0,11.3,133
215827,F. Oppegård,box_to_box_midfielder,Box-to-Box Midfielder (CM / 8),goals_per90,0.15,0.0,11.3,133
19666,Matt Crooks,box_to_box_midfielder,Box-to-Box Midfielder (CM / 8),goals_per90,0.15,0.0,11.3,133
24798,C. Führich,box_to_box_midfielder,Box-to-Box Midfielder (CM / 8),goals_per90,0.15,0.0,11.3,133
48491,Vincent Sierro,box_to_box_midfielder,Box-to-Box Midfielder (CM / 8),goals_per90,0.15,0.0,11.3,133
1725,D. Ljubičić,box_to_box_midfielder,Box-to-Box Midfielder (CM / 8),goals_per90,0.15,0.0,11.3,133
2763,Mario Pašalić,box_to_box_midfielder,Box-to-Box Midfielder (CM / 8),goals_per90,0.15,0.0,11.3,133
18872,Lewis Cook,box_to_box_midfielder,Box-to-Box Midfielder (CM / 8),goals_per90,0.15,0.0,11.3,133
641317,Aaron Mayol,box_to_box_midfielder,Box-to-Box Midfielder (CM / 8),goals_per90,0.15,0.5,100.0,133
47543,Álvaro García,box_to_box_midfielder,Box-to-Box Midfielder (CM / 8),assists_per90,0.1,0.34,99.2,133
182603,Jon Ander Olasagasti,box_to_box_midfielder,Box-to-Box Midfielder (CM / 8),assists_per90,0.1,0.178,86.5,133
323935,Giuliano Simeone,box_to_box_midfielder,Box-to-Box Midfielder (CM / 8),assists_per90,0.1,0.38,99.2,133
106727,Oriol Rey,box_to_box_midfielder,Box-to-Box Midfielder (CM / 8),assists_per90,0.1,0.0,10.2,133
157988,Sergio Carreira,box_to_box_midfielder,Box-to-Box Midfielder (CM / 8),assists_per90,0.1,0.0,10.2,133
91358,Emanuele Valeri,box_to_box_midfielder,Box-to-Box Midfielder (CM / 8),assists_per90,0.1,0.0,10.2,133
402386,Arsène Kouassi,box_to_box_midfielder,Box-to-Box Midfielder (CM / 8),assists_per90,0.1,0.2,89.8,133
48047,Jesper Karlström,box_to_box_midfielder,Box-to-Box Midfielder (CM / 8),assists_per90,0.1,0.0,10.2,133
405360,Harrison Armstrong,box_to_box_midfielder,Box-to-Box Midfielder (CM / 8),assists_per90,0.1,0.202,90.2,133
394183,Alessandro Romano,box_to_box_midfielder,Box-to-Box Midfielder (CM / 8),assists_per90,0.1,0.0,10.2,133
19260,Jay DaSilva,box_to_box_midfielder,Box-to-Box Midfielder (CM / 8),assists_per90,0.1,0.0,10.2,133
174708,Y. Belkhdim,box_to_box_midfielder,Box-to-Box Midfielder (CM / 8),assists_per90,0.1,0.0,10.2,133
19328,Matt Grimes,box_to_box_midfielder,Box-to-Box Midfielder (CM / 8),assists_per90,0.1,0.0,10.2,133
183699,Urko González,box_to_box_midfielder,Box-to-Box Midfielder (CM / 8),assists_per90,0.1,0.0,10.2,133
89520,Mikael Ellertsson,box_to_box_midfielder,Box-to-Box Midfielder (CM / 8),assists_per90,0.1,0.0,10.2,133
504157,Djibril Coulibaly,box_to_box_midfielder,Box-to-Box Midfielder (CM / 8),assists_per90,0.1,0.0,10.2,133
394372,Izan Merino,box_to_box_midfielder,Box-to-Box Midfielder (CM / 8),assists_per90,0.1,0.0,10.2,133
38749,Kenneth Taylor,box_to_box_midfielder,Box-to-Box Midfielder (CM / 8),assists_per90,0.1,0.0,10.2,133
182201,Tyrick Mitchell,box_to_box_midfielder,Box-to-Box Midfielder (CM / 8),assists_per90,0.1,0.0,10.2,133
10097,Éderson,box_to_box_midfielder,Box-to-Box Midfielder (CM / 8),assists_per90,0.1,0.0,10.2,133
335162,M. Diop,box_to_box_midfielder,Box-to-Box Midfielder (CM / 8),assists_per90,0.1,0.0,10.2,133
264,Thomas Meunier,box_to_box_midfielder,Box-to-Box Midfielder (CM / 8),assists_per90,0.1,0.226,92.5,133
299923,Mohamed Belloumi,box_to_box_midfielder,Box-to-Box Midfielder (CM / 8),assists_per90,0.1,0.452,100.0,133
400510,Diogo Sousa,box_to_box_midfielder,Box-to-Box Midfielder (CM / 8),assists_per90,0.1,0.234,92.5,133
20692,H. Abdelli,box_to_box_midfielder,Box-to-Box Midfielder (CM / 8),assists_per90,0.1,0.0,10.2,133
1489,Nemanja Gudelj,box_to_box_midfielder,Box-to-Box Midfielder (CM / 8),assists_per90,0.1,0.0,10.2,133
46658,Rubén García,box_to_box_midfielder,Box-to-Box Midfielder (CM / 8),assists_per90,0.1,0.0,10.2,133
162590,T. Morton,box_to_box_midfielder,Box-to-Box Midfielder (CM / 8),assists_per90,0.1,0.0,10.2,133
7562,Romano Schmid,box_to_box_midfielder,Box-to-Box Midfielder (CM / 8),assists_per90,0.1,0.74,100.0,133
260898,N. Remberg,box_to_box_midfielder,Box-to-Box Midfielder (CM / 8),assists_per90,0.1,0.0,10.2,133
25300,R. Khedira,box_to_box_midfielder,Box-to-Box Midfielder (CM / 8),assists_per90,0.1,0.0,10.2,133
162219,R. Onyedika,box_to_box_midfielder,Box-to-Box Midfielder (CM / 8),assists_per90,0.1,0.0,10.2,133
363226,Rayan Bamba,box_to_box_midfielder,Box-to-Box Midfielder (CM / 8),assists_per90,0.1,0.25,95.5,133
280090,S. El-Faouzi,box_to_box_midfielder,Box-to-Box Midfielder (CM / 8),assists_per90,0.1,0.0,10.2,133
40533,Ł. Poręba,box_to_box_midfielder,Box-to-Box Midfielder (CM / 8),assists_per90,0.1,0.0,10.2,133
24854,G. Prömel,box_to_box_midfielder,Box-to-Box Midfielder (CM / 8),assists_per90,0.1,0.0,10.2,133
104821,Jon Guridi,box_to_box_midfielder,Box-to-Box Midfielder (CM / 8),assists_per90,0.1,0.0,10.2,133
178709,Y. Engelhardt,box_to_box_midfielder,Box-to-Box Midfielder (CM / 8),assists_per90,0.1,0.0,10.2,133
1156,T. Krauß,box_to_box_midfielder,Box-to-Box Midfielder (CM / 8),assists_per90,0.1,0.0,10.2,133
280070,F. Keidel,box_to_box_midfielder,Box-to-Box Midfielder (CM / 8),assists_per90,0.1,0.0,10.2,133
7592,R. Obermair,box_to_box_midfielder,Box-to-Box Midfielder (CM / 8),assists_per90,0.1,0.0,10.2,133
343286,E. Banzuzi,box_to_box_midfielder,Box-to-Box Midfielder (CM / 8),assists_per90,0.1,0.273,97.0,133
24845,J. Ryerson,box_to_box_midfielder,Box-to-Box Midfielder (CM / 8),assists_per90,0.1,0.0,10.2,133
15799,Frank Onyeka,box_to_box_midfielder,Box-to-Box Midfielder (CM / 8),assists_per90,0.1,0.0,10.2,133
338201,H. Picard,box_to_box_midfielder,Box-to-Box Midfielder (CM / 8),assists_per90,0.1,0.0,10.2,133
2771,Ola Aina,box_to_box_midfielder,Box-to-Box Midfielder (CM / 8),assists_per90,0.1,0.0,10.2,133
25634,Michaël Cuisance,box_to_box_midfielder,Box-to-Box Midfielder (CM / 8),assists_per90,0.1,0.0,10.2,133
143831,R. Fellhauer,box_to_box_midfielder,Box-to-Box Midfielder (CM / 8),assists_per90,0.1,0.0,10.2,133
137210,A. Stiller,box_to_box_midfielder,Box-to-Box Midfielder (CM / 8),assists_per90,0.1,0.0,10.2,133
364566,George Hemmings,box_to_box_midfielder,Box-to-Box Midfielder (CM / 8),assists_per90,0.1,0.0,10.2,133
951,M. Aebischer,box_to_box_midfielder,Box-to-Box Midfielder (CM / 8),assists_per90,0.1,0.0,10.2,133
410840,Ryunosuke Sato,box_to_box_midfielder,Box-to-Box Midfielder (CM / 8),assists_per90,0.1,0.0,10.2,133
362750,Thiago Fernández,box_to_box_midfielder,Box-to-Box Midfielder (CM / 8),assists_per90,0.1,0.0,10.2,133
341234,Elias Jelert,box_to_box_midfielder,Box-to-Box Midfielder (CM / 8),assists_per90,0.1,0.0,10.2,133
322865,D. Karim,box_to_box_midfielder,Box-to-Box Midfielder (CM / 8),assists_per90,0.1,0.0,10.2,133
343189,Gvidas Gineitis,box_to_box_midfielder,Box-to-Box Midfielder (CM / 8),assists_per90,0.1,0.331,99.2,133
439578,David Otorbi,box_to_box_midfielder,Box-to-Box Midfielder (CM / 8),assists_per90,0.1,0.0,10.2,133
475575,Caleb Yirenkyi,box_to_box_midfielder,Box-to-Box Midfielder (CM / 8),assists_per90,0.1,0.0,10.2,133
33224,Daizen Maeda,box_to_box_midfielder,Box-to-Box Midfielder (CM / 8),assists_per90,0.1,0.0,10.2,133
309388,Matteo Prati,box_to_box_midfielder,Box-to-Box Midfielder (CM / 8),assists_per90,0.1,0.0,10.2,133
13736,Daniel Muñoz,box_to_box_midfielder,Box-to-Box Midfielder (CM / 8),assists_per90,0.1,0.0,10.2,133
226765,Elliot Stroud,box_to_box_midfielder,Box-to-Box Midfielder (CM / 8),assists_per90,0.1,0.0,10.2,133
56560,Youssef Maleh,box_to_box_midfielder,Box-to-Box Midfielder (CM / 8),assists_per90,0.1,0.0,10.2,133
31273,Tommaso Pobega,box_to_box_midfielder,Box-to-Box Midfielder (CM / 8),assists_per90,0.1,0.0,10.2,133
265782,D. Møller Wolfe,box_to_box_midfielder,Box-to-Box Midfielder (CM / 8),assists_per90,0.1,0.0,10.2,133
499380,Sascha Britschgi,box_to_box_midfielder,Box-to-Box Midfielder (CM / 8),assists_per90,0.1,0.0,10.2,133
129711,Brennan Johnson,box_to_box_midfielder,Box-to-Box Midfielder (CM / 8),assists_per90,0.1,0.0,10.2,133
30422,R. Gosens,box_to_box_midfielder,Box-to-Box Midfielder (CM / 8),assists_per90,0.1,0.0,10.2,133
107210,Riki Rodríguez,box_to_box_midfielder,Box-to-Box Midfielder (CM / 8),assists_per90,0.1,0.0,10.2,133
202526,E. Dinkçi,box_to_box_midfielder,Box-to-Box Midfielder (CM / 8),assists_per90,0.1,0.0,10.2,133
327831,A. Kemlein,box_to_box_midfielder,Box-to-Box Midfielder (CM / 8),assists_per90,0.1,0.0,10.2,133
542861,R. Sato,box_to_box_midfielder,Box-to-Box Midfielder (CM / 8),assists_per90,0.1,0.0,10.2,133
119121,Trai Hume,box_to_box_midfielder,Box-to-Box Midfielder (CM / 8),assists_per90,0.1,0.0,10.2,133
215827,F. Oppegård,box_to_box_midfielder,Box-to-Box Midfielder (CM / 8),assists_per90,0.1,0.0,10.2,133
19666,Matt Crooks,box_to_box_midfielder,Box-to-Box Midfielder (CM / 8),assists_per90,0.1,0.0,10.2,133
24798,C. Führich,box_to_box_midfielder,Box-to-Box Midfielder (CM / 8),assists_per90,0.1,0.0,10.2,133
48491,Vincent Sierro,box_to_box_midfielder,Box-to-Box Midfielder (CM / 8),assists_per90,0.1,0.0,10.2,133
1725,D. Ljubičić,box_to_box_midfielder,Box-to-Box Midfielder (CM / 8),assists_per90,0.1,0.0,10.2,133
2763,Mario Pašalić,box_to_box_midfielder,Box-to-Box Midfielder (CM / 8),assists_per90,0.1,0.0,10.2,133
18872,Lewis Cook,box_to_box_midfielder,Box-to-Box Midfielder (CM / 8),assists_per90,0.1,0.0,10.2,133
641317,Aaron Mayol,box_to_box_midfielder,Box-to-Box Midfielder (CM / 8),assists_per90,0.1,0.0,10.2,133
47543,Álvaro García,box_to_box_midfielder,Box-to-Box Midfielder (CM / 8),tackles_per90,0.15,1.358,26.3,133
182603,Jon Ander Olasagasti,box_to_box_midfielder,Box-to-Box Midfielder (CM / 8),tackles_per90,0.15,2.495,89.5,133
323935,Giuliano Simeone,box_to_box_midfielder,Box-to-Box Midfielder (CM / 8),tackles_per90,0.15,2.848,96.2,133
106727,Oriol Rey,box_to_box_midfielder,Box-to-Box Midfielder (CM / 8),tackles_per90,0.15,1.522,34.6,133
157988,Sergio Carreira,box_to_box_midfielder,Box-to-Box Midfielder (CM / 8),tackles_per90,0.15,0.395,0.0,133
91358,Emanuele Valeri,box_to_box_midfielder,Box-to-Box Midfielder (CM / 8),tackles_per90,0.15,1.388,27.8,133
402386,Arsène Kouassi,box_to_box_midfielder,Box-to-Box Midfielder (CM / 8),tackles_per90,0.15,0.8,2.3,133
48047,Jesper Karlström,box_to_box_midfielder,Box-to-Box Midfielder (CM / 8),tackles_per90,0.15,1.6,38.3,133
405360,Harrison Armstrong,box_to_box_midfielder,Box-to-Box Midfielder (CM / 8),tackles_per90,0.15,1.614,40.6,133
394183,Alessandro Romano,box_to_box_midfielder,Box-to-Box Midfielder (CM / 8),tackles_per90,0.15,2.225,79.7,133
19260,Jay DaSilva,box_to_box_midfielder,Box-to-Box Midfielder (CM / 8),tackles_per90,0.15,0.809,2.3,133
174708,Y. Belkhdim,box_to_box_midfielder,Box-to-Box Midfielder (CM / 8),tackles_per90,0.15,2.629,93.2,133
19328,Matt Grimes,box_to_box_midfielder,Box-to-Box Midfielder (CM / 8),tackles_per90,0.15,1.824,54.9,133
183699,Urko González,box_to_box_midfielder,Box-to-Box Midfielder (CM / 8),tackles_per90,0.15,0.814,2.3,133
89520,Mikael Ellertsson,box_to_box_midfielder,Box-to-Box Midfielder (CM / 8),tackles_per90,0.15,2.659,93.2,133
504157,Djibril Coulibaly,box_to_box_midfielder,Box-to-Box Midfielder (CM / 8),tackles_per90,0.15,0.831,2.3,133
394372,Izan Merino,box_to_box_midfielder,Box-to-Box Midfielder (CM / 8),tackles_per90,0.15,0.855,3.0,133
38749,Kenneth Taylor,box_to_box_midfielder,Box-to-Box Midfielder (CM / 8),tackles_per90,0.15,1.924,67.7,133
182201,Tyrick Mitchell,box_to_box_midfielder,Box-to-Box Midfielder (CM / 8),tackles_per90,0.15,2.352,82.0,133
10097,Éderson,box_to_box_midfielder,Box-to-Box Midfielder (CM / 8),tackles_per90,0.15,0.647,0.8,133
335162,M. Diop,box_to_box_midfielder,Box-to-Box Midfielder (CM / 8),tackles_per90,0.15,2.184,79.7,133
264,Thomas Meunier,box_to_box_midfielder,Box-to-Box Midfielder (CM / 8),tackles_per90,0.15,0.902,4.5,133
299923,Mohamed Belloumi,box_to_box_midfielder,Box-to-Box Midfielder (CM / 8),tackles_per90,0.15,3.618,100.0,133
400510,Diogo Sousa,box_to_box_midfielder,Box-to-Box Midfielder (CM / 8),tackles_per90,0.15,0.703,1.5,133
20692,H. Abdelli,box_to_box_midfielder,Box-to-Box Midfielder (CM / 8),tackles_per90,0.15,0.95,5.3,133
1489,Nemanja Gudelj,box_to_box_midfielder,Box-to-Box Midfielder (CM / 8),tackles_per90,0.15,0.963,5.3,133
46658,Rubén García,box_to_box_midfielder,Box-to-Box Midfielder (CM / 8),tackles_per90,0.15,2.927,97.0,133
162590,T. Morton,box_to_box_midfielder,Box-to-Box Midfielder (CM / 8),tackles_per90,0.15,1.475,33.1,133
7562,Romano Schmid,box_to_box_midfielder,Box-to-Box Midfielder (CM / 8),tackles_per90,0.15,0.986,7.5,133
260898,N. Remberg,box_to_box_midfielder,Box-to-Box Midfielder (CM / 8),tackles_per90,0.15,1.0,7.5,133
25300,R. Khedira,box_to_box_midfielder,Box-to-Box Midfielder (CM / 8),tackles_per90,0.15,2.0,69.9,133
162219,R. Onyedika,box_to_box_midfielder,Box-to-Box Midfielder (CM / 8),tackles_per90,0.15,2.25,79.7,133
363226,Rayan Bamba,box_to_box_midfielder,Box-to-Box Midfielder (CM / 8),tackles_per90,0.15,2.75,94.7,133
280090,S. El-Faouzi,box_to_box_midfielder,Box-to-Box Midfielder (CM / 8),tackles_per90,0.15,3.0,97.7,133
40533,Ł. Poręba,box_to_box_midfielder,Box-to-Box Midfielder (CM / 8),tackles_per90,0.15,1.0,7.5,133
24854,G. Prömel,box_to_box_midfielder,Box-to-Box Midfielder (CM / 8),tackles_per90,0.15,0.254,0.0,133
104821,Jon Guridi,box_to_box_midfielder,Box-to-Box Midfielder (CM / 8),tackles_per90,0.15,1.53,34.6,133
178709,Y. Engelhardt,box_to_box_midfielder,Box-to-Box Midfielder (CM / 8),tackles_per90,0.15,0.511,0.0,133
1156,T. Krauß,box_to_box_midfielder,Box-to-Box Midfielder (CM / 8),tackles_per90,0.15,1.034,8.3,133
280070,F. Keidel,box_to_box_midfielder,Box-to-Box Midfielder (CM / 8),tackles_per90,0.15,1.05,9.0,133
7592,R. Obermair,box_to_box_midfielder,Box-to-Box Midfielder (CM / 8),tackles_per90,0.15,1.081,10.5,133
343286,E. Banzuzi,box_to_box_midfielder,Box-to-Box Midfielder (CM / 8),tackles_per90,0.15,2.455,86.5,133
24845,J. Ryerson,box_to_box_midfielder,Box-to-Box Midfielder (CM / 8),tackles_per90,0.15,0.557,0.0,133
15799,Frank Onyeka,box_to_box_midfielder,Box-to-Box Midfielder (CM / 8),tackles_per90,0.15,1.424,30.1,133
338201,H. Picard,box_to_box_midfielder,Box-to-Box Midfielder (CM / 8),tackles_per90,0.15,1.424,30.1,133
2771,Ola Aina,box_to_box_midfielder,Box-to-Box Midfielder (CM / 8),tackles_per90,0.15,2.913,97.0,133
25634,Michaël Cuisance,box_to_box_midfielder,Box-to-Box Midfielder (CM / 8),tackles_per90,0.15,1.759,48.9,133
143831,R. Fellhauer,box_to_box_midfielder,Box-to-Box Midfielder (CM / 8),tackles_per90,0.15,0.888,4.5,133
137210,A. Stiller,box_to_box_midfielder,Box-to-Box Midfielder (CM / 8),tackles_per90,0.15,0.596,0.0,133
364566,George Hemmings,box_to_box_midfielder,Box-to-Box Midfielder (CM / 8),tackles_per90,0.15,1.806,53.4,133
951,M. Aebischer,box_to_box_midfielder,Box-to-Box Midfielder (CM / 8),tackles_per90,0.15,2.107,73.7,133
410840,Ryunosuke Sato,box_to_box_midfielder,Box-to-Box Midfielder (CM / 8),tackles_per90,0.15,1.212,16.5,133
362750,Thiago Fernández,box_to_box_midfielder,Box-to-Box Midfielder (CM / 8),tackles_per90,0.15,1.241,18.0,133
341234,Elias Jelert,box_to_box_midfielder,Box-to-Box Midfielder (CM / 8),tackles_per90,0.15,1.29,24.1,133
322865,D. Karim,box_to_box_midfielder,Box-to-Box Midfielder (CM / 8),tackles_per90,0.15,2.935,97.0,133
343189,Gvidas Gineitis,box_to_box_midfielder,Box-to-Box Midfielder (CM / 8),tackles_per90,0.15,1.985,69.9,133
439578,David Otorbi,box_to_box_midfielder,Box-to-Box Midfielder (CM / 8),tackles_per90,0.15,2.0,69.9,133
475575,Caleb Yirenkyi,box_to_box_midfielder,Box-to-Box Midfielder (CM / 8),tackles_per90,0.15,0.338,0.0,133
33224,Daizen Maeda,box_to_box_midfielder,Box-to-Box Midfielder (CM / 8),tackles_per90,0.15,2.748,94.7,133
309388,Matteo Prati,box_to_box_midfielder,Box-to-Box Midfielder (CM / 8),tackles_per90,0.15,1.385,27.8,133
13736,Daniel Muñoz,box_to_box_midfielder,Box-to-Box Midfielder (CM / 8),tackles_per90,0.15,2.432,86.5,133
226765,Elliot Stroud,box_to_box_midfielder,Box-to-Box Midfielder (CM / 8),tackles_per90,0.15,1.779,48.9,133
56560,Youssef Maleh,box_to_box_midfielder,Box-to-Box Midfielder (CM / 8),tackles_per90,0.15,2.134,77.4,133
31273,Tommaso Pobega,box_to_box_midfielder,Box-to-Box Midfielder (CM / 8),tackles_per90,0.15,1.786,50.4,133
265782,D. Møller Wolfe,box_to_box_midfielder,Box-to-Box Midfielder (CM / 8),tackles_per90,0.15,0.0,0.0,133
499380,Sascha Britschgi,box_to_box_midfielder,Box-to-Box Midfielder (CM / 8),tackles_per90,0.15,1.44,30.8,133
129711,Brennan Johnson,box_to_box_midfielder,Box-to-Box Midfielder (CM / 8),tackles_per90,0.15,2.53,90.2,133
30422,R. Gosens,box_to_box_midfielder,Box-to-Box Midfielder (CM / 8),tackles_per90,0.15,3.333,100.0,133
107210,Riki Rodríguez,box_to_box_midfielder,Box-to-Box Midfielder (CM / 8),tackles_per90,0.15,0.375,0.0,133
202526,E. Dinkçi,box_to_box_midfielder,Box-to-Box Midfielder (CM / 8),tackles_per90,0.15,0.396,0.0,133
327831,A. Kemlein,box_to_box_midfielder,Box-to-Box Midfielder (CM / 8),tackles_per90,0.15,1.268,21.8,133
542861,R. Sato,box_to_box_midfielder,Box-to-Box Midfielder (CM / 8),tackles_per90,0.15,1.304,24.8,133
119121,Trai Hume,box_to_box_midfielder,Box-to-Box Midfielder (CM / 8),tackles_per90,0.15,4.348,100.0,133
215827,F. Oppegård,box_to_box_midfielder,Box-to-Box Midfielder (CM / 8),tackles_per90,0.15,0.439,0.0,133
19666,Matt Crooks,box_to_box_midfielder,Box-to-Box Midfielder (CM / 8),tackles_per90,0.15,3.529,100.0,133
24798,C. Führich,box_to_box_midfielder,Box-to-Box Midfielder (CM / 8),tackles_per90,0.15,2.714,93.2,133
48491,Vincent Sierro,box_to_box_midfielder,Box-to-Box Midfielder (CM / 8),tackles_per90,0.15,0.474,0.0,133
1725,D. Ljubičić,box_to_box_midfielder,Box-to-Box Midfielder (CM / 8),tackles_per90,0.15,0.486,0.0,133
2763,Mario Pašalić,box_to_box_midfielder,Box-to-Box Midfielder (CM / 8),tackles_per90,0.15,0.0,0.0,133
18872,Lewis Cook,box_to_box_midfielder,Box-to-Box Midfielder (CM / 8),tackles_per90,0.15,0.497,0.0,133
641317,Aaron Mayol,box_to_box_midfielder,Box-to-Box Midfielder (CM / 8),tackles_per90,0.15,2.0,69.9,133
47543,Álvaro García,box_to_box_midfielder,Box-to-Box Midfielder (CM / 8),interceptions_per90,0.15,1.358,96.2,133
182603,Jon Ander Olasagasti,box_to_box_midfielder,Box-to-Box Midfielder (CM / 8),interceptions_per90,0.15,0.891,66.9,133
323935,Giuliano Simeone,box_to_box_midfielder,Box-to-Box Midfielder (CM / 8),interceptions_per90,0.15,1.139,86.5,133
106727,Oriol Rey,box_to_box_midfielder,Box-to-Box Midfielder (CM / 8),interceptions_per90,0.15,0.761,50.4,133
157988,Sergio Carreira,box_to_box_midfielder,Box-to-Box Midfielder (CM / 8),interceptions_per90,0.15,0.395,11.3,133
91358,Emanuele Valeri,box_to_box_midfielder,Box-to-Box Midfielder (CM / 8),interceptions_per90,0.15,0.793,53.4,133
402386,Arsène Kouassi,box_to_box_midfielder,Box-to-Box Midfielder (CM / 8),interceptions_per90,0.15,0.8,54.1,133
48047,Jesper Karlström,box_to_box_midfielder,Box-to-Box Midfielder (CM / 8),interceptions_per90,0.15,0.8,54.1,133
405360,Harrison Armstrong,box_to_box_midfielder,Box-to-Box Midfielder (CM / 8),interceptions_per90,0.15,0.807,56.4,133
394183,Alessandro Romano,box_to_box_midfielder,Box-to-Box Midfielder (CM / 8),interceptions_per90,0.15,0.607,27.1,133
19260,Jay DaSilva,box_to_box_midfielder,Box-to-Box Midfielder (CM / 8),interceptions_per90,0.15,0.809,56.4,133
174708,Y. Belkhdim,box_to_box_midfielder,Box-to-Box Midfielder (CM / 8),interceptions_per90,0.15,1.618,99.2,133
19328,Matt Grimes,box_to_box_midfielder,Box-to-Box Midfielder (CM / 8),interceptions_per90,0.15,0.405,12.0,133
183699,Urko González,box_to_box_midfielder,Box-to-Box Midfielder (CM / 8),interceptions_per90,0.15,1.018,76.7,133
89520,Mikael Ellertsson,box_to_box_midfielder,Box-to-Box Midfielder (CM / 8),interceptions_per90,0.15,0.409,12.8,133
504157,Djibril Coulibaly,box_to_box_midfielder,Box-to-Box Midfielder (CM / 8),interceptions_per90,0.15,0.831,58.6,133
394372,Izan Merino,box_to_box_midfielder,Box-to-Box Midfielder (CM / 8),interceptions_per90,0.15,0.641,30.1,133
38749,Kenneth Taylor,box_to_box_midfielder,Box-to-Box Midfielder (CM / 8),interceptions_per90,0.15,0.855,61.7,133
182201,Tyrick Mitchell,box_to_box_midfielder,Box-to-Box Midfielder (CM / 8),interceptions_per90,0.15,0.428,14.3,133
10097,Éderson,box_to_box_midfielder,Box-to-Box Midfielder (CM / 8),interceptions_per90,0.15,0.432,14.3,133
335162,M. Diop,box_to_box_midfielder,Box-to-Box Midfielder (CM / 8),interceptions_per90,0.15,1.092,83.5,133
264,Thomas Meunier,box_to_box_midfielder,Box-to-Box Midfielder (CM / 8),interceptions_per90,0.15,0.902,67.7,133
299923,Mohamed Belloumi,box_to_box_midfielder,Box-to-Box Midfielder (CM / 8),interceptions_per90,0.15,2.035,100.0,133
400510,Diogo Sousa,box_to_box_midfielder,Box-to-Box Midfielder (CM / 8),interceptions_per90,0.15,0.938,70.7,133
20692,H. Abdelli,box_to_box_midfielder,Box-to-Box Midfielder (CM / 8),interceptions_per90,0.15,0.237,4.5,133
1489,Nemanja Gudelj,box_to_box_midfielder,Box-to-Box Midfielder (CM / 8),interceptions_per90,0.15,1.203,88.7,133
46658,Rubén García,box_to_box_midfielder,Box-to-Box Midfielder (CM / 8),interceptions_per90,0.15,0.488,17.3,133
162590,T. Morton,box_to_box_midfielder,Box-to-Box Midfielder (CM / 8),interceptions_per90,0.15,0.738,48.1,133
7562,Romano Schmid,box_to_box_midfielder,Box-to-Box Midfielder (CM / 8),interceptions_per90,0.15,0.0,0.0,133
260898,N. Remberg,box_to_box_midfielder,Box-to-Box Midfielder (CM / 8),interceptions_per90,0.15,1.25,91.7,133
25300,R. Khedira,box_to_box_midfielder,Box-to-Box Midfielder (CM / 8),interceptions_per90,0.15,0.5,18.8,133
162219,R. Onyedika,box_to_box_midfielder,Box-to-Box Midfielder (CM / 8),interceptions_per90,0.15,0.75,48.9,133
363226,Rayan Bamba,box_to_box_midfielder,Box-to-Box Midfielder (CM / 8),interceptions_per90,0.15,0.75,48.9,133
280090,S. El-Faouzi,box_to_box_midfielder,Box-to-Box Midfielder (CM / 8),interceptions_per90,0.15,1.25,91.7,133
40533,Ł. Poręba,box_to_box_midfielder,Box-to-Box Midfielder (CM / 8),interceptions_per90,0.15,1.25,91.7,133
24854,G. Prömel,box_to_box_midfielder,Box-to-Box Midfielder (CM / 8),interceptions_per90,0.15,0.508,19.5,133
104821,Jon Guridi,box_to_box_midfielder,Box-to-Box Midfielder (CM / 8),interceptions_per90,0.15,0.255,5.3,133
178709,Y. Engelhardt,box_to_box_midfielder,Box-to-Box Midfielder (CM / 8),interceptions_per90,0.15,1.278,92.5,133
1156,T. Krauß,box_to_box_midfielder,Box-to-Box Midfielder (CM / 8),interceptions_per90,0.15,1.552,99.2,133
280070,F. Keidel,box_to_box_midfielder,Box-to-Box Midfielder (CM / 8),interceptions_per90,0.15,1.574,99.2,133
7592,R. Obermair,box_to_box_midfielder,Box-to-Box Midfielder (CM / 8),interceptions_per90,0.15,2.703,100.0,133
343286,E. Banzuzi,box_to_box_midfielder,Box-to-Box Midfielder (CM / 8),interceptions_per90,0.15,0.273,5.3,133
24845,J. Ryerson,box_to_box_midfielder,Box-to-Box Midfielder (CM / 8),interceptions_per90,0.15,1.393,96.2,133
15799,Frank Onyeka,box_to_box_midfielder,Box-to-Box Midfielder (CM / 8),interceptions_per90,0.15,1.709,100.0,133
338201,H. Picard,box_to_box_midfielder,Box-to-Box Midfielder (CM / 8),interceptions_per90,0.15,0.854,61.7,133
2771,Ola Aina,box_to_box_midfielder,Box-to-Box Midfielder (CM / 8),interceptions_per90,0.15,0.874,63.9,133
25634,Michaël Cuisance,box_to_box_midfielder,Box-to-Box Midfielder (CM / 8),interceptions_per90,0.15,1.173,86.5,133
143831,R. Fellhauer,box_to_box_midfielder,Box-to-Box Midfielder (CM / 8),interceptions_per90,0.15,0.296,5.3,133
137210,A. Stiller,box_to_box_midfielder,Box-to-Box Midfielder (CM / 8),interceptions_per90,0.15,1.192,88.0,133
364566,George Hemmings,box_to_box_midfielder,Box-to-Box Midfielder (CM / 8),interceptions_per90,0.15,0.0,0.0,133
951,M. Aebischer,box_to_box_midfielder,Box-to-Box Midfielder (CM / 8),interceptions_per90,0.15,0.301,5.3,133
410840,Ryunosuke Sato,box_to_box_midfielder,Box-to-Box Midfielder (CM / 8),interceptions_per90,0.15,0.0,0.0,133
362750,Thiago Fernández,box_to_box_midfielder,Box-to-Box Midfielder (CM / 8),interceptions_per90,0.15,0.931,70.7,133
341234,Elias Jelert,box_to_box_midfielder,Box-to-Box Midfielder (CM / 8),interceptions_per90,0.15,0.645,30.8,133
322865,D. Karim,box_to_box_midfielder,Box-to-Box Midfielder (CM / 8),interceptions_per90,0.15,0.652,33.1,133
343189,Gvidas Gineitis,box_to_box_midfielder,Box-to-Box Midfielder (CM / 8),interceptions_per90,0.15,0.0,0.0,133
439578,David Otorbi,box_to_box_midfielder,Box-to-Box Midfielder (CM / 8),interceptions_per90,0.15,0.667,36.1,133
475575,Caleb Yirenkyi,box_to_box_midfielder,Box-to-Box Midfielder (CM / 8),interceptions_per90,0.15,0.677,37.6,133
33224,Daizen Maeda,box_to_box_midfielder,Box-to-Box Midfielder (CM / 8),interceptions_per90,0.15,0.0,0.0,133
309388,Matteo Prati,box_to_box_midfielder,Box-to-Box Midfielder (CM / 8),interceptions_per90,0.15,0.692,42.1,133
13736,Daniel Muñoz,box_to_box_midfielder,Box-to-Box Midfielder (CM / 8),interceptions_per90,0.15,0.347,7.5,133
226765,Elliot Stroud,box_to_box_midfielder,Box-to-Box Midfielder (CM / 8),interceptions_per90,0.15,0.711,44.4,133
56560,Youssef Maleh,box_to_box_midfielder,Box-to-Box Midfielder (CM / 8),interceptions_per90,0.15,1.423,97.0,133
31273,Tommaso Pobega,box_to_box_midfielder,Box-to-Box Midfielder (CM / 8),interceptions_per90,0.15,1.071,81.2,133
265782,D. Møller Wolfe,box_to_box_midfielder,Box-to-Box Midfielder (CM / 8),interceptions_per90,0.15,0.717,45.1,133
499380,Sascha Britschgi,box_to_box_midfielder,Box-to-Box Midfielder (CM / 8),interceptions_per90,0.15,0.0,0.0,133
129711,Brennan Johnson,box_to_box_midfielder,Box-to-Box Midfielder (CM / 8),interceptions_per90,0.15,1.084,82.7,133
30422,R. Gosens,box_to_box_midfielder,Box-to-Box Midfielder (CM / 8),interceptions_per90,0.15,1.481,99.2,133
107210,Riki Rodríguez,box_to_box_midfielder,Box-to-Box Midfielder (CM / 8),interceptions_per90,0.15,1.125,85.7,133
202526,E. Dinkçi,box_to_box_midfielder,Box-to-Box Midfielder (CM / 8),interceptions_per90,0.15,0.396,11.3,133
327831,A. Kemlein,box_to_box_midfielder,Box-to-Box Midfielder (CM / 8),interceptions_per90,0.15,0.423,14.3,133
542861,R. Sato,box_to_box_midfielder,Box-to-Box Midfielder (CM / 8),interceptions_per90,0.15,0.0,0.0,133
119121,Trai Hume,box_to_box_midfielder,Box-to-Box Midfielder (CM / 8),interceptions_per90,0.15,0.435,15.0,133
215827,F. Oppegård,box_to_box_midfielder,Box-to-Box Midfielder (CM / 8),interceptions_per90,0.15,1.756,100.0,133
19666,Matt Crooks,box_to_box_midfielder,Box-to-Box Midfielder (CM / 8),interceptions_per90,0.15,0.0,0.0,133
24798,C. Führich,box_to_box_midfielder,Box-to-Box Midfielder (CM / 8),interceptions_per90,0.15,0.0,0.0,133
48491,Vincent Sierro,box_to_box_midfielder,Box-to-Box Midfielder (CM / 8),interceptions_per90,0.15,0.947,72.9,133
1725,D. Ljubičić,box_to_box_midfielder,Box-to-Box Midfielder (CM / 8),interceptions_per90,0.15,0.486,17.3,133
2763,Mario Pašalić,box_to_box_midfielder,Box-to-Box Midfielder (CM / 8),interceptions_per90,0.15,0.489,18.0,133
18872,Lewis Cook,box_to_box_midfielder,Box-to-Box Midfielder (CM / 8),interceptions_per90,0.15,1.989,100.0,133
641317,Aaron Mayol,box_to_box_midfielder,Box-to-Box Midfielder (CM / 8),interceptions_per90,0.15,2.0,100.0,133
333502,Miguel Román,attacking_midfielder,Attacking Midfielder (AM / 10),key_passes_per90,0.25,1.088,17.2,93
756,Federico Valverde,attacking_midfielder,Attacking Midfielder (AM / 10),key_passes_per90,0.25,0.798,0.0,93
47285,Unai López,attacking_midfielder,Attacking Midfielder (AM / 10),key_passes_per90,0.25,2.59,95.7,93
20696,Pape Gueye,attacking_midfielder,Attacking Midfielder (AM / 10),key_passes_per90,0.25,1.369,35.5,93
161965,Mario Soriano,attacking_midfielder,Attacking Midfielder (AM / 10),key_passes_per90,0.25,1.24,23.7,93
133609,Pedri,attacking_midfielder,Attacking Midfielder (AM / 10),key_passes_per90,0.25,2.689,96.8,93
930,Carlos Soler,attacking_midfielder,Attacking Midfielder (AM / 10),key_passes_per90,0.25,2.134,79.6,93
1697,Pablo Fornals,attacking_midfielder,Attacking Midfielder (AM / 10),key_passes_per90,0.25,2.374,92.5,93
37652,B. van den Boomen,attacking_midfielder,Attacking Midfielder (AM / 10),key_passes_per90,0.25,2.6,95.7,93
50956,Cristian Cásseres Jr.,attacking_midfielder,Attacking Midfielder (AM / 10),key_passes_per90,0.25,3.6,100.0,93
30505,Michel Adopo,attacking_midfielder,Attacking Midfielder (AM / 10),key_passes_per90,0.25,1.6,54.8,93
18970,P. Groß,attacking_midfielder,Attacking Midfielder (AM / 10),key_passes_per90,0.25,3.0,98.9,93
2735,P. Højbjerg,attacking_midfielder,Attacking Midfielder (AM / 10),key_passes_per90,0.25,1.0,10.8,93
275394,Antoine Hainaut,attacking_midfielder,Attacking Midfielder (AM / 10),key_passes_per90,0.25,1.416,40.9,93
2601,Daichi Kamada,attacking_midfielder,Attacking Midfielder (AM / 10),key_passes_per90,0.25,1.219,23.7,93
30708,Samuele Birindelli,attacking_midfielder,Attacking Midfielder (AM / 10),key_passes_per90,0.25,1.625,55.9,93
109,Aleksandr Golovin,attacking_midfielder,Attacking Midfielder (AM / 10),key_passes_per90,0.25,2.055,79.6,93
128287,J. Chotard,attacking_midfielder,Attacking Midfielder (AM / 10),key_passes_per90,0.25,2.903,98.9,93
22007,Hassane Kamara,attacking_midfielder,Attacking Midfielder (AM / 10),key_passes_per90,0.25,0.626,0.0,93
128384,Vitinha,attacking_midfielder,Attacking Midfielder (AM / 10),key_passes_per90,0.25,2.098,79.6,93
162007,M. De Cuyper,attacking_midfielder,Attacking Midfielder (AM / 10),key_passes_per90,0.25,2.329,92.5,93
409,Nabil Bentaleb,attacking_midfielder,Attacking Midfielder (AM / 10),key_passes_per90,0.25,1.507,47.3,93
2937,D. Rice,attacking_midfielder,Attacking Midfielder (AM / 10),key_passes_per90,0.25,1.522,49.5,93
1455,Alex Iwobi,attacking_midfielder,Attacking Midfielder (AM / 10),key_passes_per90,0.25,2.19,83.9,93
2823,Saša Lukić,attacking_midfielder,Attacking Midfielder (AM / 10),key_passes_per90,0.25,1.34,32.3,93
902,Nemanja Matić,attacking_midfielder,Attacking Midfielder (AM / 10),key_passes_per90,0.25,1.567,51.6,93
311083,Cher Ndour,attacking_midfielder,Attacking Midfielder (AM / 10),key_passes_per90,0.25,1.357,33.3,93
1696,Samuel Chukwueze,attacking_midfielder,Attacking Midfielder (AM / 10),key_passes_per90,0.25,2.332,92.5,93
36895,Kian Fitz-Jim,attacking_midfielder,Attacking Midfielder (AM / 10),key_passes_per90,0.25,1.875,71.0,93
1910,Maxime López,attacking_midfielder,Attacking Midfielder (AM / 10),key_passes_per90,0.25,1.414,40.9,93
161893,Enzo Bardeli,attacking_midfielder,Attacking Midfielder (AM / 10),key_passes_per90,0.25,1.895,72.0,93
896,A. Gomes,attacking_midfielder,Attacking Midfielder (AM / 10),key_passes_per90,0.25,0.968,8.6,93
47516,Aleix García,attacking_midfielder,Attacking Midfielder (AM / 10),key_passes_per90,0.25,3.25,100.0,93
2917,M. Eggestein,attacking_midfielder,Attacking Midfielder (AM / 10),key_passes_per90,0.25,0.75,0.0,93
33889,Kaishu Sano,attacking_midfielder,Attacking Midfielder (AM / 10),key_passes_per90,0.25,1.76,64.5,93
50,Koke,attacking_midfielder,Attacking Midfielder (AM / 10),key_passes_per90,0.25,2.011,78.5,93
163032,F. Rieder,attacking_midfielder,Attacking Midfielder (AM / 10),key_passes_per90,0.25,1.275,24.7,93
329,Piotr Zieliński,attacking_midfielder,Attacking Midfielder (AM / 10),key_passes_per90,0.25,0.767,0.0,93
1934,Sander Berge,attacking_midfielder,Attacking Midfielder (AM / 10),key_passes_per90,0.25,1.534,49.5,93
25342,M. Mittelstädt,attacking_midfielder,Attacking Midfielder (AM / 10),key_passes_per90,0.25,3.621,100.0,93
349001,Wesley,attacking_midfielder,Attacking Midfielder (AM / 10),key_passes_per90,0.25,3.545,100.0,93
22147,Manu Koné,attacking_midfielder,Attacking Midfielder (AM / 10),key_passes_per90,0.25,1.646,57.0,93
20,Axel Witsel,attacking_midfielder,Attacking Midfielder (AM / 10),key_passes_per90,0.25,0.559,0.0,93
110,H. Massengo,attacking_midfielder,Attacking Midfielder (AM / 10),key_passes_per90,0.25,1.42,40.9,93
31010,Federico Dimarco,attacking_midfielder,Attacking Midfielder (AM / 10),key_passes_per90,0.25,3.987,100.0,93
162266,Lucas Da Cunha,attacking_midfielder,Attacking Midfielder (AM / 10),key_passes_per90,0.25,2.563,95.7,93
51266,Gianluca Busio,attacking_midfielder,Attacking Midfielder (AM / 10),key_passes_per90,0.25,1.433,40.9,93
328033,A. Pavlović,attacking_midfielder,Attacking Midfielder (AM / 10),key_passes_per90,0.25,2.026,78.5,93
957,Djibril Sow,attacking_midfielder,Attacking Midfielder (AM / 10),key_passes_per90,0.25,2.315,91.4,93
104949,Pablo Martínez,attacking_midfielder,Attacking Midfielder (AM / 10),key_passes_per90,0.25,2.345,92.5,93
272,Adrien Rabiot,attacking_midfielder,Attacking Midfielder (AM / 10),key_passes_per90,0.25,0.882,5.4,93
433396,Marc Bernal,attacking_midfielder,Attacking Midfielder (AM / 10),key_passes_per90,0.25,2.114,79.6,93
502,J. Kimmich,attacking_midfielder,Attacking Midfielder (AM / 10),key_passes_per90,0.25,2.136,79.6,93
328,Fabián Ruiz,attacking_midfielder,Attacking Midfielder (AM / 10),key_passes_per90,0.25,3.061,98.9,93
336594,Pablo Barrios,attacking_midfielder,Attacking Midfielder (AM / 10),key_passes_per90,0.25,1.837,67.7,93
19545,R. James,attacking_midfielder,Attacking Midfielder (AM / 10),key_passes_per90,0.25,0.616,0.0,93
636,Bernardo Silva,attacking_midfielder,Attacking Midfielder (AM / 10),key_passes_per90,0.25,1.596,54.8,93
22244,Anthony Caci,attacking_midfielder,Attacking Midfielder (AM / 10),key_passes_per90,0.25,1.601,54.8,93
329720,Hugo Álvarez,attacking_midfielder,Attacking Midfielder (AM / 10),key_passes_per90,0.25,1.613,54.8,93
179414,Lucas Calodat,attacking_midfielder,Attacking Midfielder (AM / 10),key_passes_per90,0.25,1.3,25.8,93
313245,M. Lewis-Skelly,attacking_midfielder,Attacking Midfielder (AM / 10),key_passes_per90,0.25,0.659,0.0,93
288699,Máximo Perrone,attacking_midfielder,Attacking Midfielder (AM / 10),key_passes_per90,0.25,2.667,96.8,93
408635,Ebenezer Akinsanmiro,attacking_midfielder,Attacking Midfielder (AM / 10),key_passes_per90,0.25,1.353,33.3,93
2906,Jae-sung Lee,attacking_midfielder,Attacking Midfielder (AM / 10),key_passes_per90,0.25,2.03,79.6,93
341642,J. Hato,attacking_midfielder,Attacking Midfielder (AM / 10),key_passes_per90,0.25,1.385,36.6,93
183744,Beñat Turrientes,attacking_midfielder,Attacking Midfielder (AM / 10),key_passes_per90,0.25,1.395,37.6,93
187318,Marc Aguado,attacking_midfielder,Attacking Midfielder (AM / 10),key_passes_per90,0.25,0.35,0.0,93
336585,Mateus Fernandes,attacking_midfielder,Attacking Midfielder (AM / 10),key_passes_per90,0.25,1.758,64.5,93
185202,Juan Cruz,attacking_midfielder,Attacking Midfielder (AM / 10),key_passes_per90,0.25,0.359,0.0,93
21587,E. Skhiri,attacking_midfielder,Attacking Midfielder (AM / 10),key_passes_per90,0.25,1.8,65.6,93
47574,Moi Gómez,attacking_midfielder,Attacking Midfielder (AM / 10),key_passes_per90,0.25,1.5,47.3,93
1014,Simon Sohm,attacking_midfielder,Attacking Midfielder (AM / 10),key_passes_per90,0.25,1.5,47.3,93
133185,Johnny Cardoso,attacking_midfielder,Attacking Midfielder (AM / 10),key_passes_per90,0.25,0.388,0.0,93
162706,Jean Vercruysse,attacking_midfielder,Attacking Midfielder (AM / 10),key_passes_per90,0.25,0.789,0.0,93
48198,Í. Bergmann Jóhannesson,attacking_midfielder,Attacking Midfielder (AM / 10),key_passes_per90,0.25,1.974,73.1,93
40403,S. Szymański,attacking_midfielder,Attacking Midfielder (AM / 10),key_passes_per90,0.25,2.379,92.5,93
469321,Sean Steur,attacking_midfielder,Attacking Midfielder (AM / 10),key_passes_per90,0.25,1.2,20.4,93
6503,Nahuel Molina,attacking_midfielder,Attacking Midfielder (AM / 10),key_passes_per90,0.25,2.838,98.9,93
46170,Ivan Ilić,attacking_midfielder,Attacking Midfielder (AM / 10),key_passes_per90,0.25,1.227,23.7,93
25533,Niklas Schmidt,attacking_midfielder,Attacking Midfielder (AM / 10),key_passes_per90,0.25,2.477,92.5,93
263538,Y. Yarmolyuk,attacking_midfielder,Attacking Midfielder (AM / 10),key_passes_per90,0.25,1.239,23.7,93
130423,Billy Gilmour,attacking_midfielder,Attacking Midfielder (AM / 10),key_passes_per90,0.25,0.0,0.0,93
119795,Giorgi Kochorashvili,attacking_midfielder,Attacking Midfielder (AM / 10),key_passes_per90,0.25,0.486,0.0,93
333502,Miguel Román,attacking_midfielder,Attacking Midfielder (AM / 10),assists_per90,0.2,0.311,90.3,93
756,Federico Valverde,attacking_midfielder,Attacking Midfielder (AM / 10),assists_per90,0.2,0.16,47.3,93
47285,Unai López,attacking_midfielder,Attacking Midfielder (AM / 10),assists_per90,0.2,0.486,97.8,93
20696,Pape Gueye,attacking_midfielder,Attacking Midfielder (AM / 10),assists_per90,0.2,0.0,2.2,93
161965,Mario Soriano,attacking_midfielder,Attacking Midfielder (AM / 10),assists_per90,0.2,0.354,93.5,93
133609,Pedri,attacking_midfielder,Attacking Midfielder (AM / 10),assists_per90,0.2,0.179,57.0,93
930,Carlos Soler,attacking_midfielder,Attacking Midfielder (AM / 10),assists_per90,0.2,0.388,95.7,93
1697,Pablo Fornals,attacking_midfielder,Attacking Midfielder (AM / 10),assists_per90,0.2,0.0,2.2,93
37652,B. van den Boomen,attacking_midfielder,Attacking Midfielder (AM / 10),assists_per90,0.2,0.2,67.7,93
50956,Cristian Cásseres Jr.,attacking_midfielder,Attacking Midfielder (AM / 10),assists_per90,0.2,0.8,100.0,93
30505,Michel Adopo,attacking_midfielder,Attacking Midfielder (AM / 10),assists_per90,0.2,0.4,96.8,93
18970,P. Groß,attacking_midfielder,Attacking Midfielder (AM / 10),assists_per90,0.2,0.6,100.0,93
2735,P. Højbjerg,attacking_midfielder,Attacking Midfielder (AM / 10),assists_per90,0.2,0.0,2.2,93
275394,Antoine Hainaut,attacking_midfielder,Attacking Midfielder (AM / 10),assists_per90,0.2,0.202,67.7,93
2601,Daichi Kamada,attacking_midfielder,Attacking Midfielder (AM / 10),assists_per90,0.2,0.609,100.0,93
30708,Samuele Birindelli,attacking_midfielder,Attacking Midfielder (AM / 10),assists_per90,0.2,0.406,96.8,93
109,Aleksandr Golovin,attacking_midfielder,Attacking Midfielder (AM / 10),assists_per90,0.2,0.411,96.8,93
128287,J. Chotard,attacking_midfielder,Attacking Midfielder (AM / 10),assists_per90,0.2,0.207,68.8,93
22007,Hassane Kamara,attacking_midfielder,Attacking Midfielder (AM / 10),assists_per90,0.2,0.209,68.8,93
128384,Vitinha,attacking_midfielder,Attacking Midfielder (AM / 10),assists_per90,0.2,0.21,69.9,93
162007,M. De Cuyper,attacking_midfielder,Attacking Midfielder (AM / 10),assists_per90,0.2,0.424,96.8,93
409,Nabil Bentaleb,attacking_midfielder,Attacking Midfielder (AM / 10),assists_per90,0.2,0.215,71.0,93
2937,D. Rice,attacking_midfielder,Attacking Midfielder (AM / 10),assists_per90,0.2,0.435,96.8,93
1455,Alex Iwobi,attacking_midfielder,Attacking Midfielder (AM / 10),assists_per90,0.2,0.0,2.2,93
2823,Saša Lukić,attacking_midfielder,Attacking Midfielder (AM / 10),assists_per90,0.2,0.223,73.1,93
902,Nemanja Matić,attacking_midfielder,Attacking Midfielder (AM / 10),assists_per90,0.2,0.224,73.1,93
311083,Cher Ndour,attacking_midfielder,Attacking Midfielder (AM / 10),assists_per90,0.2,0.226,75.3,93
1696,Samuel Chukwueze,attacking_midfielder,Attacking Midfielder (AM / 10),assists_per90,0.2,0.466,97.8,93
36895,Kian Fitz-Jim,attacking_midfielder,Attacking Midfielder (AM / 10),assists_per90,0.2,0.0,2.2,93
1910,Maxime López,attacking_midfielder,Attacking Midfielder (AM / 10),assists_per90,0.2,0.236,76.3,93
161893,Enzo Bardeli,attacking_midfielder,Attacking Midfielder (AM / 10),assists_per90,0.2,0.237,76.3,93
896,A. Gomes,attacking_midfielder,Attacking Midfielder (AM / 10),assists_per90,0.2,0.242,76.3,93
47516,Aleix García,attacking_midfielder,Attacking Midfielder (AM / 10),assists_per90,0.2,0.0,2.2,93
2917,M. Eggestein,attacking_midfielder,Attacking Midfielder (AM / 10),assists_per90,0.2,0.0,2.2,93
33889,Kaishu Sano,attacking_midfielder,Attacking Midfielder (AM / 10),assists_per90,0.2,0.503,97.8,93
50,Koke,attacking_midfielder,Attacking Midfielder (AM / 10),assists_per90,0.2,0.0,2.2,93
163032,F. Rieder,attacking_midfielder,Attacking Midfielder (AM / 10),assists_per90,0.2,0.765,100.0,93
329,Piotr Zieliński,attacking_midfielder,Attacking Midfielder (AM / 10),assists_per90,0.2,0.256,78.5,93
1934,Sander Berge,attacking_midfielder,Attacking Midfielder (AM / 10),assists_per90,0.2,0.0,2.2,93
25342,M. Mittelstädt,attacking_midfielder,Attacking Midfielder (AM / 10),assists_per90,0.2,0.259,78.5,93
349001,Wesley,attacking_midfielder,Attacking Midfielder (AM / 10),assists_per90,0.2,0.273,83.9,93
22147,Manu Koné,attacking_midfielder,Attacking Midfielder (AM / 10),assists_per90,0.2,0.0,2.2,93
20,Axel Witsel,attacking_midfielder,Attacking Midfielder (AM / 10),assists_per90,0.2,0.0,2.2,93
110,H. Massengo,attacking_midfielder,Attacking Midfielder (AM / 10),assists_per90,0.2,0.284,87.1,93
31010,Federico Dimarco,attacking_midfielder,Attacking Midfielder (AM / 10),assists_per90,0.2,0.285,88.2,93
162266,Lucas Da Cunha,attacking_midfielder,Attacking Midfielder (AM / 10),assists_per90,0.2,0.0,2.2,93
51266,Gianluca Busio,attacking_midfielder,Attacking Midfielder (AM / 10),assists_per90,0.2,0.573,98.9,93
328033,A. Pavlović,attacking_midfielder,Attacking Midfielder (AM / 10),assists_per90,0.2,0.289,88.2,93
957,Djibril Sow,attacking_midfielder,Attacking Midfielder (AM / 10),assists_per90,0.2,0.289,88.2,93
104949,Pablo Martínez,attacking_midfielder,Attacking Midfielder (AM / 10),assists_per90,0.2,0.293,88.2,93
272,Adrien Rabiot,attacking_midfielder,Attacking Midfielder (AM / 10),assists_per90,0.2,0.588,98.9,93
433396,Marc Bernal,attacking_midfielder,Attacking Midfielder (AM / 10),assists_per90,0.2,0.604,100.0,93
502,J. Kimmich,attacking_midfielder,Attacking Midfielder (AM / 10),assists_per90,0.2,0.61,100.0,93
328,Fabián Ruiz,attacking_midfielder,Attacking Midfielder (AM / 10),assists_per90,0.2,0.612,100.0,93
336594,Pablo Barrios,attacking_midfielder,Attacking Midfielder (AM / 10),assists_per90,0.2,0.306,89.2,93
19545,R. James,attacking_midfielder,Attacking Midfielder (AM / 10),assists_per90,0.2,0.0,2.2,93
636,Bernardo Silva,attacking_midfielder,Attacking Midfielder (AM / 10),assists_per90,0.2,0.319,92.5,93
22244,Anthony Caci,attacking_midfielder,Attacking Midfielder (AM / 10),assists_per90,0.2,0.32,92.5,93
329720,Hugo Álvarez,attacking_midfielder,Attacking Midfielder (AM / 10),assists_per90,0.2,0.645,100.0,93
179414,Lucas Calodat,attacking_midfielder,Attacking Midfielder (AM / 10),assists_per90,0.2,0.325,92.5,93
313245,M. Lewis-Skelly,attacking_midfielder,Attacking Midfielder (AM / 10),assists_per90,0.2,0.0,2.2,93
288699,Máximo Perrone,attacking_midfielder,Attacking Midfielder (AM / 10),assists_per90,0.2,0.333,93.5,93
408635,Ebenezer Akinsanmiro,attacking_midfielder,Attacking Midfielder (AM / 10),assists_per90,0.2,0.338,93.5,93
2906,Jae-sung Lee,attacking_midfielder,Attacking Midfielder (AM / 10),assists_per90,0.2,0.338,93.5,93
341642,J. Hato,attacking_midfielder,Attacking Midfielder (AM / 10),assists_per90,0.2,0.692,100.0,93
183744,Beñat Turrientes,attacking_midfielder,Attacking Midfielder (AM / 10),assists_per90,0.2,0.0,2.2,93
187318,Marc Aguado,attacking_midfielder,Attacking Midfielder (AM / 10),assists_per90,0.2,0.0,2.2,93
336585,Mateus Fernandes,attacking_midfielder,Attacking Midfielder (AM / 10),assists_per90,0.2,0.0,2.2,93
185202,Juan Cruz,attacking_midfielder,Attacking Midfielder (AM / 10),assists_per90,0.2,0.359,93.5,93
21587,E. Skhiri,attacking_midfielder,Attacking Midfielder (AM / 10),assists_per90,0.2,0.72,100.0,93
47574,Moi Gómez,attacking_midfielder,Attacking Midfielder (AM / 10),assists_per90,0.2,0.375,94.6,93
1014,Simon Sohm,attacking_midfielder,Attacking Midfielder (AM / 10),assists_per90,0.2,0.0,2.2,93
133185,Johnny Cardoso,attacking_midfielder,Attacking Midfielder (AM / 10),assists_per90,0.2,0.388,95.7,93
162706,Jean Vercruysse,attacking_midfielder,Attacking Midfielder (AM / 10),assists_per90,0.2,0.395,96.8,93
48198,Í. Bergmann Jóhannesson,attacking_midfielder,Attacking Midfielder (AM / 10),assists_per90,0.2,0.0,2.2,93
40403,S. Szymański,attacking_midfielder,Attacking Midfielder (AM / 10),assists_per90,0.2,0.396,96.8,93
469321,Sean Steur,attacking_midfielder,Attacking Midfielder (AM / 10),assists_per90,0.2,0.0,2.2,93
6503,Nahuel Molina,attacking_midfielder,Attacking Midfielder (AM / 10),assists_per90,0.2,0.405,96.8,93
46170,Ivan Ilić,attacking_midfielder,Attacking Midfielder (AM / 10),assists_per90,0.2,0.818,100.0,93
25533,Niklas Schmidt,attacking_midfielder,Attacking Midfielder (AM / 10),assists_per90,0.2,0.0,2.2,93
263538,Y. Yarmolyuk,attacking_midfielder,Attacking Midfielder (AM / 10),assists_per90,0.2,0.413,96.8,93
130423,Billy Gilmour,attacking_midfielder,Attacking Midfielder (AM / 10),assists_per90,0.2,0.0,2.2,93
119795,Giorgi Kochorashvili,attacking_midfielder,Attacking Midfielder (AM / 10),assists_per90,0.2,0.486,97.8,93
333502,Miguel Román,attacking_midfielder,Attacking Midfielder (AM / 10),goals_per90,0.2,0.155,74.2,93
756,Federico Valverde,attacking_midfielder,Attacking Midfielder (AM / 10),goals_per90,0.2,0.0,6.5,93
47285,Unai López,attacking_midfielder,Attacking Midfielder (AM / 10),goals_per90,0.2,0.0,6.5,93
20696,Pape Gueye,attacking_midfielder,Attacking Midfielder (AM / 10),goals_per90,0.2,0.513,98.9,93
161965,Mario Soriano,attacking_midfielder,Attacking Midfielder (AM / 10),goals_per90,0.2,0.0,6.5,93
133609,Pedri,attacking_midfielder,Attacking Midfielder (AM / 10),goals_per90,0.2,0.179,78.5,93
930,Carlos Soler,attacking_midfielder,Attacking Midfielder (AM / 10),goals_per90,0.2,0.194,81.7,93
1697,Pablo Fornals,attacking_midfielder,Attacking Midfielder (AM / 10),goals_per90,0.2,0.0,6.5,93
37652,B. van den Boomen,attacking_midfielder,Attacking Midfielder (AM / 10),goals_per90,0.2,0.2,83.9,93
50956,Cristian Cásseres Jr.,attacking_midfielder,Attacking Midfielder (AM / 10),goals_per90,0.2,0.0,6.5,93
30505,Michel Adopo,attacking_midfielder,Attacking Midfielder (AM / 10),goals_per90,0.2,0.0,6.5,93
18970,P. Groß,attacking_midfielder,Attacking Midfielder (AM / 10),goals_per90,0.2,0.6,100.0,93
2735,P. Højbjerg,attacking_midfielder,Attacking Midfielder (AM / 10),goals_per90,0.2,0.2,83.9,93
275394,Antoine Hainaut,attacking_midfielder,Attacking Midfielder (AM / 10),goals_per90,0.2,0.202,83.9,93
2601,Daichi Kamada,attacking_midfielder,Attacking Midfielder (AM / 10),goals_per90,0.2,0.0,6.5,93
30708,Samuele Birindelli,attacking_midfielder,Attacking Midfielder (AM / 10),goals_per90,0.2,0.0,6.5,93
109,Aleksandr Golovin,attacking_midfielder,Attacking Midfielder (AM / 10),goals_per90,0.2,0.0,6.5,93
128287,J. Chotard,attacking_midfielder,Attacking Midfielder (AM / 10),goals_per90,0.2,0.0,6.5,93
22007,Hassane Kamara,attacking_midfielder,Attacking Midfielder (AM / 10),goals_per90,0.2,0.418,97.8,93
128384,Vitinha,attacking_midfielder,Attacking Midfielder (AM / 10),goals_per90,0.2,0.21,84.9,93
162007,M. De Cuyper,attacking_midfielder,Attacking Midfielder (AM / 10),goals_per90,0.2,0.212,84.9,93
409,Nabil Bentaleb,attacking_midfielder,Attacking Midfielder (AM / 10),goals_per90,0.2,0.0,6.5,93
2937,D. Rice,attacking_midfielder,Attacking Midfielder (AM / 10),goals_per90,0.2,0.0,6.5,93
1455,Alex Iwobi,attacking_midfielder,Attacking Midfielder (AM / 10),goals_per90,0.2,0.0,6.5,93
2823,Saša Lukić,attacking_midfielder,Attacking Midfielder (AM / 10),goals_per90,0.2,0.0,6.5,93
902,Nemanja Matić,attacking_midfielder,Attacking Midfielder (AM / 10),goals_per90,0.2,0.0,6.5,93
311083,Cher Ndour,attacking_midfielder,Attacking Midfielder (AM / 10),goals_per90,0.2,0.0,6.5,93
1696,Samuel Chukwueze,attacking_midfielder,Attacking Midfielder (AM / 10),goals_per90,0.2,0.0,6.5,93
36895,Kian Fitz-Jim,attacking_midfielder,Attacking Midfielder (AM / 10),goals_per90,0.2,0.0,6.5,93
1910,Maxime López,attacking_midfielder,Attacking Midfielder (AM / 10),goals_per90,0.2,0.0,6.5,93
161893,Enzo Bardeli,attacking_midfielder,Attacking Midfielder (AM / 10),goals_per90,0.2,0.237,88.2,93
896,A. Gomes,attacking_midfielder,Attacking Midfielder (AM / 10),goals_per90,0.2,0.242,88.2,93
47516,Aleix García,attacking_midfielder,Attacking Midfielder (AM / 10),goals_per90,0.2,0.0,6.5,93
2917,M. Eggestein,attacking_midfielder,Attacking Midfielder (AM / 10),goals_per90,0.2,0.5,98.9,93
33889,Kaishu Sano,attacking_midfielder,Attacking Midfielder (AM / 10),goals_per90,0.2,0.0,6.5,93
50,Koke,attacking_midfielder,Attacking Midfielder (AM / 10),goals_per90,0.2,0.0,6.5,93
163032,F. Rieder,attacking_midfielder,Attacking Midfielder (AM / 10),goals_per90,0.2,0.255,88.2,93
329,Piotr Zieliński,attacking_midfielder,Attacking Midfielder (AM / 10),goals_per90,0.2,0.256,88.2,93
1934,Sander Berge,attacking_midfielder,Attacking Midfielder (AM / 10),goals_per90,0.2,0.0,6.5,93
25342,M. Mittelstädt,attacking_midfielder,Attacking Midfielder (AM / 10),goals_per90,0.2,0.259,88.2,93
349001,Wesley,attacking_midfielder,Attacking Midfielder (AM / 10),goals_per90,0.2,0.0,6.5,93
22147,Manu Koné,attacking_midfielder,Attacking Midfielder (AM / 10),goals_per90,0.2,0.549,98.9,93
20,Axel Witsel,attacking_midfielder,Attacking Midfielder (AM / 10),goals_per90,0.2,0.0,6.5,93
110,H. Massengo,attacking_midfielder,Attacking Midfielder (AM / 10),goals_per90,0.2,0.0,6.5,93
31010,Federico Dimarco,attacking_midfielder,Attacking Midfielder (AM / 10),goals_per90,0.2,0.0,6.5,93
162266,Lucas Da Cunha,attacking_midfielder,Attacking Midfielder (AM / 10),goals_per90,0.2,0.0,6.5,93
51266,Gianluca Busio,attacking_midfielder,Attacking Midfielder (AM / 10),goals_per90,0.2,0.0,6.5,93
328033,A. Pavlović,attacking_midfielder,Attacking Midfielder (AM / 10),goals_per90,0.2,0.289,93.5,93
957,Djibril Sow,attacking_midfielder,Attacking Midfielder (AM / 10),goals_per90,0.2,0.0,6.5,93
104949,Pablo Martínez,attacking_midfielder,Attacking Midfielder (AM / 10),goals_per90,0.2,0.0,6.5,93
272,Adrien Rabiot,attacking_midfielder,Attacking Midfielder (AM / 10),goals_per90,0.2,0.588,98.9,93
433396,Marc Bernal,attacking_midfielder,Attacking Midfielder (AM / 10),goals_per90,0.2,0.0,6.5,93
502,J. Kimmich,attacking_midfielder,Attacking Midfielder (AM / 10),goals_per90,0.2,0.0,6.5,93
328,Fabián Ruiz,attacking_midfielder,Attacking Midfielder (AM / 10),goals_per90,0.2,0.0,6.5,93
336594,Pablo Barrios,attacking_midfielder,Attacking Midfielder (AM / 10),goals_per90,0.2,0.0,6.5,93
19545,R. James,attacking_midfielder,Attacking Midfielder (AM / 10),goals_per90,0.2,0.0,6.5,93
636,Bernardo Silva,attacking_midfielder,Attacking Midfielder (AM / 10),goals_per90,0.2,0.0,6.5,93
22244,Anthony Caci,attacking_midfielder,Attacking Midfielder (AM / 10),goals_per90,0.2,0.0,6.5,93
329720,Hugo Álvarez,attacking_midfielder,Attacking Midfielder (AM / 10),goals_per90,0.2,0.0,6.5,93
179414,Lucas Calodat,attacking_midfielder,Attacking Midfielder (AM / 10),goals_per90,0.2,0.325,94.6,93
313245,M. Lewis-Skelly,attacking_midfielder,Attacking Midfielder (AM / 10),goals_per90,0.2,0.0,6.5,93
288699,Máximo Perrone,attacking_midfielder,Attacking Midfielder (AM / 10),goals_per90,0.2,0.0,6.5,93
408635,Ebenezer Akinsanmiro,attacking_midfielder,Attacking Midfielder (AM / 10),goals_per90,0.2,0.0,6.5,93
2906,Jae-sung Lee,attacking_midfielder,Attacking Midfielder (AM / 10),goals_per90,0.2,0.0,6.5,93
341642,J. Hato,attacking_midfielder,Attacking Midfielder (AM / 10),goals_per90,0.2,0.0,6.5,93
183744,Beñat Turrientes,attacking_midfielder,Attacking Midfielder (AM / 10),goals_per90,0.2,0.0,6.5,93
187318,Marc Aguado,attacking_midfielder,Attacking Midfielder (AM / 10),goals_per90,0.2,0.35,95.7,93
336585,Mateus Fernandes,attacking_midfielder,Attacking Midfielder (AM / 10),goals_per90,0.2,0.0,6.5,93
185202,Juan Cruz,attacking_midfielder,Attacking Midfielder (AM / 10),goals_per90,0.2,0.0,6.5,93
21587,E. Skhiri,attacking_midfielder,Attacking Midfielder (AM / 10),goals_per90,0.2,0.0,6.5,93
47574,Moi Gómez,attacking_midfielder,Attacking Midfielder (AM / 10),goals_per90,0.2,0.0,6.5,93
1014,Simon Sohm,attacking_midfielder,Attacking Midfielder (AM / 10),goals_per90,0.2,0.0,6.5,93
133185,Johnny Cardoso,attacking_midfielder,Attacking Midfielder (AM / 10),goals_per90,0.2,0.0,6.5,93
162706,Jean Vercruysse,attacking_midfielder,Attacking Midfielder (AM / 10),goals_per90,0.2,0.0,6.5,93
48198,Í. Bergmann Jóhannesson,attacking_midfielder,Attacking Midfielder (AM / 10),goals_per90,0.2,0.0,6.5,93
40403,S. Szymański,attacking_midfielder,Attacking Midfielder (AM / 10),goals_per90,0.2,0.396,97.8,93
469321,Sean Steur,attacking_midfielder,Attacking Midfielder (AM / 10),goals_per90,0.2,0.0,6.5,93
6503,Nahuel Molina,attacking_midfielder,Attacking Midfielder (AM / 10),goals_per90,0.2,0.0,6.5,93
46170,Ivan Ilić,attacking_midfielder,Attacking Midfielder (AM / 10),goals_per90,0.2,0.0,6.5,93
25533,Niklas Schmidt,attacking_midfielder,Attacking Midfielder (AM / 10),goals_per90,0.2,0.0,6.5,93
263538,Y. Yarmolyuk,attacking_midfielder,Attacking Midfielder (AM / 10),goals_per90,0.2,0.0,6.5,93
130423,Billy Gilmour,attacking_midfielder,Attacking Midfielder (AM / 10),goals_per90,0.2,0.471,97.8,93
119795,Giorgi Kochorashvili,attacking_midfielder,Attacking Midfielder (AM / 10),goals_per90,0.2,0.0,6.5,93
333502,Miguel Román,attacking_midfielder,Attacking Midfielder (AM / 10),shot_accuracy_pct,0.1,14.286,1.1,93
756,Federico Valverde,attacking_midfielder,Attacking Midfielder (AM / 10),shot_accuracy_pct,0.1,25.0,4.3,93
47285,Unai López,attacking_midfielder,Attacking Midfielder (AM / 10),shot_accuracy_pct,0.1,25.0,4.3,93
20696,Pape Gueye,attacking_midfielder,Attacking Midfielder (AM / 10),shot_accuracy_pct,0.1,80.0,98.4,93
161965,Mario Soriano,attacking_midfielder,Attacking Midfielder (AM / 10),shot_accuracy_pct,0.1,25.0,4.3,93
133609,Pedri,attacking_midfielder,Attacking Midfielder (AM / 10),shot_accuracy_pct,0.1,20.0,2.2,93
930,Carlos Soler,attacking_midfielder,Attacking Midfielder (AM / 10),shot_accuracy_pct,0.1,50.0,60.8,93
1697,Pablo Fornals,attacking_midfielder,Attacking Midfielder (AM / 10),shot_accuracy_pct,0.1,0.0,0.0,93
37652,B. van den Boomen,attacking_midfielder,Attacking Midfielder (AM / 10),shot_accuracy_pct,0.1,25.0,4.3,93
50956,Cristian Cásseres Jr.,attacking_midfielder,Attacking Midfielder (AM / 10),shot_accuracy_pct,0.1,20.0,2.2,93
30505,Michel Adopo,attacking_midfielder,Attacking Midfielder (AM / 10),shot_accuracy_pct,0.1,100.0,99.5,93
18970,P. Groß,attacking_midfielder,Attacking Midfielder (AM / 10),shot_accuracy_pct,0.1,33.333,17.2,93
2735,P. Højbjerg,attacking_midfielder,Attacking Midfielder (AM / 10),shot_accuracy_pct,0.1,50.0,60.8,93
275394,Antoine Hainaut,attacking_midfielder,Attacking Midfielder (AM / 10),shot_accuracy_pct,0.1,33.333,17.2,93
2601,Daichi Kamada,attacking_midfielder,Attacking Midfielder (AM / 10),shot_accuracy_pct,0.1,33.333,17.2,93
30708,Samuele Birindelli,attacking_midfielder,Attacking Midfielder (AM / 10),shot_accuracy_pct,0.1,66.667,93.5,93
109,Aleksandr Golovin,attacking_midfielder,Attacking Midfielder (AM / 10),shot_accuracy_pct,0.1,50.0,60.8,93
128287,J. Chotard,attacking_midfielder,Attacking Midfielder (AM / 10),shot_accuracy_pct,0.1,33.333,17.2,93
22007,Hassane Kamara,attacking_midfielder,Attacking Midfielder (AM / 10),shot_accuracy_pct,0.1,71.429,95.7,93
128384,Vitinha,attacking_midfielder,Attacking Midfielder (AM / 10),shot_accuracy_pct,0.1,33.333,17.2,93
162007,M. De Cuyper,attacking_midfielder,Attacking Midfielder (AM / 10),shot_accuracy_pct,0.1,16.667,1.1,93
409,Nabil Bentaleb,attacking_midfielder,Attacking Midfielder (AM / 10),shot_accuracy_pct,0.1,66.667,93.5,93
2937,D. Rice,attacking_midfielder,Attacking Midfielder (AM / 10),shot_accuracy_pct,0.1,0.0,0.0,93
1455,Alex Iwobi,attacking_midfielder,Attacking Midfielder (AM / 10),shot_accuracy_pct,0.1,33.333,17.2,93
2823,Saša Lukić,attacking_midfielder,Attacking Midfielder (AM / 10),shot_accuracy_pct,0.1,,,93
902,Nemanja Matić,attacking_midfielder,Attacking Midfielder (AM / 10),shot_accuracy_pct,0.1,0.0,0.0,93
311083,Cher Ndour,attacking_midfielder,Attacking Midfielder (AM / 10),shot_accuracy_pct,0.1,25.0,4.3,93
1696,Samuel Chukwueze,attacking_midfielder,Attacking Midfielder (AM / 10),shot_accuracy_pct,0.1,60.0,80.6,93
36895,Kian Fitz-Jim,attacking_midfielder,Attacking Midfielder (AM / 10),shot_accuracy_pct,0.1,0.0,0.0,93
1910,Maxime López,attacking_midfielder,Attacking Midfielder (AM / 10),shot_accuracy_pct,0.1,50.0,60.8,93
161893,Enzo Bardeli,attacking_midfielder,Attacking Midfielder (AM / 10),shot_accuracy_pct,0.1,50.0,60.8,93
896,A. Gomes,attacking_midfielder,Attacking Midfielder (AM / 10),shot_accuracy_pct,0.1,37.5,20.4,93
47516,Aleix García,attacking_midfielder,Attacking Midfielder (AM / 10),shot_accuracy_pct,0.1,50.0,60.8,93
2917,M. Eggestein,attacking_midfielder,Attacking Midfielder (AM / 10),shot_accuracy_pct,0.1,50.0,60.8,93
33889,Kaishu Sano,attacking_midfielder,Attacking Midfielder (AM / 10),shot_accuracy_pct,0.1,0.0,0.0,93
50,Koke,attacking_midfielder,Attacking Midfielder (AM / 10),shot_accuracy_pct,0.1,100.0,99.5,93
163032,F. Rieder,attacking_midfielder,Attacking Midfielder (AM / 10),shot_accuracy_pct,0.1,66.667,93.5,93
329,Piotr Zieliński,attacking_midfielder,Attacking Midfielder (AM / 10),shot_accuracy_pct,0.1,40.0,25.8,93
1934,Sander Berge,attacking_midfielder,Attacking Midfielder (AM / 10),shot_accuracy_pct,0.1,100.0,99.5,93
25342,M. Mittelstädt,attacking_midfielder,Attacking Midfielder (AM / 10),shot_accuracy_pct,0.1,33.333,17.2,93
349001,Wesley,attacking_midfielder,Attacking Midfielder (AM / 10),shot_accuracy_pct,0.1,0.0,0.0,93
22147,Manu Koné,attacking_midfielder,Attacking Midfielder (AM / 10),shot_accuracy_pct,0.1,60.0,80.6,93
20,Axel Witsel,attacking_midfielder,Attacking Midfielder (AM / 10),shot_accuracy_pct,0.1,20.0,2.2,93
110,H. Massengo,attacking_midfielder,Attacking Midfielder (AM / 10),shot_accuracy_pct,0.1,0.0,0.0,93
31010,Federico Dimarco,attacking_midfielder,Attacking Midfielder (AM / 10),shot_accuracy_pct,0.1,28.571,8.6,93
162266,Lucas Da Cunha,attacking_midfielder,Attacking Midfielder (AM / 10),shot_accuracy_pct,0.1,0.0,0.0,93
51266,Gianluca Busio,attacking_midfielder,Attacking Midfielder (AM / 10),shot_accuracy_pct,0.1,0.0,0.0,93
328033,A. Pavlović,attacking_midfielder,Attacking Midfielder (AM / 10),shot_accuracy_pct,0.1,40.0,25.8,93
957,Djibril Sow,attacking_midfielder,Attacking Midfielder (AM / 10),shot_accuracy_pct,0.1,0.0,0.0,93
104949,Pablo Martínez,attacking_midfielder,Attacking Midfielder (AM / 10),shot_accuracy_pct,0.1,33.333,17.2,93
272,Adrien Rabiot,attacking_midfielder,Attacking Midfielder (AM / 10),shot_accuracy_pct,0.1,66.667,93.5,93
433396,Marc Bernal,attacking_midfielder,Attacking Midfielder (AM / 10),shot_accuracy_pct,0.1,25.0,4.3,93
502,J. Kimmich,attacking_midfielder,Attacking Midfielder (AM / 10),shot_accuracy_pct,0.1,100.0,99.5,93
328,Fabián Ruiz,attacking_midfielder,Attacking Midfielder (AM / 10),shot_accuracy_pct,0.1,50.0,60.8,93
336594,Pablo Barrios,attacking_midfielder,Attacking Midfielder (AM / 10),shot_accuracy_pct,0.1,66.667,93.5,93
19545,R. James,attacking_midfielder,Attacking Midfielder (AM / 10),shot_accuracy_pct,0.1,80.0,98.4,93
636,Bernardo Silva,attacking_midfielder,Attacking Midfielder (AM / 10),shot_accuracy_pct,0.1,0.0,0.0,93
22244,Anthony Caci,attacking_midfielder,Attacking Midfielder (AM / 10),shot_accuracy_pct,0.1,33.333,17.2,93
329720,Hugo Álvarez,attacking_midfielder,Attacking Midfielder (AM / 10),shot_accuracy_pct,0.1,0.0,0.0,93
179414,Lucas Calodat,attacking_midfielder,Attacking Midfielder (AM / 10),shot_accuracy_pct,0.1,100.0,99.5,93
313245,M. Lewis-Skelly,attacking_midfielder,Attacking Midfielder (AM / 10),shot_accuracy_pct,0.1,0.0,0.0,93
288699,Máximo Perrone,attacking_midfielder,Attacking Midfielder (AM / 10),shot_accuracy_pct,0.1,0.0,0.0,93
408635,Ebenezer Akinsanmiro,attacking_midfielder,Attacking Midfielder (AM / 10),shot_accuracy_pct,0.1,,,93
2906,Jae-sung Lee,attacking_midfielder,Attacking Midfielder (AM / 10),shot_accuracy_pct,0.1,0.0,0.0,93
341642,J. Hato,attacking_midfielder,Attacking Midfielder (AM / 10),shot_accuracy_pct,0.1,,,93
183744,Beñat Turrientes,attacking_midfielder,Attacking Midfielder (AM / 10),shot_accuracy_pct,0.1,100.0,99.5,93
187318,Marc Aguado,attacking_midfielder,Attacking Midfielder (AM / 10),shot_accuracy_pct,0.1,100.0,99.5,93
336585,Mateus Fernandes,attacking_midfielder,Attacking Midfielder (AM / 10),shot_accuracy_pct,0.1,16.667,1.1,93
185202,Juan Cruz,attacking_midfielder,Attacking Midfielder (AM / 10),shot_accuracy_pct,0.1,33.333,17.2,93
21587,E. Skhiri,attacking_midfielder,Attacking Midfielder (AM / 10),shot_accuracy_pct,0.1,33.333,17.2,93
47574,Moi Gómez,attacking_midfielder,Attacking Midfielder (AM / 10),shot_accuracy_pct,0.1,,,93
1014,Simon Sohm,attacking_midfielder,Attacking Midfielder (AM / 10),shot_accuracy_pct,0.1,50.0,60.8,93
133185,Johnny Cardoso,attacking_midfielder,Attacking Midfielder (AM / 10),shot_accuracy_pct,0.1,0.0,0.0,93
162706,Jean Vercruysse,attacking_midfielder,Attacking Midfielder (AM / 10),shot_accuracy_pct,0.1,33.333,17.2,93
48198,Í. Bergmann Jóhannesson,attacking_midfielder,Attacking Midfielder (AM / 10),shot_accuracy_pct,0.1,33.333,17.2,93
40403,S. Szymański,attacking_midfielder,Attacking Midfielder (AM / 10),shot_accuracy_pct,0.1,33.333,17.2,93
469321,Sean Steur,attacking_midfielder,Attacking Midfielder (AM / 10),shot_accuracy_pct,0.1,,,93
6503,Nahuel Molina,attacking_midfielder,Attacking Midfielder (AM / 10),shot_accuracy_pct,0.1,33.333,17.2,93
46170,Ivan Ilić,attacking_midfielder,Attacking Midfielder (AM / 10),shot_accuracy_pct,0.1,0.0,0.0,93
25533,Niklas Schmidt,attacking_midfielder,Attacking Midfielder (AM / 10),shot_accuracy_pct,0.1,0.0,0.0,93
263538,Y. Yarmolyuk,attacking_midfielder,Attacking Midfielder (AM / 10),shot_accuracy_pct,0.1,50.0,60.8,93
130423,Billy Gilmour,attacking_midfielder,Attacking Midfielder (AM / 10),shot_accuracy_pct,0.1,100.0,99.5,93
119795,Giorgi Kochorashvili,attacking_midfielder,Attacking Midfielder (AM / 10),shot_accuracy_pct,0.1,0.0,0.0,93
333502,Miguel Román,attacking_midfielder,Attacking Midfielder (AM / 10),pass_accuracy_pct,0.1,88.221,61.3,93
756,Federico Valverde,attacking_midfielder,Attacking Midfielder (AM / 10),pass_accuracy_pct,0.1,91.908,90.3,93
47285,Unai López,attacking_midfielder,Attacking Midfielder (AM / 10),pass_accuracy_pct,0.1,84.507,25.8,93
20696,Pape Gueye,attacking_midfielder,Attacking Midfielder (AM / 10),pass_accuracy_pct,0.1,85.23,34.4,93
161965,Mario Soriano,attacking_midfielder,Attacking Midfielder (AM / 10),pass_accuracy_pct,0.1,91.018,84.9,93
133609,Pedri,attacking_midfielder,Attacking Midfielder (AM / 10),pass_accuracy_pct,0.1,92.435,94.6,93
930,Carlos Soler,attacking_midfielder,Attacking Midfielder (AM / 10),pass_accuracy_pct,0.1,89.015,66.7,93
1697,Pablo Fornals,attacking_midfielder,Attacking Midfielder (AM / 10),pass_accuracy_pct,0.1,85.185,34.4,93
37652,B. van den Boomen,attacking_midfielder,Attacking Midfielder (AM / 10),pass_accuracy_pct,0.1,84.437,24.7,93
50956,Cristian Cásseres Jr.,attacking_midfielder,Attacking Midfielder (AM / 10),pass_accuracy_pct,0.1,85.88,35.5,93
30505,Michel Adopo,attacking_midfielder,Attacking Midfielder (AM / 10),pass_accuracy_pct,0.1,85.057,32.3,93
18970,P. Groß,attacking_midfielder,Attacking Midfielder (AM / 10),pass_accuracy_pct,0.1,89.028,66.7,93
2735,P. Højbjerg,attacking_midfielder,Attacking Midfielder (AM / 10),pass_accuracy_pct,0.1,89.873,76.3,93
275394,Antoine Hainaut,attacking_midfielder,Attacking Midfielder (AM / 10),pass_accuracy_pct,0.1,86.829,45.2,93
2601,Daichi Kamada,attacking_midfielder,Attacking Midfielder (AM / 10),pass_accuracy_pct,0.1,86.935,47.3,93
30708,Samuele Birindelli,attacking_midfielder,Attacking Midfielder (AM / 10),pass_accuracy_pct,0.1,83.333,18.3,93
109,Aleksandr Golovin,attacking_midfielder,Attacking Midfielder (AM / 10),pass_accuracy_pct,0.1,80.282,7.5,93
128287,J. Chotard,attacking_midfielder,Attacking Midfielder (AM / 10),pass_accuracy_pct,0.1,80.309,7.5,93
22007,Hassane Kamara,attacking_midfielder,Attacking Midfielder (AM / 10),pass_accuracy_pct,0.1,81.159,8.6,93
128384,Vitinha,attacking_midfielder,Attacking Midfielder (AM / 10),pass_accuracy_pct,0.1,92.137,91.4,93
162007,M. De Cuyper,attacking_midfielder,Attacking Midfielder (AM / 10),pass_accuracy_pct,0.1,87.245,47.3,93
409,Nabil Bentaleb,attacking_midfielder,Attacking Midfielder (AM / 10),pass_accuracy_pct,0.1,88.123,59.1,93
2937,D. Rice,attacking_midfielder,Attacking Midfielder (AM / 10),pass_accuracy_pct,0.1,91.092,86.0,93
1455,Alex Iwobi,attacking_midfielder,Attacking Midfielder (AM / 10),pass_accuracy_pct,0.1,91.611,90.3,93
2823,Saša Lukić,attacking_midfielder,Attacking Midfielder (AM / 10),pass_accuracy_pct,0.1,89.024,66.7,93
902,Nemanja Matić,attacking_midfielder,Attacking Midfielder (AM / 10),pass_accuracy_pct,0.1,87.925,55.9,93
311083,Cher Ndour,attacking_midfielder,Attacking Midfielder (AM / 10),pass_accuracy_pct,0.1,87.349,48.4,93
1696,Samuel Chukwueze,attacking_midfielder,Attacking Midfielder (AM / 10),pass_accuracy_pct,0.1,80.108,6.5,93
36895,Kian Fitz-Jim,attacking_midfielder,Attacking Midfielder (AM / 10),pass_accuracy_pct,0.1,88.073,58.1,93
1910,Maxime López,attacking_midfielder,Attacking Midfielder (AM / 10),pass_accuracy_pct,0.1,93.514,96.8,93
161893,Enzo Bardeli,attacking_midfielder,Attacking Midfielder (AM / 10),pass_accuracy_pct,0.1,82.906,14.0,93
896,A. Gomes,attacking_midfielder,Attacking Midfielder (AM / 10),pass_accuracy_pct,0.1,90.11,78.5,93
47516,Aleix García,attacking_midfielder,Attacking Midfielder (AM / 10),pass_accuracy_pct,0.1,92.021,91.4,93
2917,M. Eggestein,attacking_midfielder,Attacking Midfielder (AM / 10),pass_accuracy_pct,0.1,85.782,35.5,93
33889,Kaishu Sano,attacking_midfielder,Attacking Midfielder (AM / 10),pass_accuracy_pct,0.1,91.304,86.0,93
50,Koke,attacking_midfielder,Attacking Midfielder (AM / 10),pass_accuracy_pct,0.1,91.541,89.2,93
163032,F. Rieder,attacking_midfielder,Attacking Midfielder (AM / 10),pass_accuracy_pct,0.1,84.328,24.7,93
329,Piotr Zieliński,attacking_midfielder,Attacking Midfielder (AM / 10),pass_accuracy_pct,0.1,93.87,97.8,93
1934,Sander Berge,attacking_midfielder,Attacking Midfielder (AM / 10),pass_accuracy_pct,0.1,91.358,87.1,93
25342,M. Mittelstädt,attacking_midfielder,Attacking Midfielder (AM / 10),pass_accuracy_pct,0.1,83.568,19.4,93
349001,Wesley,attacking_midfielder,Attacking Midfielder (AM / 10),pass_accuracy_pct,0.1,84.431,24.7,93
22147,Manu Koné,attacking_midfielder,Attacking Midfielder (AM / 10),pass_accuracy_pct,0.1,90.135,79.6,93
20,Axel Witsel,attacking_midfielder,Attacking Midfielder (AM / 10),pass_accuracy_pct,0.1,95.408,100.0,93
110,H. Massengo,attacking_midfielder,Attacking Midfielder (AM / 10),pass_accuracy_pct,0.1,80.508,8.6,93
31010,Federico Dimarco,attacking_midfielder,Attacking Midfielder (AM / 10),pass_accuracy_pct,0.1,85.789,35.5,93
162266,Lucas Da Cunha,attacking_midfielder,Attacking Midfielder (AM / 10),pass_accuracy_pct,0.1,94.035,97.8,93
51266,Gianluca Busio,attacking_midfielder,Attacking Midfielder (AM / 10),pass_accuracy_pct,0.1,92.308,92.5,93
328033,A. Pavlović,attacking_midfielder,Attacking Midfielder (AM / 10),pass_accuracy_pct,0.1,91.644,90.3,93
957,Djibril Sow,attacking_midfielder,Attacking Midfielder (AM / 10),pass_accuracy_pct,0.1,90.361,81.7,93
104949,Pablo Martínez,attacking_midfielder,Attacking Midfielder (AM / 10),pass_accuracy_pct,0.1,88.608,62.4,93
272,Adrien Rabiot,attacking_midfielder,Attacking Midfielder (AM / 10),pass_accuracy_pct,0.1,87.981,55.9,93
433396,Marc Bernal,attacking_midfielder,Attacking Midfielder (AM / 10),pass_accuracy_pct,0.1,88.144,60.2,93
502,J. Kimmich,attacking_midfielder,Attacking Midfielder (AM / 10),pass_accuracy_pct,0.1,90.361,81.7,93
328,Fabián Ruiz,attacking_midfielder,Attacking Midfielder (AM / 10),pass_accuracy_pct,0.1,90.254,80.6,93
336594,Pablo Barrios,attacking_midfielder,Attacking Midfielder (AM / 10),pass_accuracy_pct,0.1,89.916,76.3,93
19545,R. James,attacking_midfielder,Attacking Midfielder (AM / 10),pass_accuracy_pct,0.1,91.489,89.2,93
636,Bernardo Silva,attacking_midfielder,Attacking Midfielder (AM / 10),pass_accuracy_pct,0.1,92.405,94.6,93
22244,Anthony Caci,attacking_midfielder,Attacking Midfielder (AM / 10),pass_accuracy_pct,0.1,75.63,0.0,93
329720,Hugo Álvarez,attacking_midfielder,Attacking Midfielder (AM / 10),pass_accuracy_pct,0.1,83.178,17.2,93
179414,Lucas Calodat,attacking_midfielder,Attacking Midfielder (AM / 10),pass_accuracy_pct,0.1,80.0,6.5,93
313245,M. Lewis-Skelly,attacking_midfielder,Attacking Midfielder (AM / 10),pass_accuracy_pct,0.1,93.229,96.8,93
288699,Máximo Perrone,attacking_midfielder,Attacking Midfielder (AM / 10),pass_accuracy_pct,0.1,94.981,100.0,93
408635,Ebenezer Akinsanmiro,attacking_midfielder,Attacking Midfielder (AM / 10),pass_accuracy_pct,0.1,92.025,91.4,93
2906,Jae-sung Lee,attacking_midfielder,Attacking Midfielder (AM / 10),pass_accuracy_pct,0.1,75.0,0.0,93
341642,J. Hato,attacking_midfielder,Attacking Midfielder (AM / 10),pass_accuracy_pct,0.1,77.941,3.2,93
183744,Beñat Turrientes,attacking_midfielder,Attacking Midfielder (AM / 10),pass_accuracy_pct,0.1,92.473,94.6,93
187318,Marc Aguado,attacking_midfielder,Attacking Midfielder (AM / 10),pass_accuracy_pct,0.1,90.972,84.9,93
336585,Mateus Fernandes,attacking_midfielder,Attacking Midfielder (AM / 10),pass_accuracy_pct,0.1,95.322,100.0,93
185202,Juan Cruz,attacking_midfielder,Attacking Midfielder (AM / 10),pass_accuracy_pct,0.1,84.058,23.7,93
21587,E. Skhiri,attacking_midfielder,Attacking Midfielder (AM / 10),pass_accuracy_pct,0.1,94.479,98.9,93
47574,Moi Gómez,attacking_midfielder,Attacking Midfielder (AM / 10),pass_accuracy_pct,0.1,85.217,34.4,93
1014,Simon Sohm,attacking_midfielder,Attacking Midfielder (AM / 10),pass_accuracy_pct,0.1,87.407,49.5,93
133185,Johnny Cardoso,attacking_midfielder,Attacking Midfielder (AM / 10),pass_accuracy_pct,0.1,92.632,95.7,93
162706,Jean Vercruysse,attacking_midfielder,Attacking Midfielder (AM / 10),pass_accuracy_pct,0.1,77.778,3.2,93
48198,Í. Bergmann Jóhannesson,attacking_midfielder,Attacking Midfielder (AM / 10),pass_accuracy_pct,0.1,84.884,30.1,93
40403,S. Szymański,attacking_midfielder,Attacking Midfielder (AM / 10),pass_accuracy_pct,0.1,82.895,14.0,93
469321,Sean Steur,attacking_midfielder,Attacking Midfielder (AM / 10),pass_accuracy_pct,0.1,87.5,50.5,93
6503,Nahuel Molina,attacking_midfielder,Attacking Midfielder (AM / 10),pass_accuracy_pct,0.1,86.713,41.9,93
46170,Ivan Ilić,attacking_midfielder,Attacking Midfielder (AM / 10),pass_accuracy_pct,0.1,90.071,77.4,93
25533,Niklas Schmidt,attacking_midfielder,Attacking Midfielder (AM / 10),pass_accuracy_pct,0.1,91.707,90.3,93
263538,Y. Yarmolyuk,attacking_midfielder,Attacking Midfielder (AM / 10),pass_accuracy_pct,0.1,76.522,0.0,93
130423,Billy Gilmour,attacking_midfielder,Attacking Midfielder (AM / 10),pass_accuracy_pct,0.1,89.542,72.0,93
119795,Giorgi Kochorashvili,attacking_midfielder,Attacking Midfielder (AM / 10),pass_accuracy_pct,0.1,83.654,20.4,93
333502,Miguel Román,attacking_midfielder,Attacking Midfielder (AM / 10),dribble_success_pct,0.15,75.0,97.8,93
756,Federico Valverde,attacking_midfielder,Attacking Midfielder (AM / 10),dribble_success_pct,0.15,60.0,73.1,93
47285,Unai López,attacking_midfielder,Attacking Midfielder (AM / 10),dribble_success_pct,0.15,66.667,84.9,93
20696,Pape Gueye,attacking_midfielder,Attacking Midfielder (AM / 10),dribble_success_pct,0.15,28.571,7.5,93
161965,Mario Soriano,attacking_midfielder,Attacking Midfielder (AM / 10),dribble_success_pct,0.15,100.0,100.0,93
133609,Pedri,attacking_midfielder,Attacking Midfielder (AM / 10),dribble_success_pct,0.15,57.143,65.6,93
930,Carlos Soler,attacking_midfielder,Attacking Midfielder (AM / 10),dribble_success_pct,0.15,50.0,43.0,93
1697,Pablo Fornals,attacking_midfielder,Attacking Midfielder (AM / 10),dribble_success_pct,0.15,50.0,43.0,93
37652,B. van den Boomen,attacking_midfielder,Attacking Midfielder (AM / 10),dribble_success_pct,0.15,,,93
50956,Cristian Cásseres Jr.,attacking_midfielder,Attacking Midfielder (AM / 10),dribble_success_pct,0.15,63.636,81.7,93
30505,Michel Adopo,attacking_midfielder,Attacking Midfielder (AM / 10),dribble_success_pct,0.15,33.333,14.0,93
18970,P. Groß,attacking_midfielder,Attacking Midfielder (AM / 10),dribble_success_pct,0.15,,,93
2735,P. Højbjerg,attacking_midfielder,Attacking Midfielder (AM / 10),dribble_success_pct,0.15,75.0,97.8,93
275394,Antoine Hainaut,attacking_midfielder,Attacking Midfielder (AM / 10),dribble_success_pct,0.15,42.857,28.0,93
2601,Daichi Kamada,attacking_midfielder,Attacking Midfielder (AM / 10),dribble_success_pct,0.15,40.0,19.4,93
30708,Samuele Birindelli,attacking_midfielder,Attacking Midfielder (AM / 10),dribble_success_pct,0.15,25.0,2.2,93
109,Aleksandr Golovin,attacking_midfielder,Attacking Midfielder (AM / 10),dribble_success_pct,0.15,83.333,98.9,93
128287,J. Chotard,attacking_midfielder,Attacking Midfielder (AM / 10),dribble_success_pct,0.15,50.0,43.0,93
22007,Hassane Kamara,attacking_midfielder,Attacking Midfielder (AM / 10),dribble_success_pct,0.15,60.0,73.1,93
128384,Vitinha,attacking_midfielder,Attacking Midfielder (AM / 10),dribble_success_pct,0.15,100.0,100.0,93
162007,M. De Cuyper,attacking_midfielder,Attacking Midfielder (AM / 10),dribble_success_pct,0.15,50.0,43.0,93
409,Nabil Bentaleb,attacking_midfielder,Attacking Midfielder (AM / 10),dribble_success_pct,0.15,33.333,14.0,93
2937,D. Rice,attacking_midfielder,Attacking Midfielder (AM / 10),dribble_success_pct,0.15,66.667,84.9,93
1455,Alex Iwobi,attacking_midfielder,Attacking Midfielder (AM / 10),dribble_success_pct,0.15,25.0,2.2,93
2823,Saša Lukić,attacking_midfielder,Attacking Midfielder (AM / 10),dribble_success_pct,0.15,50.0,43.0,93
902,Nemanja Matić,attacking_midfielder,Attacking Midfielder (AM / 10),dribble_success_pct,0.15,88.889,100.0,93
311083,Cher Ndour,attacking_midfielder,Attacking Midfielder (AM / 10),dribble_success_pct,0.15,100.0,100.0,93
1696,Samuel Chukwueze,attacking_midfielder,Attacking Midfielder (AM / 10),dribble_success_pct,0.15,57.143,65.6,93
36895,Kian Fitz-Jim,attacking_midfielder,Attacking Midfielder (AM / 10),dribble_success_pct,0.15,70.0,95.7,93
1910,Maxime López,attacking_midfielder,Attacking Midfielder (AM / 10),dribble_success_pct,0.15,100.0,100.0,93
161893,Enzo Bardeli,attacking_midfielder,Attacking Midfielder (AM / 10),dribble_success_pct,0.15,66.667,84.9,93
896,A. Gomes,attacking_midfielder,Attacking Midfielder (AM / 10),dribble_success_pct,0.15,40.0,19.4,93
47516,Aleix García,attacking_midfielder,Attacking Midfielder (AM / 10),dribble_success_pct,0.15,100.0,100.0,93
2917,M. Eggestein,attacking_midfielder,Attacking Midfielder (AM / 10),dribble_success_pct,0.15,50.0,43.0,93
33889,Kaishu Sano,attacking_midfielder,Attacking Midfielder (AM / 10),dribble_success_pct,0.15,14.286,0.0,93
50,Koke,attacking_midfielder,Attacking Midfielder (AM / 10),dribble_success_pct,0.15,25.0,2.2,93
163032,F. Rieder,attacking_midfielder,Attacking Midfielder (AM / 10),dribble_success_pct,0.15,75.0,97.8,93
329,Piotr Zieliński,attacking_midfielder,Attacking Midfielder (AM / 10),dribble_success_pct,0.15,0.0,0.0,93
1934,Sander Berge,attacking_midfielder,Attacking Midfielder (AM / 10),dribble_success_pct,0.15,,,93
25342,M. Mittelstädt,attacking_midfielder,Attacking Midfielder (AM / 10),dribble_success_pct,0.15,62.5,80.1,93
349001,Wesley,attacking_midfielder,Attacking Midfielder (AM / 10),dribble_success_pct,0.15,66.667,84.9,93
22147,Manu Koné,attacking_midfielder,Attacking Midfielder (AM / 10),dribble_success_pct,0.15,50.0,43.0,93
20,Axel Witsel,attacking_midfielder,Attacking Midfielder (AM / 10),dribble_success_pct,0.15,40.0,19.4,93
110,H. Massengo,attacking_midfielder,Attacking Midfielder (AM / 10),dribble_success_pct,0.15,,,93
31010,Federico Dimarco,attacking_midfielder,Attacking Midfielder (AM / 10),dribble_success_pct,0.15,66.667,84.9,93
162266,Lucas Da Cunha,attacking_midfielder,Attacking Midfielder (AM / 10),dribble_success_pct,0.15,60.0,73.1,93
51266,Gianluca Busio,attacking_midfielder,Attacking Midfielder (AM / 10),dribble_success_pct,0.15,60.0,73.1,93
328033,A. Pavlović,attacking_midfielder,Attacking Midfielder (AM / 10),dribble_success_pct,0.15,100.0,100.0,93
957,Djibril Sow,attacking_midfielder,Attacking Midfielder (AM / 10),dribble_success_pct,0.15,0.0,0.0,93
104949,Pablo Martínez,attacking_midfielder,Attacking Midfielder (AM / 10),dribble_success_pct,0.15,0.0,0.0,93
272,Adrien Rabiot,attacking_midfielder,Attacking Midfielder (AM / 10),dribble_success_pct,0.15,50.0,43.0,93
433396,Marc Bernal,attacking_midfielder,Attacking Midfielder (AM / 10),dribble_success_pct,0.15,62.5,80.1,93
502,J. Kimmich,attacking_midfielder,Attacking Midfielder (AM / 10),dribble_success_pct,0.15,100.0,100.0,93
328,Fabián Ruiz,attacking_midfielder,Attacking Midfielder (AM / 10),dribble_success_pct,0.15,100.0,100.0,93
336594,Pablo Barrios,attacking_midfielder,Attacking Midfielder (AM / 10),dribble_success_pct,0.15,62.5,80.1,93
19545,R. James,attacking_midfielder,Attacking Midfielder (AM / 10),dribble_success_pct,0.15,0.0,0.0,93
636,Bernardo Silva,attacking_midfielder,Attacking Midfielder (AM / 10),dribble_success_pct,0.15,25.0,2.2,93
22244,Anthony Caci,attacking_midfielder,Attacking Midfielder (AM / 10),dribble_success_pct,0.15,66.667,84.9,93
329720,Hugo Álvarez,attacking_midfielder,Attacking Midfielder (AM / 10),dribble_success_pct,0.15,0.0,0.0,93
179414,Lucas Calodat,attacking_midfielder,Attacking Midfielder (AM / 10),dribble_success_pct,0.15,57.143,65.6,93
313245,M. Lewis-Skelly,attacking_midfielder,Attacking Midfielder (AM / 10),dribble_success_pct,0.15,0.0,0.0,93
288699,Máximo Perrone,attacking_midfielder,Attacking Midfielder (AM / 10),dribble_success_pct,0.15,0.0,0.0,93
408635,Ebenezer Akinsanmiro,attacking_midfielder,Attacking Midfielder (AM / 10),dribble_success_pct,0.15,100.0,100.0,93
2906,Jae-sung Lee,attacking_midfielder,Attacking Midfielder (AM / 10),dribble_success_pct,0.15,100.0,100.0,93
341642,J. Hato,attacking_midfielder,Attacking Midfielder (AM / 10),dribble_success_pct,0.15,100.0,100.0,93
183744,Beñat Turrientes,attacking_midfielder,Attacking Midfielder (AM / 10),dribble_success_pct,0.15,100.0,100.0,93
187318,Marc Aguado,attacking_midfielder,Attacking Midfielder (AM / 10),dribble_success_pct,0.15,,,93
336585,Mateus Fernandes,attacking_midfielder,Attacking Midfielder (AM / 10),dribble_success_pct,0.15,50.0,43.0,93
185202,Juan Cruz,attacking_midfielder,Attacking Midfielder (AM / 10),dribble_success_pct,0.15,50.0,43.0,93
21587,E. Skhiri,attacking_midfielder,Attacking Midfielder (AM / 10),dribble_success_pct,0.15,0.0,0.0,93
47574,Moi Gómez,attacking_midfielder,Attacking Midfielder (AM / 10),dribble_success_pct,0.15,25.0,2.2,93
1014,Simon Sohm,attacking_midfielder,Attacking Midfielder (AM / 10),dribble_success_pct,0.15,33.333,14.0,93
133185,Johnny Cardoso,attacking_midfielder,Attacking Midfielder (AM / 10),dribble_success_pct,0.15,,,93
162706,Jean Vercruysse,attacking_midfielder,Attacking Midfielder (AM / 10),dribble_success_pct,0.15,100.0,100.0,93
48198,Í. Bergmann Jóhannesson,attacking_midfielder,Attacking Midfielder (AM / 10),dribble_success_pct,0.15,,,93
40403,S. Szymański,attacking_midfielder,Attacking Midfielder (AM / 10),dribble_success_pct,0.15,0.0,0.0,93
469321,Sean Steur,attacking_midfielder,Attacking Midfielder (AM / 10),dribble_success_pct,0.15,100.0,100.0,93
6503,Nahuel Molina,attacking_midfielder,Attacking Midfielder (AM / 10),dribble_success_pct,0.15,50.0,43.0,93
46170,Ivan Ilić,attacking_midfielder,Attacking Midfielder (AM / 10),dribble_success_pct,0.15,33.333,14.0,93
25533,Niklas Schmidt,attacking_midfielder,Attacking Midfielder (AM / 10),dribble_success_pct,0.15,0.0,0.0,93
263538,Y. Yarmolyuk,attacking_midfielder,Attacking Midfielder (AM / 10),dribble_success_pct,0.15,50.0,43.0,93
130423,Billy Gilmour,attacking_midfielder,Attacking Midfielder (AM / 10),dribble_success_pct,0.15,66.667,84.9,93
119795,Giorgi Kochorashvili,attacking_midfielder,Attacking Midfielder (AM / 10),dribble_success_pct,0.15,0.0,0.0,93
139001,Pablo Ibáñez,six_eight_hybrid,6/8 Hybrid,duel_win_pct,0.2,47.222,53.0,117
190253,David Larrubia,six_eight_hybrid,6/8 Hybrid,duel_win_pct,0.2,40.741,12.0,117
46982,Gonzalo Villar,six_eight_hybrid,6/8 Hybrid,duel_win_pct,0.2,58.75,96.6,117
388495,Javier Hernández,six_eight_hybrid,6/8 Hybrid,duel_win_pct,0.2,28.736,0.0,117
47293,Iñigo Vicente,six_eight_hybrid,6/8 Hybrid,duel_win_pct,0.2,44.304,35.0,117
129718,Jude Bellingham,six_eight_hybrid,6/8 Hybrid,duel_win_pct,0.2,61.446,100.0,117
546798,Miguel Sierra,six_eight_hybrid,6/8 Hybrid,duel_win_pct,0.2,50.495,70.9,117
1748,Lassana Coulibaly,six_eight_hybrid,6/8 Hybrid,duel_win_pct,0.2,54.0,86.3,117
138780,Neco Williams,six_eight_hybrid,6/8 Hybrid,duel_win_pct,0.2,54.545,87.2,117
178077,K. Schade,six_eight_hybrid,6/8 Hybrid,duel_win_pct,0.2,47.222,53.0,117
304853,Alex Scott,six_eight_hybrid,6/8 Hybrid,duel_win_pct,0.2,58.929,98.3,117
314231,Amir Richardson,six_eight_hybrid,6/8 Hybrid,duel_win_pct,0.2,48.333,55.6,117
311251,Giorgi Kvernadze,six_eight_hybrid,6/8 Hybrid,duel_win_pct,0.2,43.836,34.2,117
278370,D. Gómez,six_eight_hybrid,6/8 Hybrid,duel_win_pct,0.2,43.662,33.3,117
19191,John McGinn,six_eight_hybrid,6/8 Hybrid,duel_win_pct,0.2,42.308,23.1,117
369544,Gessime Yassine,six_eight_hybrid,6/8 Hybrid,duel_win_pct,0.2,53.571,85.5,117
273732,Tyrhys Dolan,six_eight_hybrid,6/8 Hybrid,duel_win_pct,0.2,33.333,0.9,117
350037,Nico Paz,six_eight_hybrid,6/8 Hybrid,duel_win_pct,0.2,58.065,94.9,117
412,A. Harit,six_eight_hybrid,6/8 Hybrid,duel_win_pct,0.2,50.0,63.2,117
326068,K. Doumbia,six_eight_hybrid,6/8 Hybrid,duel_win_pct,0.2,41.176,16.2,117
19071,Emiliano Buendía,six_eight_hybrid,6/8 Hybrid,duel_win_pct,0.2,42.623,28.2,117
188445,Luismi Cruz,six_eight_hybrid,6/8 Hybrid,duel_win_pct,0.2,55.357,91.5,117
608142,Adil Bourabaa,six_eight_hybrid,6/8 Hybrid,duel_win_pct,0.2,43.182,29.9,117
375990,P. Mboup,six_eight_hybrid,6/8 Hybrid,duel_win_pct,0.2,36.62,3.4,117
60,Joaquín Muñoz,six_eight_hybrid,6/8 Hybrid,duel_win_pct,0.2,44.0,34.2,117
286038,Álex Calatrava,six_eight_hybrid,6/8 Hybrid,duel_win_pct,0.2,46.774,49.6,117
18592,Iliman Ndiaye,six_eight_hybrid,6/8 Hybrid,duel_win_pct,0.2,42.647,28.2,117
31173,Davide Frattesi,six_eight_hybrid,6/8 Hybrid,duel_win_pct,0.2,37.778,5.1,117
519,C. Tolisso,six_eight_hybrid,6/8 Hybrid,duel_win_pct,0.2,49.057,57.3,117
51016,Tajon Buchanan,six_eight_hybrid,6/8 Hybrid,duel_win_pct,0.2,51.852,76.9,117
22261,A. Thomasson,six_eight_hybrid,6/8 Hybrid,duel_win_pct,0.2,45.283,40.2,117
128582,Jorge de Frutos,six_eight_hybrid,6/8 Hybrid,duel_win_pct,0.2,49.057,57.3,117
247,Cody Gakpo,six_eight_hybrid,6/8 Hybrid,duel_win_pct,0.2,48.98,57.3,117
134926,Daniel Maldini,six_eight_hybrid,6/8 Hybrid,duel_win_pct,0.2,42.857,28.2,117
19201,Jayden Bogle,six_eight_hybrid,6/8 Hybrid,duel_win_pct,0.2,50.0,63.2,117
471040,Alessio Cacciamani,six_eight_hybrid,6/8 Hybrid,duel_win_pct,0.2,54.054,86.3,117
303467,Abdul Fatawu Issahaku,six_eight_hybrid,6/8 Hybrid,duel_win_pct,0.2,45.588,40.2,117
30438,Nicolò Cambiaghi,six_eight_hybrid,6/8 Hybrid,duel_win_pct,0.2,47.727,53.0,117
7073,M. Grüll,six_eight_hybrid,6/8 Hybrid,duel_win_pct,0.2,55.319,91.5,117
174806,A. Mille,six_eight_hybrid,6/8 Hybrid,duel_win_pct,0.2,51.667,76.1,117
177452,L. Petkov,six_eight_hybrid,6/8 Hybrid,duel_win_pct,0.2,46.269,44.4,117
278133,Oscar Bobb,six_eight_hybrid,6/8 Hybrid,duel_win_pct,0.2,42.5,27.4,117
362564,A. Daghim,six_eight_hybrid,6/8 Hybrid,duel_win_pct,0.2,37.209,3.4,117
163078,L. Curda,six_eight_hybrid,6/8 Hybrid,duel_win_pct,0.2,55.738,92.3,117
1864,Pedro Neto,six_eight_hybrid,6/8 Hybrid,duel_win_pct,0.2,40.0,8.5,117
343205,Mario Martín,six_eight_hybrid,6/8 Hybrid,duel_win_pct,0.2,40.385,10.3,117
300885,Nelson Deossa,six_eight_hybrid,6/8 Hybrid,duel_win_pct,0.2,52.727,79.5,117
311543,Nilson Angulo,six_eight_hybrid,6/8 Hybrid,duel_win_pct,0.2,44.444,35.9,117
136117,Rodrigo Riquelme,six_eight_hybrid,6/8 Hybrid,duel_win_pct,0.2,54.286,86.3,117
38747,Quinten Timber,six_eight_hybrid,6/8 Hybrid,duel_win_pct,0.2,58.974,98.3,117
47007,Iñigo Ruiz de Galarreta,six_eight_hybrid,6/8 Hybrid,duel_win_pct,0.2,47.5,53.0,117
513776,Yan Diomande,six_eight_hybrid,6/8 Hybrid,duel_win_pct,0.2,63.636,100.0,117
9363,Igor Paixão,six_eight_hybrid,6/8 Hybrid,duel_win_pct,0.2,39.13,6.8,117
21386,I. Gomis,six_eight_hybrid,6/8 Hybrid,duel_win_pct,0.2,51.282,73.5,117
22254,Youssouf Fofana,six_eight_hybrid,6/8 Hybrid,duel_win_pct,0.2,52.941,82.1,117
5996,Enzo Fernández,six_eight_hybrid,6/8 Hybrid,duel_win_pct,0.2,51.429,74.4,117
324034,Gustavo Puerta,six_eight_hybrid,6/8 Hybrid,duel_win_pct,0.2,40.909,13.7,117
925,Gonçalo Guedes,six_eight_hybrid,6/8 Hybrid,duel_win_pct,0.2,44.681,35.9,117
328617,William Cole Campbell,six_eight_hybrid,6/8 Hybrid,duel_win_pct,0.2,43.75,33.3,117
30542,Jens Odgaard,six_eight_hybrid,6/8 Hybrid,duel_win_pct,0.2,37.838,5.1,117
338751,Víctor Muñoz,six_eight_hybrid,6/8 Hybrid,duel_win_pct,0.2,47.059,52.1,117
178749,Lazar Samardžić,six_eight_hybrid,6/8 Hybrid,duel_win_pct,0.2,45.161,37.6,117
90594,J. Dina Ebimbe,six_eight_hybrid,6/8 Hybrid,duel_win_pct,0.2,50.98,72.6,117
489903,Ilyas Azizi,six_eight_hybrid,6/8 Hybrid,duel_win_pct,0.2,44.186,35.0,117
340700,Jacopo Fazzini,six_eight_hybrid,6/8 Hybrid,duel_win_pct,0.2,38.235,5.1,117
47209,Andrés Martín,six_eight_hybrid,6/8 Hybrid,duel_win_pct,0.2,48.387,55.6,117
637,F. Nmecha,six_eight_hybrid,6/8 Hybrid,duel_win_pct,0.2,58.621,96.6,117
26315,Nicolás González,six_eight_hybrid,6/8 Hybrid,duel_win_pct,0.2,70.37,100.0,117
673857,Djibril Ouziad,six_eight_hybrid,6/8 Hybrid,duel_win_pct,0.2,61.765,100.0,117
32862,Takefusa Kubo,six_eight_hybrid,6/8 Hybrid,duel_win_pct,0.2,55.556,91.5,117
311334,Facundo Buonanotte,six_eight_hybrid,6/8 Hybrid,duel_win_pct,0.2,36.667,3.4,117
360032,Başar Önal,six_eight_hybrid,6/8 Hybrid,duel_win_pct,0.2,32.258,0.0,117
419035,Mamadou Coulibaly,six_eight_hybrid,6/8 Hybrid,duel_win_pct,0.2,37.838,5.1,117
362752,Christian Ordoñez,six_eight_hybrid,6/8 Hybrid,duel_win_pct,0.2,68.182,100.0,117
290740,Ilias Akhomach,six_eight_hybrid,6/8 Hybrid,duel_win_pct,0.2,47.222,53.0,117
1482,Thierry Correia,six_eight_hybrid,6/8 Hybrid,duel_win_pct,0.2,42.308,23.1,117
430354,Livan Burcu,six_eight_hybrid,6/8 Hybrid,duel_win_pct,0.2,57.692,94.9,117
19163,Jacob Murphy,six_eight_hybrid,6/8 Hybrid,duel_win_pct,0.2,57.143,93.2,117
501906,Wael Mohya,six_eight_hybrid,6/8 Hybrid,duel_win_pct,0.2,33.333,0.9,117
284797,D. Ouattara,six_eight_hybrid,6/8 Hybrid,duel_win_pct,0.2,45.455,40.2,117
21448,Lucas Buades,six_eight_hybrid,6/8 Hybrid,duel_win_pct,0.2,76.471,100.0,117
139001,Pablo Ibáñez,six_eight_hybrid,6/8 Hybrid,tackles_per90,0.2,1.241,18.8,117
190253,David Larrubia,six_eight_hybrid,6/8 Hybrid,tackles_per90,0.2,3.136,98.3,117
46982,Gonzalo Villar,six_eight_hybrid,6/8 Hybrid,tackles_per90,0.2,2.356,87.2,117
388495,Javier Hernández,six_eight_hybrid,6/8 Hybrid,tackles_per90,0.2,1.283,19.7,117
47293,Iñigo Vicente,six_eight_hybrid,6/8 Hybrid,tackles_per90,0.2,1.82,58.1,117
129718,Jude Bellingham,six_eight_hybrid,6/8 Hybrid,tackles_per90,0.2,2.042,70.9,117
546798,Miguel Sierra,six_eight_hybrid,6/8 Hybrid,tackles_per90,0.2,2.177,78.6,117
1748,Lassana Coulibaly,six_eight_hybrid,6/8 Hybrid,tackles_per90,0.2,1.4,30.8,117
138780,Neco Williams,six_eight_hybrid,6/8 Hybrid,tackles_per90,0.2,2.8,94.0,117
178077,K. Schade,six_eight_hybrid,6/8 Hybrid,tackles_per90,0.2,1.406,30.8,117
304853,Alex Scott,six_eight_hybrid,6/8 Hybrid,tackles_per90,0.2,1.816,58.1,117
314231,Amir Richardson,six_eight_hybrid,6/8 Hybrid,tackles_per90,0.2,2.036,70.9,117
311251,Giorgi Kvernadze,six_eight_hybrid,6/8 Hybrid,tackles_per90,0.2,1.854,59.0,117
278370,D. Gómez,six_eight_hybrid,6/8 Hybrid,tackles_per90,0.2,2.683,94.0,117
19191,John McGinn,six_eight_hybrid,6/8 Hybrid,tackles_per90,0.2,1.032,6.0,117
369544,Gessime Yassine,six_eight_hybrid,6/8 Hybrid,tackles_per90,0.2,2.281,83.8,117
273732,Tyrhys Dolan,six_eight_hybrid,6/8 Hybrid,tackles_per90,0.2,0.624,0.0,117
350037,Nico Paz,six_eight_hybrid,6/8 Hybrid,tackles_per90,0.2,4.071,100.0,117
412,A. Harit,six_eight_hybrid,6/8 Hybrid,tackles_per90,0.2,1.298,21.4,117
326068,K. Doumbia,six_eight_hybrid,6/8 Hybrid,tackles_per90,0.2,1.106,9.4,117
19071,Emiliano Buendía,six_eight_hybrid,6/8 Hybrid,tackles_per90,0.2,2.005,68.4,117
188445,Luismi Cruz,six_eight_hybrid,6/8 Hybrid,tackles_per90,0.2,3.158,98.3,117
608142,Adil Bourabaa,six_eight_hybrid,6/8 Hybrid,tackles_per90,0.2,1.357,26.5,117
375990,P. Mboup,six_eight_hybrid,6/8 Hybrid,tackles_per90,0.2,2.04,70.9,117
60,Joaquín Muñoz,six_eight_hybrid,6/8 Hybrid,tackles_per90,0.2,1.157,12.8,117
286038,Álex Calatrava,six_eight_hybrid,6/8 Hybrid,tackles_per90,0.2,3.247,98.3,117
18592,Iliman Ndiaye,six_eight_hybrid,6/8 Hybrid,tackles_per90,0.2,1.86,59.8,117
31173,Davide Frattesi,six_eight_hybrid,6/8 Hybrid,tackles_per90,0.2,1.399,30.8,117
519,C. Tolisso,six_eight_hybrid,6/8 Hybrid,tackles_per90,0.2,1.89,61.5,117
51016,Tajon Buchanan,six_eight_hybrid,6/8 Hybrid,tackles_per90,0.2,1.905,61.5,117
22261,A. Thomasson,six_eight_hybrid,6/8 Hybrid,tackles_per90,0.2,1.448,32.5,117
128582,Jorge de Frutos,six_eight_hybrid,6/8 Hybrid,tackles_per90,0.2,2.172,77.8,117
247,Cody Gakpo,six_eight_hybrid,6/8 Hybrid,tackles_per90,0.2,1.941,64.1,117
134926,Daniel Maldini,six_eight_hybrid,6/8 Hybrid,tackles_per90,0.2,0.976,6.0,117
19201,Jayden Bogle,six_eight_hybrid,6/8 Hybrid,tackles_per90,0.2,1.22,17.9,117
471040,Alessio Cacciamani,six_eight_hybrid,6/8 Hybrid,tackles_per90,0.2,0.978,6.0,117
303467,Abdul Fatawu Issahaku,six_eight_hybrid,6/8 Hybrid,tackles_per90,0.2,2.269,82.9,117
30438,Nicolò Cambiaghi,six_eight_hybrid,6/8 Hybrid,tackles_per90,0.2,1.011,6.0,117
7073,M. Grüll,six_eight_hybrid,6/8 Hybrid,tackles_per90,0.2,3.042,97.4,117
174806,A. Mille,six_eight_hybrid,6/8 Hybrid,tackles_per90,0.2,3.314,100.0,117
177452,L. Petkov,six_eight_hybrid,6/8 Hybrid,tackles_per90,0.2,3.824,100.0,117
278133,Oscar Bobb,six_eight_hybrid,6/8 Hybrid,tackles_per90,0.2,2.069,70.9,117
362564,A. Daghim,six_eight_hybrid,6/8 Hybrid,tackles_per90,0.2,1.556,36.8,117
163078,L. Curda,six_eight_hybrid,6/8 Hybrid,tackles_per90,0.2,2.671,94.0,117
1864,Pedro Neto,six_eight_hybrid,6/8 Hybrid,tackles_per90,0.2,1.607,38.5,117
343205,Mario Martín,six_eight_hybrid,6/8 Hybrid,tackles_per90,0.2,1.622,38.5,117
300885,Nelson Deossa,six_eight_hybrid,6/8 Hybrid,tackles_per90,0.2,2.821,94.0,117
311543,Nilson Angulo,six_eight_hybrid,6/8 Hybrid,tackles_per90,0.2,1.415,30.8,117
136117,Rodrigo Riquelme,six_eight_hybrid,6/8 Hybrid,tackles_per90,0.2,1.169,15.4,117
38747,Quinten Timber,six_eight_hybrid,6/8 Hybrid,tackles_per90,0.2,3.311,99.1,117
47007,Iñigo Ruiz de Galarreta,six_eight_hybrid,6/8 Hybrid,tackles_per90,0.2,1.224,17.9,117
513776,Yan Diomande,six_eight_hybrid,6/8 Hybrid,tackles_per90,0.2,1.585,36.8,117
9363,Igor Paixão,six_eight_hybrid,6/8 Hybrid,tackles_per90,0.2,0.643,0.0,117
21386,I. Gomis,six_eight_hybrid,6/8 Hybrid,tackles_per90,0.2,2.258,81.2,117
22254,Youssouf Fofana,six_eight_hybrid,6/8 Hybrid,tackles_per90,0.2,2.935,96.6,117
5996,Enzo Fernández,six_eight_hybrid,6/8 Hybrid,tackles_per90,0.2,0.989,6.0,117
324034,Gustavo Puerta,six_eight_hybrid,6/8 Hybrid,tackles_per90,0.2,2.351,86.3,117
925,Gonçalo Guedes,six_eight_hybrid,6/8 Hybrid,tackles_per90,0.2,1.685,44.4,117
328617,William Cole Campbell,six_eight_hybrid,6/8 Hybrid,tackles_per90,0.2,0.69,0.0,117
30542,Jens Odgaard,six_eight_hybrid,6/8 Hybrid,tackles_per90,0.2,0.347,0.0,117
338751,Víctor Muñoz,six_eight_hybrid,6/8 Hybrid,tackles_per90,0.2,1.042,6.8,117
178749,Lazar Samardžić,six_eight_hybrid,6/8 Hybrid,tackles_per90,0.2,2.451,89.7,117
90594,J. Dina Ebimbe,six_eight_hybrid,6/8 Hybrid,tackles_per90,0.2,4.643,100.0,117
489903,Ilyas Azizi,six_eight_hybrid,6/8 Hybrid,tackles_per90,0.2,2.54,93.2,117
340700,Jacopo Fazzini,six_eight_hybrid,6/8 Hybrid,tackles_per90,0.2,1.494,33.3,117
47209,Andrés Martín,six_eight_hybrid,6/8 Hybrid,tackles_per90,0.2,1.883,61.5,117
637,F. Nmecha,six_eight_hybrid,6/8 Hybrid,tackles_per90,0.2,2.692,94.0,117
26315,Nicolás González,six_eight_hybrid,6/8 Hybrid,tackles_per90,0.2,2.763,94.0,117
673857,Djibril Ouziad,six_eight_hybrid,6/8 Hybrid,tackles_per90,0.2,1.6,36.8,117
32862,Takefusa Kubo,six_eight_hybrid,6/8 Hybrid,tackles_per90,0.2,0.807,2.6,117
311334,Facundo Buonanotte,six_eight_hybrid,6/8 Hybrid,tackles_per90,0.2,2.466,91.5,117
360032,Başar Önal,six_eight_hybrid,6/8 Hybrid,tackles_per90,0.2,1.28,19.7,117
419035,Mamadou Coulibaly,six_eight_hybrid,6/8 Hybrid,tackles_per90,0.2,1.706,46.2,117
362752,Christian Ordoñez,six_eight_hybrid,6/8 Hybrid,tackles_per90,0.2,3.073,97.4,117
290740,Ilias Akhomach,six_eight_hybrid,6/8 Hybrid,tackles_per90,0.2,1.444,32.5,117
1482,Thierry Correia,six_eight_hybrid,6/8 Hybrid,tackles_per90,0.2,1.459,33.3,117
430354,Livan Burcu,six_eight_hybrid,6/8 Hybrid,tackles_per90,0.2,0.492,0.0,117
19163,Jacob Murphy,six_eight_hybrid,6/8 Hybrid,tackles_per90,0.2,1.978,67.5,117
501906,Wael Mohya,six_eight_hybrid,6/8 Hybrid,tackles_per90,0.2,1.484,33.3,117
284797,D. Ouattara,six_eight_hybrid,6/8 Hybrid,tackles_per90,0.2,1.0,6.0,117
21448,Lucas Buades,six_eight_hybrid,6/8 Hybrid,tackles_per90,0.2,0.5,0.0,117
139001,Pablo Ibáñez,six_eight_hybrid,6/8 Hybrid,interceptions_per90,0.2,1.241,98.3,117
190253,David Larrubia,six_eight_hybrid,6/8 Hybrid,interceptions_per90,0.2,0.941,88.0,117
46982,Gonzalo Villar,six_eight_hybrid,6/8 Hybrid,interceptions_per90,0.2,0.785,75.2,117
388495,Javier Hernández,six_eight_hybrid,6/8 Hybrid,interceptions_per90,0.2,0.16,1.7,117
47293,Iñigo Vicente,six_eight_hybrid,6/8 Hybrid,interceptions_per90,0.2,0.662,58.1,117
129718,Jude Bellingham,six_eight_hybrid,6/8 Hybrid,interceptions_per90,0.2,0.51,36.8,117
546798,Miguel Sierra,six_eight_hybrid,6/8 Hybrid,interceptions_per90,0.2,0.181,3.4,117
1748,Lassana Coulibaly,six_eight_hybrid,6/8 Hybrid,interceptions_per90,0.2,0.6,47.0,117
138780,Neco Williams,six_eight_hybrid,6/8 Hybrid,interceptions_per90,0.2,0.0,0.0,117
178077,K. Schade,six_eight_hybrid,6/8 Hybrid,interceptions_per90,0.2,0.0,0.0,117
304853,Alex Scott,six_eight_hybrid,6/8 Hybrid,interceptions_per90,0.2,1.614,100.0,117
314231,Amir Richardson,six_eight_hybrid,6/8 Hybrid,interceptions_per90,0.2,1.629,100.0,117
311251,Giorgi Kvernadze,six_eight_hybrid,6/8 Hybrid,interceptions_per90,0.2,0.206,4.3,117
278370,D. Gómez,six_eight_hybrid,6/8 Hybrid,interceptions_per90,0.2,0.826,76.1,117
19191,John McGinn,six_eight_hybrid,6/8 Hybrid,interceptions_per90,0.2,1.032,93.2,117
369544,Gessime Yassine,six_eight_hybrid,6/8 Hybrid,interceptions_per90,0.2,0.829,76.1,117
273732,Tyrhys Dolan,six_eight_hybrid,6/8 Hybrid,interceptions_per90,0.2,1.247,98.3,117
350037,Nico Paz,six_eight_hybrid,6/8 Hybrid,interceptions_per90,0.2,0.429,23.1,117
412,A. Harit,six_eight_hybrid,6/8 Hybrid,interceptions_per90,0.2,1.298,99.1,117
326068,K. Doumbia,six_eight_hybrid,6/8 Hybrid,interceptions_per90,0.2,1.106,95.7,117
19071,Emiliano Buendía,six_eight_hybrid,6/8 Hybrid,interceptions_per90,0.2,0.891,81.2,117
188445,Luismi Cruz,six_eight_hybrid,6/8 Hybrid,interceptions_per90,0.2,0.451,23.9,117
608142,Adil Bourabaa,six_eight_hybrid,6/8 Hybrid,interceptions_per90,0.2,1.357,99.1,117
375990,P. Mboup,six_eight_hybrid,6/8 Hybrid,interceptions_per90,0.2,0.907,84.6,117
60,Joaquín Muñoz,six_eight_hybrid,6/8 Hybrid,interceptions_per90,0.2,0.231,5.1,117
286038,Álex Calatrava,six_eight_hybrid,6/8 Hybrid,interceptions_per90,0.2,0.464,27.4,117
18592,Iliman Ndiaye,six_eight_hybrid,6/8 Hybrid,interceptions_per90,0.2,0.93,87.2,117
31173,Davide Frattesi,six_eight_hybrid,6/8 Hybrid,interceptions_per90,0.2,0.933,88.0,117
519,C. Tolisso,six_eight_hybrid,6/8 Hybrid,interceptions_per90,0.2,1.654,100.0,117
51016,Tajon Buchanan,six_eight_hybrid,6/8 Hybrid,interceptions_per90,0.2,0.476,29.9,117
22261,A. Thomasson,six_eight_hybrid,6/8 Hybrid,interceptions_per90,0.2,1.448,100.0,117
128582,Jorge de Frutos,six_eight_hybrid,6/8 Hybrid,interceptions_per90,0.2,0.0,0.0,117
247,Cody Gakpo,six_eight_hybrid,6/8 Hybrid,interceptions_per90,0.2,1.698,100.0,117
134926,Daniel Maldini,six_eight_hybrid,6/8 Hybrid,interceptions_per90,0.2,1.22,98.3,117
19201,Jayden Bogle,six_eight_hybrid,6/8 Hybrid,interceptions_per90,0.2,0.488,34.2,117
471040,Alessio Cacciamani,six_eight_hybrid,6/8 Hybrid,interceptions_per90,0.2,0.489,34.2,117
303467,Abdul Fatawu Issahaku,six_eight_hybrid,6/8 Hybrid,interceptions_per90,0.2,1.261,98.3,117
30438,Nicolò Cambiaghi,six_eight_hybrid,6/8 Hybrid,interceptions_per90,0.2,0.506,35.0,117
7073,M. Grüll,six_eight_hybrid,6/8 Hybrid,interceptions_per90,0.2,2.028,100.0,117
174806,A. Mille,six_eight_hybrid,6/8 Hybrid,interceptions_per90,0.2,0.765,69.2,117
177452,L. Petkov,six_eight_hybrid,6/8 Hybrid,interceptions_per90,0.2,0.765,69.2,117
278133,Oscar Bobb,six_eight_hybrid,6/8 Hybrid,interceptions_per90,0.2,1.293,99.1,117
362564,A. Daghim,six_eight_hybrid,6/8 Hybrid,interceptions_per90,0.2,1.037,93.2,117
163078,L. Curda,six_eight_hybrid,6/8 Hybrid,interceptions_per90,0.2,1.602,100.0,117
1864,Pedro Neto,six_eight_hybrid,6/8 Hybrid,interceptions_per90,0.2,1.339,99.1,117
343205,Mario Martín,six_eight_hybrid,6/8 Hybrid,interceptions_per90,0.2,0.811,75.2,117
300885,Nelson Deossa,six_eight_hybrid,6/8 Hybrid,interceptions_per90,0.2,1.129,95.7,117
311543,Nilson Angulo,six_eight_hybrid,6/8 Hybrid,interceptions_per90,0.2,1.132,95.7,117
136117,Rodrigo Riquelme,six_eight_hybrid,6/8 Hybrid,interceptions_per90,0.2,1.753,100.0,117
38747,Quinten Timber,six_eight_hybrid,6/8 Hybrid,interceptions_per90,0.2,0.602,47.0,117
47007,Iñigo Ruiz de Galarreta,six_eight_hybrid,6/8 Hybrid,interceptions_per90,0.2,1.531,100.0,117
513776,Yan Diomande,six_eight_hybrid,6/8 Hybrid,interceptions_per90,0.2,0.951,88.9,117
9363,Igor Paixão,six_eight_hybrid,6/8 Hybrid,interceptions_per90,0.2,0.0,0.0,117
21386,I. Gomis,six_eight_hybrid,6/8 Hybrid,interceptions_per90,0.2,0.645,54.7,117
22254,Youssouf Fofana,six_eight_hybrid,6/8 Hybrid,interceptions_per90,0.2,0.978,88.9,117
5996,Enzo Fernández,six_eight_hybrid,6/8 Hybrid,interceptions_per90,0.2,0.989,88.9,117
324034,Gustavo Puerta,six_eight_hybrid,6/8 Hybrid,interceptions_per90,0.2,0.672,59.0,117
925,Gonçalo Guedes,six_eight_hybrid,6/8 Hybrid,interceptions_per90,0.2,0.337,12.8,117
328617,William Cole Campbell,six_eight_hybrid,6/8 Hybrid,interceptions_per90,0.2,0.0,0.0,117
30542,Jens Odgaard,six_eight_hybrid,6/8 Hybrid,interceptions_per90,0.2,0.347,12.8,117
338751,Víctor Muñoz,six_eight_hybrid,6/8 Hybrid,interceptions_per90,0.2,1.042,93.2,117
178749,Lazar Samardžić,six_eight_hybrid,6/8 Hybrid,interceptions_per90,0.2,1.751,100.0,117
90594,J. Dina Ebimbe,six_eight_hybrid,6/8 Hybrid,interceptions_per90,0.2,0.357,14.5,117
489903,Ilyas Azizi,six_eight_hybrid,6/8 Hybrid,interceptions_per90,0.2,0.0,0.0,117
340700,Jacopo Fazzini,six_eight_hybrid,6/8 Hybrid,interceptions_per90,0.2,1.494,100.0,117
47209,Andrés Martín,six_eight_hybrid,6/8 Hybrid,interceptions_per90,0.2,1.13,95.7,117
637,F. Nmecha,six_eight_hybrid,6/8 Hybrid,interceptions_per90,0.2,1.923,100.0,117
26315,Nicolás González,six_eight_hybrid,6/8 Hybrid,interceptions_per90,0.2,1.579,100.0,117
673857,Djibril Ouziad,six_eight_hybrid,6/8 Hybrid,interceptions_per90,0.2,2.0,100.0,117
32862,Takefusa Kubo,six_eight_hybrid,6/8 Hybrid,interceptions_per90,0.2,0.404,21.4,117
311334,Facundo Buonanotte,six_eight_hybrid,6/8 Hybrid,interceptions_per90,0.2,1.233,98.3,117
360032,Başar Önal,six_eight_hybrid,6/8 Hybrid,interceptions_per90,0.2,0.0,0.0,117
419035,Mamadou Coulibaly,six_eight_hybrid,6/8 Hybrid,interceptions_per90,0.2,1.706,100.0,117
362752,Christian Ordoñez,six_eight_hybrid,6/8 Hybrid,interceptions_per90,0.2,0.878,80.3,117
290740,Ilias Akhomach,six_eight_hybrid,6/8 Hybrid,interceptions_per90,0.2,0.481,31.6,117
1482,Thierry Correia,six_eight_hybrid,6/8 Hybrid,interceptions_per90,0.2,0.486,34.2,117
430354,Livan Burcu,six_eight_hybrid,6/8 Hybrid,interceptions_per90,0.2,1.475,100.0,117
19163,Jacob Murphy,six_eight_hybrid,6/8 Hybrid,interceptions_per90,0.2,0.0,0.0,117
501906,Wael Mohya,six_eight_hybrid,6/8 Hybrid,interceptions_per90,0.2,0.495,34.2,117
284797,D. Ouattara,six_eight_hybrid,6/8 Hybrid,interceptions_per90,0.2,1.5,100.0,117
21448,Lucas Buades,six_eight_hybrid,6/8 Hybrid,interceptions_per90,0.2,0.5,34.2,117
139001,Pablo Ibáñez,six_eight_hybrid,6/8 Hybrid,dribble_success_pct,0.15,53.846,86.3,117
190253,David Larrubia,six_eight_hybrid,6/8 Hybrid,dribble_success_pct,0.15,35.556,19.7,117
46982,Gonzalo Villar,six_eight_hybrid,6/8 Hybrid,dribble_success_pct,0.15,60.0,98.3,117
388495,Javier Hernández,six_eight_hybrid,6/8 Hybrid,dribble_success_pct,0.15,28.571,6.8,117
47293,Iñigo Vicente,six_eight_hybrid,6/8 Hybrid,dribble_success_pct,0.15,40.909,36.8,117
129718,Jude Bellingham,six_eight_hybrid,6/8 Hybrid,dribble_success_pct,0.15,67.857,99.1,117
546798,Miguel Sierra,six_eight_hybrid,6/8 Hybrid,dribble_success_pct,0.15,60.0,98.3,117
1748,Lassana Coulibaly,six_eight_hybrid,6/8 Hybrid,dribble_success_pct,0.15,37.5,24.8,117
138780,Neco Williams,six_eight_hybrid,6/8 Hybrid,dribble_success_pct,0.15,20.0,1.7,117
178077,K. Schade,six_eight_hybrid,6/8 Hybrid,dribble_success_pct,0.15,25.0,3.4,117
304853,Alex Scott,six_eight_hybrid,6/8 Hybrid,dribble_success_pct,0.15,66.667,99.1,117
314231,Amir Richardson,six_eight_hybrid,6/8 Hybrid,dribble_success_pct,0.15,27.273,5.1,117
311251,Giorgi Kvernadze,six_eight_hybrid,6/8 Hybrid,dribble_success_pct,0.15,53.333,85.5,117
278370,D. Gómez,six_eight_hybrid,6/8 Hybrid,dribble_success_pct,0.15,12.5,0.0,117
19191,John McGinn,six_eight_hybrid,6/8 Hybrid,dribble_success_pct,0.15,22.222,1.7,117
369544,Gessime Yassine,six_eight_hybrid,6/8 Hybrid,dribble_success_pct,0.15,54.545,90.6,117
273732,Tyrhys Dolan,six_eight_hybrid,6/8 Hybrid,dribble_success_pct,0.15,29.412,7.7,117
350037,Nico Paz,six_eight_hybrid,6/8 Hybrid,dribble_success_pct,0.15,56.25,93.2,117
412,A. Harit,six_eight_hybrid,6/8 Hybrid,dribble_success_pct,0.15,66.667,99.1,117
326068,K. Doumbia,six_eight_hybrid,6/8 Hybrid,dribble_success_pct,0.15,62.5,99.1,117
19071,Emiliano Buendía,six_eight_hybrid,6/8 Hybrid,dribble_success_pct,0.15,57.143,94.0,117
188445,Luismi Cruz,six_eight_hybrid,6/8 Hybrid,dribble_success_pct,0.15,62.5,99.1,117
608142,Adil Bourabaa,six_eight_hybrid,6/8 Hybrid,dribble_success_pct,0.15,46.154,58.1,117
375990,P. Mboup,six_eight_hybrid,6/8 Hybrid,dribble_success_pct,0.15,46.154,58.1,117
60,Joaquín Muñoz,six_eight_hybrid,6/8 Hybrid,dribble_success_pct,0.15,50.0,73.5,117
286038,Álex Calatrava,six_eight_hybrid,6/8 Hybrid,dribble_success_pct,0.15,50.0,73.5,117
18592,Iliman Ndiaye,six_eight_hybrid,6/8 Hybrid,dribble_success_pct,0.15,37.5,24.8,117
31173,Davide Frattesi,six_eight_hybrid,6/8 Hybrid,dribble_success_pct,0.15,28.571,6.8,117
519,C. Tolisso,six_eight_hybrid,6/8 Hybrid,dribble_success_pct,0.15,60.0,98.3,117
51016,Tajon Buchanan,six_eight_hybrid,6/8 Hybrid,dribble_success_pct,0.15,30.769,11.1,117
22261,A. Thomasson,six_eight_hybrid,6/8 Hybrid,dribble_success_pct,0.15,60.0,98.3,117
128582,Jorge de Frutos,six_eight_hybrid,6/8 Hybrid,dribble_success_pct,0.15,58.333,94.9,117
247,Cody Gakpo,six_eight_hybrid,6/8 Hybrid,dribble_success_pct,0.15,50.0,73.5,117
134926,Daniel Maldini,six_eight_hybrid,6/8 Hybrid,dribble_success_pct,0.15,35.714,19.7,117
19201,Jayden Bogle,six_eight_hybrid,6/8 Hybrid,dribble_success_pct,0.15,42.857,47.0,117
471040,Alessio Cacciamani,six_eight_hybrid,6/8 Hybrid,dribble_success_pct,0.15,54.545,90.6,117
303467,Abdul Fatawu Issahaku,six_eight_hybrid,6/8 Hybrid,dribble_success_pct,0.15,54.545,90.6,117
30438,Nicolò Cambiaghi,six_eight_hybrid,6/8 Hybrid,dribble_success_pct,0.15,66.667,99.1,117
7073,M. Grüll,six_eight_hybrid,6/8 Hybrid,dribble_success_pct,0.15,66.667,99.1,117
174806,A. Mille,six_eight_hybrid,6/8 Hybrid,dribble_success_pct,0.15,33.333,17.1,117
177452,L. Petkov,six_eight_hybrid,6/8 Hybrid,dribble_success_pct,0.15,29.412,7.7,117
278133,Oscar Bobb,six_eight_hybrid,6/8 Hybrid,dribble_success_pct,0.15,25.0,3.4,117
362564,A. Daghim,six_eight_hybrid,6/8 Hybrid,dribble_success_pct,0.15,22.727,1.7,117
163078,L. Curda,six_eight_hybrid,6/8 Hybrid,dribble_success_pct,0.15,42.857,47.0,117
1864,Pedro Neto,six_eight_hybrid,6/8 Hybrid,dribble_success_pct,0.15,50.0,73.5,117
343205,Mario Martín,six_eight_hybrid,6/8 Hybrid,dribble_success_pct,0.15,0.0,0.0,117
300885,Nelson Deossa,six_eight_hybrid,6/8 Hybrid,dribble_success_pct,0.15,77.778,99.1,117
311543,Nilson Angulo,six_eight_hybrid,6/8 Hybrid,dribble_success_pct,0.15,63.636,99.1,117
136117,Rodrigo Riquelme,six_eight_hybrid,6/8 Hybrid,dribble_success_pct,0.15,70.0,99.1,117
38747,Quinten Timber,six_eight_hybrid,6/8 Hybrid,dribble_success_pct,0.15,66.667,99.1,117
47007,Iñigo Ruiz de Galarreta,six_eight_hybrid,6/8 Hybrid,dribble_success_pct,0.15,57.143,94.0,117
513776,Yan Diomande,six_eight_hybrid,6/8 Hybrid,dribble_success_pct,0.15,72.0,99.1,117
9363,Igor Paixão,six_eight_hybrid,6/8 Hybrid,dribble_success_pct,0.15,38.889,27.4,117
21386,I. Gomis,six_eight_hybrid,6/8 Hybrid,dribble_success_pct,0.15,20.0,1.7,117
22254,Youssouf Fofana,six_eight_hybrid,6/8 Hybrid,dribble_success_pct,0.15,38.462,27.4,117
5996,Enzo Fernández,six_eight_hybrid,6/8 Hybrid,dribble_success_pct,0.15,66.667,99.1,117
324034,Gustavo Puerta,six_eight_hybrid,6/8 Hybrid,dribble_success_pct,0.15,40.0,32.5,117
925,Gonçalo Guedes,six_eight_hybrid,6/8 Hybrid,dribble_success_pct,0.15,58.333,94.9,117
328617,William Cole Campbell,six_eight_hybrid,6/8 Hybrid,dribble_success_pct,0.15,45.0,53.8,117
30542,Jens Odgaard,six_eight_hybrid,6/8 Hybrid,dribble_success_pct,0.15,36.364,19.7,117
338751,Víctor Muñoz,six_eight_hybrid,6/8 Hybrid,dribble_success_pct,0.15,36.364,19.7,117
178749,Lazar Samardžić,six_eight_hybrid,6/8 Hybrid,dribble_success_pct,0.15,45.455,55.6,117
90594,J. Dina Ebimbe,six_eight_hybrid,6/8 Hybrid,dribble_success_pct,0.15,50.0,73.5,117
489903,Ilyas Azizi,six_eight_hybrid,6/8 Hybrid,dribble_success_pct,0.15,44.444,52.1,117
340700,Jacopo Fazzini,six_eight_hybrid,6/8 Hybrid,dribble_success_pct,0.15,75.0,99.1,117
47209,Andrés Martín,six_eight_hybrid,6/8 Hybrid,dribble_success_pct,0.15,45.455,55.6,117
637,F. Nmecha,six_eight_hybrid,6/8 Hybrid,dribble_success_pct,0.15,50.0,73.5,117
26315,Nicolás González,six_eight_hybrid,6/8 Hybrid,dribble_success_pct,0.15,57.143,94.0,117
673857,Djibril Ouziad,six_eight_hybrid,6/8 Hybrid,dribble_success_pct,0.15,87.5,99.1,117
32862,Takefusa Kubo,six_eight_hybrid,6/8 Hybrid,dribble_success_pct,0.15,72.727,99.1,117
311334,Facundo Buonanotte,six_eight_hybrid,6/8 Hybrid,dribble_success_pct,0.15,60.0,98.3,117
360032,Başar Önal,six_eight_hybrid,6/8 Hybrid,dribble_success_pct,0.15,14.286,0.0,117
419035,Mamadou Coulibaly,six_eight_hybrid,6/8 Hybrid,dribble_success_pct,0.15,33.333,17.1,117
362752,Christian Ordoñez,six_eight_hybrid,6/8 Hybrid,dribble_success_pct,0.15,50.0,73.5,117
290740,Ilias Akhomach,six_eight_hybrid,6/8 Hybrid,dribble_success_pct,0.15,58.824,95.7,117
1482,Thierry Correia,six_eight_hybrid,6/8 Hybrid,dribble_success_pct,0.15,40.0,32.5,117
430354,Livan Burcu,six_eight_hybrid,6/8 Hybrid,dribble_success_pct,0.15,63.636,99.1,117
19163,Jacob Murphy,six_eight_hybrid,6/8 Hybrid,dribble_success_pct,0.15,66.667,99.1,117
501906,Wael Mohya,six_eight_hybrid,6/8 Hybrid,dribble_success_pct,0.15,30.0,10.3,117
284797,D. Ouattara,six_eight_hybrid,6/8 Hybrid,dribble_success_pct,0.15,40.0,32.5,117
21448,Lucas Buades,six_eight_hybrid,6/8 Hybrid,dribble_success_pct,0.15,100.0,99.6,117
139001,Pablo Ibáñez,six_eight_hybrid,6/8 Hybrid,fouls_drawn_per90,0.1,1.862,57.3,117
190253,David Larrubia,six_eight_hybrid,6/8 Hybrid,fouls_drawn_per90,0.1,1.098,12.8,117
46982,Gonzalo Villar,six_eight_hybrid,6/8 Hybrid,fouls_drawn_per90,0.1,3.141,91.5,117
388495,Javier Hernández,six_eight_hybrid,6/8 Hybrid,fouls_drawn_per90,0.1,1.765,47.9,117
47293,Iñigo Vicente,six_eight_hybrid,6/8 Hybrid,fouls_drawn_per90,0.1,2.316,73.5,117
129718,Jude Bellingham,six_eight_hybrid,6/8 Hybrid,fouls_drawn_per90,0.1,2.892,86.3,117
546798,Miguel Sierra,six_eight_hybrid,6/8 Hybrid,fouls_drawn_per90,0.1,2.54,77.8,117
1748,Lassana Coulibaly,six_eight_hybrid,6/8 Hybrid,fouls_drawn_per90,0.1,2.2,68.4,117
138780,Neco Williams,six_eight_hybrid,6/8 Hybrid,fouls_drawn_per90,0.1,1.8,53.8,117
178077,K. Schade,six_eight_hybrid,6/8 Hybrid,fouls_drawn_per90,0.1,1.607,40.2,117
304853,Alex Scott,six_eight_hybrid,6/8 Hybrid,fouls_drawn_per90,0.1,3.43,97.4,117
314231,Amir Richardson,six_eight_hybrid,6/8 Hybrid,fouls_drawn_per90,0.1,1.425,28.2,117
311251,Giorgi Kvernadze,six_eight_hybrid,6/8 Hybrid,fouls_drawn_per90,0.1,1.442,30.8,117
278370,D. Gómez,six_eight_hybrid,6/8 Hybrid,fouls_drawn_per90,0.1,0.0,0.0,117
19191,John McGinn,six_eight_hybrid,6/8 Hybrid,fouls_drawn_per90,0.1,2.89,86.3,117
369544,Gessime Yassine,six_eight_hybrid,6/8 Hybrid,fouls_drawn_per90,0.1,3.111,91.5,117
273732,Tyrhys Dolan,six_eight_hybrid,6/8 Hybrid,fouls_drawn_per90,0.1,1.455,30.8,117
350037,Nico Paz,six_eight_hybrid,6/8 Hybrid,fouls_drawn_per90,0.1,1.5,35.0,117
412,A. Harit,six_eight_hybrid,6/8 Hybrid,fouls_drawn_per90,0.1,1.947,60.7,117
326068,K. Doumbia,six_eight_hybrid,6/8 Hybrid,fouls_drawn_per90,0.1,2.211,68.4,117
19071,Emiliano Buendía,six_eight_hybrid,6/8 Hybrid,fouls_drawn_per90,0.1,1.559,39.3,117
188445,Luismi Cruz,six_eight_hybrid,6/8 Hybrid,fouls_drawn_per90,0.1,1.805,53.8,117
608142,Adil Bourabaa,six_eight_hybrid,6/8 Hybrid,fouls_drawn_per90,0.1,1.131,14.5,117
375990,P. Mboup,six_eight_hybrid,6/8 Hybrid,fouls_drawn_per90,0.1,1.587,39.3,117
60,Joaquín Muñoz,six_eight_hybrid,6/8 Hybrid,fouls_drawn_per90,0.1,2.545,77.8,117
286038,Álex Calatrava,six_eight_hybrid,6/8 Hybrid,fouls_drawn_per90,0.1,0.928,9.4,117
18592,Iliman Ndiaye,six_eight_hybrid,6/8 Hybrid,fouls_drawn_per90,0.1,2.326,73.5,117
31173,Davide Frattesi,six_eight_hybrid,6/8 Hybrid,fouls_drawn_per90,0.1,2.098,66.7,117
519,C. Tolisso,six_eight_hybrid,6/8 Hybrid,fouls_drawn_per90,0.1,2.362,73.5,117
51016,Tajon Buchanan,six_eight_hybrid,6/8 Hybrid,fouls_drawn_per90,0.1,3.333,95.7,117
22261,A. Thomasson,six_eight_hybrid,6/8 Hybrid,fouls_drawn_per90,0.1,1.689,43.6,117
128582,Jorge de Frutos,six_eight_hybrid,6/8 Hybrid,fouls_drawn_per90,0.1,1.93,60.7,117
247,Cody Gakpo,six_eight_hybrid,6/8 Hybrid,fouls_drawn_per90,0.1,1.456,30.8,117
134926,Daniel Maldini,six_eight_hybrid,6/8 Hybrid,fouls_drawn_per90,0.1,1.951,60.7,117
19201,Jayden Bogle,six_eight_hybrid,6/8 Hybrid,fouls_drawn_per90,0.1,1.951,60.7,117
471040,Alessio Cacciamani,six_eight_hybrid,6/8 Hybrid,fouls_drawn_per90,0.1,2.201,68.4,117
303467,Abdul Fatawu Issahaku,six_eight_hybrid,6/8 Hybrid,fouls_drawn_per90,0.1,1.765,47.9,117
30438,Nicolò Cambiaghi,six_eight_hybrid,6/8 Hybrid,fouls_drawn_per90,0.1,3.287,94.9,117
7073,M. Grüll,six_eight_hybrid,6/8 Hybrid,fouls_drawn_per90,0.1,2.282,72.6,117
174806,A. Mille,six_eight_hybrid,6/8 Hybrid,fouls_drawn_per90,0.1,0.765,4.3,117
177452,L. Petkov,six_eight_hybrid,6/8 Hybrid,fouls_drawn_per90,0.1,1.53,37.6,117
278133,Oscar Bobb,six_eight_hybrid,6/8 Hybrid,fouls_drawn_per90,0.1,1.293,21.4,117
362564,A. Daghim,six_eight_hybrid,6/8 Hybrid,fouls_drawn_per90,0.1,0.519,0.9,117
163078,L. Curda,six_eight_hybrid,6/8 Hybrid,fouls_drawn_per90,0.1,1.335,22.2,117
1864,Pedro Neto,six_eight_hybrid,6/8 Hybrid,fouls_drawn_per90,0.1,0.268,0.0,117
343205,Mario Martín,six_eight_hybrid,6/8 Hybrid,fouls_drawn_per90,0.1,2.703,81.2,117
300885,Nelson Deossa,six_eight_hybrid,6/8 Hybrid,fouls_drawn_per90,0.1,1.129,14.5,117
311543,Nilson Angulo,six_eight_hybrid,6/8 Hybrid,fouls_drawn_per90,0.1,1.698,44.4,117
136117,Rodrigo Riquelme,six_eight_hybrid,6/8 Hybrid,fouls_drawn_per90,0.1,2.045,61.5,117
38747,Quinten Timber,six_eight_hybrid,6/8 Hybrid,fouls_drawn_per90,0.1,2.107,67.5,117
47007,Iñigo Ruiz de Galarreta,six_eight_hybrid,6/8 Hybrid,fouls_drawn_per90,0.1,1.837,55.6,117
513776,Yan Diomande,six_eight_hybrid,6/8 Hybrid,fouls_drawn_per90,0.1,3.486,97.4,117
9363,Igor Paixão,six_eight_hybrid,6/8 Hybrid,fouls_drawn_per90,0.1,1.929,60.7,117
21386,I. Gomis,six_eight_hybrid,6/8 Hybrid,fouls_drawn_per90,0.1,1.29,21.4,117
22254,Youssouf Fofana,six_eight_hybrid,6/8 Hybrid,fouls_drawn_per90,0.1,0.326,0.9,117
5996,Enzo Fernández,six_eight_hybrid,6/8 Hybrid,fouls_drawn_per90,0.1,2.967,88.0,117
324034,Gustavo Puerta,six_eight_hybrid,6/8 Hybrid,fouls_drawn_per90,0.1,3.022,90.6,117
925,Gonçalo Guedes,six_eight_hybrid,6/8 Hybrid,fouls_drawn_per90,0.1,2.022,61.5,117
328617,William Cole Campbell,six_eight_hybrid,6/8 Hybrid,fouls_drawn_per90,0.1,3.103,91.5,117
30542,Jens Odgaard,six_eight_hybrid,6/8 Hybrid,fouls_drawn_per90,0.1,2.78,83.8,117
338751,Víctor Muñoz,six_eight_hybrid,6/8 Hybrid,fouls_drawn_per90,0.1,2.78,83.8,117
178749,Lazar Samardžić,six_eight_hybrid,6/8 Hybrid,fouls_drawn_per90,0.1,0.35,0.9,117
90594,J. Dina Ebimbe,six_eight_hybrid,6/8 Hybrid,fouls_drawn_per90,0.1,1.071,12.0,117
489903,Ilyas Azizi,six_eight_hybrid,6/8 Hybrid,fouls_drawn_per90,0.1,1.815,53.8,117
340700,Jacopo Fazzini,six_eight_hybrid,6/8 Hybrid,fouls_drawn_per90,0.1,1.12,13.7,117
47209,Andrés Martín,six_eight_hybrid,6/8 Hybrid,fouls_drawn_per90,0.1,1.883,58.1,117
637,F. Nmecha,six_eight_hybrid,6/8 Hybrid,fouls_drawn_per90,0.1,1.154,15.4,117
26315,Nicolás González,six_eight_hybrid,6/8 Hybrid,fouls_drawn_per90,0.1,2.368,73.5,117
673857,Djibril Ouziad,six_eight_hybrid,6/8 Hybrid,fouls_drawn_per90,0.1,3.2,92.7,117
32862,Takefusa Kubo,six_eight_hybrid,6/8 Hybrid,fouls_drawn_per90,0.1,2.018,61.5,117
311334,Facundo Buonanotte,six_eight_hybrid,6/8 Hybrid,fouls_drawn_per90,0.1,0.822,5.1,117
360032,Başar Önal,six_eight_hybrid,6/8 Hybrid,fouls_drawn_per90,0.1,2.133,67.5,117
419035,Mamadou Coulibaly,six_eight_hybrid,6/8 Hybrid,fouls_drawn_per90,0.1,2.986,89.7,117
362752,Christian Ordoñez,six_eight_hybrid,6/8 Hybrid,fouls_drawn_per90,0.1,3.073,90.6,117
290740,Ilias Akhomach,six_eight_hybrid,6/8 Hybrid,fouls_drawn_per90,0.1,1.925,60.7,117
1482,Thierry Correia,six_eight_hybrid,6/8 Hybrid,fouls_drawn_per90,0.1,1.459,31.6,117
430354,Livan Burcu,six_eight_hybrid,6/8 Hybrid,fouls_drawn_per90,0.1,2.951,88.0,117
19163,Jacob Murphy,six_eight_hybrid,6/8 Hybrid,fouls_drawn_per90,0.1,2.473,75.2,117
501906,Wael Mohya,six_eight_hybrid,6/8 Hybrid,fouls_drawn_per90,0.1,0.495,0.9,117
284797,D. Ouattara,six_eight_hybrid,6/8 Hybrid,fouls_drawn_per90,0.1,1.5,35.0,117
21448,Lucas Buades,six_eight_hybrid,6/8 Hybrid,fouls_drawn_per90,0.1,4.0,98.3,117
139001,Pablo Ibáñez,six_eight_hybrid,6/8 Hybrid,pass_accuracy_pct,0.15,78.049,41.0,117
190253,David Larrubia,six_eight_hybrid,6/8 Hybrid,pass_accuracy_pct,0.15,80.663,58.1,117
46982,Gonzalo Villar,six_eight_hybrid,6/8 Hybrid,pass_accuracy_pct,0.15,88.235,96.6,117
388495,Javier Hernández,six_eight_hybrid,6/8 Hybrid,pass_accuracy_pct,0.15,80.42,57.3,117
47293,Iñigo Vicente,six_eight_hybrid,6/8 Hybrid,pass_accuracy_pct,0.15,75.912,23.9,117
129718,Jude Bellingham,six_eight_hybrid,6/8 Hybrid,pass_accuracy_pct,0.15,90.535,100.0,117
546798,Miguel Sierra,six_eight_hybrid,6/8 Hybrid,pass_accuracy_pct,0.15,75.969,25.6,117
1748,Lassana Coulibaly,six_eight_hybrid,6/8 Hybrid,pass_accuracy_pct,0.15,83.041,72.6,117
138780,Neco Williams,six_eight_hybrid,6/8 Hybrid,pass_accuracy_pct,0.15,76.875,32.5,117
178077,K. Schade,six_eight_hybrid,6/8 Hybrid,pass_accuracy_pct,0.15,63.81,0.0,117
304853,Alex Scott,six_eight_hybrid,6/8 Hybrid,pass_accuracy_pct,0.15,81.6,65.8,117
314231,Amir Richardson,six_eight_hybrid,6/8 Hybrid,pass_accuracy_pct,0.15,84.135,83.8,117
311251,Giorgi Kvernadze,six_eight_hybrid,6/8 Hybrid,pass_accuracy_pct,0.15,85.714,89.7,117
278370,D. Gómez,six_eight_hybrid,6/8 Hybrid,pass_accuracy_pct,0.15,78.146,41.0,117
19191,John McGinn,six_eight_hybrid,6/8 Hybrid,pass_accuracy_pct,0.15,73.729,11.1,117
369544,Gessime Yassine,six_eight_hybrid,6/8 Hybrid,pass_accuracy_pct,0.15,81.301,62.4,117
273732,Tyrhys Dolan,six_eight_hybrid,6/8 Hybrid,pass_accuracy_pct,0.15,85.088,87.2,117
350037,Nico Paz,six_eight_hybrid,6/8 Hybrid,pass_accuracy_pct,0.15,89.362,98.3,117
412,A. Harit,six_eight_hybrid,6/8 Hybrid,pass_accuracy_pct,0.15,85.165,88.0,117
326068,K. Doumbia,six_eight_hybrid,6/8 Hybrid,pass_accuracy_pct,0.15,85.256,88.0,117
19071,Emiliano Buendía,six_eight_hybrid,6/8 Hybrid,pass_accuracy_pct,0.15,75.714,23.9,117
188445,Luismi Cruz,six_eight_hybrid,6/8 Hybrid,pass_accuracy_pct,0.15,81.757,65.8,117
608142,Adil Bourabaa,six_eight_hybrid,6/8 Hybrid,pass_accuracy_pct,0.15,81.25,62.4,117
375990,P. Mboup,six_eight_hybrid,6/8 Hybrid,pass_accuracy_pct,0.15,78.261,42.7,117
60,Joaquín Muñoz,six_eight_hybrid,6/8 Hybrid,pass_accuracy_pct,0.15,81.188,62.4,117
286038,Álex Calatrava,six_eight_hybrid,6/8 Hybrid,pass_accuracy_pct,0.15,68.0,6.0,117
18592,Iliman Ndiaye,six_eight_hybrid,6/8 Hybrid,pass_accuracy_pct,0.15,91.333,100.0,117
31173,Davide Frattesi,six_eight_hybrid,6/8 Hybrid,pass_accuracy_pct,0.15,77.083,34.2,117
519,C. Tolisso,six_eight_hybrid,6/8 Hybrid,pass_accuracy_pct,0.15,83.092,74.4,117
51016,Tajon Buchanan,six_eight_hybrid,6/8 Hybrid,pass_accuracy_pct,0.15,89.437,98.3,117
22261,A. Thomasson,six_eight_hybrid,6/8 Hybrid,pass_accuracy_pct,0.15,84.753,86.3,117
128582,Jorge de Frutos,six_eight_hybrid,6/8 Hybrid,pass_accuracy_pct,0.15,72.727,8.5,117
247,Cody Gakpo,six_eight_hybrid,6/8 Hybrid,pass_accuracy_pct,0.15,82.927,72.6,117
134926,Daniel Maldini,six_eight_hybrid,6/8 Hybrid,pass_accuracy_pct,0.15,80.952,61.5,117
19201,Jayden Bogle,six_eight_hybrid,6/8 Hybrid,pass_accuracy_pct,0.15,69.072,6.8,117
471040,Alessio Cacciamani,six_eight_hybrid,6/8 Hybrid,pass_accuracy_pct,0.15,83.636,79.5,117
303467,Abdul Fatawu Issahaku,six_eight_hybrid,6/8 Hybrid,pass_accuracy_pct,0.15,70.27,6.8,117
30438,Nicolò Cambiaghi,six_eight_hybrid,6/8 Hybrid,pass_accuracy_pct,0.15,85.833,91.5,117
7073,M. Grüll,six_eight_hybrid,6/8 Hybrid,pass_accuracy_pct,0.15,76.923,33.3,117
174806,A. Mille,six_eight_hybrid,6/8 Hybrid,pass_accuracy_pct,0.15,83.007,72.6,117
177452,L. Petkov,six_eight_hybrid,6/8 Hybrid,pass_accuracy_pct,0.15,59.036,0.0,117
278133,Oscar Bobb,six_eight_hybrid,6/8 Hybrid,pass_accuracy_pct,0.15,85.088,87.2,117
362564,A. Daghim,six_eight_hybrid,6/8 Hybrid,pass_accuracy_pct,0.15,66.038,3.4,117
163078,L. Curda,six_eight_hybrid,6/8 Hybrid,pass_accuracy_pct,0.15,73.228,10.3,117
1864,Pedro Neto,six_eight_hybrid,6/8 Hybrid,pass_accuracy_pct,0.15,83.333,76.1,117
343205,Mario Martín,six_eight_hybrid,6/8 Hybrid,pass_accuracy_pct,0.15,76.923,33.3,117
300885,Nelson Deossa,six_eight_hybrid,6/8 Hybrid,pass_accuracy_pct,0.15,82.524,70.9,117
311543,Nilson Angulo,six_eight_hybrid,6/8 Hybrid,pass_accuracy_pct,0.15,85.057,87.2,117
136117,Rodrigo Riquelme,six_eight_hybrid,6/8 Hybrid,pass_accuracy_pct,0.15,81.667,65.8,117
38747,Quinten Timber,six_eight_hybrid,6/8 Hybrid,pass_accuracy_pct,0.15,77.778,40.2,117
47007,Iñigo Ruiz de Galarreta,six_eight_hybrid,6/8 Hybrid,pass_accuracy_pct,0.15,86.574,94.9,117
513776,Yan Diomande,six_eight_hybrid,6/8 Hybrid,pass_accuracy_pct,0.15,82.075,68.4,117
9363,Igor Paixão,six_eight_hybrid,6/8 Hybrid,pass_accuracy_pct,0.15,86.087,93.2,117
21386,I. Gomis,six_eight_hybrid,6/8 Hybrid,pass_accuracy_pct,0.15,80.0,54.3,117
22254,Youssouf Fofana,six_eight_hybrid,6/8 Hybrid,pass_accuracy_pct,0.15,82.796,71.8,117
5996,Enzo Fernández,six_eight_hybrid,6/8 Hybrid,pass_accuracy_pct,0.15,86.772,94.9,117
324034,Gustavo Puerta,six_eight_hybrid,6/8 Hybrid,pass_accuracy_pct,0.15,92.614,100.0,117
925,Gonçalo Guedes,six_eight_hybrid,6/8 Hybrid,pass_accuracy_pct,0.15,86.17,94.0,117
328617,William Cole Campbell,six_eight_hybrid,6/8 Hybrid,pass_accuracy_pct,0.15,80.392,57.3,117
30542,Jens Odgaard,six_eight_hybrid,6/8 Hybrid,pass_accuracy_pct,0.15,79.63,49.6,117
338751,Víctor Muñoz,six_eight_hybrid,6/8 Hybrid,pass_accuracy_pct,0.15,82.895,71.8,117
178749,Lazar Samardžić,six_eight_hybrid,6/8 Hybrid,pass_accuracy_pct,0.15,85.517,88.0,117
90594,J. Dina Ebimbe,six_eight_hybrid,6/8 Hybrid,pass_accuracy_pct,0.15,73.684,11.1,117
489903,Ilyas Azizi,six_eight_hybrid,6/8 Hybrid,pass_accuracy_pct,0.15,78.351,42.7,117
340700,Jacopo Fazzini,six_eight_hybrid,6/8 Hybrid,pass_accuracy_pct,0.15,83.871,81.2,117
47209,Andrés Martín,six_eight_hybrid,6/8 Hybrid,pass_accuracy_pct,0.15,76.25,27.4,117
637,F. Nmecha,six_eight_hybrid,6/8 Hybrid,pass_accuracy_pct,0.15,90.083,100.0,117
26315,Nicolás González,six_eight_hybrid,6/8 Hybrid,pass_accuracy_pct,0.15,80.0,54.3,117
673857,Djibril Ouziad,six_eight_hybrid,6/8 Hybrid,pass_accuracy_pct,0.15,81.72,65.8,117
32862,Takefusa Kubo,six_eight_hybrid,6/8 Hybrid,pass_accuracy_pct,0.15,77.049,34.2,117
311334,Facundo Buonanotte,six_eight_hybrid,6/8 Hybrid,pass_accuracy_pct,0.15,72.973,10.3,117
360032,Başar Önal,six_eight_hybrid,6/8 Hybrid,pass_accuracy_pct,0.15,81.25,62.4,117
419035,Mamadou Coulibaly,six_eight_hybrid,6/8 Hybrid,pass_accuracy_pct,0.15,80.682,58.1,117
362752,Christian Ordoñez,six_eight_hybrid,6/8 Hybrid,pass_accuracy_pct,0.15,88.764,96.6,117
290740,Ilias Akhomach,six_eight_hybrid,6/8 Hybrid,pass_accuracy_pct,0.15,84.091,83.8,117
1482,Thierry Correia,six_eight_hybrid,6/8 Hybrid,pass_accuracy_pct,0.15,69.863,6.8,117
430354,Livan Burcu,six_eight_hybrid,6/8 Hybrid,pass_accuracy_pct,0.15,76.364,28.2,117
19163,Jacob Murphy,six_eight_hybrid,6/8 Hybrid,pass_accuracy_pct,0.15,75.676,21.4,117
501906,Wael Mohya,six_eight_hybrid,6/8 Hybrid,pass_accuracy_pct,0.15,88.235,96.6,117
284797,D. Ouattara,six_eight_hybrid,6/8 Hybrid,pass_accuracy_pct,0.15,68.085,6.8,117
21448,Lucas Buades,six_eight_hybrid,6/8 Hybrid,pass_accuracy_pct,0.15,62.963,0.0,117
315699,Javier Guerra,eight_ten_hybrid,8/10 Hybrid,key_passes_per90,0.25,0.956,8.9,112
762,Vinícius Júnior,eight_ten_hybrid,8/10 Hybrid,key_passes_per90,0.25,2.071,70.5,112
46799,Edu Expósito,eight_ten_hybrid,8/10 Hybrid,key_passes_per90,0.25,2.581,85.7,112
7332,Luka Sučić,eight_ten_hybrid,8/10 Hybrid,key_passes_per90,0.25,1.307,24.1,112
187987,Ramón Terrats,eight_ten_hybrid,8/10 Hybrid,key_passes_per90,0.25,1.692,50.0,112
9971,Antony,eight_ten_hybrid,8/10 Hybrid,key_passes_per90,0.25,1.379,32.1,112
128398,Oihan Sancet,eight_ten_hybrid,8/10 Hybrid,key_passes_per90,0.25,1.573,43.8,112
1570,Sergio Canales,eight_ten_hybrid,8/10 Hybrid,key_passes_per90,0.25,0.355,0.0,112
331369,Ángel Pérez,eight_ten_hybrid,8/10 Hybrid,key_passes_per90,0.25,1.829,55.4,112
182219,Alex Baena,eight_ten_hybrid,8/10 Hybrid,key_passes_per90,0.25,2.769,90.2,112
19281,Antoine Semenyo,eight_ten_hybrid,8/10 Hybrid,key_passes_per90,0.25,2.0,66.1,112
1485,Bruno Fernandes,eight_ten_hybrid,8/10 Hybrid,key_passes_per90,0.25,2.6,86.6,112
20589,Bryan Mbeumo,eight_ten_hybrid,8/10 Hybrid,key_passes_per90,0.25,2.0,66.1,112
30558,Nicolò Barella,eight_ten_hybrid,8/10 Hybrid,key_passes_per90,0.25,3.0,94.6,112
18778,Harvey Barnes,eight_ten_hybrid,8/10 Hybrid,key_passes_per90,0.25,1.203,18.8,112
148099,Kiernan Dewsbury-Hall,eight_ten_hybrid,8/10 Hybrid,key_passes_per90,0.25,2.21,76.8,112
340626,Fermín López,eight_ten_hybrid,8/10 Hybrid,key_passes_per90,0.25,2.215,76.8,112
47225,Roger Brugué,eight_ten_hybrid,8/10 Hybrid,key_passes_per90,0.25,0.405,0.0,112
1096,Dominik Szoboszlai,eight_ten_hybrid,8/10 Hybrid,key_passes_per90,0.25,2.245,77.7,112
20638,Enzo Le Fée,eight_ten_hybrid,8/10 Hybrid,key_passes_per90,0.25,1.64,45.5,112
407806,Rayan,eight_ten_hybrid,8/10 Hybrid,key_passes_per90,0.25,0.616,0.9,112
386277,Thomas Jørgensen,eight_ten_hybrid,8/10 Hybrid,key_passes_per90,0.25,2.26,77.7,112
47522,Douglas Luiz,eight_ten_hybrid,8/10 Hybrid,key_passes_per90,0.25,1.465,35.7,112
32011,Giacomo Calò,eight_ten_hybrid,8/10 Hybrid,key_passes_per90,0.25,4.406,100.0,112
25008,Jonathan Clauss,eight_ten_hybrid,8/10 Hybrid,key_passes_per90,0.25,2.103,71.4,112
191289,A. Sbaï,eight_ten_hybrid,8/10 Hybrid,key_passes_per90,0.25,3.583,99.1,112
389315,Joshua King,eight_ten_hybrid,8/10 Hybrid,key_passes_per90,0.25,0.843,6.2,112
19245,Marcus Tavernier,eight_ten_hybrid,8/10 Hybrid,key_passes_per90,0.25,1.897,58.9,112
3246,Nicolas Pépé,eight_ten_hybrid,8/10 Hybrid,key_passes_per90,0.25,1.702,50.9,112
1460,B. Saka,eight_ten_hybrid,8/10 Hybrid,key_passes_per90,0.25,1.507,37.5,112
158697,James McAtee,eight_ten_hybrid,8/10 Hybrid,key_passes_per90,0.25,2.584,85.7,112
70747,Julio Enciso,eight_ten_hybrid,8/10 Hybrid,key_passes_per90,0.25,1.301,23.2,112
182519,Alberto Moleiro,eight_ten_hybrid,8/10 Hybrid,key_passes_per90,0.25,3.512,97.3,112
83831,Ilan Kebbal,eight_ten_hybrid,8/10 Hybrid,key_passes_per90,0.25,2.222,76.8,112
203224,Florian Wirtz,eight_ten_hybrid,8/10 Hybrid,key_passes_per90,0.25,2.01,66.1,112
47182,Tete Morente,eight_ten_hybrid,8/10 Hybrid,key_passes_per90,0.25,1.131,14.3,112
37127,M. Ødegaard,eight_ten_hybrid,8/10 Hybrid,key_passes_per90,0.25,2.827,92.0,112
67889,Hakon Arnar Haraldsson,eight_ten_hybrid,8/10 Hybrid,key_passes_per90,0.25,2.183,76.8,112
41324,Ricardo Mangas,eight_ten_hybrid,8/10 Hybrid,key_passes_per90,0.25,1.941,61.6,112
161800,C. Tzolis,eight_ten_hybrid,8/10 Hybrid,key_passes_per90,0.25,1.973,62.5,112
873,Federico Bernardeschi,eight_ten_hybrid,8/10 Hybrid,key_passes_per90,0.25,1.731,53.6,112
161585,Francisco Conceição,eight_ten_hybrid,8/10 Hybrid,key_passes_per90,0.25,1.978,62.5,112
21618,J. Allevinah,eight_ten_hybrid,8/10 Hybrid,key_passes_per90,0.25,0.989,9.8,112
183799,Nico Williams,eight_ten_hybrid,8/10 Hybrid,key_passes_per90,0.25,1.731,53.6,112
276662,Pablo Pagis,eight_ten_hybrid,8/10 Hybrid,key_passes_per90,0.25,1.978,62.5,112
380587,I. Maza,eight_ten_hybrid,8/10 Hybrid,key_passes_per90,0.25,3.25,97.3,112
909,Marcus Rashford,eight_ten_hybrid,8/10 Hybrid,key_passes_per90,0.25,3.296,97.3,112
714,Nadiem Amiri,eight_ten_hybrid,8/10 Hybrid,key_passes_per90,0.25,3.559,98.2,112
291964,Arda Güler,eight_ten_hybrid,8/10 Hybrid,key_passes_per90,0.25,7.139,100.0,112
331004,Chuky San José,eight_ten_hybrid,8/10 Hybrid,key_passes_per90,0.25,2.04,68.8,112
24868,J. Vagnoman,eight_ten_hybrid,8/10 Hybrid,key_passes_per90,0.25,1.795,54.5,112
270509,Andy Diouf,eight_ten_hybrid,8/10 Hybrid,key_passes_per90,0.25,3.391,97.3,112
345388,Afonso Moreira,eight_ten_hybrid,8/10 Hybrid,key_passes_per90,0.25,0.794,4.5,112
400948,Assane Diao,eight_ten_hybrid,8/10 Hybrid,key_passes_per90,0.25,3.451,97.3,112
347644,Arthur Atta,eight_ten_hybrid,8/10 Hybrid,key_passes_per90,0.25,1.343,28.6,112
265820,Y. Ayari,eight_ten_hybrid,8/10 Hybrid,key_passes_per90,0.25,0.808,5.4,112
137129,A. Aouchiche,eight_ten_hybrid,8/10 Hybrid,key_passes_per90,0.25,2.462,83.0,112
745,Isco,eight_ten_hybrid,8/10 Hybrid,key_passes_per90,0.25,4.128,100.0,112
340152,S. Idumbo-Muzambo,eight_ten_hybrid,8/10 Hybrid,key_passes_per90,0.25,1.108,13.4,112
339887,C. Uzun,eight_ten_hybrid,8/10 Hybrid,key_passes_per90,0.25,3.056,94.6,112
199143,Y. Suzuki,eight_ten_hybrid,8/10 Hybrid,key_passes_per90,0.25,2.229,77.7,112
46887,Pedro Díaz,eight_ten_hybrid,8/10 Hybrid,key_passes_per90,0.25,2.795,92.0,112
280334,G. Vidović,eight_ten_hybrid,8/10 Hybrid,key_passes_per90,0.25,0.562,0.9,112
2287,Ross Barkley,eight_ten_hybrid,8/10 Hybrid,key_passes_per90,0.25,1.688,50.0,112
47317,Ander Barrenetxea,eight_ten_hybrid,8/10 Hybrid,key_passes_per90,0.25,0.284,0.0,112
135749,Félix Correia,eight_ten_hybrid,8/10 Hybrid,key_passes_per90,0.25,1.136,14.3,112
84086,Robert Navarro,eight_ten_hybrid,8/10 Hybrid,key_passes_per90,0.25,1.703,51.8,112
26,M. Wolf,eight_ten_hybrid,8/10 Hybrid,key_passes_per90,0.25,2.596,86.6,112
334037,Tyrique George,eight_ten_hybrid,8/10 Hybrid,key_passes_per90,0.25,2.019,66.1,112
335095,Hugo Bolin,eight_ten_hybrid,8/10 Hybrid,key_passes_per90,0.25,1.456,34.8,112
161921,Giovanni Reyna,eight_ten_hybrid,8/10 Hybrid,key_passes_per90,0.25,1.753,54.5,112
350856,E. Nuamah,eight_ten_hybrid,8/10 Hybrid,key_passes_per90,0.25,1.466,35.7,112
156477,Rayan Cherki,eight_ten_hybrid,8/10 Hybrid,key_passes_per90,0.25,3.541,97.3,112
19617,M. Olise,eight_ten_hybrid,8/10 Hybrid,key_passes_per90,0.25,3.267,97.3,112
286710,D. Scherhant,eight_ten_hybrid,8/10 Hybrid,key_passes_per90,0.25,2.682,89.3,112
20372,Jack Rudoni,eight_ten_hybrid,8/10 Hybrid,key_passes_per90,0.25,2.691,89.3,112
24147,M. Camara,eight_ten_hybrid,8/10 Hybrid,key_passes_per90,0.25,1.2,18.8,112
380690,M. Moore,eight_ten_hybrid,8/10 Hybrid,key_passes_per90,0.25,0.602,0.9,112
792,J. Kluivert,eight_ten_hybrid,8/10 Hybrid,key_passes_per90,0.25,0.906,7.1,112
30810,Rolando Mandragora,eight_ten_hybrid,8/10 Hybrid,key_passes_per90,0.25,1.812,55.4,112
359603,Luca Koleosho,eight_ten_hybrid,8/10 Hybrid,key_passes_per90,0.25,1.237,20.5,112
1463,Joe Willock,eight_ten_hybrid,8/10 Hybrid,key_passes_per90,0.25,0.627,0.9,112
152418,N. Ahamada,eight_ten_hybrid,8/10 Hybrid,key_passes_per90,0.25,1.568,43.8,112
15908,M. Damsgaard,eight_ten_hybrid,8/10 Hybrid,key_passes_per90,0.25,2.203,76.8,112
1461,Denis Suárez,eight_ten_hybrid,8/10 Hybrid,key_passes_per90,0.25,3.536,97.3,112
30510,Álex Berenguer,eight_ten_hybrid,8/10 Hybrid,key_passes_per90,0.25,3.857,99.1,112
25313,J. Beste,eight_ten_hybrid,8/10 Hybrid,key_passes_per90,0.25,2.316,80.4,112
196855,J. Anthony,eight_ten_hybrid,8/10 Hybrid,key_passes_per90,0.25,2.333,80.4,112
158644,M. Beier,eight_ten_hybrid,8/10 Hybrid,key_passes_per90,0.25,1.004,9.8,112
295026,Martin Baturina,eight_ten_hybrid,8/10 Hybrid,key_passes_per90,0.25,1.338,26.8,112
2489,L. Díaz,eight_ten_hybrid,8/10 Hybrid,key_passes_per90,0.25,1.679,48.2,112
443163,Pablo García,eight_ten_hybrid,8/10 Hybrid,key_passes_per90,0.25,1.007,9.8,112
386287,Ethan Mbappé,eight_ten_hybrid,8/10 Hybrid,key_passes_per90,0.25,1.711,51.8,112
629,Kevin De Bruyne,eight_ten_hybrid,8/10 Hybrid,key_passes_per90,0.25,4.449,100.0,112
1323,Dani Olmo,eight_ten_hybrid,8/10 Hybrid,key_passes_per90,0.25,4.17,100.0,112
270510,M. Tel,eight_ten_hybrid,8/10 Hybrid,key_passes_per90,0.25,1.042,9.8,112
66387,P. Šulc,eight_ten_hybrid,8/10 Hybrid,key_passes_per90,0.25,2.442,83.0,112
279905,B. Conté,eight_ten_hybrid,8/10 Hybrid,key_passes_per90,0.25,2.5,85.7,112
25380,L. Maina,eight_ten_hybrid,8/10 Hybrid,key_passes_per90,0.25,2.195,76.8,112
181421,Abdessamad Ezzalzouli,eight_ten_hybrid,8/10 Hybrid,key_passes_per90,0.25,2.213,76.8,112
266657,Sávio,eight_ten_hybrid,8/10 Hybrid,key_passes_per90,0.25,3.361,97.3,112
20784,Franck Honorat,eight_ten_hybrid,8/10 Hybrid,key_passes_per90,0.25,4.16,100.0,112
3406,Frank Anguissa,eight_ten_hybrid,8/10 Hybrid,key_passes_per90,0.25,0.756,2.7,112
410125,M. Yalcouyé,eight_ten_hybrid,8/10 Hybrid,key_passes_per90,0.25,1.891,58.9,112
2598,R. Dōan,eight_ten_hybrid,8/10 Hybrid,key_passes_per90,0.25,1.513,37.5,112
46667,Kike Barja,eight_ten_hybrid,8/10 Hybrid,key_passes_per90,0.25,1.899,58.9,112
275478,Merwan Ifnaoui,eight_ten_hybrid,8/10 Hybrid,key_passes_per90,0.25,3.432,97.3,112
153430,Anthony Elanga,eight_ten_hybrid,8/10 Hybrid,key_passes_per90,0.25,1.532,38.4,112
387139,Job Ochieng,eight_ten_hybrid,8/10 Hybrid,key_passes_per90,0.25,1.532,38.4,112
18404,Ephron Mason-Clark,eight_ten_hybrid,8/10 Hybrid,key_passes_per90,0.25,1.538,40.2,112
354754,Jonathan Asp Jensen,eight_ten_hybrid,8/10 Hybrid,key_passes_per90,0.25,0.779,4.5,112
386306,César Palacios,eight_ten_hybrid,8/10 Hybrid,key_passes_per90,0.25,0.786,4.5,112
395559,Kerim Alajbegović,eight_ten_hybrid,8/10 Hybrid,key_passes_per90,0.25,0.0,0.0,112
339872,Vasilije Adžić,eight_ten_hybrid,8/10 Hybrid,key_passes_per90,0.25,4.779,100.0,112
39143,Kristian Thorstvedt,eight_ten_hybrid,8/10 Hybrid,key_passes_per90,0.25,0.814,5.4,112
437643,Peio Canales,eight_ten_hybrid,8/10 Hybrid,key_passes_per90,0.25,2.045,68.8,112
631,P. Foden,eight_ten_hybrid,8/10 Hybrid,key_passes_per90,0.25,2.877,93.8,112
284570,B. Norton-Cuffy,eight_ten_hybrid,8/10 Hybrid,key_passes_per90,0.25,1.682,48.2,112
161621,Loum Tchaouna,eight_ten_hybrid,8/10 Hybrid,key_passes_per90,0.25,1.268,20.5,112
126642,P. Wimmer,eight_ten_hybrid,8/10 Hybrid,key_passes_per90,0.25,2.174,76.8,112
512,Jeong Woo-Yeong,eight_ten_hybrid,8/10 Hybrid,key_passes_per90,0.25,1.756,54.5,112
340573,B. El Khannouss,eight_ten_hybrid,8/10 Hybrid,key_passes_per90,0.25,1.33,25.9,112
362741,Santiago Hidalgo,eight_ten_hybrid,8/10 Hybrid,key_passes_per90,0.25,0.443,0.0,112
277,M. Diaby,eight_ten_hybrid,8/10 Hybrid,key_passes_per90,0.25,1.782,54.5,112
2181,Giorgi Tsitaishvili,eight_ten_hybrid,8/10 Hybrid,key_passes_per90,0.25,0.896,7.1,112
334915,Farès Ghedjemis,eight_ten_hybrid,8/10 Hybrid,key_passes_per90,0.25,0.933,7.1,112
448243,Ali Houary,eight_ten_hybrid,8/10 Hybrid,key_passes_per90,0.25,1.421,33.0,112
313236,E. Nwaneri,eight_ten_hybrid,8/10 Hybrid,key_passes_per90,0.25,2.432,83.0,112
25466,K. Karaman,eight_ten_hybrid,8/10 Hybrid,key_passes_per90,0.25,3.5,97.3,112
315699,Javier Guerra,eight_ten_hybrid,8/10 Hybrid,assists_per90,0.15,0.159,42.9,112
762,Vinícius Júnior,eight_ten_hybrid,8/10 Hybrid,assists_per90,0.15,0.478,96.4,112
46799,Edu Expósito,eight_ten_hybrid,8/10 Hybrid,assists_per90,0.15,0.0,2.2,112
7332,Luka Sučić,eight_ten_hybrid,8/10 Hybrid,assists_per90,0.15,0.0,2.2,112
187987,Ramón Terrats,eight_ten_hybrid,8/10 Hybrid,assists_per90,0.15,0.0,2.2,112
9971,Antony,eight_ten_hybrid,8/10 Hybrid,assists_per90,0.15,0.0,2.2,112
128398,Oihan Sancet,eight_ten_hybrid,8/10 Hybrid,assists_per90,0.15,0.0,2.2,112
1570,Sergio Canales,eight_ten_hybrid,8/10 Hybrid,assists_per90,0.15,0.0,2.2,112
331369,Ángel Pérez,eight_ten_hybrid,8/10 Hybrid,assists_per90,0.15,0.549,97.3,112
182219,Alex Baena,eight_ten_hybrid,8/10 Hybrid,assists_per90,0.15,0.198,58.0,112
19281,Antoine Semenyo,eight_ten_hybrid,8/10 Hybrid,assists_per90,0.15,0.6,97.3,112
1485,Bruno Fernandes,eight_ten_hybrid,8/10 Hybrid,assists_per90,0.15,0.2,58.0,112
20589,Bryan Mbeumo,eight_ten_hybrid,8/10 Hybrid,assists_per90,0.15,0.0,2.2,112
30558,Nicolò Barella,eight_ten_hybrid,8/10 Hybrid,assists_per90,0.15,0.2,58.0,112
18778,Harvey Barnes,eight_ten_hybrid,8/10 Hybrid,assists_per90,0.15,0.401,92.0,112
148099,Kiernan Dewsbury-Hall,eight_ten_hybrid,8/10 Hybrid,assists_per90,0.15,0.0,2.2,112
340626,Fermín López,eight_ten_hybrid,8/10 Hybrid,assists_per90,0.15,0.403,92.0,112
47225,Roger Brugué,eight_ten_hybrid,8/10 Hybrid,assists_per90,0.15,0.0,2.2,112
1096,Dominik Szoboszlai,eight_ten_hybrid,8/10 Hybrid,assists_per90,0.15,0.0,2.2,112
20638,Enzo Le Fée,eight_ten_hybrid,8/10 Hybrid,assists_per90,0.15,0.205,59.8,112
407806,Rayan,eight_ten_hybrid,8/10 Hybrid,assists_per90,0.15,0.0,2.2,112
386277,Thomas Jørgensen,eight_ten_hybrid,8/10 Hybrid,assists_per90,0.15,0.205,59.8,112
47522,Douglas Luiz,eight_ten_hybrid,8/10 Hybrid,assists_per90,0.15,0.0,2.2,112
32011,Giacomo Calò,eight_ten_hybrid,8/10 Hybrid,assists_per90,0.15,0.21,60.7,112
25008,Jonathan Clauss,eight_ten_hybrid,8/10 Hybrid,assists_per90,0.15,0.0,2.2,112
191289,A. Sbaï,eight_ten_hybrid,8/10 Hybrid,assists_per90,0.15,0.211,60.7,112
389315,Joshua King,eight_ten_hybrid,8/10 Hybrid,assists_per90,0.15,0.0,2.2,112
19245,Marcus Tavernier,eight_ten_hybrid,8/10 Hybrid,assists_per90,0.15,0.0,2.2,112
3246,Nicolas Pépé,eight_ten_hybrid,8/10 Hybrid,assists_per90,0.15,0.0,2.2,112
1460,B. Saka,eight_ten_hybrid,8/10 Hybrid,assists_per90,0.15,0.0,2.2,112
158697,James McAtee,eight_ten_hybrid,8/10 Hybrid,assists_per90,0.15,0.0,2.2,112
70747,Julio Enciso,eight_ten_hybrid,8/10 Hybrid,assists_per90,0.15,0.434,92.9,112
182519,Alberto Moleiro,eight_ten_hybrid,8/10 Hybrid,assists_per90,0.15,0.659,99.1,112
83831,Ilan Kebbal,eight_ten_hybrid,8/10 Hybrid,assists_per90,0.15,0.222,67.0,112
203224,Florian Wirtz,eight_ten_hybrid,8/10 Hybrid,assists_per90,0.15,0.223,67.0,112
47182,Tete Morente,eight_ten_hybrid,8/10 Hybrid,assists_per90,0.15,0.678,99.1,112
37127,M. Ødegaard,eight_ten_hybrid,8/10 Hybrid,assists_per90,0.15,0.0,2.2,112
67889,Hakon Arnar Haraldsson,eight_ten_hybrid,8/10 Hybrid,assists_per90,0.15,0.0,2.2,112
41324,Ricardo Mangas,eight_ten_hybrid,8/10 Hybrid,assists_per90,0.15,0.485,96.4,112
161800,C. Tzolis,eight_ten_hybrid,8/10 Hybrid,assists_per90,0.15,0.247,74.1,112
873,Federico Bernardeschi,eight_ten_hybrid,8/10 Hybrid,assists_per90,0.15,0.0,2.2,112
161585,Francisco Conceição,eight_ten_hybrid,8/10 Hybrid,assists_per90,0.15,0.247,74.1,112
21618,J. Allevinah,eight_ten_hybrid,8/10 Hybrid,assists_per90,0.15,0.0,2.2,112
183799,Nico Williams,eight_ten_hybrid,8/10 Hybrid,assists_per90,0.15,0.0,2.2,112
276662,Pablo Pagis,eight_ten_hybrid,8/10 Hybrid,assists_per90,0.15,0.247,74.1,112
380587,I. Maza,eight_ten_hybrid,8/10 Hybrid,assists_per90,0.15,0.25,75.0,112
909,Marcus Rashford,eight_ten_hybrid,8/10 Hybrid,assists_per90,0.15,0.0,2.2,112
714,Nadiem Amiri,eight_ten_hybrid,8/10 Hybrid,assists_per90,0.15,0.0,2.2,112
291964,Arda Güler,eight_ten_hybrid,8/10 Hybrid,assists_per90,0.15,0.51,96.4,112
331004,Chuky San José,eight_ten_hybrid,8/10 Hybrid,assists_per90,0.15,0.51,96.4,112
24868,J. Vagnoman,eight_ten_hybrid,8/10 Hybrid,assists_per90,0.15,0.256,75.9,112
270509,Andy Diouf,eight_ten_hybrid,8/10 Hybrid,assists_per90,0.15,0.783,100.0,112
345388,Afonso Moreira,eight_ten_hybrid,8/10 Hybrid,assists_per90,0.15,0.0,2.2,112
400948,Assane Diao,eight_ten_hybrid,8/10 Hybrid,assists_per90,0.15,0.265,77.7,112
347644,Arthur Atta,eight_ten_hybrid,8/10 Hybrid,assists_per90,0.15,0.0,2.2,112
265820,Y. Ayari,eight_ten_hybrid,8/10 Hybrid,assists_per90,0.15,0.0,2.2,112
137129,A. Aouchiche,eight_ten_hybrid,8/10 Hybrid,assists_per90,0.15,0.0,2.2,112
745,Isco,eight_ten_hybrid,8/10 Hybrid,assists_per90,0.15,0.0,2.2,112
340152,S. Idumbo-Muzambo,eight_ten_hybrid,8/10 Hybrid,assists_per90,0.15,0.0,2.2,112
339887,C. Uzun,eight_ten_hybrid,8/10 Hybrid,assists_per90,0.15,0.0,2.2,112
199143,Y. Suzuki,eight_ten_hybrid,8/10 Hybrid,assists_per90,0.15,0.0,2.2,112
46887,Pedro Díaz,eight_ten_hybrid,8/10 Hybrid,assists_per90,0.15,0.0,2.2,112
280334,G. Vidović,eight_ten_hybrid,8/10 Hybrid,assists_per90,0.15,0.0,2.2,112
2287,Ross Barkley,eight_ten_hybrid,8/10 Hybrid,assists_per90,0.15,0.0,2.2,112
47317,Ander Barrenetxea,eight_ten_hybrid,8/10 Hybrid,assists_per90,0.15,0.0,2.2,112
135749,Félix Correia,eight_ten_hybrid,8/10 Hybrid,assists_per90,0.15,0.284,80.4,112
84086,Robert Navarro,eight_ten_hybrid,8/10 Hybrid,assists_per90,0.15,0.0,2.2,112
26,M. Wolf,eight_ten_hybrid,8/10 Hybrid,assists_per90,0.15,0.0,2.2,112
334037,Tyrique George,eight_ten_hybrid,8/10 Hybrid,assists_per90,0.15,0.0,2.2,112
335095,Hugo Bolin,eight_ten_hybrid,8/10 Hybrid,assists_per90,0.15,0.0,2.2,112
161921,Giovanni Reyna,eight_ten_hybrid,8/10 Hybrid,assists_per90,0.15,0.0,2.2,112
350856,E. Nuamah,eight_ten_hybrid,8/10 Hybrid,assists_per90,0.15,0.293,83.0,112
156477,Rayan Cherki,eight_ten_hybrid,8/10 Hybrid,assists_per90,0.15,0.59,97.3,112
19617,M. Olise,eight_ten_hybrid,8/10 Hybrid,assists_per90,0.15,0.297,83.0,112
286710,D. Scherhant,eight_ten_hybrid,8/10 Hybrid,assists_per90,0.15,0.596,97.3,112
20372,Jack Rudoni,eight_ten_hybrid,8/10 Hybrid,assists_per90,0.15,0.0,2.2,112
24147,M. Camara,eight_ten_hybrid,8/10 Hybrid,assists_per90,0.15,0.0,2.2,112
380690,M. Moore,eight_ten_hybrid,8/10 Hybrid,assists_per90,0.15,0.0,2.2,112
792,J. Kluivert,eight_ten_hybrid,8/10 Hybrid,assists_per90,0.15,0.0,2.2,112
30810,Rolando Mandragora,eight_ten_hybrid,8/10 Hybrid,assists_per90,0.15,0.302,83.9,112
359603,Luca Koleosho,eight_ten_hybrid,8/10 Hybrid,assists_per90,0.15,0.309,84.8,112
1463,Joe Willock,eight_ten_hybrid,8/10 Hybrid,assists_per90,0.15,0.0,2.2,112
152418,N. Ahamada,eight_ten_hybrid,8/10 Hybrid,assists_per90,0.15,0.0,2.2,112
15908,M. Damsgaard,eight_ten_hybrid,8/10 Hybrid,assists_per90,0.15,0.0,2.2,112
1461,Denis Suárez,eight_ten_hybrid,8/10 Hybrid,assists_per90,0.15,0.0,2.2,112
30510,Álex Berenguer,eight_ten_hybrid,8/10 Hybrid,assists_per90,0.15,0.321,84.8,112
25313,J. Beste,eight_ten_hybrid,8/10 Hybrid,assists_per90,0.15,0.331,85.7,112
196855,J. Anthony,eight_ten_hybrid,8/10 Hybrid,assists_per90,0.15,0.0,2.2,112
158644,M. Beier,eight_ten_hybrid,8/10 Hybrid,assists_per90,0.15,0.335,85.7,112
295026,Martin Baturina,eight_ten_hybrid,8/10 Hybrid,assists_per90,0.15,0.335,85.7,112
2489,L. Díaz,eight_ten_hybrid,8/10 Hybrid,assists_per90,0.15,0.0,2.2,112
443163,Pablo García,eight_ten_hybrid,8/10 Hybrid,assists_per90,0.15,0.0,2.2,112
386287,Ethan Mbappé,eight_ten_hybrid,8/10 Hybrid,assists_per90,0.15,0.0,2.2,112
629,Kevin De Bruyne,eight_ten_hybrid,8/10 Hybrid,assists_per90,0.15,0.342,87.5,112
1323,Dani Olmo,eight_ten_hybrid,8/10 Hybrid,assists_per90,0.15,1.042,100.0,112
270510,M. Tel,eight_ten_hybrid,8/10 Hybrid,assists_per90,0.15,0.0,2.2,112
66387,P. Šulc,eight_ten_hybrid,8/10 Hybrid,assists_per90,0.15,1.047,100.0,112
279905,B. Conté,eight_ten_hybrid,8/10 Hybrid,assists_per90,0.15,0.714,99.1,112
25380,L. Maina,eight_ten_hybrid,8/10 Hybrid,assists_per90,0.15,0.366,90.2,112
181421,Abdessamad Ezzalzouli,eight_ten_hybrid,8/10 Hybrid,assists_per90,0.15,0.0,2.2,112
266657,Sávio,eight_ten_hybrid,8/10 Hybrid,assists_per90,0.15,0.0,2.2,112
20784,Franck Honorat,eight_ten_hybrid,8/10 Hybrid,assists_per90,0.15,0.756,100.0,112
3406,Frank Anguissa,eight_ten_hybrid,8/10 Hybrid,assists_per90,0.15,0.0,2.2,112
410125,M. Yalcouyé,eight_ten_hybrid,8/10 Hybrid,assists_per90,0.15,0.0,2.2,112
2598,R. Dōan,eight_ten_hybrid,8/10 Hybrid,assists_per90,0.15,0.378,91.1,112
46667,Kike Barja,eight_ten_hybrid,8/10 Hybrid,assists_per90,0.15,0.0,2.2,112
275478,Merwan Ifnaoui,eight_ten_hybrid,8/10 Hybrid,assists_per90,0.15,0.0,2.2,112
153430,Anthony Elanga,eight_ten_hybrid,8/10 Hybrid,assists_per90,0.15,0.0,2.2,112
387139,Job Ochieng,eight_ten_hybrid,8/10 Hybrid,assists_per90,0.15,1.149,100.0,112
18404,Ephron Mason-Clark,eight_ten_hybrid,8/10 Hybrid,assists_per90,0.15,0.0,2.2,112
354754,Jonathan Asp Jensen,eight_ten_hybrid,8/10 Hybrid,assists_per90,0.15,0.0,2.2,112
386306,César Palacios,eight_ten_hybrid,8/10 Hybrid,assists_per90,0.15,0.0,2.2,112
395559,Kerim Alajbegović,eight_ten_hybrid,8/10 Hybrid,assists_per90,0.15,0.0,2.2,112
339872,Vasilije Adžić,eight_ten_hybrid,8/10 Hybrid,assists_per90,0.15,0.398,91.1,112
39143,Kristian Thorstvedt,eight_ten_hybrid,8/10 Hybrid,assists_per90,0.15,0.0,2.2,112
437643,Peio Canales,eight_ten_hybrid,8/10 Hybrid,assists_per90,0.15,0.0,2.2,112
631,P. Foden,eight_ten_hybrid,8/10 Hybrid,assists_per90,0.15,0.822,100.0,112
284570,B. Norton-Cuffy,eight_ten_hybrid,8/10 Hybrid,assists_per90,0.15,0.0,2.2,112
161621,Loum Tchaouna,eight_ten_hybrid,8/10 Hybrid,assists_per90,0.15,0.0,2.2,112
126642,P. Wimmer,eight_ten_hybrid,8/10 Hybrid,assists_per90,0.15,0.0,2.2,112
512,Jeong Woo-Yeong,eight_ten_hybrid,8/10 Hybrid,assists_per90,0.15,0.0,2.2,112
340573,B. El Khannouss,eight_ten_hybrid,8/10 Hybrid,assists_per90,0.15,0.0,2.2,112
362741,Santiago Hidalgo,eight_ten_hybrid,8/10 Hybrid,assists_per90,0.15,0.0,2.2,112
277,M. Diaby,eight_ten_hybrid,8/10 Hybrid,assists_per90,0.15,0.0,2.2,112
2181,Giorgi Tsitaishvili,eight_ten_hybrid,8/10 Hybrid,assists_per90,0.15,0.0,2.2,112
334915,Farès Ghedjemis,eight_ten_hybrid,8/10 Hybrid,assists_per90,0.15,0.0,2.2,112
448243,Ali Houary,eight_ten_hybrid,8/10 Hybrid,assists_per90,0.15,0.0,2.2,112
313236,E. Nwaneri,eight_ten_hybrid,8/10 Hybrid,assists_per90,0.15,0.0,2.2,112
25466,K. Karaman,eight_ten_hybrid,8/10 Hybrid,assists_per90,0.15,0.0,2.2,112
315699,Javier Guerra,eight_ten_hybrid,8/10 Hybrid,goals_per90,0.2,0.0,0.9,112
762,Vinícius Júnior,eight_ten_hybrid,8/10 Hybrid,goals_per90,0.2,0.159,30.4,112
46799,Edu Expósito,eight_ten_hybrid,8/10 Hybrid,goals_per90,0.2,0.0,0.9,112
7332,Luka Sučić,eight_ten_hybrid,8/10 Hybrid,goals_per90,0.2,0.49,90.2,112
187987,Ramón Terrats,eight_ten_hybrid,8/10 Hybrid,goals_per90,0.2,0.169,32.1,112
9971,Antony,eight_ten_hybrid,8/10 Hybrid,goals_per90,0.2,0.0,0.9,112
128398,Oihan Sancet,eight_ten_hybrid,8/10 Hybrid,goals_per90,0.2,0.175,33.0,112
1570,Sergio Canales,eight_ten_hybrid,8/10 Hybrid,goals_per90,0.2,0.178,35.7,112
331369,Ángel Pérez,eight_ten_hybrid,8/10 Hybrid,goals_per90,0.2,0.0,0.9,112
182219,Alex Baena,eight_ten_hybrid,8/10 Hybrid,goals_per90,0.2,0.791,99.1,112
19281,Antoine Semenyo,eight_ten_hybrid,8/10 Hybrid,goals_per90,0.2,0.4,82.1,112
1485,Bruno Fernandes,eight_ten_hybrid,8/10 Hybrid,goals_per90,0.2,0.6,96.4,112
20589,Bryan Mbeumo,eight_ten_hybrid,8/10 Hybrid,goals_per90,0.2,0.4,82.1,112
30558,Nicolò Barella,eight_ten_hybrid,8/10 Hybrid,goals_per90,0.2,0.2,38.8,112
18778,Harvey Barnes,eight_ten_hybrid,8/10 Hybrid,goals_per90,0.2,0.2,39.3,112
148099,Kiernan Dewsbury-Hall,eight_ten_hybrid,8/10 Hybrid,goals_per90,0.2,0.201,39.3,112
340626,Fermín López,eight_ten_hybrid,8/10 Hybrid,goals_per90,0.2,0.805,99.1,112
47225,Roger Brugué,eight_ten_hybrid,8/10 Hybrid,goals_per90,0.2,0.608,96.4,112
1096,Dominik Szoboszlai,eight_ten_hybrid,8/10 Hybrid,goals_per90,0.2,0.204,41.1,112
20638,Enzo Le Fée,eight_ten_hybrid,8/10 Hybrid,goals_per90,0.2,0.205,41.1,112
407806,Rayan,eight_ten_hybrid,8/10 Hybrid,goals_per90,0.2,0.0,0.9,112
386277,Thomas Jørgensen,eight_ten_hybrid,8/10 Hybrid,goals_per90,0.2,0.411,83.9,112
47522,Douglas Luiz,eight_ten_hybrid,8/10 Hybrid,goals_per90,0.2,0.0,0.9,112
32011,Giacomo Calò,eight_ten_hybrid,8/10 Hybrid,goals_per90,0.2,0.21,42.9,112
25008,Jonathan Clauss,eight_ten_hybrid,8/10 Hybrid,goals_per90,0.2,0.0,0.9,112
191289,A. Sbaï,eight_ten_hybrid,8/10 Hybrid,goals_per90,0.2,0.211,42.9,112
389315,Joshua King,eight_ten_hybrid,8/10 Hybrid,goals_per90,0.2,0.422,85.7,112
19245,Marcus Tavernier,eight_ten_hybrid,8/10 Hybrid,goals_per90,0.2,0.632,97.3,112
3246,Nicolas Pépé,eight_ten_hybrid,8/10 Hybrid,goals_per90,0.2,0.426,86.6,112
1460,B. Saka,eight_ten_hybrid,8/10 Hybrid,goals_per90,0.2,0.646,98.2,112
158697,James McAtee,eight_ten_hybrid,8/10 Hybrid,goals_per90,0.2,0.0,0.9,112
70747,Julio Enciso,eight_ten_hybrid,8/10 Hybrid,goals_per90,0.2,0.0,0.9,112
182519,Alberto Moleiro,eight_ten_hybrid,8/10 Hybrid,goals_per90,0.2,0.439,88.4,112
83831,Ilan Kebbal,eight_ten_hybrid,8/10 Hybrid,goals_per90,0.2,0.222,46.4,112
203224,Florian Wirtz,eight_ten_hybrid,8/10 Hybrid,goals_per90,0.2,0.0,0.9,112
47182,Tete Morente,eight_ten_hybrid,8/10 Hybrid,goals_per90,0.2,0.0,0.9,112
37127,M. Ødegaard,eight_ten_hybrid,8/10 Hybrid,goals_per90,0.2,0.471,89.3,112
67889,Hakon Arnar Haraldsson,eight_ten_hybrid,8/10 Hybrid,goals_per90,0.2,0.243,50.0,112
41324,Ricardo Mangas,eight_ten_hybrid,8/10 Hybrid,goals_per90,0.2,0.243,50.0,112
161800,C. Tzolis,eight_ten_hybrid,8/10 Hybrid,goals_per90,0.2,0.0,0.9,112
873,Federico Bernardeschi,eight_ten_hybrid,8/10 Hybrid,goals_per90,0.2,0.247,52.7,112
161585,Francisco Conceição,eight_ten_hybrid,8/10 Hybrid,goals_per90,0.2,0.247,52.7,112
21618,J. Allevinah,eight_ten_hybrid,8/10 Hybrid,goals_per90,0.2,0.0,0.9,112
183799,Nico Williams,eight_ten_hybrid,8/10 Hybrid,goals_per90,0.2,0.247,52.7,112
276662,Pablo Pagis,eight_ten_hybrid,8/10 Hybrid,goals_per90,0.2,0.247,52.7,112
380587,I. Maza,eight_ten_hybrid,8/10 Hybrid,goals_per90,0.2,0.25,52.7,112
909,Marcus Rashford,eight_ten_hybrid,8/10 Hybrid,goals_per90,0.2,0.0,0.9,112
714,Nadiem Amiri,eight_ten_hybrid,8/10 Hybrid,goals_per90,0.2,0.0,0.9,112
291964,Arda Güler,eight_ten_hybrid,8/10 Hybrid,goals_per90,0.2,0.255,52.7,112
331004,Chuky San José,eight_ten_hybrid,8/10 Hybrid,goals_per90,0.2,0.0,0.9,112
24868,J. Vagnoman,eight_ten_hybrid,8/10 Hybrid,goals_per90,0.2,0.513,90.2,112
270509,Andy Diouf,eight_ten_hybrid,8/10 Hybrid,goals_per90,0.2,0.0,0.9,112
345388,Afonso Moreira,eight_ten_hybrid,8/10 Hybrid,goals_per90,0.2,0.0,0.9,112
400948,Assane Diao,eight_ten_hybrid,8/10 Hybrid,goals_per90,0.2,0.531,91.1,112
347644,Arthur Atta,eight_ten_hybrid,8/10 Hybrid,goals_per90,0.2,0.0,0.9,112
265820,Y. Ayari,eight_ten_hybrid,8/10 Hybrid,goals_per90,0.2,0.269,57.1,112
137129,A. Aouchiche,eight_ten_hybrid,8/10 Hybrid,goals_per90,0.2,0.274,58.0,112
745,Isco,eight_ten_hybrid,8/10 Hybrid,goals_per90,0.2,0.0,0.9,112
340152,S. Idumbo-Muzambo,eight_ten_hybrid,8/10 Hybrid,goals_per90,0.2,0.277,59.8,112
339887,C. Uzun,eight_ten_hybrid,8/10 Hybrid,goals_per90,0.2,0.556,92.0,112
199143,Y. Suzuki,eight_ten_hybrid,8/10 Hybrid,goals_per90,0.2,1.115,100.0,112
46887,Pedro Díaz,eight_ten_hybrid,8/10 Hybrid,goals_per90,0.2,0.0,0.9,112
280334,G. Vidović,eight_ten_hybrid,8/10 Hybrid,goals_per90,0.2,0.0,0.9,112
2287,Ross Barkley,eight_ten_hybrid,8/10 Hybrid,goals_per90,0.2,0.0,0.9,112
47317,Ander Barrenetxea,eight_ten_hybrid,8/10 Hybrid,goals_per90,0.2,0.568,93.8,112
135749,Félix Correia,eight_ten_hybrid,8/10 Hybrid,goals_per90,0.2,0.0,0.9,112
84086,Robert Navarro,eight_ten_hybrid,8/10 Hybrid,goals_per90,0.2,0.568,93.8,112
26,M. Wolf,eight_ten_hybrid,8/10 Hybrid,goals_per90,0.2,0.0,0.9,112
334037,Tyrique George,eight_ten_hybrid,8/10 Hybrid,goals_per90,0.2,0.288,63.4,112
335095,Hugo Bolin,eight_ten_hybrid,8/10 Hybrid,goals_per90,0.2,0.583,93.8,112
161921,Giovanni Reyna,eight_ten_hybrid,8/10 Hybrid,goals_per90,0.2,0.292,65.2,112
350856,E. Nuamah,eight_ten_hybrid,8/10 Hybrid,goals_per90,0.2,0.879,100.0,112
156477,Rayan Cherki,eight_ten_hybrid,8/10 Hybrid,goals_per90,0.2,0.885,100.0,112
19617,M. Olise,eight_ten_hybrid,8/10 Hybrid,goals_per90,0.2,1.188,100.0,112
286710,D. Scherhant,eight_ten_hybrid,8/10 Hybrid,goals_per90,0.2,0.298,67.0,112
20372,Jack Rudoni,eight_ten_hybrid,8/10 Hybrid,goals_per90,0.2,0.0,0.9,112
24147,M. Camara,eight_ten_hybrid,8/10 Hybrid,goals_per90,0.2,0.0,0.9,112
380690,M. Moore,eight_ten_hybrid,8/10 Hybrid,goals_per90,0.2,0.0,0.9,112
792,J. Kluivert,eight_ten_hybrid,8/10 Hybrid,goals_per90,0.2,0.302,69.6,112
30810,Rolando Mandragora,eight_ten_hybrid,8/10 Hybrid,goals_per90,0.2,0.302,69.6,112
359603,Luca Koleosho,eight_ten_hybrid,8/10 Hybrid,goals_per90,0.2,0.0,0.9,112
1463,Joe Willock,eight_ten_hybrid,8/10 Hybrid,goals_per90,0.2,0.627,97.3,112
152418,N. Ahamada,eight_ten_hybrid,8/10 Hybrid,goals_per90,0.2,0.0,0.9,112
15908,M. Damsgaard,eight_ten_hybrid,8/10 Hybrid,goals_per90,0.2,0.0,0.9,112
1461,Denis Suárez,eight_ten_hybrid,8/10 Hybrid,goals_per90,0.2,0.0,0.9,112
30510,Álex Berenguer,eight_ten_hybrid,8/10 Hybrid,goals_per90,0.2,0.321,72.3,112
25313,J. Beste,eight_ten_hybrid,8/10 Hybrid,goals_per90,0.2,0.0,0.9,112
196855,J. Anthony,eight_ten_hybrid,8/10 Hybrid,goals_per90,0.2,0.333,74.1,112
158644,M. Beier,eight_ten_hybrid,8/10 Hybrid,goals_per90,0.2,0.335,75.0,112
295026,Martin Baturina,eight_ten_hybrid,8/10 Hybrid,goals_per90,0.2,0.669,98.2,112
2489,L. Díaz,eight_ten_hybrid,8/10 Hybrid,goals_per90,0.2,0.336,75.0,112
443163,Pablo García,eight_ten_hybrid,8/10 Hybrid,goals_per90,0.2,0.672,98.2,112
386287,Ethan Mbappé,eight_ten_hybrid,8/10 Hybrid,goals_per90,0.2,0.342,75.9,112
629,Kevin De Bruyne,eight_ten_hybrid,8/10 Hybrid,goals_per90,0.2,0.342,75.9,112
1323,Dani Olmo,eight_ten_hybrid,8/10 Hybrid,goals_per90,0.2,0.0,0.9,112
270510,M. Tel,eight_ten_hybrid,8/10 Hybrid,goals_per90,0.2,0.0,0.9,112
66387,P. Šulc,eight_ten_hybrid,8/10 Hybrid,goals_per90,0.2,0.0,0.9,112
279905,B. Conté,eight_ten_hybrid,8/10 Hybrid,goals_per90,0.2,0.0,0.9,112
25380,L. Maina,eight_ten_hybrid,8/10 Hybrid,goals_per90,0.2,0.366,78.6,112
181421,Abdessamad Ezzalzouli,eight_ten_hybrid,8/10 Hybrid,goals_per90,0.2,0.369,79.5,112
266657,Sávio,eight_ten_hybrid,8/10 Hybrid,goals_per90,0.2,0.0,0.9,112
20784,Franck Honorat,eight_ten_hybrid,8/10 Hybrid,goals_per90,0.2,0.0,0.9,112
3406,Frank Anguissa,eight_ten_hybrid,8/10 Hybrid,goals_per90,0.2,0.0,0.9,112
410125,M. Yalcouyé,eight_ten_hybrid,8/10 Hybrid,goals_per90,0.2,0.756,99.1,112
2598,R. Dōan,eight_ten_hybrid,8/10 Hybrid,goals_per90,0.2,0.0,0.9,112
46667,Kike Barja,eight_ten_hybrid,8/10 Hybrid,goals_per90,0.2,0.38,80.4,112
275478,Merwan Ifnaoui,eight_ten_hybrid,8/10 Hybrid,goals_per90,0.2,0.0,0.9,112
153430,Anthony Elanga,eight_ten_hybrid,8/10 Hybrid,goals_per90,0.2,0.766,99.1,112
387139,Job Ochieng,eight_ten_hybrid,8/10 Hybrid,goals_per90,0.2,0.383,80.4,112
18404,Ephron Mason-Clark,eight_ten_hybrid,8/10 Hybrid,goals_per90,0.2,0.0,0.9,112
354754,Jonathan Asp Jensen,eight_ten_hybrid,8/10 Hybrid,goals_per90,0.2,0.0,0.9,112
386306,César Palacios,eight_ten_hybrid,8/10 Hybrid,goals_per90,0.2,0.393,82.1,112
395559,Kerim Alajbegović,eight_ten_hybrid,8/10 Hybrid,goals_per90,0.2,0.0,0.9,112
339872,Vasilije Adžić,eight_ten_hybrid,8/10 Hybrid,goals_per90,0.2,1.195,100.0,112
39143,Kristian Thorstvedt,eight_ten_hybrid,8/10 Hybrid,goals_per90,0.2,0.0,0.9,112
437643,Peio Canales,eight_ten_hybrid,8/10 Hybrid,goals_per90,0.2,0.0,0.9,112
631,P. Foden,eight_ten_hybrid,8/10 Hybrid,goals_per90,0.2,0.0,0.9,112
284570,B. Norton-Cuffy,eight_ten_hybrid,8/10 Hybrid,goals_per90,0.2,0.0,0.9,112
161621,Loum Tchaouna,eight_ten_hybrid,8/10 Hybrid,goals_per90,0.2,0.0,0.9,112
126642,P. Wimmer,eight_ten_hybrid,8/10 Hybrid,goals_per90,0.2,0.0,0.9,112
512,Jeong Woo-Yeong,eight_ten_hybrid,8/10 Hybrid,goals_per90,0.2,0.0,0.9,112
340573,B. El Khannouss,eight_ten_hybrid,8/10 Hybrid,goals_per90,0.2,0.443,88.4,112
362741,Santiago Hidalgo,eight_ten_hybrid,8/10 Hybrid,goals_per90,0.2,0.0,0.9,112
277,M. Diaby,eight_ten_hybrid,8/10 Hybrid,goals_per90,0.2,0.0,0.9,112
2181,Giorgi Tsitaishvili,eight_ten_hybrid,8/10 Hybrid,goals_per90,0.2,0.0,0.9,112
334915,Farès Ghedjemis,eight_ten_hybrid,8/10 Hybrid,goals_per90,0.2,0.0,0.9,112
448243,Ali Houary,eight_ten_hybrid,8/10 Hybrid,goals_per90,0.2,0.0,0.9,112
313236,E. Nwaneri,eight_ten_hybrid,8/10 Hybrid,goals_per90,0.2,0.0,0.9,112
25466,K. Karaman,eight_ten_hybrid,8/10 Hybrid,goals_per90,0.2,0.0,0.9,112
315699,Javier Guerra,eight_ten_hybrid,8/10 Hybrid,shot_accuracy_pct,0.1,14.286,0.0,112
762,Vinícius Júnior,eight_ten_hybrid,8/10 Hybrid,shot_accuracy_pct,0.1,33.333,5.4,112
46799,Edu Expósito,eight_ten_hybrid,8/10 Hybrid,shot_accuracy_pct,0.1,9.091,0.0,112
7332,Luka Sučić,eight_ten_hybrid,8/10 Hybrid,shot_accuracy_pct,0.1,42.857,23.2,112
187987,Ramón Terrats,eight_ten_hybrid,8/10 Hybrid,shot_accuracy_pct,0.1,35.294,6.2,112
9971,Antony,eight_ten_hybrid,8/10 Hybrid,shot_accuracy_pct,0.1,65.0,91.1,112
128398,Oihan Sancet,eight_ten_hybrid,8/10 Hybrid,shot_accuracy_pct,0.1,35.714,6.2,112
1570,Sergio Canales,eight_ten_hybrid,8/10 Hybrid,shot_accuracy_pct,0.1,55.556,67.9,112
331369,Ángel Pérez,eight_ten_hybrid,8/10 Hybrid,shot_accuracy_pct,0.1,50.0,46.9,112
182219,Alex Baena,eight_ten_hybrid,8/10 Hybrid,shot_accuracy_pct,0.1,53.846,59.8,112
19281,Antoine Semenyo,eight_ten_hybrid,8/10 Hybrid,shot_accuracy_pct,0.1,80.0,99.1,112
1485,Bruno Fernandes,eight_ten_hybrid,8/10 Hybrid,shot_accuracy_pct,0.1,55.556,67.9,112
20589,Bryan Mbeumo,eight_ten_hybrid,8/10 Hybrid,shot_accuracy_pct,0.1,50.0,46.9,112
30558,Nicolò Barella,eight_ten_hybrid,8/10 Hybrid,shot_accuracy_pct,0.1,71.429,99.1,112
18778,Harvey Barnes,eight_ten_hybrid,8/10 Hybrid,shot_accuracy_pct,0.1,57.143,71.4,112
148099,Kiernan Dewsbury-Hall,eight_ten_hybrid,8/10 Hybrid,shot_accuracy_pct,0.1,41.667,20.5,112
340626,Fermín López,eight_ten_hybrid,8/10 Hybrid,shot_accuracy_pct,0.1,80.0,99.1,112
47225,Roger Brugué,eight_ten_hybrid,8/10 Hybrid,shot_accuracy_pct,0.1,41.667,20.5,112
1096,Dominik Szoboszlai,eight_ten_hybrid,8/10 Hybrid,shot_accuracy_pct,0.1,50.0,46.9,112
20638,Enzo Le Fée,eight_ten_hybrid,8/10 Hybrid,shot_accuracy_pct,0.1,30.0,1.8,112
407806,Rayan,eight_ten_hybrid,8/10 Hybrid,shot_accuracy_pct,0.1,40.0,14.3,112
386277,Thomas Jørgensen,eight_ten_hybrid,8/10 Hybrid,shot_accuracy_pct,0.1,50.0,46.9,112
47522,Douglas Luiz,eight_ten_hybrid,8/10 Hybrid,shot_accuracy_pct,0.1,37.5,9.8,112
32011,Giacomo Calò,eight_ten_hybrid,8/10 Hybrid,shot_accuracy_pct,0.1,50.0,46.9,112
25008,Jonathan Clauss,eight_ten_hybrid,8/10 Hybrid,shot_accuracy_pct,0.1,33.333,5.4,112
191289,A. Sbaï,eight_ten_hybrid,8/10 Hybrid,shot_accuracy_pct,0.1,25.0,0.9,112
389315,Joshua King,eight_ten_hybrid,8/10 Hybrid,shot_accuracy_pct,0.1,58.333,78.6,112
19245,Marcus Tavernier,eight_ten_hybrid,8/10 Hybrid,shot_accuracy_pct,0.1,66.667,92.0,112
3246,Nicolas Pépé,eight_ten_hybrid,8/10 Hybrid,shot_accuracy_pct,0.1,70.0,98.2,112
1460,B. Saka,eight_ten_hybrid,8/10 Hybrid,shot_accuracy_pct,0.1,75.0,99.1,112
158697,James McAtee,eight_ten_hybrid,8/10 Hybrid,shot_accuracy_pct,0.1,60.0,83.5,112
70747,Julio Enciso,eight_ten_hybrid,8/10 Hybrid,shot_accuracy_pct,0.1,30.769,2.7,112
182519,Alberto Moleiro,eight_ten_hybrid,8/10 Hybrid,shot_accuracy_pct,0.1,66.667,92.0,112
83831,Ilan Kebbal,eight_ten_hybrid,8/10 Hybrid,shot_accuracy_pct,0.1,50.0,46.9,112
203224,Florian Wirtz,eight_ten_hybrid,8/10 Hybrid,shot_accuracy_pct,0.1,50.0,46.9,112
47182,Tete Morente,eight_ten_hybrid,8/10 Hybrid,shot_accuracy_pct,0.1,20.0,0.9,112
37127,M. Ødegaard,eight_ten_hybrid,8/10 Hybrid,shot_accuracy_pct,0.1,50.0,46.9,112
67889,Hakon Arnar Haraldsson,eight_ten_hybrid,8/10 Hybrid,shot_accuracy_pct,0.1,80.0,99.1,112
41324,Ricardo Mangas,eight_ten_hybrid,8/10 Hybrid,shot_accuracy_pct,0.1,66.667,92.0,112
161800,C. Tzolis,eight_ten_hybrid,8/10 Hybrid,shot_accuracy_pct,0.1,66.667,92.0,112
873,Federico Bernardeschi,eight_ten_hybrid,8/10 Hybrid,shot_accuracy_pct,0.1,50.0,46.9,112
161585,Francisco Conceição,eight_ten_hybrid,8/10 Hybrid,shot_accuracy_pct,0.1,50.0,46.9,112
21618,J. Allevinah,eight_ten_hybrid,8/10 Hybrid,shot_accuracy_pct,0.1,27.273,0.9,112
183799,Nico Williams,eight_ten_hybrid,8/10 Hybrid,shot_accuracy_pct,0.1,18.182,0.9,112
276662,Pablo Pagis,eight_ten_hybrid,8/10 Hybrid,shot_accuracy_pct,0.1,14.286,0.0,112
380587,I. Maza,eight_ten_hybrid,8/10 Hybrid,shot_accuracy_pct,0.1,13.333,0.0,112
909,Marcus Rashford,eight_ten_hybrid,8/10 Hybrid,shot_accuracy_pct,0.1,36.364,6.2,112
714,Nadiem Amiri,eight_ten_hybrid,8/10 Hybrid,shot_accuracy_pct,0.1,33.333,5.4,112
291964,Arda Güler,eight_ten_hybrid,8/10 Hybrid,shot_accuracy_pct,0.1,44.444,29.5,112
331004,Chuky San José,eight_ten_hybrid,8/10 Hybrid,shot_accuracy_pct,0.1,57.143,71.4,112
24868,J. Vagnoman,eight_ten_hybrid,8/10 Hybrid,shot_accuracy_pct,0.1,50.0,46.9,112
270509,Andy Diouf,eight_ten_hybrid,8/10 Hybrid,shot_accuracy_pct,0.1,66.667,92.0,112
345388,Afonso Moreira,eight_ten_hybrid,8/10 Hybrid,shot_accuracy_pct,0.1,33.333,5.4,112
400948,Assane Diao,eight_ten_hybrid,8/10 Hybrid,shot_accuracy_pct,0.1,37.5,9.8,112
347644,Arthur Atta,eight_ten_hybrid,8/10 Hybrid,shot_accuracy_pct,0.1,33.333,5.4,112
265820,Y. Ayari,eight_ten_hybrid,8/10 Hybrid,shot_accuracy_pct,0.1,30.0,1.8,112
137129,A. Aouchiche,eight_ten_hybrid,8/10 Hybrid,shot_accuracy_pct,0.1,50.0,46.9,112
745,Isco,eight_ten_hybrid,8/10 Hybrid,shot_accuracy_pct,0.1,80.0,99.1,112
340152,S. Idumbo-Muzambo,eight_ten_hybrid,8/10 Hybrid,shot_accuracy_pct,0.1,42.857,23.2,112
339887,C. Uzun,eight_ten_hybrid,8/10 Hybrid,shot_accuracy_pct,0.1,50.0,46.9,112
199143,Y. Suzuki,eight_ten_hybrid,8/10 Hybrid,shot_accuracy_pct,0.1,71.429,99.1,112
46887,Pedro Díaz,eight_ten_hybrid,8/10 Hybrid,shot_accuracy_pct,0.1,20.0,0.9,112
280334,G. Vidović,eight_ten_hybrid,8/10 Hybrid,shot_accuracy_pct,0.1,0.0,0.0,112
2287,Ross Barkley,eight_ten_hybrid,8/10 Hybrid,shot_accuracy_pct,0.1,20.0,0.9,112
47317,Ander Barrenetxea,eight_ten_hybrid,8/10 Hybrid,shot_accuracy_pct,0.1,28.571,1.8,112
135749,Félix Correia,eight_ten_hybrid,8/10 Hybrid,shot_accuracy_pct,0.1,33.333,5.4,112
84086,Robert Navarro,eight_ten_hybrid,8/10 Hybrid,shot_accuracy_pct,0.1,71.429,99.1,112
26,M. Wolf,eight_ten_hybrid,8/10 Hybrid,shot_accuracy_pct,0.1,100.0,100.0,112
334037,Tyrique George,eight_ten_hybrid,8/10 Hybrid,shot_accuracy_pct,0.1,33.333,5.4,112
335095,Hugo Bolin,eight_ten_hybrid,8/10 Hybrid,shot_accuracy_pct,0.1,83.333,100.0,112
161921,Giovanni Reyna,eight_ten_hybrid,8/10 Hybrid,shot_accuracy_pct,0.1,60.0,83.5,112
350856,E. Nuamah,eight_ten_hybrid,8/10 Hybrid,shot_accuracy_pct,0.1,41.667,20.5,112
156477,Rayan Cherki,eight_ten_hybrid,8/10 Hybrid,shot_accuracy_pct,0.1,57.143,71.4,112
19617,M. Olise,eight_ten_hybrid,8/10 Hybrid,shot_accuracy_pct,0.1,56.25,70.1,112
286710,D. Scherhant,eight_ten_hybrid,8/10 Hybrid,shot_accuracy_pct,0.1,33.333,5.4,112
20372,Jack Rudoni,eight_ten_hybrid,8/10 Hybrid,shot_accuracy_pct,0.1,60.0,83.5,112
24147,M. Camara,eight_ten_hybrid,8/10 Hybrid,shot_accuracy_pct,0.1,40.0,14.3,112
380690,M. Moore,eight_ten_hybrid,8/10 Hybrid,shot_accuracy_pct,0.1,58.333,78.6,112
792,J. Kluivert,eight_ten_hybrid,8/10 Hybrid,shot_accuracy_pct,0.1,75.0,99.1,112
30810,Rolando Mandragora,eight_ten_hybrid,8/10 Hybrid,shot_accuracy_pct,0.1,85.714,100.0,112
359603,Luca Koleosho,eight_ten_hybrid,8/10 Hybrid,shot_accuracy_pct,0.1,33.333,5.4,112
1463,Joe Willock,eight_ten_hybrid,8/10 Hybrid,shot_accuracy_pct,0.1,37.5,9.8,112
152418,N. Ahamada,eight_ten_hybrid,8/10 Hybrid,shot_accuracy_pct,0.1,50.0,46.9,112
15908,M. Damsgaard,eight_ten_hybrid,8/10 Hybrid,shot_accuracy_pct,0.1,25.0,0.9,112
1461,Denis Suárez,eight_ten_hybrid,8/10 Hybrid,shot_accuracy_pct,0.1,50.0,46.9,112
30510,Álex Berenguer,eight_ten_hybrid,8/10 Hybrid,shot_accuracy_pct,0.1,50.0,46.9,112
25313,J. Beste,eight_ten_hybrid,8/10 Hybrid,shot_accuracy_pct,0.1,33.333,5.4,112
196855,J. Anthony,eight_ten_hybrid,8/10 Hybrid,shot_accuracy_pct,0.1,33.333,5.4,112
158644,M. Beier,eight_ten_hybrid,8/10 Hybrid,shot_accuracy_pct,0.1,28.571,1.8,112
295026,Martin Baturina,eight_ten_hybrid,8/10 Hybrid,shot_accuracy_pct,0.1,44.444,29.5,112
2489,L. Díaz,eight_ten_hybrid,8/10 Hybrid,shot_accuracy_pct,0.1,55.556,67.9,112
443163,Pablo García,eight_ten_hybrid,8/10 Hybrid,shot_accuracy_pct,0.1,55.556,67.9,112
386287,Ethan Mbappé,eight_ten_hybrid,8/10 Hybrid,shot_accuracy_pct,0.1,85.714,100.0,112
629,Kevin De Bruyne,eight_ten_hybrid,8/10 Hybrid,shot_accuracy_pct,0.1,25.0,0.9,112
1323,Dani Olmo,eight_ten_hybrid,8/10 Hybrid,shot_accuracy_pct,0.1,28.571,1.8,112
270510,M. Tel,eight_ten_hybrid,8/10 Hybrid,shot_accuracy_pct,0.1,25.0,0.9,112
66387,P. Šulc,eight_ten_hybrid,8/10 Hybrid,shot_accuracy_pct,0.1,50.0,46.9,112
279905,B. Conté,eight_ten_hybrid,8/10 Hybrid,shot_accuracy_pct,0.1,11.111,0.0,112
25380,L. Maina,eight_ten_hybrid,8/10 Hybrid,shot_accuracy_pct,0.1,25.0,0.9,112
181421,Abdessamad Ezzalzouli,eight_ten_hybrid,8/10 Hybrid,shot_accuracy_pct,0.1,60.0,83.5,112
266657,Sávio,eight_ten_hybrid,8/10 Hybrid,shot_accuracy_pct,0.1,60.0,83.5,112
20784,Franck Honorat,eight_ten_hybrid,8/10 Hybrid,shot_accuracy_pct,0.1,66.667,92.0,112
3406,Frank Anguissa,eight_ten_hybrid,8/10 Hybrid,shot_accuracy_pct,0.1,33.333,5.4,112
410125,M. Yalcouyé,eight_ten_hybrid,8/10 Hybrid,shot_accuracy_pct,0.1,57.143,71.4,112
2598,R. Dōan,eight_ten_hybrid,8/10 Hybrid,shot_accuracy_pct,0.1,0.0,0.0,112
46667,Kike Barja,eight_ten_hybrid,8/10 Hybrid,shot_accuracy_pct,0.1,25.0,0.9,112
275478,Merwan Ifnaoui,eight_ten_hybrid,8/10 Hybrid,shot_accuracy_pct,0.1,,,112
153430,Anthony Elanga,eight_ten_hybrid,8/10 Hybrid,shot_accuracy_pct,0.1,75.0,99.1,112
387139,Job Ochieng,eight_ten_hybrid,8/10 Hybrid,shot_accuracy_pct,0.1,33.333,5.4,112
18404,Ephron Mason-Clark,eight_ten_hybrid,8/10 Hybrid,shot_accuracy_pct,0.1,66.667,92.0,112
354754,Jonathan Asp Jensen,eight_ten_hybrid,8/10 Hybrid,shot_accuracy_pct,0.1,85.714,100.0,112
386306,César Palacios,eight_ten_hybrid,8/10 Hybrid,shot_accuracy_pct,0.1,33.333,5.4,112
395559,Kerim Alajbegović,eight_ten_hybrid,8/10 Hybrid,shot_accuracy_pct,0.1,42.857,23.2,112
339872,Vasilije Adžić,eight_ten_hybrid,8/10 Hybrid,shot_accuracy_pct,0.1,83.333,100.0,112
39143,Kristian Thorstvedt,eight_ten_hybrid,8/10 Hybrid,shot_accuracy_pct,0.1,75.0,99.1,112
437643,Peio Canales,eight_ten_hybrid,8/10 Hybrid,shot_accuracy_pct,0.1,100.0,100.0,112
631,P. Foden,eight_ten_hybrid,8/10 Hybrid,shot_accuracy_pct,0.1,33.333,5.4,112
284570,B. Norton-Cuffy,eight_ten_hybrid,8/10 Hybrid,shot_accuracy_pct,0.1,0.0,0.0,112
161621,Loum Tchaouna,eight_ten_hybrid,8/10 Hybrid,shot_accuracy_pct,0.1,50.0,46.9,112
126642,P. Wimmer,eight_ten_hybrid,8/10 Hybrid,shot_accuracy_pct,0.1,14.286,0.0,112
512,Jeong Woo-Yeong,eight_ten_hybrid,8/10 Hybrid,shot_accuracy_pct,0.1,16.667,0.0,112
340573,B. El Khannouss,eight_ten_hybrid,8/10 Hybrid,shot_accuracy_pct,0.1,33.333,5.4,112
362741,Santiago Hidalgo,eight_ten_hybrid,8/10 Hybrid,shot_accuracy_pct,0.1,83.333,100.0,112
277,M. Diaby,eight_ten_hybrid,8/10 Hybrid,shot_accuracy_pct,0.1,11.111,0.0,112
2181,Giorgi Tsitaishvili,eight_ten_hybrid,8/10 Hybrid,shot_accuracy_pct,0.1,40.0,14.3,112
334915,Farès Ghedjemis,eight_ten_hybrid,8/10 Hybrid,shot_accuracy_pct,0.1,50.0,46.9,112
448243,Ali Houary,eight_ten_hybrid,8/10 Hybrid,shot_accuracy_pct,0.1,50.0,46.9,112
313236,E. Nwaneri,eight_ten_hybrid,8/10 Hybrid,shot_accuracy_pct,0.1,33.333,5.4,112
25466,K. Karaman,eight_ten_hybrid,8/10 Hybrid,shot_accuracy_pct,0.1,0.0,0.0,112
315699,Javier Guerra,eight_ten_hybrid,8/10 Hybrid,dribble_success_pct,0.15,52.381,75.9,112
762,Vinícius Júnior,eight_ten_hybrid,8/10 Hybrid,dribble_success_pct,0.15,41.379,26.8,112
46799,Edu Expósito,eight_ten_hybrid,8/10 Hybrid,dribble_success_pct,0.15,64.706,98.2,112
7332,Luka Sučić,eight_ten_hybrid,8/10 Hybrid,dribble_success_pct,0.15,50.0,69.6,112
187987,Ramón Terrats,eight_ten_hybrid,8/10 Hybrid,dribble_success_pct,0.15,64.706,98.2,112
9971,Antony,eight_ten_hybrid,8/10 Hybrid,dribble_success_pct,0.15,62.5,96.4,112
128398,Oihan Sancet,eight_ten_hybrid,8/10 Hybrid,dribble_success_pct,0.15,63.158,97.3,112
1570,Sergio Canales,eight_ten_hybrid,8/10 Hybrid,dribble_success_pct,0.15,50.0,69.6,112
331369,Ángel Pérez,eight_ten_hybrid,8/10 Hybrid,dribble_success_pct,0.15,47.826,58.9,112
182219,Alex Baena,eight_ten_hybrid,8/10 Hybrid,dribble_success_pct,0.15,0.0,0.0,112
19281,Antoine Semenyo,eight_ten_hybrid,8/10 Hybrid,dribble_success_pct,0.15,21.053,0.0,112
1485,Bruno Fernandes,eight_ten_hybrid,8/10 Hybrid,dribble_success_pct,0.15,50.0,69.6,112
20589,Bryan Mbeumo,eight_ten_hybrid,8/10 Hybrid,dribble_success_pct,0.15,21.429,0.0,112
30558,Nicolò Barella,eight_ten_hybrid,8/10 Hybrid,dribble_success_pct,0.15,81.818,100.0,112
18778,Harvey Barnes,eight_ten_hybrid,8/10 Hybrid,dribble_success_pct,0.15,28.571,3.6,112
148099,Kiernan Dewsbury-Hall,eight_ten_hybrid,8/10 Hybrid,dribble_success_pct,0.15,46.154,49.1,112
340626,Fermín López,eight_ten_hybrid,8/10 Hybrid,dribble_success_pct,0.15,66.667,98.2,112
47225,Roger Brugué,eight_ten_hybrid,8/10 Hybrid,dribble_success_pct,0.15,16.667,0.0,112
1096,Dominik Szoboszlai,eight_ten_hybrid,8/10 Hybrid,dribble_success_pct,0.15,50.0,69.6,112
20638,Enzo Le Fée,eight_ten_hybrid,8/10 Hybrid,dribble_success_pct,0.15,50.0,69.6,112
407806,Rayan,eight_ten_hybrid,8/10 Hybrid,dribble_success_pct,0.15,33.333,8.9,112
386277,Thomas Jørgensen,eight_ten_hybrid,8/10 Hybrid,dribble_success_pct,0.15,57.143,92.9,112
47522,Douglas Luiz,eight_ten_hybrid,8/10 Hybrid,dribble_success_pct,0.15,57.143,92.9,112
32011,Giacomo Calò,eight_ten_hybrid,8/10 Hybrid,dribble_success_pct,0.15,60.0,95.5,112
25008,Jonathan Clauss,eight_ten_hybrid,8/10 Hybrid,dribble_success_pct,0.15,50.0,69.6,112
191289,A. Sbaï,eight_ten_hybrid,8/10 Hybrid,dribble_success_pct,0.15,43.75,37.9,112
389315,Joshua King,eight_ten_hybrid,8/10 Hybrid,dribble_success_pct,0.15,41.176,26.8,112
19245,Marcus Tavernier,eight_ten_hybrid,8/10 Hybrid,dribble_success_pct,0.15,44.444,41.1,112
3246,Nicolas Pépé,eight_ten_hybrid,8/10 Hybrid,dribble_success_pct,0.15,46.875,52.7,112
1460,B. Saka,eight_ten_hybrid,8/10 Hybrid,dribble_success_pct,0.15,50.0,69.6,112
158697,James McAtee,eight_ten_hybrid,8/10 Hybrid,dribble_success_pct,0.15,40.0,24.1,112
70747,Julio Enciso,eight_ten_hybrid,8/10 Hybrid,dribble_success_pct,0.15,33.333,8.9,112
182519,Alberto Moleiro,eight_ten_hybrid,8/10 Hybrid,dribble_success_pct,0.15,35.714,13.4,112
83831,Ilan Kebbal,eight_ten_hybrid,8/10 Hybrid,dribble_success_pct,0.15,50.0,69.6,112
203224,Florian Wirtz,eight_ten_hybrid,8/10 Hybrid,dribble_success_pct,0.15,46.154,49.1,112
47182,Tete Morente,eight_ten_hybrid,8/10 Hybrid,dribble_success_pct,0.15,33.333,8.9,112
37127,M. Ødegaard,eight_ten_hybrid,8/10 Hybrid,dribble_success_pct,0.15,28.571,3.6,112
67889,Hakon Arnar Haraldsson,eight_ten_hybrid,8/10 Hybrid,dribble_success_pct,0.15,50.0,69.6,112
41324,Ricardo Mangas,eight_ten_hybrid,8/10 Hybrid,dribble_success_pct,0.15,0.0,0.0,112
161800,C. Tzolis,eight_ten_hybrid,8/10 Hybrid,dribble_success_pct,0.15,16.667,0.0,112
873,Federico Bernardeschi,eight_ten_hybrid,8/10 Hybrid,dribble_success_pct,0.15,44.444,41.1,112
161585,Francisco Conceição,eight_ten_hybrid,8/10 Hybrid,dribble_success_pct,0.15,46.667,51.8,112
21618,J. Allevinah,eight_ten_hybrid,8/10 Hybrid,dribble_success_pct,0.15,25.0,0.9,112
183799,Nico Williams,eight_ten_hybrid,8/10 Hybrid,dribble_success_pct,0.15,27.273,2.7,112
276662,Pablo Pagis,eight_ten_hybrid,8/10 Hybrid,dribble_success_pct,0.15,28.571,3.6,112
380587,I. Maza,eight_ten_hybrid,8/10 Hybrid,dribble_success_pct,0.15,56.25,91.1,112
909,Marcus Rashford,eight_ten_hybrid,8/10 Hybrid,dribble_success_pct,0.15,53.333,81.2,112
714,Nadiem Amiri,eight_ten_hybrid,8/10 Hybrid,dribble_success_pct,0.15,54.545,83.0,112
291964,Arda Güler,eight_ten_hybrid,8/10 Hybrid,dribble_success_pct,0.15,53.846,82.1,112
331004,Chuky San José,eight_ten_hybrid,8/10 Hybrid,dribble_success_pct,0.15,100.0,100.0,112
24868,J. Vagnoman,eight_ten_hybrid,8/10 Hybrid,dribble_success_pct,0.15,50.0,69.6,112
270509,Andy Diouf,eight_ten_hybrid,8/10 Hybrid,dribble_success_pct,0.15,44.444,41.1,112
345388,Afonso Moreira,eight_ten_hybrid,8/10 Hybrid,dribble_success_pct,0.15,80.0,100.0,112
400948,Assane Diao,eight_ten_hybrid,8/10 Hybrid,dribble_success_pct,0.15,52.174,75.9,112
347644,Arthur Atta,eight_ten_hybrid,8/10 Hybrid,dribble_success_pct,0.15,30.769,3.6,112
265820,Y. Ayari,eight_ten_hybrid,8/10 Hybrid,dribble_success_pct,0.15,42.857,35.7,112
137129,A. Aouchiche,eight_ten_hybrid,8/10 Hybrid,dribble_success_pct,0.15,50.0,69.6,112
745,Isco,eight_ten_hybrid,8/10 Hybrid,dribble_success_pct,0.15,60.0,95.5,112
340152,S. Idumbo-Muzambo,eight_ten_hybrid,8/10 Hybrid,dribble_success_pct,0.15,61.538,95.5,112
339887,C. Uzun,eight_ten_hybrid,8/10 Hybrid,dribble_success_pct,0.15,40.0,24.1,112
199143,Y. Suzuki,eight_ten_hybrid,8/10 Hybrid,dribble_success_pct,0.15,46.667,51.8,112
46887,Pedro Díaz,eight_ten_hybrid,8/10 Hybrid,dribble_success_pct,0.15,80.0,100.0,112
280334,G. Vidović,eight_ten_hybrid,8/10 Hybrid,dribble_success_pct,0.15,54.545,83.0,112
2287,Ross Barkley,eight_ten_hybrid,8/10 Hybrid,dribble_success_pct,0.15,80.0,100.0,112
47317,Ander Barrenetxea,eight_ten_hybrid,8/10 Hybrid,dribble_success_pct,0.15,61.538,95.5,112
135749,Félix Correia,eight_ten_hybrid,8/10 Hybrid,dribble_success_pct,0.15,33.333,8.9,112
84086,Robert Navarro,eight_ten_hybrid,8/10 Hybrid,dribble_success_pct,0.15,45.455,44.6,112
26,M. Wolf,eight_ten_hybrid,8/10 Hybrid,dribble_success_pct,0.15,55.556,88.4,112
334037,Tyrique George,eight_ten_hybrid,8/10 Hybrid,dribble_success_pct,0.15,64.286,97.3,112
335095,Hugo Bolin,eight_ten_hybrid,8/10 Hybrid,dribble_success_pct,0.15,50.0,69.6,112
161921,Giovanni Reyna,eight_ten_hybrid,8/10 Hybrid,dribble_success_pct,0.15,40.0,24.1,112
350856,E. Nuamah,eight_ten_hybrid,8/10 Hybrid,dribble_success_pct,0.15,58.333,94.6,112
156477,Rayan Cherki,eight_ten_hybrid,8/10 Hybrid,dribble_success_pct,0.15,55.556,88.4,112
19617,M. Olise,eight_ten_hybrid,8/10 Hybrid,dribble_success_pct,0.15,47.826,58.9,112
286710,D. Scherhant,eight_ten_hybrid,8/10 Hybrid,dribble_success_pct,0.15,25.0,0.9,112
20372,Jack Rudoni,eight_ten_hybrid,8/10 Hybrid,dribble_success_pct,0.15,14.286,0.0,112
24147,M. Camara,eight_ten_hybrid,8/10 Hybrid,dribble_success_pct,0.15,80.0,100.0,112
380690,M. Moore,eight_ten_hybrid,8/10 Hybrid,dribble_success_pct,0.15,56.25,91.1,112
792,J. Kluivert,eight_ten_hybrid,8/10 Hybrid,dribble_success_pct,0.15,80.0,100.0,112
30810,Rolando Mandragora,eight_ten_hybrid,8/10 Hybrid,dribble_success_pct,0.15,0.0,0.0,112
359603,Luca Koleosho,eight_ten_hybrid,8/10 Hybrid,dribble_success_pct,0.15,42.857,35.7,112
1463,Joe Willock,eight_ten_hybrid,8/10 Hybrid,dribble_success_pct,0.15,66.667,98.2,112
152418,N. Ahamada,eight_ten_hybrid,8/10 Hybrid,dribble_success_pct,0.15,44.444,41.1,112
15908,M. Damsgaard,eight_ten_hybrid,8/10 Hybrid,dribble_success_pct,0.15,50.0,69.6,112
1461,Denis Suárez,eight_ten_hybrid,8/10 Hybrid,dribble_success_pct,0.15,40.0,24.1,112
30510,Álex Berenguer,eight_ten_hybrid,8/10 Hybrid,dribble_success_pct,0.15,28.571,3.6,112
25313,J. Beste,eight_ten_hybrid,8/10 Hybrid,dribble_success_pct,0.15,66.667,98.2,112
196855,J. Anthony,eight_ten_hybrid,8/10 Hybrid,dribble_success_pct,0.15,30.769,3.6,112
158644,M. Beier,eight_ten_hybrid,8/10 Hybrid,dribble_success_pct,0.15,0.0,0.0,112
295026,Martin Baturina,eight_ten_hybrid,8/10 Hybrid,dribble_success_pct,0.15,80.0,100.0,112
2489,L. Díaz,eight_ten_hybrid,8/10 Hybrid,dribble_success_pct,0.15,47.368,54.5,112
443163,Pablo García,eight_ten_hybrid,8/10 Hybrid,dribble_success_pct,0.15,57.143,92.9,112
386287,Ethan Mbappé,eight_ten_hybrid,8/10 Hybrid,dribble_success_pct,0.15,50.0,69.6,112
629,Kevin De Bruyne,eight_ten_hybrid,8/10 Hybrid,dribble_success_pct,0.15,75.0,99.1,112
1323,Dani Olmo,eight_ten_hybrid,8/10 Hybrid,dribble_success_pct,0.15,57.143,92.9,112
270510,M. Tel,eight_ten_hybrid,8/10 Hybrid,dribble_success_pct,0.15,52.632,76.8,112
66387,P. Šulc,eight_ten_hybrid,8/10 Hybrid,dribble_success_pct,0.15,33.333,8.9,112
279905,B. Conté,eight_ten_hybrid,8/10 Hybrid,dribble_success_pct,0.15,100.0,100.0,112
25380,L. Maina,eight_ten_hybrid,8/10 Hybrid,dribble_success_pct,0.15,100.0,100.0,112
181421,Abdessamad Ezzalzouli,eight_ten_hybrid,8/10 Hybrid,dribble_success_pct,0.15,70.0,99.1,112
266657,Sávio,eight_ten_hybrid,8/10 Hybrid,dribble_success_pct,0.15,54.167,82.1,112
20784,Franck Honorat,eight_ten_hybrid,8/10 Hybrid,dribble_success_pct,0.15,40.0,24.1,112
3406,Frank Anguissa,eight_ten_hybrid,8/10 Hybrid,dribble_success_pct,0.15,50.0,69.6,112
410125,M. Yalcouyé,eight_ten_hybrid,8/10 Hybrid,dribble_success_pct,0.15,75.0,99.1,112
2598,R. Dōan,eight_ten_hybrid,8/10 Hybrid,dribble_success_pct,0.15,25.0,0.9,112
46667,Kike Barja,eight_ten_hybrid,8/10 Hybrid,dribble_success_pct,0.15,11.111,0.0,112
275478,Merwan Ifnaoui,eight_ten_hybrid,8/10 Hybrid,dribble_success_pct,0.15,16.667,0.0,112
153430,Anthony Elanga,eight_ten_hybrid,8/10 Hybrid,dribble_success_pct,0.15,33.333,8.9,112
387139,Job Ochieng,eight_ten_hybrid,8/10 Hybrid,dribble_success_pct,0.15,16.667,0.0,112
18404,Ephron Mason-Clark,eight_ten_hybrid,8/10 Hybrid,dribble_success_pct,0.15,0.0,0.0,112
354754,Jonathan Asp Jensen,eight_ten_hybrid,8/10 Hybrid,dribble_success_pct,0.15,0.0,0.0,112
386306,César Palacios,eight_ten_hybrid,8/10 Hybrid,dribble_success_pct,0.15,71.429,99.1,112
395559,Kerim Alajbegović,eight_ten_hybrid,8/10 Hybrid,dribble_success_pct,0.15,57.143,92.9,112
339872,Vasilije Adžić,eight_ten_hybrid,8/10 Hybrid,dribble_success_pct,0.15,50.0,69.6,112
39143,Kristian Thorstvedt,eight_ten_hybrid,8/10 Hybrid,dribble_success_pct,0.15,100.0,100.0,112
437643,Peio Canales,eight_ten_hybrid,8/10 Hybrid,dribble_success_pct,0.15,50.0,69.6,112
631,P. Foden,eight_ten_hybrid,8/10 Hybrid,dribble_success_pct,0.15,37.5,17.4,112
284570,B. Norton-Cuffy,eight_ten_hybrid,8/10 Hybrid,dribble_success_pct,0.15,66.667,98.2,112
161621,Loum Tchaouna,eight_ten_hybrid,8/10 Hybrid,dribble_success_pct,0.15,33.333,8.9,112
126642,P. Wimmer,eight_ten_hybrid,8/10 Hybrid,dribble_success_pct,0.15,50.0,69.6,112
512,Jeong Woo-Yeong,eight_ten_hybrid,8/10 Hybrid,dribble_success_pct,0.15,50.0,69.6,112
340573,B. El Khannouss,eight_ten_hybrid,8/10 Hybrid,dribble_success_pct,0.15,44.444,41.1,112
362741,Santiago Hidalgo,eight_ten_hybrid,8/10 Hybrid,dribble_success_pct,0.15,66.667,98.2,112
277,M. Diaby,eight_ten_hybrid,8/10 Hybrid,dribble_success_pct,0.15,50.0,69.6,112
2181,Giorgi Tsitaishvili,eight_ten_hybrid,8/10 Hybrid,dribble_success_pct,0.15,0.0,0.0,112
334915,Farès Ghedjemis,eight_ten_hybrid,8/10 Hybrid,dribble_success_pct,0.15,22.222,0.9,112
448243,Ali Houary,eight_ten_hybrid,8/10 Hybrid,dribble_success_pct,0.15,41.667,28.6,112
313236,E. Nwaneri,eight_ten_hybrid,8/10 Hybrid,dribble_success_pct,0.15,57.143,92.9,112
25466,K. Karaman,eight_ten_hybrid,8/10 Hybrid,dribble_success_pct,0.15,75.0,99.1,112
315699,Javier Guerra,eight_ten_hybrid,8/10 Hybrid,pass_accuracy_pct,0.15,73.016,4.5,112
762,Vinícius Júnior,eight_ten_hybrid,8/10 Hybrid,pass_accuracy_pct,0.15,79.444,29.5,112
46799,Edu Expósito,eight_ten_hybrid,8/10 Hybrid,pass_accuracy_pct,0.15,86.446,83.0,112
7332,Luka Sučić,eight_ten_hybrid,8/10 Hybrid,pass_accuracy_pct,0.15,89.837,97.3,112
187987,Ramón Terrats,eight_ten_hybrid,8/10 Hybrid,pass_accuracy_pct,0.15,79.63,31.2,112
9971,Antony,eight_ten_hybrid,8/10 Hybrid,pass_accuracy_pct,0.15,86.184,82.1,112
128398,Oihan Sancet,eight_ten_hybrid,8/10 Hybrid,pass_accuracy_pct,0.15,79.618,31.2,112
1570,Sergio Canales,eight_ten_hybrid,8/10 Hybrid,pass_accuracy_pct,0.15,86.364,83.0,112
331369,Ángel Pérez,eight_ten_hybrid,8/10 Hybrid,pass_accuracy_pct,0.15,74.107,6.2,112
182219,Alex Baena,eight_ten_hybrid,8/10 Hybrid,pass_accuracy_pct,0.15,83.19,59.8,112
19281,Antoine Semenyo,eight_ten_hybrid,8/10 Hybrid,pass_accuracy_pct,0.15,89.349,96.4,112
1485,Bruno Fernandes,eight_ten_hybrid,8/10 Hybrid,pass_accuracy_pct,0.15,84.923,73.2,112
20589,Bryan Mbeumo,eight_ten_hybrid,8/10 Hybrid,pass_accuracy_pct,0.15,88.535,92.9,112
30558,Nicolò Barella,eight_ten_hybrid,8/10 Hybrid,pass_accuracy_pct,0.15,89.286,96.4,112
18778,Harvey Barnes,eight_ten_hybrid,8/10 Hybrid,pass_accuracy_pct,0.15,82.178,47.3,112
148099,Kiernan Dewsbury-Hall,eight_ten_hybrid,8/10 Hybrid,pass_accuracy_pct,0.15,87.435,88.4,112
340626,Fermín López,eight_ten_hybrid,8/10 Hybrid,pass_accuracy_pct,0.15,83.182,58.9,112
47225,Roger Brugué,eight_ten_hybrid,8/10 Hybrid,pass_accuracy_pct,0.15,71.429,2.7,112
1096,Dominik Szoboszlai,eight_ten_hybrid,8/10 Hybrid,pass_accuracy_pct,0.15,86.644,84.8,112
20638,Enzo Le Fée,eight_ten_hybrid,8/10 Hybrid,pass_accuracy_pct,0.15,77.931,22.3,112
407806,Rayan,eight_ten_hybrid,8/10 Hybrid,pass_accuracy_pct,0.15,62.353,0.0,112
386277,Thomas Jørgensen,eight_ten_hybrid,8/10 Hybrid,pass_accuracy_pct,0.15,74.251,6.2,112
47522,Douglas Luiz,eight_ten_hybrid,8/10 Hybrid,pass_accuracy_pct,0.15,91.034,99.1,112
32011,Giacomo Calò,eight_ten_hybrid,8/10 Hybrid,pass_accuracy_pct,0.15,80.455,33.0,112
25008,Jonathan Clauss,eight_ten_hybrid,8/10 Hybrid,pass_accuracy_pct,0.15,79.73,31.2,112
191289,A. Sbaï,eight_ten_hybrid,8/10 Hybrid,pass_accuracy_pct,0.15,71.074,1.8,112
389315,Joshua King,eight_ten_hybrid,8/10 Hybrid,pass_accuracy_pct,0.15,84.568,69.6,112
19245,Marcus Tavernier,eight_ten_hybrid,8/10 Hybrid,pass_accuracy_pct,0.15,84.516,67.9,112
3246,Nicolas Pépé,eight_ten_hybrid,8/10 Hybrid,pass_accuracy_pct,0.15,86.818,85.7,112
1460,B. Saka,eight_ten_hybrid,8/10 Hybrid,pass_accuracy_pct,0.15,82.166,47.3,112
158697,James McAtee,eight_ten_hybrid,8/10 Hybrid,pass_accuracy_pct,0.15,80.788,34.8,112
70747,Julio Enciso,eight_ten_hybrid,8/10 Hybrid,pass_accuracy_pct,0.15,84.426,67.0,112
182519,Alberto Moleiro,eight_ten_hybrid,8/10 Hybrid,pass_accuracy_pct,0.15,87.946,91.1,112
83831,Ilan Kebbal,eight_ten_hybrid,8/10 Hybrid,pass_accuracy_pct,0.15,84.649,70.5,112
203224,Florian Wirtz,eight_ten_hybrid,8/10 Hybrid,pass_accuracy_pct,0.15,80.444,33.0,112
47182,Tete Morente,eight_ten_hybrid,8/10 Hybrid,pass_accuracy_pct,0.15,80.952,34.8,112
37127,M. Ødegaard,eight_ten_hybrid,8/10 Hybrid,pass_accuracy_pct,0.15,90.871,99.1,112
67889,Hakon Arnar Haraldsson,eight_ten_hybrid,8/10 Hybrid,pass_accuracy_pct,0.15,87.97,91.1,112
41324,Ricardo Mangas,eight_ten_hybrid,8/10 Hybrid,pass_accuracy_pct,0.15,74.757,9.8,112
161800,C. Tzolis,eight_ten_hybrid,8/10 Hybrid,pass_accuracy_pct,0.15,84.328,67.0,112
873,Federico Bernardeschi,eight_ten_hybrid,8/10 Hybrid,pass_accuracy_pct,0.15,89.189,95.5,112
161585,Francisco Conceição,eight_ten_hybrid,8/10 Hybrid,pass_accuracy_pct,0.15,84.211,66.1,112
21618,J. Allevinah,eight_ten_hybrid,8/10 Hybrid,pass_accuracy_pct,0.15,81.818,44.6,112
183799,Nico Williams,eight_ten_hybrid,8/10 Hybrid,pass_accuracy_pct,0.15,74.242,6.2,112
276662,Pablo Pagis,eight_ten_hybrid,8/10 Hybrid,pass_accuracy_pct,0.15,83.942,65.2,112
380587,I. Maza,eight_ten_hybrid,8/10 Hybrid,pass_accuracy_pct,0.15,72.619,4.5,112
909,Marcus Rashford,eight_ten_hybrid,8/10 Hybrid,pass_accuracy_pct,0.15,79.72,31.2,112
714,Nadiem Amiri,eight_ten_hybrid,8/10 Hybrid,pass_accuracy_pct,0.15,84.615,69.6,112
291964,Arda Güler,eight_ten_hybrid,8/10 Hybrid,pass_accuracy_pct,0.15,89.119,94.6,112
331004,Chuky San José,eight_ten_hybrid,8/10 Hybrid,pass_accuracy_pct,0.15,82.143,47.3,112
24868,J. Vagnoman,eight_ten_hybrid,8/10 Hybrid,pass_accuracy_pct,0.15,81.935,45.5,112
270509,Andy Diouf,eight_ten_hybrid,8/10 Hybrid,pass_accuracy_pct,0.15,91.824,100.0,112
345388,Afonso Moreira,eight_ten_hybrid,8/10 Hybrid,pass_accuracy_pct,0.15,80.808,34.8,112
400948,Assane Diao,eight_ten_hybrid,8/10 Hybrid,pass_accuracy_pct,0.15,86.486,83.0,112
347644,Arthur Atta,eight_ten_hybrid,8/10 Hybrid,pass_accuracy_pct,0.15,91.026,99.1,112
265820,Y. Ayari,eight_ten_hybrid,8/10 Hybrid,pass_accuracy_pct,0.15,91.018,99.1,112
137129,A. Aouchiche,eight_ten_hybrid,8/10 Hybrid,pass_accuracy_pct,0.15,73.404,6.2,112
745,Isco,eight_ten_hybrid,8/10 Hybrid,pass_accuracy_pct,0.15,90.547,97.3,112
340152,S. Idumbo-Muzambo,eight_ten_hybrid,8/10 Hybrid,pass_accuracy_pct,0.15,85.859,79.5,112
339887,C. Uzun,eight_ten_hybrid,8/10 Hybrid,pass_accuracy_pct,0.15,84.028,65.2,112
199143,Y. Suzuki,eight_ten_hybrid,8/10 Hybrid,pass_accuracy_pct,0.15,88.889,92.9,112
46887,Pedro Díaz,eight_ten_hybrid,8/10 Hybrid,pass_accuracy_pct,0.15,88.182,92.0,112
280334,G. Vidović,eight_ten_hybrid,8/10 Hybrid,pass_accuracy_pct,0.15,90.476,97.3,112
2287,Ross Barkley,eight_ten_hybrid,8/10 Hybrid,pass_accuracy_pct,0.15,90.244,97.3,112
47317,Ander Barrenetxea,eight_ten_hybrid,8/10 Hybrid,pass_accuracy_pct,0.15,78.351,24.1,112
135749,Félix Correia,eight_ten_hybrid,8/10 Hybrid,pass_accuracy_pct,0.15,69.0,0.0,112
84086,Robert Navarro,eight_ten_hybrid,8/10 Hybrid,pass_accuracy_pct,0.15,84.821,71.4,112
26,M. Wolf,eight_ten_hybrid,8/10 Hybrid,pass_accuracy_pct,0.15,70.886,1.8,112
334037,Tyrique George,eight_ten_hybrid,8/10 Hybrid,pass_accuracy_pct,0.15,87.5,88.4,112
335095,Hugo Bolin,eight_ten_hybrid,8/10 Hybrid,pass_accuracy_pct,0.15,80.952,34.8,112
161921,Giovanni Reyna,eight_ten_hybrid,8/10 Hybrid,pass_accuracy_pct,0.15,90.551,97.3,112
350856,E. Nuamah,eight_ten_hybrid,8/10 Hybrid,pass_accuracy_pct,0.15,79.221,28.6,112
156477,Rayan Cherki,eight_ten_hybrid,8/10 Hybrid,pass_accuracy_pct,0.15,91.304,100.0,112
19617,M. Olise,eight_ten_hybrid,8/10 Hybrid,pass_accuracy_pct,0.15,86.321,82.1,112
286710,D. Scherhant,eight_ten_hybrid,8/10 Hybrid,pass_accuracy_pct,0.15,77.273,19.6,112
20372,Jack Rudoni,eight_ten_hybrid,8/10 Hybrid,pass_accuracy_pct,0.15,76.238,15.2,112
24147,M. Camara,eight_ten_hybrid,8/10 Hybrid,pass_accuracy_pct,0.15,91.613,100.0,112
380690,M. Moore,eight_ten_hybrid,8/10 Hybrid,pass_accuracy_pct,0.15,80.769,34.8,112
792,J. Kluivert,eight_ten_hybrid,8/10 Hybrid,pass_accuracy_pct,0.15,78.125,22.3,112
30810,Rolando Mandragora,eight_ten_hybrid,8/10 Hybrid,pass_accuracy_pct,0.15,88.384,92.9,112
359603,Luca Koleosho,eight_ten_hybrid,8/10 Hybrid,pass_accuracy_pct,0.15,76.667,17.0,112
1463,Joe Willock,eight_ten_hybrid,8/10 Hybrid,pass_accuracy_pct,0.15,94.495,100.0,112
152418,N. Ahamada,eight_ten_hybrid,8/10 Hybrid,pass_accuracy_pct,0.15,85.6,77.7,112
15908,M. Damsgaard,eight_ten_hybrid,8/10 Hybrid,pass_accuracy_pct,0.15,78.947,27.7,112
1461,Denis Suárez,eight_ten_hybrid,8/10 Hybrid,pass_accuracy_pct,0.15,79.856,31.2,112
30510,Álex Berenguer,eight_ten_hybrid,8/10 Hybrid,pass_accuracy_pct,0.15,80.159,33.0,112
25313,J. Beste,eight_ten_hybrid,8/10 Hybrid,pass_accuracy_pct,0.15,81.818,44.6,112
196855,J. Anthony,eight_ten_hybrid,8/10 Hybrid,pass_accuracy_pct,0.15,71.667,2.7,112
158644,M. Beier,eight_ten_hybrid,8/10 Hybrid,pass_accuracy_pct,0.15,79.412,29.5,112
295026,Martin Baturina,eight_ten_hybrid,8/10 Hybrid,pass_accuracy_pct,0.15,89.362,96.4,112
2489,L. Díaz,eight_ten_hybrid,8/10 Hybrid,pass_accuracy_pct,0.15,89.08,93.8,112
443163,Pablo García,eight_ten_hybrid,8/10 Hybrid,pass_accuracy_pct,0.15,91.228,100.0,112
386287,Ethan Mbappé,eight_ten_hybrid,8/10 Hybrid,pass_accuracy_pct,0.15,84.706,70.5,112
629,Kevin De Bruyne,eight_ten_hybrid,8/10 Hybrid,pass_accuracy_pct,0.15,82.39,52.7,112
1323,Dani Olmo,eight_ten_hybrid,8/10 Hybrid,pass_accuracy_pct,0.15,95.312,100.0,112
270510,M. Tel,eight_ten_hybrid,8/10 Hybrid,pass_accuracy_pct,0.15,86.207,82.1,112
66387,P. Šulc,eight_ten_hybrid,8/10 Hybrid,pass_accuracy_pct,0.15,81.25,40.2,112
279905,B. Conté,eight_ten_hybrid,8/10 Hybrid,pass_accuracy_pct,0.15,80.519,33.0,112
25380,L. Maina,eight_ten_hybrid,8/10 Hybrid,pass_accuracy_pct,0.15,89.474,96.4,112
181421,Abdessamad Ezzalzouli,eight_ten_hybrid,8/10 Hybrid,pass_accuracy_pct,0.15,87.736,90.2,112
266657,Sávio,eight_ten_hybrid,8/10 Hybrid,pass_accuracy_pct,0.15,84.043,65.2,112
20784,Franck Honorat,eight_ten_hybrid,8/10 Hybrid,pass_accuracy_pct,0.15,78.75,25.9,112
3406,Frank Anguissa,eight_ten_hybrid,8/10 Hybrid,pass_accuracy_pct,0.15,82.558,55.4,112
410125,M. Yalcouyé,eight_ten_hybrid,8/10 Hybrid,pass_accuracy_pct,0.15,86.869,85.7,112
2598,R. Dōan,eight_ten_hybrid,8/10 Hybrid,pass_accuracy_pct,0.15,82.895,56.2,112
46667,Kike Barja,eight_ten_hybrid,8/10 Hybrid,pass_accuracy_pct,0.15,73.214,5.4,112
275478,Merwan Ifnaoui,eight_ten_hybrid,8/10 Hybrid,pass_accuracy_pct,0.15,79.798,31.2,112
153430,Anthony Elanga,eight_ten_hybrid,8/10 Hybrid,pass_accuracy_pct,0.15,64.583,0.0,112
387139,Job Ochieng,eight_ten_hybrid,8/10 Hybrid,pass_accuracy_pct,0.15,65.385,0.0,112
18404,Ephron Mason-Clark,eight_ten_hybrid,8/10 Hybrid,pass_accuracy_pct,0.15,69.231,0.0,112
354754,Jonathan Asp Jensen,eight_ten_hybrid,8/10 Hybrid,pass_accuracy_pct,0.15,87.805,90.2,112
386306,César Palacios,eight_ten_hybrid,8/10 Hybrid,pass_accuracy_pct,0.15,87.629,89.3,112
395559,Kerim Alajbegović,eight_ten_hybrid,8/10 Hybrid,pass_accuracy_pct,0.15,83.544,61.6,112
339872,Vasilije Adžić,eight_ten_hybrid,8/10 Hybrid,pass_accuracy_pct,0.15,86.517,83.9,112
39143,Kristian Thorstvedt,eight_ten_hybrid,8/10 Hybrid,pass_accuracy_pct,0.15,90.152,97.3,112
437643,Peio Canales,eight_ten_hybrid,8/10 Hybrid,pass_accuracy_pct,0.15,86.765,85.7,112
631,P. Foden,eight_ten_hybrid,8/10 Hybrid,pass_accuracy_pct,0.15,87.5,88.4,112
284570,B. Norton-Cuffy,eight_ten_hybrid,8/10 Hybrid,pass_accuracy_pct,0.15,80.952,34.8,112
161621,Loum Tchaouna,eight_ten_hybrid,8/10 Hybrid,pass_accuracy_pct,0.15,75.385,10.7,112
126642,P. Wimmer,eight_ten_hybrid,8/10 Hybrid,pass_accuracy_pct,0.15,77.907,22.3,112
512,Jeong Woo-Yeong,eight_ten_hybrid,8/10 Hybrid,pass_accuracy_pct,0.15,78.571,25.9,112
340573,B. El Khannouss,eight_ten_hybrid,8/10 Hybrid,pass_accuracy_pct,0.15,82.222,49.1,112
362741,Santiago Hidalgo,eight_ten_hybrid,8/10 Hybrid,pass_accuracy_pct,0.15,76.744,17.0,112
277,M. Diaby,eight_ten_hybrid,8/10 Hybrid,pass_accuracy_pct,0.15,84.286,67.0,112
2181,Giorgi Tsitaishvili,eight_ten_hybrid,8/10 Hybrid,pass_accuracy_pct,0.15,82.143,47.3,112
334915,Farès Ghedjemis,eight_ten_hybrid,8/10 Hybrid,pass_accuracy_pct,0.15,88.372,92.9,112
448243,Ali Houary,eight_ten_hybrid,8/10 Hybrid,pass_accuracy_pct,0.15,80.0,32.1,112
313236,E. Nwaneri,eight_ten_hybrid,8/10 Hybrid,pass_accuracy_pct,0.15,80.0,32.1,112
25466,K. Karaman,eight_ten_hybrid,8/10 Hybrid,pass_accuracy_pct,0.15,73.684,6.2,112
312990,Roberto Fernández,traditional_9,Traditional No. 9,goals_per90,0.35,0.881,99.5,208
376401,Chupete,traditional_9,Traditional No. 9,goals_per90,0.35,0.16,15.4,208
1465,Pierre-Emerick Aubameyang,traditional_9,Traditional No. 9,goals_per90,0.35,0.804,98.6,208
195512,Martín Satriano,traditional_9,Traditional No. 9,goals_per90,0.35,0.165,15.9,208
47499,Enes Ünal,traditional_9,Traditional No. 9,goals_per90,0.35,0.167,15.9,208
83,Arnaut Danjuma,traditional_9,Traditional No. 9,goals_per90,0.35,0.0,1.0,208
46746,Ante Budimir,traditional_9,Traditional No. 9,goals_per90,0.35,0.896,99.5,208
608,Lucas Boyé,traditional_9,Traditional No. 9,goals_per90,0.35,0.744,97.1,208
184277,Fernando Niño,traditional_9,Traditional No. 9,goals_per90,0.35,0.957,99.5,208
52,Sergio Camello,traditional_9,Traditional No. 9,goals_per90,0.35,1.34,99.5,208
21104,Randal Kolo Muani,traditional_9,Traditional No. 9,goals_per90,0.35,0.0,1.0,208
1100,Erling Haaland,traditional_9,Traditional No. 9,goals_per90,0.35,1.0,99.5,208
22264,L. Ajorque,traditional_9,Traditional No. 9,goals_per90,0.35,0.202,22.1,208
41585,Gonçalo Ramos,traditional_9,Traditional No. 9,goals_per90,0.35,0.202,22.1,208
47582,Cucho Hernández,traditional_9,Traditional No. 9,goals_per90,0.35,0.405,65.4,208
196156,Thiago,traditional_9,Traditional No. 9,goals_per90,0.35,0.203,22.1,208
19337,Oli McBurnie,traditional_9,Traditional No. 9,goals_per90,0.35,0.0,1.0,208
20649,Yoane Wissa,traditional_9,Traditional No. 9,goals_per90,0.35,0.204,22.1,208
978,K. Havertz,traditional_9,Traditional No. 9,goals_per90,0.35,0.411,65.9,208
541,Jürgen Ekkelenkamp,traditional_9,Traditional No. 9,goals_per90,0.35,0.414,66.8,208
90617,Lassine Sinayoko,traditional_9,Traditional No. 9,goals_per90,0.35,0.828,99.0,208
1945,Ally Samatta,traditional_9,Traditional No. 9,goals_per90,0.35,0.415,66.8,208
842,Nikola Vlašić,traditional_9,Traditional No. 9,goals_per90,0.35,0.0,1.0,208
336711,Gonzalo García,traditional_9,Traditional No. 9,goals_per90,0.35,0.211,23.1,208
152856,Evanilson,traditional_9,Traditional No. 9,goals_per90,0.35,0.0,1.0,208
85558,Louis Mafouta,traditional_9,Traditional No. 9,goals_per90,0.35,0.638,90.9,208
18766,Dominic Calvert-Lewin,traditional_9,Traditional No. 9,goals_per90,0.35,0.428,67.3,208
314254,Antonio Raimondo,traditional_9,Traditional No. 9,goals_per90,0.35,0.859,99.0,208
343684,Thierno Barry,traditional_9,Traditional No. 9,goals_per90,0.35,0.43,67.3,208
2864,Alexander Isak,traditional_9,Traditional No. 9,goals_per90,0.35,0.867,99.0,208
57446,Akor Adams,traditional_9,Traditional No. 9,goals_per90,0.35,0.218,24.0,208
574733,Bil Nsongo,traditional_9,Traditional No. 9,goals_per90,0.35,0.0,1.0,208
38750,Brian Brobbey,traditional_9,Traditional No. 9,goals_per90,0.35,0.673,93.3,208
327536,Robbie Ure,traditional_9,Traditional No. 9,goals_per90,0.35,0.0,1.0,208
47294,Iñaki Williams,traditional_9,Traditional No. 9,goals_per90,0.35,0.23,25.5,208
386276,Paris Brunner,traditional_9,Traditional No. 9,goals_per90,0.35,0.923,99.5,208
122734,Ferrán Jutglà,traditional_9,Traditional No. 9,goals_per90,0.35,0.232,26.0,208
457101,Yassir Zabiri,traditional_9,Traditional No. 9,goals_per90,0.35,1.399,100.0,208
193188,A. El Ouazzani,traditional_9,Traditional No. 9,goals_per90,0.35,0.234,26.4,208
277191,Abdallah Sima,traditional_9,Traditional No. 9,goals_per90,0.35,0.234,26.4,208
192032,Iván Romero,traditional_9,Traditional No. 9,goals_per90,0.35,0.475,75.0,208
163004,E. Lepaul,traditional_9,Traditional No. 9,goals_per90,0.35,0.718,95.2,208
194750,El Bilal Touré,traditional_9,Traditional No. 9,goals_per90,0.35,0.0,1.0,208
6662,Santiago Pierotti,traditional_9,Traditional No. 9,goals_per90,0.35,0.0,1.0,208
288006,Rasmus Højlund,traditional_9,Traditional No. 9,goals_per90,0.35,0.496,77.9,208
626704,Paul Mendy,traditional_9,Traditional No. 9,goals_per90,0.35,0.249,29.8,208
10329,João Pedro,traditional_9,Traditional No. 9,goals_per90,0.35,0.75,97.1,208
26171,Phillip Tietz,traditional_9,Traditional No. 9,goals_per90,0.35,1.0,99.5,208
30440,Roberto Piccoli,traditional_9,Traditional No. 9,goals_per90,0.35,0.251,29.8,208
146751,Raúl García de Haro,traditional_9,Traditional No. 9,goals_per90,0.35,0.0,1.0,208
392482,C. Kostoulas,traditional_9,Traditional No. 9,goals_per90,0.35,0.506,81.2,208
292172,Mateo Pellegrino,traditional_9,Traditional No. 9,goals_per90,0.35,0.511,81.7,208
18906,Ayoze Pérez,traditional_9,Traditional No. 9,goals_per90,0.35,0.256,30.3,208
30414,Giovanni Simeone,traditional_9,Traditional No. 9,goals_per90,0.35,0.0,1.0,208
47181,Toni Martínez,traditional_9,Traditional No. 9,goals_per90,0.35,0.0,1.0,208
203428,Jacen Russell Rowe,traditional_9,Traditional No. 9,goals_per90,0.35,0.263,30.3,208
81573,Omar Marmoush,traditional_9,Traditional No. 9,goals_per90,0.35,0.0,1.0,208
21393,S. Guirassy,traditional_9,Traditional No. 9,goals_per90,0.35,0.528,83.2,208
340547,Gustavo Varela,traditional_9,Traditional No. 9,goals_per90,0.35,1.065,99.5,208
86,L. Openda,traditional_9,Traditional No. 9,goals_per90,0.35,0.269,31.7,208
483118,Gabin Bernardeau,traditional_9,Traditional No. 9,goals_per90,0.35,0.0,1.0,208
202696,I. Matanović,traditional_9,Traditional No. 9,goals_per90,0.35,0.833,99.0,208
288769,Tommaso Baldanzi,traditional_9,Traditional No. 9,goals_per90,0.35,0.0,1.0,208
217,Lautaro Martínez,traditional_9,Traditional No. 9,goals_per90,0.35,1.115,99.5,208
760,Mariano Díaz,traditional_9,Traditional No. 9,goals_per90,0.35,0.836,99.0,208
26845,Anastasios Douvikas,traditional_9,Traditional No. 9,goals_per90,0.35,0.561,86.1,208
48648,Dan Ndoye,traditional_9,Traditional No. 9,goals_per90,0.35,0.28,35.6,208
321648,Emersonn,traditional_9,Traditional No. 9,goals_per90,0.35,0.561,86.1,208
263481,Lorenzo Colombo,traditional_9,Traditional No. 9,goals_per90,0.35,0.0,1.0,208
25926,J. Burkardt,traditional_9,Traditional No. 9,goals_per90,0.35,0.846,99.0,208
483670,Simone Lontani,traditional_9,Traditional No. 9,goals_per90,0.35,0.282,35.6,208
61774,Orri Óskarsson,traditional_9,Traditional No. 9,goals_per90,0.35,0.283,35.6,208
350047,D. Mokwa,traditional_9,Traditional No. 9,goals_per90,0.35,0.577,86.1,208
269163,Williot Swedberg,traditional_9,Traditional No. 9,goals_per90,0.35,0.0,1.0,208
178106,M. Pieringer,traditional_9,Traditional No. 9,goals_per90,0.35,0.0,1.0,208
25391,N. Füllkrug,traditional_9,Traditional No. 9,goals_per90,0.35,0.882,99.5,208
561010,Jacobo Ortega,traditional_9,Traditional No. 9,goals_per90,0.35,0.298,39.4,208
2032,Jørgen Strand Larsen,traditional_9,Traditional No. 9,goals_per90,0.35,0.299,41.3,208
126690,Kieron Bowie,traditional_9,Traditional No. 9,goals_per90,0.35,0.3,41.3,208
4743,Dame Gueye,traditional_9,Traditional No. 9,goals_per90,0.35,0.303,41.3,208
66761,Milutin Osmajić,traditional_9,Traditional No. 9,goals_per90,0.35,0.606,89.4,208
25297,M. Gregoritsch,traditional_9,Traditional No. 9,goals_per90,0.35,0.922,99.5,208
345808,Pio Esposito,traditional_9,Traditional No. 9,goals_per90,0.35,0.619,89.9,208
283058,Nicolas Jackson,traditional_9,Traditional No. 9,goals_per90,0.35,0.311,43.8,208
37938,Sheraldo Becker,traditional_9,Traditional No. 9,goals_per90,0.35,0.629,89.9,208
162707,Elye Wahi,traditional_9,Traditional No. 9,goals_per90,0.35,0.325,46.6,208
161948,Liam Delap,traditional_9,Traditional No. 9,goals_per90,0.35,0.325,46.6,208
21451,R. Ripart,traditional_9,Traditional No. 9,goals_per90,0.35,0.327,46.6,208
161590,Ivan Azón,traditional_9,Traditional No. 9,goals_per90,0.35,0.331,47.1,208
66019,A. Hložek,traditional_9,Traditional No. 9,goals_per90,0.35,0.667,93.3,208
342188,D. Pejčinović,traditional_9,Traditional No. 9,goals_per90,0.35,0.0,1.0,208
47264,Hugo Duro,traditional_9,Traditional No. 9,goals_per90,0.35,0.0,1.0,208
264122,Nikola Štulić,traditional_9,Traditional No. 9,goals_per90,0.35,0.0,1.0,208
794,P. Schick,traditional_9,Traditional No. 9,goals_per90,0.35,1.379,100.0,208
30544,Gianluca Scamacca,traditional_9,Traditional No. 9,goals_per90,0.35,0.347,49.0,208
9366,Igor Jesus,traditional_9,Traditional No. 9,goals_per90,0.35,0.352,49.5,208
2295,Olivier Giroud,traditional_9,Traditional No. 9,goals_per90,0.35,0.353,50.0,208
137302,C. Archer,traditional_9,Traditional No. 9,goals_per90,0.35,1.063,99.5,208
931,Ferran Torres,traditional_9,Traditional No. 9,goals_per90,0.35,1.429,100.0,208
608028,Mamadou Koné,traditional_9,Traditional No. 9,goals_per90,0.35,0.361,54.3,208
104853,Asier Villalibre,traditional_9,Traditional No. 9,goals_per90,0.35,0.0,1.0,208
320517,Pablo Durán,traditional_9,Traditional No. 9,goals_per90,0.35,0.732,96.2,208
32137,E. Latte Lath,traditional_9,Traditional No. 9,goals_per90,0.35,0.367,57.2,208
326073,R. Labeau Lascary,traditional_9,Traditional No. 9,goals_per90,0.35,0.37,58.7,208
380691,Jay Robinson,traditional_9,Traditional No. 9,goals_per90,0.35,0.378,59.6,208
8598,T. Awoniyi,traditional_9,Traditional No. 9,goals_per90,0.35,0.0,1.0,208
26475,D. Undav,traditional_9,Traditional No. 9,goals_per90,0.35,0.0,1.0,208
21509,Marcus Thuram,traditional_9,Traditional No. 9,goals_per90,0.35,0.786,98.6,208
281408,Vitinha,traditional_9,Traditional No. 9,goals_per90,0.35,0.0,1.0,208
82090,Brandon Thomas-Asante,traditional_9,Traditional No. 9,goals_per90,0.35,0.0,1.0,208
46790,Víctor García,traditional_9,Traditional No. 9,goals_per90,0.35,0.0,1.0,208
26256,T. Kleindienst,traditional_9,Traditional No. 9,goals_per90,0.35,0.0,1.0,208
292218,M. LjubiÄiÄ,traditional_9,Traditional No. 9,goals_per90,0.35,0.0,1.0,208
347885,Marcos Fernández,traditional_9,Traditional No. 9,goals_per90,0.35,0.417,66.8,208
156465,I. Soumaré,traditional_9,Traditional No. 9,goals_per90,0.35,0.0,1.0,208
328235,S. Marino,traditional_9,Traditional No. 9,goals_per90,0.35,0.419,66.8,208
185398,Isaac Romero,traditional_9,Traditional No. 9,goals_per90,0.35,0.427,67.3,208
277862,Joël Monteiro,traditional_9,Traditional No. 9,goals_per90,0.35,0.0,1.0,208
332308,Unai Gómez,traditional_9,Traditional No. 9,goals_per90,0.35,0.0,1.0,208
115,M. Sylla,traditional_9,Traditional No. 9,goals_per90,0.35,0.0,1.0,208
1098,P. Daka,traditional_9,Traditional No. 9,goals_per90,0.35,0.0,1.0,208
278095,Jonathan Rowe,traditional_9,Traditional No. 9,goals_per90,0.35,0.0,1.0,208
46930,E. Demirović,traditional_9,Traditional No. 9,goals_per90,0.35,0.446,71.6,208
85772,J. Le Douaron,traditional_9,Traditional No. 9,goals_per90,0.35,0.457,72.1,208
8643,Konan N'Dri,traditional_9,Traditional No. 9,goals_per90,0.35,0.0,1.0,208
50739,Brenden Aaronson,traditional_9,Traditional No. 9,goals_per90,0.35,0.0,1.0,208
322560,Lucas Stassin,traditional_9,Traditional No. 9,goals_per90,0.35,0.462,73.1,208
72155,Ayase Ueda,traditional_9,Traditional No. 9,goals_per90,0.35,0.928,99.5,208
405237,K. Boudache,traditional_9,Traditional No. 9,goals_per90,0.35,0.0,1.0,208
19524,Che Adams,traditional_9,Traditional No. 9,goals_per90,0.35,0.933,99.5,208
1649,Patrick Cutrone,traditional_9,Traditional No. 9,goals_per90,0.35,0.0,1.0,208
37439,R. Ache,traditional_9,Traditional No. 9,goals_per90,0.35,0.469,74.5,208
66817,Nikola Krstović,traditional_9,Traditional No. 9,goals_per90,0.35,0.471,75.0,208
133729,Tijjani Noslin,traditional_9,Traditional No. 9,goals_per90,0.35,0.984,99.5,208
310943,Alisson Santos,traditional_9,Traditional No. 9,goals_per90,0.35,0.0,1.0,208
202951,Franjo Ivanović,traditional_9,Traditional No. 9,goals_per90,0.35,1.0,99.5,208
312990,Roberto Fernández,traditional_9,Traditional No. 9,shot_accuracy_pct,0.25,42.857,19.2,208
376401,Chupete,traditional_9,Traditional No. 9,shot_accuracy_pct,0.25,25.0,0.7,208
1465,Pierre-Emerick Aubameyang,traditional_9,Traditional No. 9,shot_accuracy_pct,0.25,71.429,95.7,208
195512,Martín Satriano,traditional_9,Traditional No. 9,shot_accuracy_pct,0.25,25.0,0.7,208
47499,Enes Ünal,traditional_9,Traditional No. 9,shot_accuracy_pct,0.25,25.0,0.7,208
83,Arnaut Danjuma,traditional_9,Traditional No. 9,shot_accuracy_pct,0.25,38.462,6.7,208
46746,Ante Budimir,traditional_9,Traditional No. 9,shot_accuracy_pct,0.25,61.111,80.8,208
608,Lucas Boyé,traditional_9,Traditional No. 9,shot_accuracy_pct,0.25,46.154,28.4,208
184277,Fernando Niño,traditional_9,Traditional No. 9,shot_accuracy_pct,0.25,81.818,99.0,208
52,Sergio Camello,traditional_9,Traditional No. 9,shot_accuracy_pct,0.25,64.706,88.0,208
21104,Randal Kolo Muani,traditional_9,Traditional No. 9,shot_accuracy_pct,0.25,42.857,19.2,208
1100,Erling Haaland,traditional_9,Traditional No. 9,shot_accuracy_pct,0.25,55.556,63.0,208
22264,L. Ajorque,traditional_9,Traditional No. 9,shot_accuracy_pct,0.25,31.25,3.6,208
41585,Gonçalo Ramos,traditional_9,Traditional No. 9,shot_accuracy_pct,0.25,36.364,5.8,208
47582,Cucho Hernández,traditional_9,Traditional No. 9,shot_accuracy_pct,0.25,66.667,89.4,208
196156,Thiago,traditional_9,Traditional No. 9,shot_accuracy_pct,0.25,33.333,3.8,208
19337,Oli McBurnie,traditional_9,Traditional No. 9,shot_accuracy_pct,0.25,42.857,19.2,208
20649,Yoane Wissa,traditional_9,Traditional No. 9,shot_accuracy_pct,0.25,33.333,3.8,208
978,K. Havertz,traditional_9,Traditional No. 9,shot_accuracy_pct,0.25,66.667,89.4,208
541,Jürgen Ekkelenkamp,traditional_9,Traditional No. 9,shot_accuracy_pct,0.25,44.444,23.6,208
90617,Lassine Sinayoko,traditional_9,Traditional No. 9,shot_accuracy_pct,0.25,75.0,96.9,208
1945,Ally Samatta,traditional_9,Traditional No. 9,shot_accuracy_pct,0.25,56.25,66.3,208
842,Nikola Vlašić,traditional_9,Traditional No. 9,shot_accuracy_pct,0.25,66.667,89.4,208
336711,Gonzalo García,traditional_9,Traditional No. 9,shot_accuracy_pct,0.25,28.571,2.4,208
152856,Evanilson,traditional_9,Traditional No. 9,shot_accuracy_pct,0.25,40.0,10.3,208
85558,Louis Mafouta,traditional_9,Traditional No. 9,shot_accuracy_pct,0.25,72.727,96.2,208
18766,Dominic Calvert-Lewin,traditional_9,Traditional No. 9,shot_accuracy_pct,0.25,75.0,96.9,208
314254,Antonio Raimondo,traditional_9,Traditional No. 9,shot_accuracy_pct,0.25,60.0,78.4,208
343684,Thierno Barry,traditional_9,Traditional No. 9,shot_accuracy_pct,0.25,35.714,4.8,208
2864,Alexander Isak,traditional_9,Traditional No. 9,shot_accuracy_pct,0.25,58.333,75.5,208
57446,Akor Adams,traditional_9,Traditional No. 9,shot_accuracy_pct,0.25,50.0,40.4,208
574733,Bil Nsongo,traditional_9,Traditional No. 9,shot_accuracy_pct,0.25,40.0,10.3,208
38750,Brian Brobbey,traditional_9,Traditional No. 9,shot_accuracy_pct,0.25,62.5,82.5,208
327536,Robbie Ure,traditional_9,Traditional No. 9,shot_accuracy_pct,0.25,20.0,0.0,208
47294,Iñaki Williams,traditional_9,Traditional No. 9,shot_accuracy_pct,0.25,45.455,27.4,208
386276,Paris Brunner,traditional_9,Traditional No. 9,shot_accuracy_pct,0.25,69.231,92.8,208
122734,Ferrán Jutglà,traditional_9,Traditional No. 9,shot_accuracy_pct,0.25,50.0,40.4,208
457101,Yassir Zabiri,traditional_9,Traditional No. 9,shot_accuracy_pct,0.25,80.0,98.6,208
193188,A. El Ouazzani,traditional_9,Traditional No. 9,shot_accuracy_pct,0.25,28.571,2.4,208
277191,Abdallah Sima,traditional_9,Traditional No. 9,shot_accuracy_pct,0.25,37.5,6.0,208
192032,Iván Romero,traditional_9,Traditional No. 9,shot_accuracy_pct,0.25,50.0,40.4,208
163004,E. Lepaul,traditional_9,Traditional No. 9,shot_accuracy_pct,0.25,52.632,47.6,208
194750,El Bilal Touré,traditional_9,Traditional No. 9,shot_accuracy_pct,0.25,60.0,78.4,208
6662,Santiago Pierotti,traditional_9,Traditional No. 9,shot_accuracy_pct,0.25,66.667,89.4,208
288006,Rasmus Højlund,traditional_9,Traditional No. 9,shot_accuracy_pct,0.25,66.667,89.4,208
626704,Paul Mendy,traditional_9,Traditional No. 9,shot_accuracy_pct,0.25,42.857,19.2,208
10329,João Pedro,traditional_9,Traditional No. 9,shot_accuracy_pct,0.25,50.0,40.4,208
26171,Phillip Tietz,traditional_9,Traditional No. 9,shot_accuracy_pct,0.25,43.75,21.4,208
30440,Roberto Piccoli,traditional_9,Traditional No. 9,shot_accuracy_pct,0.25,25.0,0.7,208
146751,Raúl García de Haro,traditional_9,Traditional No. 9,shot_accuracy_pct,0.25,55.556,63.0,208
392482,C. Kostoulas,traditional_9,Traditional No. 9,shot_accuracy_pct,0.25,45.455,27.4,208
292172,Mateo Pellegrino,traditional_9,Traditional No. 9,shot_accuracy_pct,0.25,40.0,10.3,208
18906,Ayoze Pérez,traditional_9,Traditional No. 9,shot_accuracy_pct,0.25,70.0,94.2,208
30414,Giovanni Simeone,traditional_9,Traditional No. 9,shot_accuracy_pct,0.25,14.286,0.0,208
47181,Toni Martínez,traditional_9,Traditional No. 9,shot_accuracy_pct,0.25,0.0,0.0,208
203428,Jacen Russell Rowe,traditional_9,Traditional No. 9,shot_accuracy_pct,0.25,55.556,63.0,208
81573,Omar Marmoush,traditional_9,Traditional No. 9,shot_accuracy_pct,0.25,20.0,0.0,208
21393,S. Guirassy,traditional_9,Traditional No. 9,shot_accuracy_pct,0.25,63.636,86.1,208
340547,Gustavo Varela,traditional_9,Traditional No. 9,shot_accuracy_pct,0.25,55.556,63.0,208
86,L. Openda,traditional_9,Traditional No. 9,shot_accuracy_pct,0.25,50.0,40.4,208
483118,Gabin Bernardeau,traditional_9,Traditional No. 9,shot_accuracy_pct,0.25,33.333,3.8,208
202696,I. Matanović,traditional_9,Traditional No. 9,shot_accuracy_pct,0.25,81.818,99.0,208
288769,Tommaso Baldanzi,traditional_9,Traditional No. 9,shot_accuracy_pct,0.25,33.333,3.8,208
217,Lautaro Martínez,traditional_9,Traditional No. 9,shot_accuracy_pct,0.25,37.5,6.0,208
760,Mariano Díaz,traditional_9,Traditional No. 9,shot_accuracy_pct,0.25,100.0,100.0,208
26845,Anastasios Douvikas,traditional_9,Traditional No. 9,shot_accuracy_pct,0.25,80.0,98.6,208
48648,Dan Ndoye,traditional_9,Traditional No. 9,shot_accuracy_pct,0.25,20.0,0.0,208
321648,Emersonn,traditional_9,Traditional No. 9,shot_accuracy_pct,0.25,50.0,40.4,208
263481,Lorenzo Colombo,traditional_9,Traditional No. 9,shot_accuracy_pct,0.25,25.0,0.7,208
25926,J. Burkardt,traditional_9,Traditional No. 9,shot_accuracy_pct,0.25,50.0,40.4,208
483670,Simone Lontani,traditional_9,Traditional No. 9,shot_accuracy_pct,0.25,40.0,10.3,208
61774,Orri Óskarsson,traditional_9,Traditional No. 9,shot_accuracy_pct,0.25,66.667,89.4,208
350047,D. Mokwa,traditional_9,Traditional No. 9,shot_accuracy_pct,0.25,50.0,40.4,208
269163,Williot Swedberg,traditional_9,Traditional No. 9,shot_accuracy_pct,0.25,100.0,100.0,208
178106,M. Pieringer,traditional_9,Traditional No. 9,shot_accuracy_pct,0.25,33.333,3.8,208
25391,N. Füllkrug,traditional_9,Traditional No. 9,shot_accuracy_pct,0.25,70.0,94.2,208
561010,Jacobo Ortega,traditional_9,Traditional No. 9,shot_accuracy_pct,0.25,80.0,98.6,208
2032,Jørgen Strand Larsen,traditional_9,Traditional No. 9,shot_accuracy_pct,0.25,66.667,89.4,208
126690,Kieron Bowie,traditional_9,Traditional No. 9,shot_accuracy_pct,0.25,42.857,19.2,208
4743,Dame Gueye,traditional_9,Traditional No. 9,shot_accuracy_pct,0.25,33.333,3.8,208
66761,Milutin Osmajić,traditional_9,Traditional No. 9,shot_accuracy_pct,0.25,40.0,10.3,208
25297,M. Gregoritsch,traditional_9,Traditional No. 9,shot_accuracy_pct,0.25,88.889,100.0,208
345808,Pio Esposito,traditional_9,Traditional No. 9,shot_accuracy_pct,0.25,55.556,63.0,208
283058,Nicolas Jackson,traditional_9,Traditional No. 9,shot_accuracy_pct,0.25,33.333,3.8,208
37938,Sheraldo Becker,traditional_9,Traditional No. 9,shot_accuracy_pct,0.25,54.545,60.1,208
162707,Elye Wahi,traditional_9,Traditional No. 9,shot_accuracy_pct,0.25,66.667,89.4,208
161948,Liam Delap,traditional_9,Traditional No. 9,shot_accuracy_pct,0.25,10.0,0.0,208
21451,R. Ripart,traditional_9,Traditional No. 9,shot_accuracy_pct,0.25,42.857,19.2,208
161590,Ivan Azón,traditional_9,Traditional No. 9,shot_accuracy_pct,0.25,57.143,68.8,208
66019,A. Hložek,traditional_9,Traditional No. 9,shot_accuracy_pct,0.25,30.769,3.4,208
342188,D. Pejčinović,traditional_9,Traditional No. 9,shot_accuracy_pct,0.25,22.222,0.0,208
47264,Hugo Duro,traditional_9,Traditional No. 9,shot_accuracy_pct,0.25,0.0,0.0,208
264122,Nikola Štulić,traditional_9,Traditional No. 9,shot_accuracy_pct,0.25,50.0,40.4,208
794,P. Schick,traditional_9,Traditional No. 9,shot_accuracy_pct,0.25,43.75,21.4,208
30544,Gianluca Scamacca,traditional_9,Traditional No. 9,shot_accuracy_pct,0.25,66.667,89.4,208
9366,Igor Jesus,traditional_9,Traditional No. 9,shot_accuracy_pct,0.25,80.0,98.6,208
2295,Olivier Giroud,traditional_9,Traditional No. 9,shot_accuracy_pct,0.25,50.0,40.4,208
137302,C. Archer,traditional_9,Traditional No. 9,shot_accuracy_pct,0.25,71.429,95.7,208
931,Ferran Torres,traditional_9,Traditional No. 9,shot_accuracy_pct,0.25,55.556,63.0,208
608028,Mamadou Koné,traditional_9,Traditional No. 9,shot_accuracy_pct,0.25,85.714,99.5,208
104853,Asier Villalibre,traditional_9,Traditional No. 9,shot_accuracy_pct,0.25,33.333,3.8,208
320517,Pablo Durán,traditional_9,Traditional No. 9,shot_accuracy_pct,0.25,80.0,98.6,208
32137,E. Latte Lath,traditional_9,Traditional No. 9,shot_accuracy_pct,0.25,50.0,40.4,208
326073,R. Labeau Lascary,traditional_9,Traditional No. 9,shot_accuracy_pct,0.25,75.0,96.9,208
380691,Jay Robinson,traditional_9,Traditional No. 9,shot_accuracy_pct,0.25,66.667,89.4,208
8598,T. Awoniyi,traditional_9,Traditional No. 9,shot_accuracy_pct,0.25,40.0,10.3,208
26475,D. Undav,traditional_9,Traditional No. 9,shot_accuracy_pct,0.25,100.0,100.0,208
21509,Marcus Thuram,traditional_9,Traditional No. 9,shot_accuracy_pct,0.25,41.667,13.9,208
281408,Vitinha,traditional_9,Traditional No. 9,shot_accuracy_pct,0.25,50.0,40.4,208
82090,Brandon Thomas-Asante,traditional_9,Traditional No. 9,shot_accuracy_pct,0.25,60.0,78.4,208
46790,Víctor García,traditional_9,Traditional No. 9,shot_accuracy_pct,0.25,0.0,0.0,208
26256,T. Kleindienst,traditional_9,Traditional No. 9,shot_accuracy_pct,0.25,25.0,0.7,208
292218,M. LjubiÄiÄ,traditional_9,Traditional No. 9,shot_accuracy_pct,0.25,66.667,89.4,208
347885,Marcos Fernández,traditional_9,Traditional No. 9,shot_accuracy_pct,0.25,44.444,23.6,208
156465,I. Soumaré,traditional_9,Traditional No. 9,shot_accuracy_pct,0.25,25.0,0.7,208
328235,S. Marino,traditional_9,Traditional No. 9,shot_accuracy_pct,0.25,50.0,40.4,208
185398,Isaac Romero,traditional_9,Traditional No. 9,shot_accuracy_pct,0.25,20.0,0.0,208
277862,Joël Monteiro,traditional_9,Traditional No. 9,shot_accuracy_pct,0.25,0.0,0.0,208
332308,Unai Gómez,traditional_9,Traditional No. 9,shot_accuracy_pct,0.25,100.0,100.0,208
115,M. Sylla,traditional_9,Traditional No. 9,shot_accuracy_pct,0.25,50.0,40.4,208
1098,P. Daka,traditional_9,Traditional No. 9,shot_accuracy_pct,0.25,0.0,0.0,208
278095,Jonathan Rowe,traditional_9,Traditional No. 9,shot_accuracy_pct,0.25,40.0,10.3,208
46930,E. Demirović,traditional_9,Traditional No. 9,shot_accuracy_pct,0.25,57.143,68.8,208
85772,J. Le Douaron,traditional_9,Traditional No. 9,shot_accuracy_pct,0.25,28.571,2.4,208
8643,Konan N'Dri,traditional_9,Traditional No. 9,shot_accuracy_pct,0.25,0.0,0.0,208
50739,Brenden Aaronson,traditional_9,Traditional No. 9,shot_accuracy_pct,0.25,100.0,100.0,208
322560,Lucas Stassin,traditional_9,Traditional No. 9,shot_accuracy_pct,0.25,66.667,89.4,208
72155,Ayase Ueda,traditional_9,Traditional No. 9,shot_accuracy_pct,0.25,77.778,98.1,208
405237,K. Boudache,traditional_9,Traditional No. 9,shot_accuracy_pct,0.25,20.0,0.0,208
19524,Che Adams,traditional_9,Traditional No. 9,shot_accuracy_pct,0.25,100.0,100.0,208
1649,Patrick Cutrone,traditional_9,Traditional No. 9,shot_accuracy_pct,0.25,25.0,0.7,208
37439,R. Ache,traditional_9,Traditional No. 9,shot_accuracy_pct,0.25,12.5,0.0,208
66817,Nikola Krstović,traditional_9,Traditional No. 9,shot_accuracy_pct,0.25,60.0,78.4,208
133729,Tijjani Noslin,traditional_9,Traditional No. 9,shot_accuracy_pct,0.25,60.0,78.4,208
310943,Alisson Santos,traditional_9,Traditional No. 9,shot_accuracy_pct,0.25,25.0,0.7,208
202951,Franjo Ivanović,traditional_9,Traditional No. 9,shot_accuracy_pct,0.25,100.0,100.0,208
312990,Roberto Fernández,traditional_9,Traditional No. 9,shots_total_per90,0.2,2.055,62.0,208
376401,Chupete,traditional_9,Traditional No. 9,shots_total_per90,0.2,1.918,51.9,208
1465,Pierre-Emerick Aubameyang,traditional_9,Traditional No. 9,shots_total_per90,0.2,2.25,73.1,208
195512,Martín Satriano,traditional_9,Traditional No. 9,shots_total_per90,0.2,1.985,56.2,208
47499,Enes Ünal,traditional_9,Traditional No. 9,shots_total_per90,0.2,1.333,20.2,208
83,Arnaut Danjuma,traditional_9,Traditional No. 9,shots_total_per90,0.2,2.224,72.6,208
46746,Ante Budimir,traditional_9,Traditional No. 9,shots_total_per90,0.2,3.227,97.1,208
608,Lucas Boyé,traditional_9,Traditional No. 9,shots_total_per90,0.2,2.417,83.2,208
184277,Fernando Niño,traditional_9,Traditional No. 9,shots_total_per90,0.2,2.106,65.4,208
52,Sergio Camello,traditional_9,Traditional No. 9,shots_total_per90,0.2,3.255,97.1,208
21104,Randal Kolo Muani,traditional_9,Traditional No. 9,shots_total_per90,0.2,1.388,21.6,208
1100,Erling Haaland,traditional_9,Traditional No. 9,shots_total_per90,0.2,3.6,99.0,208
22264,L. Ajorque,traditional_9,Traditional No. 9,shots_total_per90,0.2,3.229,97.1,208
41585,Gonçalo Ramos,traditional_9,Traditional No. 9,shots_total_per90,0.2,2.225,72.6,208
47582,Cucho Hernández,traditional_9,Traditional No. 9,shots_total_per90,0.2,1.824,44.7,208
196156,Thiago,traditional_9,Traditional No. 9,shots_total_per90,0.2,2.438,83.7,208
19337,Oli McBurnie,traditional_9,Traditional No. 9,shots_total_per90,0.2,1.425,24.5,208
20649,Yoane Wissa,traditional_9,Traditional No. 9,shots_total_per90,0.2,1.837,46.6,208
978,K. Havertz,traditional_9,Traditional No. 9,shots_total_per90,0.2,1.849,47.6,208
541,Jürgen Ekkelenkamp,traditional_9,Traditional No. 9,shots_total_per90,0.2,1.862,48.1,208
90617,Lassine Sinayoko,traditional_9,Traditional No. 9,shots_total_per90,0.2,2.483,85.1,208
1945,Ally Samatta,traditional_9,Traditional No. 9,shots_total_per90,0.2,3.318,97.6,208
842,Nikola Vlašić,traditional_9,Traditional No. 9,shots_total_per90,0.2,0.622,0.5,208
336711,Gonzalo García,traditional_9,Traditional No. 9,shots_total_per90,0.2,1.475,26.4,208
152856,Evanilson,traditional_9,Traditional No. 9,shots_total_per90,0.2,1.059,10.6,208
85558,Louis Mafouta,traditional_9,Traditional No. 9,shots_total_per90,0.2,2.34,79.3,208
18766,Dominic Calvert-Lewin,traditional_9,Traditional No. 9,shots_total_per90,0.2,1.71,38.0,208
314254,Antonio Raimondo,traditional_9,Traditional No. 9,shots_total_per90,0.2,2.148,65.9,208
343684,Thierno Barry,traditional_9,Traditional No. 9,shots_total_per90,0.2,3.007,94.7,208
2864,Alexander Isak,traditional_9,Traditional No. 9,shots_total_per90,0.2,2.602,87.0,208
57446,Akor Adams,traditional_9,Traditional No. 9,shots_total_per90,0.2,3.051,95.2,208
574733,Bil Nsongo,traditional_9,Traditional No. 9,shots_total_per90,0.2,1.1,12.0,208
38750,Brian Brobbey,traditional_9,Traditional No. 9,shots_total_per90,0.2,1.796,43.8,208
327536,Robbie Ure,traditional_9,Traditional No. 9,shots_total_per90,0.2,1.134,12.0,208
47294,Iñaki Williams,traditional_9,Traditional No. 9,shots_total_per90,0.2,2.526,86.5,208
386276,Paris Brunner,traditional_9,Traditional No. 9,shots_total_per90,0.2,3.0,94.7,208
122734,Ferrán Jutglà,traditional_9,Traditional No. 9,shots_total_per90,0.2,1.392,21.6,208
457101,Yassir Zabiri,traditional_9,Traditional No. 9,shots_total_per90,0.2,2.332,79.3,208
193188,A. El Ouazzani,traditional_9,Traditional No. 9,shots_total_per90,0.2,1.636,34.1,208
277191,Abdallah Sima,traditional_9,Traditional No. 9,shots_total_per90,0.2,1.875,49.0,208
192032,Iván Romero,traditional_9,Traditional No. 9,shots_total_per90,0.2,3.325,97.6,208
163004,E. Lepaul,traditional_9,Traditional No. 9,shots_total_per90,0.2,4.548,100.0,208
194750,El Bilal Touré,traditional_9,Traditional No. 9,shots_total_per90,0.2,1.21,15.4,208
6662,Santiago Pierotti,traditional_9,Traditional No. 9,shots_total_per90,0.2,0.73,1.0,208
288006,Rasmus Højlund,traditional_9,Traditional No. 9,shots_total_per90,0.2,1.488,26.9,208
626704,Paul Mendy,traditional_9,Traditional No. 9,shots_total_per90,0.2,1.745,39.9,208
10329,João Pedro,traditional_9,Traditional No. 9,shots_total_per90,0.2,2.0,57.7,208
26171,Phillip Tietz,traditional_9,Traditional No. 9,shots_total_per90,0.2,4.0,100.0,208
30440,Roberto Piccoli,traditional_9,Traditional No. 9,shots_total_per90,0.2,2.011,58.7,208
146751,Raúl García de Haro,traditional_9,Traditional No. 9,shots_total_per90,0.2,2.269,75.0,208
392482,C. Kostoulas,traditional_9,Traditional No. 9,shots_total_per90,0.2,2.781,91.8,208
292172,Mateo Pellegrino,traditional_9,Traditional No. 9,shots_total_per90,0.2,1.278,16.8,208
18906,Ayoze Pérez,traditional_9,Traditional No. 9,shots_total_per90,0.2,2.564,86.5,208
30414,Giovanni Simeone,traditional_9,Traditional No. 9,shots_total_per90,0.2,1.805,44.2,208
47181,Toni Martínez,traditional_9,Traditional No. 9,shots_total_per90,0.2,2.837,92.8,208
203428,Jacen Russell Rowe,traditional_9,Traditional No. 9,shots_total_per90,0.2,2.368,79.8,208
81573,Omar Marmoush,traditional_9,Traditional No. 9,shots_total_per90,0.2,1.32,18.3,208
21393,S. Guirassy,traditional_9,Traditional No. 9,shots_total_per90,0.2,2.903,93.8,208
340547,Gustavo Varela,traditional_9,Traditional No. 9,shots_total_per90,0.2,2.396,81.7,208
86,L. Openda,traditional_9,Traditional No. 9,shots_total_per90,0.2,3.234,97.1,208
483118,Gabin Bernardeau,traditional_9,Traditional No. 9,shots_total_per90,0.2,0.811,3.4,208
202696,I. Matanović,traditional_9,Traditional No. 9,shots_total_per90,0.2,3.056,95.2,208
288769,Tommaso Baldanzi,traditional_9,Traditional No. 9,shots_total_per90,0.2,0.833,3.8,208
217,Lautaro Martínez,traditional_9,Traditional No. 9,shots_total_per90,0.2,4.458,100.0,208
760,Mariano Díaz,traditional_9,Traditional No. 9,shots_total_per90,0.2,2.229,72.6,208
26845,Anastasios Douvikas,traditional_9,Traditional No. 9,shots_total_per90,0.2,2.804,91.8,208
48648,Dan Ndoye,traditional_9,Traditional No. 9,shots_total_per90,0.2,2.804,91.8,208
321648,Emersonn,traditional_9,Traditional No. 9,shots_total_per90,0.2,2.243,73.1,208
263481,Lorenzo Colombo,traditional_9,Traditional No. 9,shots_total_per90,0.2,1.121,12.0,208
25926,J. Burkardt,traditional_9,Traditional No. 9,shots_total_per90,0.2,2.257,73.6,208
483670,Simone Lontani,traditional_9,Traditional No. 9,shots_total_per90,0.2,1.411,23.1,208
61774,Orri Óskarsson,traditional_9,Traditional No. 9,shots_total_per90,0.2,1.698,37.5,208
350047,D. Mokwa,traditional_9,Traditional No. 9,shots_total_per90,0.2,1.154,12.0,208
269163,Williot Swedberg,traditional_9,Traditional No. 9,shots_total_per90,0.2,0.871,5.3,208
178106,M. Pieringer,traditional_9,Traditional No. 9,shots_total_per90,0.2,0.882,5.3,208
25391,N. Füllkrug,traditional_9,Traditional No. 9,shots_total_per90,0.2,2.941,94.7,208
561010,Jacobo Ortega,traditional_9,Traditional No. 9,shots_total_per90,0.2,1.49,27.4,208
2032,Jørgen Strand Larsen,traditional_9,Traditional No. 9,shots_total_per90,0.2,1.794,43.8,208
126690,Kieron Bowie,traditional_9,Traditional No. 9,shots_total_per90,0.2,2.1,65.4,208
4743,Dame Gueye,traditional_9,Traditional No. 9,shots_total_per90,0.2,1.818,44.7,208
66761,Milutin Osmajić,traditional_9,Traditional No. 9,shots_total_per90,0.2,1.515,28.8,208
25297,M. Gregoritsch,traditional_9,Traditional No. 9,shots_total_per90,0.2,2.765,91.3,208
345808,Pio Esposito,traditional_9,Traditional No. 9,shots_total_per90,0.2,2.784,91.8,208
283058,Nicolas Jackson,traditional_9,Traditional No. 9,shots_total_per90,0.2,1.869,48.6,208
37938,Sheraldo Becker,traditional_9,Traditional No. 9,shots_total_per90,0.2,3.462,98.6,208
162707,Elye Wahi,traditional_9,Traditional No. 9,shots_total_per90,0.2,1.949,53.4,208
161948,Liam Delap,traditional_9,Traditional No. 9,shots_total_per90,0.2,3.249,97.1,208
21451,R. Ripart,traditional_9,Traditional No. 9,shots_total_per90,0.2,2.291,76.4,208
161590,Ivan Azón,traditional_9,Traditional No. 9,shots_total_per90,0.2,2.316,77.4,208
66019,A. Hložek,traditional_9,Traditional No. 9,shots_total_per90,0.2,4.333,100.0,208
342188,D. Pejčinović,traditional_9,Traditional No. 9,shots_total_per90,0.2,3.011,94.7,208
47264,Hugo Duro,traditional_9,Traditional No. 9,shots_total_per90,0.2,0.341,0.0,208
264122,Nikola Štulić,traditional_9,Traditional No. 9,shots_total_per90,0.2,1.379,21.6,208
794,P. Schick,traditional_9,Traditional No. 9,shots_total_per90,0.2,5.517,100.0,208
30544,Gianluca Scamacca,traditional_9,Traditional No. 9,shots_total_per90,0.2,2.085,63.9,208
9366,Igor Jesus,traditional_9,Traditional No. 9,shots_total_per90,0.2,1.758,40.9,208
2295,Olivier Giroud,traditional_9,Traditional No. 9,shots_total_per90,0.2,1.412,23.6,208
137302,C. Archer,traditional_9,Traditional No. 9,shots_total_per90,0.2,2.48,85.1,208
931,Ferran Torres,traditional_9,Traditional No. 9,shots_total_per90,0.2,3.214,97.1,208
608028,Mamadou Koné,traditional_9,Traditional No. 9,shots_total_per90,0.2,2.53,86.5,208
104853,Asier Villalibre,traditional_9,Traditional No. 9,shots_total_per90,0.2,1.098,12.0,208
320517,Pablo Durán,traditional_9,Traditional No. 9,shots_total_per90,0.2,1.829,45.2,208
32137,E. Latte Lath,traditional_9,Traditional No. 9,shots_total_per90,0.2,1.469,26.0,208
326073,R. Labeau Lascary,traditional_9,Traditional No. 9,shots_total_per90,0.2,2.963,94.7,208
380691,Jay Robinson,traditional_9,Traditional No. 9,shots_total_per90,0.2,2.269,75.0,208
8598,T. Awoniyi,traditional_9,Traditional No. 9,shots_total_per90,0.2,1.923,52.4,208
26475,D. Undav,traditional_9,Traditional No. 9,shots_total_per90,0.2,0.773,1.9,208
21509,Marcus Thuram,traditional_9,Traditional No. 9,shots_total_per90,0.2,4.716,100.0,208
281408,Vitinha,traditional_9,Traditional No. 9,shots_total_per90,0.2,2.358,79.3,208
82090,Brandon Thomas-Asante,traditional_9,Traditional No. 9,shots_total_per90,0.2,1.974,55.3,208
46790,Víctor García,traditional_9,Traditional No. 9,shots_total_per90,0.2,0.404,0.0,208
26256,T. Kleindienst,traditional_9,Traditional No. 9,shots_total_per90,0.2,1.644,35.1,208
292218,M. LjubiÄiÄ,traditional_9,Traditional No. 9,shots_total_per90,0.2,1.244,15.4,208
347885,Marcos Fernández,traditional_9,Traditional No. 9,shots_total_per90,0.2,3.75,99.5,208
156465,I. Soumaré,traditional_9,Traditional No. 9,shots_total_per90,0.2,1.674,37.5,208
328235,S. Marino,traditional_9,Traditional No. 9,shots_total_per90,0.2,1.674,37.5,208
185398,Isaac Romero,traditional_9,Traditional No. 9,shots_total_per90,0.2,2.133,65.9,208
277862,Joël Monteiro,traditional_9,Traditional No. 9,shots_total_per90,0.2,0.429,0.0,208
332308,Unai Gómez,traditional_9,Traditional No. 9,shots_total_per90,0.2,0.429,0.0,208
115,M. Sylla,traditional_9,Traditional No. 9,shots_total_per90,0.2,1.731,38.0,208
1098,P. Daka,traditional_9,Traditional No. 9,shots_total_per90,0.2,3.462,98.6,208
278095,Jonathan Rowe,traditional_9,Traditional No. 9,shots_total_per90,0.2,2.206,71.2,208
46930,E. Demirović,traditional_9,Traditional No. 9,shots_total_per90,0.2,3.119,96.6,208
85772,J. Le Douaron,traditional_9,Traditional No. 9,shots_total_per90,0.2,3.198,96.6,208
8643,Konan N'Dri,traditional_9,Traditional No. 9,shots_total_per90,0.2,1.378,21.6,208
50739,Brenden Aaronson,traditional_9,Traditional No. 9,shots_total_per90,0.2,0.462,0.0,208
322560,Lucas Stassin,traditional_9,Traditional No. 9,shots_total_per90,0.2,2.769,91.8,208
72155,Ayase Ueda,traditional_9,Traditional No. 9,shots_total_per90,0.2,4.175,100.0,208
405237,K. Boudache,traditional_9,Traditional No. 9,shots_total_per90,0.2,2.32,77.4,208
19524,Che Adams,traditional_9,Traditional No. 9,shots_total_per90,0.2,1.399,22.6,208
1649,Patrick Cutrone,traditional_9,Traditional No. 9,shots_total_per90,0.2,1.875,49.0,208
37439,R. Ache,traditional_9,Traditional No. 9,shots_total_per90,0.2,3.75,99.5,208
66817,Nikola Krstović,traditional_9,Traditional No. 9,shots_total_per90,0.2,2.356,79.3,208
133729,Tijjani Noslin,traditional_9,Traditional No. 9,shots_total_per90,0.2,2.459,84.1,208
310943,Alisson Santos,traditional_9,Traditional No. 9,shots_total_per90,0.2,2.0,57.7,208
202951,Franjo Ivanović,traditional_9,Traditional No. 9,shots_total_per90,0.2,2.0,57.7,208
312990,Roberto Fernández,traditional_9,Traditional No. 9,duel_win_pct,0.1,44.444,69.2,208
376401,Chupete,traditional_9,Traditional No. 9,duel_win_pct,0.1,45.763,79.8,208
1465,Pierre-Emerick Aubameyang,traditional_9,Traditional No. 9,duel_win_pct,0.1,50.0,90.9,208
195512,Martín Satriano,traditional_9,Traditional No. 9,duel_win_pct,0.1,44.828,71.6,208
47499,Enes Ünal,traditional_9,Traditional No. 9,duel_win_pct,0.1,39.759,41.8,208
83,Arnaut Danjuma,traditional_9,Traditional No. 9,duel_win_pct,0.1,48.78,88.9,208
46746,Ante Budimir,traditional_9,Traditional No. 9,duel_win_pct,0.1,59.259,100.0,208
608,Lucas Boyé,traditional_9,Traditional No. 9,duel_win_pct,0.1,41.237,51.0,208
184277,Fernando Niño,traditional_9,Traditional No. 9,duel_win_pct,0.1,41.935,54.3,208
52,Sergio Camello,traditional_9,Traditional No. 9,duel_win_pct,0.1,40.845,50.5,208
21104,Randal Kolo Muani,traditional_9,Traditional No. 9,duel_win_pct,0.1,32.812,6.7,208
1100,Erling Haaland,traditional_9,Traditional No. 9,duel_win_pct,0.1,42.857,61.1,208
22264,L. Ajorque,traditional_9,Traditional No. 9,duel_win_pct,0.1,47.059,83.2,208
41585,Gonçalo Ramos,traditional_9,Traditional No. 9,duel_win_pct,0.1,40.323,46.6,208
47582,Cucho Hernández,traditional_9,Traditional No. 9,duel_win_pct,0.1,34.426,10.6,208
196156,Thiago,traditional_9,Traditional No. 9,duel_win_pct,0.1,34.328,9.6,208
19337,Oli McBurnie,traditional_9,Traditional No. 9,duel_win_pct,0.1,47.778,85.1,208
20649,Yoane Wissa,traditional_9,Traditional No. 9,duel_win_pct,0.1,46.377,81.7,208
978,K. Havertz,traditional_9,Traditional No. 9,duel_win_pct,0.1,44.444,69.2,208
541,Jürgen Ekkelenkamp,traditional_9,Traditional No. 9,duel_win_pct,0.1,52.632,97.1,208
90617,Lassine Sinayoko,traditional_9,Traditional No. 9,duel_win_pct,0.1,51.786,94.7,208
1945,Ally Samatta,traditional_9,Traditional No. 9,duel_win_pct,0.1,54.545,100.0,208
842,Nikola Vlašić,traditional_9,Traditional No. 9,duel_win_pct,0.1,34.091,9.6,208
336711,Gonzalo García,traditional_9,Traditional No. 9,duel_win_pct,0.1,39.062,35.6,208
152856,Evanilson,traditional_9,Traditional No. 9,duel_win_pct,0.1,44.643,70.7,208
85558,Louis Mafouta,traditional_9,Traditional No. 9,duel_win_pct,0.1,40.0,43.8,208
18766,Dominic Calvert-Lewin,traditional_9,Traditional No. 9,duel_win_pct,0.1,46.032,80.8,208
314254,Antonio Raimondo,traditional_9,Traditional No. 9,duel_win_pct,0.1,30.612,1.9,208
343684,Thierno Barry,traditional_9,Traditional No. 9,duel_win_pct,0.1,39.13,36.5,208
2864,Alexander Isak,traditional_9,Traditional No. 9,duel_win_pct,0.1,48.148,87.0,208
57446,Akor Adams,traditional_9,Traditional No. 9,duel_win_pct,0.1,44.737,71.2,208
574733,Bil Nsongo,traditional_9,Traditional No. 9,duel_win_pct,0.1,42.222,57.7,208
38750,Brian Brobbey,traditional_9,Traditional No. 9,duel_win_pct,0.1,51.111,93.8,208
327536,Robbie Ure,traditional_9,Traditional No. 9,duel_win_pct,0.1,27.419,0.5,208
47294,Iñaki Williams,traditional_9,Traditional No. 9,duel_win_pct,0.1,41.463,51.9,208
386276,Paris Brunner,traditional_9,Traditional No. 9,duel_win_pct,0.1,42.0,54.8,208
122734,Ferrán Jutglà,traditional_9,Traditional No. 9,duel_win_pct,0.1,42.222,57.7,208
457101,Yassir Zabiri,traditional_9,Traditional No. 9,duel_win_pct,0.1,31.818,4.3,208
193188,A. El Ouazzani,traditional_9,Traditional No. 9,duel_win_pct,0.1,48.387,88.0,208
277191,Abdallah Sima,traditional_9,Traditional No. 9,duel_win_pct,0.1,43.478,63.9,208
192032,Iván Romero,traditional_9,Traditional No. 9,duel_win_pct,0.1,41.667,52.4,208
163004,E. Lepaul,traditional_9,Traditional No. 9,duel_win_pct,0.1,37.037,21.2,208
194750,El Bilal Touré,traditional_9,Traditional No. 9,duel_win_pct,0.1,41.304,51.4,208
6662,Santiago Pierotti,traditional_9,Traditional No. 9,duel_win_pct,0.1,43.103,61.5,208
288006,Rasmus Højlund,traditional_9,Traditional No. 9,duel_win_pct,0.1,25.0,0.5,208
626704,Paul Mendy,traditional_9,Traditional No. 9,duel_win_pct,0.1,38.462,32.7,208
10329,João Pedro,traditional_9,Traditional No. 9,duel_win_pct,0.1,55.738,100.0,208
26171,Phillip Tietz,traditional_9,Traditional No. 9,duel_win_pct,0.1,44.118,66.3,208
30440,Roberto Piccoli,traditional_9,Traditional No. 9,duel_win_pct,0.1,34.783,12.0,208
146751,Raúl García de Haro,traditional_9,Traditional No. 9,duel_win_pct,0.1,46.512,81.7,208
392482,C. Kostoulas,traditional_9,Traditional No. 9,duel_win_pct,0.1,41.818,52.4,208
292172,Mateo Pellegrino,traditional_9,Traditional No. 9,duel_win_pct,0.1,43.86,64.9,208
18906,Ayoze Pérez,traditional_9,Traditional No. 9,duel_win_pct,0.1,40.0,43.8,208
30414,Giovanni Simeone,traditional_9,Traditional No. 9,duel_win_pct,0.1,49.02,88.9,208
47181,Toni Martínez,traditional_9,Traditional No. 9,duel_win_pct,0.1,53.226,99.0,208
203428,Jacen Russell Rowe,traditional_9,Traditional No. 9,duel_win_pct,0.1,20.0,0.0,208
81573,Omar Marmoush,traditional_9,Traditional No. 9,duel_win_pct,0.1,37.5,24.5,208
21393,S. Guirassy,traditional_9,Traditional No. 9,duel_win_pct,0.1,40.909,50.5,208
340547,Gustavo Varela,traditional_9,Traditional No. 9,duel_win_pct,0.1,21.053,0.0,208
86,L. Openda,traditional_9,Traditional No. 9,duel_win_pct,0.1,58.621,100.0,208
483118,Gabin Bernardeau,traditional_9,Traditional No. 9,duel_win_pct,0.1,50.0,90.9,208
202696,I. Matanović,traditional_9,Traditional No. 9,duel_win_pct,0.1,54.098,100.0,208
288769,Tommaso Baldanzi,traditional_9,Traditional No. 9,duel_win_pct,0.1,45.455,77.9,208
217,Lautaro Martínez,traditional_9,Traditional No. 9,duel_win_pct,0.1,44.118,66.3,208
760,Mariano Díaz,traditional_9,Traditional No. 9,duel_win_pct,0.1,35.556,13.0,208
26845,Anastasios Douvikas,traditional_9,Traditional No. 9,duel_win_pct,0.1,48.718,88.9,208
48648,Dan Ndoye,traditional_9,Traditional No. 9,duel_win_pct,0.1,35.135,13.0,208
321648,Emersonn,traditional_9,Traditional No. 9,duel_win_pct,0.1,41.86,52.9,208
263481,Lorenzo Colombo,traditional_9,Traditional No. 9,duel_win_pct,0.1,26.531,0.5,208
25926,J. Burkardt,traditional_9,Traditional No. 9,duel_win_pct,0.1,38.462,32.7,208
483670,Simone Lontani,traditional_9,Traditional No. 9,duel_win_pct,0.1,44.186,67.8,208
61774,Orri Óskarsson,traditional_9,Traditional No. 9,duel_win_pct,0.1,34.884,12.5,208
350047,D. Mokwa,traditional_9,Traditional No. 9,duel_win_pct,0.1,40.741,50.0,208
269163,Williot Swedberg,traditional_9,Traditional No. 9,duel_win_pct,0.1,52.273,95.7,208
178106,M. Pieringer,traditional_9,Traditional No. 9,duel_win_pct,0.1,24.39,0.5,208
25391,N. Füllkrug,traditional_9,Traditional No. 9,duel_win_pct,0.1,47.727,85.1,208
561010,Jacobo Ortega,traditional_9,Traditional No. 9,duel_win_pct,0.1,35.135,13.0,208
2032,Jørgen Strand Larsen,traditional_9,Traditional No. 9,duel_win_pct,0.1,40.476,47.6,208
126690,Kieron Bowie,traditional_9,Traditional No. 9,duel_win_pct,0.1,47.826,85.1,208
4743,Dame Gueye,traditional_9,Traditional No. 9,duel_win_pct,0.1,45.0,74.0,208
66761,Milutin Osmajić,traditional_9,Traditional No. 9,duel_win_pct,0.1,46.429,81.7,208
25297,M. Gregoritsch,traditional_9,Traditional No. 9,duel_win_pct,0.1,46.875,82.7,208
345808,Pio Esposito,traditional_9,Traditional No. 9,duel_win_pct,0.1,60.0,100.0,208
283058,Nicolas Jackson,traditional_9,Traditional No. 9,duel_win_pct,0.1,50.0,90.9,208
37938,Sheraldo Becker,traditional_9,Traditional No. 9,duel_win_pct,0.1,36.667,20.2,208
162707,Elye Wahi,traditional_9,Traditional No. 9,duel_win_pct,0.1,52.0,95.2,208
161948,Liam Delap,traditional_9,Traditional No. 9,duel_win_pct,0.1,45.238,76.4,208
21451,R. Ripart,traditional_9,Traditional No. 9,duel_win_pct,0.1,48.98,88.9,208
161590,Ivan Azón,traditional_9,Traditional No. 9,duel_win_pct,0.1,43.59,63.9,208
66019,A. Hložek,traditional_9,Traditional No. 9,duel_win_pct,0.1,31.579,2.9,208
342188,D. Pejčinović,traditional_9,Traditional No. 9,duel_win_pct,0.1,28.0,1.0,208
47264,Hugo Duro,traditional_9,Traditional No. 9,duel_win_pct,0.1,50.0,90.9,208
264122,Nikola Štulić,traditional_9,Traditional No. 9,duel_win_pct,0.1,33.333,7.2,208
794,P. Schick,traditional_9,Traditional No. 9,duel_win_pct,0.1,45.833,79.8,208
30544,Gianluca Scamacca,traditional_9,Traditional No. 9,duel_win_pct,0.1,37.931,27.4,208
9366,Igor Jesus,traditional_9,Traditional No. 9,duel_win_pct,0.1,45.0,74.0,208
2295,Olivier Giroud,traditional_9,Traditional No. 9,duel_win_pct,0.1,56.0,100.0,208
137302,C. Archer,traditional_9,Traditional No. 9,duel_win_pct,0.1,25.806,0.5,208
931,Ferran Torres,traditional_9,Traditional No. 9,duel_win_pct,0.1,38.462,32.7,208
608028,Mamadou Koné,traditional_9,Traditional No. 9,duel_win_pct,0.1,34.146,9.6,208
104853,Asier Villalibre,traditional_9,Traditional No. 9,duel_win_pct,0.1,60.0,100.0,208
320517,Pablo Durán,traditional_9,Traditional No. 9,duel_win_pct,0.1,45.833,79.8,208
32137,E. Latte Lath,traditional_9,Traditional No. 9,duel_win_pct,0.1,43.333,63.0,208
326073,R. Labeau Lascary,traditional_9,Traditional No. 9,duel_win_pct,0.1,36.667,20.2,208
380691,Jay Robinson,traditional_9,Traditional No. 9,duel_win_pct,0.1,46.154,81.2,208
8598,T. Awoniyi,traditional_9,Traditional No. 9,duel_win_pct,0.1,36.0,16.8,208
26475,D. Undav,traditional_9,Traditional No. 9,duel_win_pct,0.1,17.391,0.0,208
21509,Marcus Thuram,traditional_9,Traditional No. 9,duel_win_pct,0.1,59.375,100.0,208
281408,Vitinha,traditional_9,Traditional No. 9,duel_win_pct,0.1,40.0,43.8,208
82090,Brandon Thomas-Asante,traditional_9,Traditional No. 9,duel_win_pct,0.1,50.0,90.9,208
46790,Víctor García,traditional_9,Traditional No. 9,duel_win_pct,0.1,36.0,16.8,208
26256,T. Kleindienst,traditional_9,Traditional No. 9,duel_win_pct,0.1,41.667,52.4,208
292218,M. LjubiÄiÄ,traditional_9,Traditional No. 9,duel_win_pct,0.1,30.769,1.9,208
347885,Marcos Fernández,traditional_9,Traditional No. 9,duel_win_pct,0.1,39.286,37.0,208
156465,I. Soumaré,traditional_9,Traditional No. 9,duel_win_pct,0.1,53.571,99.0,208
328235,S. Marino,traditional_9,Traditional No. 9,duel_win_pct,0.1,36.0,16.8,208
185398,Isaac Romero,traditional_9,Traditional No. 9,duel_win_pct,0.1,42.593,60.1,208
277862,Joël Monteiro,traditional_9,Traditional No. 9,duel_win_pct,0.1,47.917,86.1,208
332308,Unai Gómez,traditional_9,Traditional No. 9,duel_win_pct,0.1,34.615,11.1,208
115,M. Sylla,traditional_9,Traditional No. 9,duel_win_pct,0.1,32.143,4.3,208
1098,P. Daka,traditional_9,Traditional No. 9,duel_win_pct,0.1,56.0,100.0,208
278095,Jonathan Rowe,traditional_9,Traditional No. 9,duel_win_pct,0.1,70.968,100.0,208
46930,E. Demirović,traditional_9,Traditional No. 9,duel_win_pct,0.1,32.0,4.3,208
85772,J. Le Douaron,traditional_9,Traditional No. 9,duel_win_pct,0.1,48.571,88.9,208
8643,Konan N'Dri,traditional_9,Traditional No. 9,duel_win_pct,0.1,41.667,52.4,208
50739,Brenden Aaronson,traditional_9,Traditional No. 9,duel_win_pct,0.1,41.667,52.4,208
322560,Lucas Stassin,traditional_9,Traditional No. 9,duel_win_pct,0.1,48.0,86.5,208
72155,Ayase Ueda,traditional_9,Traditional No. 9,duel_win_pct,0.1,27.778,1.0,208
405237,K. Boudache,traditional_9,Traditional No. 9,duel_win_pct,0.1,48.0,86.5,208
19524,Che Adams,traditional_9,Traditional No. 9,duel_win_pct,0.1,36.842,20.2,208
1649,Patrick Cutrone,traditional_9,Traditional No. 9,duel_win_pct,0.1,52.381,95.7,208
37439,R. Ache,traditional_9,Traditional No. 9,duel_win_pct,0.1,44.186,67.8,208
66817,Nikola Krstović,traditional_9,Traditional No. 9,duel_win_pct,0.1,23.077,0.0,208
133729,Tijjani Noslin,traditional_9,Traditional No. 9,duel_win_pct,0.1,33.333,7.2,208
310943,Alisson Santos,traditional_9,Traditional No. 9,duel_win_pct,0.1,45.455,77.9,208
202951,Franjo Ivanović,traditional_9,Traditional No. 9,duel_win_pct,0.1,54.545,100.0,208
312990,Roberto Fernández,traditional_9,Traditional No. 9,key_passes_per90,0.1,0.587,16.8,208
376401,Chupete,traditional_9,Traditional No. 9,key_passes_per90,0.1,0.48,8.2,208
1465,Pierre-Emerick Aubameyang,traditional_9,Traditional No. 9,key_passes_per90,0.1,1.446,96.2,208
195512,Martín Satriano,traditional_9,Traditional No. 9,key_passes_per90,0.1,0.993,59.6,208
47499,Enes Ünal,traditional_9,Traditional No. 9,key_passes_per90,0.1,0.667,25.0,208
83,Arnaut Danjuma,traditional_9,Traditional No. 9,key_passes_per90,0.1,1.198,83.7,208
46746,Ante Budimir,traditional_9,Traditional No. 9,key_passes_per90,0.1,0.359,3.4,208
608,Lucas Boyé,traditional_9,Traditional No. 9,key_passes_per90,0.1,0.744,32.2,208
184277,Fernando Niño,traditional_9,Traditional No. 9,key_passes_per90,0.1,0.383,3.8,208
52,Sergio Camello,traditional_9,Traditional No. 9,key_passes_per90,0.1,1.532,98.6,208
21104,Randal Kolo Muani,traditional_9,Traditional No. 9,key_passes_per90,0.1,0.595,17.8,208
1100,Erling Haaland,traditional_9,Traditional No. 9,key_passes_per90,0.1,0.2,1.0,208
22264,L. Ajorque,traditional_9,Traditional No. 9,key_passes_per90,0.1,1.614,99.0,208
41585,Gonçalo Ramos,traditional_9,Traditional No. 9,key_passes_per90,0.1,0.809,41.8,208
47582,Cucho Hernández,traditional_9,Traditional No. 9,key_passes_per90,0.1,1.014,62.0,208
196156,Thiago,traditional_9,Traditional No. 9,key_passes_per90,0.1,0.406,4.8,208
19337,Oli McBurnie,traditional_9,Traditional No. 9,key_passes_per90,0.1,1.222,85.1,208
20649,Yoane Wissa,traditional_9,Traditional No. 9,key_passes_per90,0.1,0.816,42.3,208
978,K. Havertz,traditional_9,Traditional No. 9,key_passes_per90,0.1,1.027,63.5,208
541,Jürgen Ekkelenkamp,traditional_9,Traditional No. 9,key_passes_per90,0.1,0.414,4.8,208
90617,Lassine Sinayoko,traditional_9,Traditional No. 9,key_passes_per90,0.1,1.862,100.0,208
1945,Ally Samatta,traditional_9,Traditional No. 9,key_passes_per90,0.1,0.415,4.8,208
842,Nikola Vlašić,traditional_9,Traditional No. 9,key_passes_per90,0.1,0.415,4.8,208
336711,Gonzalo García,traditional_9,Traditional No. 9,key_passes_per90,0.1,0.632,21.2,208
152856,Evanilson,traditional_9,Traditional No. 9,key_passes_per90,0.1,1.271,89.4,208
85558,Louis Mafouta,traditional_9,Traditional No. 9,key_passes_per90,0.1,0.638,21.2,208
18766,Dominic Calvert-Lewin,traditional_9,Traditional No. 9,key_passes_per90,0.1,0.428,5.3,208
314254,Antonio Raimondo,traditional_9,Traditional No. 9,key_passes_per90,0.1,0.644,22.1,208
343684,Thierno Barry,traditional_9,Traditional No. 9,key_passes_per90,0.1,1.074,71.2,208
2864,Alexander Isak,traditional_9,Traditional No. 9,key_passes_per90,0.1,0.651,22.1,208
57446,Akor Adams,traditional_9,Traditional No. 9,key_passes_per90,0.1,0.436,5.8,208
574733,Bil Nsongo,traditional_9,Traditional No. 9,key_passes_per90,0.1,0.66,24.5,208
38750,Brian Brobbey,traditional_9,Traditional No. 9,key_passes_per90,0.1,1.122,76.4,208
327536,Robbie Ure,traditional_9,Traditional No. 9,key_passes_per90,0.1,0.907,48.6,208
47294,Iñaki Williams,traditional_9,Traditional No. 9,key_passes_per90,0.1,1.148,77.9,208
386276,Paris Brunner,traditional_9,Traditional No. 9,key_passes_per90,0.1,1.154,79.3,208
122734,Ferrán Jutglà,traditional_9,Traditional No. 9,key_passes_per90,0.1,0.696,29.3,208
457101,Yassir Zabiri,traditional_9,Traditional No. 9,key_passes_per90,0.1,0.466,7.7,208
193188,A. El Ouazzani,traditional_9,Traditional No. 9,key_passes_per90,0.1,0.935,52.9,208
277191,Abdallah Sima,traditional_9,Traditional No. 9,key_passes_per90,0.1,1.172,81.2,208
192032,Iván Romero,traditional_9,Traditional No. 9,key_passes_per90,0.1,0.712,29.8,208
163004,E. Lepaul,traditional_9,Traditional No. 9,key_passes_per90,0.1,0.957,54.3,208
194750,El Bilal Touré,traditional_9,Traditional No. 9,key_passes_per90,0.1,0.484,8.7,208
6662,Santiago Pierotti,traditional_9,Traditional No. 9,key_passes_per90,0.1,0.486,8.7,208
288006,Rasmus Højlund,traditional_9,Traditional No. 9,key_passes_per90,0.1,0.248,1.9,208
626704,Paul Mendy,traditional_9,Traditional No. 9,key_passes_per90,0.1,0.748,32.2,208
10329,João Pedro,traditional_9,Traditional No. 9,key_passes_per90,0.1,1.75,100.0,208
26171,Phillip Tietz,traditional_9,Traditional No. 9,key_passes_per90,0.1,1.0,60.6,208
30440,Roberto Piccoli,traditional_9,Traditional No. 9,key_passes_per90,0.1,0.754,33.2,208
146751,Raúl García de Haro,traditional_9,Traditional No. 9,key_passes_per90,0.1,0.504,11.1,208
392482,C. Kostoulas,traditional_9,Traditional No. 9,key_passes_per90,0.1,0.506,11.1,208
292172,Mateo Pellegrino,traditional_9,Traditional No. 9,key_passes_per90,0.1,1.534,98.6,208
18906,Ayoze Pérez,traditional_9,Traditional No. 9,key_passes_per90,0.1,1.538,98.6,208
30414,Giovanni Simeone,traditional_9,Traditional No. 9,key_passes_per90,0.1,0.258,1.9,208
47181,Toni Martínez,traditional_9,Traditional No. 9,key_passes_per90,0.1,1.289,90.4,208
203428,Jacen Russell Rowe,traditional_9,Traditional No. 9,key_passes_per90,0.1,0.526,11.1,208
81573,Omar Marmoush,traditional_9,Traditional No. 9,key_passes_per90,0.1,1.056,68.3,208
21393,S. Guirassy,traditional_9,Traditional No. 9,key_passes_per90,0.1,1.848,100.0,208
340547,Gustavo Varela,traditional_9,Traditional No. 9,key_passes_per90,0.1,1.598,99.0,208
86,L. Openda,traditional_9,Traditional No. 9,key_passes_per90,0.1,1.078,72.6,208
483118,Gabin Bernardeau,traditional_9,Traditional No. 9,key_passes_per90,0.1,0.811,41.8,208
202696,I. Matanović,traditional_9,Traditional No. 9,key_passes_per90,0.1,1.111,75.5,208
288769,Tommaso Baldanzi,traditional_9,Traditional No. 9,key_passes_per90,0.1,0.833,43.3,208
217,Lautaro Martínez,traditional_9,Traditional No. 9,key_passes_per90,0.1,1.672,99.0,208
760,Mariano Díaz,traditional_9,Traditional No. 9,key_passes_per90,0.1,0.836,43.3,208
26845,Anastasios Douvikas,traditional_9,Traditional No. 9,key_passes_per90,0.1,1.402,95.7,208
48648,Dan Ndoye,traditional_9,Traditional No. 9,key_passes_per90,0.1,1.402,95.7,208
321648,Emersonn,traditional_9,Traditional No. 9,key_passes_per90,0.1,1.121,76.4,208
263481,Lorenzo Colombo,traditional_9,Traditional No. 9,key_passes_per90,0.1,1.682,99.5,208
25926,J. Burkardt,traditional_9,Traditional No. 9,key_passes_per90,0.1,1.693,99.5,208
483670,Simone Lontani,traditional_9,Traditional No. 9,key_passes_per90,0.1,0.282,1.9,208
61774,Orri Óskarsson,traditional_9,Traditional No. 9,key_passes_per90,0.1,0.566,14.4,208
350047,D. Mokwa,traditional_9,Traditional No. 9,key_passes_per90,0.1,0.865,46.2,208
269163,Williot Swedberg,traditional_9,Traditional No. 9,key_passes_per90,0.1,0.871,46.2,208
178106,M. Pieringer,traditional_9,Traditional No. 9,key_passes_per90,0.1,1.176,81.2,208
25391,N. Füllkrug,traditional_9,Traditional No. 9,key_passes_per90,0.1,1.765,100.0,208
561010,Jacobo Ortega,traditional_9,Traditional No. 9,key_passes_per90,0.1,1.192,83.2,208
2032,Jørgen Strand Larsen,traditional_9,Traditional No. 9,key_passes_per90,0.1,0.598,17.8,208
126690,Kieron Bowie,traditional_9,Traditional No. 9,key_passes_per90,0.1,2.4,100.0,208
4743,Dame Gueye,traditional_9,Traditional No. 9,key_passes_per90,0.1,0.0,0.2,208
66761,Milutin Osmajić,traditional_9,Traditional No. 9,key_passes_per90,0.1,1.212,84.6,208
25297,M. Gregoritsch,traditional_9,Traditional No. 9,key_passes_per90,0.1,1.229,85.1,208
345808,Pio Esposito,traditional_9,Traditional No. 9,key_passes_per90,0.1,1.237,86.1,208
283058,Nicolas Jackson,traditional_9,Traditional No. 9,key_passes_per90,0.1,0.623,19.7,208
37938,Sheraldo Becker,traditional_9,Traditional No. 9,key_passes_per90,0.1,1.888,100.0,208
162707,Elye Wahi,traditional_9,Traditional No. 9,key_passes_per90,0.1,1.3,90.9,208
161948,Liam Delap,traditional_9,Traditional No. 9,key_passes_per90,0.1,1.949,100.0,208
21451,R. Ripart,traditional_9,Traditional No. 9,key_passes_per90,0.1,0.327,3.4,208
161590,Ivan Azón,traditional_9,Traditional No. 9,key_passes_per90,0.1,1.324,91.3,208
66019,A. Hložek,traditional_9,Traditional No. 9,key_passes_per90,0.1,0.667,25.0,208
342188,D. Pejčinović,traditional_9,Traditional No. 9,key_passes_per90,0.1,1.004,60.6,208
47264,Hugo Duro,traditional_9,Traditional No. 9,key_passes_per90,0.1,1.023,63.5,208
264122,Nikola Štulić,traditional_9,Traditional No. 9,key_passes_per90,0.1,0.345,3.4,208
794,P. Schick,traditional_9,Traditional No. 9,key_passes_per90,0.1,1.379,95.2,208
30544,Gianluca Scamacca,traditional_9,Traditional No. 9,key_passes_per90,0.1,1.39,95.2,208
9366,Igor Jesus,traditional_9,Traditional No. 9,key_passes_per90,0.1,0.703,29.3,208
2295,Olivier Giroud,traditional_9,Traditional No. 9,key_passes_per90,0.1,1.412,95.7,208
137302,C. Archer,traditional_9,Traditional No. 9,key_passes_per90,0.1,0.709,29.3,208
931,Ferran Torres,traditional_9,Traditional No. 9,key_passes_per90,0.1,1.429,96.2,208
608028,Mamadou Koné,traditional_9,Traditional No. 9,key_passes_per90,0.1,1.446,96.2,208
104853,Asier Villalibre,traditional_9,Traditional No. 9,key_passes_per90,0.1,0.366,3.8,208
320517,Pablo Durán,traditional_9,Traditional No. 9,key_passes_per90,0.1,1.098,74.0,208
32137,E. Latte Lath,traditional_9,Traditional No. 9,key_passes_per90,0.1,0.0,0.2,208
326073,R. Labeau Lascary,traditional_9,Traditional No. 9,key_passes_per90,0.1,0.37,3.8,208
380691,Jay Robinson,traditional_9,Traditional No. 9,key_passes_per90,0.1,0.756,33.2,208
8598,T. Awoniyi,traditional_9,Traditional No. 9,key_passes_per90,0.1,1.538,98.6,208
26475,D. Undav,traditional_9,Traditional No. 9,key_passes_per90,0.1,1.159,79.3,208
21509,Marcus Thuram,traditional_9,Traditional No. 9,key_passes_per90,0.1,1.965,100.0,208
281408,Vitinha,traditional_9,Traditional No. 9,key_passes_per90,0.1,0.0,0.2,208
82090,Brandon Thomas-Asante,traditional_9,Traditional No. 9,key_passes_per90,0.1,0.0,0.2,208
46790,Víctor García,traditional_9,Traditional No. 9,key_passes_per90,0.1,0.807,41.8,208
26256,T. Kleindienst,traditional_9,Traditional No. 9,key_passes_per90,0.1,1.233,85.1,208
292218,M. LjubiÄiÄ,traditional_9,Traditional No. 9,key_passes_per90,0.1,0.415,4.8,208
347885,Marcos Fernández,traditional_9,Traditional No. 9,key_passes_per90,0.1,2.083,100.0,208
156465,I. Soumaré,traditional_9,Traditional No. 9,key_passes_per90,0.1,0.837,43.3,208
328235,S. Marino,traditional_9,Traditional No. 9,key_passes_per90,0.1,0.837,43.3,208
185398,Isaac Romero,traditional_9,Traditional No. 9,key_passes_per90,0.1,1.28,89.9,208
277862,Joël Monteiro,traditional_9,Traditional No. 9,key_passes_per90,0.1,0.429,5.3,208
332308,Unai Gómez,traditional_9,Traditional No. 9,key_passes_per90,0.1,1.286,89.9,208
115,M. Sylla,traditional_9,Traditional No. 9,key_passes_per90,0.1,0.865,46.2,208
1098,P. Daka,traditional_9,Traditional No. 9,key_passes_per90,0.1,1.731,100.0,208
278095,Jonathan Rowe,traditional_9,Traditional No. 9,key_passes_per90,0.1,0.882,46.6,208
46930,E. Demirović,traditional_9,Traditional No. 9,key_passes_per90,0.1,0.446,5.8,208
85772,J. Le Douaron,traditional_9,Traditional No. 9,key_passes_per90,0.1,1.371,94.2,208
8643,Konan N'Dri,traditional_9,Traditional No. 9,key_passes_per90,0.1,0.0,0.2,208
50739,Brenden Aaronson,traditional_9,Traditional No. 9,key_passes_per90,0.1,0.0,0.2,208
322560,Lucas Stassin,traditional_9,Traditional No. 9,key_passes_per90,0.1,0.923,51.4,208
72155,Ayase Ueda,traditional_9,Traditional No. 9,key_passes_per90,0.1,0.928,52.4,208
405237,K. Boudache,traditional_9,Traditional No. 9,key_passes_per90,0.1,0.464,7.2,208
19524,Che Adams,traditional_9,Traditional No. 9,key_passes_per90,0.1,0.933,52.9,208
1649,Patrick Cutrone,traditional_9,Traditional No. 9,key_passes_per90,0.1,1.875,100.0,208
37439,R. Ache,traditional_9,Traditional No. 9,key_passes_per90,0.1,1.875,100.0,208
66817,Nikola Krstović,traditional_9,Traditional No. 9,key_passes_per90,0.1,1.414,95.7,208
133729,Tijjani Noslin,traditional_9,Traditional No. 9,key_passes_per90,0.1,0.492,9.1,208
310943,Alisson Santos,traditional_9,Traditional No. 9,key_passes_per90,0.1,1.0,60.6,208
202951,Franjo Ivanović,traditional_9,Traditional No. 9,key_passes_per90,0.1,1.0,60.6,208
386828,Lamine Yamal,direct_winger,Direct Forward,dribble_success_pct,0.3,60.0,95.6,45
927,Kang-in Lee,direct_winger,Direct Forward,dribble_success_pct,0.3,70.588,100.0,45
19170,M. Rogers,direct_winger,Direct Forward,dribble_success_pct,0.3,52.941,82.2,45
180496,Georges Mikautadze,direct_winger,Direct Forward,dribble_success_pct,0.3,39.394,31.1,45
22171,Jean Victor Makengo,direct_winger,Direct Forward,dribble_success_pct,0.3,33.333,4.4,45
19625,D. Namaso,direct_winger,Direct Forward,dribble_success_pct,0.3,50.0,70.0,45
25414,John Yeboah,direct_winger,Direct Forward,dribble_success_pct,0.3,35.0,4.4,45
449249,Franco Mastantuono,direct_winger,Direct Forward,dribble_success_pct,0.3,39.13,31.1,45
147859,Charles De Ketelaere,direct_winger,Direct Forward,dribble_success_pct,0.3,43.75,42.2,45
314511,A. Nusa,direct_winger,Direct Forward,dribble_success_pct,0.3,57.143,88.9,45
263177,A. Grønbæk,direct_winger,Direct Forward,dribble_success_pct,0.3,45.455,48.9,45
48389,Noah Okafor,direct_winger,Direct Forward,dribble_success_pct,0.3,48.0,60.0,45
343027,D. Doué,direct_winger,Direct Forward,dribble_success_pct,0.3,100.0,100.0,45
286474,Matteo Cancellieri,direct_winger,Direct Forward,dribble_success_pct,0.3,70.0,100.0,45
409190,Y. Ebnoutalib,direct_winger,Direct Forward,dribble_success_pct,0.3,53.333,82.2,45
383006,Alieu Njie,direct_winger,Direct Forward,dribble_success_pct,0.3,63.636,97.8,45
7334,Karim Adeyemi,direct_winger,Direct Forward,dribble_success_pct,0.3,63.158,97.8,45
128342,Rassoul Ndiaye,direct_winger,Direct Forward,dribble_success_pct,0.3,25.0,0.0,45
359100,Alphadjo Cissè,direct_winger,Direct Forward,dribble_success_pct,0.3,11.111,0.0,45
383665,T. Gomis,direct_winger,Direct Forward,dribble_success_pct,0.3,25.0,0.0,45
39121,Chidera Ejuke,direct_winger,Direct Forward,dribble_success_pct,0.3,36.364,13.3,45
56396,Junior Messias,direct_winger,Direct Forward,dribble_success_pct,0.3,78.571,100.0,45
328225,B. Gruda,direct_winger,Direct Forward,dribble_success_pct,0.3,53.333,82.2,45
200139,Mohamed Amoura,direct_winger,Direct Forward,dribble_success_pct,0.3,33.333,4.4,45
1417,Alexis Saelemaekers,direct_winger,Direct Forward,dribble_success_pct,0.3,16.667,0.0,45
386828,Lamine Yamal,direct_winger,Direct Forward,goals_per90,0.25,1.084,100.0,45
927,Kang-in Lee,direct_winger,Direct Forward,goals_per90,0.25,0.384,84.4,45
19170,M. Rogers,direct_winger,Direct Forward,goals_per90,0.25,0.615,100.0,45
180496,Georges Mikautadze,direct_winger,Direct Forward,goals_per90,0.25,0.43,86.7,45
22171,Jean Victor Makengo,direct_winger,Direct Forward,goals_per90,0.25,0.215,57.8,45
19625,D. Namaso,direct_winger,Direct Forward,goals_per90,0.25,0.222,57.8,45
25414,John Yeboah,direct_winger,Direct Forward,goals_per90,0.25,0.236,60.0,45
449249,Franco Mastantuono,direct_winger,Direct Forward,goals_per90,0.25,0.716,100.0,45
147859,Charles De Ketelaere,direct_winger,Direct Forward,goals_per90,0.25,0.0,1.1,45
314511,A. Nusa,direct_winger,Direct Forward,goals_per90,0.25,0.526,100.0,45
263177,A. Grønbæk,direct_winger,Direct Forward,goals_per90,0.25,0.0,1.1,45
48389,Noah Okafor,direct_winger,Direct Forward,goals_per90,0.25,0.297,77.8,45
343027,D. Doué,direct_winger,Direct Forward,goals_per90,0.25,0.0,1.1,45
286474,Matteo Cancellieri,direct_winger,Direct Forward,goals_per90,0.25,0.307,77.8,45
409190,Y. Ebnoutalib,direct_winger,Direct Forward,goals_per90,0.25,1.281,100.0,45
383006,Alieu Njie,direct_winger,Direct Forward,goals_per90,0.25,0.0,1.1,45
7334,Karim Adeyemi,direct_winger,Direct Forward,goals_per90,0.25,0.744,100.0,45
128342,Rassoul Ndiaye,direct_winger,Direct Forward,goals_per90,0.25,0.0,1.1,45
359100,Alphadjo Cissè,direct_winger,Direct Forward,goals_per90,0.25,0.779,100.0,45
383665,T. Gomis,direct_winger,Direct Forward,goals_per90,0.25,0.393,84.4,45
39121,Chidera Ejuke,direct_winger,Direct Forward,goals_per90,0.25,0.429,86.7,45
56396,Junior Messias,direct_winger,Direct Forward,goals_per90,0.25,0.0,1.1,45
328225,B. Gruda,direct_winger,Direct Forward,goals_per90,0.25,0.0,1.1,45
200139,Mohamed Amoura,direct_winger,Direct Forward,goals_per90,0.25,0.479,93.3,45
1417,Alexis Saelemaekers,direct_winger,Direct Forward,goals_per90,0.25,0.0,1.1,45
386828,Lamine Yamal,direct_winger,Direct Forward,shot_accuracy_pct,0.15,48.276,35.6,45
927,Kang-in Lee,direct_winger,Direct Forward,shot_accuracy_pct,0.15,50.0,43.3,45
19170,M. Rogers,direct_winger,Direct Forward,shot_accuracy_pct,0.15,45.455,26.7,45
180496,Georges Mikautadze,direct_winger,Direct Forward,shot_accuracy_pct,0.15,66.667,93.3,45
22171,Jean Victor Makengo,direct_winger,Direct Forward,shot_accuracy_pct,0.15,28.571,6.7,45
19625,D. Namaso,direct_winger,Direct Forward,shot_accuracy_pct,0.15,66.667,93.3,45
25414,John Yeboah,direct_winger,Direct Forward,shot_accuracy_pct,0.15,50.0,43.3,45
449249,Franco Mastantuono,direct_winger,Direct Forward,shot_accuracy_pct,0.15,47.059,31.1,45
147859,Charles De Ketelaere,direct_winger,Direct Forward,shot_accuracy_pct,0.15,,,45
314511,A. Nusa,direct_winger,Direct Forward,shot_accuracy_pct,0.15,50.0,43.3,45
263177,A. Grønbæk,direct_winger,Direct Forward,shot_accuracy_pct,0.15,66.667,93.3,45
48389,Noah Okafor,direct_winger,Direct Forward,shot_accuracy_pct,0.15,50.0,43.3,45
343027,D. Doué,direct_winger,Direct Forward,shot_accuracy_pct,0.15,40.0,16.7,45
286474,Matteo Cancellieri,direct_winger,Direct Forward,shot_accuracy_pct,0.15,50.0,43.3,45
409190,Y. Ebnoutalib,direct_winger,Direct Forward,shot_accuracy_pct,0.15,50.0,43.3,45
383006,Alieu Njie,direct_winger,Direct Forward,shot_accuracy_pct,0.15,50.0,43.3,45
7334,Karim Adeyemi,direct_winger,Direct Forward,shot_accuracy_pct,0.15,43.75,22.2,45
128342,Rassoul Ndiaye,direct_winger,Direct Forward,shot_accuracy_pct,0.15,50.0,43.3,45
359100,Alphadjo Cissè,direct_winger,Direct Forward,shot_accuracy_pct,0.15,33.333,13.3,45
383665,T. Gomis,direct_winger,Direct Forward,shot_accuracy_pct,0.15,25.0,5.6,45
39121,Chidera Ejuke,direct_winger,Direct Forward,shot_accuracy_pct,0.15,50.0,43.3,45
56396,Junior Messias,direct_winger,Direct Forward,shot_accuracy_pct,0.15,75.0,100.0,45
328225,B. Gruda,direct_winger,Direct Forward,shot_accuracy_pct,0.15,40.0,16.7,45
200139,Mohamed Amoura,direct_winger,Direct Forward,shot_accuracy_pct,0.15,25.0,5.6,45
1417,Alexis Saelemaekers,direct_winger,Direct Forward,shot_accuracy_pct,0.15,0.0,0.0,45
386828,Lamine Yamal,direct_winger,Direct Forward,fouls_drawn_per90,0.15,1.704,48.9,45
927,Kang-in Lee,direct_winger,Direct Forward,fouls_drawn_per90,0.15,1.727,51.1,45
19170,M. Rogers,direct_winger,Direct Forward,fouls_drawn_per90,0.15,1.435,20.0,45
180496,Georges Mikautadze,direct_winger,Direct Forward,fouls_drawn_per90,0.15,0.859,4.4,45
22171,Jean Victor Makengo,direct_winger,Direct Forward,fouls_drawn_per90,0.15,3.445,97.8,45
19625,D. Namaso,direct_winger,Direct Forward,fouls_drawn_per90,0.15,1.108,8.9,45
25414,John Yeboah,direct_winger,Direct Forward,fouls_drawn_per90,0.15,1.178,13.3,45
449249,Franco Mastantuono,direct_winger,Direct Forward,fouls_drawn_per90,0.15,2.149,68.9,45
147859,Charles De Ketelaere,direct_winger,Direct Forward,fouls_drawn_per90,0.15,1.268,17.8,45
314511,A. Nusa,direct_winger,Direct Forward,fouls_drawn_per90,0.15,2.368,75.6,45
263177,A. Grønbæk,direct_winger,Direct Forward,fouls_drawn_per90,0.15,2.671,91.1,45
48389,Noah Okafor,direct_winger,Direct Forward,fouls_drawn_per90,0.15,1.485,28.9,45
343027,D. Doué,direct_winger,Direct Forward,fouls_drawn_per90,0.15,2.99,95.6,45
286474,Matteo Cancellieri,direct_winger,Direct Forward,fouls_drawn_per90,0.15,1.843,60.0,45
409190,Y. Ebnoutalib,direct_winger,Direct Forward,fouls_drawn_per90,0.15,0.961,6.7,45
383006,Alieu Njie,direct_winger,Direct Forward,fouls_drawn_per90,0.15,2.432,80.0,45
7334,Karim Adeyemi,direct_winger,Direct Forward,fouls_drawn_per90,0.15,3.347,97.8,45
128342,Rassoul Ndiaye,direct_winger,Direct Forward,fouls_drawn_per90,0.15,1.931,64.4,45
359100,Alphadjo Cissè,direct_winger,Direct Forward,fouls_drawn_per90,0.15,3.117,95.6,45
383665,T. Gomis,direct_winger,Direct Forward,fouls_drawn_per90,0.15,1.572,40.0,45
39121,Chidera Ejuke,direct_winger,Direct Forward,fouls_drawn_per90,0.15,0.857,4.4,45
56396,Junior Messias,direct_winger,Direct Forward,fouls_drawn_per90,0.15,3.0,95.6,45
328225,B. Gruda,direct_winger,Direct Forward,fouls_drawn_per90,0.15,2.381,75.6,45
200139,Mohamed Amoura,direct_winger,Direct Forward,fouls_drawn_per90,0.15,0.957,6.7,45
1417,Alexis Saelemaekers,direct_winger,Direct Forward,fouls_drawn_per90,0.15,2.432,80.0,45
386828,Lamine Yamal,direct_winger,Direct Forward,key_passes_per90,0.15,4.337,100.0,45
927,Kang-in Lee,direct_winger,Direct Forward,key_passes_per90,0.15,1.919,62.2,45
19170,M. Rogers,direct_winger,Direct Forward,key_passes_per90,0.15,2.255,86.7,45
180496,Georges Mikautadze,direct_winger,Direct Forward,key_passes_per90,0.15,1.504,40.0,45
22171,Jean Victor Makengo,direct_winger,Direct Forward,key_passes_per90,0.15,0.646,0.0,45
19625,D. Namaso,direct_winger,Direct Forward,key_passes_per90,0.15,1.552,44.4,45
25414,John Yeboah,direct_winger,Direct Forward,key_passes_per90,0.15,2.356,88.9,45
449249,Franco Mastantuono,direct_winger,Direct Forward,key_passes_per90,0.15,2.387,88.9,45
147859,Charles De Ketelaere,direct_winger,Direct Forward,key_passes_per90,0.15,2.535,93.3,45
314511,A. Nusa,direct_winger,Direct Forward,key_passes_per90,0.15,1.842,55.6,45
263177,A. Grønbæk,direct_winger,Direct Forward,key_passes_per90,0.15,1.602,46.7,45
48389,Noah Okafor,direct_winger,Direct Forward,key_passes_per90,0.15,0.594,0.0,45
343027,D. Doué,direct_winger,Direct Forward,key_passes_per90,0.15,2.99,97.8,45
286474,Matteo Cancellieri,direct_winger,Direct Forward,key_passes_per90,0.15,1.536,42.2,45
409190,Y. Ebnoutalib,direct_winger,Direct Forward,key_passes_per90,0.15,1.601,46.7,45
383006,Alieu Njie,direct_winger,Direct Forward,key_passes_per90,0.15,3.475,97.8,45
7334,Karim Adeyemi,direct_winger,Direct Forward,key_passes_per90,0.15,2.231,86.7,45
128342,Rassoul Ndiaye,direct_winger,Direct Forward,key_passes_per90,0.15,2.318,88.9,45
359100,Alphadjo Cissè,direct_winger,Direct Forward,key_passes_per90,0.15,0.779,0.0,45
383665,T. Gomis,direct_winger,Direct Forward,key_passes_per90,0.15,2.358,88.9,45
39121,Chidera Ejuke,direct_winger,Direct Forward,key_passes_per90,0.15,0.429,0.0,45
56396,Junior Messias,direct_winger,Direct Forward,key_passes_per90,0.15,1.714,51.1,45
328225,B. Gruda,direct_winger,Direct Forward,key_passes_per90,0.15,1.429,35.6,45
200139,Mohamed Amoura,direct_winger,Direct Forward,key_passes_per90,0.15,1.436,35.6,45
1417,Alexis Saelemaekers,direct_winger,Direct Forward,key_passes_per90,0.15,1.946,64.4,45
278,Kylian Mbappé,linking_winger,Linking Forward,key_passes_per90,0.3,1.571,32.0,50
1496,Raphinha,linking_winger,Linking Forward,key_passes_per90,0.3,2.27,86.0,50
47323,Mikel Oyarzabal,linking_winger,Linking Forward,key_passes_per90,0.3,1.883,66.0,50
18767,Ademola Lookman,linking_winger,Linking Forward,key_passes_per90,0.3,2.348,88.0,50
2215,Armand Laurienté,linking_winger,Linking Forward,key_passes_per90,0.3,1.582,32.0,50
1922,Florian Thauvin,linking_winger,Linking Forward,key_passes_per90,0.3,2.8,96.0,50
18746,Morgan Gibbs-White,linking_winger,Linking Forward,key_passes_per90,0.3,2.8,96.0,50
85041,A. Gouiri,linking_winger,Linking Forward,key_passes_per90,0.3,1.406,20.0,50
30937,Mattia Zaccagni,linking_winger,Linking Forward,key_passes_per90,0.3,1.614,38.0,50
152982,C. Palmer,linking_winger,Linking Forward,key_passes_per90,0.3,2.235,84.0,50
1165,Matheus Cunha,linking_winger,Linking Forward,key_passes_per90,0.3,1.756,54.0,50
875,Paulo Dybala,linking_winger,Linking Forward,key_passes_per90,0.3,5.307,100.0,50
138787,Anthony Gordon,linking_winger,Linking Forward,key_passes_per90,0.3,1.587,34.0,50
20529,Gauthier Hein,linking_winger,Linking Forward,key_passes_per90,0.3,1.636,40.0,50
226803,Sebastian Nanasi,linking_winger,Linking Forward,key_passes_per90,0.3,1.658,46.0,50
249,Donyell Malen,linking_winger,Linking Forward,key_passes_per90,0.3,1.826,64.0,50
219,Matteo Politano,linking_winger,Linking Forward,key_passes_per90,0.3,1.602,36.0,50
184226,Yéremy Pino,linking_winger,Linking Forward,key_passes_per90,0.3,1.447,24.0,50
1707,Gerard Moreno,linking_winger,Linking Forward,key_passes_per90,0.3,2.736,96.0,50
184,H. Kane,linking_winger,Linking Forward,key_passes_per90,0.3,2.432,92.0,50
15286,Mousa Tamari,linking_winger,Linking Forward,key_passes_per90,0.3,1.585,32.0,50
483,K. Kvaratskhelia,linking_winger,Linking Forward,key_passes_per90,0.3,2.862,96.0,50
323936,Matías Soulé,linking_winger,Linking Forward,key_passes_per90,0.3,1.613,36.0,50
1279,Josh Maja,linking_winger,Linking Forward,key_passes_per90,0.3,2.007,70.0,50
19185,Keinan Davis,linking_winger,Linking Forward,key_passes_per90,0.3,1.724,54.0,50
107,Sofiane Diop,linking_winger,Linking Forward,key_passes_per90,0.3,2.812,96.0,50
30431,Andrea Colpani,linking_winger,Linking Forward,key_passes_per90,0.3,2.126,76.0,50
183931,Jonathan Dubasin,linking_winger,Linking Forward,key_passes_per90,0.3,0.711,0.0,50
269,C. Nkunku,linking_winger,Linking Forward,key_passes_per90,0.3,1.807,58.0,50
161875,Hugo González,linking_winger,Linking Forward,key_passes_per90,0.3,3.447,98.0,50
22015,B. Dia,linking_winger,Linking Forward,key_passes_per90,0.3,1.931,66.0,50
318592,Lucas Cepeda,linking_winger,Linking Forward,key_passes_per90,0.3,1.982,70.0,50
47445,Iago Aspas,linking_winger,Linking Forward,key_passes_per90,0.3,0.818,0.0,50
158516,K. Diawara,linking_winger,Linking Forward,key_passes_per90,0.3,1.233,6.0,50
8489,Jonathan David,linking_winger,Linking Forward,key_passes_per90,0.3,2.903,96.0,50
21497,L. Blas,linking_winger,Linking Forward,key_passes_per90,0.3,2.903,96.0,50
84082,R. Faivre,linking_winger,Linking Forward,key_passes_per90,0.3,3.349,98.0,50
30537,Domenico Berardi,linking_winger,Linking Forward,key_passes_per90,0.3,1.69,50.0,50
153,O. Dembélé,linking_winger,Linking Forward,key_passes_per90,0.3,3.839,100.0,50
2292,Ruben Loftus-Cheek,linking_winger,Linking Forward,key_passes_per90,0.3,3.429,98.0,50
203040,T. Lemperle,linking_winger,Linking Forward,key_passes_per90,0.3,2.784,96.0,50
342035,Cristian Volpato,linking_winger,Linking Forward,key_passes_per90,0.3,3.871,100.0,50
544,Noa Lang,linking_winger,Linking Forward,key_passes_per90,0.3,0.984,0.0,50
278,Kylian Mbappé,linking_winger,Linking Forward,assists_per90,0.25,0.286,94.0,50
1496,Raphinha,linking_winger,Linking Forward,assists_per90,0.25,0.486,98.0,50
47323,Mikel Oyarzabal,linking_winger,Linking Forward,assists_per90,0.25,0.377,98.0,50
18767,Ademola Lookman,linking_winger,Linking Forward,assists_per90,0.25,0.0,6.0,50
2215,Armand Laurienté,linking_winger,Linking Forward,assists_per90,0.25,0.198,66.0,50
1922,Florian Thauvin,linking_winger,Linking Forward,assists_per90,0.25,0.4,98.0,50
18746,Morgan Gibbs-White,linking_winger,Linking Forward,assists_per90,0.25,0.4,98.0,50
85041,A. Gouiri,linking_winger,Linking Forward,assists_per90,0.25,0.201,66.0,50
30937,Mattia Zaccagni,linking_winger,Linking Forward,assists_per90,0.25,0.404,98.0,50
152982,C. Palmer,linking_winger,Linking Forward,assists_per90,0.25,0.406,98.0,50
1165,Matheus Cunha,linking_winger,Linking Forward,assists_per90,0.25,0.22,74.0,50
875,Paulo Dybala,linking_winger,Linking Forward,assists_per90,0.25,0.885,100.0,50
138787,Anthony Gordon,linking_winger,Linking Forward,assists_per90,0.25,0.907,100.0,50
20529,Gauthier Hein,linking_winger,Linking Forward,assists_per90,0.25,0.234,82.0,50
226803,Sebastian Nanasi,linking_winger,Linking Forward,assists_per90,0.25,0.474,98.0,50
249,Donyell Malen,linking_winger,Linking Forward,assists_per90,0.25,0.0,6.0,50
219,Matteo Politano,linking_winger,Linking Forward,assists_per90,0.25,0.267,90.0,50
184226,Yéremy Pino,linking_winger,Linking Forward,assists_per90,0.25,0.0,6.0,50
1707,Gerard Moreno,linking_winger,Linking Forward,assists_per90,0.25,0.0,6.0,50
184,H. Kane,linking_winger,Linking Forward,assists_per90,0.25,0.304,96.0,50
15286,Mousa Tamari,linking_winger,Linking Forward,assists_per90,0.25,0.0,6.0,50
483,K. Kvaratskhelia,linking_winger,Linking Forward,assists_per90,0.25,0.318,98.0,50
323936,Matías Soulé,linking_winger,Linking Forward,assists_per90,0.25,0.323,98.0,50
1279,Josh Maja,linking_winger,Linking Forward,assists_per90,0.25,0.0,6.0,50
19185,Keinan Davis,linking_winger,Linking Forward,assists_per90,0.25,0.69,100.0,50
107,Sofiane Diop,linking_winger,Linking Forward,assists_per90,0.25,0.352,98.0,50
30431,Andrea Colpani,linking_winger,Linking Forward,assists_per90,0.25,0.0,6.0,50
183931,Jonathan Dubasin,linking_winger,Linking Forward,assists_per90,0.25,0.0,6.0,50
269,C. Nkunku,linking_winger,Linking Forward,assists_per90,0.25,0.361,98.0,50
161875,Hugo González,linking_winger,Linking Forward,assists_per90,0.25,0.766,100.0,50
22015,B. Dia,linking_winger,Linking Forward,assists_per90,0.25,0.386,98.0,50
318592,Lucas Cepeda,linking_winger,Linking Forward,assists_per90,0.25,0.793,100.0,50
47445,Iago Aspas,linking_winger,Linking Forward,assists_per90,0.25,0.0,6.0,50
158516,K. Diawara,linking_winger,Linking Forward,assists_per90,0.25,0.411,98.0,50
8489,Jonathan David,linking_winger,Linking Forward,assists_per90,0.25,0.415,98.0,50
21497,L. Blas,linking_winger,Linking Forward,assists_per90,0.25,0.0,6.0,50
84082,R. Faivre,linking_winger,Linking Forward,assists_per90,0.25,0.419,98.0,50
30537,Domenico Berardi,linking_winger,Linking Forward,assists_per90,0.25,0.0,6.0,50
153,O. Dembélé,linking_winger,Linking Forward,assists_per90,0.25,0.427,98.0,50
2292,Ruben Loftus-Cheek,linking_winger,Linking Forward,assists_per90,0.25,0.0,6.0,50
203040,T. Lemperle,linking_winger,Linking Forward,assists_per90,0.25,0.0,6.0,50
342035,Cristian Volpato,linking_winger,Linking Forward,assists_per90,0.25,0.0,6.0,50
544,Noa Lang,linking_winger,Linking Forward,assists_per90,0.25,0.0,6.0,50
278,Kylian Mbappé,linking_winger,Linking Forward,pass_accuracy_pct,0.15,87.137,96.0,50
1496,Raphinha,linking_winger,Linking Forward,pass_accuracy_pct,0.15,84.211,80.0,50
47323,Mikel Oyarzabal,linking_winger,Linking Forward,pass_accuracy_pct,0.15,77.987,24.0,50
18767,Ademola Lookman,linking_winger,Linking Forward,pass_accuracy_pct,0.15,83.217,66.0,50
2215,Armand Laurienté,linking_winger,Linking Forward,pass_accuracy_pct,0.15,89.266,100.0,50
1922,Florian Thauvin,linking_winger,Linking Forward,pass_accuracy_pct,0.15,77.67,22.0,50
18746,Morgan Gibbs-White,linking_winger,Linking Forward,pass_accuracy_pct,0.15,85.057,86.0,50
85041,A. Gouiri,linking_winger,Linking Forward,pass_accuracy_pct,0.15,85.714,90.0,50
30937,Mattia Zaccagni,linking_winger,Linking Forward,pass_accuracy_pct,0.15,80.114,34.0,50
152982,C. Palmer,linking_winger,Linking Forward,pass_accuracy_pct,0.15,81.065,42.0,50
1165,Matheus Cunha,linking_winger,Linking Forward,pass_accuracy_pct,0.15,87.023,96.0,50
875,Paulo Dybala,linking_winger,Linking Forward,pass_accuracy_pct,0.15,84.874,84.0,50
138787,Anthony Gordon,linking_winger,Linking Forward,pass_accuracy_pct,0.15,89.844,100.0,50
20529,Gauthier Hein,linking_winger,Linking Forward,pass_accuracy_pct,0.15,90.511,100.0,50
226803,Sebastian Nanasi,linking_winger,Linking Forward,pass_accuracy_pct,0.15,87.77,100.0,50
249,Donyell Malen,linking_winger,Linking Forward,pass_accuracy_pct,0.15,84.507,82.0,50
219,Matteo Politano,linking_winger,Linking Forward,pass_accuracy_pct,0.15,86.29,92.0,50
184226,Yéremy Pino,linking_winger,Linking Forward,pass_accuracy_pct,0.15,78.03,24.0,50
1707,Gerard Moreno,linking_winger,Linking Forward,pass_accuracy_pct,0.15,80.986,42.0,50
184,H. Kane,linking_winger,Linking Forward,pass_accuracy_pct,0.15,76.923,14.0,50
15286,Mousa Tamari,linking_winger,Linking Forward,pass_accuracy_pct,0.15,76.25,14.0,50
483,K. Kvaratskhelia,linking_winger,Linking Forward,pass_accuracy_pct,0.15,92.208,100.0,50
323936,Matías Soulé,linking_winger,Linking Forward,pass_accuracy_pct,0.15,85.629,90.0,50
1279,Josh Maja,linking_winger,Linking Forward,pass_accuracy_pct,0.15,83.871,80.0,50
19185,Keinan Davis,linking_winger,Linking Forward,pass_accuracy_pct,0.15,70.27,0.0,50
107,Sofiane Diop,linking_winger,Linking Forward,pass_accuracy_pct,0.15,78.626,26.0,50
30431,Andrea Colpani,linking_winger,Linking Forward,pass_accuracy_pct,0.15,82.759,60.0,50
183931,Jonathan Dubasin,linking_winger,Linking Forward,pass_accuracy_pct,0.15,81.416,44.0,50
269,C. Nkunku,linking_winger,Linking Forward,pass_accuracy_pct,0.15,92.308,100.0,50
161875,Hugo González,linking_winger,Linking Forward,pass_accuracy_pct,0.15,82.09,54.0,50
22015,B. Dia,linking_winger,Linking Forward,pass_accuracy_pct,0.15,81.159,44.0,50
318592,Lucas Cepeda,linking_winger,Linking Forward,pass_accuracy_pct,0.15,88.333,100.0,50
47445,Iago Aspas,linking_winger,Linking Forward,pass_accuracy_pct,0.15,83.721,78.0,50
158516,K. Diawara,linking_winger,Linking Forward,pass_accuracy_pct,0.15,75.806,12.0,50
8489,Jonathan David,linking_winger,Linking Forward,pass_accuracy_pct,0.15,88.0,100.0,50
21497,L. Blas,linking_winger,Linking Forward,pass_accuracy_pct,0.15,87.368,98.0,50
84082,R. Faivre,linking_winger,Linking Forward,pass_accuracy_pct,0.15,84.906,84.0,50
30537,Domenico Berardi,linking_winger,Linking Forward,pass_accuracy_pct,0.15,83.333,70.0,50
153,O. Dembélé,linking_winger,Linking Forward,pass_accuracy_pct,0.15,83.582,78.0,50
2292,Ruben Loftus-Cheek,linking_winger,Linking Forward,pass_accuracy_pct,0.15,93.506,100.0,50
203040,T. Lemperle,linking_winger,Linking Forward,pass_accuracy_pct,0.15,77.941,24.0,50
342035,Cristian Volpato,linking_winger,Linking Forward,pass_accuracy_pct,0.15,84.507,82.0,50
544,Noa Lang,linking_winger,Linking Forward,pass_accuracy_pct,0.15,90.541,100.0,50
278,Kylian Mbappé,linking_winger,Linking Forward,goals_per90,0.15,1.0,100.0,50
1496,Raphinha,linking_winger,Linking Forward,goals_per90,0.15,1.946,100.0,50
47323,Mikel Oyarzabal,linking_winger,Linking Forward,goals_per90,0.15,0.0,2.0,50
18767,Ademola Lookman,linking_winger,Linking Forward,goals_per90,0.15,0.196,20.0,50
2215,Armand Laurienté,linking_winger,Linking Forward,goals_per90,0.15,0.0,2.0,50
1922,Florian Thauvin,linking_winger,Linking Forward,goals_per90,0.15,0.6,90.0,50
18746,Morgan Gibbs-White,linking_winger,Linking Forward,goals_per90,0.15,0.2,24.0,50
85041,A. Gouiri,linking_winger,Linking Forward,goals_per90,0.15,0.804,94.0,50
30937,Mattia Zaccagni,linking_winger,Linking Forward,goals_per90,0.15,0.202,24.0,50
152982,C. Palmer,linking_winger,Linking Forward,goals_per90,0.15,0.406,76.0,50
1165,Matheus Cunha,linking_winger,Linking Forward,goals_per90,0.15,0.22,28.0,50
875,Paulo Dybala,linking_winger,Linking Forward,goals_per90,0.15,0.0,2.0,50
138787,Anthony Gordon,linking_winger,Linking Forward,goals_per90,0.15,0.0,2.0,50
20529,Gauthier Hein,linking_winger,Linking Forward,goals_per90,0.15,0.0,2.0,50
226803,Sebastian Nanasi,linking_winger,Linking Forward,goals_per90,0.15,0.0,2.0,50
249,Donyell Malen,linking_winger,Linking Forward,goals_per90,0.15,1.565,100.0,50
219,Matteo Politano,linking_winger,Linking Forward,goals_per90,0.15,0.267,44.0,50
184226,Yéremy Pino,linking_winger,Linking Forward,goals_per90,0.15,0.0,2.0,50
1707,Gerard Moreno,linking_winger,Linking Forward,goals_per90,0.15,0.608,90.0,50
184,H. Kane,linking_winger,Linking Forward,goals_per90,0.15,0.912,100.0,50
15286,Mousa Tamari,linking_winger,Linking Forward,goals_per90,0.15,0.0,2.0,50
483,K. Kvaratskhelia,linking_winger,Linking Forward,goals_per90,0.15,0.0,2.0,50
323936,Matías Soulé,linking_winger,Linking Forward,goals_per90,0.15,0.645,90.0,50
1279,Josh Maja,linking_winger,Linking Forward,goals_per90,0.15,0.335,62.0,50
19185,Keinan Davis,linking_winger,Linking Forward,goals_per90,0.15,0.0,2.0,50
107,Sofiane Diop,linking_winger,Linking Forward,goals_per90,0.15,0.0,2.0,50
30431,Andrea Colpani,linking_winger,Linking Forward,goals_per90,0.15,0.354,62.0,50
183931,Jonathan Dubasin,linking_winger,Linking Forward,goals_per90,0.15,0.0,2.0,50
269,C. Nkunku,linking_winger,Linking Forward,goals_per90,0.15,0.361,62.0,50
161875,Hugo González,linking_winger,Linking Forward,goals_per90,0.15,0.383,70.0,50
22015,B. Dia,linking_winger,Linking Forward,goals_per90,0.15,0.0,2.0,50
318592,Lucas Cepeda,linking_winger,Linking Forward,goals_per90,0.15,0.0,2.0,50
47445,Iago Aspas,linking_winger,Linking Forward,goals_per90,0.15,0.409,76.0,50
158516,K. Diawara,linking_winger,Linking Forward,goals_per90,0.15,0.0,2.0,50
8489,Jonathan David,linking_winger,Linking Forward,goals_per90,0.15,1.244,100.0,50
21497,L. Blas,linking_winger,Linking Forward,goals_per90,0.15,0.0,2.0,50
84082,R. Faivre,linking_winger,Linking Forward,goals_per90,0.15,0.0,2.0,50
30537,Domenico Berardi,linking_winger,Linking Forward,goals_per90,0.15,0.423,76.0,50
153,O. Dembélé,linking_winger,Linking Forward,goals_per90,0.15,0.0,2.0,50
2292,Ruben Loftus-Cheek,linking_winger,Linking Forward,goals_per90,0.15,0.0,2.0,50
203040,T. Lemperle,linking_winger,Linking Forward,goals_per90,0.15,0.464,82.0,50
342035,Cristian Volpato,linking_winger,Linking Forward,goals_per90,0.15,0.484,82.0,50
544,Noa Lang,linking_winger,Linking Forward,goals_per90,0.15,0.0,2.0,50
278,Kylian Mbappé,linking_winger,Linking Forward,shot_accuracy_pct,0.15,70.968,94.0,50
1496,Raphinha,linking_winger,Linking Forward,shot_accuracy_pct,0.15,84.211,100.0,50
47323,Mikel Oyarzabal,linking_winger,Linking Forward,shot_accuracy_pct,0.15,55.556,70.0,50
18767,Ademola Lookman,linking_winger,Linking Forward,shot_accuracy_pct,0.15,50.0,48.0,50
2215,Armand Laurienté,linking_winger,Linking Forward,shot_accuracy_pct,0.15,41.667,10.0,50
1922,Florian Thauvin,linking_winger,Linking Forward,shot_accuracy_pct,0.15,56.25,72.0,50
18746,Morgan Gibbs-White,linking_winger,Linking Forward,shot_accuracy_pct,0.15,37.5,0.0,50
85041,A. Gouiri,linking_winger,Linking Forward,shot_accuracy_pct,0.15,54.545,70.0,50
30937,Mattia Zaccagni,linking_winger,Linking Forward,shot_accuracy_pct,0.15,58.333,76.0,50
152982,C. Palmer,linking_winger,Linking Forward,shot_accuracy_pct,0.15,35.714,0.0,50
1165,Matheus Cunha,linking_winger,Linking Forward,shot_accuracy_pct,0.15,40.0,5.0,50
875,Paulo Dybala,linking_winger,Linking Forward,shot_accuracy_pct,0.15,25.0,0.0,50
138787,Anthony Gordon,linking_winger,Linking Forward,shot_accuracy_pct,0.15,40.0,5.0,50
20529,Gauthier Hein,linking_winger,Linking Forward,shot_accuracy_pct,0.15,33.333,0.0,50
226803,Sebastian Nanasi,linking_winger,Linking Forward,shot_accuracy_pct,0.15,60.0,81.0,50
249,Donyell Malen,linking_winger,Linking Forward,shot_accuracy_pct,0.15,62.5,90.0,50
219,Matteo Politano,linking_winger,Linking Forward,shot_accuracy_pct,0.15,100.0,100.0,50
184226,Yéremy Pino,linking_winger,Linking Forward,shot_accuracy_pct,0.15,20.0,0.0,50
1707,Gerard Moreno,linking_winger,Linking Forward,shot_accuracy_pct,0.15,42.857,16.0,50
184,H. Kane,linking_winger,Linking Forward,shot_accuracy_pct,0.15,38.462,2.0,50
15286,Mousa Tamari,linking_winger,Linking Forward,shot_accuracy_pct,0.15,42.857,16.0,50
483,K. Kvaratskhelia,linking_winger,Linking Forward,shot_accuracy_pct,0.15,45.455,22.0,50
323936,Matías Soulé,linking_winger,Linking Forward,shot_accuracy_pct,0.15,66.667,92.0,50
1279,Josh Maja,linking_winger,Linking Forward,shot_accuracy_pct,0.15,50.0,48.0,50
19185,Keinan Davis,linking_winger,Linking Forward,shot_accuracy_pct,0.15,50.0,48.0,50
107,Sofiane Diop,linking_winger,Linking Forward,shot_accuracy_pct,0.15,66.667,92.0,50
30431,Andrea Colpani,linking_winger,Linking Forward,shot_accuracy_pct,0.15,66.667,92.0,50
183931,Jonathan Dubasin,linking_winger,Linking Forward,shot_accuracy_pct,0.15,50.0,48.0,50
269,C. Nkunku,linking_winger,Linking Forward,shot_accuracy_pct,0.15,66.667,92.0,50
161875,Hugo González,linking_winger,Linking Forward,shot_accuracy_pct,0.15,50.0,48.0,50
22015,B. Dia,linking_winger,Linking Forward,shot_accuracy_pct,0.15,,,50
318592,Lucas Cepeda,linking_winger,Linking Forward,shot_accuracy_pct,0.15,83.333,100.0,50
47445,Iago Aspas,linking_winger,Linking Forward,shot_accuracy_pct,0.15,33.333,0.0,50
158516,K. Diawara,linking_winger,Linking Forward,shot_accuracy_pct,0.15,33.333,0.0,50
8489,Jonathan David,linking_winger,Linking Forward,shot_accuracy_pct,0.15,66.667,92.0,50
21497,L. Blas,linking_winger,Linking Forward,shot_accuracy_pct,0.15,27.273,0.0,50
84082,R. Faivre,linking_winger,Linking Forward,shot_accuracy_pct,0.15,50.0,48.0,50
30537,Domenico Berardi,linking_winger,Linking Forward,shot_accuracy_pct,0.15,87.5,100.0,50
153,O. Dembélé,linking_winger,Linking Forward,shot_accuracy_pct,0.15,28.571,0.0,50
2292,Ruben Loftus-Cheek,linking_winger,Linking Forward,shot_accuracy_pct,0.15,0.0,0.0,50
203040,T. Lemperle,linking_winger,Linking Forward,shot_accuracy_pct,0.15,50.0,48.0,50
342035,Cristian Volpato,linking_winger,Linking Forward,shot_accuracy_pct,0.15,100.0,100.0,50
544,Noa Lang,linking_winger,Linking Forward,shot_accuracy_pct,0.15,0.0,0.0,50
