player_id,player_name,season,position,primary_league_id,primary_league_name,latest_team_id,latest_team_name,minutes,appearances,provider_rating_avg,pass_accuracy_pct,goals,assists,shots_total,shots_on_target,passes_total,key_passes,tackles,blocks,interceptions,duels_total,duels_won,dribbles_attempted,dribbles_successful,dribbled_past,fouls_drawn,fouls_committed,offsides,yellow_cards,red_cards,goals_per90,assists_per90,shots_total_per90,shots_on_target_per90,passes_total_per90,key_passes_per90,tackles_per90,blocks_per90,interceptions_per90,duels_total_per90,duels_won_per90,dribbles_attempted_per90,dribbles_successful_per90,dribbled_past_per90,fouls_drawn_per90,fouls_committed_per90,offsides_per90,yellow_cards_per90,red_cards_per90,shot_accuracy_pct,duel_win_pct,dribble_success_pct,orientation_cluster,orientation_distance
20,Axel Witsel,2025,M,140,La Liga,547,Girona,2533.0,32,6.930201342281878,91.13837764144512,1.0,2.0,16.0,5.0,1467.0,17.0,36.0,11.0,30.0,242.0,129.0,14.0,10.0,30.0,37.0,34.0,1.0,3,1,0.0355309909198578,0.0710619818397157,0.568495854717726,0.1776549545992893,52.12396367943151,0.6040268456375839,1.2791156731148836,0.3908409001184366,1.0659297275957362,8.598499802605605,4.583497828661666,0.4974338728780102,0.3553099091985787,1.0659297275957362,1.3146466640347414,1.2080536912751678,0.0355309909198578,0.1065929727595736,0.0355309909198578,31.25,53.30578512396694,71.42857142857143,1,1.543879948653159
26,Marius Wolf,2025,M,78,Bundesliga,170,FC Augsburg,1040.0,29,6.8602502406159775,67.28971962616822,1.0,1.0,12.0,5.0,328.0,21.0,19.0,0.0,11.0,75.0,35.0,16.0,7.0,7.0,2.0,10.0,11.0,4,0,0.0865384615384615,0.0865384615384615,1.0384615384615383,0.4326923076923077,28.384615384615383,1.8173076923076923,1.6442307692307694,0.0,0.951923076923077,6.490384615384615,3.0288461538461537,1.3846153846153846,0.6057692307692308,0.6057692307692308,0.173076923076923,0.8653846153846154,0.951923076923077,0.3461538461538461,0.0,41.66666666666667,46.66666666666666,43.75,1,2.435922411481449
44,Rodri,2025,M,39,Premier League,50,Manchester City,1513.0,21,7.5531084656084655,90.08674101610904,1.0,0.0,10.0,3.0,1614.0,26.0,42.0,3.0,14.0,178.0,119.0,15.0,7.0,15.0,31.0,14.0,0.0,3,0,0.0594844679444811,0.0,0.5948446794448117,0.1784534038334435,96.0079312623926,1.5465961665565104,2.4983476536682088,0.1784534038334435,0.8327825512227364,10.588235294117649,7.078651685393258,0.8922670191672174,0.4163912756113682,0.8922670191672174,1.844018506278916,0.8327825512227364,0.0,0.1784534038334435,0.0,30.0,66.85393258426966,46.66666666666666,1,4.093925246744571
45,Thomas Lemar,2025,M,140,La Liga,547,Girona,1273.0,27,6.721995286724273,88.14589665653494,3.0,1.0,11.0,8.0,658.0,20.0,27.0,2.0,5.0,153.0,69.0,34.0,20.0,16.0,20.0,19.0,0.0,4,0,0.2120974076983503,0.0706991358994501,0.7776904948939513,0.565593087195601,46.520031421838176,1.4139827179890023,1.908876669285153,0.1413982717989002,0.3534956794972506,10.816967792615868,4.878240377062058,2.4037706205813043,1.4139827179890023,1.131186174391202,1.4139827179890023,1.343283582089552,0.0,0.2827965435978005,0.0,72.72727272727273,45.09803921568628,58.82352941176471,0,1.7384753332570257
49,Thomas Partey,2025,M,140,La Liga,533,Villarreal,930.0,25,6.654094827586207,86.47166361974405,0.0,0.0,8.0,2.0,547.0,8.0,18.0,4.0,14.0,89.0,46.0,10.0,8.0,9.0,6.0,11.0,0.0,1,0,0.0,0.0,0.7741935483870968,0.1935483870967742,52.93548387096774,0.7741935483870968,1.7419354838709675,0.3870967741935484,1.3548387096774197,8.612903225806452,4.451612903225806,0.967741935483871,0.7741935483870968,0.8709677419354839,0.5806451612903226,1.064516129032258,0.0,0.0967741935483871,0.0,25.0,51.68539325842697,80.0,1,1.4460014875050988
50,Koke,2025,M,140,La Liga,530,Atletico Madrid,2236.0,34,7.213237924865832,91.9287211740042,2.0,2.0,9.0,4.0,1908.0,35.0,50.0,7.0,18.0,179.0,88.0,9.0,3.0,30.0,22.0,21.0,0.0,6,0,0.0805008944543828,0.0805008944543828,0.3622540250447227,0.1610017889087656,76.79785330948123,1.4087656529516994,2.012522361359571,0.2817531305903399,0.7245080500894455,7.204830053667263,3.5420393559928445,0.3622540250447227,0.1207513416815742,1.2075134168157424,0.8855098389982111,0.8452593917710197,0.0,0.2415026833631484,0.0,44.44444444444444,49.162011173184354,33.33333333333333,1,2.6358117911250463
74,Sofyan Amrabat,2025,M,140,La Liga,543,Real Betis,1296.0,17,7.024305555555555,91.0813823857302,0.0,0.0,5.0,1.0,897.0,7.0,25.0,4.0,11.0,102.0,54.0,8.0,6.0,15.0,19.0,22.0,0.0,4,0,0.0,0.0,0.3472222222222222,0.0694444444444444,62.29166666666667,0.4861111111111111,1.736111111111111,0.2777777777777778,0.7638888888888888,7.083333333333334,3.75,0.5555555555555556,0.4166666666666666,1.0416666666666663,1.3194444444444444,1.5277777777777777,0.0,0.2777777777777778,0.0,20.0,52.94117647058824,75.0,1,1.9764454979667392
81,Krépin Diatta,2025,M,61,Ligue 1,91,Monaco,1026.0,18,6.997368421052633,78.38427947598254,0.0,1.0,5.0,1.0,458.0,13.0,31.0,3.0,16.0,107.0,73.0,9.0,6.0,10.0,10.0,8.0,4.0,2,0,0.0,0.087719298245614,0.4385964912280701,0.087719298245614,40.175438596491226,1.1403508771929824,2.719298245614035,0.2631578947368421,1.4035087719298245,9.385964912280702,6.4035087719298245,0.7894736842105263,0.5263157894736842,0.8771929824561403,0.8771929824561403,0.7017543859649122,0.3508771929824561,0.175438596491228,0.0,20.0,68.22429906542055,66.66666666666666,1,1.7351989138520445
83,Arnaut Danjuma,2025,M,140,La Liga,532,Valencia,1627.0,30,6.7779963122311,77.74936061381074,3.0,2.0,28.0,14.0,391.0,17.0,13.0,1.0,2.0,158.0,69.0,64.0,27.0,6.0,22.0,21.0,5.0,0,0,0.1659496004917025,0.1106330669944683,1.548862937922557,0.7744314689612785,21.628764597418563,0.9403810694529808,0.7191149354640444,0.0553165334972341,0.1106330669944683,8.740012292563,3.816840811309158,3.540258143822987,1.4935464044253228,0.331899200983405,1.2169637369391515,1.1616472034419176,0.2765826674861708,0.0,0.0,50.0,43.67088607594937,42.1875,0,2.4146380235851446
102,Djibril Sidibé,2025,M,61,Ligue 1,96,Toulouse,2158.0,32,6.79416126042632,79.93348115299335,3.0,4.0,7.0,5.0,903.0,15.0,48.0,4.0,17.0,167.0,91.0,19.0,9.0,10.0,14.0,30.0,5.0,1,0,0.1251158480074142,0.1668211306765523,0.2919369786839666,0.2085264133456904,37.6598702502317,0.6255792400370713,2.001853568118628,0.1668211306765523,0.7089898053753475,6.9647822057460615,3.795180722891566,0.7924003707136237,0.3753475440222428,0.4170528266913809,0.5838739573679332,1.2511584800741429,0.2085264133456904,0.041705282669138,0.0,71.42857142857143,54.49101796407185,47.368421052631575,1,1.576333459907253
107,Sofiane Diop,2025,M,61,Ligue 1,84,Nice,2252.0,35,6.959724689165187,78.50162866449512,8.0,3.0,38.0,17.0,921.0,38.0,24.0,3.0,21.0,250.0,113.0,68.0,33.0,20.0,47.0,23.0,7.0,5,0,0.3197158081705151,0.1198934280639431,1.5186500888099466,0.6793960923623446,36.80728241563055,1.5186500888099466,0.9591474245115452,0.1198934280639431,0.839253996447602,9.991119005328596,4.515985790408526,2.717584369449378,1.3188277087033748,0.7992895204262876,1.878330373001776,0.919182948490231,0.2797513321492007,0.1998223801065719,0.0,44.73684210526316,45.2,48.52941176470589,0,1.2788809268101402
109,Aleksandr Golovin,2025,M,61,Ligue 1,91,Monaco,1661.0,25,6.832630945213727,82.56130790190736,5.0,5.0,25.0,18.0,734.0,24.0,26.0,5.0,24.0,156.0,68.0,31.0,19.0,18.0,18.0,30.0,2.0,4,1,0.2709211318482841,0.2709211318482841,1.3546056592414208,0.975316074653823,39.77122215532812,1.300421432871764,1.408789885611078,0.2709211318482841,1.300421432871764,8.452739313666466,3.684527393136665,1.6797110174593617,1.02950030102348,0.975316074653823,0.975316074653823,1.625526791089705,0.1083684527393136,0.2167369054786273,0.0541842263696568,72.0,43.58974358974359,61.29032258064516,1,1.860650911780344
110,Han-Noah Massengo,2025,M,78,Bundesliga,170,FC Augsburg,2435.0,33,6.882505133470226,85.84229390681004,2.0,1.0,15.0,6.0,1116.0,17.0,41.0,9.0,38.0,201.0,107.0,40.0,26.0,10.0,23.0,25.0,0.0,5,0,0.0739219712525667,0.0369609856262833,0.5544147843942505,0.2217659137577002,41.24845995893224,0.6283367556468172,1.5154004106776182,0.3326488706365503,1.404517453798768,7.429158110882956,3.95482546201232,1.4784394250513349,0.9609856262833676,0.3696098562628337,0.8501026694045175,0.924024640657084,0.0,0.1848049281314168,0.0,40.0,53.233830845771145,65.0,1,1.5984522267379748
116,Khéphren Thuram,2025,M,135,Serie A,496,Juventus,2453.0,35,7.054463921728496,86.79495686794957,3.0,3.0,36.0,15.0,1507.0,24.0,60.0,9.0,12.0,245.0,132.0,37.0,23.0,14.0,12.0,38.0,3.0,2,0,0.110069302894415,0.110069302894415,1.32083163473298,0.550346514472075,55.2914798206278,0.88055442315532,2.2013860578883,0.330207908683245,0.44027721157766,8.988993069710558,4.843049327354261,1.3575214023644515,0.8438646555238484,0.5136567468406034,0.44027721157766,1.3942111699959234,0.110069302894415,0.0733795352629433,0.0,41.66666666666667,53.87755102040816,62.16216216216216,1,2.1507386213144386
143,Carles Aleñá,2025,M,140,La Liga,542,Alaves,1995.0,34,6.6133834586466165,85.1764705882353,0.0,4.0,18.0,5.0,850.0,38.0,37.0,2.0,10.0,228.0,99.0,27.0,12.0,24.0,36.0,38.0,1.0,5,0,0.0,0.1804511278195488,0.81203007518797,0.225563909774436,38.34586466165413,1.7142857142857144,1.669172932330827,0.0902255639097744,0.4511278195488721,10.285714285714285,4.466165413533835,1.218045112781955,0.5413533834586467,1.0827067669172934,1.62406015037594,1.7142857142857144,0.0451127819548872,0.225563909774436,0.0,27.77777777777778,43.42105263157895,44.44444444444444,0,1.8338807953514056
174,Christian Eriksen,2025,M,78,Bundesliga,161,VfL Wolfsburg,2629.0,33,7.010840623811335,78.28481510621558,3.0,9.0,31.0,16.0,1271.0,66.0,43.0,11.0,19.0,166.0,71.0,21.0,10.0,28.0,6.0,13.0,3.0,4,0,0.102700646633701,0.3081019399011031,1.0612400152149106,0.5477367820464055,43.51084062381133,2.2594142259414225,1.4720426017497146,0.3765690376569037,0.6504374286801066,5.682769113731457,2.430581970330924,0.7189045264359072,0.3423354887790034,0.9585393685812096,0.205401293267402,0.4450361354127045,0.102700646633701,0.1369341955116013,0.0,51.61290322580645,42.77108433734939,47.61904761904761,1,2.9234551942882328
203,Roberto Gagliardini,2025,M,135,Serie A,504,Hellas Verona,2216.0,29,6.991425992779783,81.11587982832617,1.0,0.0,9.0,3.0,1165.0,16.0,73.0,13.0,54.0,285.0,169.0,10.0,6.0,23.0,35.0,45.0,0.0,10,0,0.0406137184115523,0.0,0.3655234657039711,0.121841155234657,47.314981949458485,0.6498194945848376,2.9648014440433217,0.5279783393501805,2.193140794223827,11.574909747292418,6.863718411552346,0.4061371841155234,0.243682310469314,0.934115523465704,1.421480144404332,1.827617328519856,0.0,0.4061371841155234,0.0,33.33333333333333,59.29824561403508,60.0,1,3.780609952122445
219,Matteo Politano,2025,M,135,Serie A,492,Napoli,2213.0,34,6.952417532760958,82.02127659574468,2.0,5.0,35.0,13.0,940.0,37.0,15.0,2.0,5.0,182.0,84.0,69.0,33.0,11.0,28.0,19.0,0.0,4,0,0.0813375508359692,0.2033438770899231,1.4234071396294623,0.5286940804338003,38.22864889290556,1.5047446904654316,0.6100316312697696,0.0813375508359692,0.2033438770899231,7.401717126073203,3.416177135110709,2.80614550384094,1.342069588793493,0.447356529597831,1.1387257117035698,0.7727067329417081,0.0,0.1626751016719385,0.0,37.142857142857146,46.15384615384615,47.82608695652174,0,2.3143240733071884
226,Denzel Dumfries,2025,M,135,Serie A,505,Inter,1327.0,20,6.616578749058025,80.10610079575596,3.0,1.0,16.0,5.0,377.0,13.0,15.0,0.0,7.0,130.0,63.0,19.0,6.0,10.0,13.0,20.0,2.0,2,0,0.2034664657121326,0.0678221552373775,1.0851544837980407,0.3391107761868877,25.568952524491333,0.881688018085908,1.0173323285606632,0.0,0.4747550866616428,8.81688018085908,4.2727957799547855,1.2886209495101737,0.4069329314242653,0.6782215523737755,0.881688018085908,1.356443104747551,0.1356443104747551,0.1356443104747551,0.0,31.25,48.46153846153846,31.57894736842105,1,2.4015321356704655
231,Jordan Teze,2025,M,61,Ligue 1,91,Monaco,2494.0,33,6.988933440256616,83.33333333333334,1.0,2.0,11.0,5.0,1332.0,35.0,61.0,10.0,29.0,223.0,117.0,10.0,3.0,31.0,25.0,32.0,3.0,8,0,0.0360866078588612,0.0721732157177225,0.3969526864474739,0.1804330392943063,48.0673616680032,1.2630312750601442,2.2012830793905374,0.3608660785886126,1.0465116279069768,8.047313552526063,4.222133119486768,0.3608660785886126,0.1082598235765838,1.1186848436246992,0.9021651964715316,1.1547714514835603,0.1082598235765838,0.2886928628708901,0.0,45.45454545454545,52.46636771300448,30.0,1,1.059638450450948
247,Cody Gakpo,2025,M,39,Premier League,40,Liverpool,2754.0,36,6.968917937545387,78.53333333333333,7.0,5.0,54.0,21.0,750.0,53.0,28.0,4.0,13.0,334.0,162.0,69.0,34.0,14.0,44.0,42.0,30.0,3,0,0.2287581699346405,0.1633986928104575,1.7647058823529411,0.6862745098039216,24.509803921568626,1.7320261437908495,0.915032679738562,0.130718954248366,0.4248366013071895,10.915032679738562,5.294117647058823,2.2549019607843137,1.1111111111111112,0.457516339869281,1.437908496732026,1.3725490196078431,0.9803921568627452,0.0980392156862745,0.0,38.88888888888889,48.50299401197605,49.275362318840585,0,1.4909034578597407
272,Adrien Rabiot,2025,M,135,Serie A,489,AC Milan,2640.0,30,7.225,85.88235294117646,6.0,4.0,35.0,12.0,1360.0,31.0,57.0,5.0,20.0,313.0,174.0,42.0,20.0,19.0,56.0,37.0,7.0,7,1,0.2045454545454545,0.1363636363636363,1.193181818181818,0.409090909090909,46.36363636363636,1.0568181818181817,1.943181818181818,0.1704545454545454,0.6818181818181819,10.670454545454543,5.931818181818182,1.4318181818181817,0.6818181818181819,0.6477272727272727,1.9090909090909087,1.2613636363636365,0.2386363636363636,0.2386363636363636,0.034090909090909,34.285714285714285,55.59105431309904,47.61904761904761,0,1.8948074353507858
292,Jordan Henderson,2025,M,39,Premier League,55,Brentford,1929.0,32,6.909797822706065,77.97927461139896,1.0,3.0,4.0,1.0,1158.0,19.0,27.0,7.0,17.0,99.0,48.0,8.0,3.0,9.0,7.0,13.0,1.0,6,0,0.046656298600311,0.1399688958009331,0.1866251944012441,0.046656298600311,54.02799377916019,0.8864696734059098,1.2597200622083982,0.3265940902021773,0.7931570762052877,4.618973561430794,2.23950233281493,0.3732503888024883,0.1399688958009331,0.4199066874027994,0.3265940902021773,0.6065318818040436,0.046656298600311,0.2799377916018662,0.0,25.0,48.48484848484848,37.5,1,2.542263157977357
293,Curtis Jones,2025,M,39,Premier League,40,Liverpool,1950.0,34,6.900307692307692,91.61603888213853,1.0,2.0,16.0,7.0,1646.0,21.0,40.0,6.0,18.0,201.0,102.0,34.0,22.0,21.0,29.0,17.0,0.0,2,0,0.0461538461538461,0.0923076923076923,0.7384615384615385,0.3230769230769231,75.96923076923078,0.9692307692307692,1.8461538461538465,0.2769230769230769,0.8307692307692308,9.276923076923078,4.707692307692308,1.5692307692307692,1.0153846153846156,0.9692307692307692,1.3384615384615384,0.7846153846153846,0.0,0.0923076923076923,0.0,43.75,50.74626865671642,64.70588235294117,1,2.336594106010504
306,Mohamed Salah,2025,M,39,Premier League,40,Liverpool,2148.0,27,6.939571694599628,76.92307692307693,7.0,7.0,45.0,19.0,793.0,49.0,17.0,1.0,4.0,201.0,60.0,72.0,19.0,9.0,16.0,10.0,14.0,1,0,0.2932960893854748,0.2932960893854748,1.8854748603351956,0.7960893854748603,33.22625698324022,2.053072625698324,0.7122905027932961,0.0418994413407821,0.1675977653631284,8.421787709497206,2.513966480446927,3.016759776536313,0.7960893854748603,0.3770949720670391,0.6703910614525139,0.4189944134078212,0.5865921787709497,0.0418994413407821,0.0,42.22222222222222,29.850746268656717,26.38888888888889,0,2.6904166274592765
325,Gianluca Gaetano,2025,M,135,Serie A,490,Cagliari,1911.0,33,6.916169544740973,80.4739336492891,2.0,4.0,25.0,11.0,1055.0,28.0,29.0,2.0,22.0,182.0,89.0,29.0,17.0,19.0,29.0,26.0,0.0,4,0,0.0941915227629513,0.1883830455259026,1.1773940345368916,0.5180533751962324,49.686028257456826,1.3186813186813189,1.3657770800627942,0.0941915227629513,1.0361067503924648,8.571428571428571,4.191522762951335,1.3657770800627942,0.8006279434850864,0.8948194662480378,1.3657770800627942,1.2244897959183674,0.0,0.1883830455259026,0.0,44.0,48.9010989010989,58.620689655172406,1,1.538245180891927
328,Fabián Ruiz,2025,M,61,Ligue 1,85,Paris Saint Germain,1129.0,20,7.195128432240922,92.57425742574256,1.0,4.0,13.0,4.0,1212.0,19.0,17.0,0.0,14.0,49.0,24.0,11.0,2.0,8.0,3.0,2.0,2.0,2,0,0.0797165633303808,0.3188662533215234,1.0363153232949514,0.3188662533215234,96.6164747564216,1.5146147032772364,1.3551815766164748,0.0,1.1160318866253325,3.906111603188663,1.9131975199291409,0.8768821966341894,0.1594331266607617,0.6377325066430469,0.2391496899911425,0.1594331266607617,0.1594331266607617,0.1594331266607617,0.0,30.76923076923077,48.97959183673469,18.181818181818183,1,4.50111337932803
329,Piotr Zieliński,2025,M,135,Serie A,505,Inter,2055.0,34,7.202287104622871,92.31283422459892,6.0,3.0,17.0,10.0,1496.0,29.0,31.0,3.0,5.0,132.0,78.0,27.0,18.0,12.0,18.0,18.0,0.0,3,0,0.2627737226277372,0.1313868613138686,0.7445255474452555,0.437956204379562,65.51824817518248,1.27007299270073,1.3576642335766422,0.1313868613138686,0.218978102189781,5.781021897810219,3.416058394160584,1.1824817518248176,0.7883211678832117,0.5255474452554744,0.7883211678832117,0.7883211678832117,0.0,0.1313868613138686,0.0,58.82352941176471,59.09090909090909,66.66666666666666,1,2.7951790405855594
407,Benjamin Stambouli,2025,M,61,Ligue 1,112,Metz,972.0,19,6.833023735810113,82.0,0.0,0.0,5.0,1.0,500.0,8.0,23.0,5.0,8.0,88.0,47.0,12.0,10.0,13.0,9.0,14.0,0.0,0,0,0.0,0.0,0.4629629629629629,0.0925925925925926,46.2962962962963,0.7407407407407408,2.1296296296296298,0.4629629629629629,0.7407407407407408,8.148148148148149,4.351851851851852,1.1111111111111112,0.925925925925926,1.2037037037037035,0.8333333333333333,1.2962962962962965,0.0,0.0,0.0,20.0,53.40909090909091,83.33333333333334,1,0.9299460749398147
409,Nabil Bentaleb,2025,M,61,Ligue 1,79,Lille,1287.0,26,7.101165501165502,86.8335146898803,2.0,2.0,13.0,6.0,919.0,12.0,18.0,6.0,15.0,103.0,54.0,10.0,5.0,8.0,18.0,14.0,0.0,3,0,0.1398601398601398,0.1398601398601398,0.9090909090909092,0.4195804195804196,64.26573426573427,0.8391608391608392,1.2587412587412588,0.4195804195804196,1.048951048951049,7.2027972027972025,3.776223776223776,0.6993006993006993,0.3496503496503496,0.5594405594405595,1.2587412587412588,0.9790209790209792,0.0,0.2097902097902098,0.0,46.15384615384615,52.42718446601942,50.0,1,1.9915736791759457
414,Omar Mascarell,2025,M,140,La Liga,798,Mallorca,2245.0,30,6.892472160356348,86.07011070110701,2.0,2.0,5.0,3.0,1084.0,8.0,48.0,17.0,34.0,197.0,97.0,9.0,6.0,18.0,13.0,38.0,0.0,5,0,0.0801781737193764,0.0801781737193764,0.2004454342984409,0.1202672605790645,43.456570155902,0.3207126948775056,1.9242761692650332,0.6815144766146993,1.3630289532293989,7.897550111358575,3.888641425389755,0.3608017817371937,0.2405345211581291,0.7216035634743875,0.5211581291759465,1.5233853006681517,0.0,0.2004454342984409,0.0,60.0,49.23857868020304,66.66666666666666,1,2.042300170787871
415,Weston McKennie,2025,M,135,Serie A,496,Juventus,2841.0,36,6.87245508982036,83.150800336984,5.0,5.0,36.0,16.0,1187.0,48.0,40.0,8.0,25.0,237.0,114.0,33.0,17.0,11.0,11.0,44.0,7.0,5,0,0.1583949313621964,0.1583949313621964,1.1404435058078142,0.5068637803590285,37.60295670538543,1.5205913410770855,1.2671594508975712,0.2534318901795142,0.791974656810982,7.50791974656811,3.6114044350580783,1.0454065469904965,0.5385427666314677,0.3484688489968321,0.3484688489968321,1.3938753959873285,0.2217529039070749,0.1583949313621964,0.0,44.44444444444444,48.10126582278481,51.51515151515152,1,2.0080316770273994
418,Suat Serdar,2025,M,135,Serie A,504,Hellas Verona,1116.0,20,6.820519713261649,72.08121827411168,2.0,0.0,13.0,7.0,395.0,13.0,31.0,5.0,9.0,122.0,60.0,17.0,9.0,9.0,12.0,19.0,1.0,3,0,0.1612903225806451,0.0,1.0483870967741935,0.5645161290322581,31.854838709677416,1.0483870967741935,2.5,0.4032258064516129,0.7258064516129032,9.838709677419356,4.838709677419355,1.3709677419354838,0.7258064516129032,0.7258064516129032,0.967741935483871,1.5322580645161292,0.0806451612903225,0.2419354838709677,0.0,53.84615384615385,49.18032786885246,52.94117647058824,1,1.5676333433761307
502,Joshua Kimmich,2025,M,78,Bundesliga,157,Bayern München,2280.0,29,7.827061403508773,92.37735849056604,2.0,8.0,22.0,10.0,2650.0,57.0,32.0,6.0,25.0,134.0,71.0,18.0,11.0,23.0,21.0,8.0,0.0,4,0,0.0789473684210526,0.3157894736842105,0.868421052631579,0.3947368421052631,104.60526315789473,2.25,1.263157894736842,0.2368421052631578,0.986842105263158,5.289473684210527,2.8026315789473686,0.7105263157894737,0.4342105263157895,0.9078947368421052,0.8289473684210525,0.3157894736842105,0.0,0.1578947368421052,0.0,45.45454545454545,52.98507462686567,61.11111111111112,1,4.987679621346081
510,Serge Gnabry,2025,M,78,Bundesliga,157,Bayern München,1228.0,21,7.241286644951139,89.83050847457628,8.0,6.0,35.0,17.0,649.0,23.0,18.0,1.0,4.0,96.0,40.0,34.0,16.0,7.0,6.0,9.0,6.0,1,0,0.5863192182410424,0.4397394136807817,2.5651465798045603,1.2459283387622149,47.56514657980456,1.6856677524429968,1.3192182410423452,0.0732899022801303,0.2931596091205212,7.035830618892508,2.931596091205212,2.4918566775244297,1.1726384364820848,0.5130293159609121,0.4397394136807817,0.6596091205211726,0.4397394136807817,0.0732899022801303,0.0,48.57142857142857,41.66666666666667,47.05882352941176,0,3.5275328362225427
511,Leon Goretzka,2025,M,78,Bundesliga,157,Bayern München,1954.0,31,7.21173155737705,91.4656771799629,5.0,3.0,23.0,11.0,1618.0,22.0,29.0,8.0,26.0,160.0,78.0,14.0,11.0,14.0,16.0,15.0,2.0,4,0,0.2302968270214944,0.1381780962128966,1.059365404298874,0.5066530194472876,74.52405322415558,1.0133060388945752,1.3357215967246674,0.368474923234391,1.1975435005117707,7.369498464687821,3.592630501535312,0.6448311156601843,0.5066530194472876,0.6448311156601843,0.736949846468782,0.690890481064483,0.0921187308085977,0.1842374616171955,0.0,47.82608695652174,48.75,78.57142857142857,1,2.60307794007701
519,Corentin Tolisso,2025,M,61,Ligue 1,80,Lyon,2306.0,30,7.151864700780571,84.24657534246576,11.0,4.0,42.0,27.0,1314.0,34.0,32.0,10.0,18.0,299.0,146.0,16.0,6.0,31.0,55.0,42.0,3.0,5,0,0.4293148308759758,0.1561144839549002,1.6392020815264523,1.0537727666955767,51.28360797918473,1.3269731136166525,1.248915871639202,0.3902862098872506,0.7025151777970512,11.669557675628791,5.69817866435386,0.6244579358196011,0.2341717259323504,1.209887250650477,2.146574154379879,1.6392020815264523,0.1170858629661752,0.1951431049436253,0.0,64.28571428571429,48.82943143812709,37.5,0,2.4007900821012575
538,Frenkie de Jong,2025,M,140,La Liga,529,Barcelona,1637.0,25,7.433842394624313,94.13724183877416,1.0,5.0,5.0,2.0,1501.0,35.0,45.0,4.0,17.0,127.0,85.0,7.0,5.0,10.0,27.0,10.0,2.0,6,1,0.0549786194257788,0.2748930971288943,0.2748930971288943,0.1099572388515577,82.52290775809408,1.92425167990226,2.474037874160049,0.2199144777031154,0.9346365302382408,6.982284667073915,4.673182651191203,0.384850335980452,0.2748930971288943,0.5497861942577886,1.484422724496029,0.5497861942577886,0.1099572388515577,0.3298717165546732,0.0549786194257788,40.0,66.92913385826772,71.42857142857143,1,3.4260345783457535
541,Jürgen Ekkelenkamp,2025,M,135,Serie A,494,Udinese,2203.0,31,6.953835678620063,79.375,5.0,3.0,27.0,15.0,643.0,28.0,47.0,6.0,15.0,181.0,97.0,25.0,16.0,10.0,19.0,22.0,3.0,1,0,0.2042669087607807,0.1225601452564684,1.103041307308216,0.6128007262823423,26.268724466636407,1.143894689060372,1.920108942351339,0.2451202905129369,0.6128007262823423,7.394462097140264,3.9627780299591455,1.0213345438039036,0.6536541080344984,0.4085338175215615,0.7762142532909669,0.8987743985474353,0.1225601452564684,0.0408533817521561,0.0,55.55555555555556,53.59116022099448,64.0,1,1.840887684997632
542,Ryan Gravenberch,2025,M,39,Premier League,40,Liverpool,2996.0,36,7.101001335113484,88.81720430107526,5.0,3.0,25.0,13.0,1860.0,29.0,59.0,12.0,47.0,283.0,159.0,54.0,31.0,17.0,42.0,38.0,0.0,5,0,0.1502002670226969,0.0901201602136181,0.7510013351134845,0.390520694259012,55.87449933244326,0.8711615487316422,1.7723631508678237,0.3604806408544727,1.4118825100133512,8.501335113484645,4.7763684913217626,1.622162883845127,0.9312416555407208,0.5106809078771696,1.2616822429906542,1.1415220293724966,0.0,0.1502002670226969,0.0,52.0,56.18374558303887,57.407407407407405,1,1.542276995687146
563,Alejandro Grimaldo,2025,M,78,Bundesliga,168,Bayer Leverkusen,2524.0,29,7.341798732171157,87.39770867430443,8.0,8.0,43.0,21.0,1833.0,70.0,49.0,5.0,19.0,244.0,113.0,61.0,25.0,27.0,29.0,11.0,8.0,5,0,0.2852614896988906,0.2852614896988906,1.5332805071315374,0.7488114104595879,65.36053882725832,2.4960380348652933,1.7472266244057053,0.1782884310618066,0.6774960380348654,8.700475435816164,4.029318541996831,2.175118858954041,0.8914421553090333,0.962757527733756,1.0340729001584783,0.3922345483359746,0.2852614896988906,0.1782884310618066,0.0,48.837209302325576,46.31147540983606,40.98360655737705,0,3.1496602822856747
575,Florentino Luís,2025,M,39,Premier League,44,Burnley,2118.0,31,6.684183191690274,85.50863723608445,0.0,2.0,10.0,2.0,1042.0,13.0,90.0,14.0,41.0,262.0,129.0,21.0,7.0,36.0,8.0,40.0,1.0,6,0,0.0,0.0849858356940509,0.4249291784702549,0.0849858356940509,44.27762039660057,0.5524079320113314,3.824362606232295,0.5949008498583569,1.742209631728045,11.13314447592068,5.481586402266289,0.8923512747875354,0.2974504249291784,1.529745042492918,0.3399433427762039,1.69971671388102,0.0424929178470254,0.254957507082153,0.0,20.0,49.23664122137404,33.33333333333333,1,3.776061016820216
628,Adrián Bernabé,2025,M,135,Serie A,523,Parma,2493.0,32,7.07785800240674,84.77917981072555,3.0,1.0,29.0,12.0,1268.0,55.0,39.0,6.0,17.0,228.0,119.0,42.0,15.0,31.0,61.0,15.0,1.0,0,0,0.1083032490974729,0.0361010830324909,1.0469314079422385,0.4332129963898917,45.77617328519856,1.985559566787004,1.407942238267148,0.2166064981949458,0.6137184115523465,8.231046931407942,4.296028880866426,1.5162454873646207,0.5415162454873647,1.1191335740072204,2.2021660649819497,0.5415162454873647,0.0361010830324909,0.0,0.0,41.37931034482759,52.19298245614035,35.714285714285715,0,2.2522720022290756
629,Kevin De Bruyne,2025,M,135,Serie A,492,Napoli,1169.0,18,7.093755346449957,83.78378378378379,5.0,2.0,20.0,11.0,740.0,37.0,12.0,0.0,5.0,73.0,30.0,14.0,9.0,11.0,6.0,8.0,4.0,1,0,0.3849443969204448,0.1539777587681779,1.5397775876817792,0.8468776732249785,56.97177074422583,2.848588537211292,0.9238665526090676,0.0,0.3849443969204448,5.620188195038494,2.309666381522669,1.0778443113772456,0.6928999144568007,0.8468776732249785,0.4619332763045338,0.6159110350727117,0.3079555175363558,0.0769888793840889,0.0,55.00000000000001,41.0958904109589,64.28571428571429,0,4.277240214258899
631,Phil Foden,2025,M,39,Premier League,50,Manchester City,2107.0,33,7.149501661129568,88.19157720891825,7.0,5.0,36.0,19.0,1211.0,56.0,34.0,3.0,9.0,199.0,96.0,47.0,25.0,14.0,31.0,18.0,3.0,4,0,0.2990033222591362,0.2135738016136687,1.5377313716184149,0.8115804461319411,51.72757475083056,2.39202657807309,1.4523018509729475,0.1281442809682012,0.3844328429046037,8.500237304224015,4.10061699098244,2.007593735168486,1.0678690080683435,0.5980066445182725,1.324157570004746,0.7688656858092074,0.1281442809682012,0.170859041290935,0.0,52.77777777777778,48.24120603015075,53.191489361702125,0,2.397774526208429
636,Bernardo Silva,2025,M,39,Premier League,50,Manchester City,2890.0,38,6.875328719723182,90.1639344262295,2.0,4.0,17.0,7.0,2196.0,47.0,53.0,6.0,22.0,244.0,100.0,49.0,21.0,26.0,22.0,37.0,5.0,10,0,0.0622837370242214,0.1245674740484429,0.5294117647058824,0.217993079584775,68.38754325259515,1.4636678200692042,1.6505190311418685,0.1868512110726643,0.685121107266436,7.598615916955017,3.114186851211073,1.5259515570934257,0.6539792387543253,0.809688581314879,0.685121107266436,1.152249134948097,0.1557093425605536,0.3114186851211072,0.0,41.17647058823529,40.98360655737705,42.85714285714285,1,2.131393348260044
637,Felix Nmecha,2025,M,78,Bundesliga,165,Borussia Dortmund,2184.0,29,6.960119047619048,87.16279069767442,2.0,3.0,19.0,7.0,1075.0,20.0,37.0,4.0,27.0,212.0,117.0,54.0,31.0,13.0,22.0,28.0,2.0,0,0,0.0824175824175824,0.1236263736263736,0.782967032967033,0.2884615384615384,44.29945054945056,0.8241758241758242,1.5247252747252746,0.1648351648351648,1.112637362637363,8.736263736263737,4.821428571428571,2.2252747252747254,1.2774725274725274,0.5357142857142857,0.9065934065934068,1.1538461538461535,0.0824175824175824,0.0,0.0,36.84210526315789,55.18867924528303,57.407407407407405,1,1.1966145160091382
659,Maxence Caqueret,2025,M,135,Serie A,895,Como,1487.0,30,6.878211163416274,88.18984547461368,2.0,6.0,12.0,4.0,906.0,26.0,35.0,3.0,13.0,179.0,82.0,32.0,17.0,19.0,23.0,26.0,2.0,3,0,0.121049092131809,0.363147276395427,0.7262945527908541,0.242098184263618,54.83523873570948,1.5736381977135172,2.1183591123066576,0.1815736381977135,0.7868190988567586,10.833893745796908,4.9630127774041695,1.936785474108944,1.0289172831203766,1.1499663752521856,1.3920645595158037,1.5736381977135172,0.121049092131809,0.1815736381977135,0.0,33.33333333333333,45.81005586592179,53.125,1,1.711625831447104
714,Nadiem Amiri,2025,M,78,Bundesliga,164,FSV Mainz 05,2090.0,26,7.443923444976077,81.27812781278128,12.0,2.0,33.0,22.0,1111.0,63.0,31.0,3.0,22.0,187.0,94.0,49.0,25.0,13.0,26.0,20.0,3.0,6,0,0.5167464114832536,0.0861244019138756,1.4210526315789471,0.9473684210526316,47.84210526315789,2.712918660287081,1.3349282296650715,0.1291866028708134,0.9473684210526316,8.052631578947368,4.047846889952154,2.110047846889952,1.076555023923445,0.5598086124401914,1.1196172248803828,0.8612440191387559,0.1291866028708134,0.2583732057416268,0.0,66.66666666666666,50.26737967914438,51.02040816326531,0,2.8963283141235125
715,Christoph Baumgartner,2025,M,78,Bundesliga,173,RB Leipzig,2789.0,33,6.918608820365723,75.71428571428571,13.0,8.0,70.0,35.0,1120.0,37.0,54.0,4.0,21.0,356.0,159.0,33.0,13.0,31.0,33.0,63.0,4.0,10,0,0.419505198996056,0.2581570455360344,2.258874148440301,1.1294370742201505,36.141986375044816,1.1939763356041593,1.7425600573682325,0.1290785227680172,0.6776622445320903,11.487988526353533,5.130871280028685,1.064897812836142,0.419505198996056,1.0003585514521334,1.064897812836142,2.032986733596271,0.1290785227680172,0.322696306920043,0.0,50.0,44.662921348314605,39.39393939393939,0,2.448988008280214
723,Joelinton,2025,M,39,Premier League,34,Newcastle,1953.0,27,6.856067588325652,82.71752085816448,2.0,1.0,23.0,11.0,839.0,17.0,43.0,3.0,29.0,296.0,149.0,30.0,16.0,20.0,27.0,47.0,1.0,10,0,0.0921658986175115,0.0460829493087557,1.0599078341013826,0.5069124423963134,38.66359447004608,0.783410138248848,1.9815668202764976,0.1382488479262673,1.336405529953917,13.640552995391706,6.8663594470046085,1.3824884792626728,0.7373271889400922,0.9216589861751152,1.2442396313364057,2.1658986175115205,0.0460829493087557,0.4608294930875576,0.0,47.82608695652174,50.33783783783784,53.333333333333336,1,2.3413488029541454
726,Andrej Kramarić,2025,M,78,Bundesliga,167,1899 Hoffenheim,2222.0,34,7.197884788478849,85.27918781725889,14.0,6.0,50.0,33.0,985.0,36.0,8.0,2.0,8.0,115.0,46.0,33.0,19.0,7.0,14.0,5.0,5.0,2,0,0.5670567056705671,0.243024302430243,2.025202520252025,1.3366336633663365,39.896489648964895,1.4581458145814583,0.324032403240324,0.081008100810081,0.324032403240324,4.657965796579657,1.8631863186318631,1.3366336633663365,0.7695769576957696,0.2835283528352835,0.5670567056705671,0.2025202520252025,0.2025202520252025,0.081008100810081,0.0,66.0,40.0,57.57575757575758,0,3.9491876882561554
744,Brahim Díaz,2025,M,140,La Liga,541,Real Madrid,1284.0,30,6.728660436137072,90.58380414312616,1.0,6.0,12.0,7.0,531.0,30.0,15.0,0.0,2.0,159.0,79.0,44.0,25.0,2.0,37.0,19.0,3.0,2,0,0.0700934579439252,0.4205607476635514,0.8411214953271028,0.4906542056074766,37.2196261682243,2.102803738317757,1.0514018691588785,0.0,0.1401869158878504,11.144859813084112,5.537383177570093,3.08411214953271,1.7523364485981308,0.1401869158878504,2.593457943925233,1.3317757009345794,0.2102803738317757,0.1401869158878504,0.0,58.333333333333336,49.685534591194966,56.81818181818182,0,2.3553424271229133
747,Casemiro,2025,M,39,Premier League,33,Manchester United,2593.0,34,7.249286540686464,81.26171143035603,9.0,2.0,36.0,18.0,1601.0,36.0,90.0,27.0,31.0,358.0,189.0,15.0,6.0,50.0,36.0,46.0,5.0,11,1,0.3123794832240648,0.069417662938681,1.2495179328962591,0.6247589664481296,55.5688391824142,1.2495179328962591,3.123794832240648,0.9371384496721944,1.0759737755495564,12.425761666023911,6.55996914770536,0.520632472040108,0.2082529888160432,1.7354415734670268,1.2495179328962591,1.5966062475896643,0.1735441573467026,0.3817971461627459,0.0347088314693405,50.0,52.79329608938548,40.0,1,2.7226173992459963
754,Luka Modrić,2025,M,135,Serie A,489,AC Milan,2821.0,34,7.593406593406593,90.401081568274,2.0,3.0,14.0,8.0,2219.0,53.0,51.0,12.0,39.0,202.0,112.0,35.0,17.0,29.0,33.0,23.0,0.0,4,0,0.0638071605813541,0.0957107408720312,0.4466501240694789,0.2552286423254165,70.79404466501241,1.6908897554058846,1.6270825948245302,0.3828429634881248,1.2442396313364057,6.444523218716768,3.5732009925558312,1.1166253101736974,0.5423608649415101,0.925203828429635,1.0528181495923432,0.7337823466855725,0.0,0.1276143211627082,0.0,57.14285714285714,55.44554455445545,48.57142857142857,1,2.502929043170148
756,Federico Valverde,2025,M,140,La Liga,541,Real Madrid,2746.0,33,7.352476329206119,90.12605042016808,5.0,8.0,41.0,22.0,1904.0,43.0,41.0,8.0,24.0,163.0,100.0,36.0,23.0,11.0,14.0,18.0,1.0,3,1,0.1638747268754552,0.2621995630007283,1.3437727603787328,0.721048798252003,62.40349599417335,1.4093226511289147,1.3437727603787328,0.2621995630007283,0.786598689002185,5.34231609613984,3.277494537509104,1.1798980335032776,0.7538237436270939,0.3605243991260015,0.4588492352512745,0.5899490167516388,0.032774945375091,0.0983248361252731,0.032774945375091,53.65853658536586,61.34969325153374,63.888888888888886,1,2.625583305715855
778,Bryan Cristante,2025,M,135,Serie A,497,AS Roma,3103.0,37,7.07247824685788,81.30577736026304,2.0,1.0,29.0,8.0,2129.0,27.0,72.0,8.0,27.0,416.0,206.0,22.0,13.0,19.0,9.0,63.0,0.0,6,0,0.058008378988076,0.029004189494038,0.8411214953271028,0.2320335159523042,61.74991943280696,0.7831131163390268,2.088301643570738,0.2320335159523042,0.7831131163390268,12.065742829519818,5.9748630357718335,0.6380921688688366,0.3770544634224943,0.5510796003867225,0.2610377054463422,1.827263938124396,0.0,0.1740251369642281,0.0,27.58620689655172,49.51923076923077,59.09090909090909,1,2.252035145315991
792,Justin Kluivert,2025,M,39,Premier League,35,Bournemouth,951.0,20,6.559726603575183,81.15942028985508,2.0,0.0,11.0,4.0,345.0,21.0,10.0,2.0,4.0,116.0,37.0,26.0,11.0,9.0,10.0,18.0,2.0,5,0,0.1892744479495268,0.0,1.0410094637223974,0.3785488958990536,32.64984227129338,1.987381703470032,0.946372239747634,0.1892744479495268,0.3785488958990536,10.977917981072556,3.501577287066246,2.4605678233438484,1.0410094637223974,0.8517350157728707,0.946372239747634,1.7034700315457414,0.1892744479495268,0.473186119873817,0.0,36.36363636363637,31.89655172413793,42.30769230769231,0,1.736513057691572
862,Leonardo Spinazzola,2025,M,135,Serie A,492,Napoli,1908.0,32,7.051232302045097,80.73022312373224,3.0,3.0,15.0,7.0,986.0,33.0,24.0,2.0,4.0,121.0,51.0,51.0,16.0,10.0,9.0,9.0,2.0,2,0,0.1415094339622641,0.1415094339622641,0.7075471698113207,0.330188679245283,46.50943396226415,1.5566037735849056,1.1320754716981132,0.0943396226415094,0.1886792452830188,5.7075471698113205,2.405660377358491,2.405660377358491,0.7547169811320755,0.4716981132075472,0.4245283018867924,0.4245283018867924,0.0943396226415094,0.0943396226415094,0.0,46.66666666666666,42.14876033057851,31.37254901960784,1,2.977356089510013
863,Rodrigo Bentancur,2025,M,39,Premier League,47,Tottenham,1892.0,26,6.760782241014799,85.74237954768928,1.0,1.0,9.0,3.0,1017.0,10.0,56.0,7.0,34.0,208.0,113.0,31.0,19.0,11.0,8.0,19.0,1.0,7,0,0.047568710359408,0.047568710359408,0.4281183932346723,0.1427061310782241,48.377378435517976,0.4756871035940803,2.66384778012685,0.3329809725158562,1.617336152219873,9.894291754756871,5.375264270613108,1.4746300211416492,0.9038054968287526,0.5232558139534884,0.3805496828752643,0.9038054968287526,0.047568710359408,0.3329809725158562,0.0,33.33333333333333,54.32692307692307,61.29032258064516,1,2.4656526917767043
876,Nicolò Fagioli,2025,M,135,Serie A,502,Fiorentina,2564.0,33,7.329329173166927,89.95215311004785,2.0,3.0,20.0,7.0,1672.0,62.0,46.0,10.0,16.0,204.0,111.0,31.0,19.0,25.0,45.0,23.0,0.0,5,0,0.0702028081123244,0.1053042121684867,0.702028081123245,0.2457098283931357,58.68954758190327,2.17628705148206,1.6146645865834637,0.3510140405616225,0.5616224648985959,7.160686427457098,3.8962558502340094,1.0881435257410297,0.6669266770670828,0.8775351014040562,1.579563182527301,0.8073322932917317,0.0,0.1755070202808112,0.0,35.0,54.41176470588235,61.29032258064516,1,2.606018145263389
881,Hans Nicolussi Caviglia,2025,M,135,Serie A,523,Parma,1473.0,26,6.7267663043478265,84.48500651890483,0.0,4.0,10.0,3.0,767.0,19.0,27.0,4.0,6.0,159.0,73.0,22.0,11.0,13.0,24.0,23.0,0.0,4,0,0.0,0.2443991853360488,0.6109979633401222,0.1832993890020366,46.86354378818737,1.1608961303462322,1.64969450101833,0.2443991853360488,0.3665987780040733,9.714867617107943,4.460285132382892,1.3441955193482689,0.6720977596741344,0.7942973523421589,1.4663951120162932,1.405295315682281,0.0,0.2443991853360488,0.0,30.0,45.911949685534594,50.0,1,1.746511625553567
895,James Garner,2025,M,39,Premier League,45,Everton,3414.0,38,7.236906854130052,87.22098214285714,2.0,7.0,34.0,14.0,1792.0,56.0,120.0,10.0,57.0,341.0,209.0,34.0,18.0,46.0,42.0,39.0,0.0,12,0,0.0527240773286467,0.1845342706502636,0.8963093145869947,0.3690685413005272,47.24077328646749,1.476274165202109,3.163444639718805,0.2636203866432337,1.5026362038664325,8.98945518453427,5.509666080843585,0.8963093145869947,0.4745166959578207,1.2126537785588751,1.1072056239015815,1.0281195079086116,0.0,0.3163444639718805,0.0,41.17647058823529,61.29032258064516,52.94117647058824,1,2.4217782704117727
896,Angel Gomes,2025,M,61,Ligue 1,39,Wolves,1380.0,26,6.917028985507248,89.6103896103896,3.0,0.0,15.0,7.0,770.0,24.0,20.0,2.0,4.0,117.0,58.0,15.0,10.0,9.0,21.0,26.0,0.0,4,0,0.1956521739130435,0.0,0.9782608695652174,0.4565217391304347,50.21739130434783,1.565217391304348,1.3043478260869563,0.1304347826086956,0.2608695652173913,7.630434782608695,3.782608695652174,0.9782608695652174,0.6521739130434783,0.5869565217391304,1.3695652173913044,1.6956521739130437,0.0,0.2608695652173913,0.0,46.66666666666666,49.57264957264957,66.66666666666666,1,2.364238296162553
897,Mason Greenwood,2025,M,61,Ligue 1,81,Marseille,2469.0,32,7.444309437019036,81.69464428457233,16.0,7.0,86.0,48.0,1251.0,61.0,15.0,1.0,4.0,229.0,105.0,105.0,54.0,18.0,34.0,22.0,1.0,4,0,0.5832320777642771,0.2551640340218712,3.134872417982989,1.749696233292831,45.601458080194405,2.2235722964763065,0.5467800729040098,0.0364520048602673,0.1458080194410692,8.347509113001214,3.827460510328068,3.827460510328068,1.968408262454435,0.6561360874848117,1.2393681652490889,0.8019441069258809,0.0364520048602673,0.1458080194410692,0.0,55.81395348837209,45.85152838427948,51.42857142857142,0,4.204579170568374
902,Nemanja Matić,2025,M,135,Serie A,488,Sassuolo,2669.0,34,6.998239040839265,86.46135967460779,1.0,1.0,8.0,4.0,1721.0,20.0,43.0,10.0,28.0,226.0,123.0,24.0,12.0,25.0,39.0,24.0,0.0,7,1,0.0337204945672536,0.0337204945672536,0.2697639565380292,0.1348819782690146,58.03297115024353,0.674409891345073,1.449981266391907,0.3372049456725365,0.9441738478831024,7.620831772199326,4.147620831772199,0.8092918696140877,0.4046459348070438,0.8430123641813413,1.3150992881228925,0.8092918696140877,0.0,0.2360434619707755,0.0337204945672536,50.0,54.42477876106194,50.0,1,1.6886502484067967
903,Scott McTominay,2025,M,135,Serie A,492,Napoli,2793.0,33,7.080093089867527,88.93905191873588,10.0,3.0,73.0,34.0,1329.0,22.0,28.0,13.0,21.0,318.0,169.0,57.0,26.0,12.0,73.0,24.0,5.0,1,0,0.322234156820623,0.0966702470461868,2.352309344790548,1.095596133190118,42.82491944146079,0.7089151450053707,0.9022556390977444,0.4189044038668099,0.6766917293233082,10.24704618689581,5.445757250268528,1.8367346938775508,0.8378088077336198,0.3866809881847475,2.352309344790548,0.7733619763694951,0.1611170784103115,0.0322234156820623,0.0,46.57534246575342,53.14465408805032,45.614035087719294,0,2.8703609917040014
909,Marcus Rashford,2025,M,140,La Liga,529,Barcelona,1761.0,32,6.809823963657013,84.8249027237354,8.0,7.0,49.0,29.0,771.0,46.0,8.0,3.0,2.0,171.0,67.0,87.0,30.0,5.0,25.0,10.0,10.0,3,0,0.4088586030664395,0.3577512776831345,2.504258943781942,1.482112436115843,39.40374787052811,2.3509369676320278,0.4088586030664395,0.1533219761499148,0.1022146507666098,8.739352640545146,3.4241908006814312,4.4463373083475295,1.533219761499148,0.2555366269165247,1.2776831345826236,0.5110732538330494,0.5110732538330494,0.1533219761499148,0.0,59.18367346938776,39.1812865497076,34.48275862068966,0,3.5739308547215844
925,Gonçalo Guedes,2025,M,140,La Liga,548,Real Sociedad,1839.0,32,6.97030995106036,74.64539007092199,8.0,4.0,29.0,18.0,564.0,25.0,25.0,0.0,4.0,193.0,87.0,39.0,18.0,24.0,33.0,18.0,13.0,3,0,0.3915171288743882,0.1957585644371941,1.4192495921696573,0.8809135399673735,27.60195758564437,1.223491027732463,1.223491027732463,0.0,0.1957585644371941,9.445350734094616,4.257748776508972,1.9086460032626429,0.8809135399673735,1.1745513866231647,1.6150081566068517,0.8809135399673735,0.636215334420881,0.1468189233278956,0.0,62.06896551724138,45.07772020725388,46.15384615384615,0,1.5778583287950576
927,Kang-in Lee,2025,M,61,Ligue 1,85,Paris Saint Germain,1522.0,27,7.09053876478318,91.0919540229885,3.0,4.0,27.0,15.0,1044.0,60.0,17.0,1.0,3.0,148.0,70.0,51.0,28.0,10.0,19.0,18.0,3.0,3,0,0.1773981603153745,0.2365308804204993,1.5965834428383707,0.8869908015768725,61.73455978975033,3.54796320630749,1.0052562417871225,0.0591327201051248,0.1773981603153745,8.751642575558476,4.139290407358739,3.0157687253613665,1.655716162943495,0.5913272010512484,1.123521681997372,1.064388961892247,0.1773981603153745,0.1773981603153745,0.0,55.55555555555556,47.2972972972973,54.90196078431373,0,4.222891712154945
928,Dani Parejo,2025,M,140,La Liga,533,Villarreal,1398.0,32,7.113743736578382,88.01331853496114,1.0,0.0,2.0,1.0,901.0,26.0,42.0,7.0,12.0,129.0,85.0,16.0,8.0,11.0,27.0,16.0,0.0,3,0,0.0643776824034334,0.0,0.1287553648068669,0.0643776824034334,58.00429184549356,1.6738197424892705,2.703862660944206,0.4506437768240343,0.7725321888412017,8.304721030042918,5.472103004291846,1.0300429184549356,0.5150214592274678,0.7081545064377682,1.738197424892704,1.0300429184549356,0.0,0.1931330472103004,0.0,50.0,65.89147286821705,50.0,1,2.397115381159312
930,Carlos Soler,2025,M,140,La Liga,548,Real Sociedad,2332.0,33,7.012349914236706,86.44351464435147,4.0,3.0,29.0,19.0,1195.0,46.0,38.0,10.0,15.0,162.0,79.0,20.0,13.0,18.0,20.0,28.0,0.0,3,1,0.1543739279588336,0.1157804459691252,1.1192109777015438,0.7332761578044596,46.11921097770155,1.7753001715265866,1.4665523156089193,0.385934819897084,0.5789022298456261,6.252144082332762,3.048885077186964,0.7718696397941681,0.5017152658662093,0.6946826758147513,0.7718696397941681,1.0806174957118353,0.0,0.1157804459691252,0.0385934819897084,65.51724137931035,48.76543209876543,65.0,1,2.1570520078610866
951,Michel Aebischer,2025,M,135,Serie A,801,Pisa,2900.0,35,6.912620689655172,85.62091503267973,1.0,2.0,16.0,5.0,1530.0,34.0,65.0,6.0,37.0,257.0,131.0,29.0,14.0,35.0,38.0,45.0,0.0,8,0,0.0310344827586206,0.0620689655172413,0.4965517241379309,0.1551724137931034,47.48275862068966,1.0551724137931036,2.0172413793103448,0.1862068965517241,1.1482758620689657,7.975862068965518,4.06551724137931,0.9,0.4344827586206897,1.0862068965517242,1.1793103448275863,1.396551724137931,0.0,0.2482758620689654,0.0,31.25,50.97276264591439,48.27586206896552,1,0.7631344326650255
957,Djibril Sow,2025,M,140,La Liga,536,Sevilla,2195.0,33,6.8047380410022775,89.05263157894737,5.0,4.0,15.0,8.0,950.0,24.0,45.0,2.0,22.0,188.0,96.0,14.0,7.0,8.0,29.0,42.0,3.0,6,0,0.20501138952164,0.164009111617312,0.6150341685649203,0.3280182232346241,38.95216400911162,0.9840546697038725,1.8451025056947608,0.082004555808656,0.9020501138952164,7.708428246013668,3.93621867881549,0.5740318906605922,0.2870159453302961,0.3280182232346241,1.1890660592255125,1.7220956719817768,0.123006833712984,0.2460136674259681,0.0,53.333333333333336,51.06382978723404,50.0,1,0.7965114453768479
1014,Simon Sohm,2025,M,135,Serie A,500,Bologna,1438.0,28,6.656784968684761,85.46409807355516,0.0,1.0,6.0,1.0,571.0,15.0,20.0,5.0,8.0,139.0,65.0,16.0,11.0,4.0,14.0,24.0,3.0,3,0,0.0,0.062586926286509,0.3755215577190542,0.062586926286509,35.73713490959666,0.9388038942976356,1.251738525730181,0.3129346314325452,0.5006954102920723,8.699582753824757,4.068150208623088,1.0013908205841446,0.6884561891515995,0.2503477051460361,0.8762169680111266,1.502086230876217,0.1877607788595271,0.1877607788595271,0.0,16.666666666666664,46.76258992805755,68.75,1,1.756010655395119
1090,Antoine Bernede,2025,M,135,Serie A,504,Hellas Verona,2320.0,32,6.706422413793104,77.41573033707864,1.0,2.0,14.0,4.0,890.0,30.0,70.0,6.0,14.0,282.0,120.0,37.0,17.0,29.0,20.0,55.0,1.0,2,0,0.0387931034482758,0.0775862068965517,0.5431034482758621,0.1551724137931034,34.52586206896552,1.1637931034482758,2.7155172413793105,0.2327586206896551,0.5431034482758621,10.939655172413792,4.655172413793103,1.4353448275862069,0.6594827586206896,1.125,0.7758620689655172,2.133620689655172,0.0387931034482758,0.0775862068965517,0.0,28.57142857142857,42.5531914893617,45.94594594594595,1,1.9470976285568933
1095,Xaver Schlager,2025,M,78,Bundesliga,173,RB Leipzig,1837.0,26,6.986336418072946,86.88679245283019,3.0,1.0,11.0,7.0,1060.0,21.0,37.0,2.0,8.0,183.0,96.0,32.0,22.0,13.0,16.0,25.0,2.0,6,0,0.1469787697332607,0.0489929232444202,0.5389221556886228,0.3429504627109417,51.93249863908546,1.0288513881328252,1.8127381600435493,0.0979858464888405,0.391943385955362,8.965704953728906,4.703320631464344,1.5677735438214482,1.0778443113772456,0.6369080021774632,0.7838867719107241,1.2248230811105063,0.0979858464888405,0.2939575394665215,0.0,63.63636363636363,52.459016393442624,68.75,1,1.5924165412674152
1096,Dominik Szoboszlai,2025,M,39,Premier League,40,Liverpool,3233.0,36,7.1892978657593565,87.7345537757437,6.0,7.0,47.0,23.0,2185.0,78.0,55.0,8.0,30.0,284.0,130.0,50.0,26.0,38.0,30.0,41.0,2.0,8,1,0.167027528611197,0.1948654500463965,1.3083823074543768,0.6402721930095886,60.82585833591092,2.171357871945561,1.5310856789359726,0.222703371481596,0.8351376430559851,7.905969687596659,3.618929786575936,1.391896071759975,0.7237859573151871,1.0578410145375812,0.8351376430559851,1.1413547788431797,0.055675842870399,0.222703371481596,0.0278379214351995,48.93617021276596,45.77464788732394,52.0,1,2.6161526747967754
1101,Takumi Minamino,2025,M,61,Ligue 1,91,Monaco,961.0,15,6.630801248699273,73.37662337662337,3.0,2.0,15.0,7.0,308.0,9.0,3.0,2.0,4.0,67.0,21.0,12.0,4.0,12.0,8.0,10.0,3.0,4,0,0.2809573361082206,0.1873048907388137,1.404786680541103,0.6555671175858481,28.84495317377732,0.8428720083246618,0.2809573361082206,0.1873048907388137,0.3746097814776275,6.274713839750261,1.9667013527575443,1.1238293444328824,0.3746097814776275,1.1238293444328824,0.749219562955255,0.9365244536940688,0.2809573361082206,0.3746097814776275,0.0,46.66666666666666,31.343283582089555,33.33333333333333,0,3.495865361071533
1125,Ryan Christie,2025,M,39,Premier League,35,Bournemouth,986.0,26,6.811764705882353,78.24497257769653,2.0,0.0,15.0,8.0,547.0,11.0,27.0,4.0,12.0,160.0,80.0,39.0,19.0,14.0,22.0,17.0,1.0,3,1,0.1825557809330628,0.0,1.3691683569979716,0.7302231237322515,49.9290060851927,1.0040567951318458,2.464503042596349,0.3651115618661257,1.0953346855983772,14.60446247464503,7.302231237322515,3.559837728194726,1.7342799188640974,1.27789046653144,2.0081135902636915,1.5517241379310345,0.0912778904665314,0.2738336713995943,0.0912778904665314,53.333333333333336,50.0,48.71794871794872,0,2.835647391426002
1138,Tim Weah,2025,M,61,Ligue 1,81,Marseille,2263.0,29,6.77348652231551,85.96663395485771,2.0,2.0,20.0,10.0,1019.0,29.0,48.0,4.0,17.0,188.0,96.0,38.0,15.0,16.0,18.0,32.0,1.0,5,0,0.0795404330534688,0.0795404330534688,0.7954043305346885,0.3977021652673442,40.52585064074238,1.1533362792752984,1.9089703932832525,0.1590808661069377,0.6760936809544852,7.476800707026071,3.817940786566505,1.5112682280159082,0.5965532479010164,0.6363234644277508,0.7158638974812196,1.2726469288555016,0.0397702165267344,0.1988510826336721,0.0,50.0,51.06382978723404,39.47368421052632,1,1.0663998415285316
1150,Tyler Adams,2025,M,39,Premier League,35,Bournemouth,1778.0,25,6.876480541455161,87.12871287128714,2.0,2.0,8.0,6.0,1010.0,7.0,53.0,9.0,33.0,187.0,96.0,12.0,6.0,18.0,13.0,35.0,1.0,8,0,0.1012373453318335,0.1012373453318335,0.4049493813273341,0.3037120359955005,51.12485939257592,0.3543307086614173,2.6827896512935885,0.4555680539932508,1.670416197975253,9.465691788526431,4.859392575928009,0.6074240719910011,0.3037120359955005,0.9111361079865016,0.6580427446569179,1.7716535433070866,0.0506186726659167,0.4049493813273341,0.0,75.0,51.33689839572193,50.0,1,2.5571306213944283
1156,Tom Krauß,2025,M,78,Bundesliga,192,1. FC Köln,1801.0,26,6.941088284286507,86.21103117505994,0.0,2.0,5.0,2.0,834.0,15.0,72.0,9.0,28.0,194.0,118.0,18.0,9.0,16.0,22.0,23.0,0.0,4,0,0.0,0.0999444752915047,0.2498611882287618,0.0999444752915047,41.67684619655746,0.7495835646862854,3.59800111049417,0.4497501388117712,1.3992226540810662,9.694614103275958,5.8967240421987785,0.8995002776235425,0.4497501388117712,0.7995558023320378,1.0993892282065518,1.1493614658523044,0.0,0.1998889505830094,0.0,40.0,60.824742268041234,50.0,1,2.8706787337761246
1159,Marcel Sabitzer,2025,M,78,Bundesliga,165,Borussia Dortmund,1822.0,26,6.980889621087314,83.83838383838383,1.0,2.0,14.0,4.0,792.0,15.0,30.0,6.0,19.0,123.0,65.0,5.0,3.0,13.0,17.0,20.0,3.0,3,0,0.0493962678375411,0.0987925356750823,0.6915477497255763,0.1975850713501646,39.1218441273326,0.7409440175631175,1.481888035126235,0.2963776070252469,0.938529088913282,6.0757409440175625,3.210757409440176,0.2469813391877058,0.1481888035126234,0.6421514818880352,0.8397365532381997,0.9879253567508234,0.1481888035126234,0.1481888035126234,0.0,28.57142857142857,52.84552845528455,60.0,1,1.5632249174490005
1161,Emile Smith Rowe,2025,M,39,Premier League,36,Fulham,1944.0,37,6.65462962962963,91.08695652173913,3.0,0.0,25.0,11.0,920.0,18.0,35.0,1.0,22.0,145.0,72.0,29.0,14.0,6.0,17.0,10.0,3.0,1,0,0.1388888888888889,0.0,1.1574074074074074,0.5092592592592593,42.5925925925926,0.8333333333333333,1.6203703703703705,0.0462962962962963,1.0185185185185186,6.712962962962963,3.333333333333333,1.3425925925925926,0.6481481481481481,0.2777777777777778,0.7870370370370371,0.4629629629629629,0.1388888888888889,0.0462962962962963,0.0,44.0,49.6551724137931,48.27586206896552,1,1.3899835821626365
1243,Tomáš Souček,2025,M,39,Premier League,48,West Ham,2215.0,35,6.860451467268624,77.6536312849162,5.0,0.0,21.0,14.0,895.0,11.0,44.0,15.0,16.0,263.0,137.0,11.0,4.0,23.0,22.0,37.0,5.0,3,1,0.2031602708803611,0.0,0.8532731376975169,0.5688487584650113,36.36568848758465,0.4469525959367946,1.7878103837471784,0.6094808126410836,0.6501128668171557,10.686230248306998,5.566591422121896,0.4469525959367946,0.1625282167042889,0.9345372460496614,0.8939051918735892,1.5033860045146723,0.2031602708803611,0.1218961625282167,0.0406320541760722,66.66666666666666,52.09125475285171,36.36363636363637,1,1.6951548536947294
1266,Toma Bašić,2025,M,135,Serie A,487,Lazio,1746.0,23,6.8606529209622,87.42857142857143,2.0,3.0,24.0,12.0,875.0,22.0,21.0,7.0,11.0,119.0,62.0,4.0,1.0,13.0,19.0,20.0,0.0,0,1,0.1030927835051546,0.1546391752577319,1.2371134020618555,0.6185567010309279,45.103092783505154,1.134020618556701,1.082474226804124,0.3608247422680412,0.5670103092783505,6.1340206185567006,3.1958762886597936,0.2061855670103093,0.0515463917525773,0.6701030927835051,0.979381443298969,1.0309278350515465,0.0,0.0,0.0515463917525773,50.0,52.10084033613446,25.0,1,2.288557126372825
1271,Aurélien Tchouaméni,2025,M,140,La Liga,541,Real Madrid,2622.0,33,7.265446224256292,91.53162571876634,1.0,0.0,30.0,7.0,1913.0,24.0,68.0,13.0,47.0,250.0,170.0,10.0,3.0,16.0,27.0,31.0,0.0,8,0,0.034324942791762,0.0,1.0297482837528604,0.2402745995423341,65.66361556064074,0.8237986270022883,2.334096109839817,0.4462242562929061,1.613272311212815,8.581235697940503,5.835240274599542,0.3432494279176201,0.102974828375286,0.5491990846681922,0.9267734553775744,1.0640732265446224,0.0,0.2745995423340961,0.0,23.33333333333333,68.0,30.0,1,2.4817137712257957
1321,Lovro Majer,2025,M,78,Bundesliga,161,VfL Wolfsburg,1389.0,29,6.744917087238645,81.80147058823529,2.0,3.0,20.0,7.0,544.0,22.0,27.0,1.0,9.0,172.0,72.0,25.0,12.0,15.0,21.0,31.0,4.0,6,0,0.1295896328293736,0.1943844492440604,1.2958963282937366,0.4535637149028077,35.248380129589634,1.42548596112311,1.7494600431965444,0.0647948164146868,0.5831533477321814,11.144708423326133,4.665226781857451,1.6198704103671706,0.7775377969762419,0.9719222462203024,1.3606911447084231,2.008639308855292,0.2591792656587472,0.3887688984881209,0.0,35.0,41.86046511627907,48.0,0,1.1878688502565382
1322,Nikola Moro,2025,M,135,Serie A,500,Bologna,1797.0,30,7.264774624373956,84.97757847533633,1.0,0.0,17.0,2.0,1338.0,26.0,32.0,7.0,17.0,143.0,80.0,19.0,13.0,13.0,17.0,18.0,1.0,1,0,0.0500834724540901,0.0,0.8514190317195325,0.1001669449081803,67.01168614357262,1.3021702838063438,1.6026711185308848,0.350584307178631,0.8514190317195325,7.161936560934891,4.006677796327212,0.9515859766277128,0.6510851419031719,0.6510851419031719,0.8514190317195325,0.9015025041736228,0.0500834724540901,0.0500834724540901,0.0,11.76470588235294,55.94405594405595,68.42105263157895,1,1.8947289456096905
1323,Dani Olmo,2025,M,140,La Liga,529,Barcelona,2077.0,33,7.084689455946076,85.2796052631579,7.0,8.0,51.0,21.0,1216.0,49.0,34.0,1.0,14.0,216.0,112.0,43.0,16.0,15.0,42.0,27.0,6.0,1,0,0.3033220991815118,0.3466538276360135,2.209918151179586,0.9099662975445354,52.69138180067405,2.1232546942705826,1.4732787674530574,0.0433317284545016,0.6066441983630236,9.359653346172363,4.853153586904189,1.8632643235435724,0.693307655272027,0.6499759268175253,1.8199325950890708,1.1699566682715454,0.2599903707270101,0.0433317284545016,0.0,41.17647058823529,51.85185185185185,37.2093023255814,0,2.5299177543026707
1358,Eljif Elmas,2025,M,135,Serie A,492,Napoli,1788.0,33,6.771196868008948,89.33161953727506,1.0,3.0,17.0,9.0,778.0,24.0,24.0,6.0,7.0,110.0,52.0,22.0,13.0,7.0,13.0,18.0,2.0,3,0,0.0503355704697986,0.1510067114093959,0.8557046979865771,0.4530201342281879,39.16107382550336,1.2080536912751678,1.2080536912751678,0.3020134228187919,0.3523489932885906,5.5369127516778525,2.61744966442953,1.1073825503355703,0.6543624161073825,0.3523489932885906,0.6543624161073825,0.9060402684563758,0.1006711409395973,0.1510067114093959,0.0,52.94117647058824,47.27272727272727,59.09090909090909,1,2.352819391361331
1417,Alexis Saelemaekers,2025,M,135,Serie A,489,AC Milan,2798.0,35,7.201322373123659,83.86123680241327,3.0,3.0,29.0,11.0,1326.0,52.0,74.0,4.0,28.0,338.0,197.0,106.0,50.0,30.0,64.0,26.0,2.0,5,0,0.0964974982130092,0.0964974982130092,0.9328091493924232,0.3538241601143674,42.6518942101501,1.6726233023588275,2.380271622587563,0.128663330950679,0.9006433166547535,10.87205146533238,6.336669049320944,3.409578270192995,1.6082916368834883,0.9649749821300928,2.058613295210865,0.8363116511794138,0.0643316654753395,0.1608291636883488,0.0,37.93103448275862,58.28402366863905,47.16981132075472,0,2.0824315768507566
1422,Jérémy Doku,2025,M,39,Premier League,50,Manchester City,1784.0,30,7.658576233183855,82.90155440414507,5.0,5.0,24.0,15.0,772.0,60.0,23.0,0.0,13.0,320.0,169.0,147.0,82.0,10.0,61.0,23.0,3.0,0,0,0.2522421524663677,0.2522421524663677,1.2107623318385652,0.7567264573991032,38.946188340807176,3.0269058295964126,1.1603139013452914,0.0,0.6558295964125561,16.143497757847534,8.525784753363228,7.415919282511211,4.136771300448431,0.5044843049327354,3.0773542600896864,1.1603139013452914,0.1513452914798206,0.0,0.0,62.5,52.81249999999999,55.78231292517006,0,5.194056727160043
1427,Albert Sambi Lokonga,2025,M,78,Bundesliga,175,Hamburger SV,1712.0,26,7.022469280280866,87.69633507853402,5.0,0.0,16.0,11.0,764.0,25.0,31.0,12.0,14.0,161.0,88.0,16.0,8.0,16.0,27.0,20.0,0.0,3,0,0.2628504672897196,0.0,0.8411214953271028,0.5782710280373832,40.16355140186917,1.314252336448598,1.6296728971962615,0.6308411214953271,0.7359813084112149,8.463785046728972,4.626168224299065,0.8411214953271028,0.4205607476635514,0.8411214953271028,1.4193925233644855,1.0514018691588785,0.0,0.1577102803738317,0.0,68.75,54.6583850931677,50.0,1,1.1739664545738342
1454,Mattéo Guendouzi,2025,M,135,Serie A,487,Lazio,1430.0,16,7.008391608391609,87.61904761904762,2.0,1.0,14.0,8.0,735.0,15.0,14.0,6.0,11.0,97.0,49.0,17.0,8.0,11.0,21.0,17.0,0.0,6,1,0.1258741258741259,0.0629370629370629,0.8811188811188811,0.5034965034965035,46.25874125874125,0.944055944055944,0.8811188811188811,0.3776223776223776,0.6923076923076923,6.104895104895105,3.083916083916084,1.0699300699300698,0.5034965034965035,0.6923076923076923,1.3216783216783217,1.0699300699300698,0.0,0.3776223776223776,0.0629370629370629,57.14285714285714,50.51546391752577,47.05882352941176,1,2.0931243530036436
1455,Alex Iwobi,2025,M,39,Premier League,36,Fulham,2434.0,29,7.09026294165982,85.1048951048951,4.0,3.0,24.0,15.0,1430.0,43.0,28.0,3.0,15.0,138.0,63.0,45.0,19.0,9.0,10.0,8.0,1.0,3,0,0.1479046836483155,0.1109285127362366,0.8874281018898932,0.5546425636811833,52.8759244042728,1.589975349219392,1.0353327855382088,0.1109285127362366,0.5546425636811833,5.102711585866886,2.329498767460969,1.6639276910435497,0.7025472473294988,0.3327855382087099,0.3697617091207889,0.295809367296631,0.0369761709120788,0.1109285127362366,0.0,62.5,45.65217391304348,42.22222222222222,1,2.680461623384172
1457,Henrikh Mkhitaryan,2025,M,135,Serie A,505,Inter,1556.0,30,7.080334190231363,88.06419257773321,4.0,1.0,31.0,14.0,997.0,23.0,33.0,4.0,14.0,169.0,74.0,29.0,12.0,20.0,17.0,28.0,3.0,5,0,0.2313624678663239,0.0578406169665809,1.7930591259640103,0.8097686375321337,57.66709511568124,1.3303341902313626,1.9087403598971724,0.2313624678663239,0.8097686375321337,9.775064267352183,4.280205655526992,1.6773778920308484,0.6940874035989717,1.1568123393316196,0.9832904884318766,1.6195372750642674,0.1735218508997429,0.2892030848329049,0.0,45.16129032258064,43.78698224852072,41.37931034482759,1,2.4310633994829174
1461,Denis Suárez,2025,M,140,La Liga,542,Alaves,1432.0,30,6.737360335195531,85.92964824120602,1.0,2.0,6.0,4.0,797.0,22.0,22.0,3.0,7.0,187.0,77.0,54.0,25.0,26.0,26.0,20.0,0.0,6,0,0.0628491620111731,0.1256983240223463,0.3770949720670391,0.2513966480446927,50.09078212290503,1.38268156424581,1.38268156424581,0.1885474860335195,0.4399441340782123,11.752793296089385,4.839385474860335,3.393854748603352,1.5712290502793296,1.6340782122905029,1.6340782122905029,1.2569832402234635,0.0,0.3770949720670391,0.0,66.66666666666666,41.17647058823529,46.2962962962963,0,2.247438438723061
1463,Joe Willock,2025,M,39,Premier League,34,Newcastle,1011.0,24,6.495643564356436,84.12256267409471,0.0,2.0,14.0,6.0,359.0,14.0,20.0,2.0,9.0,116.0,48.0,17.0,7.0,19.0,11.0,16.0,2.0,3,0,0.0,0.1780415430267062,1.2462908011869436,0.5341246290801187,31.958456973293767,1.2462908011869436,1.780415430267062,0.1780415430267062,0.8011869436201781,10.326409495548962,4.27299703264095,1.513353115727003,0.6231454005934718,1.6913946587537092,0.9792284866468842,1.4243323442136495,0.1780415430267062,0.2670623145400593,0.0,42.85714285714285,41.37931034482759,41.17647058823529,1,1.6395381569700553
1464,Granit Xhaka,2025,M,39,Premier League,746,Sunderland,2903.0,34,7.359937995177403,83.67459878251246,1.0,6.0,15.0,5.0,1807.0,34.0,50.0,20.0,29.0,258.0,156.0,24.0,11.0,16.0,42.0,23.0,0.0,8,0,0.0310024112986565,0.1860144677919393,0.4650361694798484,0.1550120564932828,56.02135721667241,1.054081984154323,1.5501205649328282,0.6200482259731313,0.8990699276610402,7.998622115053394,4.836376162590424,0.7440578711677575,0.3410265242852222,0.496038580778505,1.3021012745435756,0.713055459869101,0.0,0.2480192903892525,0.0,33.33333333333333,60.46511627906976,45.83333333333333,1,1.2537429783375158
1485,Bruno Fernandes,2025,M,39,Premier League,33,Manchester United,3066.0,35,7.641585127201567,82.20551378446115,9.0,21.0,55.0,24.0,1995.0,137.0,54.0,5.0,20.0,272.0,124.0,36.0,15.0,39.0,35.0,25.0,4.0,5,0,0.2641878669275929,0.6164383561643836,1.6144814090019568,0.7045009784735812,58.56164383561645,4.021526418786692,1.5851272015655575,0.146771037181996,0.5870841487279843,7.984344422700587,3.6399217221135034,1.0567514677103718,0.4403131115459882,1.1448140900195694,1.0273972602739725,0.7338551859099804,0.1174168297455968,0.146771037181996,0.0,43.63636363636363,45.588235294117645,41.66666666666667,0,4.948473262594575
1496,Raphinha,2025,M,140,La Liga,529,Barcelona,1388.0,22,7.706340057636887,81.2206572769953,13.0,3.0,49.0,24.0,639.0,43.0,15.0,1.0,5.0,109.0,49.0,41.0,21.0,14.0,10.0,10.0,4.0,5,0,0.8429394812680114,0.1945244956772334,3.177233429394813,1.5561959654178676,41.433717579250725,2.788184438040345,0.9726224783861672,0.0648414985590778,0.324207492795389,7.067723342939481,3.177233429394813,2.65850144092219,1.361671469740634,0.9077809798270894,0.648414985590778,0.648414985590778,0.2593659942363112,0.324207492795389,0.0,48.97959183673469,44.95412844036697,51.21951219512195,0,4.64665395260515
1578,Giovani Lo Celso,2025,M,140,La Liga,543,Real Betis,1396.0,24,7.14297994269341,87.97687861271676,2.0,3.0,20.0,11.0,865.0,33.0,19.0,0.0,6.0,153.0,87.0,33.0,16.0,12.0,42.0,9.0,4.0,4,0,0.1289398280802292,0.1934097421203438,1.2893982808022924,0.7091690544412608,55.76647564469914,2.1275071633237825,1.2249283667621778,0.0,0.3868194842406877,9.863896848137536,5.608882521489972,2.1275071633237825,1.0315186246418335,0.7736389684813754,2.707736389684813,0.5802292263610316,0.2578796561604584,0.2578796561604584,0.0,55.00000000000001,56.86274509803921,48.48484848484848,0,2.6468223405438227
1639,Marco Brescianini,2025,M,135,Serie A,502,Fiorentina,1044.0,26,6.643707973102786,83.37595907928389,2.0,1.0,8.0,4.0,392.0,10.0,13.0,4.0,2.0,100.0,39.0,13.0,8.0,6.0,11.0,17.0,0.0,2,0,0.1724137931034482,0.0862068965517241,0.689655172413793,0.3448275862068965,33.793103448275865,0.8620689655172413,1.1206896551724137,0.3448275862068965,0.1724137931034482,8.620689655172415,3.362068965517241,1.1206896551724137,0.689655172413793,0.5172413793103449,0.9482758620689656,1.4655172413793105,0.0,0.1724137931034482,0.0,50.0,39.0,61.53846153846154,1,2.4258123441787216
1640,Hakan Çalhanoğlu,2025,M,135,Serie A,505,Inter,1650.0,22,7.554666666666666,90.59583632447954,9.0,4.0,37.0,17.0,1393.0,41.0,34.0,6.0,16.0,125.0,63.0,15.0,5.0,13.0,11.0,28.0,0.0,7,0,0.4909090909090909,0.2181818181818181,2.018181818181818,0.9272727272727274,75.98181818181818,2.2363636363636363,1.8545454545454547,0.3272727272727272,0.8727272727272727,6.818181818181818,3.4363636363636365,0.8181818181818181,0.2727272727272727,0.7090909090909091,0.6000000000000001,1.5272727272727271,0.0,0.3818181818181818,0.0,45.94594594594595,50.4,33.33333333333333,1,4.007895795549597
1646,Lucas Paquetá,2025,M,39,Premier League,48,West Ham,1521.0,18,6.92353714661407,77.03045685279187,4.0,1.0,17.0,11.0,788.0,23.0,39.0,6.0,8.0,264.0,123.0,42.0,16.0,12.0,30.0,28.0,5.0,7,1,0.2366863905325444,0.0591715976331361,1.0059171597633136,0.650887573964497,46.62721893491125,1.3609467455621302,2.3076923076923075,0.3550295857988166,0.4733727810650888,15.621301775147929,7.278106508875739,2.485207100591716,0.9467455621301776,0.7100591715976332,1.7751479289940828,1.656804733727811,0.2958579881656805,0.4142011834319526,0.0591715976331361,64.70588235294117,46.590909090909086,38.095238095238095,0,2.387592686368873
1695,Santi Cazorla,2025,M,140,La Liga,718,Oviedo,940.0,28,6.849520766773162,86.34686346863468,0.0,1.0,6.0,1.0,542.0,27.0,18.0,3.0,4.0,95.0,56.0,21.0,13.0,11.0,19.0,6.0,0.0,2,1,0.0,0.0957446808510638,0.5744680851063829,0.0957446808510638,51.8936170212766,2.5851063829787235,1.7234042553191489,0.2872340425531914,0.3829787234042553,9.095744680851062,5.361702127659575,2.0106382978723407,1.2446808510638296,1.053191489361702,1.819148936170213,0.5744680851063829,0.0,0.1914893617021276,0.0957446808510638,16.666666666666664,58.94736842105262,61.90476190476191,0,2.9174727639498492
1696,Samuel Chukwueze,2025,M,39,Premier League,36,Fulham,1100.0,24,6.854454545454545,74.3529411764706,3.0,4.0,17.0,7.0,425.0,24.0,6.0,1.0,6.0,105.0,47.0,40.0,19.0,7.0,15.0,5.0,3.0,0,0,0.2454545454545454,0.3272727272727272,1.3909090909090909,0.5727272727272728,34.77272727272727,1.963636363636364,0.4909090909090909,0.0818181818181818,0.4909090909090909,8.590909090909092,3.845454545454545,3.2727272727272725,1.554545454545455,0.5727272727272728,1.2272727272727273,0.409090909090909,0.2454545454545454,0.0,0.0,41.17647058823529,44.761904761904766,47.5,0,2.068548133212049
1697,Pablo Fornals,2025,M,140,La Liga,543,Real Betis,2865.0,37,7.15176265270506,86.70745272525028,9.0,6.0,28.0,18.0,1798.0,86.0,40.0,3.0,34.0,266.0,105.0,47.0,25.0,37.0,26.0,32.0,13.0,2,0,0.2827225130890052,0.1884816753926702,0.8795811518324608,0.5654450261780105,56.48167539267016,2.701570680628272,1.256544502617801,0.0942408376963351,1.068062827225131,8.356020942408376,3.298429319371728,1.4764397905759163,0.7853403141361257,1.162303664921466,0.8167539267015708,1.0052356020942408,0.4083769633507854,0.06282722513089,0.0,64.28571428571429,39.47368421052632,53.191489361702125,1,3.094235732431825
1700,Iván Martín,2025,M,140,La Liga,547,Girona,2538.0,35,6.920173364854216,89.41009239516701,0.0,1.0,9.0,5.0,1407.0,25.0,61.0,4.0,16.0,268.0,143.0,49.0,30.0,19.0,31.0,30.0,3.0,5,1,0.0,0.0354609929078014,0.3191489361702128,0.177304964539007,49.89361702127659,0.8865248226950355,2.1631205673758864,0.1418439716312056,0.5673758865248227,9.50354609929078,5.070921985815603,1.7375886524822697,1.0638297872340423,0.673758865248227,1.099290780141844,1.0638297872340423,0.1063829787234042,0.177304964539007,0.0354609929078014,55.55555555555556,53.35820895522389,61.224489795918366,1,1.4022398342372515
1701,Manu Morlanes,2025,M,140,La Liga,798,Mallorca,1789.0,32,6.907769703745109,89.34599156118144,3.0,0.0,9.0,4.0,948.0,17.0,56.0,1.0,19.0,174.0,88.0,12.0,8.0,25.0,12.0,28.0,0.0,5,1,0.1509223029625489,0.0,0.4527669088876467,0.2012297372833985,47.69144773616546,0.8552263834544439,2.8172163219675794,0.0503074343208496,0.955841252096143,8.753493571827837,4.427054220234768,0.6036892118501956,0.4024594745667971,1.2576858580212409,0.6036892118501956,1.4086081609837895,0.0,0.2515371716042481,0.0503074343208496,44.44444444444444,50.57471264367817,66.66666666666666,1,1.5844686300504502
1748,Lassana Coulibaly,2025,M,135,Serie A,867,Lecce,2695.0,33,6.760296846011132,81.94622279129321,3.0,1.0,23.0,8.0,781.0,21.0,48.0,6.0,8.0,301.0,159.0,42.0,24.0,27.0,52.0,36.0,1.0,4,0,0.1001855287569573,0.0333951762523191,0.7680890538033396,0.2671614100185528,26.081632653061224,0.7012987012987013,1.6029684601113174,0.2003710575139146,0.2671614100185528,10.051948051948052,5.309833024118738,1.4025974025974026,0.8014842300556587,0.901669758812616,1.7365491651205938,1.202226345083488,0.0333951762523191,0.1335807050092764,0.0,34.78260869565217,52.823920265780735,57.14285714285714,0,2.3604643315655696
1825,Lucas Torró,2025,M,140,La Liga,727,Osasuna,2307.0,34,6.769544468546639,74.62235649546828,0.0,1.0,25.0,8.0,993.0,15.0,38.0,8.0,29.0,286.0,180.0,13.0,9.0,11.0,28.0,40.0,0.0,6,0,0.0,0.0390117035110533,0.975292587776333,0.3120936280884265,38.73862158647594,0.5851755526657997,1.482444733420026,0.3120936280884265,1.131339401820546,11.157347204161248,7.0221066319895975,0.5071521456436932,0.3511053315994799,0.4291287386215864,1.092327698309493,1.5604681404421326,0.0,0.2340702210663199,0.0,32.0,62.93706293706294,69.23076923076923,1,1.6844977489326145
1852,Danilo Cataldi,2025,M,135,Serie A,487,Lazio,1993.0,27,6.915353738083291,85.15482695810564,3.0,3.0,20.0,7.0,1098.0,23.0,34.0,9.0,21.0,117.0,64.0,15.0,6.0,12.0,12.0,22.0,0.0,6,0,0.1354741595584546,0.1354741595584546,0.9031610637230306,0.3161063723030607,49.58354239839438,1.0386352232814853,1.5353738083291522,0.4064224786753637,0.9483191169091822,5.283492222779729,2.890115403913698,0.6773707977922729,0.2709483191169092,0.5418966382338184,0.5418966382338184,0.9934771700953337,0.0,0.2709483191169092,0.0,35.0,54.70085470085471,40.0,1,1.753916594115228
1864,Pedro Neto,2025,M,39,Premier League,49,Chelsea,2643.0,34,6.948937784522004,87.41935483870968,5.0,6.0,24.0,13.0,931.0,55.0,19.0,0.0,6.0,248.0,100.0,104.0,47.0,26.0,25.0,16.0,6.0,4,1,0.170261066969353,0.2043132803632236,0.8172531214528944,0.4426787741203178,31.70261066969353,1.8728717366628829,0.6469920544835415,0.0,0.2043132803632236,8.44494892167991,3.4052213393870603,3.5414301929625425,1.6004540295119185,0.8853575482406356,0.8513053348467651,0.5448354143019296,0.2043132803632236,0.1362088535754824,0.0340522133938706,54.16666666666666,40.32258064516129,45.19230769230769,0,2.5738039468379106
1904,Boubacar Kamara,2025,M,39,Premier League,66,Aston Villa,1418.0,18,7.1689703808180525,88.26405867970661,1.0,3.0,4.0,4.0,818.0,15.0,37.0,8.0,18.0,204.0,116.0,31.0,14.0,19.0,30.0,17.0,0.0,5,0,0.0634696755994358,0.1904090267983074,0.2538787023977433,0.2538787023977433,51.918194640338506,0.9520451339915372,2.3483779971791257,0.5077574047954866,1.1424541607898449,12.947813822284909,7.362482369534556,1.9675599435825104,0.8885754583921016,1.2059238363892806,1.904090267983075,1.0789844851904091,0.0,0.3173483779971791,0.0,100.0,56.86274509803921,45.16129032258064,1,2.5260228757671577
1910,Maxime López,2025,M,61,Ligue 1,114,Paris FC,1960.0,26,6.869846938775511,89.33177022274326,0.0,3.0,8.0,6.0,1706.0,43.0,23.0,3.0,11.0,114.0,42.0,25.0,9.0,15.0,8.0,26.0,5.0,11,0,0.0,0.1377551020408163,0.3673469387755102,0.2755102040816326,78.33673469387755,1.9744897959183676,1.056122448979592,0.1377551020408163,0.5051020408163265,5.23469387755102,1.9285714285714288,1.1479591836734695,0.413265306122449,0.6887755102040816,0.3673469387755102,1.193877551020408,0.2295918367346938,0.5051020408163265,0.0,75.0,36.84210526315789,36.0,1,3.7517592171000715
1914,Morgan Sanson,2025,M,61,Ligue 1,84,Nice,1955.0,33,6.649820971867008,81.4404432132964,0.0,2.0,13.0,4.0,722.0,12.0,36.0,10.0,27.0,224.0,100.0,48.0,24.0,19.0,24.0,39.0,2.0,4,0,0.0,0.0920716112531969,0.59846547314578,0.1841432225063938,33.23785166240409,0.5524296675191817,1.6572890025575446,0.4603580562659847,1.2429667519181586,10.312020460358056,4.603580562659847,2.2097186700767266,1.1048593350383633,0.8746803069053708,1.1048593350383633,1.7953964194373402,0.0920716112531969,0.1841432225063938,0.0,30.76923076923077,44.642857142857146,50.0,1,1.7376891159700987
1930,Joakim Mæhle,2025,M,78,Bundesliga,161,VfL Wolfsburg,1335.0,18,6.7211394302848575,82.09764918625679,1.0,2.0,10.0,4.0,553.0,15.0,37.0,0.0,21.0,138.0,64.0,38.0,9.0,9.0,7.0,9.0,0.0,3,1,0.0674157303370786,0.1348314606741573,0.6741573033707865,0.2696629213483146,37.28089887640449,1.0112359550561798,2.49438202247191,0.0,1.4157303370786518,9.303370786516853,4.314606741573034,2.561797752808989,0.6067415730337079,0.6067415730337079,0.4719101123595506,0.6067415730337079,0.0,0.2022471910112359,0.0674157303370786,40.0,46.3768115942029,23.684210526315788,1,2.024149681459375
1934,Sander Berge,2025,M,39,Premier League,36,Fulham,2911.0,35,6.906286499484714,89.80891719745223,0.0,1.0,8.0,3.0,1727.0,21.0,58.0,16.0,25.0,240.0,132.0,22.0,10.0,11.0,14.0,35.0,1.0,5,0,0.0,0.0309172105805565,0.247337684644452,0.0927516317416695,53.3940226726211,0.6492614221916867,1.7931982136722775,0.4946753692889041,0.7729302645139128,7.420130539333563,4.081071796633459,0.6801786327722432,0.3091721058055651,0.3400893163861216,0.4328409481277911,1.082102370319478,0.0309172105805565,0.1545860529027825,0.0,37.5,55.00000000000001,45.45454545454545,1,1.679514187076925
1938,Ruslan Malinovskyi,2025,M,135,Serie A,495,Genoa,2250.0,34,6.938000000000001,82.18390804597702,6.0,3.0,43.0,15.0,1218.0,39.0,30.0,5.0,15.0,235.0,102.0,20.0,11.0,25.0,26.0,36.0,1.0,10,0,0.24,0.12,1.72,0.6000000000000001,48.72,1.5599999999999998,1.2000000000000002,0.2,0.6000000000000001,9.4,4.08,0.8,0.44,1.0,1.04,1.44,0.04,0.4,0.0,34.88372093023256,43.40425531914894,55.00000000000001,0,2.3828049173340733
1939,Jakub Piotrowski,2025,M,135,Serie A,494,Udinese,1697.0,33,6.70123747790218,82.09764918625679,1.0,1.0,22.0,9.0,553.0,12.0,45.0,8.0,17.0,199.0,109.0,29.0,13.0,13.0,29.0,29.0,2.0,2,0,0.0530347672362993,0.0530347672362993,1.1667648791985858,0.4773129051266941,29.32822628167354,0.6364172068355922,2.386564525633471,0.4242781378903948,0.901591043017089,10.553918680023571,5.78078962875663,1.538008249852681,0.6894519740718916,0.6894519740718916,1.538008249852681,1.538008249852681,0.1060695344725987,0.1060695344725987,0.0,40.909090909090914,54.77386934673368,44.82758620689656,1,2.0152385911711947
2061,Bryan Gil,2025,M,140,La Liga,547,Girona,1597.0,29,6.51208515967439,83.9458413926499,0.0,3.0,15.0,7.0,517.0,21.0,31.0,1.0,9.0,250.0,105.0,81.0,33.0,18.0,37.0,20.0,6.0,6,0,0.0,0.169067000626174,0.8453350031308703,0.3944896681277395,29.135879774577333,1.1834690043832186,1.747025673137132,0.0563556668753913,0.5072010018785222,14.08891671884784,5.917345021916093,4.5648090169067,1.8597370068879149,1.0144020037570445,2.08515967438948,1.127113337507827,0.3381340012523481,0.3381340012523481,0.0,46.66666666666666,42.0,40.74074074074074,0,2.1926543210806684
2181,Giorgi Tsitaishvili,2025,M,61,Ligue 1,112,Metz,2457.0,33,6.790960912052117,78.83310719131615,3.0,2.0,22.0,8.0,737.0,45.0,19.0,3.0,13.0,207.0,104.0,85.0,42.0,16.0,36.0,23.0,6.0,3,0,0.1098901098901098,0.0732600732600732,0.8058608058608059,0.293040293040293,26.996336996337,1.6483516483516485,0.6959706959706959,0.1098901098901098,0.4761904761904761,7.582417582417583,3.809523809523809,3.1135531135531136,1.5384615384615383,0.5860805860805861,1.3186813186813189,0.8424908424908425,0.2197802197802197,0.1098901098901098,0.0,36.36363636363637,50.24154589371981,49.41176470588236,0,2.2804135163104924
2182,Viktor Tsygankov,2025,M,140,La Liga,547,Girona,2641.0,32,6.871677394926166,82.35294117647058,6.0,5.0,39.0,21.0,1003.0,56.0,31.0,4.0,20.0,251.0,123.0,54.0,26.0,16.0,35.0,22.0,5.0,3,0,0.2044680045437334,0.1703900037864445,1.3290420295342673,0.715638015903067,34.18023475956077,1.9083680424081788,1.056418023475956,0.1363120030291556,0.6815600151457781,8.553578190079515,4.191594093146536,1.840212040893601,0.8860280196895115,0.5452480121166224,1.1927300265051115,0.7497160166603558,0.1703900037864445,0.1022340022718667,0.0,53.84615384615385,49.00398406374502,48.14814814814815,0,1.7954965716224294
2204,Benjamin André,2025,M,61,Ligue 1,79,Lille,2333.0,27,7.13257608229747,83.4149755073478,2.0,2.0,19.0,6.0,1429.0,23.0,66.0,5.0,33.0,361.0,207.0,23.0,14.0,19.0,44.0,35.0,3.0,9,0,0.0771538791255893,0.0771538791255893,0.732961851693099,0.2314616373767681,55.126446635233606,0.8872696099442778,2.546078011144449,0.1928846978139734,1.2730390055722245,13.92627518216888,7.985426489498499,0.8872696099442778,0.5400771538791256,0.732961851693099,1.6973853407629662,1.350192884697814,0.115730818688384,0.3471924560651521,0.0,31.57894736842105,57.340720221606645,60.86956521739131,1,2.6818437593305045
2207,Eduardo Camavinga,2025,M,140,La Liga,541,Real Madrid,1532.0,29,7.165055519268453,91.804788213628,1.0,0.0,10.0,2.0,1086.0,15.0,65.0,11.0,14.0,189.0,119.0,20.0,13.0,14.0,31.0,34.0,2.0,2,0,0.0587467362924282,0.0,0.5874673629242819,0.1174934725848564,63.79895561357703,0.881201044386423,3.818537859007833,0.6462140992167102,0.8224543080939948,11.10313315926893,6.990861618798956,1.1749347258485638,0.7637075718015667,0.8224543080939948,1.821148825065274,1.9973890339425584,0.1174934725848564,0.1174934725848564,0.0,20.0,62.96296296296296,65.0,1,3.4794744508896827
2214,Romain Del Castillo,2025,M,61,Ligue 1,106,Stade Brestois 29,2643.0,32,6.895913734392736,74.95126705653021,9.0,3.0,26.0,13.0,1026.0,57.0,59.0,1.0,30.0,352.0,161.0,86.0,29.0,38.0,43.0,28.0,5.0,2,1,0.3064699205448354,0.1021566401816118,0.8853575482406356,0.4426787741203178,34.93757094211124,1.940976163450624,2.0090805902383657,0.0340522133938706,1.021566401816118,11.986379114642451,5.482406356413168,2.9284903518728718,0.9875141884222476,1.293984108967083,1.4642451759364357,0.9534619750283768,0.170261066969353,0.0681044267877412,0.0340522133938706,50.0,45.73863636363637,33.72093023255814,0,1.8632879344197497
2279,Ethan Ampadu,2025,M,39,Premier League,63,Leeds,3123.0,35,7.150720461095101,85.55748122472559,1.0,1.0,15.0,6.0,1731.0,20.0,81.0,18.0,50.0,295.0,184.0,17.0,12.0,19.0,36.0,50.0,0.0,10,0,0.0288184438040345,0.0288184438040345,0.4322766570605187,0.1729106628242075,49.88472622478386,0.5763688760806917,2.334293948126801,0.5187319884726225,1.4409221902017293,8.501440922190202,5.302593659942363,0.4899135446685879,0.345821325648415,0.547550432276657,1.037463976945245,1.4409221902017293,0.0,0.2881844380403458,0.0,40.0,62.37288135593221,70.58823529411765,1,1.715183451014752
2286,Davide Zappacosta,2025,M,135,Serie A,499,Atalanta,2580.0,35,6.853527131782945,85.05647263249348,3.0,3.0,23.0,9.0,1152.0,42.0,22.0,2.0,20.0,159.0,66.0,57.0,25.0,15.0,8.0,18.0,7.0,3,0,0.1046511627906976,0.1046511627906976,0.8023255813953488,0.313953488372093,40.18604651162791,1.4651162790697674,0.7674418604651163,0.0697674418604651,0.6976744186046512,5.546511627906977,2.302325581395349,1.988372093023256,0.872093023255814,0.5232558139534884,0.2790697674418604,0.627906976744186,0.2441860465116279,0.1046511627906976,0.0,39.130434782608695,41.50943396226416,43.85964912280701,1,2.6950176417622527
2292,Ruben Loftus-Cheek,2025,M,135,Serie A,489,AC Milan,1149.0,28,6.665535248041775,84.69135802469135,3.0,1.0,18.0,6.0,406.0,10.0,14.0,1.0,5.0,161.0,76.0,26.0,12.0,5.0,19.0,23.0,1.0,2,0,0.2349869451697128,0.0783289817232376,1.4099216710182767,0.4699738903394256,31.801566579634464,0.7832898172323759,1.0966057441253263,0.0783289817232376,0.3916449086161879,12.610966057441251,5.953002610966058,2.036553524804177,0.9399477806788512,0.3916449086161879,1.4882506527415145,1.8015665796344649,0.0783289817232376,0.1566579634464752,0.0,33.33333333333333,47.20496894409938,46.15384615384615,0,1.6210892484659145
2298,Callum Hudson-Odoi,2025,M,39,Premier League,65,Nottingham Forest,1849.0,30,6.985235262303949,89.19330289193303,3.0,4.0,20.0,10.0,657.0,44.0,14.0,2.0,8.0,137.0,59.0,58.0,30.0,9.0,12.0,12.0,3.0,0,0,0.1460248783126014,0.1946998377501352,0.973499188750676,0.486749594375338,31.979448350459705,2.141698215251487,0.6814494321254733,0.0973499188750676,0.3893996755002704,6.668469442942131,2.871822606814494,2.82314764737696,1.460248783126014,0.4380746349378042,0.5840995132504057,0.5840995132504057,0.1460248783126014,0.0,0.0,50.0,43.06569343065693,51.72413793103448,0,3.0026542759063064
2360,Dimitrios Giannoulis,2025,M,78,Bundesliga,170,FC Augsburg,1901.0,27,6.969857969489743,71.34146341463415,2.0,5.0,9.0,6.0,656.0,34.0,27.0,11.0,19.0,145.0,78.0,42.0,19.0,9.0,20.0,16.0,4.0,8,0,0.094687006838506,0.2367175170962651,0.4260915307732772,0.2840610205155181,31.05733824302998,1.6096791162546027,1.2782745923198315,0.5207785376117833,0.8995265649658074,6.864807995791689,3.692793266701736,1.988427143608627,0.8995265649658074,0.4260915307732772,0.9468700683850604,0.7574960547080484,0.1893740136770121,0.3787480273540242,0.0,66.66666666666666,53.79310344827586,45.23809523809524,1,1.9791915122908006
2476,Guido Rodríguez,2025,M,140,La Liga,532,Valencia,1485.0,22,7.180525606469002,87.21227621483376,4.0,0.0,13.0,5.0,782.0,7.0,42.0,7.0,12.0,192.0,105.0,19.0,10.0,24.0,32.0,23.0,0.0,5,0,0.2424242424242424,0.0,0.7878787878787878,0.303030303030303,47.3939393939394,0.4242424242424242,2.5454545454545454,0.4242424242424242,0.7272727272727273,11.636363636363637,6.363636363636363,1.1515151515151514,0.6060606060606061,1.4545454545454546,1.9393939393939397,1.393939393939394,0.0,0.303030303030303,0.0,38.46153846153847,54.6875,52.63157894736842,1,2.3356173237408053
2489,Luis Díaz,2025,M,78,Bundesliga,157,Bayern München,2450.0,32,7.347020408163264,85.81395348837209,15.0,14.0,64.0,37.0,1290.0,66.0,21.0,2.0,14.0,313.0,132.0,125.0,61.0,11.0,38.0,35.0,26.0,7,1,0.5510204081632653,0.5142857142857142,2.351020408163265,1.3591836734693878,47.38775510204081,2.424489795918368,0.7714285714285715,0.073469387755102,0.5142857142857142,11.49795918367347,4.848979591836735,4.591836734693878,2.2408163265306125,0.4040816326530612,1.3959183673469389,1.2857142857142856,0.9551020408163264,0.2571428571428571,0.036734693877551,57.8125,42.17252396166134,48.8,0,3.034397128314421
2490,Jefferson Lerma,2025,M,39,Premier League,52,Crystal Palace,1731.0,31,6.780809248554913,79.44890929965557,0.0,2.0,14.0,7.0,871.0,14.0,29.0,4.0,25.0,224.0,122.0,7.0,3.0,16.0,25.0,25.0,0.0,7,0,0.0,0.1039861351819757,0.7279029462738301,0.363951473136915,45.28596187175044,0.7279029462738301,1.507798960138648,0.2079722703639514,1.2998266897746968,11.646447140381282,6.34315424610052,0.363951473136915,0.1559792027729636,0.8318890814558059,1.2998266897746968,1.2998266897746968,0.0,0.363951473136915,0.0,50.0,54.46428571428571,42.85714285714285,1,1.8080411394832048
2598,Ritsu Doan,2025,M,78,Bundesliga,169,Eintracht Frankfurt,2379.0,31,6.833123160992014,77.65108323831242,5.0,5.0,30.0,15.0,877.0,40.0,43.0,1.0,17.0,312.0,132.0,80.0,34.0,23.0,34.0,26.0,3.0,5,0,0.189155107187894,0.189155107187894,1.1349306431273645,0.5674653215636822,33.177805800756616,1.5132408575031526,1.6267339218158892,0.0378310214375788,0.6431273644388399,11.80327868852459,4.993694829760404,3.0264817150063053,1.2862547288776798,0.8701134930643128,1.2862547288776798,0.9836065573770492,0.1134930643127364,0.189155107187894,0.0,50.0,42.30769230769231,42.5,0,0.8005563740232395
2601,Daichi Kamada,2025,M,39,Premier League,52,Crystal Palace,1908.0,28,6.935901467505241,84.0,0.0,0.0,12.0,4.0,825.0,20.0,63.0,1.0,14.0,211.0,116.0,24.0,12.0,24.0,28.0,30.0,1.0,3,0,0.0,0.0,0.5660377358490566,0.1886792452830188,38.91509433962264,0.9433962264150944,2.9716981132075477,0.0471698113207547,0.6603773584905661,9.952830188679243,5.471698113207547,1.1320754716981132,0.5660377358490566,1.1320754716981132,1.3207547169811322,1.4150943396226414,0.0471698113207547,0.1415094339622641,0.0,33.33333333333333,54.976303317535546,50.0,1,1.8653181008592337
2735,Pierre-Emile Højbjerg,2025,M,61,Ligue 1,81,Marseille,2715.0,32,7.229355432780846,89.77578475336323,4.0,5.0,35.0,14.0,2230.0,42.0,38.0,6.0,27.0,250.0,130.0,31.0,17.0,29.0,45.0,38.0,0.0,4,0,0.1325966850828729,0.1657458563535911,1.160220994475138,0.4640883977900552,73.92265193370166,1.3922651933701655,1.259668508287293,0.1988950276243094,0.8950276243093922,8.287292817679559,4.30939226519337,1.0276243093922652,0.56353591160221,0.9613259668508288,1.4917127071823204,1.259668508287293,0.0,0.1325966850828729,0.0,40.0,52.0,54.83870967741935,1,2.6682315103649996
2749,Jackson Irvine,2025,M,78,Bundesliga,186,FC St. Pauli,1632.0,24,6.752573529411764,71.90684133915575,0.0,1.0,13.0,4.0,687.0,11.0,34.0,8.0,27.0,198.0,103.0,18.0,10.0,10.0,12.0,20.0,1.0,2,1,0.0,0.0551470588235294,0.7169117647058822,0.2205882352941176,37.8860294117647,0.6066176470588236,1.875,0.4411764705882353,1.4889705882352942,10.919117647058824,5.680147058823529,0.9926470588235294,0.5514705882352942,0.5514705882352942,0.6617647058823529,1.1029411764705883,0.0551470588235294,0.1102941176470588,0.0551470588235294,30.76923076923077,52.02020202020202,55.55555555555556,1,1.8600334009456199
2763,Mario Pašalić,2025,M,135,Serie A,499,Atalanta,1932.0,33,6.936024844720498,88.51640513552069,3.0,4.0,20.0,6.0,1402.0,40.0,25.0,3.0,14.0,159.0,67.0,13.0,7.0,16.0,6.0,22.0,1.0,3,0,0.139751552795031,0.1863354037267081,0.9316770186335404,0.2795031055900621,65.31055900621118,1.8633540372670807,1.1645962732919255,0.139751552795031,0.6521739130434783,7.406832298136647,3.12111801242236,0.6055900621118012,0.3260869565217391,0.7453416149068324,0.2795031055900621,1.0248447204968945,0.046583850931677,0.139751552795031,0.0,30.0,42.138364779874216,53.84615384615385,1,2.7916971493973284
2781,Moses Simon,2025,M,61,Ligue 1,114,Paris FC,2024.0,29,6.8223814229249005,84.5360824742268,3.0,3.0,25.0,11.0,485.0,32.0,14.0,1.0,9.0,198.0,69.0,65.0,29.0,5.0,19.0,15.0,9.0,0,0,0.133399209486166,0.133399209486166,1.1116600790513833,0.4891304347826087,21.56620553359684,1.4229249011857708,0.6225296442687747,0.0444664031620553,0.400197628458498,8.804347826086957,3.068181818181818,2.890316205533597,1.2895256916996047,0.2223320158102766,0.8448616600790514,0.66699604743083,0.400197628458498,0.0,0.0,44.0,34.84848484848485,44.61538461538462,0,2.279187920945786
2807,Remo Freuler,2025,M,135,Serie A,500,Bologna,2217.0,29,6.955435272891295,87.31454005934718,1.0,2.0,4.0,1.0,1348.0,22.0,55.0,5.0,23.0,170.0,96.0,7.0,2.0,18.0,24.0,19.0,1.0,5,0,0.040595399188092,0.081190798376184,0.162381596752368,0.040595399188092,54.72259810554804,0.8930987821380243,2.232746955345061,0.20297699594046,0.9336941813261164,6.901217861975642,3.8971583220568338,0.2841677943166441,0.081190798376184,0.7307171853856562,0.9742895805142084,0.7713125845737484,0.040595399188092,0.20297699594046,0.0,25.0,56.47058823529412,28.57142857142857,1,1.6115392697318236
2823,Saša Lukić,2025,M,39,Premier League,36,Fulham,1734.0,26,6.612745098039215,85.61643835616438,1.0,2.0,13.0,6.0,730.0,28.0,49.0,9.0,18.0,212.0,103.0,11.0,6.0,10.0,25.0,53.0,2.0,9,0,0.0519031141868512,0.1038062283737024,0.6747404844290658,0.3114186851211072,37.88927335640138,1.4532871972318335,2.543252595155709,0.4671280276816609,0.9342560553633218,11.003460207612456,5.346020761245675,0.5709342560553633,0.3114186851211072,0.5190311418685122,1.2975778546712802,2.750865051903114,0.1038062283737024,0.4671280276816609,0.0,46.15384615384615,48.58490566037736,54.54545454545454,1,1.6177550239820013
2906,Jae-sung Lee,2025,M,78,Bundesliga,164,FSV Mainz 05,2198.0,28,6.717697907188352,77.26597325408619,4.0,2.0,18.0,9.0,673.0,22.0,38.0,1.0,25.0,245.0,108.0,15.0,5.0,23.0,21.0,19.0,9.0,4,0,0.1637852593266606,0.0818926296633303,0.7370336669699727,0.3685168334849864,27.556869881710647,0.9008189262966332,1.5559599636032757,0.0409463148316651,1.0236578707916286,10.031847133757962,4.422202001819836,0.6141947224749772,0.2047315741583257,0.9417652411282984,0.8598726114649681,0.7779799818016379,0.3685168334849864,0.1637852593266606,0.0,50.0,44.08163265306123,33.33333333333333,1,1.5194735445691476
2917,Maximilian Eggestein,2025,M,78,Bundesliga,160,SC Freiburg,3060.0,34,6.83235294117647,82.65856950067476,3.0,1.0,24.0,13.0,1482.0,19.0,64.0,15.0,30.0,270.0,154.0,22.0,15.0,13.0,20.0,18.0,1.0,4,0,0.088235294117647,0.0294117647058823,0.7058823529411764,0.3823529411764705,43.588235294117645,0.5588235294117647,1.8823529411764703,0.4411764705882353,0.8823529411764706,7.9411764705882355,4.529411764705882,0.6470588235294117,0.4411764705882353,0.3823529411764705,0.5882352941176471,0.5294117647058824,0.0294117647058823,0.1176470588235294,0.0,54.16666666666666,57.03703703703704,68.18181818181817,1,1.1401210116490197
2922,Leander Dendoncker,2025,M,140,La Liga,718,Oviedo,1339.0,19,6.80883233532934,86.25678119349006,1.0,0.0,7.0,4.0,554.0,6.0,36.0,7.0,12.0,123.0,66.0,8.0,4.0,17.0,3.0,12.0,1.0,2,0,0.0672143390589992,0.0,0.4705003734129948,0.268857356235997,37.236743838685584,0.4032860343539955,2.419716206123973,0.4705003734129948,0.806572068707991,8.267363704256908,4.436146377893951,0.5377147124719941,0.268857356235997,1.1426437640029874,0.2016430171769977,0.806572068707991,0.0672143390589992,0.1344286781179985,0.0,57.14285714285714,53.65853658536586,50.0,1,1.955926132078391
2926,Youri Tielemans,2025,M,39,Premier League,66,Aston Villa,1862.0,25,7.247153598281418,84.9290780141844,0.0,4.0,17.0,7.0,1128.0,32.0,58.0,14.0,18.0,214.0,129.0,17.0,9.0,23.0,41.0,25.0,1.0,0,0,0.0,0.1933404940923737,0.8216970998925887,0.3383458646616541,54.52201933404941,1.5467239527389902,2.80343716433942,0.6766917293233082,0.8700322234156821,10.343716433941998,6.235230934479056,0.8216970998925887,0.435016111707841,1.1117078410311492,1.9817400644468317,1.2083780880773365,0.0483351235230934,0.0,0.0,41.17647058823529,60.280373831775705,52.94117647058824,1,2.3635823278359864
2937,Declan Rice,2025,M,39,Premier League,42,Arsenal,3099.0,36,7.474669248144563,87.35955056179775,4.0,5.0,27.0,13.0,2136.0,64.0,70.0,12.0,37.0,241.0,145.0,28.0,14.0,14.0,11.0,26.0,1.0,3,0,0.1161665053242981,0.1452081316553727,0.7841239109390127,0.377541142303969,62.03291384317522,1.8586640851887704,2.032913843175218,0.3484995159728944,1.074540174249758,6.999031945788964,4.211035818005809,0.813165537270087,0.4065827686350435,0.4065827686350435,0.3194578896418199,0.7550822846079381,0.0290416263310745,0.0871248789932236,0.0,48.14814814814815,60.16597510373444,50.0,1,2.254043671097508
2938,James Ward-Prowse,2025,M,39,Premier League,44,Burnley,1109.0,18,6.8420198376916135,88.76221498371335,0.0,1.0,2.0,2.0,614.0,23.0,16.0,7.0,20.0,80.0,41.0,7.0,2.0,10.0,13.0,8.0,0.0,1,0,0.0,0.0811541929666366,0.1623083859332732,0.1623083859332732,49.82867448151488,1.8665464382326415,1.2984670874661857,0.5680793507664562,1.623083859332732,6.4923354373309285,3.327321911632101,0.5680793507664562,0.1623083859332732,0.8115419296663661,1.055004508566276,0.6492335437330928,0.0,0.0811541929666366,0.0,100.0,51.24999999999999,28.57142857142857,1,2.7366955274265035
2990,Idrissa Gana Gueye,2025,M,39,Premier League,45,Everton,2101.0,25,6.935364112327464,87.32394366197182,2.0,3.0,18.0,7.0,1065.0,13.0,43.0,7.0,28.0,168.0,94.0,21.0,7.0,19.0,31.0,21.0,0.0,1,1,0.08567348881485,0.1285102332222751,0.7710613993336507,0.2998572108519752,45.62113279390766,0.5568776772965255,1.8419800095192764,0.2998572108519752,1.199428843407901,7.196573060447405,4.026653974297953,0.8995716325559256,0.2998572108519752,0.8138981437410756,1.3279390766301762,0.8995716325559256,0.0,0.042836744407425,0.042836744407425,38.88888888888889,55.95238095238096,33.33333333333333,1,1.289553016481259
3007,Przemysław Frankowski,2025,M,61,Ligue 1,94,Rennes,1215.0,19,7.048352553542009,82.05521472392638,1.0,2.0,6.0,3.0,652.0,31.0,40.0,1.0,8.0,105.0,61.0,7.0,4.0,18.0,10.0,13.0,1.0,5,0,0.074074074074074,0.1481481481481481,0.4444444444444444,0.2222222222222222,48.2962962962963,2.2962962962962963,2.9629629629629632,0.074074074074074,0.5925925925925926,7.777777777777778,4.518518518518518,0.5185185185185186,0.2962962962962963,1.3333333333333337,0.7407407407407408,0.962962962962963,0.074074074074074,0.3703703703703704,0.0,50.0,58.0952380952381,57.14285714285714,1,2.840814732798459
3080,Marshall Munetsi,2025,M,61,Ligue 1,114,Paris FC,1868.0,28,6.761670235546038,68.05896805896806,5.0,2.0,28.0,15.0,407.0,10.0,34.0,4.0,10.0,268.0,123.0,22.0,10.0,16.0,19.0,31.0,5.0,2,0,0.240899357601713,0.0963597430406852,1.3490364025695931,0.7226980728051392,19.609207708779444,0.4817987152034261,1.6381156316916488,0.1927194860813704,0.4817987152034261,12.91220556745182,5.926124197002141,1.0599571734475377,0.4817987152034261,0.7708779443254818,0.9154175588865096,1.493576017130621,0.240899357601713,0.0963597430406852,0.0,53.57142857142857,45.8955223880597,45.45454545454545,0,2.749769744367039
3246,Nicolas Pépé,2025,M,140,La Liga,533,Villarreal,2396.0,36,7.394657762938229,82.38636363636364,8.0,8.0,43.0,25.0,880.0,57.0,31.0,1.0,16.0,325.0,150.0,122.0,59.0,22.0,43.0,23.0,14.0,4,0,0.3005008347245409,0.3005008347245409,1.6151919866444076,0.9390651085141904,33.0550918196995,2.1410684474123536,1.164440734557596,0.0375626043405676,0.6010016694490818,12.207846410684477,5.634390651085142,4.582637729549249,2.216193656093489,0.8263772954924875,1.6151919866444076,0.8639398998330551,0.5258764607679466,0.1502504173622704,0.0,58.13953488372093,46.15384615384615,48.36065573770492,0,1.7997273283121984
3406,Frank Anguissa,2025,M,135,Serie A,492,Napoli,1256.0,18,6.990207006369428,86.5546218487395,4.0,1.0,20.0,9.0,714.0,13.0,18.0,3.0,12.0,158.0,77.0,17.0,9.0,12.0,18.0,18.0,0.0,1,0,0.286624203821656,0.071656050955414,1.4331210191082802,0.6449044585987261,51.16242038216561,0.931528662420382,1.2898089171974525,0.214968152866242,0.8598726114649681,11.321656050955411,5.517515923566879,1.2181528662420382,0.6449044585987261,0.8598726114649681,1.2898089171974525,1.2898089171974525,0.0,0.071656050955414,0.0,45.0,48.734177215189874,52.94117647058824,1,2.114661358311652
3608,Kwasi Sibo,2025,M,140,La Liga,718,Oviedo,1689.0,26,6.602072232089994,86.74521354933727,0.0,0.0,6.0,2.0,679.0,3.0,35.0,6.0,15.0,136.0,58.0,5.0,4.0,15.0,4.0,30.0,0.0,3,1,0.0,0.0,0.3197158081705151,0.1065719360568383,36.18117229129663,0.1598579040852575,1.8650088809946717,0.3197158081705151,0.7992895204262876,7.24689165186501,3.090586145648313,0.2664298401420959,0.2131438721136767,0.7992895204262876,0.2131438721136767,1.5985790408525753,0.0,0.1598579040852575,0.0532859680284191,33.33333333333333,42.64705882352941,80.0,1,2.282986869222663
4399,Hicham Boudaoui,2025,M,61,Ligue 1,84,Nice,1705.0,26,6.848797653958945,83.85714285714285,1.0,2.0,16.0,9.0,700.0,17.0,27.0,9.0,17.0,178.0,95.0,31.0,15.0,14.0,40.0,20.0,2.0,6,0,0.0527859237536656,0.1055718475073313,0.844574780058651,0.4750733137829912,36.95014662756599,0.8973607038123168,1.4252199413489737,0.4750733137829912,0.8973607038123168,9.395894428152491,5.0146627565982405,1.6363636363636362,0.7917888563049854,0.7390029325513197,2.1114369501466275,1.0557184750733135,0.1055718475073313,0.3167155425219941,0.0,56.25,53.37078651685393,48.38709677419355,1,2.026002421725087
5996,Enzo Fernández,2025,M,39,Premier League,49,Chelsea,3121.0,36,7.183050304389618,86.01570166830226,10.0,4.0,52.0,31.0,2038.0,69.0,53.0,2.0,21.0,310.0,137.0,48.0,13.0,36.0,45.0,36.0,1.0,10,0,0.2883691124639538,0.1153476449855815,1.49951938481256,0.8939442486382569,58.7696251201538,1.9897468760012813,1.5283562960589554,0.0576738224927907,0.6055751361743031,8.93944248638257,3.950656840756168,1.3841717398269786,0.3748798462031399,1.038128804870234,1.2976610060877924,1.038128804870234,0.0288369112463953,0.2883691124639538,0.0,59.61538461538461,44.193548387096776,27.08333333333333,0,2.4884273074434256
6002,Exequiel Palacios,2025,M,78,Bundesliga,168,Bayer Leverkusen,1097.0,18,7.293436645396537,90.67005937234946,0.0,1.0,7.0,2.0,1179.0,13.0,21.0,3.0,8.0,86.0,47.0,11.0,4.0,10.0,18.0,6.0,0.0,3,0,0.0,0.0820419325432999,0.5742935278030994,0.1640838650865998,96.7274384685506,1.0665451230628988,1.722880583409298,0.2461257976298997,0.6563354603463992,7.055606198723793,3.855970829535096,0.902461257976299,0.3281677301731996,0.820419325432999,1.4767547857793983,0.4922515952597995,0.0,0.2461257976298997,0.0,28.57142857142857,54.65116279069767,36.36363636363637,1,3.889426328502589
6056,Nicolás Domínguez,2025,M,39,Premier League,65,Nottingham Forest,1193.0,27,6.908900083963056,85.23364485981308,1.0,1.0,10.0,5.0,535.0,12.0,56.0,5.0,7.0,156.0,86.0,12.0,6.0,24.0,11.0,16.0,0.0,3,0,0.0754400670578373,0.0754400670578373,0.7544006705783739,0.3772003352891869,40.36043587594301,0.9052808046940486,4.224643755238894,0.3772003352891869,0.5280804694048618,11.768650461022633,6.487845766974015,0.9052808046940486,0.4526404023470243,1.8105616093880967,0.8298407376362111,1.2070410729253982,0.0,0.2263202011735121,0.0,50.0,55.12820512820513,50.0,1,3.756809312928255
6067,Thiago Almada,2025,M,140,La Liga,530,Atletico Madrid,1312.0,27,6.824847560975609,86.62790697674419,3.0,1.0,17.0,10.0,688.0,28.0,29.0,2.0,9.0,154.0,71.0,38.0,21.0,22.0,16.0,13.0,2.0,2,1,0.2057926829268292,0.0685975609756097,1.1661585365853655,0.6859756097560975,47.19512195121951,1.920731707317073,1.9893292682926829,0.1371951219512195,0.6173780487804879,10.5640243902439,4.870426829268292,2.606707317073171,1.440548780487805,1.5091463414634148,1.0975609756097562,0.8917682926829268,0.1371951219512195,0.1371951219512195,0.0685975609756097,58.82352941176471,46.103896103896105,55.26315789473685,0,1.6986299661825244
6383,Martín Payero,2025,M,135,Serie A,520,Cremonese,1459.0,25,6.57162440027416,75.54585152838428,1.0,0.0,18.0,8.0,458.0,12.0,19.0,3.0,10.0,215.0,93.0,48.0,22.0,9.0,34.0,37.0,2.0,8,0,0.0616860863605209,0.0,1.1103495544893762,0.4934886908841672,28.252227553118576,0.7402330363262508,1.1720356408498973,0.1850582590815627,0.6168608636052091,13.262508567511995,5.736806031528444,2.9609321453050037,1.35709389993146,0.5551747772446881,2.0973269362577107,2.2823851953392733,0.1233721727210418,0.4934886908841672,0.0,44.44444444444444,43.25581395348837,45.83333333333333,0,1.8086331106988955
6409,Nahuel Estévez,2025,M,135,Serie A,523,Parma,1044.0,32,6.849807692307691,78.13084112149534,0.0,1.0,3.0,1.0,536.0,13.0,18.0,4.0,6.0,113.0,63.0,2.0,0.0,9.0,13.0,11.0,0.0,2,0,0.0,0.0862068965517241,0.2586206896551724,0.0862068965517241,46.206896551724135,1.1206896551724137,1.5517241379310345,0.3448275862068965,0.5172413793103449,9.741379310344827,5.431034482758621,0.1724137931034482,0.0,0.7758620689655172,1.1206896551724137,0.9482758620689656,0.0,0.1724137931034482,0.0,33.33333333333333,55.75221238938053,0.0,1,1.70496572650113
6662,Santiago Pierotti,2025,M,135,Serie A,867,Lecce,2614.0,37,6.514498852333589,75.3125,1.0,2.0,22.0,8.0,640.0,22.0,83.0,5.0,20.0,524.0,197.0,97.0,39.0,40.0,23.0,67.0,7.0,4,0,0.0344299923488905,0.0688599846977811,0.7574598316755929,0.2754399387911247,22.03519510328998,0.7574598316755929,2.8576893649579187,0.1721499617444529,0.6885998469778118,18.041315990818667,6.782708492731446,3.3397092578423875,1.342769701606733,1.3771996939556237,0.7918898240244836,2.306809487375669,0.2410099464422341,0.1377199693955623,0.0,36.36363636363637,37.595419847328245,40.20618556701031,0,4.032815102349593
6716,Alexis Mac Allister,2025,M,39,Premier League,40,Liverpool,2675.0,37,6.743588785046728,86.55988857938719,2.0,4.0,32.0,12.0,1436.0,36.0,53.0,9.0,21.0,250.0,113.0,27.0,11.0,40.0,32.0,35.0,0.0,7,0,0.0672897196261682,0.1345794392523364,1.0766355140186916,0.4037383177570093,48.31401869158879,1.211214953271028,1.783177570093458,0.302803738317757,0.7065420560747664,8.411214953271028,3.801869158878505,0.908411214953271,0.3700934579439252,1.3457943925233646,1.0766355140186916,1.177570093457944,0.0,0.2355140186915888,0.0,37.5,45.2,40.74074074074074,1,1.1054669331437728
7327,Alexander Prass,2025,M,78,Bundesliga,167,1899 Hoffenheim,1318.0,32,6.873252279635257,76.25482625482626,3.0,2.0,17.0,11.0,518.0,18.0,32.0,3.0,7.0,179.0,84.0,30.0,16.0,23.0,21.0,26.0,2.0,4,0,0.2048558421851289,0.1365705614567526,1.1608497723823976,0.7511380880121395,35.37177541729894,1.229135053110774,2.1851289833080427,0.2048558421851289,0.4779969650986343,12.223065250379362,5.735963581183611,2.04855842185129,1.0925644916540214,1.5705614567526556,1.4339908952959028,1.7754172989377843,0.1365705614567526,0.2731411229135053,0.0,64.70588235294117,46.927374301675975,53.333333333333336,0,1.4825625341355162
7328,Nicolas Seiwald,2025,M,78,Bundesliga,173,RB Leipzig,2703.0,33,6.90695523492416,88.9196675900277,0.0,2.0,13.0,7.0,1444.0,15.0,66.0,10.0,56.0,187.0,113.0,11.0,8.0,18.0,6.0,18.0,0.0,2,0,0.0,0.0665926748057713,0.4328523862375139,0.2330743618201997,48.07991120976693,0.4994450610432852,2.197558268590455,0.3329633740288568,1.864594894561598,6.226415094339623,3.762486126526082,0.3662597114317425,0.2663706992230855,0.5993340732519422,0.1997780244173141,0.5993340732519422,0.0,0.0665926748057713,0.0,53.84615384615385,60.42780748663101,72.72727272727273,1,2.9988419352336653
7332,Luka Sučić,2025,M,140,La Liga,548,Real Sociedad,1018.0,22,6.815127701375245,79.48164146868251,3.0,1.0,16.0,7.0,463.0,9.0,19.0,1.0,5.0,120.0,55.0,25.0,14.0,9.0,6.0,11.0,1.0,1,0,0.2652259332023575,0.0884086444007858,1.4145383104125735,0.618860510805501,40.93320235756385,0.7956777996070726,1.6797642436149314,0.0884086444007858,0.4420432220039292,10.609037328094304,4.862475442043222,2.2102161100196462,1.237721021611002,0.7956777996070726,0.5304518664047151,0.9724950884086444,0.0884086444007858,0.0884086444007858,0.0,43.75,45.83333333333333,56.00000000000001,0,2.230871811672729
7562,Romano Schmid,2025,M,78,Bundesliga,162,Werder Bremen,2988.0,34,6.957128514056225,76.20357634112793,4.0,8.0,39.0,21.0,1454.0,89.0,46.0,4.0,11.0,336.0,131.0,98.0,37.0,27.0,31.0,19.0,5.0,4,0,0.1204819277108433,0.2409638554216867,1.1746987951807228,0.6325301204819277,43.795180722891565,2.680722891566265,1.385542168674699,0.1204819277108433,0.3313253012048192,10.120481927710845,3.94578313253012,2.9518072289156625,1.114457831325301,0.8132530120481928,0.9337349397590362,0.572289156626506,0.1506024096385542,0.1204819277108433,0.0,53.84615384615385,38.98809523809524,37.755102040816325,0,2.4274064062318796
8586,Mërgim Vojvoda,2025,M,135,Serie A,895,Como,1599.0,30,6.742490613266583,83.79814077025233,2.0,2.0,16.0,7.0,753.0,29.0,13.0,2.0,14.0,115.0,48.0,21.0,13.0,11.0,12.0,15.0,5.0,2,0,0.1125703564727955,0.1125703564727955,0.900562851782364,0.3939962476547842,42.38273921200751,1.6322701688555346,0.7317073170731708,0.1125703564727955,0.7879924953095685,6.472795497185741,2.701688555347092,1.1819887429643527,0.7317073170731708,0.6191369606003753,0.6754221388367729,0.8442776735459663,0.2814258911819887,0.1125703564727955,0.0,43.75,41.73913043478261,61.90476190476191,1,2.366359283415876
8680,Charles Vanhoutte,2025,M,61,Ligue 1,84,Nice,1864.0,27,6.846054750402576,84.30232558139535,0.0,2.0,3.0,1.0,1032.0,15.0,48.0,11.0,20.0,197.0,101.0,16.0,8.0,21.0,8.0,36.0,0.0,6,0,0.0,0.0965665236051502,0.1448497854077253,0.0482832618025751,49.82832618025751,0.7242489270386265,2.3175965665236054,0.5311158798283262,0.965665236051502,9.511802575107296,4.876609442060086,0.7725321888412017,0.3862660944206008,1.0139484978540774,0.3862660944206008,1.738197424892704,0.0,0.2896995708154506,0.0,33.33333333333333,51.26903553299492,50.0,1,1.6525242614234827
9363,Igor Paixão,2025,M,61,Ligue 1,81,Marseille,1981.0,30,6.998283695103483,82.689556509299,6.0,5.0,46.0,23.0,699.0,29.0,29.0,2.0,15.0,255.0,107.0,83.0,27.0,17.0,34.0,21.0,9.0,2,0,0.2725896012115093,0.2271580010095911,2.0898536092882383,1.0449268046441191,31.75668854114084,1.3175164058556286,1.3175164058556286,0.0908632004038364,0.6814740030287734,11.585058051489147,4.86118122160525,3.7708228167592126,1.226653205451792,0.7723372034326098,1.5446744068652196,0.9540636042402828,0.408884401817264,0.0908632004038364,0.0,50.0,41.96078431372549,32.53012048192771,0,1.5777918894358822
9971,Antony,2025,M,140,La Liga,543,Real Betis,2459.0,32,7.250427002846686,81.95488721804512,8.0,6.0,67.0,34.0,1197.0,56.0,40.0,1.0,23.0,228.0,118.0,58.0,27.0,25.0,44.0,20.0,2.0,6,1,0.2928019520130134,0.21960146400976,2.452216348108988,1.2444082960553071,43.81049206994713,2.049613664091094,1.464009760065067,0.0366002440016266,0.8418056120374136,8.344855632370882,4.318828792191948,2.1228141520943478,0.9882065880439204,0.9150061000406668,1.6104107360715736,0.7320048800325335,0.0732004880032533,0.21960146400976,0.0366002440016266,50.74626865671642,51.75438596491229,46.55172413793103,0,2.7269680636424303
10077,Luís Henrique,2025,M,135,Serie A,505,Inter,1627.0,30,6.948828606658446,86.82926829268293,1.0,2.0,11.0,7.0,820.0,22.0,20.0,1.0,6.0,61.0,38.0,23.0,13.0,2.0,0.0,5.0,1.0,1,0,0.0553165334972341,0.1106330669944683,0.6084818684695759,0.3872157344806392,45.35955746773202,1.2169637369391515,1.106330669944683,0.0553165334972341,0.331899200983405,3.3743085433312845,2.1020282728948985,1.272280270436386,0.7191149354640444,0.1106330669944683,0.0,0.2765826674861708,0.0553165334972341,0.0553165334972341,0.0,63.63636363636363,62.29508196721312,56.52173913043478,1,3.257463835550772
10097,Éderson,2025,M,135,Serie A,499,Atalanta,2235.0,30,7.029082774049217,89.20539730134932,2.0,1.0,21.0,11.0,1334.0,25.0,59.0,7.0,28.0,252.0,135.0,29.0,16.0,19.0,40.0,34.0,2.0,3,0,0.0805369127516778,0.0402684563758389,0.8456375838926173,0.4429530201342282,53.718120805369125,1.0067114093959733,2.375838926174497,0.2818791946308725,1.12751677852349,10.14765100671141,5.436241610738255,1.167785234899329,0.6442953020134229,0.7651006711409396,1.610738255033557,1.3691275167785235,0.0805369127516778,0.1208053691275167,0.0,52.38095238095239,53.57142857142857,55.172413793103445,1,1.5047206151222154
10135,Bruno Guimarães,2025,M,39,Premier League,34,Newcastle,2455.0,29,7.482810590631366,86.14748449345278,9.0,5.0,36.0,23.0,1451.0,46.0,62.0,3.0,15.0,333.0,168.0,48.0,18.0,26.0,75.0,45.0,2.0,6,0,0.329938900203666,0.1832993890020366,1.319755600814664,0.8431771894093686,53.19348268839104,1.6863543788187372,2.2729124236252543,0.109979633401222,0.5498981670061099,12.20773930753564,6.158859470468432,1.759674134419552,0.659877800407332,0.9531568228105908,2.74949083503055,1.64969450101833,0.0733197556008146,0.219959266802444,0.0,63.888888888888886,50.45045045045045,37.5,0,2.6625542213478948
10169,Vinícius Souza,2025,M,78,Bundesliga,161,VfL Wolfsburg,1898.0,25,6.95129151291513,81.36986301369863,0.0,0.0,8.0,2.0,730.0,8.0,60.0,9.0,28.0,251.0,152.0,15.0,8.0,10.0,24.0,42.0,0.0,6,0,0.0,0.0,0.3793466807165437,0.0948366701791359,34.61538461538462,0.3793466807165437,2.8451001053740783,0.4267650158061117,1.327713382507903,11.90200210748156,7.20758693361433,0.7112750263435196,0.3793466807165437,0.4741833508956796,1.1380400421496313,1.991570073761855,0.0,0.2845100105374078,0.0,25.0,60.55776892430279,53.333333333333336,1,2.483876660543185
13736,Daniel Muñoz,2025,M,39,Premier League,52,Crystal Palace,2403.0,29,6.941032043279234,79.24757281553399,4.0,3.0,20.0,13.0,824.0,28.0,74.0,1.0,26.0,266.0,138.0,15.0,2.0,21.0,18.0,35.0,8.0,7,0,0.149812734082397,0.1123595505617977,0.7490636704119851,0.4868913857677902,30.861423220973784,1.048689138576779,2.7715355805243447,0.0374531835205992,0.9737827715355803,9.9625468164794,5.168539325842697,0.5617977528089887,0.0749063670411985,0.7865168539325843,0.6741573033707865,1.310861423220974,0.299625468164794,0.2621722846441947,0.0,65.0,51.8796992481203,13.333333333333334,1,1.7588877842092434
14327,Domagoj Bradarić,2025,M,135,Serie A,504,Hellas Verona,1976.0,29,6.64655870445344,75.89453860640302,0.0,1.0,9.0,6.0,531.0,28.0,30.0,3.0,9.0,108.0,54.0,18.0,7.0,12.0,10.0,8.0,2.0,2,0,0.0,0.0455465587044534,0.4099190283400809,0.2732793522267207,24.18522267206478,1.2753036437246963,1.3663967611336032,0.1366396761133603,0.4099190283400809,4.919028340080972,2.459514170040486,0.8198380566801619,0.3188259109311741,0.5465587044534413,0.4554655870445344,0.3643724696356275,0.0910931174089068,0.0910931174089068,0.0,66.66666666666666,50.0,38.88888888888889,1,2.8027935415976892
14395,Kristijan Jakić,2025,M,78,Bundesliga,170,FC Augsburg,1653.0,26,6.789413188142771,80.30513176144244,2.0,1.0,13.0,6.0,721.0,13.0,34.0,7.0,16.0,146.0,75.0,14.0,6.0,15.0,17.0,17.0,2.0,5,0,0.1088929219600726,0.0544464609800363,0.7078039927404719,0.3266787658802177,39.25589836660617,0.7078039927404719,1.851179673321234,0.3811252268602541,0.8711433756805809,7.949183303085299,4.083484573502722,0.7622504537205081,0.3266787658802177,0.8166969147005445,0.925589836660617,0.925589836660617,0.1088929219600726,0.2722323049001814,0.0,46.15384615384615,51.36986301369864,42.85714285714285,1,0.8226567865268714
15286,Mousa Tamari,2025,M,61,Ligue 1,94,Rennes,2224.0,33,6.908322087269456,81.2206572769953,6.0,6.0,46.0,23.0,639.0,34.0,27.0,2.0,11.0,230.0,88.0,93.0,33.0,15.0,27.0,17.0,26.0,4,0,0.2428057553956834,0.2428057553956834,1.8615107913669064,0.9307553956834532,25.85881294964029,1.3758992805755397,1.0926258992805755,0.0809352517985611,0.4451438848920863,9.307553956834532,3.5611510791366903,3.763489208633093,1.335431654676259,0.6070143884892086,1.0926258992805755,0.6879496402877698,1.052158273381295,0.1618705035971223,0.0,50.0,38.26086956521739,35.483870967741936,0,1.8215042884333374
15592,Jens Stage,2025,M,78,Bundesliga,162,Werder Bremen,2468.0,29,7.00887358184765,75.27173913043478,10.0,2.0,41.0,21.0,1104.0,26.0,41.0,9.0,18.0,265.0,145.0,25.0,13.0,27.0,30.0,35.0,3.0,5,0,0.3646677471636952,0.072933549432739,1.495137763371151,0.76580226904376,40.25931928687197,0.9481361426256076,1.495137763371151,0.3282009724473257,0.6564019448946515,9.663695299837926,5.287682333873581,0.9116693679092382,0.4740680713128039,0.9846029173419774,1.094003241491086,1.2763371150729337,0.1094003241491086,0.1823338735818476,0.0,51.21951219512195,54.71698113207547,52.0,1,1.905909417845855
15673,Ylber Ramadani,2025,M,135,Serie A,867,Lecce,3214.0,37,6.94380833851898,80.42876901798064,1.0,0.0,24.0,5.0,1446.0,19.0,91.0,11.0,46.0,347.0,192.0,27.0,14.0,51.0,59.0,43.0,0.0,10,0,0.0280024891101431,0.0,0.6720597386434349,0.1400124455507156,40.49159925326696,0.5320472930927194,2.5482265090230243,0.3080273802115744,1.2881144990665836,9.716863721219664,5.37647790914748,0.7560672059738643,0.3920348475420038,1.4281269446172993,1.652146857498444,1.2041070317361544,0.0,0.2800248911014312,0.0,20.833333333333336,55.3314121037464,51.85185185185185,1,1.8491732743650824
15881,Morten Frendrup,2025,M,135,Serie A,495,Genoa,3089.0,36,6.952541275493688,87.84194528875379,1.0,0.0,7.0,3.0,1316.0,15.0,99.0,12.0,41.0,286.0,173.0,14.0,8.0,24.0,39.0,40.0,0.0,5,0,0.029135642602784,0.0,0.2039494982194885,0.0874069278083522,38.34250566526384,0.4370346390417611,2.8844286176756238,0.3496277112334088,1.194561346714147,8.332793784396245,5.040466170281644,0.407898996438977,0.2330851408222725,0.6992554224668177,1.136290061508579,1.165425704111363,0.0,0.1456782130139203,0.0,42.85714285714285,60.48951048951049,57.14285714285714,1,2.133034559436358
15908,Mikkel Damsgaard,2025,M,39,Premier League,55,Brentford,2078.0,33,7.0614533205004815,76.34069400630915,4.0,4.0,24.0,11.0,951.0,42.0,57.0,4.0,25.0,269.0,116.0,51.0,18.0,43.0,23.0,19.0,4.0,0,0,0.1732435033686236,0.1732435033686236,1.039461020211742,0.4764196342637151,41.18864292589028,1.8190567853705488,2.468719923002888,0.1732435033686236,1.082771896053898,11.65062560153994,5.024061597690086,2.208854667949952,0.7795957651588065,1.8623676612127045,0.996150144369586,0.8229066410009624,0.1732435033686236,0.0,0.0,45.83333333333333,43.12267657992565,35.294117647058826,1,2.186926712518346
15909,Martin Frese,2025,M,135,Serie A,504,Hellas Verona,2412.0,31,6.797553897180761,75.06963788300835,2.0,0.0,18.0,11.0,718.0,31.0,84.0,10.0,29.0,244.0,144.0,8.0,0.0,22.0,20.0,46.0,4.0,8,0,0.0746268656716418,0.0,0.6716417910447761,0.4104477611940298,26.7910447761194,1.156716417910448,3.1343283582089554,0.373134328358209,1.082089552238806,9.1044776119403,5.3731343283582085,0.2985074626865672,0.0,0.8208955223880597,0.746268656716418,1.7164179104477613,0.1492537313432836,0.2985074626865672,0.0,61.11111111111112,59.01639344262295,0.0,1,2.313912194678078
15911,Mohammed Kudus,2025,M,39,Premier League,47,Tottenham,1545.0,19,6.916763754045308,85.58558558558559,2.0,5.0,16.0,9.0,444.0,25.0,29.0,0.0,3.0,263.0,107.0,102.0,52.0,12.0,15.0,23.0,10.0,3,0,0.116504854368932,0.2912621359223301,0.9320388349514565,0.5242718446601942,25.864077669902912,1.4563106796116505,1.6893203883495145,0.0,0.174757281553398,15.320388349514564,6.233009708737864,5.941747572815535,3.029126213592233,0.6990291262135923,0.8737864077669902,1.3398058252427183,0.5825242718446603,0.174757281553398,0.0,56.25,40.68441064638783,50.98039215686274,0,3.340599216688021
18592,Iliman Ndiaye,2025,M,39,Premier League,45,Everton,2786.0,32,6.878356066044509,83.95324123273113,6.0,3.0,30.0,22.0,941.0,30.0,70.0,2.0,16.0,409.0,191.0,134.0,73.0,27.0,37.0,30.0,12.0,2,0,0.1938262742282842,0.0969131371141421,0.9691313711414214,0.7106963388370423,30.398420674802587,0.9691313711414214,2.261306532663317,0.0646087580760947,0.5168700646087581,13.212491026561375,6.170136396267049,4.328786791098349,2.358219669777459,0.8722182340272793,1.1952620244077532,0.9691313711414214,0.3876525484565685,0.0646087580760947,0.0,73.33333333333333,46.69926650366748,54.47761194029851,0,2.237483672404899
18746,Morgan Gibbs-White,2025,M,39,Premier League,65,Nottingham Forest,3110.0,37,6.931157556270096,81.12582781456953,15.0,4.0,59.0,32.0,1208.0,49.0,20.0,3.0,13.0,322.0,130.0,63.0,30.0,22.0,41.0,26.0,5.0,1,0,0.4340836012861737,0.1157556270096463,1.707395498392283,0.9260450160771704,34.958199356913184,1.4180064308681672,0.5787781350482315,0.0868167202572347,0.3762057877813505,9.318327974276528,3.762057877813505,1.8231511254019293,0.8681672025723474,0.6366559485530547,1.1864951768488747,0.752411575562701,0.1446945337620578,0.0289389067524115,0.0,54.23728813559322,40.37267080745342,47.61904761904761,0,2.0274833181595358
18806,Will Hughes,2025,M,39,Premier League,52,Crystal Palace,1577.0,31,6.855076142131979,81.38847858197931,0.0,0.0,10.0,0.0,678.0,21.0,27.0,8.0,15.0,160.0,79.0,18.0,11.0,15.0,25.0,23.0,0.0,7,0,0.0,0.0,0.570703868103995,0.0,38.69372225745086,1.1984781230183892,1.5409004438807865,0.4565630944831959,0.8560558021559924,9.13126188966392,4.508560558021561,1.0272669625871909,0.6277742549143944,0.8560558021559924,1.4267596702599872,1.3126188966391883,0.0,0.3994927076727964,0.0,0.0,49.375,61.11111111111112,1,1.0698331176784643
18821,Grady Diangana,2025,M,140,La Liga,797,Elche,929.0,20,6.435844994617868,83.6734693877551,1.0,0.0,7.0,2.0,294.0,10.0,14.0,3.0,4.0,121.0,49.0,32.0,10.0,6.0,19.0,15.0,5.0,3,0,0.0968783638320775,0.0,0.6781485468245425,0.193756727664155,28.482238966630785,0.9687836383207752,1.356297093649085,0.2906350914962325,0.38751345532831,11.72228202368138,4.747039827771798,3.10010764262648,0.9687836383207752,0.581270182992465,1.8406889128094728,1.4531754574811624,0.4843918191603875,0.2906350914962325,0.0,28.57142857142857,40.49586776859504,31.25,0,1.732847957819025
18870,David Brooks,2025,M,39,Premier League,35,Bournemouth,1220.0,31,6.690573770491804,77.07865168539327,1.0,3.0,31.0,13.0,445.0,26.0,19.0,0.0,4.0,133.0,55.0,41.0,17.0,20.0,13.0,11.0,2.0,6,0,0.0737704918032786,0.2213114754098361,2.2868852459016398,0.9590163934426228,32.82786885245902,1.9180327868852456,1.4016393442622952,0.0,0.2950819672131147,9.811475409836063,4.057377049180328,3.024590163934426,1.2540983606557377,1.475409836065574,0.9590163934426228,0.8114754098360656,0.1475409836065573,0.4426229508196722,0.0,41.935483870967744,41.35338345864661,41.46341463414634,0,2.2561985961441633
18872,Lewis Cook,2025,M,39,Premier League,35,Bournemouth,905.0,18,7.055038759689923,86.49193548387096,0.0,1.0,2.0,0.0,498.0,11.0,25.0,6.0,24.0,77.0,42.0,4.0,3.0,7.0,5.0,8.0,0.0,1,1,0.0,0.0994475138121547,0.1988950276243094,0.0,49.52486187845304,1.0939226519337018,2.4861878453038675,0.5966850828729282,2.386740331491713,7.657458563535911,4.176795580110498,0.3977900552486188,0.2983425414364641,0.6961325966850829,0.4972375690607734,0.7955801104972376,0.0,0.0994475138121547,0.0994475138121547,0.0,54.54545454545454,75.0,1,3.8888941692219974
18901,Sean Longstaff,2025,M,39,Premier League,63,Leeds,1046.0,23,7.0392138063279,84.59821428571429,2.0,2.0,13.0,4.0,448.0,25.0,38.0,6.0,12.0,130.0,67.0,7.0,2.0,22.0,17.0,13.0,1.0,2,0,0.1720841300191204,0.1720841300191204,1.118546845124283,0.3441682600382409,38.54684512428299,2.1510516252390057,3.269598470363289,0.5162523900573613,1.032504780114723,11.18546845124283,5.764818355640536,0.6022944550669217,0.1720841300191204,1.892925430210325,1.462715105162524,1.118546845124283,0.0860420650095602,0.1720841300191204,0.0,30.76923076923077,51.53846153846153,28.57142857142857,1,3.0981209247629593
18929,Dwight McNeil,2025,M,39,Premier League,45,Everton,1189.0,22,6.703027754415475,81.48148148148148,0.0,1.0,12.0,5.0,324.0,15.0,23.0,3.0,10.0,103.0,44.0,14.0,7.0,12.0,7.0,11.0,2.0,1,0,0.0,0.0756938603868797,0.9083263246425568,0.3784693019343986,24.524810765349034,1.135407905803196,1.740958788898234,0.2270815811606392,0.7569386038687973,7.796467619848612,3.330529857022708,1.0597140454163163,0.5298570227081582,0.9083263246425568,0.5298570227081582,0.8326324642556769,0.1513877207737594,0.0756938603868797,0.0,41.66666666666667,42.71844660194174,50.0,1,1.7746848148065788
18970,Pascal Groß,2025,M,39,Premier League,51,Brighton,2254.0,30,7.014995563442768,86.3013698630137,1.0,4.0,16.0,10.0,1533.0,50.0,37.0,4.0,18.0,173.0,79.0,21.0,11.0,20.0,16.0,27.0,4.0,2,0,0.0399290150842945,0.1597160603371783,0.6388642413487134,0.3992901508429459,61.2111801242236,1.9964507542147292,1.4773735581188996,0.1597160603371783,0.7187222715173025,6.907719609582964,3.1543921916592725,0.8385093167701864,0.4392191659272405,0.7985803016858918,0.6388642413487134,1.078083407275954,0.1597160603371783,0.0798580301685891,0.0,62.5,45.664739884393065,52.38095238095239,1,2.355269254119957
19030,Matt O'Riley,2025,M,61,Ligue 1,51,Brighton,942.0,21,6.806602768903088,88.13229571984435,2.0,2.0,10.0,5.0,514.0,17.0,23.0,4.0,6.0,83.0,31.0,8.0,2.0,10.0,2.0,17.0,2.0,2,0,0.1910828025477706,0.1910828025477706,0.9554140127388534,0.4777070063694267,49.10828025477707,1.6242038216560508,2.1974522292993632,0.3821656050955413,0.5732484076433121,7.929936305732483,2.961783439490446,0.7643312101910827,0.1910828025477706,0.9554140127388534,0.1910828025477706,1.6242038216560508,0.1910828025477706,0.1910828025477706,0.0,50.0,37.34939759036144,25.0,1,2.0119758618865324
19071,Emiliano Buendía,2025,M,39,Premier League,66,Aston Villa,1784.0,36,6.838565022421525,81.34556574923548,6.0,2.0,36.0,13.0,655.0,30.0,49.0,4.0,15.0,276.0,124.0,29.0,9.0,22.0,45.0,41.0,1.0,6,0,0.3026905829596413,0.100896860986547,1.8161434977578477,0.6558295964125561,33.043721973094165,1.5134529147982063,2.471973094170404,0.2017937219730941,0.7567264573991032,13.923766816143498,6.25560538116592,1.4630044843049326,0.4540358744394618,1.109865470852018,2.2701793721973096,2.0683856502242155,0.0504484304932735,0.3026905829596413,0.0,36.11111111111111,44.927536231884055,31.03448275862069,0,2.5063615842559854
19170,Morgan Rogers,2025,M,39,Premier League,66,Aston Villa,3285.0,37,6.841248097412481,74.60168697282099,10.0,6.0,58.0,32.0,1067.0,47.0,42.0,3.0,13.0,441.0,158.0,118.0,42.0,23.0,49.0,46.0,3.0,7,0,0.273972602739726,0.1643835616438356,1.589041095890411,0.8767123287671234,29.232876712328768,1.2876712328767124,1.1506849315068497,0.0821917808219178,0.3561643835616438,12.08219178082192,4.328767123287672,3.2328767123287667,1.1506849315068497,0.6301369863013698,1.3424657534246576,1.2602739726027397,0.0821917808219178,0.1917808219178082,0.0,55.172413793103445,35.827664399092974,35.59322033898305,0,1.0843522936943168
19187,Jack Grealish,2025,M,39,Premier League,45,Everton,1631.0,20,7.27621091354997,83.97212543554006,2.0,6.0,14.0,8.0,574.0,40.0,21.0,6.0,12.0,210.0,106.0,57.0,23.0,10.0,58.0,13.0,0.0,5,1,0.1103617412630288,0.3310852237890864,0.7725321888412017,0.4414469650521152,31.673819742489272,2.2072348252605765,1.158798283261803,0.3310852237890864,0.6621704475781729,11.587982832618025,5.849172286940528,3.1453096259963216,1.2691600245248311,0.5518087063151441,3.200490496627836,0.7173513182096873,0.0,0.275904353157572,0.0551808706315144,57.14285714285714,50.47619047619048,40.35087719298245,0,2.938447118577785
19191,John McGinn,2025,M,39,Premier League,66,Aston Villa,2169.0,30,6.976717381281697,82.33731739707835,5.0,4.0,21.0,12.0,753.0,41.0,29.0,5.0,12.0,239.0,107.0,39.0,19.0,14.0,48.0,31.0,0.0,5,0,0.2074688796680498,0.1659751037344398,0.8713692946058091,0.4979253112033195,31.244813278008294,1.7012448132780082,1.2033195020746887,0.2074688796680498,0.4979253112033195,9.91701244813278,4.439834024896266,1.6182572614107882,0.7883817427385892,0.5809128630705394,1.991701244813278,1.2863070539419086,0.0,0.2074688796680498,0.0,57.14285714285714,44.76987447698745,48.71794871794872,0,1.6822471385184867
19192,Jacob Ramsey,2025,M,39,Premier League,34,Newcastle,1465.0,28,6.722336065573771,89.80169971671388,2.0,3.0,10.0,4.0,706.0,22.0,41.0,4.0,9.0,144.0,79.0,30.0,15.0,13.0,14.0,16.0,2.0,5,1,0.1228668941979522,0.1843003412969283,0.6143344709897611,0.2457337883959044,43.37201365187713,1.3515358361774743,2.5187713310580206,0.2457337883959044,0.552901023890785,8.84641638225256,4.853242320819112,1.8430034129692832,0.9215017064846416,0.7986348122866894,0.8600682593856654,0.9829351535836176,0.1228668941979522,0.3071672354948805,0.0614334470989761,40.0,54.86111111111112,50.0,1,1.5193803867741045
19201,Jayden Bogle,2025,M,39,Premier League,63,Leeds,2809.0,34,6.609896760412958,76.2443438914027,1.0,2.0,11.0,4.0,884.0,21.0,66.0,5.0,33.0,303.0,138.0,57.0,19.0,26.0,29.0,39.0,10.0,6,0,0.0320398718405126,0.0640797436810252,0.352438590245639,0.1281594873620505,28.323246707013173,0.6728373086507654,2.1146315414738344,0.1601993592025632,1.0573157707369172,9.70808116767533,4.421502313990744,1.8262726949092205,0.6087575649697402,0.8330366678533286,0.9291562833748666,1.249555001779993,0.3203987184051264,0.1922392310430758,0.0,36.36363636363637,45.54455445544555,33.33333333333333,1,1.5893274377006823
19221,Harry Wilson,2025,M,39,Premier League,36,Fulham,2692.0,36,7.177934621099553,81.33848133848134,10.0,7.0,51.0,25.0,777.0,39.0,29.0,3.0,15.0,184.0,89.0,33.0,18.0,24.0,37.0,13.0,13.0,7,0,0.3343239227340267,0.2340267459138187,1.7050520059435363,0.8358098068350669,25.97696879643388,1.3038632986627043,0.9695393759286776,0.100297176820208,0.5014858841010401,6.151560178306092,2.975482912332838,1.1032689450222883,0.6017830609212481,0.8023774145616641,1.236998514115899,0.4346210995542348,0.4346210995542348,0.2340267459138187,0.0,49.01960784313725,48.369565217391305,54.54545454545454,0,2.7827142397336453
19245,Marcus Tavernier,2025,M,39,Premier League,35,Bournemouth,2738.0,34,6.862783053323594,83.59929078014184,7.0,4.0,51.0,24.0,1128.0,55.0,40.0,6.0,17.0,319.0,138.0,89.0,39.0,21.0,35.0,30.0,4.0,6,0,0.2300949598246895,0.1314828341855368,1.6764061358655953,0.7888970051132214,37.078159240321405,1.807888970051132,1.314828341855369,0.1972242512783053,0.5588020452885318,10.485756026296569,4.536157779401022,2.925493060628196,1.2819576333089846,0.6902848794740687,1.150474799123448,0.9861212563915266,0.1314828341855368,0.1972242512783053,0.0,47.05882352941176,43.260188087774296,43.82022471910113,0,1.130178773461762
19281,Antoine Semenyo,2025,M,39,Premier League,50,Manchester City,3200.0,37,7.05234375,80.02136752136752,17.0,4.0,69.0,41.0,936.0,39.0,45.0,7.0,13.0,450.0,179.0,128.0,54.0,20.0,21.0,56.0,19.0,7,0,0.478125,0.1125,1.940625,1.153125,26.325,1.096875,1.265625,0.196875,0.365625,12.65625,5.034375,3.6,1.51875,0.5625,0.590625,1.5750000000000002,0.534375,0.196875,0.0,59.42028985507246,39.77777777777778,42.1875,0,2.2746771040372513
19428,Jarrod Bowen,2025,M,39,Premier League,48,West Ham,3405.0,38,6.993215859030838,73.86363636363636,9.0,11.0,50.0,28.0,792.0,45.0,49.0,7.0,27.0,429.0,184.0,119.0,53.0,28.0,49.0,19.0,17.0,4,0,0.237885462555066,0.2907488986784141,1.3215859030837005,0.7400881057268722,20.93392070484581,1.1894273127753303,1.2951541850220265,0.185022026431718,0.7136563876651982,11.33920704845815,4.863436123348017,3.145374449339206,1.4008810572687225,0.7400881057268722,1.2951541850220265,0.5022026431718062,0.4493392070484582,0.105726872246696,0.0,56.00000000000001,42.89044289044289,44.537815126050425,0,1.2993901831678158
19586,Eberechi Eze,2025,M,39,Premier League,42,Arsenal,1900.0,33,7.076473684210526,84.83483483483484,7.0,2.0,39.0,20.0,666.0,16.0,19.0,1.0,11.0,188.0,98.0,49.0,29.0,7.0,40.0,16.0,1.0,1,0,0.331578947368421,0.0947368421052631,1.8473684210526315,0.9473684210526316,31.54736842105263,0.7578947368421053,0.9,0.0473684210526315,0.5210526315789474,8.905263157894737,4.642105263157895,2.3210526315789477,1.3736842105263156,0.331578947368421,1.894736842105263,0.7578947368421053,0.0473684210526315,0.0473684210526315,0.0,51.28205128205128,52.12765957446809,59.18367346938776,0,2.0745685423323463
19617,Michael Olise,2025,M,78,Bundesliga,157,Bayern München,2317.0,32,7.92473025463962,84.08215661103979,15.0,19.0,71.0,50.0,1558.0,81.0,24.0,1.0,13.0,330.0,155.0,138.0,65.0,28.0,58.0,32.0,7.0,8,0,0.5826499784203711,0.7380233059991369,2.75787656452309,1.9421665947345708,60.517911091929214,3.1463098834700043,0.932239965472594,0.0388433318946914,0.5049633146309883,12.818299525248165,6.020716443677169,5.360379801467415,2.5248165731549417,1.0876132930513596,2.252913249892102,1.2429866206301252,0.2719033232628399,0.3107466551575313,0.0,70.4225352112676,46.96969696969697,47.10144927536232,0,4.741598663854008
19824,Jordan Zemura,2025,M,135,Serie A,494,Udinese,1128.0,17,6.569060283687943,73.57357357357357,0.0,1.0,4.0,1.0,333.0,12.0,31.0,4.0,7.0,141.0,58.0,30.0,9.0,10.0,11.0,26.0,2.0,3,0,0.0,0.0797872340425532,0.3191489361702128,0.0797872340425532,26.569148936170212,0.9574468085106382,2.473404255319149,0.3191489361702128,0.5585106382978724,11.25,4.627659574468085,2.393617021276596,0.7180851063829786,0.797872340425532,0.8776595744680851,2.074468085106383,0.1595744680851064,0.2393617021276595,0.0,25.0,41.13475177304964,30.0,1,2.339016380795465
19827,Josh Cullen,2025,M,39,Premier League,44,Burnley,1519.0,18,6.926267281105989,84.06466512702079,2.0,2.0,7.0,6.0,866.0,13.0,31.0,11.0,22.0,121.0,66.0,6.0,2.0,12.0,18.0,16.0,0.0,2,0,0.1184990125082291,0.1184990125082291,0.4147465437788018,0.3554970375246873,51.3100724160632,0.7702435813034891,1.8367346938775508,0.65174456879526,1.30348913759052,7.169190256747861,3.91046741277156,0.3554970375246873,0.1184990125082291,0.7109940750493746,1.066491112574062,0.9479921000658328,0.0,0.1184990125082291,0.0,85.71428571428571,54.54545454545454,33.33333333333333,1,1.471990305297721
20525,Matthieu Udol,2025,M,61,Ligue 1,116,Lens,3003.0,34,7.027639027639028,83.46153846153847,1.0,7.0,38.0,17.0,1300.0,56.0,51.0,8.0,51.0,269.0,128.0,41.0,15.0,23.0,27.0,30.0,2.0,2,0,0.0299700299700299,0.2097902097902098,1.138861138861139,0.5094905094905094,38.96103896103896,1.6783216783216783,1.5284715284715285,0.2397602397602397,1.5284715284715285,8.061938061938063,3.836163836163836,1.228771228771229,0.4495504495504495,0.6893106893106893,0.8091908091908093,0.8991008991008991,0.0599400599400599,0.0599400599400599,0.0,44.73684210526316,47.58364312267658,36.58536585365854,1,2.1343521300313304
20529,Gauthier Hein,2025,M,61,Ligue 1,112,Metz,2354.0,29,7.022939677145285,89.82578397212544,8.0,7.0,26.0,13.0,1435.0,58.0,18.0,2.0,8.0,148.0,51.0,22.0,9.0,21.0,17.0,15.0,4.0,3,1,0.3058623619371283,0.2676295666949873,0.9940526762956668,0.4970263381478334,54.86406117247239,2.21750212404418,0.6881903143585387,0.076465590484282,0.3058623619371283,5.658453695836873,1.9498725573491928,0.8411214953271028,0.3440951571792693,0.8028887000849617,0.6499575191163975,0.5734919286321155,0.1529311809685641,0.1146983857264231,0.038232795242141,50.0,34.45945945945946,40.909090909090914,1,3.5261898043700035
20554,Haris Belkebla,2025,M,61,Ligue 1,77,Angers,2880.0,33,6.76875,87.27272727272727,0.0,0.0,3.0,0.0,1265.0,16.0,72.0,8.0,32.0,266.0,162.0,34.0,18.0,30.0,54.0,24.0,0.0,7,0,0.0,0.0,0.09375,0.0,39.53125,0.5,2.25,0.25,1.0,8.3125,5.0625,1.0625,0.5625,0.9375,1.6875,0.75,0.0,0.21875,0.0,0.0,60.90225563909775,52.94117647058824,1,1.8309643544620182
20558,Hugo Magnetti,2025,M,61,Ligue 1,106,Stade Brestois 29,2697.0,33,6.837597330367075,84.21052631578947,1.0,1.0,13.0,5.0,1121.0,18.0,70.0,3.0,45.0,227.0,133.0,27.0,17.0,33.0,33.0,31.0,0.0,5,0,0.0333704115684093,0.0333704115684093,0.4338153503893215,0.1668520578420467,37.40823136818688,0.6006674082313682,2.335928809788654,0.100111234705228,1.5016685205784204,7.575083426028922,4.438264738598443,0.9010011123470524,0.5672969966629589,1.1012235817575085,1.1012235817575085,1.0344827586206895,0.0,0.1668520578420467,0.0,38.46153846153847,58.590308370044056,62.96296296296296,1,1.8261983720208579
20638,Enzo Le Fée,2025,M,39,Premier League,746,Sunderland,2944.0,36,6.956555706521739,81.40161725067385,5.0,6.0,24.0,12.0,1113.0,53.0,89.0,12.0,29.0,342.0,157.0,46.0,13.0,39.0,37.0,31.0,4.0,5,0,0.1528532608695652,0.1834239130434782,0.733695652173913,0.3668478260869565,34.02513586956522,1.6202445652173914,2.7207880434782608,0.3668478260869565,0.8865489130434783,10.455163043478262,4.799592391304348,1.40625,0.3974184782608695,1.1922554347826086,1.1311141304347827,0.9476902173913044,0.1222826086956521,0.1528532608695652,0.0,50.0,45.90643274853801,28.26086956521739,1,1.817200910678558
20665,Jean-Ricner Bellegarde,2025,M,39,Premier League,39,Wolves,1251.0,26,6.800079936051159,79.34272300469483,1.0,1.0,15.0,7.0,426.0,14.0,28.0,3.0,10.0,170.0,94.0,30.0,18.0,3.0,41.0,20.0,0.0,5,0,0.0719424460431654,0.0719424460431654,1.079136690647482,0.5035971223021583,30.647482014388487,1.0071942446043165,2.014388489208633,0.2158273381294964,0.7194244604316546,12.23021582733813,6.762589928057554,2.158273381294964,1.2949640287769786,0.2158273381294964,2.949640287769784,1.4388489208633093,0.0,0.3597122302158273,0.0,46.66666666666666,55.294117647058826,60.0,0,2.5257548381409753
20692,Himad Abdelli,2025,M,61,Ligue 1,81,Marseille,1096.0,21,6.996438356164385,87.58815232722144,2.0,0.0,11.0,6.0,709.0,9.0,24.0,3.0,16.0,119.0,60.0,33.0,15.0,7.0,12.0,19.0,1.0,2,0,0.1642335766423357,0.0,0.9032846715328468,0.4927007299270073,58.22080291970803,0.739051094890511,1.9708029197080288,0.2463503649635036,1.313868613138686,9.77189781021898,4.927007299270073,2.70985401459854,1.2317518248175183,0.5748175182481752,0.9854014598540146,1.5602189781021898,0.0821167883211678,0.1642335766423357,0.0,54.54545454545454,50.42016806722689,45.45454545454545,1,1.9418171392224723
20696,Pape Gueye,2025,M,140,La Liga,533,Villarreal,2143.0,30,7.172795146990201,80.63021316033364,5.0,2.0,37.0,13.0,1079.0,25.0,40.0,9.0,34.0,228.0,133.0,29.0,15.0,8.0,54.0,35.0,2.0,8,0,0.2099860009332711,0.0839944003733084,1.5538964069062062,0.5459636024265049,45.31497900139991,1.0499300046663556,1.6798880074661688,0.377974801679888,1.4279048063462436,9.575361642557162,5.585627624825012,1.2179188054129724,0.6299580027998134,0.3359776014932338,2.267848810079328,1.4699020065328978,0.0839944003733084,0.3359776014932338,0.0,35.13513513513514,58.333333333333336,51.72413793103448,1,2.8337661828224796
20704,Alimami Gory,2025,M,61,Ligue 1,114,Paris FC,988.0,24,6.631477732793522,82.35294117647058,5.0,1.0,14.0,6.0,221.0,6.0,19.0,1.0,8.0,97.0,47.0,13.0,4.0,9.0,16.0,11.0,8.0,3,0,0.4554655870445344,0.0910931174089068,1.2753036437246963,0.5465587044534413,20.13157894736842,0.5465587044534413,1.7307692307692308,0.0910931174089068,0.728744939271255,8.836032388663968,4.281376518218623,1.1842105263157894,0.3643724696356275,0.8198380566801619,1.45748987854251,1.0020242914979756,0.728744939271255,0.2732793522267207,0.0,42.85714285714285,48.45360824742268,30.76923076923077,1,2.383250912795651
20844,Haissem Hassan,2025,M,140,La Liga,718,Oviedo,1943.0,37,6.849562532166752,80.48289738430584,0.0,3.0,24.0,8.0,497.0,20.0,39.0,0.0,6.0,256.0,126.0,124.0,60.0,33.0,25.0,12.0,3.0,1,0,0.0,0.1389603705609881,1.1116829644879054,0.3705609881626351,23.021101389603704,0.9264024704065876,1.806484817292846,0.0,0.2779207411219763,11.857951621204323,5.836335563561502,5.743695316520844,2.779207411219763,1.52856407617087,1.1580030880082348,0.5558414822439527,0.1389603705609881,0.0463201235203293,0.0,33.33333333333333,49.21875,48.38709677419355,0,2.808666901886555
20917,Laurent Abergel,2025,M,61,Ligue 1,97,Lorient,2324.0,28,6.920826161790017,88.11524609843937,1.0,0.0,13.0,5.0,1666.0,16.0,35.0,4.0,27.0,176.0,88.0,24.0,9.0,29.0,27.0,24.0,1.0,7,0,0.0387263339070568,0.0,0.5034423407917383,0.1936316695352839,64.51807228915663,0.6196213425129088,1.355421686746988,0.1549053356282272,1.0456110154905336,6.815834767641997,3.4079173838209984,0.9294320137693632,0.3485370051635112,1.123063683304647,1.0456110154905336,0.9294320137693632,0.0387263339070568,0.2710843373493976,0.0,38.46153846153847,50.0,37.5,1,1.9890055037027872
21004,Lucien Agoumé,2025,M,140,La Liga,536,Sevilla,2693.0,34,6.834274043817304,81.02918586789555,1.0,3.0,9.0,2.0,1302.0,29.0,70.0,5.0,48.0,298.0,151.0,22.0,11.0,18.0,16.0,58.0,8.0,11,0,0.0334199777200148,0.1002599331600445,0.3007797994801336,0.0668399554400297,43.51281099145934,0.9691793538804306,2.33939844040104,0.1670998886000742,1.604158930560713,9.959153360564423,5.046416635722243,0.7352395098403267,0.3676197549201633,0.6015595989602673,0.5347196435202376,1.9383587077608613,0.2673598217601188,0.3676197549201633,0.0,22.22222222222222,50.67114093959732,50.0,1,2.058321424950509
21010,Elisha Owusu,2025,M,61,Ligue 1,108,Auxerre,2353.0,29,6.812919677008074,81.04046242774567,0.0,0.0,4.0,0.0,865.0,12.0,69.0,9.0,26.0,219.0,114.0,13.0,10.0,20.0,22.0,49.0,0.0,7,0,0.0,0.0,0.1529961750956226,0.0,33.08542286442839,0.4589885252868678,2.63918402039949,0.3442413939651508,0.9944751381215468,8.376540586485337,4.360390990225245,0.4972375690607734,0.3824904377390565,0.764980875478113,0.8414789630259244,1.874203144921377,0.0,0.2677433064173395,0.0,0.0,52.05479452054794,76.92307692307693,1,1.9572559316159763
21087,Batista Mendy,2025,M,140,La Liga,536,Sevilla,1624.0,27,6.699876695437732,86.52373660030628,1.0,0.0,10.0,5.0,653.0,9.0,35.0,5.0,18.0,175.0,87.0,17.0,10.0,15.0,27.0,37.0,0.0,6,0,0.0554187192118226,0.0,0.5541871921182266,0.2770935960591133,36.1884236453202,0.4987684729064039,1.9396551724137927,0.2770935960591133,0.997536945812808,9.698275862068964,4.821428571428571,0.9421182266009852,0.5541871921182266,0.83128078817734,1.496305418719212,2.0504926108374386,0.0,0.3325123152709359,0.0,50.0,49.71428571428572,58.82352941176471,1,1.3724502234525737
21102,Valentin Rongier,2025,M,61,Ligue 1,94,Rennes,2745.0,31,7.242622950819672,89.128305582762,2.0,5.0,16.0,10.0,2042.0,44.0,74.0,10.0,39.0,283.0,150.0,34.0,19.0,29.0,26.0,48.0,0.0,6,0,0.0655737704918032,0.1639344262295081,0.5245901639344263,0.3278688524590163,66.95081967213115,1.4426229508196722,2.4262295081967213,0.3278688524590163,1.278688524590164,9.278688524590164,4.918032786885246,1.1147540983606556,0.6229508196721312,0.9508196721311476,0.8524590163934426,1.5737704918032789,0.0,0.1967213114754098,0.0,62.5,53.003533568904594,55.88235294117647,1,2.0636185975304406
21497,Ludovic Blas,2025,M,61,Ligue 1,94,Rennes,1548.0,32,6.794444444444444,83.0246913580247,5.0,4.0,30.0,14.0,648.0,48.0,21.0,2.0,17.0,194.0,81.0,53.0,27.0,20.0,27.0,24.0,5.0,0,0,0.2906976744186046,0.2325581395348837,1.744186046511628,0.8139534883720929,37.674418604651166,2.7906976744186047,1.2209302325581397,0.1162790697674418,0.9883720930232558,11.27906976744186,4.709302325581396,3.081395348837209,1.569767441860465,1.1627906976744184,1.569767441860465,1.3953488372093024,0.2906976744186046,0.0,0.0,46.66666666666666,41.75257731958763,50.943396226415096,0,2.4853739617815185
21568,Ruben Aguilar,2025,M,61,Ligue 1,116,Lens,1736.0,26,7.041647465437789,84.375,2.0,2.0,10.0,3.0,864.0,26.0,38.0,11.0,28.0,132.0,73.0,14.0,7.0,14.0,12.0,26.0,5.0,6,1,0.1036866359447004,0.1036866359447004,0.5184331797235023,0.1555299539170507,44.7926267281106,1.347926267281106,1.9700460829493087,0.5702764976958525,1.4516129032258065,6.84331797235023,3.784562211981567,0.7258064516129032,0.3629032258064516,0.7258064516129032,0.6221198156682028,1.347926267281106,0.2592165898617511,0.3110599078341014,0.0518433179723502,30.0,55.3030303030303,50.0,1,1.6780516882447323
21587,Ellyes Skhiri,2025,M,78,Bundesliga,169,Eintracht Frankfurt,1450.0,25,6.762965517241379,88.02197802197801,0.0,0.0,6.0,0.0,910.0,7.0,20.0,6.0,26.0,124.0,64.0,12.0,7.0,11.0,13.0,11.0,0.0,3,1,0.0,0.0,0.3724137931034483,0.0,56.48275862068966,0.4344827586206897,1.2413793103448276,0.3724137931034483,1.6137931034482758,7.69655172413793,3.972413793103448,0.7448275862068966,0.4344827586206897,0.6827586206896552,0.8068965517241379,0.6827586206896552,0.0,0.1862068965517241,0.0620689655172413,0.0,51.61290322580645,58.333333333333336,1,2.468899502809613
21640,Jessy Deminguet,2025,M,61,Ligue 1,112,Metz,2021.0,31,6.764356435643564,89.1179839633448,2.0,0.0,13.0,7.0,873.0,4.0,44.0,2.0,22.0,200.0,97.0,21.0,10.0,17.0,32.0,28.0,0.0,4,0,0.0890648193963384,0.0,0.5789213260761998,0.3117268678871845,38.87679366650173,0.1781296387926769,1.9594260267194457,0.0890648193963384,0.9797130133597228,8.906481939633846,4.319643740722415,0.9351806036615538,0.4453240969816922,0.7570509648688768,1.4250371103414152,1.2469074715487385,0.0,0.1781296387926769,0.0,53.84615384615385,48.5,47.61904761904761,1,1.606433010428625
22007,Hassane Kamara,2025,M,135,Serie A,494,Udinese,1869.0,26,6.848100588550027,81.74386920980926,0.0,2.0,13.0,5.0,734.0,24.0,31.0,3.0,23.0,135.0,77.0,32.0,17.0,8.0,11.0,16.0,0.0,5,0,0.0,0.0963081861958266,0.6260032102728732,0.2407704654895666,35.34510433386838,1.1556982343499198,1.492776886035313,0.1444622792937399,1.1075441412520064,6.500802568218299,3.7078651685393256,1.5409309791332262,0.8186195826645264,0.3852327447833065,0.5296950240770465,0.7704654895666131,0.0,0.2407704654895666,0.0,38.46153846153847,57.03703703703704,53.125,1,1.5484998338160636
22147,Manu Koné,2025,M,135,Serie A,497,AS Roma,2459.0,29,7.054941032940221,90.43795620437956,2.0,3.0,12.0,5.0,1370.0,25.0,49.0,3.0,18.0,307.0,155.0,47.0,29.0,28.0,53.0,47.0,2.0,2,0,0.0732004880032533,0.10980073200488,0.4392029280195201,0.1830012200081333,50.14233428222855,0.9150061000406668,1.793411956079707,0.10980073200488,0.6588043920292802,11.236274908499391,5.673037820252135,1.7202114680764538,1.0614070760471737,1.024806832045547,1.9398129320862136,1.7202114680764538,0.0732004880032533,0.0732004880032533,0.0,41.66666666666667,50.4885993485342,61.70212765957447,1,2.0331684392663356
22149,Ibrahim Sangaré,2025,M,39,Premier League,65,Nottingham Forest,2080.0,28,6.97893217893218,86.82008368200836,2.0,2.0,14.0,5.0,956.0,12.0,59.0,19.0,25.0,230.0,111.0,23.0,11.0,24.0,18.0,42.0,0.0,5,0,0.0865384615384615,0.0865384615384615,0.6057692307692308,0.2163461538461538,41.36538461538461,0.5192307692307693,2.5528846153846154,0.8221153846153847,1.0817307692307694,9.951923076923077,4.802884615384615,0.9951923076923076,0.4759615384615385,1.0384615384615383,0.7788461538461539,1.8173076923076923,0.0,0.2163461538461538,0.0,35.714285714285715,48.26086956521739,47.82608695652174,1,1.4215978145886463
22170,Pierre Lees Melou,2025,M,61,Ligue 1,114,Paris FC,1966.0,24,6.964292980671414,82.72816486751718,1.0,3.0,20.0,6.0,1019.0,19.0,65.0,8.0,23.0,214.0,115.0,23.0,10.0,38.0,29.0,30.0,0.0,7,1,0.0457782299084435,0.1373346897253306,0.9155645981688708,0.2746693794506612,46.64801627670397,0.8697863682604272,2.97558494404883,0.3662258392675483,1.0528992878942014,9.796541200406915,5.264496439471007,1.0528992878942014,0.4577822990844354,1.7395727365208544,1.3275686673448626,1.3733468972533065,0.0,0.3204476093591047,0.0457782299084435,30.0,53.73831775700935,43.47826086956522,1,1.7569620676802145
22222,Zeki Çelik,2025,M,135,Serie A,497,AS Roma,2730.0,34,6.855311355311355,85.2264291017075,1.0,2.0,14.0,4.0,1347.0,28.0,64.0,6.0,22.0,249.0,125.0,36.0,8.0,23.0,18.0,35.0,3.0,2,1,0.0329670329670329,0.0659340659340659,0.4615384615384615,0.1318681318681318,44.40659340659341,0.9230769230769232,2.10989010989011,0.1978021978021978,0.7252747252747254,8.208791208791208,4.12087912087912,1.1868131868131868,0.2637362637362637,0.7582417582417582,0.5934065934065934,1.1538461538461535,0.0989010989010989,0.0659340659340659,0.0329670329670329,28.57142857142857,50.20080321285141,22.22222222222222,1,0.9970683094842155
22229,Jonathan Ikoné,2025,M,61,Ligue 1,114,Paris FC,1102.0,23,6.841560798548094,83.83838383838383,3.0,1.0,15.0,6.0,396.0,14.0,17.0,1.0,4.0,125.0,58.0,34.0,18.0,13.0,18.0,13.0,3.0,2,0,0.2450090744101633,0.0816696914700544,1.2250453720508168,0.4900181488203267,32.34119782214156,1.1433756805807622,1.3883847549909256,0.0816696914700544,0.3266787658802177,10.208711433756806,4.7368421052631575,2.7767695099818512,1.47005444646098,1.061705989110708,1.47005444646098,1.061705989110708,0.2450090744101633,0.1633393829401088,0.0,40.0,46.400000000000006,52.94117647058824,0,1.0318890183709217
22239,Cheikh Niasse,2025,M,135,Serie A,504,Hellas Verona,983.0,20,6.601119023397763,81.16343490304709,0.0,1.0,5.0,1.0,361.0,11.0,21.0,5.0,14.0,128.0,61.0,6.0,4.0,10.0,15.0,20.0,2.0,1,0,0.0,0.091556459816887,0.4577822990844354,0.091556459816887,33.05188199389624,1.007121057985758,1.9226856561546288,0.4577822990844354,1.281790437436419,11.719226856561546,5.584944048830112,0.5493387589013224,0.3662258392675483,0.9155645981688708,1.3733468972533065,1.8311291963377416,0.1831129196337741,0.091556459816887,0.0,20.0,47.65625,66.66666666666666,1,1.8191965150641491
22254,Youssouf Fofana,2025,M,135,Serie A,489,AC Milan,2217.0,33,6.609201623815967,82.68991282689913,2.0,3.0,36.0,18.0,803.0,36.0,41.0,4.0,19.0,192.0,80.0,38.0,13.0,20.0,16.0,21.0,0.0,4,0,0.081190798376184,0.121786197564276,1.4614343707713124,0.7307171853856562,32.598105548037886,1.4614343707713124,1.6644113667117728,0.162381596752368,0.7713125845737484,7.7943166441136675,3.247631935047361,1.5426251691474968,0.5277401894451962,0.8119079837618403,0.6495263870094723,0.8525033829499323,0.0,0.162381596752368,0.0,50.0,41.66666666666667,34.21052631578947,1,2.05416542115006
22261,Adrien Thomasson,2025,M,61,Ligue 1,116,Lens,2690.0,32,6.919479553903346,83.23442136498517,3.0,9.0,32.0,13.0,1348.0,81.0,99.0,4.0,19.0,389.0,180.0,44.0,19.0,65.0,43.0,54.0,4.0,11,0,0.1003717472118959,0.3011152416356877,1.070631970260223,0.4349442379182156,45.1003717472119,2.7100371747211898,3.312267657992565,0.1338289962825278,0.6356877323420075,13.014869888475838,6.022304832713754,1.4721189591078068,0.6356877323420075,2.1747211895910783,1.4386617100371748,1.8066914498141264,0.1338289962825278,0.3680297397769517,0.0,40.625,46.27249357326478,43.18181818181818,0,3.739400883684969
23363,Noah Cadiou,2025,M,61,Ligue 1,97,Lorient,1881.0,28,7.007017543859649,87.7147766323024,3.0,1.0,16.0,9.0,1164.0,11.0,24.0,13.0,23.0,153.0,68.0,26.0,13.0,14.0,13.0,27.0,0.0,2,0,0.1435406698564593,0.0478468899521531,0.7655502392344499,0.4306220095693779,55.69377990430623,0.5263157894736842,1.1483253588516746,0.6220095693779905,1.1004784688995215,7.320574162679425,3.253588516746412,1.244019138755981,0.6220095693779905,0.6698564593301435,0.6220095693779905,1.291866028708134,0.0,0.0956937799043062,0.0,56.25,44.44444444444444,50.0,1,1.8810870080593736
24147,Mahdi Camara,2025,M,61,Ligue 1,94,Rennes,2660.0,32,6.781842105263157,88.57630008525149,3.0,1.0,23.0,12.0,1173.0,23.0,62.0,9.0,32.0,272.0,140.0,62.0,25.0,18.0,28.0,39.0,4.0,5,1,0.1015037593984962,0.0338345864661654,0.7781954887218046,0.406015037593985,39.68796992481203,0.7781954887218046,2.097744360902256,0.3045112781954887,1.0827067669172934,9.203007518796992,4.7368421052631575,2.097744360902256,0.8458646616541353,0.6090225563909775,0.9473684210526316,1.3195488721804511,0.1353383458646616,0.169172932330827,0.0338345864661654,52.17391304347826,51.47058823529412,40.32258064516129,1,1.0246440609434866
24798,Chris Führich,2025,M,78,Bundesliga,172,VfB Stuttgart,1723.0,33,7.261462565293095,82.93515358361775,7.0,7.0,34.0,23.0,879.0,50.0,15.0,0.0,3.0,111.0,53.0,48.0,28.0,7.0,6.0,6.0,5.0,2,0,0.3656413232733604,0.3656413232733604,1.7759721416134648,1.2013929193267556,45.9141033081834,2.61172373766686,0.783517121300058,0.0,0.1567034242600116,5.79802669762043,2.768427161926872,2.5072547881601857,1.4625652930934416,0.3656413232733604,0.3134068485200232,0.3134068485200232,0.261172373766686,0.1044689495066744,0.0,67.64705882352942,47.74774774774775,58.333333333333336,0,3.8894696074256574
24806,Nikolas Nartey,2025,M,78,Bundesliga,172,VfB Stuttgart,1262.0,28,6.972597299444003,83.33333333333334,4.0,3.0,18.0,12.0,516.0,24.0,14.0,3.0,10.0,159.0,93.0,27.0,18.0,6.0,23.0,18.0,1.0,2,0,0.2852614896988906,0.2139461172741679,1.283676703645008,0.8557844690966719,36.79873217115689,1.711568938193344,0.9984152139461172,0.2139461172741679,0.7131537242472267,11.339144215530904,6.632329635499207,1.925515055467512,1.283676703645008,0.4278922345483359,1.6402535657686212,1.283676703645008,0.0713153724247226,0.1426307448494453,0.0,66.66666666666666,58.490566037735846,66.66666666666666,0,1.1818024169487993
24845,Julian Ryerson,2025,M,78,Bundesliga,165,Borussia Dortmund,2272.0,31,7.159709379128137,82.57993384785006,0.0,15.0,6.0,1.0,907.0,56.0,34.0,4.0,14.0,231.0,89.0,67.0,24.0,29.0,21.0,26.0,4.0,8,0,0.0,0.5941901408450704,0.2376760563380281,0.039612676056338,35.92869718309859,2.218309859154929,1.3468309859154928,0.1584507042253521,0.5545774647887324,9.150528169014084,3.525528169014085,2.654049295774648,0.9507042253521126,1.1487676056338028,0.8318661971830986,1.0299295774647887,0.1584507042253521,0.3169014084507042,0.0,16.666666666666664,38.52813852813853,35.82089552238806,1,2.8226552724946794
24848,Christopher Trimmel,2025,M,78,Bundesliga,182,Union Berlin,1875.0,29,7.067626666666667,68.04123711340206,0.0,3.0,2.0,1.0,679.0,53.0,38.0,9.0,11.0,119.0,63.0,6.0,1.0,11.0,9.0,27.0,0.0,8,0,0.0,0.144,0.096,0.048,32.592,2.544,1.824,0.4319999999999999,0.528,5.712000000000001,3.024,0.288,0.048,0.528,0.4319999999999999,1.296,0.0,0.384,0.0,50.0,52.94117647058824,16.666666666666664,1,3.40326771270984
24854,Grischa Prömel,2025,M,78,Bundesliga,167,1899 Hoffenheim,1752.0,33,6.914448886350657,82.00431034482759,7.0,2.0,34.0,14.0,928.0,16.0,36.0,5.0,16.0,190.0,97.0,15.0,6.0,11.0,28.0,23.0,1.0,5,0,0.3595890410958904,0.1027397260273972,1.7465753424657533,0.7191780821917808,47.67123287671232,0.821917808219178,1.8493150684931503,0.2568493150684931,0.821917808219178,9.76027397260274,4.982876712328767,0.7705479452054794,0.3082191780821918,0.5650684931506849,1.4383561643835616,1.1815068493150684,0.0513698630136986,0.2568493150684931,0.0,41.17647058823529,51.05263157894737,40.0,1,2.231680472004993
24880,Bakery Jatta,2025,M,78,Bundesliga,175,Hamburger SV,918.0,15,6.651960784313726,81.61434977578476,1.0,1.0,10.0,4.0,223.0,4.0,15.0,4.0,9.0,81.0,29.0,9.0,3.0,9.0,5.0,13.0,2.0,1,0,0.0980392156862745,0.0980392156862745,0.9803921568627452,0.3921568627450981,21.862745098039216,0.3921568627450981,1.4705882352941178,0.3921568627450981,0.8823529411764706,7.9411764705882355,2.843137254901961,0.8823529411764706,0.2941176470588235,0.8823529411764706,0.4901960784313726,1.2745098039215683,0.196078431372549,0.0980392156862745,0.0,40.0,35.80246913580247,33.33333333333333,1,2.2837004371701624
24904,Niklas Dorsch,2025,M,78,Bundesliga,180,1. FC Heidenheim,2270.0,32,6.938722466960352,88.79837067209776,0.0,1.0,9.0,3.0,982.0,24.0,59.0,6.0,20.0,191.0,112.0,24.0,12.0,18.0,27.0,30.0,1.0,2,0,0.0,0.039647577092511,0.3568281938325991,0.118942731277533,38.93392070484582,0.9515418502202644,2.33920704845815,0.237885462555066,0.7929515418502203,7.572687224669604,4.440528634361233,0.9515418502202644,0.4757709251101321,0.7136563876651982,1.0704845814977977,1.1894273127753303,0.039647577092511,0.079295154185022,0.0,33.33333333333333,58.63874345549738,50.0,1,1.1064213299885326
24955,Mathias Honsak,2025,M,78,Bundesliga,180,1. FC Heidenheim,1260.0,27,6.5692063492063495,74.24749163879598,2.0,1.0,24.0,8.0,300.0,12.0,21.0,1.0,18.0,157.0,66.0,38.0,15.0,10.0,15.0,11.0,9.0,1,0,0.1428571428571428,0.0714285714285714,1.7142857142857144,0.5714285714285714,21.428571428571427,0.8571428571428572,1.5,0.0714285714285714,1.2857142857142856,11.214285714285715,4.714285714285714,2.7142857142857144,1.0714285714285714,0.7142857142857142,1.0714285714285714,0.7857142857142857,0.6428571428571428,0.0714285714285714,0.0,33.33333333333333,42.038216560509554,39.47368421052632,0,2.5296000947465678
24963,Atakan Karazor,2025,M,78,Bundesliga,172,VfB Stuttgart,1898.0,28,6.819261213720317,85.0091407678245,0.0,1.0,5.0,2.0,1094.0,12.0,42.0,7.0,16.0,208.0,136.0,14.0,8.0,9.0,34.0,20.0,1.0,5,1,0.0,0.0474183350895679,0.2370916754478398,0.0948366701791359,51.87565858798735,0.5690200210748156,1.991570073761855,0.3319283456269757,0.7586933614330874,9.863013698630136,6.448893572181244,0.6638566912539515,0.3793466807165437,0.4267650158061117,1.612223393045311,0.9483667017913592,0.0474183350895679,0.2370916754478398,0.0474183350895679,40.0,65.38461538461539,57.14285714285714,1,1.714019061162128
25008,Jonathan Clauss,2025,M,61,Ligue 1,84,Nice,2710.0,32,7.01760147601476,80.27210884353741,2.0,6.0,18.0,7.0,1323.0,70.0,67.0,6.0,48.0,227.0,122.0,46.0,27.0,33.0,18.0,22.0,1.0,0,0,0.066420664206642,0.1992619926199262,0.5977859778597786,0.2324723247232472,43.93726937269373,2.3247232472324724,2.225092250922509,0.1992619926199262,1.5940959409594095,7.538745387453875,4.051660516605166,1.5276752767527677,0.896678966789668,1.095940959409594,0.5977859778597786,0.7306273062730627,0.033210332103321,0.0,0.0,38.88888888888889,53.74449339207048,58.69565217391305,1,2.788483593781267
25073,Vitaly Janelt,2025,M,39,Premier League,55,Brentford,1449.0,25,7.165976535541753,87.25247524752476,1.0,4.0,9.0,3.0,808.0,21.0,27.0,8.0,30.0,132.0,66.0,11.0,5.0,20.0,13.0,20.0,0.0,8,0,0.062111801242236,0.2484472049689441,0.5590062111801242,0.1863354037267081,50.1863354037267,1.3043478260869563,1.6770186335403727,0.4968944099378882,1.8633540372670807,8.198757763975156,4.099378881987578,0.6832298136645963,0.3105590062111801,1.2422360248447204,0.8074534161490683,1.2422360248447204,0.0,0.4968944099378882,0.0,33.33333333333333,50.0,45.45454545454545,1,2.4200324062767047
25300,Rani Khedira,2025,M,78,Bundesliga,182,Union Berlin,2835.0,32,6.672804232804233,66.61585365853658,5.0,1.0,15.0,10.0,656.0,16.0,59.0,5.0,37.0,249.0,117.0,13.0,3.0,18.0,18.0,52.0,2.0,7,0,0.1587301587301587,0.0317460317460317,0.4761904761904761,0.3174603174603174,20.825396825396822,0.507936507936508,1.8730158730158728,0.1587301587301587,1.1746031746031746,7.904761904761904,3.7142857142857135,0.4126984126984127,0.0952380952380952,0.5714285714285714,0.5714285714285714,1.650793650793651,0.0634920634920635,0.2222222222222222,0.0,66.66666666666666,46.98795180722892,23.07692307692308,1,2.1849631615371665
25313,Jan-Niklas Beste,2025,M,78,Bundesliga,160,SC Freiburg,1716.0,28,6.781468531468532,75.45638945233266,2.0,2.0,22.0,14.0,493.0,35.0,40.0,2.0,17.0,195.0,97.0,41.0,15.0,18.0,36.0,17.0,5.0,5,0,0.1048951048951049,0.1048951048951049,1.1538461538461535,0.7342657342657343,25.85664335664336,1.835664335664336,2.097902097902098,0.1048951048951049,0.8916083916083916,10.227272727272728,5.087412587412588,2.1503496503496504,0.7867132867132868,0.944055944055944,1.888111888111888,0.8916083916083916,0.2622377622377622,0.2622377622377622,0.0,63.63636363636363,49.74358974358975,36.58536585365854,0,1.7572388892397557
25353,Valentino Lazaro,2025,M,135,Serie A,503,Torino,2263.0,31,6.808528501988511,79.38388625592417,0.0,2.0,5.0,2.0,844.0,31.0,47.0,8.0,22.0,180.0,82.0,25.0,11.0,21.0,9.0,37.0,1.0,4,0,0.0,0.0795404330534688,0.1988510826336721,0.0795404330534688,33.56606274856385,1.2328767123287672,1.8692001767565176,0.3181617322138754,0.8749447635881573,7.158638974812196,3.2611577551922224,0.9942554131683606,0.4374723817940786,0.8351745470614229,0.3579319487406098,1.4714980114891736,0.0397702165267344,0.1590808661069377,0.0,40.0,45.55555555555556,44.0,1,1.6899407563254818
25380,Linton Maina,2025,M,78,Bundesliga,192,1. FC Köln,1029.0,24,6.789212827988338,84.640522875817,2.0,0.0,15.0,8.0,306.0,17.0,9.0,2.0,4.0,72.0,26.0,21.0,9.0,11.0,7.0,8.0,1.0,0,0,0.1749271137026239,0.0,1.3119533527696792,0.6997084548104956,26.76384839650145,1.4868804664723032,0.7871720116618076,0.1749271137026239,0.3498542274052478,6.297376093294461,2.2740524781341107,1.8367346938775508,0.7871720116618076,0.9620991253644317,0.6122448979591837,0.6997084548104956,0.0874635568513119,0.0,0.0,53.333333333333336,36.11111111111111,42.85714285714285,0,2.9133152708471526
25400,Yannick Gerhardt,2025,M,78,Bundesliga,161,VfL Wolfsburg,1143.0,20,6.606315789473685,81.85483870967742,1.0,0.0,8.0,2.0,496.0,8.0,15.0,10.0,9.0,132.0,53.0,12.0,2.0,7.0,16.0,22.0,1.0,1,0,0.0787401574803149,0.0,0.6299212598425197,0.1574803149606299,39.055118110236215,0.6299212598425197,1.1811023622047243,0.7874015748031497,0.7086614173228346,10.393700787401574,4.173228346456693,0.9448818897637796,0.1574803149606299,0.5511811023622047,1.2598425196850394,1.732283464566929,0.0787401574803149,0.0787401574803149,0.0,25.0,40.15151515151515,16.666666666666664,1,1.6890070708872007
25408,Maximilian Arnold,2025,M,78,Bundesliga,161,VfL Wolfsburg,1860.0,25,7.166182795698925,84.7424684159378,1.0,4.0,9.0,5.0,1029.0,29.0,22.0,12.0,24.0,116.0,64.0,8.0,5.0,14.0,26.0,17.0,0.0,5,0,0.0483870967741935,0.1935483870967742,0.4354838709677419,0.2419354838709677,49.79032258064516,1.4032258064516128,1.064516129032258,0.5806451612903226,1.1612903225806452,5.612903225806451,3.096774193548387,0.3870967741935484,0.2419354838709677,0.6774193548387097,1.2580645161290325,0.8225806451612904,0.0,0.2419354838709677,0.0,55.55555555555556,55.172413793103445,62.5,1,2.149272987892256
25413,Elvis Rexhbeçaj,2025,M,78,Bundesliga,170,FC Augsburg,1120.0,26,6.580267857142857,77.33990147783251,2.0,0.0,8.0,5.0,406.0,9.0,18.0,1.0,5.0,113.0,51.0,8.0,5.0,13.0,16.0,13.0,1.0,4,0,0.1607142857142857,0.0,0.6428571428571428,0.4017857142857142,32.625,0.7232142857142856,1.4464285714285712,0.0803571428571428,0.4017857142857142,9.080357142857142,4.098214285714286,0.6428571428571428,0.4017857142857142,1.0446428571428572,1.2857142857142856,1.0446428571428572,0.0803571428571428,0.3214285714285714,0.0,62.5,45.13274336283185,62.5,1,1.9288263615921026
25461,Kevin Stöger,2025,M,78,Bundesliga,163,Borussia Mönchengladbach,1341.0,29,6.834477611940298,82.66832917705736,1.0,1.0,18.0,7.0,802.0,26.0,37.0,2.0,14.0,147.0,71.0,14.0,3.0,17.0,29.0,23.0,0.0,3,0,0.0671140939597315,0.0671140939597315,1.2080536912751678,0.4697986577181208,53.8255033557047,1.74496644295302,2.4832214765100677,0.1342281879194631,0.9395973154362416,9.865771812080537,4.76510067114094,0.9395973154362416,0.2013422818791946,1.140939597315436,1.9463087248322144,1.5436241610738255,0.0,0.2013422818791946,0.0,38.88888888888889,48.29931972789115,21.428571428571427,1,2.3813982388194224
25638,Florian Neuhaus,2025,M,78,Bundesliga,163,Borussia Mönchengladbach,939.0,17,6.753354632587859,79.8780487804878,0.0,1.0,12.0,6.0,492.0,9.0,12.0,4.0,9.0,74.0,29.0,12.0,6.0,11.0,9.0,9.0,0.0,0,0,0.0,0.0958466453674121,1.1501597444089455,0.5750798722044728,47.15654952076677,0.8626198083067093,1.1501597444089455,0.3833865814696486,0.8626198083067093,7.092651757188499,2.779552715654952,1.1501597444089455,0.5750798722044728,1.0543130990415337,0.8626198083067093,0.8626198083067093,0.0,0.0,0.0,50.0,39.18918918918919,50.0,1,1.6775763551428433
25914,Aarón Martín,2025,M,135,Serie A,495,Genoa,2185.0,33,6.995183486238532,78.94021739130434,1.0,5.0,5.0,4.0,737.0,62.0,43.0,11.0,10.0,176.0,92.0,26.0,13.0,7.0,27.0,31.0,0.0,1,0,0.0411899313501144,0.205949656750572,0.205949656750572,0.1647597254004576,30.356979405034327,2.553775743707094,1.77116704805492,0.4530892448512585,0.4118993135011441,7.249427917620137,3.789473684210526,1.0709382151029747,0.5354691075514874,0.2883295194508009,1.1121281464530892,1.276887871853547,0.0,0.0411899313501144,0.0,80.0,52.27272727272727,50.0,1,3.173427888660586
25915,Phillipp Mwene,2025,M,78,Bundesliga,164,FSV Mainz 05,2072.0,29,6.852799227799228,75.59322033898304,1.0,2.0,9.0,2.0,592.0,18.0,29.0,9.0,15.0,173.0,82.0,16.0,8.0,20.0,32.0,22.0,3.0,4,0,0.0434362934362934,0.0868725868725868,0.3909266409266409,0.0868725868725868,25.71428571428571,0.7818532818532818,1.2596525096525095,0.3909266409266409,0.6515444015444015,7.514478764478764,3.5617760617760617,0.694980694980695,0.3474903474903475,0.8687258687258687,1.38996138996139,0.9555984555984556,0.1303088803088803,0.1737451737451737,0.0,22.22222222222222,47.39884393063584,50.0,1,2.1109493352974398
26248,Vincenzo Grifo,2025,M,78,Bundesliga,160,SC Freiburg,1720.0,33,7.076046511627908,82.10659898477158,7.0,4.0,20.0,12.0,788.0,41.0,10.0,1.0,14.0,81.0,38.0,16.0,10.0,10.0,12.0,10.0,2.0,0,0,0.3662790697674418,0.2093023255813953,1.0465116279069768,0.627906976744186,41.23255813953489,2.1453488372093026,0.5232558139534884,0.0523255813953488,0.7325581395348837,4.238372093023256,1.988372093023256,0.8372093023255813,0.5232558139534884,0.5232558139534884,0.627906976744186,0.5232558139534884,0.1046511627906976,0.0,0.0,60.0,46.913580246913575,62.5,1,3.4595833709830033
26249,Janik Haberer,2025,M,78,Bundesliga,182,Union Berlin,1658.0,28,6.695174909529554,76.27986348122867,0.0,1.0,3.0,1.0,586.0,21.0,35.0,3.0,8.0,179.0,81.0,16.0,6.0,21.0,21.0,24.0,1.0,8,0,0.0,0.0542822677925211,0.1628468033775633,0.0542822677925211,31.80940892641737,1.1399276236429434,1.8998793727382388,0.1628468033775633,0.4342581423401688,9.71652593486128,4.39686369119421,0.8685162846803377,0.3256936067551266,1.1399276236429434,1.1399276236429434,1.3027744270205066,0.0542822677925211,0.4342581423401688,0.0,33.33333333333333,45.2513966480447,37.5,1,1.8956570025422153
26315,Nicolás González,2025,M,140,La Liga,530,Atletico Madrid,1484.0,26,6.960916442048518,75.69573283858998,5.0,0.0,38.0,20.0,539.0,13.0,24.0,3.0,12.0,242.0,128.0,47.0,24.0,16.0,28.0,28.0,2.0,4,1,0.3032345013477089,0.0,2.304582210242588,1.2129380053908356,32.68867924528302,0.7884097035040432,1.4555256064690028,0.1819407008086253,0.7277628032345014,14.676549865229113,7.762803234501348,2.8504043126684637,1.4555256064690028,0.9703504043126684,1.6981132075471697,1.6981132075471697,0.1212938005390835,0.2425876010781671,0.0606469002695417,52.63157894736842,52.89256198347108,51.06382978723404,0,2.4797120042696186
27157,Manolis Saliakas,2025,M,78,Bundesliga,186,FC St. Pauli,1110.0,17,6.993783783783785,74.32432432432432,1.0,3.0,5.0,3.0,518.0,12.0,29.0,1.0,13.0,75.0,49.0,8.0,5.0,7.0,7.0,4.0,4.0,3,0,0.081081081081081,0.2432432432432432,0.4054054054054054,0.2432432432432432,42.0,0.972972972972973,2.3513513513513518,0.081081081081081,1.0540540540540542,6.081081081081082,3.972972972972973,0.6486486486486487,0.4054054054054054,0.5675675675675675,0.5675675675675675,0.3243243243243243,0.3243243243243243,0.2432432432432432,0.0,60.0,65.33333333333333,62.5,1,1.5228389490961152
30432,Marten de Roon,2025,M,135,Serie A,499,Atalanta,2704.0,34,7.059245562130178,85.8908341915551,1.0,2.0,13.0,4.0,1942.0,24.0,81.0,5.0,28.0,249.0,130.0,7.0,3.0,30.0,11.0,37.0,0.0,8,1,0.033284023668639,0.0665680473372781,0.4326923076923077,0.1331360946745562,64.63757396449704,0.7988165680473372,2.6960059171597632,0.1664201183431952,0.9319526627218936,8.287721893491124,4.3269230769230775,0.2329881656804734,0.0998520710059171,0.9985207100591716,0.3661242603550296,1.231508875739645,0.0,0.2662721893491124,0.033284023668639,30.76923076923077,52.20883534136546,42.85714285714285,1,2.2518052121976733
30438,Nicolò Cambiaghi,2025,M,135,Serie A,500,Bologna,1530.0,28,6.996470588235293,83.37531486146096,3.0,4.0,16.0,6.0,397.0,18.0,30.0,0.0,8.0,220.0,121.0,33.0,15.0,20.0,71.0,32.0,5.0,3,1,0.1764705882352941,0.2352941176470588,0.9411764705882352,0.3529411764705882,23.35294117647059,1.0588235294117647,1.7647058823529411,0.0,0.4705882352941176,12.941176470588234,7.117647058823529,1.9411764705882355,0.8823529411764706,1.1764705882352942,4.176470588235294,1.8823529411764703,0.2941176470588235,0.1764705882352941,0.0588235294117647,37.5,55.00000000000001,45.45454545454545,0,4.24025234584662
30484,Mattias Svanberg,2025,M,78,Bundesliga,161,VfL Wolfsburg,1028.0,26,6.650583657587548,72.65917602996255,3.0,1.0,17.0,8.0,267.0,7.0,12.0,5.0,12.0,127.0,56.0,13.0,3.0,15.0,24.0,20.0,1.0,7,1,0.2626459143968871,0.0875486381322957,1.4883268482490273,0.7003891050583657,23.37548638132296,0.6128404669260701,1.050583657587549,0.4377431906614786,1.050583657587549,11.118677042801558,4.902723735408561,1.1381322957198443,0.2626459143968871,1.3132295719844358,2.1011673151750974,1.7509727626459144,0.0875486381322957,0.6128404669260701,0.0875486381322957,47.05882352941176,44.09448818897638,23.07692307692308,0,2.664433111259827
30488,Riccardo Orsolini,2025,M,135,Serie A,500,Bologna,2131.0,35,6.923838573439699,70.40998217468805,10.0,1.0,66.0,31.0,561.0,26.0,21.0,1.0,8.0,235.0,126.0,67.0,32.0,10.0,44.0,21.0,18.0,2,0,0.4223369310183013,0.0422336931018301,2.787423744720789,1.3092444861567338,23.693101830126704,1.0980760206475833,0.8869075551384326,0.0422336931018301,0.337869544814641,9.92491787893008,5.3214453308305965,2.8296574378226182,1.351478179258564,0.4223369310183013,1.8582824964805256,0.8869075551384326,0.7602064758329422,0.0844673862036602,0.0,46.96969696969697,53.61702127659574,47.76119402985074,0,3.0453570686910116
30505,Michel Adopo,2025,M,135,Serie A,490,Cagliari,3055.0,38,6.643338788870703,82.28782287822878,1.0,2.0,19.0,11.0,1084.0,27.0,56.0,6.0,29.0,276.0,126.0,36.0,14.0,17.0,25.0,35.0,5.0,4,0,0.0294599018003273,0.0589198036006546,0.5597381342062193,0.3240589198036007,31.934533551554825,0.795417348608838,1.6497545008183303,0.1767594108019639,0.8543371522094927,8.130932896890345,3.711947626841244,1.060556464811784,0.4124386252045826,0.5008183306055647,0.7364975450081833,1.0310965630114566,0.1472995090016366,0.1178396072013093,0.0,57.89473684210527,45.65217391304348,38.88888888888889,1,1.2022685425629502
30510,Álex Berenguer,2025,M,140,La Liga,531,Athletic Club,2164.0,31,6.65822550831793,76.953125,2.0,3.0,32.0,20.0,768.0,49.0,28.0,1.0,13.0,304.0,119.0,59.0,23.0,22.0,38.0,28.0,6.0,4,0,0.0831792975970425,0.1247689463955637,1.3308687615526802,0.8317929759704252,31.940850277264325,2.037892791127541,1.1645101663585953,0.0415896487985212,0.5406654343807763,12.643253234750462,4.94916820702403,2.4537892791127542,0.9565619223659888,0.9149722735674676,1.5804066543438078,1.1645101663585953,0.2495378927911275,0.166358595194085,0.0,62.5,39.14473684210527,38.983050847457626,0,1.1476061883742787
30533,Manuel Locatelli,2025,M,135,Serie A,496,Juventus,3005.0,36,7.762628951747089,88.19964349376114,1.0,2.0,32.0,12.0,2805.0,47.0,102.0,23.0,39.0,318.0,190.0,18.0,10.0,24.0,44.0,55.0,0.0,9,0,0.0299500831946755,0.059900166389351,0.9584026622296172,0.3594009983361065,84.00998336106488,1.4076539101497505,3.054908485856905,0.6888519134775374,1.168053244592346,9.524126455906822,5.690515806988353,0.5391014975041597,0.2995008319467554,0.718801996672213,1.3178036605657235,1.6472545757071548,0.0,0.2695507487520798,0.0,37.5,59.74842767295597,55.55555555555556,1,3.446682561631324
30542,Jens Odgaard,2025,M,135,Serie A,500,Bologna,1403.0,26,6.602280826799716,73.23076923076923,5.0,1.0,26.0,13.0,326.0,14.0,21.0,0.0,4.0,217.0,92.0,27.0,7.0,8.0,28.0,28.0,5.0,1,0,0.3207412687099074,0.0641482537419814,1.6678545972915182,0.8339272986457591,20.91233071988596,0.8980755523877406,1.3471133285816108,0.0,0.2565930149679258,13.920171062009976,5.901639344262295,1.7320028510334995,0.4490377761938703,0.5131860299358517,1.7961511047754812,1.7961511047754812,0.3207412687099074,0.0641482537419814,0.0,50.0,42.3963133640553,25.925925925925924,0,2.129611660719978
30558,Nicolò Barella,2025,M,135,Serie A,505,Inter,2533.0,34,7.275404658507699,85.68994889267462,3.0,8.0,23.0,5.0,1761.0,72.0,53.0,3.0,9.0,231.0,113.0,50.0,25.0,24.0,22.0,33.0,4.0,7,0,0.1065929727595736,0.284247927358863,0.8172127911567311,0.1776549545992893,62.570075009869726,2.5582313462297672,1.8831425187524675,0.1065929727595736,0.3197789182787209,8.20765890248717,4.01500197394394,1.7765495459928935,0.8882747729964469,0.8527437820765891,0.7816818002368733,1.17252270035531,0.1421239636794315,0.2487169364390051,0.0,21.73913043478261,48.91774891774892,50.0,1,3.274860001312074
30561,Alessandro Deiola,2025,M,135,Serie A,490,Cagliari,1435.0,20,6.689198606271777,81.34453781512605,0.0,2.0,16.0,7.0,595.0,6.0,35.0,7.0,14.0,122.0,61.0,5.0,3.0,14.0,12.0,22.0,7.0,3,0,0.0,0.1254355400696864,1.0034843205574913,0.4390243902439024,37.3170731707317,0.3763066202090592,2.1951219512195124,0.4390243902439024,0.8780487804878049,7.651567944250871,3.825783972125436,0.313588850174216,0.1881533101045296,0.8780487804878049,0.7526132404181185,1.3797909407665503,0.4390243902439024,0.1881533101045296,0.0,43.75,50.0,60.0,1,1.6383705154816932
30690,Nicolas Fonseca,2025,M,140,La Liga,718,Oviedo,1019.0,19,6.823748773307163,85.48672566371681,0.0,0.0,5.0,1.0,565.0,3.0,40.0,5.0,17.0,123.0,59.0,3.0,2.0,22.0,12.0,27.0,0.0,6,0,0.0,0.0,0.4416094210009814,0.0883218842001962,49.9018645731109,0.2649656526005888,3.532875368007851,0.4416094210009814,1.5014720314033363,10.86359175662414,5.21099116781158,0.2649656526005888,0.1766437684003925,1.943081452404318,1.0598626104023552,2.384690873405299,0.0,0.5299313052011776,0.0,20.0,47.96747967479675,66.66666666666666,1,3.224527430516716
30723,Marius Marin,2025,M,135,Serie A,801,Pisa,1292.0,23,6.7365325077399385,77.40492170022371,0.0,0.0,1.0,0.0,449.0,2.0,45.0,4.0,13.0,150.0,73.0,5.0,1.0,21.0,20.0,36.0,0.0,7,0,0.0,0.0,0.0696594427244582,0.0,31.27708978328173,0.1393188854489164,3.134674922600619,0.2786377708978328,0.9055727554179568,10.44891640866873,5.085139318885449,0.348297213622291,0.0696594427244582,1.4628482972136223,1.3931888544891642,2.5077399380804954,0.0,0.4876160990712074,0.0,0.0,48.66666666666667,20.0,1,2.9175891306572126
30753,Mehdi Léris,2025,M,135,Serie A,801,Pisa,1912.0,34,6.914696652719665,70.40998217468805,2.0,3.0,15.0,7.0,563.0,27.0,67.0,8.0,22.0,275.0,161.0,42.0,17.0,20.0,22.0,27.0,8.0,2,0,0.0941422594142259,0.1412133891213389,0.7060669456066946,0.3294979079497908,26.501046025104603,1.2709205020920502,3.153765690376569,0.3765690376569037,1.0355648535564854,12.944560669456068,7.578451882845188,1.9769874476987448,0.8002092050209205,0.9414225941422594,1.0355648535564854,1.2709205020920502,0.3765690376569037,0.0941422594142259,0.0,46.66666666666666,58.54545454545455,40.47619047619048,1,2.827458948254169
30775,Giuseppe Pezzella,2025,M,135,Serie A,520,Cremonese,2591.0,31,6.647356233114627,76.90253671562083,0.0,1.0,5.0,0.0,749.0,27.0,53.0,14.0,11.0,261.0,127.0,29.0,14.0,23.0,32.0,49.0,8.0,8,1,0.0,0.0347356233114627,0.1736781165573137,0.0,26.016981860285604,0.9378618294094944,1.840988035507526,0.4862987263604786,0.3820918564260903,9.06599768429178,4.41142416055577,1.00733307603242,0.4862987263604786,0.7989193361636433,1.1115399459668085,1.702045542261675,0.277884986491702,0.277884986491702,0.0347356233114627,0.0,48.65900383141762,48.27586206896552,1,2.1493128012931106
30785,András Schäfer,2025,M,78,Bundesliga,182,Union Berlin,1442.0,28,6.79868238557559,76.3671875,2.0,1.0,20.0,10.0,512.0,7.0,41.0,9.0,23.0,202.0,100.0,19.0,9.0,23.0,23.0,32.0,0.0,2,1,0.1248266296809986,0.0624133148404993,1.2482662968099862,0.6241331484049931,31.955617198335645,0.4368932038834951,2.558945908460472,0.5617198335644937,1.435506241331484,12.60748959778086,6.2413314840499305,1.1858529819694867,0.5617198335644937,1.435506241331484,1.435506241331484,1.9972260748959776,0.0,0.1248266296809986,0.0624133148404993,50.0,49.50495049504951,47.368421052631575,1,2.782470740567664
30810,Rolando Mandragora,2025,M,135,Serie A,502,Fiorentina,2438.0,34,6.990401968826908,84.44444444444444,7.0,3.0,43.0,18.0,990.0,35.0,45.0,5.0,13.0,236.0,142.0,16.0,6.0,15.0,56.0,37.0,0.0,7,0,0.258408531583265,0.1107465135356849,1.587366694011485,0.6644790812141099,36.54634946677604,1.2920426579163249,1.6611977030352747,0.184577522559475,0.4799015586546349,8.71205906480722,5.2420016406890895,0.59064807219032,0.2214930270713699,0.5537325676784249,2.06726825266612,1.3658736669401148,0.0,0.258408531583265,0.0,41.86046511627907,60.16949152542372,37.5,0,2.2677192234579002
30927,Santiago Colombatto,2025,M,140,La Liga,718,Oviedo,2069.0,32,6.801595744680851,85.95284872298625,0.0,1.0,11.0,2.0,1018.0,24.0,43.0,6.0,14.0,185.0,100.0,7.0,5.0,17.0,41.0,44.0,1.0,6,0,0.0,0.0434992750120831,0.4784920251329144,0.0869985500241662,44.28226196230063,1.043982600289995,1.8704688255195745,0.2609956500724987,0.6089898501691638,8.04736587723538,4.349927501208313,0.3044949250845819,0.2174963750604156,0.7394876752054133,1.7834702754954086,1.9139681005316576,0.0434992750120831,0.2609956500724987,0.0,18.181818181818183,54.054054054054056,71.42857142857143,1,1.6651837081144885
31010,Federico Dimarco,2025,M,135,Serie A,505,Inter,2704.0,35,7.464792899408284,83.28748280605227,7.0,16.0,46.0,22.0,1454.0,96.0,50.0,4.0,31.0,171.0,82.0,14.0,7.0,20.0,23.0,41.0,5.0,3,0,0.2329881656804734,0.5325443786982248,1.5310650887573964,0.7322485207100592,48.39497041420119,3.195266272189349,1.6642011834319528,0.1331360946745562,1.031804733727811,5.691568047337278,2.7292899408284024,0.4659763313609468,0.2329881656804734,0.665680473372781,0.7655325443786982,1.3646449704142012,0.1664201183431952,0.0998520710059171,0.0,47.82608695652174,47.953216374269005,50.0,1,4.128274518863793
31021,Alberto Grassi,2025,M,135,Serie A,520,Cremonese,1754.0,30,6.791329150028523,85.12880562060889,0.0,0.0,10.0,4.0,854.0,8.0,23.0,9.0,32.0,125.0,76.0,9.0,8.0,11.0,30.0,17.0,0.0,4,1,0.0,0.0,0.5131128848346637,0.2052451539338654,43.81984036488028,0.4104903078677309,1.1801596351197263,0.4618015963511973,1.6419612314709235,6.413911060433295,3.899657924743444,0.4618015963511973,0.4104903078677309,0.56442417331813,1.5393386545039909,0.8722919042189282,0.0,0.2052451539338654,0.0513112884834663,40.0,60.8,88.88888888888889,1,2.6547881992878386
31056,Samuele Ricci,2025,M,135,Serie A,489,AC Milan,1305.0,31,7.053103448275862,90.1081916537867,1.0,4.0,12.0,6.0,647.0,20.0,16.0,5.0,9.0,93.0,56.0,8.0,5.0,2.0,33.0,17.0,1.0,3,0,0.0689655172413793,0.2758620689655172,0.8275862068965517,0.4137931034482758,44.62068965517241,1.379310344827586,1.103448275862069,0.3448275862068965,0.6206896551724138,6.413793103448276,3.862068965517241,0.5517241379310345,0.3448275862068965,0.1379310344827586,2.2758620689655173,1.1724137931034482,0.0689655172413793,0.2068965517241379,0.0,50.0,60.215053763440864,62.5,1,2.7220987784243174
31137,Stefano Sabelli,2025,M,135,Serie A,495,Genoa,929.0,16,6.667168998923574,69.27710843373494,0.0,0.0,6.0,0.0,332.0,7.0,22.0,6.0,4.0,84.0,45.0,8.0,1.0,10.0,19.0,6.0,0.0,1,0,0.0,0.0,0.581270182992465,0.0,32.16361679224973,0.6781485468245425,2.131324004305705,0.581270182992465,0.38751345532831,8.137782561894511,4.359526372443487,0.77502691065662,0.0968783638320775,0.9687836383207752,1.8406889128094728,0.581270182992465,0.0,0.0968783638320775,0.0,0.0,53.57142857142857,12.5,1,2.208999729110566
31146,Sandro Tonali,2025,M,39,Premier League,34,Newcastle,2543.0,35,6.982447855175127,84.31498079385403,0.0,2.0,19.0,8.0,1562.0,32.0,35.0,7.0,30.0,194.0,107.0,31.0,19.0,22.0,42.0,24.0,1.0,4,0,0.0,0.0707825403067243,0.6724341329138812,0.2831301612268974,55.281163979551714,1.1325206449075895,1.238694455367676,0.2477388910735352,1.0617381046008652,6.865906409752261,3.786865906409752,1.0971293747542272,0.6724341329138812,0.7786079433739678,1.486433346441211,0.8493904836806921,0.0353912701533621,0.1415650806134487,0.0,42.10526315789473,55.154639175257735,61.29032258064516,1,1.6873047795539238
31211,Jari Vandeputte,2025,M,135,Serie A,520,Cremonese,1952.0,32,6.896362704918033,77.38748627881449,1.0,5.0,14.0,8.0,911.0,54.0,38.0,2.0,18.0,171.0,75.0,22.0,7.0,15.0,25.0,34.0,1.0,3,0,0.0461065573770491,0.2305327868852459,0.6454918032786885,0.3688524590163934,42.0030737704918,2.489754098360656,1.7520491803278688,0.0922131147540983,0.8299180327868853,7.884221311475409,3.4579918032786887,1.014344262295082,0.3227459016393442,0.6915983606557377,1.1526639344262295,1.567622950819672,0.0461065573770491,0.1383196721311475,0.0,57.14285714285714,43.85964912280701,31.818181818181817,1,2.4517140661030266
31219,Alessio Zerbin,2025,M,135,Serie A,520,Cremonese,1655.0,32,6.530030211480363,72.78761061946902,0.0,3.0,15.0,7.0,456.0,17.0,40.0,3.0,3.0,212.0,76.0,27.0,8.0,33.0,20.0,37.0,7.0,1,0,0.0,0.1631419939577039,0.8157099697885197,0.3806646525679758,24.797583081570995,0.9244712990936556,2.175226586102719,0.1631419939577039,0.1631419939577039,11.528700906344412,4.132930513595166,1.4682779456193351,0.4350453172205438,1.7945619335347431,1.0876132930513596,2.012084592145015,0.3806646525679758,0.0543806646525679,0.0,46.66666666666666,35.84905660377358,29.629629629629623,0,2.5333852705364404
31273,Tommaso Pobega,2025,M,135,Serie A,500,Bologna,1452.0,26,6.839325068870525,77.25490196078432,3.0,1.0,21.0,10.0,510.0,6.0,37.0,11.0,19.0,158.0,78.0,10.0,7.0,16.0,12.0,35.0,0.0,2,1,0.1859504132231405,0.0619834710743801,1.3016528925619837,0.6198347107438017,31.611570247933884,0.371900826446281,2.293388429752066,0.6818181818181819,1.177685950413223,9.793388429752069,4.834710743801653,0.6198347107438017,0.4338842975206611,0.9917355371900828,0.743801652892562,2.169421487603306,0.0,0.1239669421487603,0.0619834710743801,47.61904761904761,49.36708860759494,70.0,1,2.0983283518788998
31678,Jean Daniel Akpa-Akpro,2025,M,135,Serie A,504,Hellas Verona,1507.0,22,6.72455209024552,74.8051948051948,1.0,0.0,7.0,4.0,385.0,11.0,44.0,7.0,23.0,221.0,109.0,37.0,23.0,13.0,15.0,39.0,0.0,9,0,0.059721300597213,0.0,0.418049104180491,0.238885202388852,22.99270072992701,0.656934306569343,2.627737226277372,0.418049104180491,1.3735899137358991,13.198407431984077,6.509621765096218,2.209688122096881,1.3735899137358991,0.7763769077637691,0.8958195089581952,2.3291307232913074,0.0,0.5374917053749171,0.0,57.14285714285714,49.321266968325794,62.16216216216216,1,2.9314490008855207
32862,Takefusa Kubo,2025,M,140,La Liga,548,Real Sociedad,1508.0,24,7.14263925729443,79.34560327198365,2.0,4.0,18.0,12.0,489.0,33.0,30.0,0.0,11.0,211.0,123.0,71.0,36.0,15.0,50.0,9.0,12.0,2,0,0.1193633952254641,0.2387267904509283,1.0742705570291775,0.7161803713527851,29.184350132625998,1.969496021220159,1.7904509283819627,0.0,0.6564986737400531,12.592838196286472,7.340848806366048,4.237400530503979,2.1485411140583555,0.8952254641909814,2.984084880636605,0.5371352785145889,0.7161803713527851,0.1193633952254641,0.0,66.66666666666666,58.29383886255924,50.70422535211267,0,2.6125776564940812
32966,Ao Tanaka,2025,M,39,Premier League,63,Leeds,1326.0,28,6.740936555891238,85.8600583090379,2.0,0.0,15.0,5.0,689.0,18.0,27.0,2.0,21.0,111.0,52.0,11.0,4.0,20.0,9.0,13.0,0.0,1,0,0.1357466063348416,0.0,1.0180995475113122,0.3393665158371041,46.76470588235294,1.2217194570135748,1.832579185520362,0.1357466063348416,1.425339366515837,7.53393665158371,3.5294117647058822,0.746606334841629,0.2714932126696833,1.3574660633484164,0.6108597285067874,0.8823529411764706,0.0,0.0678733031674208,0.0,33.33333333333333,46.84684684684685,36.36363636363637,1,1.6066954048674926
33165,Ayumu Seko,2025,M,61,Ligue 1,111,Le Havre,2625.0,30,6.817142857142857,84.65562336530078,0.0,0.0,15.0,6.0,1147.0,10.0,42.0,7.0,37.0,164.0,99.0,4.0,2.0,14.0,20.0,28.0,1.0,6,0,0.0,0.0,0.5142857142857142,0.2057142857142857,39.32571428571429,0.3428571428571428,1.44,0.24,1.2685714285714285,5.622857142857143,3.394285714285714,0.1371428571428571,0.0685714285714285,0.48,0.6857142857142857,0.96,0.0342857142857142,0.2057142857142857,0.0,40.0,60.36585365853659,50.0,1,2.2220295511771853
33889,Kaishu Sano,2025,M,78,Bundesliga,164,FSV Mainz 05,3059.0,34,7.0471722785223925,80.10920436817473,1.0,2.0,16.0,6.0,1282.0,25.0,52.0,14.0,66.0,292.0,183.0,42.0,28.0,18.0,30.0,14.0,4.0,1,0,0.029421379535796,0.058842759071592,0.4707420725727362,0.176528277214776,37.71820856489049,0.7355344883949003,1.5299117358613925,0.4118993135011441,1.941811049362537,8.591042824452435,5.38411245505067,1.2356979405034323,0.8237986270022883,0.5295848316443282,0.8826413860738803,0.4118993135011441,0.117685518143184,0.029421379535796,0.0,37.5,62.67123287671232,66.66666666666666,1,2.6383807514429796
36899,Teun Koopmeiners,2025,M,135,Serie A,496,Juventus,1829.0,33,6.781106243154436,90.69767441860463,0.0,0.0,16.0,7.0,1161.0,17.0,33.0,7.0,18.0,158.0,80.0,9.0,5.0,17.0,11.0,33.0,3.0,5,0,0.0,0.0,0.7873154729360305,0.3444505194095134,57.12957900492072,0.8365226899945326,1.6238381629305634,0.3444505194095134,0.8857299070530344,7.774740295243303,3.936577364680153,0.4428649535265172,0.2460360852925095,0.8365226899945326,0.541279387643521,1.6238381629305634,0.1476216511755057,0.2460360852925095,0.0,43.75,50.63291139240506,55.55555555555556,1,1.4664978811247589
36902,Tijjani Reijnders,2025,M,39,Premier League,50,Manchester City,1640.0,28,6.921829268292684,89.09774436090225,5.0,2.0,36.0,16.0,798.0,18.0,10.0,1.0,11.0,118.0,47.0,44.0,19.0,6.0,15.0,19.0,4.0,2,0,0.274390243902439,0.1097560975609756,1.975609756097561,0.8780487804878049,43.79268292682927,0.9878048780487804,0.5487804878048781,0.0548780487804878,0.6036585365853658,6.47560975609756,2.579268292682927,2.414634146341464,1.0426829268292683,0.3292682926829268,0.823170731707317,1.0426829268292683,0.2195121951219512,0.1097560975609756,0.0,44.44444444444444,39.83050847457627,43.18181818181818,0,3.0867941970140444
36916,Kingsley Ehizibue,2025,M,135,Serie A,494,Udinese,1829.0,32,6.715397260273972,79.41176470588235,2.0,0.0,6.0,2.0,477.0,8.0,39.0,3.0,12.0,172.0,80.0,26.0,7.0,10.0,23.0,34.0,2.0,5,0,0.0984144341170038,0.0,0.2952433023510115,0.0984144341170038,23.471842536905413,0.3936577364680153,1.9190814652815744,0.1476216511755057,0.590486604702023,8.463641334062329,3.936577364680153,1.2793876435210496,0.3444505194095134,0.4920721705850191,1.131765992345544,1.6730453799890652,0.0984144341170038,0.2460360852925095,0.0,33.33333333333333,46.51162790697674,26.923076923076923,1,2.145107870269971
36980,Morten Thorsby,2025,M,135,Serie A,520,Cremonese,1380.0,24,6.749927536231883,70.31963470319634,3.0,1.0,17.0,8.0,438.0,9.0,22.0,7.0,5.0,251.0,131.0,3.0,3.0,9.0,11.0,25.0,7.0,4,0,0.1956521739130435,0.0652173913043478,1.108695652173913,0.5217391304347826,28.565217391304348,0.5869565217391304,1.434782608695652,0.4565217391304347,0.3260869565217391,16.369565217391305,8.543478260869566,0.1956521739130435,0.1956521739130435,0.5869565217391304,0.717391304347826,1.6304347826086958,0.4565217391304347,0.2608695652173913,0.0,47.05882352941176,52.19123505976096,100.0,0,3.607908302569442
37127,Martin Ødegaard,2025,M,39,Premier League,42,Arsenal,1370.0,24,7.11036496350365,84.66183574879227,1.0,6.0,17.0,8.0,828.0,40.0,19.0,0.0,7.0,97.0,40.0,27.0,9.0,12.0,9.0,9.0,2.0,0,0,0.0656934306569343,0.3941605839416058,1.1167883211678833,0.5255474452554744,54.394160583941606,2.627737226277372,1.248175182481752,0.0,0.4598540145985401,6.372262773722627,2.627737226277372,1.7737226277372262,0.5912408759124088,0.7883211678832117,0.5912408759124088,0.5912408759124088,0.1313868613138686,0.0,0.0,47.05882352941176,41.23711340206185,33.33333333333333,1,3.457295480540713
37153,Wouter Burger,2025,M,78,Bundesliga,167,1899 Hoffenheim,2440.0,30,7.108934426229509,77.5165319617928,4.0,5.0,29.0,13.0,1361.0,51.0,72.0,6.0,17.0,315.0,155.0,12.0,4.0,19.0,12.0,57.0,1.0,7,1,0.1475409836065573,0.1844262295081967,1.069672131147541,0.4795081967213114,50.200819672131146,1.8811475409836065,2.655737704918033,0.2213114754098361,0.6270491803278688,11.618852459016392,5.717213114754099,0.4426229508196722,0.1475409836065573,0.7008196721311476,0.4426229508196722,2.1024590163934427,0.0368852459016393,0.2581967213114754,0.0368852459016393,44.82758620689656,49.2063492063492,33.33333333333333,1,2.577091870045119
37437,Abdou Harroui,2025,M,135,Serie A,504,Hellas Verona,929.0,23,6.4900755124056095,81.7174515235457,1.0,0.0,6.0,2.0,361.0,14.0,27.0,5.0,1.0,110.0,40.0,24.0,11.0,8.0,1.0,22.0,2.0,3,0,0.0968783638320775,0.0,0.581270182992465,0.193756727664155,34.973089343379975,1.356297093649085,2.6157158234660924,0.4843918191603875,0.0968783638320775,10.656620021528523,3.8751345532831,2.32508073196986,1.0656620021528525,0.77502691065662,0.0968783638320775,2.131324004305705,0.193756727664155,0.2906350914962325,0.0,33.33333333333333,36.36363636363637,45.83333333333333,1,3.078638014679297
37652,Branco Van den Boomen,2025,M,61,Ligue 1,77,Angers,1242.0,15,7.047423510466988,89.08629441624365,0.0,1.0,10.0,5.0,788.0,28.0,27.0,4.0,7.0,102.0,47.0,9.0,4.0,18.0,9.0,19.0,0.0,2,0,0.0,0.072463768115942,0.7246376811594202,0.3623188405797101,57.10144927536232,2.028985507246377,1.9565217391304348,0.2898550724637681,0.5072463768115942,7.391304347826087,3.4057971014492754,0.6521739130434783,0.2898550724637681,1.3043478260869563,0.6521739130434783,1.376811594202899,0.0,0.144927536231884,0.0,50.0,46.07843137254902,44.44444444444444,1,2.3130764289045436
37724,Crysencio Summerville,2025,M,39,Premier League,48,West Ham,2480.0,31,7.052741935483872,83.04552590266876,5.0,2.0,32.0,15.0,637.0,28.0,45.0,4.0,16.0,337.0,170.0,103.0,51.0,14.0,67.0,49.0,6.0,6,0,0.1814516129032258,0.0725806451612903,1.1612903225806452,0.5443548387096774,23.116935483870968,1.0161290322580645,1.6330645161290325,0.1451612903225806,0.5806451612903226,12.22983870967742,6.169354838709677,3.737903225806452,1.8508064516129032,0.5080645161290323,2.431451612903226,1.7782258064516128,0.2177419354838709,0.2177419354838709,0.0,46.875,50.44510385756677,49.51456310679612,0,1.872953681283995
38747,Quinten Timber,2025,M,61,Ligue 1,81,Marseille,1111.0,15,6.686318631863187,85.97938144329898,0.0,0.0,7.0,2.0,485.0,9.0,31.0,0.0,8.0,132.0,69.0,33.0,16.0,13.0,20.0,13.0,1.0,5,0,0.0,0.0,0.5670567056705671,0.162016201620162,39.28892889288929,0.7290729072907292,2.511251125112511,0.0,0.648064806480648,10.693069306930692,5.58955895589559,2.673267326732673,1.296129612961296,1.053105310531053,1.62016201620162,1.053105310531053,0.081008100810081,0.405040504050405,0.0,28.57142857142857,52.27272727272727,48.48484848484848,1,2.125628145670305
38749,Kenneth Taylor,2025,M,135,Serie A,487,Lazio,1400.0,17,6.895499999999999,88.7072808320951,3.0,2.0,11.0,6.0,673.0,13.0,21.0,6.0,10.0,110.0,47.0,19.0,8.0,19.0,13.0,17.0,1.0,5,0,0.1928571428571428,0.1285714285714285,0.7071428571428572,0.3857142857142857,43.26428571428571,0.8357142857142857,1.35,0.3857142857142857,0.6428571428571428,7.071428571428571,3.021428571428572,1.2214285714285713,0.5142857142857142,1.2214285714285713,0.8357142857142857,1.0928571428571427,0.0642857142857142,0.3214285714285714,0.0,54.54545454545454,42.72727272727273,42.10526315789473,1,1.4057457624090106
38798,Senne Lynen,2025,M,78,Bundesliga,162,Werder Bremen,2757.0,31,6.7955749002539,86.62186927306048,0.0,0.0,14.0,4.0,1637.0,15.0,63.0,11.0,78.0,252.0,112.0,19.0,6.0,41.0,12.0,38.0,0.0,4,0,0.0,0.0,0.4570184983677911,0.1305767138193689,53.43852013057671,0.4896626768226333,2.05658324265506,0.3590859630032644,2.546245919477693,8.22633297062024,3.656147986942329,0.6202393906420022,0.1958650707290533,1.338411316648531,0.3917301414581066,1.2404787812840044,0.0,0.1305767138193689,0.0,28.57142857142857,44.44444444444444,31.57894736842105,1,4.226848221816122
39115,Aron Dønnum,2025,M,61,Ligue 1,96,Toulouse,2424.0,28,7.240676567656765,78.94736842105263,4.0,4.0,29.0,14.0,1007.0,62.0,46.0,3.0,27.0,256.0,112.0,55.0,25.0,27.0,38.0,41.0,0.0,10,1,0.1485148514851485,0.1485148514851485,1.0767326732673268,0.5198019801980198,37.38861386138614,2.3019801980198022,1.707920792079208,0.1113861386138613,1.0024752475247525,9.504950495049505,4.158415841584159,2.0420792079207923,0.9282178217821782,1.0024752475247525,1.4108910891089108,1.5222772277227723,0.0,0.3712871287128712,0.0371287128712871,48.27586206896552,43.75,45.45454545454545,0,2.1204907161745314
39143,Kristian Thorstvedt,2025,M,135,Serie A,488,Sassuolo,2458.0,32,6.927217249796582,82.3696682464455,4.0,4.0,31.0,13.0,1055.0,32.0,44.0,13.0,32.0,286.0,149.0,42.0,18.0,12.0,57.0,34.0,1.0,9,0,0.146460537021969,0.146460537021969,1.1350691619202604,0.4759967453213994,38.628966639544345,1.1716842961757523,1.6110659072416598,0.4759967453213994,1.1716842961757523,10.471928397070789,5.4556550040683485,1.5378356387306753,0.6590724165988608,0.4393816110659072,2.087062652563059,1.2449145646867372,0.0366151342554922,0.3295362082994304,0.0,41.935483870967744,52.09790209790209,42.85714285714285,1,2.1808360977875236
39362,Marcus Pedersen,2025,M,135,Serie A,503,Torino,2138.0,29,6.557296538821327,77.17391304347827,1.0,2.0,11.0,3.0,552.0,20.0,23.0,4.0,10.0,139.0,45.0,21.0,9.0,15.0,6.0,31.0,3.0,3,0,0.0420954162768942,0.0841908325537885,0.4630495790458372,0.1262862488306828,23.23666978484565,0.8419083255378859,0.9681945743685688,0.1683816651075771,0.4209541627689429,5.851262862488307,1.8942937324602436,0.8840037418147801,0.3788587464920487,0.6314312441534143,0.2525724976613657,1.3049579045837232,0.1262862488306828,0.1262862488306828,0.0,27.27272727272727,32.37410071942446,42.85714285714285,1,2.9810995364984
40560,Jakub Kamiński,2025,M,78,Bundesliga,192,1. FC Köln,3019.0,34,7.109274594236501,80.05923000987167,7.0,3.0,42.0,26.0,1013.0,52.0,45.0,8.0,23.0,247.0,111.0,49.0,24.0,22.0,28.0,14.0,7.0,4,0,0.2086783703212984,0.0894335872805564,1.2520702219277906,0.7750910897648229,30.1987413050679,1.5501821795296458,1.341503809208347,0.2384895660814839,0.6856575024842663,7.363365352765816,3.309042729380589,1.460748592249089,0.7154686982444519,0.6558463067240808,0.8347134812851938,0.4173567406425969,0.2086783703212984,0.1192447830407419,0.0,61.90476190476191,44.93927125506073,48.97959183673469,1,2.125061666417858
41104,João Palhinha,2025,M,39,Premier League,47,Tottenham,2198.0,33,7.13589626933576,81.97507190795783,5.0,2.0,19.0,9.0,1043.0,8.0,110.0,12.0,30.0,312.0,192.0,23.0,10.0,24.0,36.0,28.0,0.0,8,0,0.2047315741583257,0.0818926296633303,0.7779799818016379,0.3685168334849864,42.70700636942675,0.3275705186533212,4.504094631483167,0.4913557779799818,1.2283894449499544,12.775250227479528,7.861692447679709,0.9417652411282984,0.4094631483166515,0.9827115559599636,1.4740673339399455,1.1464968152866242,0.0,0.3275705186533212,0.0,47.368421052631575,61.53846153846154,43.47826086956522,1,4.376987911453622
41157,André Almeida,2025,M,140,La Liga,532,Valencia,1035.0,22,6.96656976744186,89.96478873239437,0.0,2.0,6.0,3.0,568.0,18.0,23.0,1.0,10.0,116.0,62.0,29.0,14.0,7.0,22.0,11.0,0.0,0,0,0.0,0.1739130434782608,0.5217391304347826,0.2608695652173913,49.39130434782609,1.565217391304348,2.0,0.0869565217391304,0.8695652173913043,10.08695652173913,5.391304347826087,2.5217391304347827,1.2173913043478262,0.6086956521739131,1.9130434782608696,0.9565217391304348,0.0,0.0,0.0,50.0,53.44827586206896,48.27586206896552,1,2.0772961500130074
41552,Pathé Ismaël Ciss,2025,M,140,La Liga,728,Rayo Vallecano,2003.0,29,7.0786819770344485,89.1778523489933,2.0,1.0,18.0,8.0,1192.0,12.0,53.0,16.0,36.0,192.0,107.0,13.0,9.0,12.0,13.0,30.0,2.0,9,2,0.0898652021967049,0.0449326010983524,0.8087868197703445,0.3594608087868198,53.55966050923614,0.5391912131802297,2.381427858212681,0.7189216175736396,1.617573639540689,8.627059410883675,4.807788317523714,0.5841238142785821,0.4043934098851722,0.5391912131802297,0.5841238142785821,1.3479780329505742,0.0898652021967049,0.4043934098851722,0.0898652021967049,44.44444444444444,55.72916666666666,69.23076923076923,1,2.1955074465493616
44594,Saud Abdulhamid,2025,M,61,Ligue 1,116,Lens,1356.0,25,7.05117994100295,88.87043189368771,2.0,4.0,6.0,3.0,602.0,24.0,34.0,2.0,11.0,128.0,59.0,15.0,4.0,14.0,14.0,26.0,1.0,4,1,0.1327433628318584,0.2654867256637168,0.3982300884955752,0.1991150442477876,39.95575221238938,1.592920353982301,2.256637168141593,0.1327433628318584,0.7300884955752213,8.495575221238937,3.915929203539824,0.995575221238938,0.2654867256637168,0.9292035398230089,0.9292035398230089,1.7256637168141593,0.0663716814159292,0.2654867256637168,0.0663716814159292,50.0,46.09375,26.666666666666668,1,1.3152588686283728
44814,Lewis Ferguson,2025,M,135,Serie A,500,Bologna,1608.0,27,6.832296204107032,87.95761078998073,1.0,0.0,7.0,2.0,1041.0,16.0,26.0,8.0,11.0,159.0,84.0,7.0,3.0,6.0,26.0,33.0,2.0,7,1,0.0559701492537313,0.0,0.3917910447761194,0.1119402985074626,58.264925373134325,0.8955223880597015,1.4552238805970148,0.4477611940298507,0.6156716417910448,8.899253731343283,4.701492537313433,0.3917910447761194,0.167910447761194,0.335820895522388,1.4552238805970148,1.8470149253731345,0.1119402985074626,0.3917910447761194,0.0559701492537313,28.57142857142857,52.83018867924528,42.85714285714285,1,1.8266208806541053
46658,Rubén García,2025,M,140,La Liga,727,Osasuna,2247.0,35,6.841291759465479,79.34782608695652,2.0,5.0,22.0,10.0,828.0,44.0,50.0,2.0,17.0,269.0,117.0,37.0,18.0,32.0,27.0,36.0,1.0,6,0,0.0801068090787717,0.2002670226969292,0.8811748998664887,0.4005340453938584,33.16421895861148,1.7623497997329771,2.0026702269692924,0.0801068090787717,0.6809078771695595,10.774365821094792,4.686248331108144,1.4819759679572764,0.7209612817089454,1.2817089452603472,1.081441922563418,1.4419225634178907,0.0400534045393858,0.240320427236315,0.0,45.45454545454545,43.49442379182156,48.64864864864865,1,1.8280720083830042
46662,Jon Moncayola,2025,M,140,La Liga,727,Osasuna,3028.0,36,6.838177014531044,80.10093727469358,0.0,4.0,11.0,5.0,1387.0,39.0,54.0,6.0,23.0,216.0,97.0,21.0,13.0,45.0,13.0,41.0,0.0,9,0,0.0,0.11889035667107,0.3269484808454425,0.1486129458388375,41.22523117569353,1.1591809775429325,1.605019815059445,0.178335535006605,0.6836195508586526,6.42007926023778,2.883091149273448,0.6241743725231176,0.3863936591809775,1.3375165125495376,0.3863936591809775,1.2186261558784677,0.0,0.2675033025099075,0.0,45.45454545454545,44.907407407407405,61.90476190476191,1,1.7467247042296004
46711,Aleix Febas,2025,M,140,La Liga,797,Elche,3166.0,36,7.173120656980417,89.48443083205717,2.0,2.0,14.0,8.0,1959.0,27.0,77.0,4.0,27.0,414.0,254.0,92.0,54.0,28.0,117.0,34.0,1.0,10,0,0.0568540745420088,0.0568540745420088,0.3979785217940619,0.2274162981680353,55.68856601389767,0.7675300063171193,2.1888818698673407,0.1137081490840176,0.7675300063171193,11.768793430195831,7.220467466835124,2.615287428932407,1.5350600126342386,0.7959570435881238,3.3259633607075174,0.9665192672141504,0.0284270372710044,0.2842703727100442,0.0,57.14285714285714,61.35265700483091,58.69565217391305,0,3.912644482316184
46731,Pervis Estupiñán,2025,M,135,Serie A,489,AC Milan,1046.0,19,6.755459770114944,86.71726755218216,1.0,1.0,9.0,1.0,527.0,13.0,15.0,0.0,11.0,77.0,33.0,7.0,2.0,12.0,8.0,16.0,5.0,5,1,0.0860420650095602,0.0860420650095602,0.7743785850860421,0.0860420650095602,45.34416826003824,1.118546845124283,1.2906309751434033,0.0,0.9464627151051626,6.625239005736137,2.839388145315487,0.6022944550669217,0.1720841300191204,1.032504780114723,0.6883365200764818,1.3766730401529637,0.4302103250478011,0.4302103250478011,0.0860420650095602,11.11111111111111,42.85714285714285,28.57142857142857,1,1.444429751594353
46790,Víctor García,2025,M,140,La Liga,539,Levante,1056.0,21,6.8017045454545455,76.10921501706484,2.0,1.0,15.0,8.0,293.0,14.0,23.0,4.0,9.0,119.0,60.0,30.0,13.0,7.0,11.0,13.0,3.0,1,0,0.1704545454545454,0.0852272727272727,1.2784090909090908,0.6818181818181819,24.97159090909091,1.193181818181818,1.960227272727273,0.3409090909090909,0.7670454545454545,10.142045454545457,5.113636363636363,2.5568181818181817,1.1079545454545454,0.5965909090909091,0.9375,1.1079545454545454,0.2556818181818182,0.0852272727272727,0.0,53.333333333333336,50.42016806722689,43.333333333333336,0,1.727893677494926
46799,Edu Expósito,2025,M,140,La Liga,540,Espanyol,2542.0,36,7.103855232100707,76.35467980295566,1.0,6.0,32.0,13.0,1015.0,83.0,54.0,2.0,23.0,272.0,148.0,45.0,34.0,23.0,43.0,28.0,2.0,9,0,0.035405192761605,0.2124311565696302,1.1329661683713612,0.4602675059008655,35.93627065302911,2.9386309992132182,1.911880409126672,0.07081038552321,0.8143194335169158,9.63021243115657,5.2399685287175455,1.5932336742722266,1.2037765538945713,0.8143194335169158,1.5224232887490163,0.991345397324941,0.07081038552321,0.3186467348544453,0.0,40.625,54.41176470588235,75.55555555555556,0,2.830728471218183
46887,Pedro Díaz,2025,M,140,La Liga,728,Rayo Vallecano,1881.0,34,6.508665603402445,84.89583333333334,0.0,1.0,29.0,6.0,768.0,23.0,38.0,1.0,8.0,176.0,79.0,30.0,15.0,29.0,13.0,20.0,0.0,3,0,0.0,0.0478468899521531,1.38755980861244,0.2870813397129186,36.74641148325359,1.1004784688995215,1.8181818181818183,0.0478468899521531,0.3827751196172249,8.421052631578947,3.779904306220096,1.4354066985645932,0.7177033492822966,1.38755980861244,0.6220095693779905,0.9569377990430622,0.0,0.1435406698564593,0.0,20.689655172413797,44.88636363636363,50.0,1,2.120627231636782
46933,Luis Rioja,2025,M,140,La Liga,532,Valencia,2636.0,37,6.804438543247344,78.54588796185935,3.0,6.0,18.0,5.0,839.0,39.0,36.0,0.0,18.0,226.0,105.0,63.0,36.0,34.0,29.0,13.0,9.0,1,0,0.1024279210925644,0.2048558421851289,0.6145675265553869,0.1707132018209408,28.64567526555387,1.3315629742033384,1.229135053110774,0.0,0.6145675265553869,7.716236722306525,3.584977238239757,2.1509863429438543,1.229135053110774,1.1608497723823976,0.9901365705614568,0.4438543247344461,0.3072837632776934,0.0341426403641881,0.0,27.77777777777778,46.46017699115044,57.14285714285714,1,2.0166896668424767
47007,Iñigo Ruiz de Galarreta,2025,M,140,La Liga,531,Athletic Club,2231.0,34,7.00640968175706,82.48587570621469,1.0,2.0,10.0,2.0,1239.0,31.0,60.0,5.0,23.0,296.0,160.0,50.0,34.0,24.0,41.0,54.0,0.0,10,0,0.0403406544150605,0.080681308830121,0.4034065441506051,0.080681308830121,49.98207082025997,1.250560286866876,2.4204392649036306,0.2017032720753025,0.9278350515463918,11.940833706857912,6.454504706409682,2.0170327207530256,1.3715822501120574,0.9681757059614522,1.6539668310174809,2.178395338413268,0.0,0.4034065441506051,0.0,20.0,54.054054054054056,68.0,1,1.9937893643174966
47085,Luis Milla,2025,M,140,La Liga,546,Getafe,3273.0,37,7.0525817293003366,77.72957339117859,1.0,10.0,15.0,4.0,1383.0,80.0,59.0,7.0,42.0,321.0,173.0,39.0,21.0,37.0,43.0,32.0,2.0,4,1,0.0274977085242896,0.2749770852428964,0.4124656278643446,0.1099908340971585,38.02933088909258,2.1998166819431715,1.622364802933089,0.1924839596700275,1.154903758020165,8.826764436296974,4.757103574702108,1.0724106324472962,0.5774518790100825,1.0174152153987168,1.1824014665444549,0.8799266727772685,0.0549954170485792,0.1099908340971585,0.0274977085242896,26.666666666666668,53.89408099688473,53.84615384615385,1,2.1463454504062978
47109,Óscar Valentín,2025,M,140,La Liga,728,Rayo Vallecano,2113.0,33,6.95250946969697,88.63892013498312,1.0,0.0,10.0,4.0,889.0,10.0,73.0,15.0,28.0,250.0,127.0,13.0,6.0,34.0,22.0,31.0,0.0,3,1,0.0425934690014197,0.0,0.4259346900141978,0.1703738760056791,37.86559394226219,0.4259346900141978,3.109323237103644,0.6389020350212967,1.1926171320397538,10.648367250354946,5.409370563180312,0.5537150970184571,0.2555608140085187,1.4481779460482729,0.9370563180312352,1.3203975390440132,0.0,0.1277804070042593,0.0425934690014197,40.0,50.8,46.15384615384615,1,2.3405382066700176
47182,Tete Morente,2025,M,140,La Liga,797,Elche,1792.0,29,6.628308207705193,74.82517482517483,1.0,1.0,11.0,3.0,572.0,22.0,33.0,7.0,13.0,232.0,95.0,57.0,18.0,20.0,22.0,33.0,3.0,2,0,0.0502232142857142,0.0502232142857142,0.5524553571428571,0.1506696428571428,28.72767857142857,1.1049107142857142,1.6573660714285714,0.3515625,0.6529017857142857,11.651785714285715,4.771205357142857,2.862723214285714,0.9040178571428572,1.0044642857142858,1.1049107142857142,1.6573660714285714,0.1506696428571428,0.1004464285714285,0.0,27.27272727272727,40.94827586206897,31.57894736842105,0,1.946647923812428
47225,Roger Brugué,2025,M,140,La Liga,539,Levante,1007.0,19,6.405461767626614,82.37704918032787,1.0,1.0,23.0,9.0,244.0,8.0,11.0,1.0,5.0,116.0,41.0,24.0,9.0,10.0,8.0,11.0,6.0,1,1,0.0893743793445878,0.0893743793445878,2.055610724925521,0.804369414101291,21.807348560079443,0.714995034756703,0.9831181727904666,0.0893743793445878,0.4468718967229394,10.367428003972194,3.664349553128103,2.144985104270109,0.804369414101291,0.8937437934458788,0.714995034756703,0.9831181727904666,0.5362462760675273,0.0893743793445878,0.0893743793445878,39.130434782608695,35.3448275862069,37.5,0,2.6559363114333454
47258,Mauro Arambarri,2025,M,140,La Liga,546,Getafe,3255.0,37,6.7411674347158215,75.5,6.0,2.0,45.0,19.0,800.0,22.0,68.0,6.0,22.0,454.0,221.0,62.0,30.0,37.0,67.0,60.0,5.0,6,0,0.1658986175115207,0.0552995391705069,1.2442396313364057,0.5253456221198156,22.119815668202765,0.6082949308755761,1.880184331797235,0.1658986175115207,0.6082949308755761,12.55299539170507,6.110599078341013,1.7142857142857144,0.8294930875576036,1.023041474654378,1.852534562211981,1.6589861751152073,0.1382488479262673,0.1658986175115207,0.0,42.22222222222222,48.6784140969163,48.38709677419355,0,2.1297937402083766
47285,Unai López,2025,M,140,La Liga,728,Rayo Vallecano,1623.0,28,6.877743526510481,86.65413533834587,0.0,4.0,10.0,4.0,1064.0,36.0,31.0,3.0,22.0,154.0,69.0,22.0,13.0,17.0,14.0,37.0,1.0,8,1,0.0,0.22181146025878,0.55452865064695,0.22181146025878,59.00184842883549,1.9963031423290205,1.7190388170055453,0.166358595194085,1.2199630314232903,8.539741219963032,3.826247689463955,1.2199630314232903,0.7208872458410351,0.9426987060998152,0.7763401109057301,2.051756007393715,0.055452865064695,0.4436229205175601,0.055452865064695,40.0,44.8051948051948,59.09090909090909,1,2.058531632403494
47294,Iñaki Williams,2025,M,140,La Liga,531,Athletic Club,2168.0,30,6.61831180811808,69.35483870967742,3.0,6.0,39.0,20.0,496.0,26.0,12.0,2.0,8.0,226.0,77.0,55.0,12.0,12.0,23.0,28.0,10.0,2,0,0.1245387453874538,0.2490774907749077,1.6190036900369005,0.8302583025830258,20.59040590405904,1.0793357933579335,0.4981549815498154,0.0830258302583025,0.3321033210332103,9.381918819188192,3.1964944649446494,2.283210332103321,0.4981549815498154,0.4981549815498154,0.9547970479704796,1.1623616236162362,0.4151291512915129,0.0830258302583025,0.0,51.28205128205128,34.070796460176986,21.818181818181817,0,2.4192679848007694
47311,Mikel Merino,2025,M,39,Premier League,42,Arsenal,1035.0,22,7.000676328502416,75.94594594594595,4.0,3.0,16.0,8.0,370.0,12.0,26.0,2.0,10.0,172.0,79.0,12.0,5.0,6.0,20.0,22.0,3.0,1,0,0.3478260869565217,0.2608695652173913,1.391304347826087,0.6956521739130435,32.17391304347826,1.0434782608695652,2.260869565217391,0.1739130434782608,0.8695652173913043,14.956521739130435,6.869565217391305,1.0434782608695652,0.4347826086956521,0.5217391304347826,1.7391304347826086,1.9130434782608696,0.2608695652173913,0.0869565217391304,0.0,50.0,45.93023255813954,41.66666666666667,0,2.5712657146945324
47315,Martín Zubimendi,2025,M,39,Premier League,42,Arsenal,3001.0,38,7.096900000000001,87.42857142857143,5.0,1.0,19.0,9.0,1927.0,19.0,68.0,5.0,39.0,256.0,153.0,15.0,7.0,21.0,15.0,33.0,1.0,4,0,0.1499500166611129,0.0299900033322225,0.5698100633122293,0.2699100299900033,57.79073642119293,0.5698100633122293,2.039320226591136,0.1499500166611129,1.169610129956681,7.677440853048984,4.588470509830056,0.4498500499833389,0.2099300233255581,0.6297900699766744,0.4498500499833389,0.9896701099633456,0.0299900033322225,0.1199600133288903,0.0,47.368421052631575,59.765625,46.66666666666666,1,1.7228443093019263
47317,Ander Barrenetxea,2025,M,140,La Liga,548,Real Sociedad,1769.0,30,6.8524024872809495,80.3030303030303,3.0,5.0,29.0,11.0,726.0,44.0,30.0,4.0,15.0,285.0,124.0,116.0,55.0,16.0,30.0,37.0,5.0,5,0,0.1526286037309214,0.2543810062182023,1.475409836065574,0.5596382136800452,36.93612210288298,2.2385528547201807,1.5262860373092142,0.2035048049745619,0.7631430186546071,14.499717354437536,6.308648954211419,5.901639344262295,2.798191068400226,0.8140192198982475,1.5262860373092142,1.8824194460146972,0.2543810062182023,0.2543810062182023,0.0,37.93103448275862,43.50877192982456,47.41379310344828,0,2.9309122028748082
47336,Sergi Darder,2025,M,140,La Liga,798,Mallorca,2688.0,38,6.98046875,84.55565142364107,1.0,5.0,28.0,13.0,1159.0,59.0,28.0,7.0,25.0,185.0,99.0,60.0,34.0,14.0,29.0,21.0,2.0,3,0,0.0334821428571428,0.1674107142857142,0.9375,0.4352678571428571,38.80580357142857,1.9754464285714284,0.9375,0.234375,0.8370535714285714,6.194196428571429,3.314732142857143,2.008928571428572,1.1383928571428572,0.46875,0.9709821428571428,0.703125,0.0669642857142857,0.1004464285714285,0.0,46.42857142857143,53.51351351351351,56.66666666666666,1,2.5473041704717923
47341,Marc Roca,2025,M,140,La Liga,543,Real Betis,2025.0,29,6.847506172839506,88.08193668528864,1.0,1.0,13.0,7.0,1074.0,19.0,38.0,9.0,23.0,178.0,81.0,14.0,11.0,22.0,23.0,42.0,0.0,1,0,0.0444444444444444,0.0444444444444444,0.5777777777777777,0.3111111111111111,47.73333333333333,0.8444444444444444,1.6888888888888889,0.4,1.022222222222222,7.911111111111111,3.6,0.6222222222222222,0.4888888888888889,0.9777777777777776,1.022222222222222,1.8666666666666667,0.0,0.0444444444444444,0.0,53.84615384615385,45.50561797752809,78.57142857142857,1,0.7933959549551198
47398,Pere Milla,2025,M,140,La Liga,540,Espanyol,1989.0,33,6.6986928104575165,71.40186915887851,7.0,1.0,48.0,21.0,535.0,34.0,37.0,3.0,18.0,240.0,106.0,24.0,11.0,37.0,38.0,24.0,10.0,6,1,0.3167420814479638,0.0452488687782805,2.1719457013574663,0.9502262443438916,24.20814479638009,1.5384615384615383,1.67420814479638,0.1357466063348416,0.8144796380090499,10.85972850678733,4.796380090497737,1.0859728506787332,0.497737556561086,1.67420814479638,1.7194570135746607,1.0859728506787332,0.4524886877828055,0.2714932126696833,0.0452488687782805,43.75,44.16666666666666,45.83333333333333,0,2.2834950436506034
47414,Gerard Gumbau,2025,M,140,La Liga,728,Rayo Vallecano,1197.0,28,6.755685618729097,83.64389233954451,0.0,3.0,12.0,5.0,485.0,23.0,29.0,6.0,10.0,120.0,53.0,9.0,6.0,5.0,5.0,38.0,0.0,4,0,0.0,0.225563909774436,0.9022556390977444,0.3759398496240601,36.46616541353383,1.7293233082706765,2.180451127819549,0.4511278195488721,0.7518796992481203,9.022556390977442,3.9849624060150375,0.6766917293233082,0.4511278195488721,0.3759398496240601,0.3759398496240601,2.8571428571428568,0.0,0.3007518796992481,0.0,41.66666666666667,44.16666666666666,66.66666666666666,1,1.7909943436784312
47435,Fran Beltrán,2025,M,140,La Liga,547,Girona,1562.0,27,6.839116517285531,91.4691943127962,1.0,0.0,9.0,4.0,1055.0,13.0,34.0,6.0,17.0,137.0,62.0,10.0,6.0,15.0,12.0,20.0,0.0,3,0,0.057618437900128,0.0,0.5185659411011524,0.2304737516005121,60.78745198463509,0.7490396927016646,1.9590268886043531,0.3457106274007682,0.9795134443021768,7.893725992317542,3.5723431498079385,0.5761843790012804,0.3457106274007682,0.8642765685019206,0.6914212548015365,1.1523687580025608,0.0,0.1728553137003841,0.0,44.44444444444444,45.25547445255474,60.0,1,1.4683033234244918
47438,Mathias Jensen,2025,M,39,Premier League,55,Brentford,2277.0,36,7.009134826526132,80.85867620751341,3.0,1.0,19.0,8.0,1119.0,35.0,41.0,4.0,21.0,198.0,83.0,35.0,19.0,33.0,15.0,20.0,2.0,3,0,0.1185770750988142,0.0395256916996047,0.7509881422924902,0.3162055335968379,44.22924901185771,1.383399209486166,1.6205533596837944,0.1581027667984189,0.8300395256916996,7.826086956521739,3.2806324110671934,1.383399209486166,0.7509881422924902,1.3043478260869563,0.5928853754940712,0.7905138339920948,0.0790513833992094,0.1185770750988142,0.0,42.10526315789473,41.91919191919192,54.285714285714285,1,1.1072933318238365
47439,Stanislav Lobotka,2025,M,135,Serie A,492,Napoli,2441.0,32,6.974518639901681,92.70833333333334,1.0,1.0,6.0,4.0,1824.0,22.0,28.0,3.0,16.0,140.0,88.0,8.0,4.0,18.0,45.0,13.0,0.0,3,0,0.0368701351904957,0.0368701351904957,0.2212208111429742,0.1474805407619828,67.25112658746416,0.8111429741909053,1.0323637853338796,0.1106104055714871,0.5899221630479312,5.161818926669398,3.244571896763621,0.2949610815239656,0.1474805407619828,0.6636624334289225,1.6591560835723065,0.4793117574764441,0.0,0.1106104055714871,0.0,66.66666666666666,62.85714285714285,50.0,1,3.0631512033794857
47440,Brais Méndez,2025,M,140,La Liga,548,Real Sociedad,1672.0,29,6.957296650717703,82.11845102505694,6.0,2.0,25.0,16.0,878.0,25.0,37.0,3.0,7.0,236.0,121.0,49.0,21.0,8.0,35.0,43.0,7.0,5,1,0.3229665071770335,0.1076555023923444,1.3456937799043065,0.8612440191387559,47.26076555023924,1.3456937799043065,1.9916267942583727,0.1614832535885167,0.3767942583732057,12.70334928229665,6.5131578947368425,2.63755980861244,1.1303827751196172,0.4306220095693779,1.883971291866029,2.3145933014354068,0.3767942583732057,0.2691387559808612,0.0538277511961722,64.0,51.271186440677965,42.85714285714285,0,1.4673924512360044
47463,Pepelu,2025,M,140,La Liga,532,Valencia,2232.0,31,7.040475123263111,86.16944243301955,2.0,0.0,14.0,3.0,1381.0,21.0,60.0,10.0,20.0,196.0,112.0,10.0,8.0,17.0,14.0,30.0,1.0,4,0,0.0806451612903225,0.0,0.5645161290322581,0.1209677419354838,55.68548387096774,0.8467741935483871,2.419354838709677,0.4032258064516129,0.8064516129032258,7.903225806451612,4.516129032258065,0.4032258064516129,0.3225806451612903,0.6854838709677419,0.5645161290322581,1.2096774193548387,0.0403225806451612,0.1612903225806451,0.0,21.428571428571427,57.14285714285714,80.0,1,1.5042682544909205
47516,Aleix García,2025,M,78,Bundesliga,168,Bayer Leverkusen,2676.0,33,7.530605381165919,92.8830313014827,3.0,8.0,19.0,5.0,3035.0,51.0,26.0,5.0,23.0,109.0,58.0,14.0,4.0,18.0,19.0,8.0,2.0,6,0,0.100896860986547,0.2690582959641255,0.6390134529147982,0.1681614349775784,102.07399103139012,1.7152466367713004,0.874439461883408,0.1681614349775784,0.7735426008968609,3.6659192825112106,1.9506726457399104,0.4708520179372197,0.1345291479820627,0.6053811659192826,0.6390134529147982,0.2690582959641255,0.0672645739910313,0.2017937219730941,0.0,26.31578947368421,53.21100917431193,28.57142857142857,1,4.9721405480850605
47522,Douglas Luiz,2025,M,39,Premier League,66,Aston Villa,944.0,21,6.990677966101695,90.0459418070444,1.0,0.0,8.0,5.0,653.0,19.0,23.0,4.0,14.0,91.0,52.0,13.0,6.0,6.0,15.0,13.0,0.0,3,0,0.0953389830508474,0.0,0.7627118644067796,0.4766949152542372,62.25635593220339,1.8114406779661016,2.192796610169492,0.3813559322033898,1.3347457627118644,8.67584745762712,4.957627118644068,1.2394067796610169,0.5720338983050848,0.5720338983050848,1.4300847457627115,1.2394067796610169,0.0,0.2860169491525424,0.0,62.5,57.14285714285714,46.15384615384615,1,2.1526705884037747
47541,Santi Comesaña,2025,M,140,La Liga,533,Villarreal,2413.0,34,6.956734355573974,83.11258278145695,3.0,6.0,21.0,7.0,1208.0,27.0,46.0,15.0,30.0,258.0,120.0,21.0,11.0,25.0,28.0,43.0,1.0,5,1,0.1118939079983423,0.2237878159966846,0.7832573559883962,0.2610857853294654,45.055946953999175,1.0070451719850808,1.7157065893079153,0.5594695399917116,1.1189390799834231,9.622876087857438,4.4757563199336925,0.7832573559883962,0.4102776626605884,0.9324492333195192,1.0443431413178617,1.6038126813095732,0.0372979693327807,0.1864898466639038,0.0372979693327807,33.33333333333333,46.51162790697674,52.38095238095239,1,0.7359353303233402
47543,Álvaro García,2025,M,140,La Liga,728,Rayo Vallecano,2105.0,32,6.738622327790973,68.33013435700576,4.0,5.0,35.0,19.0,521.0,42.0,27.0,2.0,13.0,142.0,55.0,16.0,4.0,16.0,12.0,19.0,15.0,3,0,0.171021377672209,0.2137767220902613,1.496437054631829,0.8123515439429929,22.275534441805227,1.7957244655581943,1.154394299287411,0.0855106888361045,0.5558194774346793,6.07125890736342,2.351543942992874,0.684085510688836,0.171021377672209,0.684085510688836,0.5130641330166271,0.8123515439429929,0.6413301662707839,0.1282660332541567,0.0,54.285714285714285,38.732394366197184,25.0,1,3.2235424850164307
47574,Moi Gómez,2025,M,140,La Liga,727,Osasuna,1218.0,26,6.998357963875205,89.04267589388697,0.0,2.0,6.0,2.0,868.0,15.0,20.0,1.0,11.0,118.0,65.0,22.0,12.0,11.0,21.0,20.0,0.0,3,0,0.0,0.147783251231527,0.4433497536945813,0.147783251231527,64.13793103448276,1.1083743842364533,1.477832512315271,0.0738916256157635,0.8128078817733989,8.7192118226601,4.80295566502463,1.6256157635467978,0.8866995073891626,0.8128078817733989,1.5517241379310345,1.477832512315271,0.0,0.2216748768472906,0.0,33.33333333333333,55.08474576271186,54.54545454545454,1,1.8870680600374263
48047,Jesper Karlström,2025,M,135,Serie A,494,Udinese,3152.0,36,6.801998730964466,81.34218289085545,1.0,0.0,11.0,3.0,1356.0,16.0,54.0,16.0,36.0,228.0,121.0,21.0,10.0,16.0,30.0,41.0,1.0,6,0,0.0285532994923857,0.0,0.3140862944162436,0.0856598984771573,38.71827411167513,0.4568527918781725,1.5418781725888324,0.4568527918781725,1.0279187817258884,6.510152284263959,3.45494923857868,0.5996192893401016,0.2855329949238578,0.4568527918781725,0.8565989847715737,1.1706852791878173,0.0285532994923857,0.1713197969543147,0.0,27.27272727272727,53.07017543859649,47.61904761904761,1,1.688432141972673
48198,Ísak Bergmann Jóhannesson,2025,M,78,Bundesliga,192,1. FC Köln,1812.0,31,6.782716731087795,83.75690607734808,1.0,2.0,10.0,4.0,905.0,34.0,27.0,6.0,8.0,100.0,48.0,7.0,6.0,16.0,5.0,14.0,2.0,6,0,0.0496688741721854,0.0993377483443708,0.4966887417218543,0.1986754966887417,44.950331125827816,1.6887417218543046,1.3410596026490067,0.2980132450331126,0.3973509933774834,4.966887417218543,2.384105960264901,0.347682119205298,0.2980132450331126,0.7947019867549668,0.2483443708609271,0.695364238410596,0.0993377483443708,0.2980132450331126,0.0,40.0,48.0,85.71428571428571,1,2.7843600214803184
48378,Silvan Widmer,2025,M,78,Bundesliga,164,FSV Mainz 05,1819.0,27,6.8642660802638815,74.73118279569893,2.0,1.0,15.0,4.0,558.0,8.0,40.0,8.0,16.0,149.0,81.0,9.0,2.0,11.0,11.0,15.0,4.0,5,0,0.0989554700384826,0.0494777350192413,0.7421660252886201,0.1979109400769653,27.60857614073667,0.3958218801539307,1.9791094007696537,0.3958218801539307,0.7916437603078615,7.37218251786696,4.007696536558549,0.445299615173172,0.0989554700384826,0.5442550852116547,0.5442550852116547,0.7421660252886201,0.1979109400769653,0.2473886750962067,0.0,26.666666666666668,54.36241610738255,22.22222222222222,1,1.9267287136897435
48465,Filip Ugrinić,2025,M,140,La Liga,532,Valencia,1513.0,27,6.778916060806344,83.94495412844036,0.0,3.0,12.0,3.0,654.0,23.0,25.0,4.0,11.0,130.0,71.0,26.0,17.0,10.0,13.0,17.0,6.0,3,0,0.0,0.1784534038334435,0.713813615333774,0.1784534038334435,38.90284203569068,1.368142762723067,1.4871116986120292,0.2379378717779246,0.6543291473892928,7.732980832782552,4.2233972240581625,1.5465961665565104,1.0112359550561798,0.5948446794448117,0.7732980832782552,1.0112359550561798,0.356906807666887,0.1784534038334435,0.0,25.0,54.61538461538461,65.38461538461539,1,1.3547946773540631
48471,Ruben Vargas,2025,M,140,La Liga,536,Sevilla,1608.0,24,6.770957711442787,73.0837789661319,3.0,6.0,24.0,8.0,561.0,28.0,19.0,1.0,7.0,157.0,77.0,48.0,21.0,10.0,17.0,13.0,7.0,2,0,0.167910447761194,0.335820895522388,1.343283582089552,0.4477611940298507,31.399253731343283,1.5671641791044777,1.0634328358208955,0.0559701492537313,0.3917910447761194,8.787313432835822,4.309701492537314,2.686567164179104,1.1753731343283582,0.5597014925373135,0.9514925373134328,0.7276119402985074,0.3917910447761194,0.1119402985074626,0.0,33.33333333333333,49.04458598726114,43.75,0,1.633107985985386
48489,Miro Muheim,2025,M,78,Bundesliga,175,Hamburger SV,2437.0,29,6.98247845711941,75.63176895306859,0.0,4.0,17.0,7.0,1108.0,41.0,62.0,5.0,27.0,263.0,150.0,31.0,21.0,29.0,50.0,39.0,1.0,7,1,0.0,0.1477226097661058,0.6278210915059499,0.2585145670906852,40.91916290521132,1.5141567501025852,2.289700451374641,0.1846532622076323,0.9971276159212146,9.712761592121462,5.53959786622897,1.1448502256873203,0.7755437012720557,1.0709889208042676,1.8465326220763236,1.4402954452195322,0.0369306524415264,0.2585145670906852,0.0369306524415264,41.17647058823529,57.03422053231939,67.74193548387096,1,1.651093571521755
48642,Cameron Puertas,2025,M,78,Bundesliga,162,Werder Bremen,1878.0,28,6.747390841320554,85.48571428571428,1.0,2.0,25.0,8.0,878.0,27.0,60.0,8.0,19.0,245.0,109.0,40.0,14.0,26.0,22.0,36.0,2.0,6,0,0.047923322683706,0.0958466453674121,1.198083067092652,0.3833865814696486,42.07667731629393,1.293929712460064,2.8753993610223643,0.3833865814696486,0.9105431309904154,11.741214057507989,5.223642172523962,1.9169329073482428,0.670926517571885,1.2460063897763578,1.0543130990415337,1.7252396166134183,0.0958466453674121,0.2875399361022364,0.0,32.0,44.48979591836735,35.0,1,2.181118281136689
48648,Dan Ndoye,2025,M,39,Premier League,65,Nottingham Forest,1176.0,24,6.663543441226575,78.36879432624113,1.0,1.0,11.0,4.0,282.0,14.0,23.0,2.0,10.0,149.0,69.0,33.0,13.0,12.0,22.0,16.0,9.0,1,0,0.0765306122448979,0.0765306122448979,0.8418367346938775,0.3061224489795918,21.581632653061224,1.0714285714285714,1.7602040816326532,0.1530612244897959,0.7653061224489797,11.403061224489797,5.280612244897959,2.5255102040816326,0.9948979591836736,0.9183673469387754,1.683673469387755,1.2244897959183674,0.6887755102040816,0.0765306122448979,0.0,36.36363636363637,46.30872483221477,39.39393939393939,0,1.7004431076223192
50863,James Sands,2025,M,78,Bundesliga,186,FC St. Pauli,1941.0,24,6.75651725914477,75.48240635641316,1.0,0.0,13.0,4.0,881.0,10.0,42.0,7.0,42.0,244.0,139.0,5.0,2.0,12.0,38.0,26.0,0.0,4,0,0.0463678516228748,0.0,0.6027820710973725,0.1854714064914992,40.8500772797527,0.463678516228748,1.947449768160742,0.3245749613601236,1.947449768160742,11.313755795981454,6.445131375579598,0.231839258114374,0.0927357032457496,0.5564142194744977,1.7619783616692428,1.205564142194745,0.0,0.1854714064914992,0.0,30.76923076923077,56.9672131147541,40.0,1,3.1266367056933864
50956,Cristian Cásseres Jr.,2025,M,61,Ligue 1,96,Toulouse,2499.0,30,7.159183673469387,85.18518518518519,2.0,3.0,18.0,6.0,1377.0,39.0,78.0,9.0,35.0,265.0,148.0,35.0,16.0,27.0,42.0,39.0,1.0,7,0,0.0720288115246098,0.1080432172869147,0.6482593037214885,0.2160864345738295,49.59183673469387,1.404561824729892,2.809123649459784,0.3241296518607443,1.2605042016806722,9.543817527010804,5.330132052821128,1.2605042016806722,0.5762304921968788,0.9723889555822328,1.512605042016807,1.404561824729892,0.0360144057623049,0.2521008403361344,0.0,33.33333333333333,55.84905660377358,45.71428571428572,1,1.8412721399459726
51016,Tajon Buchanan,2025,M,140,La Liga,533,Villarreal,1835.0,34,6.91558583106267,81.56182212581345,7.0,1.0,21.0,11.0,464.0,16.0,29.0,2.0,21.0,206.0,89.0,66.0,21.0,16.0,36.0,18.0,8.0,8,0,0.3433242506811989,0.0490463215258855,1.0299727520435968,0.5395095367847411,22.7574931880109,0.784741144414169,1.422343324250681,0.0980926430517711,1.0299727520435968,10.103542234332426,4.365122615803815,3.2370572207084467,1.0299727520435968,0.784741144414169,1.7656675749318802,0.8828337874659401,0.3923705722070845,0.3923705722070845,0.0,52.38095238095239,43.203883495145625,31.818181818181817,0,2.0664437091290155
51494,Manuel Ugarte,2025,M,39,Premier League,33,Manchester United,901.0,22,6.73906770255272,85.0597609561753,0.0,0.0,8.0,1.0,502.0,3.0,46.0,5.0,20.0,148.0,79.0,10.0,7.0,16.0,15.0,24.0,0.0,1,0,0.0,0.0,0.7991120976692564,0.099889012208657,50.14428412874584,0.2996670366259711,4.594894561598224,0.4994450610432852,1.997780244173141,14.783573806881243,7.891231964483906,0.9988901220865704,0.6992230854605994,1.5982241953385128,1.498335183129856,2.397336293007769,0.0,0.099889012208657,0.0,12.5,53.37837837837838,70.0,1,5.44771754815768
56293,Idrissa Touré,2025,M,135,Serie A,801,Pisa,2286.0,32,6.813304157549234,65.91928251121077,1.0,0.0,22.0,8.0,669.0,20.0,43.0,8.0,23.0,406.0,222.0,44.0,21.0,23.0,19.0,23.0,5.0,4,1,0.0393700787401574,0.0,0.8661417322834645,0.3149606299212598,26.33858267716536,0.7874015748031497,1.6929133858267718,0.3149606299212598,0.905511811023622,15.984251968503935,8.740157480314961,1.732283464566929,0.8267716535433071,0.905511811023622,0.748031496062992,0.905511811023622,0.1968503937007874,0.1574803149606299,0.0393700787401574,36.36363636363637,54.67980295566503,47.72727272727273,0,3.045595785252792
56560,Youssef Maleh,2025,M,135,Serie A,520,Cremonese,1570.0,23,6.589617834394905,78.66894197952219,1.0,0.0,17.0,4.0,588.0,9.0,38.0,3.0,14.0,163.0,74.0,16.0,7.0,13.0,18.0,36.0,0.0,4,1,0.0573248407643312,0.0,0.9745222929936304,0.2292993630573248,33.70700636942675,0.5159235668789809,2.178343949044586,0.1719745222929936,0.8025477707006369,9.343949044585989,4.24203821656051,0.9171974522292992,0.4012738853503184,0.7452229299363057,1.0318471337579618,2.063694267515924,0.0,0.2292993630573248,0.0573248407643312,23.52941176470588,45.39877300613497,43.75,1,1.3925921644575736
56851,Michael Folorunsho,2025,M,135,Serie A,490,Cagliari,2008.0,27,6.515239043824701,66.87370600414079,2.0,0.0,25.0,9.0,486.0,15.0,24.0,3.0,9.0,281.0,127.0,50.0,22.0,17.0,49.0,35.0,13.0,3,0,0.0896414342629482,0.0,1.1205179282868525,0.4033864541832669,21.78286852589641,0.6723107569721116,1.0756972111553784,0.1344621513944223,0.4033864541832669,12.594621513944222,5.692231075697211,2.241035856573705,0.9860557768924304,0.7619521912350598,2.196215139442231,1.5687250996015936,0.5826693227091634,0.1344621513944223,0.0,36.0,45.19572953736655,44.0,0,2.1374465628280994
67889,Hakon Arnar Haraldsson,2025,M,61,Ligue 1,79,Lille,2475.0,32,6.939474747474748,86.71617161716172,8.0,2.0,35.0,17.0,1212.0,56.0,25.0,0.0,11.0,226.0,101.0,47.0,20.0,24.0,43.0,28.0,0.0,6,0,0.2909090909090909,0.0727272727272727,1.2727272727272727,0.6181818181818182,44.07272727272727,2.036363636363636,0.9090909090909092,0.0,0.4,8.218181818181819,3.672727272727273,1.7090909090909092,0.7272727272727273,0.8727272727272727,1.5636363636363635,1.018181818181818,0.0,0.2181818181818181,0.0,48.57142857142857,44.690265486725664,42.5531914893617,0,2.104472393168005
67939,Aimar Oroz,2025,M,140,La Liga,727,Osasuna,2152.0,31,6.854553903345724,79.64705882352942,0.0,2.0,14.0,4.0,850.0,38.0,37.0,1.0,10.0,320.0,162.0,56.0,29.0,17.0,67.0,33.0,1.0,6,0,0.0,0.0836431226765799,0.5855018587360595,0.1672862453531598,35.54832713754647,1.5892193308550189,1.5473977695167287,0.0418215613382899,0.4182156133828996,13.382899628252789,6.775092936802975,2.342007434944238,1.212825278810409,0.7109665427509293,2.8020446096654275,1.3801115241635689,0.0418215613382899,0.2509293680297397,0.0,28.57142857142857,50.625,51.78571428571429,0,2.50907780856351
67972,Conor Gallagher,2025,M,39,Premier League,47,Tottenham,1862.0,35,6.735821697099893,86.9466515323496,3.0,1.0,21.0,9.0,881.0,17.0,39.0,7.0,29.0,228.0,104.0,36.0,15.0,22.0,32.0,43.0,3.0,4,0,0.1450053705692803,0.0483351235230934,1.0150375939849623,0.435016111707841,42.58324382384533,0.8216970998925887,1.8850698174006444,0.3383458646616541,1.40171858216971,11.020408163265303,5.026852846401719,1.7400644468313642,0.7250268528464018,1.0633727175080558,1.5467239527389902,2.0784103114930184,0.1450053705692803,0.1933404940923737,0.0,42.85714285714285,45.614035087719294,41.66666666666667,1,1.8550286895395576
70747,Julio Enciso,2025,M,61,Ligue 1,95,Strasbourg,1892.0,27,7.141014799154334,83.80503144654088,3.0,6.0,43.0,22.0,636.0,29.0,21.0,1.0,7.0,246.0,118.0,96.0,54.0,8.0,31.0,20.0,5.0,2,0,0.1427061310782241,0.2854122621564482,2.0454545454545454,1.0465116279069768,30.253699788583507,1.379492600422833,0.9989429175475688,0.047568710359408,0.3329809725158562,11.701902748414376,5.613107822410148,4.5665961945031714,2.568710359408034,0.3805496828752643,1.4746300211416492,0.9513742071881608,0.2378435517970401,0.095137420718816,0.0,51.16279069767442,47.96747967479675,56.25,0,2.033210699472062
80752,Tanner Tessmann,2025,M,61,Ligue 1,80,Lyon,1960.0,29,6.909642857142857,85.97616865261229,1.0,0.0,22.0,8.0,1091.0,13.0,29.0,13.0,14.0,159.0,82.0,18.0,9.0,13.0,19.0,21.0,3.0,2,0,0.0459183673469387,0.0,1.010204081632653,0.3673469387755102,50.0969387755102,0.596938775510204,1.3316326530612246,0.596938775510204,0.6428571428571428,7.301020408163265,3.76530612244898,0.826530612244898,0.413265306122449,0.596938775510204,0.8724489795918368,0.9642857142857144,0.1377551020408163,0.0918367346938775,0.0,36.36363636363637,51.57232704402516,50.0,1,1.705140958934649
83831,Ilan Kebbal,2025,M,61,Ligue 1,114,Paris FC,2229.0,29,7.516599371915658,86.08391608391608,9.0,4.0,41.0,20.0,1430.0,61.0,32.0,0.0,8.0,258.0,126.0,71.0,32.0,19.0,61.0,15.0,3.0,7,0,0.3633916554508748,0.161507402422611,1.6554508748317631,0.8075370121130552,57.738896366083445,2.4629878869448185,1.2920592193808882,0.0,0.323014804845222,10.417227456258413,5.087483176312247,2.8667563930013458,1.2920592193808882,0.7671601615074025,2.4629878869448185,0.6056527590847914,0.1211305518169582,0.2826379542395693,0.0,48.78048780487805,48.837209302325576,45.07042253521127,0,2.7380685898935053
84086,Robert Navarro,2025,M,140,La Liga,531,Athletic Club,1311.0,32,6.670480549199085,80.76923076923077,6.0,1.0,18.0,9.0,416.0,24.0,16.0,1.0,7.0,183.0,64.0,54.0,23.0,4.0,16.0,18.0,4.0,1,0,0.4118993135011441,0.068649885583524,1.2356979405034323,0.6178489702517163,28.558352402745992,1.647597254004577,1.0983981693363845,0.068649885583524,0.4805491990846682,12.562929061784896,4.393592677345538,3.7070938215102975,1.5789473684210529,0.2745995423340961,1.0983981693363845,1.2356979405034323,0.2745995423340961,0.068649885583524,0.0,50.0,34.97267759562842,42.5925925925926,0,1.3602080331418958
84218,Adama Camara,2025,M,61,Ligue 1,114,Paris FC,2171.0,29,6.759005066789498,85.96491228070175,1.0,0.0,14.0,5.0,912.0,16.0,58.0,12.0,39.0,212.0,111.0,20.0,9.0,15.0,19.0,26.0,0.0,8,0,0.0414555504375863,0.0,0.5803777061262091,0.2072777521879318,37.80746199907877,0.6632888070013818,2.404421925380009,0.4974666052510364,1.616766467065868,8.78857669276831,4.601566098572087,0.8291110087517273,0.3730999539382773,0.6218332565637955,0.787655458314141,1.0778443113772456,0.0,0.3316444035006909,0.0,35.714285714285715,52.358490566037744,45.0,1,1.9750985867191755
89520,Mikael Ellertsson,2025,M,135,Serie A,495,Genoa,2777.0,36,6.5777457688152685,75.66718995290424,1.0,1.0,18.0,6.0,638.0,16.0,44.0,8.0,15.0,236.0,108.0,40.0,11.0,24.0,42.0,28.0,1.0,1,1,0.0324090745408714,0.0324090745408714,0.583363341735686,0.1944544472452286,20.67698955707598,0.5185451926539432,1.4259992797983436,0.2592725963269716,0.4861361181130716,7.648541591645661,3.5001800504141163,1.296362981634858,0.3564998199495859,0.7778177889809146,1.3611811307166006,0.9074540871444003,0.0324090745408714,0.0324090745408714,0.0324090745408714,33.33333333333333,45.76271186440678,27.500000000000004,1,2.433045364746875
90594,Eric Ebimbe,2025,M,61,Ligue 1,106,Stade Brestois 29,1180.0,27,6.607627118644068,76.81159420289855,5.0,0.0,17.0,9.0,276.0,8.0,25.0,0.0,6.0,134.0,52.0,17.0,3.0,14.0,15.0,22.0,3.0,3,0,0.3813559322033898,0.0,1.2966101694915255,0.6864406779661018,21.05084745762712,0.6101694915254237,1.906779661016949,0.0,0.4576271186440677,10.220338983050848,3.9661016949152543,1.2966101694915255,0.2288135593220338,1.0677966101694916,1.1440677966101696,1.6779661016949154,0.2288135593220338,0.2288135593220338,0.0,52.94117647058824,38.80597014925373,17.647058823529413,0,2.417915051003965
91358,Emanuele Valeri,2025,M,135,Serie A,523,Parma,2645.0,34,6.913497164461248,73.10252996005326,0.0,2.0,15.0,5.0,751.0,51.0,47.0,3.0,22.0,213.0,102.0,34.0,15.0,26.0,26.0,23.0,3.0,2,0,0.0,0.0680529300567107,0.5103969754253308,0.1701323251417769,25.553875236294896,1.735349716446125,1.5992438563327034,0.1020793950850661,0.7485822306238185,7.247637051039697,3.47069943289225,1.1568998109640831,0.5103969754253308,0.88468809073724,0.88468809073724,0.782608695652174,0.1020793950850661,0.0680529300567107,0.0,33.33333333333333,47.88732394366197,44.11764705882353,1,2.0061561066162765
91422,Raoul Bellanova,2025,M,135,Serie A,499,Atalanta,1387.0,24,6.691997116077865,88.9090909090909,0.0,1.0,8.0,5.0,550.0,21.0,18.0,3.0,9.0,87.0,48.0,13.0,9.0,7.0,12.0,5.0,2.0,2,0,0.0,0.0648882480173035,0.5191059841384282,0.3244412400865176,35.68853640951694,1.362653208363374,1.1679884643114635,0.1946647440519106,0.5839942321557318,5.645277577505407,3.1146359048305694,0.8435472242249459,0.5839942321557318,0.4542177361211247,0.7786589762076424,0.3244412400865176,0.129776496034607,0.129776496034607,0.0,62.5,55.172413793103445,69.23076923076923,1,2.1210767147696035
104821,Jon Guridi,2025,M,140,La Liga,542,Alaves,1259.0,28,6.583293556085918,82.16704288939052,0.0,0.0,11.0,4.0,443.0,11.0,29.0,2.0,10.0,143.0,65.0,19.0,8.0,17.0,8.0,15.0,2.0,1,0,0.0,0.0,0.7863383637807784,0.2859412231930103,31.66799046862589,0.7863383637807784,2.073073868149325,0.1429706115965051,0.7148530579825257,10.222398729150118,4.646544876886418,1.3582208101667992,0.5718824463860206,1.215250198570294,0.5718824463860206,1.072279586973789,0.1429706115965051,0.0714853057982525,0.0,36.36363636363637,45.45454545454545,42.10526315789473,1,1.4772525685042128
104949,Pablo Martínez,2025,M,140,La Liga,539,Levante,1865.0,27,6.901662198391422,78.51959361393324,1.0,5.0,18.0,4.0,689.0,36.0,18.0,12.0,19.0,143.0,57.0,33.0,14.0,13.0,12.0,31.0,4.0,3,0,0.0482573726541555,0.2412868632707774,0.868632707774799,0.193029490616622,33.24932975871314,1.737265415549598,0.868632707774799,0.5790884718498659,0.9168900804289544,6.900804289544236,2.7506702412868638,1.5924932975871315,0.675603217158177,0.6273458445040214,0.5790884718498659,1.4959785522788205,0.193029490616622,0.1447721179624664,0.0,22.22222222222222,39.86013986013986,42.42424242424242,1,2.3830853413856983
106727,Oriol Rey,2025,M,140,La Liga,539,Levante,1327.0,20,6.710474755086661,87.5,0.0,1.0,5.0,1.0,576.0,10.0,20.0,5.0,10.0,106.0,49.0,2.0,1.0,17.0,14.0,23.0,0.0,4,0,0.0,0.0678221552373775,0.3391107761868877,0.0678221552373775,39.065561416729466,0.6782215523737755,1.356443104747551,0.3391107761868877,0.6782215523737755,7.189148455162019,3.3232856066314995,0.1356443104747551,0.0678221552373775,1.152976639035418,0.9495101733232856,1.5599095704596837,0.0,0.2712886209495102,0.0,20.0,46.22641509433962,50.0,1,1.755636415891025
106835,Kaoru Mitoma,2025,M,39,Premier League,51,Brighton,1721.0,25,6.827367809413131,82.51748251748252,3.0,1.0,24.0,13.0,572.0,31.0,18.0,1.0,8.0,204.0,81.0,62.0,27.0,17.0,21.0,31.0,4.0,5,0,0.1568855316676351,0.052295177222545,1.2550842533410809,0.6798373038930854,29.912841371295755,1.621150493898896,0.9413131900058106,0.052295177222545,0.4183614177803602,10.668216153399186,4.235909355026148,3.242300987797792,1.4119697850087158,0.8890180127832655,1.0981987216734457,1.621150493898896,0.2091807088901801,0.2614758861127251,0.0,54.16666666666666,39.70588235294117,43.54838709677419,0,1.3016006363946302
107194,Antonio Sánchez,2025,M,140,La Liga,798,Mallorca,1088.0,30,6.603584558823529,78.57142857142857,0.0,0.0,6.0,3.0,378.0,12.0,20.0,3.0,15.0,105.0,40.0,12.0,5.0,17.0,10.0,16.0,1.0,5,1,0.0,0.0,0.4963235294117647,0.2481617647058823,31.26838235294117,0.9926470588235294,1.6544117647058825,0.2481617647058823,1.2408088235294117,8.685661764705882,3.308823529411765,0.9926470588235294,0.4136029411764706,1.40625,0.8272058823529412,1.3235294117647058,0.0827205882352941,0.4136029411764706,0.0827205882352941,50.0,38.095238095238095,41.66666666666667,1,1.3196696392190344
116117,Moisés Caicedo,2025,M,39,Premier League,49,Chelsea,2802.0,33,7.210206995003569,91.71943497320991,3.0,1.0,14.0,7.0,2053.0,19.0,87.0,15.0,59.0,309.0,172.0,28.0,15.0,24.0,55.0,54.0,0.0,11,1,0.0963597430406852,0.032119914346895,0.449678800856531,0.2248394004282655,65.94218415417559,0.6102783725910065,2.7944325481798717,0.4817987152034261,1.8950749464668093,9.925053533190578,5.524625267665953,0.8993576017130621,0.4817987152034261,0.7708779443254818,1.7665952890792291,1.734475374732334,0.0,0.3533190578158458,0.032119914346895,50.0,55.663430420711975,53.57142857142857,1,3.387957921885933
118956,Lameck Banda,2025,M,135,Serie A,867,Lecce,1760.0,32,6.790625,80.11695906432749,5.0,4.0,24.0,15.0,342.0,24.0,27.0,0.0,7.0,288.0,121.0,87.0,34.0,17.0,49.0,44.0,3.0,5,1,0.2556818181818182,0.2045454545454545,1.2272727272727273,0.7670454545454545,17.488636363636363,1.2272727272727273,1.380681818181818,0.0,0.3579545454545454,14.727272727272728,6.187500000000001,4.448863636363637,1.7386363636363635,0.8693181818181818,2.505681818181818,2.25,0.1534090909090909,0.2556818181818182,0.0511363636363636,62.5,42.01388888888889,39.08045977011494,0,2.598299181529476
125239,Kervin Arriaga,2025,M,140,La Liga,539,Levante,1544.0,27,7.06068652849741,82.93706293706293,3.0,3.0,12.0,6.0,715.0,7.0,41.0,14.0,14.0,204.0,116.0,19.0,8.0,10.0,22.0,22.0,2.0,8,1,0.1748704663212435,0.1748704663212435,0.6994818652849741,0.349740932642487,41.67746113989637,0.4080310880829015,2.389896373056995,0.816062176165803,0.816062176165803,11.89119170984456,6.761658031088083,1.1075129533678756,0.466321243523316,0.582901554404145,1.2823834196891193,1.2823834196891193,0.116580310880829,0.466321243523316,0.0582901554404145,50.0,56.86274509803921,42.10526315789473,1,1.8139064814562817
126642,Patrick Wimmer,2025,M,78,Bundesliga,161,VfL Wolfsburg,1634.0,25,6.9785801713586295,65.58044806517312,4.0,3.0,19.0,8.0,494.0,16.0,47.0,2.0,25.0,321.0,149.0,75.0,38.0,22.0,33.0,28.0,2.0,4,0,0.2203182374541003,0.1652386780905752,1.0465116279069768,0.4406364749082007,27.209302325581397,0.8812729498164014,2.5887392900856794,0.1101591187270501,1.3769889840881273,17.680538555691555,8.206854345165238,4.130966952264382,2.0930232558139537,1.211750305997552,1.817625458996328,1.5422276621787023,0.1101591187270501,0.2203182374541003,0.0,42.10526315789473,46.41744548286604,50.66666666666667,0,3.932894337195466
126974,Omri Gandelman,2025,M,135,Serie A,867,Lecce,978.0,19,6.525486182190378,64.31535269709543,2.0,1.0,7.0,3.0,243.0,7.0,9.0,1.0,4.0,184.0,69.0,11.0,2.0,5.0,3.0,13.0,1.0,0,0,0.1840490797546012,0.0920245398773006,0.6441717791411044,0.2760736196319018,22.36196319018405,0.6441717791411044,0.8282208588957056,0.0920245398773006,0.3680981595092025,16.932515337423315,6.349693251533742,1.012269938650307,0.1840490797546012,0.4601226993865031,0.2760736196319018,1.196319018404908,0.0920245398773006,0.0,0.0,42.85714285714285,37.5,18.181818181818183,0,4.078856863648659
126980,Tommaso Barbieri,2025,M,135,Serie A,520,Cremonese,1713.0,29,6.824460011675423,73.32089552238806,0.0,1.0,9.0,2.0,536.0,10.0,45.0,8.0,13.0,231.0,112.0,33.0,16.0,23.0,26.0,40.0,1.0,8,0,0.0,0.052539404553415,0.4728546409807355,0.1050788091068301,28.161120840630478,0.5253940455341506,2.364273204903678,0.4203152364273205,0.6830122591943958,12.13660245183888,5.884413309982487,1.733800350262697,0.840630472854641,1.2084063047285465,1.3660245183887916,2.1015761821366024,0.052539404553415,0.4203152364273205,0.0,22.22222222222222,48.48484848484848,48.48484848484848,1,2.2751771693881726
127011,Andrea Cambiaso,2025,M,135,Serie A,496,Juventus,2794.0,36,6.917895490336436,88.02588996763754,3.0,4.0,23.0,13.0,1545.0,56.0,61.0,7.0,20.0,202.0,100.0,27.0,9.0,20.0,21.0,29.0,2.0,3,0,0.0966356478167501,0.1288475304223335,0.7408732999284181,0.4187544738725841,49.76735862562634,1.80386542591267,1.9649248389405871,0.2254831782390837,0.6442376521116678,6.506800286327845,3.2211882605583395,0.8697208303507515,0.2899069434502505,0.6442376521116678,0.6764495347172512,0.9341445955619184,0.0644237652111667,0.0966356478167501,0.0,56.52173913043478,49.50495049504951,33.33333333333333,1,1.8270400813116274
127426,Pol Lozano,2025,M,140,La Liga,540,Espanyol,2182.0,33,6.749450045829514,87.08994708994709,2.0,1.0,9.0,5.0,945.0,23.0,38.0,6.0,22.0,215.0,82.0,11.0,3.0,31.0,30.0,64.0,0.0,12,1,0.0824931255728689,0.0412465627864344,0.3712190650779101,0.2062328139321723,38.97800183318057,0.9486709440879926,1.5673693858845097,0.2474793767186067,0.9074243813015582,8.86801099908341,3.382218148487626,0.4537121906507791,0.1237396883593033,1.2786434463794685,1.2373968835930338,2.639780018331806,0.0,0.4949587534372135,0.0412465627864344,55.55555555555556,38.13953488372093,27.27272727272727,1,1.1130772303395753
127619,Jan Schöppner,2025,M,78,Bundesliga,180,1. FC Heidenheim,2260.0,31,6.660929203539824,68.00573888091822,3.0,3.0,15.0,7.0,697.0,14.0,32.0,11.0,34.0,247.0,107.0,32.0,11.0,31.0,17.0,20.0,3.0,5,0,0.1194690265486725,0.1194690265486725,0.5973451327433629,0.2787610619469026,27.756637168141594,0.5575221238938053,1.2743362831858407,0.4380530973451327,1.3539823008849556,9.836283185840708,4.261061946902655,1.2743362831858407,0.4380530973451327,1.2345132743362832,0.6769911504424778,0.7964601769911505,0.1194690265486725,0.1991150442477876,0.0,46.66666666666666,43.31983805668016,34.375,1,2.1012322188455466
128287,Joris Chotard,2025,M,61,Ligue 1,106,Stade Brestois 29,2777.0,33,6.930320489737126,80.92436974789916,2.0,1.0,18.0,8.0,1190.0,11.0,66.0,14.0,47.0,194.0,107.0,12.0,4.0,30.0,12.0,28.0,0.0,2,0,0.0648181490817429,0.0324090745408714,0.583363341735686,0.2592725963269716,38.56679870363702,0.3564998199495859,2.138998919697515,0.4537270435722002,1.5232265034209578,6.287360460929061,3.467770975873244,0.3889088944904573,0.1296362981634858,0.9722722362261432,0.3889088944904573,0.9074540871444003,0.0,0.0648181490817429,0.0,44.44444444444444,55.154639175257735,33.33333333333333,1,2.359648799924877
128342,Rassoul Ndiaye,2025,M,61,Ligue 1,111,Le Havre,2573.0,33,7.050913330742324,83.89339513325609,4.0,4.0,22.0,9.0,863.0,29.0,68.0,2.0,16.0,262.0,142.0,40.0,22.0,38.0,37.0,22.0,6.0,2,0,0.1399144966964632,0.1399144966964632,0.7695297318305481,0.3148076175670423,30.186552662261956,1.0143801010493587,2.378546443839876,0.0699572483482316,0.5596579867858531,9.164399533618344,4.966964632724446,1.3991449669646328,0.7695297318305481,1.3291877186164012,1.2942090944422853,0.7695297318305481,0.2098717450446949,0.0699572483482316,0.0,40.909090909090914,54.19847328244275,55.00000000000001,1,1.6221815308791174
128384,Vitinha,2025,M,61,Ligue 1,85,Paris Saint Germain,2121.0,29,7.665252239509665,93.76594969012032,1.0,7.0,24.0,10.0,2743.0,34.0,24.0,5.0,27.0,105.0,62.0,18.0,13.0,14.0,21.0,14.0,0.0,1,0,0.0424328147100424,0.297029702970297,1.0183875530410185,0.4243281471004244,116.3932107496464,1.4427157001414428,1.0183875530410185,0.2121640735502122,1.1456859971711455,4.455445544554456,2.630834512022631,0.7637906647807637,0.5516265912305516,0.594059405940594,0.8910891089108911,0.594059405940594,0.0,0.0424328147100424,0.0,41.66666666666667,59.04761904761905,72.22222222222221,1,5.595239147503474
128398,Oihan Sancet,2025,M,140,La Liga,531,Athletic Club,1803.0,28,6.561231281198003,81.3758389261745,4.0,0.0,37.0,15.0,596.0,27.0,25.0,2.0,4.0,199.0,88.0,30.0,16.0,8.0,28.0,28.0,0.0,4,1,0.1996672212978369,0.0,1.846921797004992,0.7487520798668885,29.750415973377702,1.3477537437603997,1.2479201331114809,0.0998336106489184,0.1996672212978369,9.933444259567388,4.392678868552412,1.497504159733777,0.7986688851913478,0.3993344425956739,1.3976705490848589,1.3976705490848589,0.0,0.1996672212978369,0.0499168053244592,40.54054054054054,44.221105527638194,53.333333333333336,0,1.8416094842109372
128533,Jamie Leweling,2025,M,78,Bundesliga,172,VfB Stuttgart,2375.0,32,7.0540631578947375,77.48344370860927,7.0,9.0,30.0,18.0,755.0,41.0,22.0,2.0,14.0,225.0,108.0,68.0,31.0,10.0,44.0,17.0,15.0,4,0,0.2652631578947368,0.3410526315789473,1.136842105263158,0.6821052631578947,28.610526315789475,1.5536842105263158,0.8336842105263159,0.0757894736842105,0.5305263157894737,8.526315789473685,4.092631578947369,2.576842105263158,1.174736842105263,0.3789473684210526,1.6673684210526318,0.6442105263157895,0.5684210526315789,0.151578947368421,0.0,60.0,48.0,45.588235294117645,0,1.5929807883473455
128853,Derrick Köhn,2025,M,78,Bundesliga,182,Union Berlin,1910.0,29,6.827225130890052,76.30161579892281,1.0,2.0,19.0,5.0,557.0,26.0,34.0,5.0,8.0,152.0,67.0,26.0,11.0,9.0,16.0,33.0,6.0,5,1,0.0471204188481675,0.0942408376963351,0.8952879581151831,0.2356020942408377,26.246073298429323,1.225130890052356,1.6020942408376964,0.2356020942408377,0.3769633507853404,7.162303664921465,3.157068062827225,1.225130890052356,0.5183246073298429,0.4240837696335078,0.7539267015706808,1.5549738219895288,0.2827225130890052,0.2356020942408377,0.0471204188481675,26.31578947368421,44.07894736842105,42.30769230769231,1,2.1656945205038545
128985,Iker Losada,2025,M,140,La Liga,539,Levante,909.0,23,6.727392739273928,71.36563876651982,3.0,1.0,11.0,4.0,228.0,11.0,13.0,2.0,11.0,70.0,29.0,15.0,6.0,8.0,7.0,6.0,3.0,1,0,0.297029702970297,0.099009900990099,1.089108910891089,0.396039603960396,22.574257425742573,1.089108910891089,1.2871287128712872,0.198019801980198,1.089108910891089,6.930693069306932,2.871287128712871,1.485148514851485,0.594059405940594,0.792079207920792,0.693069306930693,0.594059405940594,0.297029702970297,0.099009900990099,0.0,36.36363636363637,41.42857142857143,40.0,1,2.1904209003699897
128987,Salis Abdul Samed,2025,M,61,Ligue 1,84,Nice,933.0,19,6.502036441586281,91.8552036199095,0.0,0.0,1.0,0.0,442.0,1.0,11.0,1.0,10.0,79.0,29.0,8.0,2.0,7.0,10.0,19.0,0.0,3,0,0.0,0.0,0.0964630225080385,0.0,42.636655948553056,0.0964630225080385,1.0610932475884245,0.0964630225080385,0.964630225080386,7.620578778135049,2.797427652733119,0.7717041800643086,0.1929260450160771,0.6752411575562701,0.964630225080386,1.832797427652733,0.0,0.2893890675241157,0.0,0.0,36.70886075949368,25.0,1,2.3514157296815674
129142,Ilia Gruev,2025,M,39,Premier League,63,Leeds,1334.0,23,6.790547636909228,89.55479452054794,0.0,3.0,6.0,1.0,584.0,11.0,24.0,6.0,15.0,113.0,52.0,7.0,6.0,19.0,9.0,16.0,0.0,3,0,0.0,0.2023988005997001,0.4047976011994003,0.0674662668665667,39.400299850074965,0.7421289355322339,1.6191904047976011,0.4047976011994003,1.0119940029985008,7.623688155922038,3.5082458770614693,0.472263868065967,0.4047976011994003,1.2818590704647677,0.6071964017991005,1.0794602698650675,0.0,0.2023988005997001,0.0,16.666666666666664,46.017699115044245,85.71428571428571,1,1.298481928215712
129678,Azzedine Ounahi,2025,M,140,La Liga,547,Girona,1766.0,24,7.261608154020385,85.6670341786108,5.0,2.0,35.0,19.0,907.0,36.0,23.0,1.0,16.0,310.0,159.0,132.0,69.0,23.0,63.0,18.0,1.0,7,0,0.2548131370328426,0.101925254813137,1.783691959229898,0.9682899207248018,46.22310305775765,1.8346545866364663,1.1721404303510758,0.0509626274065685,0.8154020385050963,15.79841449603624,8.103057757644393,6.727066817667044,3.5164212910532275,1.1721404303510758,3.2106455266138165,0.9173272933182332,0.0509626274065685,0.3567383918459796,0.0,54.285714285714285,51.29032258064517,52.27272727272727,0,4.426133610148799
129682,Amine Adli,2025,M,39,Premier League,35,Bournemouth,1106.0,31,6.972398190045247,77.23970944309927,3.0,1.0,14.0,9.0,413.0,16.0,36.0,2.0,7.0,180.0,96.0,22.0,8.0,7.0,22.0,29.0,5.0,2,0,0.244122965641953,0.081374321880651,1.139240506329114,0.732368896925859,33.60759493670886,1.301989150090416,2.929475587703436,0.162748643761302,0.569620253164557,14.64737793851718,7.811934900542496,1.790235081374322,0.650994575045208,0.569620253164557,1.790235081374322,2.359855334538879,0.406871609403255,0.162748643761302,0.0,64.28571428571429,53.333333333333336,36.36363636363637,0,2.722617317886107
129718,Jude Bellingham,2025,M,140,La Liga,541,Real Madrid,1917.0,28,7.338413361169102,89.20985556499575,6.0,4.0,32.0,26.0,1177.0,36.0,51.0,2.0,14.0,307.0,177.0,67.0,37.0,13.0,55.0,33.0,4.0,3,0,0.2816901408450704,0.1877934272300469,1.5023474178403755,1.220657276995305,55.25821596244132,1.6901408450704225,2.3943661971830985,0.0938967136150234,0.6572769953051643,14.413145539906102,8.309859154929578,3.1455399061032865,1.7370892018779345,0.6103286384976525,2.582159624413145,1.5492957746478873,0.1877934272300469,0.1408450704225352,0.0,81.25,57.65472312703584,55.223880597014926,0,2.7855412807383475
131546,Isi Palazón,2025,M,140,La Liga,728,Rayo Vallecano,2262.0,31,6.733244916003538,82.548794489093,3.0,3.0,37.0,16.0,871.0,39.0,29.0,6.0,3.0,273.0,123.0,48.0,23.0,23.0,51.0,36.0,6.0,10,1,0.1193633952254641,0.1193633952254641,1.4721485411140585,0.636604774535809,34.6551724137931,1.5517241379310345,1.1538461538461535,0.2387267904509283,0.1193633952254641,10.862068965517242,4.893899204244032,1.909814323607427,0.9151193633952256,0.9151193633952256,2.029177718832891,1.4323607427055702,0.2387267904509283,0.3978779840848807,0.039787798408488,43.24324324324324,45.05494505494506,47.91666666666667,0,1.5389209290897221
133609,Pedri,2025,M,140,La Liga,529,Barcelona,2107.0,29,7.604746084480304,91.58150851581507,2.0,9.0,16.0,10.0,2055.0,64.0,50.0,2.0,24.0,229.0,140.0,55.0,37.0,31.0,43.0,9.0,1.0,2,1,0.0854295206454675,0.3844328429046037,0.68343616516374,0.4271476032273374,87.77883246321784,2.73374466065496,2.135738016136687,0.0854295206454675,1.02515424774561,9.781680113906027,5.980066445182724,2.349311817750356,1.5804461319411487,1.324157570004746,1.8367346938775508,0.3844328429046037,0.0427147603227337,0.0854295206454675,0.0427147603227337,62.5,61.135371179039296,67.27272727272727,1,4.436391237343591
135749,Félix Correia,2025,M,61,Ligue 1,79,Lille,2068.0,34,6.980599903241413,78.72832369942196,4.0,5.0,26.0,9.0,865.0,38.0,29.0,2.0,21.0,178.0,84.0,48.0,17.0,12.0,28.0,14.0,3.0,2,0,0.1740812379110251,0.2176015473887814,1.1315280464216635,0.3916827852998066,37.64506769825918,1.653771760154739,1.2620889748549324,0.0870406189555125,0.913926499032882,7.746615087040619,3.655705996131528,2.0889748549323017,0.7398452611218568,0.5222437137330754,1.218568665377176,0.6092843326885881,0.1305609284332688,0.0870406189555125,0.0,34.61538461538461,47.19101123595505,35.41666666666667,1,1.9504977016423102
136087,Fabiano Parisi,2025,M,135,Serie A,502,Fiorentina,1527.0,23,7.058153241650294,84.97652582159625,1.0,1.0,16.0,7.0,639.0,19.0,21.0,6.0,20.0,211.0,124.0,55.0,31.0,8.0,66.0,14.0,1.0,6,0,0.0589390962671905,0.0589390962671905,0.9430255402750491,0.412573673870334,37.66208251473478,1.119842829076621,1.237721021611002,0.3536345776031434,1.1787819253438114,12.43614931237721,7.30844793713163,3.2416502946954813,1.827111984282908,0.4715127701375246,3.8899803536345776,0.825147347740668,0.0589390962671905,0.3536345776031434,0.0,43.75,58.767772511848335,56.36363636363636,0,3.968311091480974
137210,Angelo Stiller,2025,M,78,Bundesliga,172,VfB Stuttgart,2750.0,34,7.277345454545455,88.10648346930013,2.0,5.0,12.0,8.0,2329.0,56.0,49.0,7.0,30.0,240.0,140.0,24.0,14.0,17.0,44.0,18.0,0.0,1,0,0.0654545454545454,0.1636363636363636,0.3927272727272727,0.2618181818181818,76.22181818181818,1.8327272727272728,1.6036363636363635,0.2290909090909091,0.981818181818182,7.854545454545455,4.581818181818182,0.7854545454545455,0.4581818181818182,0.5563636363636364,1.44,0.5890909090909091,0.0,0.0327272727272727,0.0,66.66666666666666,58.333333333333336,58.333333333333336,1,2.802075424305957
138908,Elliot Anderson,2025,M,39,Premier League,65,Nottingham Forest,3334.0,38,7.353569286142772,85.52852348993288,4.0,4.0,26.0,10.0,2384.0,55.0,104.0,16.0,41.0,542.0,297.0,92.0,50.0,40.0,80.0,57.0,2.0,8,0,0.1079784043191361,0.1079784043191361,0.7018596280743851,0.2699460107978405,64.35512897420516,1.4847030593881223,2.8074385122975403,0.4319136172765446,1.1067786442711458,14.63107378524295,8.017396520695861,2.483503299340132,1.349730053989202,1.079784043191362,2.159568086382724,1.5386922615476903,0.053989202159568,0.2159568086382723,0.0,38.46153846153847,54.79704797047971,54.34782608695652,1,3.6845792571123575
139001,Pablo Ibáñez,2025,M,140,La Liga,542,Alaves,2253.0,37,6.716333777185973,85.72844400396433,1.0,1.0,32.0,13.0,1009.0,19.0,58.0,10.0,22.0,361.0,181.0,71.0,31.0,28.0,66.0,38.0,3.0,7,0,0.0399467376830892,0.0399467376830892,1.2782956058588548,0.5193075898801598,40.30625832223701,0.7589880159786951,2.316910785619174,0.3994673768308922,0.8788282290279628,14.420772303595207,7.230359520639148,2.8362183754993344,1.2383488681757655,1.118508655126498,2.6364846870838883,1.5179760319573905,0.1198402130492676,0.2796271637816245,0.0,40.625,50.13850415512465,43.66197183098591,0,2.7754200614728735
143831,Robin Fellhauer,2025,M,78,Bundesliga,170,FC Augsburg,2810.0,34,6.8323843416370105,75.63676633444075,3.0,2.0,24.0,9.0,903.0,31.0,57.0,9.0,24.0,275.0,144.0,34.0,15.0,30.0,33.0,24.0,6.0,2,0,0.096085409252669,0.0640569395017793,0.7686832740213524,0.2882562277580071,28.92170818505338,0.99288256227758,1.825622775800712,0.2882562277580071,0.7686832740213524,8.807829181494663,4.612099644128114,1.0889679715302492,0.4804270462633452,0.9608540925266904,1.0569395017793597,0.7686832740213524,0.1921708185053381,0.0640569395017793,0.0,37.5,52.36363636363637,44.11764705882353,1,1.2112072687848812
144740,Fisayo Dele-Bashiru,2025,M,135,Serie A,487,Lazio,1185.0,24,6.5229535864978905,92.20489977728286,1.0,0.0,8.0,2.0,449.0,11.0,19.0,0.0,3.0,74.0,31.0,13.0,5.0,3.0,3.0,8.0,2.0,0,0,0.0759493670886076,0.0,0.6075949367088608,0.1518987341772152,34.10126582278481,0.8354430379746836,1.4430379746835442,0.0,0.2278481012658227,5.620253164556962,2.354430379746835,0.9873417721518988,0.3797468354430379,0.2278481012658227,0.2278481012658227,0.6075949367088608,0.1518987341772152,0.0,0.0,25.0,41.891891891891895,38.46153846153847,1,2.6940435563444805
146586,Joel Chima Fujita,2025,M,78,Bundesliga,186,FC St. Pauli,2671.0,32,6.733620366903781,76.70068027210884,1.0,3.0,21.0,7.0,1176.0,30.0,68.0,4.0,33.0,312.0,148.0,85.0,47.0,36.0,19.0,37.0,4.0,6,0,0.0336952452265069,0.1010857356795207,0.7076001497566455,0.2358667165855484,39.62560838637214,1.0108573567952075,2.291276675402471,0.1347809809060277,1.1119430924747284,10.51291651067016,4.986896293523025,2.8640958442530886,1.5836765256458254,1.2130288281542494,0.6402096593036316,1.2467240733807563,0.1347809809060277,0.2021714713590415,0.0,33.33333333333333,47.43589743589743,55.294117647058826,1,1.7519504535099093
148099,Kiernan Dewsbury-Hall,2025,M,39,Premier League,45,Everton,2635.0,31,7.179127134724857,82.45614035087719,8.0,4.0,28.0,15.0,1026.0,37.0,52.0,4.0,12.0,291.0,147.0,50.0,27.0,19.0,48.0,32.0,2.0,6,0,0.2732447817836812,0.1366223908918406,0.9563567362428842,0.5123339658444023,35.04364326375712,1.2637571157495255,1.776091081593928,0.1366223908918406,0.4098671726755218,9.939278937381404,5.020872865275142,1.7077798861480076,0.922201138519924,0.6489563567362429,1.6394686907020872,1.092979127134725,0.0683111954459203,0.2049335863377609,0.0,53.57142857142857,50.51546391752577,54.0,0,1.519604423239456
148448,Arkadiusz Pyrka,2025,M,78,Bundesliga,186,FC St. Pauli,2580.0,31,6.679108527131784,73.36244541484717,0.0,1.0,9.0,3.0,916.0,24.0,39.0,11.0,24.0,203.0,99.0,44.0,16.0,11.0,31.0,17.0,0.0,3,0,0.0,0.0348837209302325,0.313953488372093,0.1046511627906976,31.953488372093023,0.8372093023255813,1.3604651162790695,0.3837209302325581,0.8372093023255813,7.081395348837209,3.453488372093024,1.5348837209302326,0.5581395348837209,0.3837209302325581,1.0813953488372092,0.5930232558139534,0.0,0.1046511627906976,0.0,33.33333333333333,48.76847290640394,36.36363636363637,1,1.6312103626104117
152982,Cole Palmer,2025,M,39,Premier League,49,Chelsea,1965.0,26,7.026666666666666,85.73170731707317,10.0,1.0,43.0,25.0,820.0,25.0,25.0,0.0,15.0,190.0,84.0,67.0,22.0,10.0,37.0,13.0,2.0,5,0,0.4580152671755725,0.0458015267175572,1.969465648854962,1.1450381679389312,37.55725190839695,1.1450381679389312,1.1450381679389312,0.0,0.6870229007633587,8.702290076335878,3.84732824427481,3.068702290076336,1.0076335877862594,0.4580152671755725,1.6946564885496185,0.5954198473282443,0.0916030534351145,0.2290076335877862,0.0,58.13953488372093,44.21052631578947,32.83582089552239,0,1.7478615935675246
156477,Rayan Cherki,2025,M,39,Premier League,50,Manchester City,1794.0,33,7.3186176142697885,86.49921507064364,4.0,12.0,32.0,13.0,1274.0,61.0,26.0,1.0,7.0,242.0,111.0,105.0,50.0,19.0,34.0,17.0,1.0,1,0,0.2006688963210702,0.6020066889632107,1.605351170568562,0.6521739130434783,63.91304347826088,3.060200668896321,1.3043478260869563,0.0501672240802675,0.3511705685618729,12.14046822742475,5.568561872909699,5.2675585284280935,2.508361204013378,0.9531772575250836,1.705685618729097,0.8528428093645485,0.0501672240802675,0.0501672240802675,0.0,40.625,45.867768595041326,47.61904761904761,0,3.822771607591177
157912,Boubacar Traoré,2025,M,61,Ligue 1,112,Metz,1391.0,20,6.725736879942486,86.65594855305466,1.0,0.0,15.0,3.0,622.0,4.0,47.0,1.0,14.0,177.0,92.0,26.0,18.0,14.0,5.0,32.0,0.0,4,0,0.0647016534867002,0.0,0.9705248023005032,0.1941049604601006,40.244428468727534,0.2588066139468009,3.04097771387491,0.0647016534867002,0.9058231488138032,11.45219266714594,5.95255212077642,1.6822429906542056,1.164629762760604,0.9058231488138032,0.3235082674335011,2.070452911574407,0.0,0.2588066139468009,0.0,20.0,51.9774011299435,69.23076923076923,1,2.64108505896455
157988,Sergio Carreira,2025,M,140,La Liga,538,Celta Vigo,2693.0,34,6.835475482912332,85.37392455327598,2.0,1.0,11.0,7.0,1511.0,19.0,32.0,3.0,24.0,202.0,104.0,54.0,26.0,13.0,36.0,20.0,2.0,2,0,0.0668399554400297,0.0334199777200148,0.3676197549201633,0.2339398440401039,50.49758633494244,0.6349795766802823,1.0694392870404752,0.1002599331600445,0.8020794652803565,6.750835499443,3.475677682881545,1.804678796880802,0.8689194207203863,0.4344597103601931,1.203119197920535,0.6683995544002971,0.0668399554400297,0.0668399554400297,0.0,63.63636363636363,51.48514851485149,48.14814814814815,1,1.9258738070658212
157997,Amad Diallo,2025,M,39,Premier League,33,Manchester United,2344.0,32,6.935665529010239,87.9424778761062,2.0,3.0,39.0,23.0,904.0,41.0,38.0,3.0,17.0,254.0,128.0,79.0,39.0,20.0,38.0,23.0,12.0,2,0,0.0767918088737201,0.1151877133105802,1.497440273037543,0.8831058020477816,34.7098976109215,1.5742320819112627,1.4590443686006824,0.1151877133105802,0.6527303754266212,9.752559726962458,4.914675767918089,3.0332764505119454,1.497440273037543,0.7679180887372014,1.4590443686006824,0.8831058020477816,0.4607508532423208,0.0767918088737201,0.0,58.97435897435898,50.39370078740157,49.36708860759494,0,0.7756358604495236
161569,Oliver Sørensen,2025,M,135,Serie A,523,Parma,1835.0,34,6.504362050163577,82.87937743190662,1.0,1.0,10.0,3.0,514.0,10.0,18.0,2.0,17.0,142.0,57.0,23.0,7.0,15.0,20.0,13.0,2.0,1,0,0.0490463215258855,0.0490463215258855,0.4904632152588555,0.1471389645776566,25.20980926430517,0.4904632152588555,0.8828337874659401,0.0980926430517711,0.8337874659400545,6.96457765667575,2.795640326975477,1.128065395095368,0.3433242506811989,0.7356948228882834,0.9809264305177112,0.6376021798365122,0.0980926430517711,0.0490463215258855,0.0,30.0,40.140845070422536,30.434782608695656,1,2.4036149026650016
161621,Loum Tchaouna,2025,M,39,Premier League,44,Burnley,1316.0,29,6.577583586626141,75.14619883040936,2.0,1.0,14.0,9.0,342.0,13.0,18.0,1.0,2.0,136.0,54.0,21.0,7.0,14.0,16.0,13.0,1.0,2,0,0.1367781155015197,0.0683890577507598,0.9574468085106382,0.6155015197568389,23.38905775075988,0.8890577507598784,1.2310030395136775,0.0683890577507598,0.1367781155015197,9.300911854103344,3.6930091185410334,1.4361702127659572,0.4787234042553191,0.9574468085106382,1.094224924012158,0.8890577507598784,0.0683890577507598,0.1367781155015197,0.0,64.28571428571429,39.70588235294117,33.33333333333333,0,2.4525710922745727
161933,Nico González,2025,M,39,Premier League,50,Manchester City,1575.0,25,7.0882539682539685,90.3201219512195,1.0,0.0,5.0,2.0,1312.0,11.0,42.0,6.0,25.0,190.0,105.0,17.0,12.0,10.0,18.0,30.0,0.0,6,0,0.0571428571428571,0.0,0.2857142857142857,0.1142857142857142,74.97142857142858,0.6285714285714286,2.4000000000000004,0.3428571428571428,1.4285714285714284,10.857142857142858,6.0,0.9714285714285716,0.6857142857142857,0.5714285714285714,1.0285714285714285,1.7142857142857144,0.0,0.3428571428571428,0.0,40.0,55.26315789473685,70.58823529411765,1,2.8398566492073702
161963,Germán Valera,2025,M,140,La Liga,797,Elche,2874.0,36,6.979471120389701,87.42411101474414,4.0,5.0,21.0,8.0,1153.0,46.0,55.0,8.0,23.0,313.0,176.0,79.0,38.0,13.0,71.0,40.0,4.0,4,1,0.1252609603340292,0.1565762004175365,0.6576200417536534,0.2505219206680584,36.10647181628392,1.440501043841336,1.7223382045929017,0.2505219206680584,0.7202505219206681,9.801670146137788,5.511482254697286,2.473903966597077,1.1899791231732777,0.407098121085595,2.223382045929019,1.2526096033402925,0.1252609603340292,0.1252609603340292,0.0313152400835073,38.095238095238095,56.23003194888179,48.10126582278481,0,1.8665764831578167
162016,Xavi Simons,2025,M,39,Premier League,47,Tottenham,1859.0,29,6.952716514254977,83.0952380952381,2.0,5.0,25.0,10.0,840.0,36.0,34.0,1.0,16.0,255.0,124.0,71.0,31.0,18.0,47.0,22.0,0.0,5,1,0.0968262506724045,0.2420656266810112,1.2103281334050564,0.4841312533620225,40.667025282409895,1.742872512103281,1.6460462614308766,0.0484131253362022,0.7746100053792361,12.345346960731575,6.00322754168908,3.4373318988703603,1.50080688542227,0.8714362560516407,2.275416890801506,1.0650887573964496,0.0,0.2420656266810112,0.0484131253362022,40.0,48.62745098039216,43.66197183098591,0,1.4478464578364072
162032,Miguel Gutiérrez,2025,M,135,Serie A,492,Napoli,1490.0,28,6.867360644728006,88.36915297092288,1.0,1.0,13.0,5.0,794.0,21.0,33.0,1.0,9.0,140.0,78.0,23.0,8.0,9.0,28.0,19.0,1.0,0,0,0.0604026845637583,0.0604026845637583,0.785234899328859,0.3020134228187919,47.95973154362416,1.2684563758389262,1.993288590604027,0.0604026845637583,0.5436241610738255,8.456375838926174,4.711409395973154,1.389261744966443,0.4832214765100671,0.5436241610738255,1.691275167785235,1.1476510067114094,0.0604026845637583,0.0,0.0,38.46153846153847,55.71428571428572,34.78260869565217,1,1.5545231637639212
162123,Ilaix Moriba,2025,M,140,La Liga,538,Celta Vigo,2495.0,36,6.861523046092184,88.30297219558965,2.0,3.0,14.0,5.0,1043.0,17.0,87.0,7.0,25.0,306.0,173.0,28.0,13.0,23.0,58.0,40.0,0.0,8,0,0.0721442885771543,0.1082164328657314,0.5050100200400801,0.1803607214428857,37.62324649298597,0.6132264529058117,3.1382765531062127,0.25250501002004,0.9018036072144288,11.03807615230461,6.240480961923847,1.0100200400801602,0.468937875751503,0.8296593186372745,2.092184368737475,1.442885771543086,0.0,0.2885771543086172,0.0,35.714285714285715,56.5359477124183,46.42857142857143,1,2.7310635242100023
162126,Peque Fernández,2025,M,140,La Liga,536,Sevilla,1012.0,26,6.924752475247525,81.5426997245179,2.0,1.0,11.0,6.0,364.0,15.0,13.0,1.0,1.0,175.0,96.0,44.0,18.0,10.0,48.0,15.0,1.0,7,0,0.1778656126482213,0.0889328063241106,0.9782608695652174,0.533596837944664,32.37154150197628,1.33399209486166,1.1561264822134387,0.0889328063241106,0.0889328063241106,15.563241106719367,8.537549407114623,3.9130434782608696,1.6007905138339922,0.8893280632411067,4.268774703557312,1.33399209486166,0.0889328063241106,0.6225296442687747,0.0,54.54545454545454,54.85714285714286,40.909090909090914,0,4.6343008743676
162127,Diego López,2025,M,140,La Liga,532,Valencia,1777.0,34,6.787450759707371,76.50485436893204,4.0,1.0,18.0,8.0,515.0,17.0,22.0,2.0,10.0,216.0,92.0,35.0,13.0,17.0,33.0,20.0,3.0,2,0,0.2025886325267304,0.0506471581316826,0.911648846370287,0.4051772650534609,26.083286437816543,0.8610016882386043,1.1142374788970175,0.1012943162633652,0.5064715813168261,10.939786156443445,4.6595385481148,1.7726505346088912,0.6584130557118739,0.8610016882386043,1.6713562183455264,1.0129431626336522,0.1519414743950478,0.1012943162633652,0.0,44.44444444444444,42.5925925925926,37.142857142857146,0,1.8234500012008916
162266,Lucas Da Cunha,2025,M,135,Serie A,895,Como,2748.0,36,7.17419941775837,90.25744573447754,6.0,4.0,30.0,16.0,1981.0,45.0,57.0,1.0,18.0,240.0,115.0,33.0,22.0,30.0,19.0,35.0,1.0,4,0,0.1965065502183406,0.131004366812227,0.982532751091703,0.5240174672489083,64.87991266375546,1.4737991266375543,1.866812227074236,0.0327510917030567,0.5895196506550218,7.860262008733624,3.766375545851529,1.0807860262008733,0.7205240174672489,0.982532751091703,0.6222707423580787,1.1462882096069869,0.0327510917030567,0.131004366812227,0.0,53.333333333333336,47.91666666666667,66.66666666666666,1,2.0468950948207825
162452,Devyne Rensch,2025,M,135,Serie A,497,AS Roma,1196.0,24,7.016204869857262,81.39963167587477,1.0,4.0,4.0,2.0,543.0,10.0,31.0,5.0,17.0,103.0,64.0,7.0,4.0,9.0,18.0,6.0,3.0,1,0,0.0752508361204013,0.3010033444816054,0.3010033444816054,0.1505016722408027,40.86120401337792,0.7525083612040133,2.3327759197324416,0.3762541806020066,1.279264214046823,7.750836120401337,4.816053511705686,0.5267558528428093,0.3010033444816054,0.677257525083612,1.354515050167224,0.451505016722408,0.225752508361204,0.0752508361204013,0.0,50.0,62.13592233009708,57.14285714285714,1,1.5383186689806256
162480,Eric Martel,2025,M,78,Bundesliga,192,1. FC Köln,2564.0,31,6.839352574102963,86.3091037402964,2.0,2.0,12.0,4.0,1417.0,14.0,46.0,22.0,35.0,345.0,186.0,4.0,2.0,25.0,51.0,42.0,0.0,12,1,0.0702028081123244,0.0702028081123244,0.421216848673947,0.1404056162246489,49.73868954758191,0.4914196567862715,1.6146645865834637,0.7722308892355695,1.2285491419656789,12.109984399375977,6.528861154446178,0.1404056162246489,0.0702028081123244,0.8775351014040562,1.7901716068642746,1.4742589703588145,0.0,0.421216848673947,0.0351014040561622,33.33333333333333,53.91304347826087,50.0,1,2.366231449579935
162590,Tyler Morton,2025,M,61,Ligue 1,80,Lyon,2524.0,29,7.143898573692552,87.79683377308707,2.0,2.0,14.0,8.0,1516.0,29.0,48.0,13.0,22.0,180.0,98.0,21.0,14.0,12.0,19.0,29.0,0.0,6,1,0.0713153724247226,0.0713153724247226,0.4992076069730586,0.2852614896988906,54.05705229793978,1.0340729001584783,1.711568938193344,0.4635499207606973,0.7844690966719493,6.418383518225039,3.4944532488114106,0.7488114104595879,0.4992076069730586,0.4278922345483359,0.6774960380348654,1.0340729001584783,0.0,0.2139461172741679,0.0356576862123613,57.14285714285714,54.44444444444444,66.66666666666666,1,1.4125688508618395
162686,Antonio Blanco,2025,M,140,La Liga,542,Alaves,3116.0,36,6.903818998716304,85.50408719346049,2.0,3.0,24.0,13.0,1835.0,22.0,93.0,11.0,53.0,406.0,192.0,31.0,23.0,65.0,43.0,71.0,2.0,9,0,0.0577663671373555,0.0866495507060333,0.693196405648267,0.3754813863928113,53.00064184852375,0.6354300385109114,2.6861360718870344,0.3177150192554557,1.530808729139923,11.726572528883183,5.545571245186136,0.8953786906290117,0.6643132220795892,1.8774069319640565,1.241976893453145,2.050706033376124,0.0577663671373555,0.2599486521181001,0.0,54.16666666666666,47.29064039408867,74.19354838709677,1,2.346291848352899
162712,Óscar Mingueza,2025,M,140,La Liga,538,Celta Vigo,1967.0,34,7.020142421159715,85.03236245954693,1.0,4.0,10.0,5.0,1236.0,32.0,42.0,5.0,9.0,185.0,99.0,29.0,15.0,34.0,28.0,15.0,1.0,4,0,0.0457549567869852,0.183019827147941,0.4575495678698525,0.2287747839349262,56.55312658871378,1.464158617183528,1.9217081850533808,0.2287747839349262,0.4117946110828673,8.464667005592272,4.529740721911541,1.3268937468225726,0.6863243518047788,1.555668530757499,1.281138790035587,0.6863243518047788,0.0457549567869852,0.183019827147941,0.0,50.0,53.51351351351351,51.72413793103448,1,1.8369679230661227
162714,Amadou Onana,2025,M,39,Premier League,66,Aston Villa,1776.0,25,7.090765765765767,87.39693757361601,2.0,0.0,15.0,7.0,849.0,7.0,48.0,17.0,24.0,190.0,121.0,13.0,7.0,11.0,25.0,20.0,0.0,3,0,0.1013513513513513,0.0,0.7601351351351352,0.3547297297297297,43.023648648648646,0.3547297297297297,2.4324324324324325,0.8614864864864864,1.2162162162162162,9.62837837837838,6.131756756756756,0.6587837837837838,0.3547297297297297,0.5574324324324325,1.266891891891892,1.0135135135135134,0.0,0.152027027027027,0.0,46.66666666666666,63.68421052631579,53.84615384615385,1,1.6186474948314262
162907,Alessandro Zanoli,2025,M,135,Serie A,494,Udinese,1290.0,19,6.87124031007752,80.45977011494253,1.0,2.0,3.0,1.0,348.0,15.0,25.0,5.0,7.0,115.0,61.0,33.0,14.0,9.0,5.0,16.0,1.0,1,0,0.0697674418604651,0.1395348837209302,0.2093023255813953,0.0697674418604651,24.27906976744186,1.0465116279069768,1.744186046511628,0.3488372093023256,0.4883720930232558,8.023255813953488,4.255813953488372,2.302325581395349,0.9767441860465116,0.627906976744186,0.3488372093023256,1.1162790697674418,0.0697674418604651,0.0697674418604651,0.0,33.33333333333333,53.04347826086957,42.42424242424242,1,2.452201101592969
162931,Fran Pérez,2025,M,140,La Liga,728,Rayo Vallecano,1250.0,29,6.5208,82.50825082508251,2.0,1.0,14.0,8.0,304.0,13.0,15.0,2.0,2.0,128.0,45.0,30.0,14.0,14.0,15.0,18.0,6.0,4,0,0.144,0.072,1.008,0.5760000000000001,21.888,0.936,1.08,0.144,0.144,9.216,3.24,2.16,1.008,1.008,1.08,1.296,0.4319999999999999,0.288,0.0,57.14285714285714,35.15625,46.66666666666666,0,2.27854649160536
163022,Patrick Osterhage,2025,M,78,Bundesliga,160,SC Freiburg,1197.0,20,6.641353383458647,86.65207877461707,1.0,0.0,5.0,2.0,457.0,6.0,14.0,10.0,17.0,101.0,41.0,17.0,6.0,6.0,13.0,13.0,2.0,4,0,0.075187969924812,0.0,0.3759398496240601,0.150375939849624,34.3609022556391,0.4511278195488721,1.0526315789473684,0.7518796992481203,1.2781954887218046,7.593984962406014,3.082706766917293,1.2781954887218046,0.4511278195488721,0.4511278195488721,0.9774436090225564,0.9774436090225564,0.150375939849624,0.3007518796992481,0.0,40.0,40.5940594059406,35.294117647058826,1,2.0798733364964317
174625,Fodé Doucouré,2025,M,61,Ligue 1,111,Le Havre,1242.0,26,6.895813204508857,81.01851851851852,3.0,1.0,13.0,8.0,432.0,18.0,36.0,1.0,9.0,113.0,56.0,20.0,7.0,11.0,4.0,14.0,2.0,2,0,0.217391304347826,0.072463768115942,0.9420289855072465,0.5797101449275363,31.30434782608696,1.3043478260869563,2.608695652173913,0.072463768115942,0.6521739130434783,8.18840579710145,4.057971014492754,1.4492753623188404,0.5072463768115942,0.7971014492753623,0.2898550724637681,1.0144927536231885,0.144927536231884,0.144927536231884,0.0,61.53846153846154,49.55752212389381,35.0,1,2.01816192843986
174660,Lilian Raolisoa,2025,M,61,Ligue 1,77,Angers,1976.0,32,6.831376518218623,74.3076923076923,2.0,4.0,10.0,6.0,654.0,22.0,52.0,4.0,15.0,223.0,116.0,40.0,17.0,17.0,17.0,27.0,1.0,3,0,0.0910931174089068,0.1821862348178137,0.4554655870445344,0.2732793522267207,29.78744939271255,1.0020242914979756,2.3684210526315788,0.1821862348178137,0.6831983805668016,10.156882591093115,5.283400809716599,1.8218623481781375,0.7742914979757085,0.7742914979757085,0.7742914979757085,1.229757085020243,0.0455465587044534,0.1366396761133603,0.0,60.0,52.01793721973094,42.5,1,1.6557396874300505
174703,Théo Le Bris,2025,M,61,Ligue 1,97,Lorient,1898.0,28,6.860484720758693,86.26198083067092,2.0,2.0,15.0,7.0,626.0,13.0,40.0,2.0,17.0,117.0,65.0,23.0,11.0,15.0,7.0,9.0,0.0,0,0,0.0948366701791359,0.0948366701791359,0.7112750263435196,0.3319283456269757,29.68387776606955,0.6164383561643836,1.8967334035827184,0.0948366701791359,0.8061116965226555,5.547945205479452,3.0821917808219177,1.0906217070600632,0.5216016859852477,0.7112750263435196,0.3319283456269757,0.4267650158061117,0.0,0.0,0.0,46.66666666666666,55.55555555555556,47.82608695652174,1,2.05256441086763
174708,Yassin Belkhdim,2025,M,61,Ligue 1,77,Angers,2149.0,27,6.800093066542577,84.11602209944752,2.0,2.0,24.0,14.0,724.0,15.0,59.0,6.0,36.0,191.0,103.0,18.0,5.0,19.0,29.0,29.0,2.0,5,0,0.0837598883201489,0.0837598883201489,1.005118659841787,0.5863192182410424,30.3210795718939,0.6281991624011168,2.470916705444393,0.2512796649604467,1.5076779897626802,7.99906933457422,4.313634248487669,0.7538389948813401,0.2093997208003722,0.7957189390414146,1.2145183806421591,1.2145183806421591,0.0837598883201489,0.2093997208003722,0.0,58.333333333333336,53.92670157068062,27.77777777777778,1,2.126530968366002
174937,Yassine Kechta,2025,M,61,Ligue 1,111,Le Havre,1348.0,30,6.565824665676078,79.66507177033493,2.0,1.0,16.0,9.0,418.0,15.0,32.0,4.0,17.0,170.0,58.0,25.0,7.0,26.0,16.0,35.0,3.0,4,0,0.1335311572700296,0.0667655786350148,1.0682492581602374,0.6008902077151335,27.9080118694362,1.0014836795252229,2.136498516320475,0.2670623145400593,1.1350148367952522,11.350148367952524,3.8724035608308607,1.6691394658753709,0.4673590504451038,1.735905044510386,1.0682492581602374,2.3367952522255195,0.2002967359050445,0.2670623145400593,0.0,56.25,34.11764705882353,28.000000000000004,1,1.829329047623083
177665,Anton Stach,2025,M,39,Premier League,63,Leeds,2378.0,29,7.171530698065601,77.31629392971246,5.0,3.0,31.0,14.0,939.0,63.0,65.0,9.0,20.0,292.0,155.0,42.0,20.0,24.0,24.0,36.0,0.0,3,0,0.1892346509671993,0.1135407905803196,1.1732548359966355,0.5298570227081582,35.53826745164003,2.3843566021867115,2.4600504625735917,0.3406223717409588,0.7569386038687973,11.05130361648444,5.866274179983178,1.5895710681244744,0.7569386038687973,0.9083263246425568,0.9083263246425568,1.362489486963835,0.0,0.1135407905803196,0.0,45.16129032258064,53.08219178082192,47.61904761904761,0,2.62354433959861
178077,Kevin Schade,2025,M,39,Premier League,55,Brentford,2757.0,35,6.80594849474066,67.99242424242425,8.0,3.0,45.0,24.0,528.0,29.0,40.0,3.0,18.0,429.0,188.0,75.0,20.0,9.0,43.0,50.0,10.0,6,1,0.2611534276387378,0.0979325353645266,1.4689880304679,0.7834602829162133,17.236126224156692,0.9466811751904244,1.3057671381936886,0.0979325353645266,0.5875952121871599,14.00435255712731,6.137105549510338,2.4483133841131663,0.6528835690968443,0.2937976060935799,1.4036996735582157,1.632208922742111,0.3264417845484221,0.1958650707290533,0.0326441784548422,53.333333333333336,43.82284382284382,26.666666666666668,0,1.9005647486781132
178709,Yannick Engelhardt,2025,M,78,Bundesliga,163,Borussia Mönchengladbach,2497.0,31,6.763636363636364,86.05877920120572,2.0,2.0,17.0,5.0,1327.0,14.0,43.0,11.0,34.0,243.0,120.0,11.0,6.0,34.0,34.0,41.0,0.0,7,0,0.0720865038045654,0.0720865038045654,0.6127352823388066,0.1802162595114137,47.8293952743292,0.5046055266319583,1.5498598317981578,0.3964757709251101,1.2254705646776132,8.758510212254706,4.325190228273929,0.3964757709251101,0.2162595114136964,1.2254705646776132,1.2254705646776132,1.4777733279935923,0.0,0.2523027633159792,0.0,29.411764705882355,49.38271604938272,54.54545454545454,1,1.442224654322025
179843,Lucas Gourna-Douath,2025,M,61,Ligue 1,111,Le Havre,1275.0,15,6.852941176470588,86.96428571428572,0.0,0.0,6.0,2.0,560.0,6.0,26.0,11.0,14.0,149.0,84.0,16.0,8.0,13.0,35.0,24.0,2.0,4,0,0.0,0.0,0.4235294117647058,0.1411764705882353,39.52941176470589,0.4235294117647058,1.835294117647059,0.776470588235294,0.9882352941176472,10.51764705882353,5.929411764705883,1.1294117647058823,0.5647058823529412,0.9176470588235296,2.4705882352941178,1.6941176470588233,0.1411764705882353,0.2823529411764706,0.0,33.33333333333333,56.375838926174495,50.0,1,2.6121865812102363
179955,Javier Rueda,2025,M,140,La Liga,538,Celta Vigo,1410.0,26,6.775815602836879,76.31578947368422,2.0,6.0,9.0,3.0,532.0,14.0,19.0,6.0,21.0,148.0,69.0,41.0,21.0,9.0,21.0,25.0,3.0,6,0,0.1276595744680851,0.3829787234042553,0.5744680851063829,0.1914893617021276,33.95744680851064,0.8936170212765958,1.2127659574468086,0.3829787234042553,1.3404255319148937,9.4468085106383,4.404255319148937,2.617021276595745,1.3404255319148937,0.5744680851063829,1.3404255319148937,1.595744680851064,0.1914893617021276,0.3829787234042553,0.0,33.33333333333333,46.62162162162162,51.21951219512195,1,2.088604264532308
180560,Hannibal Mejbri,2025,M,39,Premier League,44,Burnley,1253.0,27,6.78552,77.40667976424362,1.0,4.0,11.0,5.0,510.0,21.0,29.0,3.0,8.0,206.0,102.0,34.0,20.0,12.0,47.0,24.0,3.0,10,0,0.071827613727055,0.2873104549082202,0.7901037509976058,0.3591380686352753,36.63208300079808,1.5083798882681565,2.0830007980845973,0.2154828411811652,0.5746209098164405,14.796488427773342,7.326416600159617,2.442138866719872,1.4365522745411012,0.8619313647246608,3.375897845171588,1.7238627294493216,0.2154828411811652,0.7182761372705506,0.0,45.45454545454545,49.51456310679612,58.82352941176471,0,3.314224375363641
181259,Abel Bretones,2025,M,140,La Liga,727,Osasuna,1658.0,28,6.801387213510252,77.18253968253968,1.0,2.0,10.0,3.0,504.0,13.0,33.0,5.0,18.0,147.0,78.0,29.0,13.0,17.0,19.0,17.0,1.0,5,1,0.0542822677925211,0.1085645355850422,0.5428226779252111,0.1628468033775633,27.35826296743064,0.7056694813027744,1.7913148371531966,0.2714113389626055,0.97708082026538,7.979493365500604,4.234016887816646,1.5741857659831122,0.7056694813027744,0.9227985524728588,1.031363088057901,0.9227985524728588,0.0542822677925211,0.2714113389626055,0.0542822677925211,30.0,53.06122448979592,44.82758620689656,1,1.4217842870651525
181421,Abdessamad Ezzalzouli,2025,M,140,La Liga,543,Real Betis,2255.0,29,7.3793791574279375,79.32330827067669,10.0,8.0,53.0,26.0,798.0,32.0,53.0,1.0,16.0,375.0,194.0,86.0,39.0,25.0,71.0,28.0,4.0,3,0,0.3991130820399113,0.319290465631929,2.11529933481153,1.037694013303769,31.84922394678492,1.277161862527716,2.11529933481153,0.0399113082039911,0.6385809312638581,14.966740576496674,7.742793791574279,3.432372505543237,1.5565410199556542,0.9977827050997784,2.8337028824833705,1.1175166297117516,0.1596452328159645,0.1197339246119734,0.0,49.0566037735849,51.73333333333333,45.34883720930232,0,2.8993458190871824
181908,Jan Uwe Thielmann,2025,M,78,Bundesliga,192,1. FC Köln,1553.0,26,6.76780424983902,75.1231527093596,3.0,1.0,17.0,10.0,406.0,14.0,18.0,3.0,15.0,137.0,67.0,24.0,8.0,12.0,23.0,11.0,4.0,4,0,0.1738570508692852,0.0579523502897617,0.98518995492595,0.5795235028976174,23.52865421764327,0.8113329040566645,1.0431423052157114,0.1738570508692852,0.8692852543464263,7.93947198969736,3.882807469414037,1.390856406954282,0.463618802318094,0.6954282034771411,1.3329040566645205,0.6374758531873793,0.231809401159047,0.231809401159047,0.0,58.82352941176471,48.9051094890511,33.33333333333333,1,2.202094722691697
182201,Tyrick Mitchell,2025,M,39,Premier League,52,Crystal Palace,3253.0,38,6.802797417768214,73.08039747064137,1.0,2.0,14.0,7.0,1107.0,29.0,101.0,12.0,34.0,306.0,170.0,43.0,15.0,21.0,28.0,23.0,5.0,6,0,0.0276667691361819,0.0553335382723639,0.3873347679065477,0.1936673839532738,30.62711343375346,0.8023363049492775,2.7943436827543806,0.3320012296341838,0.9406701506301876,8.466031355671687,4.7033507531509375,1.1896710728558253,0.4150015370427298,0.5810021518598217,0.7746695358130955,0.6363356901321857,0.1383338456809099,0.1660006148170919,0.0,50.0,55.55555555555556,34.88372093023256,1,1.7471207892846832
182219,Alex Baena,2025,M,140,La Liga,530,Atletico Madrid,1572.0,27,6.984213876511776,81.15543328748281,2.0,3.0,22.0,7.0,727.0,46.0,18.0,4.0,16.0,169.0,64.0,37.0,12.0,11.0,29.0,26.0,9.0,5,0,0.1145038167938931,0.1717557251908396,1.2595419847328244,0.4007633587786259,41.62213740458015,2.6335877862595423,1.0305343511450382,0.2290076335877862,0.9160305343511452,9.67557251908397,3.664122137404581,2.118320610687023,0.6870229007633587,0.6297709923664122,1.6603053435114503,1.4885496183206106,0.5152671755725191,0.2862595419847328,0.0,31.818181818181817,37.8698224852071,32.432432432432435,0,2.38887316861562
182486,Alberto Reina,2025,M,140,La Liga,718,Oviedo,2487.0,37,6.764937675914758,85.38461538461539,4.0,1.0,19.0,11.0,1040.0,34.0,44.0,6.0,19.0,235.0,120.0,29.0,14.0,15.0,46.0,37.0,2.0,6,1,0.1447527141133896,0.0361881785283474,0.6875753920386007,0.3980699638118214,37.6357056694813,1.2303980699638115,1.5922798552472857,0.2171290711700844,0.6875753920386007,8.504221954161642,4.342581423401689,1.0494571773220749,0.5066344993968637,0.5428226779252111,1.6646562123039808,1.3389626055488542,0.0723763570566948,0.2171290711700844,0.0361881785283474,57.89473684210527,51.06382978723404,48.27586206896552,1,1.4373788511074799
182519,Alberto Moleiro,2025,M,140,La Liga,533,Villarreal,2490.0,37,6.915180722891566,79.11547911547912,10.0,5.0,39.0,20.0,814.0,37.0,30.0,3.0,12.0,265.0,93.0,68.0,33.0,59.0,27.0,33.0,3.0,4,0,0.36144578313253,0.180722891566265,1.4096385542168677,0.7228915662650601,29.421686746987955,1.3373493975903614,1.0843373493975903,0.108433734939759,0.4337349397590362,9.578313253012048,3.36144578313253,2.4578313253012047,1.1927710843373494,2.132530120481928,0.9759036144578314,1.1927710843373494,0.108433734939759,0.144578313253012,0.0,51.28205128205128,35.094339622641506,48.52941176470589,0,1.4858338675178302
182603,Jon Ander Olasagasti,2025,M,140,La Liga,539,Levante,1748.0,33,6.894050343249427,76.01199400299849,1.0,5.0,18.0,9.0,667.0,36.0,28.0,8.0,13.0,194.0,102.0,25.0,12.0,19.0,33.0,20.0,0.0,3,1,0.051487414187643,0.2574370709382151,0.9267734553775744,0.4633867276887872,34.3421052631579,1.8535469107551488,1.4416475972540046,0.4118993135011441,0.6693363844393593,9.988558352402746,5.251716247139588,1.2871853546910756,0.6178489702517163,0.9782608695652174,1.6990846681922198,1.0297482837528604,0.0,0.154462242562929,0.051487414187643,50.0,52.57731958762887,48.0,0,1.730456722891544
182621,Iker Muñoz,2025,M,140,La Liga,727,Osasuna,953.0,19,6.75183630640084,85.23489932885906,0.0,0.0,8.0,4.0,449.0,5.0,12.0,2.0,12.0,113.0,51.0,11.0,4.0,15.0,21.0,18.0,1.0,5,0,0.0,0.0,0.7555089192025184,0.3777544596012592,42.40293809024134,0.4721930745015739,1.1332633788037776,0.1888772298006296,1.1332633788037776,10.671563483735572,4.816369359916055,1.038824763903463,0.3777544596012592,1.416579223504722,1.983210912906611,1.6998950682056664,0.0944386149003148,0.4721930745015739,0.0,50.0,45.13274336283185,36.36363636363637,1,2.3132042943107853
182674,Jofre Carreras,2025,M,140,La Liga,540,Espanyol,921.0,26,6.605646036916395,75.70093457943925,1.0,0.0,15.0,7.0,216.0,15.0,9.0,0.0,6.0,117.0,55.0,43.0,16.0,9.0,27.0,13.0,2.0,1,0,0.0977198697068403,0.0,1.4657980456026058,0.6840390879478827,21.107491856677523,1.4657980456026058,0.8794788273615635,0.0,0.5863192182410424,11.433224755700326,5.374592833876221,4.201954397394137,1.5635179153094465,0.8794788273615635,2.6384364820846904,1.270358306188925,0.1954397394136807,0.0977198697068403,0.0,46.66666666666666,47.008547008547005,37.2093023255814,0,2.236176244917031
182770,Carlos Álvarez,2025,M,140,La Liga,539,Levante,1908.0,30,6.913155136268345,80.79268292682927,3.0,1.0,19.0,11.0,656.0,40.0,22.0,1.0,13.0,223.0,93.0,57.0,19.0,21.0,49.0,22.0,2.0,3,0,0.1415094339622641,0.0471698113207547,0.8962264150943396,0.5188679245283019,30.943396226415093,1.8867924528301887,1.0377358490566038,0.0471698113207547,0.6132075471698113,10.5188679245283,4.386792452830189,2.688679245283019,0.8962264150943396,0.990566037735849,2.311320754716981,1.0377358490566038,0.0943396226415094,0.1415094339622641,0.0,57.89473684210527,41.70403587443946,33.33333333333333,0,1.6984903598681078
182772,Juanlu Sánchez,2025,M,140,La Liga,536,Sevilla,2002.0,32,6.7508991008991,83.22411533420708,0.0,3.0,7.0,1.0,763.0,22.0,64.0,0.0,12.0,269.0,151.0,51.0,27.0,31.0,42.0,23.0,4.0,6,1,0.0,0.1348651348651348,0.3146853146853147,0.0449550449550449,34.3006993006993,0.989010989010989,2.877122877122877,0.0,0.5394605394605395,12.092907092907094,6.788211788211788,2.2927072927072927,1.2137862137862137,1.3936063936063936,1.888111888111888,1.033966033966034,0.1798201798201798,0.2697302697302697,0.0449550449550449,14.285714285714285,56.13382899628253,52.94117647058824,1,2.855094782937401
183699,Urko González,2025,M,140,La Liga,540,Espanyol,2629.0,36,6.666945606694561,80.89430894308943,0.0,1.0,12.0,1.0,984.0,11.0,54.0,11.0,32.0,277.0,133.0,23.0,15.0,43.0,42.0,42.0,1.0,7,0,0.0,0.0342335488779003,0.4108025865348041,0.0342335488779003,33.68581209585394,0.3765690376569037,1.8486116394066183,0.3765690376569037,1.095473564092811,9.482693039178397,4.553062000760746,0.7873716241917079,0.5135032331685051,1.4720426017497146,1.4378090528718144,1.4378090528718144,0.0342335488779003,0.2396348421453023,0.0,8.333333333333332,48.014440433213,65.21739130434783,1,1.6428488835040818
183744,Beñat Turrientes,2025,M,140,La Liga,548,Real Sociedad,1367.0,27,6.786978785662033,86.58008658008657,0.0,3.0,15.0,6.0,695.0,12.0,40.0,6.0,9.0,176.0,94.0,32.0,20.0,15.0,23.0,28.0,0.0,7,0,0.0,0.1975128017556693,0.9875640087783468,0.3950256035113387,45.75713240673007,0.7900512070226774,2.6335040234089244,0.3950256035113387,0.592538405267008,11.587417702999268,6.188734455010973,2.10680321872714,1.3167520117044622,0.9875640087783468,1.5142648134601315,1.8434528163862476,0.0,0.4608632040965618,0.0,40.0,53.40909090909091,62.5,1,2.167099562420662
183751,Abderrahman Rebbach,2025,M,140,La Liga,542,Alaves,1509.0,30,6.656962864721485,79.520697167756,1.0,4.0,25.0,12.0,459.0,30.0,42.0,0.0,15.0,226.0,98.0,50.0,17.0,24.0,30.0,40.0,5.0,8,0,0.0596421471172962,0.2385685884691848,1.4910536779324055,0.7157057654075546,27.37574552683897,1.7892644135188869,2.5049701789264414,0.0,0.8946322067594433,13.479125248508948,5.844930417495029,2.982107355864811,1.013916500994036,1.4314115308151092,1.7892644135188869,2.3856858846918487,0.2982107355864811,0.4771371769383697,0.0,48.0,43.36283185840708,34.0,0,2.066780424316617
183799,Nico Williams,2025,M,140,La Liga,531,Athletic Club,1687.0,25,7.08298755186722,77.24867724867724,6.0,3.0,34.0,16.0,567.0,34.0,15.0,0.0,7.0,282.0,119.0,145.0,67.0,19.0,29.0,26.0,7.0,2,0,0.3200948429164196,0.1600474214582098,1.8138707765263784,0.8535862477771191,30.248962655601662,1.8138707765263784,0.8002371072910491,0.0,0.3734439834024896,15.044457617071725,6.348547717842323,7.735625370480142,3.574392412566686,1.013633669235329,1.5471250740960285,1.3870776526378186,0.3734439834024896,0.1066982809721398,0.0,47.05882352941176,42.198581560283685,46.206896551724135,0,4.257231719701632
187214,Carlos Vicente,2025,M,140,La Liga,542,Alaves,1256.0,21,6.98765923566879,79.9154334038055,5.0,0.0,10.0,6.0,473.0,27.0,28.0,2.0,7.0,168.0,92.0,37.0,11.0,20.0,42.0,12.0,10.0,1,0,0.35828025477707,0.0,0.7165605095541401,0.429936305732484,33.89331210191083,1.9347133757961783,2.006369426751592,0.143312101910828,0.501592356687898,12.038216560509554,6.592356687898089,2.6512738853503186,0.7882165605095541,1.4331210191082802,3.0095541401273884,0.8598726114649681,0.7165605095541401,0.071656050955414,0.0,60.0,54.761904761904766,29.72972972972973,0,2.6771510966173344
187318,Marc Aguado,2025,M,140,La Liga,797,Elche,2522.0,35,6.838342585249801,90.86792452830188,1.0,2.0,2.0,2.0,1325.0,11.0,48.0,21.0,43.0,137.0,79.0,1.0,0.0,9.0,23.0,25.0,0.0,3,0,0.035685963521015,0.0713719270420301,0.0713719270420301,0.0713719270420301,47.28390166534496,0.3925455987311657,1.7129262490087231,0.7494052339413164,1.5344964314036478,4.888977002379065,2.81919111816019,0.035685963521015,0.0,0.3211736716891356,0.8207771609833466,0.8921490880253766,0.0,0.1070578905630452,0.0,100.0,57.66423357664233,0.0,1,2.7486690812298376
187987,Ramón Terrats,2025,M,140,La Liga,540,Espanyol,1062.0,29,6.613031161473088,77.77777777777779,1.0,2.0,12.0,3.0,255.0,16.0,23.0,5.0,11.0,153.0,63.0,28.0,9.0,10.0,22.0,15.0,1.0,0,0,0.0847457627118644,0.1694915254237288,1.0169491525423728,0.2542372881355932,21.610169491525426,1.3559322033898304,1.9491525423728813,0.423728813559322,0.9322033898305084,12.966101694915254,5.338983050847458,2.3728813559322037,0.7627118644067796,0.847457627118644,1.864406779661017,1.271186440677966,0.0847457627118644,0.0,0.0,25.0,41.17647058823529,32.142857142857146,0,1.837893992602062
190485,Samú Costa,2025,M,140,La Liga,798,Mallorca,2705.0,34,7.037042513863216,79.96845425867508,7.0,2.0,31.0,16.0,1268.0,17.0,65.0,13.0,26.0,421.0,217.0,49.0,14.0,36.0,68.0,64.0,6.0,11,0,0.232902033271719,0.066543438077634,1.0314232902033271,0.532347504621072,42.18853974121996,0.565619223659889,2.162661737523105,0.4325323475046211,0.8650646950092422,14.00739371534196,7.21996303142329,1.6303142329020337,0.4658040665434381,1.1977818853974125,2.262476894639556,2.129390018484288,0.199630314232902,0.365988909426987,0.0,51.61290322580645,51.54394299287412,28.57142857142857,0,2.781215917146291
191289,Amine Sbai,2025,M,61,Ligue 1,77,Angers,1834.0,25,6.748854961832061,72.14532871972318,3.0,1.0,23.0,16.0,578.0,29.0,20.0,0.0,7.0,228.0,84.0,99.0,37.0,14.0,24.0,15.0,5.0,3,1,0.1472191930207197,0.0490730643402399,1.128680479825518,0.7851690294438386,28.364231188658668,1.4231188658669576,0.9814612868047984,0.0,0.3435114503816793,11.1886586695747,4.122137404580153,4.858233369683751,1.8157033805888767,0.6870229007633587,1.1777535441657578,0.7360959651035988,0.2453653217011995,0.1472191930207197,0.0490730643402399,69.56521739130434,36.84210526315789,37.37373737373738,0,1.9914783687160118
193617,Tom Louchet,2025,M,61,Ligue 1,84,Nice,1467.0,28,6.878527607361963,78.84615384615384,3.0,3.0,13.0,6.0,572.0,22.0,39.0,4.0,10.0,139.0,72.0,28.0,12.0,13.0,13.0,16.0,0.0,1,1,0.1840490797546012,0.1840490797546012,0.7975460122699387,0.3680981595092025,35.0920245398773,1.3496932515337423,2.392638036809816,0.2453987730061349,0.6134969325153374,8.52760736196319,4.41717791411043,1.7177914110429449,0.736196319018405,0.7975460122699387,0.7975460122699387,0.98159509202454,0.0,0.0613496932515337,0.0613496932515337,46.15384615384615,51.798561151079134,42.85714285714285,1,1.4742971996545546
193952,Johann Lepenant,2025,M,61,Ligue 1,83,Nantes,2175.0,27,6.840367816091954,80.1944106925881,0.0,1.0,15.0,7.0,823.0,33.0,79.0,3.0,27.0,285.0,150.0,29.0,10.0,48.0,48.0,30.0,0.0,4,0,0.0,0.0413793103448275,0.6206896551724138,0.2896551724137931,34.0551724137931,1.3655172413793104,3.26896551724138,0.1241379310344827,1.1172413793103448,11.793103448275865,6.206896551724138,1.2000000000000002,0.4137931034482758,1.986206896551724,1.986206896551724,1.2413793103448276,0.0,0.1655172413793103,0.0,46.66666666666666,52.63157894736842,34.48275862068966,1,2.904322993750255
195103,João Gomes,2025,M,39,Premier League,39,Wolves,2843.0,35,6.793527963418923,85.54714384033035,1.0,1.0,13.0,7.0,1453.0,16.0,108.0,6.0,36.0,449.0,227.0,67.0,43.0,49.0,49.0,69.0,1.0,10,0,0.0316567006683081,0.0316567006683081,0.4115371086880056,0.2215969046781568,45.9971860710517,0.50650721069293,3.4189236721772773,0.1899402040098487,1.1396412240590923,14.213858600070347,7.1860710517059445,2.120998944776644,1.3612381287372493,1.5511783327470985,1.5511783327470985,2.184312346113261,0.0316567006683081,0.3165670066830812,0.0,53.84615384615385,50.55679287305123,64.17910447761194,1,3.4142172829952573
196855,Jaidon Anthony,2025,M,39,Premier League,44,Burnley,2743.0,37,6.798468829748452,79.91071428571429,8.0,2.0,42.0,23.0,896.0,37.0,42.0,7.0,15.0,322.0,134.0,101.0,36.0,29.0,47.0,28.0,9.0,4,0,0.2624863288370397,0.0656215822092599,1.3780532263944585,0.7546481954064893,29.39846882974845,1.2139992708713088,1.3780532263944585,0.2296755377324097,0.4921618665694495,10.56507473569085,4.396646008020416,3.3138899015676264,1.1811884797666787,0.951512942034269,1.5421071819176084,0.918702150929639,0.2952971199416697,0.1312431644185198,0.0,54.761904761904766,41.61490683229814,35.64356435643564,0,0.7830849097968873
197448,Yan Couto,2025,M,78,Bundesliga,165,Borussia Dortmund,1010.0,19,6.954158415841583,81.69934640522875,2.0,2.0,7.0,4.0,459.0,17.0,20.0,1.0,7.0,106.0,48.0,25.0,13.0,9.0,13.0,17.0,2.0,4,0,0.1782178217821782,0.1782178217821782,0.6237623762376238,0.3564356435643564,40.9009900990099,1.5148514851485149,1.7821782178217822,0.0891089108910891,0.6237623762376238,9.445544554455443,4.2772277227722775,2.227722772277228,1.1584158415841583,0.8019801980198019,1.1584158415841583,1.5148514851485149,0.1782178217821782,0.3564356435643564,0.0,57.14285714285714,45.28301886792453,52.0,1,1.4957933755843211
197779,Mohamed Kaba,2025,M,61,Ligue 1,83,Nantes,1570.0,27,6.754012738853504,78.19706498951781,0.0,2.0,18.0,10.0,478.0,17.0,40.0,5.0,18.0,243.0,129.0,29.0,15.0,15.0,48.0,25.0,0.0,3,0,0.0,0.1146496815286624,1.0318471337579618,0.5732484076433121,27.40127388535032,0.9745222929936304,2.2929936305732483,0.286624203821656,1.0318471337579618,13.929936305732484,7.394904458598726,1.662420382165605,0.8598726114649681,0.8598726114649681,2.751592356687898,1.4331210191082802,0.0,0.1719745222929936,0.0,55.55555555555556,53.086419753086425,51.72413793103448,0,3.024379175545465
198654,Daniel Svensson,2025,M,78,Bundesliga,165,Borussia Dortmund,2452.0,33,6.8040375203915175,83.45238095238095,2.0,2.0,8.0,4.0,840.0,35.0,38.0,8.0,20.0,193.0,93.0,24.0,12.0,16.0,22.0,28.0,2.0,0,0,0.0734094616639478,0.0734094616639478,0.2936378466557912,0.1468189233278956,30.831973898858077,1.2846655791190864,1.394779771615008,0.2936378466557912,0.734094616639478,7.084013050570962,3.4135399673735725,0.8809135399673735,0.4404567699836867,0.5872756933115824,0.8075040783034257,1.0277324632952691,0.0734094616639478,0.0,0.0,50.0,48.18652849740933,50.0,1,1.753443828238826
199143,Yuito Suzuki,2025,M,78,Bundesliga,160,SC Freiburg,1636.0,25,6.784107579462104,77.47524752475248,4.0,2.0,27.0,14.0,404.0,25.0,20.0,1.0,10.0,151.0,57.0,34.0,18.0,6.0,10.0,19.0,2.0,3,0,0.2200488997555012,0.1100244498777506,1.4853300733496333,0.7701711491442542,22.224938875305625,1.3753056234718826,1.1002444987775062,0.0550122249388753,0.5501222493887531,8.30684596577017,3.1356968215158925,1.87041564792176,0.9902200488997556,0.3300733496332518,0.5501222493887531,1.0452322738386308,0.1100244498777506,0.1650366748166259,0.0,51.85185185185185,37.74834437086093,52.94117647058824,0,2.419956458976847
199871,Adam Karabec,2025,M,61,Ligue 1,80,Lyon,940.0,21,6.724626865671642,80.72727272727272,1.0,0.0,6.0,5.0,275.0,22.0,4.0,1.0,1.0,86.0,43.0,20.0,11.0,6.0,21.0,14.0,3.0,3,0,0.0957446808510638,0.0,0.5744680851063829,0.4787234042553191,26.329787234042552,2.106382978723404,0.3829787234042553,0.0957446808510638,0.0957446808510638,8.23404255319149,4.117021276595745,1.9148936170212765,1.053191489361702,0.5744680851063829,2.0106382978723407,1.3404255319148937,0.2872340425531914,0.2872340425531914,0.0,83.33333333333334,50.0,55.00000000000001,0,3.11913935065973
202526,Eren Dinkçi,2025,M,78,Bundesliga,180,1. FC Heidenheim,1399.0,22,6.908220157255182,70.61728395061728,3.0,1.0,24.0,9.0,405.0,11.0,25.0,1.0,10.0,117.0,45.0,28.0,11.0,21.0,5.0,11.0,0.0,4,0,0.1929949964260185,0.0643316654753395,1.543959971408149,0.5789849892780558,26.05432451751251,0.7076483202287348,1.6082916368834883,0.0643316654753395,0.6433166547533953,7.526804860614725,2.894924946390278,1.801286633309507,0.7076483202287348,1.35096497498213,0.3216583273766976,0.7076483202287348,0.0,0.2573266619013581,0.0,37.5,38.46153846153847,39.285714285714285,1,2.638895927974032
202636,Louis Oppie,2025,M,78,Bundesliga,186,FC St. Pauli,1616.0,23,6.62394801980198,78.39506172839506,1.0,0.0,12.0,4.0,648.0,10.0,24.0,2.0,10.0,104.0,48.0,9.0,3.0,10.0,15.0,15.0,4.0,0,0,0.0556930693069306,0.0,0.6683168316831682,0.2227722772277227,36.08910891089109,0.556930693069307,1.3366336633663365,0.1113861386138613,0.556930693069307,5.792079207920792,2.673267326732673,0.5012376237623762,0.167079207920792,0.556930693069307,0.8353960396039604,0.8353960396039604,0.2227722772277227,0.0,0.0,33.33333333333333,46.15384615384615,33.33333333333333,1,2.080496403284477
202736,Paul Nebel,2025,M,78,Bundesliga,164,FSV Mainz 05,2081.0,30,6.701585776069197,78.54356306892068,5.0,2.0,19.0,8.0,770.0,41.0,50.0,2.0,13.0,248.0,103.0,50.0,20.0,20.0,20.0,29.0,3.0,2,2,0.2162421912542047,0.0864968765016818,0.8217203267659778,0.3459875060067275,33.30129745314753,1.7731859682844786,2.162421912542047,0.0864968765016818,0.5622296972609323,10.725612686208551,4.454589139836617,2.162421912542047,0.864968765016819,0.864968765016819,0.864968765016819,1.254204709274387,0.1297453147525228,0.0864968765016818,0.0864968765016818,42.10526315789473,41.53225806451613,40.0,0,2.0259469149671547
203007,Rocco Reitz,2025,M,78,Bundesliga,163,Borussia Mönchengladbach,2636.0,31,6.905614567526555,77.88539144471348,0.0,4.0,34.0,14.0,1239.0,28.0,68.0,6.0,49.0,323.0,171.0,51.0,24.0,35.0,55.0,35.0,6.0,8,1,0.0,0.1365705614567526,1.1608497723823976,0.4779969650986343,42.30273141122913,0.9559939301972686,2.3216995447647952,0.2048558421851289,1.67298937784522,11.028072837632775,5.838391502276176,1.7412746585735963,0.8194233687405159,1.1949924127465856,1.877845220030349,1.1949924127465856,0.2048558421851289,0.2731411229135053,0.0341426403641881,41.17647058823529,52.94117647058824,47.05882352941176,1,2.6583175977104485
203011,Julian Niehues,2025,M,78,Bundesliga,180,1. FC Heidenheim,1397.0,24,6.802004294917681,81.99672667757774,3.0,0.0,13.0,5.0,611.0,7.0,17.0,7.0,21.0,108.0,56.0,9.0,5.0,13.0,9.0,10.0,2.0,1,0,0.1932712956335003,0.0,0.8375089477451682,0.3221188260558339,39.362920544022906,0.4509663564781675,1.0952040085898354,0.4509663564781675,1.3528990694345024,6.957766642806012,3.60773085182534,0.5798138869005011,0.3221188260558339,0.8375089477451682,0.5798138869005011,0.6442376521116678,0.1288475304223335,0.0644237652111667,0.0,38.46153846153847,51.85185185185185,55.55555555555556,1,2.1878883485575664
203224,Florian Wirtz,2025,M,39,Premier League,40,Liverpool,2388.0,33,6.8785594639866,84.52883263009845,5.0,3.0,32.0,18.0,1422.0,61.0,34.0,2.0,11.0,248.0,99.0,74.0,39.0,18.0,19.0,22.0,2.0,1,0,0.1884422110552763,0.1130653266331658,1.206030150753769,0.6783919597989949,53.5929648241206,2.298994974874372,1.2814070351758793,0.0753768844221105,0.414572864321608,9.346733668341708,3.731155778894472,2.78894472361809,1.469849246231156,0.6783919597989949,0.7160804020100503,0.8291457286432161,0.0753768844221105,0.0376884422110552,0.0,56.25,39.91935483870967,52.702702702702695,0,2.5214741289737477
203474,Nicola Zalewski,2025,M,135,Serie A,499,Atalanta,1910.0,33,7.052931937172775,75.96017069701281,2.0,4.0,26.0,7.0,703.0,36.0,29.0,1.0,18.0,232.0,122.0,66.0,28.0,10.0,52.0,21.0,3.0,3,0,0.0942408376963351,0.1884816753926702,1.225130890052356,0.3298429319371728,33.12565445026178,1.6963350785340314,1.3664921465968587,0.0471204188481675,0.8481675392670157,10.93193717277487,5.74869109947644,3.1099476439790577,1.3193717277486912,0.4712041884816754,2.450261780104712,0.9895287958115184,0.1413612565445026,0.1413612565445026,0.0,26.923076923076923,52.58620689655172,42.42424242424242,0,1.5365750911972509
226803,Sebastian Nanasi,2025,M,61,Ligue 1,95,Strasbourg,1060.0,19,6.960660377358492,83.04668304668304,7.0,2.0,17.0,11.0,407.0,17.0,12.0,3.0,6.0,69.0,25.0,18.0,8.0,12.0,3.0,8.0,1.0,0,0,0.5943396226415094,0.1698113207547169,1.4433962264150944,0.9339622641509432,34.55660377358491,1.4433962264150944,1.018867924528302,0.2547169811320754,0.5094339622641509,5.858490566037736,2.1226415094339623,1.5283018867924527,0.6792452830188679,1.018867924528302,0.2547169811320754,0.6792452830188679,0.0849056603773584,0.0,0.0,64.70588235294117,36.231884057971016,44.44444444444444,1,2.949705617409233
237087,Ezequiel Fernández,2025,M,78,Bundesliga,168,Bayer Leverkusen,1001.0,20,6.86003996003996,89.46731234866829,0.0,1.0,7.0,1.0,826.0,8.0,31.0,3.0,12.0,137.0,72.0,16.0,9.0,14.0,24.0,14.0,1.0,4,1,0.0,0.0899100899100899,0.6293706293706294,0.0899100899100899,74.26573426573427,0.7192807192807192,2.787212787212787,0.2697302697302697,1.078921078921079,12.317682317682316,6.473526473526475,1.4385614385614385,0.8091908091908093,1.2587412587412588,2.157842157842158,1.2587412587412588,0.0899100899100899,0.3596403596403596,0.0899100899100899,14.285714285714285,52.55474452554745,56.25,1,3.3673273490611004
237129,Pape Matar Sarr,2025,M,39,Premier League,47,Tottenham,1398.0,26,6.868861846814602,85.10301109350237,2.0,4.0,10.0,6.0,632.0,11.0,33.0,10.0,18.0,188.0,86.0,22.0,13.0,11.0,13.0,29.0,3.0,3,0,0.1287553648068669,0.2575107296137339,0.6437768240343348,0.3862660944206008,40.68669527896996,0.7081545064377682,2.124463519313305,0.6437768240343348,1.158798283261803,12.103004291845494,5.536480686695279,1.4163090128755365,0.8369098712446352,0.7081545064377682,0.8369098712446352,1.866952789699571,0.1931330472103004,0.1931330472103004,0.0,60.0,45.74468085106383,59.09090909090909,1,1.5731605078513329
237819,Kevin,2025,M,39,Premier League,36,Fulham,1037.0,26,6.780520732883317,76.40117994100295,1.0,1.0,19.0,10.0,339.0,14.0,21.0,0.0,9.0,203.0,90.0,88.0,44.0,18.0,17.0,14.0,3.0,1,0,0.0867888138862102,0.0867888138862102,1.6489874638379944,0.8678881388621023,29.421407907425262,1.215043394406943,1.8225650916104144,0.0,0.781099324975892,17.618129218900677,7.81099324975892,7.6374156219864995,3.8187078109932497,1.562198649951784,1.475409836065574,1.215043394406943,0.2603664416586307,0.0867888138862102,0.0,52.63157894736842,44.33497536945813,50.0,0,4.520797099814295
260898,Nicolai Remberg,2025,M,78,Bundesliga,175,Hamburger SV,2880.0,32,6.9375,89.03803131991052,0.0,2.0,13.0,8.0,1341.0,13.0,60.0,16.0,42.0,280.0,170.0,25.0,14.0,18.0,48.0,44.0,1.0,11,0,0.0,0.0625,0.4062499999999999,0.25,41.90625,0.4062499999999999,1.875,0.5,1.3125,8.75,5.3125,0.78125,0.4375,0.5625,1.5,1.375,0.03125,0.34375,0.0,61.53846153846154,60.71428571428571,56.00000000000001,1,1.6647039093811469
263538,Yehor Yarmoliuk,2025,M,39,Premier League,55,Brentford,2675.0,37,6.769719626168224,84.33556050482554,1.0,2.0,12.0,4.0,1347.0,15.0,70.0,14.0,28.0,280.0,128.0,42.0,15.0,39.0,12.0,37.0,1.0,7,0,0.0336448598130841,0.0672897196261682,0.4037383177570093,0.1345794392523364,45.3196261682243,0.5046728971962616,2.355140186915888,0.4710280373831776,0.9420560747663552,9.420560747663552,4.306542056074767,1.4130841121495328,0.5046728971962616,1.3121495327102803,0.4037383177570093,1.244859813084112,0.0336448598130841,0.2355140186915888,0.0,33.33333333333333,45.71428571428572,35.714285714285715,1,1.521921135467618
264857,Lorenzo Bernasconi,2025,M,135,Serie A,499,Atalanta,1572.0,23,7.053498727735369,84.18079096045197,0.0,3.0,4.0,1.0,708.0,27.0,29.0,6.0,14.0,88.0,47.0,17.0,9.0,12.0,5.0,8.0,3.0,3,0,0.0,0.1717557251908396,0.2290076335877862,0.0572519083969465,40.534351145038165,1.545801526717557,1.6603053435114503,0.3435114503816793,0.8015267175572519,5.038167938931298,2.6908396946564888,0.9732824427480916,0.5152671755725191,0.6870229007633587,0.2862595419847328,0.4580152671755725,0.1717557251908396,0.1717557251908396,0.0,25.0,53.40909090909091,52.94117647058824,1,2.2351532291898026
265722,Rafael Obrador,2025,M,135,Serie A,503,Torino,1123.0,16,6.639447907390918,81.33704735376045,1.0,3.0,5.0,2.0,359.0,13.0,23.0,1.0,11.0,92.0,39.0,28.0,9.0,10.0,5.0,7.0,1.0,1,0,0.0801424755120213,0.2404274265360641,0.4007123775601068,0.1602849510240427,28.771148708815677,1.0418521816562778,1.8432769367764916,0.0801424755120213,0.8815672306322351,7.373107747105966,3.1255565449688336,2.2439893143365985,0.7212822796081922,0.8014247551202137,0.4007123775601068,0.5609973285841496,0.0801424755120213,0.0801424755120213,0.0,40.0,42.391304347826086,32.142857142857146,1,1.8289411071026838
265741,Giorgi Gocholeishvili,2025,M,78,Bundesliga,175,Hamburger SV,957.0,24,6.702513089005238,77.21518987341773,0.0,1.0,7.0,2.0,245.0,10.0,25.0,1.0,8.0,143.0,72.0,39.0,18.0,8.0,19.0,13.0,3.0,3,1,0.0,0.0940438871473354,0.658307210031348,0.1880877742946708,23.040752351097176,0.9404388714733544,2.3510971786833856,0.0940438871473354,0.7523510971786834,13.448275862068966,6.771159874608151,3.667711598746081,1.6927899686520378,0.7523510971786834,1.786833855799373,1.2225705329153604,0.2821316614420062,0.2821316614420062,0.0940438871473354,28.57142857142857,50.349650349650354,46.15384615384615,0,2.51320754077018
265782,David Møller Wolfe,2025,M,39,Premier League,39,Wolves,1061.0,22,6.582514177693763,74.23076923076923,0.0,2.0,1.0,0.0,260.0,8.0,10.0,2.0,7.0,56.0,30.0,8.0,5.0,3.0,4.0,10.0,0.0,1,0,0.0,0.1696512723845429,0.0848256361922714,0.0,22.054665409990577,0.6786050895381716,0.8482563619227144,0.1696512723845429,0.5937794533459001,4.750235626767201,2.5447690857681438,0.6786050895381716,0.4241281809613572,0.2544769085768143,0.3393025447690858,0.8482563619227144,0.0,0.0848256361922714,0.0,0.0,53.57142857142857,62.5,1,3.3092053330182027
265784,André,2025,M,39,Premier League,39,Wolves,2766.0,35,6.818076644974693,91.35424636572304,1.0,0.0,5.0,1.0,1307.0,18.0,82.0,13.0,30.0,290.0,148.0,34.0,19.0,37.0,43.0,47.0,0.0,12,0,0.0325379609544468,0.0,0.1626898047722342,0.0325379609544468,42.52711496746204,0.5856832971800434,2.6681127982646418,0.4229934924078091,0.9761388286334056,9.436008676789587,4.815618221258134,1.106290672451193,0.6182212581344902,1.2039045553145336,1.3991323210412148,1.529284164859002,0.0,0.3904555314533622,0.0,20.0,51.03448275862069,55.88235294117647,1,1.7384007219549942
265820,Yasin Ayari,2025,M,39,Premier League,51,Brighton,1941.0,29,6.863678516228749,86.14583333333333,3.0,3.0,30.0,10.0,960.0,16.0,46.0,4.0,26.0,213.0,101.0,48.0,18.0,23.0,28.0,24.0,0.0,1,0,0.1391035548686244,0.1391035548686244,1.3910355486862442,0.463678516228748,44.513137557959816,0.7418856259659969,2.132921174652241,0.1854714064914992,1.205564142194745,9.876352395672336,4.683153013910355,2.2256568778979906,0.8346213292117465,1.0664605873261206,1.2982998454404946,1.1128284389489953,0.0,0.0463678516228748,0.0,33.33333333333333,47.417840375586856,37.5,1,1.8873036428965828
266202,Ilyas Chaira,2025,M,140,La Liga,718,Oviedo,2458.0,36,6.62327095199349,83.40874811463047,6.0,2.0,62.0,35.0,663.0,18.0,49.0,5.0,5.0,363.0,142.0,105.0,31.0,28.0,41.0,53.0,18.0,2,1,0.2196908055329536,0.0732302685109845,2.270138323840521,1.2815296989422291,24.27583401139137,0.6590724165988608,1.7941415785191213,0.1830756712774613,0.1830756712774613,13.291293734743697,5.199349064279902,3.844589096826689,1.1350691619202604,1.0252237591537836,1.5012205044751832,1.9406021155410904,0.6590724165988608,0.0732302685109845,0.0366151342554922,56.451612903225815,39.11845730027548,29.52380952380953,0,2.7018789364698317
266813,Warren Bondo,2025,M,135,Serie A,520,Cremonese,1769.0,27,6.652345958168458,89.81958762886599,0.0,0.0,5.0,2.0,776.0,3.0,31.0,3.0,8.0,173.0,85.0,26.0,15.0,9.0,33.0,39.0,0.0,5,0,0.0,0.0,0.2543810062182023,0.1017524024872809,39.47993216506501,0.1526286037309214,1.5771622385528548,0.1526286037309214,0.4070096099491238,8.801582815149802,4.32447710570944,1.3227812323346524,0.7631430186546071,0.4578858111927643,1.6789146410401357,1.9841718485019784,0.0,0.2543810062182023,0.0,40.0,49.13294797687861,57.692307692307686,1,2.4493735487757666
270507,Cesare Casadei,2025,M,135,Serie A,503,Torino,1990.0,33,6.797937625754527,75.26737967914438,6.0,0.0,28.0,17.0,748.0,17.0,36.0,3.0,10.0,316.0,170.0,24.0,13.0,18.0,16.0,52.0,2.0,5,0,0.271356783919598,0.0,1.2663316582914574,0.7688442211055276,33.82914572864322,0.7688442211055276,1.628140703517588,0.135678391959799,0.4522613065326633,14.29145728643216,7.688442211055276,1.085427135678392,0.5879396984924623,0.8140703517587939,0.7236180904522613,2.351758793969849,0.0904522613065326,0.2261306532663316,0.0,60.71428571428571,53.79746835443038,54.16666666666666,0,2.6053473590541425
270508,Lesley Ugochukwu,2025,M,39,Premier League,44,Burnley,2359.0,35,6.726197541331072,83.3756345177665,3.0,1.0,14.0,8.0,788.0,10.0,51.0,21.0,18.0,246.0,122.0,32.0,16.0,21.0,30.0,28.0,1.0,3,1,0.1144552776600254,0.0381517592200084,0.5341246290801187,0.3052140737600678,30.06358626536668,0.3815175922000847,1.9457397202204323,0.8011869436201781,0.6867316659601526,9.385332768122089,4.654514624841035,1.2208562950402713,0.6104281475201356,0.8011869436201781,1.1445527766002543,1.0682492581602374,0.0381517592200084,0.1144552776600254,0.0381517592200084,57.14285714285714,49.59349593495935,50.0,1,1.661624925233662
270510,Mathys Tel,2025,M,39,Premier League,47,Tottenham,1358.0,31,6.777818717759765,77.43732590529248,4.0,1.0,24.0,8.0,359.0,30.0,19.0,2.0,6.0,238.0,97.0,78.0,39.0,10.0,23.0,19.0,3.0,1,0,0.2650957290132548,0.0662739322533137,1.5905743740795286,0.5301914580265096,23.792341678939614,1.988217967599411,1.2592047128129602,0.1325478645066274,0.3976435935198821,15.77319587628866,6.428571428571428,5.169366715758468,2.584683357879234,0.6627393225331369,1.524300441826215,1.2592047128129602,0.198821796759941,0.0662739322533137,0.0,33.33333333333333,40.7563025210084,50.0,0,2.727082787213792
271580,Martim Neto,2025,M,140,La Liga,797,Elche,1353.0,25,6.91359940872136,87.62376237623762,2.0,5.0,10.0,4.0,606.0,26.0,21.0,1.0,2.0,121.0,58.0,31.0,21.0,11.0,11.0,19.0,0.0,3,0,0.1330376940133037,0.3325942350332594,0.6651884700665188,0.2660753880266075,40.31042128603104,1.7294900221729492,1.3968957871396896,0.0665188470066518,0.1330376940133037,8.048780487804878,3.8580931263858096,2.0620842572062084,1.3968957871396896,0.7317073170731708,0.7317073170731708,1.263858093126386,0.0,0.1995565410199556,0.0,40.0,47.93388429752066,67.74193548387096,1,2.6240121264389016
273732,Tyrhys Dolan,2025,M,140,La Liga,540,Espanyol,2431.0,36,6.80012340600576,83.6036036036036,2.0,5.0,22.0,12.0,555.0,32.0,57.0,2.0,17.0,307.0,148.0,85.0,35.0,22.0,46.0,37.0,5.0,7,1,0.0740436034553681,0.1851090086384204,0.8144796380090499,0.444261620732209,20.547099958864667,1.1846976552858903,2.1102426984779923,0.0740436034553681,0.6293706293706294,11.365693130399013,5.479226655697244,3.146853146853147,1.2957630604689427,0.8144796380090499,1.7030028794734675,1.369806663924311,0.1851090086384204,0.2591526120937886,0.037021801727684,54.54545454545454,48.20846905537459,41.17647058823529,0,1.8238868069476473
275776,Kristjan Asllani,2025,M,135,Serie A,503,Torino,1135.0,15,6.90502202643172,84.11669367909238,0.0,0.0,13.0,4.0,617.0,15.0,21.0,1.0,12.0,73.0,39.0,6.0,3.0,11.0,14.0,7.0,0.0,3,0,0.0,0.0,1.0308370044052864,0.3171806167400881,48.925110132158586,1.1894273127753303,1.6651982378854626,0.079295154185022,0.9515418502202644,5.788546255506608,3.092511013215858,0.4757709251101321,0.237885462555066,0.8722466960352422,1.1101321585903083,0.5550660792951542,0.0,0.237885462555066,0.0,30.76923076923077,53.42465753424658,50.0,1,1.535568786993279
276670,Farès Chaïbi,2025,M,78,Bundesliga,169,Eintracht Frankfurt,1797.0,28,6.7904735376044565,78.875,2.0,9.0,19.0,9.0,800.0,40.0,31.0,2.0,14.0,170.0,86.0,22.0,11.0,17.0,21.0,14.0,5.0,2,0,0.1001669449081803,0.4507512520868113,0.9515859766277128,0.4507512520868113,40.06677796327212,2.003338898163606,1.552587646076795,0.1001669449081803,0.7011686143572621,8.514190317195325,4.307178631051753,1.1018363939899831,0.5509181969949917,0.8514190317195325,1.0517529215358932,0.7011686143572621,0.2504173622704507,0.1001669449081803,0.0,47.368421052631575,50.588235294117645,50.0,1,1.9005923025852345
277003,Neil El Aynaoui,2025,M,135,Serie A,497,AS Roma,996.0,25,6.822311557788945,89.3470790378007,1.0,2.0,6.0,4.0,583.0,12.0,20.0,2.0,17.0,109.0,51.0,17.0,9.0,7.0,10.0,23.0,2.0,5,0,0.0903614457831325,0.180722891566265,0.5421686746987953,0.36144578313253,52.68072289156626,1.0843373493975903,1.8072289156626504,0.180722891566265,1.536144578313253,9.849397590361448,4.608433734939759,1.536144578313253,0.8132530120481928,0.6325301204819277,0.9036144578313252,2.0783132530120483,0.180722891566265,0.4518072289156626,0.0,66.66666666666666,46.78899082568808,52.94117647058824,1,1.6763971957179897
277306,Mamadou Sangare,2025,M,61,Ligue 1,116,Lens,2327.0,29,7.118006016330038,86.22589531680441,3.0,4.0,34.0,14.0,1452.0,38.0,86.0,5.0,40.0,336.0,190.0,57.0,32.0,38.0,43.0,35.0,3.0,5,0,0.1160292221744735,0.1547056295659647,1.3149978513107003,0.5414697034808766,56.15814353244521,1.4697034808766651,3.3261710356682426,0.1933820369574559,1.5470562956596476,12.99527288354104,7.348517404383326,2.204555221314998,1.237645036527718,1.4697034808766651,1.6630855178341213,1.3536742587021915,0.1160292221744735,0.1933820369574559,0.0,41.17647058823529,56.54761904761904,56.14035087719298,1,3.644175757769349
278095,Jonathan Rowe,2025,M,135,Serie A,500,Bologna,1674.0,29,6.802688172043011,80.8252427184466,3.0,2.0,38.0,17.0,412.0,21.0,21.0,0.0,9.0,273.0,137.0,92.0,49.0,10.0,52.0,25.0,4.0,2,0,0.1612903225806451,0.1075268817204301,2.043010752688172,0.913978494623656,22.150537634408604,1.1290322580645162,1.1290322580645162,0.0,0.4838709677419355,14.67741935483871,7.365591397849463,4.946236559139785,2.634408602150537,0.5376344086021506,2.7956989247311825,1.3440860215053765,0.2150537634408602,0.1075268817204301,0.0,44.73684210526316,50.18315018315018,53.2608695652174,0,3.1819114458576228
278133,Oscar Bobb,2025,M,39,Premier League,36,Fulham,1050.0,23,6.883333333333335,85.785536159601,0.0,1.0,8.0,3.0,401.0,22.0,21.0,0.0,9.0,134.0,71.0,45.0,27.0,7.0,17.0,9.0,0.0,1,0,0.0,0.0857142857142857,0.6857142857142857,0.2571428571428571,34.371428571428574,1.8857142857142857,1.8,0.0,0.7714285714285715,11.485714285714288,6.085714285714285,3.857142857142857,2.314285714285714,0.6000000000000001,1.457142857142857,0.7714285714285715,0.0,0.0857142857142857,0.0,37.5,52.98507462686567,60.0,0,1.7933582824941954
278370,Diego Gómez,2025,M,39,Premier League,51,Brighton,2137.0,32,6.827795975666823,78.47593582887701,5.0,1.0,31.0,14.0,752.0,20.0,78.0,3.0,18.0,325.0,162.0,41.0,19.0,29.0,11.0,48.0,1.0,9,0,0.2105755732335049,0.0421151146467009,1.3055685540477304,0.5896116050538137,31.670566214319138,0.8423022929340197,3.284978942442677,0.1263453439401029,0.7580720636406177,13.68741226017782,6.82264857276556,1.7267197005147403,0.8001871782873187,1.2213383247543286,0.4632662611137108,2.021525503041647,0.0421151146467009,0.3790360318203088,0.0,45.16129032258064,49.84615384615385,46.34146341463415,1,3.3101619550119947
280358,Jens Castrop,2025,M,78,Bundesliga,163,Borussia Mönchengladbach,1599.0,26,6.929706066291432,75.30120481927712,3.0,1.0,22.0,12.0,498.0,19.0,58.0,1.0,18.0,237.0,122.0,66.0,25.0,15.0,26.0,31.0,3.0,2,2,0.1688555347091932,0.0562851782363977,1.2382739212007503,0.6754221388367729,28.03001876172608,1.0694183864915574,3.264540337711069,0.0562851782363977,1.0131332082551594,13.339587242026266,6.866791744840526,3.7148217636022514,1.4071294559099436,0.8442776735459663,1.4634146341463417,1.7448405253283303,0.1688555347091932,0.1125703564727955,0.1125703564727955,54.54545454545454,51.47679324894515,37.87878787878788,0,3.2009124945053937
280687,Hugo Bueno,2025,M,39,Premier League,39,Wolves,2375.0,35,6.671536842105263,80.7556080283353,1.0,2.0,12.0,6.0,847.0,38.0,67.0,4.0,38.0,292.0,141.0,77.0,31.0,34.0,24.0,17.0,3.0,3,0,0.0378947368421052,0.0757894736842105,0.4547368421052631,0.2273684210526315,32.09684210526316,1.44,2.5389473684210526,0.151578947368421,1.44,11.065263157894735,5.343157894736842,2.917894736842105,1.174736842105263,1.288421052631579,0.9094736842105264,0.6442105263157895,0.1136842105263157,0.1136842105263157,0.0,50.0,48.28767123287671,40.25974025974026,1,2.498895660022987
281096,Patrizio Masini,2025,M,135,Serie A,495,Genoa,1431.0,28,6.915164220824599,74.46808510638297,0.0,1.0,12.0,5.0,565.0,9.0,68.0,8.0,25.0,253.0,141.0,9.0,2.0,12.0,45.0,39.0,0.0,5,0,0.0,0.0628930817610062,0.7547169811320755,0.3144654088050314,35.53459119496855,0.5660377358490566,4.276729559748428,0.5031446540880503,1.572327044025157,15.911949685534593,8.867924528301886,0.5660377358490566,0.1257861635220125,0.7547169811320755,2.830188679245283,2.452830188679245,0.0,0.3144654088050314,0.0,41.66666666666667,55.73122529644269,22.22222222222222,1,5.549573791728824
282549,Junior Mwanga,2025,M,61,Ligue 1,95,Strasbourg,1642.0,20,6.797503045066992,86.27700127064803,1.0,1.0,8.0,3.0,787.0,18.0,39.0,7.0,13.0,173.0,89.0,28.0,18.0,18.0,16.0,25.0,0.0,2,1,0.0548112058465286,0.0548112058465286,0.4384896467722289,0.1644336175395858,43.13641900121802,0.9866017052375152,2.137637028014616,0.3836784409257003,0.7125456760048721,9.482338611449451,4.878197320341048,1.5347137637028014,0.9866017052375152,0.9866017052375152,0.8769792935444579,1.3702801461632157,0.0,0.1096224116930572,0.0548112058465286,37.5,51.44508670520232,64.28571428571429,1,0.9204687767319728
282770,Rodrigo Gomes,2025,M,39,Premier League,39,Wolves,978.0,22,6.613803680981595,72.51908396946564,3.0,0.0,18.0,6.0,263.0,4.0,23.0,2.0,9.0,104.0,45.0,26.0,8.0,10.0,8.0,6.0,3.0,0,0,0.2760736196319018,0.0,1.6564417177914113,0.5521472392638037,24.202453987730063,0.3680981595092025,2.1165644171779143,0.1840490797546012,0.8282208588957056,9.570552147239264,4.141104294478527,2.392638036809816,0.736196319018405,0.9202453987730062,0.736196319018405,0.5521472392638037,0.2760736196319018,0.0,0.0,33.33333333333333,43.26923076923077,30.76923076923077,1,2.8099028110080684
284322,Kobbie Mainoo,2025,M,39,Premier League,33,Manchester United,1670.0,28,7.013900539245057,89.207258834766,1.0,2.0,8.0,3.0,1047.0,22.0,35.0,10.0,20.0,185.0,91.0,35.0,19.0,11.0,22.0,13.0,1.0,2,0,0.0538922155688622,0.1077844311377245,0.4311377245508982,0.1616766467065868,56.4251497005988,1.18562874251497,1.8862275449101795,0.5389221556886228,1.0778443113772456,9.97005988023952,4.904191616766466,1.8862275449101795,1.0239520958083832,0.592814371257485,1.18562874251497,0.7005988023952096,0.0538922155688622,0.1077844311377245,0.0,37.5,49.18918918918919,54.285714285714285,1,1.3071566479708245
284324,Alejandro Garnacho,2025,M,39,Premier League,49,Chelsea,1283.0,24,6.9130163678877645,87.31501057082453,1.0,4.0,23.0,7.0,473.0,29.0,16.0,0.0,4.0,123.0,56.0,39.0,14.0,9.0,23.0,9.0,2.0,2,0,0.0701480904130943,0.2805923616523772,1.613406079501169,0.4910366328916601,33.18004676539361,2.034294621979735,1.1223694466095089,0.0,0.2805923616523772,8.6282151208106,3.928293063133281,2.7357755261106784,0.9820732657833204,0.6313328137178488,1.613406079501169,0.6313328137178488,0.1402961808261886,0.1402961808261886,0.0,30.434782608695656,45.52845528455284,35.8974358974359,0,1.6581927160072927
284428,Omari Hutchinson,2025,M,39,Premier League,65,Nottingham Forest,1695.0,31,6.72987012987013,83.08550185873605,1.0,5.0,17.0,11.0,538.0,33.0,22.0,0.0,12.0,223.0,91.0,79.0,41.0,19.0,24.0,23.0,8.0,1,0,0.0530973451327433,0.2654867256637168,0.9026548672566372,0.584070796460177,28.56637168141593,1.752212389380531,1.168141592920354,0.0,0.6371681415929203,11.840707964601773,4.831858407079646,4.1946902654867255,2.1769911504424777,1.008849557522124,1.2743362831858407,1.2212389380530972,0.4247787610619469,0.0530973451327433,0.0,64.70588235294117,40.80717488789238,51.89873417721519,0,1.6352436647126534
284446,Freddie Potts,2025,M,39,Premier League,48,West Ham,1167.0,22,6.859640102827763,83.58490566037736,0.0,1.0,1.0,1.0,530.0,8.0,29.0,3.0,17.0,111.0,65.0,8.0,2.0,8.0,14.0,15.0,0.0,1,0,0.0,0.0771208226221079,0.0771208226221079,0.0771208226221079,40.87403598971722,0.6169665809768637,2.236503856041131,0.2313624678663239,1.311053984575835,8.560411311053985,5.012853470437018,0.6169665809768637,0.1542416452442159,0.6169665809768637,1.0796915167095116,1.1568123393316196,0.0,0.0771208226221079,0.0,100.0,58.55855855855856,25.0,1,1.700493382760856
284457,Lamare Bogarde,2025,M,39,Premier League,66,Aston Villa,1104.0,28,6.507350272232305,89.8406374501992,0.0,0.0,0.0,0.0,502.0,2.0,26.0,6.0,5.0,109.0,57.0,7.0,2.0,5.0,20.0,17.0,0.0,5,0,0.0,0.0,0.0,0.0,40.923913043478265,0.1630434782608695,2.119565217391304,0.4891304347826087,0.4076086956521739,8.88586956521739,4.646739130434782,0.5706521739130435,0.1630434782608695,0.4076086956521739,1.6304347826086958,1.3858695652173914,0.0,0.4076086956521739,0.0,,52.293577981651374,28.57142857142857,1,2.576983681498006
284500,Tim Iroegbunam,2025,M,39,Premier League,45,Everton,1505.0,29,6.855755156353959,81.42857142857143,0.0,2.0,8.0,1.0,490.0,8.0,69.0,12.0,22.0,230.0,126.0,40.0,15.0,7.0,20.0,29.0,0.0,9,0,0.0,0.1196013289036544,0.4784053156146179,0.0598006644518272,29.30232558139535,0.4784053156146179,4.12624584717608,0.7176079734219268,1.3156146179401993,13.754152823920268,7.534883720930233,2.39202657807309,0.8970099667774086,0.4186046511627906,1.196013289036545,1.73421926910299,0.0,0.5382059800664452,0.0,12.5,54.78260869565217,37.5,1,4.2468146531692845
284570,Brooke Norton-Cuffy,2025,M,135,Serie A,495,Genoa,2214.0,27,6.8367660343270105,81.11111111111111,2.0,1.0,11.0,6.0,720.0,21.0,43.0,6.0,10.0,213.0,106.0,54.0,32.0,7.0,16.0,23.0,0.0,5,1,0.08130081300813,0.040650406504065,0.4471544715447154,0.2439024390243902,29.268292682926827,0.8536585365853658,1.7479674796747966,0.2439024390243902,0.4065040650406504,8.658536585365853,4.308943089430894,2.1951219512195124,1.3008130081300813,0.2845528455284553,0.6504065040650406,0.934959349593496,0.0,0.2032520325203252,0.040650406504065,54.54545454545454,49.76525821596244,59.25925925925925,1,2.0618351859451334
284797,Dango Ouattara,2025,M,39,Premier League,55,Brentford,2279.0,32,6.9364633611233,63.88308977035491,7.0,3.0,42.0,20.0,485.0,27.0,24.0,0.0,24.0,325.0,138.0,80.0,23.0,18.0,39.0,27.0,9.0,5,0,0.2764370337867486,0.1184730144800351,1.658622202720491,0.7898200965335674,19.153137340939008,1.066257130320316,0.9477841158402808,0.0,0.9477841158402808,12.834576568670473,5.449758666081615,3.1592803861342698,0.9082931110136024,0.7108380868802107,1.5401491882404563,1.066257130320316,0.3554190434401053,0.1974550241333918,0.0,47.61904761904761,42.46153846153846,28.75,0,1.9585208094200097
285909,Pablo Torre,2025,M,140,La Liga,798,Mallorca,1637.0,35,6.911850946854001,84.93150684931507,4.0,4.0,19.0,12.0,803.0,34.0,23.0,2.0,9.0,190.0,82.0,35.0,16.0,18.0,36.0,29.0,1.0,4,0,0.2199144777031154,0.2199144777031154,1.0445937690897984,0.6597434331093464,44.14783139890043,1.8692730604764816,1.2645082467929138,0.1099572388515577,0.4948075748320097,10.445937690897985,4.508246792913867,1.92425167990226,0.8796579108124618,0.9896151496640196,1.979230299328039,1.594379963347587,0.0549786194257788,0.2199144777031154,0.0,63.1578947368421,43.15789473684211,45.71428571428572,0,1.5231521846207865
286084,Sergi Altimira,2025,M,140,La Liga,543,Real Betis,1198.0,24,7.091736227045075,91.14583333333334,1.0,2.0,5.0,3.0,768.0,11.0,51.0,4.0,21.0,144.0,93.0,7.0,4.0,18.0,22.0,14.0,0.0,3,0,0.0751252086811352,0.1502504173622704,0.3756260434056761,0.2253756260434056,57.69616026711185,0.8263772954924875,3.8313856427378967,0.3005008347245409,1.5776293823038396,10.818030050083474,6.986644407345575,0.5258764607679466,0.3005008347245409,1.3522537562604342,1.652754590984975,1.0517529215358932,0.0,0.2253756260434056,0.0,60.0,64.58333333333334,57.14285714285714,1,3.6460373450690384
286710,Derry Scherhant,2025,M,78,Bundesliga,160,SC Freiburg,1308.0,31,6.75940366972477,75.66371681415929,5.0,1.0,23.0,13.0,226.0,22.0,20.0,4.0,7.0,229.0,92.0,80.0,30.0,13.0,36.0,19.0,4.0,2,0,0.3440366972477064,0.0688073394495412,1.5825688073394495,0.8944954128440367,15.55045871559633,1.513761467889908,1.3761467889908257,0.2752293577981651,0.481651376146789,15.756880733944952,6.330275229357798,5.504587155963303,2.064220183486239,0.8944954128440367,2.4770642201834865,1.3073394495412844,0.2752293577981651,0.1376146788990825,0.0,56.52173913043478,40.174672489082965,37.5,0,3.2265212356129602
287654,Jon Gorrotxategi,2025,M,140,La Liga,548,Real Sociedad,2215.0,30,6.793092550790068,86.91660290742158,1.0,3.0,7.0,1.0,1307.0,18.0,46.0,13.0,34.0,230.0,114.0,17.0,10.0,24.0,27.0,32.0,0.0,6,0,0.0406320541760722,0.1218961625282167,0.2844243792325056,0.0406320541760722,53.10609480812641,0.7313769751693002,1.8690744920993227,0.528216704288939,1.381489841986456,9.345372460496614,4.632054176072234,0.690744920993228,0.4063205417607223,0.9751693002257336,1.0970654627539502,1.3002257336343117,0.0,0.2437923250564334,0.0,14.285714285714285,49.56521739130435,58.82352941176471,1,1.5719095938563397
288102,Adam Wharton,2025,M,39,Premier League,52,Crystal Palace,2562.0,34,7.135675253708041,79.30194805194806,1.0,5.0,17.0,6.0,1232.0,44.0,70.0,3.0,26.0,288.0,140.0,29.0,15.0,43.0,31.0,35.0,0.0,6,1,0.0351288056206089,0.1756440281030445,0.5971896955503513,0.2107728337236534,43.27868852459016,1.5456674473067915,2.459016393442623,0.1053864168618267,0.9133489461358316,10.117096018735364,4.918032786885246,1.018735362997658,0.5269320843091335,1.5105386416861828,1.0889929742388758,1.2295081967213115,0.0,0.2107728337236534,0.0351288056206089,35.294117647058826,48.61111111111111,51.72413793103448,1,1.2694058736874163
288699,Máximo Perrone,2025,M,135,Serie A,895,Como,2749.0,36,7.029174245180066,91.35632183908044,3.0,4.0,14.0,9.0,2175.0,34.0,56.0,3.0,22.0,214.0,100.0,17.0,9.0,31.0,23.0,43.0,1.0,8,0,0.0982175336485994,0.1309567115314659,0.4583484903601309,0.2946526009457985,71.20771189523462,1.113132048017461,1.833393961440524,0.0982175336485994,0.720261913423063,7.006184066933431,3.2739177882866493,0.5565660240087305,0.2946526009457985,1.0149145143688614,0.7530010913059295,1.4077846489632593,0.0327391778828664,0.2619134230629319,0.0,64.28571428571429,46.728971962616825,52.94117647058824,1,2.207204338811687
289555,Louis Mouton,2025,M,61,Ligue 1,77,Angers,1911.0,32,6.58275681341719,75.53041018387553,2.0,1.0,23.0,8.0,707.0,22.0,40.0,4.0,14.0,200.0,83.0,34.0,12.0,24.0,16.0,20.0,4.0,1,1,0.0941915227629513,0.0470957613814756,1.0832025117739403,0.3767660910518053,33.2967032967033,1.0361067503924648,1.8838304552590264,0.1883830455259026,0.6593406593406593,9.419152276295131,3.90894819466248,1.6012558869701727,0.565149136577708,1.130298273155416,0.7535321821036107,0.9419152276295132,0.1883830455259026,0.0470957613814756,0.0470957613814756,34.78260869565217,41.5,35.294117647058826,1,1.4386073545518019
290106,Pablo Marín,2025,M,140,La Liga,548,Real Sociedad,1511.0,34,6.456452680344142,79.35656836461126,0.0,1.0,7.0,4.0,374.0,13.0,19.0,1.0,8.0,166.0,66.0,40.0,17.0,11.0,23.0,22.0,5.0,2,0,0.0,0.0595632031767041,0.4169424222369292,0.2382528127068166,22.27663798808736,0.7743216412971543,1.1317008603573793,0.0595632031767041,0.4765056254136333,9.887491727332892,3.931171409662476,2.382528127068167,1.0125744540039707,0.6551952349437459,1.369953673064196,1.3103904698874915,0.2978160158835208,0.1191264063534083,0.0,57.14285714285714,39.75903614457831,42.5,0,2.5167737662065917
291964,Arda Güler,2025,M,140,La Liga,541,Real Madrid,2026.0,33,7.206465942744324,90.70631970260224,4.0,9.0,35.0,19.0,1345.0,70.0,46.0,2.0,9.0,190.0,109.0,43.0,27.0,20.0,32.0,21.0,3.0,1,0,0.1776900296150049,0.399802566633761,1.554787759131293,0.8440276406712734,59.748272458045406,3.109575518262586,2.043435340572557,0.0888450148075024,0.399802566633761,8.440276406712734,4.842053307008885,1.9101678183613031,1.1994076999012833,0.8884501480750246,1.4215202369200397,0.9328726554787758,0.1332675222112537,0.0444225074037512,0.0,54.285714285714285,57.36842105263158,62.7906976744186,0,3.596868308041952
295026,Martin Baturina,2025,M,135,Serie A,895,Como,1591.0,29,7.277247014456316,87.6923076923077,6.0,3.0,20.0,9.0,845.0,63.0,21.0,2.0,5.0,192.0,94.0,45.0,23.0,22.0,44.0,15.0,0.0,0,0,0.3394091766184789,0.1697045883092394,1.1313639220615963,0.5091137649277184,47.80012570710245,3.5637963544940288,1.1879321181646765,0.1131363922061596,0.2828409805153991,10.861093651791329,5.317410433689504,2.545568824638592,1.301068510370836,1.2445003142677562,2.4890006285355124,0.8485229415461973,0.0,0.0,0.0,45.0,48.95833333333333,51.11111111111111,0,3.83704901209708
296560,Jackson Tchatchoua,2025,M,39,Premier League,39,Wolves,1855.0,31,6.573300970873786,76.52495378927911,0.0,1.0,2.0,1.0,541.0,21.0,29.0,8.0,16.0,134.0,66.0,14.0,5.0,14.0,9.0,8.0,2.0,3,0,0.0,0.0485175202156334,0.0970350404312668,0.0485175202156334,26.24797843665768,1.018867924528302,1.4070080862533694,0.3881401617250674,0.7762803234501349,6.501347708894879,3.202156334231806,0.6792452830188679,0.2425876010781671,0.6792452830188679,0.4366576819407008,0.3881401617250674,0.0970350404312668,0.1455525606469002,0.0,50.0,49.25373134328358,35.714285714285715,1,2.285232283708852
301771,Simon Adingra,2025,M,61,Ligue 1,91,Monaco,1533.0,28,6.6733681462141,76.83168316831683,4.0,2.0,17.0,8.0,507.0,20.0,22.0,0.0,8.0,233.0,76.0,95.0,30.0,22.0,11.0,24.0,6.0,2,0,0.2348336594911937,0.1174168297455968,0.9980430528375732,0.4696673189823874,29.76516634050881,1.1741682974559686,1.2915851272015657,0.0,0.4696673189823874,13.679060665362034,4.46183953033268,5.577299412915851,1.761252446183953,1.2915851272015657,0.6457925636007827,1.4090019569471623,0.3522504892367906,0.1174168297455968,0.0,47.05882352941176,32.61802575107296,31.57894736842105,0,2.8886616668357905
302069,Samuele Angori,2025,M,135,Serie A,801,Pisa,2604.0,35,6.895660522273425,72.73885350318471,0.0,2.0,8.0,3.0,785.0,38.0,46.0,8.0,22.0,205.0,128.0,18.0,9.0,16.0,55.0,17.0,3.0,2,0,0.0,0.0691244239631336,0.2764976958525346,0.1036866359447004,27.13133640552996,1.3133640552995391,1.5898617511520736,0.2764976958525346,0.7603686635944701,7.085253456221198,4.423963133640553,0.6221198156682028,0.3110599078341014,0.5529953917050692,1.9009216589861757,0.5875576036866359,0.1036866359447004,0.0691244239631336,0.0,37.5,62.4390243902439,50.0,1,2.2699611844672667
302632,William Mikelbrencis,2025,M,78,Bundesliga,175,Hamburger SV,1404.0,26,6.593870277975767,71.54929577464789,0.0,4.0,10.0,6.0,357.0,17.0,34.0,3.0,5.0,144.0,62.0,32.0,13.0,13.0,5.0,18.0,5.0,3,0,0.0,0.2564102564102564,0.6410256410256411,0.3846153846153846,22.884615384615383,1.0897435897435896,2.1794871794871797,0.1923076923076923,0.3205128205128205,9.23076923076923,3.974358974358974,2.0512820512820515,0.8333333333333333,0.8333333333333333,0.3205128205128205,1.1538461538461535,0.3205128205128205,0.1923076923076923,0.0,60.0,43.05555555555556,40.625,1,2.540601046213333
303362,Rafik Belghali,2025,M,135,Serie A,504,Hellas Verona,1926.0,26,6.766199376947041,77.14285714285715,2.0,0.0,13.0,6.0,492.0,28.0,21.0,6.0,18.0,184.0,79.0,71.0,39.0,12.0,10.0,20.0,6.0,6,0,0.0934579439252336,0.0,0.6074766355140186,0.2803738317757009,22.990654205607477,1.3084112149532712,0.9813084112149532,0.2803738317757009,0.8411214953271028,8.598130841121495,3.691588785046729,3.317757009345794,1.822429906542056,0.5607476635514018,0.4672897196261683,0.9345794392523366,0.2803738317757009,0.2803738317757009,0.0,46.15384615384615,42.934782608695656,54.929577464788736,1,2.8487134133695036
304853,Alex Scott,2025,M,39,Premier League,35,Bournemouth,2859.0,37,7.139853044086774,84.91379310344827,3.0,1.0,30.0,13.0,1393.0,28.0,60.0,15.0,36.0,333.0,185.0,52.0,29.0,24.0,60.0,45.0,1.0,5,0,0.0944386149003148,0.0314795383001049,0.944386149003148,0.4092339979013641,43.850996852046165,0.8814270724029382,1.888772298006296,0.4721930745015739,1.1332633788037776,10.482686253934942,5.823714585519412,1.6369359916054564,0.912906610703043,0.7555089192025184,1.888772298006296,1.416579223504722,0.0314795383001049,0.1573976915005246,0.0,43.333333333333336,55.55555555555556,55.76923076923077,1,1.7134495249519544
305730,Jack Hinshelwood,2025,M,39,Premier League,51,Brighton,1750.0,27,6.659015455065827,82.53968253968253,4.0,3.0,29.0,15.0,630.0,15.0,19.0,5.0,6.0,128.0,46.0,9.0,3.0,13.0,12.0,33.0,2.0,0,0,0.2057142857142857,0.1542857142857142,1.491428571428571,0.7714285714285715,32.4,0.7714285714285715,0.9771428571428572,0.2571428571428571,0.3085714285714285,6.582857142857144,2.3657142857142857,0.4628571428571428,0.1542857142857142,0.6685714285714286,0.6171428571428571,1.697142857142857,0.1028571428571428,0.0,0.0,51.72413793103448,35.9375,33.33333333333333,1,3.025450711013596
305834,Andrey Santos,2025,M,39,Premier League,49,Chelsea,1280.0,27,7.01203125,90.1002506265664,1.0,0.0,9.0,2.0,798.0,8.0,37.0,6.0,20.0,121.0,75.0,5.0,2.0,13.0,22.0,13.0,1.0,4,0,0.0703125,0.0,0.6328125,0.140625,56.109375,0.5625,2.6015625,0.421875,1.40625,8.5078125,5.2734375,0.3515625,0.140625,0.9140625,1.5468750000000002,0.9140625,0.0703125,0.28125,0.0,22.22222222222222,61.98347107438017,40.0,1,2.125528069910069
308836,Mandela Keita,2025,M,135,Serie A,523,Parma,2999.0,37,6.972290763587863,88.35672997522708,1.0,1.0,13.0,5.0,1211.0,11.0,74.0,11.0,44.0,287.0,179.0,45.0,29.0,27.0,57.0,30.0,0.0,1,0,0.0300100033344448,0.0300100033344448,0.3901300433477826,0.150050016672224,36.342114038012674,0.330110036678893,2.220740246748916,0.330110036678893,1.320440146715572,8.612870956985661,5.371790596865622,1.3504501500500168,0.8702900966988997,0.81027009003001,1.7105701900633543,0.9003001000333444,0.0,0.0300100033344448,0.0,38.46153846153847,62.36933797909408,64.44444444444444,1,2.0171095456060706
309388,Matteo Prati,2025,M,135,Serie A,503,Torino,1889.0,33,6.63276866066702,79.76470588235294,1.0,1.0,22.0,1.0,850.0,12.0,39.0,9.0,20.0,144.0,71.0,14.0,7.0,18.0,10.0,29.0,0.0,6,0,0.0476442562202223,0.0476442562202223,1.0481736368448915,0.0476442562202223,40.497617787188986,0.571731074642668,1.858125992588671,0.4287983059820011,0.9528851244044468,6.860772895712017,3.3827421916357863,0.6670195870831127,0.3335097935415563,0.8575966119640022,0.4764425622022234,1.3816834303864478,0.0,0.285865537321334,0.0,4.545454545454546,49.30555555555556,50.0,1,1.5665988294638404
311083,Cher Ndour,2025,M,135,Serie A,502,Fiorentina,1885.0,33,6.778992042440319,82.8042328042328,3.0,0.0,14.0,8.0,756.0,6.0,35.0,9.0,14.0,210.0,97.0,23.0,7.0,15.0,23.0,26.0,1.0,2,0,0.143236074270557,0.0,0.6684350132625995,0.3819628647214854,36.09549071618037,0.286472148541114,1.6710875331564987,0.429708222811671,0.6684350132625995,10.026525198938993,4.631299734748011,1.098143236074271,0.3342175066312997,0.7161803713527851,1.098143236074271,1.2413793103448276,0.0477453580901856,0.0954907161803713,0.0,57.14285714285714,46.19047619047619,30.434782608695656,1,1.6663390314374085
313651,Hugo Sotelo,2025,M,140,La Liga,538,Celta Vigo,1342.0,20,7.108941877794337,92.26130653266333,0.0,2.0,2.0,1.0,995.0,26.0,30.0,9.0,13.0,101.0,48.0,4.0,2.0,11.0,13.0,27.0,0.0,3,0,0.0,0.1341281669150521,0.1341281669150521,0.067064083457526,66.72876304023845,1.743666169895678,2.011922503725782,0.6035767511177348,0.871833084947839,6.773472429210134,3.219076005961252,0.2682563338301043,0.1341281669150521,0.7377049180327869,0.871833084947839,1.810730253353204,0.0,0.2011922503725782,0.0,50.0,47.52475247524752,50.0,1,2.431684763127042
315699,Javier Guerra,2025,M,140,La Liga,532,Valencia,2086.0,36,6.92006721075372,81.56822810590631,4.0,6.0,22.0,12.0,982.0,32.0,29.0,6.0,24.0,225.0,89.0,62.0,26.0,25.0,20.0,28.0,2.0,3,0,0.1725790987535954,0.2588686481303931,0.9491850431447748,0.5177372962607862,42.36816874400767,1.3806327900287632,1.2511984659635669,0.2588686481303931,1.0354745925215725,9.70757430488974,3.8398849472674974,2.6749760306807286,1.12176414189837,1.078619367209971,0.862895493767977,1.2080536912751678,0.0862895493767977,0.1294343240651965,0.0,54.54545454545454,39.55555555555556,41.935483870967744,1,1.8203693518101396
319572,Valentín Barco,2025,M,61,Ligue 1,95,Strasbourg,2170.0,27,7.180322580645161,86.34020618556701,2.0,4.0,18.0,10.0,1552.0,40.0,54.0,2.0,14.0,258.0,148.0,58.0,24.0,14.0,61.0,24.0,2.0,5,1,0.0829493087557603,0.1658986175115207,0.7465437788018434,0.4147465437788018,64.36866359447005,1.6589861751152073,2.23963133640553,0.0829493087557603,0.5806451612903226,10.700460829493087,6.138248847926268,2.4055299539170507,0.9953917050691244,0.5806451612903226,2.5299539170506917,0.9953917050691244,0.0829493087557603,0.2073732718894009,0.0414746543778801,55.55555555555556,57.36434108527132,41.37931034482759,0,3.0600813426707214
322630,Giovanni Fabbian,2025,M,135,Serie A,502,Fiorentina,1174.0,29,6.571733561058924,80.0,2.0,0.0,19.0,6.0,296.0,9.0,12.0,1.0,6.0,158.0,76.0,15.0,6.0,7.0,27.0,19.0,2.0,2,0,0.1533219761499148,0.0,1.4565587734241907,0.4599659284497444,22.691652470187396,0.6899488926746167,0.9199318568994888,0.0766609880749574,0.4599659284497444,12.11243611584327,5.826235093696763,1.149914821124361,0.4599659284497444,0.5366269165247018,2.06984667802385,1.4565587734241907,0.1533219761499148,0.1533219761499148,0.0,31.57894736842105,48.10126582278481,40.0,0,2.3580760555378086
323625,Kévin Danois,2025,M,61,Ligue 1,108,Auxerre,2835.0,33,7.034391534391534,85.34653465346534,3.0,1.0,19.0,8.0,1515.0,53.0,78.0,2.0,38.0,324.0,153.0,60.0,35.0,44.0,26.0,33.0,3.0,3,0,0.0952380952380952,0.0317460317460317,0.6031746031746031,0.253968253968254,48.095238095238095,1.6825396825396826,2.4761904761904763,0.0634920634920635,1.2063492063492065,10.285714285714285,4.857142857142858,1.9047619047619049,1.1111111111111112,1.3968253968253967,0.8253968253968255,1.0476190476190477,0.0952380952380952,0.0952380952380952,0.0,42.10526315789473,47.22222222222222,58.333333333333336,1,1.7234070841081293
323935,Giuliano Simeone,2025,M,140,La Liga,530,Atletico Madrid,2109.0,31,6.943290659080135,81.81818181818183,4.0,6.0,30.0,14.0,946.0,31.0,44.0,3.0,18.0,279.0,139.0,65.0,29.0,40.0,40.0,21.0,7.0,2,0,0.1706970128022759,0.2560455192034139,1.2802275960170697,0.5974395448079659,40.36984352773827,1.3229018492176383,1.877667140825036,0.1280227596017069,0.7681365576102419,11.906116642958748,5.93172119487909,2.7738264580369845,1.2375533428165006,1.7069701280227598,1.7069701280227598,0.8961593172119487,0.2987197724039829,0.0853485064011379,0.0,46.66666666666666,49.82078853046595,44.61538461538462,0,1.0268635271973054
326068,Kamory Doumbia,2025,M,61,Ligue 1,106,Stade Brestois 29,1765.0,24,6.827025495750709,82.44837758112095,5.0,4.0,27.0,14.0,678.0,27.0,61.0,0.0,20.0,259.0,110.0,56.0,17.0,26.0,21.0,29.0,2.0,6,0,0.254957507082153,0.2039660056657223,1.3767705382436262,0.7138810198300284,34.57223796033994,1.3767705382436262,3.110481586402266,0.0,1.019830028328612,13.206798866855523,5.609065155807365,2.855524079320113,0.8668555240793201,1.3257790368271956,1.0708215297450423,1.4787535410764874,0.1019830028328611,0.3059490084985836,0.0,51.85185185185185,42.47104247104247,30.35714285714285,0,2.928553748715104
326073,Remy Labeau Lascary,2025,M,61,Ligue 1,106,Stade Brestois 29,1195.0,27,6.742761506276151,81.16591928251121,5.0,1.0,26.0,16.0,226.0,13.0,16.0,2.0,6.0,179.0,65.0,51.0,20.0,16.0,18.0,29.0,9.0,2,0,0.3765690376569037,0.0753138075313807,1.9581589958158996,1.205020920502092,17.02092050209205,0.9790794979079496,1.205020920502092,0.1506276150627615,0.4518828451882845,13.481171548117151,4.895397489539749,3.8410041841004174,1.506276150627615,1.205020920502092,1.3556485355648535,2.1841004184100417,0.6778242677824268,0.1506276150627615,0.0,61.53846153846154,36.312849162011176,39.21568627450981,0,2.2148200123487958
326176,Soungoutou Magassa,2025,M,39,Premier League,48,West Ham,998.0,22,6.792184368737475,81.14143920595534,1.0,0.0,5.0,2.0,405.0,5.0,40.0,4.0,17.0,129.0,73.0,8.0,5.0,15.0,17.0,17.0,0.0,4,0,0.0901803607214428,0.0,0.4509018036072144,0.1803607214428857,36.52304609218437,0.4509018036072144,3.607214428857716,0.3607214428857715,1.533066132264529,11.63326653306613,6.583166332665331,0.721442885771543,0.4509018036072144,1.3527054108216432,1.533066132264529,1.533066132264529,0.0,0.3607214428857715,0.0,40.0,56.58914728682171,62.5,1,3.3860286688129353
326757,Jobe Bellingham,2025,M,78,Bundesliga,165,Borussia Dortmund,1800.0,32,6.873374096720401,87.40458015267176,0.0,1.0,10.0,6.0,1048.0,9.0,44.0,8.0,38.0,186.0,103.0,31.0,15.0,9.0,20.0,15.0,0.0,2,1,0.0,0.05,0.5,0.3,52.4,0.45,2.2,0.4,1.9,9.3,5.15,1.55,0.75,0.45,1.0,0.75,0.0,0.1,0.05,60.0,55.376344086021504,48.38709677419355,1,2.6547102056096414
327631,Habib Diarra,2025,M,39,Premier League,746,Sunderland,1407.0,20,6.73503909026297,81.88073394495413,2.0,2.0,22.0,8.0,436.0,7.0,14.0,0.0,4.0,127.0,58.0,22.0,6.0,7.0,27.0,19.0,3.0,6,0,0.1279317697228145,0.1279317697228145,1.4072494669509594,0.511727078891258,27.88912579957356,0.4477611940298507,0.8955223880597015,0.0,0.255863539445629,8.123667377398721,3.7100213219616207,1.4072494669509594,0.3837953091684435,0.4477611940298507,1.727078891257996,1.2153518123667375,0.1918976545842217,0.3837953091684435,0.0,36.36363636363637,45.66929133858268,27.27272727272727,0,2.725079697763204
327831,Aljoscha Kemlein,2025,M,78,Bundesliga,182,Union Berlin,1967.0,30,6.826232841891204,76.78756476683938,0.0,2.0,10.0,2.0,965.0,15.0,40.0,5.0,16.0,187.0,98.0,24.0,17.0,24.0,11.0,22.0,0.0,4,0,0.0,0.0915099135739705,0.4575495678698525,0.0915099135739705,44.15353329944077,0.6863243518047788,1.83019827147941,0.2287747839349262,0.7320793085917641,8.556176919166242,4.483985765124555,1.0981189628876462,0.7778342653787493,1.0981189628876462,0.5033045246568378,1.0066090493136757,0.0,0.183019827147941,0.0,20.0,52.406417112299465,70.83333333333334,1,1.186818189213281
327897,Arijon Ibrahimović,2025,M,78,Bundesliga,180,1. FC Heidenheim,2181.0,32,6.795321100917432,72.07872078720787,2.0,4.0,33.0,19.0,813.0,56.0,34.0,5.0,23.0,249.0,109.0,51.0,23.0,39.0,27.0,13.0,5.0,2,0,0.0825309491059147,0.1650618982118294,1.361760660247593,0.7840440165061898,33.54883081155433,2.3108665749656123,1.4030261348005502,0.2063273727647868,0.9491059147180192,10.27510316368638,4.497936726272353,2.1045392022008254,0.9491059147180192,1.609353507565337,1.114167812929849,0.5364511691884457,0.2063273727647868,0.0825309491059147,0.0,57.57575757575758,43.77510040160642,45.09803921568628,0,1.966150108450604
328033,Aleksandar Pavlović,2025,M,78,Bundesliga,157,Bayern München,1460.0,24,7.348972602739726,94.54545454545456,3.0,1.0,8.0,5.0,1595.0,21.0,26.0,8.0,14.0,107.0,51.0,8.0,4.0,9.0,10.0,19.0,0.0,2,0,0.184931506849315,0.0616438356164383,0.4931506849315069,0.3082191780821918,98.32191780821918,1.2945205479452055,1.6027397260273972,0.4931506849315069,0.863013698630137,6.595890410958905,3.1438356164383565,0.4931506849315069,0.2465753424657534,0.5547945205479452,0.6164383561643836,1.1712328767123288,0.0,0.1232876712328767,0.0,62.5,47.66355140186916,50.0,1,4.0244374120063675
328046,Ismael Koné,2025,M,135,Serie A,488,Sassuolo,2756.0,35,7.0492017416545725,91.43356643356644,6.0,0.0,20.0,10.0,1144.0,23.0,31.0,4.0,15.0,210.0,116.0,44.0,26.0,16.0,54.0,25.0,0.0,5,1,0.1959361393323657,0.0,0.6531204644412192,0.3265602322206096,37.35849056603774,0.751088534107402,1.0123367198838895,0.1306240928882438,0.4898403483309144,6.8577648766328005,3.7880986937590713,1.436865021770682,0.8490566037735848,0.5224963715529753,1.7634252539912916,0.8164005805515239,0.0,0.1632801161103048,0.0326560232220609,50.0,55.23809523809524,59.09090909090909,1,2.368756684472473
328089,Archie Gray,2025,M,39,Premier League,47,Tottenham,1500.0,24,6.605603735823882,83.11688311688312,2.0,2.0,8.0,5.0,539.0,8.0,11.0,4.0,17.0,85.0,29.0,16.0,7.0,1.0,2.0,12.0,0.0,5,0,0.12,0.12,0.48,0.3,32.34,0.48,0.66,0.24,1.02,5.1,1.74,0.96,0.42,0.06,0.12,0.72,0.0,0.3,0.0,62.5,34.11764705882353,43.75,1,3.0238848990559783
328105,Lewis Miley,2025,M,39,Premier League,34,Newcastle,1494.0,23,7.043096514745308,89.76190476190476,1.0,4.0,8.0,4.0,840.0,15.0,29.0,3.0,20.0,134.0,89.0,14.0,12.0,12.0,4.0,5.0,2.0,0,0,0.0602409638554216,0.2409638554216867,0.4819277108433735,0.2409638554216867,50.60240963855421,0.9036144578313252,1.7469879518072289,0.180722891566265,1.2048192771084336,8.072289156626507,5.36144578313253,0.8433734939759037,0.7228915662650601,0.7228915662650601,0.2409638554216867,0.3012048192771084,0.1204819277108433,0.0,0.0,50.0,66.4179104477612,85.71428571428571,1,1.5205084445043064
328225,Brajan Gruda,2025,M,78,Bundesliga,173,RB Leipzig,1495.0,31,7.043344481605352,78.30374753451676,4.0,4.0,25.0,16.0,507.0,33.0,22.0,0.0,2.0,224.0,102.0,88.0,41.0,8.0,26.0,21.0,3.0,3,0,0.2408026755852842,0.2408026755852842,1.5050167224080266,0.963210702341137,30.52173913043478,1.9866220735785955,1.3244147157190636,0.0,0.1204013377926421,13.484949832775918,6.1404682274247495,5.297658862876254,2.468227424749164,0.4816053511705685,1.565217391304348,1.2642140468227423,0.1806020066889632,0.1806020066889632,0.0,64.0,45.535714285714285,46.590909090909086,0,2.4405812339663226
329728,Marc Casadó,2025,M,140,La Liga,529,Barcelona,999.0,24,6.763581488933601,90.97995545657017,0.0,1.0,2.0,0.0,898.0,14.0,18.0,3.0,7.0,94.0,47.0,6.0,2.0,8.0,20.0,25.0,0.0,1,0,0.0,0.09009009009009,0.1801801801801801,0.0,80.9009009009009,1.2612612612612613,1.6216216216216215,0.2702702702702703,0.6306306306306306,8.468468468468469,4.2342342342342345,0.5405405405405406,0.1801801801801801,0.7207207207207207,1.8018018018018016,2.2522522522522523,0.0,0.09009009009009,0.0,0.0,50.0,33.33333333333333,1,3.1807373770466625
330238,Lucas Pires,2025,M,39,Premier League,44,Burnley,1406.0,20,6.624964438122333,83.92857142857143,0.0,0.0,10.0,4.0,560.0,20.0,29.0,6.0,20.0,121.0,54.0,28.0,18.0,21.0,4.0,15.0,6.0,1,1,0.0,0.0,0.6401137980085349,0.2560455192034139,35.84637268847795,1.2802275960170697,1.856330014224751,0.3840682788051209,1.2802275960170697,7.745376955903271,3.456614509246088,1.7923186344238975,1.1522048364153628,1.3442389758179232,0.2560455192034139,0.9601706970128022,0.3840682788051209,0.0640113798008534,0.0640113798008534,40.0,44.62809917355372,64.28571428571429,1,1.6963063595000683
331369,Ángel Pérez,2025,M,140,La Liga,542,Alaves,1290.0,16,6.732093023255814,74.52229299363057,1.0,3.0,6.0,4.0,471.0,24.0,15.0,1.0,9.0,124.0,53.0,47.0,20.0,13.0,17.0,16.0,6.0,4,0,0.0697674418604651,0.2093023255813953,0.4186046511627906,0.2790697674418604,32.86046511627907,1.6744186046511629,1.0465116279069768,0.0697674418604651,0.627906976744186,8.651162790697674,3.697674418604651,3.2790697674418605,1.3953488372093024,0.9069767441860463,1.1860465116279069,1.1162790697674418,0.4186046511627906,0.2790697674418604,0.0,66.66666666666666,42.74193548387097,42.5531914893617,0,2.3210825331502627
332308,Unai Gómez,2025,M,140,La Liga,531,Athletic Club,949.0,26,6.489029535864979,75.67567567567568,1.0,1.0,18.0,7.0,222.0,8.0,14.0,1.0,1.0,110.0,42.0,15.0,6.0,7.0,6.0,12.0,4.0,1,0,0.0948366701791359,0.0948366701791359,1.7070600632244468,0.6638566912539515,21.053740779768177,0.7586933614330874,1.327713382507903,0.0948366701791359,0.0948366701791359,10.432033719704952,3.983140147523709,1.4225500526870392,0.5690200210748156,0.6638566912539515,0.5690200210748156,1.1380400421496313,0.3793466807165437,0.0948366701791359,0.0,38.88888888888889,38.18181818181819,40.0,0,2.8470894045053603
332309,Alejandro Rego Mora,2025,M,140,La Liga,531,Athletic Club,1266.0,29,6.718483412322275,82.18923933209648,1.0,1.0,6.0,3.0,539.0,11.0,42.0,5.0,24.0,148.0,71.0,19.0,9.0,15.0,6.0,40.0,0.0,6,0,0.0710900473933649,0.0710900473933649,0.4265402843601896,0.2132701421800948,38.317535545023695,0.7819905213270142,2.9857819905213274,0.3554502369668246,1.7061611374407584,10.52132701421801,5.04739336492891,1.3507109004739335,0.6398104265402843,1.066350710900474,0.4265402843601896,2.8436018957345968,0.0,0.4265402843601896,0.0,50.0,47.97297297297297,47.368421052631575,1,2.7626278162583797
333137,Kassoum Ouattara,2025,M,61,Ligue 1,91,Monaco,983.0,15,6.6029501525941,74.27055702917772,0.0,3.0,6.0,0.0,377.0,17.0,27.0,0.0,16.0,141.0,62.0,34.0,9.0,9.0,10.0,22.0,1.0,3,0,0.0,0.2746693794506612,0.5493387589013224,0.0,34.51678535096643,1.5564598168870805,2.472024415055951,0.0,1.4649033570701933,12.909460834181075,5.676500508646998,3.112919633774161,0.8240081383519837,0.8240081383519837,0.9155645981688708,2.014242115971516,0.091556459816887,0.2746693794506612,0.0,0.0,43.97163120567376,26.47058823529412,1,2.8913270934847737
333502,Miguel Román,2025,M,140,La Liga,538,Celta Vigo,1310.0,19,6.988091603053435,87.56684491978609,1.0,0.0,5.0,1.0,748.0,17.0,26.0,7.0,12.0,106.0,50.0,12.0,3.0,15.0,11.0,20.0,0.0,3,0,0.0687022900763358,0.0,0.3435114503816793,0.0687022900763358,51.38931297709924,1.16793893129771,1.786259541984733,0.4809160305343511,0.8244274809160306,7.282442748091603,3.435114503816794,0.8244274809160306,0.2061068702290076,1.0305343511450382,0.7557251908396947,1.3740458015267174,0.0,0.2061068702290076,0.0,20.0,47.16981132075472,25.0,1,1.1574150351294756
334035,Samuel Amo-Ameyaw,2025,M,61,Ligue 1,95,Strasbourg,1050.0,25,6.863679694947569,88.88888888888889,2.0,2.0,11.0,5.0,414.0,13.0,21.0,0.0,3.0,149.0,75.0,55.0,28.0,13.0,26.0,15.0,2.0,2,0,0.1714285714285714,0.1714285714285714,0.9428571428571428,0.4285714285714286,35.48571428571429,1.1142857142857143,1.8,0.0,0.2571428571428571,12.77142857142857,6.428571428571428,4.714285714285714,2.4000000000000004,1.1142857142857143,2.2285714285714286,1.2857142857142856,0.1714285714285714,0.1714285714285714,0.0,45.45454545454545,50.33557046979866,50.90909090909091,0,2.223489027589737
335051,João Neves,2025,M,61,Ligue 1,85,Paris Saint Germain,1287.0,21,7.291919191919193,91.43407122232917,5.0,1.0,19.0,6.0,1039.0,14.0,27.0,5.0,7.0,107.0,61.0,14.0,8.0,13.0,13.0,13.0,0.0,0,0,0.3496503496503496,0.0699300699300699,1.3286713286713288,0.4195804195804196,72.65734265734267,0.9790209790209792,1.888111888111888,0.3496503496503496,0.4895104895104895,7.482517482517482,4.265734265734266,0.9790209790209792,0.5594405594405595,0.9090909090909092,0.9090909090909092,0.9090909090909092,0.0,0.0,0.0,31.57894736842105,57.00934579439252,57.14285714285714,1,2.6492477318292917
335056,Diego Moreira,2025,M,61,Ligue 1,95,Strasbourg,2041.0,27,7.03047525722685,81.34878819810326,4.0,6.0,18.0,11.0,949.0,38.0,44.0,4.0,21.0,259.0,121.0,86.0,36.0,30.0,27.0,18.0,8.0,4,0,0.1763841254287114,0.2645761881430671,0.7937285644292015,0.4850563449289564,41.847133757961785,1.6756491915727585,1.9402253797158255,0.1763841254287114,0.926016658500735,11.420872121509063,5.335619794218521,3.792258696717296,1.587457128858403,1.3228809407153357,1.190592846643802,0.7937285644292015,0.3527682508574228,0.1763841254287114,0.0,61.11111111111112,46.71814671814672,41.86046511627907,0,1.962602313046737
335094,Hugo Larsson,2025,M,78,Bundesliga,169,Eintracht Frankfurt,1824.0,25,6.82576754385965,86.78328474246841,2.0,2.0,10.0,6.0,1029.0,19.0,19.0,5.0,31.0,74.0,34.0,9.0,4.0,11.0,2.0,7.0,0.0,0,0,0.0986842105263157,0.0986842105263157,0.4934210526315789,0.2960526315789473,50.77302631578948,0.9375,0.9375,0.2467105263157894,1.529605263157895,3.651315789473685,1.6776315789473684,0.444078947368421,0.1973684210526315,0.5427631578947368,0.0986842105263157,0.3453947368421052,0.0,0.0,0.0,60.0,45.94594594594595,44.44444444444444,1,3.2585987834152323
336573,Emirhan İlkhan,2025,M,135,Serie A,503,Torino,1018.0,19,6.870923379174854,83.96624472573839,1.0,2.0,7.0,3.0,474.0,11.0,26.0,2.0,13.0,115.0,64.0,13.0,7.0,12.0,18.0,11.0,0.0,2,1,0.0884086444007858,0.1768172888015717,0.618860510805501,0.2652259332023575,41.90569744597249,0.9724950884086444,2.298624754420432,0.1768172888015717,1.149312377210216,10.166994106090373,5.658153241650294,1.149312377210216,0.618860510805501,1.0609037328094302,1.5913555992141453,0.9724950884086444,0.0,0.1768172888015717,0.0884086444007858,42.85714285714285,55.65217391304348,53.84615384615385,1,1.2853946721658545
336585,Mateus Fernandes,2025,M,39,Premier League,48,West Ham,3024.0,36,7.198280423280423,87.43589743589743,3.0,4.0,17.0,8.0,1560.0,37.0,104.0,12.0,35.0,360.0,200.0,48.0,28.0,41.0,49.0,49.0,0.0,7,0,0.0892857142857142,0.119047619047619,0.5059523809523809,0.238095238095238,46.42857142857143,1.101190476190476,3.095238095238095,0.3571428571428571,1.0416666666666663,10.714285714285714,5.952380952380952,1.4285714285714284,0.8333333333333333,1.2202380952380951,1.4583333333333333,1.4583333333333333,0.0,0.2083333333333333,0.0,47.05882352941176,55.55555555555556,58.333333333333336,1,2.0403109053153923
336594,Pablo Barrios,2025,M,140,La Liga,530,Atletico Madrid,1666.0,23,7.065366146458584,88.97338403041825,1.0,1.0,13.0,6.0,1052.0,20.0,30.0,2.0,27.0,189.0,104.0,54.0,33.0,13.0,23.0,12.0,0.0,0,0,0.0540216086434573,0.0540216086434573,0.7022809123649459,0.3241296518607443,56.83073229291717,1.0804321728691475,1.6206482593037217,0.1080432172869147,1.4585834333733494,10.210084033613445,5.618247298919568,2.917166866746699,1.7827130852340936,0.7022809123649459,1.2424969987995198,0.6482593037214885,0.0,0.0,0.0,46.15384615384615,55.02645502645503,61.11111111111112,1,2.211758840832879
336659,Chemsdine Talbi,2025,M,39,Premier League,746,Sunderland,1561.0,28,6.691992312620115,81.34328358208955,4.0,1.0,20.0,10.0,402.0,12.0,11.0,1.0,2.0,91.0,29.0,36.0,16.0,13.0,1.0,5.0,2.0,0,0,0.230621396540679,0.0576553491351697,1.1531069827033953,0.5765534913516976,23.177450352338244,0.6918641896220372,0.6342088404868673,0.0576553491351697,0.1153106982703395,5.246636771300449,1.672005124919923,2.0755925688661114,0.922485586162716,0.7495195387572069,0.0576553491351697,0.2882767456758488,0.1153106982703395,0.0,0.0,50.0,31.868131868131865,44.44444444444444,1,3.9764318833643046
338751,Victor Muñoz,2025,M,140,La Liga,727,Osasuna,2668.0,34,6.905659670164917,80.73836276083468,6.0,2.0,56.0,31.0,623.0,27.0,22.0,0.0,9.0,404.0,167.0,178.0,75.0,18.0,54.0,32.0,5.0,3,0,0.2023988005997001,0.0674662668665667,1.889055472263868,1.0457271364317842,21.01574212893553,0.9107946026986506,0.7421289355322339,0.0,0.3035982008995502,13.628185907046475,5.633433283358321,6.004497751124437,2.529985007496252,0.6071964017991005,1.8215892053973013,1.0794602698650675,0.1686656671664168,0.10119940029985,0.0,55.35714285714286,41.336633663366335,42.13483146067416,0,3.289778736034053
339105,Joel Roca,2025,M,140,La Liga,547,Girona,1482.0,32,6.721997300944669,83.42105263157895,3.0,1.0,31.0,16.0,381.0,16.0,23.0,1.0,2.0,238.0,110.0,89.0,37.0,15.0,45.0,13.0,4.0,4,1,0.1821862348178137,0.0607287449392712,1.8825910931174088,0.97165991902834,23.137651821862345,0.97165991902834,1.3967611336032388,0.0607287449392712,0.1214574898785425,14.453441295546558,6.680161943319838,5.4048582995951415,2.246963562753036,0.9109311740890688,2.7327935222672064,0.7894736842105263,0.242914979757085,0.242914979757085,0.0607287449392712,51.61290322580645,46.21848739495798,41.57303370786517,0,3.363506936283189
339417,Pape Diop,2025,M,61,Ligue 1,96,Toulouse,1185.0,15,6.967932489451479,87.28139904610492,1.0,2.0,22.0,11.0,629.0,19.0,32.0,7.0,30.0,127.0,62.0,11.0,4.0,20.0,17.0,15.0,0.0,2,0,0.0759493670886076,0.1518987341772152,1.6708860759493671,0.8354430379746836,47.77215189873417,1.4430379746835442,2.430379746835443,0.5316455696202531,2.278481012658228,9.645569620253164,4.70886075949367,0.8354430379746836,0.3037974683544304,1.5189873417721518,1.2911392405063291,1.139240506329114,0.0,0.1518987341772152,0.0,50.0,48.81889763779528,36.36363636363637,1,3.9355822423132167
339874,Oscar Højlund,2025,M,78,Bundesliga,169,Eintracht Frankfurt,1099.0,24,6.617030965391622,89.87566607460036,1.0,1.0,5.0,3.0,564.0,7.0,29.0,5.0,7.0,116.0,44.0,12.0,5.0,8.0,5.0,27.0,1.0,4,1,0.0818926296633303,0.0818926296633303,0.4094631483166515,0.2456778889899909,46.18744313011829,0.5732484076433121,2.3748862602365786,0.4094631483166515,0.5732484076433121,9.499545040946314,3.603275705186533,0.9827115559599636,0.4094631483166515,0.6551410373066424,0.4094631483166515,2.211101000909918,0.0818926296633303,0.3275705186533212,0.0818926296633303,60.0,37.93103448275862,41.66666666666667,1,1.7412923111037648
339887,Can Uzun,2025,M,78,Bundesliga,169,Eintracht Frankfurt,1172.0,21,7.434300341296928,81.61888701517707,8.0,4.0,30.0,19.0,593.0,20.0,15.0,2.0,2.0,138.0,63.0,40.0,16.0,9.0,26.0,15.0,0.0,3,0,0.6143344709897611,0.3071672354948805,2.303754266211604,1.4590443686006824,45.537542662116046,1.5358361774744027,1.151877133105802,0.1535836177474402,0.1535836177474402,10.59726962457338,4.837883959044369,3.0716723549488054,1.2286689419795225,0.6911262798634812,1.9965870307167235,1.151877133105802,0.0,0.2303754266211604,0.0,63.33333333333333,45.65217391304348,40.0,0,2.2694039245188073
340573,Bilal El Khannouss,2025,M,78,Bundesliga,172,VfB Stuttgart,1634.0,25,7.041126070991432,79.34322033898306,4.0,5.0,26.0,15.0,944.0,45.0,28.0,3.0,10.0,147.0,75.0,32.0,18.0,7.0,9.0,19.0,1.0,6,0,0.2203182374541003,0.2753977968176255,1.4320685434516525,0.8261933904528764,51.995104039167686,2.478580171358629,1.5422276621787023,0.1652386780905752,0.550795593635251,8.096695226438188,4.130966952264382,1.7625458996328027,0.9914320685434516,0.3855569155446756,0.4957160342717258,1.0465116279069768,0.055079559363525,0.3304773561811505,0.0,57.692307692307686,51.02040816326531,56.25,0,3.07265288876332
340626,Fermín López,2025,M,140,La Liga,529,Barcelona,1797.0,30,7.160656649972176,87.5140607424072,6.0,9.0,55.0,25.0,889.0,34.0,48.0,0.0,7.0,244.0,120.0,79.0,44.0,21.0,20.0,34.0,5.0,3,0,0.3005008347245409,0.4507512520868113,2.7545909849749584,1.2520868113522536,44.524207011686144,1.702838063439065,2.404006677796328,0.0,0.350584307178631,12.220367278797998,6.010016694490818,3.956594323873122,2.2036727879799667,1.0517529215358932,1.001669449081803,1.702838063439065,0.2504173622704507,0.1502504173622704,0.0,45.45454545454545,49.18032786885246,55.69620253164557,0,3.313999499192448
341371,Rodrigo Mendoza,2025,M,140,La Liga,530,Atletico Madrid,1231.0,24,6.652152721364744,85.51401869158879,1.0,1.0,10.0,4.0,642.0,15.0,16.0,2.0,4.0,161.0,64.0,35.0,18.0,8.0,23.0,30.0,2.0,6,0,0.0731112916328188,0.0731112916328188,0.7311129163281884,0.2924451665312754,46.937449228269706,1.0966693744922826,1.1697806661251016,0.1462225832656377,0.2924451665312754,11.770917952883837,4.679122664500406,2.55889520714866,1.3160032493907392,0.5848903330625508,1.6815597075548334,2.1933387489845653,0.1462225832656377,0.4386677497969131,0.0,40.0,39.75155279503105,51.42857142857142,0,1.8532505418390817
341453,Oso,2025,M,140,La Liga,536,Sevilla,1409.0,21,6.823366477272728,75.51020408163265,2.0,3.0,13.0,8.0,441.0,21.0,27.0,3.0,7.0,144.0,75.0,31.0,17.0,15.0,16.0,12.0,4.0,1,0,0.127750177430802,0.1916252661462029,0.830376153300213,0.511000709723208,28.16891412349184,1.3413768630234209,1.7246273953158269,0.1916252661462029,0.4471256210078069,9.198012775017745,4.790631653655074,1.9801277501774308,1.085876508161817,0.9581263307310148,1.022001419446416,0.7665010645848119,0.255500354861604,0.063875088715401,0.0,61.53846153846154,52.083333333333336,54.83870967741935,0,1.902441145560804
342651,Romano Floriani Mussolini,2025,M,135,Serie A,520,Cremonese,1185.0,28,6.4714043993231805,70.58823529411765,0.0,1.0,4.0,1.0,308.0,9.0,27.0,5.0,5.0,131.0,59.0,16.0,6.0,8.0,5.0,21.0,2.0,2,0,0.0,0.0759493670886076,0.3037974683544304,0.0759493670886076,23.392405063291136,0.6835443037974683,2.050632911392405,0.3797468354430379,0.3797468354430379,9.949367088607596,4.481012658227848,1.2151898734177216,0.4556962025316455,0.6075949367088608,0.3797468354430379,1.5949367088607596,0.1518987341772152,0.1518987341772152,0.0,25.0,45.038167938931295,37.5,1,2.4759262291022686
343189,Gvidas Gineitis,2025,M,135,Serie A,503,Torino,1763.0,29,6.768406125921723,76.43979057591623,0.0,1.0,18.0,5.0,573.0,27.0,45.0,10.0,22.0,222.0,121.0,29.0,17.0,10.0,32.0,43.0,1.0,5,0,0.0,0.0510493477027793,0.9188882586500284,0.2552467385138967,29.25127623369257,1.3783323879750426,2.29722064662507,0.5104934770277935,1.123085649461146,11.332955190017016,6.176971072036302,1.4804310833806011,0.867838910947249,0.5104934770277935,1.6335791264889394,2.1951219512195124,0.0510493477027793,0.2552467385138967,0.0,27.77777777777778,54.5045045045045,58.620689655172406,1,2.0186760263457297
343205,Mario Martín,2025,M,140,La Liga,546,Getafe,2135.0,35,6.441826697892271,72.93497363796133,2.0,1.0,15.0,6.0,569.0,8.0,56.0,5.0,16.0,444.0,177.0,35.0,13.0,31.0,34.0,72.0,4.0,11,0,0.0843091334894613,0.0421545667447306,0.6323185011709602,0.2529274004683841,23.985948477751755,0.3372365339578454,2.360655737704918,0.2107728337236534,0.6744730679156908,18.716627634660423,7.461358313817331,1.475409836065574,0.5480093676814989,1.3067915690866512,1.4332552693208434,3.0351288056206087,0.1686182669789227,0.4637002341920375,0.0,40.0,39.86486486486486,37.142857142857146,0,4.153144311170866
343558,Lennon Miller,2025,M,135,Serie A,494,Udinese,1018.0,24,6.763116370808679,78.01047120418848,0.0,2.0,7.0,1.0,384.0,14.0,21.0,4.0,7.0,106.0,64.0,15.0,10.0,7.0,17.0,14.0,1.0,4,0,0.0,0.1768172888015717,0.618860510805501,0.0884086444007858,33.948919449901766,1.237721021611002,1.8565815324165031,0.3536345776031434,0.618860510805501,9.3713163064833,5.658153241650294,1.3261296660117878,0.8840864440078585,0.618860510805501,1.5029469548133596,1.237721021611002,0.0884086444007858,0.3536345776031434,0.0,14.285714285714285,60.37735849056604,66.66666666666666,1,1.4193977192246316
343562,Luca Lipani,2025,M,135,Serie A,488,Sassuolo,1028.0,24,6.6513618677042805,84.1995841995842,0.0,1.0,8.0,3.0,482.0,11.0,29.0,2.0,15.0,127.0,55.0,10.0,5.0,17.0,8.0,28.0,1.0,3,0,0.0,0.0875486381322957,0.7003891050583657,0.2626459143968871,42.19844357976654,0.9630350194552528,2.538910505836576,0.1750972762645914,1.3132295719844358,11.118677042801558,4.815175097276264,0.8754863813229572,0.4377431906614786,1.4883268482490273,0.7003891050583657,2.4513618677042803,0.0875486381322957,0.2626459143968871,0.0,37.5,43.30708661417323,50.0,1,1.641500357928693
343792,Djaoui Cissé,2025,M,61,Ligue 1,94,Rennes,1002.0,24,6.653393213572855,80.859375,0.0,0.0,15.0,6.0,513.0,13.0,33.0,5.0,6.0,119.0,56.0,24.0,9.0,8.0,9.0,18.0,0.0,3,0,0.0,0.0,1.347305389221557,0.5389221556886228,46.07784431137724,1.1676646706586826,2.964071856287425,0.4491017964071856,0.5389221556886228,10.688622754491018,5.029940119760479,2.155688622754491,0.8083832335329341,0.7185628742514969,0.8083832335329341,1.616766467065868,0.0,0.2694610778443114,0.0,40.0,47.05882352941176,37.5,1,2.492328840122379
345388,Afonso Moreira,2025,M,61,Ligue 1,80,Lyon,1724.0,27,7.1619268717353455,80.84714548802947,4.0,7.0,31.0,14.0,543.0,33.0,33.0,0.0,13.0,270.0,122.0,70.0,24.0,11.0,57.0,27.0,4.0,3,0,0.2088167053364269,0.3654292343387471,1.6183294663573085,0.7308584686774942,28.346867749419957,1.722737819025522,1.722737819025522,0.0,0.6786542923433875,14.095127610208817,6.368909512761022,3.654292343387471,1.2529002320185614,0.574245939675174,2.975638051044084,1.4095127610208815,0.2088167053364269,0.1566125290023201,0.0,45.16129032258064,45.18518518518518,34.285714285714285,0,2.514084840102726
347316,Lucas Bergvall,2025,M,39,Premier League,47,Tottenham,979.0,23,6.581256436663234,81.63934426229508,1.0,3.0,11.0,5.0,305.0,5.0,22.0,2.0,2.0,113.0,49.0,24.0,15.0,9.0,7.0,24.0,3.0,2,0,0.0919305413687436,0.2757916241062308,1.0112359550561798,0.459652706843718,28.038815117466804,0.459652706843718,2.02247191011236,0.1838610827374872,0.1838610827374872,10.388151174668028,4.504596527068437,2.2063329928498465,1.3789581205311543,0.8273748723186926,0.6435137895812053,2.2063329928498465,0.2757916241062308,0.1838610827374872,0.0,45.45454545454545,43.36283185840708,62.5,1,2.7564469560428293
347644,Arthur Atta,2025,M,135,Serie A,494,Udinese,2563.0,32,6.940616465079984,83.15688161693936,5.0,3.0,38.0,20.0,1039.0,34.0,27.0,1.0,19.0,322.0,141.0,120.0,63.0,16.0,32.0,23.0,8.0,3,0,0.1755754974639094,0.1053452984783456,1.334373780725712,0.7023019898556379,36.48458837300039,1.1939133827545845,0.9481076863051112,0.0351150994927818,0.667186890362856,11.30706203667577,4.951229028482247,4.213811939133827,2.2122512680452595,0.5618415918845103,1.1236831837690209,0.8076472883339836,0.2809207959422551,0.1053452984783456,0.0,52.63157894736842,43.7888198757764,52.5,0,1.6189958731667817
348205,Petar Sučić,2025,M,135,Serie A,505,Inter,1783.0,34,7.041886580572713,89.48763250883393,2.0,2.0,16.0,6.0,1133.0,29.0,46.0,1.0,9.0,201.0,98.0,35.0,15.0,22.0,25.0,30.0,0.0,5,0,0.1009534492428491,0.1009534492428491,0.807627593942793,0.3028603477285473,57.19012899607404,1.4638250140213125,2.3219293325855297,0.0504767246214245,0.4542905215928211,10.145821648906338,4.946719012899608,1.7666853617498597,0.7571508693213684,1.1104879416713405,1.261918115535614,1.5143017386427369,0.0,0.2523836231071228,0.0,37.5,48.75621890547264,42.85714285714285,1,1.96517704104293
349001,Wesley,2025,M,135,Serie A,497,AS Roma,2457.0,30,7.034391534391534,80.05836575875487,5.0,0.0,20.0,13.0,1028.0,33.0,53.0,5.0,23.0,317.0,149.0,60.0,14.0,30.0,57.0,36.0,2.0,7,2,0.1831501831501831,0.0,0.7326007326007326,0.4761904761904761,37.65567765567766,1.208791208791209,1.9413919413919407,0.1831501831501831,0.8424908424908425,11.611721611721611,5.457875457875458,2.197802197802198,0.5128205128205129,1.098901098901099,2.087912087912088,1.3186813186813189,0.0732600732600732,0.2564102564102564,0.0732600732600732,65.0,47.003154574132495,23.33333333333333,0,1.8955796963260634
350037,Nico Paz,2025,M,135,Serie A,895,Como,2884.0,35,7.34264909847434,82.78335724533716,12.0,6.0,86.0,48.0,1394.0,51.0,91.0,3.0,28.0,439.0,230.0,125.0,69.0,36.0,41.0,53.0,0.0,5,0,0.3744798890429958,0.1872399445214979,2.6837725381414703,1.4979195561719834,43.50208044382802,1.5915395284327325,2.8398058252427183,0.0936199722607489,0.8737864077669902,13.699722607489596,7.177531206657421,3.900832177531207,2.1532593619972262,1.1234396671289877,1.279472954230236,1.6539528432732316,0.0,0.1560332871012482,0.0,55.81395348837209,52.391799544419136,55.2,0,3.571947456067714
352375,Arthur,2025,M,78,Bundesliga,168,Bayer Leverkusen,1132.0,20,6.600618374558305,83.69565217391305,1.0,3.0,5.0,2.0,460.0,14.0,20.0,2.0,17.0,131.0,59.0,42.0,14.0,4.0,10.0,19.0,3.0,3,0,0.0795053003533568,0.2385159010600707,0.3975265017667844,0.1590106007067137,36.57243816254417,1.1130742049469964,1.5901060070671378,0.1590106007067137,1.351590106007067,10.415194346289754,4.690812720848057,3.3392226148409896,1.1130742049469964,0.3180212014134275,0.7950530035335689,1.510600706713781,0.2385159010600707,0.2385159010600707,0.0,40.0,45.038167938931295,33.33333333333333,1,2.287155511553043
353609,Sulemana,2025,M,135,Serie A,490,Cagliari,902.0,19,6.599334811529933,88.91752577319588,1.0,0.0,7.0,2.0,390.0,6.0,19.0,3.0,5.0,112.0,55.0,23.0,11.0,6.0,10.0,13.0,0.0,3,0,0.0997782705099778,0.0,0.6984478935698448,0.1995565410199556,38.91352549889135,0.5986696230598669,1.895787139689579,0.2993348115299334,0.4988913525498892,11.175166297117515,5.48780487804878,2.29490022172949,1.0975609756097562,0.5986696230598669,0.9977827050997784,1.2971175166297118,0.0,0.2993348115299334,0.0,28.57142857142857,49.10714285714285,47.82608695652174,1,1.8981380217845372
356041,Carlos Baleba,2025,M,39,Premier League,51,Brighton,1677.0,31,6.649761336515513,86.09625668449198,0.0,0.0,12.0,2.0,748.0,9.0,37.0,6.0,29.0,204.0,102.0,25.0,12.0,18.0,24.0,31.0,0.0,5,0,0.0,0.0,0.6440071556350626,0.1073345259391771,40.14311270125224,0.4830053667262969,1.9856887298747763,0.3220035778175313,1.5563506261180682,10.948121645796064,5.474060822898032,1.3416815742397137,0.6440071556350626,0.9660107334525938,1.2880143112701252,1.663685152057245,0.0,0.2683363148479428,0.0,16.666666666666664,50.0,48.0,1,2.01247834902624
356888,Niccolò Pisilli,2025,M,135,Serie A,497,AS Roma,1295.0,25,6.767335907335908,86.08374384236454,2.0,4.0,13.0,5.0,812.0,13.0,27.0,1.0,24.0,151.0,52.0,27.0,8.0,16.0,4.0,20.0,2.0,3,0,0.138996138996139,0.277992277992278,0.9034749034749034,0.3474903474903475,56.43243243243244,0.9034749034749034,1.8764478764478765,0.0694980694980695,1.667953667953668,10.494208494208491,3.613899613899614,1.8764478764478765,0.555984555984556,1.111969111969112,0.277992277992278,1.38996138996139,0.138996138996139,0.2084942084942085,0.0,38.46153846153847,34.437086092715234,29.629629629629623,1,2.4625935473812186
358166,Abdoul Ouattara,2025,M,61,Ligue 1,95,Strasbourg,1775.0,28,6.667718309859155,90.02320185614849,2.0,0.0,20.0,11.0,862.0,6.0,23.0,1.0,21.0,94.0,46.0,23.0,8.0,7.0,11.0,12.0,1.0,2,0,0.1014084507042253,0.0,1.0140845070422535,0.5577464788732395,43.70704225352112,0.3042253521126761,1.1661971830985915,0.0507042253521126,1.064788732394366,4.766197183098591,2.332394366197183,1.1661971830985915,0.4056338028169014,0.3549295774647887,0.5577464788732395,0.6084507042253522,0.0507042253521126,0.1014084507042253,0.0,55.00000000000001,48.93617021276596,34.78260869565217,1,2.4567798230136164
359386,Martial Godo,2025,M,61,Ligue 1,95,Strasbourg,1613.0,28,7.094606323620584,83.18181818181817,10.0,1.0,31.0,17.0,441.0,24.0,16.0,1.0,14.0,160.0,76.0,54.0,24.0,9.0,32.0,15.0,11.0,2,0,0.5579665220086795,0.0557966522008679,1.7296962182269062,0.948543087414755,24.606323620582764,1.339119652820831,0.8927464352138871,0.0557966522008679,0.7811531308121512,8.927464352138871,4.240545567265964,3.013019218846869,1.339119652820831,0.5021698698078115,1.7854928704277742,0.8369497830130191,0.6137631742095474,0.1115933044017358,0.0,54.83870967741935,47.5,44.44444444444444,0,1.7224864873478243
362752,Christian Ordoñez,2025,M,135,Serie A,523,Parma,1095.0,28,6.492321755027422,82.57575757575758,1.0,0.0,7.0,2.0,265.0,5.0,24.0,7.0,8.0,123.0,48.0,14.0,5.0,19.0,11.0,16.0,0.0,5,1,0.0821917808219178,0.0,0.5753424657534247,0.1643835616438356,21.78082191780822,0.410958904109589,1.9726027397260275,0.5753424657534247,0.6575342465753424,10.10958904109589,3.945205479452055,1.1506849315068497,0.410958904109589,1.5616438356164384,0.9041095890410958,1.3150684931506849,0.0,0.410958904109589,0.0821917808219178,28.57142857142857,39.02439024390244,35.714285714285715,1,2.104438691479115
364093,Simon Ebonog,2025,M,61,Ligue 1,111,Le Havre,1778.0,30,6.594488188976377,79.22912205567452,1.0,0.0,15.0,4.0,469.0,8.0,39.0,4.0,24.0,223.0,113.0,36.0,17.0,6.0,34.0,29.0,0.0,8,0,0.0506186726659167,0.0,0.7592800899887514,0.202474690663667,23.74015748031496,0.4049493813273341,1.9741282339707535,0.202474690663667,1.2148481439820022,11.287964004499436,5.719910011248594,1.8222722159730036,0.8605174353205849,0.3037120359955005,1.7210348706411698,1.467941507311586,0.0,0.4049493813273341,0.0,26.666666666666668,50.67264573991032,47.22222222222222,1,2.454840784732166
365331,Noah Sadiki,2025,M,39,Premier League,746,Sunderland,2894.0,33,6.763614374568072,85.35262206148282,0.0,1.0,9.0,5.0,1106.0,19.0,46.0,11.0,34.0,230.0,123.0,44.0,27.0,17.0,40.0,32.0,2.0,9,0,0.0,0.0310988251554941,0.2798894263994471,0.1554941257774706,34.3953006219765,0.5908776779543884,1.43054595715273,0.3420870767104353,1.0573600552868003,7.15272978576365,3.825155494125777,1.3683483068417417,0.8396682791983413,0.5286800276434002,1.243953006219765,0.995162404975812,0.0621976503109882,0.2798894263994471,0.0,55.55555555555556,53.47826086956522,61.36363636363637,1,1.6538217219089062
368030,Eli Junior Kroupi,2025,M,39,Premier League,35,Bournemouth,1690.0,33,6.801657785671996,76.34408602150538,13.0,0.0,33.0,22.0,467.0,22.0,9.0,0.0,9.0,142.0,44.0,37.0,15.0,8.0,12.0,27.0,6.0,5,0,0.6923076923076923,0.0,1.757396449704142,1.1715976331360949,24.8698224852071,1.1715976331360949,0.4792899408284023,0.0,0.4792899408284023,7.562130177514793,2.3431952662721893,1.970414201183432,0.7988165680473372,0.4260355029585799,0.6390532544378698,1.4378698224852071,0.3195266272189349,0.2662721893491124,0.0,66.66666666666666,30.985915492957744,40.54054054054054,0,2.8960747359776082
374058,Lamine Camara,2025,M,61,Ligue 1,91,Monaco,1851.0,24,7.214964883846569,85.86688578471652,3.0,4.0,17.0,4.0,1217.0,35.0,55.0,7.0,37.0,241.0,135.0,30.0,16.0,21.0,48.0,28.0,0.0,6,0,0.1458670988654781,0.1944894651539708,0.826580226904376,0.1944894651539708,59.17341977309563,1.701782820097245,2.674230145867099,0.3403565640194489,1.79902755267423,11.71799027552674,6.564019448946515,1.458670988654781,0.7779578606158833,1.0210696920583469,2.3338735818476497,1.361426256077796,0.0,0.2917341977309562,0.0,23.52941176470588,56.01659751037344,53.333333333333336,1,3.6480263179056003
374359,Davide Bartesaghi,2025,M,135,Serie A,489,AC Milan,2442.0,31,6.94013104013104,85.79492003762935,2.0,0.0,15.0,7.0,1063.0,44.0,49.0,10.0,12.0,208.0,100.0,32.0,12.0,18.0,14.0,19.0,4.0,3,0,0.0737100737100737,0.0,0.5528255528255528,0.2579852579852579,39.17690417690418,1.6216216216216215,1.805896805896806,0.3685503685503685,0.4422604422604422,7.665847665847665,3.6855036855036856,1.1793611793611791,0.4422604422604422,0.6633906633906634,0.5159705159705159,0.7002457002457002,0.1474201474201474,0.1105651105651105,0.0,46.66666666666666,48.07692307692308,37.5,1,1.860231528697545
375598,Ngal'ayel Mukau,2025,M,61,Ligue 1,79,Lille,1566.0,30,6.6567688378033205,87.24082934609251,1.0,0.0,11.0,5.0,627.0,13.0,29.0,1.0,14.0,167.0,78.0,25.0,13.0,15.0,23.0,27.0,4.0,2,0,0.0574712643678161,0.0,0.632183908045977,0.2873563218390805,36.03448275862069,0.7471264367816092,1.6666666666666663,0.0574712643678161,0.8045977011494253,9.597701149425289,4.482758620689655,1.4367816091954024,0.7471264367816092,0.8620689655172413,1.3218390804597702,1.5517241379310345,0.2298850574712644,0.1149425287356322,0.0,45.45454545454545,46.706586826347305,52.0,1,1.1318250612918608
375990,Pathé Mboup,2025,M,61,Ligue 1,106,Stade Brestois 29,1069.0,28,6.517338331771322,79.42386831275721,1.0,0.0,20.0,10.0,244.0,9.0,20.0,2.0,11.0,224.0,81.0,75.0,32.0,17.0,19.0,34.0,5.0,6,0,0.0841908325537885,0.0,1.6838166510757715,0.8419083255378859,20.54256314312441,0.7577174929840974,1.6838166510757715,0.1683816651075771,0.9260991580916744,18.858746492048645,6.819457436856875,6.314312441534144,2.694106641721235,1.431244153414406,1.5996258185219832,2.862488306828812,0.4209541627689429,0.5051449953227315,0.0,50.0,36.160714285714285,42.66666666666667,0,4.3515068554296645
380978,Assan Ouédraogo,2025,M,78,Bundesliga,173,RB Leipzig,974.0,19,7.071531346351491,83.44594594594594,4.0,3.0,19.0,13.0,297.0,14.0,8.0,3.0,3.0,98.0,50.0,26.0,14.0,3.0,22.0,4.0,1.0,0,0,0.3696098562628337,0.2772073921971252,1.75564681724846,1.2012320328542094,27.4435318275154,1.2936344969199178,0.7392197125256674,0.2772073921971252,0.2772073921971252,9.055441478439423,4.620123203285421,2.402464065708419,1.2936344969199178,0.2772073921971252,2.0328542094455853,0.3696098562628337,0.0924024640657084,0.0,0.0,68.42105263157895,51.02040816326531,53.84615384615385,0,1.9442993041440173
382452,Patrick Dorgu,2025,M,39,Premier League,33,Manchester United,1461.0,26,7.102739726027397,76.49402390438247,4.0,4.0,21.0,12.0,505.0,27.0,48.0,3.0,15.0,274.0,149.0,39.0,11.0,16.0,47.0,23.0,7.0,5,0,0.2464065708418891,0.2464065708418891,1.2936344969199178,0.7392197125256674,31.1088295687885,1.6632443531827514,2.9568788501026697,0.1848049281314168,0.924024640657084,16.878850102669407,9.17864476386037,2.402464065708419,0.6776180698151951,0.9856262833675564,2.8952772073921973,1.4168377823408622,0.4312114989733059,0.3080082135523614,0.0,57.14285714285714,54.379562043795616,28.205128205128204,0,3.765088750569234
383018,Marco Palestra,2025,M,135,Serie A,490,Cagliari,3084.0,37,7.057101167315175,85.12110726643598,1.0,4.0,20.0,7.0,867.0,33.0,55.0,3.0,20.0,416.0,248.0,135.0,70.0,20.0,108.0,41.0,8.0,3,0,0.0291828793774319,0.1167315175097276,0.5836575875486382,0.2042801556420233,25.301556420233464,0.9630350194552528,1.6050583657587547,0.0875486381322957,0.5836575875486382,12.140077821011673,7.237354085603114,3.939688715953307,2.0428015564202333,0.5836575875486382,3.151750972762646,1.196498054474708,0.2334630350194552,0.0875486381322957,0.0,35.0,59.61538461538461,51.85185185185185,0,3.0908322117007243
383685,Yankuba Minteh,2025,M,39,Premier League,51,Brighton,2398.0,34,6.8860717264387,67.93650793650794,3.0,4.0,26.0,11.0,630.0,46.0,56.0,0.0,17.0,336.0,162.0,121.0,65.0,21.0,22.0,32.0,10.0,3,0,0.1125938281901584,0.1501251042535446,0.97581317764804,0.4128440366972477,23.64470391993328,1.7264386989157632,2.1017514595496247,0.0,0.6380316930775647,12.610508757297747,6.080066722268557,4.541284403669725,2.4395329441201,0.7881567973311092,0.8256880733944955,1.201000834028357,0.3753127606338615,0.1125938281901584,0.0,42.30769230769231,48.21428571428572,53.71900826446281,0,2.3476287000297162
383780,Mikel Jauregizar,2025,M,140,La Liga,531,Athletic Club,2843.0,36,6.769046781568766,80.50595238095238,2.0,0.0,20.0,11.0,1344.0,28.0,68.0,3.0,46.0,338.0,158.0,29.0,10.0,49.0,34.0,49.0,0.0,6,1,0.0633134013366162,0.0,0.6331340133661625,0.3482237073513893,42.54660569820612,0.8863876187126275,2.1526556454449524,0.0949701020049243,1.4562082307421738,10.699964825888143,5.001758705592684,0.9180443193809356,0.3165670066830812,1.5511783327470985,1.0763278227224762,1.5511783327470985,0.0,0.1899402040098487,0.0316567006683081,55.00000000000001,46.74556213017752,34.48275862068966,1,1.52487013133929
386828,Lamine Yamal,2025,M,140,La Liga,529,Barcelona,2268.0,28,7.985978835978837,81.0229799851742,16.0,11.0,85.0,37.0,1349.0,72.0,36.0,0.0,9.0,418.0,223.0,244.0,135.0,11.0,52.0,28.0,14.0,1,0,0.6349206349206349,0.4365079365079365,3.373015873015873,1.468253968253968,53.53174603174603,2.8571428571428568,1.4285714285714284,0.0,0.3571428571428571,16.587301587301585,8.849206349206348,9.682539682539682,5.357142857142857,0.4365079365079365,2.0634920634920637,1.1111111111111112,0.5555555555555556,0.0396825396825396,0.0,43.52941176470589,53.34928229665071,55.32786885245902,0,7.250818220781179
387643,Bazoumana Touré,2025,M,78,Bundesliga,167,1899 Hoffenheim,2325.0,30,6.904989247311828,75.98187311178248,5.0,9.0,33.0,13.0,662.0,46.0,34.0,2.0,6.0,359.0,152.0,112.0,48.0,12.0,29.0,44.0,8.0,2,0,0.1935483870967742,0.3483870967741935,1.2774193548387098,0.5032258064516129,25.625806451612902,1.780645161290323,1.3161290322580643,0.0774193548387096,0.232258064516129,13.896774193548389,5.883870967741936,4.335483870967742,1.8580645161290323,0.4645161290322581,1.1225806451612903,1.7032258064516128,0.3096774193548387,0.0774193548387096,0.0,39.39393939393939,42.33983286908078,42.85714285714285,0,1.9983064097043175
388779,Dehmaine Tabibou,2025,M,61,Ligue 1,83,Nantes,1282.0,27,6.753510140405617,74.0,1.0,0.0,19.0,7.0,401.0,20.0,30.0,0.0,17.0,160.0,80.0,37.0,20.0,11.0,20.0,23.0,0.0,4,1,0.0702028081123244,0.0,1.3338533541341655,0.4914196567862715,28.151326053042123,1.40405616224649,2.1060842433697347,0.0,1.1934477379095163,11.23244929797192,5.61622464898596,2.5975039001560063,1.40405616224649,0.7722308892355695,1.40405616224649,1.6146645865834637,0.0,0.2808112324492979,0.0702028081123244,36.84210526315789,50.0,54.054054054054056,0,1.958418179940512
388871,Chema Andrés,2025,M,78,Bundesliga,172,VfB Stuttgart,1327.0,25,7.052380952380952,84.86932599724896,3.0,0.0,12.0,6.0,727.0,15.0,30.0,11.0,32.0,160.0,90.0,2.0,2.0,6.0,7.0,20.0,1.0,5,0,0.2034664657121326,0.0,0.8138658628485306,0.4069329314242653,49.306706857573474,1.0173323285606632,2.0346646571213265,0.746043707611153,2.1703089675960814,10.851544837980407,6.103993971363979,0.1356443104747551,0.1356443104747551,0.4069329314242653,0.4747550866616428,1.356443104747551,0.0678221552373775,0.3391107761868877,0.0,50.0,56.25,100.0,1,3.3377959160112316
389315,Joshua King,2025,M,39,Premier League,36,Fulham,1310.0,32,6.643206106870229,79.82708933717579,1.0,2.0,21.0,11.0,347.0,15.0,27.0,5.0,3.0,153.0,76.0,37.0,16.0,8.0,30.0,13.0,3.0,4,0,0.0687022900763358,0.1374045801526717,1.4427480916030535,0.7557251908396947,23.83969465648855,1.0305343511450382,1.8549618320610688,0.3435114503816793,0.2061068702290076,10.51145038167939,5.221374045801527,2.541984732824428,1.099236641221374,0.549618320610687,2.0610687022900764,0.8931297709923665,0.2061068702290076,0.2748091603053435,0.0,52.38095238095239,49.673202614379086,43.24324324324324,0,1.682347384384128
390586,Leon Avdullahu,2025,M,78,Bundesliga,167,1899 Hoffenheim,2838.0,33,7.077660324171952,89.9706457925636,0.0,1.0,9.0,2.0,2044.0,22.0,47.0,6.0,34.0,211.0,99.0,18.0,8.0,36.0,12.0,26.0,1.0,5,0,0.0,0.0317124735729386,0.2854122621564482,0.0634249471458773,64.82029598308668,0.6976744186046512,1.4904862579281186,0.1902748414376321,1.0782241014799154,6.691331923890064,3.13953488372093,0.5708245243128964,0.2536997885835095,1.1416490486257929,0.3805496828752643,0.824524312896406,0.0317124735729386,0.1585623678646934,0.0,22.22222222222222,46.91943127962085,44.44444444444444,1,2.2705139689941167
391822,Fer López,2025,M,140,La Liga,538,Celta Vigo,1410.0,26,6.776808510638299,84.35672514619883,1.0,2.0,11.0,6.0,684.0,16.0,21.0,2.0,8.0,172.0,74.0,44.0,24.0,14.0,22.0,30.0,1.0,4,0,0.0638297872340425,0.1276595744680851,0.7021276595744681,0.3829787234042553,43.659574468085104,1.021276595744681,1.3404255319148937,0.1276595744680851,0.5106382978723405,10.97872340425532,4.723404255319149,2.8085106382978724,1.5319148936170213,0.8936170212765958,1.4042553191489362,1.9148936170212765,0.0638297872340425,0.2553191489361702,0.0,54.54545454545454,43.02325581395349,54.54545454545454,0,1.7027063026593514
400948,Assane Diao,2025,M,135,Serie A,895,Como,1089.0,17,6.786409550045914,79.93827160493827,2.0,1.0,17.0,10.0,324.0,9.0,16.0,1.0,4.0,195.0,90.0,69.0,27.0,3.0,39.0,15.0,3.0,2,0,0.1652892561983471,0.0826446280991735,1.4049586776859504,0.8264462809917356,26.776859504132236,0.743801652892562,1.322314049586777,0.0826446280991735,0.3305785123966942,16.115702479338843,7.43801652892562,5.702479338842975,2.231404958677686,0.2479338842975206,3.2231404958677685,1.2396694214876034,0.2479338842975206,0.1652892561983471,0.0,58.82352941176471,46.15384615384615,39.130434782608695,0,4.007346155715777
402265,Arthur Avom Ebong,2025,M,61,Ligue 1,97,Lorient,2115.0,31,7.077021276595746,83.94964594807239,2.0,1.0,15.0,6.0,1271.0,31.0,55.0,3.0,30.0,227.0,121.0,39.0,21.0,29.0,39.0,23.0,0.0,3,0,0.0851063829787234,0.0425531914893617,0.6382978723404256,0.2553191489361702,54.08510638297872,1.319148936170213,2.3404255319148937,0.1276595744680851,1.2765957446808511,9.659574468085106,5.148936170212766,1.6595744680851063,0.8936170212765958,1.2340425531914894,1.6595744680851063,0.9787234042553192,0.0,0.1276595744680851,0.0,40.0,53.30396475770925,53.84615384615385,1,1.7097785933756806
402386,Arsène Kouassi,2025,M,61,Ligue 1,97,Lorient,2612.0,31,6.919754977029097,86.8421052631579,2.0,6.0,8.0,5.0,874.0,32.0,26.0,3.0,23.0,215.0,123.0,69.0,37.0,9.0,53.0,15.0,10.0,4,0,0.0689127105666156,0.2067381316998468,0.2756508422664624,0.172281776416539,30.114854517611025,1.10260336906585,0.895865237366003,0.1033690658499234,0.7924961715160797,7.408116385911178,4.238131699846861,2.3774885145482387,1.2748851454823888,0.3101071975497703,1.826186830015314,0.5168453292496171,0.3445635528330781,0.1378254211332312,0.0,62.5,57.20930232558139,53.62318840579711,1,2.626118158418238
406244,Johan Manzambi,2025,M,78,Bundesliga,160,SC Freiburg,2094.0,27,7.225119388729704,84.36170212765958,5.0,4.0,37.0,13.0,940.0,19.0,35.0,2.0,27.0,304.0,179.0,63.0,33.0,19.0,78.0,22.0,2.0,4,2,0.2148997134670487,0.1719197707736389,1.5902578796561606,0.5587392550143266,40.40114613180516,0.8166189111747851,1.504297994269341,0.0859598853868194,1.1604584527220632,13.065902578796562,7.693409742120345,2.707736389684813,1.4183381088825215,0.8166189111747851,3.35243553008596,0.9455587392550142,0.0859598853868194,0.1719197707736389,0.0859598853868194,35.13513513513514,58.88157894736842,52.38095238095239,0,3.35113900476179
407806,Rayan,2025,M,39,Premier League,35,Bournemouth,1119.0,15,6.9603217158176935,78.30188679245283,5.0,2.0,17.0,8.0,318.0,14.0,11.0,0.0,8.0,135.0,55.0,34.0,13.0,9.0,6.0,9.0,1.0,1,0,0.4021447721179624,0.1608579088471849,1.3672922252010724,0.6434316353887399,25.576407506702417,1.126005361930295,0.8847184986595175,0.0,0.6434316353887399,10.857908847184987,4.423592493297587,2.734584450402145,1.0455764075067024,0.7238605898123325,0.4825737265415549,0.7238605898123325,0.0804289544235924,0.0804289544235924,0.0,47.05882352941176,40.74074074074074,38.23529411764706,0,2.1671643491739867
408635,Ebenezer Akinsanmiro,2025,M,135,Serie A,801,Pisa,1445.0,24,6.815224913494809,85.8267716535433,0.0,1.0,11.0,3.0,509.0,16.0,39.0,6.0,27.0,196.0,102.0,40.0,21.0,10.0,28.0,30.0,1.0,2,0,0.0,0.0622837370242214,0.685121107266436,0.1868512110726643,31.70242214532872,0.9965397923875432,2.4290657439446366,0.3737024221453287,1.681660899653979,12.207612456747404,6.352941176470588,2.491349480968858,1.3079584775086506,0.6228373702422145,1.7439446366782003,1.868512110726644,0.0622837370242214,0.1245674740484429,0.0,27.27272727272727,52.04081632653062,52.5,1,2.9417778812447004
409216,Senny Mayulu,2025,M,61,Ligue 1,85,Paris Saint Germain,1681.0,26,6.843367043426532,89.17861799217731,4.0,4.0,29.0,11.0,767.0,39.0,48.0,1.0,11.0,192.0,92.0,41.0,16.0,9.0,20.0,26.0,1.0,2,0,0.214158239143367,0.214158239143367,1.552647233789411,0.5889351576442594,41.06484235574063,2.088042831647829,2.5698988697204044,0.0535395597858417,0.5889351576442594,10.279595478881618,4.925639500297442,2.1951219512195124,0.8566329565734682,0.4818560380725758,1.0707911957168352,1.3920285544318858,0.0535395597858417,0.1070791195716835,0.0,37.93103448275862,47.91666666666667,39.02439024390244,0,2.2616511749810244
415431,Samir El Mourabet,2025,M,61,Ligue 1,95,Strasbourg,2141.0,33,7.034002802428772,89.92355802640722,1.0,2.0,6.0,1.0,1439.0,28.0,79.0,13.0,25.0,221.0,132.0,29.0,18.0,19.0,26.0,23.0,3.0,4,0,0.0420364315740308,0.0840728631480616,0.2522185894441849,0.0420364315740308,60.49042503503036,1.177020084072863,3.320878094348436,0.5464736104624007,1.0509107893507703,9.290051377860811,5.548808967772069,1.219056515646894,0.7566557683325549,0.7986921999065858,1.0929472209248017,0.966837926202709,0.1261092947220924,0.1681457262961233,0.0,16.666666666666664,59.72850678733032,62.06896551724138,1,2.488502264274248
419035,Mamadou Coulibaly,2025,M,61,Ligue 1,91,Monaco,1382.0,25,6.866304347826087,85.06588579795023,3.0,3.0,9.0,5.0,683.0,12.0,37.0,2.0,19.0,184.0,81.0,35.0,15.0,17.0,16.0,31.0,3.0,7,1,0.195369030390738,0.195369030390738,0.5861070911722142,0.3256150506512301,44.479015918958034,0.7814761215629523,2.409551374819103,0.130246020260492,1.2373371924746743,11.982633863965267,5.274963820549927,2.279305354558611,0.9768451519536904,1.1070911722141823,1.0419681620839365,2.0188133140376268,0.195369030390738,0.4558610709117221,0.065123010130246,55.55555555555556,44.02173913043478,42.85714285714285,1,1.8670818158098155
434352,Alpha Touré,2025,M,61,Ligue 1,112,Metz,1611.0,30,6.535630043451272,86.79504814305365,0.0,1.0,10.0,1.0,727.0,11.0,40.0,4.0,9.0,195.0,99.0,27.0,15.0,17.0,27.0,27.0,1.0,5,0,0.0,0.0558659217877094,0.558659217877095,0.0558659217877094,40.614525139664806,0.6145251396648045,2.23463687150838,0.2234636871508379,0.5027932960893855,10.893854748603353,5.53072625698324,1.5083798882681565,0.8379888268156425,0.9497206703910612,1.5083798882681565,1.5083798882681565,0.0558659217877094,0.2793296089385475,0.0,10.0,50.76923076923077,55.55555555555556,1,1.8340315387636945
438688,Ayyoub Bouaddi,2025,M,61,Ligue 1,79,Lille,2338.0,30,6.810094097519247,84.73138548539114,0.0,1.0,8.0,5.0,1061.0,21.0,59.0,7.0,27.0,251.0,142.0,56.0,34.0,14.0,24.0,37.0,0.0,7,1,0.0,0.0384944396920444,0.3079555175363558,0.1924721984602224,40.8426005132592,0.8083832335329341,2.2711719418306244,0.2694610778443114,1.039349871685201,9.662104362703165,5.466210436270317,2.155688622754491,1.3088109495295124,0.5389221556886228,0.9238665526090676,1.424294268605646,0.0,0.2694610778443114,0.0384944396920444,62.5,56.57370517928288,60.71428571428571,1,1.2956473983997274
443162,Jesús Rodriguez,2025,M,135,Serie A,895,Como,1734.0,31,6.921049596309112,79.60526315789474,2.0,9.0,36.0,12.0,456.0,36.0,26.0,0.0,5.0,243.0,112.0,99.0,41.0,10.0,32.0,25.0,3.0,3,1,0.1038062283737024,0.4671280276816609,1.868512110726644,0.6228373702422145,23.66782006920415,1.868512110726644,1.3494809688581315,0.0,0.2595155709342561,12.612456747404844,5.813148788927335,5.13840830449827,2.1280276816609,0.5190311418685122,1.6608996539792389,1.2975778546712802,0.1557093425605536,0.1557093425605536,0.0519031141868512,33.33333333333333,46.09053497942387,41.41414141414141,0,2.3323979418047
443674,Louis Leroux,2025,M,61,Ligue 1,83,Nantes,1443.0,23,6.61039501039501,74.39824945295405,1.0,1.0,6.0,3.0,457.0,16.0,37.0,2.0,4.0,134.0,71.0,29.0,11.0,13.0,14.0,12.0,1.0,2,0,0.0623700623700623,0.0623700623700623,0.3742203742203742,0.1871101871101871,28.5031185031185,0.997920997920998,2.3076923076923075,0.1247401247401247,0.2494802494802495,8.357588357588357,4.428274428274428,1.8087318087318087,0.6860706860706861,0.8108108108108109,0.8731808731808731,0.7484407484407485,0.0623700623700623,0.1247401247401247,0.0,50.0,52.98507462686567,37.93103448275862,1,2.2735660900010783
449249,Franco Mastantuono,2025,M,140,La Liga,541,Real Madrid,1049.0,23,6.768922783603431,90.04065040650406,1.0,0.0,24.0,7.0,492.0,16.0,20.0,0.0,3.0,177.0,80.0,54.0,25.0,17.0,30.0,18.0,1.0,5,1,0.0857959961868446,0.0,2.059103908484271,0.6005719733079123,42.21163012392755,1.3727359389895135,1.7159199237368925,0.0,0.2573879885605338,15.185891325071497,6.863679694947569,4.6329837940896095,2.1448999046711155,1.4585319351763584,2.573879885605338,1.544327931363203,0.0857959961868446,0.428979980934223,0.0857959961868446,29.166666666666668,45.19774011299435,46.2962962962963,0,2.92813941192236
452697,Dayann Methalie,2025,M,61,Ligue 1,96,Toulouse,1882.0,27,6.547768331562168,79.22912205567452,2.0,1.0,12.0,7.0,467.0,9.0,54.0,3.0,25.0,262.0,105.0,78.0,28.0,7.0,11.0,57.0,1.0,9,0,0.0956429330499468,0.0478214665249734,0.5738575982996812,0.334750265674814,22.332624867162597,0.4303931987247609,2.5823591923485654,0.1434643995749203,1.1955366631243358,12.52922422954304,5.02125398512221,3.730074388947928,1.339001062699256,0.334750265674814,0.5260361317747078,2.725823591923486,0.0478214665249734,0.4303931987247609,0.0,58.333333333333336,40.0763358778626,35.8974358974359,1,3.3617481224150607
491248,Jan Virgili,2025,M,140,La Liga,798,Mallorca,1804.0,31,6.633314855875832,75.67567567567568,2.0,4.0,21.0,16.0,407.0,30.0,15.0,2.0,7.0,258.0,104.0,113.0,51.0,15.0,24.0,22.0,2.0,0,1,0.0997782705099778,0.1995565410199556,1.0476718403547671,0.7982261640798226,20.304878048780488,1.496674057649667,0.7483370288248337,0.0997782705099778,0.3492239467849224,12.87139689578714,5.188470066518847,5.637472283813747,2.5443458980044347,0.7483370288248337,1.197339246119734,1.0975609756097562,0.0997782705099778,0.0,0.0498891352549889,76.19047619047619,40.310077519379846,45.13274336283185,0,2.82160492261846
494131,Lennart Karl,2025,M,78,Bundesliga,157,Bayern München,1282.0,26,6.800546875,85.90686274509804,5.0,5.0,37.0,21.0,816.0,24.0,25.0,2.0,14.0,161.0,59.0,66.0,22.0,22.0,11.0,5.0,4.0,1,0,0.3510140405616225,0.3510140405616225,2.5975039001560063,1.4742589703588145,57.28549141965679,1.684867394695788,1.7550702028081124,0.1404056162246489,0.982839313572543,11.302652106084242,4.141965678627145,4.633385335413417,1.544461778471139,1.544461778471139,0.7722308892355695,0.3510140405616225,0.2808112324492979,0.0702028081123244,0.0,56.75675675675676,36.64596273291926,33.33333333333333,0,3.556401399564624
496896,Rudy Matondo,2025,M,61,Ligue 1,114,Paris FC,1359.0,27,6.754384672070745,87.07753479125249,2.0,0.0,7.0,5.0,503.0,5.0,28.0,3.0,11.0,149.0,72.0,21.0,14.0,13.0,23.0,27.0,1.0,4,1,0.1324503311258278,0.0,0.4635761589403973,0.3311258278145695,33.3112582781457,0.3311258278145695,1.854304635761589,0.1986754966887417,0.728476821192053,9.867549668874172,4.768211920529802,1.390728476821192,0.9271523178807948,0.8609271523178809,1.52317880794702,1.7880794701986755,0.0662251655629139,0.2649006622516556,0.0662251655629139,71.42857142857143,48.32214765100672,66.66666666666666,1,1.8044949261215855
499380,Sascha Britschgi,2025,M,135,Serie A,523,Parma,2112.0,29,6.570785984848484,76.09756097560975,0.0,2.0,9.0,3.0,615.0,18.0,33.0,5.0,8.0,171.0,76.0,18.0,9.0,34.0,23.0,18.0,0.0,7,1,0.0,0.0852272727272727,0.3835227272727272,0.1278409090909091,26.207386363636363,0.7670454545454545,1.40625,0.2130681818181818,0.3409090909090909,7.286931818181818,3.238636363636364,0.7670454545454545,0.3835227272727272,1.4488636363636362,0.9801136363636364,0.7670454545454545,0.0,0.2982954545454545,0.0426136363636363,33.33333333333333,44.44444444444444,50.0,1,2.332966577340259
514464,Alexis Vossah,2025,M,61,Ligue 1,96,Toulouse,1093.0,23,6.418681318681318,80.9651474530831,1.0,1.0,6.0,2.0,374.0,7.0,11.0,2.0,8.0,85.0,41.0,6.0,4.0,8.0,10.0,18.0,0.0,5,1,0.0823421774931381,0.0823421774931381,0.4940530649588289,0.1646843549862763,30.79597438243367,0.576395242451967,0.9057639524245196,0.1646843549862763,0.6587374199451053,6.999085086916743,3.376029277218664,0.4940530649588289,0.3293687099725526,0.6587374199451053,0.8234217749313816,1.4821591948764865,0.0,0.4117108874656908,0.0823421774931381,33.33333333333333,48.23529411764706,66.66666666666666,1,2.3016039267528305
519664,Khalis Merah,2025,M,61,Ligue 1,80,Lyon,1148.0,22,6.660592850915432,85.4251012145749,0.0,1.0,6.0,3.0,494.0,12.0,27.0,0.0,7.0,118.0,61.0,15.0,10.0,16.0,20.0,11.0,0.0,1,0,0.0,0.078397212543554,0.470383275261324,0.235191637630662,38.72822299651568,0.940766550522648,2.1167247386759582,0.0,0.5487804878048781,9.250871080139373,4.7822299651567945,1.17595818815331,0.7839721254355401,1.254355400696864,1.56794425087108,0.862369337979094,0.0,0.078397212543554,0.0,50.0,51.69491525423729,66.66666666666666,1,1.4690328961239814
579287,Kareem Tunde,2025,M,140,La Liga,539,Levante,1151.0,21,6.501739130434783,76.88888888888889,0.0,1.0,15.0,3.0,225.0,6.0,23.0,0.0,14.0,147.0,73.0,32.0,15.0,6.0,23.0,16.0,1.0,3,0,0.0,0.0781928757602085,1.1728931364031276,0.2345786272806255,17.593397046046917,0.4691572545612511,1.798436142484796,0.0,1.0947002606429193,11.49435273675065,5.708079930495222,2.5021720243266725,1.1728931364031276,0.4691572545612511,1.798436142484796,1.2510860121633365,0.0781928757602085,0.2345786272806255,0.0,20.0,49.65986394557823,46.875,0,2.5780143851515893
