player_id,player_name,season,position,primary_league_id,primary_league_name,latest_team_id,latest_team_name,minutes,appearances,provider_rating_avg,pass_accuracy_pct,goals,assists,shots_total,shots_on_target,passes_total,key_passes,tackles,blocks,interceptions,duels_total,duels_won,dribbles_attempted,dribbles_successful,dribbled_past,fouls_drawn,fouls_committed,offsides,yellow_cards,red_cards,goals_per90,assists_per90,shots_total_per90,shots_on_target_per90,passes_total_per90,key_passes_per90,tackles_per90,blocks_per90,interceptions_per90,duels_total_per90,duels_won_per90,dribbles_attempted_per90,dribbles_successful_per90,dribbled_past_per90,fouls_drawn_per90,fouls_committed_per90,offsides_per90,yellow_cards_per90,red_cards_per90,shot_accuracy_pct,duel_win_pct,dribble_success_pct,orientation_cluster,orientation_distance,archetype_cluster
20,Axel Witsel,2025,M,140,La Liga,547,Girona,2533.0,32,6.930201342281878,91.13837764144512,1.0,2.0,16.0,5.0,1467.0,17.0,36.0,11.0,30.0,242.0,129.0,14.0,10.0,30.0,37.0,34.0,1.0,3,1,0.0355309909198578,0.0710619818397157,0.568495854717726,0.1776549545992893,52.12396367943151,0.6040268456375839,1.2791156731148836,0.3908409001184366,1.0659297275957362,8.598499802605605,4.583497828661666,0.4974338728780102,0.3553099091985787,1.0659297275957362,1.3146466640347414,1.2080536912751678,0.0355309909198578,0.1065929727595736,0.0355309909198578,31.25,53.30578512396694,71.42857142857143,1,1.543879948653159,1
26,Marius Wolf,2025,M,78,Bundesliga,170,FC Augsburg,1040.0,29,6.8602502406159775,67.28971962616822,1.0,1.0,12.0,5.0,328.0,21.0,19.0,0.0,11.0,75.0,35.0,16.0,7.0,7.0,2.0,10.0,11.0,4,0,0.0865384615384615,0.0865384615384615,1.0384615384615383,0.4326923076923077,28.384615384615383,1.8173076923076923,1.6442307692307694,0.0,0.951923076923077,6.490384615384615,3.0288461538461537,1.3846153846153846,0.6057692307692308,0.6057692307692308,0.173076923076923,0.8653846153846154,0.951923076923077,0.3461538461538461,0.0,41.66666666666667,46.66666666666666,43.75,1,2.435922411481449,2
44,Rodri,2025,M,39,Premier League,50,Manchester City,1513.0,21,7.5531084656084655,90.08674101610904,1.0,0.0,10.0,3.0,1614.0,26.0,42.0,3.0,14.0,178.0,119.0,15.0,7.0,15.0,31.0,14.0,0.0,3,0,0.0594844679444811,0.0,0.5948446794448117,0.1784534038334435,96.0079312623926,1.5465961665565104,2.4983476536682088,0.1784534038334435,0.8327825512227364,10.588235294117649,7.078651685393258,0.8922670191672174,0.4163912756113682,0.8922670191672174,1.844018506278916,0.8327825512227364,0.0,0.1784534038334435,0.0,30.0,66.85393258426966,46.66666666666666,1,4.093925246744571,1
49,Thomas Partey,2025,M,140,La Liga,533,Villarreal,930.0,25,6.654094827586207,86.47166361974405,0.0,0.0,8.0,2.0,547.0,8.0,18.0,4.0,14.0,89.0,46.0,10.0,8.0,9.0,6.0,11.0,0.0,1,0,0.0,0.0,0.7741935483870968,0.1935483870967742,52.93548387096774,0.7741935483870968,1.7419354838709675,0.3870967741935484,1.3548387096774197,8.612903225806452,4.451612903225806,0.967741935483871,0.7741935483870968,0.8709677419354839,0.5806451612903226,1.064516129032258,0.0,0.0967741935483871,0.0,25.0,51.68539325842697,80.0,1,1.4460014875050988,1
50,Koke,2025,M,140,La Liga,530,Atletico Madrid,2236.0,34,7.213237924865832,91.9287211740042,2.0,2.0,9.0,4.0,1908.0,35.0,50.0,7.0,18.0,179.0,88.0,9.0,3.0,30.0,22.0,21.0,0.0,6,0,0.0805008944543828,0.0805008944543828,0.3622540250447227,0.1610017889087656,76.79785330948123,1.4087656529516994,2.012522361359571,0.2817531305903399,0.7245080500894455,7.204830053667263,3.5420393559928445,0.3622540250447227,0.1207513416815742,1.2075134168157424,0.8855098389982111,0.8452593917710197,0.0,0.2415026833631484,0.0,44.44444444444444,49.162011173184354,33.33333333333333,1,2.6358117911250463,0
74,Sofyan Amrabat,2025,M,140,La Liga,543,Real Betis,1296.0,17,7.024305555555555,91.0813823857302,0.0,0.0,5.0,1.0,897.0,7.0,25.0,4.0,11.0,102.0,54.0,8.0,6.0,15.0,19.0,22.0,0.0,4,0,0.0,0.0,0.3472222222222222,0.0694444444444444,62.29166666666667,0.4861111111111111,1.736111111111111,0.2777777777777778,0.7638888888888888,7.083333333333334,3.75,0.5555555555555556,0.4166666666666666,1.0416666666666663,1.3194444444444444,1.5277777777777777,0.0,0.2777777777777778,0.0,20.0,52.94117647058824,75.0,1,1.9764454979667392,1
81,Krépin Diatta,2025,M,61,Ligue 1,91,Monaco,1026.0,18,6.997368421052633,78.38427947598254,0.0,1.0,5.0,1.0,458.0,13.0,31.0,3.0,16.0,107.0,73.0,9.0,6.0,10.0,10.0,8.0,4.0,2,0,0.0,0.087719298245614,0.4385964912280701,0.087719298245614,40.175438596491226,1.1403508771929824,2.719298245614035,0.2631578947368421,1.4035087719298245,9.385964912280702,6.4035087719298245,0.7894736842105263,0.5263157894736842,0.8771929824561403,0.8771929824561403,0.7017543859649122,0.3508771929824561,0.175438596491228,0.0,20.0,68.22429906542055,66.66666666666666,1,1.7351989138520445,1
102,Djibril Sidibé,2025,M,61,Ligue 1,96,Toulouse,2158.0,32,6.79416126042632,79.93348115299335,3.0,4.0,7.0,5.0,903.0,15.0,48.0,4.0,17.0,167.0,91.0,19.0,9.0,10.0,14.0,30.0,5.0,1,0,0.1251158480074142,0.1668211306765523,0.2919369786839666,0.2085264133456904,37.6598702502317,0.6255792400370713,2.001853568118628,0.1668211306765523,0.7089898053753475,6.9647822057460615,3.795180722891566,0.7924003707136237,0.3753475440222428,0.4170528266913809,0.5838739573679332,1.2511584800741429,0.2085264133456904,0.041705282669138,0.0,71.42857142857143,54.49101796407185,47.368421052631575,1,1.576333459907253,2
109,Aleksandr Golovin,2025,M,61,Ligue 1,91,Monaco,1661.0,25,6.832630945213727,82.56130790190736,5.0,5.0,25.0,18.0,734.0,24.0,26.0,5.0,24.0,156.0,68.0,31.0,19.0,18.0,18.0,30.0,2.0,4,1,0.2709211318482841,0.2709211318482841,1.3546056592414208,0.975316074653823,39.77122215532812,1.300421432871764,1.408789885611078,0.2709211318482841,1.300421432871764,8.452739313666466,3.684527393136665,1.6797110174593617,1.02950030102348,0.975316074653823,0.975316074653823,1.625526791089705,0.1083684527393136,0.2167369054786273,0.0541842263696568,72.0,43.58974358974359,61.29032258064516,1,1.860650911780344,0
110,Han-Noah Massengo,2025,M,78,Bundesliga,170,FC Augsburg,2435.0,33,6.882505133470226,85.84229390681004,2.0,1.0,15.0,6.0,1116.0,17.0,41.0,9.0,38.0,201.0,107.0,40.0,26.0,10.0,23.0,25.0,0.0,5,0,0.0739219712525667,0.0369609856262833,0.5544147843942505,0.2217659137577002,41.24845995893224,0.6283367556468172,1.5154004106776182,0.3326488706365503,1.404517453798768,7.429158110882956,3.95482546201232,1.4784394250513349,0.9609856262833676,0.3696098562628337,0.8501026694045175,0.924024640657084,0.0,0.1848049281314168,0.0,40.0,53.233830845771145,65.0,1,1.5984522267379748,1
116,Khéphren Thuram,2025,M,135,Serie A,496,Juventus,2453.0,35,7.054463921728496,86.79495686794957,3.0,3.0,36.0,15.0,1507.0,24.0,60.0,9.0,12.0,245.0,132.0,37.0,23.0,14.0,12.0,38.0,3.0,2,0,0.110069302894415,0.110069302894415,1.32083163473298,0.550346514472075,55.2914798206278,0.88055442315532,2.2013860578883,0.330207908683245,0.44027721157766,8.988993069710558,4.843049327354261,1.3575214023644515,0.8438646555238484,0.5136567468406034,0.44027721157766,1.3942111699959234,0.110069302894415,0.0733795352629433,0.0,41.66666666666667,53.87755102040816,62.16216216216216,1,2.1507386213144386,0
174,Christian Eriksen,2025,M,78,Bundesliga,161,VfL Wolfsburg,2629.0,33,7.010840623811335,78.28481510621558,3.0,9.0,31.0,16.0,1271.0,66.0,43.0,11.0,19.0,166.0,71.0,21.0,10.0,28.0,6.0,13.0,3.0,4,0,0.102700646633701,0.3081019399011031,1.0612400152149106,0.5477367820464055,43.51084062381133,2.2594142259414225,1.4720426017497146,0.3765690376569037,0.6504374286801066,5.682769113731457,2.430581970330924,0.7189045264359072,0.3423354887790034,0.9585393685812096,0.205401293267402,0.4450361354127045,0.102700646633701,0.1369341955116013,0.0,51.61290322580645,42.77108433734939,47.61904761904761,1,2.9234551942882328,0
203,Roberto Gagliardini,2025,M,135,Serie A,504,Hellas Verona,2216.0,29,6.991425992779783,81.11587982832617,1.0,0.0,9.0,3.0,1165.0,16.0,73.0,13.0,54.0,285.0,169.0,10.0,6.0,23.0,35.0,45.0,0.0,10,0,0.0406137184115523,0.0,0.3655234657039711,0.121841155234657,47.314981949458485,0.6498194945848376,2.9648014440433217,0.5279783393501805,2.193140794223827,11.574909747292418,6.863718411552346,0.4061371841155234,0.243682310469314,0.934115523465704,1.421480144404332,1.827617328519856,0.0,0.4061371841155234,0.0,33.33333333333333,59.29824561403508,60.0,1,3.780609952122445,1
226,Denzel Dumfries,2025,M,135,Serie A,505,Inter,1327.0,20,6.616578749058025,80.10610079575596,3.0,1.0,16.0,5.0,377.0,13.0,15.0,0.0,7.0,130.0,63.0,19.0,6.0,10.0,13.0,20.0,2.0,2,0,0.2034664657121326,0.0678221552373775,1.0851544837980407,0.3391107761868877,25.568952524491333,0.881688018085908,1.0173323285606632,0.0,0.4747550866616428,8.81688018085908,4.2727957799547855,1.2886209495101737,0.4069329314242653,0.6782215523737755,0.881688018085908,1.356443104747551,0.1356443104747551,0.1356443104747551,0.0,31.25,48.46153846153846,31.57894736842105,1,2.401532135670465,2
231,Jordan Teze,2025,M,61,Ligue 1,91,Monaco,2494.0,33,6.988933440256616,83.33333333333334,1.0,2.0,11.0,5.0,1332.0,35.0,61.0,10.0,29.0,223.0,117.0,10.0,3.0,31.0,25.0,32.0,3.0,8,0,0.0360866078588612,0.0721732157177225,0.3969526864474739,0.1804330392943063,48.0673616680032,1.2630312750601442,2.2012830793905374,0.3608660785886126,1.0465116279069768,8.047313552526063,4.222133119486768,0.3608660785886126,0.1082598235765838,1.1186848436246992,0.9021651964715316,1.1547714514835603,0.1082598235765838,0.2886928628708901,0.0,45.45454545454545,52.46636771300448,30.0,1,1.059638450450948,1
292,Jordan Henderson,2025,M,39,Premier League,55,Brentford,1929.0,32,6.909797822706065,77.97927461139896,1.0,3.0,4.0,1.0,1158.0,19.0,27.0,7.0,17.0,99.0,48.0,8.0,3.0,9.0,7.0,13.0,1.0,6,0,0.046656298600311,0.1399688958009331,0.1866251944012441,0.046656298600311,54.02799377916019,0.8864696734059098,1.2597200622083982,0.3265940902021773,0.7931570762052877,4.618973561430794,2.23950233281493,0.3732503888024883,0.1399688958009331,0.4199066874027994,0.3265940902021773,0.6065318818040436,0.046656298600311,0.2799377916018662,0.0,25.0,48.48484848484848,37.5,1,2.542263157977357,2
293,Curtis Jones,2025,M,39,Premier League,40,Liverpool,1950.0,34,6.900307692307692,91.61603888213853,1.0,2.0,16.0,7.0,1646.0,21.0,40.0,6.0,18.0,201.0,102.0,34.0,22.0,21.0,29.0,17.0,0.0,2,0,0.0461538461538461,0.0923076923076923,0.7384615384615385,0.3230769230769231,75.96923076923078,0.9692307692307692,1.8461538461538465,0.2769230769230769,0.8307692307692308,9.276923076923078,4.707692307692308,1.5692307692307692,1.0153846153846156,0.9692307692307692,1.3384615384615384,0.7846153846153846,0.0,0.0923076923076923,0.0,43.75,50.74626865671642,64.70588235294117,1,2.336594106010504,1
325,Gianluca Gaetano,2025,M,135,Serie A,490,Cagliari,1911.0,33,6.916169544740973,80.4739336492891,2.0,4.0,25.0,11.0,1055.0,28.0,29.0,2.0,22.0,182.0,89.0,29.0,17.0,19.0,29.0,26.0,0.0,4,0,0.0941915227629513,0.1883830455259026,1.1773940345368916,0.5180533751962324,49.686028257456826,1.3186813186813189,1.3657770800627942,0.0941915227629513,1.0361067503924648,8.571428571428571,4.191522762951335,1.3657770800627942,0.8006279434850864,0.8948194662480378,1.3657770800627942,1.2244897959183674,0.0,0.1883830455259026,0.0,44.0,48.9010989010989,58.620689655172406,1,1.538245180891927,0
328,Fabián Ruiz,2025,M,61,Ligue 1,85,Paris Saint Germain,1129.0,20,7.195128432240922,92.57425742574256,1.0,4.0,13.0,4.0,1212.0,19.0,17.0,0.0,14.0,49.0,24.0,11.0,2.0,8.0,3.0,2.0,2.0,2,0,0.0797165633303808,0.3188662533215234,1.0363153232949514,0.3188662533215234,96.6164747564216,1.5146147032772364,1.3551815766164748,0.0,1.1160318866253325,3.906111603188663,1.9131975199291409,0.8768821966341894,0.1594331266607617,0.6377325066430469,0.2391496899911425,0.1594331266607617,0.1594331266607617,0.1594331266607617,0.0,30.76923076923077,48.97959183673469,18.181818181818183,1,4.50111337932803,0
329,Piotr Zieliński,2025,M,135,Serie A,505,Inter,2055.0,34,7.202287104622871,92.31283422459892,6.0,3.0,17.0,10.0,1496.0,29.0,31.0,3.0,5.0,132.0,78.0,27.0,18.0,12.0,18.0,18.0,0.0,3,0,0.2627737226277372,0.1313868613138686,0.7445255474452555,0.437956204379562,65.51824817518248,1.27007299270073,1.3576642335766422,0.1313868613138686,0.218978102189781,5.781021897810219,3.416058394160584,1.1824817518248176,0.7883211678832117,0.5255474452554744,0.7883211678832117,0.7883211678832117,0.0,0.1313868613138686,0.0,58.82352941176471,59.09090909090909,66.66666666666666,1,2.7951790405855594,0
407,Benjamin Stambouli,2025,M,61,Ligue 1,112,Metz,972.0,19,6.833023735810113,82.0,0.0,0.0,5.0,1.0,500.0,8.0,23.0,5.0,8.0,88.0,47.0,12.0,10.0,13.0,9.0,14.0,0.0,0,0,0.0,0.0,0.4629629629629629,0.0925925925925926,46.2962962962963,0.7407407407407408,2.1296296296296298,0.4629629629629629,0.7407407407407408,8.148148148148149,4.351851851851852,1.1111111111111112,0.925925925925926,1.2037037037037035,0.8333333333333333,1.2962962962962965,0.0,0.0,0.0,20.0,53.40909090909091,83.33333333333334,1,0.9299460749398148,1
409,Nabil Bentaleb,2025,M,61,Ligue 1,79,Lille,1287.0,26,7.101165501165502,86.8335146898803,2.0,2.0,13.0,6.0,919.0,12.0,18.0,6.0,15.0,103.0,54.0,10.0,5.0,8.0,18.0,14.0,0.0,3,0,0.1398601398601398,0.1398601398601398,0.9090909090909092,0.4195804195804196,64.26573426573427,0.8391608391608392,1.2587412587412588,0.4195804195804196,1.048951048951049,7.2027972027972025,3.776223776223776,0.6993006993006993,0.3496503496503496,0.5594405594405595,1.2587412587412588,0.9790209790209792,0.0,0.2097902097902098,0.0,46.15384615384615,52.42718446601942,50.0,1,1.9915736791759455,0
414,Omar Mascarell,2025,M,140,La Liga,798,Mallorca,2245.0,30,6.892472160356348,86.07011070110701,2.0,2.0,5.0,3.0,1084.0,8.0,48.0,17.0,34.0,197.0,97.0,9.0,6.0,18.0,13.0,38.0,0.0,5,0,0.0801781737193764,0.0801781737193764,0.2004454342984409,0.1202672605790645,43.456570155902,0.3207126948775056,1.9242761692650328,0.6815144766146993,1.3630289532293989,7.897550111358575,3.888641425389755,0.3608017817371937,0.2405345211581291,0.7216035634743875,0.5211581291759465,1.5233853006681517,0.0,0.2004454342984409,0.0,60.0,49.23857868020304,66.66666666666666,1,2.042300170787871,1
415,Weston McKennie,2025,M,135,Serie A,496,Juventus,2841.0,36,6.87245508982036,83.150800336984,5.0,5.0,36.0,16.0,1187.0,48.0,40.0,8.0,25.0,237.0,114.0,33.0,17.0,11.0,11.0,44.0,7.0,5,0,0.1583949313621964,0.1583949313621964,1.1404435058078142,0.5068637803590285,37.60295670538543,1.5205913410770855,1.2671594508975712,0.2534318901795142,0.791974656810982,7.50791974656811,3.6114044350580783,1.0454065469904965,0.5385427666314677,0.3484688489968321,0.3484688489968321,1.3938753959873285,0.2217529039070749,0.1583949313621964,0.0,44.44444444444444,48.10126582278481,51.51515151515152,1,2.0080316770274,0
418,Suat Serdar,2025,M,135,Serie A,504,Hellas Verona,1116.0,20,6.820519713261649,72.08121827411168,2.0,0.0,13.0,7.0,395.0,13.0,31.0,5.0,9.0,122.0,60.0,17.0,9.0,9.0,12.0,19.0,1.0,3,0,0.1612903225806451,0.0,1.0483870967741935,0.5645161290322581,31.854838709677416,1.0483870967741935,2.5,0.4032258064516129,0.7258064516129032,9.838709677419356,4.838709677419355,1.3709677419354838,0.7258064516129032,0.7258064516129032,0.967741935483871,1.5322580645161292,0.0806451612903225,0.2419354838709677,0.0,53.84615384615385,49.18032786885246,52.94117647058824,1,1.5676333433761307,2
502,Joshua Kimmich,2025,M,78,Bundesliga,157,Bayern München,2280.0,29,7.827061403508773,92.37735849056604,2.0,8.0,22.0,10.0,2650.0,57.0,32.0,6.0,25.0,134.0,71.0,18.0,11.0,23.0,21.0,8.0,0.0,4,0,0.0789473684210526,0.3157894736842105,0.868421052631579,0.3947368421052631,104.60526315789473,2.25,1.263157894736842,0.2368421052631578,0.986842105263158,5.289473684210527,2.8026315789473686,0.7105263157894737,0.4342105263157895,0.9078947368421052,0.8289473684210525,0.3157894736842105,0.0,0.1578947368421052,0.0,45.45454545454545,52.98507462686567,61.11111111111112,1,4.987679621346081,0
511,Leon Goretzka,2025,M,78,Bundesliga,157,Bayern München,1954.0,31,7.21173155737705,91.4656771799629,5.0,3.0,23.0,11.0,1618.0,22.0,29.0,8.0,26.0,160.0,78.0,14.0,11.0,14.0,16.0,15.0,2.0,4,0,0.2302968270214944,0.1381780962128966,1.059365404298874,0.5066530194472876,74.52405322415558,1.0133060388945752,1.3357215967246674,0.368474923234391,1.1975435005117707,7.369498464687821,3.592630501535312,0.6448311156601843,0.5066530194472876,0.6448311156601843,0.736949846468782,0.690890481064483,0.0921187308085977,0.1842374616171955,0.0,47.82608695652174,48.75,78.57142857142857,1,2.60307794007701,0
538,Frenkie de Jong,2025,M,140,La Liga,529,Barcelona,1637.0,25,7.433842394624313,94.13724183877416,1.0,5.0,5.0,2.0,1501.0,35.0,45.0,4.0,17.0,127.0,85.0,7.0,5.0,10.0,27.0,10.0,2.0,6,1,0.0549786194257788,0.2748930971288943,0.2748930971288943,0.1099572388515577,82.52290775809408,1.92425167990226,2.474037874160049,0.2199144777031154,0.9346365302382408,6.982284667073915,4.673182651191203,0.384850335980452,0.2748930971288943,0.5497861942577886,1.484422724496029,0.5497861942577886,0.1099572388515577,0.3298717165546732,0.0549786194257788,40.0,66.92913385826772,71.42857142857143,1,3.426034578345753,0
541,Jürgen Ekkelenkamp,2025,M,135,Serie A,494,Udinese,2203.0,31,6.953835678620063,79.375,5.0,3.0,27.0,15.0,643.0,28.0,47.0,6.0,15.0,181.0,97.0,25.0,16.0,10.0,19.0,22.0,3.0,1,0,0.2042669087607807,0.1225601452564684,1.103041307308216,0.6128007262823423,26.268724466636407,1.143894689060372,1.920108942351339,0.2451202905129369,0.6128007262823423,7.394462097140264,3.9627780299591455,1.0213345438039036,0.6536541080344984,0.4085338175215615,0.7762142532909669,0.8987743985474353,0.1225601452564684,0.0408533817521561,0.0,55.55555555555556,53.59116022099448,64.0,1,1.840887684997632,2
542,Ryan Gravenberch,2025,M,39,Premier League,40,Liverpool,2996.0,36,7.101001335113484,88.81720430107526,5.0,3.0,25.0,13.0,1860.0,29.0,59.0,12.0,47.0,283.0,159.0,54.0,31.0,17.0,42.0,38.0,0.0,5,0,0.1502002670226969,0.0901201602136181,0.7510013351134845,0.390520694259012,55.87449933244326,0.8711615487316422,1.7723631508678237,0.3604806408544727,1.4118825100133512,8.501335113484645,4.7763684913217626,1.622162883845127,0.9312416555407208,0.5106809078771696,1.2616822429906542,1.1415220293724966,0.0,0.1502002670226969,0.0,52.0,56.18374558303887,57.407407407407405,1,1.542276995687146,1
575,Florentino Luís,2025,M,39,Premier League,44,Burnley,2118.0,31,6.684183191690274,85.50863723608445,0.0,2.0,10.0,2.0,1042.0,13.0,90.0,14.0,41.0,262.0,129.0,21.0,7.0,36.0,8.0,40.0,1.0,6,0,0.0,0.0849858356940509,0.4249291784702549,0.0849858356940509,44.27762039660057,0.5524079320113314,3.824362606232295,0.5949008498583569,1.742209631728045,11.13314447592068,5.481586402266289,0.8923512747875354,0.2974504249291784,1.529745042492918,0.3399433427762039,1.69971671388102,0.0424929178470254,0.254957507082153,0.0,20.0,49.23664122137404,33.33333333333333,1,3.776061016820216,1
636,Bernardo Silva,2025,M,39,Premier League,50,Manchester City,2890.0,38,6.875328719723182,90.1639344262295,2.0,4.0,17.0,7.0,2196.0,47.0,53.0,6.0,22.0,244.0,100.0,49.0,21.0,26.0,22.0,37.0,5.0,10,0,0.0622837370242214,0.1245674740484429,0.5294117647058824,0.217993079584775,68.38754325259515,1.4636678200692042,1.6505190311418685,0.1868512110726643,0.685121107266436,7.598615916955017,3.114186851211073,1.5259515570934257,0.6539792387543253,0.809688581314879,0.685121107266436,1.152249134948097,0.1557093425605536,0.3114186851211072,0.0,41.17647058823529,40.98360655737705,42.85714285714285,1,2.131393348260044,0
637,Felix Nmecha,2025,M,78,Bundesliga,165,Borussia Dortmund,2184.0,29,6.960119047619048,87.16279069767442,2.0,3.0,19.0,7.0,1075.0,20.0,37.0,4.0,27.0,212.0,117.0,54.0,31.0,13.0,22.0,28.0,2.0,0,0,0.0824175824175824,0.1236263736263736,0.782967032967033,0.2884615384615384,44.29945054945056,0.8241758241758242,1.5247252747252746,0.1648351648351648,1.112637362637363,8.736263736263737,4.821428571428571,2.2252747252747254,1.2774725274725274,0.5357142857142857,0.9065934065934068,1.1538461538461535,0.0824175824175824,0.0,0.0,36.84210526315789,55.18867924528303,57.407407407407405,1,1.1966145160091382,1
659,Maxence Caqueret,2025,M,135,Serie A,895,Como,1487.0,30,6.878211163416274,88.18984547461368,2.0,6.0,12.0,4.0,906.0,26.0,35.0,3.0,13.0,179.0,82.0,32.0,17.0,19.0,23.0,26.0,2.0,3,0,0.121049092131809,0.363147276395427,0.7262945527908541,0.242098184263618,54.83523873570948,1.5736381977135172,2.1183591123066576,0.1815736381977135,0.7868190988567586,10.833893745796908,4.9630127774041695,1.936785474108944,1.0289172831203766,1.1499663752521856,1.3920645595158037,1.5736381977135172,0.121049092131809,0.1815736381977135,0.0,33.33333333333333,45.81005586592179,53.125,1,1.711625831447104,0
723,Joelinton,2025,M,39,Premier League,34,Newcastle,1953.0,27,6.856067588325652,82.71752085816448,2.0,1.0,23.0,11.0,839.0,17.0,43.0,3.0,29.0,296.0,149.0,30.0,16.0,20.0,27.0,47.0,1.0,10,0,0.0921658986175115,0.0460829493087557,1.0599078341013826,0.5069124423963134,38.66359447004608,0.783410138248848,1.9815668202764976,0.1382488479262673,1.336405529953917,13.640552995391706,6.8663594470046085,1.3824884792626728,0.7373271889400922,0.9216589861751152,1.2442396313364057,2.1658986175115205,0.0460829493087557,0.4608294930875576,0.0,47.82608695652174,50.33783783783784,53.333333333333336,1,2.3413488029541454,1
747,Casemiro,2025,M,39,Premier League,33,Manchester United,2593.0,34,7.249286540686464,81.26171143035603,9.0,2.0,36.0,18.0,1601.0,36.0,90.0,27.0,31.0,358.0,189.0,15.0,6.0,50.0,36.0,46.0,5.0,11,1,0.3123794832240648,0.069417662938681,1.2495179328962591,0.6247589664481296,55.5688391824142,1.2495179328962591,3.123794832240648,0.9371384496721944,1.0759737755495564,12.425761666023911,6.55996914770536,0.520632472040108,0.2082529888160432,1.7354415734670268,1.2495179328962591,1.5966062475896643,0.1735441573467026,0.3817971461627459,0.0347088314693405,50.0,52.79329608938548,40.0,1,2.7226173992459963,1
754,Luka Modrić,2025,M,135,Serie A,489,AC Milan,2821.0,34,7.593406593406593,90.401081568274,2.0,3.0,14.0,8.0,2219.0,53.0,51.0,12.0,39.0,202.0,112.0,35.0,17.0,29.0,33.0,23.0,0.0,4,0,0.0638071605813541,0.0957107408720312,0.4466501240694789,0.2552286423254165,70.79404466501241,1.6908897554058846,1.6270825948245302,0.3828429634881248,1.2442396313364057,6.444523218716768,3.5732009925558312,1.1166253101736974,0.5423608649415101,0.925203828429635,1.0528181495923432,0.7337823466855725,0.0,0.1276143211627082,0.0,57.14285714285714,55.44554455445545,48.57142857142857,1,2.502929043170148,0
756,Federico Valverde,2025,M,140,La Liga,541,Real Madrid,2746.0,33,7.352476329206119,90.12605042016808,5.0,8.0,41.0,22.0,1904.0,43.0,41.0,8.0,24.0,163.0,100.0,36.0,23.0,11.0,14.0,18.0,1.0,3,1,0.1638747268754552,0.2621995630007283,1.3437727603787328,0.721048798252003,62.40349599417335,1.4093226511289147,1.3437727603787328,0.2621995630007283,0.786598689002185,5.34231609613984,3.277494537509104,1.1798980335032776,0.7538237436270939,0.3605243991260015,0.4588492352512745,0.5899490167516388,0.032774945375091,0.0983248361252731,0.032774945375091,53.65853658536586,61.34969325153374,63.888888888888886,1,2.625583305715855,0
778,Bryan Cristante,2025,M,135,Serie A,497,AS Roma,3103.0,37,7.07247824685788,81.30577736026304,2.0,1.0,29.0,8.0,2129.0,27.0,72.0,8.0,27.0,416.0,206.0,22.0,13.0,19.0,9.0,63.0,0.0,6,0,0.058008378988076,0.029004189494038,0.8411214953271028,0.2320335159523042,61.74991943280696,0.7831131163390268,2.088301643570738,0.2320335159523042,0.7831131163390268,12.065742829519818,5.9748630357718335,0.6380921688688366,0.3770544634224943,0.5510796003867225,0.2610377054463422,1.827263938124396,0.0,0.1740251369642281,0.0,27.58620689655172,49.51923076923077,59.09090909090909,1,2.252035145315991,1
862,Leonardo Spinazzola,2025,M,135,Serie A,492,Napoli,1908.0,32,7.051232302045097,80.73022312373224,3.0,3.0,15.0,7.0,986.0,33.0,24.0,2.0,4.0,121.0,51.0,51.0,16.0,10.0,9.0,9.0,2.0,2,0,0.1415094339622641,0.1415094339622641,0.7075471698113207,0.330188679245283,46.50943396226415,1.5566037735849056,1.1320754716981132,0.0943396226415094,0.1886792452830188,5.7075471698113205,2.405660377358491,2.405660377358491,0.7547169811320755,0.4716981132075472,0.4245283018867924,0.4245283018867924,0.0943396226415094,0.0943396226415094,0.0,46.66666666666666,42.14876033057851,31.37254901960784,1,2.977356089510013,2
863,Rodrigo Bentancur,2025,M,39,Premier League,47,Tottenham,1892.0,26,6.760782241014799,85.74237954768928,1.0,1.0,9.0,3.0,1017.0,10.0,56.0,7.0,34.0,208.0,113.0,31.0,19.0,11.0,8.0,19.0,1.0,7,0,0.047568710359408,0.047568710359408,0.4281183932346723,0.1427061310782241,48.377378435517976,0.4756871035940803,2.66384778012685,0.3329809725158562,1.617336152219873,9.894291754756871,5.375264270613108,1.4746300211416492,0.9038054968287526,0.5232558139534884,0.3805496828752643,0.9038054968287526,0.047568710359408,0.3329809725158562,0.0,33.33333333333333,54.32692307692307,61.29032258064516,1,2.4656526917767043,1
876,Nicolò Fagioli,2025,M,135,Serie A,502,Fiorentina,2564.0,33,7.329329173166927,89.95215311004785,2.0,3.0,20.0,7.0,1672.0,62.0,46.0,10.0,16.0,204.0,111.0,31.0,19.0,25.0,45.0,23.0,0.0,5,0,0.0702028081123244,0.1053042121684867,0.702028081123245,0.2457098283931357,58.68954758190327,2.17628705148206,1.6146645865834637,0.3510140405616225,0.5616224648985959,7.160686427457098,3.8962558502340094,1.0881435257410297,0.6669266770670828,0.8775351014040562,1.579563182527301,0.8073322932917317,0.0,0.1755070202808112,0.0,35.0,54.41176470588235,61.29032258064516,1,2.606018145263389,0
881,Hans Nicolussi Caviglia,2025,M,135,Serie A,523,Parma,1473.0,26,6.7267663043478265,84.48500651890483,0.0,4.0,10.0,3.0,767.0,19.0,27.0,4.0,6.0,159.0,73.0,22.0,11.0,13.0,24.0,23.0,0.0,4,0,0.0,0.2443991853360488,0.6109979633401222,0.1832993890020366,46.86354378818737,1.1608961303462322,1.64969450101833,0.2443991853360488,0.3665987780040733,9.714867617107943,4.460285132382892,1.3441955193482689,0.6720977596741344,0.7942973523421589,1.4663951120162932,1.405295315682281,0.0,0.2443991853360488,0.0,30.0,45.911949685534594,50.0,1,1.746511625553567,0
895,James Garner,2025,M,39,Premier League,45,Everton,3414.0,38,7.236906854130052,87.22098214285714,2.0,7.0,34.0,14.0,1792.0,56.0,120.0,10.0,57.0,341.0,209.0,34.0,18.0,46.0,42.0,39.0,0.0,12,0,0.0527240773286467,0.1845342706502636,0.8963093145869947,0.3690685413005272,47.24077328646749,1.476274165202109,3.163444639718805,0.2636203866432337,1.5026362038664325,8.98945518453427,5.509666080843585,0.8963093145869947,0.4745166959578207,1.2126537785588751,1.1072056239015815,1.0281195079086116,0.0,0.3163444639718805,0.0,41.17647058823529,61.29032258064516,52.94117647058824,1,2.4217782704117727,1
896,Angel Gomes,2025,M,61,Ligue 1,39,Wolves,1380.0,26,6.917028985507248,89.6103896103896,3.0,0.0,15.0,7.0,770.0,24.0,20.0,2.0,4.0,117.0,58.0,15.0,10.0,9.0,21.0,26.0,0.0,4,0,0.1956521739130435,0.0,0.9782608695652174,0.4565217391304347,50.21739130434783,1.565217391304348,1.3043478260869563,0.1304347826086956,0.2608695652173913,7.630434782608695,3.782608695652174,0.9782608695652174,0.6521739130434783,0.5869565217391304,1.3695652173913044,1.6956521739130437,0.0,0.2608695652173913,0.0,46.66666666666666,49.57264957264957,66.66666666666666,1,2.364238296162553,0
902,Nemanja Matić,2025,M,135,Serie A,488,Sassuolo,2669.0,34,6.998239040839265,86.46135967460779,1.0,1.0,8.0,4.0,1721.0,20.0,43.0,10.0,28.0,226.0,123.0,24.0,12.0,25.0,39.0,24.0,0.0,7,1,0.0337204945672536,0.0337204945672536,0.2697639565380292,0.1348819782690146,58.03297115024353,0.674409891345073,1.449981266391907,0.3372049456725365,0.9441738478831024,7.620831772199326,4.147620831772199,0.8092918696140877,0.4046459348070438,0.8430123641813413,1.3150992881228925,0.8092918696140877,0.0,0.2360434619707755,0.0337204945672536,50.0,54.42477876106194,50.0,1,1.688650248406797,1
928,Dani Parejo,2025,M,140,La Liga,533,Villarreal,1398.0,32,7.113743736578382,88.01331853496114,1.0,0.0,2.0,1.0,901.0,26.0,42.0,7.0,12.0,129.0,85.0,16.0,8.0,11.0,27.0,16.0,0.0,3,0,0.0643776824034334,0.0,0.1287553648068669,0.0643776824034334,58.00429184549356,1.6738197424892705,2.703862660944206,0.4506437768240343,0.7725321888412017,8.304721030042918,5.472103004291846,1.0300429184549356,0.5150214592274678,0.7081545064377682,1.738197424892704,1.0300429184549356,0.0,0.1931330472103004,0.0,50.0,65.89147286821705,50.0,1,2.397115381159312,1
930,Carlos Soler,2025,M,140,La Liga,548,Real Sociedad,2332.0,33,7.012349914236706,86.44351464435147,4.0,3.0,29.0,19.0,1195.0,46.0,38.0,10.0,15.0,162.0,79.0,20.0,13.0,18.0,20.0,28.0,0.0,3,1,0.1543739279588336,0.1157804459691252,1.1192109777015438,0.7332761578044596,46.11921097770155,1.7753001715265866,1.4665523156089193,0.385934819897084,0.5789022298456261,6.252144082332762,3.048885077186964,0.7718696397941681,0.5017152658662093,0.6946826758147513,0.7718696397941681,1.0806174957118353,0.0,0.1157804459691252,0.0385934819897084,65.51724137931035,48.76543209876543,65.0,1,2.157052007861086,0
951,Michel Aebischer,2025,M,135,Serie A,801,Pisa,2900.0,35,6.912620689655172,85.62091503267973,1.0,2.0,16.0,5.0,1530.0,34.0,65.0,6.0,37.0,257.0,131.0,29.0,14.0,35.0,38.0,45.0,0.0,8,0,0.0310344827586206,0.0620689655172413,0.4965517241379309,0.1551724137931034,47.48275862068966,1.0551724137931036,2.0172413793103448,0.1862068965517241,1.1482758620689657,7.975862068965518,4.06551724137931,0.9,0.4344827586206897,1.0862068965517242,1.1793103448275863,1.396551724137931,0.0,0.2482758620689654,0.0,31.25,50.97276264591439,48.27586206896552,1,0.7631344326650255,1
957,Djibril Sow,2025,M,140,La Liga,536,Sevilla,2195.0,33,6.8047380410022775,89.05263157894737,5.0,4.0,15.0,8.0,950.0,24.0,45.0,2.0,22.0,188.0,96.0,14.0,7.0,8.0,29.0,42.0,3.0,6,0,0.20501138952164,0.164009111617312,0.6150341685649203,0.3280182232346241,38.95216400911162,0.9840546697038725,1.8451025056947608,0.082004555808656,0.9020501138952164,7.708428246013668,3.93621867881549,0.5740318906605922,0.2870159453302961,0.3280182232346241,1.1890660592255125,1.7220956719817768,0.123006833712984,0.2460136674259681,0.0,53.333333333333336,51.06382978723404,50.0,1,0.7965114453768479,0
1014,Simon Sohm,2025,M,135,Serie A,500,Bologna,1438.0,28,6.656784968684761,85.46409807355516,0.0,1.0,6.0,1.0,571.0,15.0,20.0,5.0,8.0,139.0,65.0,16.0,11.0,4.0,14.0,24.0,3.0,3,0,0.0,0.062586926286509,0.3755215577190542,0.062586926286509,35.73713490959666,0.9388038942976356,1.251738525730181,0.3129346314325452,0.5006954102920723,8.699582753824757,4.068150208623088,1.0013908205841446,0.6884561891515995,0.2503477051460361,0.8762169680111266,1.502086230876217,0.1877607788595271,0.1877607788595271,0.0,16.666666666666664,46.76258992805755,68.75,1,1.756010655395119,2
1090,Antoine Bernede,2025,M,135,Serie A,504,Hellas Verona,2320.0,32,6.706422413793104,77.41573033707864,1.0,2.0,14.0,4.0,890.0,30.0,70.0,6.0,14.0,282.0,120.0,37.0,17.0,29.0,20.0,55.0,1.0,2,0,0.0387931034482758,0.0775862068965517,0.5431034482758621,0.1551724137931034,34.52586206896552,1.1637931034482758,2.7155172413793105,0.2327586206896551,0.5431034482758621,10.939655172413792,4.655172413793103,1.4353448275862069,0.6594827586206896,1.125,0.7758620689655172,2.133620689655172,0.0387931034482758,0.0775862068965517,0.0,28.57142857142857,42.5531914893617,45.94594594594595,1,1.9470976285568933,2
1095,Xaver Schlager,2025,M,78,Bundesliga,173,RB Leipzig,1837.0,26,6.986336418072946,86.88679245283019,3.0,1.0,11.0,7.0,1060.0,21.0,37.0,2.0,8.0,183.0,96.0,32.0,22.0,13.0,16.0,25.0,2.0,6,0,0.1469787697332607,0.0489929232444202,0.5389221556886228,0.3429504627109417,51.93249863908546,1.0288513881328252,1.8127381600435493,0.0979858464888405,0.391943385955362,8.965704953728906,4.703320631464344,1.5677735438214482,1.0778443113772456,0.6369080021774632,0.7838867719107241,1.2248230811105063,0.0979858464888405,0.2939575394665215,0.0,63.63636363636363,52.459016393442624,68.75,1,1.5924165412674152,0
1096,Dominik Szoboszlai,2025,M,39,Premier League,40,Liverpool,3233.0,36,7.1892978657593565,87.7345537757437,6.0,7.0,47.0,23.0,2185.0,78.0,55.0,8.0,30.0,284.0,130.0,50.0,26.0,38.0,30.0,41.0,2.0,8,1,0.167027528611197,0.1948654500463965,1.3083823074543768,0.6402721930095886,60.82585833591092,2.171357871945561,1.5310856789359726,0.222703371481596,0.8351376430559851,7.905969687596659,3.618929786575936,1.391896071759975,0.7237859573151871,1.0578410145375812,0.8351376430559851,1.1413547788431797,0.055675842870399,0.222703371481596,0.0278379214351995,48.93617021276596,45.77464788732394,52.0,1,2.6161526747967754,0
1138,Tim Weah,2025,M,61,Ligue 1,81,Marseille,2263.0,29,6.77348652231551,85.96663395485771,2.0,2.0,20.0,10.0,1019.0,29.0,48.0,4.0,17.0,188.0,96.0,38.0,15.0,16.0,18.0,32.0,1.0,5,0,0.0795404330534688,0.0795404330534688,0.7954043305346885,0.3977021652673442,40.52585064074238,1.1533362792752984,1.9089703932832525,0.1590808661069377,0.6760936809544852,7.476800707026071,3.817940786566505,1.5112682280159082,0.5965532479010164,0.6363234644277508,0.7158638974812196,1.2726469288555016,0.0397702165267344,0.1988510826336721,0.0,50.0,51.06382978723404,39.47368421052632,1,1.0663998415285316,2
1150,Tyler Adams,2025,M,39,Premier League,35,Bournemouth,1778.0,25,6.876480541455161,87.12871287128714,2.0,2.0,8.0,6.0,1010.0,7.0,53.0,9.0,33.0,187.0,96.0,12.0,6.0,18.0,13.0,35.0,1.0,8,0,0.1012373453318335,0.1012373453318335,0.4049493813273341,0.3037120359955005,51.12485939257592,0.3543307086614173,2.6827896512935885,0.4555680539932508,1.670416197975253,9.465691788526431,4.859392575928009,0.6074240719910011,0.3037120359955005,0.9111361079865016,0.6580427446569179,1.7716535433070866,0.0506186726659167,0.4049493813273341,0.0,75.0,51.33689839572193,50.0,1,2.5571306213944283,1
1156,Tom Krauß,2025,M,78,Bundesliga,192,1. FC Köln,1801.0,26,6.941088284286507,86.21103117505994,0.0,2.0,5.0,2.0,834.0,15.0,72.0,9.0,28.0,194.0,118.0,18.0,9.0,16.0,22.0,23.0,0.0,4,0,0.0,0.0999444752915047,0.2498611882287618,0.0999444752915047,41.67684619655746,0.7495835646862854,3.59800111049417,0.4497501388117712,1.3992226540810662,9.694614103275958,5.8967240421987785,0.8995002776235425,0.4497501388117712,0.7995558023320378,1.0993892282065518,1.1493614658523044,0.0,0.1998889505830094,0.0,40.0,60.824742268041234,50.0,1,2.8706787337761246,1
1159,Marcel Sabitzer,2025,M,78,Bundesliga,165,Borussia Dortmund,1822.0,26,6.980889621087314,83.83838383838383,1.0,2.0,14.0,4.0,792.0,15.0,30.0,6.0,19.0,123.0,65.0,5.0,3.0,13.0,17.0,20.0,3.0,3,0,0.0493962678375411,0.0987925356750823,0.6915477497255763,0.1975850713501646,39.1218441273326,0.7409440175631175,1.481888035126235,0.2963776070252469,0.938529088913282,6.0757409440175625,3.210757409440176,0.2469813391877058,0.1481888035126234,0.6421514818880352,0.8397365532381997,0.9879253567508234,0.1481888035126234,0.1481888035126234,0.0,28.57142857142857,52.84552845528455,60.0,1,1.5632249174490005,1
1161,Emile Smith Rowe,2025,M,39,Premier League,36,Fulham,1944.0,37,6.65462962962963,91.08695652173913,3.0,0.0,25.0,11.0,920.0,18.0,35.0,1.0,22.0,145.0,72.0,29.0,14.0,6.0,17.0,10.0,3.0,1,0,0.1388888888888889,0.0,1.1574074074074074,0.5092592592592593,42.5925925925926,0.8333333333333333,1.6203703703703705,0.0462962962962963,1.0185185185185186,6.712962962962963,3.333333333333333,1.3425925925925926,0.6481481481481481,0.2777777777777778,0.7870370370370371,0.4629629629629629,0.1388888888888889,0.0462962962962963,0.0,44.0,49.6551724137931,48.27586206896552,1,1.3899835821626365,0
1243,Tomáš Souček,2025,M,39,Premier League,48,West Ham,2215.0,35,6.860451467268624,77.6536312849162,5.0,0.0,21.0,14.0,895.0,11.0,44.0,15.0,16.0,263.0,137.0,11.0,4.0,23.0,22.0,37.0,5.0,3,1,0.2031602708803611,0.0,0.8532731376975169,0.5688487584650113,36.36568848758465,0.4469525959367946,1.7878103837471784,0.6094808126410836,0.6501128668171557,10.686230248306998,5.566591422121896,0.4469525959367946,0.1625282167042889,0.9345372460496614,0.8939051918735892,1.5033860045146723,0.2031602708803611,0.1218961625282167,0.0406320541760722,66.66666666666666,52.09125475285171,36.36363636363637,1,1.6951548536947294,2
1266,Toma Bašić,2025,M,135,Serie A,487,Lazio,1746.0,23,6.8606529209622,87.42857142857143,2.0,3.0,24.0,12.0,875.0,22.0,21.0,7.0,11.0,119.0,62.0,4.0,1.0,13.0,19.0,20.0,0.0,0,1,0.1030927835051546,0.1546391752577319,1.2371134020618555,0.6185567010309279,45.103092783505154,1.134020618556701,1.082474226804124,0.3608247422680412,0.5670103092783505,6.1340206185567006,3.1958762886597936,0.2061855670103093,0.0515463917525773,0.6701030927835051,0.979381443298969,1.0309278350515465,0.0,0.0,0.0515463917525773,50.0,52.10084033613446,25.0,1,2.288557126372825,0
1271,Aurélien Tchouaméni,2025,M,140,La Liga,541,Real Madrid,2622.0,33,7.265446224256292,91.53162571876634,1.0,0.0,30.0,7.0,1913.0,24.0,68.0,13.0,47.0,250.0,170.0,10.0,3.0,16.0,27.0,31.0,0.0,8,0,0.034324942791762,0.0,1.0297482837528604,0.2402745995423341,65.66361556064074,0.8237986270022883,2.334096109839817,0.4462242562929061,1.613272311212815,8.581235697940503,5.835240274599542,0.3432494279176201,0.102974828375286,0.5491990846681922,0.9267734553775744,1.0640732265446224,0.0,0.2745995423340961,0.0,23.33333333333333,68.0,30.0,1,2.481713771225796,1
1322,Nikola Moro,2025,M,135,Serie A,500,Bologna,1797.0,30,7.264774624373956,84.97757847533633,1.0,0.0,17.0,2.0,1338.0,26.0,32.0,7.0,17.0,143.0,80.0,19.0,13.0,13.0,17.0,18.0,1.0,1,0,0.0500834724540901,0.0,0.8514190317195325,0.1001669449081803,67.01168614357262,1.3021702838063438,1.6026711185308848,0.350584307178631,0.8514190317195325,7.161936560934891,4.006677796327212,0.9515859766277128,0.6510851419031719,0.6510851419031719,0.8514190317195325,0.9015025041736228,0.0500834724540901,0.0500834724540901,0.0,11.76470588235294,55.94405594405595,68.42105263157895,1,1.8947289456096903,0
1358,Eljif Elmas,2025,M,135,Serie A,492,Napoli,1788.0,33,6.771196868008948,89.33161953727506,1.0,3.0,17.0,9.0,778.0,24.0,24.0,6.0,7.0,110.0,52.0,22.0,13.0,7.0,13.0,18.0,2.0,3,0,0.0503355704697986,0.1510067114093959,0.8557046979865771,0.4530201342281879,39.16107382550336,1.2080536912751678,1.2080536912751678,0.3020134228187919,0.3523489932885906,5.5369127516778525,2.61744966442953,1.1073825503355703,0.6543624161073825,0.3523489932885906,0.6543624161073825,0.9060402684563758,0.1006711409395973,0.1510067114093959,0.0,52.94117647058824,47.27272727272727,59.09090909090909,1,2.352819391361331,0
1427,Albert Sambi Lokonga,2025,M,78,Bundesliga,175,Hamburger SV,1712.0,26,7.022469280280866,87.69633507853402,5.0,0.0,16.0,11.0,764.0,25.0,31.0,12.0,14.0,161.0,88.0,16.0,8.0,16.0,27.0,20.0,0.0,3,0,0.2628504672897196,0.0,0.8411214953271028,0.5782710280373832,40.16355140186917,1.314252336448598,1.6296728971962615,0.6308411214953271,0.7359813084112149,8.463785046728972,4.626168224299065,0.8411214953271028,0.4205607476635514,0.8411214953271028,1.4193925233644855,1.0514018691588785,0.0,0.1577102803738317,0.0,68.75,54.6583850931677,50.0,1,1.1739664545738342,0
1454,Mattéo Guendouzi,2025,M,135,Serie A,487,Lazio,1430.0,16,7.008391608391609,87.61904761904762,2.0,1.0,14.0,8.0,735.0,15.0,14.0,6.0,11.0,97.0,49.0,17.0,8.0,11.0,21.0,17.0,0.0,6,1,0.1258741258741259,0.0629370629370629,0.8811188811188811,0.5034965034965035,46.25874125874125,0.944055944055944,0.8811188811188811,0.3776223776223776,0.6923076923076923,6.104895104895105,3.083916083916084,1.0699300699300698,0.5034965034965035,0.6923076923076923,1.3216783216783217,1.0699300699300698,0.0,0.3776223776223776,0.0629370629370629,57.14285714285714,50.51546391752577,47.05882352941176,1,2.093124353003644,0
1455,Alex Iwobi,2025,M,39,Premier League,36,Fulham,2434.0,29,7.09026294165982,85.1048951048951,4.0,3.0,24.0,15.0,1430.0,43.0,28.0,3.0,15.0,138.0,63.0,45.0,19.0,9.0,10.0,8.0,1.0,3,0,0.1479046836483155,0.1109285127362366,0.8874281018898932,0.5546425636811833,52.8759244042728,1.589975349219392,1.0353327855382088,0.1109285127362366,0.5546425636811833,5.102711585866886,2.329498767460969,1.6639276910435497,0.7025472473294988,0.3327855382087099,0.3697617091207889,0.295809367296631,0.0369761709120788,0.1109285127362366,0.0,62.5,45.65217391304348,42.22222222222222,1,2.680461623384172,0
1457,Henrikh Mkhitaryan,2025,M,135,Serie A,505,Inter,1556.0,30,7.080334190231363,88.06419257773321,4.0,1.0,31.0,14.0,997.0,23.0,33.0,4.0,14.0,169.0,74.0,29.0,12.0,20.0,17.0,28.0,3.0,5,0,0.2313624678663239,0.0578406169665809,1.7930591259640103,0.8097686375321337,57.66709511568124,1.3303341902313626,1.9087403598971724,0.2313624678663239,0.8097686375321337,9.775064267352183,4.280205655526992,1.6773778920308484,0.6940874035989717,1.1568123393316196,0.9832904884318766,1.6195372750642674,0.1735218508997429,0.2892030848329049,0.0,45.16129032258064,43.78698224852072,41.37931034482759,1,2.4310633994829174,0
1463,Joe Willock,2025,M,39,Premier League,34,Newcastle,1011.0,24,6.495643564356436,84.12256267409471,0.0,2.0,14.0,6.0,359.0,14.0,20.0,2.0,9.0,116.0,48.0,17.0,7.0,19.0,11.0,16.0,2.0,3,0,0.0,0.1780415430267062,1.2462908011869436,0.5341246290801187,31.958456973293767,1.2462908011869436,1.780415430267062,0.1780415430267062,0.8011869436201781,10.326409495548962,4.27299703264095,1.513353115727003,0.6231454005934718,1.6913946587537092,0.9792284866468842,1.4243323442136495,0.1780415430267062,0.2670623145400593,0.0,42.85714285714285,41.37931034482759,41.17647058823529,1,1.6395381569700551,2
1464,Granit Xhaka,2025,M,39,Premier League,746,Sunderland,2903.0,34,7.359937995177403,83.67459878251246,1.0,6.0,15.0,5.0,1807.0,34.0,50.0,20.0,29.0,258.0,156.0,24.0,11.0,16.0,42.0,23.0,0.0,8,0,0.0310024112986565,0.1860144677919393,0.4650361694798484,0.1550120564932828,56.02135721667241,1.054081984154323,1.5501205649328282,0.6200482259731313,0.8990699276610402,7.998622115053394,4.836376162590424,0.7440578711677575,0.3410265242852222,0.496038580778505,1.3021012745435756,0.713055459869101,0.0,0.2480192903892525,0.0,33.33333333333333,60.46511627906976,45.83333333333333,1,1.2537429783375158,1
1639,Marco Brescianini,2025,M,135,Serie A,502,Fiorentina,1044.0,26,6.643707973102786,83.37595907928389,2.0,1.0,8.0,4.0,392.0,10.0,13.0,4.0,2.0,100.0,39.0,13.0,8.0,6.0,11.0,17.0,0.0,2,0,0.1724137931034482,0.0862068965517241,0.689655172413793,0.3448275862068965,33.793103448275865,0.8620689655172413,1.1206896551724137,0.3448275862068965,0.1724137931034482,8.620689655172415,3.362068965517241,1.1206896551724137,0.689655172413793,0.5172413793103449,0.9482758620689656,1.4655172413793105,0.0,0.1724137931034482,0.0,50.0,39.0,61.53846153846154,1,2.4258123441787216,2
1640,Hakan Çalhanoğlu,2025,M,135,Serie A,505,Inter,1650.0,22,7.554666666666666,90.59583632447954,9.0,4.0,37.0,17.0,1393.0,41.0,34.0,6.0,16.0,125.0,63.0,15.0,5.0,13.0,11.0,28.0,0.0,7,0,0.4909090909090909,0.2181818181818181,2.018181818181818,0.9272727272727274,75.98181818181818,2.2363636363636363,1.8545454545454547,0.3272727272727272,0.8727272727272727,6.818181818181818,3.4363636363636365,0.8181818181818181,0.2727272727272727,0.7090909090909091,0.6000000000000001,1.5272727272727271,0.0,0.3818181818181818,0.0,45.94594594594595,50.4,33.33333333333333,1,4.007895795549597,0
1697,Pablo Fornals,2025,M,140,La Liga,543,Real Betis,2865.0,37,7.15176265270506,86.70745272525028,9.0,6.0,28.0,18.0,1798.0,86.0,40.0,3.0,34.0,266.0,105.0,47.0,25.0,37.0,26.0,32.0,13.0,2,0,0.2827225130890052,0.1884816753926702,0.8795811518324608,0.5654450261780105,56.48167539267016,2.701570680628272,1.256544502617801,0.0942408376963351,1.068062827225131,8.356020942408376,3.298429319371728,1.4764397905759163,0.7853403141361257,1.162303664921466,0.8167539267015708,1.0052356020942408,0.4083769633507854,0.06282722513089,0.0,64.28571428571429,39.47368421052632,53.191489361702125,1,3.094235732431825,0
1700,Iván Martín,2025,M,140,La Liga,547,Girona,2538.0,35,6.920173364854216,89.41009239516701,0.0,1.0,9.0,5.0,1407.0,25.0,61.0,4.0,16.0,268.0,143.0,49.0,30.0,19.0,31.0,30.0,3.0,5,1,0.0,0.0354609929078014,0.3191489361702128,0.177304964539007,49.89361702127659,0.8865248226950355,2.1631205673758864,0.1418439716312056,0.5673758865248227,9.50354609929078,5.070921985815603,1.7375886524822697,1.0638297872340423,0.673758865248227,1.099290780141844,1.0638297872340423,0.1063829787234042,0.177304964539007,0.0354609929078014,55.55555555555556,53.35820895522389,61.224489795918366,1,1.4022398342372515,1
1701,Manu Morlanes,2025,M,140,La Liga,798,Mallorca,1789.0,32,6.907769703745109,89.34599156118144,3.0,0.0,9.0,4.0,948.0,17.0,56.0,1.0,19.0,174.0,88.0,12.0,8.0,25.0,12.0,28.0,0.0,5,1,0.1509223029625489,0.0,0.4527669088876467,0.2012297372833985,47.69144773616546,0.8552263834544439,2.8172163219675794,0.0503074343208496,0.955841252096143,8.753493571827837,4.427054220234768,0.6036892118501956,0.4024594745667971,1.2576858580212409,0.6036892118501956,1.4086081609837895,0.0,0.2515371716042481,0.0503074343208496,44.44444444444444,50.57471264367817,66.66666666666666,1,1.5844686300504502,1
1825,Lucas Torró,2025,M,140,La Liga,727,Osasuna,2307.0,34,6.769544468546639,74.62235649546828,0.0,1.0,25.0,8.0,993.0,15.0,38.0,8.0,29.0,286.0,180.0,13.0,9.0,11.0,28.0,40.0,0.0,6,0,0.0,0.0390117035110533,0.975292587776333,0.3120936280884265,38.73862158647594,0.5851755526657997,1.482444733420026,0.3120936280884265,1.131339401820546,11.157347204161248,7.0221066319895975,0.5071521456436932,0.3511053315994799,0.4291287386215864,1.092327698309493,1.5604681404421326,0.0,0.2340702210663199,0.0,32.0,62.93706293706294,69.23076923076923,1,1.6844977489326145,1
1852,Danilo Cataldi,2025,M,135,Serie A,487,Lazio,1993.0,27,6.915353738083291,85.15482695810564,3.0,3.0,20.0,7.0,1098.0,23.0,34.0,9.0,21.0,117.0,64.0,15.0,6.0,12.0,12.0,22.0,0.0,6,0,0.1354741595584546,0.1354741595584546,0.9031610637230306,0.3161063723030607,49.58354239839438,1.0386352232814853,1.5353738083291522,0.4064224786753637,0.9483191169091822,5.283492222779729,2.890115403913698,0.6773707977922729,0.2709483191169092,0.5418966382338184,0.5418966382338184,0.9934771700953337,0.0,0.2709483191169092,0.0,35.0,54.70085470085471,40.0,1,1.753916594115228,0
1904,Boubacar Kamara,2025,M,39,Premier League,66,Aston Villa,1418.0,18,7.1689703808180525,88.26405867970661,1.0,3.0,4.0,4.0,818.0,15.0,37.0,8.0,18.0,204.0,116.0,31.0,14.0,19.0,30.0,17.0,0.0,5,0,0.0634696755994358,0.1904090267983074,0.2538787023977433,0.2538787023977433,51.918194640338506,0.9520451339915372,2.3483779971791257,0.5077574047954866,1.1424541607898449,12.947813822284909,7.362482369534556,1.9675599435825104,0.8885754583921016,1.2059238363892806,1.904090267983075,1.0789844851904091,0.0,0.3173483779971791,0.0,100.0,56.86274509803921,45.16129032258064,1,2.5260228757671577,1
1910,Maxime López,2025,M,61,Ligue 1,114,Paris FC,1960.0,26,6.869846938775511,89.33177022274326,0.0,3.0,8.0,6.0,1706.0,43.0,23.0,3.0,11.0,114.0,42.0,25.0,9.0,15.0,8.0,26.0,5.0,11,0,0.0,0.1377551020408163,0.3673469387755102,0.2755102040816326,78.33673469387755,1.974489795918368,1.056122448979592,0.1377551020408163,0.5051020408163265,5.23469387755102,1.9285714285714288,1.1479591836734695,0.413265306122449,0.6887755102040816,0.3673469387755102,1.193877551020408,0.2295918367346938,0.5051020408163265,0.0,75.0,36.84210526315789,36.0,1,3.751759217100072,0
1914,Morgan Sanson,2025,M,61,Ligue 1,84,Nice,1955.0,33,6.649820971867008,81.4404432132964,0.0,2.0,13.0,4.0,722.0,12.0,36.0,10.0,27.0,224.0,100.0,48.0,24.0,19.0,24.0,39.0,2.0,4,0,0.0,0.0920716112531969,0.59846547314578,0.1841432225063938,33.23785166240409,0.5524296675191817,1.6572890025575446,0.4603580562659847,1.2429667519181586,10.312020460358056,4.603580562659847,2.2097186700767266,1.1048593350383633,0.8746803069053708,1.1048593350383633,1.7953964194373402,0.0920716112531969,0.1841432225063938,0.0,30.76923076923077,44.642857142857146,50.0,1,1.737689115970099,2
1930,Joakim Mæhle,2025,M,78,Bundesliga,161,VfL Wolfsburg,1335.0,18,6.7211394302848575,82.09764918625679,1.0,2.0,10.0,4.0,553.0,15.0,37.0,0.0,21.0,138.0,64.0,38.0,9.0,9.0,7.0,9.0,0.0,3,1,0.0674157303370786,0.1348314606741573,0.6741573033707865,0.2696629213483146,37.28089887640449,1.0112359550561798,2.49438202247191,0.0,1.4157303370786518,9.303370786516853,4.314606741573034,2.561797752808989,0.6067415730337079,0.6067415730337079,0.4719101123595506,0.6067415730337079,0.0,0.2022471910112359,0.0674157303370786,40.0,46.3768115942029,23.684210526315788,1,2.024149681459375,2
1934,Sander Berge,2025,M,39,Premier League,36,Fulham,2911.0,35,6.906286499484714,89.80891719745223,0.0,1.0,8.0,3.0,1727.0,21.0,58.0,16.0,25.0,240.0,132.0,22.0,10.0,11.0,14.0,35.0,1.0,5,0,0.0,0.0309172105805565,0.247337684644452,0.0927516317416695,53.3940226726211,0.6492614221916867,1.7931982136722775,0.4946753692889041,0.7729302645139128,7.420130539333563,4.081071796633459,0.6801786327722432,0.3091721058055651,0.3400893163861216,0.4328409481277911,1.082102370319478,0.0309172105805565,0.1545860529027825,0.0,37.5,55.00000000000001,45.45454545454545,1,1.679514187076925,1
1939,Jakub Piotrowski,2025,M,135,Serie A,494,Udinese,1697.0,33,6.70123747790218,82.09764918625679,1.0,1.0,22.0,9.0,553.0,12.0,45.0,8.0,17.0,199.0,109.0,29.0,13.0,13.0,29.0,29.0,2.0,2,0,0.0530347672362993,0.0530347672362993,1.1667648791985858,0.4773129051266941,29.32822628167354,0.6364172068355922,2.386564525633471,0.4242781378903948,0.901591043017089,10.553918680023571,5.78078962875663,1.538008249852681,0.6894519740718916,0.6894519740718916,1.538008249852681,1.538008249852681,0.1060695344725987,0.1060695344725987,0.0,40.909090909090914,54.77386934673368,44.82758620689656,1,2.0152385911711947,1
2204,Benjamin André,2025,M,61,Ligue 1,79,Lille,2333.0,27,7.13257608229747,83.4149755073478,2.0,2.0,19.0,6.0,1429.0,23.0,66.0,5.0,33.0,361.0,207.0,23.0,14.0,19.0,44.0,35.0,3.0,9,0,0.0771538791255893,0.0771538791255893,0.732961851693099,0.2314616373767681,55.126446635233606,0.8872696099442778,2.546078011144449,0.1928846978139734,1.2730390055722245,13.92627518216888,7.985426489498499,0.8872696099442778,0.5400771538791256,0.732961851693099,1.6973853407629662,1.350192884697814,0.115730818688384,0.3471924560651521,0.0,31.57894736842105,57.340720221606645,60.86956521739131,1,2.6818437593305045,1
2207,Eduardo Camavinga,2025,M,140,La Liga,541,Real Madrid,1532.0,29,7.165055519268453,91.804788213628,1.0,0.0,10.0,2.0,1086.0,15.0,65.0,11.0,14.0,189.0,119.0,20.0,13.0,14.0,31.0,34.0,2.0,2,0,0.0587467362924282,0.0,0.5874673629242819,0.1174934725848564,63.79895561357703,0.881201044386423,3.818537859007833,0.6462140992167102,0.8224543080939948,11.10313315926893,6.990861618798956,1.1749347258485638,0.7637075718015667,0.8224543080939948,1.821148825065274,1.9973890339425584,0.1174934725848564,0.1174934725848564,0.0,20.0,62.96296296296296,65.0,1,3.4794744508896827,1
2279,Ethan Ampadu,2025,M,39,Premier League,63,Leeds,3123.0,35,7.150720461095101,85.55748122472559,1.0,1.0,15.0,6.0,1731.0,20.0,81.0,18.0,50.0,295.0,184.0,17.0,12.0,19.0,36.0,50.0,0.0,10,0,0.0288184438040345,0.0288184438040345,0.4322766570605187,0.1729106628242075,49.88472622478386,0.5763688760806917,2.334293948126801,0.5187319884726225,1.4409221902017293,8.501440922190202,5.302593659942363,0.4899135446685879,0.345821325648415,0.547550432276657,1.037463976945245,1.4409221902017293,0.0,0.2881844380403458,0.0,40.0,62.37288135593221,70.58823529411765,1,1.715183451014752,1
2286,Davide Zappacosta,2025,M,135,Serie A,499,Atalanta,2580.0,35,6.853527131782945,85.05647263249348,3.0,3.0,23.0,9.0,1152.0,42.0,22.0,2.0,20.0,159.0,66.0,57.0,25.0,15.0,8.0,18.0,7.0,3,0,0.1046511627906976,0.1046511627906976,0.8023255813953488,0.313953488372093,40.18604651162791,1.4651162790697674,0.7674418604651163,0.0697674418604651,0.6976744186046512,5.546511627906977,2.302325581395349,1.988372093023256,0.872093023255814,0.5232558139534884,0.2790697674418604,0.627906976744186,0.2441860465116279,0.1046511627906976,0.0,39.130434782608695,41.50943396226416,43.85964912280701,1,2.6950176417622527,2
2360,Dimitrios Giannoulis,2025,M,78,Bundesliga,170,FC Augsburg,1901.0,27,6.969857969489743,71.34146341463415,2.0,5.0,9.0,6.0,656.0,34.0,27.0,11.0,19.0,145.0,78.0,42.0,19.0,9.0,20.0,16.0,4.0,8,0,0.094687006838506,0.2367175170962651,0.4260915307732772,0.2840610205155181,31.05733824302998,1.6096791162546027,1.2782745923198315,0.5207785376117833,0.8995265649658074,6.864807995791689,3.692793266701736,1.988427143608627,0.8995265649658074,0.4260915307732772,0.9468700683850604,0.7574960547080484,0.1893740136770121,0.3787480273540242,0.0,66.66666666666666,53.79310344827586,45.23809523809524,1,1.9791915122908008,2
2476,Guido Rodríguez,2025,M,140,La Liga,532,Valencia,1485.0,22,7.180525606469002,87.21227621483376,4.0,0.0,13.0,5.0,782.0,7.0,42.0,7.0,12.0,192.0,105.0,19.0,10.0,24.0,32.0,23.0,0.0,5,0,0.2424242424242424,0.0,0.7878787878787878,0.303030303030303,47.3939393939394,0.4242424242424242,2.5454545454545454,0.4242424242424242,0.7272727272727273,11.636363636363637,6.363636363636363,1.1515151515151514,0.6060606060606061,1.4545454545454546,1.93939393939394,1.393939393939394,0.0,0.303030303030303,0.0,38.46153846153847,54.6875,52.63157894736842,1,2.3356173237408053,1
2490,Jefferson Lerma,2025,M,39,Premier League,52,Crystal Palace,1731.0,31,6.780809248554913,79.44890929965557,0.0,2.0,14.0,7.0,871.0,14.0,29.0,4.0,25.0,224.0,122.0,7.0,3.0,16.0,25.0,25.0,0.0,7,0,0.0,0.1039861351819757,0.7279029462738301,0.363951473136915,45.28596187175044,0.7279029462738301,1.507798960138648,0.2079722703639514,1.2998266897746968,11.646447140381282,6.34315424610052,0.363951473136915,0.1559792027729636,0.8318890814558059,1.2998266897746968,1.2998266897746968,0.0,0.363951473136915,0.0,50.0,54.46428571428571,42.85714285714285,1,1.8080411394832048,1
2601,Daichi Kamada,2025,M,39,Premier League,52,Crystal Palace,1908.0,28,6.935901467505241,84.0,0.0,0.0,12.0,4.0,825.0,20.0,63.0,1.0,14.0,211.0,116.0,24.0,12.0,24.0,28.0,30.0,1.0,3,0,0.0,0.0,0.5660377358490566,0.1886792452830188,38.91509433962264,0.9433962264150944,2.971698113207548,0.0471698113207547,0.6603773584905661,9.952830188679243,5.471698113207547,1.1320754716981132,0.5660377358490566,1.1320754716981132,1.3207547169811322,1.4150943396226414,0.0471698113207547,0.1415094339622641,0.0,33.33333333333333,54.976303317535546,50.0,1,1.8653181008592337,1
2735,Pierre-Emile Højbjerg,2025,M,61,Ligue 1,81,Marseille,2715.0,32,7.229355432780846,89.77578475336323,4.0,5.0,35.0,14.0,2230.0,42.0,38.0,6.0,27.0,250.0,130.0,31.0,17.0,29.0,45.0,38.0,0.0,4,0,0.1325966850828729,0.1657458563535911,1.160220994475138,0.4640883977900552,73.92265193370166,1.3922651933701655,1.259668508287293,0.1988950276243094,0.8950276243093922,8.287292817679559,4.30939226519337,1.0276243093922652,0.56353591160221,0.9613259668508288,1.4917127071823204,1.259668508287293,0.0,0.1325966850828729,0.0,40.0,52.0,54.83870967741935,1,2.668231510365,0
2749,Jackson Irvine,2025,M,78,Bundesliga,186,FC St. Pauli,1632.0,24,6.752573529411764,71.90684133915575,0.0,1.0,13.0,4.0,687.0,11.0,34.0,8.0,27.0,198.0,103.0,18.0,10.0,10.0,12.0,20.0,1.0,2,1,0.0,0.0551470588235294,0.7169117647058822,0.2205882352941176,37.8860294117647,0.6066176470588236,1.875,0.4411764705882353,1.4889705882352942,10.919117647058824,5.680147058823529,0.9926470588235294,0.5514705882352942,0.5514705882352942,0.6617647058823529,1.1029411764705883,0.0551470588235294,0.1102941176470588,0.0551470588235294,30.76923076923077,52.02020202020202,55.55555555555556,1,1.86003340094562,1
2763,Mario Pašalić,2025,M,135,Serie A,499,Atalanta,1932.0,33,6.936024844720498,88.51640513552069,3.0,4.0,20.0,6.0,1402.0,40.0,25.0,3.0,14.0,159.0,67.0,13.0,7.0,16.0,6.0,22.0,1.0,3,0,0.139751552795031,0.1863354037267081,0.9316770186335404,0.2795031055900621,65.31055900621118,1.8633540372670807,1.1645962732919255,0.139751552795031,0.6521739130434783,7.406832298136647,3.12111801242236,0.6055900621118012,0.3260869565217391,0.7453416149068324,0.2795031055900621,1.0248447204968945,0.046583850931677,0.139751552795031,0.0,30.0,42.138364779874216,53.84615384615385,1,2.7916971493973284,0
2807,Remo Freuler,2025,M,135,Serie A,500,Bologna,2217.0,29,6.955435272891295,87.31454005934718,1.0,2.0,4.0,1.0,1348.0,22.0,55.0,5.0,23.0,170.0,96.0,7.0,2.0,18.0,24.0,19.0,1.0,5,0,0.040595399188092,0.081190798376184,0.162381596752368,0.040595399188092,54.72259810554804,0.8930987821380243,2.232746955345061,0.20297699594046,0.9336941813261164,6.901217861975642,3.8971583220568338,0.2841677943166441,0.081190798376184,0.7307171853856562,0.9742895805142084,0.7713125845737484,0.040595399188092,0.20297699594046,0.0,25.0,56.47058823529412,28.57142857142857,1,1.6115392697318236,1
2823,Saša Lukić,2025,M,39,Premier League,36,Fulham,1734.0,26,6.612745098039215,85.61643835616438,1.0,2.0,13.0,6.0,730.0,28.0,49.0,9.0,18.0,212.0,103.0,11.0,6.0,10.0,25.0,53.0,2.0,9,0,0.0519031141868512,0.1038062283737024,0.6747404844290658,0.3114186851211072,37.88927335640138,1.4532871972318335,2.543252595155709,0.4671280276816609,0.9342560553633218,11.003460207612456,5.346020761245675,0.5709342560553633,0.3114186851211072,0.5190311418685122,1.2975778546712802,2.750865051903114,0.1038062283737024,0.4671280276816609,0.0,46.15384615384615,48.58490566037736,54.54545454545454,1,1.617755023982001,1
2906,Jae-sung Lee,2025,M,78,Bundesliga,164,FSV Mainz 05,2198.0,28,6.717697907188352,77.26597325408619,4.0,2.0,18.0,9.0,673.0,22.0,38.0,1.0,25.0,245.0,108.0,15.0,5.0,23.0,21.0,19.0,9.0,4,0,0.1637852593266606,0.0818926296633303,0.7370336669699727,0.3685168334849864,27.556869881710647,0.9008189262966332,1.5559599636032757,0.0409463148316651,1.0236578707916286,10.031847133757962,4.422202001819836,0.6141947224749772,0.2047315741583257,0.9417652411282984,0.8598726114649681,0.7779799818016379,0.3685168334849864,0.1637852593266606,0.0,50.0,44.08163265306123,33.33333333333333,1,1.5194735445691476,2
2917,Maximilian Eggestein,2025,M,78,Bundesliga,160,SC Freiburg,3060.0,34,6.83235294117647,82.65856950067476,3.0,1.0,24.0,13.0,1482.0,19.0,64.0,15.0,30.0,270.0,154.0,22.0,15.0,13.0,20.0,18.0,1.0,4,0,0.088235294117647,0.0294117647058823,0.7058823529411764,0.3823529411764705,43.588235294117645,0.5588235294117647,1.8823529411764703,0.4411764705882353,0.8823529411764706,7.9411764705882355,4.529411764705882,0.6470588235294117,0.4411764705882353,0.3823529411764705,0.5882352941176471,0.5294117647058824,0.0294117647058823,0.1176470588235294,0.0,54.16666666666666,57.03703703703704,68.18181818181817,1,1.1401210116490197,1
2922,Leander Dendoncker,2025,M,140,La Liga,718,Oviedo,1339.0,19,6.80883233532934,86.25678119349006,1.0,0.0,7.0,4.0,554.0,6.0,36.0,7.0,12.0,123.0,66.0,8.0,4.0,17.0,3.0,12.0,1.0,2,0,0.0672143390589992,0.0,0.4705003734129948,0.268857356235997,37.236743838685584,0.4032860343539955,2.419716206123973,0.4705003734129948,0.806572068707991,8.267363704256908,4.436146377893951,0.5377147124719941,0.268857356235997,1.1426437640029874,0.2016430171769977,0.806572068707991,0.0672143390589992,0.1344286781179985,0.0,57.14285714285714,53.65853658536586,50.0,1,1.955926132078391,1
2926,Youri Tielemans,2025,M,39,Premier League,66,Aston Villa,1862.0,25,7.247153598281418,84.9290780141844,0.0,4.0,17.0,7.0,1128.0,32.0,58.0,14.0,18.0,214.0,129.0,17.0,9.0,23.0,41.0,25.0,1.0,0,0,0.0,0.1933404940923737,0.8216970998925887,0.3383458646616541,54.52201933404941,1.5467239527389902,2.80343716433942,0.6766917293233082,0.8700322234156821,10.343716433941998,6.235230934479056,0.8216970998925887,0.435016111707841,1.1117078410311492,1.981740064446832,1.2083780880773365,0.0483351235230934,0.0,0.0,41.17647058823529,60.280373831775705,52.94117647058824,1,2.3635823278359864,1
2937,Declan Rice,2025,M,39,Premier League,42,Arsenal,3099.0,36,7.474669248144563,87.35955056179775,4.0,5.0,27.0,13.0,2136.0,64.0,70.0,12.0,37.0,241.0,145.0,28.0,14.0,14.0,11.0,26.0,1.0,3,0,0.1161665053242981,0.1452081316553727,0.7841239109390127,0.377541142303969,62.03291384317522,1.8586640851887704,2.032913843175218,0.3484995159728944,1.074540174249758,6.999031945788964,4.211035818005809,0.813165537270087,0.4065827686350435,0.4065827686350435,0.3194578896418199,0.7550822846079381,0.0290416263310745,0.0871248789932236,0.0,48.14814814814815,60.16597510373444,50.0,1,2.254043671097508,0
2938,James Ward-Prowse,2025,M,39,Premier League,44,Burnley,1109.0,18,6.8420198376916135,88.76221498371335,0.0,1.0,2.0,2.0,614.0,23.0,16.0,7.0,20.0,80.0,41.0,7.0,2.0,10.0,13.0,8.0,0.0,1,0,0.0,0.0811541929666366,0.1623083859332732,0.1623083859332732,49.82867448151488,1.866546438232641,1.2984670874661857,0.5680793507664562,1.623083859332732,6.4923354373309285,3.327321911632101,0.5680793507664562,0.1623083859332732,0.8115419296663661,1.055004508566276,0.6492335437330928,0.0,0.0811541929666366,0.0,100.0,51.24999999999999,28.57142857142857,1,2.7366955274265035,0
2990,Idrissa Gana Gueye,2025,M,39,Premier League,45,Everton,2101.0,25,6.935364112327464,87.32394366197182,2.0,3.0,18.0,7.0,1065.0,13.0,43.0,7.0,28.0,168.0,94.0,21.0,7.0,19.0,31.0,21.0,0.0,1,1,0.08567348881485,0.1285102332222751,0.7710613993336507,0.2998572108519752,45.62113279390766,0.5568776772965255,1.8419800095192764,0.2998572108519752,1.199428843407901,7.196573060447405,4.026653974297953,0.8995716325559256,0.2998572108519752,0.8138981437410756,1.3279390766301762,0.8995716325559256,0.0,0.042836744407425,0.042836744407425,38.88888888888889,55.95238095238096,33.33333333333333,1,1.289553016481259,1
3007,Przemysław Frankowski,2025,M,61,Ligue 1,94,Rennes,1215.0,19,7.048352553542009,82.05521472392638,1.0,2.0,6.0,3.0,652.0,31.0,40.0,1.0,8.0,105.0,61.0,7.0,4.0,18.0,10.0,13.0,1.0,5,0,0.074074074074074,0.1481481481481481,0.4444444444444444,0.2222222222222222,48.2962962962963,2.2962962962962963,2.9629629629629632,0.074074074074074,0.5925925925925926,7.777777777777778,4.518518518518518,0.5185185185185186,0.2962962962962963,1.3333333333333337,0.7407407407407408,0.962962962962963,0.074074074074074,0.3703703703703704,0.0,50.0,58.0952380952381,57.14285714285714,1,2.840814732798459,0
3406,Frank Anguissa,2025,M,135,Serie A,492,Napoli,1256.0,18,6.990207006369428,86.5546218487395,4.0,1.0,20.0,9.0,714.0,13.0,18.0,3.0,12.0,158.0,77.0,17.0,9.0,12.0,18.0,18.0,0.0,1,0,0.286624203821656,0.071656050955414,1.4331210191082802,0.6449044585987261,51.16242038216561,0.931528662420382,1.2898089171974525,0.214968152866242,0.8598726114649681,11.321656050955411,5.517515923566879,1.2181528662420382,0.6449044585987261,0.8598726114649681,1.2898089171974525,1.2898089171974525,0.0,0.071656050955414,0.0,45.0,48.734177215189874,52.94117647058824,1,2.114661358311652,0
3608,Kwasi Sibo,2025,M,140,La Liga,718,Oviedo,1689.0,26,6.602072232089994,86.74521354933727,0.0,0.0,6.0,2.0,679.0,3.0,35.0,6.0,15.0,136.0,58.0,5.0,4.0,15.0,4.0,30.0,0.0,3,1,0.0,0.0,0.3197158081705151,0.1065719360568383,36.18117229129663,0.1598579040852575,1.865008880994672,0.3197158081705151,0.7992895204262876,7.24689165186501,3.090586145648313,0.2664298401420959,0.2131438721136767,0.7992895204262876,0.2131438721136767,1.5985790408525753,0.0,0.1598579040852575,0.0532859680284191,33.33333333333333,42.64705882352941,80.0,1,2.282986869222663,1
4399,Hicham Boudaoui,2025,M,61,Ligue 1,84,Nice,1705.0,26,6.848797653958945,83.85714285714285,1.0,2.0,16.0,9.0,700.0,17.0,27.0,9.0,17.0,178.0,95.0,31.0,15.0,14.0,40.0,20.0,2.0,6,0,0.0527859237536656,0.1055718475073313,0.844574780058651,0.4750733137829912,36.95014662756599,0.8973607038123168,1.4252199413489737,0.4750733137829912,0.8973607038123168,9.395894428152491,5.0146627565982405,1.6363636363636362,0.7917888563049854,0.7390029325513197,2.1114369501466275,1.0557184750733135,0.1055718475073313,0.3167155425219941,0.0,56.25,53.37078651685393,48.38709677419355,1,2.026002421725087,1
6002,Exequiel Palacios,2025,M,78,Bundesliga,168,Bayer Leverkusen,1097.0,18,7.293436645396537,90.67005937234946,0.0,1.0,7.0,2.0,1179.0,13.0,21.0,3.0,8.0,86.0,47.0,11.0,4.0,10.0,18.0,6.0,0.0,3,0,0.0,0.0820419325432999,0.5742935278030994,0.1640838650865998,96.7274384685506,1.0665451230628988,1.722880583409298,0.2461257976298997,0.6563354603463992,7.055606198723793,3.855970829535096,0.902461257976299,0.3281677301731996,0.820419325432999,1.4767547857793983,0.4922515952597995,0.0,0.2461257976298997,0.0,28.57142857142857,54.65116279069767,36.36363636363637,1,3.889426328502589,0
6056,Nicolás Domínguez,2025,M,39,Premier League,65,Nottingham Forest,1193.0,27,6.908900083963056,85.23364485981308,1.0,1.0,10.0,5.0,535.0,12.0,56.0,5.0,7.0,156.0,86.0,12.0,6.0,24.0,11.0,16.0,0.0,3,0,0.0754400670578373,0.0754400670578373,0.7544006705783739,0.3772003352891869,40.36043587594301,0.9052808046940486,4.224643755238894,0.3772003352891869,0.5280804694048618,11.768650461022633,6.487845766974015,0.9052808046940486,0.4526404023470243,1.8105616093880967,0.8298407376362111,1.2070410729253982,0.0,0.2263202011735121,0.0,50.0,55.12820512820513,50.0,1,3.756809312928255,1
6409,Nahuel Estévez,2025,M,135,Serie A,523,Parma,1044.0,32,6.849807692307691,78.13084112149534,0.0,1.0,3.0,1.0,536.0,13.0,18.0,4.0,6.0,113.0,63.0,2.0,0.0,9.0,13.0,11.0,0.0,2,0,0.0,0.0862068965517241,0.2586206896551724,0.0862068965517241,46.206896551724135,1.1206896551724137,1.5517241379310345,0.3448275862068965,0.5172413793103449,9.741379310344827,5.431034482758621,0.1724137931034482,0.0,0.7758620689655172,1.1206896551724137,0.9482758620689656,0.0,0.1724137931034482,0.0,33.33333333333333,55.75221238938053,0.0,1,1.70496572650113,2
6716,Alexis Mac Allister,2025,M,39,Premier League,40,Liverpool,2675.0,37,6.743588785046728,86.55988857938719,2.0,4.0,32.0,12.0,1436.0,36.0,53.0,9.0,21.0,250.0,113.0,27.0,11.0,40.0,32.0,35.0,0.0,7,0,0.0672897196261682,0.1345794392523364,1.0766355140186916,0.4037383177570093,48.31401869158879,1.211214953271028,1.783177570093458,0.302803738317757,0.7065420560747664,8.411214953271028,3.801869158878505,0.908411214953271,0.3700934579439252,1.3457943925233646,1.0766355140186916,1.177570093457944,0.0,0.2355140186915888,0.0,37.5,45.2,40.74074074074074,1,1.1054669331437728,0
7328,Nicolas Seiwald,2025,M,78,Bundesliga,173,RB Leipzig,2703.0,33,6.90695523492416,88.9196675900277,0.0,2.0,13.0,7.0,1444.0,15.0,66.0,10.0,56.0,187.0,113.0,11.0,8.0,18.0,6.0,18.0,0.0,2,0,0.0,0.0665926748057713,0.4328523862375139,0.2330743618201997,48.07991120976693,0.4994450610432852,2.197558268590455,0.3329633740288568,1.864594894561598,6.226415094339623,3.762486126526082,0.3662597114317425,0.2663706992230855,0.5993340732519422,0.1997780244173141,0.5993340732519422,0.0,0.0665926748057713,0.0,53.84615384615385,60.42780748663101,72.72727272727273,1,2.9988419352336653,1
8586,Mërgim Vojvoda,2025,M,135,Serie A,895,Como,1599.0,30,6.742490613266583,83.79814077025233,2.0,2.0,16.0,7.0,753.0,29.0,13.0,2.0,14.0,115.0,48.0,21.0,13.0,11.0,12.0,15.0,5.0,2,0,0.1125703564727955,0.1125703564727955,0.900562851782364,0.3939962476547842,42.38273921200751,1.6322701688555346,0.7317073170731708,0.1125703564727955,0.7879924953095685,6.472795497185741,2.701688555347092,1.1819887429643527,0.7317073170731708,0.6191369606003753,0.6754221388367729,0.8442776735459663,0.2814258911819887,0.1125703564727955,0.0,43.75,41.73913043478261,61.90476190476191,1,2.366359283415876,0
8680,Charles Vanhoutte,2025,M,61,Ligue 1,84,Nice,1864.0,27,6.846054750402576,84.30232558139535,0.0,2.0,3.0,1.0,1032.0,15.0,48.0,11.0,20.0,197.0,101.0,16.0,8.0,21.0,8.0,36.0,0.0,6,0,0.0,0.0965665236051502,0.1448497854077253,0.0482832618025751,49.82832618025751,0.7242489270386265,2.3175965665236054,0.5311158798283262,0.965665236051502,9.511802575107296,4.876609442060086,0.7725321888412017,0.3862660944206008,1.0139484978540774,0.3862660944206008,1.738197424892704,0.0,0.2896995708154506,0.0,33.33333333333333,51.26903553299492,50.0,1,1.6525242614234827,1
10077,Luís Henrique,2025,M,135,Serie A,505,Inter,1627.0,30,6.948828606658446,86.82926829268293,1.0,2.0,11.0,7.0,820.0,22.0,20.0,1.0,6.0,61.0,38.0,23.0,13.0,2.0,0.0,5.0,1.0,1,0,0.0553165334972341,0.1106330669944683,0.6084818684695759,0.3872157344806392,45.35955746773202,1.2169637369391515,1.106330669944683,0.0553165334972341,0.331899200983405,3.3743085433312845,2.1020282728948985,1.272280270436386,0.7191149354640444,0.1106330669944683,0.0,0.2765826674861708,0.0553165334972341,0.0553165334972341,0.0,63.63636363636363,62.29508196721312,56.52173913043478,1,3.257463835550772,0
10097,Éderson,2025,M,135,Serie A,499,Atalanta,2235.0,30,7.029082774049217,89.20539730134932,2.0,1.0,21.0,11.0,1334.0,25.0,59.0,7.0,28.0,252.0,135.0,29.0,16.0,19.0,40.0,34.0,2.0,3,0,0.0805369127516778,0.0402684563758389,0.8456375838926173,0.4429530201342282,53.718120805369125,1.0067114093959733,2.375838926174497,0.2818791946308725,1.12751677852349,10.14765100671141,5.436241610738255,1.167785234899329,0.6442953020134229,0.7651006711409396,1.610738255033557,1.3691275167785235,0.0805369127516778,0.1208053691275167,0.0,52.38095238095239,53.57142857142857,55.172413793103445,1,1.5047206151222154,1
10169,Vinícius Souza,2025,M,78,Bundesliga,161,VfL Wolfsburg,1898.0,25,6.95129151291513,81.36986301369863,0.0,0.0,8.0,2.0,730.0,8.0,60.0,9.0,28.0,251.0,152.0,15.0,8.0,10.0,24.0,42.0,0.0,6,0,0.0,0.0,0.3793466807165437,0.0948366701791359,34.61538461538462,0.3793466807165437,2.8451001053740783,0.4267650158061117,1.327713382507903,11.90200210748156,7.20758693361433,0.7112750263435196,0.3793466807165437,0.4741833508956796,1.1380400421496313,1.991570073761855,0.0,0.2845100105374078,0.0,25.0,60.55776892430279,53.333333333333336,1,2.483876660543185,1
13736,Daniel Muñoz,2025,M,39,Premier League,52,Crystal Palace,2403.0,29,6.941032043279234,79.24757281553399,4.0,3.0,20.0,13.0,824.0,28.0,74.0,1.0,26.0,266.0,138.0,15.0,2.0,21.0,18.0,35.0,8.0,7,0,0.149812734082397,0.1123595505617977,0.7490636704119851,0.4868913857677902,30.861423220973784,1.048689138576779,2.7715355805243447,0.0374531835205992,0.9737827715355803,9.9625468164794,5.168539325842697,0.5617977528089887,0.0749063670411985,0.7865168539325843,0.6741573033707865,1.310861423220974,0.299625468164794,0.2621722846441947,0.0,65.0,51.8796992481203,13.333333333333334,1,1.7588877842092434,2
14327,Domagoj Bradarić,2025,M,135,Serie A,504,Hellas Verona,1976.0,29,6.64655870445344,75.89453860640302,0.0,1.0,9.0,6.0,531.0,28.0,30.0,3.0,9.0,108.0,54.0,18.0,7.0,12.0,10.0,8.0,2.0,2,0,0.0,0.0455465587044534,0.4099190283400809,0.2732793522267207,24.18522267206478,1.2753036437246963,1.3663967611336032,0.1366396761133603,0.4099190283400809,4.919028340080972,2.459514170040486,0.8198380566801619,0.3188259109311741,0.5465587044534413,0.4554655870445344,0.3643724696356275,0.0910931174089068,0.0910931174089068,0.0,66.66666666666666,50.0,38.88888888888889,1,2.802793541597689,2
14395,Kristijan Jakić,2025,M,78,Bundesliga,170,FC Augsburg,1653.0,26,6.789413188142771,80.30513176144244,2.0,1.0,13.0,6.0,721.0,13.0,34.0,7.0,16.0,146.0,75.0,14.0,6.0,15.0,17.0,17.0,2.0,5,0,0.1088929219600726,0.0544464609800363,0.7078039927404719,0.3266787658802177,39.25589836660617,0.7078039927404719,1.851179673321234,0.3811252268602541,0.8711433756805809,7.949183303085299,4.083484573502722,0.7622504537205081,0.3266787658802177,0.8166969147005445,0.925589836660617,0.925589836660617,0.1088929219600726,0.2722323049001814,0.0,46.15384615384615,51.36986301369864,42.85714285714285,1,0.8226567865268714,2
15592,Jens Stage,2025,M,78,Bundesliga,162,Werder Bremen,2468.0,29,7.00887358184765,75.27173913043478,10.0,2.0,41.0,21.0,1104.0,26.0,41.0,9.0,18.0,265.0,145.0,25.0,13.0,27.0,30.0,35.0,3.0,5,0,0.3646677471636952,0.072933549432739,1.495137763371151,0.76580226904376,40.25931928687197,0.9481361426256076,1.495137763371151,0.3282009724473257,0.6564019448946515,9.663695299837926,5.287682333873581,0.9116693679092382,0.4740680713128039,0.9846029173419774,1.094003241491086,1.2763371150729337,0.1094003241491086,0.1823338735818476,0.0,51.21951219512195,54.71698113207547,52.0,1,1.905909417845855,2
15673,Ylber Ramadani,2025,M,135,Serie A,867,Lecce,3214.0,37,6.94380833851898,80.42876901798064,1.0,0.0,24.0,5.0,1446.0,19.0,91.0,11.0,46.0,347.0,192.0,27.0,14.0,51.0,59.0,43.0,0.0,10,0,0.0280024891101431,0.0,0.6720597386434349,0.1400124455507156,40.49159925326696,0.5320472930927194,2.5482265090230243,0.3080273802115744,1.2881144990665836,9.716863721219664,5.37647790914748,0.7560672059738643,0.3920348475420038,1.4281269446172993,1.652146857498444,1.2041070317361544,0.0,0.2800248911014312,0.0,20.833333333333336,55.3314121037464,51.85185185185185,1,1.8491732743650824,1
15881,Morten Frendrup,2025,M,135,Serie A,495,Genoa,3089.0,36,6.952541275493688,87.84194528875379,1.0,0.0,7.0,3.0,1316.0,15.0,99.0,12.0,41.0,286.0,173.0,14.0,8.0,24.0,39.0,40.0,0.0,5,0,0.029135642602784,0.0,0.2039494982194885,0.0874069278083522,38.34250566526384,0.4370346390417611,2.884428617675624,0.3496277112334088,1.194561346714147,8.332793784396245,5.040466170281644,0.407898996438977,0.2330851408222725,0.6992554224668177,1.136290061508579,1.165425704111363,0.0,0.1456782130139203,0.0,42.85714285714285,60.48951048951049,57.14285714285714,1,2.133034559436358,1
15908,Mikkel Damsgaard,2025,M,39,Premier League,55,Brentford,2078.0,33,7.0614533205004815,76.34069400630915,4.0,4.0,24.0,11.0,951.0,42.0,57.0,4.0,25.0,269.0,116.0,51.0,18.0,43.0,23.0,19.0,4.0,0,0,0.1732435033686236,0.1732435033686236,1.039461020211742,0.4764196342637151,41.18864292589028,1.8190567853705488,2.468719923002888,0.1732435033686236,1.082771896053898,11.65062560153994,5.024061597690086,2.208854667949952,0.7795957651588065,1.8623676612127045,0.996150144369586,0.8229066410009624,0.1732435033686236,0.0,0.0,45.83333333333333,43.12267657992565,35.294117647058826,1,2.186926712518346,2
15909,Martin Frese,2025,M,135,Serie A,504,Hellas Verona,2412.0,31,6.797553897180761,75.06963788300835,2.0,0.0,18.0,11.0,718.0,31.0,84.0,10.0,29.0,244.0,144.0,8.0,0.0,22.0,20.0,46.0,4.0,8,0,0.0746268656716418,0.0,0.6716417910447761,0.4104477611940298,26.7910447761194,1.156716417910448,3.1343283582089554,0.373134328358209,1.082089552238806,9.1044776119403,5.3731343283582085,0.2985074626865672,0.0,0.8208955223880597,0.746268656716418,1.7164179104477613,0.1492537313432836,0.2985074626865672,0.0,61.11111111111112,59.01639344262295,0.0,1,2.313912194678078,2
18806,Will Hughes,2025,M,39,Premier League,52,Crystal Palace,1577.0,31,6.855076142131979,81.38847858197931,0.0,0.0,10.0,0.0,678.0,21.0,27.0,8.0,15.0,160.0,79.0,18.0,11.0,15.0,25.0,23.0,0.0,7,0,0.0,0.0,0.570703868103995,0.0,38.69372225745086,1.1984781230183892,1.5409004438807865,0.4565630944831959,0.8560558021559924,9.13126188966392,4.508560558021561,1.0272669625871909,0.6277742549143944,0.8560558021559924,1.4267596702599872,1.3126188966391883,0.0,0.3994927076727964,0.0,0.0,49.375,61.11111111111112,1,1.0698331176784643,1
18872,Lewis Cook,2025,M,39,Premier League,35,Bournemouth,905.0,18,7.055038759689923,86.49193548387096,0.0,1.0,2.0,0.0,498.0,11.0,25.0,6.0,24.0,77.0,42.0,4.0,3.0,7.0,5.0,8.0,0.0,1,1,0.0,0.0994475138121547,0.1988950276243094,0.0,49.52486187845304,1.0939226519337018,2.4861878453038675,0.5966850828729282,2.386740331491713,7.657458563535911,4.176795580110498,0.3977900552486188,0.2983425414364641,0.6961325966850829,0.4972375690607734,0.7955801104972376,0.0,0.0994475138121547,0.0994475138121547,0.0,54.54545454545454,75.0,1,3.888894169221997,1
18901,Sean Longstaff,2025,M,39,Premier League,63,Leeds,1046.0,23,7.0392138063279,84.59821428571429,2.0,2.0,13.0,4.0,448.0,25.0,38.0,6.0,12.0,130.0,67.0,7.0,2.0,22.0,17.0,13.0,1.0,2,0,0.1720841300191204,0.1720841300191204,1.118546845124283,0.3441682600382409,38.54684512428299,2.1510516252390057,3.269598470363289,0.5162523900573613,1.032504780114723,11.18546845124283,5.764818355640536,0.6022944550669217,0.1720841300191204,1.892925430210325,1.462715105162524,1.118546845124283,0.0860420650095602,0.1720841300191204,0.0,30.76923076923077,51.53846153846153,28.57142857142857,1,3.0981209247629597,0
18929,Dwight McNeil,2025,M,39,Premier League,45,Everton,1189.0,22,6.703027754415475,81.48148148148148,0.0,1.0,12.0,5.0,324.0,15.0,23.0,3.0,10.0,103.0,44.0,14.0,7.0,12.0,7.0,11.0,2.0,1,0,0.0,0.0756938603868797,0.9083263246425568,0.3784693019343986,24.524810765349034,1.135407905803196,1.740958788898234,0.2270815811606392,0.7569386038687973,7.796467619848612,3.330529857022708,1.0597140454163163,0.5298570227081582,0.9083263246425568,0.5298570227081582,0.8326324642556769,0.1513877207737594,0.0756938603868797,0.0,41.66666666666667,42.71844660194174,50.0,1,1.7746848148065788,2
18970,Pascal Groß,2025,M,39,Premier League,51,Brighton,2254.0,30,7.014995563442768,86.3013698630137,1.0,4.0,16.0,10.0,1533.0,50.0,37.0,4.0,18.0,173.0,79.0,21.0,11.0,20.0,16.0,27.0,4.0,2,0,0.0399290150842945,0.1597160603371783,0.6388642413487134,0.3992901508429459,61.2111801242236,1.9964507542147287,1.4773735581188996,0.1597160603371783,0.7187222715173025,6.907719609582964,3.1543921916592725,0.8385093167701864,0.4392191659272405,0.7985803016858918,0.6388642413487134,1.078083407275954,0.1597160603371783,0.0798580301685891,0.0,62.5,45.664739884393065,52.38095238095239,1,2.355269254119957,0
19030,Matt O'Riley,2025,M,61,Ligue 1,51,Brighton,942.0,21,6.806602768903088,88.13229571984435,2.0,2.0,10.0,5.0,514.0,17.0,23.0,4.0,6.0,83.0,31.0,8.0,2.0,10.0,2.0,17.0,2.0,2,0,0.1910828025477706,0.1910828025477706,0.9554140127388534,0.4777070063694267,49.10828025477707,1.6242038216560508,2.1974522292993632,0.3821656050955413,0.5732484076433121,7.929936305732483,2.961783439490446,0.7643312101910827,0.1910828025477706,0.9554140127388534,0.1910828025477706,1.6242038216560508,0.1910828025477706,0.1910828025477706,0.0,50.0,37.34939759036144,25.0,1,2.0119758618865324,0
19192,Jacob Ramsey,2025,M,39,Premier League,34,Newcastle,1465.0,28,6.722336065573771,89.80169971671388,2.0,3.0,10.0,4.0,706.0,22.0,41.0,4.0,9.0,144.0,79.0,30.0,15.0,13.0,14.0,16.0,2.0,5,1,0.1228668941979522,0.1843003412969283,0.6143344709897611,0.2457337883959044,43.37201365187713,1.3515358361774743,2.5187713310580206,0.2457337883959044,0.552901023890785,8.84641638225256,4.853242320819112,1.8430034129692832,0.9215017064846416,0.7986348122866894,0.8600682593856654,0.9829351535836176,0.1228668941979522,0.3071672354948805,0.0614334470989761,40.0,54.86111111111112,50.0,1,1.5193803867741045,0
19201,Jayden Bogle,2025,M,39,Premier League,63,Leeds,2809.0,34,6.609896760412958,76.2443438914027,1.0,2.0,11.0,4.0,884.0,21.0,66.0,5.0,33.0,303.0,138.0,57.0,19.0,26.0,29.0,39.0,10.0,6,0,0.0320398718405126,0.0640797436810252,0.352438590245639,0.1281594873620505,28.323246707013173,0.6728373086507654,2.1146315414738344,0.1601993592025632,1.0573157707369172,9.70808116767533,4.421502313990744,1.8262726949092205,0.6087575649697402,0.8330366678533286,0.9291562833748666,1.249555001779993,0.3203987184051264,0.1922392310430758,0.0,36.36363636363637,45.54455445544555,33.33333333333333,1,1.5893274377006823,2
19824,Jordan Zemura,2025,M,135,Serie A,494,Udinese,1128.0,17,6.569060283687943,73.57357357357357,0.0,1.0,4.0,1.0,333.0,12.0,31.0,4.0,7.0,141.0,58.0,30.0,9.0,10.0,11.0,26.0,2.0,3,0,0.0,0.0797872340425532,0.3191489361702128,0.0797872340425532,26.56914893617021,0.9574468085106382,2.473404255319149,0.3191489361702128,0.5585106382978724,11.25,4.627659574468085,2.393617021276596,0.7180851063829786,0.797872340425532,0.8776595744680851,2.074468085106383,0.1595744680851064,0.2393617021276595,0.0,25.0,41.13475177304964,30.0,1,2.339016380795465,2
19827,Josh Cullen,2025,M,39,Premier League,44,Burnley,1519.0,18,6.926267281105989,84.06466512702079,2.0,2.0,7.0,6.0,866.0,13.0,31.0,11.0,22.0,121.0,66.0,6.0,2.0,12.0,18.0,16.0,0.0,2,0,0.1184990125082291,0.1184990125082291,0.4147465437788018,0.3554970375246873,51.3100724160632,0.7702435813034891,1.8367346938775508,0.65174456879526,1.30348913759052,7.169190256747861,3.91046741277156,0.3554970375246873,0.1184990125082291,0.7109940750493746,1.066491112574062,0.9479921000658328,0.0,0.1184990125082291,0.0,85.71428571428571,54.54545454545454,33.33333333333333,1,1.471990305297721,1
20525,Matthieu Udol,2025,M,61,Ligue 1,116,Lens,3003.0,34,7.027639027639028,83.46153846153847,1.0,7.0,38.0,17.0,1300.0,56.0,51.0,8.0,51.0,269.0,128.0,41.0,15.0,23.0,27.0,30.0,2.0,2,0,0.0299700299700299,0.2097902097902098,1.138861138861139,0.5094905094905094,38.96103896103896,1.6783216783216783,1.5284715284715285,0.2397602397602397,1.5284715284715285,8.061938061938063,3.836163836163836,1.228771228771229,0.4495504495504495,0.6893106893106893,0.8091908091908093,0.8991008991008991,0.0599400599400599,0.0599400599400599,0.0,44.73684210526316,47.58364312267658,36.58536585365854,1,2.1343521300313304,0
20529,Gauthier Hein,2025,M,61,Ligue 1,112,Metz,2354.0,29,7.022939677145285,89.82578397212544,8.0,7.0,26.0,13.0,1435.0,58.0,18.0,2.0,8.0,148.0,51.0,22.0,9.0,21.0,17.0,15.0,4.0,3,1,0.3058623619371283,0.2676295666949873,0.9940526762956668,0.4970263381478334,54.86406117247239,2.21750212404418,0.6881903143585387,0.076465590484282,0.3058623619371283,5.658453695836873,1.9498725573491928,0.8411214953271028,0.3440951571792693,0.8028887000849617,0.6499575191163975,0.5734919286321155,0.1529311809685641,0.1146983857264231,0.038232795242141,50.0,34.45945945945946,40.909090909090914,1,3.5261898043700035,0
20554,Haris Belkebla,2025,M,61,Ligue 1,77,Angers,2880.0,33,6.76875,87.27272727272727,0.0,0.0,3.0,0.0,1265.0,16.0,72.0,8.0,32.0,266.0,162.0,34.0,18.0,30.0,54.0,24.0,0.0,7,0,0.0,0.0,0.09375,0.0,39.53125,0.5,2.25,0.25,1.0,8.3125,5.0625,1.0625,0.5625,0.9375,1.6875,0.75,0.0,0.21875,0.0,0.0,60.90225563909775,52.94117647058824,1,1.8309643544620184,1
20558,Hugo Magnetti,2025,M,61,Ligue 1,106,Stade Brestois 29,2697.0,33,6.837597330367075,84.21052631578947,1.0,1.0,13.0,5.0,1121.0,18.0,70.0,3.0,45.0,227.0,133.0,27.0,17.0,33.0,33.0,31.0,0.0,5,0,0.0333704115684093,0.0333704115684093,0.4338153503893215,0.1668520578420467,37.40823136818688,0.6006674082313682,2.335928809788654,0.100111234705228,1.5016685205784204,7.575083426028922,4.438264738598443,0.9010011123470524,0.5672969966629589,1.1012235817575085,1.1012235817575085,1.0344827586206895,0.0,0.1668520578420467,0.0,38.46153846153847,58.590308370044056,62.96296296296296,1,1.8261983720208577,1
20638,Enzo Le Fée,2025,M,39,Premier League,746,Sunderland,2944.0,36,6.956555706521739,81.40161725067385,5.0,6.0,24.0,12.0,1113.0,53.0,89.0,12.0,29.0,342.0,157.0,46.0,13.0,39.0,37.0,31.0,4.0,5,0,0.1528532608695652,0.1834239130434782,0.733695652173913,0.3668478260869565,34.02513586956522,1.6202445652173914,2.7207880434782608,0.3668478260869565,0.8865489130434783,10.455163043478262,4.799592391304348,1.40625,0.3974184782608695,1.1922554347826086,1.1311141304347827,0.9476902173913044,0.1222826086956521,0.1528532608695652,0.0,50.0,45.90643274853801,28.26086956521739,1,1.817200910678558,2
20692,Himad Abdelli,2025,M,61,Ligue 1,81,Marseille,1096.0,21,6.996438356164385,87.58815232722144,2.0,0.0,11.0,6.0,709.0,9.0,24.0,3.0,16.0,119.0,60.0,33.0,15.0,7.0,12.0,19.0,1.0,2,0,0.1642335766423357,0.0,0.9032846715328468,0.4927007299270073,58.22080291970803,0.739051094890511,1.9708029197080288,0.2463503649635036,1.313868613138686,9.77189781021898,4.927007299270073,2.70985401459854,1.2317518248175183,0.5748175182481752,0.9854014598540146,1.5602189781021898,0.0821167883211678,0.1642335766423357,0.0,54.54545454545454,50.42016806722689,45.45454545454545,1,1.9418171392224723,1
20696,Pape Gueye,2025,M,140,La Liga,533,Villarreal,2143.0,30,7.172795146990201,80.63021316033364,5.0,2.0,37.0,13.0,1079.0,25.0,40.0,9.0,34.0,228.0,133.0,29.0,15.0,8.0,54.0,35.0,2.0,8,0,0.2099860009332711,0.0839944003733084,1.5538964069062062,0.5459636024265049,45.31497900139991,1.0499300046663556,1.6798880074661688,0.377974801679888,1.4279048063462436,9.575361642557162,5.585627624825012,1.2179188054129724,0.6299580027998134,0.3359776014932338,2.267848810079328,1.4699020065328978,0.0839944003733084,0.3359776014932338,0.0,35.13513513513514,58.333333333333336,51.72413793103448,1,2.83376618282248,1
20704,Alimami Gory,2025,M,61,Ligue 1,114,Paris FC,988.0,24,6.631477732793522,82.35294117647058,5.0,1.0,14.0,6.0,221.0,6.0,19.0,1.0,8.0,97.0,47.0,13.0,4.0,9.0,16.0,11.0,8.0,3,0,0.4554655870445344,0.0910931174089068,1.2753036437246963,0.5465587044534413,20.13157894736842,0.5465587044534413,1.7307692307692308,0.0910931174089068,0.728744939271255,8.836032388663968,4.281376518218623,1.1842105263157894,0.3643724696356275,0.8198380566801619,1.45748987854251,1.0020242914979756,0.728744939271255,0.2732793522267207,0.0,42.85714285714285,48.45360824742268,30.76923076923077,1,2.383250912795651,2
20917,Laurent Abergel,2025,M,61,Ligue 1,97,Lorient,2324.0,28,6.920826161790017,88.11524609843937,1.0,0.0,13.0,5.0,1666.0,16.0,35.0,4.0,27.0,176.0,88.0,24.0,9.0,29.0,27.0,24.0,1.0,7,0,0.0387263339070568,0.0,0.5034423407917383,0.1936316695352839,64.51807228915663,0.6196213425129088,1.355421686746988,0.1549053356282272,1.0456110154905336,6.815834767641997,3.4079173838209984,0.9294320137693632,0.3485370051635112,1.123063683304647,1.0456110154905336,0.9294320137693632,0.0387263339070568,0.2710843373493976,0.0,38.46153846153847,50.0,37.5,1,1.9890055037027872,1
21004,Lucien Agoumé,2025,M,140,La Liga,536,Sevilla,2693.0,34,6.834274043817304,81.02918586789555,1.0,3.0,9.0,2.0,1302.0,29.0,70.0,5.0,48.0,298.0,151.0,22.0,11.0,18.0,16.0,58.0,8.0,11,0,0.0334199777200148,0.1002599331600445,0.3007797994801336,0.0668399554400297,43.51281099145934,0.9691793538804306,2.33939844040104,0.1670998886000742,1.604158930560713,9.959153360564423,5.046416635722243,0.7352395098403267,0.3676197549201633,0.6015595989602673,0.5347196435202376,1.9383587077608613,0.2673598217601188,0.3676197549201633,0.0,22.22222222222222,50.67114093959732,50.0,1,2.058321424950509,1
21010,Elisha Owusu,2025,M,61,Ligue 1,108,Auxerre,2353.0,29,6.812919677008074,81.04046242774567,0.0,0.0,4.0,0.0,865.0,12.0,69.0,9.0,26.0,219.0,114.0,13.0,10.0,20.0,22.0,49.0,0.0,7,0,0.0,0.0,0.1529961750956226,0.0,33.08542286442839,0.4589885252868678,2.63918402039949,0.3442413939651508,0.9944751381215468,8.376540586485337,4.360390990225245,0.4972375690607734,0.3824904377390565,0.764980875478113,0.8414789630259244,1.874203144921377,0.0,0.2677433064173395,0.0,0.0,52.05479452054794,76.92307692307693,1,1.9572559316159763,1
21087,Batista Mendy,2025,M,140,La Liga,536,Sevilla,1624.0,27,6.699876695437732,86.52373660030628,1.0,0.0,10.0,5.0,653.0,9.0,35.0,5.0,18.0,175.0,87.0,17.0,10.0,15.0,27.0,37.0,0.0,6,0,0.0554187192118226,0.0,0.5541871921182266,0.2770935960591133,36.1884236453202,0.4987684729064039,1.9396551724137927,0.2770935960591133,0.997536945812808,9.698275862068964,4.821428571428571,0.9421182266009852,0.5541871921182266,0.83128078817734,1.496305418719212,2.0504926108374386,0.0,0.3325123152709359,0.0,50.0,49.71428571428572,58.82352941176471,1,1.3724502234525735,1
21102,Valentin Rongier,2025,M,61,Ligue 1,94,Rennes,2745.0,31,7.242622950819672,89.128305582762,2.0,5.0,16.0,10.0,2042.0,44.0,74.0,10.0,39.0,283.0,150.0,34.0,19.0,29.0,26.0,48.0,0.0,6,0,0.0655737704918032,0.1639344262295081,0.5245901639344263,0.3278688524590163,66.95081967213115,1.4426229508196722,2.4262295081967213,0.3278688524590163,1.278688524590164,9.278688524590164,4.918032786885246,1.1147540983606556,0.6229508196721312,0.9508196721311476,0.8524590163934426,1.5737704918032789,0.0,0.1967213114754098,0.0,62.5,53.003533568904594,55.88235294117647,1,2.0636185975304406,1
21568,Ruben Aguilar,2025,M,61,Ligue 1,116,Lens,1736.0,26,7.041647465437789,84.375,2.0,2.0,10.0,3.0,864.0,26.0,38.0,11.0,28.0,132.0,73.0,14.0,7.0,14.0,12.0,26.0,5.0,6,1,0.1036866359447004,0.1036866359447004,0.5184331797235023,0.1555299539170507,44.7926267281106,1.347926267281106,1.9700460829493087,0.5702764976958525,1.4516129032258065,6.84331797235023,3.784562211981567,0.7258064516129032,0.3629032258064516,0.7258064516129032,0.6221198156682028,1.347926267281106,0.2592165898617511,0.3110599078341014,0.0518433179723502,30.0,55.3030303030303,50.0,1,1.6780516882447325,1
21587,Ellyes Skhiri,2025,M,78,Bundesliga,169,Eintracht Frankfurt,1450.0,25,6.762965517241379,88.02197802197801,0.0,0.0,6.0,0.0,910.0,7.0,20.0,6.0,26.0,124.0,64.0,12.0,7.0,11.0,13.0,11.0,0.0,3,1,0.0,0.0,0.3724137931034483,0.0,56.48275862068966,0.4344827586206897,1.2413793103448276,0.3724137931034483,1.6137931034482758,7.69655172413793,3.972413793103448,0.7448275862068966,0.4344827586206897,0.6827586206896552,0.8068965517241379,0.6827586206896552,0.0,0.1862068965517241,0.0620689655172413,0.0,51.61290322580645,58.333333333333336,1,2.468899502809613,1
21640,Jessy Deminguet,2025,M,61,Ligue 1,112,Metz,2021.0,31,6.764356435643564,89.1179839633448,2.0,0.0,13.0,7.0,873.0,4.0,44.0,2.0,22.0,200.0,97.0,21.0,10.0,17.0,32.0,28.0,0.0,4,0,0.0890648193963384,0.0,0.5789213260761998,0.3117268678871845,38.87679366650173,0.1781296387926769,1.9594260267194457,0.0890648193963384,0.9797130133597228,8.906481939633846,4.319643740722415,0.9351806036615538,0.4453240969816922,0.7570509648688768,1.4250371103414152,1.2469074715487385,0.0,0.1781296387926769,0.0,53.84615384615385,48.5,47.61904761904761,1,1.606433010428625,1
22007,Hassane Kamara,2025,M,135,Serie A,494,Udinese,1869.0,26,6.848100588550027,81.74386920980926,0.0,2.0,13.0,5.0,734.0,24.0,31.0,3.0,23.0,135.0,77.0,32.0,17.0,8.0,11.0,16.0,0.0,5,0,0.0,0.0963081861958266,0.6260032102728732,0.2407704654895666,35.34510433386838,1.1556982343499198,1.492776886035313,0.1444622792937399,1.1075441412520064,6.500802568218299,3.7078651685393256,1.5409309791332262,0.8186195826645264,0.3852327447833065,0.5296950240770465,0.7704654895666131,0.0,0.2407704654895666,0.0,38.46153846153847,57.03703703703704,53.125,1,1.5484998338160636,2
22147,Manu Koné,2025,M,135,Serie A,497,AS Roma,2459.0,29,7.054941032940221,90.43795620437956,2.0,3.0,12.0,5.0,1370.0,25.0,49.0,3.0,18.0,307.0,155.0,47.0,29.0,28.0,53.0,47.0,2.0,2,0,0.0732004880032533,0.10980073200488,0.4392029280195201,0.1830012200081333,50.14233428222855,0.9150061000406668,1.793411956079707,0.10980073200488,0.6588043920292802,11.236274908499391,5.673037820252135,1.7202114680764538,1.0614070760471737,1.024806832045547,1.9398129320862136,1.7202114680764538,0.0732004880032533,0.0732004880032533,0.0,41.66666666666667,50.4885993485342,61.70212765957447,1,2.033168439266336,1
22149,Ibrahim Sangaré,2025,M,39,Premier League,65,Nottingham Forest,2080.0,28,6.97893217893218,86.82008368200836,2.0,2.0,14.0,5.0,956.0,12.0,59.0,19.0,25.0,230.0,111.0,23.0,11.0,24.0,18.0,42.0,0.0,5,0,0.0865384615384615,0.0865384615384615,0.6057692307692308,0.2163461538461538,41.36538461538461,0.5192307692307693,2.5528846153846154,0.8221153846153847,1.0817307692307694,9.951923076923077,4.802884615384615,0.9951923076923076,0.4759615384615385,1.0384615384615383,0.7788461538461539,1.8173076923076923,0.0,0.2163461538461538,0.0,35.714285714285715,48.26086956521739,47.82608695652174,1,1.4215978145886463,1
22170,Pierre Lees Melou,2025,M,61,Ligue 1,114,Paris FC,1966.0,24,6.964292980671414,82.72816486751718,1.0,3.0,20.0,6.0,1019.0,19.0,65.0,8.0,23.0,214.0,115.0,23.0,10.0,38.0,29.0,30.0,0.0,7,1,0.0457782299084435,0.1373346897253306,0.9155645981688708,0.2746693794506612,46.64801627670397,0.8697863682604272,2.97558494404883,0.3662258392675483,1.0528992878942014,9.796541200406915,5.264496439471007,1.0528992878942014,0.4577822990844354,1.7395727365208544,1.3275686673448626,1.3733468972533065,0.0,0.3204476093591047,0.0457782299084435,30.0,53.73831775700935,43.47826086956522,1,1.7569620676802145,1
22222,Zeki Çelik,2025,M,135,Serie A,497,AS Roma,2730.0,34,6.855311355311355,85.2264291017075,1.0,2.0,14.0,4.0,1347.0,28.0,64.0,6.0,22.0,249.0,125.0,36.0,8.0,23.0,18.0,35.0,3.0,2,1,0.0329670329670329,0.0659340659340659,0.4615384615384615,0.1318681318681318,44.40659340659341,0.9230769230769232,2.10989010989011,0.1978021978021978,0.7252747252747254,8.208791208791208,4.12087912087912,1.1868131868131868,0.2637362637362637,0.7582417582417582,0.5934065934065934,1.1538461538461535,0.0989010989010989,0.0659340659340659,0.0329670329670329,28.57142857142857,50.20080321285141,22.22222222222222,1,0.9970683094842157,2
22239,Cheikh Niasse,2025,M,135,Serie A,504,Hellas Verona,983.0,20,6.601119023397763,81.16343490304709,0.0,1.0,5.0,1.0,361.0,11.0,21.0,5.0,14.0,128.0,61.0,6.0,4.0,10.0,15.0,20.0,2.0,1,0,0.0,0.091556459816887,0.4577822990844354,0.091556459816887,33.05188199389624,1.007121057985758,1.9226856561546288,0.4577822990844354,1.281790437436419,11.719226856561546,5.584944048830112,0.5493387589013224,0.3662258392675483,0.9155645981688708,1.3733468972533065,1.8311291963377416,0.1831129196337741,0.091556459816887,0.0,20.0,47.65625,66.66666666666666,1,1.8191965150641487,1
22254,Youssouf Fofana,2025,M,135,Serie A,489,AC Milan,2217.0,33,6.609201623815967,82.68991282689913,2.0,3.0,36.0,18.0,803.0,36.0,41.0,4.0,19.0,192.0,80.0,38.0,13.0,20.0,16.0,21.0,0.0,4,0,0.081190798376184,0.121786197564276,1.4614343707713124,0.7307171853856562,32.598105548037886,1.4614343707713124,1.6644113667117728,0.162381596752368,0.7713125845737484,7.7943166441136675,3.247631935047361,1.5426251691474968,0.5277401894451962,0.8119079837618403,0.6495263870094723,0.8525033829499323,0.0,0.162381596752368,0.0,50.0,41.66666666666667,34.21052631578947,1,2.05416542115006,2
23363,Noah Cadiou,2025,M,61,Ligue 1,97,Lorient,1881.0,28,7.007017543859649,87.7147766323024,3.0,1.0,16.0,9.0,1164.0,11.0,24.0,13.0,23.0,153.0,68.0,26.0,13.0,14.0,13.0,27.0,0.0,2,0,0.1435406698564593,0.0478468899521531,0.7655502392344499,0.4306220095693779,55.69377990430623,0.5263157894736842,1.1483253588516746,0.6220095693779905,1.1004784688995215,7.320574162679425,3.253588516746412,1.244019138755981,0.6220095693779905,0.6698564593301435,0.6220095693779905,1.291866028708134,0.0,0.0956937799043062,0.0,56.25,44.44444444444444,50.0,1,1.8810870080593736,2
24147,Mahdi Camara,2025,M,61,Ligue 1,94,Rennes,2660.0,32,6.781842105263157,88.57630008525149,3.0,1.0,23.0,12.0,1173.0,23.0,62.0,9.0,32.0,272.0,140.0,62.0,25.0,18.0,28.0,39.0,4.0,5,1,0.1015037593984962,0.0338345864661654,0.7781954887218046,0.406015037593985,39.68796992481203,0.7781954887218046,2.097744360902256,0.3045112781954887,1.0827067669172934,9.203007518796992,4.7368421052631575,2.097744360902256,0.8458646616541353,0.6090225563909775,0.9473684210526316,1.3195488721804511,0.1353383458646616,0.169172932330827,0.0338345864661654,52.17391304347826,51.47058823529412,40.32258064516129,1,1.0246440609434866,1
24845,Julian Ryerson,2025,M,78,Bundesliga,165,Borussia Dortmund,2272.0,31,7.159709379128137,82.57993384785006,0.0,15.0,6.0,1.0,907.0,56.0,34.0,4.0,14.0,231.0,89.0,67.0,24.0,29.0,21.0,26.0,4.0,8,0,0.0,0.5941901408450704,0.2376760563380281,0.039612676056338,35.92869718309859,2.218309859154929,1.3468309859154928,0.1584507042253521,0.5545774647887324,9.150528169014084,3.525528169014085,2.654049295774648,0.9507042253521126,1.1487676056338028,0.8318661971830986,1.0299295774647887,0.1584507042253521,0.3169014084507042,0.0,16.666666666666664,38.52813852813853,35.82089552238806,1,2.8226552724946794,0
24848,Christopher Trimmel,2025,M,78,Bundesliga,182,Union Berlin,1875.0,29,7.067626666666667,68.04123711340206,0.0,3.0,2.0,1.0,679.0,53.0,38.0,9.0,11.0,119.0,63.0,6.0,1.0,11.0,9.0,27.0,0.0,8,0,0.0,0.144,0.096,0.048,32.592,2.544,1.824,0.4319999999999999,0.528,5.712000000000001,3.024,0.288,0.048,0.528,0.4319999999999999,1.296,0.0,0.384,0.0,50.0,52.94117647058824,16.666666666666664,1,3.40326771270984,2
24854,Grischa Prömel,2025,M,78,Bundesliga,167,1899 Hoffenheim,1752.0,33,6.914448886350657,82.00431034482759,7.0,2.0,34.0,14.0,928.0,16.0,36.0,5.0,16.0,190.0,97.0,15.0,6.0,11.0,28.0,23.0,1.0,5,0,0.3595890410958904,0.1027397260273972,1.7465753424657533,0.7191780821917808,47.67123287671232,0.821917808219178,1.8493150684931503,0.2568493150684931,0.821917808219178,9.76027397260274,4.982876712328767,0.7705479452054794,0.3082191780821918,0.5650684931506849,1.4383561643835616,1.1815068493150684,0.0513698630136986,0.2568493150684931,0.0,41.17647058823529,51.05263157894737,40.0,1,2.231680472004993,0
24880,Bakery Jatta,2025,M,78,Bundesliga,175,Hamburger SV,918.0,15,6.651960784313726,81.61434977578476,1.0,1.0,10.0,4.0,223.0,4.0,15.0,4.0,9.0,81.0,29.0,9.0,3.0,9.0,5.0,13.0,2.0,1,0,0.0980392156862745,0.0980392156862745,0.9803921568627452,0.3921568627450981,21.862745098039216,0.3921568627450981,1.4705882352941178,0.3921568627450981,0.8823529411764706,7.9411764705882355,2.843137254901961,0.8823529411764706,0.2941176470588235,0.8823529411764706,0.4901960784313726,1.2745098039215683,0.196078431372549,0.0980392156862745,0.0,40.0,35.80246913580247,33.33333333333333,1,2.2837004371701624,2
24904,Niklas Dorsch,2025,M,78,Bundesliga,180,1. FC Heidenheim,2270.0,32,6.938722466960352,88.79837067209776,0.0,1.0,9.0,3.0,982.0,24.0,59.0,6.0,20.0,191.0,112.0,24.0,12.0,18.0,27.0,30.0,1.0,2,0,0.0,0.039647577092511,0.3568281938325991,0.118942731277533,38.93392070484582,0.9515418502202644,2.33920704845815,0.237885462555066,0.7929515418502203,7.572687224669604,4.440528634361233,0.9515418502202644,0.4757709251101321,0.7136563876651982,1.0704845814977977,1.1894273127753303,0.039647577092511,0.079295154185022,0.0,33.33333333333333,58.63874345549738,50.0,1,1.1064213299885326,1
24963,Atakan Karazor,2025,M,78,Bundesliga,172,VfB Stuttgart,1898.0,28,6.819261213720317,85.0091407678245,0.0,1.0,5.0,2.0,1094.0,12.0,42.0,7.0,16.0,208.0,136.0,14.0,8.0,9.0,34.0,20.0,1.0,5,1,0.0,0.0474183350895679,0.2370916754478398,0.0948366701791359,51.87565858798735,0.5690200210748156,1.991570073761855,0.3319283456269757,0.7586933614330874,9.863013698630136,6.448893572181244,0.6638566912539515,0.3793466807165437,0.4267650158061117,1.612223393045311,0.9483667017913592,0.0474183350895679,0.2370916754478398,0.0474183350895679,40.0,65.38461538461539,57.14285714285714,1,1.714019061162128,1
25008,Jonathan Clauss,2025,M,61,Ligue 1,84,Nice,2710.0,32,7.01760147601476,80.27210884353741,2.0,6.0,18.0,7.0,1323.0,70.0,67.0,6.0,48.0,227.0,122.0,46.0,27.0,33.0,18.0,22.0,1.0,0,0,0.066420664206642,0.1992619926199262,0.5977859778597786,0.2324723247232472,43.93726937269373,2.3247232472324724,2.225092250922509,0.1992619926199262,1.5940959409594095,7.538745387453875,4.051660516605166,1.5276752767527677,0.896678966789668,1.095940959409594,0.5977859778597786,0.7306273062730627,0.033210332103321,0.0,0.0,38.88888888888889,53.74449339207048,58.69565217391305,1,2.788483593781267,0
25073,Vitaly Janelt,2025,M,39,Premier League,55,Brentford,1449.0,25,7.165976535541753,87.25247524752476,1.0,4.0,9.0,3.0,808.0,21.0,27.0,8.0,30.0,132.0,66.0,11.0,5.0,20.0,13.0,20.0,0.0,8,0,0.062111801242236,0.2484472049689441,0.5590062111801242,0.1863354037267081,50.1863354037267,1.3043478260869563,1.6770186335403727,0.4968944099378882,1.8633540372670807,8.198757763975156,4.099378881987578,0.6832298136645963,0.3105590062111801,1.2422360248447204,0.8074534161490683,1.2422360248447204,0.0,0.4968944099378882,0.0,33.33333333333333,50.0,45.45454545454545,1,2.4200324062767047,0
25300,Rani Khedira,2025,M,78,Bundesliga,182,Union Berlin,2835.0,32,6.672804232804233,66.61585365853658,5.0,1.0,15.0,10.0,656.0,16.0,59.0,5.0,37.0,249.0,117.0,13.0,3.0,18.0,18.0,52.0,2.0,7,0,0.1587301587301587,0.0317460317460317,0.4761904761904761,0.3174603174603174,20.825396825396822,0.507936507936508,1.8730158730158728,0.1587301587301587,1.1746031746031746,7.904761904761904,3.7142857142857135,0.4126984126984127,0.0952380952380952,0.5714285714285714,0.5714285714285714,1.650793650793651,0.0634920634920635,0.2222222222222222,0.0,66.66666666666666,46.98795180722892,23.07692307692308,1,2.1849631615371665,2
25353,Valentino Lazaro,2025,M,135,Serie A,503,Torino,2263.0,31,6.808528501988511,79.38388625592417,0.0,2.0,5.0,2.0,844.0,31.0,47.0,8.0,22.0,180.0,82.0,25.0,11.0,21.0,9.0,37.0,1.0,4,0,0.0,0.0795404330534688,0.1988510826336721,0.0795404330534688,33.56606274856385,1.2328767123287672,1.8692001767565176,0.3181617322138754,0.8749447635881573,7.158638974812196,3.2611577551922224,0.9942554131683606,0.4374723817940786,0.8351745470614229,0.3579319487406098,1.4714980114891736,0.0397702165267344,0.1590808661069377,0.0,40.0,45.55555555555556,44.0,1,1.6899407563254818,2
25400,Yannick Gerhardt,2025,M,78,Bundesliga,161,VfL Wolfsburg,1143.0,20,6.606315789473685,81.85483870967742,1.0,0.0,8.0,2.0,496.0,8.0,15.0,10.0,9.0,132.0,53.0,12.0,2.0,7.0,16.0,22.0,1.0,1,0,0.0787401574803149,0.0,0.6299212598425197,0.1574803149606299,39.055118110236215,0.6299212598425197,1.1811023622047243,0.7874015748031497,0.7086614173228346,10.393700787401574,4.173228346456693,0.9448818897637796,0.1574803149606299,0.5511811023622047,1.2598425196850394,1.732283464566929,0.0787401574803149,0.0787401574803149,0.0,25.0,40.15151515151515,16.666666666666664,1,1.6890070708872007,2
25408,Maximilian Arnold,2025,M,78,Bundesliga,161,VfL Wolfsburg,1860.0,25,7.166182795698925,84.7424684159378,1.0,4.0,9.0,5.0,1029.0,29.0,22.0,12.0,24.0,116.0,64.0,8.0,5.0,14.0,26.0,17.0,0.0,5,0,0.0483870967741935,0.1935483870967742,0.4354838709677419,0.2419354838709677,49.79032258064516,1.4032258064516128,1.064516129032258,0.5806451612903226,1.1612903225806452,5.612903225806451,3.096774193548387,0.3870967741935484,0.2419354838709677,0.6774193548387097,1.2580645161290325,0.8225806451612904,0.0,0.2419354838709677,0.0,55.55555555555556,55.172413793103445,62.5,1,2.149272987892256,0
25413,Elvis Rexhbeçaj,2025,M,78,Bundesliga,170,FC Augsburg,1120.0,26,6.580267857142857,77.33990147783251,2.0,0.0,8.0,5.0,406.0,9.0,18.0,1.0,5.0,113.0,51.0,8.0,5.0,13.0,16.0,13.0,1.0,4,0,0.1607142857142857,0.0,0.6428571428571428,0.4017857142857142,32.625,0.7232142857142856,1.4464285714285712,0.0803571428571428,0.4017857142857142,9.080357142857142,4.098214285714286,0.6428571428571428,0.4017857142857142,1.0446428571428572,1.2857142857142856,1.0446428571428572,0.0803571428571428,0.3214285714285714,0.0,62.5,45.13274336283185,62.5,1,1.9288263615921024,2
25461,Kevin Stöger,2025,M,78,Bundesliga,163,Borussia Mönchengladbach,1341.0,29,6.834477611940298,82.66832917705736,1.0,1.0,18.0,7.0,802.0,26.0,37.0,2.0,14.0,147.0,71.0,14.0,3.0,17.0,29.0,23.0,0.0,3,0,0.0671140939597315,0.0671140939597315,1.2080536912751678,0.4697986577181208,53.8255033557047,1.74496644295302,2.483221476510068,0.1342281879194631,0.9395973154362416,9.865771812080537,4.76510067114094,0.9395973154362416,0.2013422818791946,1.140939597315436,1.9463087248322144,1.5436241610738255,0.0,0.2013422818791946,0.0,38.88888888888889,48.29931972789115,21.428571428571427,1,2.3813982388194224,1
25638,Florian Neuhaus,2025,M,78,Bundesliga,163,Borussia Mönchengladbach,939.0,17,6.753354632587859,79.8780487804878,0.0,1.0,12.0,6.0,492.0,9.0,12.0,4.0,9.0,74.0,29.0,12.0,6.0,11.0,9.0,9.0,0.0,0,0,0.0,0.0958466453674121,1.1501597444089455,0.5750798722044728,47.15654952076677,0.8626198083067093,1.1501597444089455,0.3833865814696486,0.8626198083067093,7.092651757188499,2.779552715654952,1.1501597444089455,0.5750798722044728,1.0543130990415337,0.8626198083067093,0.8626198083067093,0.0,0.0,0.0,50.0,39.18918918918919,50.0,1,1.677576355142843,2
25914,Aarón Martín,2025,M,135,Serie A,495,Genoa,2185.0,33,6.995183486238532,78.94021739130434,1.0,5.0,5.0,4.0,737.0,62.0,43.0,11.0,10.0,176.0,92.0,26.0,13.0,7.0,27.0,31.0,0.0,1,0,0.0411899313501144,0.205949656750572,0.205949656750572,0.1647597254004576,30.356979405034327,2.553775743707094,1.77116704805492,0.4530892448512585,0.4118993135011441,7.249427917620137,3.789473684210526,1.0709382151029747,0.5354691075514874,0.2883295194508009,1.1121281464530892,1.276887871853547,0.0,0.0411899313501144,0.0,80.0,52.27272727272727,50.0,1,3.173427888660586,0
25915,Phillipp Mwene,2025,M,78,Bundesliga,164,FSV Mainz 05,2072.0,29,6.852799227799228,75.59322033898304,1.0,2.0,9.0,2.0,592.0,18.0,29.0,9.0,15.0,173.0,82.0,16.0,8.0,20.0,32.0,22.0,3.0,4,0,0.0434362934362934,0.0868725868725868,0.3909266409266409,0.0868725868725868,25.71428571428571,0.7818532818532818,1.2596525096525095,0.3909266409266409,0.6515444015444015,7.514478764478764,3.5617760617760617,0.694980694980695,0.3474903474903475,0.8687258687258687,1.38996138996139,0.9555984555984556,0.1303088803088803,0.1737451737451737,0.0,22.22222222222222,47.39884393063584,50.0,1,2.11094933529744,2
26248,Vincenzo Grifo,2025,M,78,Bundesliga,160,SC Freiburg,1720.0,33,7.076046511627908,82.10659898477158,7.0,4.0,20.0,12.0,788.0,41.0,10.0,1.0,14.0,81.0,38.0,16.0,10.0,10.0,12.0,10.0,2.0,0,0,0.3662790697674418,0.2093023255813953,1.0465116279069768,0.627906976744186,41.23255813953489,2.1453488372093026,0.5232558139534884,0.0523255813953488,0.7325581395348837,4.238372093023256,1.988372093023256,0.8372093023255813,0.5232558139534884,0.5232558139534884,0.627906976744186,0.5232558139534884,0.1046511627906976,0.0,0.0,60.0,46.913580246913575,62.5,1,3.4595833709830037,0
26249,Janik Haberer,2025,M,78,Bundesliga,182,Union Berlin,1658.0,28,6.695174909529554,76.27986348122867,0.0,1.0,3.0,1.0,586.0,21.0,35.0,3.0,8.0,179.0,81.0,16.0,6.0,21.0,21.0,24.0,1.0,8,0,0.0,0.0542822677925211,0.1628468033775633,0.0542822677925211,31.80940892641737,1.1399276236429434,1.8998793727382388,0.1628468033775633,0.4342581423401688,9.71652593486128,4.39686369119421,0.8685162846803377,0.3256936067551266,1.1399276236429434,1.1399276236429434,1.3027744270205066,0.0542822677925211,0.4342581423401688,0.0,33.33333333333333,45.2513966480447,37.5,1,1.8956570025422157,2
27157,Manolis Saliakas,2025,M,78,Bundesliga,186,FC St. Pauli,1110.0,17,6.993783783783785,74.32432432432432,1.0,3.0,5.0,3.0,518.0,12.0,29.0,1.0,13.0,75.0,49.0,8.0,5.0,7.0,7.0,4.0,4.0,3,0,0.081081081081081,0.2432432432432432,0.4054054054054054,0.2432432432432432,42.0,0.972972972972973,2.351351351351352,0.081081081081081,1.0540540540540542,6.081081081081082,3.972972972972973,0.6486486486486487,0.4054054054054054,0.5675675675675675,0.5675675675675675,0.3243243243243243,0.3243243243243243,0.2432432432432432,0.0,60.0,65.33333333333333,62.5,1,1.5228389490961152,1
30432,Marten de Roon,2025,M,135,Serie A,499,Atalanta,2704.0,34,7.059245562130178,85.8908341915551,1.0,2.0,13.0,4.0,1942.0,24.0,81.0,5.0,28.0,249.0,130.0,7.0,3.0,30.0,11.0,37.0,0.0,8,1,0.033284023668639,0.0665680473372781,0.4326923076923077,0.1331360946745562,64.63757396449704,0.7988165680473372,2.6960059171597632,0.1664201183431952,0.9319526627218936,8.287721893491124,4.3269230769230775,0.2329881656804734,0.0998520710059171,0.9985207100591716,0.3661242603550296,1.231508875739645,0.0,0.2662721893491124,0.033284023668639,30.76923076923077,52.20883534136546,42.85714285714285,1,2.2518052121976733,1
30505,Michel Adopo,2025,M,135,Serie A,490,Cagliari,3055.0,38,6.643338788870703,82.28782287822878,1.0,2.0,19.0,11.0,1084.0,27.0,56.0,6.0,29.0,276.0,126.0,36.0,14.0,17.0,25.0,35.0,5.0,4,0,0.0294599018003273,0.0589198036006546,0.5597381342062193,0.3240589198036007,31.934533551554825,0.795417348608838,1.6497545008183303,0.1767594108019639,0.8543371522094927,8.130932896890345,3.711947626841244,1.060556464811784,0.4124386252045826,0.5008183306055647,0.7364975450081833,1.0310965630114566,0.1472995090016366,0.1178396072013093,0.0,57.89473684210527,45.65217391304348,38.88888888888889,1,1.2022685425629502,2
30533,Manuel Locatelli,2025,M,135,Serie A,496,Juventus,3005.0,36,7.762628951747089,88.19964349376114,1.0,2.0,32.0,12.0,2805.0,47.0,102.0,23.0,39.0,318.0,190.0,18.0,10.0,24.0,44.0,55.0,0.0,9,0,0.0299500831946755,0.059900166389351,0.9584026622296172,0.3594009983361065,84.00998336106488,1.4076539101497505,3.054908485856905,0.6888519134775374,1.168053244592346,9.524126455906822,5.690515806988353,0.5391014975041597,0.2995008319467554,0.718801996672213,1.3178036605657235,1.6472545757071548,0.0,0.2695507487520798,0.0,37.5,59.74842767295597,55.55555555555556,1,3.446682561631324,1
30558,Nicolò Barella,2025,M,135,Serie A,505,Inter,2533.0,34,7.275404658507699,85.68994889267462,3.0,8.0,23.0,5.0,1761.0,72.0,53.0,3.0,9.0,231.0,113.0,50.0,25.0,24.0,22.0,33.0,4.0,7,0,0.1065929727595736,0.284247927358863,0.8172127911567311,0.1776549545992893,62.570075009869726,2.5582313462297672,1.8831425187524675,0.1065929727595736,0.3197789182787209,8.20765890248717,4.01500197394394,1.7765495459928935,0.8882747729964469,0.8527437820765891,0.7816818002368733,1.17252270035531,0.1421239636794315,0.2487169364390051,0.0,21.73913043478261,48.91774891774892,50.0,1,3.274860001312074,0
30561,Alessandro Deiola,2025,M,135,Serie A,490,Cagliari,1435.0,20,6.689198606271777,81.34453781512605,0.0,2.0,16.0,7.0,595.0,6.0,35.0,7.0,14.0,122.0,61.0,5.0,3.0,14.0,12.0,22.0,7.0,3,0,0.0,0.1254355400696864,1.0034843205574913,0.4390243902439024,37.3170731707317,0.3763066202090592,2.1951219512195124,0.4390243902439024,0.8780487804878049,7.651567944250871,3.825783972125436,0.313588850174216,0.1881533101045296,0.8780487804878049,0.7526132404181185,1.3797909407665503,0.4390243902439024,0.1881533101045296,0.0,43.75,50.0,60.0,1,1.6383705154816932,1
30690,Nicolas Fonseca,2025,M,140,La Liga,718,Oviedo,1019.0,19,6.823748773307163,85.48672566371681,0.0,0.0,5.0,1.0,565.0,3.0,40.0,5.0,17.0,123.0,59.0,3.0,2.0,22.0,12.0,27.0,0.0,6,0,0.0,0.0,0.4416094210009814,0.0883218842001962,49.9018645731109,0.2649656526005888,3.532875368007851,0.4416094210009814,1.5014720314033363,10.86359175662414,5.21099116781158,0.2649656526005888,0.1766437684003925,1.943081452404318,1.0598626104023552,2.384690873405299,0.0,0.5299313052011776,0.0,20.0,47.96747967479675,66.66666666666666,1,3.224527430516716,1
30723,Marius Marin,2025,M,135,Serie A,801,Pisa,1292.0,23,6.7365325077399385,77.40492170022371,0.0,0.0,1.0,0.0,449.0,2.0,45.0,4.0,13.0,150.0,73.0,5.0,1.0,21.0,20.0,36.0,0.0,7,0,0.0,0.0,0.0696594427244582,0.0,31.27708978328173,0.1393188854489164,3.134674922600619,0.2786377708978328,0.9055727554179568,10.44891640866873,5.085139318885449,0.348297213622291,0.0696594427244582,1.4628482972136223,1.3931888544891642,2.5077399380804954,0.0,0.4876160990712074,0.0,0.0,48.66666666666667,20.0,1,2.9175891306572126,1
30753,Mehdi Léris,2025,M,135,Serie A,801,Pisa,1912.0,34,6.914696652719665,70.40998217468805,2.0,3.0,15.0,7.0,563.0,27.0,67.0,8.0,22.0,275.0,161.0,42.0,17.0,20.0,22.0,27.0,8.0,2,0,0.0941422594142259,0.1412133891213389,0.7060669456066946,0.3294979079497908,26.501046025104603,1.2709205020920502,3.153765690376569,0.3765690376569037,1.0355648535564854,12.944560669456068,7.578451882845188,1.9769874476987448,0.8002092050209205,0.9414225941422594,1.0355648535564854,1.2709205020920502,0.3765690376569037,0.0941422594142259,0.0,46.66666666666666,58.54545454545455,40.47619047619048,1,2.827458948254169,2
30775,Giuseppe Pezzella,2025,M,135,Serie A,520,Cremonese,2591.0,31,6.647356233114627,76.90253671562083,0.0,1.0,5.0,0.0,749.0,27.0,53.0,14.0,11.0,261.0,127.0,29.0,14.0,23.0,32.0,49.0,8.0,8,1,0.0,0.0347356233114627,0.1736781165573137,0.0,26.016981860285604,0.9378618294094944,1.840988035507526,0.4862987263604786,0.3820918564260903,9.06599768429178,4.41142416055577,1.00733307603242,0.4862987263604786,0.7989193361636433,1.1115399459668085,1.702045542261675,0.277884986491702,0.277884986491702,0.0347356233114627,0.0,48.65900383141762,48.27586206896552,1,2.14931280129311,2
30785,András Schäfer,2025,M,78,Bundesliga,182,Union Berlin,1442.0,28,6.79868238557559,76.3671875,2.0,1.0,20.0,10.0,512.0,7.0,41.0,9.0,23.0,202.0,100.0,19.0,9.0,23.0,23.0,32.0,0.0,2,1,0.1248266296809986,0.0624133148404993,1.2482662968099862,0.6241331484049931,31.955617198335645,0.4368932038834951,2.558945908460472,0.5617198335644937,1.435506241331484,12.60748959778086,6.2413314840499305,1.1858529819694867,0.5617198335644937,1.435506241331484,1.435506241331484,1.9972260748959776,0.0,0.1248266296809986,0.0624133148404993,50.0,49.50495049504951,47.368421052631575,1,2.782470740567664,1
30927,Santiago Colombatto,2025,M,140,La Liga,718,Oviedo,2069.0,32,6.801595744680851,85.95284872298625,0.0,1.0,11.0,2.0,1018.0,24.0,43.0,6.0,14.0,185.0,100.0,7.0,5.0,17.0,41.0,44.0,1.0,6,0,0.0,0.0434992750120831,0.4784920251329144,0.0869985500241662,44.28226196230063,1.043982600289995,1.8704688255195745,0.2609956500724987,0.6089898501691638,8.04736587723538,4.349927501208313,0.3044949250845819,0.2174963750604156,0.7394876752054133,1.7834702754954086,1.9139681005316576,0.0434992750120831,0.2609956500724987,0.0,18.181818181818183,54.054054054054056,71.42857142857143,1,1.6651837081144885,1
31010,Federico Dimarco,2025,M,135,Serie A,505,Inter,2704.0,35,7.464792899408284,83.28748280605227,7.0,16.0,46.0,22.0,1454.0,96.0,50.0,4.0,31.0,171.0,82.0,14.0,7.0,20.0,23.0,41.0,5.0,3,0,0.2329881656804734,0.5325443786982248,1.5310650887573964,0.7322485207100592,48.39497041420119,3.195266272189349,1.6642011834319528,0.1331360946745562,1.031804733727811,5.691568047337278,2.7292899408284024,0.4659763313609468,0.2329881656804734,0.665680473372781,0.7655325443786982,1.3646449704142012,0.1664201183431952,0.0998520710059171,0.0,47.82608695652174,47.953216374269005,50.0,1,4.128274518863793,0
31021,Alberto Grassi,2025,M,135,Serie A,520,Cremonese,1754.0,30,6.791329150028523,85.12880562060889,0.0,0.0,10.0,4.0,854.0,8.0,23.0,9.0,32.0,125.0,76.0,9.0,8.0,11.0,30.0,17.0,0.0,4,1,0.0,0.0,0.5131128848346637,0.2052451539338654,43.81984036488028,0.4104903078677309,1.1801596351197263,0.4618015963511973,1.6419612314709235,6.413911060433295,3.899657924743444,0.4618015963511973,0.4104903078677309,0.56442417331813,1.5393386545039909,0.8722919042189282,0.0,0.2052451539338654,0.0513112884834663,40.0,60.8,88.88888888888889,1,2.6547881992878386,1
31056,Samuele Ricci,2025,M,135,Serie A,489,AC Milan,1305.0,31,7.053103448275862,90.1081916537867,1.0,4.0,12.0,6.0,647.0,20.0,16.0,5.0,9.0,93.0,56.0,8.0,5.0,2.0,33.0,17.0,1.0,3,0,0.0689655172413793,0.2758620689655172,0.8275862068965517,0.4137931034482758,44.62068965517241,1.379310344827586,1.103448275862069,0.3448275862068965,0.6206896551724138,6.413793103448276,3.862068965517241,0.5517241379310345,0.3448275862068965,0.1379310344827586,2.2758620689655173,1.1724137931034482,0.0689655172413793,0.2068965517241379,0.0,50.0,60.215053763440864,62.5,1,2.7220987784243174,0
31137,Stefano Sabelli,2025,M,135,Serie A,495,Genoa,929.0,16,6.667168998923574,69.27710843373494,0.0,0.0,6.0,0.0,332.0,7.0,22.0,6.0,4.0,84.0,45.0,8.0,1.0,10.0,19.0,6.0,0.0,1,0,0.0,0.0,0.581270182992465,0.0,32.16361679224973,0.6781485468245425,2.131324004305705,0.581270182992465,0.38751345532831,8.137782561894511,4.359526372443487,0.77502691065662,0.0968783638320775,0.9687836383207752,1.8406889128094728,0.581270182992465,0.0,0.0968783638320775,0.0,0.0,53.57142857142857,12.5,1,2.208999729110566,2
31146,Sandro Tonali,2025,M,39,Premier League,34,Newcastle,2543.0,35,6.982447855175127,84.31498079385403,0.0,2.0,19.0,8.0,1562.0,32.0,35.0,7.0,30.0,194.0,107.0,31.0,19.0,22.0,42.0,24.0,1.0,4,0,0.0,0.0707825403067243,0.6724341329138812,0.2831301612268974,55.281163979551714,1.1325206449075895,1.238694455367676,0.2477388910735352,1.0617381046008652,6.865906409752261,3.786865906409752,1.0971293747542272,0.6724341329138812,0.7786079433739678,1.486433346441211,0.8493904836806921,0.0353912701533621,0.1415650806134487,0.0,42.10526315789473,55.154639175257735,61.29032258064516,1,1.6873047795539238,1
31211,Jari Vandeputte,2025,M,135,Serie A,520,Cremonese,1952.0,32,6.896362704918033,77.38748627881449,1.0,5.0,14.0,8.0,911.0,54.0,38.0,2.0,18.0,171.0,75.0,22.0,7.0,15.0,25.0,34.0,1.0,3,0,0.0461065573770491,0.2305327868852459,0.6454918032786885,0.3688524590163934,42.0030737704918,2.489754098360656,1.7520491803278688,0.0922131147540983,0.8299180327868853,7.884221311475409,3.4579918032786887,1.014344262295082,0.3227459016393442,0.6915983606557377,1.1526639344262295,1.567622950819672,0.0461065573770491,0.1383196721311475,0.0,57.14285714285714,43.85964912280701,31.818181818181817,1,2.4517140661030266,0
31273,Tommaso Pobega,2025,M,135,Serie A,500,Bologna,1452.0,26,6.839325068870525,77.25490196078432,3.0,1.0,21.0,10.0,510.0,6.0,37.0,11.0,19.0,158.0,78.0,10.0,7.0,16.0,12.0,35.0,0.0,2,1,0.1859504132231405,0.0619834710743801,1.3016528925619837,0.6198347107438017,31.611570247933884,0.371900826446281,2.293388429752066,0.6818181818181819,1.177685950413223,9.793388429752069,4.834710743801653,0.6198347107438017,0.4338842975206611,0.9917355371900828,0.743801652892562,2.169421487603306,0.0,0.1239669421487603,0.0619834710743801,47.61904761904761,49.36708860759494,70.0,1,2.0983283518789,2
31678,Jean Daniel Akpa-Akpro,2025,M,135,Serie A,504,Hellas Verona,1507.0,22,6.72455209024552,74.8051948051948,1.0,0.0,7.0,4.0,385.0,11.0,44.0,7.0,23.0,221.0,109.0,37.0,23.0,13.0,15.0,39.0,0.0,9,0,0.059721300597213,0.0,0.418049104180491,0.238885202388852,22.99270072992701,0.656934306569343,2.627737226277372,0.418049104180491,1.3735899137358991,13.198407431984077,6.509621765096218,2.209688122096881,1.3735899137358991,0.7763769077637691,0.8958195089581952,2.3291307232913074,0.0,0.5374917053749171,0.0,57.14285714285714,49.321266968325794,62.16216216216216,1,2.9314490008855207,1
32966,Ao Tanaka,2025,M,39,Premier League,63,Leeds,1326.0,28,6.740936555891238,85.8600583090379,2.0,0.0,15.0,5.0,689.0,18.0,27.0,2.0,21.0,111.0,52.0,11.0,4.0,20.0,9.0,13.0,0.0,1,0,0.1357466063348416,0.0,1.0180995475113122,0.3393665158371041,46.76470588235294,1.2217194570135748,1.832579185520362,0.1357466063348416,1.425339366515837,7.53393665158371,3.5294117647058822,0.746606334841629,0.2714932126696833,1.3574660633484164,0.6108597285067874,0.8823529411764706,0.0,0.0678733031674208,0.0,33.33333333333333,46.84684684684685,36.36363636363637,1,1.6066954048674926,2
33165,Ayumu Seko,2025,M,61,Ligue 1,111,Le Havre,2625.0,30,6.817142857142857,84.65562336530078,0.0,0.0,15.0,6.0,1147.0,10.0,42.0,7.0,37.0,164.0,99.0,4.0,2.0,14.0,20.0,28.0,1.0,6,0,0.0,0.0,0.5142857142857142,0.2057142857142857,39.32571428571429,0.3428571428571428,1.44,0.24,1.2685714285714285,5.622857142857143,3.394285714285714,0.1371428571428571,0.0685714285714285,0.48,0.6857142857142857,0.96,0.0342857142857142,0.2057142857142857,0.0,40.0,60.36585365853659,50.0,1,2.2220295511771853,1
33889,Kaishu Sano,2025,M,78,Bundesliga,164,FSV Mainz 05,3059.0,34,7.0471722785223925,80.10920436817473,1.0,2.0,16.0,6.0,1282.0,25.0,52.0,14.0,66.0,292.0,183.0,42.0,28.0,18.0,30.0,14.0,4.0,1,0,0.029421379535796,0.058842759071592,0.4707420725727362,0.176528277214776,37.71820856489049,0.7355344883949003,1.5299117358613925,0.4118993135011441,1.941811049362537,8.591042824452435,5.38411245505067,1.2356979405034323,0.8237986270022883,0.5295848316443282,0.8826413860738803,0.4118993135011441,0.117685518143184,0.029421379535796,0.0,37.5,62.67123287671232,66.66666666666666,1,2.63838075144298,1
36899,Teun Koopmeiners,2025,M,135,Serie A,496,Juventus,1829.0,33,6.781106243154436,90.69767441860463,0.0,0.0,16.0,7.0,1161.0,17.0,33.0,7.0,18.0,158.0,80.0,9.0,5.0,17.0,11.0,33.0,3.0,5,0,0.0,0.0,0.7873154729360305,0.3444505194095134,57.12957900492072,0.8365226899945326,1.6238381629305634,0.3444505194095134,0.8857299070530344,7.774740295243303,3.936577364680153,0.4428649535265172,0.2460360852925095,0.8365226899945326,0.541279387643521,1.6238381629305634,0.1476216511755057,0.2460360852925095,0.0,43.75,50.63291139240506,55.55555555555556,1,1.4664978811247589,1
36916,Kingsley Ehizibue,2025,M,135,Serie A,494,Udinese,1829.0,32,6.715397260273972,79.41176470588235,2.0,0.0,6.0,2.0,477.0,8.0,39.0,3.0,12.0,172.0,80.0,26.0,7.0,10.0,23.0,34.0,2.0,5,0,0.0984144341170038,0.0,0.2952433023510115,0.0984144341170038,23.471842536905413,0.3936577364680153,1.9190814652815744,0.1476216511755057,0.590486604702023,8.463641334062329,3.936577364680153,1.2793876435210496,0.3444505194095134,0.4920721705850191,1.131765992345544,1.6730453799890652,0.0984144341170038,0.2460360852925095,0.0,33.33333333333333,46.51162790697674,26.923076923076923,1,2.145107870269971,2
37127,Martin Ødegaard,2025,M,39,Premier League,42,Arsenal,1370.0,24,7.11036496350365,84.66183574879227,1.0,6.0,17.0,8.0,828.0,40.0,19.0,0.0,7.0,97.0,40.0,27.0,9.0,12.0,9.0,9.0,2.0,0,0,0.0656934306569343,0.3941605839416058,1.1167883211678833,0.5255474452554744,54.394160583941606,2.627737226277372,1.248175182481752,0.0,0.4598540145985401,6.372262773722627,2.627737226277372,1.7737226277372262,0.5912408759124088,0.7883211678832117,0.5912408759124088,0.5912408759124088,0.1313868613138686,0.0,0.0,47.05882352941176,41.23711340206185,33.33333333333333,1,3.457295480540713,0
37153,Wouter Burger,2025,M,78,Bundesliga,167,1899 Hoffenheim,2440.0,30,7.108934426229509,77.5165319617928,4.0,5.0,29.0,13.0,1361.0,51.0,72.0,6.0,17.0,315.0,155.0,12.0,4.0,19.0,12.0,57.0,1.0,7,1,0.1475409836065573,0.1844262295081967,1.069672131147541,0.4795081967213114,50.200819672131146,1.8811475409836065,2.655737704918033,0.2213114754098361,0.6270491803278688,11.618852459016392,5.717213114754099,0.4426229508196722,0.1475409836065573,0.7008196721311476,0.4426229508196722,2.1024590163934427,0.0368852459016393,0.2581967213114754,0.0368852459016393,44.82758620689656,49.2063492063492,33.33333333333333,1,2.577091870045119,0
37437,Abdou Harroui,2025,M,135,Serie A,504,Hellas Verona,929.0,23,6.4900755124056095,81.7174515235457,1.0,0.0,6.0,2.0,361.0,14.0,27.0,5.0,1.0,110.0,40.0,24.0,11.0,8.0,1.0,22.0,2.0,3,0,0.0968783638320775,0.0,0.581270182992465,0.193756727664155,34.973089343379975,1.356297093649085,2.6157158234660924,0.4843918191603875,0.0968783638320775,10.656620021528523,3.8751345532831,2.32508073196986,1.0656620021528525,0.77502691065662,0.0968783638320775,2.131324004305705,0.193756727664155,0.2906350914962325,0.0,33.33333333333333,36.36363636363637,45.83333333333333,1,3.078638014679297,2
37652,Branco Van den Boomen,2025,M,61,Ligue 1,77,Angers,1242.0,15,7.047423510466988,89.08629441624365,0.0,1.0,10.0,5.0,788.0,28.0,27.0,4.0,7.0,102.0,47.0,9.0,4.0,18.0,9.0,19.0,0.0,2,0,0.0,0.072463768115942,0.7246376811594202,0.3623188405797101,57.10144927536232,2.028985507246377,1.9565217391304348,0.2898550724637681,0.5072463768115942,7.391304347826087,3.4057971014492754,0.6521739130434783,0.2898550724637681,1.3043478260869563,0.6521739130434783,1.376811594202899,0.0,0.144927536231884,0.0,50.0,46.07843137254902,44.44444444444444,1,2.313076428904544,0
38747,Quinten Timber,2025,M,61,Ligue 1,81,Marseille,1111.0,15,6.686318631863187,85.97938144329898,0.0,0.0,7.0,2.0,485.0,9.0,31.0,0.0,8.0,132.0,69.0,33.0,16.0,13.0,20.0,13.0,1.0,5,0,0.0,0.0,0.5670567056705671,0.162016201620162,39.28892889288929,0.7290729072907292,2.511251125112511,0.0,0.648064806480648,10.693069306930692,5.58955895589559,2.673267326732673,1.296129612961296,1.053105310531053,1.62016201620162,1.053105310531053,0.081008100810081,0.405040504050405,0.0,28.57142857142857,52.27272727272727,48.48484848484848,1,2.125628145670305,1
38749,Kenneth Taylor,2025,M,135,Serie A,487,Lazio,1400.0,17,6.895499999999999,88.7072808320951,3.0,2.0,11.0,6.0,673.0,13.0,21.0,6.0,10.0,110.0,47.0,19.0,8.0,19.0,13.0,17.0,1.0,5,0,0.1928571428571428,0.1285714285714285,0.7071428571428572,0.3857142857142857,43.26428571428571,0.8357142857142857,1.35,0.3857142857142857,0.6428571428571428,7.071428571428571,3.021428571428572,1.2214285714285713,0.5142857142857142,1.2214285714285713,0.8357142857142857,1.0928571428571427,0.0642857142857142,0.3214285714285714,0.0,54.54545454545454,42.72727272727273,42.10526315789473,1,1.4057457624090106,0
38798,Senne Lynen,2025,M,78,Bundesliga,162,Werder Bremen,2757.0,31,6.7955749002539,86.62186927306048,0.0,0.0,14.0,4.0,1637.0,15.0,63.0,11.0,78.0,252.0,112.0,19.0,6.0,41.0,12.0,38.0,0.0,4,0,0.0,0.0,0.4570184983677911,0.1305767138193689,53.43852013057671,0.4896626768226333,2.05658324265506,0.3590859630032644,2.546245919477693,8.22633297062024,3.656147986942329,0.6202393906420022,0.1958650707290533,1.338411316648531,0.3917301414581066,1.2404787812840044,0.0,0.1305767138193689,0.0,28.57142857142857,44.44444444444444,31.57894736842105,1,4.226848221816122,1
39143,Kristian Thorstvedt,2025,M,135,Serie A,488,Sassuolo,2458.0,32,6.927217249796582,82.3696682464455,4.0,4.0,31.0,13.0,1055.0,32.0,44.0,13.0,32.0,286.0,149.0,42.0,18.0,12.0,57.0,34.0,1.0,9,0,0.146460537021969,0.146460537021969,1.1350691619202604,0.4759967453213994,38.628966639544345,1.1716842961757523,1.6110659072416598,0.4759967453213994,1.1716842961757523,10.471928397070789,5.4556550040683485,1.5378356387306753,0.6590724165988608,0.4393816110659072,2.087062652563059,1.2449145646867372,0.0366151342554922,0.3295362082994304,0.0,41.935483870967744,52.09790209790209,42.85714285714285,1,2.180836097787524,1
39362,Marcus Pedersen,2025,M,135,Serie A,503,Torino,2138.0,29,6.557296538821327,77.17391304347827,1.0,2.0,11.0,3.0,552.0,20.0,23.0,4.0,10.0,139.0,45.0,21.0,9.0,15.0,6.0,31.0,3.0,3,0,0.0420954162768942,0.0841908325537885,0.4630495790458372,0.1262862488306828,23.23666978484565,0.8419083255378859,0.9681945743685688,0.1683816651075771,0.4209541627689429,5.851262862488307,1.894293732460244,0.8840037418147801,0.3788587464920487,0.6314312441534143,0.2525724976613657,1.3049579045837232,0.1262862488306828,0.1262862488306828,0.0,27.27272727272727,32.37410071942446,42.85714285714285,1,2.9810995364984,2
40560,Jakub Kamiński,2025,M,78,Bundesliga,192,1. FC Köln,3019.0,34,7.109274594236501,80.05923000987167,7.0,3.0,42.0,26.0,1013.0,52.0,45.0,8.0,23.0,247.0,111.0,49.0,24.0,22.0,28.0,14.0,7.0,4,0,0.2086783703212984,0.0894335872805564,1.2520702219277906,0.7750910897648229,30.1987413050679,1.5501821795296458,1.341503809208347,0.2384895660814839,0.6856575024842663,7.363365352765816,3.309042729380589,1.460748592249089,0.7154686982444519,0.6558463067240808,0.8347134812851938,0.4173567406425969,0.2086783703212984,0.1192447830407419,0.0,61.90476190476191,44.93927125506073,48.97959183673469,1,2.125061666417858,2
41104,João Palhinha,2025,M,39,Premier League,47,Tottenham,2198.0,33,7.13589626933576,81.97507190795783,5.0,2.0,19.0,9.0,1043.0,8.0,110.0,12.0,30.0,312.0,192.0,23.0,10.0,24.0,36.0,28.0,0.0,8,0,0.2047315741583257,0.0818926296633303,0.7779799818016379,0.3685168334849864,42.70700636942675,0.3275705186533212,4.504094631483167,0.4913557779799818,1.2283894449499544,12.775250227479528,7.861692447679709,0.9417652411282984,0.4094631483166515,0.9827115559599636,1.4740673339399455,1.1464968152866242,0.0,0.3275705186533212,0.0,47.368421052631575,61.53846153846154,43.47826086956522,1,4.376987911453622,1
41157,André Almeida,2025,M,140,La Liga,532,Valencia,1035.0,22,6.96656976744186,89.96478873239437,0.0,2.0,6.0,3.0,568.0,18.0,23.0,1.0,10.0,116.0,62.0,29.0,14.0,7.0,22.0,11.0,0.0,0,0,0.0,0.1739130434782608,0.5217391304347826,0.2608695652173913,49.39130434782609,1.565217391304348,2.0,0.0869565217391304,0.8695652173913043,10.08695652173913,5.391304347826087,2.5217391304347827,1.2173913043478262,0.6086956521739131,1.9130434782608696,0.9565217391304348,0.0,0.0,0.0,50.0,53.44827586206896,48.27586206896552,1,2.0772961500130074,1
41552,Pathé Ismaël Ciss,2025,M,140,La Liga,728,Rayo Vallecano,2003.0,29,7.0786819770344485,89.1778523489933,2.0,1.0,18.0,8.0,1192.0,12.0,53.0,16.0,36.0,192.0,107.0,13.0,9.0,12.0,13.0,30.0,2.0,9,2,0.0898652021967049,0.0449326010983524,0.8087868197703445,0.3594608087868198,53.55966050923614,0.5391912131802297,2.381427858212681,0.7189216175736396,1.617573639540689,8.627059410883675,4.807788317523714,0.5841238142785821,0.4043934098851722,0.5391912131802297,0.5841238142785821,1.3479780329505742,0.0898652021967049,0.4043934098851722,0.0898652021967049,44.44444444444444,55.72916666666666,69.23076923076923,1,2.1955074465493616,1
44594,Saud Abdulhamid,2025,M,61,Ligue 1,116,Lens,1356.0,25,7.05117994100295,88.87043189368771,2.0,4.0,6.0,3.0,602.0,24.0,34.0,2.0,11.0,128.0,59.0,15.0,4.0,14.0,14.0,26.0,1.0,4,1,0.1327433628318584,0.2654867256637168,0.3982300884955752,0.1991150442477876,39.95575221238938,1.592920353982301,2.256637168141593,0.1327433628318584,0.7300884955752213,8.495575221238937,3.915929203539824,0.995575221238938,0.2654867256637168,0.9292035398230089,0.9292035398230089,1.7256637168141593,0.0663716814159292,0.2654867256637168,0.0663716814159292,50.0,46.09375,26.666666666666668,1,1.3152588686283728,0
44814,Lewis Ferguson,2025,M,135,Serie A,500,Bologna,1608.0,27,6.832296204107032,87.95761078998073,1.0,0.0,7.0,2.0,1041.0,16.0,26.0,8.0,11.0,159.0,84.0,7.0,3.0,6.0,26.0,33.0,2.0,7,1,0.0559701492537313,0.0,0.3917910447761194,0.1119402985074626,58.264925373134325,0.8955223880597015,1.4552238805970148,0.4477611940298507,0.6156716417910448,8.899253731343283,4.701492537313433,0.3917910447761194,0.167910447761194,0.335820895522388,1.4552238805970148,1.8470149253731345,0.1119402985074626,0.3917910447761194,0.0559701492537313,28.57142857142857,52.83018867924528,42.85714285714285,1,1.826620880654105,1
46658,Rubén García,2025,M,140,La Liga,727,Osasuna,2247.0,35,6.841291759465479,79.34782608695652,2.0,5.0,22.0,10.0,828.0,44.0,50.0,2.0,17.0,269.0,117.0,37.0,18.0,32.0,27.0,36.0,1.0,6,0,0.0801068090787717,0.2002670226969292,0.8811748998664887,0.4005340453938584,33.16421895861148,1.7623497997329771,2.0026702269692924,0.0801068090787717,0.6809078771695595,10.774365821094792,4.686248331108144,1.4819759679572764,0.7209612817089454,1.2817089452603472,1.081441922563418,1.4419225634178907,0.0400534045393858,0.240320427236315,0.0,45.45454545454545,43.49442379182156,48.64864864864865,1,1.828072008383004,2
46662,Jon Moncayola,2025,M,140,La Liga,727,Osasuna,3028.0,36,6.838177014531044,80.10093727469358,0.0,4.0,11.0,5.0,1387.0,39.0,54.0,6.0,23.0,216.0,97.0,21.0,13.0,45.0,13.0,41.0,0.0,9,0,0.0,0.11889035667107,0.3269484808454425,0.1486129458388375,41.22523117569353,1.1591809775429325,1.605019815059445,0.178335535006605,0.6836195508586526,6.42007926023778,2.883091149273448,0.6241743725231176,0.3863936591809775,1.3375165125495376,0.3863936591809775,1.2186261558784677,0.0,0.2675033025099075,0.0,45.45454545454545,44.907407407407405,61.90476190476191,1,1.7467247042296004,2
46731,Pervis Estupiñán,2025,M,135,Serie A,489,AC Milan,1046.0,19,6.755459770114944,86.71726755218216,1.0,1.0,9.0,1.0,527.0,13.0,15.0,0.0,11.0,77.0,33.0,7.0,2.0,12.0,8.0,16.0,5.0,5,1,0.0860420650095602,0.0860420650095602,0.7743785850860421,0.0860420650095602,45.34416826003824,1.118546845124283,1.2906309751434033,0.0,0.9464627151051626,6.625239005736137,2.839388145315487,0.6022944550669217,0.1720841300191204,1.032504780114723,0.6883365200764818,1.3766730401529637,0.4302103250478011,0.4302103250478011,0.0860420650095602,11.11111111111111,42.85714285714285,28.57142857142857,1,1.444429751594353,2
46887,Pedro Díaz,2025,M,140,La Liga,728,Rayo Vallecano,1881.0,34,6.508665603402445,84.89583333333334,0.0,1.0,29.0,6.0,768.0,23.0,38.0,1.0,8.0,176.0,79.0,30.0,15.0,29.0,13.0,20.0,0.0,3,0,0.0,0.0478468899521531,1.38755980861244,0.2870813397129186,36.74641148325359,1.1004784688995215,1.8181818181818183,0.0478468899521531,0.3827751196172249,8.421052631578947,3.779904306220096,1.4354066985645932,0.7177033492822966,1.38755980861244,0.6220095693779905,0.9569377990430622,0.0,0.1435406698564593,0.0,20.6896551724138,44.88636363636363,50.0,1,2.120627231636782,2
46933,Luis Rioja,2025,M,140,La Liga,532,Valencia,2636.0,37,6.804438543247344,78.54588796185935,3.0,6.0,18.0,5.0,839.0,39.0,36.0,0.0,18.0,226.0,105.0,63.0,36.0,34.0,29.0,13.0,9.0,1,0,0.1024279210925644,0.2048558421851289,0.6145675265553869,0.1707132018209408,28.64567526555387,1.3315629742033384,1.229135053110774,0.0,0.6145675265553869,7.716236722306525,3.584977238239757,2.1509863429438543,1.229135053110774,1.1608497723823976,0.9901365705614568,0.4438543247344461,0.3072837632776934,0.0341426403641881,0.0,27.77777777777778,46.46017699115044,57.14285714285714,1,2.0166896668424767,2
47007,Iñigo Ruiz de Galarreta,2025,M,140,La Liga,531,Athletic Club,2231.0,34,7.00640968175706,82.48587570621469,1.0,2.0,10.0,2.0,1239.0,31.0,60.0,5.0,23.0,296.0,160.0,50.0,34.0,24.0,41.0,54.0,0.0,10,0,0.0403406544150605,0.080681308830121,0.4034065441506051,0.080681308830121,49.98207082025997,1.250560286866876,2.4204392649036306,0.2017032720753025,0.9278350515463918,11.940833706857912,6.454504706409682,2.0170327207530256,1.3715822501120574,0.9681757059614522,1.6539668310174809,2.178395338413268,0.0,0.4034065441506051,0.0,20.0,54.054054054054056,68.0,1,1.9937893643174969,1
47085,Luis Milla,2025,M,140,La Liga,546,Getafe,3273.0,37,7.0525817293003366,77.72957339117859,1.0,10.0,15.0,4.0,1383.0,80.0,59.0,7.0,42.0,321.0,173.0,39.0,21.0,37.0,43.0,32.0,2.0,4,1,0.0274977085242896,0.2749770852428964,0.4124656278643446,0.1099908340971585,38.02933088909258,2.1998166819431715,1.622364802933089,0.1924839596700275,1.154903758020165,8.826764436296974,4.757103574702108,1.0724106324472962,0.5774518790100825,1.0174152153987168,1.1824014665444549,0.8799266727772685,0.0549954170485792,0.1099908340971585,0.0274977085242896,26.666666666666668,53.89408099688473,53.84615384615385,1,2.1463454504062978,0
47109,Óscar Valentín,2025,M,140,La Liga,728,Rayo Vallecano,2113.0,33,6.95250946969697,88.63892013498312,1.0,0.0,10.0,4.0,889.0,10.0,73.0,15.0,28.0,250.0,127.0,13.0,6.0,34.0,22.0,31.0,0.0,3,1,0.0425934690014197,0.0,0.4259346900141978,0.1703738760056791,37.86559394226219,0.4259346900141978,3.109323237103644,0.6389020350212967,1.1926171320397538,10.648367250354946,5.409370563180312,0.5537150970184571,0.2555608140085187,1.4481779460482729,0.9370563180312352,1.3203975390440132,0.0,0.1277804070042593,0.0425934690014197,40.0,50.8,46.15384615384615,1,2.3405382066700176,1
47285,Unai López,2025,M,140,La Liga,728,Rayo Vallecano,1623.0,28,6.877743526510481,86.65413533834587,0.0,4.0,10.0,4.0,1064.0,36.0,31.0,3.0,22.0,154.0,69.0,22.0,13.0,17.0,14.0,37.0,1.0,8,1,0.0,0.22181146025878,0.55452865064695,0.22181146025878,59.00184842883549,1.9963031423290205,1.7190388170055453,0.166358595194085,1.2199630314232903,8.539741219963032,3.826247689463955,1.2199630314232903,0.7208872458410351,0.9426987060998152,0.7763401109057301,2.051756007393715,0.055452865064695,0.4436229205175601,0.055452865064695,40.0,44.8051948051948,59.09090909090909,1,2.058531632403494,0
47315,Martín Zubimendi,2025,M,39,Premier League,42,Arsenal,3001.0,38,7.096900000000001,87.42857142857143,5.0,1.0,19.0,9.0,1927.0,19.0,68.0,5.0,39.0,256.0,153.0,15.0,7.0,21.0,15.0,33.0,1.0,4,0,0.1499500166611129,0.0299900033322225,0.5698100633122293,0.2699100299900033,57.79073642119293,0.5698100633122293,2.039320226591136,0.1499500166611129,1.169610129956681,7.677440853048984,4.588470509830056,0.4498500499833389,0.2099300233255581,0.6297900699766744,0.4498500499833389,0.9896701099633456,0.0299900033322225,0.1199600133288903,0.0,47.368421052631575,59.765625,46.66666666666666,1,1.7228443093019263,1
47336,Sergi Darder,2025,M,140,La Liga,798,Mallorca,2688.0,38,6.98046875,84.55565142364107,1.0,5.0,28.0,13.0,1159.0,59.0,28.0,7.0,25.0,185.0,99.0,60.0,34.0,14.0,29.0,21.0,2.0,3,0,0.0334821428571428,0.1674107142857142,0.9375,0.4352678571428571,38.80580357142857,1.9754464285714284,0.9375,0.234375,0.8370535714285714,6.194196428571429,3.314732142857143,2.008928571428572,1.1383928571428572,0.46875,0.9709821428571428,0.703125,0.0669642857142857,0.1004464285714285,0.0,46.42857142857143,53.51351351351351,56.66666666666666,1,2.5473041704717923,0
47341,Marc Roca,2025,M,140,La Liga,543,Real Betis,2025.0,29,6.847506172839506,88.08193668528864,1.0,1.0,13.0,7.0,1074.0,19.0,38.0,9.0,23.0,178.0,81.0,14.0,11.0,22.0,23.0,42.0,0.0,1,0,0.0444444444444444,0.0444444444444444,0.5777777777777777,0.3111111111111111,47.73333333333333,0.8444444444444444,1.6888888888888889,0.4,1.022222222222222,7.911111111111111,3.6,0.6222222222222222,0.4888888888888889,0.9777777777777776,1.022222222222222,1.8666666666666667,0.0,0.0444444444444444,0.0,53.84615384615385,45.50561797752809,78.57142857142857,1,0.7933959549551198,1
47414,Gerard Gumbau,2025,M,140,La Liga,728,Rayo Vallecano,1197.0,28,6.755685618729097,83.64389233954451,0.0,3.0,12.0,5.0,485.0,23.0,29.0,6.0,10.0,120.0,53.0,9.0,6.0,5.0,5.0,38.0,0.0,4,0,0.0,0.225563909774436,0.9022556390977444,0.3759398496240601,36.46616541353383,1.7293233082706765,2.180451127819549,0.4511278195488721,0.7518796992481203,9.022556390977442,3.9849624060150375,0.6766917293233082,0.4511278195488721,0.3759398496240601,0.3759398496240601,2.8571428571428568,0.0,0.3007518796992481,0.0,41.66666666666667,44.16666666666666,66.66666666666666,1,1.7909943436784312,0
47435,Fran Beltrán,2025,M,140,La Liga,547,Girona,1562.0,27,6.839116517285531,91.4691943127962,1.0,0.0,9.0,4.0,1055.0,13.0,34.0,6.0,17.0,137.0,62.0,10.0,6.0,15.0,12.0,20.0,0.0,3,0,0.057618437900128,0.0,0.5185659411011524,0.2304737516005121,60.78745198463509,0.7490396927016646,1.9590268886043527,0.3457106274007682,0.9795134443021768,7.893725992317542,3.5723431498079385,0.5761843790012804,0.3457106274007682,0.8642765685019206,0.6914212548015365,1.1523687580025608,0.0,0.1728553137003841,0.0,44.44444444444444,45.25547445255474,60.0,1,1.4683033234244918,1
47438,Mathias Jensen,2025,M,39,Premier League,55,Brentford,2277.0,36,7.009134826526132,80.85867620751341,3.0,1.0,19.0,8.0,1119.0,35.0,41.0,4.0,21.0,198.0,83.0,35.0,19.0,33.0,15.0,20.0,2.0,3,0,0.1185770750988142,0.0395256916996047,0.7509881422924902,0.3162055335968379,44.22924901185771,1.383399209486166,1.6205533596837944,0.1581027667984189,0.8300395256916996,7.826086956521739,3.2806324110671934,1.383399209486166,0.7509881422924902,1.3043478260869563,0.5928853754940712,0.7905138339920948,0.0790513833992094,0.1185770750988142,0.0,42.10526315789473,41.91919191919192,54.285714285714285,1,1.1072933318238365,2
47439,Stanislav Lobotka,2025,M,135,Serie A,492,Napoli,2441.0,32,6.974518639901681,92.70833333333334,1.0,1.0,6.0,4.0,1824.0,22.0,28.0,3.0,16.0,140.0,88.0,8.0,4.0,18.0,45.0,13.0,0.0,3,0,0.0368701351904957,0.0368701351904957,0.2212208111429742,0.1474805407619828,67.25112658746416,0.8111429741909053,1.0323637853338796,0.1106104055714871,0.5899221630479312,5.161818926669398,3.244571896763621,0.2949610815239656,0.1474805407619828,0.6636624334289225,1.6591560835723065,0.4793117574764441,0.0,0.1106104055714871,0.0,66.66666666666666,62.85714285714285,50.0,1,3.0631512033794857,1
47463,Pepelu,2025,M,140,La Liga,532,Valencia,2232.0,31,7.040475123263111,86.16944243301955,2.0,0.0,14.0,3.0,1381.0,21.0,60.0,10.0,20.0,196.0,112.0,10.0,8.0,17.0,14.0,30.0,1.0,4,0,0.0806451612903225,0.0,0.5645161290322581,0.1209677419354838,55.68548387096774,0.8467741935483871,2.419354838709677,0.4032258064516129,0.8064516129032258,7.903225806451612,4.516129032258065,0.4032258064516129,0.3225806451612903,0.6854838709677419,0.5645161290322581,1.2096774193548387,0.0403225806451612,0.1612903225806451,0.0,21.428571428571427,57.14285714285714,80.0,1,1.5042682544909205,1
47516,Aleix García,2025,M,78,Bundesliga,168,Bayer Leverkusen,2676.0,33,7.530605381165919,92.8830313014827,3.0,8.0,19.0,5.0,3035.0,51.0,26.0,5.0,23.0,109.0,58.0,14.0,4.0,18.0,19.0,8.0,2.0,6,0,0.100896860986547,0.2690582959641255,0.6390134529147982,0.1681614349775784,102.07399103139012,1.7152466367713004,0.874439461883408,0.1681614349775784,0.7735426008968609,3.6659192825112106,1.9506726457399104,0.4708520179372197,0.1345291479820627,0.6053811659192826,0.6390134529147982,0.2690582959641255,0.0672645739910313,0.2017937219730941,0.0,26.31578947368421,53.21100917431193,28.57142857142857,1,4.9721405480850605,0
47522,Douglas Luiz,2025,M,39,Premier League,66,Aston Villa,944.0,21,6.990677966101695,90.0459418070444,1.0,0.0,8.0,5.0,653.0,19.0,23.0,4.0,14.0,91.0,52.0,13.0,6.0,6.0,15.0,13.0,0.0,3,0,0.0953389830508474,0.0,0.7627118644067796,0.4766949152542372,62.25635593220339,1.8114406779661016,2.192796610169492,0.3813559322033898,1.3347457627118644,8.67584745762712,4.957627118644068,1.2394067796610169,0.5720338983050848,0.5720338983050848,1.4300847457627115,1.2394067796610169,0.0,0.2860169491525424,0.0,62.5,57.14285714285714,46.15384615384615,1,2.1526705884037747,1
47541,Santi Comesaña,2025,M,140,La Liga,533,Villarreal,2413.0,34,6.956734355573974,83.11258278145695,3.0,6.0,21.0,7.0,1208.0,27.0,46.0,15.0,30.0,258.0,120.0,21.0,11.0,25.0,28.0,43.0,1.0,5,1,0.1118939079983423,0.2237878159966846,0.7832573559883962,0.2610857853294654,45.055946953999175,1.0070451719850808,1.7157065893079153,0.5594695399917116,1.1189390799834231,9.622876087857438,4.4757563199336925,0.7832573559883962,0.4102776626605884,0.9324492333195192,1.0443431413178617,1.6038126813095732,0.0372979693327807,0.1864898466639038,0.0372979693327807,33.33333333333333,46.51162790697674,52.38095238095239,1,0.7359353303233402,0
47543,Álvaro García,2025,M,140,La Liga,728,Rayo Vallecano,2105.0,32,6.738622327790973,68.33013435700576,4.0,5.0,35.0,19.0,521.0,42.0,27.0,2.0,13.0,142.0,55.0,16.0,4.0,16.0,12.0,19.0,15.0,3,0,0.171021377672209,0.2137767220902613,1.496437054631829,0.8123515439429929,22.275534441805227,1.7957244655581943,1.154394299287411,0.0855106888361045,0.5558194774346793,6.07125890736342,2.351543942992874,0.684085510688836,0.171021377672209,0.684085510688836,0.5130641330166271,0.8123515439429929,0.6413301662707839,0.1282660332541567,0.0,54.285714285714285,38.732394366197184,25.0,1,3.2235424850164307,2
47574,Moi Gómez,2025,M,140,La Liga,727,Osasuna,1218.0,26,6.998357963875205,89.04267589388697,0.0,2.0,6.0,2.0,868.0,15.0,20.0,1.0,11.0,118.0,65.0,22.0,12.0,11.0,21.0,20.0,0.0,3,0,0.0,0.147783251231527,0.4433497536945813,0.147783251231527,64.13793103448276,1.1083743842364533,1.477832512315271,0.0738916256157635,0.8128078817733989,8.7192118226601,4.80295566502463,1.6256157635467978,0.8866995073891626,0.8128078817733989,1.5517241379310345,1.477832512315271,0.0,0.2216748768472906,0.0,33.33333333333333,55.08474576271186,54.54545454545454,1,1.8870680600374263,1
48047,Jesper Karlström,2025,M,135,Serie A,494,Udinese,3152.0,36,6.801998730964466,81.34218289085545,1.0,0.0,11.0,3.0,1356.0,16.0,54.0,16.0,36.0,228.0,121.0,21.0,10.0,16.0,30.0,41.0,1.0,6,0,0.0285532994923857,0.0,0.3140862944162436,0.0856598984771573,38.71827411167513,0.4568527918781725,1.5418781725888324,0.4568527918781725,1.0279187817258884,6.510152284263959,3.45494923857868,0.5996192893401016,0.2855329949238578,0.4568527918781725,0.8565989847715737,1.1706852791878173,0.0285532994923857,0.1713197969543147,0.0,27.27272727272727,53.07017543859649,47.61904761904761,1,1.688432141972673,1
48198,Ísak Bergmann Jóhannesson,2025,M,78,Bundesliga,192,1. FC Köln,1812.0,31,6.782716731087795,83.75690607734808,1.0,2.0,10.0,4.0,905.0,34.0,27.0,6.0,8.0,100.0,48.0,7.0,6.0,16.0,5.0,14.0,2.0,6,0,0.0496688741721854,0.0993377483443708,0.4966887417218543,0.1986754966887417,44.950331125827816,1.6887417218543046,1.3410596026490067,0.2980132450331126,0.3973509933774834,4.966887417218543,2.384105960264901,0.347682119205298,0.2980132450331126,0.7947019867549668,0.2483443708609271,0.695364238410596,0.0993377483443708,0.2980132450331126,0.0,40.0,48.0,85.71428571428571,1,2.7843600214803184,0
48378,Silvan Widmer,2025,M,78,Bundesliga,164,FSV Mainz 05,1819.0,27,6.8642660802638815,74.73118279569893,2.0,1.0,15.0,4.0,558.0,8.0,40.0,8.0,16.0,149.0,81.0,9.0,2.0,11.0,11.0,15.0,4.0,5,0,0.0989554700384826,0.0494777350192413,0.7421660252886201,0.1979109400769653,27.60857614073667,0.3958218801539307,1.9791094007696537,0.3958218801539307,0.7916437603078615,7.37218251786696,4.007696536558549,0.445299615173172,0.0989554700384826,0.5442550852116547,0.5442550852116547,0.7421660252886201,0.1979109400769653,0.2473886750962067,0.0,26.666666666666668,54.36241610738255,22.22222222222222,1,1.9267287136897435,2
48465,Filip Ugrinić,2025,M,140,La Liga,532,Valencia,1513.0,27,6.778916060806344,83.94495412844036,0.0,3.0,12.0,3.0,654.0,23.0,25.0,4.0,11.0,130.0,71.0,26.0,17.0,10.0,13.0,17.0,6.0,3,0,0.0,0.1784534038334435,0.713813615333774,0.1784534038334435,38.90284203569068,1.368142762723067,1.4871116986120292,0.2379378717779246,0.6543291473892928,7.732980832782552,4.2233972240581625,1.5465961665565104,1.0112359550561798,0.5948446794448117,0.7732980832782552,1.0112359550561798,0.356906807666887,0.1784534038334435,0.0,25.0,54.61538461538461,65.38461538461539,1,1.3547946773540631,0
48489,Miro Muheim,2025,M,78,Bundesliga,175,Hamburger SV,2437.0,29,6.98247845711941,75.63176895306859,0.0,4.0,17.0,7.0,1108.0,41.0,62.0,5.0,27.0,263.0,150.0,31.0,21.0,29.0,50.0,39.0,1.0,7,1,0.0,0.1477226097661058,0.6278210915059499,0.2585145670906852,40.91916290521132,1.5141567501025852,2.289700451374641,0.1846532622076323,0.9971276159212146,9.712761592121462,5.53959786622897,1.1448502256873203,0.7755437012720557,1.0709889208042676,1.846532622076324,1.4402954452195322,0.0369306524415264,0.2585145670906852,0.0369306524415264,41.17647058823529,57.03422053231939,67.74193548387096,1,1.651093571521755,1
48642,Cameron Puertas,2025,M,78,Bundesliga,162,Werder Bremen,1878.0,28,6.747390841320554,85.48571428571428,1.0,2.0,25.0,8.0,878.0,27.0,60.0,8.0,19.0,245.0,109.0,40.0,14.0,26.0,22.0,36.0,2.0,6,0,0.047923322683706,0.0958466453674121,1.198083067092652,0.3833865814696486,42.07667731629393,1.293929712460064,2.8753993610223643,0.3833865814696486,0.9105431309904154,11.741214057507989,5.223642172523962,1.9169329073482428,0.670926517571885,1.2460063897763578,1.0543130990415337,1.7252396166134183,0.0958466453674121,0.2875399361022364,0.0,32.0,44.48979591836735,35.0,1,2.181118281136689,2
50863,James Sands,2025,M,78,Bundesliga,186,FC St. Pauli,1941.0,24,6.75651725914477,75.48240635641316,1.0,0.0,13.0,4.0,881.0,10.0,42.0,7.0,42.0,244.0,139.0,5.0,2.0,12.0,38.0,26.0,0.0,4,0,0.0463678516228748,0.0,0.6027820710973725,0.1854714064914992,40.8500772797527,0.463678516228748,1.947449768160742,0.3245749613601236,1.947449768160742,11.313755795981454,6.445131375579598,0.231839258114374,0.0927357032457496,0.5564142194744977,1.7619783616692428,1.205564142194745,0.0,0.1854714064914992,0.0,30.76923076923077,56.9672131147541,40.0,1,3.1266367056933864,1
50956,Cristian Cásseres Jr.,2025,M,61,Ligue 1,96,Toulouse,2499.0,30,7.159183673469387,85.18518518518519,2.0,3.0,18.0,6.0,1377.0,39.0,78.0,9.0,35.0,265.0,148.0,35.0,16.0,27.0,42.0,39.0,1.0,7,0,0.0720288115246098,0.1080432172869147,0.6482593037214885,0.2160864345738295,49.59183673469387,1.404561824729892,2.809123649459784,0.3241296518607443,1.2605042016806722,9.543817527010804,5.330132052821128,1.2605042016806722,0.5762304921968788,0.9723889555822328,1.512605042016807,1.404561824729892,0.0360144057623049,0.2521008403361344,0.0,33.33333333333333,55.84905660377358,45.71428571428572,1,1.8412721399459728,1
51494,Manuel Ugarte,2025,M,39,Premier League,33,Manchester United,901.0,22,6.73906770255272,85.0597609561753,0.0,0.0,8.0,1.0,502.0,3.0,46.0,5.0,20.0,148.0,79.0,10.0,7.0,16.0,15.0,24.0,0.0,1,0,0.0,0.0,0.7991120976692564,0.099889012208657,50.14428412874584,0.2996670366259711,4.594894561598224,0.4994450610432852,1.997780244173141,14.783573806881243,7.891231964483906,0.9988901220865704,0.6992230854605994,1.5982241953385128,1.498335183129856,2.397336293007769,0.0,0.099889012208657,0.0,12.5,53.37837837837838,70.0,1,5.44771754815768,1
56560,Youssef Maleh,2025,M,135,Serie A,520,Cremonese,1570.0,23,6.589617834394905,78.66894197952219,1.0,0.0,17.0,4.0,588.0,9.0,38.0,3.0,14.0,163.0,74.0,16.0,7.0,13.0,18.0,36.0,0.0,4,1,0.0573248407643312,0.0,0.9745222929936304,0.2292993630573248,33.70700636942675,0.5159235668789809,2.178343949044586,0.1719745222929936,0.8025477707006369,9.343949044585989,4.24203821656051,0.9171974522292992,0.4012738853503184,0.7452229299363057,1.0318471337579618,2.063694267515924,0.0,0.2292993630573248,0.0573248407643312,23.52941176470588,45.39877300613497,43.75,1,1.3925921644575736,2
67972,Conor Gallagher,2025,M,39,Premier League,47,Tottenham,1862.0,35,6.735821697099893,86.9466515323496,3.0,1.0,21.0,9.0,881.0,17.0,39.0,7.0,29.0,228.0,104.0,36.0,15.0,22.0,32.0,43.0,3.0,4,0,0.1450053705692803,0.0483351235230934,1.0150375939849623,0.435016111707841,42.58324382384533,0.8216970998925887,1.8850698174006444,0.3383458646616541,1.40171858216971,11.020408163265303,5.026852846401719,1.7400644468313642,0.7250268528464018,1.0633727175080558,1.5467239527389902,2.0784103114930184,0.1450053705692803,0.1933404940923737,0.0,42.85714285714285,45.614035087719294,41.66666666666667,1,1.8550286895395576,1
80752,Tanner Tessmann,2025,M,61,Ligue 1,80,Lyon,1960.0,29,6.909642857142857,85.97616865261229,1.0,0.0,22.0,8.0,1091.0,13.0,29.0,13.0,14.0,159.0,82.0,18.0,9.0,13.0,19.0,21.0,3.0,2,0,0.0459183673469387,0.0,1.010204081632653,0.3673469387755102,50.0969387755102,0.596938775510204,1.3316326530612246,0.596938775510204,0.6428571428571428,7.301020408163265,3.76530612244898,0.826530612244898,0.413265306122449,0.596938775510204,0.8724489795918368,0.9642857142857144,0.1377551020408163,0.0918367346938775,0.0,36.36363636363637,51.57232704402516,50.0,1,1.705140958934649,1
84218,Adama Camara,2025,M,61,Ligue 1,114,Paris FC,2171.0,29,6.759005066789498,85.96491228070175,1.0,0.0,14.0,5.0,912.0,16.0,58.0,12.0,39.0,212.0,111.0,20.0,9.0,15.0,19.0,26.0,0.0,8,0,0.0414555504375863,0.0,0.5803777061262091,0.2072777521879318,37.80746199907877,0.6632888070013818,2.404421925380009,0.4974666052510364,1.616766467065868,8.78857669276831,4.601566098572087,0.8291110087517273,0.3730999539382773,0.6218332565637955,0.787655458314141,1.0778443113772456,0.0,0.3316444035006909,0.0,35.714285714285715,52.358490566037744,45.0,1,1.9750985867191757,1
89520,Mikael Ellertsson,2025,M,135,Serie A,495,Genoa,2777.0,36,6.5777457688152685,75.66718995290424,1.0,1.0,18.0,6.0,638.0,16.0,44.0,8.0,15.0,236.0,108.0,40.0,11.0,24.0,42.0,28.0,1.0,1,1,0.0324090745408714,0.0324090745408714,0.583363341735686,0.1944544472452286,20.67698955707598,0.5185451926539432,1.4259992797983436,0.2592725963269716,0.4861361181130716,7.648541591645661,3.5001800504141163,1.296362981634858,0.3564998199495859,0.7778177889809146,1.3611811307166006,0.9074540871444003,0.0324090745408714,0.0324090745408714,0.0324090745408714,33.33333333333333,45.76271186440678,27.500000000000004,1,2.433045364746875,2
91358,Emanuele Valeri,2025,M,135,Serie A,523,Parma,2645.0,34,6.913497164461248,73.10252996005326,0.0,2.0,15.0,5.0,751.0,51.0,47.0,3.0,22.0,213.0,102.0,34.0,15.0,26.0,26.0,23.0,3.0,2,0,0.0,0.0680529300567107,0.5103969754253308,0.1701323251417769,25.553875236294896,1.735349716446125,1.5992438563327034,0.1020793950850661,0.7485822306238185,7.247637051039697,3.47069943289225,1.1568998109640831,0.5103969754253308,0.88468809073724,0.88468809073724,0.782608695652174,0.1020793950850661,0.0680529300567107,0.0,33.33333333333333,47.88732394366197,44.11764705882353,1,2.0061561066162765,2
91422,Raoul Bellanova,2025,M,135,Serie A,499,Atalanta,1387.0,24,6.691997116077865,88.9090909090909,0.0,1.0,8.0,5.0,550.0,21.0,18.0,3.0,9.0,87.0,48.0,13.0,9.0,7.0,12.0,5.0,2.0,2,0,0.0,0.0648882480173035,0.5191059841384282,0.3244412400865176,35.68853640951694,1.362653208363374,1.1679884643114635,0.1946647440519106,0.5839942321557318,5.645277577505407,3.1146359048305694,0.8435472242249459,0.5839942321557318,0.4542177361211247,0.7786589762076424,0.3244412400865176,0.129776496034607,0.129776496034607,0.0,62.5,55.172413793103445,69.23076923076923,1,2.1210767147696035,0
104821,Jon Guridi,2025,M,140,La Liga,542,Alaves,1259.0,28,6.583293556085918,82.16704288939052,0.0,0.0,11.0,4.0,443.0,11.0,29.0,2.0,10.0,143.0,65.0,19.0,8.0,17.0,8.0,15.0,2.0,1,0,0.0,0.0,0.7863383637807784,0.2859412231930103,31.66799046862589,0.7863383637807784,2.073073868149325,0.1429706115965051,0.7148530579825257,10.222398729150118,4.646544876886418,1.3582208101667992,0.5718824463860206,1.215250198570294,0.5718824463860206,1.072279586973789,0.1429706115965051,0.0714853057982525,0.0,36.36363636363637,45.45454545454545,42.10526315789473,1,1.4772525685042128,2
104949,Pablo Martínez,2025,M,140,La Liga,539,Levante,1865.0,27,6.901662198391422,78.51959361393324,1.0,5.0,18.0,4.0,689.0,36.0,18.0,12.0,19.0,143.0,57.0,33.0,14.0,13.0,12.0,31.0,4.0,3,0,0.0482573726541555,0.2412868632707774,0.868632707774799,0.193029490616622,33.24932975871314,1.737265415549598,0.868632707774799,0.5790884718498659,0.9168900804289544,6.900804289544236,2.750670241286864,1.5924932975871315,0.675603217158177,0.6273458445040214,0.5790884718498659,1.4959785522788205,0.193029490616622,0.1447721179624664,0.0,22.22222222222222,39.86013986013986,42.42424242424242,1,2.3830853413856983,2
106727,Oriol Rey,2025,M,140,La Liga,539,Levante,1327.0,20,6.710474755086661,87.5,0.0,1.0,5.0,1.0,576.0,10.0,20.0,5.0,10.0,106.0,49.0,2.0,1.0,17.0,14.0,23.0,0.0,4,0,0.0,0.0678221552373775,0.3391107761868877,0.0678221552373775,39.065561416729466,0.6782215523737755,1.356443104747551,0.3391107761868877,0.6782215523737755,7.189148455162019,3.3232856066314995,0.1356443104747551,0.0678221552373775,1.152976639035418,0.9495101733232856,1.5599095704596837,0.0,0.2712886209495102,0.0,20.0,46.22641509433962,50.0,1,1.755636415891025,1
107194,Antonio Sánchez,2025,M,140,La Liga,798,Mallorca,1088.0,30,6.603584558823529,78.57142857142857,0.0,0.0,6.0,3.0,378.0,12.0,20.0,3.0,15.0,105.0,40.0,12.0,5.0,17.0,10.0,16.0,1.0,5,1,0.0,0.0,0.4963235294117647,0.2481617647058823,31.26838235294117,0.9926470588235294,1.6544117647058825,0.2481617647058823,1.2408088235294117,8.685661764705882,3.308823529411765,0.9926470588235294,0.4136029411764706,1.40625,0.8272058823529412,1.3235294117647058,0.0827205882352941,0.4136029411764706,0.0827205882352941,50.0,38.095238095238095,41.66666666666667,1,1.3196696392190344,2
116117,Moisés Caicedo,2025,M,39,Premier League,49,Chelsea,2802.0,33,7.210206995003569,91.71943497320991,3.0,1.0,14.0,7.0,2053.0,19.0,87.0,15.0,59.0,309.0,172.0,28.0,15.0,24.0,55.0,54.0,0.0,11,1,0.0963597430406852,0.032119914346895,0.449678800856531,0.2248394004282655,65.94218415417559,0.6102783725910065,2.794432548179872,0.4817987152034261,1.8950749464668093,9.925053533190578,5.524625267665953,0.8993576017130621,0.4817987152034261,0.7708779443254818,1.7665952890792291,1.734475374732334,0.0,0.3533190578158458,0.032119914346895,50.0,55.663430420711975,53.57142857142857,1,3.387957921885933,1
125239,Kervin Arriaga,2025,M,140,La Liga,539,Levante,1544.0,27,7.06068652849741,82.93706293706293,3.0,3.0,12.0,6.0,715.0,7.0,41.0,14.0,14.0,204.0,116.0,19.0,8.0,10.0,22.0,22.0,2.0,8,1,0.1748704663212435,0.1748704663212435,0.6994818652849741,0.349740932642487,41.67746113989637,0.4080310880829015,2.389896373056995,0.816062176165803,0.816062176165803,11.89119170984456,6.761658031088083,1.1075129533678756,0.466321243523316,0.582901554404145,1.2823834196891193,1.2823834196891193,0.116580310880829,0.466321243523316,0.0582901554404145,50.0,56.86274509803921,42.10526315789473,1,1.8139064814562815,1
126980,Tommaso Barbieri,2025,M,135,Serie A,520,Cremonese,1713.0,29,6.824460011675423,73.32089552238806,0.0,1.0,9.0,2.0,536.0,10.0,45.0,8.0,13.0,231.0,112.0,33.0,16.0,23.0,26.0,40.0,1.0,8,0,0.0,0.052539404553415,0.4728546409807355,0.1050788091068301,28.16112084063048,0.5253940455341506,2.364273204903678,0.4203152364273205,0.6830122591943958,12.13660245183888,5.884413309982487,1.733800350262697,0.840630472854641,1.2084063047285465,1.3660245183887916,2.1015761821366024,0.052539404553415,0.4203152364273205,0.0,22.22222222222222,48.48484848484848,48.48484848484848,1,2.2751771693881726,2
127011,Andrea Cambiaso,2025,M,135,Serie A,496,Juventus,2794.0,36,6.917895490336436,88.02588996763754,3.0,4.0,23.0,13.0,1545.0,56.0,61.0,7.0,20.0,202.0,100.0,27.0,9.0,20.0,21.0,29.0,2.0,3,0,0.0966356478167501,0.1288475304223335,0.7408732999284181,0.4187544738725841,49.76735862562634,1.80386542591267,1.9649248389405871,0.2254831782390837,0.6442376521116678,6.506800286327845,3.2211882605583395,0.8697208303507515,0.2899069434502505,0.6442376521116678,0.6764495347172512,0.9341445955619184,0.0644237652111667,0.0966356478167501,0.0,56.52173913043478,49.50495049504951,33.33333333333333,1,1.8270400813116277,0
127426,Pol Lozano,2025,M,140,La Liga,540,Espanyol,2182.0,33,6.749450045829514,87.08994708994709,2.0,1.0,9.0,5.0,945.0,23.0,38.0,6.0,22.0,215.0,82.0,11.0,3.0,31.0,30.0,64.0,0.0,12,1,0.0824931255728689,0.0412465627864344,0.3712190650779101,0.2062328139321723,38.97800183318057,0.9486709440879926,1.5673693858845097,0.2474793767186067,0.9074243813015582,8.86801099908341,3.382218148487626,0.4537121906507791,0.1237396883593033,1.2786434463794685,1.2373968835930338,2.639780018331806,0.0,0.4949587534372135,0.0412465627864344,55.55555555555556,38.13953488372093,27.27272727272727,1,1.1130772303395753,2
127619,Jan Schöppner,2025,M,78,Bundesliga,180,1. FC Heidenheim,2260.0,31,6.660929203539824,68.00573888091822,3.0,3.0,15.0,7.0,697.0,14.0,32.0,11.0,34.0,247.0,107.0,32.0,11.0,31.0,17.0,20.0,3.0,5,0,0.1194690265486725,0.1194690265486725,0.5973451327433629,0.2787610619469026,27.756637168141594,0.5575221238938053,1.2743362831858407,0.4380530973451327,1.3539823008849556,9.836283185840708,4.261061946902655,1.2743362831858407,0.4380530973451327,1.2345132743362832,0.6769911504424778,0.7964601769911505,0.1194690265486725,0.1991150442477876,0.0,46.66666666666666,43.31983805668016,34.375,1,2.1012322188455466,2
128287,Joris Chotard,2025,M,61,Ligue 1,106,Stade Brestois 29,2777.0,33,6.930320489737126,80.92436974789916,2.0,1.0,18.0,8.0,1190.0,11.0,66.0,14.0,47.0,194.0,107.0,12.0,4.0,30.0,12.0,28.0,0.0,2,0,0.0648181490817429,0.0324090745408714,0.583363341735686,0.2592725963269716,38.56679870363702,0.3564998199495859,2.138998919697515,0.4537270435722002,1.5232265034209578,6.287360460929061,3.467770975873244,0.3889088944904573,0.1296362981634858,0.9722722362261432,0.3889088944904573,0.9074540871444003,0.0,0.0648181490817429,0.0,44.44444444444444,55.154639175257735,33.33333333333333,1,2.359648799924877,1
128342,Rassoul Ndiaye,2025,M,61,Ligue 1,111,Le Havre,2573.0,33,7.050913330742324,83.89339513325609,4.0,4.0,22.0,9.0,863.0,29.0,68.0,2.0,16.0,262.0,142.0,40.0,22.0,38.0,37.0,22.0,6.0,2,0,0.1399144966964632,0.1399144966964632,0.7695297318305481,0.3148076175670423,30.18655266226196,1.0143801010493587,2.378546443839876,0.0699572483482316,0.5596579867858531,9.164399533618344,4.966964632724446,1.3991449669646328,0.7695297318305481,1.3291877186164012,1.2942090944422853,0.7695297318305481,0.2098717450446949,0.0699572483482316,0.0,40.909090909090914,54.19847328244275,55.00000000000001,1,1.6221815308791174,1
128384,Vitinha,2025,M,61,Ligue 1,85,Paris Saint Germain,2121.0,29,7.665252239509665,93.76594969012032,1.0,7.0,24.0,10.0,2743.0,34.0,24.0,5.0,27.0,105.0,62.0,18.0,13.0,14.0,21.0,14.0,0.0,1,0,0.0424328147100424,0.297029702970297,1.0183875530410185,0.4243281471004244,116.3932107496464,1.4427157001414428,1.0183875530410185,0.2121640735502122,1.1456859971711455,4.455445544554456,2.630834512022631,0.7637906647807637,0.5516265912305516,0.594059405940594,0.8910891089108911,0.594059405940594,0.0,0.0424328147100424,0.0,41.66666666666667,59.04761904761905,72.22222222222221,1,5.595239147503474,0
128853,Derrick Köhn,2025,M,78,Bundesliga,182,Union Berlin,1910.0,29,6.827225130890052,76.30161579892281,1.0,2.0,19.0,5.0,557.0,26.0,34.0,5.0,8.0,152.0,67.0,26.0,11.0,9.0,16.0,33.0,6.0,5,1,0.0471204188481675,0.0942408376963351,0.8952879581151831,0.2356020942408377,26.246073298429323,1.225130890052356,1.6020942408376964,0.2356020942408377,0.3769633507853404,7.162303664921465,3.157068062827225,1.225130890052356,0.5183246073298429,0.4240837696335078,0.7539267015706808,1.5549738219895288,0.2827225130890052,0.2356020942408377,0.0471204188481675,26.31578947368421,44.07894736842105,42.30769230769231,1,2.1656945205038545,2
128985,Iker Losada,2025,M,140,La Liga,539,Levante,909.0,23,6.727392739273928,71.36563876651982,3.0,1.0,11.0,4.0,228.0,11.0,13.0,2.0,11.0,70.0,29.0,15.0,6.0,8.0,7.0,6.0,3.0,1,0,0.297029702970297,0.099009900990099,1.089108910891089,0.396039603960396,22.574257425742573,1.089108910891089,1.2871287128712872,0.198019801980198,1.089108910891089,6.930693069306932,2.871287128712871,1.485148514851485,0.594059405940594,0.792079207920792,0.693069306930693,0.594059405940594,0.297029702970297,0.099009900990099,0.0,36.36363636363637,41.42857142857143,40.0,1,2.1904209003699897,2
128987,Salis Abdul Samed,2025,M,61,Ligue 1,84,Nice,933.0,19,6.502036441586281,91.8552036199095,0.0,0.0,1.0,0.0,442.0,1.0,11.0,1.0,10.0,79.0,29.0,8.0,2.0,7.0,10.0,19.0,0.0,3,0,0.0,0.0,0.0964630225080385,0.0,42.636655948553056,0.0964630225080385,1.0610932475884245,0.0964630225080385,0.964630225080386,7.620578778135049,2.797427652733119,0.7717041800643086,0.1929260450160771,0.6752411575562701,0.964630225080386,1.832797427652733,0.0,0.2893890675241157,0.0,0.0,36.70886075949368,25.0,1,2.3514157296815674,2
129142,Ilia Gruev,2025,M,39,Premier League,63,Leeds,1334.0,23,6.790547636909228,89.55479452054794,0.0,3.0,6.0,1.0,584.0,11.0,24.0,6.0,15.0,113.0,52.0,7.0,6.0,19.0,9.0,16.0,0.0,3,0,0.0,0.2023988005997001,0.4047976011994003,0.0674662668665667,39.400299850074965,0.7421289355322339,1.6191904047976011,0.4047976011994003,1.0119940029985008,7.623688155922038,3.5082458770614693,0.472263868065967,0.4047976011994003,1.2818590704647677,0.6071964017991005,1.0794602698650675,0.0,0.2023988005997001,0.0,16.666666666666664,46.017699115044245,85.71428571428571,1,1.298481928215712,1
133609,Pedri,2025,M,140,La Liga,529,Barcelona,2107.0,29,7.604746084480304,91.58150851581507,2.0,9.0,16.0,10.0,2055.0,64.0,50.0,2.0,24.0,229.0,140.0,55.0,37.0,31.0,43.0,9.0,1.0,2,1,0.0854295206454675,0.3844328429046037,0.68343616516374,0.4271476032273374,87.77883246321784,2.73374466065496,2.135738016136687,0.0854295206454675,1.02515424774561,9.781680113906027,5.980066445182724,2.349311817750356,1.5804461319411487,1.324157570004746,1.8367346938775508,0.3844328429046037,0.0427147603227337,0.0854295206454675,0.0427147603227337,62.5,61.135371179039296,67.27272727272727,1,4.436391237343591,0
135749,Félix Correia,2025,M,61,Ligue 1,79,Lille,2068.0,34,6.980599903241413,78.72832369942196,4.0,5.0,26.0,9.0,865.0,38.0,29.0,2.0,21.0,178.0,84.0,48.0,17.0,12.0,28.0,14.0,3.0,2,0,0.1740812379110251,0.2176015473887814,1.1315280464216635,0.3916827852998066,37.64506769825918,1.653771760154739,1.2620889748549324,0.0870406189555125,0.913926499032882,7.746615087040619,3.655705996131528,2.0889748549323017,0.7398452611218568,0.5222437137330754,1.218568665377176,0.6092843326885881,0.1305609284332688,0.0870406189555125,0.0,34.61538461538461,47.19101123595505,35.41666666666667,1,1.9504977016423104,2
137210,Angelo Stiller,2025,M,78,Bundesliga,172,VfB Stuttgart,2750.0,34,7.277345454545455,88.10648346930013,2.0,5.0,12.0,8.0,2329.0,56.0,49.0,7.0,30.0,240.0,140.0,24.0,14.0,17.0,44.0,18.0,0.0,1,0,0.0654545454545454,0.1636363636363636,0.3927272727272727,0.2618181818181818,76.22181818181818,1.8327272727272728,1.6036363636363635,0.2290909090909091,0.981818181818182,7.854545454545455,4.581818181818182,0.7854545454545455,0.4581818181818182,0.5563636363636364,1.44,0.5890909090909091,0.0,0.0327272727272727,0.0,66.66666666666666,58.333333333333336,58.333333333333336,1,2.802075424305957,0
138908,Elliot Anderson,2025,M,39,Premier League,65,Nottingham Forest,3334.0,38,7.353569286142772,85.52852348993288,4.0,4.0,26.0,10.0,2384.0,55.0,104.0,16.0,41.0,542.0,297.0,92.0,50.0,40.0,80.0,57.0,2.0,8,0,0.1079784043191361,0.1079784043191361,0.7018596280743851,0.2699460107978405,64.35512897420516,1.4847030593881223,2.8074385122975403,0.4319136172765446,1.1067786442711458,14.63107378524295,8.017396520695861,2.483503299340132,1.349730053989202,1.079784043191362,2.159568086382724,1.5386922615476903,0.053989202159568,0.2159568086382723,0.0,38.46153846153847,54.79704797047971,54.34782608695652,1,3.6845792571123575,1
143831,Robin Fellhauer,2025,M,78,Bundesliga,170,FC Augsburg,2810.0,34,6.8323843416370105,75.63676633444075,3.0,2.0,24.0,9.0,903.0,31.0,57.0,9.0,24.0,275.0,144.0,34.0,15.0,30.0,33.0,24.0,6.0,2,0,0.096085409252669,0.0640569395017793,0.7686832740213524,0.2882562277580071,28.92170818505338,0.99288256227758,1.825622775800712,0.2882562277580071,0.7686832740213524,8.807829181494663,4.612099644128114,1.0889679715302492,0.4804270462633452,0.9608540925266904,1.0569395017793597,0.7686832740213524,0.1921708185053381,0.0640569395017793,0.0,37.5,52.36363636363637,44.11764705882353,1,1.2112072687848812,2
144740,Fisayo Dele-Bashiru,2025,M,135,Serie A,487,Lazio,1185.0,24,6.5229535864978905,92.20489977728286,1.0,0.0,8.0,2.0,449.0,11.0,19.0,0.0,3.0,74.0,31.0,13.0,5.0,3.0,3.0,8.0,2.0,0,0,0.0759493670886076,0.0,0.6075949367088608,0.1518987341772152,34.10126582278481,0.8354430379746836,1.4430379746835442,0.0,0.2278481012658227,5.620253164556962,2.354430379746835,0.9873417721518988,0.3797468354430379,0.2278481012658227,0.2278481012658227,0.6075949367088608,0.1518987341772152,0.0,0.0,25.0,41.891891891891895,38.46153846153847,1,2.6940435563444805,2
146586,Joel Chima Fujita,2025,M,78,Bundesliga,186,FC St. Pauli,2671.0,32,6.733620366903781,76.70068027210884,1.0,3.0,21.0,7.0,1176.0,30.0,68.0,4.0,33.0,312.0,148.0,85.0,47.0,36.0,19.0,37.0,4.0,6,0,0.0336952452265069,0.1010857356795207,0.7076001497566455,0.2358667165855484,39.62560838637214,1.0108573567952075,2.291276675402471,0.1347809809060277,1.1119430924747284,10.51291651067016,4.986896293523025,2.8640958442530886,1.5836765256458254,1.2130288281542494,0.6402096593036316,1.2467240733807563,0.1347809809060277,0.2021714713590415,0.0,33.33333333333333,47.43589743589743,55.294117647058826,1,1.7519504535099093,2
148448,Arkadiusz Pyrka,2025,M,78,Bundesliga,186,FC St. Pauli,2580.0,31,6.679108527131784,73.36244541484717,0.0,1.0,9.0,3.0,916.0,24.0,39.0,11.0,24.0,203.0,99.0,44.0,16.0,11.0,31.0,17.0,0.0,3,0,0.0,0.0348837209302325,0.313953488372093,0.1046511627906976,31.953488372093023,0.8372093023255813,1.3604651162790695,0.3837209302325581,0.8372093023255813,7.081395348837209,3.453488372093024,1.5348837209302326,0.5581395348837209,0.3837209302325581,1.0813953488372092,0.5930232558139534,0.0,0.1046511627906976,0.0,33.33333333333333,48.76847290640394,36.36363636363637,1,1.6312103626104115,2
157912,Boubacar Traoré,2025,M,61,Ligue 1,112,Metz,1391.0,20,6.725736879942486,86.65594855305466,1.0,0.0,15.0,3.0,622.0,4.0,47.0,1.0,14.0,177.0,92.0,26.0,18.0,14.0,5.0,32.0,0.0,4,0,0.0647016534867002,0.0,0.9705248023005032,0.1941049604601006,40.244428468727534,0.2588066139468009,3.04097771387491,0.0647016534867002,0.9058231488138032,11.45219266714594,5.95255212077642,1.6822429906542056,1.164629762760604,0.9058231488138032,0.3235082674335011,2.070452911574407,0.0,0.2588066139468009,0.0,20.0,51.9774011299435,69.23076923076923,1,2.64108505896455,1
157988,Sergio Carreira,2025,M,140,La Liga,538,Celta Vigo,2693.0,34,6.835475482912332,85.37392455327598,2.0,1.0,11.0,7.0,1511.0,19.0,32.0,3.0,24.0,202.0,104.0,54.0,26.0,13.0,36.0,20.0,2.0,2,0,0.0668399554400297,0.0334199777200148,0.3676197549201633,0.2339398440401039,50.49758633494244,0.6349795766802823,1.0694392870404752,0.1002599331600445,0.8020794652803565,6.750835499443,3.475677682881545,1.804678796880802,0.8689194207203863,0.4344597103601931,1.203119197920535,0.6683995544002971,0.0668399554400297,0.0668399554400297,0.0,63.63636363636363,51.48514851485149,48.14814814814815,1,1.9258738070658208,1
161569,Oliver Sørensen,2025,M,135,Serie A,523,Parma,1835.0,34,6.504362050163577,82.87937743190662,1.0,1.0,10.0,3.0,514.0,10.0,18.0,2.0,17.0,142.0,57.0,23.0,7.0,15.0,20.0,13.0,2.0,1,0,0.0490463215258855,0.0490463215258855,0.4904632152588555,0.1471389645776566,25.20980926430517,0.4904632152588555,0.8828337874659401,0.0980926430517711,0.8337874659400545,6.96457765667575,2.795640326975477,1.128065395095368,0.3433242506811989,0.7356948228882834,0.9809264305177112,0.6376021798365122,0.0980926430517711,0.0490463215258855,0.0,30.0,40.140845070422536,30.434782608695656,1,2.4036149026650016,2
161933,Nico González,2025,M,39,Premier League,50,Manchester City,1575.0,25,7.0882539682539685,90.3201219512195,1.0,0.0,5.0,2.0,1312.0,11.0,42.0,6.0,25.0,190.0,105.0,17.0,12.0,10.0,18.0,30.0,0.0,6,0,0.0571428571428571,0.0,0.2857142857142857,0.1142857142857142,74.97142857142858,0.6285714285714286,2.4000000000000004,0.3428571428571428,1.4285714285714284,10.857142857142858,6.0,0.9714285714285716,0.6857142857142857,0.5714285714285714,1.0285714285714285,1.7142857142857144,0.0,0.3428571428571428,0.0,40.0,55.26315789473685,70.58823529411765,1,2.8398566492073702,1
162032,Miguel Gutiérrez,2025,M,135,Serie A,492,Napoli,1490.0,28,6.867360644728006,88.36915297092288,1.0,1.0,13.0,5.0,794.0,21.0,33.0,1.0,9.0,140.0,78.0,23.0,8.0,9.0,28.0,19.0,1.0,0,0,0.0604026845637583,0.0604026845637583,0.785234899328859,0.3020134228187919,47.95973154362416,1.2684563758389262,1.993288590604027,0.0604026845637583,0.5436241610738255,8.456375838926174,4.711409395973154,1.389261744966443,0.4832214765100671,0.5436241610738255,1.691275167785235,1.1476510067114094,0.0604026845637583,0.0,0.0,38.46153846153847,55.71428571428572,34.78260869565217,1,1.5545231637639212,1
162123,Ilaix Moriba,2025,M,140,La Liga,538,Celta Vigo,2495.0,36,6.861523046092184,88.30297219558965,2.0,3.0,14.0,5.0,1043.0,17.0,87.0,7.0,25.0,306.0,173.0,28.0,13.0,23.0,58.0,40.0,0.0,8,0,0.0721442885771543,0.1082164328657314,0.5050100200400801,0.1803607214428857,37.62324649298597,0.6132264529058117,3.1382765531062127,0.25250501002004,0.9018036072144288,11.03807615230461,6.240480961923847,1.0100200400801602,0.468937875751503,0.8296593186372745,2.092184368737475,1.442885771543086,0.0,0.2885771543086172,0.0,35.714285714285715,56.5359477124183,46.42857142857143,1,2.7310635242100023,1
162266,Lucas Da Cunha,2025,M,135,Serie A,895,Como,2748.0,36,7.17419941775837,90.25744573447754,6.0,4.0,30.0,16.0,1981.0,45.0,57.0,1.0,18.0,240.0,115.0,33.0,22.0,30.0,19.0,35.0,1.0,4,0,0.1965065502183406,0.131004366812227,0.982532751091703,0.5240174672489083,64.87991266375546,1.4737991266375543,1.866812227074236,0.0327510917030567,0.5895196506550218,7.860262008733624,3.766375545851529,1.0807860262008733,0.7205240174672489,0.982532751091703,0.6222707423580787,1.1462882096069869,0.0327510917030567,0.131004366812227,0.0,53.333333333333336,47.91666666666667,66.66666666666666,1,2.0468950948207825,0
162452,Devyne Rensch,2025,M,135,Serie A,497,AS Roma,1196.0,24,7.016204869857262,81.39963167587477,1.0,4.0,4.0,2.0,543.0,10.0,31.0,5.0,17.0,103.0,64.0,7.0,4.0,9.0,18.0,6.0,3.0,1,0,0.0752508361204013,0.3010033444816054,0.3010033444816054,0.1505016722408027,40.86120401337792,0.7525083612040133,2.3327759197324416,0.3762541806020066,1.279264214046823,7.750836120401337,4.816053511705686,0.5267558528428093,0.3010033444816054,0.677257525083612,1.354515050167224,0.451505016722408,0.225752508361204,0.0752508361204013,0.0,50.0,62.13592233009708,57.14285714285714,1,1.5383186689806256,1
162480,Eric Martel,2025,M,78,Bundesliga,192,1. FC Köln,2564.0,31,6.839352574102963,86.3091037402964,2.0,2.0,12.0,4.0,1417.0,14.0,46.0,22.0,35.0,345.0,186.0,4.0,2.0,25.0,51.0,42.0,0.0,12,1,0.0702028081123244,0.0702028081123244,0.421216848673947,0.1404056162246489,49.73868954758191,0.4914196567862715,1.6146645865834637,0.7722308892355695,1.2285491419656789,12.109984399375977,6.528861154446178,0.1404056162246489,0.0702028081123244,0.8775351014040562,1.7901716068642746,1.4742589703588145,0.0,0.421216848673947,0.0351014040561622,33.33333333333333,53.91304347826087,50.0,1,2.366231449579935,1
162590,Tyler Morton,2025,M,61,Ligue 1,80,Lyon,2524.0,29,7.143898573692552,87.79683377308707,2.0,2.0,14.0,8.0,1516.0,29.0,48.0,13.0,22.0,180.0,98.0,21.0,14.0,12.0,19.0,29.0,0.0,6,1,0.0713153724247226,0.0713153724247226,0.4992076069730586,0.2852614896988906,54.05705229793978,1.0340729001584783,1.711568938193344,0.4635499207606973,0.7844690966719493,6.418383518225039,3.4944532488114106,0.7488114104595879,0.4992076069730586,0.4278922345483359,0.6774960380348654,1.0340729001584783,0.0,0.2139461172741679,0.0356576862123613,57.14285714285714,54.44444444444444,66.66666666666666,1,1.4125688508618397,0
162686,Antonio Blanco,2025,M,140,La Liga,542,Alaves,3116.0,36,6.903818998716304,85.50408719346049,2.0,3.0,24.0,13.0,1835.0,22.0,93.0,11.0,53.0,406.0,192.0,31.0,23.0,65.0,43.0,71.0,2.0,9,0,0.0577663671373555,0.0866495507060333,0.693196405648267,0.3754813863928113,53.00064184852375,0.6354300385109114,2.6861360718870344,0.3177150192554557,1.530808729139923,11.726572528883183,5.545571245186136,0.8953786906290117,0.6643132220795892,1.8774069319640565,1.241976893453145,2.050706033376124,0.0577663671373555,0.2599486521181001,0.0,54.16666666666666,47.29064039408867,74.19354838709677,1,2.346291848352899,1
162712,Óscar Mingueza,2025,M,140,La Liga,538,Celta Vigo,1967.0,34,7.020142421159715,85.03236245954693,1.0,4.0,10.0,5.0,1236.0,32.0,42.0,5.0,9.0,185.0,99.0,29.0,15.0,34.0,28.0,15.0,1.0,4,0,0.0457549567869852,0.183019827147941,0.4575495678698525,0.2287747839349262,56.55312658871378,1.464158617183528,1.9217081850533808,0.2287747839349262,0.4117946110828673,8.464667005592272,4.529740721911541,1.3268937468225726,0.6863243518047788,1.555668530757499,1.281138790035587,0.6863243518047788,0.0457549567869852,0.183019827147941,0.0,50.0,53.51351351351351,51.72413793103448,1,1.8369679230661229,0
162714,Amadou Onana,2025,M,39,Premier League,66,Aston Villa,1776.0,25,7.090765765765767,87.39693757361601,2.0,0.0,15.0,7.0,849.0,7.0,48.0,17.0,24.0,190.0,121.0,13.0,7.0,11.0,25.0,20.0,0.0,3,0,0.1013513513513513,0.0,0.7601351351351352,0.3547297297297297,43.023648648648646,0.3547297297297297,2.4324324324324325,0.8614864864864864,1.2162162162162162,9.62837837837838,6.131756756756756,0.6587837837837838,0.3547297297297297,0.5574324324324325,1.266891891891892,1.0135135135135134,0.0,0.152027027027027,0.0,46.66666666666666,63.68421052631579,53.84615384615385,1,1.6186474948314262,1
162907,Alessandro Zanoli,2025,M,135,Serie A,494,Udinese,1290.0,19,6.87124031007752,80.45977011494253,1.0,2.0,3.0,1.0,348.0,15.0,25.0,5.0,7.0,115.0,61.0,33.0,14.0,9.0,5.0,16.0,1.0,1,0,0.0697674418604651,0.1395348837209302,0.2093023255813953,0.0697674418604651,24.27906976744186,1.0465116279069768,1.744186046511628,0.3488372093023256,0.4883720930232558,8.023255813953488,4.255813953488372,2.302325581395349,0.9767441860465116,0.627906976744186,0.3488372093023256,1.1162790697674418,0.0697674418604651,0.0697674418604651,0.0,33.33333333333333,53.04347826086957,42.42424242424242,1,2.452201101592969,2
163022,Patrick Osterhage,2025,M,78,Bundesliga,160,SC Freiburg,1197.0,20,6.641353383458647,86.65207877461707,1.0,0.0,5.0,2.0,457.0,6.0,14.0,10.0,17.0,101.0,41.0,17.0,6.0,6.0,13.0,13.0,2.0,4,0,0.075187969924812,0.0,0.3759398496240601,0.150375939849624,34.3609022556391,0.4511278195488721,1.0526315789473684,0.7518796992481203,1.2781954887218046,7.593984962406014,3.082706766917293,1.2781954887218046,0.4511278195488721,0.4511278195488721,0.9774436090225564,0.9774436090225564,0.150375939849624,0.3007518796992481,0.0,40.0,40.5940594059406,35.294117647058826,1,2.079873336496432,2
174625,Fodé Doucouré,2025,M,61,Ligue 1,111,Le Havre,1242.0,26,6.895813204508857,81.01851851851852,3.0,1.0,13.0,8.0,432.0,18.0,36.0,1.0,9.0,113.0,56.0,20.0,7.0,11.0,4.0,14.0,2.0,2,0,0.217391304347826,0.072463768115942,0.9420289855072465,0.5797101449275363,31.30434782608696,1.3043478260869563,2.608695652173913,0.072463768115942,0.6521739130434783,8.18840579710145,4.057971014492754,1.4492753623188404,0.5072463768115942,0.7971014492753623,0.2898550724637681,1.0144927536231885,0.144927536231884,0.144927536231884,0.0,61.53846153846154,49.55752212389381,35.0,1,2.01816192843986,2
174660,Lilian Raolisoa,2025,M,61,Ligue 1,77,Angers,1976.0,32,6.831376518218623,74.3076923076923,2.0,4.0,10.0,6.0,654.0,22.0,52.0,4.0,15.0,223.0,116.0,40.0,17.0,17.0,17.0,27.0,1.0,3,0,0.0910931174089068,0.1821862348178137,0.4554655870445344,0.2732793522267207,29.78744939271255,1.0020242914979756,2.3684210526315788,0.1821862348178137,0.6831983805668016,10.156882591093115,5.283400809716599,1.8218623481781373,0.7742914979757085,0.7742914979757085,0.7742914979757085,1.229757085020243,0.0455465587044534,0.1366396761133603,0.0,60.0,52.01793721973094,42.5,1,1.6557396874300505,2
174703,Théo Le Bris,2025,M,61,Ligue 1,97,Lorient,1898.0,28,6.860484720758693,86.26198083067092,2.0,2.0,15.0,7.0,626.0,13.0,40.0,2.0,17.0,117.0,65.0,23.0,11.0,15.0,7.0,9.0,0.0,0,0,0.0948366701791359,0.0948366701791359,0.7112750263435196,0.3319283456269757,29.68387776606955,0.6164383561643836,1.8967334035827184,0.0948366701791359,0.8061116965226555,5.547945205479452,3.0821917808219177,1.0906217070600632,0.5216016859852477,0.7112750263435196,0.3319283456269757,0.4267650158061117,0.0,0.0,0.0,46.66666666666666,55.55555555555556,47.82608695652174,1,2.05256441086763,2
174708,Yassin Belkhdim,2025,M,61,Ligue 1,77,Angers,2149.0,27,6.800093066542577,84.11602209944752,2.0,2.0,24.0,14.0,724.0,15.0,59.0,6.0,36.0,191.0,103.0,18.0,5.0,19.0,29.0,29.0,2.0,5,0,0.0837598883201489,0.0837598883201489,1.005118659841787,0.5863192182410424,30.3210795718939,0.6281991624011168,2.470916705444393,0.2512796649604467,1.5076779897626802,7.99906933457422,4.313634248487669,0.7538389948813401,0.2093997208003722,0.7957189390414146,1.2145183806421591,1.2145183806421591,0.0837598883201489,0.2093997208003722,0.0,58.333333333333336,53.92670157068062,27.77777777777778,1,2.126530968366002,1
174937,Yassine Kechta,2025,M,61,Ligue 1,111,Le Havre,1348.0,30,6.565824665676078,79.66507177033493,2.0,1.0,16.0,9.0,418.0,15.0,32.0,4.0,17.0,170.0,58.0,25.0,7.0,26.0,16.0,35.0,3.0,4,0,0.1335311572700296,0.0667655786350148,1.0682492581602374,0.6008902077151335,27.9080118694362,1.0014836795252229,2.136498516320475,0.2670623145400593,1.1350148367952522,11.350148367952524,3.8724035608308607,1.6691394658753709,0.4673590504451038,1.735905044510386,1.0682492581602374,2.3367952522255195,0.2002967359050445,0.2670623145400593,0.0,56.25,34.11764705882353,28.000000000000004,1,1.829329047623083,2
178709,Yannick Engelhardt,2025,M,78,Bundesliga,163,Borussia Mönchengladbach,2497.0,31,6.763636363636364,86.05877920120572,2.0,2.0,17.0,5.0,1327.0,14.0,43.0,11.0,34.0,243.0,120.0,11.0,6.0,34.0,34.0,41.0,0.0,7,0,0.0720865038045654,0.0720865038045654,0.6127352823388066,0.1802162595114137,47.8293952743292,0.5046055266319583,1.5498598317981578,0.3964757709251101,1.2254705646776132,8.758510212254706,4.325190228273929,0.3964757709251101,0.2162595114136964,1.2254705646776132,1.2254705646776132,1.4777733279935923,0.0,0.2523027633159792,0.0,29.411764705882355,49.38271604938272,54.54545454545454,1,1.442224654322025,1
179843,Lucas Gourna-Douath,2025,M,61,Ligue 1,111,Le Havre,1275.0,15,6.852941176470588,86.96428571428572,0.0,0.0,6.0,2.0,560.0,6.0,26.0,11.0,14.0,149.0,84.0,16.0,8.0,13.0,35.0,24.0,2.0,4,0,0.0,0.0,0.4235294117647058,0.1411764705882353,39.52941176470589,0.4235294117647058,1.835294117647059,0.776470588235294,0.9882352941176472,10.51764705882353,5.929411764705883,1.1294117647058823,0.5647058823529412,0.9176470588235296,2.4705882352941178,1.6941176470588233,0.1411764705882353,0.2823529411764706,0.0,33.33333333333333,56.375838926174495,50.0,1,2.6121865812102363,1
179955,Javier Rueda,2025,M,140,La Liga,538,Celta Vigo,1410.0,26,6.775815602836879,76.31578947368422,2.0,6.0,9.0,3.0,532.0,14.0,19.0,6.0,21.0,148.0,69.0,41.0,21.0,9.0,21.0,25.0,3.0,6,0,0.1276595744680851,0.3829787234042553,0.5744680851063829,0.1914893617021276,33.95744680851064,0.8936170212765958,1.2127659574468086,0.3829787234042553,1.3404255319148937,9.4468085106383,4.404255319148937,2.617021276595745,1.3404255319148937,0.5744680851063829,1.3404255319148937,1.595744680851064,0.1914893617021276,0.3829787234042553,0.0,33.33333333333333,46.62162162162162,51.21951219512195,1,2.088604264532308,2
181259,Abel Bretones,2025,M,140,La Liga,727,Osasuna,1658.0,28,6.801387213510252,77.18253968253968,1.0,2.0,10.0,3.0,504.0,13.0,33.0,5.0,18.0,147.0,78.0,29.0,13.0,17.0,19.0,17.0,1.0,5,1,0.0542822677925211,0.1085645355850422,0.5428226779252111,0.1628468033775633,27.35826296743064,0.7056694813027744,1.7913148371531966,0.2714113389626055,0.97708082026538,7.979493365500604,4.234016887816646,1.5741857659831122,0.7056694813027744,0.9227985524728588,1.031363088057901,0.9227985524728588,0.0542822677925211,0.2714113389626055,0.0542822677925211,30.0,53.06122448979592,44.82758620689656,1,1.4217842870651525,2
181908,Jan Uwe Thielmann,2025,M,78,Bundesliga,192,1. FC Köln,1553.0,26,6.76780424983902,75.1231527093596,3.0,1.0,17.0,10.0,406.0,14.0,18.0,3.0,15.0,137.0,67.0,24.0,8.0,12.0,23.0,11.0,4.0,4,0,0.1738570508692852,0.0579523502897617,0.98518995492595,0.5795235028976174,23.52865421764327,0.8113329040566645,1.0431423052157114,0.1738570508692852,0.8692852543464263,7.93947198969736,3.882807469414037,1.390856406954282,0.463618802318094,0.6954282034771411,1.3329040566645205,0.6374758531873793,0.231809401159047,0.231809401159047,0.0,58.82352941176471,48.9051094890511,33.33333333333333,1,2.202094722691697,2
182201,Tyrick Mitchell,2025,M,39,Premier League,52,Crystal Palace,3253.0,38,6.802797417768214,73.08039747064137,1.0,2.0,14.0,7.0,1107.0,29.0,101.0,12.0,34.0,306.0,170.0,43.0,15.0,21.0,28.0,23.0,5.0,6,0,0.0276667691361819,0.0553335382723639,0.3873347679065477,0.1936673839532738,30.62711343375346,0.8023363049492775,2.7943436827543806,0.3320012296341838,0.9406701506301876,8.466031355671687,4.7033507531509375,1.1896710728558253,0.4150015370427298,0.5810021518598217,0.7746695358130955,0.6363356901321857,0.1383338456809099,0.1660006148170919,0.0,50.0,55.55555555555556,34.88372093023256,1,1.7471207892846832,2
182486,Alberto Reina,2025,M,140,La Liga,718,Oviedo,2487.0,37,6.764937675914758,85.38461538461539,4.0,1.0,19.0,11.0,1040.0,34.0,44.0,6.0,19.0,235.0,120.0,29.0,14.0,15.0,46.0,37.0,2.0,6,1,0.1447527141133896,0.0361881785283474,0.6875753920386007,0.3980699638118214,37.6357056694813,1.2303980699638115,1.5922798552472857,0.2171290711700844,0.6875753920386007,8.504221954161642,4.342581423401689,1.0494571773220749,0.5066344993968637,0.5428226779252111,1.6646562123039808,1.3389626055488542,0.0723763570566948,0.2171290711700844,0.0361881785283474,57.89473684210527,51.06382978723404,48.27586206896552,1,1.43737885110748,1
182621,Iker Muñoz,2025,M,140,La Liga,727,Osasuna,953.0,19,6.75183630640084,85.23489932885906,0.0,0.0,8.0,4.0,449.0,5.0,12.0,2.0,12.0,113.0,51.0,11.0,4.0,15.0,21.0,18.0,1.0,5,0,0.0,0.0,0.7555089192025184,0.3777544596012592,42.40293809024134,0.4721930745015739,1.1332633788037776,0.1888772298006296,1.1332633788037776,10.671563483735572,4.816369359916055,1.038824763903463,0.3777544596012592,1.416579223504722,1.983210912906611,1.6998950682056664,0.0944386149003148,0.4721930745015739,0.0,50.0,45.13274336283185,36.36363636363637,1,2.3132042943107853,1
182772,Juanlu Sánchez,2025,M,140,La Liga,536,Sevilla,2002.0,32,6.7508991008991,83.22411533420708,0.0,3.0,7.0,1.0,763.0,22.0,64.0,0.0,12.0,269.0,151.0,51.0,27.0,31.0,42.0,23.0,4.0,6,1,0.0,0.1348651348651348,0.3146853146853147,0.0449550449550449,34.3006993006993,0.989010989010989,2.877122877122877,0.0,0.5394605394605395,12.092907092907094,6.788211788211788,2.2927072927072927,1.2137862137862137,1.3936063936063936,1.888111888111888,1.033966033966034,0.1798201798201798,0.2697302697302697,0.0449550449550449,14.285714285714285,56.13382899628253,52.94117647058824,1,2.855094782937401,1
183699,Urko González,2025,M,140,La Liga,540,Espanyol,2629.0,36,6.666945606694561,80.89430894308943,0.0,1.0,12.0,1.0,984.0,11.0,54.0,11.0,32.0,277.0,133.0,23.0,15.0,43.0,42.0,42.0,1.0,7,0,0.0,0.0342335488779003,0.4108025865348041,0.0342335488779003,33.68581209585394,0.3765690376569037,1.8486116394066183,0.3765690376569037,1.095473564092811,9.482693039178397,4.553062000760746,0.7873716241917079,0.5135032331685051,1.4720426017497146,1.4378090528718144,1.4378090528718144,0.0342335488779003,0.2396348421453023,0.0,8.333333333333332,48.014440433213,65.21739130434783,1,1.6428488835040818,1
183744,Beñat Turrientes,2025,M,140,La Liga,548,Real Sociedad,1367.0,27,6.786978785662033,86.58008658008657,0.0,3.0,15.0,6.0,695.0,12.0,40.0,6.0,9.0,176.0,94.0,32.0,20.0,15.0,23.0,28.0,0.0,7,0,0.0,0.1975128017556693,0.9875640087783468,0.3950256035113387,45.75713240673007,0.7900512070226774,2.6335040234089244,0.3950256035113387,0.592538405267008,11.587417702999268,6.188734455010973,2.10680321872714,1.3167520117044622,0.9875640087783468,1.5142648134601315,1.843452816386248,0.0,0.4608632040965618,0.0,40.0,53.40909090909091,62.5,1,2.167099562420662,1
187318,Marc Aguado,2025,M,140,La Liga,797,Elche,2522.0,35,6.838342585249801,90.86792452830188,1.0,2.0,2.0,2.0,1325.0,11.0,48.0,21.0,43.0,137.0,79.0,1.0,0.0,9.0,23.0,25.0,0.0,3,0,0.035685963521015,0.0713719270420301,0.0713719270420301,0.0713719270420301,47.28390166534496,0.3925455987311657,1.7129262490087231,0.7494052339413164,1.5344964314036478,4.888977002379065,2.81919111816019,0.035685963521015,0.0,0.3211736716891356,0.8207771609833466,0.8921490880253766,0.0,0.1070578905630452,0.0,100.0,57.66423357664233,0.0,1,2.7486690812298376,1
193617,Tom Louchet,2025,M,61,Ligue 1,84,Nice,1467.0,28,6.878527607361963,78.84615384615384,3.0,3.0,13.0,6.0,572.0,22.0,39.0,4.0,10.0,139.0,72.0,28.0,12.0,13.0,13.0,16.0,0.0,1,1,0.1840490797546012,0.1840490797546012,0.7975460122699387,0.3680981595092025,35.0920245398773,1.3496932515337423,2.392638036809816,0.2453987730061349,0.6134969325153374,8.52760736196319,4.41717791411043,1.7177914110429449,0.736196319018405,0.7975460122699387,0.7975460122699387,0.98159509202454,0.0,0.0613496932515337,0.0613496932515337,46.15384615384615,51.798561151079134,42.85714285714285,1,1.4742971996545546,2
193952,Johann Lepenant,2025,M,61,Ligue 1,83,Nantes,2175.0,27,6.840367816091954,80.1944106925881,0.0,1.0,15.0,7.0,823.0,33.0,79.0,3.0,27.0,285.0,150.0,29.0,10.0,48.0,48.0,30.0,0.0,4,0,0.0,0.0413793103448275,0.6206896551724138,0.2896551724137931,34.0551724137931,1.3655172413793104,3.26896551724138,0.1241379310344827,1.1172413793103448,11.793103448275865,6.206896551724138,1.2000000000000002,0.4137931034482758,1.986206896551724,1.986206896551724,1.2413793103448276,0.0,0.1655172413793103,0.0,46.66666666666666,52.63157894736842,34.48275862068966,1,2.904322993750255,1
195103,João Gomes,2025,M,39,Premier League,39,Wolves,2843.0,35,6.793527963418923,85.54714384033035,1.0,1.0,13.0,7.0,1453.0,16.0,108.0,6.0,36.0,449.0,227.0,67.0,43.0,49.0,49.0,69.0,1.0,10,0,0.0316567006683081,0.0316567006683081,0.4115371086880056,0.2215969046781568,45.9971860710517,0.50650721069293,3.4189236721772773,0.1899402040098487,1.1396412240590923,14.213858600070347,7.1860710517059445,2.120998944776644,1.3612381287372493,1.5511783327470985,1.5511783327470985,2.184312346113261,0.0316567006683081,0.3165670066830812,0.0,53.84615384615385,50.55679287305123,64.17910447761194,1,3.4142172829952573,1
197448,Yan Couto,2025,M,78,Bundesliga,165,Borussia Dortmund,1010.0,19,6.954158415841583,81.69934640522875,2.0,2.0,7.0,4.0,459.0,17.0,20.0,1.0,7.0,106.0,48.0,25.0,13.0,9.0,13.0,17.0,2.0,4,0,0.1782178217821782,0.1782178217821782,0.6237623762376238,0.3564356435643564,40.9009900990099,1.5148514851485149,1.7821782178217822,0.0891089108910891,0.6237623762376238,9.445544554455443,4.2772277227722775,2.227722772277228,1.1584158415841583,0.8019801980198019,1.1584158415841583,1.5148514851485149,0.1782178217821782,0.3564356435643564,0.0,57.14285714285714,45.28301886792453,52.0,1,1.4957933755843211,2
198654,Daniel Svensson,2025,M,78,Bundesliga,165,Borussia Dortmund,2452.0,33,6.8040375203915175,83.45238095238095,2.0,2.0,8.0,4.0,840.0,35.0,38.0,8.0,20.0,193.0,93.0,24.0,12.0,16.0,22.0,28.0,2.0,0,0,0.0734094616639478,0.0734094616639478,0.2936378466557912,0.1468189233278956,30.83197389885808,1.2846655791190864,1.394779771615008,0.2936378466557912,0.734094616639478,7.084013050570962,3.4135399673735725,0.8809135399673735,0.4404567699836867,0.5872756933115824,0.8075040783034257,1.0277324632952691,0.0734094616639478,0.0,0.0,50.0,48.18652849740933,50.0,1,1.753443828238826,2
202526,Eren Dinkçi,2025,M,78,Bundesliga,180,1. FC Heidenheim,1399.0,22,6.908220157255182,70.61728395061728,3.0,1.0,24.0,9.0,405.0,11.0,25.0,1.0,10.0,117.0,45.0,28.0,11.0,21.0,5.0,11.0,0.0,4,0,0.1929949964260185,0.0643316654753395,1.543959971408149,0.5789849892780558,26.05432451751251,0.7076483202287348,1.6082916368834883,0.0643316654753395,0.6433166547533953,7.526804860614725,2.894924946390278,1.801286633309507,0.7076483202287348,1.35096497498213,0.3216583273766976,0.7076483202287348,0.0,0.2573266619013581,0.0,37.5,38.46153846153847,39.285714285714285,1,2.638895927974032,2
202636,Louis Oppie,2025,M,78,Bundesliga,186,FC St. Pauli,1616.0,23,6.62394801980198,78.39506172839506,1.0,0.0,12.0,4.0,648.0,10.0,24.0,2.0,10.0,104.0,48.0,9.0,3.0,10.0,15.0,15.0,4.0,0,0,0.0556930693069306,0.0,0.6683168316831682,0.2227722772277227,36.08910891089109,0.556930693069307,1.3366336633663365,0.1113861386138613,0.556930693069307,5.792079207920792,2.673267326732673,0.5012376237623762,0.167079207920792,0.556930693069307,0.8353960396039604,0.8353960396039604,0.2227722772277227,0.0,0.0,33.33333333333333,46.15384615384615,33.33333333333333,1,2.080496403284477,2
203007,Rocco Reitz,2025,M,78,Bundesliga,163,Borussia Mönchengladbach,2636.0,31,6.905614567526555,77.88539144471348,0.0,4.0,34.0,14.0,1239.0,28.0,68.0,6.0,49.0,323.0,171.0,51.0,24.0,35.0,55.0,35.0,6.0,8,1,0.0,0.1365705614567526,1.1608497723823976,0.4779969650986343,42.30273141122913,0.9559939301972686,2.3216995447647952,0.2048558421851289,1.67298937784522,11.028072837632775,5.838391502276176,1.7412746585735963,0.8194233687405159,1.1949924127465856,1.877845220030349,1.1949924127465856,0.2048558421851289,0.2731411229135053,0.0341426403641881,41.17647058823529,52.94117647058824,47.05882352941176,1,2.6583175977104485,1
203011,Julian Niehues,2025,M,78,Bundesliga,180,1. FC Heidenheim,1397.0,24,6.802004294917681,81.99672667757774,3.0,0.0,13.0,5.0,611.0,7.0,17.0,7.0,21.0,108.0,56.0,9.0,5.0,13.0,9.0,10.0,2.0,1,0,0.1932712956335003,0.0,0.8375089477451682,0.3221188260558339,39.362920544022906,0.4509663564781675,1.0952040085898354,0.4509663564781675,1.3528990694345024,6.957766642806012,3.60773085182534,0.5798138869005011,0.3221188260558339,0.8375089477451682,0.5798138869005011,0.6442376521116678,0.1288475304223335,0.0644237652111667,0.0,38.46153846153847,51.85185185185185,55.55555555555556,1,2.1878883485575664,2
226803,Sebastian Nanasi,2025,M,61,Ligue 1,95,Strasbourg,1060.0,19,6.960660377358492,83.04668304668304,7.0,2.0,17.0,11.0,407.0,17.0,12.0,3.0,6.0,69.0,25.0,18.0,8.0,12.0,3.0,8.0,1.0,0,0,0.5943396226415094,0.1698113207547169,1.4433962264150944,0.9339622641509432,34.55660377358491,1.4433962264150944,1.018867924528302,0.2547169811320754,0.5094339622641509,5.858490566037736,2.1226415094339623,1.5283018867924527,0.6792452830188679,1.018867924528302,0.2547169811320754,0.6792452830188679,0.0849056603773584,0.0,0.0,64.70588235294117,36.231884057971016,44.44444444444444,1,2.949705617409233,0
237087,Ezequiel Fernández,2025,M,78,Bundesliga,168,Bayer Leverkusen,1001.0,20,6.86003996003996,89.46731234866829,0.0,1.0,7.0,1.0,826.0,8.0,31.0,3.0,12.0,137.0,72.0,16.0,9.0,14.0,24.0,14.0,1.0,4,1,0.0,0.0899100899100899,0.6293706293706294,0.0899100899100899,74.26573426573427,0.7192807192807192,2.787212787212787,0.2697302697302697,1.078921078921079,12.317682317682316,6.473526473526475,1.4385614385614385,0.8091908091908093,1.2587412587412588,2.157842157842158,1.2587412587412588,0.0899100899100899,0.3596403596403596,0.0899100899100899,14.285714285714285,52.55474452554745,56.25,1,3.3673273490611004,1
237129,Pape Matar Sarr,2025,M,39,Premier League,47,Tottenham,1398.0,26,6.868861846814602,85.10301109350237,2.0,4.0,10.0,6.0,632.0,11.0,33.0,10.0,18.0,188.0,86.0,22.0,13.0,11.0,13.0,29.0,3.0,3,0,0.1287553648068669,0.2575107296137339,0.6437768240343348,0.3862660944206008,40.68669527896996,0.7081545064377682,2.124463519313305,0.6437768240343348,1.158798283261803,12.103004291845494,5.536480686695279,1.4163090128755365,0.8369098712446352,0.7081545064377682,0.8369098712446352,1.866952789699571,0.1931330472103004,0.1931330472103004,0.0,60.0,45.74468085106383,59.09090909090909,1,1.5731605078513329,1
260898,Nicolai Remberg,2025,M,78,Bundesliga,175,Hamburger SV,2880.0,32,6.9375,89.03803131991052,0.0,2.0,13.0,8.0,1341.0,13.0,60.0,16.0,42.0,280.0,170.0,25.0,14.0,18.0,48.0,44.0,1.0,11,0,0.0,0.0625,0.4062499999999999,0.25,41.90625,0.4062499999999999,1.875,0.5,1.3125,8.75,5.3125,0.78125,0.4375,0.5625,1.5,1.375,0.03125,0.34375,0.0,61.53846153846154,60.71428571428571,56.00000000000001,1,1.6647039093811469,1
263538,Yehor Yarmoliuk,2025,M,39,Premier League,55,Brentford,2675.0,37,6.769719626168224,84.33556050482554,1.0,2.0,12.0,4.0,1347.0,15.0,70.0,14.0,28.0,280.0,128.0,42.0,15.0,39.0,12.0,37.0,1.0,7,0,0.0336448598130841,0.0672897196261682,0.4037383177570093,0.1345794392523364,45.3196261682243,0.5046728971962616,2.355140186915888,0.4710280373831776,0.9420560747663552,9.420560747663552,4.306542056074767,1.4130841121495328,0.5046728971962616,1.3121495327102803,0.4037383177570093,1.244859813084112,0.0336448598130841,0.2355140186915888,0.0,33.33333333333333,45.71428571428572,35.714285714285715,1,1.521921135467618,2
264857,Lorenzo Bernasconi,2025,M,135,Serie A,499,Atalanta,1572.0,23,7.053498727735369,84.18079096045197,0.0,3.0,4.0,1.0,708.0,27.0,29.0,6.0,14.0,88.0,47.0,17.0,9.0,12.0,5.0,8.0,3.0,3,0,0.0,0.1717557251908396,0.2290076335877862,0.0572519083969465,40.534351145038165,1.545801526717557,1.6603053435114503,0.3435114503816793,0.8015267175572519,5.038167938931298,2.6908396946564888,0.9732824427480916,0.5152671755725191,0.6870229007633587,0.2862595419847328,0.4580152671755725,0.1717557251908396,0.1717557251908396,0.0,25.0,53.40909090909091,52.94117647058824,1,2.235153229189802,0
265722,Rafael Obrador,2025,M,135,Serie A,503,Torino,1123.0,16,6.639447907390918,81.33704735376045,1.0,3.0,5.0,2.0,359.0,13.0,23.0,1.0,11.0,92.0,39.0,28.0,9.0,10.0,5.0,7.0,1.0,1,0,0.0801424755120213,0.2404274265360641,0.4007123775601068,0.1602849510240427,28.77114870881568,1.0418521816562778,1.843276936776492,0.0801424755120213,0.8815672306322351,7.373107747105966,3.1255565449688336,2.2439893143365985,0.7212822796081922,0.8014247551202137,0.4007123775601068,0.5609973285841496,0.0801424755120213,0.0801424755120213,0.0,40.0,42.391304347826086,32.142857142857146,1,1.828941107102684,2
265782,David Møller Wolfe,2025,M,39,Premier League,39,Wolves,1061.0,22,6.582514177693763,74.23076923076923,0.0,2.0,1.0,0.0,260.0,8.0,10.0,2.0,7.0,56.0,30.0,8.0,5.0,3.0,4.0,10.0,0.0,1,0,0.0,0.1696512723845429,0.0848256361922714,0.0,22.054665409990577,0.6786050895381716,0.8482563619227144,0.1696512723845429,0.5937794533459001,4.750235626767201,2.544769085768144,0.6786050895381716,0.4241281809613572,0.2544769085768143,0.3393025447690858,0.8482563619227144,0.0,0.0848256361922714,0.0,0.0,53.57142857142857,62.5,1,3.3092053330182027,2
265784,André,2025,M,39,Premier League,39,Wolves,2766.0,35,6.818076644974693,91.35424636572304,1.0,0.0,5.0,1.0,1307.0,18.0,82.0,13.0,30.0,290.0,148.0,34.0,19.0,37.0,43.0,47.0,0.0,12,0,0.0325379609544468,0.0,0.1626898047722342,0.0325379609544468,42.52711496746204,0.5856832971800434,2.6681127982646418,0.4229934924078091,0.9761388286334056,9.436008676789587,4.815618221258134,1.106290672451193,0.6182212581344902,1.2039045553145336,1.3991323210412148,1.529284164859002,0.0,0.3904555314533622,0.0,20.0,51.03448275862069,55.88235294117647,1,1.7384007219549942,1
265820,Yasin Ayari,2025,M,39,Premier League,51,Brighton,1941.0,29,6.863678516228749,86.14583333333333,3.0,3.0,30.0,10.0,960.0,16.0,46.0,4.0,26.0,213.0,101.0,48.0,18.0,23.0,28.0,24.0,0.0,1,0,0.1391035548686244,0.1391035548686244,1.3910355486862442,0.463678516228748,44.513137557959816,0.7418856259659969,2.132921174652241,0.1854714064914992,1.205564142194745,9.876352395672336,4.683153013910355,2.2256568778979906,0.8346213292117465,1.0664605873261206,1.2982998454404946,1.1128284389489953,0.0,0.0463678516228748,0.0,33.33333333333333,47.417840375586856,37.5,1,1.8873036428965828,2
266813,Warren Bondo,2025,M,135,Serie A,520,Cremonese,1769.0,27,6.652345958168458,89.81958762886599,0.0,0.0,5.0,2.0,776.0,3.0,31.0,3.0,8.0,173.0,85.0,26.0,15.0,9.0,33.0,39.0,0.0,5,0,0.0,0.0,0.2543810062182023,0.1017524024872809,39.47993216506501,0.1526286037309214,1.5771622385528548,0.1526286037309214,0.4070096099491238,8.801582815149802,4.32447710570944,1.3227812323346524,0.7631430186546071,0.4578858111927643,1.6789146410401357,1.9841718485019784,0.0,0.2543810062182023,0.0,40.0,49.13294797687861,57.692307692307686,1,2.449373548775766,1
270508,Lesley Ugochukwu,2025,M,39,Premier League,44,Burnley,2359.0,35,6.726197541331072,83.3756345177665,3.0,1.0,14.0,8.0,788.0,10.0,51.0,21.0,18.0,246.0,122.0,32.0,16.0,21.0,30.0,28.0,1.0,3,1,0.1144552776600254,0.0381517592200084,0.5341246290801187,0.3052140737600678,30.06358626536668,0.3815175922000847,1.9457397202204323,0.8011869436201781,0.6867316659601526,9.385332768122089,4.654514624841035,1.2208562950402713,0.6104281475201356,0.8011869436201781,1.1445527766002543,1.0682492581602374,0.0381517592200084,0.1144552776600254,0.0381517592200084,57.14285714285714,49.59349593495935,50.0,1,1.661624925233662,2
271580,Martim Neto,2025,M,140,La Liga,797,Elche,1353.0,25,6.91359940872136,87.62376237623762,2.0,5.0,10.0,4.0,606.0,26.0,21.0,1.0,2.0,121.0,58.0,31.0,21.0,11.0,11.0,19.0,0.0,3,0,0.1330376940133037,0.3325942350332594,0.6651884700665188,0.2660753880266075,40.31042128603104,1.7294900221729492,1.3968957871396896,0.0665188470066518,0.1330376940133037,8.048780487804878,3.8580931263858096,2.0620842572062084,1.3968957871396896,0.7317073170731708,0.7317073170731708,1.263858093126386,0.0,0.1995565410199556,0.0,40.0,47.93388429752066,67.74193548387096,1,2.6240121264389016,0
275776,Kristjan Asllani,2025,M,135,Serie A,503,Torino,1135.0,15,6.90502202643172,84.11669367909238,0.0,0.0,13.0,4.0,617.0,15.0,21.0,1.0,12.0,73.0,39.0,6.0,3.0,11.0,14.0,7.0,0.0,3,0,0.0,0.0,1.0308370044052864,0.3171806167400881,48.925110132158586,1.1894273127753303,1.6651982378854626,0.079295154185022,0.9515418502202644,5.788546255506608,3.092511013215858,0.4757709251101321,0.237885462555066,0.8722466960352422,1.1101321585903083,0.5550660792951542,0.0,0.237885462555066,0.0,30.76923076923077,53.42465753424658,50.0,1,1.535568786993279,1
276670,Farès Chaïbi,2025,M,78,Bundesliga,169,Eintracht Frankfurt,1797.0,28,6.7904735376044565,78.875,2.0,9.0,19.0,9.0,800.0,40.0,31.0,2.0,14.0,170.0,86.0,22.0,11.0,17.0,21.0,14.0,5.0,2,0,0.1001669449081803,0.4507512520868113,0.9515859766277128,0.4507512520868113,40.06677796327212,2.003338898163606,1.552587646076795,0.1001669449081803,0.7011686143572621,8.514190317195325,4.307178631051753,1.1018363939899831,0.5509181969949917,0.8514190317195325,1.0517529215358932,0.7011686143572621,0.2504173622704507,0.1001669449081803,0.0,47.368421052631575,50.588235294117645,50.0,1,1.9005923025852345,0
277003,Neil El Aynaoui,2025,M,135,Serie A,497,AS Roma,996.0,25,6.822311557788945,89.3470790378007,1.0,2.0,6.0,4.0,583.0,12.0,20.0,2.0,17.0,109.0,51.0,17.0,9.0,7.0,10.0,23.0,2.0,5,0,0.0903614457831325,0.180722891566265,0.5421686746987953,0.36144578313253,52.68072289156626,1.0843373493975903,1.8072289156626504,0.180722891566265,1.536144578313253,9.849397590361448,4.608433734939759,1.536144578313253,0.8132530120481928,0.6325301204819277,0.9036144578313252,2.0783132530120483,0.180722891566265,0.4518072289156626,0.0,66.66666666666666,46.78899082568808,52.94117647058824,1,1.6763971957179895,1
277306,Mamadou Sangare,2025,M,61,Ligue 1,116,Lens,2327.0,29,7.118006016330038,86.22589531680441,3.0,4.0,34.0,14.0,1452.0,38.0,86.0,5.0,40.0,336.0,190.0,57.0,32.0,38.0,43.0,35.0,3.0,5,0,0.1160292221744735,0.1547056295659647,1.3149978513107003,0.5414697034808766,56.15814353244521,1.4697034808766651,3.3261710356682426,0.1933820369574559,1.5470562956596476,12.99527288354104,7.348517404383326,2.204555221314998,1.237645036527718,1.4697034808766651,1.6630855178341213,1.3536742587021915,0.1160292221744735,0.1933820369574559,0.0,41.17647058823529,56.54761904761904,56.14035087719298,1,3.644175757769349,1
278370,Diego Gómez,2025,M,39,Premier League,51,Brighton,2137.0,32,6.827795975666823,78.47593582887701,5.0,1.0,31.0,14.0,752.0,20.0,78.0,3.0,18.0,325.0,162.0,41.0,19.0,29.0,11.0,48.0,1.0,9,0,0.2105755732335049,0.0421151146467009,1.3055685540477304,0.5896116050538137,31.670566214319138,0.8423022929340197,3.284978942442677,0.1263453439401029,0.7580720636406177,13.68741226017782,6.82264857276556,1.7267197005147403,0.8001871782873187,1.2213383247543286,0.4632662611137108,2.021525503041647,0.0421151146467009,0.3790360318203088,0.0,45.16129032258064,49.84615384615385,46.34146341463415,1,3.3101619550119947,2
280687,Hugo Bueno,2025,M,39,Premier League,39,Wolves,2375.0,35,6.671536842105263,80.7556080283353,1.0,2.0,12.0,6.0,847.0,38.0,67.0,4.0,38.0,292.0,141.0,77.0,31.0,34.0,24.0,17.0,3.0,3,0,0.0378947368421052,0.0757894736842105,0.4547368421052631,0.2273684210526315,32.09684210526316,1.44,2.5389473684210526,0.151578947368421,1.44,11.065263157894735,5.343157894736842,2.917894736842105,1.174736842105263,1.288421052631579,0.9094736842105264,0.6442105263157895,0.1136842105263157,0.1136842105263157,0.0,50.0,48.28767123287671,40.25974025974026,1,2.498895660022987,2
281096,Patrizio Masini,2025,M,135,Serie A,495,Genoa,1431.0,28,6.915164220824599,74.46808510638297,0.0,1.0,12.0,5.0,565.0,9.0,68.0,8.0,25.0,253.0,141.0,9.0,2.0,12.0,45.0,39.0,0.0,5,0,0.0,0.0628930817610062,0.7547169811320755,0.3144654088050314,35.53459119496855,0.5660377358490566,4.276729559748428,0.5031446540880503,1.572327044025157,15.911949685534593,8.867924528301886,0.5660377358490566,0.1257861635220125,0.7547169811320755,2.830188679245283,2.452830188679245,0.0,0.3144654088050314,0.0,41.66666666666667,55.73122529644269,22.22222222222222,1,5.549573791728824,1
282549,Junior Mwanga,2025,M,61,Ligue 1,95,Strasbourg,1642.0,20,6.797503045066992,86.27700127064803,1.0,1.0,8.0,3.0,787.0,18.0,39.0,7.0,13.0,173.0,89.0,28.0,18.0,18.0,16.0,25.0,0.0,2,1,0.0548112058465286,0.0548112058465286,0.4384896467722289,0.1644336175395858,43.13641900121802,0.9866017052375152,2.137637028014616,0.3836784409257003,0.7125456760048721,9.482338611449451,4.878197320341048,1.5347137637028014,0.9866017052375152,0.9866017052375152,0.8769792935444579,1.3702801461632157,0.0,0.1096224116930572,0.0548112058465286,37.5,51.44508670520232,64.28571428571429,1,0.9204687767319728,1
282770,Rodrigo Gomes,2025,M,39,Premier League,39,Wolves,978.0,22,6.613803680981595,72.51908396946564,3.0,0.0,18.0,6.0,263.0,4.0,23.0,2.0,9.0,104.0,45.0,26.0,8.0,10.0,8.0,6.0,3.0,0,0,0.2760736196319018,0.0,1.6564417177914113,0.5521472392638037,24.202453987730063,0.3680981595092025,2.1165644171779143,0.1840490797546012,0.8282208588957056,9.570552147239264,4.141104294478527,2.392638036809816,0.736196319018405,0.9202453987730062,0.736196319018405,0.5521472392638037,0.2760736196319018,0.0,0.0,33.33333333333333,43.26923076923077,30.76923076923077,1,2.8099028110080684,2
284322,Kobbie Mainoo,2025,M,39,Premier League,33,Manchester United,1670.0,28,7.013900539245057,89.207258834766,1.0,2.0,8.0,3.0,1047.0,22.0,35.0,10.0,20.0,185.0,91.0,35.0,19.0,11.0,22.0,13.0,1.0,2,0,0.0538922155688622,0.1077844311377245,0.4311377245508982,0.1616766467065868,56.4251497005988,1.18562874251497,1.8862275449101795,0.5389221556886228,1.0778443113772456,9.97005988023952,4.904191616766466,1.8862275449101795,1.0239520958083832,0.592814371257485,1.18562874251497,0.7005988023952096,0.0538922155688622,0.1077844311377245,0.0,37.5,49.18918918918919,54.285714285714285,1,1.3071566479708243,1
284446,Freddie Potts,2025,M,39,Premier League,48,West Ham,1167.0,22,6.859640102827763,83.58490566037736,0.0,1.0,1.0,1.0,530.0,8.0,29.0,3.0,17.0,111.0,65.0,8.0,2.0,8.0,14.0,15.0,0.0,1,0,0.0,0.0771208226221079,0.0771208226221079,0.0771208226221079,40.87403598971722,0.6169665809768637,2.236503856041131,0.2313624678663239,1.311053984575835,8.560411311053985,5.012853470437018,0.6169665809768637,0.1542416452442159,0.6169665809768637,1.0796915167095116,1.1568123393316196,0.0,0.0771208226221079,0.0,100.0,58.55855855855856,25.0,1,1.700493382760856,1
284457,Lamare Bogarde,2025,M,39,Premier League,66,Aston Villa,1104.0,28,6.507350272232305,89.8406374501992,0.0,0.0,0.0,0.0,502.0,2.0,26.0,6.0,5.0,109.0,57.0,7.0,2.0,5.0,20.0,17.0,0.0,5,0,0.0,0.0,0.0,0.0,40.923913043478265,0.1630434782608695,2.119565217391304,0.4891304347826087,0.4076086956521739,8.88586956521739,4.646739130434782,0.5706521739130435,0.1630434782608695,0.4076086956521739,1.6304347826086958,1.3858695652173914,0.0,0.4076086956521739,0.0,,52.293577981651374,28.57142857142857,1,2.576983681498006,1
284500,Tim Iroegbunam,2025,M,39,Premier League,45,Everton,1505.0,29,6.855755156353959,81.42857142857143,0.0,2.0,8.0,1.0,490.0,8.0,69.0,12.0,22.0,230.0,126.0,40.0,15.0,7.0,20.0,29.0,0.0,9,0,0.0,0.1196013289036544,0.4784053156146179,0.0598006644518272,29.30232558139535,0.4784053156146179,4.12624584717608,0.7176079734219268,1.3156146179401993,13.754152823920268,7.534883720930233,2.39202657807309,0.8970099667774086,0.4186046511627906,1.196013289036545,1.73421926910299,0.0,0.5382059800664452,0.0,12.5,54.78260869565217,37.5,1,4.2468146531692845,1
284570,Brooke Norton-Cuffy,2025,M,135,Serie A,495,Genoa,2214.0,27,6.8367660343270105,81.11111111111111,2.0,1.0,11.0,6.0,720.0,21.0,43.0,6.0,10.0,213.0,106.0,54.0,32.0,7.0,16.0,23.0,0.0,5,1,0.08130081300813,0.040650406504065,0.4471544715447154,0.2439024390243902,29.268292682926827,0.8536585365853658,1.7479674796747966,0.2439024390243902,0.4065040650406504,8.658536585365853,4.308943089430894,2.1951219512195124,1.3008130081300813,0.2845528455284553,0.6504065040650406,0.934959349593496,0.0,0.2032520325203252,0.040650406504065,54.54545454545454,49.76525821596244,59.25925925925925,1,2.0618351859451334,2
286084,Sergi Altimira,2025,M,140,La Liga,543,Real Betis,1198.0,24,7.091736227045075,91.14583333333334,1.0,2.0,5.0,3.0,768.0,11.0,51.0,4.0,21.0,144.0,93.0,7.0,4.0,18.0,22.0,14.0,0.0,3,0,0.0751252086811352,0.1502504173622704,0.3756260434056761,0.2253756260434056,57.69616026711185,0.8263772954924875,3.8313856427378967,0.3005008347245409,1.5776293823038396,10.818030050083474,6.986644407345575,0.5258764607679466,0.3005008347245409,1.3522537562604342,1.652754590984975,1.0517529215358932,0.0,0.2253756260434056,0.0,60.0,64.58333333333334,57.14285714285714,1,3.6460373450690384,1
287654,Jon Gorrotxategi,2025,M,140,La Liga,548,Real Sociedad,2215.0,30,6.793092550790068,86.91660290742158,1.0,3.0,7.0,1.0,1307.0,18.0,46.0,13.0,34.0,230.0,114.0,17.0,10.0,24.0,27.0,32.0,0.0,6,0,0.0406320541760722,0.1218961625282167,0.2844243792325056,0.0406320541760722,53.10609480812641,0.7313769751693002,1.8690744920993227,0.528216704288939,1.381489841986456,9.345372460496614,4.632054176072234,0.690744920993228,0.4063205417607223,0.9751693002257336,1.0970654627539502,1.3002257336343117,0.0,0.2437923250564334,0.0,14.285714285714285,49.56521739130435,58.82352941176471,1,1.5719095938563397,1
288102,Adam Wharton,2025,M,39,Premier League,52,Crystal Palace,2562.0,34,7.135675253708041,79.30194805194806,1.0,5.0,17.0,6.0,1232.0,44.0,70.0,3.0,26.0,288.0,140.0,29.0,15.0,43.0,31.0,35.0,0.0,6,1,0.0351288056206089,0.1756440281030445,0.5971896955503513,0.2107728337236534,43.27868852459016,1.5456674473067915,2.459016393442623,0.1053864168618267,0.9133489461358316,10.117096018735364,4.918032786885246,1.018735362997658,0.5269320843091335,1.5105386416861828,1.0889929742388758,1.2295081967213115,0.0,0.2107728337236534,0.0351288056206089,35.294117647058826,48.61111111111111,51.72413793103448,1,1.2694058736874163,1
288699,Máximo Perrone,2025,M,135,Serie A,895,Como,2749.0,36,7.029174245180066,91.35632183908044,3.0,4.0,14.0,9.0,2175.0,34.0,56.0,3.0,22.0,214.0,100.0,17.0,9.0,31.0,23.0,43.0,1.0,8,0,0.0982175336485994,0.1309567115314659,0.4583484903601309,0.2946526009457985,71.20771189523462,1.113132048017461,1.833393961440524,0.0982175336485994,0.720261913423063,7.006184066933431,3.2739177882866493,0.5565660240087305,0.2946526009457985,1.0149145143688614,0.7530010913059295,1.4077846489632593,0.0327391778828664,0.2619134230629319,0.0,64.28571428571429,46.728971962616825,52.94117647058824,1,2.207204338811687,0
289555,Louis Mouton,2025,M,61,Ligue 1,77,Angers,1911.0,32,6.58275681341719,75.53041018387553,2.0,1.0,23.0,8.0,707.0,22.0,40.0,4.0,14.0,200.0,83.0,34.0,12.0,24.0,16.0,20.0,4.0,1,1,0.0941915227629513,0.0470957613814756,1.0832025117739403,0.3767660910518053,33.2967032967033,1.0361067503924648,1.8838304552590264,0.1883830455259026,0.6593406593406593,9.419152276295131,3.90894819466248,1.6012558869701727,0.565149136577708,1.130298273155416,0.7535321821036107,0.9419152276295132,0.1883830455259026,0.0470957613814756,0.0470957613814756,34.78260869565217,41.5,35.294117647058826,1,1.438607354551802,2
296560,Jackson Tchatchoua,2025,M,39,Premier League,39,Wolves,1855.0,31,6.573300970873786,76.52495378927911,0.0,1.0,2.0,1.0,541.0,21.0,29.0,8.0,16.0,134.0,66.0,14.0,5.0,14.0,9.0,8.0,2.0,3,0,0.0,0.0485175202156334,0.0970350404312668,0.0485175202156334,26.24797843665768,1.018867924528302,1.4070080862533694,0.3881401617250674,0.7762803234501349,6.501347708894879,3.202156334231806,0.6792452830188679,0.2425876010781671,0.6792452830188679,0.4366576819407008,0.3881401617250674,0.0970350404312668,0.1455525606469002,0.0,50.0,49.25373134328358,35.714285714285715,1,2.285232283708852,2
302069,Samuele Angori,2025,M,135,Serie A,801,Pisa,2604.0,35,6.895660522273425,72.73885350318471,0.0,2.0,8.0,3.0,785.0,38.0,46.0,8.0,22.0,205.0,128.0,18.0,9.0,16.0,55.0,17.0,3.0,2,0,0.0,0.0691244239631336,0.2764976958525346,0.1036866359447004,27.13133640552996,1.3133640552995391,1.5898617511520736,0.2764976958525346,0.7603686635944701,7.085253456221198,4.423963133640553,0.6221198156682028,0.3110599078341014,0.5529953917050692,1.900921658986176,0.5875576036866359,0.1036866359447004,0.0691244239631336,0.0,37.5,62.4390243902439,50.0,1,2.2699611844672667,1
302632,William Mikelbrencis,2025,M,78,Bundesliga,175,Hamburger SV,1404.0,26,6.593870277975767,71.54929577464789,0.0,4.0,10.0,6.0,357.0,17.0,34.0,3.0,5.0,144.0,62.0,32.0,13.0,13.0,5.0,18.0,5.0,3,0,0.0,0.2564102564102564,0.6410256410256411,0.3846153846153846,22.884615384615383,1.0897435897435896,2.17948717948718,0.1923076923076923,0.3205128205128205,9.23076923076923,3.974358974358974,2.0512820512820515,0.8333333333333333,0.8333333333333333,0.3205128205128205,1.1538461538461535,0.3205128205128205,0.1923076923076923,0.0,60.0,43.05555555555556,40.625,1,2.540601046213333,2
303362,Rafik Belghali,2025,M,135,Serie A,504,Hellas Verona,1926.0,26,6.766199376947041,77.14285714285715,2.0,0.0,13.0,6.0,492.0,28.0,21.0,6.0,18.0,184.0,79.0,71.0,39.0,12.0,10.0,20.0,6.0,6,0,0.0934579439252336,0.0,0.6074766355140186,0.2803738317757009,22.99065420560748,1.3084112149532712,0.9813084112149532,0.2803738317757009,0.8411214953271028,8.598130841121495,3.691588785046729,3.317757009345794,1.822429906542056,0.5607476635514018,0.4672897196261683,0.9345794392523366,0.2803738317757009,0.2803738317757009,0.0,46.15384615384615,42.934782608695656,54.929577464788736,1,2.848713413369504,2
304853,Alex Scott,2025,M,39,Premier League,35,Bournemouth,2859.0,37,7.139853044086774,84.91379310344827,3.0,1.0,30.0,13.0,1393.0,28.0,60.0,15.0,36.0,333.0,185.0,52.0,29.0,24.0,60.0,45.0,1.0,5,0,0.0944386149003148,0.0314795383001049,0.944386149003148,0.4092339979013641,43.850996852046165,0.8814270724029382,1.888772298006296,0.4721930745015739,1.1332633788037776,10.482686253934942,5.823714585519412,1.6369359916054564,0.912906610703043,0.7555089192025184,1.888772298006296,1.416579223504722,0.0314795383001049,0.1573976915005246,0.0,43.333333333333336,55.55555555555556,55.76923076923077,1,1.7134495249519544,1
305730,Jack Hinshelwood,2025,M,39,Premier League,51,Brighton,1750.0,27,6.659015455065827,82.53968253968253,4.0,3.0,29.0,15.0,630.0,15.0,19.0,5.0,6.0,128.0,46.0,9.0,3.0,13.0,12.0,33.0,2.0,0,0,0.2057142857142857,0.1542857142857142,1.491428571428571,0.7714285714285715,32.4,0.7714285714285715,0.9771428571428572,0.2571428571428571,0.3085714285714285,6.582857142857144,2.3657142857142857,0.4628571428571428,0.1542857142857142,0.6685714285714286,0.6171428571428571,1.697142857142857,0.1028571428571428,0.0,0.0,51.72413793103448,35.9375,33.33333333333333,1,3.025450711013596,2
305834,Andrey Santos,2025,M,39,Premier League,49,Chelsea,1280.0,27,7.01203125,90.1002506265664,1.0,0.0,9.0,2.0,798.0,8.0,37.0,6.0,20.0,121.0,75.0,5.0,2.0,13.0,22.0,13.0,1.0,4,0,0.0703125,0.0,0.6328125,0.140625,56.109375,0.5625,2.6015625,0.421875,1.40625,8.5078125,5.2734375,0.3515625,0.140625,0.9140625,1.5468750000000002,0.9140625,0.0703125,0.28125,0.0,22.22222222222222,61.98347107438017,40.0,1,2.125528069910069,1
308836,Mandela Keita,2025,M,135,Serie A,523,Parma,2999.0,37,6.972290763587863,88.35672997522708,1.0,1.0,13.0,5.0,1211.0,11.0,74.0,11.0,44.0,287.0,179.0,45.0,29.0,27.0,57.0,30.0,0.0,1,0,0.0300100033344448,0.0300100033344448,0.3901300433477826,0.150050016672224,36.342114038012674,0.330110036678893,2.220740246748916,0.330110036678893,1.320440146715572,8.612870956985661,5.371790596865622,1.3504501500500168,0.8702900966988997,0.81027009003001,1.7105701900633543,0.9003001000333444,0.0,0.0300100033344448,0.0,38.46153846153847,62.36933797909408,64.44444444444444,1,2.0171095456060706,1
309388,Matteo Prati,2025,M,135,Serie A,503,Torino,1889.0,33,6.63276866066702,79.76470588235294,1.0,1.0,22.0,1.0,850.0,12.0,39.0,9.0,20.0,144.0,71.0,14.0,7.0,18.0,10.0,29.0,0.0,6,0,0.0476442562202223,0.0476442562202223,1.0481736368448915,0.0476442562202223,40.497617787188986,0.571731074642668,1.858125992588671,0.4287983059820011,0.9528851244044468,6.860772895712017,3.3827421916357863,0.6670195870831127,0.3335097935415563,0.8575966119640022,0.4764425622022234,1.3816834303864478,0.0,0.285865537321334,0.0,4.545454545454546,49.30555555555556,50.0,1,1.5665988294638404,2
311083,Cher Ndour,2025,M,135,Serie A,502,Fiorentina,1885.0,33,6.778992042440319,82.8042328042328,3.0,0.0,14.0,8.0,756.0,6.0,35.0,9.0,14.0,210.0,97.0,23.0,7.0,15.0,23.0,26.0,1.0,2,0,0.143236074270557,0.0,0.6684350132625995,0.3819628647214854,36.09549071618037,0.286472148541114,1.6710875331564987,0.429708222811671,0.6684350132625995,10.026525198938993,4.631299734748011,1.098143236074271,0.3342175066312997,0.7161803713527851,1.098143236074271,1.2413793103448276,0.0477453580901856,0.0954907161803713,0.0,57.14285714285714,46.19047619047619,30.434782608695656,1,1.6663390314374085,2
313651,Hugo Sotelo,2025,M,140,La Liga,538,Celta Vigo,1342.0,20,7.108941877794337,92.26130653266333,0.0,2.0,2.0,1.0,995.0,26.0,30.0,9.0,13.0,101.0,48.0,4.0,2.0,11.0,13.0,27.0,0.0,3,0,0.0,0.1341281669150521,0.1341281669150521,0.067064083457526,66.72876304023845,1.743666169895678,2.011922503725782,0.6035767511177348,0.871833084947839,6.773472429210134,3.219076005961252,0.2682563338301043,0.1341281669150521,0.7377049180327869,0.871833084947839,1.810730253353204,0.0,0.2011922503725782,0.0,50.0,47.52475247524752,50.0,1,2.431684763127042,0
315699,Javier Guerra,2025,M,140,La Liga,532,Valencia,2086.0,36,6.92006721075372,81.56822810590631,4.0,6.0,22.0,12.0,982.0,32.0,29.0,6.0,24.0,225.0,89.0,62.0,26.0,25.0,20.0,28.0,2.0,3,0,0.1725790987535954,0.2588686481303931,0.9491850431447748,0.5177372962607862,42.36816874400767,1.3806327900287632,1.2511984659635669,0.2588686481303931,1.0354745925215725,9.70757430488974,3.8398849472674974,2.6749760306807286,1.12176414189837,1.078619367209971,0.862895493767977,1.2080536912751678,0.0862895493767977,0.1294343240651965,0.0,54.54545454545454,39.55555555555556,41.935483870967744,1,1.82036935181014,2
323625,Kévin Danois,2025,M,61,Ligue 1,108,Auxerre,2835.0,33,7.034391534391534,85.34653465346534,3.0,1.0,19.0,8.0,1515.0,53.0,78.0,2.0,38.0,324.0,153.0,60.0,35.0,44.0,26.0,33.0,3.0,3,0,0.0952380952380952,0.0317460317460317,0.6031746031746031,0.253968253968254,48.095238095238095,1.6825396825396826,2.4761904761904763,0.0634920634920635,1.2063492063492065,10.285714285714285,4.857142857142858,1.9047619047619049,1.1111111111111112,1.3968253968253967,0.8253968253968255,1.0476190476190477,0.0952380952380952,0.0952380952380952,0.0,42.10526315789473,47.22222222222222,58.333333333333336,1,1.7234070841081293,1
326176,Soungoutou Magassa,2025,M,39,Premier League,48,West Ham,998.0,22,6.792184368737475,81.14143920595534,1.0,0.0,5.0,2.0,405.0,5.0,40.0,4.0,17.0,129.0,73.0,8.0,5.0,15.0,17.0,17.0,0.0,4,0,0.0901803607214428,0.0,0.4509018036072144,0.1803607214428857,36.52304609218437,0.4509018036072144,3.607214428857716,0.3607214428857715,1.533066132264529,11.63326653306613,6.583166332665331,0.721442885771543,0.4509018036072144,1.3527054108216432,1.533066132264529,1.533066132264529,0.0,0.3607214428857715,0.0,40.0,56.58914728682171,62.5,1,3.3860286688129357,1
326757,Jobe Bellingham,2025,M,78,Bundesliga,165,Borussia Dortmund,1800.0,32,6.873374096720401,87.40458015267176,0.0,1.0,10.0,6.0,1048.0,9.0,44.0,8.0,38.0,186.0,103.0,31.0,15.0,9.0,20.0,15.0,0.0,2,1,0.0,0.05,0.5,0.3,52.4,0.45,2.2,0.4,1.9,9.3,5.15,1.55,0.75,0.45,1.0,0.75,0.0,0.1,0.05,60.0,55.376344086021504,48.38709677419355,1,2.654710205609641,1
327831,Aljoscha Kemlein,2025,M,78,Bundesliga,182,Union Berlin,1967.0,30,6.826232841891204,76.78756476683938,0.0,2.0,10.0,2.0,965.0,15.0,40.0,5.0,16.0,187.0,98.0,24.0,17.0,24.0,11.0,22.0,0.0,4,0,0.0,0.0915099135739705,0.4575495678698525,0.0915099135739705,44.15353329944077,0.6863243518047788,1.83019827147941,0.2287747839349262,0.7320793085917641,8.556176919166242,4.483985765124555,1.0981189628876462,0.7778342653787493,1.0981189628876462,0.5033045246568378,1.0066090493136757,0.0,0.183019827147941,0.0,20.0,52.406417112299465,70.83333333333334,1,1.186818189213281,1
328033,Aleksandar Pavlović,2025,M,78,Bundesliga,157,Bayern München,1460.0,24,7.348972602739726,94.54545454545456,3.0,1.0,8.0,5.0,1595.0,21.0,26.0,8.0,14.0,107.0,51.0,8.0,4.0,9.0,10.0,19.0,0.0,2,0,0.184931506849315,0.0616438356164383,0.4931506849315069,0.3082191780821918,98.32191780821918,1.2945205479452055,1.6027397260273972,0.4931506849315069,0.863013698630137,6.595890410958905,3.1438356164383565,0.4931506849315069,0.2465753424657534,0.5547945205479452,0.6164383561643836,1.1712328767123288,0.0,0.1232876712328767,0.0,62.5,47.66355140186916,50.0,1,4.024437412006368,0
328046,Ismael Koné,2025,M,135,Serie A,488,Sassuolo,2756.0,35,7.0492017416545725,91.43356643356644,6.0,0.0,20.0,10.0,1144.0,23.0,31.0,4.0,15.0,210.0,116.0,44.0,26.0,16.0,54.0,25.0,0.0,5,1,0.1959361393323657,0.0,0.6531204644412192,0.3265602322206096,37.35849056603774,0.751088534107402,1.0123367198838895,0.1306240928882438,0.4898403483309144,6.8577648766328005,3.7880986937590713,1.436865021770682,0.8490566037735848,0.5224963715529753,1.7634252539912916,0.8164005805515239,0.0,0.1632801161103048,0.0326560232220609,50.0,55.23809523809524,59.09090909090909,1,2.368756684472473,1
328089,Archie Gray,2025,M,39,Premier League,47,Tottenham,1500.0,24,6.605603735823882,83.11688311688312,2.0,2.0,8.0,5.0,539.0,8.0,11.0,4.0,17.0,85.0,29.0,16.0,7.0,1.0,2.0,12.0,0.0,5,0,0.12,0.12,0.48,0.3,32.34,0.48,0.66,0.24,1.02,5.1,1.74,0.96,0.42,0.06,0.12,0.72,0.0,0.3,0.0,62.5,34.11764705882353,43.75,1,3.0238848990559783,2
328105,Lewis Miley,2025,M,39,Premier League,34,Newcastle,1494.0,23,7.043096514745308,89.76190476190476,1.0,4.0,8.0,4.0,840.0,15.0,29.0,3.0,20.0,134.0,89.0,14.0,12.0,12.0,4.0,5.0,2.0,0,0,0.0602409638554216,0.2409638554216867,0.4819277108433735,0.2409638554216867,50.60240963855421,0.9036144578313252,1.7469879518072289,0.180722891566265,1.2048192771084336,8.072289156626507,5.36144578313253,0.8433734939759037,0.7228915662650601,0.7228915662650601,0.2409638554216867,0.3012048192771084,0.1204819277108433,0.0,0.0,50.0,66.4179104477612,85.71428571428571,1,1.5205084445043064,1
329728,Marc Casadó,2025,M,140,La Liga,529,Barcelona,999.0,24,6.763581488933601,90.97995545657017,0.0,1.0,2.0,0.0,898.0,14.0,18.0,3.0,7.0,94.0,47.0,6.0,2.0,8.0,20.0,25.0,0.0,1,0,0.0,0.09009009009009,0.1801801801801801,0.0,80.9009009009009,1.2612612612612613,1.6216216216216215,0.2702702702702703,0.6306306306306306,8.468468468468469,4.2342342342342345,0.5405405405405406,0.1801801801801801,0.7207207207207207,1.8018018018018016,2.2522522522522523,0.0,0.09009009009009,0.0,0.0,50.0,33.33333333333333,1,3.1807373770466625,1
330238,Lucas Pires,2025,M,39,Premier League,44,Burnley,1406.0,20,6.624964438122333,83.92857142857143,0.0,0.0,10.0,4.0,560.0,20.0,29.0,6.0,20.0,121.0,54.0,28.0,18.0,21.0,4.0,15.0,6.0,1,1,0.0,0.0,0.6401137980085349,0.2560455192034139,35.84637268847795,1.2802275960170697,1.856330014224751,0.3840682788051209,1.2802275960170697,7.745376955903271,3.456614509246088,1.7923186344238975,1.1522048364153628,1.3442389758179232,0.2560455192034139,0.9601706970128022,0.3840682788051209,0.0640113798008534,0.0640113798008534,40.0,44.62809917355372,64.28571428571429,1,1.6963063595000685,2
332309,Alejandro Rego Mora,2025,M,140,La Liga,531,Athletic Club,1266.0,29,6.718483412322275,82.18923933209648,1.0,1.0,6.0,3.0,539.0,11.0,42.0,5.0,24.0,148.0,71.0,19.0,9.0,15.0,6.0,40.0,0.0,6,0,0.0710900473933649,0.0710900473933649,0.4265402843601896,0.2132701421800948,38.317535545023695,0.7819905213270142,2.9857819905213274,0.3554502369668246,1.7061611374407584,10.52132701421801,5.04739336492891,1.3507109004739335,0.6398104265402843,1.066350710900474,0.4265402843601896,2.8436018957345968,0.0,0.4265402843601896,0.0,50.0,47.97297297297297,47.368421052631575,1,2.76262781625838,1
333137,Kassoum Ouattara,2025,M,61,Ligue 1,91,Monaco,983.0,15,6.6029501525941,74.27055702917772,0.0,3.0,6.0,0.0,377.0,17.0,27.0,0.0,16.0,141.0,62.0,34.0,9.0,9.0,10.0,22.0,1.0,3,0,0.0,0.2746693794506612,0.5493387589013224,0.0,34.51678535096643,1.5564598168870805,2.472024415055951,0.0,1.4649033570701933,12.909460834181075,5.676500508646998,3.112919633774161,0.8240081383519837,0.8240081383519837,0.9155645981688708,2.014242115971516,0.091556459816887,0.2746693794506612,0.0,0.0,43.97163120567376,26.47058823529412,1,2.8913270934847737,2
333502,Miguel Román,2025,M,140,La Liga,538,Celta Vigo,1310.0,19,6.988091603053435,87.56684491978609,1.0,0.0,5.0,1.0,748.0,17.0,26.0,7.0,12.0,106.0,50.0,12.0,3.0,15.0,11.0,20.0,0.0,3,0,0.0687022900763358,0.0,0.3435114503816793,0.0687022900763358,51.38931297709924,1.16793893129771,1.786259541984733,0.4809160305343511,0.8244274809160306,7.282442748091603,3.435114503816794,0.8244274809160306,0.2061068702290076,1.0305343511450382,0.7557251908396947,1.3740458015267174,0.0,0.2061068702290076,0.0,20.0,47.16981132075472,25.0,1,1.1574150351294756,2
335051,João Neves,2025,M,61,Ligue 1,85,Paris Saint Germain,1287.0,21,7.291919191919193,91.43407122232917,5.0,1.0,19.0,6.0,1039.0,14.0,27.0,5.0,7.0,107.0,61.0,14.0,8.0,13.0,13.0,13.0,0.0,0,0,0.3496503496503496,0.0699300699300699,1.3286713286713288,0.4195804195804196,72.65734265734267,0.9790209790209792,1.888111888111888,0.3496503496503496,0.4895104895104895,7.482517482517482,4.265734265734266,0.9790209790209792,0.5594405594405595,0.9090909090909092,0.9090909090909092,0.9090909090909092,0.0,0.0,0.0,31.57894736842105,57.00934579439252,57.14285714285714,1,2.649247731829292,0
335094,Hugo Larsson,2025,M,78,Bundesliga,169,Eintracht Frankfurt,1824.0,25,6.82576754385965,86.78328474246841,2.0,2.0,10.0,6.0,1029.0,19.0,19.0,5.0,31.0,74.0,34.0,9.0,4.0,11.0,2.0,7.0,0.0,0,0,0.0986842105263157,0.0986842105263157,0.4934210526315789,0.2960526315789473,50.77302631578948,0.9375,0.9375,0.2467105263157894,1.529605263157895,3.651315789473685,1.6776315789473684,0.444078947368421,0.1973684210526315,0.5427631578947368,0.0986842105263157,0.3453947368421052,0.0,0.0,0.0,60.0,45.94594594594595,44.44444444444444,1,3.2585987834152323,0
336573,Emirhan İlkhan,2025,M,135,Serie A,503,Torino,1018.0,19,6.870923379174854,83.96624472573839,1.0,2.0,7.0,3.0,474.0,11.0,26.0,2.0,13.0,115.0,64.0,13.0,7.0,12.0,18.0,11.0,0.0,2,1,0.0884086444007858,0.1768172888015717,0.618860510805501,0.2652259332023575,41.90569744597249,0.9724950884086444,2.298624754420432,0.1768172888015717,1.149312377210216,10.166994106090373,5.658153241650294,1.149312377210216,0.618860510805501,1.0609037328094302,1.5913555992141453,0.9724950884086444,0.0,0.1768172888015717,0.0884086444007858,42.85714285714285,55.65217391304348,53.84615384615385,1,1.2853946721658545,1
336585,Mateus Fernandes,2025,M,39,Premier League,48,West Ham,3024.0,36,7.198280423280423,87.43589743589743,3.0,4.0,17.0,8.0,1560.0,37.0,104.0,12.0,35.0,360.0,200.0,48.0,28.0,41.0,49.0,49.0,0.0,7,0,0.0892857142857142,0.119047619047619,0.5059523809523809,0.238095238095238,46.42857142857143,1.101190476190476,3.095238095238095,0.3571428571428571,1.0416666666666663,10.714285714285714,5.952380952380952,1.4285714285714284,0.8333333333333333,1.2202380952380951,1.4583333333333333,1.4583333333333333,0.0,0.2083333333333333,0.0,47.05882352941176,55.55555555555556,58.333333333333336,1,2.0403109053153923,1
336594,Pablo Barrios,2025,M,140,La Liga,530,Atletico Madrid,1666.0,23,7.065366146458584,88.97338403041825,1.0,1.0,13.0,6.0,1052.0,20.0,30.0,2.0,27.0,189.0,104.0,54.0,33.0,13.0,23.0,12.0,0.0,0,0,0.0540216086434573,0.0540216086434573,0.7022809123649459,0.3241296518607443,56.83073229291717,1.0804321728691475,1.6206482593037217,0.1080432172869147,1.4585834333733494,10.210084033613445,5.618247298919568,2.917166866746699,1.7827130852340936,0.7022809123649459,1.2424969987995198,0.6482593037214885,0.0,0.0,0.0,46.15384615384615,55.02645502645503,61.11111111111112,1,2.211758840832879,1
336659,Chemsdine Talbi,2025,M,39,Premier League,746,Sunderland,1561.0,28,6.691992312620115,81.34328358208955,4.0,1.0,20.0,10.0,402.0,12.0,11.0,1.0,2.0,91.0,29.0,36.0,16.0,13.0,1.0,5.0,2.0,0,0,0.230621396540679,0.0576553491351697,1.1531069827033953,0.5765534913516976,23.177450352338244,0.6918641896220372,0.6342088404868673,0.0576553491351697,0.1153106982703395,5.246636771300449,1.672005124919923,2.0755925688661114,0.922485586162716,0.7495195387572069,0.0576553491351697,0.2882767456758488,0.1153106982703395,0.0,0.0,50.0,31.868131868131865,44.44444444444444,1,3.9764318833643046,2
339417,Pape Diop,2025,M,61,Ligue 1,96,Toulouse,1185.0,15,6.967932489451479,87.28139904610492,1.0,2.0,22.0,11.0,629.0,19.0,32.0,7.0,30.0,127.0,62.0,11.0,4.0,20.0,17.0,15.0,0.0,2,0,0.0759493670886076,0.1518987341772152,1.6708860759493671,0.8354430379746836,47.77215189873417,1.4430379746835442,2.430379746835443,0.5316455696202531,2.278481012658228,9.645569620253164,4.70886075949367,0.8354430379746836,0.3037974683544304,1.5189873417721518,1.2911392405063291,1.139240506329114,0.0,0.1518987341772152,0.0,50.0,48.81889763779528,36.36363636363637,1,3.9355822423132167,1
339874,Oscar Højlund,2025,M,78,Bundesliga,169,Eintracht Frankfurt,1099.0,24,6.617030965391622,89.87566607460036,1.0,1.0,5.0,3.0,564.0,7.0,29.0,5.0,7.0,116.0,44.0,12.0,5.0,8.0,5.0,27.0,1.0,4,1,0.0818926296633303,0.0818926296633303,0.4094631483166515,0.2456778889899909,46.18744313011829,0.5732484076433121,2.3748862602365786,0.4094631483166515,0.5732484076433121,9.499545040946314,3.603275705186533,0.9827115559599636,0.4094631483166515,0.6551410373066424,0.4094631483166515,2.211101000909918,0.0818926296633303,0.3275705186533212,0.0818926296633303,60.0,37.93103448275862,41.66666666666667,1,1.7412923111037648,2
342651,Romano Floriani Mussolini,2025,M,135,Serie A,520,Cremonese,1185.0,28,6.4714043993231805,70.58823529411765,0.0,1.0,4.0,1.0,308.0,9.0,27.0,5.0,5.0,131.0,59.0,16.0,6.0,8.0,5.0,21.0,2.0,2,0,0.0,0.0759493670886076,0.3037974683544304,0.0759493670886076,23.392405063291136,0.6835443037974683,2.050632911392405,0.3797468354430379,0.3797468354430379,9.949367088607596,4.481012658227848,1.2151898734177216,0.4556962025316455,0.6075949367088608,0.3797468354430379,1.5949367088607596,0.1518987341772152,0.1518987341772152,0.0,25.0,45.038167938931295,37.5,1,2.475926229102269,2
343189,Gvidas Gineitis,2025,M,135,Serie A,503,Torino,1763.0,29,6.768406125921723,76.43979057591623,0.0,1.0,18.0,5.0,573.0,27.0,45.0,10.0,22.0,222.0,121.0,29.0,17.0,10.0,32.0,43.0,1.0,5,0,0.0,0.0510493477027793,0.9188882586500284,0.2552467385138967,29.25127623369257,1.3783323879750426,2.29722064662507,0.5104934770277935,1.123085649461146,11.332955190017016,6.176971072036302,1.4804310833806011,0.867838910947249,0.5104934770277935,1.6335791264889394,2.1951219512195124,0.0510493477027793,0.2552467385138967,0.0,27.77777777777778,54.5045045045045,58.620689655172406,1,2.0186760263457297,1
343558,Lennon Miller,2025,M,135,Serie A,494,Udinese,1018.0,24,6.763116370808679,78.01047120418848,0.0,2.0,7.0,1.0,384.0,14.0,21.0,4.0,7.0,106.0,64.0,15.0,10.0,7.0,17.0,14.0,1.0,4,0,0.0,0.1768172888015717,0.618860510805501,0.0884086444007858,33.948919449901766,1.237721021611002,1.8565815324165031,0.3536345776031434,0.618860510805501,9.3713163064833,5.658153241650294,1.3261296660117878,0.8840864440078585,0.618860510805501,1.5029469548133596,1.237721021611002,0.0884086444007858,0.3536345776031434,0.0,14.285714285714285,60.37735849056604,66.66666666666666,1,1.4193977192246316,1
343562,Luca Lipani,2025,M,135,Serie A,488,Sassuolo,1028.0,24,6.6513618677042805,84.1995841995842,0.0,1.0,8.0,3.0,482.0,11.0,29.0,2.0,15.0,127.0,55.0,10.0,5.0,17.0,8.0,28.0,1.0,3,0,0.0,0.0875486381322957,0.7003891050583657,0.2626459143968871,42.19844357976654,0.9630350194552528,2.538910505836576,0.1750972762645914,1.3132295719844358,11.118677042801558,4.815175097276264,0.8754863813229572,0.4377431906614786,1.4883268482490273,0.7003891050583657,2.4513618677042803,0.0875486381322957,0.2626459143968871,0.0,37.5,43.30708661417323,50.0,1,1.641500357928693,1
343792,Djaoui Cissé,2025,M,61,Ligue 1,94,Rennes,1002.0,24,6.653393213572855,80.859375,0.0,0.0,15.0,6.0,513.0,13.0,33.0,5.0,6.0,119.0,56.0,24.0,9.0,8.0,9.0,18.0,0.0,3,0,0.0,0.0,1.347305389221557,0.5389221556886228,46.07784431137724,1.1676646706586826,2.964071856287425,0.4491017964071856,0.5389221556886228,10.688622754491018,5.029940119760479,2.155688622754491,0.8083832335329341,0.7185628742514969,0.8083832335329341,1.616766467065868,0.0,0.2694610778443114,0.0,40.0,47.05882352941176,37.5,1,2.492328840122379,2
347316,Lucas Bergvall,2025,M,39,Premier League,47,Tottenham,979.0,23,6.581256436663234,81.63934426229508,1.0,3.0,11.0,5.0,305.0,5.0,22.0,2.0,2.0,113.0,49.0,24.0,15.0,9.0,7.0,24.0,3.0,2,0,0.0919305413687436,0.2757916241062308,1.0112359550561798,0.459652706843718,28.038815117466804,0.459652706843718,2.02247191011236,0.1838610827374872,0.1838610827374872,10.388151174668028,4.504596527068437,2.2063329928498465,1.3789581205311543,0.8273748723186926,0.6435137895812053,2.2063329928498465,0.2757916241062308,0.1838610827374872,0.0,45.45454545454545,43.36283185840708,62.5,1,2.7564469560428293,2
348205,Petar Sučić,2025,M,135,Serie A,505,Inter,1783.0,34,7.041886580572713,89.48763250883393,2.0,2.0,16.0,6.0,1133.0,29.0,46.0,1.0,9.0,201.0,98.0,35.0,15.0,22.0,25.0,30.0,0.0,5,0,0.1009534492428491,0.1009534492428491,0.807627593942793,0.3028603477285473,57.19012899607404,1.4638250140213125,2.3219293325855297,0.0504767246214245,0.4542905215928211,10.145821648906338,4.946719012899608,1.7666853617498597,0.7571508693213684,1.1104879416713405,1.261918115535614,1.5143017386427369,0.0,0.2523836231071228,0.0,37.5,48.75621890547264,42.85714285714285,1,1.96517704104293,0
352375,Arthur,2025,M,78,Bundesliga,168,Bayer Leverkusen,1132.0,20,6.600618374558305,83.69565217391305,1.0,3.0,5.0,2.0,460.0,14.0,20.0,2.0,17.0,131.0,59.0,42.0,14.0,4.0,10.0,19.0,3.0,3,0,0.0795053003533568,0.2385159010600707,0.3975265017667844,0.1590106007067137,36.57243816254417,1.1130742049469964,1.5901060070671378,0.1590106007067137,1.351590106007067,10.415194346289754,4.690812720848057,3.3392226148409896,1.1130742049469964,0.3180212014134275,0.7950530035335689,1.510600706713781,0.2385159010600707,0.2385159010600707,0.0,40.0,45.038167938931295,33.33333333333333,1,2.287155511553043,2
353609,Sulemana,2025,M,135,Serie A,490,Cagliari,902.0,19,6.599334811529933,88.91752577319588,1.0,0.0,7.0,2.0,390.0,6.0,19.0,3.0,5.0,112.0,55.0,23.0,11.0,6.0,10.0,13.0,0.0,3,0,0.0997782705099778,0.0,0.6984478935698448,0.1995565410199556,38.91352549889135,0.5986696230598669,1.895787139689579,0.2993348115299334,0.4988913525498892,11.175166297117515,5.48780487804878,2.29490022172949,1.0975609756097562,0.5986696230598669,0.9977827050997784,1.2971175166297118,0.0,0.2993348115299334,0.0,28.57142857142857,49.10714285714285,47.82608695652174,1,1.8981380217845367,2
356041,Carlos Baleba,2025,M,39,Premier League,51,Brighton,1677.0,31,6.649761336515513,86.09625668449198,0.0,0.0,12.0,2.0,748.0,9.0,37.0,6.0,29.0,204.0,102.0,25.0,12.0,18.0,24.0,31.0,0.0,5,0,0.0,0.0,0.6440071556350626,0.1073345259391771,40.14311270125224,0.4830053667262969,1.9856887298747763,0.3220035778175313,1.5563506261180682,10.948121645796064,5.474060822898032,1.3416815742397137,0.6440071556350626,0.9660107334525938,1.2880143112701252,1.663685152057245,0.0,0.2683363148479428,0.0,16.666666666666664,50.0,48.0,1,2.01247834902624,1
356888,Niccolò Pisilli,2025,M,135,Serie A,497,AS Roma,1295.0,25,6.767335907335908,86.08374384236454,2.0,4.0,13.0,5.0,812.0,13.0,27.0,1.0,24.0,151.0,52.0,27.0,8.0,16.0,4.0,20.0,2.0,3,0,0.138996138996139,0.277992277992278,0.9034749034749034,0.3474903474903475,56.43243243243244,0.9034749034749034,1.8764478764478765,0.0694980694980695,1.667953667953668,10.494208494208491,3.613899613899614,1.8764478764478765,0.555984555984556,1.111969111969112,0.277992277992278,1.38996138996139,0.138996138996139,0.2084942084942085,0.0,38.46153846153847,34.437086092715234,29.629629629629623,1,2.4625935473812186,2
358166,Abdoul Ouattara,2025,M,61,Ligue 1,95,Strasbourg,1775.0,28,6.667718309859155,90.02320185614849,2.0,0.0,20.0,11.0,862.0,6.0,23.0,1.0,21.0,94.0,46.0,23.0,8.0,7.0,11.0,12.0,1.0,2,0,0.1014084507042253,0.0,1.0140845070422535,0.5577464788732395,43.70704225352112,0.3042253521126761,1.1661971830985915,0.0507042253521126,1.064788732394366,4.766197183098591,2.332394366197183,1.1661971830985915,0.4056338028169014,0.3549295774647887,0.5577464788732395,0.6084507042253522,0.0507042253521126,0.1014084507042253,0.0,55.00000000000001,48.93617021276596,34.78260869565217,1,2.4567798230136164,2
362752,Christian Ordoñez,2025,M,135,Serie A,523,Parma,1095.0,28,6.492321755027422,82.57575757575758,1.0,0.0,7.0,2.0,265.0,5.0,24.0,7.0,8.0,123.0,48.0,14.0,5.0,19.0,11.0,16.0,0.0,5,1,0.0821917808219178,0.0,0.5753424657534247,0.1643835616438356,21.78082191780822,0.410958904109589,1.9726027397260275,0.5753424657534247,0.6575342465753424,10.10958904109589,3.945205479452055,1.1506849315068497,0.410958904109589,1.5616438356164384,0.9041095890410958,1.3150684931506849,0.0,0.410958904109589,0.0821917808219178,28.57142857142857,39.02439024390244,35.714285714285715,1,2.104438691479115,2
364093,Simon Ebonog,2025,M,61,Ligue 1,111,Le Havre,1778.0,30,6.594488188976377,79.22912205567452,1.0,0.0,15.0,4.0,469.0,8.0,39.0,4.0,24.0,223.0,113.0,36.0,17.0,6.0,34.0,29.0,0.0,8,0,0.0506186726659167,0.0,0.7592800899887514,0.202474690663667,23.74015748031496,0.4049493813273341,1.974128233970753,0.202474690663667,1.2148481439820022,11.287964004499436,5.719910011248594,1.822272215973004,0.8605174353205849,0.3037120359955005,1.7210348706411698,1.467941507311586,0.0,0.4049493813273341,0.0,26.666666666666668,50.67264573991032,47.22222222222222,1,2.454840784732166,1
365331,Noah Sadiki,2025,M,39,Premier League,746,Sunderland,2894.0,33,6.763614374568072,85.35262206148282,0.0,1.0,9.0,5.0,1106.0,19.0,46.0,11.0,34.0,230.0,123.0,44.0,27.0,17.0,40.0,32.0,2.0,9,0,0.0,0.0310988251554941,0.2798894263994471,0.1554941257774706,34.3953006219765,0.5908776779543884,1.43054595715273,0.3420870767104353,1.0573600552868003,7.15272978576365,3.825155494125777,1.3683483068417417,0.8396682791983413,0.5286800276434002,1.243953006219765,0.995162404975812,0.0621976503109882,0.2798894263994471,0.0,55.55555555555556,53.47826086956522,61.36363636363637,1,1.6538217219089062,1
374058,Lamine Camara,2025,M,61,Ligue 1,91,Monaco,1851.0,24,7.214964883846569,85.86688578471652,3.0,4.0,17.0,4.0,1217.0,35.0,55.0,7.0,37.0,241.0,135.0,30.0,16.0,21.0,48.0,28.0,0.0,6,0,0.1458670988654781,0.1944894651539708,0.826580226904376,0.1944894651539708,59.17341977309563,1.701782820097245,2.674230145867099,0.3403565640194489,1.79902755267423,11.71799027552674,6.564019448946515,1.458670988654781,0.7779578606158833,1.0210696920583469,2.3338735818476497,1.361426256077796,0.0,0.2917341977309562,0.0,23.52941176470588,56.01659751037344,53.333333333333336,1,3.6480263179056,1
374359,Davide Bartesaghi,2025,M,135,Serie A,489,AC Milan,2442.0,31,6.94013104013104,85.79492003762935,2.0,0.0,15.0,7.0,1063.0,44.0,49.0,10.0,12.0,208.0,100.0,32.0,12.0,18.0,14.0,19.0,4.0,3,0,0.0737100737100737,0.0,0.5528255528255528,0.2579852579852579,39.17690417690418,1.6216216216216215,1.805896805896806,0.3685503685503685,0.4422604422604422,7.665847665847665,3.6855036855036856,1.1793611793611791,0.4422604422604422,0.6633906633906634,0.5159705159705159,0.7002457002457002,0.1474201474201474,0.1105651105651105,0.0,46.66666666666666,48.07692307692308,37.5,1,1.860231528697545,2
375598,Ngal'ayel Mukau,2025,M,61,Ligue 1,79,Lille,1566.0,30,6.6567688378033205,87.24082934609251,1.0,0.0,11.0,5.0,627.0,13.0,29.0,1.0,14.0,167.0,78.0,25.0,13.0,15.0,23.0,27.0,4.0,2,0,0.0574712643678161,0.0,0.632183908045977,0.2873563218390805,36.03448275862069,0.7471264367816092,1.6666666666666663,0.0574712643678161,0.8045977011494253,9.597701149425289,4.482758620689655,1.4367816091954024,0.7471264367816092,0.8620689655172413,1.3218390804597702,1.5517241379310345,0.2298850574712644,0.1149425287356322,0.0,45.45454545454545,46.706586826347305,52.0,1,1.1318250612918608,1
383780,Mikel Jauregizar,2025,M,140,La Liga,531,Athletic Club,2843.0,36,6.769046781568766,80.50595238095238,2.0,0.0,20.0,11.0,1344.0,28.0,68.0,3.0,46.0,338.0,158.0,29.0,10.0,49.0,34.0,49.0,0.0,6,1,0.0633134013366162,0.0,0.6331340133661625,0.3482237073513893,42.54660569820612,0.8863876187126275,2.1526556454449524,0.0949701020049243,1.4562082307421738,10.699964825888143,5.001758705592684,0.9180443193809356,0.3165670066830812,1.5511783327470985,1.0763278227224762,1.5511783327470985,0.0,0.1899402040098487,0.0316567006683081,55.00000000000001,46.74556213017752,34.48275862068966,1,1.52487013133929,1
388871,Chema Andrés,2025,M,78,Bundesliga,172,VfB Stuttgart,1327.0,25,7.052380952380952,84.86932599724896,3.0,0.0,12.0,6.0,727.0,15.0,30.0,11.0,32.0,160.0,90.0,2.0,2.0,6.0,7.0,20.0,1.0,5,0,0.2034664657121326,0.0,0.8138658628485306,0.4069329314242653,49.306706857573474,1.0173323285606632,2.0346646571213265,0.746043707611153,2.1703089675960814,10.851544837980407,6.103993971363979,0.1356443104747551,0.1356443104747551,0.4069329314242653,0.4747550866616428,1.356443104747551,0.0678221552373775,0.3391107761868877,0.0,50.0,56.25,100.0,1,3.337795916011232,1
390586,Leon Avdullahu,2025,M,78,Bundesliga,167,1899 Hoffenheim,2838.0,33,7.077660324171952,89.9706457925636,0.0,1.0,9.0,2.0,2044.0,22.0,47.0,6.0,34.0,211.0,99.0,18.0,8.0,36.0,12.0,26.0,1.0,5,0,0.0,0.0317124735729386,0.2854122621564482,0.0634249471458773,64.82029598308668,0.6976744186046512,1.4904862579281186,0.1902748414376321,1.0782241014799154,6.691331923890064,3.13953488372093,0.5708245243128964,0.2536997885835095,1.1416490486257929,0.3805496828752643,0.824524312896406,0.0317124735729386,0.1585623678646934,0.0,22.22222222222222,46.91943127962085,44.44444444444444,1,2.2705139689941167,1
402265,Arthur Avom Ebong,2025,M,61,Ligue 1,97,Lorient,2115.0,31,7.077021276595746,83.94964594807239,2.0,1.0,15.0,6.0,1271.0,31.0,55.0,3.0,30.0,227.0,121.0,39.0,21.0,29.0,39.0,23.0,0.0,3,0,0.0851063829787234,0.0425531914893617,0.6382978723404256,0.2553191489361702,54.08510638297872,1.319148936170213,2.3404255319148937,0.1276595744680851,1.2765957446808511,9.659574468085106,5.148936170212766,1.6595744680851063,0.8936170212765958,1.2340425531914894,1.6595744680851063,0.9787234042553192,0.0,0.1276595744680851,0.0,40.0,53.30396475770925,53.84615384615385,1,1.7097785933756806,1
402386,Arsène Kouassi,2025,M,61,Ligue 1,97,Lorient,2612.0,31,6.919754977029097,86.8421052631579,2.0,6.0,8.0,5.0,874.0,32.0,26.0,3.0,23.0,215.0,123.0,69.0,37.0,9.0,53.0,15.0,10.0,4,0,0.0689127105666156,0.2067381316998468,0.2756508422664624,0.172281776416539,30.114854517611025,1.10260336906585,0.895865237366003,0.1033690658499234,0.7924961715160797,7.408116385911178,4.238131699846861,2.3774885145482387,1.2748851454823888,0.3101071975497703,1.826186830015314,0.5168453292496171,0.3445635528330781,0.1378254211332312,0.0,62.5,57.20930232558139,53.62318840579711,1,2.626118158418238,1
408635,Ebenezer Akinsanmiro,2025,M,135,Serie A,801,Pisa,1445.0,24,6.815224913494809,85.8267716535433,0.0,1.0,11.0,3.0,509.0,16.0,39.0,6.0,27.0,196.0,102.0,40.0,21.0,10.0,28.0,30.0,1.0,2,0,0.0,0.0622837370242214,0.685121107266436,0.1868512110726643,31.70242214532872,0.9965397923875432,2.4290657439446366,0.3737024221453287,1.681660899653979,12.207612456747404,6.352941176470588,2.491349480968858,1.3079584775086506,0.6228373702422145,1.7439446366782003,1.868512110726644,0.0622837370242214,0.1245674740484429,0.0,27.27272727272727,52.04081632653062,52.5,1,2.9417778812447004,1
415431,Samir El Mourabet,2025,M,61,Ligue 1,95,Strasbourg,2141.0,33,7.034002802428772,89.92355802640722,1.0,2.0,6.0,1.0,1439.0,28.0,79.0,13.0,25.0,221.0,132.0,29.0,18.0,19.0,26.0,23.0,3.0,4,0,0.0420364315740308,0.0840728631480616,0.2522185894441849,0.0420364315740308,60.49042503503036,1.177020084072863,3.320878094348436,0.5464736104624007,1.0509107893507703,9.290051377860811,5.548808967772069,1.219056515646894,0.7566557683325549,0.7986921999065858,1.0929472209248017,0.966837926202709,0.1261092947220924,0.1681457262961233,0.0,16.666666666666664,59.72850678733032,62.06896551724138,1,2.488502264274248,1
419035,Mamadou Coulibaly,2025,M,61,Ligue 1,91,Monaco,1382.0,25,6.866304347826087,85.06588579795023,3.0,3.0,9.0,5.0,683.0,12.0,37.0,2.0,19.0,184.0,81.0,35.0,15.0,17.0,16.0,31.0,3.0,7,1,0.195369030390738,0.195369030390738,0.5861070911722142,0.3256150506512301,44.479015918958034,0.7814761215629523,2.409551374819103,0.130246020260492,1.2373371924746743,11.982633863965267,5.274963820549927,2.279305354558611,0.9768451519536904,1.1070911722141823,1.0419681620839365,2.0188133140376268,0.195369030390738,0.4558610709117221,0.065123010130246,55.55555555555556,44.02173913043478,42.85714285714285,1,1.8670818158098157,2
434352,Alpha Touré,2025,M,61,Ligue 1,112,Metz,1611.0,30,6.535630043451272,86.79504814305365,0.0,1.0,10.0,1.0,727.0,11.0,40.0,4.0,9.0,195.0,99.0,27.0,15.0,17.0,27.0,27.0,1.0,5,0,0.0,0.0558659217877094,0.558659217877095,0.0558659217877094,40.614525139664806,0.6145251396648045,2.23463687150838,0.2234636871508379,0.5027932960893855,10.893854748603353,5.53072625698324,1.5083798882681565,0.8379888268156425,0.9497206703910612,1.5083798882681565,1.5083798882681565,0.0558659217877094,0.2793296089385475,0.0,10.0,50.76923076923077,55.55555555555556,1,1.8340315387636943,1
438688,Ayyoub Bouaddi,2025,M,61,Ligue 1,79,Lille,2338.0,30,6.810094097519247,84.73138548539114,0.0,1.0,8.0,5.0,1061.0,21.0,59.0,7.0,27.0,251.0,142.0,56.0,34.0,14.0,24.0,37.0,0.0,7,1,0.0,0.0384944396920444,0.3079555175363558,0.1924721984602224,40.8426005132592,0.8083832335329341,2.2711719418306244,0.2694610778443114,1.039349871685201,9.662104362703165,5.466210436270317,2.155688622754491,1.3088109495295124,0.5389221556886228,0.9238665526090676,1.424294268605646,0.0,0.2694610778443114,0.0384944396920444,62.5,56.57370517928288,60.71428571428571,1,1.2956473983997274,1
443674,Louis Leroux,2025,M,61,Ligue 1,83,Nantes,1443.0,23,6.61039501039501,74.39824945295405,1.0,1.0,6.0,3.0,457.0,16.0,37.0,2.0,4.0,134.0,71.0,29.0,11.0,13.0,14.0,12.0,1.0,2,0,0.0623700623700623,0.0623700623700623,0.3742203742203742,0.1871101871101871,28.5031185031185,0.997920997920998,2.3076923076923075,0.1247401247401247,0.2494802494802495,8.357588357588357,4.428274428274428,1.8087318087318087,0.6860706860706861,0.8108108108108109,0.8731808731808731,0.7484407484407485,0.0623700623700623,0.1247401247401247,0.0,50.0,52.98507462686567,37.93103448275862,1,2.2735660900010783,2
452697,Dayann Methalie,2025,M,61,Ligue 1,96,Toulouse,1882.0,27,6.547768331562168,79.22912205567452,2.0,1.0,12.0,7.0,467.0,9.0,54.0,3.0,25.0,262.0,105.0,78.0,28.0,7.0,11.0,57.0,1.0,9,0,0.0956429330499468,0.0478214665249734,0.5738575982996812,0.334750265674814,22.3326248671626,0.4303931987247609,2.5823591923485654,0.1434643995749203,1.1955366631243358,12.52922422954304,5.02125398512221,3.730074388947928,1.339001062699256,0.334750265674814,0.5260361317747078,2.725823591923486,0.0478214665249734,0.4303931987247609,0.0,58.333333333333336,40.0763358778626,35.8974358974359,1,3.3617481224150607,2
496896,Rudy Matondo,2025,M,61,Ligue 1,114,Paris FC,1359.0,27,6.754384672070745,87.07753479125249,2.0,0.0,7.0,5.0,503.0,5.0,28.0,3.0,11.0,149.0,72.0,21.0,14.0,13.0,23.0,27.0,1.0,4,1,0.1324503311258278,0.0,0.4635761589403973,0.3311258278145695,33.3112582781457,0.3311258278145695,1.854304635761589,0.1986754966887417,0.728476821192053,9.867549668874172,4.768211920529802,1.390728476821192,0.9271523178807948,0.8609271523178809,1.52317880794702,1.7880794701986755,0.0662251655629139,0.2649006622516556,0.0662251655629139,71.42857142857143,48.32214765100672,66.66666666666666,1,1.8044949261215852,1
499380,Sascha Britschgi,2025,M,135,Serie A,523,Parma,2112.0,29,6.570785984848484,76.09756097560975,0.0,2.0,9.0,3.0,615.0,18.0,33.0,5.0,8.0,171.0,76.0,18.0,9.0,34.0,23.0,18.0,0.0,7,1,0.0,0.0852272727272727,0.3835227272727272,0.1278409090909091,26.207386363636363,0.7670454545454545,1.40625,0.2130681818181818,0.3409090909090909,7.286931818181818,3.238636363636364,0.7670454545454545,0.3835227272727272,1.4488636363636362,0.9801136363636364,0.7670454545454545,0.0,0.2982954545454545,0.0426136363636363,33.33333333333333,44.44444444444444,50.0,1,2.332966577340259,2
514464,Alexis Vossah,2025,M,61,Ligue 1,96,Toulouse,1093.0,23,6.418681318681318,80.9651474530831,1.0,1.0,6.0,2.0,374.0,7.0,11.0,2.0,8.0,85.0,41.0,6.0,4.0,8.0,10.0,18.0,0.0,5,1,0.0823421774931381,0.0823421774931381,0.4940530649588289,0.1646843549862763,30.79597438243367,0.576395242451967,0.9057639524245196,0.1646843549862763,0.6587374199451053,6.999085086916743,3.376029277218664,0.4940530649588289,0.3293687099725526,0.6587374199451053,0.8234217749313816,1.4821591948764865,0.0,0.4117108874656908,0.0823421774931381,33.33333333333333,48.23529411764706,66.66666666666666,1,2.3016039267528305,2
519664,Khalis Merah,2025,M,61,Ligue 1,80,Lyon,1148.0,22,6.660592850915432,85.4251012145749,0.0,1.0,6.0,3.0,494.0,12.0,27.0,0.0,7.0,118.0,61.0,15.0,10.0,16.0,20.0,11.0,0.0,1,0,0.0,0.078397212543554,0.470383275261324,0.235191637630662,38.72822299651568,0.940766550522648,2.1167247386759582,0.0,0.5487804878048781,9.250871080139373,4.7822299651567945,1.17595818815331,0.7839721254355401,1.254355400696864,1.56794425087108,0.862369337979094,0.0,0.078397212543554,0.0,50.0,51.69491525423729,66.66666666666666,1,1.4690328961239814,1
