player_id,player_name,season,position,primary_league_id,primary_league_name,latest_team_id,latest_team_name,minutes,appearances,provider_rating_avg,pass_accuracy_pct,goals,assists,shots_total,shots_on_target,passes_total,key_passes,tackles,blocks,interceptions,duels_total,duels_won,dribbles_attempted,dribbles_successful,dribbled_past,fouls_drawn,fouls_committed,offsides,yellow_cards,red_cards,goals_per90,assists_per90,shots_total_per90,shots_on_target_per90,passes_total_per90,key_passes_per90,tackles_per90,blocks_per90,interceptions_per90,duels_total_per90,duels_won_per90,dribbles_attempted_per90,dribbles_successful_per90,dribbled_past_per90,fouls_drawn_per90,fouls_committed_per90,offsides_per90,yellow_cards_per90,red_cards_per90,shot_accuracy_pct,duel_win_pct,dribble_success_pct,orientation_cluster,orientation_distance,archetype_cluster
45,Thomas Lemar,2025,M,140,La Liga,547,Girona,1273.0,27,6.721995286724273,88.14589665653494,3.0,1.0,11.0,8.0,658.0,20.0,27.0,2.0,5.0,153.0,69.0,34.0,20.0,16.0,20.0,19.0,0.0,4,0,0.2120974076983503,0.0706991358994501,0.7776904948939513,0.565593087195601,46.520031421838176,1.4139827179890023,1.908876669285153,0.1413982717989002,0.3534956794972506,10.816967792615868,4.878240377062058,2.4037706205813043,1.4139827179890023,1.131186174391202,1.4139827179890023,1.343283582089552,0.0,0.2827965435978005,0.0,72.72727272727273,45.09803921568628,58.82352941176471,0,1.7384753332570255,1
83,Arnaut Danjuma,2025,M,140,La Liga,532,Valencia,1627.0,30,6.7779963122311,77.74936061381074,3.0,2.0,28.0,14.0,391.0,17.0,13.0,1.0,2.0,158.0,69.0,64.0,27.0,6.0,22.0,21.0,5.0,0,0,0.1659496004917025,0.1106330669944683,1.548862937922557,0.7744314689612785,21.628764597418563,0.9403810694529808,0.7191149354640444,0.0553165334972341,0.1106330669944683,8.740012292563,3.816840811309158,3.540258143822987,1.4935464044253228,0.331899200983405,1.2169637369391515,1.1616472034419176,0.2765826674861708,0.0,0.0,50.0,43.67088607594937,42.1875,0,2.414638023585145,0
107,Sofiane Diop,2025,M,61,Ligue 1,84,Nice,2252.0,35,6.959724689165187,78.50162866449512,8.0,3.0,38.0,17.0,921.0,38.0,24.0,3.0,21.0,250.0,113.0,68.0,33.0,20.0,47.0,23.0,7.0,5,0,0.3197158081705151,0.1198934280639431,1.5186500888099466,0.6793960923623446,36.80728241563055,1.5186500888099466,0.9591474245115452,0.1198934280639431,0.839253996447602,9.991119005328596,4.515985790408526,2.717584369449378,1.3188277087033748,0.7992895204262876,1.878330373001776,0.919182948490231,0.2797513321492007,0.1998223801065719,0.0,44.73684210526316,45.2,48.52941176470589,0,1.2788809268101402,0
143,Carles Aleñá,2025,M,140,La Liga,542,Alaves,1995.0,34,6.6133834586466165,85.1764705882353,0.0,4.0,18.0,5.0,850.0,38.0,37.0,2.0,10.0,228.0,99.0,27.0,12.0,24.0,36.0,38.0,1.0,5,0,0.0,0.1804511278195488,0.81203007518797,0.225563909774436,38.34586466165413,1.7142857142857144,1.669172932330827,0.0902255639097744,0.4511278195488721,10.285714285714285,4.466165413533835,1.218045112781955,0.5413533834586467,1.0827067669172934,1.62406015037594,1.7142857142857144,0.0451127819548872,0.225563909774436,0.0,27.77777777777778,43.42105263157895,44.44444444444444,0,1.8338807953514056,0
219,Matteo Politano,2025,M,135,Serie A,492,Napoli,2213.0,34,6.952417532760958,82.02127659574468,2.0,5.0,35.0,13.0,940.0,37.0,15.0,2.0,5.0,182.0,84.0,69.0,33.0,11.0,28.0,19.0,0.0,4,0,0.0813375508359692,0.2033438770899231,1.4234071396294623,0.5286940804338003,38.22864889290556,1.5047446904654316,0.6100316312697696,0.0813375508359692,0.2033438770899231,7.401717126073203,3.416177135110709,2.80614550384094,1.342069588793493,0.447356529597831,1.1387257117035698,0.7727067329417081,0.0,0.1626751016719385,0.0,37.142857142857146,46.15384615384615,47.82608695652174,0,2.3143240733071884,0
247,Cody Gakpo,2025,M,39,Premier League,40,Liverpool,2754.0,36,6.968917937545387,78.53333333333333,7.0,5.0,54.0,21.0,750.0,53.0,28.0,4.0,13.0,334.0,162.0,69.0,34.0,14.0,44.0,42.0,30.0,3,0,0.2287581699346405,0.1633986928104575,1.7647058823529411,0.6862745098039216,24.509803921568626,1.7320261437908495,0.915032679738562,0.130718954248366,0.4248366013071895,10.915032679738562,5.294117647058823,2.2549019607843137,1.1111111111111112,0.457516339869281,1.437908496732026,1.3725490196078431,0.9803921568627452,0.0980392156862745,0.0,38.88888888888889,48.50299401197605,49.275362318840585,0,1.4909034578597409,0
272,Adrien Rabiot,2025,M,135,Serie A,489,AC Milan,2640.0,30,7.225,85.88235294117646,6.0,4.0,35.0,12.0,1360.0,31.0,57.0,5.0,20.0,313.0,174.0,42.0,20.0,19.0,56.0,37.0,7.0,7,1,0.2045454545454545,0.1363636363636363,1.193181818181818,0.409090909090909,46.36363636363636,1.0568181818181817,1.943181818181818,0.1704545454545454,0.6818181818181819,10.670454545454543,5.931818181818182,1.4318181818181817,0.6818181818181819,0.6477272727272727,1.9090909090909087,1.2613636363636365,0.2386363636363636,0.2386363636363636,0.034090909090909,34.285714285714285,55.59105431309904,47.61904761904761,0,1.8948074353507856,1
306,Mohamed Salah,2025,M,39,Premier League,40,Liverpool,2148.0,27,6.939571694599628,76.92307692307693,7.0,7.0,45.0,19.0,793.0,49.0,17.0,1.0,4.0,201.0,60.0,72.0,19.0,9.0,16.0,10.0,14.0,1,0,0.2932960893854748,0.2932960893854748,1.885474860335196,0.7960893854748603,33.22625698324022,2.053072625698324,0.7122905027932961,0.0418994413407821,0.1675977653631284,8.421787709497206,2.513966480446927,3.016759776536313,0.7960893854748603,0.3770949720670391,0.6703910614525139,0.4189944134078212,0.5865921787709497,0.0418994413407821,0.0,42.22222222222222,29.85074626865672,26.38888888888889,0,2.6904166274592765,0
510,Serge Gnabry,2025,M,78,Bundesliga,157,Bayern München,1228.0,21,7.241286644951139,89.83050847457628,8.0,6.0,35.0,17.0,649.0,23.0,18.0,1.0,4.0,96.0,40.0,34.0,16.0,7.0,6.0,9.0,6.0,1,0,0.5863192182410424,0.4397394136807817,2.5651465798045603,1.2459283387622149,47.56514657980456,1.6856677524429968,1.3192182410423452,0.0732899022801303,0.2931596091205212,7.035830618892508,2.931596091205212,2.4918566775244297,1.1726384364820848,0.5130293159609121,0.4397394136807817,0.6596091205211726,0.4397394136807817,0.0732899022801303,0.0,48.57142857142857,41.66666666666667,47.05882352941176,0,3.5275328362225427,0
519,Corentin Tolisso,2025,M,61,Ligue 1,80,Lyon,2306.0,30,7.151864700780571,84.24657534246576,11.0,4.0,42.0,27.0,1314.0,34.0,32.0,10.0,18.0,299.0,146.0,16.0,6.0,31.0,55.0,42.0,3.0,5,0,0.4293148308759758,0.1561144839549002,1.6392020815264523,1.0537727666955767,51.28360797918473,1.3269731136166525,1.248915871639202,0.3902862098872506,0.7025151777970512,11.669557675628791,5.69817866435386,0.6244579358196011,0.2341717259323504,1.209887250650477,2.146574154379879,1.6392020815264523,0.1170858629661752,0.1951431049436253,0.0,64.28571428571429,48.82943143812709,37.5,0,2.400790082101257,0
563,Alejandro Grimaldo,2025,M,78,Bundesliga,168,Bayer Leverkusen,2524.0,29,7.341798732171157,87.39770867430443,8.0,8.0,43.0,21.0,1833.0,70.0,49.0,5.0,19.0,244.0,113.0,61.0,25.0,27.0,29.0,11.0,8.0,5,0,0.2852614896988906,0.2852614896988906,1.5332805071315374,0.7488114104595879,65.36053882725832,2.4960380348652933,1.7472266244057053,0.1782884310618066,0.6774960380348654,8.700475435816164,4.029318541996831,2.175118858954041,0.8914421553090333,0.962757527733756,1.0340729001584783,0.3922345483359746,0.2852614896988906,0.1782884310618066,0.0,48.837209302325576,46.31147540983606,40.98360655737705,0,3.1496602822856747,0
628,Adrián Bernabé,2025,M,135,Serie A,523,Parma,2493.0,32,7.07785800240674,84.77917981072555,3.0,1.0,29.0,12.0,1268.0,55.0,39.0,6.0,17.0,228.0,119.0,42.0,15.0,31.0,61.0,15.0,1.0,0,0,0.1083032490974729,0.0361010830324909,1.0469314079422385,0.4332129963898917,45.77617328519856,1.985559566787004,1.407942238267148,0.2166064981949458,0.6137184115523465,8.231046931407942,4.296028880866426,1.5162454873646207,0.5415162454873647,1.1191335740072204,2.2021660649819497,0.5415162454873647,0.0361010830324909,0.0,0.0,41.37931034482759,52.19298245614035,35.714285714285715,0,2.252272002229076,0
629,Kevin De Bruyne,2025,M,135,Serie A,492,Napoli,1169.0,18,7.093755346449957,83.78378378378379,5.0,2.0,20.0,11.0,740.0,37.0,12.0,0.0,5.0,73.0,30.0,14.0,9.0,11.0,6.0,8.0,4.0,1,0,0.3849443969204448,0.1539777587681779,1.5397775876817792,0.8468776732249785,56.97177074422583,2.848588537211292,0.9238665526090676,0.0,0.3849443969204448,5.620188195038494,2.309666381522669,1.0778443113772456,0.6928999144568007,0.8468776732249785,0.4619332763045338,0.6159110350727117,0.3079555175363558,0.0769888793840889,0.0,55.00000000000001,41.0958904109589,64.28571428571429,0,4.277240214258899,0
631,Phil Foden,2025,M,39,Premier League,50,Manchester City,2107.0,33,7.149501661129568,88.19157720891825,7.0,5.0,36.0,19.0,1211.0,56.0,34.0,3.0,9.0,199.0,96.0,47.0,25.0,14.0,31.0,18.0,3.0,4,0,0.2990033222591362,0.2135738016136687,1.5377313716184149,0.8115804461319411,51.72757475083056,2.39202657807309,1.4523018509729475,0.1281442809682012,0.3844328429046037,8.500237304224015,4.10061699098244,2.007593735168486,1.0678690080683435,0.5980066445182725,1.324157570004746,0.7688656858092074,0.1281442809682012,0.170859041290935,0.0,52.77777777777778,48.24120603015075,53.191489361702125,0,2.397774526208429,0
714,Nadiem Amiri,2025,M,78,Bundesliga,164,FSV Mainz 05,2090.0,26,7.443923444976077,81.27812781278128,12.0,2.0,33.0,22.0,1111.0,63.0,31.0,3.0,22.0,187.0,94.0,49.0,25.0,13.0,26.0,20.0,3.0,6,0,0.5167464114832536,0.0861244019138756,1.4210526315789471,0.9473684210526316,47.84210526315789,2.712918660287081,1.3349282296650715,0.1291866028708134,0.9473684210526316,8.052631578947368,4.047846889952154,2.110047846889952,1.076555023923445,0.5598086124401914,1.1196172248803828,0.8612440191387559,0.1291866028708134,0.2583732057416268,0.0,66.66666666666666,50.26737967914438,51.02040816326531,0,2.8963283141235125,0
715,Christoph Baumgartner,2025,M,78,Bundesliga,173,RB Leipzig,2789.0,33,6.918608820365723,75.71428571428571,13.0,8.0,70.0,35.0,1120.0,37.0,54.0,4.0,21.0,356.0,159.0,33.0,13.0,31.0,33.0,63.0,4.0,10,0,0.419505198996056,0.2581570455360344,2.258874148440301,1.1294370742201505,36.141986375044816,1.1939763356041593,1.7425600573682325,0.1290785227680172,0.6776622445320903,11.487988526353533,5.130871280028685,1.064897812836142,0.419505198996056,1.0003585514521334,1.064897812836142,2.032986733596271,0.1290785227680172,0.322696306920043,0.0,50.0,44.662921348314605,39.39393939393939,0,2.448988008280214,0
726,Andrej Kramarić,2025,M,78,Bundesliga,167,1899 Hoffenheim,2222.0,34,7.197884788478849,85.27918781725889,14.0,6.0,50.0,33.0,985.0,36.0,8.0,2.0,8.0,115.0,46.0,33.0,19.0,7.0,14.0,5.0,5.0,2,0,0.5670567056705671,0.243024302430243,2.025202520252025,1.3366336633663365,39.896489648964895,1.4581458145814583,0.324032403240324,0.081008100810081,0.324032403240324,4.657965796579657,1.8631863186318631,1.3366336633663365,0.7695769576957696,0.2835283528352835,0.5670567056705671,0.2025202520252025,0.2025202520252025,0.081008100810081,0.0,66.0,40.0,57.57575757575758,0,3.9491876882561554,0
744,Brahim Díaz,2025,M,140,La Liga,541,Real Madrid,1284.0,30,6.728660436137072,90.58380414312616,1.0,6.0,12.0,7.0,531.0,30.0,15.0,0.0,2.0,159.0,79.0,44.0,25.0,2.0,37.0,19.0,3.0,2,0,0.0700934579439252,0.4205607476635514,0.8411214953271028,0.4906542056074766,37.2196261682243,2.102803738317757,1.0514018691588785,0.0,0.1401869158878504,11.144859813084112,5.537383177570093,3.08411214953271,1.7523364485981308,0.1401869158878504,2.593457943925233,1.3317757009345794,0.2102803738317757,0.1401869158878504,0.0,58.333333333333336,49.685534591194966,56.81818181818182,0,2.3553424271229133,0
792,Justin Kluivert,2025,M,39,Premier League,35,Bournemouth,951.0,20,6.559726603575183,81.15942028985508,2.0,0.0,11.0,4.0,345.0,21.0,10.0,2.0,4.0,116.0,37.0,26.0,11.0,9.0,10.0,18.0,2.0,5,0,0.1892744479495268,0.0,1.0410094637223974,0.3785488958990536,32.64984227129338,1.987381703470032,0.946372239747634,0.1892744479495268,0.3785488958990536,10.977917981072556,3.501577287066246,2.4605678233438484,1.0410094637223974,0.8517350157728707,0.946372239747634,1.7034700315457414,0.1892744479495268,0.473186119873817,0.0,36.36363636363637,31.89655172413793,42.30769230769231,0,1.736513057691572,0
897,Mason Greenwood,2025,M,61,Ligue 1,81,Marseille,2469.0,32,7.444309437019036,81.69464428457233,16.0,7.0,86.0,48.0,1251.0,61.0,15.0,1.0,4.0,229.0,105.0,105.0,54.0,18.0,34.0,22.0,1.0,4,0,0.5832320777642771,0.2551640340218712,3.134872417982989,1.749696233292831,45.601458080194405,2.2235722964763065,0.5467800729040098,0.0364520048602673,0.1458080194410692,8.347509113001214,3.827460510328068,3.827460510328068,1.968408262454435,0.6561360874848117,1.2393681652490889,0.8019441069258809,0.0364520048602673,0.1458080194410692,0.0,55.81395348837209,45.85152838427948,51.42857142857142,0,4.204579170568374,0
903,Scott McTominay,2025,M,135,Serie A,492,Napoli,2793.0,33,7.080093089867527,88.93905191873588,10.0,3.0,73.0,34.0,1329.0,22.0,28.0,13.0,21.0,318.0,169.0,57.0,26.0,12.0,73.0,24.0,5.0,1,0,0.322234156820623,0.0966702470461868,2.352309344790548,1.095596133190118,42.82491944146079,0.7089151450053707,0.9022556390977444,0.4189044038668099,0.6766917293233082,10.24704618689581,5.445757250268528,1.8367346938775508,0.8378088077336198,0.3866809881847475,2.352309344790548,0.7733619763694951,0.1611170784103115,0.0322234156820623,0.0,46.57534246575342,53.14465408805032,45.614035087719294,0,2.8703609917040014,0
909,Marcus Rashford,2025,M,140,La Liga,529,Barcelona,1761.0,32,6.809823963657013,84.8249027237354,8.0,7.0,49.0,29.0,771.0,46.0,8.0,3.0,2.0,171.0,67.0,87.0,30.0,5.0,25.0,10.0,10.0,3,0,0.4088586030664395,0.3577512776831345,2.504258943781942,1.482112436115843,39.40374787052811,2.350936967632028,0.4088586030664395,0.1533219761499148,0.1022146507666098,8.739352640545146,3.4241908006814312,4.4463373083475295,1.533219761499148,0.2555366269165247,1.2776831345826236,0.5110732538330494,0.5110732538330494,0.1533219761499148,0.0,59.18367346938776,39.1812865497076,34.48275862068966,0,3.5739308547215844,0
925,Gonçalo Guedes,2025,M,140,La Liga,548,Real Sociedad,1839.0,32,6.97030995106036,74.64539007092199,8.0,4.0,29.0,18.0,564.0,25.0,25.0,0.0,4.0,193.0,87.0,39.0,18.0,24.0,33.0,18.0,13.0,3,0,0.3915171288743882,0.1957585644371941,1.4192495921696573,0.8809135399673735,27.60195758564437,1.223491027732463,1.223491027732463,0.0,0.1957585644371941,9.445350734094616,4.257748776508972,1.9086460032626429,0.8809135399673735,1.1745513866231647,1.6150081566068517,0.8809135399673735,0.636215334420881,0.1468189233278956,0.0,62.06896551724138,45.07772020725388,46.15384615384615,0,1.5778583287950576,0
927,Kang-in Lee,2025,M,61,Ligue 1,85,Paris Saint Germain,1522.0,27,7.09053876478318,91.0919540229885,3.0,4.0,27.0,15.0,1044.0,60.0,17.0,1.0,3.0,148.0,70.0,51.0,28.0,10.0,19.0,18.0,3.0,3,0,0.1773981603153745,0.2365308804204993,1.5965834428383707,0.8869908015768725,61.73455978975033,3.54796320630749,1.0052562417871225,0.0591327201051248,0.1773981603153745,8.751642575558476,4.139290407358739,3.0157687253613665,1.655716162943495,0.5913272010512484,1.123521681997372,1.064388961892247,0.1773981603153745,0.1773981603153745,0.0,55.55555555555556,47.2972972972973,54.90196078431373,0,4.222891712154945,0
1101,Takumi Minamino,2025,M,61,Ligue 1,91,Monaco,961.0,15,6.630801248699273,73.37662337662337,3.0,2.0,15.0,7.0,308.0,9.0,3.0,2.0,4.0,67.0,21.0,12.0,4.0,12.0,8.0,10.0,3.0,4,0,0.2809573361082206,0.1873048907388137,1.404786680541103,0.6555671175858481,28.84495317377732,0.8428720083246618,0.2809573361082206,0.1873048907388137,0.3746097814776275,6.274713839750261,1.9667013527575443,1.1238293444328824,0.3746097814776275,1.1238293444328824,0.749219562955255,0.9365244536940688,0.2809573361082206,0.3746097814776275,0.0,46.66666666666666,31.343283582089555,33.33333333333333,0,3.495865361071533,0
1125,Ryan Christie,2025,M,39,Premier League,35,Bournemouth,986.0,26,6.811764705882353,78.24497257769653,2.0,0.0,15.0,8.0,547.0,11.0,27.0,4.0,12.0,160.0,80.0,39.0,19.0,14.0,22.0,17.0,1.0,3,1,0.1825557809330628,0.0,1.3691683569979716,0.7302231237322515,49.9290060851927,1.0040567951318458,2.464503042596349,0.3651115618661257,1.0953346855983772,14.60446247464503,7.302231237322515,3.559837728194726,1.7342799188640974,1.27789046653144,2.0081135902636915,1.5517241379310345,0.0912778904665314,0.2738336713995943,0.0912778904665314,53.333333333333336,50.0,48.71794871794872,0,2.835647391426002,1
1321,Lovro Majer,2025,M,78,Bundesliga,161,VfL Wolfsburg,1389.0,29,6.744917087238645,81.80147058823529,2.0,3.0,20.0,7.0,544.0,22.0,27.0,1.0,9.0,172.0,72.0,25.0,12.0,15.0,21.0,31.0,4.0,6,0,0.1295896328293736,0.1943844492440604,1.2958963282937366,0.4535637149028077,35.248380129589634,1.42548596112311,1.7494600431965444,0.0647948164146868,0.5831533477321814,11.144708423326133,4.665226781857451,1.6198704103671706,0.7775377969762419,0.9719222462203024,1.3606911447084231,2.008639308855292,0.2591792656587472,0.3887688984881209,0.0,35.0,41.86046511627907,48.0,0,1.1878688502565382,1
1323,Dani Olmo,2025,M,140,La Liga,529,Barcelona,2077.0,33,7.084689455946076,85.2796052631579,7.0,8.0,51.0,21.0,1216.0,49.0,34.0,1.0,14.0,216.0,112.0,43.0,16.0,15.0,42.0,27.0,6.0,1,0,0.3033220991815118,0.3466538276360135,2.209918151179586,0.9099662975445354,52.69138180067405,2.1232546942705826,1.4732787674530574,0.0433317284545016,0.6066441983630236,9.359653346172363,4.853153586904189,1.8632643235435724,0.693307655272027,0.6499759268175253,1.8199325950890708,1.1699566682715454,0.2599903707270101,0.0433317284545016,0.0,41.17647058823529,51.85185185185185,37.2093023255814,0,2.5299177543026707,0
1417,Alexis Saelemaekers,2025,M,135,Serie A,489,AC Milan,2798.0,35,7.201322373123659,83.86123680241327,3.0,3.0,29.0,11.0,1326.0,52.0,74.0,4.0,28.0,338.0,197.0,106.0,50.0,30.0,64.0,26.0,2.0,5,0,0.0964974982130092,0.0964974982130092,0.9328091493924232,0.3538241601143674,42.6518942101501,1.6726233023588275,2.380271622587563,0.128663330950679,0.9006433166547535,10.87205146533238,6.336669049320944,3.409578270192995,1.6082916368834883,0.9649749821300928,2.058613295210865,0.8363116511794138,0.0643316654753395,0.1608291636883488,0.0,37.93103448275862,58.28402366863905,47.16981132075472,0,2.0824315768507566,1
1422,Jérémy Doku,2025,M,39,Premier League,50,Manchester City,1784.0,30,7.658576233183855,82.90155440414507,5.0,5.0,24.0,15.0,772.0,60.0,23.0,0.0,13.0,320.0,169.0,147.0,82.0,10.0,61.0,23.0,3.0,0,0,0.2522421524663677,0.2522421524663677,1.2107623318385652,0.7567264573991032,38.946188340807176,3.0269058295964126,1.1603139013452914,0.0,0.6558295964125561,16.143497757847534,8.525784753363228,7.415919282511211,4.136771300448431,0.5044843049327354,3.0773542600896864,1.1603139013452914,0.1513452914798206,0.0,0.0,62.5,52.81249999999999,55.78231292517006,0,5.194056727160043,1
1461,Denis Suárez,2025,M,140,La Liga,542,Alaves,1432.0,30,6.737360335195531,85.92964824120602,1.0,2.0,6.0,4.0,797.0,22.0,22.0,3.0,7.0,187.0,77.0,54.0,25.0,26.0,26.0,20.0,0.0,6,0,0.0628491620111731,0.1256983240223463,0.3770949720670391,0.2513966480446927,50.09078212290503,1.38268156424581,1.38268156424581,0.1885474860335195,0.4399441340782123,11.752793296089385,4.839385474860335,3.393854748603352,1.5712290502793296,1.6340782122905029,1.6340782122905029,1.2569832402234635,0.0,0.3770949720670391,0.0,66.66666666666666,41.17647058823529,46.2962962962963,0,2.247438438723061,1
1485,Bruno Fernandes,2025,M,39,Premier League,33,Manchester United,3066.0,35,7.641585127201567,82.20551378446115,9.0,21.0,55.0,24.0,1995.0,137.0,54.0,5.0,20.0,272.0,124.0,36.0,15.0,39.0,35.0,25.0,4.0,5,0,0.2641878669275929,0.6164383561643836,1.6144814090019568,0.7045009784735812,58.56164383561645,4.021526418786692,1.5851272015655575,0.146771037181996,0.5870841487279843,7.984344422700587,3.639921722113504,1.0567514677103718,0.4403131115459882,1.1448140900195694,1.0273972602739725,0.7338551859099804,0.1174168297455968,0.146771037181996,0.0,43.63636363636363,45.588235294117645,41.66666666666667,0,4.948473262594575,0
1496,Raphinha,2025,M,140,La Liga,529,Barcelona,1388.0,22,7.706340057636887,81.2206572769953,13.0,3.0,49.0,24.0,639.0,43.0,15.0,1.0,5.0,109.0,49.0,41.0,21.0,14.0,10.0,10.0,4.0,5,0,0.8429394812680114,0.1945244956772334,3.177233429394813,1.5561959654178676,41.433717579250725,2.788184438040345,0.9726224783861672,0.0648414985590778,0.324207492795389,7.067723342939481,3.177233429394813,2.65850144092219,1.361671469740634,0.9077809798270894,0.648414985590778,0.648414985590778,0.2593659942363112,0.324207492795389,0.0,48.97959183673469,44.95412844036697,51.21951219512195,0,4.64665395260515,0
1578,Giovani Lo Celso,2025,M,140,La Liga,543,Real Betis,1396.0,24,7.14297994269341,87.97687861271676,2.0,3.0,20.0,11.0,865.0,33.0,19.0,0.0,6.0,153.0,87.0,33.0,16.0,12.0,42.0,9.0,4.0,4,0,0.1289398280802292,0.1934097421203438,1.2893982808022924,0.7091690544412608,55.76647564469914,2.1275071633237825,1.2249283667621778,0.0,0.3868194842406877,9.863896848137536,5.608882521489972,2.1275071633237825,1.0315186246418335,0.7736389684813754,2.707736389684813,0.5802292263610316,0.2578796561604584,0.2578796561604584,0.0,55.00000000000001,56.86274509803921,48.48484848484848,0,2.6468223405438227,0
1646,Lucas Paquetá,2025,M,39,Premier League,48,West Ham,1521.0,18,6.92353714661407,77.03045685279187,4.0,1.0,17.0,11.0,788.0,23.0,39.0,6.0,8.0,264.0,123.0,42.0,16.0,12.0,30.0,28.0,5.0,7,1,0.2366863905325444,0.0591715976331361,1.0059171597633136,0.650887573964497,46.62721893491125,1.3609467455621302,2.3076923076923075,0.3550295857988166,0.4733727810650888,15.621301775147929,7.278106508875739,2.485207100591716,0.9467455621301776,0.7100591715976332,1.7751479289940828,1.656804733727811,0.2958579881656805,0.4142011834319526,0.0591715976331361,64.70588235294117,46.590909090909086,38.095238095238095,0,2.387592686368873,1
1695,Santi Cazorla,2025,M,140,La Liga,718,Oviedo,940.0,28,6.849520766773162,86.34686346863468,0.0,1.0,6.0,1.0,542.0,27.0,18.0,3.0,4.0,95.0,56.0,21.0,13.0,11.0,19.0,6.0,0.0,2,1,0.0,0.0957446808510638,0.5744680851063829,0.0957446808510638,51.8936170212766,2.5851063829787235,1.7234042553191489,0.2872340425531914,0.3829787234042553,9.095744680851062,5.361702127659575,2.0106382978723407,1.2446808510638296,1.053191489361702,1.819148936170213,0.5744680851063829,0.0,0.1914893617021276,0.0957446808510638,16.666666666666664,58.94736842105262,61.90476190476191,0,2.917472763949849,0
1696,Samuel Chukwueze,2025,M,39,Premier League,36,Fulham,1100.0,24,6.854454545454545,74.3529411764706,3.0,4.0,17.0,7.0,425.0,24.0,6.0,1.0,6.0,105.0,47.0,40.0,19.0,7.0,15.0,5.0,3.0,0,0,0.2454545454545454,0.3272727272727272,1.3909090909090909,0.5727272727272728,34.77272727272727,1.963636363636364,0.4909090909090909,0.0818181818181818,0.4909090909090909,8.590909090909092,3.845454545454545,3.2727272727272725,1.554545454545455,0.5727272727272728,1.2272727272727273,0.409090909090909,0.2454545454545454,0.0,0.0,41.17647058823529,44.761904761904766,47.5,0,2.068548133212049,0
1748,Lassana Coulibaly,2025,M,135,Serie A,867,Lecce,2695.0,33,6.760296846011132,81.94622279129321,3.0,1.0,23.0,8.0,781.0,21.0,48.0,6.0,8.0,301.0,159.0,42.0,24.0,27.0,52.0,36.0,1.0,4,0,0.1001855287569573,0.0333951762523191,0.7680890538033396,0.2671614100185528,26.081632653061224,0.7012987012987013,1.6029684601113174,0.2003710575139146,0.2671614100185528,10.051948051948052,5.309833024118738,1.4025974025974026,0.8014842300556587,0.901669758812616,1.7365491651205938,1.202226345083488,0.0333951762523191,0.1335807050092764,0.0,34.78260869565217,52.823920265780735,57.14285714285714,0,2.3604643315655696,1
1864,Pedro Neto,2025,M,39,Premier League,49,Chelsea,2643.0,34,6.948937784522004,87.41935483870968,5.0,6.0,24.0,13.0,931.0,55.0,19.0,0.0,6.0,248.0,100.0,104.0,47.0,26.0,25.0,16.0,6.0,4,1,0.170261066969353,0.2043132803632236,0.8172531214528944,0.4426787741203178,31.70261066969353,1.8728717366628829,0.6469920544835415,0.0,0.2043132803632236,8.44494892167991,3.4052213393870603,3.5414301929625425,1.6004540295119185,0.8853575482406356,0.8513053348467651,0.5448354143019296,0.2043132803632236,0.1362088535754824,0.0340522133938706,54.16666666666666,40.32258064516129,45.19230769230769,0,2.5738039468379106,0
1938,Ruslan Malinovskyi,2025,M,135,Serie A,495,Genoa,2250.0,34,6.938000000000001,82.18390804597702,6.0,3.0,43.0,15.0,1218.0,39.0,30.0,5.0,15.0,235.0,102.0,20.0,11.0,25.0,26.0,36.0,1.0,10,0,0.24,0.12,1.72,0.6000000000000001,48.72,1.5599999999999998,1.2000000000000002,0.2,0.6000000000000001,9.4,4.08,0.8,0.44,1.0,1.04,1.44,0.04,0.4,0.0,34.88372093023256,43.40425531914894,55.00000000000001,0,2.3828049173340733,0
2061,Bryan Gil,2025,M,140,La Liga,547,Girona,1597.0,29,6.51208515967439,83.9458413926499,0.0,3.0,15.0,7.0,517.0,21.0,31.0,1.0,9.0,250.0,105.0,81.0,33.0,18.0,37.0,20.0,6.0,6,0,0.0,0.169067000626174,0.8453350031308703,0.3944896681277395,29.135879774577333,1.1834690043832186,1.747025673137132,0.0563556668753913,0.5072010018785222,14.08891671884784,5.917345021916093,4.5648090169067,1.8597370068879149,1.0144020037570445,2.08515967438948,1.127113337507827,0.3381340012523481,0.3381340012523481,0.0,46.66666666666666,42.0,40.74074074074074,0,2.1926543210806684,1
2181,Giorgi Tsitaishvili,2025,M,61,Ligue 1,112,Metz,2457.0,33,6.790960912052117,78.83310719131615,3.0,2.0,22.0,8.0,737.0,45.0,19.0,3.0,13.0,207.0,104.0,85.0,42.0,16.0,36.0,23.0,6.0,3,0,0.1098901098901098,0.0732600732600732,0.8058608058608059,0.293040293040293,26.996336996337,1.6483516483516485,0.6959706959706959,0.1098901098901098,0.4761904761904761,7.582417582417583,3.809523809523809,3.1135531135531136,1.5384615384615383,0.5860805860805861,1.3186813186813189,0.8424908424908425,0.2197802197802197,0.1098901098901098,0.0,36.36363636363637,50.24154589371981,49.41176470588236,0,2.2804135163104924,0
2182,Viktor Tsygankov,2025,M,140,La Liga,547,Girona,2641.0,32,6.871677394926166,82.35294117647058,6.0,5.0,39.0,21.0,1003.0,56.0,31.0,4.0,20.0,251.0,123.0,54.0,26.0,16.0,35.0,22.0,5.0,3,0,0.2044680045437334,0.1703900037864445,1.3290420295342673,0.715638015903067,34.18023475956077,1.9083680424081788,1.056418023475956,0.1363120030291556,0.6815600151457781,8.553578190079515,4.191594093146536,1.840212040893601,0.8860280196895115,0.5452480121166224,1.1927300265051115,0.7497160166603558,0.1703900037864445,0.1022340022718667,0.0,53.84615384615385,49.00398406374502,48.14814814814815,0,1.7954965716224294,0
2214,Romain Del Castillo,2025,M,61,Ligue 1,106,Stade Brestois 29,2643.0,32,6.895913734392736,74.95126705653021,9.0,3.0,26.0,13.0,1026.0,57.0,59.0,1.0,30.0,352.0,161.0,86.0,29.0,38.0,43.0,28.0,5.0,2,1,0.3064699205448354,0.1021566401816118,0.8853575482406356,0.4426787741203178,34.93757094211124,1.940976163450624,2.0090805902383657,0.0340522133938706,1.021566401816118,11.986379114642451,5.482406356413168,2.928490351872872,0.9875141884222476,1.293984108967083,1.4642451759364357,0.9534619750283768,0.170261066969353,0.0681044267877412,0.0340522133938706,50.0,45.73863636363637,33.72093023255814,0,1.8632879344197495,1
2292,Ruben Loftus-Cheek,2025,M,135,Serie A,489,AC Milan,1149.0,28,6.665535248041775,84.69135802469135,3.0,1.0,18.0,6.0,406.0,10.0,14.0,1.0,5.0,161.0,76.0,26.0,12.0,5.0,19.0,23.0,1.0,2,0,0.2349869451697128,0.0783289817232376,1.4099216710182767,0.4699738903394256,31.801566579634464,0.7832898172323759,1.0966057441253263,0.0783289817232376,0.3916449086161879,12.610966057441251,5.953002610966058,2.036553524804177,0.9399477806788512,0.3916449086161879,1.4882506527415145,1.8015665796344649,0.0783289817232376,0.1566579634464752,0.0,33.33333333333333,47.20496894409938,46.15384615384615,0,1.6210892484659143,1
2298,Callum Hudson-Odoi,2025,M,39,Premier League,65,Nottingham Forest,1849.0,30,6.985235262303949,89.19330289193303,3.0,4.0,20.0,10.0,657.0,44.0,14.0,2.0,8.0,137.0,59.0,58.0,30.0,9.0,12.0,12.0,3.0,0,0,0.1460248783126014,0.1946998377501352,0.973499188750676,0.486749594375338,31.979448350459705,2.141698215251487,0.6814494321254733,0.0973499188750676,0.3893996755002704,6.668469442942131,2.871822606814494,2.82314764737696,1.460248783126014,0.4380746349378042,0.5840995132504057,0.5840995132504057,0.1460248783126014,0.0,0.0,50.0,43.06569343065693,51.72413793103448,0,3.0026542759063064,0
2489,Luis Díaz,2025,M,78,Bundesliga,157,Bayern München,2450.0,32,7.347020408163264,85.81395348837209,15.0,14.0,64.0,37.0,1290.0,66.0,21.0,2.0,14.0,313.0,132.0,125.0,61.0,11.0,38.0,35.0,26.0,7,1,0.5510204081632653,0.5142857142857142,2.351020408163265,1.3591836734693878,47.38775510204081,2.424489795918368,0.7714285714285715,0.073469387755102,0.5142857142857142,11.49795918367347,4.848979591836735,4.591836734693878,2.2408163265306125,0.4040816326530612,1.3959183673469389,1.2857142857142856,0.9551020408163264,0.2571428571428571,0.036734693877551,57.8125,42.17252396166134,48.8,0,3.034397128314421,0
2598,Ritsu Doan,2025,M,78,Bundesliga,169,Eintracht Frankfurt,2379.0,31,6.833123160992014,77.65108323831242,5.0,5.0,30.0,15.0,877.0,40.0,43.0,1.0,17.0,312.0,132.0,80.0,34.0,23.0,34.0,26.0,3.0,5,0,0.189155107187894,0.189155107187894,1.1349306431273645,0.5674653215636822,33.177805800756616,1.5132408575031526,1.6267339218158892,0.0378310214375788,0.6431273644388399,11.80327868852459,4.993694829760404,3.0264817150063053,1.2862547288776798,0.8701134930643128,1.2862547288776798,0.9836065573770492,0.1134930643127364,0.189155107187894,0.0,50.0,42.30769230769231,42.5,0,0.8005563740232395,1
2781,Moses Simon,2025,M,61,Ligue 1,114,Paris FC,2024.0,29,6.8223814229249005,84.5360824742268,3.0,3.0,25.0,11.0,485.0,32.0,14.0,1.0,9.0,198.0,69.0,65.0,29.0,5.0,19.0,15.0,9.0,0,0,0.133399209486166,0.133399209486166,1.1116600790513833,0.4891304347826087,21.56620553359684,1.4229249011857708,0.6225296442687747,0.0444664031620553,0.400197628458498,8.804347826086957,3.068181818181818,2.890316205533597,1.2895256916996047,0.2223320158102766,0.8448616600790514,0.66699604743083,0.400197628458498,0.0,0.0,44.0,34.84848484848485,44.61538461538462,0,2.279187920945786,0
3080,Marshall Munetsi,2025,M,61,Ligue 1,114,Paris FC,1868.0,28,6.761670235546038,68.05896805896806,5.0,2.0,28.0,15.0,407.0,10.0,34.0,4.0,10.0,268.0,123.0,22.0,10.0,16.0,19.0,31.0,5.0,2,0,0.240899357601713,0.0963597430406852,1.3490364025695931,0.7226980728051392,19.609207708779444,0.4817987152034261,1.6381156316916488,0.1927194860813704,0.4817987152034261,12.91220556745182,5.926124197002141,1.0599571734475377,0.4817987152034261,0.7708779443254818,0.9154175588865096,1.493576017130621,0.240899357601713,0.0963597430406852,0.0,53.57142857142857,45.8955223880597,45.45454545454545,0,2.749769744367039,1
3246,Nicolas Pépé,2025,M,140,La Liga,533,Villarreal,2396.0,36,7.394657762938229,82.38636363636364,8.0,8.0,43.0,25.0,880.0,57.0,31.0,1.0,16.0,325.0,150.0,122.0,59.0,22.0,43.0,23.0,14.0,4,0,0.3005008347245409,0.3005008347245409,1.6151919866444076,0.9390651085141904,33.0550918196995,2.1410684474123536,1.164440734557596,0.0375626043405676,0.6010016694490818,12.207846410684477,5.634390651085142,4.582637729549249,2.216193656093489,0.8263772954924875,1.6151919866444076,0.8639398998330551,0.5258764607679466,0.1502504173622704,0.0,58.13953488372093,46.15384615384615,48.36065573770492,0,1.7997273283121984,0
5996,Enzo Fernández,2025,M,39,Premier League,49,Chelsea,3121.0,36,7.183050304389618,86.01570166830226,10.0,4.0,52.0,31.0,2038.0,69.0,53.0,2.0,21.0,310.0,137.0,48.0,13.0,36.0,45.0,36.0,1.0,10,0,0.2883691124639538,0.1153476449855815,1.49951938481256,0.8939442486382569,58.7696251201538,1.9897468760012813,1.5283562960589554,0.0576738224927907,0.6055751361743031,8.93944248638257,3.950656840756168,1.3841717398269786,0.3748798462031399,1.038128804870234,1.2976610060877924,1.038128804870234,0.0288369112463953,0.2883691124639538,0.0,59.61538461538461,44.193548387096776,27.08333333333333,0,2.4884273074434256,0
6067,Thiago Almada,2025,M,140,La Liga,530,Atletico Madrid,1312.0,27,6.824847560975609,86.62790697674419,3.0,1.0,17.0,10.0,688.0,28.0,29.0,2.0,9.0,154.0,71.0,38.0,21.0,22.0,16.0,13.0,2.0,2,1,0.2057926829268292,0.0685975609756097,1.1661585365853655,0.6859756097560975,47.19512195121951,1.920731707317073,1.9893292682926829,0.1371951219512195,0.6173780487804879,10.5640243902439,4.870426829268292,2.606707317073171,1.440548780487805,1.5091463414634148,1.0975609756097562,0.8917682926829268,0.1371951219512195,0.1371951219512195,0.0685975609756097,58.82352941176471,46.103896103896105,55.26315789473685,0,1.6986299661825244,0
6383,Martín Payero,2025,M,135,Serie A,520,Cremonese,1459.0,25,6.57162440027416,75.54585152838428,1.0,0.0,18.0,8.0,458.0,12.0,19.0,3.0,10.0,215.0,93.0,48.0,22.0,9.0,34.0,37.0,2.0,8,0,0.0616860863605209,0.0,1.1103495544893762,0.4934886908841672,28.252227553118576,0.7402330363262508,1.1720356408498973,0.1850582590815627,0.6168608636052091,13.262508567511995,5.736806031528444,2.960932145305004,1.35709389993146,0.5551747772446881,2.0973269362577107,2.2823851953392733,0.1233721727210418,0.4934886908841672,0.0,44.44444444444444,43.25581395348837,45.83333333333333,0,1.8086331106988955,1
6662,Santiago Pierotti,2025,M,135,Serie A,867,Lecce,2614.0,37,6.514498852333589,75.3125,1.0,2.0,22.0,8.0,640.0,22.0,83.0,5.0,20.0,524.0,197.0,97.0,39.0,40.0,23.0,67.0,7.0,4,0,0.0344299923488905,0.0688599846977811,0.7574598316755929,0.2754399387911247,22.03519510328998,0.7574598316755929,2.8576893649579187,0.1721499617444529,0.6885998469778118,18.041315990818667,6.782708492731446,3.3397092578423875,1.342769701606733,1.3771996939556237,0.7918898240244836,2.306809487375669,0.2410099464422341,0.1377199693955623,0.0,36.36363636363637,37.595419847328245,40.20618556701031,0,4.032815102349593,1
7327,Alexander Prass,2025,M,78,Bundesliga,167,1899 Hoffenheim,1318.0,32,6.873252279635257,76.25482625482626,3.0,2.0,17.0,11.0,518.0,18.0,32.0,3.0,7.0,179.0,84.0,30.0,16.0,23.0,21.0,26.0,2.0,4,0,0.2048558421851289,0.1365705614567526,1.1608497723823976,0.7511380880121395,35.37177541729894,1.229135053110774,2.1851289833080427,0.2048558421851289,0.4779969650986343,12.223065250379362,5.735963581183611,2.04855842185129,1.0925644916540214,1.5705614567526556,1.4339908952959028,1.7754172989377843,0.1365705614567526,0.2731411229135053,0.0,64.70588235294117,46.927374301675975,53.333333333333336,0,1.4825625341355162,1
7332,Luka Sučić,2025,M,140,La Liga,548,Real Sociedad,1018.0,22,6.815127701375245,79.48164146868251,3.0,1.0,16.0,7.0,463.0,9.0,19.0,1.0,5.0,120.0,55.0,25.0,14.0,9.0,6.0,11.0,1.0,1,0,0.2652259332023575,0.0884086444007858,1.4145383104125735,0.618860510805501,40.93320235756385,0.7956777996070726,1.6797642436149314,0.0884086444007858,0.4420432220039292,10.609037328094304,4.862475442043222,2.2102161100196462,1.237721021611002,0.7956777996070726,0.5304518664047151,0.9724950884086444,0.0884086444007858,0.0884086444007858,0.0,43.75,45.83333333333333,56.00000000000001,0,2.230871811672729,0
7562,Romano Schmid,2025,M,78,Bundesliga,162,Werder Bremen,2988.0,34,6.957128514056225,76.20357634112793,4.0,8.0,39.0,21.0,1454.0,89.0,46.0,4.0,11.0,336.0,131.0,98.0,37.0,27.0,31.0,19.0,5.0,4,0,0.1204819277108433,0.2409638554216867,1.1746987951807228,0.6325301204819277,43.795180722891565,2.680722891566265,1.385542168674699,0.1204819277108433,0.3313253012048192,10.120481927710845,3.94578313253012,2.9518072289156625,1.114457831325301,0.8132530120481928,0.9337349397590362,0.572289156626506,0.1506024096385542,0.1204819277108433,0.0,53.84615384615385,38.98809523809524,37.755102040816325,0,2.42740640623188,0
9363,Igor Paixão,2025,M,61,Ligue 1,81,Marseille,1981.0,30,6.998283695103483,82.689556509299,6.0,5.0,46.0,23.0,699.0,29.0,29.0,2.0,15.0,255.0,107.0,83.0,27.0,17.0,34.0,21.0,9.0,2,0,0.2725896012115093,0.2271580010095911,2.0898536092882383,1.0449268046441191,31.75668854114084,1.3175164058556286,1.3175164058556286,0.0908632004038364,0.6814740030287734,11.585058051489147,4.86118122160525,3.7708228167592126,1.226653205451792,0.7723372034326098,1.5446744068652196,0.9540636042402828,0.408884401817264,0.0908632004038364,0.0,50.0,41.96078431372549,32.53012048192771,0,1.5777918894358822,0
9971,Antony,2025,M,140,La Liga,543,Real Betis,2459.0,32,7.250427002846686,81.95488721804512,8.0,6.0,67.0,34.0,1197.0,56.0,40.0,1.0,23.0,228.0,118.0,58.0,27.0,25.0,44.0,20.0,2.0,6,1,0.2928019520130134,0.21960146400976,2.452216348108988,1.2444082960553071,43.81049206994713,2.049613664091094,1.464009760065067,0.0366002440016266,0.8418056120374136,8.344855632370882,4.318828792191948,2.122814152094348,0.9882065880439204,0.9150061000406668,1.6104107360715736,0.7320048800325335,0.0732004880032533,0.21960146400976,0.0366002440016266,50.74626865671642,51.75438596491229,46.55172413793103,0,2.7269680636424303,0
10135,Bruno Guimarães,2025,M,39,Premier League,34,Newcastle,2455.0,29,7.482810590631366,86.14748449345278,9.0,5.0,36.0,23.0,1451.0,46.0,62.0,3.0,15.0,333.0,168.0,48.0,18.0,26.0,75.0,45.0,2.0,6,0,0.329938900203666,0.1832993890020366,1.319755600814664,0.8431771894093686,53.19348268839104,1.6863543788187372,2.2729124236252543,0.109979633401222,0.5498981670061099,12.20773930753564,6.158859470468432,1.759674134419552,0.659877800407332,0.9531568228105908,2.74949083503055,1.64969450101833,0.0733197556008146,0.219959266802444,0.0,63.888888888888886,50.45045045045045,37.5,0,2.6625542213478948,1
15286,Mousa Tamari,2025,M,61,Ligue 1,94,Rennes,2224.0,33,6.908322087269456,81.2206572769953,6.0,6.0,46.0,23.0,639.0,34.0,27.0,2.0,11.0,230.0,88.0,93.0,33.0,15.0,27.0,17.0,26.0,4,0,0.2428057553956834,0.2428057553956834,1.8615107913669064,0.9307553956834532,25.85881294964029,1.3758992805755397,1.0926258992805755,0.0809352517985611,0.4451438848920863,9.307553956834532,3.5611510791366903,3.763489208633093,1.335431654676259,0.6070143884892086,1.0926258992805755,0.6879496402877698,1.052158273381295,0.1618705035971223,0.0,50.0,38.26086956521739,35.483870967741936,0,1.8215042884333372,0
15911,Mohammed Kudus,2025,M,39,Premier League,47,Tottenham,1545.0,19,6.916763754045308,85.58558558558559,2.0,5.0,16.0,9.0,444.0,25.0,29.0,0.0,3.0,263.0,107.0,102.0,52.0,12.0,15.0,23.0,10.0,3,0,0.116504854368932,0.2912621359223301,0.9320388349514565,0.5242718446601942,25.864077669902912,1.4563106796116505,1.6893203883495145,0.0,0.174757281553398,15.320388349514564,6.233009708737864,5.941747572815535,3.029126213592233,0.6990291262135923,0.8737864077669902,1.3398058252427183,0.5825242718446603,0.174757281553398,0.0,56.25,40.68441064638783,50.98039215686274,0,3.340599216688021,1
18592,Iliman Ndiaye,2025,M,39,Premier League,45,Everton,2786.0,32,6.878356066044509,83.95324123273113,6.0,3.0,30.0,22.0,941.0,30.0,70.0,2.0,16.0,409.0,191.0,134.0,73.0,27.0,37.0,30.0,12.0,2,0,0.1938262742282842,0.0969131371141421,0.9691313711414214,0.7106963388370423,30.398420674802587,0.9691313711414214,2.261306532663317,0.0646087580760947,0.5168700646087581,13.212491026561375,6.170136396267049,4.328786791098349,2.358219669777459,0.8722182340272793,1.1952620244077532,0.9691313711414214,0.3876525484565685,0.0646087580760947,0.0,73.33333333333333,46.69926650366748,54.47761194029851,0,2.237483672404899,1
18746,Morgan Gibbs-White,2025,M,39,Premier League,65,Nottingham Forest,3110.0,37,6.931157556270096,81.12582781456953,15.0,4.0,59.0,32.0,1208.0,49.0,20.0,3.0,13.0,322.0,130.0,63.0,30.0,22.0,41.0,26.0,5.0,1,0,0.4340836012861737,0.1157556270096463,1.707395498392283,0.9260450160771704,34.958199356913184,1.4180064308681672,0.5787781350482315,0.0868167202572347,0.3762057877813505,9.318327974276528,3.762057877813505,1.8231511254019293,0.8681672025723474,0.6366559485530547,1.1864951768488747,0.752411575562701,0.1446945337620578,0.0289389067524115,0.0,54.23728813559322,40.37267080745342,47.61904761904761,0,2.027483318159536,0
18821,Grady Diangana,2025,M,140,La Liga,797,Elche,929.0,20,6.435844994617868,83.6734693877551,1.0,0.0,7.0,2.0,294.0,10.0,14.0,3.0,4.0,121.0,49.0,32.0,10.0,6.0,19.0,15.0,5.0,3,0,0.0968783638320775,0.0,0.6781485468245425,0.193756727664155,28.482238966630785,0.9687836383207752,1.356297093649085,0.2906350914962325,0.38751345532831,11.72228202368138,4.747039827771798,3.10010764262648,0.9687836383207752,0.581270182992465,1.8406889128094728,1.4531754574811624,0.4843918191603875,0.2906350914962325,0.0,28.57142857142857,40.49586776859504,31.25,0,1.732847957819025,1
18870,David Brooks,2025,M,39,Premier League,35,Bournemouth,1220.0,31,6.690573770491804,77.07865168539327,1.0,3.0,31.0,13.0,445.0,26.0,19.0,0.0,4.0,133.0,55.0,41.0,17.0,20.0,13.0,11.0,2.0,6,0,0.0737704918032786,0.2213114754098361,2.28688524590164,0.9590163934426228,32.82786885245902,1.9180327868852456,1.4016393442622952,0.0,0.2950819672131147,9.811475409836063,4.057377049180328,3.024590163934426,1.2540983606557377,1.475409836065574,0.9590163934426228,0.8114754098360656,0.1475409836065573,0.4426229508196722,0.0,41.935483870967744,41.35338345864661,41.46341463414634,0,2.2561985961441637,0
19071,Emiliano Buendía,2025,M,39,Premier League,66,Aston Villa,1784.0,36,6.838565022421525,81.34556574923548,6.0,2.0,36.0,13.0,655.0,30.0,49.0,4.0,15.0,276.0,124.0,29.0,9.0,22.0,45.0,41.0,1.0,6,0,0.3026905829596413,0.100896860986547,1.816143497757848,0.6558295964125561,33.043721973094165,1.5134529147982063,2.471973094170404,0.2017937219730941,0.7567264573991032,13.923766816143498,6.25560538116592,1.4630044843049326,0.4540358744394618,1.109865470852018,2.2701793721973096,2.0683856502242155,0.0504484304932735,0.3026905829596413,0.0,36.11111111111111,44.927536231884055,31.03448275862069,0,2.506361584255985,1
19170,Morgan Rogers,2025,M,39,Premier League,66,Aston Villa,3285.0,37,6.841248097412481,74.60168697282099,10.0,6.0,58.0,32.0,1067.0,47.0,42.0,3.0,13.0,441.0,158.0,118.0,42.0,23.0,49.0,46.0,3.0,7,0,0.273972602739726,0.1643835616438356,1.589041095890411,0.8767123287671234,29.232876712328768,1.2876712328767124,1.1506849315068497,0.0821917808219178,0.3561643835616438,12.08219178082192,4.328767123287672,3.2328767123287667,1.1506849315068497,0.6301369863013698,1.3424657534246576,1.2602739726027397,0.0821917808219178,0.1917808219178082,0.0,55.172413793103445,35.827664399092974,35.59322033898305,0,1.0843522936943168,0
19187,Jack Grealish,2025,M,39,Premier League,45,Everton,1631.0,20,7.27621091354997,83.97212543554006,2.0,6.0,14.0,8.0,574.0,40.0,21.0,6.0,12.0,210.0,106.0,57.0,23.0,10.0,58.0,13.0,0.0,5,1,0.1103617412630288,0.3310852237890864,0.7725321888412017,0.4414469650521152,31.673819742489272,2.2072348252605765,1.158798283261803,0.3310852237890864,0.6621704475781729,11.587982832618025,5.849172286940528,3.1453096259963216,1.2691600245248311,0.5518087063151441,3.200490496627836,0.7173513182096873,0.0,0.275904353157572,0.0551808706315144,57.14285714285714,50.47619047619048,40.35087719298245,0,2.938447118577785,1
19191,John McGinn,2025,M,39,Premier League,66,Aston Villa,2169.0,30,6.976717381281697,82.33731739707835,5.0,4.0,21.0,12.0,753.0,41.0,29.0,5.0,12.0,239.0,107.0,39.0,19.0,14.0,48.0,31.0,0.0,5,0,0.2074688796680498,0.1659751037344398,0.8713692946058091,0.4979253112033195,31.24481327800829,1.7012448132780082,1.2033195020746887,0.2074688796680498,0.4979253112033195,9.91701244813278,4.439834024896266,1.6182572614107882,0.7883817427385892,0.5809128630705394,1.991701244813278,1.2863070539419086,0.0,0.2074688796680498,0.0,57.14285714285714,44.76987447698745,48.71794871794872,0,1.6822471385184867,0
19221,Harry Wilson,2025,M,39,Premier League,36,Fulham,2692.0,36,7.177934621099553,81.33848133848134,10.0,7.0,51.0,25.0,777.0,39.0,29.0,3.0,15.0,184.0,89.0,33.0,18.0,24.0,37.0,13.0,13.0,7,0,0.3343239227340267,0.2340267459138187,1.7050520059435363,0.8358098068350669,25.97696879643388,1.3038632986627043,0.9695393759286776,0.100297176820208,0.5014858841010401,6.151560178306092,2.975482912332838,1.1032689450222883,0.6017830609212481,0.8023774145616641,1.236998514115899,0.4346210995542348,0.4346210995542348,0.2340267459138187,0.0,49.01960784313725,48.369565217391305,54.54545454545454,0,2.7827142397336453,0
19245,Marcus Tavernier,2025,M,39,Premier League,35,Bournemouth,2738.0,34,6.862783053323594,83.59929078014184,7.0,4.0,51.0,24.0,1128.0,55.0,40.0,6.0,17.0,319.0,138.0,89.0,39.0,21.0,35.0,30.0,4.0,6,0,0.2300949598246895,0.1314828341855368,1.6764061358655953,0.7888970051132214,37.078159240321405,1.807888970051132,1.314828341855369,0.1972242512783053,0.5588020452885318,10.485756026296569,4.536157779401022,2.925493060628196,1.2819576333089846,0.6902848794740687,1.150474799123448,0.9861212563915266,0.1314828341855368,0.1972242512783053,0.0,47.05882352941176,43.260188087774296,43.82022471910113,0,1.130178773461762,0
19281,Antoine Semenyo,2025,M,39,Premier League,50,Manchester City,3200.0,37,7.05234375,80.02136752136752,17.0,4.0,69.0,41.0,936.0,39.0,45.0,7.0,13.0,450.0,179.0,128.0,54.0,20.0,21.0,56.0,19.0,7,0,0.478125,0.1125,1.940625,1.153125,26.325,1.096875,1.265625,0.196875,0.365625,12.65625,5.034375,3.6,1.51875,0.5625,0.590625,1.5750000000000002,0.534375,0.196875,0.0,59.42028985507246,39.77777777777778,42.1875,0,2.2746771040372518,0
19428,Jarrod Bowen,2025,M,39,Premier League,48,West Ham,3405.0,38,6.993215859030838,73.86363636363636,9.0,11.0,50.0,28.0,792.0,45.0,49.0,7.0,27.0,429.0,184.0,119.0,53.0,28.0,49.0,19.0,17.0,4,0,0.237885462555066,0.2907488986784141,1.3215859030837005,0.7400881057268722,20.93392070484581,1.1894273127753303,1.2951541850220265,0.185022026431718,0.7136563876651982,11.33920704845815,4.863436123348017,3.145374449339206,1.4008810572687225,0.7400881057268722,1.2951541850220265,0.5022026431718062,0.4493392070484582,0.105726872246696,0.0,56.00000000000001,42.89044289044289,44.537815126050425,0,1.2993901831678158,1
19586,Eberechi Eze,2025,M,39,Premier League,42,Arsenal,1900.0,33,7.076473684210526,84.83483483483484,7.0,2.0,39.0,20.0,666.0,16.0,19.0,1.0,11.0,188.0,98.0,49.0,29.0,7.0,40.0,16.0,1.0,1,0,0.331578947368421,0.0947368421052631,1.8473684210526315,0.9473684210526316,31.54736842105263,0.7578947368421053,0.9,0.0473684210526315,0.5210526315789474,8.905263157894737,4.642105263157895,2.321052631578948,1.3736842105263156,0.331578947368421,1.894736842105263,0.7578947368421053,0.0473684210526315,0.0473684210526315,0.0,51.28205128205128,52.12765957446809,59.18367346938776,0,2.0745685423323463,0
19617,Michael Olise,2025,M,78,Bundesliga,157,Bayern München,2317.0,32,7.92473025463962,84.08215661103979,15.0,19.0,71.0,50.0,1558.0,81.0,24.0,1.0,13.0,330.0,155.0,138.0,65.0,28.0,58.0,32.0,7.0,8,0,0.5826499784203711,0.7380233059991369,2.75787656452309,1.9421665947345708,60.517911091929214,3.1463098834700043,0.932239965472594,0.0388433318946914,0.5049633146309883,12.818299525248165,6.020716443677169,5.360379801467415,2.5248165731549417,1.0876132930513596,2.252913249892102,1.2429866206301252,0.2719033232628399,0.3107466551575313,0.0,70.4225352112676,46.96969696969697,47.10144927536232,0,4.741598663854008,0
20665,Jean-Ricner Bellegarde,2025,M,39,Premier League,39,Wolves,1251.0,26,6.800079936051159,79.34272300469483,1.0,1.0,15.0,7.0,426.0,14.0,28.0,3.0,10.0,170.0,94.0,30.0,18.0,3.0,41.0,20.0,0.0,5,0,0.0719424460431654,0.0719424460431654,1.079136690647482,0.5035971223021583,30.647482014388487,1.0071942446043165,2.014388489208633,0.2158273381294964,0.7194244604316546,12.23021582733813,6.762589928057554,2.158273381294964,1.2949640287769786,0.2158273381294964,2.949640287769784,1.4388489208633093,0.0,0.3597122302158273,0.0,46.66666666666666,55.294117647058826,60.0,0,2.525754838140976,1
20844,Haissem Hassan,2025,M,140,La Liga,718,Oviedo,1943.0,37,6.849562532166752,80.48289738430584,0.0,3.0,24.0,8.0,497.0,20.0,39.0,0.0,6.0,256.0,126.0,124.0,60.0,33.0,25.0,12.0,3.0,1,0,0.0,0.1389603705609881,1.1116829644879054,0.3705609881626351,23.021101389603704,0.9264024704065876,1.806484817292846,0.0,0.2779207411219763,11.857951621204323,5.836335563561502,5.743695316520844,2.779207411219763,1.52856407617087,1.1580030880082348,0.5558414822439527,0.1389603705609881,0.0463201235203293,0.0,33.33333333333333,49.21875,48.38709677419355,0,2.808666901886555,1
21497,Ludovic Blas,2025,M,61,Ligue 1,94,Rennes,1548.0,32,6.794444444444444,83.0246913580247,5.0,4.0,30.0,14.0,648.0,48.0,21.0,2.0,17.0,194.0,81.0,53.0,27.0,20.0,27.0,24.0,5.0,0,0,0.2906976744186046,0.2325581395348837,1.744186046511628,0.8139534883720929,37.674418604651166,2.7906976744186047,1.2209302325581397,0.1162790697674418,0.9883720930232558,11.27906976744186,4.709302325581396,3.081395348837209,1.569767441860465,1.1627906976744184,1.569767441860465,1.3953488372093024,0.2906976744186046,0.0,0.0,46.66666666666666,41.75257731958763,50.943396226415096,0,2.4853739617815185,0
22229,Jonathan Ikoné,2025,M,61,Ligue 1,114,Paris FC,1102.0,23,6.841560798548094,83.83838383838383,3.0,1.0,15.0,6.0,396.0,14.0,17.0,1.0,4.0,125.0,58.0,34.0,18.0,13.0,18.0,13.0,3.0,2,0,0.2450090744101633,0.0816696914700544,1.2250453720508168,0.4900181488203267,32.34119782214156,1.1433756805807622,1.3883847549909256,0.0816696914700544,0.3266787658802177,10.208711433756806,4.7368421052631575,2.7767695099818512,1.47005444646098,1.061705989110708,1.47005444646098,1.061705989110708,0.2450090744101633,0.1633393829401088,0.0,40.0,46.400000000000006,52.94117647058824,0,1.0318890183709215,0
22261,Adrien Thomasson,2025,M,61,Ligue 1,116,Lens,2690.0,32,6.919479553903346,83.23442136498517,3.0,9.0,32.0,13.0,1348.0,81.0,99.0,4.0,19.0,389.0,180.0,44.0,19.0,65.0,43.0,54.0,4.0,11,0,0.1003717472118959,0.3011152416356877,1.070631970260223,0.4349442379182156,45.1003717472119,2.7100371747211898,3.312267657992565,0.1338289962825278,0.6356877323420075,13.014869888475838,6.022304832713754,1.4721189591078068,0.6356877323420075,2.1747211895910783,1.4386617100371748,1.8066914498141264,0.1338289962825278,0.3680297397769517,0.0,40.625,46.27249357326478,43.18181818181818,0,3.739400883684969,1
24798,Chris Führich,2025,M,78,Bundesliga,172,VfB Stuttgart,1723.0,33,7.261462565293095,82.93515358361775,7.0,7.0,34.0,23.0,879.0,50.0,15.0,0.0,3.0,111.0,53.0,48.0,28.0,7.0,6.0,6.0,5.0,2,0,0.3656413232733604,0.3656413232733604,1.7759721416134648,1.2013929193267556,45.9141033081834,2.61172373766686,0.783517121300058,0.0,0.1567034242600116,5.79802669762043,2.768427161926872,2.5072547881601857,1.4625652930934416,0.3656413232733604,0.3134068485200232,0.3134068485200232,0.261172373766686,0.1044689495066744,0.0,67.64705882352942,47.74774774774775,58.333333333333336,0,3.8894696074256574,0
24806,Nikolas Nartey,2025,M,78,Bundesliga,172,VfB Stuttgart,1262.0,28,6.972597299444003,83.33333333333334,4.0,3.0,18.0,12.0,516.0,24.0,14.0,3.0,10.0,159.0,93.0,27.0,18.0,6.0,23.0,18.0,1.0,2,0,0.2852614896988906,0.2139461172741679,1.283676703645008,0.8557844690966719,36.79873217115689,1.711568938193344,0.9984152139461172,0.2139461172741679,0.7131537242472267,11.339144215530904,6.632329635499207,1.925515055467512,1.283676703645008,0.4278922345483359,1.6402535657686212,1.283676703645008,0.0713153724247226,0.1426307448494453,0.0,66.66666666666666,58.490566037735846,66.66666666666666,0,1.1818024169487993,0
24955,Mathias Honsak,2025,M,78,Bundesliga,180,1. FC Heidenheim,1260.0,27,6.5692063492063495,74.24749163879598,2.0,1.0,24.0,8.0,300.0,12.0,21.0,1.0,18.0,157.0,66.0,38.0,15.0,10.0,15.0,11.0,9.0,1,0,0.1428571428571428,0.0714285714285714,1.7142857142857144,0.5714285714285714,21.428571428571427,0.8571428571428572,1.5,0.0714285714285714,1.2857142857142856,11.214285714285715,4.714285714285714,2.7142857142857144,1.0714285714285714,0.7142857142857142,1.0714285714285714,0.7857142857142857,0.6428571428571428,0.0714285714285714,0.0,33.33333333333333,42.038216560509554,39.47368421052632,0,2.529600094746568,1
25313,Jan-Niklas Beste,2025,M,78,Bundesliga,160,SC Freiburg,1716.0,28,6.781468531468532,75.45638945233266,2.0,2.0,22.0,14.0,493.0,35.0,40.0,2.0,17.0,195.0,97.0,41.0,15.0,18.0,36.0,17.0,5.0,5,0,0.1048951048951049,0.1048951048951049,1.1538461538461535,0.7342657342657343,25.85664335664336,1.835664335664336,2.097902097902098,0.1048951048951049,0.8916083916083916,10.227272727272728,5.087412587412588,2.1503496503496504,0.7867132867132868,0.944055944055944,1.888111888111888,0.8916083916083916,0.2622377622377622,0.2622377622377622,0.0,63.63636363636363,49.74358974358975,36.58536585365854,0,1.7572388892397557,1
25380,Linton Maina,2025,M,78,Bundesliga,192,1. FC Köln,1029.0,24,6.789212827988338,84.640522875817,2.0,0.0,15.0,8.0,306.0,17.0,9.0,2.0,4.0,72.0,26.0,21.0,9.0,11.0,7.0,8.0,1.0,0,0,0.1749271137026239,0.0,1.3119533527696792,0.6997084548104956,26.76384839650145,1.4868804664723032,0.7871720116618076,0.1749271137026239,0.3498542274052478,6.297376093294461,2.2740524781341107,1.8367346938775508,0.7871720116618076,0.9620991253644317,0.6122448979591837,0.6997084548104956,0.0874635568513119,0.0,0.0,53.333333333333336,36.11111111111111,42.85714285714285,0,2.9133152708471526,0
26315,Nicolás González,2025,M,140,La Liga,530,Atletico Madrid,1484.0,26,6.960916442048518,75.69573283858998,5.0,0.0,38.0,20.0,539.0,13.0,24.0,3.0,12.0,242.0,128.0,47.0,24.0,16.0,28.0,28.0,2.0,4,1,0.3032345013477089,0.0,2.304582210242588,1.2129380053908356,32.68867924528302,0.7884097035040432,1.4555256064690028,0.1819407008086253,0.7277628032345014,14.676549865229113,7.762803234501348,2.850404312668464,1.4555256064690028,0.9703504043126684,1.6981132075471697,1.6981132075471697,0.1212938005390835,0.2425876010781671,0.0606469002695417,52.63157894736842,52.89256198347108,51.06382978723404,0,2.4797120042696186,1
30438,Nicolò Cambiaghi,2025,M,135,Serie A,500,Bologna,1530.0,28,6.996470588235293,83.37531486146096,3.0,4.0,16.0,6.0,397.0,18.0,30.0,0.0,8.0,220.0,121.0,33.0,15.0,20.0,71.0,32.0,5.0,3,1,0.1764705882352941,0.2352941176470588,0.9411764705882352,0.3529411764705882,23.35294117647059,1.0588235294117647,1.7647058823529411,0.0,0.4705882352941176,12.941176470588234,7.117647058823529,1.9411764705882355,0.8823529411764706,1.1764705882352942,4.176470588235294,1.8823529411764703,0.2941176470588235,0.1764705882352941,0.0588235294117647,37.5,55.00000000000001,45.45454545454545,0,4.24025234584662,1
30484,Mattias Svanberg,2025,M,78,Bundesliga,161,VfL Wolfsburg,1028.0,26,6.650583657587548,72.65917602996255,3.0,1.0,17.0,8.0,267.0,7.0,12.0,5.0,12.0,127.0,56.0,13.0,3.0,15.0,24.0,20.0,1.0,7,1,0.2626459143968871,0.0875486381322957,1.4883268482490273,0.7003891050583657,23.37548638132296,0.6128404669260701,1.050583657587549,0.4377431906614786,1.050583657587549,11.118677042801558,4.902723735408561,1.1381322957198443,0.2626459143968871,1.3132295719844358,2.1011673151750974,1.7509727626459144,0.0875486381322957,0.6128404669260701,0.0875486381322957,47.05882352941176,44.09448818897638,23.07692307692308,0,2.664433111259827,1
30488,Riccardo Orsolini,2025,M,135,Serie A,500,Bologna,2131.0,35,6.923838573439699,70.40998217468805,10.0,1.0,66.0,31.0,561.0,26.0,21.0,1.0,8.0,235.0,126.0,67.0,32.0,10.0,44.0,21.0,18.0,2,0,0.4223369310183013,0.0422336931018301,2.787423744720789,1.3092444861567338,23.693101830126704,1.0980760206475833,0.8869075551384326,0.0422336931018301,0.337869544814641,9.92491787893008,5.3214453308305965,2.8296574378226182,1.351478179258564,0.4223369310183013,1.8582824964805256,0.8869075551384326,0.7602064758329422,0.0844673862036602,0.0,46.96969696969697,53.61702127659574,47.76119402985074,0,3.045357068691012,0
30510,Álex Berenguer,2025,M,140,La Liga,531,Athletic Club,2164.0,31,6.65822550831793,76.953125,2.0,3.0,32.0,20.0,768.0,49.0,28.0,1.0,13.0,304.0,119.0,59.0,23.0,22.0,38.0,28.0,6.0,4,0,0.0831792975970425,0.1247689463955637,1.3308687615526802,0.8317929759704252,31.940850277264325,2.037892791127541,1.1645101663585953,0.0415896487985212,0.5406654343807763,12.643253234750462,4.94916820702403,2.4537892791127542,0.9565619223659888,0.9149722735674676,1.5804066543438078,1.1645101663585953,0.2495378927911275,0.166358595194085,0.0,62.5,39.14473684210527,38.983050847457626,0,1.1476061883742787,0
30542,Jens Odgaard,2025,M,135,Serie A,500,Bologna,1403.0,26,6.602280826799716,73.23076923076923,5.0,1.0,26.0,13.0,326.0,14.0,21.0,0.0,4.0,217.0,92.0,27.0,7.0,8.0,28.0,28.0,5.0,1,0,0.3207412687099074,0.0641482537419814,1.6678545972915182,0.8339272986457591,20.91233071988596,0.8980755523877406,1.3471133285816108,0.0,0.2565930149679258,13.920171062009976,5.901639344262295,1.7320028510334995,0.4490377761938703,0.5131860299358517,1.7961511047754812,1.7961511047754812,0.3207412687099074,0.0641482537419814,0.0,50.0,42.3963133640553,25.925925925925924,0,2.129611660719978,1
30810,Rolando Mandragora,2025,M,135,Serie A,502,Fiorentina,2438.0,34,6.990401968826908,84.44444444444444,7.0,3.0,43.0,18.0,990.0,35.0,45.0,5.0,13.0,236.0,142.0,16.0,6.0,15.0,56.0,37.0,0.0,7,0,0.258408531583265,0.1107465135356849,1.587366694011485,0.6644790812141099,36.54634946677604,1.2920426579163249,1.6611977030352747,0.184577522559475,0.4799015586546349,8.71205906480722,5.2420016406890895,0.59064807219032,0.2214930270713699,0.5537325676784249,2.06726825266612,1.3658736669401148,0.0,0.258408531583265,0.0,41.86046511627907,60.16949152542372,37.5,0,2.2677192234579,0
31219,Alessio Zerbin,2025,M,135,Serie A,520,Cremonese,1655.0,32,6.530030211480363,72.78761061946902,0.0,3.0,15.0,7.0,456.0,17.0,40.0,3.0,3.0,212.0,76.0,27.0,8.0,33.0,20.0,37.0,7.0,1,0,0.0,0.1631419939577039,0.8157099697885197,0.3806646525679758,24.797583081570995,0.9244712990936556,2.175226586102719,0.1631419939577039,0.1631419939577039,11.528700906344412,4.132930513595166,1.4682779456193351,0.4350453172205438,1.7945619335347431,1.0876132930513596,2.012084592145015,0.3806646525679758,0.0543806646525679,0.0,46.66666666666666,35.84905660377358,29.629629629629623,0,2.5333852705364404,1
32862,Takefusa Kubo,2025,M,140,La Liga,548,Real Sociedad,1508.0,24,7.14263925729443,79.34560327198365,2.0,4.0,18.0,12.0,489.0,33.0,30.0,0.0,11.0,211.0,123.0,71.0,36.0,15.0,50.0,9.0,12.0,2,0,0.1193633952254641,0.2387267904509283,1.0742705570291775,0.7161803713527851,29.184350132626,1.969496021220159,1.7904509283819627,0.0,0.6564986737400531,12.592838196286472,7.340848806366048,4.237400530503979,2.1485411140583555,0.8952254641909814,2.984084880636605,0.5371352785145889,0.7161803713527851,0.1193633952254641,0.0,66.66666666666666,58.29383886255924,50.70422535211267,0,2.612577656494081,1
36902,Tijjani Reijnders,2025,M,39,Premier League,50,Manchester City,1640.0,28,6.921829268292684,89.09774436090225,5.0,2.0,36.0,16.0,798.0,18.0,10.0,1.0,11.0,118.0,47.0,44.0,19.0,6.0,15.0,19.0,4.0,2,0,0.274390243902439,0.1097560975609756,1.975609756097561,0.8780487804878049,43.79268292682927,0.9878048780487804,0.5487804878048781,0.0548780487804878,0.6036585365853658,6.47560975609756,2.579268292682927,2.414634146341464,1.0426829268292683,0.3292682926829268,0.823170731707317,1.0426829268292683,0.2195121951219512,0.1097560975609756,0.0,44.44444444444444,39.83050847457627,43.18181818181818,0,3.0867941970140444,0
36980,Morten Thorsby,2025,M,135,Serie A,520,Cremonese,1380.0,24,6.749927536231883,70.31963470319634,3.0,1.0,17.0,8.0,438.0,9.0,22.0,7.0,5.0,251.0,131.0,3.0,3.0,9.0,11.0,25.0,7.0,4,0,0.1956521739130435,0.0652173913043478,1.108695652173913,0.5217391304347826,28.565217391304348,0.5869565217391304,1.434782608695652,0.4565217391304347,0.3260869565217391,16.369565217391305,8.543478260869566,0.1956521739130435,0.1956521739130435,0.5869565217391304,0.717391304347826,1.6304347826086958,0.4565217391304347,0.2608695652173913,0.0,47.05882352941176,52.19123505976096,100.0,0,3.607908302569442,1
37724,Crysencio Summerville,2025,M,39,Premier League,48,West Ham,2480.0,31,7.052741935483872,83.04552590266876,5.0,2.0,32.0,15.0,637.0,28.0,45.0,4.0,16.0,337.0,170.0,103.0,51.0,14.0,67.0,49.0,6.0,6,0,0.1814516129032258,0.0725806451612903,1.1612903225806452,0.5443548387096774,23.116935483870968,1.0161290322580645,1.6330645161290325,0.1451612903225806,0.5806451612903226,12.22983870967742,6.169354838709677,3.737903225806452,1.8508064516129032,0.5080645161290323,2.431451612903226,1.7782258064516128,0.2177419354838709,0.2177419354838709,0.0,46.875,50.44510385756677,49.51456310679612,0,1.872953681283995,1
39115,Aron Dønnum,2025,M,61,Ligue 1,96,Toulouse,2424.0,28,7.240676567656765,78.94736842105263,4.0,4.0,29.0,14.0,1007.0,62.0,46.0,3.0,27.0,256.0,112.0,55.0,25.0,27.0,38.0,41.0,0.0,10,1,0.1485148514851485,0.1485148514851485,1.0767326732673268,0.5198019801980198,37.38861386138614,2.3019801980198022,1.707920792079208,0.1113861386138613,1.0024752475247525,9.504950495049505,4.158415841584159,2.0420792079207923,0.9282178217821782,1.0024752475247525,1.4108910891089108,1.5222772277227723,0.0,0.3712871287128712,0.0371287128712871,48.27586206896552,43.75,45.45454545454545,0,2.1204907161745314,0
46711,Aleix Febas,2025,M,140,La Liga,797,Elche,3166.0,36,7.173120656980417,89.48443083205717,2.0,2.0,14.0,8.0,1959.0,27.0,77.0,4.0,27.0,414.0,254.0,92.0,54.0,28.0,117.0,34.0,1.0,10,0,0.0568540745420088,0.0568540745420088,0.3979785217940619,0.2274162981680353,55.68856601389767,0.7675300063171193,2.1888818698673407,0.1137081490840176,0.7675300063171193,11.768793430195831,7.220467466835124,2.615287428932407,1.5350600126342386,0.7959570435881238,3.3259633607075174,0.9665192672141504,0.0284270372710044,0.2842703727100442,0.0,57.14285714285714,61.35265700483091,58.69565217391305,0,3.912644482316184,1
46790,Víctor García,2025,M,140,La Liga,539,Levante,1056.0,21,6.8017045454545455,76.10921501706484,2.0,1.0,15.0,8.0,293.0,14.0,23.0,4.0,9.0,119.0,60.0,30.0,13.0,7.0,11.0,13.0,3.0,1,0,0.1704545454545454,0.0852272727272727,1.2784090909090908,0.6818181818181819,24.97159090909091,1.193181818181818,1.960227272727273,0.3409090909090909,0.7670454545454545,10.142045454545457,5.113636363636363,2.5568181818181817,1.1079545454545454,0.5965909090909091,0.9375,1.1079545454545454,0.2556818181818182,0.0852272727272727,0.0,53.333333333333336,50.42016806722689,43.333333333333336,0,1.727893677494926,1
46799,Edu Expósito,2025,M,140,La Liga,540,Espanyol,2542.0,36,7.103855232100707,76.35467980295566,1.0,6.0,32.0,13.0,1015.0,83.0,54.0,2.0,23.0,272.0,148.0,45.0,34.0,23.0,43.0,28.0,2.0,9,0,0.035405192761605,0.2124311565696302,1.1329661683713612,0.4602675059008655,35.93627065302911,2.9386309992132182,1.911880409126672,0.07081038552321,0.8143194335169158,9.63021243115657,5.2399685287175455,1.5932336742722266,1.2037765538945713,0.8143194335169158,1.5224232887490163,0.991345397324941,0.07081038552321,0.3186467348544453,0.0,40.625,54.41176470588235,75.55555555555556,0,2.830728471218183,0
47182,Tete Morente,2025,M,140,La Liga,797,Elche,1792.0,29,6.628308207705193,74.82517482517483,1.0,1.0,11.0,3.0,572.0,22.0,33.0,7.0,13.0,232.0,95.0,57.0,18.0,20.0,22.0,33.0,3.0,2,0,0.0502232142857142,0.0502232142857142,0.5524553571428571,0.1506696428571428,28.72767857142857,1.1049107142857142,1.6573660714285714,0.3515625,0.6529017857142857,11.651785714285715,4.771205357142857,2.862723214285714,0.9040178571428572,1.0044642857142858,1.1049107142857142,1.6573660714285714,0.1506696428571428,0.1004464285714285,0.0,27.27272727272727,40.94827586206897,31.57894736842105,0,1.946647923812428,1
47225,Roger Brugué,2025,M,140,La Liga,539,Levante,1007.0,19,6.405461767626614,82.37704918032787,1.0,1.0,23.0,9.0,244.0,8.0,11.0,1.0,5.0,116.0,41.0,24.0,9.0,10.0,8.0,11.0,6.0,1,1,0.0893743793445878,0.0893743793445878,2.055610724925521,0.804369414101291,21.807348560079443,0.714995034756703,0.9831181727904666,0.0893743793445878,0.4468718967229394,10.367428003972194,3.664349553128103,2.144985104270109,0.804369414101291,0.8937437934458788,0.714995034756703,0.9831181727904666,0.5362462760675273,0.0893743793445878,0.0893743793445878,39.130434782608695,35.3448275862069,37.5,0,2.6559363114333454,0
47258,Mauro Arambarri,2025,M,140,La Liga,546,Getafe,3255.0,37,6.7411674347158215,75.5,6.0,2.0,45.0,19.0,800.0,22.0,68.0,6.0,22.0,454.0,221.0,62.0,30.0,37.0,67.0,60.0,5.0,6,0,0.1658986175115207,0.0552995391705069,1.2442396313364057,0.5253456221198156,22.119815668202765,0.6082949308755761,1.880184331797235,0.1658986175115207,0.6082949308755761,12.55299539170507,6.110599078341013,1.7142857142857144,0.8294930875576036,1.023041474654378,1.852534562211981,1.6589861751152073,0.1382488479262673,0.1658986175115207,0.0,42.22222222222222,48.6784140969163,48.38709677419355,0,2.1297937402083766,1
47294,Iñaki Williams,2025,M,140,La Liga,531,Athletic Club,2168.0,30,6.61831180811808,69.35483870967742,3.0,6.0,39.0,20.0,496.0,26.0,12.0,2.0,8.0,226.0,77.0,55.0,12.0,12.0,23.0,28.0,10.0,2,0,0.1245387453874538,0.2490774907749077,1.6190036900369005,0.8302583025830258,20.59040590405904,1.0793357933579335,0.4981549815498154,0.0830258302583025,0.3321033210332103,9.381918819188192,3.1964944649446494,2.283210332103321,0.4981549815498154,0.4981549815498154,0.9547970479704796,1.1623616236162362,0.4151291512915129,0.0830258302583025,0.0,51.28205128205128,34.070796460176986,21.818181818181817,0,2.419267984800769,0
47311,Mikel Merino,2025,M,39,Premier League,42,Arsenal,1035.0,22,7.000676328502416,75.94594594594595,4.0,3.0,16.0,8.0,370.0,12.0,26.0,2.0,10.0,172.0,79.0,12.0,5.0,6.0,20.0,22.0,3.0,1,0,0.3478260869565217,0.2608695652173913,1.391304347826087,0.6956521739130435,32.17391304347826,1.0434782608695652,2.260869565217391,0.1739130434782608,0.8695652173913043,14.956521739130435,6.869565217391305,1.0434782608695652,0.4347826086956521,0.5217391304347826,1.7391304347826086,1.9130434782608696,0.2608695652173913,0.0869565217391304,0.0,50.0,45.93023255813954,41.66666666666667,0,2.5712657146945324,1
47317,Ander Barrenetxea,2025,M,140,La Liga,548,Real Sociedad,1769.0,30,6.8524024872809495,80.3030303030303,3.0,5.0,29.0,11.0,726.0,44.0,30.0,4.0,15.0,285.0,124.0,116.0,55.0,16.0,30.0,37.0,5.0,5,0,0.1526286037309214,0.2543810062182023,1.475409836065574,0.5596382136800452,36.93612210288298,2.2385528547201807,1.5262860373092142,0.2035048049745619,0.7631430186546071,14.499717354437536,6.308648954211419,5.901639344262295,2.798191068400226,0.8140192198982475,1.5262860373092142,1.8824194460146968,0.2543810062182023,0.2543810062182023,0.0,37.93103448275862,43.50877192982456,47.41379310344828,0,2.930912202874808,1
47398,Pere Milla,2025,M,140,La Liga,540,Espanyol,1989.0,33,6.6986928104575165,71.40186915887851,7.0,1.0,48.0,21.0,535.0,34.0,37.0,3.0,18.0,240.0,106.0,24.0,11.0,37.0,38.0,24.0,10.0,6,1,0.3167420814479638,0.0452488687782805,2.1719457013574663,0.9502262443438916,24.20814479638009,1.5384615384615383,1.67420814479638,0.1357466063348416,0.8144796380090499,10.85972850678733,4.796380090497737,1.0859728506787332,0.497737556561086,1.67420814479638,1.7194570135746607,1.0859728506787332,0.4524886877828055,0.2714932126696833,0.0452488687782805,43.75,44.16666666666666,45.83333333333333,0,2.2834950436506034,0
47440,Brais Méndez,2025,M,140,La Liga,548,Real Sociedad,1672.0,29,6.957296650717703,82.11845102505694,6.0,2.0,25.0,16.0,878.0,25.0,37.0,3.0,7.0,236.0,121.0,49.0,21.0,8.0,35.0,43.0,7.0,5,1,0.3229665071770335,0.1076555023923444,1.3456937799043065,0.8612440191387559,47.26076555023924,1.3456937799043065,1.9916267942583727,0.1614832535885167,0.3767942583732057,12.70334928229665,6.5131578947368425,2.63755980861244,1.1303827751196172,0.4306220095693779,1.883971291866029,2.3145933014354068,0.3767942583732057,0.2691387559808612,0.0538277511961722,64.0,51.271186440677965,42.85714285714285,0,1.4673924512360044,1
48471,Ruben Vargas,2025,M,140,La Liga,536,Sevilla,1608.0,24,6.770957711442787,73.0837789661319,3.0,6.0,24.0,8.0,561.0,28.0,19.0,1.0,7.0,157.0,77.0,48.0,21.0,10.0,17.0,13.0,7.0,2,0,0.167910447761194,0.335820895522388,1.343283582089552,0.4477611940298507,31.399253731343283,1.5671641791044777,1.0634328358208955,0.0559701492537313,0.3917910447761194,8.787313432835822,4.309701492537314,2.686567164179104,1.1753731343283582,0.5597014925373135,0.9514925373134328,0.7276119402985074,0.3917910447761194,0.1119402985074626,0.0,33.33333333333333,49.04458598726114,43.75,0,1.633107985985386,0
48648,Dan Ndoye,2025,M,39,Premier League,65,Nottingham Forest,1176.0,24,6.663543441226575,78.36879432624113,1.0,1.0,11.0,4.0,282.0,14.0,23.0,2.0,10.0,149.0,69.0,33.0,13.0,12.0,22.0,16.0,9.0,1,0,0.0765306122448979,0.0765306122448979,0.8418367346938775,0.3061224489795918,21.581632653061224,1.0714285714285714,1.7602040816326532,0.1530612244897959,0.7653061224489797,11.403061224489797,5.280612244897959,2.5255102040816326,0.9948979591836736,0.9183673469387754,1.683673469387755,1.2244897959183674,0.6887755102040816,0.0765306122448979,0.0,36.36363636363637,46.30872483221477,39.39393939393939,0,1.7004431076223192,1
51016,Tajon Buchanan,2025,M,140,La Liga,533,Villarreal,1835.0,34,6.91558583106267,81.56182212581345,7.0,1.0,21.0,11.0,464.0,16.0,29.0,2.0,21.0,206.0,89.0,66.0,21.0,16.0,36.0,18.0,8.0,8,0,0.3433242506811989,0.0490463215258855,1.0299727520435968,0.5395095367847411,22.7574931880109,0.784741144414169,1.422343324250681,0.0980926430517711,1.0299727520435968,10.103542234332426,4.365122615803815,3.2370572207084467,1.0299727520435968,0.784741144414169,1.7656675749318802,0.8828337874659401,0.3923705722070845,0.3923705722070845,0.0,52.38095238095239,43.203883495145625,31.818181818181817,0,2.0664437091290155,1
56293,Idrissa Touré,2025,M,135,Serie A,801,Pisa,2286.0,32,6.813304157549234,65.91928251121077,1.0,0.0,22.0,8.0,669.0,20.0,43.0,8.0,23.0,406.0,222.0,44.0,21.0,23.0,19.0,23.0,5.0,4,1,0.0393700787401574,0.0,0.8661417322834645,0.3149606299212598,26.33858267716536,0.7874015748031497,1.6929133858267718,0.3149606299212598,0.905511811023622,15.984251968503935,8.740157480314961,1.732283464566929,0.8267716535433071,0.905511811023622,0.748031496062992,0.905511811023622,0.1968503937007874,0.1574803149606299,0.0393700787401574,36.36363636363637,54.67980295566503,47.72727272727273,0,3.045595785252792,1
56851,Michael Folorunsho,2025,M,135,Serie A,490,Cagliari,2008.0,27,6.515239043824701,66.87370600414079,2.0,0.0,25.0,9.0,486.0,15.0,24.0,3.0,9.0,281.0,127.0,50.0,22.0,17.0,49.0,35.0,13.0,3,0,0.0896414342629482,0.0,1.1205179282868525,0.4033864541832669,21.78286852589641,0.6723107569721116,1.0756972111553784,0.1344621513944223,0.4033864541832669,12.594621513944222,5.692231075697211,2.241035856573705,0.9860557768924304,0.7619521912350598,2.196215139442231,1.5687250996015936,0.5826693227091634,0.1344621513944223,0.0,36.0,45.19572953736655,44.0,0,2.1374465628280994,1
67889,Hakon Arnar Haraldsson,2025,M,61,Ligue 1,79,Lille,2475.0,32,6.939474747474748,86.71617161716172,8.0,2.0,35.0,17.0,1212.0,56.0,25.0,0.0,11.0,226.0,101.0,47.0,20.0,24.0,43.0,28.0,0.0,6,0,0.2909090909090909,0.0727272727272727,1.2727272727272727,0.6181818181818182,44.07272727272727,2.036363636363636,0.9090909090909092,0.0,0.4,8.218181818181819,3.672727272727273,1.7090909090909092,0.7272727272727273,0.8727272727272727,1.5636363636363635,1.018181818181818,0.0,0.2181818181818181,0.0,48.57142857142857,44.690265486725664,42.5531914893617,0,2.104472393168005,0
67939,Aimar Oroz,2025,M,140,La Liga,727,Osasuna,2152.0,31,6.854553903345724,79.64705882352942,0.0,2.0,14.0,4.0,850.0,38.0,37.0,1.0,10.0,320.0,162.0,56.0,29.0,17.0,67.0,33.0,1.0,6,0,0.0,0.0836431226765799,0.5855018587360595,0.1672862453531598,35.54832713754647,1.5892193308550189,1.5473977695167287,0.0418215613382899,0.4182156133828996,13.382899628252789,6.775092936802975,2.342007434944238,1.212825278810409,0.7109665427509293,2.8020446096654275,1.3801115241635689,0.0418215613382899,0.2509293680297397,0.0,28.57142857142857,50.625,51.78571428571429,0,2.50907780856351,1
70747,Julio Enciso,2025,M,61,Ligue 1,95,Strasbourg,1892.0,27,7.141014799154334,83.80503144654088,3.0,6.0,43.0,22.0,636.0,29.0,21.0,1.0,7.0,246.0,118.0,96.0,54.0,8.0,31.0,20.0,5.0,2,0,0.1427061310782241,0.2854122621564482,2.0454545454545454,1.0465116279069768,30.253699788583507,1.379492600422833,0.9989429175475688,0.047568710359408,0.3329809725158562,11.701902748414376,5.613107822410148,4.5665961945031714,2.568710359408034,0.3805496828752643,1.4746300211416492,0.9513742071881608,0.2378435517970401,0.095137420718816,0.0,51.16279069767442,47.96747967479675,56.25,0,2.033210699472062,0
83831,Ilan Kebbal,2025,M,61,Ligue 1,114,Paris FC,2229.0,29,7.516599371915658,86.08391608391608,9.0,4.0,41.0,20.0,1430.0,61.0,32.0,0.0,8.0,258.0,126.0,71.0,32.0,19.0,61.0,15.0,3.0,7,0,0.3633916554508748,0.161507402422611,1.6554508748317631,0.8075370121130552,57.738896366083445,2.4629878869448185,1.2920592193808882,0.0,0.323014804845222,10.417227456258413,5.087483176312247,2.8667563930013458,1.2920592193808882,0.7671601615074025,2.4629878869448185,0.6056527590847914,0.1211305518169582,0.2826379542395693,0.0,48.78048780487805,48.837209302325576,45.07042253521127,0,2.7380685898935053,0
84086,Robert Navarro,2025,M,140,La Liga,531,Athletic Club,1311.0,32,6.670480549199085,80.76923076923077,6.0,1.0,18.0,9.0,416.0,24.0,16.0,1.0,7.0,183.0,64.0,54.0,23.0,4.0,16.0,18.0,4.0,1,0,0.4118993135011441,0.068649885583524,1.2356979405034323,0.6178489702517163,28.558352402745992,1.647597254004577,1.0983981693363845,0.068649885583524,0.4805491990846682,12.562929061784896,4.393592677345538,3.7070938215102975,1.5789473684210529,0.2745995423340961,1.0983981693363845,1.2356979405034323,0.2745995423340961,0.068649885583524,0.0,50.0,34.97267759562842,42.5925925925926,0,1.3602080331418958,0
90594,Eric Ebimbe,2025,M,61,Ligue 1,106,Stade Brestois 29,1180.0,27,6.607627118644068,76.81159420289855,5.0,0.0,17.0,9.0,276.0,8.0,25.0,0.0,6.0,134.0,52.0,17.0,3.0,14.0,15.0,22.0,3.0,3,0,0.3813559322033898,0.0,1.2966101694915255,0.6864406779661018,21.05084745762712,0.6101694915254237,1.906779661016949,0.0,0.4576271186440677,10.220338983050848,3.9661016949152543,1.2966101694915255,0.2288135593220338,1.0677966101694916,1.1440677966101696,1.6779661016949154,0.2288135593220338,0.2288135593220338,0.0,52.94117647058824,38.80597014925373,17.647058823529413,0,2.417915051003965,1
106835,Kaoru Mitoma,2025,M,39,Premier League,51,Brighton,1721.0,25,6.827367809413131,82.51748251748252,3.0,1.0,24.0,13.0,572.0,31.0,18.0,1.0,8.0,204.0,81.0,62.0,27.0,17.0,21.0,31.0,4.0,5,0,0.1568855316676351,0.052295177222545,1.2550842533410809,0.6798373038930854,29.912841371295755,1.621150493898896,0.9413131900058106,0.052295177222545,0.4183614177803602,10.668216153399186,4.235909355026148,3.242300987797792,1.4119697850087158,0.8890180127832655,1.0981987216734457,1.621150493898896,0.2091807088901801,0.2614758861127251,0.0,54.16666666666666,39.70588235294117,43.54838709677419,0,1.3016006363946302,0
118956,Lameck Banda,2025,M,135,Serie A,867,Lecce,1760.0,32,6.790625,80.11695906432749,5.0,4.0,24.0,15.0,342.0,24.0,27.0,0.0,7.0,288.0,121.0,87.0,34.0,17.0,49.0,44.0,3.0,5,1,0.2556818181818182,0.2045454545454545,1.2272727272727273,0.7670454545454545,17.488636363636363,1.2272727272727273,1.380681818181818,0.0,0.3579545454545454,14.727272727272728,6.187500000000001,4.448863636363637,1.7386363636363635,0.8693181818181818,2.505681818181818,2.25,0.1534090909090909,0.2556818181818182,0.0511363636363636,62.5,42.01388888888889,39.08045977011494,0,2.598299181529476,1
126642,Patrick Wimmer,2025,M,78,Bundesliga,161,VfL Wolfsburg,1634.0,25,6.9785801713586295,65.58044806517312,4.0,3.0,19.0,8.0,494.0,16.0,47.0,2.0,25.0,321.0,149.0,75.0,38.0,22.0,33.0,28.0,2.0,4,0,0.2203182374541003,0.1652386780905752,1.0465116279069768,0.4406364749082007,27.2093023255814,0.8812729498164014,2.5887392900856794,0.1101591187270501,1.3769889840881273,17.680538555691555,8.206854345165238,4.130966952264382,2.0930232558139537,1.211750305997552,1.817625458996328,1.5422276621787023,0.1101591187270501,0.2203182374541003,0.0,42.10526315789473,46.41744548286604,50.66666666666667,0,3.932894337195466,1
126974,Omri Gandelman,2025,M,135,Serie A,867,Lecce,978.0,19,6.525486182190378,64.31535269709543,2.0,1.0,7.0,3.0,243.0,7.0,9.0,1.0,4.0,184.0,69.0,11.0,2.0,5.0,3.0,13.0,1.0,0,0,0.1840490797546012,0.0920245398773006,0.6441717791411044,0.2760736196319018,22.36196319018405,0.6441717791411044,0.8282208588957056,0.0920245398773006,0.3680981595092025,16.932515337423315,6.349693251533742,1.012269938650307,0.1840490797546012,0.4601226993865031,0.2760736196319018,1.196319018404908,0.0920245398773006,0.0,0.0,42.85714285714285,37.5,18.181818181818183,0,4.078856863648659,1
128398,Oihan Sancet,2025,M,140,La Liga,531,Athletic Club,1803.0,28,6.561231281198003,81.3758389261745,4.0,0.0,37.0,15.0,596.0,27.0,25.0,2.0,4.0,199.0,88.0,30.0,16.0,8.0,28.0,28.0,0.0,4,1,0.1996672212978369,0.0,1.846921797004992,0.7487520798668885,29.750415973377702,1.3477537437603997,1.2479201331114809,0.0998336106489184,0.1996672212978369,9.933444259567388,4.392678868552412,1.497504159733777,0.7986688851913478,0.3993344425956739,1.3976705490848589,1.3976705490848589,0.0,0.1996672212978369,0.0499168053244592,40.54054054054054,44.221105527638194,53.333333333333336,0,1.8416094842109367,0
128533,Jamie Leweling,2025,M,78,Bundesliga,172,VfB Stuttgart,2375.0,32,7.0540631578947375,77.48344370860927,7.0,9.0,30.0,18.0,755.0,41.0,22.0,2.0,14.0,225.0,108.0,68.0,31.0,10.0,44.0,17.0,15.0,4,0,0.2652631578947368,0.3410526315789473,1.136842105263158,0.6821052631578947,28.610526315789475,1.5536842105263158,0.8336842105263159,0.0757894736842105,0.5305263157894737,8.526315789473685,4.092631578947369,2.576842105263158,1.174736842105263,0.3789473684210526,1.6673684210526318,0.6442105263157895,0.5684210526315789,0.151578947368421,0.0,60.0,48.0,45.588235294117645,0,1.5929807883473457,0
129678,Azzedine Ounahi,2025,M,140,La Liga,547,Girona,1766.0,24,7.261608154020385,85.6670341786108,5.0,2.0,35.0,19.0,907.0,36.0,23.0,1.0,16.0,310.0,159.0,132.0,69.0,23.0,63.0,18.0,1.0,7,0,0.2548131370328426,0.101925254813137,1.783691959229898,0.9682899207248018,46.22310305775765,1.8346545866364663,1.1721404303510758,0.0509626274065685,0.8154020385050963,15.79841449603624,8.103057757644393,6.727066817667044,3.5164212910532275,1.1721404303510758,3.2106455266138165,0.9173272933182332,0.0509626274065685,0.3567383918459796,0.0,54.285714285714285,51.29032258064517,52.27272727272727,0,4.426133610148799,1
129682,Amine Adli,2025,M,39,Premier League,35,Bournemouth,1106.0,31,6.972398190045247,77.23970944309927,3.0,1.0,14.0,9.0,413.0,16.0,36.0,2.0,7.0,180.0,96.0,22.0,8.0,7.0,22.0,29.0,5.0,2,0,0.244122965641953,0.081374321880651,1.139240506329114,0.732368896925859,33.60759493670886,1.301989150090416,2.929475587703436,0.162748643761302,0.569620253164557,14.64737793851718,7.811934900542496,1.790235081374322,0.650994575045208,0.569620253164557,1.790235081374322,2.359855334538879,0.406871609403255,0.162748643761302,0.0,64.28571428571429,53.333333333333336,36.36363636363637,0,2.722617317886107,1
129718,Jude Bellingham,2025,M,140,La Liga,541,Real Madrid,1917.0,28,7.338413361169102,89.20985556499575,6.0,4.0,32.0,26.0,1177.0,36.0,51.0,2.0,14.0,307.0,177.0,67.0,37.0,13.0,55.0,33.0,4.0,3,0,0.2816901408450704,0.1877934272300469,1.5023474178403755,1.220657276995305,55.25821596244132,1.6901408450704225,2.3943661971830985,0.0938967136150234,0.6572769953051643,14.413145539906102,8.309859154929578,3.1455399061032865,1.7370892018779345,0.6103286384976525,2.582159624413145,1.5492957746478873,0.1877934272300469,0.1408450704225352,0.0,81.25,57.65472312703584,55.223880597014926,0,2.7855412807383475,1
131546,Isi Palazón,2025,M,140,La Liga,728,Rayo Vallecano,2262.0,31,6.733244916003538,82.548794489093,3.0,3.0,37.0,16.0,871.0,39.0,29.0,6.0,3.0,273.0,123.0,48.0,23.0,23.0,51.0,36.0,6.0,10,1,0.1193633952254641,0.1193633952254641,1.4721485411140585,0.636604774535809,34.6551724137931,1.5517241379310345,1.1538461538461535,0.2387267904509283,0.1193633952254641,10.862068965517242,4.893899204244032,1.909814323607427,0.9151193633952256,0.9151193633952256,2.029177718832891,1.4323607427055702,0.2387267904509283,0.3978779840848807,0.039787798408488,43.24324324324324,45.05494505494506,47.91666666666667,0,1.538920929089722,0
136087,Fabiano Parisi,2025,M,135,Serie A,502,Fiorentina,1527.0,23,7.058153241650294,84.97652582159625,1.0,1.0,16.0,7.0,639.0,19.0,21.0,6.0,20.0,211.0,124.0,55.0,31.0,8.0,66.0,14.0,1.0,6,0,0.0589390962671905,0.0589390962671905,0.9430255402750491,0.412573673870334,37.66208251473478,1.119842829076621,1.237721021611002,0.3536345776031434,1.1787819253438114,12.43614931237721,7.30844793713163,3.2416502946954813,1.827111984282908,0.4715127701375246,3.8899803536345776,0.825147347740668,0.0589390962671905,0.3536345776031434,0.0,43.75,58.767772511848335,56.36363636363636,0,3.968311091480974,1
139001,Pablo Ibáñez,2025,M,140,La Liga,542,Alaves,2253.0,37,6.716333777185973,85.72844400396433,1.0,1.0,32.0,13.0,1009.0,19.0,58.0,10.0,22.0,361.0,181.0,71.0,31.0,28.0,66.0,38.0,3.0,7,0,0.0399467376830892,0.0399467376830892,1.2782956058588548,0.5193075898801598,40.30625832223701,0.7589880159786951,2.316910785619174,0.3994673768308922,0.8788282290279628,14.420772303595207,7.230359520639148,2.8362183754993344,1.2383488681757655,1.118508655126498,2.6364846870838883,1.5179760319573905,0.1198402130492676,0.2796271637816245,0.0,40.625,50.13850415512465,43.66197183098591,0,2.775420061472873,1
148099,Kiernan Dewsbury-Hall,2025,M,39,Premier League,45,Everton,2635.0,31,7.179127134724857,82.45614035087719,8.0,4.0,28.0,15.0,1026.0,37.0,52.0,4.0,12.0,291.0,147.0,50.0,27.0,19.0,48.0,32.0,2.0,6,0,0.2732447817836812,0.1366223908918406,0.9563567362428842,0.5123339658444023,35.04364326375712,1.2637571157495255,1.776091081593928,0.1366223908918406,0.4098671726755218,9.939278937381404,5.020872865275142,1.7077798861480076,0.922201138519924,0.6489563567362429,1.6394686907020872,1.092979127134725,0.0683111954459203,0.2049335863377609,0.0,53.57142857142857,50.51546391752577,54.0,0,1.519604423239456,1
152982,Cole Palmer,2025,M,39,Premier League,49,Chelsea,1965.0,26,7.026666666666666,85.73170731707317,10.0,1.0,43.0,25.0,820.0,25.0,25.0,0.0,15.0,190.0,84.0,67.0,22.0,10.0,37.0,13.0,2.0,5,0,0.4580152671755725,0.0458015267175572,1.969465648854962,1.1450381679389312,37.55725190839695,1.1450381679389312,1.1450381679389312,0.0,0.6870229007633587,8.702290076335878,3.84732824427481,3.068702290076336,1.0076335877862594,0.4580152671755725,1.6946564885496185,0.5954198473282443,0.0916030534351145,0.2290076335877862,0.0,58.13953488372093,44.21052631578947,32.83582089552239,0,1.7478615935675246,0
156477,Rayan Cherki,2025,M,39,Premier League,50,Manchester City,1794.0,33,7.3186176142697885,86.49921507064364,4.0,12.0,32.0,13.0,1274.0,61.0,26.0,1.0,7.0,242.0,111.0,105.0,50.0,19.0,34.0,17.0,1.0,1,0,0.2006688963210702,0.6020066889632107,1.605351170568562,0.6521739130434783,63.91304347826088,3.060200668896321,1.3043478260869563,0.0501672240802675,0.3511705685618729,12.14046822742475,5.568561872909699,5.2675585284280935,2.508361204013378,0.9531772575250836,1.705685618729097,0.8528428093645485,0.0501672240802675,0.0501672240802675,0.0,40.625,45.867768595041326,47.61904761904761,0,3.822771607591177,0
157997,Amad Diallo,2025,M,39,Premier League,33,Manchester United,2344.0,32,6.935665529010239,87.9424778761062,2.0,3.0,39.0,23.0,904.0,41.0,38.0,3.0,17.0,254.0,128.0,79.0,39.0,20.0,38.0,23.0,12.0,2,0,0.0767918088737201,0.1151877133105802,1.497440273037543,0.8831058020477816,34.7098976109215,1.5742320819112627,1.4590443686006824,0.1151877133105802,0.6527303754266212,9.752559726962458,4.914675767918089,3.0332764505119454,1.497440273037543,0.7679180887372014,1.4590443686006824,0.8831058020477816,0.4607508532423208,0.0767918088737201,0.0,58.97435897435898,50.39370078740157,49.36708860759494,0,0.7756358604495236,0
161621,Loum Tchaouna,2025,M,39,Premier League,44,Burnley,1316.0,29,6.577583586626141,75.14619883040936,2.0,1.0,14.0,9.0,342.0,13.0,18.0,1.0,2.0,136.0,54.0,21.0,7.0,14.0,16.0,13.0,1.0,2,0,0.1367781155015197,0.0683890577507598,0.9574468085106382,0.6155015197568389,23.38905775075988,0.8890577507598784,1.2310030395136775,0.0683890577507598,0.1367781155015197,9.300911854103344,3.6930091185410334,1.4361702127659572,0.4787234042553191,0.9574468085106382,1.094224924012158,0.8890577507598784,0.0683890577507598,0.1367781155015197,0.0,64.28571428571429,39.70588235294117,33.33333333333333,0,2.4525710922745727,0
161963,Germán Valera,2025,M,140,La Liga,797,Elche,2874.0,36,6.979471120389701,87.42411101474414,4.0,5.0,21.0,8.0,1153.0,46.0,55.0,8.0,23.0,313.0,176.0,79.0,38.0,13.0,71.0,40.0,4.0,4,1,0.1252609603340292,0.1565762004175365,0.6576200417536534,0.2505219206680584,36.10647181628392,1.440501043841336,1.7223382045929017,0.2505219206680584,0.7202505219206681,9.801670146137788,5.511482254697286,2.473903966597077,1.1899791231732777,0.407098121085595,2.223382045929019,1.2526096033402925,0.1252609603340292,0.1252609603340292,0.0313152400835073,38.095238095238095,56.23003194888179,48.10126582278481,0,1.8665764831578169,1
162016,Xavi Simons,2025,M,39,Premier League,47,Tottenham,1859.0,29,6.952716514254977,83.0952380952381,2.0,5.0,25.0,10.0,840.0,36.0,34.0,1.0,16.0,255.0,124.0,71.0,31.0,18.0,47.0,22.0,0.0,5,1,0.0968262506724045,0.2420656266810112,1.2103281334050564,0.4841312533620225,40.667025282409895,1.742872512103281,1.6460462614308766,0.0484131253362022,0.7746100053792361,12.345346960731575,6.00322754168908,3.4373318988703603,1.50080688542227,0.8714362560516407,2.275416890801506,1.0650887573964496,0.0,0.2420656266810112,0.0484131253362022,40.0,48.62745098039216,43.66197183098591,0,1.4478464578364072,1
162126,Peque Fernández,2025,M,140,La Liga,536,Sevilla,1012.0,26,6.924752475247525,81.5426997245179,2.0,1.0,11.0,6.0,364.0,15.0,13.0,1.0,1.0,175.0,96.0,44.0,18.0,10.0,48.0,15.0,1.0,7,0,0.1778656126482213,0.0889328063241106,0.9782608695652174,0.533596837944664,32.37154150197628,1.33399209486166,1.1561264822134387,0.0889328063241106,0.0889328063241106,15.563241106719367,8.537549407114623,3.9130434782608696,1.6007905138339922,0.8893280632411067,4.268774703557312,1.33399209486166,0.0889328063241106,0.6225296442687747,0.0,54.54545454545454,54.85714285714286,40.909090909090914,0,4.6343008743676,1
162127,Diego López,2025,M,140,La Liga,532,Valencia,1777.0,34,6.787450759707371,76.50485436893204,4.0,1.0,18.0,8.0,515.0,17.0,22.0,2.0,10.0,216.0,92.0,35.0,13.0,17.0,33.0,20.0,3.0,2,0,0.2025886325267304,0.0506471581316826,0.911648846370287,0.4051772650534609,26.083286437816543,0.8610016882386043,1.1142374788970175,0.1012943162633652,0.5064715813168261,10.939786156443445,4.6595385481148,1.7726505346088912,0.6584130557118739,0.8610016882386043,1.6713562183455264,1.0129431626336522,0.1519414743950478,0.1012943162633652,0.0,44.44444444444444,42.5925925925926,37.142857142857146,0,1.823450001200892,1
162931,Fran Pérez,2025,M,140,La Liga,728,Rayo Vallecano,1250.0,29,6.5208,82.50825082508251,2.0,1.0,14.0,8.0,304.0,13.0,15.0,2.0,2.0,128.0,45.0,30.0,14.0,14.0,15.0,18.0,6.0,4,0,0.144,0.072,1.008,0.5760000000000001,21.888,0.936,1.08,0.144,0.144,9.216,3.24,2.16,1.008,1.008,1.08,1.296,0.4319999999999999,0.288,0.0,57.14285714285714,35.15625,46.66666666666666,0,2.27854649160536,0
177665,Anton Stach,2025,M,39,Premier League,63,Leeds,2378.0,29,7.171530698065601,77.31629392971246,5.0,3.0,31.0,14.0,939.0,63.0,65.0,9.0,20.0,292.0,155.0,42.0,20.0,24.0,24.0,36.0,0.0,3,0,0.1892346509671993,0.1135407905803196,1.1732548359966355,0.5298570227081582,35.53826745164003,2.3843566021867115,2.460050462573592,0.3406223717409588,0.7569386038687973,11.05130361648444,5.866274179983178,1.5895710681244744,0.7569386038687973,0.9083263246425568,0.9083263246425568,1.362489486963835,0.0,0.1135407905803196,0.0,45.16129032258064,53.08219178082192,47.61904761904761,0,2.62354433959861,1
178077,Kevin Schade,2025,M,39,Premier League,55,Brentford,2757.0,35,6.80594849474066,67.99242424242425,8.0,3.0,45.0,24.0,528.0,29.0,40.0,3.0,18.0,429.0,188.0,75.0,20.0,9.0,43.0,50.0,10.0,6,1,0.2611534276387378,0.0979325353645266,1.4689880304679,0.7834602829162133,17.236126224156692,0.9466811751904244,1.3057671381936886,0.0979325353645266,0.5875952121871599,14.00435255712731,6.137105549510338,2.4483133841131663,0.6528835690968443,0.2937976060935799,1.4036996735582157,1.632208922742111,0.3264417845484221,0.1958650707290533,0.0326441784548422,53.333333333333336,43.82284382284382,26.666666666666668,0,1.9005647486781128,1
180560,Hannibal Mejbri,2025,M,39,Premier League,44,Burnley,1253.0,27,6.78552,77.40667976424362,1.0,4.0,11.0,5.0,510.0,21.0,29.0,3.0,8.0,206.0,102.0,34.0,20.0,12.0,47.0,24.0,3.0,10,0,0.071827613727055,0.2873104549082202,0.7901037509976058,0.3591380686352753,36.63208300079808,1.5083798882681565,2.0830007980845973,0.2154828411811652,0.5746209098164405,14.796488427773342,7.326416600159617,2.442138866719872,1.4365522745411012,0.8619313647246608,3.375897845171588,1.7238627294493216,0.2154828411811652,0.7182761372705506,0.0,45.45454545454545,49.51456310679612,58.82352941176471,0,3.314224375363641,1
181421,Abdessamad Ezzalzouli,2025,M,140,La Liga,543,Real Betis,2255.0,29,7.3793791574279375,79.32330827067669,10.0,8.0,53.0,26.0,798.0,32.0,53.0,1.0,16.0,375.0,194.0,86.0,39.0,25.0,71.0,28.0,4.0,3,0,0.3991130820399113,0.319290465631929,2.11529933481153,1.037694013303769,31.84922394678492,1.277161862527716,2.11529933481153,0.0399113082039911,0.6385809312638581,14.966740576496674,7.742793791574279,3.432372505543237,1.5565410199556542,0.9977827050997784,2.8337028824833705,1.1175166297117516,0.1596452328159645,0.1197339246119734,0.0,49.0566037735849,51.73333333333333,45.34883720930232,0,2.8993458190871824,1
182219,Alex Baena,2025,M,140,La Liga,530,Atletico Madrid,1572.0,27,6.984213876511776,81.15543328748281,2.0,3.0,22.0,7.0,727.0,46.0,18.0,4.0,16.0,169.0,64.0,37.0,12.0,11.0,29.0,26.0,9.0,5,0,0.1145038167938931,0.1717557251908396,1.2595419847328244,0.4007633587786259,41.62213740458015,2.6335877862595423,1.0305343511450382,0.2290076335877862,0.9160305343511452,9.67557251908397,3.664122137404581,2.118320610687023,0.6870229007633587,0.6297709923664122,1.6603053435114503,1.4885496183206106,0.5152671755725191,0.2862595419847328,0.0,31.818181818181817,37.8698224852071,32.432432432432435,0,2.38887316861562,0
182519,Alberto Moleiro,2025,M,140,La Liga,533,Villarreal,2490.0,37,6.915180722891566,79.11547911547912,10.0,5.0,39.0,20.0,814.0,37.0,30.0,3.0,12.0,265.0,93.0,68.0,33.0,59.0,27.0,33.0,3.0,4,0,0.36144578313253,0.180722891566265,1.4096385542168677,0.7228915662650601,29.421686746987955,1.3373493975903614,1.0843373493975903,0.108433734939759,0.4337349397590362,9.578313253012048,3.36144578313253,2.4578313253012047,1.1927710843373494,2.132530120481928,0.9759036144578314,1.1927710843373494,0.108433734939759,0.144578313253012,0.0,51.28205128205128,35.094339622641506,48.52941176470589,0,1.4858338675178302,0
182603,Jon Ander Olasagasti,2025,M,140,La Liga,539,Levante,1748.0,33,6.894050343249427,76.01199400299849,1.0,5.0,18.0,9.0,667.0,36.0,28.0,8.0,13.0,194.0,102.0,25.0,12.0,19.0,33.0,20.0,0.0,3,1,0.051487414187643,0.2574370709382151,0.9267734553775744,0.4633867276887872,34.3421052631579,1.8535469107551488,1.4416475972540046,0.4118993135011441,0.6693363844393593,9.988558352402746,5.251716247139588,1.2871853546910756,0.6178489702517163,0.9782608695652174,1.6990846681922198,1.0297482837528604,0.0,0.154462242562929,0.051487414187643,50.0,52.57731958762887,48.0,0,1.730456722891544,0
182674,Jofre Carreras,2025,M,140,La Liga,540,Espanyol,921.0,26,6.605646036916395,75.70093457943925,1.0,0.0,15.0,7.0,216.0,15.0,9.0,0.0,6.0,117.0,55.0,43.0,16.0,9.0,27.0,13.0,2.0,1,0,0.0977198697068403,0.0,1.4657980456026058,0.6840390879478827,21.107491856677523,1.4657980456026058,0.8794788273615635,0.0,0.5863192182410424,11.433224755700326,5.374592833876221,4.201954397394137,1.5635179153094465,0.8794788273615635,2.6384364820846904,1.270358306188925,0.1954397394136807,0.0977198697068403,0.0,46.66666666666666,47.008547008547005,37.2093023255814,0,2.236176244917031,1
182770,Carlos Álvarez,2025,M,140,La Liga,539,Levante,1908.0,30,6.913155136268345,80.79268292682927,3.0,1.0,19.0,11.0,656.0,40.0,22.0,1.0,13.0,223.0,93.0,57.0,19.0,21.0,49.0,22.0,2.0,3,0,0.1415094339622641,0.0471698113207547,0.8962264150943396,0.5188679245283019,30.943396226415093,1.8867924528301887,1.0377358490566038,0.0471698113207547,0.6132075471698113,10.5188679245283,4.386792452830189,2.688679245283019,0.8962264150943396,0.990566037735849,2.311320754716981,1.0377358490566038,0.0943396226415094,0.1415094339622641,0.0,57.89473684210527,41.70403587443946,33.33333333333333,0,1.6984903598681078,1
183751,Abderrahman Rebbach,2025,M,140,La Liga,542,Alaves,1509.0,30,6.656962864721485,79.520697167756,1.0,4.0,25.0,12.0,459.0,30.0,42.0,0.0,15.0,226.0,98.0,50.0,17.0,24.0,30.0,40.0,5.0,8,0,0.0596421471172962,0.2385685884691848,1.4910536779324055,0.7157057654075546,27.37574552683897,1.7892644135188869,2.5049701789264414,0.0,0.8946322067594433,13.479125248508948,5.844930417495029,2.982107355864811,1.013916500994036,1.4314115308151092,1.7892644135188869,2.3856858846918487,0.2982107355864811,0.4771371769383697,0.0,48.0,43.36283185840708,34.0,0,2.066780424316617,1
183799,Nico Williams,2025,M,140,La Liga,531,Athletic Club,1687.0,25,7.08298755186722,77.24867724867724,6.0,3.0,34.0,16.0,567.0,34.0,15.0,0.0,7.0,282.0,119.0,145.0,67.0,19.0,29.0,26.0,7.0,2,0,0.3200948429164196,0.1600474214582098,1.8138707765263784,0.8535862477771191,30.248962655601662,1.8138707765263784,0.8002371072910491,0.0,0.3734439834024896,15.044457617071725,6.348547717842323,7.735625370480142,3.574392412566686,1.013633669235329,1.5471250740960285,1.3870776526378186,0.3734439834024896,0.1066982809721398,0.0,47.05882352941176,42.198581560283685,46.206896551724135,0,4.257231719701632,1
187214,Carlos Vicente,2025,M,140,La Liga,542,Alaves,1256.0,21,6.98765923566879,79.9154334038055,5.0,0.0,10.0,6.0,473.0,27.0,28.0,2.0,7.0,168.0,92.0,37.0,11.0,20.0,42.0,12.0,10.0,1,0,0.35828025477707,0.0,0.7165605095541401,0.429936305732484,33.89331210191083,1.9347133757961783,2.006369426751592,0.143312101910828,0.501592356687898,12.038216560509554,6.592356687898089,2.6512738853503186,0.7882165605095541,1.4331210191082802,3.0095541401273884,0.8598726114649681,0.7165605095541401,0.071656050955414,0.0,60.0,54.761904761904766,29.72972972972973,0,2.6771510966173344,1
187987,Ramón Terrats,2025,M,140,La Liga,540,Espanyol,1062.0,29,6.613031161473088,77.77777777777779,1.0,2.0,12.0,3.0,255.0,16.0,23.0,5.0,11.0,153.0,63.0,28.0,9.0,10.0,22.0,15.0,1.0,0,0,0.0847457627118644,0.1694915254237288,1.0169491525423728,0.2542372881355932,21.610169491525426,1.3559322033898304,1.9491525423728813,0.423728813559322,0.9322033898305084,12.966101694915254,5.338983050847458,2.372881355932204,0.7627118644067796,0.847457627118644,1.864406779661017,1.271186440677966,0.0847457627118644,0.0,0.0,25.0,41.17647058823529,32.142857142857146,0,1.837893992602062,1
190485,Samú Costa,2025,M,140,La Liga,798,Mallorca,2705.0,34,7.037042513863216,79.96845425867508,7.0,2.0,31.0,16.0,1268.0,17.0,65.0,13.0,26.0,421.0,217.0,49.0,14.0,36.0,68.0,64.0,6.0,11,0,0.232902033271719,0.066543438077634,1.0314232902033271,0.532347504621072,42.18853974121996,0.565619223659889,2.162661737523105,0.4325323475046211,0.8650646950092422,14.00739371534196,7.21996303142329,1.6303142329020337,0.4658040665434381,1.1977818853974125,2.262476894639556,2.129390018484288,0.199630314232902,0.365988909426987,0.0,51.61290322580645,51.54394299287412,28.57142857142857,0,2.781215917146291,1
191289,Amine Sbai,2025,M,61,Ligue 1,77,Angers,1834.0,25,6.748854961832061,72.14532871972318,3.0,1.0,23.0,16.0,578.0,29.0,20.0,0.0,7.0,228.0,84.0,99.0,37.0,14.0,24.0,15.0,5.0,3,1,0.1472191930207197,0.0490730643402399,1.128680479825518,0.7851690294438386,28.364231188658668,1.4231188658669576,0.9814612868047984,0.0,0.3435114503816793,11.1886586695747,4.122137404580153,4.858233369683751,1.8157033805888767,0.6870229007633587,1.1777535441657578,0.7360959651035988,0.2453653217011995,0.1472191930207197,0.0490730643402399,69.56521739130434,36.84210526315789,37.37373737373738,0,1.991478368716012,0
196855,Jaidon Anthony,2025,M,39,Premier League,44,Burnley,2743.0,37,6.798468829748452,79.91071428571429,8.0,2.0,42.0,23.0,896.0,37.0,42.0,7.0,15.0,322.0,134.0,101.0,36.0,29.0,47.0,28.0,9.0,4,0,0.2624863288370397,0.0656215822092599,1.3780532263944585,0.7546481954064893,29.39846882974845,1.2139992708713088,1.3780532263944585,0.2296755377324097,0.4921618665694495,10.56507473569085,4.396646008020416,3.3138899015676264,1.1811884797666787,0.951512942034269,1.5421071819176084,0.918702150929639,0.2952971199416697,0.1312431644185198,0.0,54.761904761904766,41.61490683229814,35.64356435643564,0,0.7830849097968873,0
197779,Mohamed Kaba,2025,M,61,Ligue 1,83,Nantes,1570.0,27,6.754012738853504,78.19706498951781,0.0,2.0,18.0,10.0,478.0,17.0,40.0,5.0,18.0,243.0,129.0,29.0,15.0,15.0,48.0,25.0,0.0,3,0,0.0,0.1146496815286624,1.0318471337579618,0.5732484076433121,27.40127388535032,0.9745222929936304,2.2929936305732483,0.286624203821656,1.0318471337579618,13.929936305732484,7.394904458598726,1.662420382165605,0.8598726114649681,0.8598726114649681,2.751592356687898,1.4331210191082802,0.0,0.1719745222929936,0.0,55.55555555555556,53.086419753086425,51.72413793103448,0,3.024379175545465,1
199143,Yuito Suzuki,2025,M,78,Bundesliga,160,SC Freiburg,1636.0,25,6.784107579462104,77.47524752475248,4.0,2.0,27.0,14.0,404.0,25.0,20.0,1.0,10.0,151.0,57.0,34.0,18.0,6.0,10.0,19.0,2.0,3,0,0.2200488997555012,0.1100244498777506,1.4853300733496333,0.7701711491442542,22.224938875305625,1.3753056234718826,1.1002444987775062,0.0550122249388753,0.5501222493887531,8.30684596577017,3.1356968215158925,1.87041564792176,0.9902200488997556,0.3300733496332518,0.5501222493887531,1.0452322738386308,0.1100244498777506,0.1650366748166259,0.0,51.85185185185185,37.74834437086093,52.94117647058824,0,2.419956458976847,0
199871,Adam Karabec,2025,M,61,Ligue 1,80,Lyon,940.0,21,6.724626865671642,80.72727272727272,1.0,0.0,6.0,5.0,275.0,22.0,4.0,1.0,1.0,86.0,43.0,20.0,11.0,6.0,21.0,14.0,3.0,3,0,0.0957446808510638,0.0,0.5744680851063829,0.4787234042553191,26.329787234042552,2.106382978723404,0.3829787234042553,0.0957446808510638,0.0957446808510638,8.23404255319149,4.117021276595745,1.9148936170212765,1.053191489361702,0.5744680851063829,2.0106382978723407,1.3404255319148937,0.2872340425531914,0.2872340425531914,0.0,83.33333333333334,50.0,55.00000000000001,0,3.11913935065973,0
202736,Paul Nebel,2025,M,78,Bundesliga,164,FSV Mainz 05,2081.0,30,6.701585776069197,78.54356306892068,5.0,2.0,19.0,8.0,770.0,41.0,50.0,2.0,13.0,248.0,103.0,50.0,20.0,20.0,20.0,29.0,3.0,2,2,0.2162421912542047,0.0864968765016818,0.8217203267659778,0.3459875060067275,33.30129745314753,1.7731859682844786,2.162421912542047,0.0864968765016818,0.5622296972609323,10.725612686208551,4.454589139836617,2.162421912542047,0.864968765016819,0.864968765016819,0.864968765016819,1.254204709274387,0.1297453147525228,0.0864968765016818,0.0864968765016818,42.10526315789473,41.53225806451613,40.0,0,2.0259469149671547,1
203224,Florian Wirtz,2025,M,39,Premier League,40,Liverpool,2388.0,33,6.8785594639866,84.52883263009845,5.0,3.0,32.0,18.0,1422.0,61.0,34.0,2.0,11.0,248.0,99.0,74.0,39.0,18.0,19.0,22.0,2.0,1,0,0.1884422110552763,0.1130653266331658,1.206030150753769,0.6783919597989949,53.5929648241206,2.298994974874372,1.2814070351758793,0.0753768844221105,0.414572864321608,9.346733668341708,3.731155778894472,2.78894472361809,1.469849246231156,0.6783919597989949,0.7160804020100503,0.8291457286432161,0.0753768844221105,0.0376884422110552,0.0,56.25,39.91935483870967,52.702702702702695,0,2.521474128973748,0
203474,Nicola Zalewski,2025,M,135,Serie A,499,Atalanta,1910.0,33,7.052931937172775,75.96017069701281,2.0,4.0,26.0,7.0,703.0,36.0,29.0,1.0,18.0,232.0,122.0,66.0,28.0,10.0,52.0,21.0,3.0,3,0,0.0942408376963351,0.1884816753926702,1.225130890052356,0.3298429319371728,33.12565445026178,1.6963350785340314,1.3664921465968587,0.0471204188481675,0.8481675392670157,10.93193717277487,5.74869109947644,3.1099476439790577,1.3193717277486912,0.4712041884816754,2.450261780104712,0.9895287958115184,0.1413612565445026,0.1413612565445026,0.0,26.923076923076923,52.58620689655172,42.42424242424242,0,1.5365750911972509,1
237819,Kevin,2025,M,39,Premier League,36,Fulham,1037.0,26,6.780520732883317,76.40117994100295,1.0,1.0,19.0,10.0,339.0,14.0,21.0,0.0,9.0,203.0,90.0,88.0,44.0,18.0,17.0,14.0,3.0,1,0,0.0867888138862102,0.0867888138862102,1.6489874638379944,0.8678881388621023,29.421407907425262,1.215043394406943,1.8225650916104144,0.0,0.781099324975892,17.618129218900677,7.81099324975892,7.6374156219864995,3.8187078109932497,1.562198649951784,1.475409836065574,1.215043394406943,0.2603664416586307,0.0867888138862102,0.0,52.63157894736842,44.33497536945813,50.0,0,4.520797099814295,1
265741,Giorgi Gocholeishvili,2025,M,78,Bundesliga,175,Hamburger SV,957.0,24,6.702513089005238,77.21518987341773,0.0,1.0,7.0,2.0,245.0,10.0,25.0,1.0,8.0,143.0,72.0,39.0,18.0,8.0,19.0,13.0,3.0,3,1,0.0,0.0940438871473354,0.658307210031348,0.1880877742946708,23.040752351097176,0.9404388714733544,2.3510971786833856,0.0940438871473354,0.7523510971786834,13.448275862068966,6.771159874608151,3.667711598746081,1.6927899686520378,0.7523510971786834,1.786833855799373,1.2225705329153604,0.2821316614420062,0.2821316614420062,0.0940438871473354,28.57142857142857,50.349650349650354,46.15384615384615,0,2.51320754077018,1
266202,Ilyas Chaira,2025,M,140,La Liga,718,Oviedo,2458.0,36,6.62327095199349,83.40874811463047,6.0,2.0,62.0,35.0,663.0,18.0,49.0,5.0,5.0,363.0,142.0,105.0,31.0,28.0,41.0,53.0,18.0,2,1,0.2196908055329536,0.0732302685109845,2.270138323840521,1.2815296989422291,24.27583401139137,0.6590724165988608,1.7941415785191213,0.1830756712774613,0.1830756712774613,13.291293734743697,5.199349064279902,3.844589096826689,1.1350691619202604,1.0252237591537836,1.5012205044751832,1.9406021155410904,0.6590724165988608,0.0732302685109845,0.0366151342554922,56.451612903225815,39.11845730027548,29.52380952380953,0,2.701878936469832,1
270507,Cesare Casadei,2025,M,135,Serie A,503,Torino,1990.0,33,6.797937625754527,75.26737967914438,6.0,0.0,28.0,17.0,748.0,17.0,36.0,3.0,10.0,316.0,170.0,24.0,13.0,18.0,16.0,52.0,2.0,5,0,0.271356783919598,0.0,1.2663316582914574,0.7688442211055276,33.82914572864322,0.7688442211055276,1.628140703517588,0.135678391959799,0.4522613065326633,14.29145728643216,7.688442211055276,1.085427135678392,0.5879396984924623,0.8140703517587939,0.7236180904522613,2.351758793969849,0.0904522613065326,0.2261306532663316,0.0,60.71428571428571,53.79746835443038,54.16666666666666,0,2.6053473590541425,1
270510,Mathys Tel,2025,M,39,Premier League,47,Tottenham,1358.0,31,6.777818717759765,77.43732590529248,4.0,1.0,24.0,8.0,359.0,30.0,19.0,2.0,6.0,238.0,97.0,78.0,39.0,10.0,23.0,19.0,3.0,1,0,0.2650957290132548,0.0662739322533137,1.5905743740795286,0.5301914580265096,23.79234167893961,1.988217967599411,1.2592047128129602,0.1325478645066274,0.3976435935198821,15.77319587628866,6.428571428571428,5.169366715758468,2.584683357879234,0.6627393225331369,1.524300441826215,1.2592047128129602,0.198821796759941,0.0662739322533137,0.0,33.33333333333333,40.7563025210084,50.0,0,2.727082787213792,1
273732,Tyrhys Dolan,2025,M,140,La Liga,540,Espanyol,2431.0,36,6.80012340600576,83.6036036036036,2.0,5.0,22.0,12.0,555.0,32.0,57.0,2.0,17.0,307.0,148.0,85.0,35.0,22.0,46.0,37.0,5.0,7,1,0.0740436034553681,0.1851090086384204,0.8144796380090499,0.444261620732209,20.547099958864667,1.1846976552858903,2.1102426984779923,0.0740436034553681,0.6293706293706294,11.365693130399013,5.479226655697244,3.146853146853147,1.2957630604689427,0.8144796380090499,1.7030028794734675,1.369806663924311,0.1851090086384204,0.2591526120937886,0.037021801727684,54.54545454545454,48.20846905537459,41.17647058823529,0,1.8238868069476477,1
278095,Jonathan Rowe,2025,M,135,Serie A,500,Bologna,1674.0,29,6.802688172043011,80.8252427184466,3.0,2.0,38.0,17.0,412.0,21.0,21.0,0.0,9.0,273.0,137.0,92.0,49.0,10.0,52.0,25.0,4.0,2,0,0.1612903225806451,0.1075268817204301,2.043010752688172,0.913978494623656,22.150537634408604,1.1290322580645162,1.1290322580645162,0.0,0.4838709677419355,14.67741935483871,7.365591397849463,4.946236559139785,2.634408602150537,0.5376344086021506,2.7956989247311825,1.3440860215053765,0.2150537634408602,0.1075268817204301,0.0,44.73684210526316,50.18315018315018,53.2608695652174,0,3.1819114458576228,1
278133,Oscar Bobb,2025,M,39,Premier League,36,Fulham,1050.0,23,6.883333333333335,85.785536159601,0.0,1.0,8.0,3.0,401.0,22.0,21.0,0.0,9.0,134.0,71.0,45.0,27.0,7.0,17.0,9.0,0.0,1,0,0.0,0.0857142857142857,0.6857142857142857,0.2571428571428571,34.371428571428574,1.8857142857142857,1.8,0.0,0.7714285714285715,11.485714285714288,6.085714285714285,3.857142857142857,2.314285714285714,0.6000000000000001,1.457142857142857,0.7714285714285715,0.0,0.0857142857142857,0.0,37.5,52.98507462686567,60.0,0,1.7933582824941954,1
280358,Jens Castrop,2025,M,78,Bundesliga,163,Borussia Mönchengladbach,1599.0,26,6.929706066291432,75.30120481927712,3.0,1.0,22.0,12.0,498.0,19.0,58.0,1.0,18.0,237.0,122.0,66.0,25.0,15.0,26.0,31.0,3.0,2,2,0.1688555347091932,0.0562851782363977,1.2382739212007503,0.6754221388367729,28.03001876172608,1.0694183864915574,3.264540337711069,0.0562851782363977,1.0131332082551594,13.339587242026266,6.866791744840526,3.7148217636022514,1.4071294559099436,0.8442776735459663,1.4634146341463417,1.7448405253283303,0.1688555347091932,0.1125703564727955,0.1125703564727955,54.54545454545454,51.47679324894515,37.87878787878788,0,3.2009124945053937,1
284324,Alejandro Garnacho,2025,M,39,Premier League,49,Chelsea,1283.0,24,6.9130163678877645,87.31501057082453,1.0,4.0,23.0,7.0,473.0,29.0,16.0,0.0,4.0,123.0,56.0,39.0,14.0,9.0,23.0,9.0,2.0,2,0,0.0701480904130943,0.2805923616523772,1.613406079501169,0.4910366328916601,33.18004676539361,2.034294621979735,1.1223694466095089,0.0,0.2805923616523772,8.6282151208106,3.928293063133281,2.7357755261106784,0.9820732657833204,0.6313328137178488,1.613406079501169,0.6313328137178488,0.1402961808261886,0.1402961808261886,0.0,30.434782608695656,45.52845528455284,35.8974358974359,0,1.658192716007293,0
284428,Omari Hutchinson,2025,M,39,Premier League,65,Nottingham Forest,1695.0,31,6.72987012987013,83.08550185873605,1.0,5.0,17.0,11.0,538.0,33.0,22.0,0.0,12.0,223.0,91.0,79.0,41.0,19.0,24.0,23.0,8.0,1,0,0.0530973451327433,0.2654867256637168,0.9026548672566372,0.584070796460177,28.56637168141593,1.752212389380531,1.168141592920354,0.0,0.6371681415929203,11.840707964601773,4.831858407079646,4.1946902654867255,2.1769911504424777,1.008849557522124,1.2743362831858407,1.2212389380530972,0.4247787610619469,0.0530973451327433,0.0,64.70588235294117,40.80717488789238,51.89873417721519,0,1.6352436647126534,1
284797,Dango Ouattara,2025,M,39,Premier League,55,Brentford,2279.0,32,6.9364633611233,63.88308977035491,7.0,3.0,42.0,20.0,485.0,27.0,24.0,0.0,24.0,325.0,138.0,80.0,23.0,18.0,39.0,27.0,9.0,5,0,0.2764370337867486,0.1184730144800351,1.658622202720491,0.7898200965335674,19.153137340939008,1.066257130320316,0.9477841158402808,0.0,0.9477841158402808,12.834576568670473,5.449758666081615,3.1592803861342698,0.9082931110136024,0.7108380868802107,1.5401491882404563,1.066257130320316,0.3554190434401053,0.1974550241333918,0.0,47.61904761904761,42.46153846153846,28.75,0,1.9585208094200095,1
285909,Pablo Torre,2025,M,140,La Liga,798,Mallorca,1637.0,35,6.911850946854001,84.93150684931507,4.0,4.0,19.0,12.0,803.0,34.0,23.0,2.0,9.0,190.0,82.0,35.0,16.0,18.0,36.0,29.0,1.0,4,0,0.2199144777031154,0.2199144777031154,1.0445937690897984,0.6597434331093464,44.14783139890043,1.8692730604764816,1.2645082467929138,0.1099572388515577,0.4948075748320097,10.445937690897985,4.508246792913867,1.92425167990226,0.8796579108124618,0.9896151496640196,1.979230299328039,1.594379963347587,0.0549786194257788,0.2199144777031154,0.0,63.1578947368421,43.15789473684211,45.71428571428572,0,1.5231521846207865,0
286710,Derry Scherhant,2025,M,78,Bundesliga,160,SC Freiburg,1308.0,31,6.75940366972477,75.66371681415929,5.0,1.0,23.0,13.0,226.0,22.0,20.0,4.0,7.0,229.0,92.0,80.0,30.0,13.0,36.0,19.0,4.0,2,0,0.3440366972477064,0.0688073394495412,1.5825688073394495,0.8944954128440367,15.55045871559633,1.513761467889908,1.3761467889908257,0.2752293577981651,0.481651376146789,15.756880733944952,6.330275229357798,5.504587155963303,2.064220183486239,0.8944954128440367,2.4770642201834865,1.3073394495412844,0.2752293577981651,0.1376146788990825,0.0,56.52173913043478,40.174672489082965,37.5,0,3.22652123561296,1
290106,Pablo Marín,2025,M,140,La Liga,548,Real Sociedad,1511.0,34,6.456452680344142,79.35656836461126,0.0,1.0,7.0,4.0,374.0,13.0,19.0,1.0,8.0,166.0,66.0,40.0,17.0,11.0,23.0,22.0,5.0,2,0,0.0,0.0595632031767041,0.4169424222369292,0.2382528127068166,22.27663798808736,0.7743216412971543,1.1317008603573793,0.0595632031767041,0.4765056254136333,9.887491727332892,3.931171409662476,2.382528127068167,1.0125744540039707,0.6551952349437459,1.369953673064196,1.3103904698874915,0.2978160158835208,0.1191264063534083,0.0,57.14285714285714,39.75903614457831,42.5,0,2.516773766206592,1
291964,Arda Güler,2025,M,140,La Liga,541,Real Madrid,2026.0,33,7.206465942744324,90.70631970260224,4.0,9.0,35.0,19.0,1345.0,70.0,46.0,2.0,9.0,190.0,109.0,43.0,27.0,20.0,32.0,21.0,3.0,1,0,0.1776900296150049,0.399802566633761,1.554787759131293,0.8440276406712734,59.748272458045406,3.109575518262586,2.043435340572557,0.0888450148075024,0.399802566633761,8.440276406712734,4.842053307008885,1.9101678183613031,1.1994076999012833,0.8884501480750246,1.4215202369200397,0.9328726554787758,0.1332675222112537,0.0444225074037512,0.0,54.285714285714285,57.36842105263158,62.7906976744186,0,3.596868308041952,0
295026,Martin Baturina,2025,M,135,Serie A,895,Como,1591.0,29,7.277247014456316,87.6923076923077,6.0,3.0,20.0,9.0,845.0,63.0,21.0,2.0,5.0,192.0,94.0,45.0,23.0,22.0,44.0,15.0,0.0,0,0,0.3394091766184789,0.1697045883092394,1.1313639220615963,0.5091137649277184,47.80012570710245,3.5637963544940288,1.1879321181646765,0.1131363922061596,0.2828409805153991,10.861093651791329,5.317410433689504,2.545568824638592,1.301068510370836,1.2445003142677562,2.4890006285355124,0.8485229415461973,0.0,0.0,0.0,45.0,48.95833333333333,51.11111111111111,0,3.83704901209708,0
301771,Simon Adingra,2025,M,61,Ligue 1,91,Monaco,1533.0,28,6.6733681462141,76.83168316831683,4.0,2.0,17.0,8.0,507.0,20.0,22.0,0.0,8.0,233.0,76.0,95.0,30.0,22.0,11.0,24.0,6.0,2,0,0.2348336594911937,0.1174168297455968,0.9980430528375732,0.4696673189823874,29.76516634050881,1.1741682974559686,1.2915851272015657,0.0,0.4696673189823874,13.679060665362034,4.46183953033268,5.577299412915851,1.761252446183953,1.2915851272015657,0.6457925636007827,1.4090019569471623,0.3522504892367906,0.1174168297455968,0.0,47.05882352941176,32.61802575107296,31.57894736842105,0,2.8886616668357905,1
319572,Valentín Barco,2025,M,61,Ligue 1,95,Strasbourg,2170.0,27,7.180322580645161,86.34020618556701,2.0,4.0,18.0,10.0,1552.0,40.0,54.0,2.0,14.0,258.0,148.0,58.0,24.0,14.0,61.0,24.0,2.0,5,1,0.0829493087557603,0.1658986175115207,0.7465437788018434,0.4147465437788018,64.36866359447005,1.6589861751152073,2.23963133640553,0.0829493087557603,0.5806451612903226,10.700460829493087,6.138248847926268,2.4055299539170507,0.9953917050691244,0.5806451612903226,2.529953917050692,0.9953917050691244,0.0829493087557603,0.2073732718894009,0.0414746543778801,55.55555555555556,57.36434108527132,41.37931034482759,0,3.0600813426707214,1
322630,Giovanni Fabbian,2025,M,135,Serie A,502,Fiorentina,1174.0,29,6.571733561058924,80.0,2.0,0.0,19.0,6.0,296.0,9.0,12.0,1.0,6.0,158.0,76.0,15.0,6.0,7.0,27.0,19.0,2.0,2,0,0.1533219761499148,0.0,1.4565587734241907,0.4599659284497444,22.6916524701874,0.6899488926746167,0.9199318568994888,0.0766609880749574,0.4599659284497444,12.11243611584327,5.826235093696763,1.149914821124361,0.4599659284497444,0.5366269165247018,2.06984667802385,1.4565587734241907,0.1533219761499148,0.1533219761499148,0.0,31.57894736842105,48.10126582278481,40.0,0,2.3580760555378086,1
323935,Giuliano Simeone,2025,M,140,La Liga,530,Atletico Madrid,2109.0,31,6.943290659080135,81.81818181818183,4.0,6.0,30.0,14.0,946.0,31.0,44.0,3.0,18.0,279.0,139.0,65.0,29.0,40.0,40.0,21.0,7.0,2,0,0.1706970128022759,0.2560455192034139,1.2802275960170697,0.5974395448079659,40.36984352773827,1.3229018492176383,1.877667140825036,0.1280227596017069,0.7681365576102419,11.906116642958748,5.93172119487909,2.7738264580369845,1.2375533428165006,1.7069701280227598,1.7069701280227598,0.8961593172119487,0.2987197724039829,0.0853485064011379,0.0,46.66666666666666,49.82078853046595,44.61538461538462,0,1.0268635271973054,1
326068,Kamory Doumbia,2025,M,61,Ligue 1,106,Stade Brestois 29,1765.0,24,6.827025495750709,82.44837758112095,5.0,4.0,27.0,14.0,678.0,27.0,61.0,0.0,20.0,259.0,110.0,56.0,17.0,26.0,21.0,29.0,2.0,6,0,0.254957507082153,0.2039660056657223,1.3767705382436262,0.7138810198300284,34.57223796033994,1.3767705382436262,3.110481586402266,0.0,1.019830028328612,13.206798866855523,5.609065155807365,2.855524079320113,0.8668555240793201,1.3257790368271956,1.0708215297450423,1.4787535410764874,0.1019830028328611,0.3059490084985836,0.0,51.85185185185185,42.47104247104247,30.35714285714285,0,2.928553748715104,1
326073,Remy Labeau Lascary,2025,M,61,Ligue 1,106,Stade Brestois 29,1195.0,27,6.742761506276151,81.16591928251121,5.0,1.0,26.0,16.0,226.0,13.0,16.0,2.0,6.0,179.0,65.0,51.0,20.0,16.0,18.0,29.0,9.0,2,0,0.3765690376569037,0.0753138075313807,1.9581589958159,1.205020920502092,17.02092050209205,0.9790794979079496,1.205020920502092,0.1506276150627615,0.4518828451882845,13.481171548117151,4.895397489539749,3.8410041841004174,1.506276150627615,1.205020920502092,1.3556485355648535,2.1841004184100417,0.6778242677824268,0.1506276150627615,0.0,61.53846153846154,36.312849162011176,39.21568627450981,0,2.214820012348796,1
327631,Habib Diarra,2025,M,39,Premier League,746,Sunderland,1407.0,20,6.73503909026297,81.88073394495413,2.0,2.0,22.0,8.0,436.0,7.0,14.0,0.0,4.0,127.0,58.0,22.0,6.0,7.0,27.0,19.0,3.0,6,0,0.1279317697228145,0.1279317697228145,1.4072494669509594,0.511727078891258,27.88912579957356,0.4477611940298507,0.8955223880597015,0.0,0.255863539445629,8.123667377398721,3.7100213219616207,1.4072494669509594,0.3837953091684435,0.4477611940298507,1.727078891257996,1.2153518123667375,0.1918976545842217,0.3837953091684435,0.0,36.36363636363637,45.66929133858268,27.27272727272727,0,2.725079697763204,0
327897,Arijon Ibrahimović,2025,M,78,Bundesliga,180,1. FC Heidenheim,2181.0,32,6.795321100917432,72.07872078720787,2.0,4.0,33.0,19.0,813.0,56.0,34.0,5.0,23.0,249.0,109.0,51.0,23.0,39.0,27.0,13.0,5.0,2,0,0.0825309491059147,0.1650618982118294,1.361760660247593,0.7840440165061898,33.54883081155433,2.3108665749656123,1.4030261348005502,0.2063273727647868,0.9491059147180192,10.27510316368638,4.497936726272353,2.1045392022008254,0.9491059147180192,1.609353507565337,1.114167812929849,0.5364511691884457,0.2063273727647868,0.0825309491059147,0.0,57.57575757575758,43.77510040160642,45.09803921568628,0,1.966150108450604,0
328225,Brajan Gruda,2025,M,78,Bundesliga,173,RB Leipzig,1495.0,31,7.043344481605352,78.30374753451676,4.0,4.0,25.0,16.0,507.0,33.0,22.0,0.0,2.0,224.0,102.0,88.0,41.0,8.0,26.0,21.0,3.0,3,0,0.2408026755852842,0.2408026755852842,1.5050167224080266,0.963210702341137,30.52173913043478,1.9866220735785955,1.3244147157190636,0.0,0.1204013377926421,13.484949832775918,6.1404682274247495,5.297658862876254,2.468227424749164,0.4816053511705685,1.565217391304348,1.2642140468227423,0.1806020066889632,0.1806020066889632,0.0,64.0,45.535714285714285,46.590909090909086,0,2.440581233966322,0
331369,Ángel Pérez,2025,M,140,La Liga,542,Alaves,1290.0,16,6.732093023255814,74.52229299363057,1.0,3.0,6.0,4.0,471.0,24.0,15.0,1.0,9.0,124.0,53.0,47.0,20.0,13.0,17.0,16.0,6.0,4,0,0.0697674418604651,0.2093023255813953,0.4186046511627906,0.2790697674418604,32.86046511627907,1.6744186046511629,1.0465116279069768,0.0697674418604651,0.627906976744186,8.651162790697674,3.697674418604651,3.2790697674418605,1.3953488372093024,0.9069767441860463,1.1860465116279069,1.1162790697674418,0.4186046511627906,0.2790697674418604,0.0,66.66666666666666,42.74193548387097,42.5531914893617,0,2.3210825331502627,0
332308,Unai Gómez,2025,M,140,La Liga,531,Athletic Club,949.0,26,6.489029535864979,75.67567567567568,1.0,1.0,18.0,7.0,222.0,8.0,14.0,1.0,1.0,110.0,42.0,15.0,6.0,7.0,6.0,12.0,4.0,1,0,0.0948366701791359,0.0948366701791359,1.7070600632244468,0.6638566912539515,21.053740779768177,0.7586933614330874,1.327713382507903,0.0948366701791359,0.0948366701791359,10.432033719704952,3.983140147523709,1.4225500526870392,0.5690200210748156,0.6638566912539515,0.5690200210748156,1.1380400421496313,0.3793466807165437,0.0948366701791359,0.0,38.88888888888889,38.18181818181819,40.0,0,2.8470894045053603,0
334035,Samuel Amo-Ameyaw,2025,M,61,Ligue 1,95,Strasbourg,1050.0,25,6.863679694947569,88.88888888888889,2.0,2.0,11.0,5.0,414.0,13.0,21.0,0.0,3.0,149.0,75.0,55.0,28.0,13.0,26.0,15.0,2.0,2,0,0.1714285714285714,0.1714285714285714,0.9428571428571428,0.4285714285714286,35.48571428571429,1.1142857142857143,1.8,0.0,0.2571428571428571,12.77142857142857,6.428571428571428,4.714285714285714,2.4000000000000004,1.1142857142857143,2.2285714285714286,1.2857142857142856,0.1714285714285714,0.1714285714285714,0.0,45.45454545454545,50.33557046979866,50.90909090909091,0,2.223489027589737,1
335056,Diego Moreira,2025,M,61,Ligue 1,95,Strasbourg,2041.0,27,7.03047525722685,81.34878819810326,4.0,6.0,18.0,11.0,949.0,38.0,44.0,4.0,21.0,259.0,121.0,86.0,36.0,30.0,27.0,18.0,8.0,4,0,0.1763841254287114,0.2645761881430671,0.7937285644292015,0.4850563449289564,41.847133757961785,1.6756491915727585,1.940225379715825,0.1763841254287114,0.926016658500735,11.420872121509063,5.335619794218521,3.792258696717296,1.587457128858403,1.3228809407153357,1.190592846643802,0.7937285644292015,0.3527682508574228,0.1763841254287114,0.0,61.11111111111112,46.71814671814672,41.86046511627907,0,1.962602313046737,1
338751,Victor Muñoz,2025,M,140,La Liga,727,Osasuna,2668.0,34,6.905659670164917,80.73836276083468,6.0,2.0,56.0,31.0,623.0,27.0,22.0,0.0,9.0,404.0,167.0,178.0,75.0,18.0,54.0,32.0,5.0,3,0,0.2023988005997001,0.0674662668665667,1.889055472263868,1.0457271364317842,21.01574212893553,0.9107946026986506,0.7421289355322339,0.0,0.3035982008995502,13.628185907046475,5.633433283358321,6.004497751124437,2.529985007496252,0.6071964017991005,1.8215892053973013,1.0794602698650675,0.1686656671664168,0.10119940029985,0.0,55.35714285714286,41.336633663366335,42.13483146067416,0,3.289778736034053,1
339105,Joel Roca,2025,M,140,La Liga,547,Girona,1482.0,32,6.721997300944669,83.42105263157895,3.0,1.0,31.0,16.0,381.0,16.0,23.0,1.0,2.0,238.0,110.0,89.0,37.0,15.0,45.0,13.0,4.0,4,1,0.1821862348178137,0.0607287449392712,1.8825910931174088,0.97165991902834,23.137651821862345,0.97165991902834,1.3967611336032388,0.0607287449392712,0.1214574898785425,14.453441295546558,6.680161943319838,5.4048582995951415,2.246963562753036,0.9109311740890688,2.7327935222672064,0.7894736842105263,0.242914979757085,0.242914979757085,0.0607287449392712,51.61290322580645,46.21848739495798,41.57303370786517,0,3.363506936283189,1
339887,Can Uzun,2025,M,78,Bundesliga,169,Eintracht Frankfurt,1172.0,21,7.434300341296928,81.61888701517707,8.0,4.0,30.0,19.0,593.0,20.0,15.0,2.0,2.0,138.0,63.0,40.0,16.0,9.0,26.0,15.0,0.0,3,0,0.6143344709897611,0.3071672354948805,2.303754266211604,1.4590443686006824,45.537542662116046,1.5358361774744027,1.151877133105802,0.1535836177474402,0.1535836177474402,10.59726962457338,4.837883959044369,3.0716723549488054,1.2286689419795225,0.6911262798634812,1.9965870307167235,1.151877133105802,0.0,0.2303754266211604,0.0,63.33333333333333,45.65217391304348,40.0,0,2.269403924518808,0
340573,Bilal El Khannouss,2025,M,78,Bundesliga,172,VfB Stuttgart,1634.0,25,7.041126070991432,79.34322033898306,4.0,5.0,26.0,15.0,944.0,45.0,28.0,3.0,10.0,147.0,75.0,32.0,18.0,7.0,9.0,19.0,1.0,6,0,0.2203182374541003,0.2753977968176255,1.4320685434516525,0.8261933904528764,51.995104039167686,2.478580171358629,1.5422276621787023,0.1652386780905752,0.550795593635251,8.096695226438188,4.130966952264382,1.7625458996328027,0.9914320685434516,0.3855569155446756,0.4957160342717258,1.0465116279069768,0.055079559363525,0.3304773561811505,0.0,57.692307692307686,51.02040816326531,56.25,0,3.07265288876332,0
340626,Fermín López,2025,M,140,La Liga,529,Barcelona,1797.0,30,7.160656649972176,87.5140607424072,6.0,9.0,55.0,25.0,889.0,34.0,48.0,0.0,7.0,244.0,120.0,79.0,44.0,21.0,20.0,34.0,5.0,3,0,0.3005008347245409,0.4507512520868113,2.7545909849749584,1.2520868113522536,44.524207011686144,1.702838063439065,2.404006677796328,0.0,0.350584307178631,12.220367278797998,6.010016694490818,3.956594323873122,2.2036727879799667,1.0517529215358932,1.001669449081803,1.702838063439065,0.2504173622704507,0.1502504173622704,0.0,45.45454545454545,49.18032786885246,55.69620253164557,0,3.313999499192448,0
341371,Rodrigo Mendoza,2025,M,140,La Liga,530,Atletico Madrid,1231.0,24,6.652152721364744,85.51401869158879,1.0,1.0,10.0,4.0,642.0,15.0,16.0,2.0,4.0,161.0,64.0,35.0,18.0,8.0,23.0,30.0,2.0,6,0,0.0731112916328188,0.0731112916328188,0.7311129163281884,0.2924451665312754,46.937449228269706,1.0966693744922826,1.1697806661251016,0.1462225832656377,0.2924451665312754,11.770917952883837,4.679122664500406,2.55889520714866,1.3160032493907392,0.5848903330625508,1.6815597075548334,2.1933387489845653,0.1462225832656377,0.4386677497969131,0.0,40.0,39.75155279503105,51.42857142857142,0,1.8532505418390817,0
341453,Oso,2025,M,140,La Liga,536,Sevilla,1409.0,21,6.823366477272728,75.51020408163265,2.0,3.0,13.0,8.0,441.0,21.0,27.0,3.0,7.0,144.0,75.0,31.0,17.0,15.0,16.0,12.0,4.0,1,0,0.127750177430802,0.1916252661462029,0.830376153300213,0.511000709723208,28.16891412349184,1.3413768630234209,1.7246273953158269,0.1916252661462029,0.4471256210078069,9.198012775017745,4.790631653655074,1.9801277501774308,1.085876508161817,0.9581263307310148,1.022001419446416,0.7665010645848119,0.255500354861604,0.063875088715401,0.0,61.53846153846154,52.083333333333336,54.83870967741935,0,1.902441145560804,0
343205,Mario Martín,2025,M,140,La Liga,546,Getafe,2135.0,35,6.441826697892271,72.93497363796133,2.0,1.0,15.0,6.0,569.0,8.0,56.0,5.0,16.0,444.0,177.0,35.0,13.0,31.0,34.0,72.0,4.0,11,0,0.0843091334894613,0.0421545667447306,0.6323185011709602,0.2529274004683841,23.985948477751755,0.3372365339578454,2.360655737704918,0.2107728337236534,0.6744730679156908,18.716627634660423,7.461358313817331,1.475409836065574,0.5480093676814989,1.3067915690866512,1.4332552693208434,3.0351288056206087,0.1686182669789227,0.4637002341920375,0.0,40.0,39.86486486486486,37.142857142857146,0,4.153144311170866,1
345388,Afonso Moreira,2025,M,61,Ligue 1,80,Lyon,1724.0,27,7.1619268717353455,80.84714548802947,4.0,7.0,31.0,14.0,543.0,33.0,33.0,0.0,13.0,270.0,122.0,70.0,24.0,11.0,57.0,27.0,4.0,3,0,0.2088167053364269,0.3654292343387471,1.6183294663573085,0.7308584686774942,28.34686774941996,1.722737819025522,1.722737819025522,0.0,0.6786542923433875,14.095127610208817,6.368909512761022,3.654292343387471,1.2529002320185614,0.574245939675174,2.975638051044084,1.4095127610208815,0.2088167053364269,0.1566125290023201,0.0,45.16129032258064,45.18518518518518,34.285714285714285,0,2.514084840102726,1
347644,Arthur Atta,2025,M,135,Serie A,494,Udinese,2563.0,32,6.940616465079984,83.15688161693936,5.0,3.0,38.0,20.0,1039.0,34.0,27.0,1.0,19.0,322.0,141.0,120.0,63.0,16.0,32.0,23.0,8.0,3,0,0.1755754974639094,0.1053452984783456,1.334373780725712,0.7023019898556379,36.48458837300039,1.1939133827545845,0.9481076863051112,0.0351150994927818,0.667186890362856,11.30706203667577,4.951229028482247,4.213811939133827,2.2122512680452595,0.5618415918845103,1.1236831837690209,0.8076472883339836,0.2809207959422551,0.1053452984783456,0.0,52.63157894736842,43.7888198757764,52.5,0,1.6189958731667815,0
349001,Wesley,2025,M,135,Serie A,497,AS Roma,2457.0,30,7.034391534391534,80.05836575875487,5.0,0.0,20.0,13.0,1028.0,33.0,53.0,5.0,23.0,317.0,149.0,60.0,14.0,30.0,57.0,36.0,2.0,7,2,0.1831501831501831,0.0,0.7326007326007326,0.4761904761904761,37.65567765567766,1.208791208791209,1.9413919413919407,0.1831501831501831,0.8424908424908425,11.611721611721611,5.457875457875458,2.197802197802198,0.5128205128205129,1.098901098901099,2.087912087912088,1.3186813186813189,0.0732600732600732,0.2564102564102564,0.0732600732600732,65.0,47.003154574132495,23.33333333333333,0,1.8955796963260636,1
350037,Nico Paz,2025,M,135,Serie A,895,Como,2884.0,35,7.34264909847434,82.78335724533716,12.0,6.0,86.0,48.0,1394.0,51.0,91.0,3.0,28.0,439.0,230.0,125.0,69.0,36.0,41.0,53.0,0.0,5,0,0.3744798890429958,0.1872399445214979,2.6837725381414703,1.4979195561719834,43.50208044382802,1.5915395284327325,2.8398058252427183,0.0936199722607489,0.8737864077669902,13.699722607489596,7.177531206657421,3.900832177531207,2.1532593619972262,1.1234396671289877,1.279472954230236,1.6539528432732316,0.0,0.1560332871012482,0.0,55.81395348837209,52.391799544419136,55.2,0,3.571947456067714,1
359386,Martial Godo,2025,M,61,Ligue 1,95,Strasbourg,1613.0,28,7.094606323620584,83.18181818181817,10.0,1.0,31.0,17.0,441.0,24.0,16.0,1.0,14.0,160.0,76.0,54.0,24.0,9.0,32.0,15.0,11.0,2,0,0.5579665220086795,0.0557966522008679,1.7296962182269062,0.948543087414755,24.606323620582764,1.339119652820831,0.8927464352138871,0.0557966522008679,0.7811531308121512,8.927464352138871,4.240545567265964,3.013019218846869,1.339119652820831,0.5021698698078115,1.7854928704277742,0.8369497830130191,0.6137631742095474,0.1115933044017358,0.0,54.83870967741935,47.5,44.44444444444444,0,1.7224864873478245,0
368030,Eli Junior Kroupi,2025,M,39,Premier League,35,Bournemouth,1690.0,33,6.801657785671996,76.34408602150538,13.0,0.0,33.0,22.0,467.0,22.0,9.0,0.0,9.0,142.0,44.0,37.0,15.0,8.0,12.0,27.0,6.0,5,0,0.6923076923076923,0.0,1.757396449704142,1.1715976331360949,24.8698224852071,1.1715976331360949,0.4792899408284023,0.0,0.4792899408284023,7.562130177514793,2.3431952662721893,1.970414201183432,0.7988165680473372,0.4260355029585799,0.6390532544378698,1.4378698224852071,0.3195266272189349,0.2662721893491124,0.0,66.66666666666666,30.985915492957744,40.54054054054054,0,2.896074735977608,0
375990,Pathé Mboup,2025,M,61,Ligue 1,106,Stade Brestois 29,1069.0,28,6.517338331771322,79.42386831275721,1.0,0.0,20.0,10.0,244.0,9.0,20.0,2.0,11.0,224.0,81.0,75.0,32.0,17.0,19.0,34.0,5.0,6,0,0.0841908325537885,0.0,1.6838166510757715,0.8419083255378859,20.54256314312441,0.7577174929840974,1.6838166510757715,0.1683816651075771,0.9260991580916744,18.858746492048645,6.819457436856875,6.314312441534144,2.694106641721235,1.431244153414406,1.5996258185219832,2.862488306828812,0.4209541627689429,0.5051449953227315,0.0,50.0,36.160714285714285,42.66666666666667,0,4.3515068554296645,1
380978,Assan Ouédraogo,2025,M,78,Bundesliga,173,RB Leipzig,974.0,19,7.071531346351491,83.44594594594594,4.0,3.0,19.0,13.0,297.0,14.0,8.0,3.0,3.0,98.0,50.0,26.0,14.0,3.0,22.0,4.0,1.0,0,0,0.3696098562628337,0.2772073921971252,1.75564681724846,1.2012320328542094,27.4435318275154,1.2936344969199178,0.7392197125256674,0.2772073921971252,0.2772073921971252,9.055441478439423,4.620123203285421,2.402464065708419,1.2936344969199178,0.2772073921971252,2.0328542094455853,0.3696098562628337,0.0924024640657084,0.0,0.0,68.42105263157895,51.02040816326531,53.84615384615385,0,1.9442993041440173,0
382452,Patrick Dorgu,2025,M,39,Premier League,33,Manchester United,1461.0,26,7.102739726027397,76.49402390438247,4.0,4.0,21.0,12.0,505.0,27.0,48.0,3.0,15.0,274.0,149.0,39.0,11.0,16.0,47.0,23.0,7.0,5,0,0.2464065708418891,0.2464065708418891,1.2936344969199178,0.7392197125256674,31.1088295687885,1.6632443531827514,2.9568788501026697,0.1848049281314168,0.924024640657084,16.878850102669407,9.17864476386037,2.402464065708419,0.6776180698151951,0.9856262833675564,2.8952772073921973,1.4168377823408622,0.4312114989733059,0.3080082135523614,0.0,57.14285714285714,54.379562043795616,28.205128205128204,0,3.765088750569234,1
383018,Marco Palestra,2025,M,135,Serie A,490,Cagliari,3084.0,37,7.057101167315175,85.12110726643598,1.0,4.0,20.0,7.0,867.0,33.0,55.0,3.0,20.0,416.0,248.0,135.0,70.0,20.0,108.0,41.0,8.0,3,0,0.0291828793774319,0.1167315175097276,0.5836575875486382,0.2042801556420233,25.301556420233464,0.9630350194552528,1.6050583657587547,0.0875486381322957,0.5836575875486382,12.140077821011673,7.237354085603114,3.939688715953307,2.0428015564202333,0.5836575875486382,3.151750972762646,1.196498054474708,0.2334630350194552,0.0875486381322957,0.0,35.0,59.61538461538461,51.85185185185185,0,3.0908322117007243,1
383685,Yankuba Minteh,2025,M,39,Premier League,51,Brighton,2398.0,34,6.8860717264387,67.93650793650794,3.0,4.0,26.0,11.0,630.0,46.0,56.0,0.0,17.0,336.0,162.0,121.0,65.0,21.0,22.0,32.0,10.0,3,0,0.1125938281901584,0.1501251042535446,0.97581317764804,0.4128440366972477,23.64470391993328,1.7264386989157632,2.1017514595496247,0.0,0.6380316930775647,12.610508757297747,6.080066722268557,4.541284403669725,2.4395329441201,0.7881567973311092,0.8256880733944955,1.201000834028357,0.3753127606338615,0.1125938281901584,0.0,42.30769230769231,48.21428571428572,53.71900826446281,0,2.347628700029716,1
386828,Lamine Yamal,2025,M,140,La Liga,529,Barcelona,2268.0,28,7.985978835978837,81.0229799851742,16.0,11.0,85.0,37.0,1349.0,72.0,36.0,0.0,9.0,418.0,223.0,244.0,135.0,11.0,52.0,28.0,14.0,1,0,0.6349206349206349,0.4365079365079365,3.373015873015873,1.468253968253968,53.53174603174603,2.8571428571428568,1.4285714285714284,0.0,0.3571428571428571,16.587301587301585,8.849206349206348,9.682539682539682,5.357142857142857,0.4365079365079365,2.063492063492064,1.1111111111111112,0.5555555555555556,0.0396825396825396,0.0,43.52941176470589,53.34928229665071,55.32786885245902,0,7.250818220781179,0
387643,Bazoumana Touré,2025,M,78,Bundesliga,167,1899 Hoffenheim,2325.0,30,6.904989247311828,75.98187311178248,5.0,9.0,33.0,13.0,662.0,46.0,34.0,2.0,6.0,359.0,152.0,112.0,48.0,12.0,29.0,44.0,8.0,2,0,0.1935483870967742,0.3483870967741935,1.2774193548387098,0.5032258064516129,25.625806451612902,1.780645161290323,1.3161290322580643,0.0774193548387096,0.232258064516129,13.896774193548389,5.883870967741936,4.335483870967742,1.8580645161290323,0.4645161290322581,1.1225806451612903,1.7032258064516128,0.3096774193548387,0.0774193548387096,0.0,39.39393939393939,42.33983286908078,42.85714285714285,0,1.9983064097043173,1
388779,Dehmaine Tabibou,2025,M,61,Ligue 1,83,Nantes,1282.0,27,6.753510140405617,74.0,1.0,0.0,19.0,7.0,401.0,20.0,30.0,0.0,17.0,160.0,80.0,37.0,20.0,11.0,20.0,23.0,0.0,4,1,0.0702028081123244,0.0,1.3338533541341655,0.4914196567862715,28.151326053042123,1.40405616224649,2.1060842433697347,0.0,1.1934477379095163,11.23244929797192,5.61622464898596,2.5975039001560063,1.40405616224649,0.7722308892355695,1.40405616224649,1.6146645865834637,0.0,0.2808112324492979,0.0702028081123244,36.84210526315789,50.0,54.054054054054056,0,1.958418179940512,1
389315,Joshua King,2025,M,39,Premier League,36,Fulham,1310.0,32,6.643206106870229,79.82708933717579,1.0,2.0,21.0,11.0,347.0,15.0,27.0,5.0,3.0,153.0,76.0,37.0,16.0,8.0,30.0,13.0,3.0,4,0,0.0687022900763358,0.1374045801526717,1.4427480916030535,0.7557251908396947,23.83969465648855,1.0305343511450382,1.8549618320610688,0.3435114503816793,0.2061068702290076,10.51145038167939,5.221374045801527,2.541984732824428,1.099236641221374,0.549618320610687,2.0610687022900764,0.8931297709923665,0.2061068702290076,0.2748091603053435,0.0,52.38095238095239,49.673202614379086,43.24324324324324,0,1.682347384384128,1
391822,Fer López,2025,M,140,La Liga,538,Celta Vigo,1410.0,26,6.776808510638299,84.35672514619883,1.0,2.0,11.0,6.0,684.0,16.0,21.0,2.0,8.0,172.0,74.0,44.0,24.0,14.0,22.0,30.0,1.0,4,0,0.0638297872340425,0.1276595744680851,0.7021276595744681,0.3829787234042553,43.659574468085104,1.021276595744681,1.3404255319148937,0.1276595744680851,0.5106382978723405,10.97872340425532,4.723404255319149,2.8085106382978724,1.5319148936170213,0.8936170212765958,1.4042553191489362,1.9148936170212765,0.0638297872340425,0.2553191489361702,0.0,54.54545454545454,43.02325581395349,54.54545454545454,0,1.7027063026593514,1
400948,Assane Diao,2025,M,135,Serie A,895,Como,1089.0,17,6.786409550045914,79.93827160493827,2.0,1.0,17.0,10.0,324.0,9.0,16.0,1.0,4.0,195.0,90.0,69.0,27.0,3.0,39.0,15.0,3.0,2,0,0.1652892561983471,0.0826446280991735,1.4049586776859504,0.8264462809917356,26.77685950413224,0.743801652892562,1.322314049586777,0.0826446280991735,0.3305785123966942,16.115702479338843,7.43801652892562,5.702479338842975,2.231404958677686,0.2479338842975206,3.2231404958677685,1.2396694214876034,0.2479338842975206,0.1652892561983471,0.0,58.82352941176471,46.15384615384615,39.130434782608695,0,4.007346155715777,1
406244,Johan Manzambi,2025,M,78,Bundesliga,160,SC Freiburg,2094.0,27,7.225119388729704,84.36170212765958,5.0,4.0,37.0,13.0,940.0,19.0,35.0,2.0,27.0,304.0,179.0,63.0,33.0,19.0,78.0,22.0,2.0,4,2,0.2148997134670487,0.1719197707736389,1.5902578796561606,0.5587392550143266,40.40114613180516,0.8166189111747851,1.504297994269341,0.0859598853868194,1.1604584527220632,13.065902578796562,7.693409742120345,2.707736389684813,1.4183381088825215,0.8166189111747851,3.35243553008596,0.9455587392550142,0.0859598853868194,0.1719197707736389,0.0859598853868194,35.13513513513514,58.88157894736842,52.38095238095239,0,3.35113900476179,1
407806,Rayan,2025,M,39,Premier League,35,Bournemouth,1119.0,15,6.9603217158176935,78.30188679245283,5.0,2.0,17.0,8.0,318.0,14.0,11.0,0.0,8.0,135.0,55.0,34.0,13.0,9.0,6.0,9.0,1.0,1,0,0.4021447721179624,0.1608579088471849,1.3672922252010724,0.6434316353887399,25.576407506702417,1.126005361930295,0.8847184986595175,0.0,0.6434316353887399,10.857908847184987,4.423592493297587,2.734584450402145,1.0455764075067024,0.7238605898123325,0.4825737265415549,0.7238605898123325,0.0804289544235924,0.0804289544235924,0.0,47.05882352941176,40.74074074074074,38.23529411764706,0,2.1671643491739867,0
409216,Senny Mayulu,2025,M,61,Ligue 1,85,Paris Saint Germain,1681.0,26,6.843367043426532,89.17861799217731,4.0,4.0,29.0,11.0,767.0,39.0,48.0,1.0,11.0,192.0,92.0,41.0,16.0,9.0,20.0,26.0,1.0,2,0,0.214158239143367,0.214158239143367,1.552647233789411,0.5889351576442594,41.06484235574063,2.088042831647829,2.5698988697204044,0.0535395597858417,0.5889351576442594,10.279595478881618,4.925639500297442,2.1951219512195124,0.8566329565734682,0.4818560380725758,1.0707911957168352,1.3920285544318858,0.0535395597858417,0.1070791195716835,0.0,37.93103448275862,47.91666666666667,39.02439024390244,0,2.2616511749810244,0
443162,Jesús Rodriguez,2025,M,135,Serie A,895,Como,1734.0,31,6.921049596309112,79.60526315789474,2.0,9.0,36.0,12.0,456.0,36.0,26.0,0.0,5.0,243.0,112.0,99.0,41.0,10.0,32.0,25.0,3.0,3,1,0.1038062283737024,0.4671280276816609,1.868512110726644,0.6228373702422145,23.66782006920415,1.868512110726644,1.3494809688581315,0.0,0.2595155709342561,12.612456747404844,5.813148788927335,5.13840830449827,2.1280276816609,0.5190311418685122,1.6608996539792389,1.2975778546712802,0.1557093425605536,0.1557093425605536,0.0519031141868512,33.33333333333333,46.09053497942387,41.41414141414141,0,2.3323979418047,0
449249,Franco Mastantuono,2025,M,140,La Liga,541,Real Madrid,1049.0,23,6.768922783603431,90.04065040650406,1.0,0.0,24.0,7.0,492.0,16.0,20.0,0.0,3.0,177.0,80.0,54.0,25.0,17.0,30.0,18.0,1.0,5,1,0.0857959961868446,0.0,2.059103908484271,0.6005719733079123,42.21163012392755,1.3727359389895135,1.7159199237368925,0.0,0.2573879885605338,15.185891325071497,6.863679694947569,4.6329837940896095,2.1448999046711155,1.4585319351763584,2.573879885605338,1.544327931363203,0.0857959961868446,0.428979980934223,0.0857959961868446,29.166666666666668,45.19774011299435,46.2962962962963,0,2.92813941192236,1
491248,Jan Virgili,2025,M,140,La Liga,798,Mallorca,1804.0,31,6.633314855875832,75.67567567567568,2.0,4.0,21.0,16.0,407.0,30.0,15.0,2.0,7.0,258.0,104.0,113.0,51.0,15.0,24.0,22.0,2.0,0,1,0.0997782705099778,0.1995565410199556,1.0476718403547671,0.7982261640798226,20.304878048780488,1.496674057649667,0.7483370288248337,0.0997782705099778,0.3492239467849224,12.87139689578714,5.188470066518847,5.637472283813747,2.5443458980044347,0.7483370288248337,1.197339246119734,1.0975609756097562,0.0997782705099778,0.0,0.0498891352549889,76.19047619047619,40.310077519379846,45.13274336283185,0,2.82160492261846,1
494131,Lennart Karl,2025,M,78,Bundesliga,157,Bayern München,1282.0,26,6.800546875,85.90686274509804,5.0,5.0,37.0,21.0,816.0,24.0,25.0,2.0,14.0,161.0,59.0,66.0,22.0,22.0,11.0,5.0,4.0,1,0,0.3510140405616225,0.3510140405616225,2.5975039001560063,1.4742589703588145,57.28549141965679,1.684867394695788,1.7550702028081124,0.1404056162246489,0.982839313572543,11.302652106084242,4.141965678627145,4.633385335413417,1.544461778471139,1.544461778471139,0.7722308892355695,0.3510140405616225,0.2808112324492979,0.0702028081123244,0.0,56.75675675675676,36.64596273291926,33.33333333333333,0,3.556401399564624,0
579287,Kareem Tunde,2025,M,140,La Liga,539,Levante,1151.0,21,6.501739130434783,76.88888888888889,0.0,1.0,15.0,3.0,225.0,6.0,23.0,0.0,14.0,147.0,73.0,32.0,15.0,6.0,23.0,16.0,1.0,3,0,0.0,0.0781928757602085,1.1728931364031276,0.2345786272806255,17.593397046046917,0.4691572545612511,1.798436142484796,0.0,1.0947002606429193,11.49435273675065,5.708079930495222,2.5021720243266725,1.1728931364031276,0.4691572545612511,1.798436142484796,1.2510860121633365,0.0781928757602085,0.2345786272806255,0.0,20.0,49.65986394557823,46.875,0,2.5780143851515893,1
