player_id,player_name,archetype_key,archetype_name,feature,weight,raw_value,percentile
5,Manuel Akanji,positional_cb,Positional Center Back,pass_accuracy_pct,0.25,92.078,84.5
33,Lucas Hernández,positional_cb,Positional Center Back,pass_accuracy_pct,0.25,91.809,81.2
68,Clinton Mata,positional_cb,Positional Center Back,pass_accuracy_pct,0.25,90.657,70.0
131,Jorge Cuenca,positional_cb,Positional Center Back,pass_accuracy_pct,0.25,88.339,39.9
133,Clément Lenglet,positional_cb,Positional Center Back,pass_accuracy_pct,0.25,87.866,35.7
138,Jean-Clair Todibo,positional_cb,Positional Center Back,pass_accuracy_pct,0.25,87.324,31.0
166,Juan Foyth,positional_cb,Positional Center Back,pass_accuracy_pct,0.25,89.576,54.5
257,Marquinhos,positional_cb,Positional Center Back,pass_accuracy_pct,0.25,95.096,98.1
290,Virgil van Dijk,positional_cb,Positional Center Back,pass_accuracy_pct,0.25,89.096,48.4
319,Sebastiano Luperto,positional_cb,Positional Center Back,pass_accuracy_pct,0.25,88.221,39.0
375,Chancel Mbemba,positional_cb,Positional Center Back,pass_accuracy_pct,0.25,91.843,81.7
531,Daley Blind,positional_cb,Positional Center Back,pass_accuracy_pct,0.25,89.369,51.2
532,Matthijs de Ligt,positional_cb,Positional Center Back,pass_accuracy_pct,0.25,87.745,34.3
567,Rúben Dias,positional_cb,Positional Center Back,pass_accuracy_pct,0.25,92.979,91.5
622,Aymeric Laporte,positional_cb,Positional Center Back,pass_accuracy_pct,0.25,89.159,48.8
734,Adrián de la Fuente,positional_cb,Positional Center Back,pass_accuracy_pct,0.25,82.001,3.3
833,Jaka Bijol,positional_cb,Positional Center Back,pass_accuracy_pct,0.25,84.921,8.9
885,Eric Bailly,positional_cb,Positional Center Back,pass_accuracy_pct,0.25,85.409,11.3
889,Victor Lindelöf,positional_cb,Positional Center Back,pass_accuracy_pct,0.25,94.21,94.8
972,Jonathan Tah,positional_cb,Positional Center Back,pass_accuracy_pct,0.25,96.361,100.0
1084,Marin Pongračić,positional_cb,Positional Center Back,pass_accuracy_pct,0.25,91.636,77.9
1145,Ibrahima Konaté,positional_cb,Positional Center Back,pass_accuracy_pct,0.25,89.571,54.0
1148,Willi Orbán,positional_cb,Positional Center Back,pass_accuracy_pct,0.25,89.664,55.4
1149,Dayot Upamecano,positional_cb,Positional Center Back,pass_accuracy_pct,0.25,92.602,87.3
1291,Denis Vavro,positional_cb,Positional Center Back,pass_accuracy_pct,0.25,86.73,27.7
1314,Amir Rrahmani,positional_cb,Positional Center Back,pass_accuracy_pct,0.25,92.285,85.9
1445,Konstantinos Mavropanos,positional_cb,Positional Center Back,pass_accuracy_pct,0.25,82.449,3.8
1567,Aïssa Mandi,positional_cb,Positional Center Back,pass_accuracy_pct,0.25,91.903,82.6
1632,Alessio Romagnoli,positional_cb,Positional Center Back,pass_accuracy_pct,0.25,93.253,93.0
1807,Evan Ndicka,positional_cb,Positional Center Back,pass_accuracy_pct,0.25,90.575,68.1
1836,Francesco Acerbi,positional_cb,Positional Center Back,pass_accuracy_pct,0.25,94.893,96.7
1902,Duje Ćaleta-Car,positional_cb,Positional Center Back,pass_accuracy_pct,0.25,90.581,68.5
1929,Jhon Lucumí,positional_cb,Positional Center Back,pass_accuracy_pct,0.25,89.568,53.5
2278,Marcos Alonso,positional_cb,Positional Center Back,pass_accuracy_pct,0.25,90.164,61.5
2285,Antonio Rüdiger,positional_cb,Positional Center Back,pass_accuracy_pct,0.25,93.089,92.5
2467,Lisandro Martínez,positional_cb,Positional Center Back,pass_accuracy_pct,0.25,89.883,57.7
2484,Yerry Mina,positional_cb,Positional Center Back,pass_accuracy_pct,0.25,91.507,77.0
2725,Benjamin Pavard,positional_cb,Positional Center Back,pass_accuracy_pct,0.25,91.439,75.6
2729,Joachim Andersen,positional_cb,Positional Center Back,pass_accuracy_pct,0.25,86.066,19.2
2803,Nico Elvedi,positional_cb,Positional Center Back,pass_accuracy_pct,0.25,91.978,83.6
2817,Nikola Milenković,positional_cb,Positional Center Back,pass_accuracy_pct,0.25,86.606,26.8
2897,Kim Min-jae,positional_cb,Positional Center Back,pass_accuracy_pct,0.25,94.997,97.2
2915,Matthias Ginter,positional_cb,Positional Center Back,pass_accuracy_pct,0.25,87.465,32.4
2934,Michael Keane,positional_cb,Positional Center Back,pass_accuracy_pct,0.25,85.494,12.2
2935,Harry Maguire,positional_cb,Positional Center Back,pass_accuracy_pct,0.25,86.101,19.7
2936,James Tarkowski,positional_cb,Positional Center Back,pass_accuracy_pct,0.25,80.656,1.9
6168,Omar Alderete,positional_cb,Positional Center Back,pass_accuracy_pct,0.25,81.058,2.3
6231,Facundo Medina,positional_cb,Positional Center Back,pass_accuracy_pct,0.25,91.371,74.6
8486,Eric Smith,positional_cb,Positional Center Back,pass_accuracy_pct,0.25,84.741,8.5
8694,Wout Faes,positional_cb,Positional Center Back,pass_accuracy_pct,0.25,92.967,91.1
14329,Ardian Ismajli,positional_cb,Positional Center Back,pass_accuracy_pct,0.25,88.562,43.7
15793,Rasmus Nicolaisen,positional_cb,Positional Center Back,pass_accuracy_pct,0.25,86.42,23.9
16367,Willian Pacho,positional_cb,Positional Center Back,pass_accuracy_pct,0.25,95.038,97.7
18744,Max Kilman,positional_cb,Positional Center Back,pass_accuracy_pct,0.25,88.047,36.6
18797,Christian Kabasele,positional_cb,Positional Center Back,pass_accuracy_pct,0.25,88.452,41.3
18963,Lewis Dunk,positional_cb,Positional Center Back,pass_accuracy_pct,0.25,92.289,86.4
18967,Leo Østigård,positional_cb,Positional Center Back,pass_accuracy_pct,0.25,88.948,46.5
19179,Tyrone Mings,positional_cb,Positional Center Back,pass_accuracy_pct,0.25,89.936,59.2
19182,Axel Tuanzebe,positional_cb,Positional Center Back,pass_accuracy_pct,0.25,84.534,7.5
19209,Fikayo Tomori,positional_cb,Positional Center Back,pass_accuracy_pct,0.25,90.197,62.4
19263,Lloyd Kelly,positional_cb,Positional Center Back,pass_accuracy_pct,0.25,88.933,46.0
19321,Joe Rodon,positional_cb,Positional Center Back,pass_accuracy_pct,0.25,87.379,31.5
19354,Ezri Konsa,positional_cb,Positional Center Back,pass_accuracy_pct,0.25,95.461,98.6
19495,Nathan Collins,positional_cb,Positional Center Back,pass_accuracy_pct,0.25,83.076,4.7
19518,Maxime Colin,positional_cb,Positional Center Back,pass_accuracy_pct,0.25,89.297,50.7
19720,Trevoh Chalobah,positional_cb,Positional Center Back,pass_accuracy_pct,0.25,93.035,92.0
20546,Brendan Chardonnet,positional_cb,Positional Center Back,pass_accuracy_pct,0.25,84.0,6.1
20656,Enzo Ebosse,positional_cb,Positional Center Back,pass_accuracy_pct,0.25,89.722,56.3
20869,Samir Sophian Chergui,positional_cb,Positional Center Back,pass_accuracy_pct,0.25,90.018,60.1
21090,Diego Carlos,positional_cb,Positional Center Back,pass_accuracy_pct,0.25,92.879,90.6
21381,Jordan Lefort,positional_cb,Positional Center Back,pass_accuracy_pct,0.25,86.594,26.3
21694,Nayef Aguerd,positional_cb,Positional Center Back,pass_accuracy_pct,0.25,92.666,88.3
21998,Axel Disasi,positional_cb,Positional Center Back,pass_accuracy_pct,0.25,86.549,25.8
22090,William Saliba,positional_cb,Positional Center Back,pass_accuracy_pct,0.25,92.871,90.1
22094,Wesley Fofana,positional_cb,Positional Center Back,pass_accuracy_pct,0.25,92.093,85.0
22163,Dante,positional_cb,Positional Center Back,pass_accuracy_pct,0.25,90.377,65.3
22224,Gabriel Magalhães,positional_cb,Positional Center Back,pass_accuracy_pct,0.25,88.171,38.0
24899,Patrick Mainka,positional_cb,Positional Center Back,pass_accuracy_pct,0.25,87.075,29.1
24903,Robert Andrich,positional_cb,Positional Center Back,pass_accuracy_pct,0.25,90.102,60.6
24953,Yann Bisseck,positional_cb,Positional Center Back,pass_accuracy_pct,0.25,92.681,88.7
24961,Hauke Wahl,positional_cb,Positional Center Back,pass_accuracy_pct,0.25,86.335,22.5
25011,Amos Pieper,positional_cb,Positional Center Back,pass_accuracy_pct,0.25,85.63,14.1
25314,Marco Friedl,positional_cb,Positional Center Back,pass_accuracy_pct,0.25,88.976,46.9
25346,Jordan Torunarigha,positional_cb,Positional Center Back,pass_accuracy_pct,0.25,85.401,10.8
25368,Waldemar Anton,positional_cb,Positional Center Back,pass_accuracy_pct,0.25,89.852,57.3
25916,Moussa Niakhaté,positional_cb,Positional Center Back,pass_accuracy_pct,0.25,89.885,58.2
26238,Robin Koch,positional_cb,Positional Center Back,pass_accuracy_pct,0.25,91.772,80.3
26240,Philipp Lienhart,positional_cb,Positional Center Back,pass_accuracy_pct,0.25,90.369,64.3
26301,Marc Kempf,positional_cb,Positional Center Back,pass_accuracy_pct,0.25,89.28,49.8
30420,Enrico Delprato,positional_cb,Positional Center Back,pass_accuracy_pct,0.25,86.136,20.2
30421,Berat Djimsiti,positional_cb,Positional Center Back,pass_accuracy_pct,0.25,90.37,64.8
30497,Bremer,positional_cb,Positional Center Back,pass_accuracy_pct,0.25,89.505,53.1
31043,Kevin Diks,positional_cb,Positional Center Back,pass_accuracy_pct,0.25,89.415,52.1
31642,Luca Ranieri,positional_cb,Positional Center Back,pass_accuracy_pct,0.25,85.887,17.8
32893,Hiroki Itō,positional_cb,Positional Center Back,pass_accuracy_pct,0.25,91.089,72.8
36922,Sepp van den Berg,positional_cb,Positional Center Back,pass_accuracy_pct,0.25,88.537,43.2
37604,Sam Beukema,positional_cb,Positional Center Back,pass_accuracy_pct,0.25,91.399,75.1
37651,Jay Idzes,positional_cb,Positional Center Back,pass_accuracy_pct,0.25,90.12,61.0
38695,Jan Paul van Hecke,positional_cb,Positional Center Back,pass_accuracy_pct,0.25,87.143,29.8
38734,Sven Botman,positional_cb,Positional Center Back,pass_accuracy_pct,0.25,87.143,29.8
39254,Torbjørn Heggem,positional_cb,Positional Center Back,pass_accuracy_pct,0.25,91.722,79.3
41150,Edmond Tapsoba,positional_cb,Positional Center Back,pass_accuracy_pct,0.25,90.951,71.8
41606,Toti Gomes,positional_cb,Positional Center Back,pass_accuracy_pct,0.25,86.152,20.7
46733,Antonio Raíllo,positional_cb,Positional Center Back,pass_accuracy_pct,0.25,88.441,40.8
46738,Martin Valjent,positional_cb,Positional Center Back,pass_accuracy_pct,0.25,87.156,30.5
46815,Pau Torres,positional_cb,Positional Center Back,pass_accuracy_pct,0.25,89.032,47.9
46941,Unai Elgezabal,positional_cb,Positional Center Back,pass_accuracy_pct,0.25,85.086,9.4
46966,Dani Calvo,positional_cb,Positional Center Back,pass_accuracy_pct,0.25,90.597,69.0
47249,Leandro Cabrera,positional_cb,Positional Center Back,pass_accuracy_pct,0.25,80.304,0.9
47250,Djené,positional_cb,Positional Center Back,pass_accuracy_pct,0.25,78.742,0.5
47301,Robin Le Normand,positional_cb,Positional Center Back,pass_accuracy_pct,0.25,89.494,52.6
47378,Pedro Bigas,positional_cb,Positional Center Back,pass_accuracy_pct,0.25,88.689,44.6
47429,David Costas,positional_cb,Positional Center Back,pass_accuracy_pct,0.25,88.878,45.5
47478,Fernando Calero,positional_cb,Positional Center Back,pass_accuracy_pct,0.25,88.707,45.1
47533,Alejandro Catena,positional_cb,Positional Center Back,pass_accuracy_pct,0.25,85.546,13.1
47903,Hjalmar Ekdal,positional_cb,Positional Center Back,pass_accuracy_pct,0.25,85.272,10.3
47988,Carl Starfelt,positional_cb,Positional Center Back,pass_accuracy_pct,0.25,95.862,99.1
48142,Karol Mets,positional_cb,Positional Center Back,pass_accuracy_pct,0.25,85.75,15.0
48372,Eray Cömert,positional_cb,Positional Center Back,pass_accuracy_pct,0.25,85.84,17.4
48765,Joel Schmied,positional_cb,Positional Center Back,pass_accuracy_pct,0.25,87.699,33.8
50026,Chidozie Awaziem,positional_cb,Positional Center Back,pass_accuracy_pct,0.25,84.649,8.0
50030,Montassar Talbi,positional_cb,Positional Center Back,pass_accuracy_pct,0.25,89.204,49.3
50735,Mark McKenzie,positional_cb,Positional Center Back,pass_accuracy_pct,0.25,86.379,23.5
56473,Matteo Gabbia,positional_cb,Positional Center Back,pass_accuracy_pct,0.25,91.928,83.1
64003,Pascal Struijk,positional_cb,Positional Center Back,pass_accuracy_pct,0.25,88.472,42.3
64255,Gautier Lloris,positional_cb,Positional Center Back,pass_accuracy_pct,0.25,91.361,73.7
67943,Morato,positional_cb,Positional Center Back,pass_accuracy_pct,0.25,85.411,11.7
67971,Marc Guéhi,positional_cb,Positional Center Back,pass_accuracy_pct,0.25,89.679,55.9
91503,Simone Canestrelli,positional_cb,Positional Center Back,pass_accuracy_pct,0.25,81.364,2.8
101814,Ronald Araújo,positional_cb,Positional Center Back,pass_accuracy_pct,0.25,91.986,84.0
126757,Lilian Brassier,positional_cb,Positional Center Back,pass_accuracy_pct,0.25,85.959,18.3
127035,Federico Baschirotto,positional_cb,Positional Center Back,pass_accuracy_pct,0.25,86.474,24.9
129033,Joško Gvardiol,positional_cb,Positional Center Back,pass_accuracy_pct,0.25,89.398,51.6
129681,Anthony Rouault,positional_cb,Positional Center Back,pass_accuracy_pct,0.25,88.24,39.4
135883,Ramon Hendriks,positional_cb,Positional Center Back,pass_accuracy_pct,0.25,90.511,67.6
147835,Andrew Omobamidele,positional_cb,Positional Center Back,pass_accuracy_pct,0.25,96.359,99.5
152849,Micky van de Ven,positional_cb,Positional Center Back,pass_accuracy_pct,0.25,90.471,66.7
152967,Calvin Bassey,positional_cb,Positional Center Back,pass_accuracy_pct,0.25,87.756,34.7
157146,Léo Pétrot,positional_cb,Positional Center Back,pass_accuracy_pct,0.25,86.737,28.2
158698,Jarell Quansah,positional_cb,Positional Center Back,pass_accuracy_pct,0.25,90.293,63.4
161671,Ilya Zabarnyi,positional_cb,Positional Center Back,pass_accuracy_pct,0.25,94.53,95.3
162141,Koni De Winter,positional_cb,Positional Center Back,pass_accuracy_pct,0.25,91.442,76.1
162265,Warmed Omari,positional_cb,Positional Center Back,pass_accuracy_pct,0.25,85.773,16.0
162414,Aurèle Amenda,positional_cb,Positional Center Back,pass_accuracy_pct,0.25,87.791,35.2
162466,Sinaly Diomandé,positional_cb,Positional Center Back,pass_accuracy_pct,0.25,86.254,21.6
162568,Soumaila Coulibaly,positional_cb,Positional Center Back,pass_accuracy_pct,0.25,90.201,62.9
162761,Castello Lukeba,positional_cb,Positional Center Back,pass_accuracy_pct,0.25,90.169,62.0
162952,Mario Gila,positional_cb,Positional Center Back,pass_accuracy_pct,0.25,90.659,70.4
162964,Robin Hranáč,positional_cb,Positional Center Back,pass_accuracy_pct,0.25,86.324,22.1
163039,Chrislain Matsima,positional_cb,Positional Center Back,pass_accuracy_pct,0.25,85.092,9.9
163189,Malick Thiaw,positional_cb,Positional Center Back,pass_accuracy_pct,0.25,89.61,54.9
174881,Moustapha Mbow,positional_cb,Positional Center Back,pass_accuracy_pct,0.25,91.703,78.9
174918,Loïc Badé,positional_cb,Positional Center Back,pass_accuracy_pct,0.25,92.118,85.4
179400,Maxime Estève,positional_cb,Positional Center Back,pass_accuracy_pct,0.25,86.85,28.6
181582,José Copete,positional_cb,Positional Center Back,pass_accuracy_pct,0.25,85.543,12.7
181701,Gerard Martín,positional_cb,Positional Center Back,pass_accuracy_pct,0.25,91.367,74.2
182546,Jon Pacheco,positional_cb,Positional Center Back,pass_accuracy_pct,0.25,86.461,24.4
182592,Jorge Herrando,positional_cb,Positional Center Back,pass_accuracy_pct,0.25,86.06,18.8
183849,Aitor Paredes,positional_cb,Positional Center Back,pass_accuracy_pct,0.25,87.58,32.9
191160,Jordy Makengo,positional_cb,Positional Center Back,pass_accuracy_pct,0.25,84.424,7.0
191189,Clement Akpa,positional_cb,Positional Center Back,pass_accuracy_pct,0.25,80.522,1.4
195100,Natan,positional_cb,Positional Center Back,pass_accuracy_pct,0.25,88.198,38.5
203219,Jamil Siebert,positional_cb,Positional Center Back,pass_accuracy_pct,0.25,77.243,0.0
204043,Arthur Theate,positional_cb,Positional Center Back,pass_accuracy_pct,0.25,89.92,58.7
231032,Moritz Jenz,positional_cb,Positional Center Back,pass_accuracy_pct,0.25,89.03,47.4
237066,Rafa Marín,positional_cb,Positional Center Back,pass_accuracy_pct,0.25,90.305,63.8
264472,Filippo Terracciano,positional_cb,Positional Center Back,pass_accuracy_pct,0.25,86.194,21.1
268341,Federico Gatti,positional_cb,Positional Center Back,pass_accuracy_pct,0.25,90.698,70.9
271350,Tarik Muharemović,positional_cb,Positional Center Back,pass_accuracy_pct,0.25,85.688,14.6
271540,Ousmane Camara,positional_cb,Positional Center Back,pass_accuracy_pct,0.25,90.602,69.5
271542,Ismael Doukouré,positional_cb,Positional Center Back,pass_accuracy_pct,0.25,91.616,77.5
276184,Mamadou Sarr,positional_cb,Positional Center Back,pass_accuracy_pct,0.25,94.681,95.8
281495,Thomas Kristensen,positional_cb,Positional Center Back,pass_accuracy_pct,0.25,85.588,13.6
281826,Alessandro Marcandalli,positional_cb,Positional Center Back,pass_accuracy_pct,0.25,82.955,4.2
282054,Clemens Riedel,positional_cb,Positional Center Back,pass_accuracy_pct,0.25,88.519,42.7
287916,Rav van den Berg,positional_cb,Positional Center Back,pass_accuracy_pct,0.25,93.343,93.4
291589,Kialonda Gaspar,positional_cb,Positional Center Back,pass_accuracy_pct,0.25,84.343,6.6
295793,Marc Pubill,positional_cb,Positional Center Back,pass_accuracy_pct,0.25,88.074,37.1
304427,Ali Youssef,positional_cb,Positional Center Back,pass_accuracy_pct,0.25,83.292,5.2
312964,Nathan Ngoy,positional_cb,Positional Center Back,pass_accuracy_pct,0.25,91.444,76.5
322984,Samson Baidoo,positional_cb,Positional Center Back,pass_accuracy_pct,0.25,92.628,87.8
324019,Daniel Elfadli,positional_cb,Positional Center Back,pass_accuracy_pct,0.25,93.534,93.9
329722,Yoel Lago,positional_cb,Positional Center Back,pass_accuracy_pct,0.25,91.667,78.4
333672,César Tárrega,positional_cb,Positional Center Back,pass_accuracy_pct,0.25,86.364,23.0
336671,Renato Veiga,positional_cb,Positional Center Back,pass_accuracy_pct,0.25,88.399,40.4
341640,Raúl Asencio,positional_cb,Positional Center Back,pass_accuracy_pct,0.25,94.008,94.4
342063,Diego Coppola,positional_cb,Positional Center Back,pass_accuracy_pct,0.25,86.541,25.4
342970,Leny Yoro,positional_cb,Positional Center Back,pass_accuracy_pct,0.25,88.462,41.8
343316,Jeanuël Belocian,positional_cb,Positional Center Back,pass_accuracy_pct,0.25,89.988,59.6
348568,Alessandro Circati,positional_cb,Positional Center Back,pass_accuracy_pct,0.25,87.618,33.3
350857,Oliver Provstgaard,positional_cb,Positional Center Back,pass_accuracy_pct,0.25,92.448,86.9
358431,Nobel Mendy,positional_cb,Positional Center Back,pass_accuracy_pct,0.25,85.774,16.4
360114,Abdukodir Khusanov,positional_cb,Positional Center Back,pass_accuracy_pct,0.25,91.852,82.2
361393,Bruno Ogbus,positional_cb,Positional Center Back,pass_accuracy_pct,0.25,91.761,79.8
361497,Dean Huijsen,positional_cb,Positional Center Back,pass_accuracy_pct,0.25,89.825,56.8
363695,Murillo,positional_cb,Positional Center Back,pass_accuracy_pct,0.25,83.569,5.6
363792,Terry Yegbe,positional_cb,Positional Center Back,pass_accuracy_pct,0.25,88.118,37.6
365742,Michel Diaz,positional_cb,Positional Center Back,pass_accuracy_pct,0.25,85.826,16.9
367636,Jérémy Jacquet,positional_cb,Positional Center Back,pass_accuracy_pct,0.25,90.428,66.2
384135,Javi Rodríguez,positional_cb,Positional Center Back,pass_accuracy_pct,0.25,90.391,65.7
394734,Finn Jeltsch,positional_cb,Positional Center Back,pass_accuracy_pct,0.25,90.805,71.4
396193,Lucas Høgsberg,positional_cb,Positional Center Back,pass_accuracy_pct,0.25,92.819,89.7
396623,Pau Cubarsí,positional_cb,Positional Center Back,pass_accuracy_pct,0.25,94.839,96.2
402329,Ayden Heaven,positional_cb,Positional Center Back,pass_accuracy_pct,0.25,90.486,67.1
404172,Kojo Peprah Oppong,positional_cb,Positional Center Back,pass_accuracy_pct,0.25,92.784,89.2
405073,Jon Martin,positional_cb,Positional Center Back,pass_accuracy_pct,0.25,91.224,73.2
414359,Vitor Reis,positional_cb,Positional Center Back,pass_accuracy_pct,0.25,90.956,72.3
415155,Juan Rodríguez,positional_cb,Positional Center Back,pass_accuracy_pct,0.25,88.671,44.1
421807,Matias Moreno,positional_cb,Positional Center Back,pass_accuracy_pct,0.25,85.767,15.5
428237,Mariano Troilo,positional_cb,Positional Center Back,pass_accuracy_pct,0.25,89.294,50.2
440147,Karim Coulibaly,positional_cb,Positional Center Back,pass_accuracy_pct,0.25,86.708,27.2
449509,Abdulay Juma Bah,positional_cb,Positional Center Back,pass_accuracy_pct,0.25,91.774,80.8
455316,Tiago Gabriel,positional_cb,Positional Center Back,pass_accuracy_pct,0.25,87.406,31.9
522609,Tylel Tati,positional_cb,Positional Center Back,pass_accuracy_pct,0.25,88.0,36.2
5,Manuel Akanji,positional_cb,Positional Center Back,duel_win_pct,0.2,57.921,35.7
33,Lucas Hernández,positional_cb,Positional Center Back,duel_win_pct,0.2,57.48,33.3
68,Clinton Mata,positional_cb,Positional Center Back,duel_win_pct,0.2,57.282,32.4
131,Jorge Cuenca,positional_cb,Positional Center Back,duel_win_pct,0.2,52.941,12.9
133,Clément Lenglet,positional_cb,Positional Center Back,duel_win_pct,0.2,52.632,11.3
138,Jean-Clair Todibo,positional_cb,Positional Center Back,duel_win_pct,0.2,59.649,52.3
166,Juan Foyth,positional_cb,Positional Center Back,duel_win_pct,0.2,64.706,84.0
257,Marquinhos,positional_cb,Positional Center Back,duel_win_pct,0.2,59.42,49.3
290,Virgil van Dijk,positional_cb,Positional Center Back,duel_win_pct,0.2,73.469,100.0
319,Sebastiano Luperto,positional_cb,Positional Center Back,duel_win_pct,0.2,53.439,14.6
375,Chancel Mbemba,positional_cb,Positional Center Back,duel_win_pct,0.2,59.42,49.3
531,Daley Blind,positional_cb,Positional Center Back,duel_win_pct,0.2,58.824,42.7
532,Matthijs de Ligt,positional_cb,Positional Center Back,duel_win_pct,0.2,62.712,72.3
567,Rúben Dias,positional_cb,Positional Center Back,duel_win_pct,0.2,60.294,59.2
622,Aymeric Laporte,positional_cb,Positional Center Back,duel_win_pct,0.2,68.0,96.7
734,Adrián de la Fuente,positional_cb,Positional Center Back,duel_win_pct,0.2,59.551,50.2
833,Jaka Bijol,positional_cb,Positional Center Back,duel_win_pct,0.2,55.026,22.1
885,Eric Bailly,positional_cb,Positional Center Back,duel_win_pct,0.2,62.5,69.7
889,Victor Lindelöf,positional_cb,Positional Center Back,duel_win_pct,0.2,61.29,63.6
972,Jonathan Tah,positional_cb,Positional Center Back,duel_win_pct,0.2,58.915,44.1
1084,Marin Pongračić,positional_cb,Positional Center Back,duel_win_pct,0.2,48.548,2.3
1145,Ibrahima Konaté,positional_cb,Positional Center Back,duel_win_pct,0.2,68.966,98.1
1148,Willi Orbán,positional_cb,Positional Center Back,duel_win_pct,0.2,67.089,92.0
1149,Dayot Upamecano,positional_cb,Positional Center Back,duel_win_pct,0.2,57.616,34.7
1291,Denis Vavro,positional_cb,Positional Center Back,duel_win_pct,0.2,57.609,34.3
1314,Amir Rrahmani,positional_cb,Positional Center Back,duel_win_pct,0.2,65.455,87.3
1445,Konstantinos Mavropanos,positional_cb,Positional Center Back,duel_win_pct,0.2,65.366,86.9
1567,Aïssa Mandi,positional_cb,Positional Center Back,duel_win_pct,0.2,67.133,93.4
1632,Alessio Romagnoli,positional_cb,Positional Center Back,duel_win_pct,0.2,59.763,54.5
1807,Evan Ndicka,positional_cb,Positional Center Back,duel_win_pct,0.2,58.65,41.3
1836,Francesco Acerbi,positional_cb,Positional Center Back,duel_win_pct,0.2,64.486,83.1
1902,Duje Ćaleta-Car,positional_cb,Positional Center Back,duel_win_pct,0.2,57.576,33.8
1929,Jhon Lucumí,positional_cb,Positional Center Back,duel_win_pct,0.2,59.116,46.5
2278,Marcos Alonso,positional_cb,Positional Center Back,duel_win_pct,0.2,58.065,36.6
2285,Antonio Rüdiger,positional_cb,Positional Center Back,duel_win_pct,0.2,63.889,81.2
2467,Lisandro Martínez,positional_cb,Positional Center Back,duel_win_pct,0.2,65.278,86.4
2484,Yerry Mina,positional_cb,Positional Center Back,duel_win_pct,0.2,63.547,78.9
2725,Benjamin Pavard,positional_cb,Positional Center Back,duel_win_pct,0.2,60.69,61.5
2729,Joachim Andersen,positional_cb,Positional Center Back,duel_win_pct,0.2,63.514,78.4
2803,Nico Elvedi,positional_cb,Positional Center Back,duel_win_pct,0.2,60.538,60.6
2817,Nikola Milenković,positional_cb,Positional Center Back,duel_win_pct,0.2,66.822,91.5
2897,Kim Min-jae,positional_cb,Positional Center Back,duel_win_pct,0.2,62.609,71.4
2915,Matthias Ginter,positional_cb,Positional Center Back,duel_win_pct,0.2,61.29,63.6
2934,Michael Keane,positional_cb,Positional Center Back,duel_win_pct,0.2,61.538,65.5
2935,Harry Maguire,positional_cb,Positional Center Back,duel_win_pct,0.2,70.0,98.6
2936,James Tarkowski,positional_cb,Positional Center Back,duel_win_pct,0.2,67.733,95.8
6168,Omar Alderete,positional_cb,Positional Center Back,duel_win_pct,0.2,54.275,19.7
6231,Facundo Medina,positional_cb,Positional Center Back,duel_win_pct,0.2,47.253,0.9
8486,Eric Smith,positional_cb,Positional Center Back,duel_win_pct,0.2,58.286,38.5
8694,Wout Faes,positional_cb,Positional Center Back,duel_win_pct,0.2,55.128,23.0
14329,Ardian Ismajli,positional_cb,Positional Center Back,duel_win_pct,0.2,67.097,92.5
15793,Rasmus Nicolaisen,positional_cb,Positional Center Back,duel_win_pct,0.2,62.564,70.4
16367,Willian Pacho,positional_cb,Positional Center Back,duel_win_pct,0.2,63.359,77.0
18744,Max Kilman,positional_cb,Positional Center Back,duel_win_pct,0.2,52.273,9.4
18797,Christian Kabasele,positional_cb,Positional Center Back,duel_win_pct,0.2,60.0,56.3
18963,Lewis Dunk,positional_cb,Positional Center Back,duel_win_pct,0.2,58.525,39.9
18967,Leo Østigård,positional_cb,Positional Center Back,duel_win_pct,0.2,64.876,84.5
19179,Tyrone Mings,positional_cb,Positional Center Back,duel_win_pct,0.2,55.102,22.5
19182,Axel Tuanzebe,positional_cb,Positional Center Back,duel_win_pct,0.2,47.5,1.4
19209,Fikayo Tomori,positional_cb,Positional Center Back,duel_win_pct,0.2,53.846,18.3
19263,Lloyd Kelly,positional_cb,Positional Center Back,duel_win_pct,0.2,60.279,58.7
19321,Joe Rodon,positional_cb,Positional Center Back,duel_win_pct,0.2,55.556,24.4
19354,Ezri Konsa,positional_cb,Positional Center Back,duel_win_pct,0.2,67.114,93.0
19495,Nathan Collins,positional_cb,Positional Center Back,duel_win_pct,0.2,55.814,26.3
19518,Maxime Colin,positional_cb,Positional Center Back,duel_win_pct,0.2,58.182,37.6
19720,Trevoh Chalobah,positional_cb,Positional Center Back,duel_win_pct,0.2,58.515,39.4
20546,Brendan Chardonnet,positional_cb,Positional Center Back,duel_win_pct,0.2,58.85,43.7
20656,Enzo Ebosse,positional_cb,Positional Center Back,duel_win_pct,0.2,43.478,0.0
20869,Samir Sophian Chergui,positional_cb,Positional Center Back,duel_win_pct,0.2,53.571,15.5
21090,Diego Carlos,positional_cb,Positional Center Back,duel_win_pct,0.2,53.459,15.0
21381,Jordan Lefort,positional_cb,Positional Center Back,duel_win_pct,0.2,59.184,46.9
21694,Nayef Aguerd,positional_cb,Positional Center Back,duel_win_pct,0.2,57.812,35.2
21998,Axel Disasi,positional_cb,Positional Center Back,duel_win_pct,0.2,63.333,76.1
22090,William Saliba,positional_cb,Positional Center Back,duel_win_pct,0.2,56.71,28.6
22094,Wesley Fofana,positional_cb,Positional Center Back,duel_win_pct,0.2,60.638,61.0
22163,Dante,positional_cb,Positional Center Back,duel_win_pct,0.2,59.649,52.3
22224,Gabriel Magalhães,positional_cb,Positional Center Back,duel_win_pct,0.2,65.267,85.9
24899,Patrick Mainka,positional_cb,Positional Center Back,duel_win_pct,0.2,63.855,80.8
24903,Robert Andrich,positional_cb,Positional Center Back,duel_win_pct,0.2,60.452,60.1
24953,Yann Bisseck,positional_cb,Positional Center Back,duel_win_pct,0.2,60.135,57.7
24961,Hauke Wahl,positional_cb,Positional Center Back,duel_win_pct,0.2,54.369,20.2
25011,Amos Pieper,positional_cb,Positional Center Back,duel_win_pct,0.2,72.388,99.5
25314,Marco Friedl,positional_cb,Positional Center Back,duel_win_pct,0.2,62.105,68.5
25346,Jordan Torunarigha,positional_cb,Positional Center Back,duel_win_pct,0.2,58.919,44.6
25368,Waldemar Anton,positional_cb,Positional Center Back,duel_win_pct,0.2,62.585,70.9
25916,Moussa Niakhaté,positional_cb,Positional Center Back,duel_win_pct,0.2,66.008,89.7
26238,Robin Koch,positional_cb,Positional Center Back,duel_win_pct,0.2,60.0,56.3
26240,Philipp Lienhart,positional_cb,Positional Center Back,duel_win_pct,0.2,65.217,85.4
26301,Marc Kempf,positional_cb,Positional Center Back,duel_win_pct,0.2,59.556,50.7
30420,Enrico Delprato,positional_cb,Positional Center Back,duel_win_pct,0.2,52.795,11.7
30421,Berat Djimsiti,positional_cb,Positional Center Back,duel_win_pct,0.2,59.6,51.6
30497,Bremer,positional_cb,Positional Center Back,duel_win_pct,0.2,55.556,24.4
31043,Kevin Diks,positional_cb,Positional Center Back,duel_win_pct,0.2,64.921,85.0
31642,Luca Ranieri,positional_cb,Positional Center Back,duel_win_pct,0.2,59.686,53.1
32893,Hiroki Itō,positional_cb,Positional Center Back,duel_win_pct,0.2,59.259,47.9
36922,Sepp van den Berg,positional_cb,Positional Center Back,duel_win_pct,0.2,64.576,83.6
37604,Sam Beukema,positional_cb,Positional Center Back,duel_win_pct,0.2,48.718,2.8
37651,Jay Idzes,positional_cb,Positional Center Back,duel_win_pct,0.2,50.505,5.2
38695,Jan Paul van Hecke,positional_cb,Positional Center Back,duel_win_pct,0.2,60.997,62.4
38734,Sven Botman,positional_cb,Positional Center Back,duel_win_pct,0.2,65.829,88.7
39254,Torbjørn Heggem,positional_cb,Positional Center Back,duel_win_pct,0.2,49.444,3.3
41150,Edmond Tapsoba,positional_cb,Positional Center Back,duel_win_pct,0.2,54.95,21.6
41606,Toti Gomes,positional_cb,Positional Center Back,duel_win_pct,0.2,62.385,69.0
46733,Antonio Raíllo,positional_cb,Positional Center Back,duel_win_pct,0.2,63.187,74.6
46738,Martin Valjent,positional_cb,Positional Center Back,duel_win_pct,0.2,57.277,31.9
46815,Pau Torres,positional_cb,Positional Center Back,duel_win_pct,0.2,55.66,25.8
46941,Unai Elgezabal,positional_cb,Positional Center Back,duel_win_pct,0.2,60.0,56.3
46966,Dani Calvo,positional_cb,Positional Center Back,duel_win_pct,0.2,67.857,96.2
47249,Leandro Cabrera,positional_cb,Positional Center Back,duel_win_pct,0.2,57.353,32.9
47250,Djené,positional_cb,Positional Center Back,duel_win_pct,0.2,56.853,29.6
47301,Robin Le Normand,positional_cb,Positional Center Back,duel_win_pct,0.2,62.658,71.8
47378,Pedro Bigas,positional_cb,Positional Center Back,duel_win_pct,0.2,58.564,40.4
47429,David Costas,positional_cb,Positional Center Back,duel_win_pct,0.2,61.644,66.7
47478,Fernando Calero,positional_cb,Positional Center Back,duel_win_pct,0.2,50.667,5.6
47533,Alejandro Catena,positional_cb,Positional Center Back,duel_win_pct,0.2,53.232,13.6
47903,Hjalmar Ekdal,positional_cb,Positional Center Back,duel_win_pct,0.2,63.846,80.3
47988,Carl Starfelt,positional_cb,Positional Center Back,duel_win_pct,0.2,59.048,45.3
48142,Karol Mets,positional_cb,Positional Center Back,duel_win_pct,0.2,59.701,53.8
48372,Eray Cömert,positional_cb,Positional Center Back,duel_win_pct,0.2,63.218,75.1
48765,Joel Schmied,positional_cb,Positional Center Back,duel_win_pct,0.2,46.914,0.5
50026,Chidozie Awaziem,positional_cb,Positional Center Back,duel_win_pct,0.2,61.538,65.5
50030,Montassar Talbi,positional_cb,Positional Center Back,duel_win_pct,0.2,60.0,56.3
50735,Mark McKenzie,positional_cb,Positional Center Back,duel_win_pct,0.2,55.556,24.4
56473,Matteo Gabbia,positional_cb,Positional Center Back,duel_win_pct,0.2,58.824,42.7
64003,Pascal Struijk,positional_cb,Positional Center Back,duel_win_pct,0.2,55.591,25.4
64255,Gautier Lloris,positional_cb,Positional Center Back,duel_win_pct,0.2,67.368,94.4
67943,Morato,positional_cb,Positional Center Back,duel_win_pct,0.2,63.725,79.8
67971,Marc Guéhi,positional_cb,Positional Center Back,duel_win_pct,0.2,63.487,77.9
91503,Simone Canestrelli,positional_cb,Positional Center Back,duel_win_pct,0.2,57.246,31.5
101814,Ronald Araújo,positional_cb,Positional Center Back,duel_win_pct,0.2,63.0,73.7
126757,Lilian Brassier,positional_cb,Positional Center Back,duel_win_pct,0.2,57.229,31.0
127035,Federico Baschirotto,positional_cb,Positional Center Back,duel_win_pct,0.2,48.187,1.9
129033,Joško Gvardiol,positional_cb,Positional Center Back,duel_win_pct,0.2,53.846,18.3
129681,Anthony Rouault,positional_cb,Positional Center Back,duel_win_pct,0.2,51.592,8.0
135883,Ramon Hendriks,positional_cb,Positional Center Back,duel_win_pct,0.2,67.683,95.3
147835,Andrew Omobamidele,positional_cb,Positional Center Back,duel_win_pct,0.2,63.38,77.5
152849,Micky van de Ven,positional_cb,Positional Center Back,duel_win_pct,0.2,54.587,20.7
152967,Calvin Bassey,positional_cb,Positional Center Back,duel_win_pct,0.2,61.633,66.2
157146,Léo Pétrot,positional_cb,Positional Center Back,duel_win_pct,0.2,59.701,53.8
158698,Jarell Quansah,positional_cb,Positional Center Back,duel_win_pct,0.2,59.884,54.9
161671,Ilya Zabarnyi,positional_cb,Positional Center Back,duel_win_pct,0.2,58.333,39.0
162141,Koni De Winter,positional_cb,Positional Center Back,duel_win_pct,0.2,59.42,49.3
162265,Warmed Omari,positional_cb,Positional Center Back,duel_win_pct,0.2,52.137,8.9
162414,Aurèle Amenda,positional_cb,Positional Center Back,duel_win_pct,0.2,62.722,73.2
162466,Sinaly Diomandé,positional_cb,Positional Center Back,duel_win_pct,0.2,59.281,48.4
162568,Soumaila Coulibaly,positional_cb,Positional Center Back,duel_win_pct,0.2,63.636,79.3
162761,Castello Lukeba,positional_cb,Positional Center Back,duel_win_pct,0.2,63.333,76.1
162952,Mario Gila,positional_cb,Positional Center Back,duel_win_pct,0.2,66.01,90.1
162964,Robin Hranáč,positional_cb,Positional Center Back,duel_win_pct,0.2,58.049,36.2
163039,Chrislain Matsima,positional_cb,Positional Center Back,duel_win_pct,0.2,65.957,89.2
163189,Malick Thiaw,positional_cb,Positional Center Back,duel_win_pct,0.2,64.234,81.7
174881,Moustapha Mbow,positional_cb,Positional Center Back,duel_win_pct,0.2,62.5,69.7
174918,Loïc Badé,positional_cb,Positional Center Back,duel_win_pct,0.2,63.333,76.1
179400,Maxime Estève,positional_cb,Positional Center Back,duel_win_pct,0.2,66.19,90.6
181582,José Copete,positional_cb,Positional Center Back,duel_win_pct,0.2,56.934,30.0
181701,Gerard Martín,positional_cb,Positional Center Back,duel_win_pct,0.2,66.438,91.1
182546,Jon Pacheco,positional_cb,Positional Center Back,duel_win_pct,0.2,61.806,67.1
182592,Jorge Herrando,positional_cb,Positional Center Back,duel_win_pct,0.2,56.349,28.2
183849,Aitor Paredes,positional_cb,Positional Center Back,duel_win_pct,0.2,58.654,41.8
191160,Jordy Makengo,positional_cb,Positional Center Back,duel_win_pct,0.2,61.905,67.6
191189,Clement Akpa,positional_cb,Positional Center Back,duel_win_pct,0.2,65.644,88.3
195100,Natan,positional_cb,Positional Center Back,duel_win_pct,0.2,52.381,9.9
203219,Jamil Siebert,positional_cb,Positional Center Back,duel_win_pct,0.2,52.448,10.6
204043,Arthur Theate,positional_cb,Positional Center Back,duel_win_pct,0.2,51.875,8.5
231032,Moritz Jenz,positional_cb,Positional Center Back,duel_win_pct,0.2,61.078,62.9
237066,Rafa Marín,positional_cb,Positional Center Back,duel_win_pct,0.2,60.274,58.2
264472,Filippo Terracciano,positional_cb,Positional Center Back,duel_win_pct,0.2,60.92,62.0
268341,Federico Gatti,positional_cb,Positional Center Back,duel_win_pct,0.2,56.098,27.2
271350,Tarik Muharemović,positional_cb,Positional Center Back,duel_win_pct,0.2,64.423,82.6
271540,Ousmane Camara,positional_cb,Positional Center Back,duel_win_pct,0.2,58.115,37.1
271542,Ismael Doukouré,positional_cb,Positional Center Back,duel_win_pct,0.2,58.647,40.8
276184,Mamadou Sarr,positional_cb,Positional Center Back,duel_win_pct,0.2,50.962,6.6
281495,Thomas Kristensen,positional_cb,Positional Center Back,duel_win_pct,0.2,56.744,29.1
281826,Alessandro Marcandalli,positional_cb,Positional Center Back,duel_win_pct,0.2,59.091,46.0
282054,Clemens Riedel,positional_cb,Positional Center Back,duel_win_pct,0.2,53.846,18.3
287916,Rav van den Berg,positional_cb,Positional Center Back,duel_win_pct,0.2,53.75,17.4
291589,Kialonda Gaspar,positional_cb,Positional Center Back,duel_win_pct,0.2,61.438,64.8
295793,Marc Pubill,positional_cb,Positional Center Back,duel_win_pct,0.2,71.329,99.1
304427,Ali Youssef,positional_cb,Positional Center Back,duel_win_pct,0.2,68.657,97.2
312964,Nathan Ngoy,positional_cb,Positional Center Back,duel_win_pct,0.2,58.824,42.7
322984,Samson Baidoo,positional_cb,Positional Center Back,duel_win_pct,0.2,53.254,14.1
324019,Daniel Elfadli,positional_cb,Positional Center Back,duel_win_pct,0.2,51.327,7.5
329722,Yoel Lago,positional_cb,Positional Center Back,duel_win_pct,0.2,59.211,47.4
333672,César Tárrega,positional_cb,Positional Center Back,duel_win_pct,0.2,55.263,23.5
336671,Renato Veiga,positional_cb,Positional Center Back,duel_win_pct,0.2,52.857,12.2
341640,Raúl Asencio,positional_cb,Positional Center Back,duel_win_pct,0.2,59.048,45.3
342063,Diego Coppola,positional_cb,Positional Center Back,duel_win_pct,0.2,50.909,6.1
342970,Leny Yoro,positional_cb,Positional Center Back,duel_win_pct,0.2,56.081,26.8
343316,Jeanuël Belocian,positional_cb,Positional Center Back,duel_win_pct,0.2,53.642,16.4
348568,Alessandro Circati,positional_cb,Positional Center Back,duel_win_pct,0.2,63.063,74.2
350857,Oliver Provstgaard,positional_cb,Positional Center Back,duel_win_pct,0.2,52.941,12.9
358431,Nobel Mendy,positional_cb,Positional Center Back,duel_win_pct,0.2,52.448,10.6
360114,Abdukodir Khusanov,positional_cb,Positional Center Back,duel_win_pct,0.2,60.44,59.6
361393,Bruno Ogbus,positional_cb,Positional Center Back,duel_win_pct,0.2,50.427,4.7
361497,Dean Huijsen,positional_cb,Positional Center Back,duel_win_pct,0.2,61.935,68.1
363695,Murillo,positional_cb,Positional Center Back,duel_win_pct,0.2,53.623,16.0
363792,Terry Yegbe,positional_cb,Positional Center Back,duel_win_pct,0.2,50.0,4.2
365742,Michel Diaz,positional_cb,Positional Center Back,duel_win_pct,0.2,64.348,82.2
367636,Jérémy Jacquet,positional_cb,Positional Center Back,duel_win_pct,0.2,67.5,94.8
384135,Javi Rodríguez,positional_cb,Positional Center Back,duel_win_pct,0.2,51.22,7.0
394734,Finn Jeltsch,positional_cb,Positional Center Back,duel_win_pct,0.2,54.887,21.1
396193,Lucas Høgsberg,positional_cb,Positional Center Back,duel_win_pct,0.2,53.684,16.9
396623,Pau Cubarsí,positional_cb,Positional Center Back,duel_win_pct,0.2,60.0,56.3
402329,Ayden Heaven,positional_cb,Positional Center Back,duel_win_pct,0.2,68.75,97.7
404172,Kojo Peprah Oppong,positional_cb,Positional Center Back,duel_win_pct,0.2,62.719,72.8
405073,Jon Martin,positional_cb,Positional Center Back,duel_win_pct,0.2,65.534,87.8
414359,Vitor Reis,positional_cb,Positional Center Back,duel_win_pct,0.2,56.949,30.5
415155,Juan Rodríguez,positional_cb,Positional Center Back,duel_win_pct,0.2,61.386,64.3
421807,Matias Moreno,positional_cb,Positional Center Back,duel_win_pct,0.2,59.563,51.2
428237,Mariano Troilo,positional_cb,Positional Center Back,duel_win_pct,0.2,58.278,38.0
440147,Karim Coulibaly,positional_cb,Positional Center Back,duel_win_pct,0.2,49.689,3.8
449509,Abdulay Juma Bah,positional_cb,Positional Center Back,duel_win_pct,0.2,53.927,19.2
455316,Tiago Gabriel,positional_cb,Positional Center Back,duel_win_pct,0.2,67.16,93.9
522609,Tylel Tati,positional_cb,Positional Center Back,duel_win_pct,0.2,56.25,27.7
5,Manuel Akanji,positional_cb,Positional Center Back,blocks_per90,0.15,0.415,10.3
33,Lucas Hernández,positional_cb,Positional Center Back,blocks_per90,0.15,0.36,6.1
68,Clinton Mata,positional_cb,Positional Center Back,blocks_per90,0.15,0.889,70.9
131,Jorge Cuenca,positional_cb,Positional Center Back,blocks_per90,0.15,0.933,73.7
133,Clément Lenglet,positional_cb,Positional Center Back,blocks_per90,0.15,0.388,8.0
138,Jean-Clair Todibo,positional_cb,Positional Center Back,blocks_per90,0.15,0.644,34.7
166,Juan Foyth,positional_cb,Positional Center Back,blocks_per90,0.15,0.962,78.9
257,Marquinhos,positional_cb,Positional Center Back,blocks_per90,0.15,0.343,4.7
290,Virgil van Dijk,positional_cb,Positional Center Back,blocks_per90,0.15,0.684,42.3
319,Sebastiano Luperto,positional_cb,Positional Center Back,blocks_per90,0.15,0.567,24.4
375,Chancel Mbemba,positional_cb,Positional Center Back,blocks_per90,0.15,0.378,7.0
531,Daley Blind,positional_cb,Positional Center Back,blocks_per90,0.15,0.69,44.6
532,Matthijs de Ligt,positional_cb,Positional Center Back,blocks_per90,0.15,0.538,20.2
567,Rúben Dias,positional_cb,Positional Center Back,blocks_per90,0.15,0.712,45.5
622,Aymeric Laporte,positional_cb,Positional Center Back,blocks_per90,0.15,0.568,25.4
734,Adrián de la Fuente,positional_cb,Positional Center Back,blocks_per90,0.15,0.731,47.4
833,Jaka Bijol,positional_cb,Positional Center Back,blocks_per90,0.15,0.659,37.1
885,Eric Bailly,positional_cb,Positional Center Back,blocks_per90,0.15,1.383,97.2
889,Victor Lindelöf,positional_cb,Positional Center Back,blocks_per90,0.15,0.457,13.1
972,Jonathan Tah,positional_cb,Positional Center Back,blocks_per90,0.15,0.934,74.2
1084,Marin Pongračić,positional_cb,Positional Center Back,blocks_per90,0.15,0.833,62.4
1145,Ibrahima Konaté,positional_cb,Positional Center Back,blocks_per90,0.15,0.697,45.1
1148,Willi Orbán,positional_cb,Positional Center Back,blocks_per90,0.15,1.098,90.1
1149,Dayot Upamecano,positional_cb,Positional Center Back,blocks_per90,0.15,0.25,1.4
1291,Denis Vavro,positional_cb,Positional Center Back,blocks_per90,0.15,0.833,62.0
1314,Amir Rrahmani,positional_cb,Positional Center Back,blocks_per90,0.15,0.5,17.8
1445,Konstantinos Mavropanos,positional_cb,Positional Center Back,blocks_per90,0.15,1.065,88.3
1567,Aïssa Mandi,positional_cb,Positional Center Back,blocks_per90,0.15,0.554,23.0
1632,Alessio Romagnoli,positional_cb,Positional Center Back,blocks_per90,0.15,0.675,41.3
1807,Evan Ndicka,positional_cb,Positional Center Back,blocks_per90,0.15,0.403,8.9
1836,Francesco Acerbi,positional_cb,Positional Center Back,blocks_per90,0.15,1.038,86.4
1902,Duje Ćaleta-Car,positional_cb,Positional Center Back,blocks_per90,0.15,1.087,89.2
1929,Jhon Lucumí,positional_cb,Positional Center Back,blocks_per90,0.15,0.548,21.1
2278,Marcos Alonso,positional_cb,Positional Center Back,blocks_per90,0.15,0.552,22.5
2285,Antonio Rüdiger,positional_cb,Positional Center Back,blocks_per90,0.15,0.241,0.9
2467,Lisandro Martínez,positional_cb,Positional Center Back,blocks_per90,0.15,0.873,70.0
2484,Yerry Mina,positional_cb,Positional Center Back,blocks_per90,0.15,0.961,78.4
2725,Benjamin Pavard,positional_cb,Positional Center Back,blocks_per90,0.15,0.617,31.9
2729,Joachim Andersen,positional_cb,Positional Center Back,blocks_per90,0.15,0.593,28.6
2803,Nico Elvedi,positional_cb,Positional Center Back,blocks_per90,0.15,0.88,70.4
2817,Nikola Milenković,positional_cb,Positional Center Back,blocks_per90,0.15,0.96,77.2
2897,Kim Min-jae,positional_cb,Positional Center Back,blocks_per90,0.15,0.999,82.2
2915,Matthias Ginter,positional_cb,Positional Center Back,blocks_per90,0.15,0.666,39.0
2934,Michael Keane,positional_cb,Positional Center Back,blocks_per90,0.15,0.928,72.8
2935,Harry Maguire,positional_cb,Positional Center Back,blocks_per90,0.15,0.594,29.1
2936,James Tarkowski,positional_cb,Positional Center Back,blocks_per90,0.15,1.405,98.1
6168,Omar Alderete,positional_cb,Positional Center Back,blocks_per90,0.15,0.931,73.2
6231,Facundo Medina,positional_cb,Positional Center Back,blocks_per90,0.15,0.85,65.7
8486,Eric Smith,positional_cb,Positional Center Back,blocks_per90,0.15,0.661,38.0
8694,Wout Faes,positional_cb,Positional Center Back,blocks_per90,0.15,0.868,68.5
14329,Ardian Ismajli,positional_cb,Positional Center Back,blocks_per90,0.15,0.846,64.8
15793,Rasmus Nicolaisen,positional_cb,Positional Center Back,blocks_per90,0.15,0.736,47.9
16367,Willian Pacho,positional_cb,Positional Center Back,blocks_per90,0.15,0.47,14.6
18744,Max Kilman,positional_cb,Positional Center Back,blocks_per90,0.15,1.38,96.7
18797,Christian Kabasele,positional_cb,Positional Center Back,blocks_per90,0.15,0.836,63.8
18963,Lewis Dunk,positional_cb,Positional Center Back,blocks_per90,0.15,0.854,66.7
18967,Leo Østigård,positional_cb,Positional Center Back,blocks_per90,0.15,0.926,72.3
19179,Tyrone Mings,positional_cb,Positional Center Back,blocks_per90,0.15,0.612,30.5
19182,Axel Tuanzebe,positional_cb,Positional Center Back,blocks_per90,0.15,0.824,59.6
19209,Fikayo Tomori,positional_cb,Positional Center Back,blocks_per90,0.15,0.808,58.7
19263,Lloyd Kelly,positional_cb,Positional Center Back,blocks_per90,0.15,0.51,18.3
19321,Joe Rodon,positional_cb,Positional Center Back,blocks_per90,0.15,0.671,39.7
19354,Ezri Konsa,positional_cb,Positional Center Back,blocks_per90,0.15,0.86,67.1
19495,Nathan Collins,positional_cb,Positional Center Back,blocks_per90,0.15,1.242,94.4
19518,Maxime Colin,positional_cb,Positional Center Back,blocks_per90,0.15,0.529,19.2
19720,Trevoh Chalobah,positional_cb,Positional Center Back,blocks_per90,0.15,0.55,21.6
20546,Brendan Chardonnet,positional_cb,Positional Center Back,blocks_per90,0.15,1.413,98.6
20656,Enzo Ebosse,positional_cb,Positional Center Back,blocks_per90,0.15,1.014,85.0
20869,Samir Sophian Chergui,positional_cb,Positional Center Back,blocks_per90,0.15,0.468,14.1
21090,Diego Carlos,positional_cb,Positional Center Back,blocks_per90,0.15,0.785,56.8
21381,Jordan Lefort,positional_cb,Positional Center Back,blocks_per90,0.15,0.471,15.0
21694,Nayef Aguerd,positional_cb,Positional Center Back,blocks_per90,0.15,0.627,33.3
21998,Axel Disasi,positional_cb,Positional Center Back,blocks_per90,0.15,0.861,67.6
22090,William Saliba,positional_cb,Positional Center Back,blocks_per90,0.15,0.241,0.5
22094,Wesley Fofana,positional_cb,Positional Center Back,blocks_per90,0.15,0.991,81.7
22163,Dante,positional_cb,Positional Center Back,blocks_per90,0.15,0.581,25.8
22224,Gabriel Magalhães,positional_cb,Positional Center Back,blocks_per90,0.15,1.112,91.1
24899,Patrick Mainka,positional_cb,Positional Center Back,blocks_per90,0.15,1.206,93.4
24903,Robert Andrich,positional_cb,Positional Center Back,blocks_per90,0.15,0.671,40.4
24953,Yann Bisseck,positional_cb,Positional Center Back,blocks_per90,0.15,0.328,3.3
24961,Hauke Wahl,positional_cb,Positional Center Back,blocks_per90,0.15,0.66,37.6
25011,Amos Pieper,positional_cb,Positional Center Back,blocks_per90,0.15,0.957,76.1
25314,Marco Friedl,positional_cb,Positional Center Back,blocks_per90,0.15,0.847,65.3
25346,Jordan Torunarigha,positional_cb,Positional Center Back,blocks_per90,0.15,0.824,60.1
25368,Waldemar Anton,positional_cb,Positional Center Back,blocks_per90,0.15,0.531,19.7
25916,Moussa Niakhaté,positional_cb,Positional Center Back,blocks_per90,0.15,0.685,42.7
26238,Robin Koch,positional_cb,Positional Center Back,blocks_per90,0.15,0.889,71.4
26240,Philipp Lienhart,positional_cb,Positional Center Back,blocks_per90,0.15,0.552,22.1
26301,Marc Kempf,positional_cb,Positional Center Back,blocks_per90,0.15,0.775,53.5
30420,Enrico Delprato,positional_cb,Positional Center Back,blocks_per90,0.15,0.671,39.7
30421,Berat Djimsiti,positional_cb,Positional Center Back,blocks_per90,0.15,0.853,66.2
30497,Bremer,positional_cb,Positional Center Back,blocks_per90,0.15,0.455,12.7
31043,Kevin Diks,positional_cb,Positional Center Back,blocks_per90,0.15,0.62,32.4
31642,Luca Ranieri,positional_cb,Positional Center Back,blocks_per90,0.15,0.472,15.5
32893,Hiroki Itō,positional_cb,Positional Center Back,blocks_per90,0.15,0.29,2.3
36922,Sepp van den Berg,positional_cb,Positional Center Back,blocks_per90,0.15,0.75,49.3
37604,Sam Beukema,positional_cb,Positional Center Back,blocks_per90,0.15,0.587,27.2
37651,Jay Idzes,positional_cb,Positional Center Back,blocks_per90,0.15,0.676,41.8
38695,Jan Paul van Hecke,positional_cb,Positional Center Back,blocks_per90,0.15,0.785,56.3
38734,Sven Botman,positional_cb,Positional Center Back,blocks_per90,0.15,1.273,95.3
39254,Torbjørn Heggem,positional_cb,Positional Center Back,blocks_per90,0.15,0.341,4.2
41150,Edmond Tapsoba,positional_cb,Positional Center Back,blocks_per90,0.15,0.664,38.5
41606,Toti Gomes,positional_cb,Positional Center Back,blocks_per90,0.15,0.757,51.2
46733,Antonio Raíllo,positional_cb,Positional Center Back,blocks_per90,0.15,1.478,99.1
46738,Martin Valjent,positional_cb,Positional Center Back,blocks_per90,0.15,0.408,9.9
46815,Pau Torres,positional_cb,Positional Center Back,blocks_per90,0.15,0.967,79.3
46941,Unai Elgezabal,positional_cb,Positional Center Back,blocks_per90,0.15,1.503,100.0
46966,Dani Calvo,positional_cb,Positional Center Back,blocks_per90,0.15,1.503,99.5
47249,Leandro Cabrera,positional_cb,Positional Center Back,blocks_per90,0.15,0.757,50.7
47250,Djené,positional_cb,Positional Center Back,blocks_per90,0.15,0.348,5.2
47301,Robin Le Normand,positional_cb,Positional Center Back,blocks_per90,0.15,0.352,5.6
47378,Pedro Bigas,positional_cb,Positional Center Back,blocks_per90,0.15,0.827,60.6
47429,David Costas,positional_cb,Positional Center Back,blocks_per90,0.15,0.781,54.0
47478,Fernando Calero,positional_cb,Positional Center Back,blocks_per90,0.15,1.298,95.8
47533,Alejandro Catena,positional_cb,Positional Center Back,blocks_per90,0.15,0.937,74.6
47903,Hjalmar Ekdal,positional_cb,Positional Center Back,blocks_per90,0.15,0.76,52.6
47988,Carl Starfelt,positional_cb,Positional Center Back,blocks_per90,0.15,0.784,55.4
48142,Karol Mets,positional_cb,Positional Center Back,blocks_per90,0.15,0.326,2.8
48372,Eray Cömert,positional_cb,Positional Center Back,blocks_per90,0.15,0.403,9.4
48765,Joel Schmied,positional_cb,Positional Center Back,blocks_per90,0.15,0.833,63.1
50026,Chidozie Awaziem,positional_cb,Positional Center Back,blocks_per90,0.15,0.685,43.2
50030,Montassar Talbi,positional_cb,Positional Center Back,blocks_per90,0.15,0.828,61.5
50735,Mark McKenzie,positional_cb,Positional Center Back,blocks_per90,0.15,0.486,16.4
56473,Matteo Gabbia,positional_cb,Positional Center Back,blocks_per90,0.15,0.782,54.5
64003,Pascal Struijk,positional_cb,Positional Center Back,blocks_per90,0.15,0.582,26.3
64255,Gautier Lloris,positional_cb,Positional Center Back,blocks_per90,0.15,0.788,57.3
67943,Morato,positional_cb,Positional Center Back,blocks_per90,0.15,0.988,80.8
67971,Marc Guéhi,positional_cb,Positional Center Back,blocks_per90,0.15,0.657,36.2
91503,Simone Canestrelli,positional_cb,Positional Center Back,blocks_per90,0.15,0.562,23.5
101814,Ronald Araújo,positional_cb,Positional Center Back,blocks_per90,0.15,0.42,11.3
126757,Lilian Brassier,positional_cb,Positional Center Back,blocks_per90,0.15,0.919,71.8
127035,Federico Baschirotto,positional_cb,Positional Center Back,blocks_per90,0.15,1.169,92.0
129033,Joško Gvardiol,positional_cb,Positional Center Back,blocks_per90,0.15,0.655,35.7
129681,Anthony Rouault,positional_cb,Positional Center Back,blocks_per90,0.15,1.044,86.9
135883,Ramon Hendriks,positional_cb,Positional Center Back,blocks_per90,0.15,0.487,16.9
147835,Andrew Omobamidele,positional_cb,Positional Center Back,blocks_per90,0.15,0.589,27.7
152849,Micky van de Ven,positional_cb,Positional Center Back,blocks_per90,0.15,0.651,35.2
152967,Calvin Bassey,positional_cb,Positional Center Back,blocks_per90,0.15,0.743,48.8
157146,Léo Pétrot,positional_cb,Positional Center Back,blocks_per90,0.15,0.836,64.3
158698,Jarell Quansah,positional_cb,Positional Center Back,blocks_per90,0.15,0.546,20.7
161671,Ilya Zabarnyi,positional_cb,Positional Center Back,blocks_per90,0.15,0.452,12.2
162141,Koni De Winter,positional_cb,Positional Center Back,blocks_per90,0.15,0.598,29.6
162265,Warmed Omari,positional_cb,Positional Center Back,blocks_per90,0.15,0.784,55.9
162414,Aurèle Amenda,positional_cb,Positional Center Back,blocks_per90,0.15,0.374,6.6
162466,Sinaly Diomandé,positional_cb,Positional Center Back,blocks_per90,0.15,0.59,28.2
162568,Soumaila Coulibaly,positional_cb,Positional Center Back,blocks_per90,0.15,0.605,30.0
162761,Castello Lukeba,positional_cb,Positional Center Back,blocks_per90,0.15,0.868,69.0
162952,Mario Gila,positional_cb,Positional Center Back,blocks_per90,0.15,0.616,31.5
162964,Robin Hranáč,positional_cb,Positional Center Back,blocks_per90,0.15,0.72,46.0
163039,Chrislain Matsima,positional_cb,Positional Center Back,blocks_per90,0.15,1.205,93.0
163189,Malick Thiaw,positional_cb,Positional Center Back,blocks_per90,0.15,1.002,82.6
174881,Moustapha Mbow,positional_cb,Positional Center Back,blocks_per90,0.15,0.961,77.9
174918,Loïc Badé,positional_cb,Positional Center Back,blocks_per90,0.15,1.031,85.4
179400,Maxime Estève,positional_cb,Positional Center Back,blocks_per90,0.15,1.011,83.6
181582,José Copete,positional_cb,Positional Center Back,blocks_per90,0.15,0.814,59.2
181701,Gerard Martín,positional_cb,Positional Center Back,blocks_per90,0.15,0.336,3.8
182546,Jon Pacheco,positional_cb,Positional Center Back,blocks_per90,0.15,1.09,89.7
182592,Jorge Herrando,positional_cb,Positional Center Back,blocks_per90,0.15,0.616,31.0
183849,Aitor Paredes,positional_cb,Positional Center Back,blocks_per90,0.15,0.221,0.0
191160,Jordy Makengo,positional_cb,Positional Center Back,blocks_per90,0.15,0.758,51.6
191189,Clement Akpa,positional_cb,Positional Center Back,blocks_per90,0.15,0.416,10.8
195100,Natan,positional_cb,Positional Center Back,blocks_per90,0.15,0.737,48.4
203219,Jamil Siebert,positional_cb,Positional Center Back,blocks_per90,0.15,1.107,90.6
204043,Arthur Theate,positional_cb,Positional Center Back,blocks_per90,0.15,0.672,40.8
231032,Moritz Jenz,positional_cb,Positional Center Back,blocks_per90,0.15,1.006,83.1
237066,Rafa Marín,positional_cb,Positional Center Back,blocks_per90,0.15,0.727,46.9
264472,Filippo Terracciano,positional_cb,Positional Center Back,blocks_per90,0.15,0.687,44.1
268341,Federico Gatti,positional_cb,Positional Center Back,blocks_per90,0.15,0.491,17.4
271350,Tarik Muharemović,positional_cb,Positional Center Back,blocks_per90,0.15,0.984,80.3
271540,Ousmane Camara,positional_cb,Positional Center Back,blocks_per90,0.15,0.828,61.0
271542,Ismael Doukouré,positional_cb,Positional Center Back,blocks_per90,0.15,0.52,18.8
276184,Mamadou Sarr,positional_cb,Positional Center Back,blocks_per90,0.15,0.255,1.9
281495,Thomas Kristensen,positional_cb,Positional Center Back,blocks_per90,0.15,0.8,58.2
281826,Alessandro Marcandalli,positional_cb,Positional Center Back,blocks_per90,0.15,0.38,7.5
282054,Clemens Riedel,positional_cb,Positional Center Back,blocks_per90,0.15,0.449,11.7
287916,Rav van den Berg,positional_cb,Positional Center Back,blocks_per90,0.15,0.949,75.1
291589,Kialonda Gaspar,positional_cb,Positional Center Back,blocks_per90,0.15,1.033,85.9
295793,Marc Pubill,positional_cb,Positional Center Back,blocks_per90,0.15,0.977,79.8
304427,Ali Youssef,positional_cb,Positional Center Back,blocks_per90,0.15,0.465,13.6
312964,Nathan Ngoy,positional_cb,Positional Center Back,blocks_per90,0.15,0.485,16.0
322984,Samson Baidoo,positional_cb,Positional Center Back,blocks_per90,0.15,1.228,93.9
324019,Daniel Elfadli,positional_cb,Positional Center Back,blocks_per90,0.15,0.64,34.3
329722,Yoel Lago,positional_cb,Positional Center Back,blocks_per90,0.15,0.95,75.6
333672,César Tárrega,positional_cb,Positional Center Back,blocks_per90,0.15,0.658,36.6
336671,Renato Veiga,positional_cb,Positional Center Back,blocks_per90,0.15,1.087,88.7
341640,Raúl Asencio,positional_cb,Positional Center Back,blocks_per90,0.15,0.686,43.7
342063,Diego Coppola,positional_cb,Positional Center Back,blocks_per90,0.15,0.788,57.7
342970,Leny Yoro,positional_cb,Positional Center Back,blocks_per90,0.15,0.566,23.9
343316,Jeanuël Belocian,positional_cb,Positional Center Back,blocks_per90,0.15,0.768,53.1
348568,Alessandro Circati,positional_cb,Positional Center Back,blocks_per90,0.15,1.013,84.5
350857,Oliver Provstgaard,positional_cb,Positional Center Back,blocks_per90,0.15,0.758,52.1
358431,Nobel Mendy,positional_cb,Positional Center Back,blocks_per90,0.15,1.193,92.5
360114,Abdukodir Khusanov,positional_cb,Positional Center Back,blocks_per90,0.15,0.567,24.9
361393,Bruno Ogbus,positional_cb,Positional Center Back,blocks_per90,0.15,1.366,96.2
361497,Dean Huijsen,positional_cb,Positional Center Back,blocks_per90,0.15,0.751,49.8
363695,Murillo,positional_cb,Positional Center Back,blocks_per90,0.15,1.013,84.0
363792,Terry Yegbe,positional_cb,Positional Center Back,blocks_per90,0.15,0.87,69.5
365742,Michel Diaz,positional_cb,Positional Center Back,blocks_per90,0.15,1.385,97.7
367636,Jérémy Jacquet,positional_cb,Positional Center Back,blocks_per90,0.15,0.861,68.1
384135,Javi Rodríguez,positional_cb,Positional Center Back,blocks_per90,0.15,0.632,33.8
394734,Finn Jeltsch,positional_cb,Positional Center Back,blocks_per90,0.15,0.833,63.1
396193,Lucas Høgsberg,positional_cb,Positional Center Back,blocks_per90,0.15,1.052,87.3
396623,Pau Cubarsí,positional_cb,Positional Center Back,blocks_per90,0.15,0.399,8.5
402329,Ayden Heaven,positional_cb,Positional Center Back,blocks_per90,0.15,1.055,87.8
404172,Kojo Peprah Oppong,positional_cb,Positional Center Back,blocks_per90,0.15,0.621,32.9
405073,Jon Martin,positional_cb,Positional Center Back,blocks_per90,0.15,0.96,77.2
414359,Vitor Reis,positional_cb,Positional Center Back,blocks_per90,0.15,1.147,91.5
415155,Juan Rodríguez,positional_cb,Positional Center Back,blocks_per90,0.15,0.958,76.5
421807,Matias Moreno,positional_cb,Positional Center Back,blocks_per90,0.15,0.755,50.2
428237,Mariano Troilo,positional_cb,Positional Center Back,blocks_per90,0.15,0.99,81.2
440147,Karim Coulibaly,positional_cb,Positional Center Back,blocks_per90,0.15,0.721,46.5
449509,Abdulay Juma Bah,positional_cb,Positional Center Back,blocks_per90,0.15,1.265,94.8
455316,Tiago Gabriel,positional_cb,Positional Center Back,blocks_per90,0.15,0.587,26.8
522609,Tylel Tati,positional_cb,Positional Center Back,blocks_per90,0.15,0.783,54.9
5,Manuel Akanji,positional_cb,Positional Center Back,interceptions_per90,0.15,1.181,68.5
33,Lucas Hernández,positional_cb,Positional Center Back,interceptions_per90,0.15,0.977,44.1
68,Clinton Mata,positional_cb,Positional Center Back,interceptions_per90,0.15,0.92,34.7
131,Jorge Cuenca,positional_cb,Positional Center Back,interceptions_per90,0.15,1.492,89.7
133,Clément Lenglet,positional_cb,Positional Center Back,interceptions_per90,0.15,1.421,86.4
138,Jean-Clair Todibo,positional_cb,Positional Center Back,interceptions_per90,0.15,0.842,24.9
166,Juan Foyth,positional_cb,Positional Center Back,interceptions_per90,0.15,1.538,93.4
257,Marquinhos,positional_cb,Positional Center Back,interceptions_per90,0.15,0.686,10.8
290,Virgil van Dijk,positional_cb,Positional Center Back,interceptions_per90,0.15,0.737,16.4
319,Sebastiano Luperto,positional_cb,Positional Center Back,interceptions_per90,0.15,0.895,31.0
375,Chancel Mbemba,positional_cb,Positional Center Back,interceptions_per90,0.15,1.322,80.8
531,Daley Blind,positional_cb,Positional Center Back,interceptions_per90,0.15,1.345,82.6
532,Matthijs de Ligt,positional_cb,Positional Center Back,interceptions_per90,0.15,1.154,65.3
567,Rúben Dias,positional_cb,Positional Center Back,interceptions_per90,0.15,0.963,40.8
622,Aymeric Laporte,positional_cb,Positional Center Back,interceptions_per90,0.15,1.092,56.8
734,Adrián de la Fuente,positional_cb,Positional Center Back,interceptions_per90,0.15,1.594,94.4
833,Jaka Bijol,positional_cb,Positional Center Back,interceptions_per90,0.15,1.129,60.6
885,Eric Bailly,positional_cb,Positional Center Back,interceptions_per90,0.15,1.238,72.3
889,Victor Lindelöf,positional_cb,Positional Center Back,interceptions_per90,0.15,0.731,15.5
972,Jonathan Tah,positional_cb,Positional Center Back,interceptions_per90,0.15,1.156,65.7
1084,Marin Pongračić,positional_cb,Positional Center Back,interceptions_per90,0.15,1.08,55.4
1145,Ibrahima Konaté,positional_cb,Positional Center Back,interceptions_per90,0.15,0.813,21.6
1148,Willi Orbán,positional_cb,Positional Center Back,interceptions_per90,0.15,1.281,77.0
1149,Dayot Upamecano,positional_cb,Positional Center Back,interceptions_per90,0.15,0.952,40.4
1291,Denis Vavro,positional_cb,Positional Center Back,interceptions_per90,0.15,1.153,64.8
1314,Amir Rrahmani,positional_cb,Positional Center Back,interceptions_per90,0.15,1.2,70.0
1445,Konstantinos Mavropanos,positional_cb,Positional Center Back,interceptions_per90,0.15,1.74,97.7
1567,Aïssa Mandi,positional_cb,Positional Center Back,interceptions_per90,0.15,1.626,96.2
1632,Alessio Romagnoli,positional_cb,Positional Center Back,interceptions_per90,0.15,1.08,54.9
1807,Evan Ndicka,positional_cb,Positional Center Back,interceptions_per90,0.15,1.644,96.7
1836,Francesco Acerbi,positional_cb,Positional Center Back,interceptions_per90,0.15,1.168,67.1
1902,Duje Ćaleta-Car,positional_cb,Positional Center Back,interceptions_per90,0.15,1.129,61.0
1929,Jhon Lucumí,positional_cb,Positional Center Back,interceptions_per90,0.15,1.252,73.7
2278,Marcos Alonso,positional_cb,Positional Center Back,interceptions_per90,0.15,0.942,38.0
2285,Antonio Rüdiger,positional_cb,Positional Center Back,interceptions_per90,0.15,0.241,0.5
2467,Lisandro Martínez,positional_cb,Positional Center Back,interceptions_per90,0.15,0.873,27.7
2484,Yerry Mina,positional_cb,Positional Center Back,interceptions_per90,0.15,1.087,55.9
2725,Benjamin Pavard,positional_cb,Positional Center Back,interceptions_per90,0.15,1.19,69.5
2729,Joachim Andersen,positional_cb,Positional Center Back,interceptions_per90,0.15,1.123,59.2
2803,Nico Elvedi,positional_cb,Positional Center Back,interceptions_per90,0.15,1.244,73.2
2817,Nikola Milenković,positional_cb,Positional Center Back,interceptions_per90,0.15,0.773,18.8
2897,Kim Min-jae,positional_cb,Positional Center Back,interceptions_per90,0.15,2.165,100.0
2915,Matthias Ginter,positional_cb,Positional Center Back,interceptions_per90,0.15,0.73,15.0
2934,Michael Keane,positional_cb,Positional Center Back,interceptions_per90,0.15,1.271,76.5
2935,Harry Maguire,positional_cb,Positional Center Back,interceptions_per90,0.15,0.702,13.1
2936,James Tarkowski,positional_cb,Positional Center Back,interceptions_per90,0.15,0.865,26.3
6168,Omar Alderete,positional_cb,Positional Center Back,interceptions_per90,0.15,1.156,66.2
6231,Facundo Medina,positional_cb,Positional Center Back,interceptions_per90,0.15,1.504,90.6
8486,Eric Smith,positional_cb,Positional Center Back,interceptions_per90,0.15,0.895,30.5
8694,Wout Faes,positional_cb,Positional Center Back,interceptions_per90,0.15,1.262,75.6
14329,Ardian Ismajli,positional_cb,Positional Center Back,interceptions_per90,0.15,1.598,95.3
15793,Rasmus Nicolaisen,positional_cb,Positional Center Back,interceptions_per90,0.15,1.507,91.1
16367,Willian Pacho,positional_cb,Positional Center Back,interceptions_per90,0.15,1.128,60.1
18744,Max Kilman,positional_cb,Positional Center Back,interceptions_per90,0.15,0.518,3.3
18797,Christian Kabasele,positional_cb,Positional Center Back,interceptions_per90,0.15,1.432,88.3
18963,Lewis Dunk,positional_cb,Positional Center Back,interceptions_per90,0.15,0.949,39.4
18967,Leo Østigård,positional_cb,Positional Center Back,interceptions_per90,0.15,1.029,50.7
19179,Tyrone Mings,positional_cb,Positional Center Back,interceptions_per90,0.15,0.748,17.4
19182,Axel Tuanzebe,positional_cb,Positional Center Back,interceptions_per90,0.15,0.824,22.1
19209,Fikayo Tomori,positional_cb,Positional Center Back,interceptions_per90,0.15,1.018,48.4
19263,Lloyd Kelly,positional_cb,Positional Center Back,interceptions_per90,0.15,0.42,1.4
19321,Joe Rodon,positional_cb,Positional Center Back,interceptions_per90,0.15,0.884,29.6
19354,Ezri Konsa,positional_cb,Positional Center Back,interceptions_per90,0.15,0.652,8.0
19495,Nathan Collins,positional_cb,Positional Center Back,interceptions_per90,0.15,1.09,56.3
19518,Maxime Colin,positional_cb,Positional Center Back,interceptions_per90,0.15,1.376,84.5
19720,Trevoh Chalobah,positional_cb,Positional Center Back,interceptions_per90,0.15,1.132,62.9
20546,Brendan Chardonnet,positional_cb,Positional Center Back,interceptions_per90,0.15,1.131,62.0
20656,Enzo Ebosse,positional_cb,Positional Center Back,interceptions_per90,0.15,0.676,9.4
20869,Samir Sophian Chergui,positional_cb,Positional Center Back,interceptions_per90,0.15,0.857,25.4
21090,Diego Carlos,positional_cb,Positional Center Back,interceptions_per90,0.15,1.016,47.9
21381,Jordan Lefort,positional_cb,Positional Center Back,interceptions_per90,0.15,1.412,85.9
21694,Nayef Aguerd,positional_cb,Positional Center Back,interceptions_per90,0.15,1.254,74.2
21998,Axel Disasi,positional_cb,Positional Center Back,interceptions_per90,0.15,0.789,19.7
22090,William Saliba,positional_cb,Positional Center Back,interceptions_per90,0.15,0.585,4.7
22094,Wesley Fofana,positional_cb,Positional Center Back,interceptions_per90,0.15,2.086,99.5
22163,Dante,positional_cb,Positional Center Back,interceptions_per90,0.15,0.968,42.3
22224,Gabriel Magalhães,positional_cb,Positional Center Back,interceptions_per90,0.15,0.752,17.8
24899,Patrick Mainka,positional_cb,Positional Center Back,interceptions_per90,0.15,1.029,51.2
24903,Robert Andrich,positional_cb,Positional Center Back,interceptions_per90,0.15,1.166,66.7
24953,Yann Bisseck,positional_cb,Positional Center Back,interceptions_per90,0.15,1.077,54.5
24961,Hauke Wahl,positional_cb,Positional Center Back,interceptions_per90,0.15,1.042,52.1
25011,Amos Pieper,positional_cb,Positional Center Back,interceptions_per90,0.15,1.496,90.1
25314,Marco Friedl,positional_cb,Positional Center Back,interceptions_per90,0.15,1.236,71.8
25346,Jordan Torunarigha,positional_cb,Positional Center Back,interceptions_per90,0.15,1.374,84.0
25368,Waldemar Anton,positional_cb,Positional Center Back,interceptions_per90,0.15,0.938,37.1
25916,Moussa Niakhaté,positional_cb,Positional Center Back,interceptions_per90,0.15,0.946,39.0
26238,Robin Koch,positional_cb,Positional Center Back,interceptions_per90,0.15,1.46,89.2
26240,Philipp Lienhart,positional_cb,Positional Center Back,interceptions_per90,0.15,1.034,51.6
26301,Marc Kempf,positional_cb,Positional Center Back,interceptions_per90,0.15,0.465,2.3
30420,Enrico Delprato,positional_cb,Positional Center Back,interceptions_per90,0.15,0.731,16.0
30421,Berat Djimsiti,positional_cb,Positional Center Back,interceptions_per90,0.15,1.528,93.0
30497,Bremer,positional_cb,Positional Center Back,interceptions_per90,0.15,1.324,81.2
31043,Kevin Diks,positional_cb,Positional Center Back,interceptions_per90,0.15,0.876,28.6
31642,Luca Ranieri,positional_cb,Positional Center Back,interceptions_per90,0.15,0.871,27.2
32893,Hiroki Itō,positional_cb,Positional Center Back,interceptions_per90,0.15,1.352,83.1
36922,Sepp van den Berg,positional_cb,Positional Center Back,interceptions_per90,0.15,0.945,38.5
37604,Sam Beukema,positional_cb,Positional Center Back,interceptions_per90,0.15,0.747,16.9
37651,Jay Idzes,positional_cb,Positional Center Back,interceptions_per90,0.15,1.234,71.4
38695,Jan Paul van Hecke,positional_cb,Positional Center Back,interceptions_per90,0.15,1.289,77.9
38734,Sven Botman,positional_cb,Positional Center Back,interceptions_per90,0.15,1.322,80.3
39254,Torbjørn Heggem,positional_cb,Positional Center Back,interceptions_per90,0.15,1.022,49.3
41150,Edmond Tapsoba,positional_cb,Positional Center Back,interceptions_per90,0.15,0.699,12.2
41606,Toti Gomes,positional_cb,Positional Center Back,interceptions_per90,0.15,0.883,29.1
46733,Antonio Raíllo,positional_cb,Positional Center Back,interceptions_per90,0.15,0.696,11.7
46738,Martin Valjent,positional_cb,Positional Center Back,interceptions_per90,0.15,0.653,8.5
46815,Pau Torres,positional_cb,Positional Center Back,interceptions_per90,0.15,0.591,5.2
46941,Unai Elgezabal,positional_cb,Positional Center Back,interceptions_per90,0.15,0.282,0.9
46966,Dani Calvo,positional_cb,Positional Center Back,interceptions_per90,0.15,0.612,6.1
47249,Leandro Cabrera,positional_cb,Positional Center Back,interceptions_per90,0.15,0.703,13.6
47250,Djené,positional_cb,Positional Center Back,interceptions_per90,0.15,1.288,77.5
47301,Robin Le Normand,positional_cb,Positional Center Back,interceptions_per90,0.15,1.006,47.4
47378,Pedro Bigas,positional_cb,Positional Center Back,interceptions_per90,0.15,1.306,79.3
47429,David Costas,positional_cb,Positional Center Back,interceptions_per90,0.15,1.171,67.6
47478,Fernando Calero,positional_cb,Positional Center Back,interceptions_per90,0.15,1.214,70.4
47533,Alejandro Catena,positional_cb,Positional Center Back,interceptions_per90,0.15,0.966,41.8
47903,Hjalmar Ekdal,positional_cb,Positional Center Back,interceptions_per90,0.15,0.702,12.7
47988,Carl Starfelt,positional_cb,Positional Center Back,interceptions_per90,0.15,1.025,49.8
48142,Karol Mets,positional_cb,Positional Center Back,interceptions_per90,0.15,0.931,36.6
48372,Eray Cömert,positional_cb,Positional Center Back,interceptions_per90,0.15,1.344,82.2
48765,Joel Schmied,positional_cb,Positional Center Back,interceptions_per90,0.15,0.917,34.3
50026,Chidozie Awaziem,positional_cb,Positional Center Back,interceptions_per90,0.15,0.806,20.7
50030,Montassar Talbi,positional_cb,Positional Center Back,interceptions_per90,0.15,0.897,31.5
50735,Mark McKenzie,positional_cb,Positional Center Back,interceptions_per90,0.15,0.898,31.9
56473,Matteo Gabbia,positional_cb,Positional Center Back,interceptions_per90,0.15,0.498,2.8
64003,Pascal Struijk,positional_cb,Positional Center Back,interceptions_per90,0.15,0.95,39.9
64255,Gautier Lloris,positional_cb,Positional Center Back,interceptions_per90,0.15,1.575,93.9
67943,Morato,positional_cb,Positional Center Back,interceptions_per90,0.15,0.725,14.6
67971,Marc Guéhi,positional_cb,Positional Center Back,interceptions_per90,0.15,1.429,87.6
91503,Simone Canestrelli,positional_cb,Positional Center Back,interceptions_per90,0.15,0.928,35.7
101814,Ronald Araújo,positional_cb,Positional Center Back,interceptions_per90,0.15,0.84,24.4
126757,Lilian Brassier,positional_cb,Positional Center Back,interceptions_per90,0.15,1.519,92.5
127035,Federico Baschirotto,positional_cb,Positional Center Back,interceptions_per90,0.15,0.921,35.2
129033,Joško Gvardiol,positional_cb,Positional Center Back,interceptions_per90,0.15,0.983,44.6
129681,Anthony Rouault,positional_cb,Positional Center Back,interceptions_per90,0.15,0.992,45.5
135883,Ramon Hendriks,positional_cb,Positional Center Back,interceptions_per90,0.15,0.93,36.2
147835,Andrew Omobamidele,positional_cb,Positional Center Back,interceptions_per90,0.15,1.113,57.7
152849,Micky van de Ven,positional_cb,Positional Center Back,interceptions_per90,0.15,0.68,10.3
152967,Calvin Bassey,positional_cb,Positional Center Back,interceptions_per90,0.15,0.778,19.2
157146,Léo Pétrot,positional_cb,Positional Center Back,interceptions_per90,0.15,0.836,23.0
158698,Jarell Quansah,positional_cb,Positional Center Back,interceptions_per90,0.15,1.053,53.1
161671,Ilya Zabarnyi,positional_cb,Positional Center Back,interceptions_per90,0.15,0.754,18.3
162141,Koni De Winter,positional_cb,Positional Center Back,interceptions_per90,0.15,0.648,7.0
162265,Warmed Omari,positional_cb,Positional Center Back,interceptions_per90,0.15,1.512,92.0
162414,Aurèle Amenda,positional_cb,Positional Center Back,interceptions_per90,0.15,1.389,85.4
162466,Sinaly Diomandé,positional_cb,Positional Center Back,interceptions_per90,0.15,1.307,79.8
162568,Soumaila Coulibaly,positional_cb,Positional Center Back,interceptions_per90,0.15,0.941,37.6
162761,Castello Lukeba,positional_cb,Positional Center Back,interceptions_per90,0.15,1.24,72.8
162952,Mario Gila,positional_cb,Positional Center Back,interceptions_per90,0.15,0.907,32.4
162964,Robin Hranáč,positional_cb,Positional Center Back,interceptions_per90,0.15,0.68,9.9
163039,Chrislain Matsima,positional_cb,Positional Center Back,interceptions_per90,0.15,1.807,98.1
163189,Malick Thiaw,positional_cb,Positional Center Back,interceptions_per90,0.15,0.911,33.3
174881,Moustapha Mbow,positional_cb,Positional Center Back,interceptions_per90,0.15,1.292,78.4
174918,Loïc Badé,positional_cb,Positional Center Back,interceptions_per90,0.15,1.139,64.3
179400,Maxime Estève,positional_cb,Positional Center Back,interceptions_per90,0.15,1.134,63.4
181582,José Copete,positional_cb,Positional Center Back,interceptions_per90,0.15,1.12,58.7
181701,Gerard Martín,positional_cb,Positional Center Back,interceptions_per90,0.15,1.178,68.1
182546,Jon Pacheco,positional_cb,Positional Center Back,interceptions_per90,0.15,0.571,4.2
182592,Jorge Herrando,positional_cb,Positional Center Back,interceptions_per90,0.15,1.119,58.2
183849,Aitor Paredes,positional_cb,Positional Center Back,interceptions_per90,0.15,1.602,95.8
191160,Jordy Makengo,positional_cb,Positional Center Back,interceptions_per90,0.15,1.136,63.8
191189,Clement Akpa,positional_cb,Positional Center Back,interceptions_per90,0.15,0.97,42.7
195100,Natan,positional_cb,Positional Center Back,interceptions_per90,0.15,1.185,69.0
203219,Jamil Siebert,positional_cb,Positional Center Back,interceptions_per90,0.15,0.791,20.2
204043,Arthur Theate,positional_cb,Positional Center Back,interceptions_per90,0.15,1.26,75.1
231032,Moritz Jenz,positional_cb,Positional Center Back,interceptions_per90,0.15,0.604,5.6
237066,Rafa Marín,positional_cb,Positional Center Back,interceptions_per90,0.15,0.864,25.8
264472,Filippo Terracciano,positional_cb,Positional Center Back,interceptions_per90,0.15,1.673,97.2
268341,Federico Gatti,positional_cb,Positional Center Back,interceptions_per90,0.15,1.064,54.0
271350,Tarik Muharemović,positional_cb,Positional Center Back,interceptions_per90,0.15,1.429,87.6
271540,Ousmane Camara,positional_cb,Positional Center Back,interceptions_per90,0.15,1.026,50.2
271542,Ismael Doukouré,positional_cb,Positional Center Back,interceptions_per90,0.15,0.997,46.5
276184,Mamadou Sarr,positional_cb,Positional Center Back,interceptions_per90,0.15,0.637,6.6
281495,Thomas Kristensen,positional_cb,Positional Center Back,interceptions_per90,0.15,0.909,32.9
281826,Alessandro Marcandalli,positional_cb,Positional Center Back,interceptions_per90,0.15,0.691,11.3
282054,Clemens Riedel,positional_cb,Positional Center Back,interceptions_per90,0.15,0.706,14.1
287916,Rav van den Berg,positional_cb,Positional Center Back,interceptions_per90,0.15,1.107,57.3
291589,Kialonda Gaspar,positional_cb,Positional Center Back,interceptions_per90,0.15,0.836,23.5
295793,Marc Pubill,positional_cb,Positional Center Back,interceptions_per90,0.15,1.302,78.9
304427,Ali Youssef,positional_cb,Positional Center Back,interceptions_per90,0.15,1.86,98.6
312964,Nathan Ngoy,positional_cb,Positional Center Back,interceptions_per90,0.15,1.343,81.7
322984,Samson Baidoo,positional_cb,Positional Center Back,interceptions_per90,0.15,1.13,61.5
324019,Daniel Elfadli,positional_cb,Positional Center Back,interceptions_per90,0.15,1.422,86.9
329722,Yoel Lago,positional_cb,Positional Center Back,interceptions_per90,0.15,0.665,8.9
333672,César Tárrega,positional_cb,Positional Center Back,interceptions_per90,0.15,1.005,46.9
336671,Renato Veiga,positional_cb,Positional Center Back,interceptions_per90,0.15,0.869,26.8
341640,Raúl Asencio,positional_cb,Positional Center Back,interceptions_per90,0.15,0.528,3.8
342063,Diego Coppola,positional_cb,Positional Center Back,interceptions_per90,0.15,0.46,1.9
342970,Leny Yoro,positional_cb,Positional Center Back,interceptions_per90,0.15,1.596,94.8
343316,Jeanuël Belocian,positional_cb,Positional Center Back,interceptions_per90,0.15,1.127,59.6
348568,Alessandro Circati,positional_cb,Positional Center Back,interceptions_per90,0.15,0.81,21.1
350857,Oliver Provstgaard,positional_cb,Positional Center Back,interceptions_per90,0.15,0.874,28.2
358431,Nobel Mendy,positional_cb,Positional Center Back,interceptions_per90,0.15,1.044,52.6
360114,Abdukodir Khusanov,positional_cb,Positional Center Back,interceptions_per90,0.15,2.078,99.1
361393,Bruno Ogbus,positional_cb,Positional Center Back,interceptions_per90,0.15,0.835,22.5
361497,Dean Huijsen,positional_cb,Positional Center Back,interceptions_per90,0.15,0.839,23.9
363695,Murillo,positional_cb,Positional Center Back,interceptions_per90,0.15,1.435,88.7
363792,Terry Yegbe,positional_cb,Positional Center Back,interceptions_per90,0.15,1.053,53.5
365742,Michel Diaz,positional_cb,Positional Center Back,interceptions_per90,0.15,1.385,85.0
367636,Jérémy Jacquet,positional_cb,Positional Center Back,interceptions_per90,0.15,1.022,48.8
384135,Javi Rodríguez,positional_cb,Positional Center Back,interceptions_per90,0.15,0.913,33.8
394734,Finn Jeltsch,positional_cb,Positional Center Back,interceptions_per90,0.15,1.131,62.4
396193,Lucas Høgsberg,positional_cb,Positional Center Back,interceptions_per90,0.15,0.651,7.5
396623,Pau Cubarsí,positional_cb,Positional Center Back,interceptions_per90,0.15,0.997,46.0
402329,Ayden Heaven,positional_cb,Positional Center Back,interceptions_per90,0.15,0.096,0.0
404172,Kojo Peprah Oppong,positional_cb,Positional Center Back,interceptions_per90,0.15,0.966,41.3
405073,Jon Martin,positional_cb,Positional Center Back,interceptions_per90,0.15,1.36,83.6
414359,Vitor Reis,positional_cb,Positional Center Back,interceptions_per90,0.15,0.975,43.2
415155,Juan Rodríguez,positional_cb,Positional Center Back,interceptions_per90,0.15,1.232,70.9
421807,Matias Moreno,positional_cb,Positional Center Back,interceptions_per90,0.15,1.509,91.5
428237,Mariano Troilo,positional_cb,Positional Center Back,interceptions_per90,0.15,0.99,45.1
440147,Karim Coulibaly,positional_cb,Positional Center Back,interceptions_per90,0.15,0.975,43.7
449509,Abdulay Juma Bah,positional_cb,Positional Center Back,interceptions_per90,0.15,1.265,76.1
455316,Tiago Gabriel,positional_cb,Positional Center Back,interceptions_per90,0.15,1.258,74.6
522609,Tylel Tati,positional_cb,Positional Center Back,interceptions_per90,0.15,0.887,30.0
5,Manuel Akanji,positional_cb,Positional Center Back,tackles_per90,0.1,1.532,77.0
33,Lucas Hernández,positional_cb,Positional Center Back,tackles_per90,0.1,1.285,51.2
68,Clinton Mata,positional_cb,Positional Center Back,tackles_per90,0.1,1.238,46.5
131,Jorge Cuenca,positional_cb,Positional Center Back,tackles_per90,0.1,1.492,74.2
133,Clément Lenglet,positional_cb,Positional Center Back,tackles_per90,0.1,1.357,58.7
138,Jean-Clair Todibo,positional_cb,Positional Center Back,tackles_per90,0.1,1.833,92.0
166,Juan Foyth,positional_cb,Positional Center Back,tackles_per90,0.1,1.923,95.8
257,Marquinhos,positional_cb,Positional Center Back,tackles_per90,0.1,1.287,51.6
290,Virgil van Dijk,positional_cb,Positional Center Back,tackles_per90,0.1,0.579,1.9
319,Sebastiano Luperto,positional_cb,Positional Center Back,tackles_per90,0.1,1.044,24.9
375,Chancel Mbemba,positional_cb,Positional Center Back,tackles_per90,0.1,1.322,54.0
531,Daley Blind,positional_cb,Positional Center Back,tackles_per90,0.1,1.897,94.8
532,Matthijs de Ligt,positional_cb,Positional Center Back,tackles_per90,0.1,1.462,71.4
567,Rúben Dias,positional_cb,Positional Center Back,tackles_per90,0.1,0.544,1.4
622,Aymeric Laporte,positional_cb,Positional Center Back,tackles_per90,0.1,1.18,38.0
734,Adrián de la Fuente,positional_cb,Positional Center Back,tackles_per90,0.1,1.03,24.4
833,Jaka Bijol,positional_cb,Positional Center Back,tackles_per90,0.1,1.223,43.7
885,Eric Bailly,positional_cb,Positional Center Back,tackles_per90,0.1,0.874,12.7
889,Victor Lindelöf,positional_cb,Positional Center Back,tackles_per90,0.1,0.64,2.3
972,Jonathan Tah,positional_cb,Positional Center Back,tackles_per90,0.1,1.067,26.3
1084,Marin Pongračić,positional_cb,Positional Center Back,tackles_per90,0.1,0.956,17.4
1145,Ibrahima Konaté,positional_cb,Positional Center Back,tackles_per90,0.1,1.539,77.9
1148,Willi Orbán,positional_cb,Positional Center Back,tackles_per90,0.1,1.434,68.1
1149,Dayot Upamecano,positional_cb,Positional Center Back,tackles_per90,0.1,2.204,98.6
1291,Denis Vavro,positional_cb,Positional Center Back,tackles_per90,0.1,0.769,8.0
1314,Amir Rrahmani,positional_cb,Positional Center Back,tackles_per90,0.1,1.1,29.6
1445,Konstantinos Mavropanos,positional_cb,Positional Center Back,tackles_per90,0.1,1.42,66.2
1567,Aïssa Mandi,positional_cb,Positional Center Back,tackles_per90,0.1,1.22,42.7
1632,Alessio Romagnoli,positional_cb,Positional Center Back,tackles_per90,0.1,0.776,8.5
1807,Evan Ndicka,positional_cb,Positional Center Back,tackles_per90,0.1,0.805,9.4
1836,Francesco Acerbi,positional_cb,Positional Center Back,tackles_per90,0.1,0.649,2.8
1902,Duje Ćaleta-Car,positional_cb,Positional Center Back,tackles_per90,0.1,1.004,21.6
1929,Jhon Lucumí,positional_cb,Positional Center Back,tackles_per90,0.1,1.604,81.7
2278,Marcos Alonso,positional_cb,Positional Center Back,tackles_per90,0.1,1.332,55.9
2285,Antonio Rüdiger,positional_cb,Positional Center Back,tackles_per90,0.1,0.845,11.7
2467,Lisandro Martínez,positional_cb,Positional Center Back,tackles_per90,0.1,1.382,61.5
2484,Yerry Mina,positional_cb,Positional Center Back,tackles_per90,0.1,1.338,57.7
2725,Benjamin Pavard,positional_cb,Positional Center Back,tackles_per90,0.1,1.322,54.5
2729,Joachim Andersen,positional_cb,Positional Center Back,tackles_per90,0.1,1.404,64.8
2803,Nico Elvedi,positional_cb,Positional Center Back,tackles_per90,0.1,1.304,52.1
2817,Nikola Milenković,positional_cb,Positional Center Back,tackles_per90,0.1,0.827,11.3
2897,Kim Min-jae,positional_cb,Positional Center Back,tackles_per90,0.1,1.221,43.2
2915,Matthias Ginter,positional_cb,Positional Center Back,tackles_per90,0.1,0.698,4.7
2934,Michael Keane,positional_cb,Positional Center Back,tackles_per90,0.1,1.237,46.0
2935,Harry Maguire,positional_cb,Positional Center Back,tackles_per90,0.1,1.188,39.4
2936,James Tarkowski,positional_cb,Positional Center Back,tackles_per90,0.1,1.378,61.0
6168,Omar Alderete,positional_cb,Positional Center Back,tackles_per90,0.1,1.028,23.9
6231,Facundo Medina,positional_cb,Positional Center Back,tackles_per90,0.1,1.243,47.9
8486,Eric Smith,positional_cb,Positional Center Back,tackles_per90,0.1,1.322,54.9
8694,Wout Faes,positional_cb,Positional Center Back,tackles_per90,0.1,1.183,39.0
14329,Ardian Ismajli,positional_cb,Positional Center Back,tackles_per90,0.1,1.551,78.9
15793,Rasmus Nicolaisen,positional_cb,Positional Center Back,tackles_per90,0.1,0.876,13.1
16367,Willian Pacho,positional_cb,Positional Center Back,tackles_per90,0.1,1.88,94.4
18744,Max Kilman,positional_cb,Positional Center Back,tackles_per90,0.1,0.92,15.0
18797,Christian Kabasele,positional_cb,Positional Center Back,tackles_per90,0.1,0.716,5.6
18963,Lewis Dunk,positional_cb,Positional Center Back,tackles_per90,0.1,1.076,26.8
18967,Leo Østigård,positional_cb,Positional Center Back,tackles_per90,0.1,1.235,45.5
19179,Tyrone Mings,positional_cb,Positional Center Back,tackles_per90,0.1,0.34,0.0
19182,Axel Tuanzebe,positional_cb,Positional Center Back,tackles_per90,0.1,1.048,25.4
19209,Fikayo Tomori,positional_cb,Positional Center Back,tackles_per90,0.1,2.282,99.5
19263,Lloyd Kelly,positional_cb,Positional Center Back,tackles_per90,0.1,1.441,68.5
19321,Joe Rodon,positional_cb,Positional Center Back,tackles_per90,0.1,1.128,31.0
19354,Ezri Konsa,positional_cb,Positional Center Back,tackles_per90,0.1,0.652,3.3
19495,Nathan Collins,positional_cb,Positional Center Back,tackles_per90,0.1,0.939,16.0
19518,Maxime Colin,positional_cb,Positional Center Back,tackles_per90,0.1,2.118,97.7
19720,Trevoh Chalobah,positional_cb,Positional Center Back,tackles_per90,0.1,1.132,32.9
20546,Brendan Chardonnet,positional_cb,Positional Center Back,tackles_per90,0.1,1.272,49.8
20656,Enzo Ebosse,positional_cb,Positional Center Back,tackles_per90,0.1,0.811,9.9
20869,Samir Sophian Chergui,positional_cb,Positional Center Back,tackles_per90,0.1,1.403,63.8
21090,Diego Carlos,positional_cb,Positional Center Back,tackles_per90,0.1,1.386,62.0
21381,Jordan Lefort,positional_cb,Positional Center Back,tackles_per90,0.1,1.5,75.1
21694,Nayef Aguerd,positional_cb,Positional Center Back,tackles_per90,0.1,1.311,53.1
21998,Axel Disasi,positional_cb,Positional Center Back,tackles_per90,0.1,1.004,22.1
22090,William Saliba,positional_cb,Positional Center Back,tackles_per90,0.1,1.205,40.8
22094,Wesley Fofana,positional_cb,Positional Center Back,tackles_per90,0.1,0.991,19.7
22163,Dante,positional_cb,Positional Center Back,tackles_per90,0.1,0.968,17.8
22224,Gabriel Magalhães,positional_cb,Positional Center Back,tackles_per90,0.1,1.243,48.4
24899,Patrick Mainka,positional_cb,Positional Center Back,tackles_per90,0.1,1.324,55.4
24903,Robert Andrich,positional_cb,Positional Center Back,tackles_per90,0.1,1.519,76.1
24953,Yann Bisseck,positional_cb,Positional Center Back,tackles_per90,0.1,1.264,48.8
24961,Hauke Wahl,positional_cb,Positional Center Back,tackles_per90,0.1,1.494,74.6
25011,Amos Pieper,positional_cb,Positional Center Back,tackles_per90,0.1,1.855,93.9
25314,Marco Friedl,positional_cb,Positional Center Back,tackles_per90,0.1,1.554,79.3
25346,Jordan Torunarigha,positional_cb,Positional Center Back,tackles_per90,0.1,1.695,87.3
25368,Waldemar Anton,positional_cb,Positional Center Back,tackles_per90,0.1,2.281,99.1
25916,Moussa Niakhaté,positional_cb,Positional Center Back,tackles_per90,0.1,1.175,37.1
26238,Robin Koch,positional_cb,Positional Center Back,tackles_per90,0.1,1.333,56.3
26240,Philipp Lienhart,positional_cb,Positional Center Back,tackles_per90,0.1,1.241,47.4
26301,Marc Kempf,positional_cb,Positional Center Back,tackles_per90,0.1,0.814,10.3
30420,Enrico Delprato,positional_cb,Positional Center Back,tackles_per90,0.1,1.097,29.1
30421,Berat Djimsiti,positional_cb,Positional Center Back,tackles_per90,0.1,1.848,93.4
30497,Bremer,positional_cb,Positional Center Back,tackles_per90,0.1,1.159,35.2
31043,Kevin Diks,positional_cb,Positional Center Back,tackles_per90,0.1,1.569,81.2
31642,Luca Ranieri,positional_cb,Positional Center Back,tackles_per90,0.1,1.234,45.1
32893,Hiroki Itō,positional_cb,Positional Center Back,tackles_per90,0.1,0.386,0.5
36922,Sepp van den Berg,positional_cb,Positional Center Back,tackles_per90,0.1,0.75,6.6
37604,Sam Beukema,positional_cb,Positional Center Back,tackles_per90,0.1,1.014,22.5
37651,Jay Idzes,positional_cb,Positional Center Back,tackles_per90,0.1,0.823,10.8
38695,Jan Paul van Hecke,positional_cb,Positional Center Back,tackles_per90,0.1,1.486,73.7
38734,Sven Botman,positional_cb,Positional Center Back,tackles_per90,0.1,1.077,27.2
39254,Torbjørn Heggem,positional_cb,Positional Center Back,tackles_per90,0.1,1.363,60.1
41150,Edmond Tapsoba,positional_cb,Positional Center Back,tackles_per90,0.1,1.083,27.7
41606,Toti Gomes,positional_cb,Positional Center Back,tackles_per90,0.1,1.451,70.0
46733,Antonio Raíllo,positional_cb,Positional Center Back,tackles_per90,0.1,1.087,28.2
46738,Martin Valjent,positional_cb,Positional Center Back,tackles_per90,0.1,1.36,59.2
46815,Pau Torres,positional_cb,Positional Center Back,tackles_per90,0.1,1.181,38.5
46941,Unai Elgezabal,positional_cb,Positional Center Back,tackles_per90,0.1,0.752,7.0
46966,Dani Calvo,positional_cb,Positional Center Back,tackles_per90,0.1,1.503,75.6
47249,Leandro Cabrera,positional_cb,Positional Center Back,tackles_per90,0.1,0.973,18.3
47250,Djené,positional_cb,Positional Center Back,tackles_per90,0.1,1.219,42.3
47301,Robin Le Normand,positional_cb,Positional Center Back,tackles_per90,0.1,1.761,89.2
47378,Pedro Bigas,positional_cb,Positional Center Back,tackles_per90,0.1,1.48,72.8
47429,David Costas,positional_cb,Positional Center Back,tackles_per90,0.1,1.128,31.5
47478,Fernando Calero,positional_cb,Positional Center Back,tackles_per90,0.1,1.214,41.8
47533,Alejandro Catena,positional_cb,Positional Center Back,tackles_per90,0.1,1.171,36.6
47903,Hjalmar Ekdal,positional_cb,Positional Center Back,tackles_per90,0.1,1.404,64.3
47988,Carl Starfelt,positional_cb,Positional Center Back,tackles_per90,0.1,1.386,62.4
48142,Karol Mets,positional_cb,Positional Center Back,tackles_per90,0.1,1.163,36.2
48372,Eray Cömert,positional_cb,Positional Center Back,tackles_per90,0.1,1.68,85.4
48765,Joel Schmied,positional_cb,Positional Center Back,tackles_per90,0.1,0.917,14.1
50026,Chidozie Awaziem,positional_cb,Positional Center Back,tackles_per90,0.1,1.129,31.9
50030,Montassar Talbi,positional_cb,Positional Center Back,tackles_per90,0.1,0.759,7.5
50735,Mark McKenzie,positional_cb,Positional Center Back,tackles_per90,0.1,1.647,83.1
56473,Matteo Gabbia,positional_cb,Positional Center Back,tackles_per90,0.1,0.747,6.1
64003,Pascal Struijk,positional_cb,Positional Center Back,tackles_per90,0.1,1.195,39.9
64255,Gautier Lloris,positional_cb,Positional Center Back,tackles_per90,0.1,1.538,77.5
67943,Morato,positional_cb,Positional Center Back,tackles_per90,0.1,1.977,96.2
67971,Marc Guéhi,positional_cb,Positional Center Back,tackles_per90,0.1,1.314,53.5
91503,Simone Canestrelli,positional_cb,Positional Center Back,tackles_per90,0.1,1.125,30.5
101814,Ronald Araújo,positional_cb,Positional Center Back,tackles_per90,0.1,1.763,90.1
126757,Lilian Brassier,positional_cb,Positional Center Back,tackles_per90,0.1,1.199,40.4
127035,Federico Baschirotto,positional_cb,Positional Center Back,tackles_per90,0.1,0.921,15.5
129033,Joško Gvardiol,positional_cb,Positional Center Back,tackles_per90,0.1,1.179,37.6
129681,Anthony Rouault,positional_cb,Positional Center Back,tackles_per90,0.1,1.305,52.6
135883,Ramon Hendriks,positional_cb,Positional Center Back,tackles_per90,0.1,1.549,78.4
147835,Andrew Omobamidele,positional_cb,Positional Center Back,tackles_per90,0.1,0.458,0.9
152849,Micky van de Ven,positional_cb,Positional Center Back,tackles_per90,0.1,1.153,34.7
152967,Calvin Bassey,positional_cb,Positional Center Back,tackles_per90,0.1,2.193,98.1
157146,Léo Pétrot,positional_cb,Positional Center Back,tackles_per90,0.1,2.062,96.7
158698,Jarell Quansah,positional_cb,Positional Center Back,tackles_per90,0.1,1.092,28.6
161671,Ilya Zabarnyi,positional_cb,Positional Center Back,tackles_per90,0.1,1.207,41.3
162141,Koni De Winter,positional_cb,Positional Center Back,tackles_per90,0.1,1.446,69.5
162265,Warmed Omari,positional_cb,Positional Center Back,tackles_per90,0.1,1.232,44.6
162414,Aurèle Amenda,positional_cb,Positional Center Back,tackles_per90,0.1,0.801,8.9
162466,Sinaly Diomandé,positional_cb,Positional Center Back,tackles_per90,0.1,1.392,62.9
162568,Soumaila Coulibaly,positional_cb,Positional Center Back,tackles_per90,0.1,0.941,16.4
162761,Castello Lukeba,positional_cb,Positional Center Back,tackles_per90,0.1,1.282,50.7
162952,Mario Gila,positional_cb,Positional Center Back,tackles_per90,0.1,1.668,84.5
162964,Robin Hranáč,positional_cb,Positional Center Back,tackles_per90,0.1,1.0,21.1
163039,Chrislain Matsima,positional_cb,Positional Center Back,tackles_per90,0.1,1.145,33.8
163189,Malick Thiaw,positional_cb,Positional Center Back,tackles_per90,0.1,1.336,57.3
174881,Moustapha Mbow,positional_cb,Positional Center Back,tackles_per90,0.1,1.723,88.3
174918,Loïc Badé,positional_cb,Positional Center Back,tackles_per90,0.1,1.79,90.6
179400,Maxime Estève,positional_cb,Positional Center Back,tackles_per90,0.1,1.348,58.2
181582,José Copete,positional_cb,Positional Center Back,tackles_per90,0.1,1.273,50.2
181701,Gerard Martín,positional_cb,Positional Center Back,tackles_per90,0.1,1.682,86.4
182546,Jon Pacheco,positional_cb,Positional Center Back,tackles_per90,0.1,1.92,95.3
182592,Jorge Herrando,positional_cb,Positional Center Back,tackles_per90,0.1,1.847,93.0
183849,Aitor Paredes,positional_cb,Positional Center Back,tackles_per90,0.1,1.16,35.7
191160,Jordy Makengo,positional_cb,Positional Center Back,tackles_per90,0.1,1.667,84.0
191189,Clement Akpa,positional_cb,Positional Center Back,tackles_per90,0.1,1.432,67.6
195100,Natan,positional_cb,Positional Center Back,tackles_per90,0.1,0.993,20.7
203219,Jamil Siebert,positional_cb,Positional Center Back,tackles_per90,0.1,1.424,66.7
204043,Arthur Theate,positional_cb,Positional Center Back,tackles_per90,0.1,1.47,71.8
231032,Moritz Jenz,positional_cb,Positional Center Back,tackles_per90,0.1,1.61,82.2
237066,Rafa Marín,positional_cb,Positional Center Back,tackles_per90,0.1,1.682,85.9
264472,Filippo Terracciano,positional_cb,Positional Center Back,tackles_per90,0.1,0.986,19.2
268341,Federico Gatti,positional_cb,Positional Center Back,tackles_per90,0.1,0.982,18.8
271350,Tarik Muharemović,positional_cb,Positional Center Back,tackles_per90,0.1,1.397,63.4
271540,Ousmane Camara,positional_cb,Positional Center Back,tackles_per90,0.1,1.556,79.8
271542,Ismael Doukouré,positional_cb,Positional Center Back,tackles_per90,0.1,0.867,12.2
276184,Mamadou Sarr,positional_cb,Positional Center Back,tackles_per90,0.1,1.02,23.0
281495,Thomas Kristensen,positional_cb,Positional Center Back,tackles_per90,0.1,0.945,16.9
281826,Alessandro Marcandalli,positional_cb,Positional Center Back,tackles_per90,0.1,1.14,33.3
282054,Clemens Riedel,positional_cb,Positional Center Back,tackles_per90,0.1,1.797,91.1
287916,Rav van den Berg,positional_cb,Positional Center Back,tackles_per90,0.1,1.107,30.0
291589,Kialonda Gaspar,positional_cb,Positional Center Back,tackles_per90,0.1,1.131,32.4
295793,Marc Pubill,positional_cb,Positional Center Back,tackles_per90,0.1,1.628,82.6
304427,Ali Youssef,positional_cb,Positional Center Back,tackles_per90,0.1,1.023,23.5
312964,Nathan Ngoy,positional_cb,Positional Center Back,tackles_per90,0.1,1.231,44.1
322984,Samson Baidoo,positional_cb,Positional Center Back,tackles_per90,0.1,1.67,85.0
324019,Daniel Elfadli,positional_cb,Positional Center Back,tackles_per90,0.1,1.564,80.8
329722,Yoel Lago,positional_cb,Positional Center Back,tackles_per90,0.1,1.806,91.5
333672,César Tárrega,positional_cb,Positional Center Back,tackles_per90,0.1,1.456,70.9
336671,Renato Veiga,positional_cb,Positional Center Back,tackles_per90,0.1,0.688,4.2
341640,Raúl Asencio,positional_cb,Positional Center Back,tackles_per90,0.1,0.897,13.6
342063,Diego Coppola,positional_cb,Positional Center Back,tackles_per90,0.1,0.919,14.6
342970,Leny Yoro,positional_cb,Positional Center Back,tackles_per90,0.1,1.648,83.6
343316,Jeanuël Belocian,positional_cb,Positional Center Back,tackles_per90,0.1,1.844,92.5
348568,Alessandro Circati,positional_cb,Positional Center Back,tackles_per90,0.1,1.418,65.7
350857,Oliver Provstgaard,positional_cb,Positional Center Back,tackles_per90,0.1,0.699,5.2
358431,Nobel Mendy,positional_cb,Positional Center Back,tackles_per90,0.1,1.441,69.0
360114,Abdukodir Khusanov,positional_cb,Positional Center Back,tackles_per90,0.1,1.7,87.8
361393,Bruno Ogbus,positional_cb,Positional Center Back,tackles_per90,0.1,1.745,88.7
361497,Dean Huijsen,positional_cb,Positional Center Back,tackles_per90,0.1,1.37,60.6
363695,Murillo,positional_cb,Positional Center Back,tackles_per90,0.1,1.477,72.3
363792,Terry Yegbe,positional_cb,Positional Center Back,tackles_per90,0.1,0.687,3.8
365742,Michel Diaz,positional_cb,Positional Center Back,tackles_per90,0.1,1.558,80.3
367636,Jérémy Jacquet,positional_cb,Positional Center Back,tackles_per90,0.1,1.452,70.4
384135,Javi Rodríguez,positional_cb,Positional Center Back,tackles_per90,0.1,1.335,56.8
394734,Finn Jeltsch,positional_cb,Positional Center Back,tackles_per90,0.1,1.429,67.1
396193,Lucas Høgsberg,positional_cb,Positional Center Back,tackles_per90,0.1,1.052,25.8
396623,Pau Cubarsí,positional_cb,Positional Center Back,tackles_per90,0.1,1.363,59.6
402329,Ayden Heaven,positional_cb,Positional Center Back,tackles_per90,0.1,2.111,97.2
404172,Kojo Peprah Oppong,positional_cb,Positional Center Back,tackles_per90,0.1,1.691,86.9
405073,Jon Martin,positional_cb,Positional Center Back,tackles_per90,0.1,1.24,46.9
414359,Vitor Reis,positional_cb,Positional Center Back,tackles_per90,0.1,1.405,65.3
415155,Juan Rodríguez,positional_cb,Positional Center Back,tackles_per90,0.1,2.532,100.0
421807,Matias Moreno,positional_cb,Positional Center Back,tackles_per90,0.1,1.271,49.3
428237,Mariano Troilo,positional_cb,Positional Center Back,tackles_per90,0.1,1.485,73.2
440147,Karim Coulibaly,positional_cb,Positional Center Back,tackles_per90,0.1,1.145,34.3
449509,Abdulay Juma Bah,positional_cb,Positional Center Back,tackles_per90,0.1,1.527,76.5
455316,Tiago Gabriel,positional_cb,Positional Center Back,tackles_per90,0.1,1.761,89.7
522609,Tylel Tati,positional_cb,Positional Center Back,tackles_per90,0.1,0.992,20.2
5,Manuel Akanji,positional_cb,Positional Center Back,dribbled_past_per90,0.15,0.319,50.7
33,Lucas Hernández,positional_cb,Positional Center Back,dribbled_past_per90,0.15,0.411,31.9
68,Clinton Mata,positional_cb,Positional Center Back,dribbled_past_per90,0.15,0.317,52.1
131,Jorge Cuenca,positional_cb,Positional Center Back,dribbled_past_per90,0.15,0.373,41.8
133,Clément Lenglet,positional_cb,Positional Center Back,dribbled_past_per90,0.15,0.581,9.9
138,Jean-Clair Todibo,positional_cb,Positional Center Back,dribbled_past_per90,0.15,0.347,46.5
166,Juan Foyth,positional_cb,Positional Center Back,dribbled_past_per90,0.15,0.096,93.4
257,Marquinhos,positional_cb,Positional Center Back,dribbled_past_per90,0.15,0.086,94.8
290,Virgil van Dijk,positional_cb,Positional Center Back,dribbled_past_per90,0.15,0.053,99.5
319,Sebastiano Luperto,positional_cb,Positional Center Back,dribbled_past_per90,0.15,0.268,64.8
375,Chancel Mbemba,positional_cb,Positional Center Back,dribbled_past_per90,0.15,0.378,39.9
531,Daley Blind,positional_cb,Positional Center Back,dribbled_past_per90,0.15,0.552,12.2
532,Matthijs de Ligt,positional_cb,Positional Center Back,dribbled_past_per90,0.15,0.462,23.0
567,Rúben Dias,positional_cb,Positional Center Back,dribbled_past_per90,0.15,0.084,95.8
622,Aymeric Laporte,positional_cb,Positional Center Back,dribbled_past_per90,0.15,0.393,37.1
734,Adrián de la Fuente,positional_cb,Positional Center Back,dribbled_past_per90,0.15,0.232,74.2
833,Jaka Bijol,positional_cb,Positional Center Back,dribbled_past_per90,0.15,0.282,60.6
885,Eric Bailly,positional_cb,Positional Center Back,dribbled_past_per90,0.15,0.146,88.7
889,Victor Lindelöf,positional_cb,Positional Center Back,dribbled_past_per90,0.15,0.183,84.0
972,Jonathan Tah,positional_cb,Positional Center Back,dribbled_past_per90,0.15,0.311,54.5
1084,Marin Pongračić,positional_cb,Positional Center Back,dribbled_past_per90,0.15,0.185,83.6
1145,Ibrahima Konaté,positional_cb,Positional Center Back,dribbled_past_per90,0.15,0.29,59.2
1148,Willi Orbán,positional_cb,Positional Center Back,dribbled_past_per90,0.15,0.519,16.0
1149,Dayot Upamecano,positional_cb,Positional Center Back,dribbled_past_per90,0.15,0.451,25.4
1291,Denis Vavro,positional_cb,Positional Center Back,dribbled_past_per90,0.15,0.705,1.9
1314,Amir Rrahmani,positional_cb,Positional Center Back,dribbled_past_per90,0.15,0.1,93.0
1445,Konstantinos Mavropanos,positional_cb,Positional Center Back,dribbled_past_per90,0.15,0.497,19.7
1567,Aïssa Mandi,positional_cb,Positional Center Back,dribbled_past_per90,0.15,0.37,42.7
1632,Alessio Romagnoli,positional_cb,Positional Center Back,dribbled_past_per90,0.15,0.337,47.9
1807,Evan Ndicka,positional_cb,Positional Center Back,dribbled_past_per90,0.15,0.268,65.3
1836,Francesco Acerbi,positional_cb,Positional Center Back,dribbled_past_per90,0.15,0.13,90.1
1902,Duje Ćaleta-Car,positional_cb,Positional Center Back,dribbled_past_per90,0.15,0.167,85.0
1929,Jhon Lucumí,positional_cb,Positional Center Back,dribbled_past_per90,0.15,0.548,13.1
2278,Marcos Alonso,positional_cb,Positional Center Back,dribbled_past_per90,0.15,0.585,9.4
2285,Antonio Rüdiger,positional_cb,Positional Center Back,dribbled_past_per90,0.15,0.06,98.6
2467,Lisandro Martínez,positional_cb,Positional Center Back,dribbled_past_per90,0.15,0.218,77.9
2484,Yerry Mina,positional_cb,Positional Center Back,dribbled_past_per90,0.15,0.334,48.4
2725,Benjamin Pavard,positional_cb,Positional Center Back,dribbled_past_per90,0.15,0.22,77.5
2729,Joachim Andersen,positional_cb,Positional Center Back,dribbled_past_per90,0.15,0.499,18.8
2803,Nico Elvedi,positional_cb,Positional Center Back,dribbled_past_per90,0.15,0.212,78.9
2817,Nikola Milenković,positional_cb,Positional Center Back,dribbled_past_per90,0.15,0.267,65.7
2897,Kim Min-jae,positional_cb,Positional Center Back,dribbled_past_per90,0.15,0.278,62.4
2915,Matthias Ginter,positional_cb,Positional Center Back,dribbled_past_per90,0.15,0.254,68.5
2934,Michael Keane,positional_cb,Positional Center Back,dribbled_past_per90,0.15,0.412,30.5
2935,Harry Maguire,positional_cb,Positional Center Back,dribbled_past_per90,0.15,0.216,78.4
2936,James Tarkowski,positional_cb,Positional Center Back,dribbled_past_per90,0.15,0.351,45.1
6168,Omar Alderete,positional_cb,Positional Center Back,dribbled_past_per90,0.15,0.257,67.6
6231,Facundo Medina,positional_cb,Positional Center Back,dribbled_past_per90,0.15,0.654,4.7
8486,Eric Smith,positional_cb,Positional Center Back,dribbled_past_per90,0.15,0.506,17.4
8694,Wout Faes,positional_cb,Positional Center Back,dribbled_past_per90,0.15,0.473,22.1
14329,Ardian Ismajli,positional_cb,Positional Center Back,dribbled_past_per90,0.15,0.235,73.2
15793,Rasmus Nicolaisen,positional_cb,Positional Center Back,dribbled_past_per90,0.15,0.421,28.4
16367,Willian Pacho,positional_cb,Positional Center Back,dribbled_past_per90,0.15,0.376,40.4
18744,Max Kilman,positional_cb,Positional Center Back,dribbled_past_per90,0.15,0.403,33.8
18797,Christian Kabasele,positional_cb,Positional Center Back,dribbled_past_per90,0.15,0.199,81.7
18963,Lewis Dunk,positional_cb,Positional Center Back,dribbled_past_per90,0.15,0.665,3.3
18967,Leo Østigård,positional_cb,Positional Center Back,dribbled_past_per90,0.15,0.24,72.8
19179,Tyrone Mings,positional_cb,Positional Center Back,dribbled_past_per90,0.15,0.136,89.2
19182,Axel Tuanzebe,positional_cb,Positional Center Back,dribbled_past_per90,0.15,0.374,41.3
19209,Fikayo Tomori,positional_cb,Positional Center Back,dribbled_past_per90,0.15,0.632,6.1
19263,Lloyd Kelly,positional_cb,Positional Center Back,dribbled_past_per90,0.15,0.21,79.3
19321,Joe Rodon,positional_cb,Positional Center Back,dribbled_past_per90,0.15,0.305,54.9
19354,Ezri Konsa,positional_cb,Positional Center Back,dribbled_past_per90,0.15,0.119,91.1
19495,Nathan Collins,positional_cb,Positional Center Back,dribbled_past_per90,0.15,0.273,63.4
19518,Maxime Colin,positional_cb,Positional Center Back,dribbled_past_per90,0.15,0.741,0.5
19720,Trevoh Chalobah,positional_cb,Positional Center Back,dribbled_past_per90,0.15,0.291,58.2
20546,Brendan Chardonnet,positional_cb,Positional Center Back,dribbled_past_per90,0.15,0.495,20.2
20656,Enzo Ebosse,positional_cb,Positional Center Back,dribbled_past_per90,0.15,0.338,47.4
20869,Samir Sophian Chergui,positional_cb,Positional Center Back,dribbled_past_per90,0.15,0.156,86.9
21090,Diego Carlos,positional_cb,Positional Center Back,dribbled_past_per90,0.15,0.092,93.9
21381,Jordan Lefort,positional_cb,Positional Center Back,dribbled_past_per90,0.15,0.618,8.0
21694,Nayef Aguerd,positional_cb,Positional Center Back,dribbled_past_per90,0.15,0.228,77.0
21998,Axel Disasi,positional_cb,Positional Center Back,dribbled_past_per90,0.15,0.072,97.2
22090,William Saliba,positional_cb,Positional Center Back,dribbled_past_per90,0.15,0.241,72.3
22094,Wesley Fofana,positional_cb,Positional Center Back,dribbled_past_per90,0.15,0.209,80.3
22163,Dante,positional_cb,Positional Center Back,dribbled_past_per90,0.15,0.581,10.8
22224,Gabriel Magalhães,positional_cb,Positional Center Back,dribbled_past_per90,0.15,0.229,75.6
24899,Patrick Mainka,positional_cb,Positional Center Back,dribbled_past_per90,0.15,0.588,8.9
24903,Robert Andrich,positional_cb,Positional Center Back,dribbled_past_per90,0.15,0.318,51.2
24953,Yann Bisseck,positional_cb,Positional Center Back,dribbled_past_per90,0.15,0.375,40.8
24961,Hauke Wahl,positional_cb,Positional Center Back,dribbled_past_per90,0.15,0.417,29.6
25011,Amos Pieper,positional_cb,Positional Center Back,dribbled_past_per90,0.15,0.299,56.8
25314,Marco Friedl,positional_cb,Positional Center Back,dribbled_past_per90,0.15,0.636,5.6
25346,Jordan Torunarigha,positional_cb,Positional Center Back,dribbled_past_per90,0.15,0.504,17.8
25368,Waldemar Anton,positional_cb,Positional Center Back,dribbled_past_per90,0.15,0.344,46.9
25916,Moussa Niakhaté,positional_cb,Positional Center Back,dribbled_past_per90,0.15,0.261,67.1
26238,Robin Koch,positional_cb,Positional Center Back,dribbled_past_per90,0.15,0.317,51.6
26240,Philipp Lienhart,positional_cb,Positional Center Back,dribbled_past_per90,0.15,0.414,30.0
26301,Marc Kempf,positional_cb,Positional Center Back,dribbled_past_per90,0.15,0.581,10.3
30420,Enrico Delprato,positional_cb,Positional Center Back,dribbled_past_per90,0.15,0.518,16.4
30421,Berat Djimsiti,positional_cb,Positional Center Back,dribbled_past_per90,0.15,0.675,2.3
30497,Bremer,positional_cb,Positional Center Back,dribbled_past_per90,0.15,0.166,85.4
31043,Kevin Diks,positional_cb,Positional Center Back,dribbled_past_per90,0.15,0.401,34.7
31642,Luca Ranieri,positional_cb,Positional Center Back,dribbled_past_per90,0.15,0.29,58.7
32893,Hiroki Itō,positional_cb,Positional Center Back,dribbled_past_per90,0.15,0.193,82.6
36922,Sepp van den Berg,positional_cb,Positional Center Back,dribbled_past_per90,0.15,0.228,76.5
37604,Sam Beukema,positional_cb,Positional Center Back,dribbled_past_per90,0.15,0.48,21.1
37651,Jay Idzes,positional_cb,Positional Center Back,dribbled_past_per90,0.15,0.264,66.7
38695,Jan Paul van Hecke,positional_cb,Positional Center Back,dribbled_past_per90,0.15,0.589,8.5
38734,Sven Botman,positional_cb,Positional Center Back,dribbled_past_per90,0.15,0.147,88.3
39254,Torbjørn Heggem,positional_cb,Positional Center Back,dribbled_past_per90,0.15,0.383,39.0
41150,Edmond Tapsoba,positional_cb,Positional Center Back,dribbled_past_per90,0.15,0.245,70.9
41606,Toti Gomes,positional_cb,Positional Center Back,dribbled_past_per90,0.15,0.252,69.5
46733,Antonio Raíllo,positional_cb,Positional Center Back,dribbled_past_per90,0.15,0.13,89.7
46738,Martin Valjent,positional_cb,Positional Center Back,dribbled_past_per90,0.15,0.272,63.8
46815,Pau Torres,positional_cb,Positional Center Back,dribbled_past_per90,0.15,0.483,20.7
46941,Unai Elgezabal,positional_cb,Positional Center Back,dribbled_past_per90,0.15,0.658,3.8
46966,Dani Calvo,positional_cb,Positional Center Back,dribbled_past_per90,0.15,0.111,91.5
47249,Leandro Cabrera,positional_cb,Positional Center Back,dribbled_past_per90,0.15,0.541,13.6
47250,Djené,positional_cb,Positional Center Back,dribbled_past_per90,0.15,0.348,46.0
47301,Robin Le Normand,positional_cb,Positional Center Back,dribbled_past_per90,0.15,0.402,34.3
47378,Pedro Bigas,positional_cb,Positional Center Back,dribbled_past_per90,0.15,0.783,0.0
47429,David Costas,positional_cb,Positional Center Back,dribbled_past_per90,0.15,0.39,37.6
47478,Fernando Calero,positional_cb,Positional Center Back,dribbled_past_per90,0.15,0.293,57.7
47533,Alejandro Catena,positional_cb,Positional Center Back,dribbled_past_per90,0.15,0.322,49.8
47903,Hjalmar Ekdal,positional_cb,Positional Center Back,dribbled_past_per90,0.15,0.234,73.7
47988,Carl Starfelt,positional_cb,Positional Center Back,dribbled_past_per90,0.15,0.06,99.1
48142,Karol Mets,positional_cb,Positional Center Back,dribbled_past_per90,0.15,0.279,61.5
48372,Eray Cömert,positional_cb,Positional Center Back,dribbled_past_per90,0.15,0.538,14.1
48765,Joel Schmied,positional_cb,Positional Center Back,dribbled_past_per90,0.15,0.333,48.8
50026,Chidozie Awaziem,positional_cb,Positional Center Back,dribbled_past_per90,0.15,0.403,33.3
50030,Montassar Talbi,positional_cb,Positional Center Back,dribbled_past_per90,0.15,0.621,7.0
50735,Mark McKenzie,positional_cb,Positional Center Back,dribbled_past_per90,0.15,0.412,31.5
56473,Matteo Gabbia,positional_cb,Positional Center Back,dribbled_past_per90,0.15,0.178,84.5
64003,Pascal Struijk,positional_cb,Positional Center Back,dribbled_past_per90,0.15,0.521,15.5
64255,Gautier Lloris,positional_cb,Positional Center Back,dribbled_past_per90,0.15,0.3,56.3
67943,Morato,positional_cb,Positional Center Back,dribbled_past_per90,0.15,0.461,23.5
67971,Marc Guéhi,positional_cb,Positional Center Back,dribbled_past_per90,0.15,0.314,53.5
91503,Simone Canestrelli,positional_cb,Positional Center Back,dribbled_past_per90,0.15,0.366,43.7
101814,Ronald Araújo,positional_cb,Positional Center Back,dribbled_past_per90,0.15,0.084,95.3
126757,Lilian Brassier,positional_cb,Positional Center Back,dribbled_past_per90,0.15,0.08,96.2
127035,Federico Baschirotto,positional_cb,Positional Center Back,dribbled_past_per90,0.15,0.39,38.0
129033,Joško Gvardiol,positional_cb,Positional Center Back,dribbled_past_per90,0.15,0.066,97.7
129681,Anthony Rouault,positional_cb,Positional Center Back,dribbled_past_per90,0.15,0.626,6.6
135883,Ramon Hendriks,positional_cb,Positional Center Back,dribbled_past_per90,0.15,0.398,35.7
147835,Andrew Omobamidele,positional_cb,Positional Center Back,dribbled_past_per90,0.15,0.065,98.1
152849,Micky van de Ven,positional_cb,Positional Center Back,dribbled_past_per90,0.15,0.325,49.3
152967,Calvin Bassey,positional_cb,Positional Center Back,dribbled_past_per90,0.15,0.248,70.0
157146,Léo Pétrot,positional_cb,Positional Center Back,dribbled_past_per90,0.15,0.446,26.8
158698,Jarell Quansah,positional_cb,Positional Center Back,dribbled_past_per90,0.15,0.078,96.7
161671,Ilya Zabarnyi,positional_cb,Positional Center Back,dribbled_past_per90,0.15,0.151,87.8
162141,Koni De Winter,positional_cb,Positional Center Back,dribbled_past_per90,0.15,0.199,81.2
162265,Warmed Omari,positional_cb,Positional Center Back,dribbled_past_per90,0.15,0.56,11.7
162414,Aurèle Amenda,positional_cb,Positional Center Back,dribbled_past_per90,0.15,0.32,50.2
162466,Sinaly Diomandé,positional_cb,Positional Center Back,dribbled_past_per90,0.15,0.506,16.9
162568,Soumaila Coulibaly,positional_cb,Positional Center Back,dribbled_past_per90,0.15,0.0,100.0
162761,Castello Lukeba,positional_cb,Positional Center Back,dribbled_past_per90,0.15,0.165,85.9
162952,Mario Gila,positional_cb,Positional Center Back,dribbled_past_per90,0.15,0.399,35.2
162964,Robin Hranáč,positional_cb,Positional Center Back,dribbled_past_per90,0.15,0.28,61.0
163039,Chrislain Matsima,positional_cb,Positional Center Back,dribbled_past_per90,0.15,0.241,71.8
163189,Malick Thiaw,positional_cb,Positional Center Back,dribbled_past_per90,0.15,0.395,36.6
174881,Moustapha Mbow,positional_cb,Positional Center Back,dribbled_past_per90,0.15,0.365,44.1
174918,Loïc Badé,positional_cb,Positional Center Back,dribbled_past_per90,0.15,0.163,86.4
179400,Maxime Estève,positional_cb,Positional Center Back,dribbled_past_per90,0.15,0.46,23.9
181582,José Copete,positional_cb,Positional Center Back,dribbled_past_per90,0.15,0.407,32.9
181701,Gerard Martín,positional_cb,Positional Center Back,dribbled_past_per90,0.15,0.421,28.4
182546,Jon Pacheco,positional_cb,Positional Center Back,dribbled_past_per90,0.15,0.571,11.3
182592,Jorge Herrando,positional_cb,Positional Center Back,dribbled_past_per90,0.15,0.504,18.3
183849,Aitor Paredes,positional_cb,Positional Center Back,dribbled_past_per90,0.15,0.276,62.9
191160,Jordy Makengo,positional_cb,Positional Center Back,dribbled_past_per90,0.15,0.303,55.4
191189,Clement Akpa,positional_cb,Positional Center Back,dribbled_past_per90,0.15,0.462,22.5
195100,Natan,positional_cb,Positional Center Back,dribbled_past_per90,0.15,0.288,59.6
203219,Jamil Siebert,positional_cb,Positional Center Back,dribbled_past_per90,0.15,0.527,14.6
204043,Arthur Theate,positional_cb,Positional Center Back,dribbled_past_per90,0.15,0.42,29.1
231032,Moritz Jenz,positional_cb,Positional Center Back,dribbled_past_per90,0.15,0.302,55.9
237066,Rafa Marín,positional_cb,Positional Center Back,dribbled_past_per90,0.15,0.455,24.4
264472,Filippo Terracciano,positional_cb,Positional Center Back,dribbled_past_per90,0.15,0.269,64.3
268341,Federico Gatti,positional_cb,Positional Center Back,dribbled_past_per90,0.15,0.245,70.4
271350,Tarik Muharemović,positional_cb,Positional Center Back,dribbled_past_per90,0.15,0.286,60.1
271540,Ousmane Camara,positional_cb,Positional Center Back,dribbled_past_per90,0.15,0.232,74.6
271542,Ismael Doukouré,positional_cb,Positional Center Back,dribbled_past_per90,0.15,0.087,94.4
276184,Mamadou Sarr,positional_cb,Positional Center Back,dribbled_past_per90,0.15,0.446,26.3
281495,Thomas Kristensen,positional_cb,Positional Center Back,dribbled_past_per90,0.15,0.618,7.5
281826,Alessandro Marcandalli,positional_cb,Positional Center Back,dribbled_past_per90,0.15,0.104,92.5
282054,Clemens Riedel,positional_cb,Positional Center Back,dribbled_past_per90,0.15,0.385,38.5
287916,Rav van den Berg,positional_cb,Positional Center Back,dribbled_past_per90,0.15,0.316,52.6
291589,Kialonda Gaspar,positional_cb,Positional Center Back,dribbled_past_per90,0.15,0.295,57.3
295793,Marc Pubill,positional_cb,Positional Center Back,dribbled_past_per90,0.15,0.195,82.2
304427,Ali Youssef,positional_cb,Positional Center Back,dribbled_past_per90,0.15,0.372,42.3
312964,Nathan Ngoy,positional_cb,Positional Center Back,dribbled_past_per90,0.15,0.448,25.8
322984,Samson Baidoo,positional_cb,Positional Center Back,dribbled_past_per90,0.15,0.737,0.9
324019,Daniel Elfadli,positional_cb,Positional Center Back,dribbled_past_per90,0.15,0.498,19.2
329722,Yoel Lago,positional_cb,Positional Center Back,dribbled_past_per90,0.15,0.38,39.4
333672,César Tárrega,positional_cb,Positional Center Back,dribbled_past_per90,0.15,0.312,54.0
336671,Renato Veiga,positional_cb,Positional Center Back,dribbled_past_per90,0.15,0.435,27.2
341640,Raúl Asencio,positional_cb,Positional Center Back,dribbled_past_per90,0.15,0.369,43.2
342063,Diego Coppola,positional_cb,Positional Center Back,dribbled_past_per90,0.15,0.656,4.2
342970,Leny Yoro,positional_cb,Positional Center Back,dribbled_past_per90,0.15,0.412,31.0
343316,Jeanuël Belocian,positional_cb,Positional Center Back,dribbled_past_per90,0.15,0.256,68.1
348568,Alessandro Circati,positional_cb,Positional Center Back,dribbled_past_per90,0.15,0.203,80.8
350857,Oliver Provstgaard,positional_cb,Positional Center Back,dribbled_past_per90,0.15,0.35,45.5
358431,Nobel Mendy,positional_cb,Positional Center Back,dribbled_past_per90,0.15,0.398,36.2
360114,Abdukodir Khusanov,positional_cb,Positional Center Back,dribbled_past_per90,0.15,0.189,83.1
361393,Bruno Ogbus,positional_cb,Positional Center Back,dribbled_past_per90,0.15,0.152,87.3
361497,Dean Huijsen,positional_cb,Positional Center Back,dribbled_past_per90,0.15,0.265,66.2
363695,Murillo,positional_cb,Positional Center Back,dribbled_past_per90,0.15,0.253,69.0
363792,Terry Yegbe,positional_cb,Positional Center Back,dribbled_past_per90,0.15,0.229,76.1
365742,Michel Diaz,positional_cb,Positional Center Back,dribbled_past_per90,0.15,0.231,75.1
367636,Jérémy Jacquet,positional_cb,Positional Center Back,dribbled_past_per90,0.15,0.108,92.0
384135,Javi Rodríguez,positional_cb,Positional Center Back,dribbled_past_per90,0.15,0.667,2.8
394734,Finn Jeltsch,positional_cb,Positional Center Back,dribbled_past_per90,0.15,0.714,1.4
396193,Lucas Høgsberg,positional_cb,Positional Center Back,dribbled_past_per90,0.15,0.451,24.9
396623,Pau Cubarsí,positional_cb,Positional Center Back,dribbled_past_per90,0.15,0.432,27.7
402329,Ayden Heaven,positional_cb,Positional Center Back,dribbled_past_per90,0.15,0.48,21.6
404172,Kojo Peprah Oppong,positional_cb,Positional Center Back,dribbled_past_per90,0.15,0.242,71.4
405073,Jon Martin,positional_cb,Positional Center Back,dribbled_past_per90,0.15,0.12,90.6
414359,Vitor Reis,positional_cb,Positional Center Back,dribbled_past_per90,0.15,0.315,53.1
415155,Juan Rodríguez,positional_cb,Positional Center Back,dribbled_past_per90,0.15,0.411,32.4
421807,Matias Moreno,positional_cb,Positional Center Back,dribbled_past_per90,0.15,0.278,62.0
428237,Mariano Troilo,positional_cb,Positional Center Back,dribbled_past_per90,0.15,0.55,12.7
440147,Karim Coulibaly,positional_cb,Positional Center Back,dribbled_past_per90,0.15,0.636,5.2
449509,Abdulay Juma Bah,positional_cb,Positional Center Back,dribbled_past_per90,0.15,0.524,15.0
455316,Tiago Gabriel,positional_cb,Positional Center Back,dribbled_past_per90,0.15,0.363,44.6
522609,Tylel Tati,positional_cb,Positional Center Back,dribbled_past_per90,0.15,0.209,79.8
6,Leonardo Balerdi,stopper_cb,Stopper Center Back,duel_win_pct,0.25,57.143,47.7
31,José María Giménez,stopper_cb,Stopper Center Back,duel_win_pct,0.25,52.113,9.2
261,Thilo Kehrer,stopper_cb,Stopper Center Back,duel_win_pct,0.25,63.707,88.5
372,Éder Militão,stopper_cb,Stopper Center Back,duel_win_pct,0.25,61.321,77.7
376,Diogo Leite,stopper_cb,Stopper Center Back,duel_win_pct,0.25,56.502,39.2
433,Marcão,stopper_cb,Stopper Center Back,duel_win_pct,0.25,55.856,32.3
529,Nicolás Tagliafico,stopper_cb,Stopper Center Back,duel_win_pct,0.25,53.049,15.4
537,Joël Veltman,stopper_cb,Stopper Center Back,duel_win_pct,0.25,66.964,97.7
545,Noussair Mazraoui,stopper_cb,Stopper Center Back,duel_win_pct,0.25,62.963,86.9
619,Eric García,stopper_cb,Stopper Center Back,duel_win_pct,0.25,57.43,50.0
656,Oumar Solet,stopper_cb,Stopper Center Back,duel_win_pct,0.25,59.568,63.8
711,Stefan Posch,stopper_cb,Stopper Center Back,duel_win_pct,0.25,61.111,75.4
774,Juan Jesus,stopper_cb,Stopper Center Back,duel_win_pct,0.25,49.045,2.3
891,Luke Shaw,stopper_cb,Stopper Center Back,duel_win_pct,0.25,55.15,28.5
979,Dominik Kohr,stopper_cb,Stopper Center Back,duel_win_pct,0.25,52.344,10.8
1119,Kristoffer Ajer,stopper_cb,Stopper Center Back,duel_win_pct,0.25,54.404,23.8
1146,Nordi Mukiele,stopper_cb,Stopper Center Back,duel_win_pct,0.25,58.28,55.4
1257,Jules Koundé,stopper_cb,Stopper Center Back,duel_win_pct,0.25,54.741,25.4
1442,Sead Kolašinac,stopper_cb,Stopper Center Back,duel_win_pct,0.25,50.459,6.2
1489,Nemanja Gudelj,stopper_cb,Stopper Center Back,duel_win_pct,0.25,50.538,6.9
1561,Marc Bartra,stopper_cb,Stopper Center Back,duel_win_pct,0.25,60.227,67.7
2194,Ramy Bensebaini,stopper_cb,Stopper Center Back,duel_win_pct,0.25,55.414,29.2
2280,César Azpilicueta,stopper_cb,Stopper Center Back,duel_win_pct,0.25,53.636,19.2
2553,Guillermo Maripán,stopper_cb,Stopper Center Back,duel_win_pct,0.25,54.26,22.3
2669,Mario Hermoso,stopper_cb,Stopper Center Back,duel_win_pct,0.25,53.769,20.0
2806,Fabian Schär,stopper_cb,Stopper Center Back,duel_win_pct,0.25,57.895,53.8
2810,Denis Zakaria,stopper_cb,Stopper Center Back,duel_win_pct,0.25,49.635,3.1
2920,Timothy Castagne,stopper_cb,Stopper Center Back,duel_win_pct,0.25,57.447,50.8
6221,Lautaro Valenti,stopper_cb,Stopper Center Back,duel_win_pct,0.25,58.291,56.2
6233,Nahuel Tenaglia,stopper_cb,Stopper Center Back,duel_win_pct,0.25,58.781,57.7
6610,Marcos Senesi,stopper_cb,Stopper Center Back,duel_win_pct,0.25,52.406,12.3
10238,Carlos Augusto,stopper_cb,Stopper Center Back,duel_win_pct,0.25,61.702,80.4
14266,Ivan Smolčić,stopper_cb,Stopper Center Back,duel_win_pct,0.25,56.164,35.4
15912,Victor Nelsson,stopper_cb,Stopper Center Back,duel_win_pct,0.25,64.431,92.3
18740,Jonny Otto,stopper_cb,Stopper Center Back,duel_win_pct,0.25,53.986,21.5
18895,Florian Lejeune,stopper_cb,Stopper Center Back,duel_win_pct,0.25,59.507,63.1
18961,Dan Burn,stopper_cb,Stopper Center Back,duel_win_pct,0.25,54.909,26.2
18964,Bernardo,stopper_cb,Stopper Center Back,duel_win_pct,0.25,61.258,76.2
19545,Reece James,stopper_cb,Stopper Center Back,duel_win_pct,0.25,59.259,60.8
19760,James Justin,stopper_cb,Stopper Center Back,duel_win_pct,0.25,61.058,74.6
20093,James Hill,stopper_cb,Stopper Center Back,duel_win_pct,0.25,63.846,90.8
20995,Maxence Lacroix,stopper_cb,Stopper Center Back,duel_win_pct,0.25,61.261,76.9
22166,Malang Sarr,stopper_cb,Stopper Center Back,duel_win_pct,0.25,64.732,93.8
22225,Reinildo Mandava,stopper_cb,Stopper Center Back,duel_win_pct,0.25,55.0,26.9
24969,Philipp Sander,stopper_cb,Stopper Center Back,duel_win_pct,0.25,60.0,65.8
25061,Armel Bella-Kotchap,stopper_cb,Stopper Center Back,duel_win_pct,0.25,68.142,100.0
25203,Benedikt Gimber,stopper_cb,Stopper Center Back,duel_win_pct,0.25,59.394,62.3
25287,Kevin Danso,stopper_cb,Stopper Center Back,duel_win_pct,0.25,60.302,70.0
25342,Maximilian Mittelstädt,stopper_cb,Stopper Center Back,duel_win_pct,0.25,65.297,94.6
25907,Stefan Bell,stopper_cb,Stopper Center Back,duel_win_pct,0.25,56.738,42.3
26239,Lukas Kübler,stopper_cb,Stopper Center Back,duel_win_pct,0.25,58.974,60.0
26242,Keven Schlotterbeck,stopper_cb,Stopper Center Back,duel_win_pct,0.25,64.455,93.1
26243,Nico Schlotterbeck,stopper_cb,Stopper Center Back,duel_win_pct,0.25,61.961,82.3
26300,Ozan Kabak,stopper_cb,Stopper Center Back,duel_win_pct,0.25,60.324,70.8
30425,Gianluca Mancini,stopper_cb,Stopper Center Back,duel_win_pct,0.25,55.952,33.8
30776,Cristian Romero,stopper_cb,Stopper Center Back,duel_win_pct,0.25,66.239,95.4
30919,Matteo Bianchetti,stopper_cb,Stopper Center Back,duel_win_pct,0.25,59.278,61.5
31009,Alessandro Bastoni,stopper_cb,Stopper Center Back,duel_win_pct,0.25,58.904,58.5
31226,Alessandro Buongiorno,stopper_cb,Stopper Center Back,duel_win_pct,0.25,56.54,41.5
31604,Antonio Caracciolo,stopper_cb,Stopper Center Back,duel_win_pct,0.25,53.257,16.2
35544,Johan Vásquez,stopper_cb,Stopper Center Back,duel_win_pct,0.25,57.276,49.2
37117,Danilho Doekhi,stopper_cb,Stopper Center Back,duel_win_pct,0.25,62.899,86.2
38112,Jeff Chabot,stopper_cb,Stopper Center Back,duel_win_pct,0.25,66.776,96.9
40274,Adam Dźwigała,stopper_cb,Stopper Center Back,duel_win_pct,0.25,56.954,46.2
41964,Zé Pedro,stopper_cb,Stopper Center Back,duel_win_pct,0.25,46.897,0.8
41970,David Carmo,stopper_cb,Stopper Center Back,duel_win_pct,0.25,61.963,83.1
45826,Strahinja Pavlović,stopper_cb,Stopper Center Back,duel_win_pct,0.25,57.143,47.7
46813,Abdel Abqar,stopper_cb,Stopper Center Back,duel_win_pct,0.25,61.875,81.5
47254,Mathías Olivera,stopper_cb,Stopper Center Back,duel_win_pct,0.25,62.411,84.6
47277,Unai Núñez,stopper_cb,Stopper Center Back,duel_win_pct,0.25,52.055,8.5
47278,Dani Vivian,stopper_cb,Stopper Center Back,duel_win_pct,0.25,48.636,1.5
47302,Diego Llorente,stopper_cb,Stopper Center Back,duel_win_pct,0.25,61.538,79.2
47314,Igor Zubeldia,stopper_cb,Stopper Center Back,duel_win_pct,0.25,45.833,0.0
47480,Mohammed Salisu,stopper_cb,Stopper Center Back,duel_win_pct,0.25,57.627,51.5
55904,Daniel Ballard,stopper_cb,Stopper Center Back,duel_win_pct,0.25,58.947,59.2
66407,Ladislav Krejčí,stopper_cb,Stopper Center Back,duel_win_pct,0.25,49.77,3.8
72048,Cenk Özkaçar,stopper_cb,Stopper Center Back,duel_win_pct,0.25,56.915,45.4
115588,Bryan Okoh,stopper_cb,Stopper Center Back,duel_win_pct,0.25,63.415,87.7
122468,Saúl Coco,stopper_cb,Stopper Center Back,duel_win_pct,0.25,56.507,40.0
126640,David Affengruber,stopper_cb,Stopper Center Back,duel_win_pct,0.25,63.793,89.2
126949,Chris Richards,stopper_cb,Stopper Center Back,duel_win_pct,0.25,56.478,38.5
127817,Piero Hincapié,stopper_cb,Stopper Center Back,duel_win_pct,0.25,58.333,56.9
135068,Emmanuel Agbadou,stopper_cb,Stopper Center Back,duel_win_pct,0.25,63.81,90.0
137976,Isak Hien,stopper_cb,Stopper Center Back,duel_win_pct,0.25,51.046,7.7
157052,Riccardo Calafiori,stopper_cb,Stopper Center Back,duel_win_pct,0.25,56.522,40.8
162058,Víctor Chust,stopper_cb,Stopper Center Back,duel_win_pct,0.25,52.381,11.5
162409,Konstantinos Koulierakis,stopper_cb,Stopper Center Back,duel_win_pct,0.25,56.897,44.6
162434,Alejandro Francés,stopper_cb,Stopper Center Back,duel_win_pct,0.25,66.346,96.2
162465,Melvin Bard,stopper_cb,Stopper Center Back,duel_win_pct,0.25,56.017,34.6
169297,Andrias Edmundsson,stopper_cb,Stopper Center Back,duel_win_pct,0.25,52.555,13.1
174927,Arouna Sangante,stopper_cb,Stopper Center Back,duel_win_pct,0.25,56.855,43.1
177815,Tim Siersleben,stopper_cb,Stopper Center Back,duel_win_pct,0.25,54.444,24.6
180927,Zaid Romero,stopper_cb,Stopper Center Back,duel_win_pct,0.25,61.702,80.4
191240,Marvin Senaya,stopper_cb,Stopper Center Back,duel_win_pct,0.25,61.468,78.5
193501,Bamo Meïté,stopper_cb,Stopper Center Back,duel_win_pct,0.25,56.306,36.2
196187,Alidu Seidu,stopper_cb,Stopper Center Back,duel_win_pct,0.25,62.59,85.4
266013,Otávio,stopper_cb,Stopper Center Back,duel_win_pct,0.25,60.541,72.3
269531,Nnamdi Collins,stopper_cb,Stopper Center Back,duel_win_pct,0.25,60.248,68.5
278392,Charlie Cresswell,stopper_cb,Stopper Center Back,duel_win_pct,0.25,57.77,52.3
278453,Albian Hajdari,stopper_cb,Stopper Center Back,duel_win_pct,0.25,53.516,16.9
283668,Arnau Martínez,stopper_cb,Stopper Center Back,duel_win_pct,0.25,55.426,30.0
286601,Omar El Hilali,stopper_cb,Stopper Center Back,duel_win_pct,0.25,55.042,27.7
287564,Martin Vitík,stopper_cb,Stopper Center Back,duel_win_pct,0.25,55.921,33.1
288206,Leopold Querfeld,stopper_cb,Stopper Center Back,duel_win_pct,0.25,60.286,69.2
289761,Giorgio Scalvini,stopper_cb,Stopper Center Back,duel_win_pct,0.25,54.369,23.1
297311,Kike Salas,stopper_cb,Stopper Center Back,duel_win_pct,0.25,63.899,91.5
302868,Daouda Guindo,stopper_cb,Stopper Center Back,duel_win_pct,0.25,55.738,31.5
304686,Arthur Chaves,stopper_cb,Stopper Center Back,duel_win_pct,0.25,53.782,20.8
307835,Lucas Beraldo,stopper_cb,Stopper Center Back,duel_win_pct,0.25,52.899,14.6
307929,Tomoya Ando,stopper_cb,Stopper Center Back,duel_win_pct,0.25,67.669,99.2
311071,Nicolás Valentini,stopper_cb,Stopper Center Back,duel_win_pct,0.25,56.886,43.8
313937,Antoine Mendy,stopper_cb,Stopper Center Back,duel_win_pct,0.25,60.0,65.8
321744,Adam Obert,stopper_cb,Stopper Center Back,duel_win_pct,0.25,53.556,17.7
333682,Cristhian Mosquera,stopper_cb,Stopper Center Back,duel_win_pct,0.25,50.0,4.6
338902,Andres Castrin,stopper_cb,Stopper Center Back,duel_win_pct,0.25,61.983,83.8
341642,Jorrel Hato,stopper_cb,Stopper Center Back,duel_win_pct,0.25,52.586,13.8
342019,Daniele Ghilardi,stopper_cb,Stopper Center Back,duel_win_pct,0.25,55.556,30.8
355004,Valentín Gómez,stopper_cb,Stopper Center Back,duel_win_pct,0.25,56.41,37.7
369500,Ismaelo Ganiou,stopper_cb,Stopper Center Back,duel_win_pct,0.25,60.804,73.1
371916,Christian Mawissa,stopper_cb,Stopper Center Back,duel_win_pct,0.25,57.143,47.7
386305,Jacobo Ramón,stopper_cb,Stopper Center Back,duel_win_pct,0.25,60.87,73.8
387521,Luka Vušković,stopper_cb,Stopper Center Back,duel_win_pct,0.25,67.647,98.5
396637,Pietro Comuzzo,stopper_cb,Stopper Center Back,duel_win_pct,0.25,50.365,5.4
412759,Jaydee Canvot,stopper_cb,Stopper Center Back,duel_win_pct,0.25,60.131,66.9
413065,Noahkai Banks,stopper_cb,Stopper Center Back,duel_win_pct,0.25,58.14,54.6
417830,Abdelhamid Ait Boudlal,stopper_cb,Stopper Center Back,duel_win_pct,0.25,56.338,36.9
428084,Sadibou Sané,stopper_cb,Stopper Center Back,duel_win_pct,0.25,60.377,71.5
435552,Pau Navarro,stopper_cb,Stopper Center Back,duel_win_pct,0.25,52.153,10.0
437776,Abdoulaye Faye,stopper_cb,Stopper Center Back,duel_win_pct,0.25,57.823,53.1
442546,Kacper Potulski,stopper_cb,Stopper Center Back,duel_win_pct,0.25,53.571,18.5
453906,Honest Ahanor,stopper_cb,Stopper Center Back,duel_win_pct,0.25,59.649,64.6
6,Leonardo Balerdi,stopper_cb,Stopper Center Back,tackles_per90,0.2,2.207,70.0
31,José María Giménez,stopper_cb,Stopper Center Back,tackles_per90,0.2,1.912,43.8
261,Thilo Kehrer,stopper_cb,Stopper Center Back,tackles_per90,0.2,2.481,87.7
372,Éder Militão,stopper_cb,Stopper Center Back,tackles_per90,0.2,1.814,36.2
376,Diogo Leite,stopper_cb,Stopper Center Back,tackles_per90,0.2,1.508,13.8
433,Marcão,stopper_cb,Stopper Center Back,tackles_per90,0.2,1.241,6.2
529,Nicolás Tagliafico,stopper_cb,Stopper Center Back,tackles_per90,0.2,1.977,50.0
537,Joël Veltman,stopper_cb,Stopper Center Back,tackles_per90,0.2,2.6,88.5
545,Noussair Mazraoui,stopper_cb,Stopper Center Back,tackles_per90,0.2,2.466,86.2
619,Eric García,stopper_cb,Stopper Center Back,tackles_per90,0.2,2.407,83.1
656,Oumar Solet,stopper_cb,Stopper Center Back,tackles_per90,0.2,2.28,75.4
711,Stefan Posch,stopper_cb,Stopper Center Back,tackles_per90,0.2,2.898,97.7
774,Juan Jesus,stopper_cb,Stopper Center Back,tackles_per90,0.2,2.14,64.6
891,Luke Shaw,stopper_cb,Stopper Center Back,tackles_per90,0.2,2.061,59.2
979,Dominik Kohr,stopper_cb,Stopper Center Back,tackles_per90,0.2,1.842,39.2
1119,Kristoffer Ajer,stopper_cb,Stopper Center Back,tackles_per90,0.2,1.83,37.7
1146,Nordi Mukiele,stopper_cb,Stopper Center Back,tackles_per90,0.2,2.228,71.5
1257,Jules Koundé,stopper_cb,Stopper Center Back,tackles_per90,0.2,1.864,40.0
1442,Sead Kolašinac,stopper_cb,Stopper Center Back,tackles_per90,0.2,1.985,51.5
1489,Nemanja Gudelj,stopper_cb,Stopper Center Back,tackles_per90,0.2,1.329,10.8
1561,Marc Bartra,stopper_cb,Stopper Center Back,tackles_per90,0.2,2.041,56.9
2194,Ramy Bensebaini,stopper_cb,Stopper Center Back,tackles_per90,0.2,1.648,20.8
2280,César Azpilicueta,stopper_cb,Stopper Center Back,tackles_per90,0.2,1.995,53.1
2553,Guillermo Maripán,stopper_cb,Stopper Center Back,tackles_per90,0.2,2.134,63.1
2669,Mario Hermoso,stopper_cb,Stopper Center Back,tackles_per90,0.2,1.547,15.4
2806,Fabian Schär,stopper_cb,Stopper Center Back,tackles_per90,0.2,1.155,3.1
2810,Denis Zakaria,stopper_cb,Stopper Center Back,tackles_per90,0.2,1.682,23.8
2920,Timothy Castagne,stopper_cb,Stopper Center Back,tackles_per90,0.2,1.923,44.6
6221,Lautaro Valenti,stopper_cb,Stopper Center Back,tackles_per90,0.2,1.959,48.5
6233,Nahuel Tenaglia,stopper_cb,Stopper Center Back,tackles_per90,0.2,1.834,38.5
6610,Marcos Senesi,stopper_cb,Stopper Center Back,tackles_per90,0.2,1.696,27.7
10238,Carlos Augusto,stopper_cb,Stopper Center Back,tackles_per90,0.2,1.887,42.3
14266,Ivan Smolčić,stopper_cb,Stopper Center Back,tackles_per90,0.2,2.054,57.7
15912,Victor Nelsson,stopper_cb,Stopper Center Back,tackles_per90,0.2,1.955,46.2
18740,Jonny Otto,stopper_cb,Stopper Center Back,tackles_per90,0.2,2.011,55.4
18895,Florian Lejeune,stopper_cb,Stopper Center Back,tackles_per90,0.2,1.866,40.8
18961,Dan Burn,stopper_cb,Stopper Center Back,tackles_per90,0.2,1.63,19.2
18964,Bernardo,stopper_cb,Stopper Center Back,tackles_per90,0.2,2.64,91.5
19545,Reece James,stopper_cb,Stopper Center Back,tackles_per90,0.2,2.203,69.2
19760,James Justin,stopper_cb,Stopper Center Back,tackles_per90,0.2,2.63,90.8
20093,James Hill,stopper_cb,Stopper Center Back,tackles_per90,0.2,1.656,23.1
20995,Maxence Lacroix,stopper_cb,Stopper Center Back,tackles_per90,0.2,1.749,30.8
22166,Malang Sarr,stopper_cb,Stopper Center Back,tackles_per90,0.2,2.0,53.8
22225,Reinildo Mandava,stopper_cb,Stopper Center Back,tackles_per90,0.2,1.783,34.6
24969,Philipp Sander,stopper_cb,Stopper Center Back,tackles_per90,0.2,2.384,81.5
25061,Armel Bella-Kotchap,stopper_cb,Stopper Center Back,tackles_per90,0.2,1.328,10.0
25203,Benedikt Gimber,stopper_cb,Stopper Center Back,tackles_per90,0.2,2.175,66.9
25287,Kevin Danso,stopper_cb,Stopper Center Back,tackles_per90,0.2,1.612,17.7
25342,Maximilian Mittelstädt,stopper_cb,Stopper Center Back,tackles_per90,0.2,2.747,93.1
25907,Stefan Bell,stopper_cb,Stopper Center Back,tackles_per90,0.2,1.03,2.3
26239,Lukas Kübler,stopper_cb,Stopper Center Back,tackles_per90,0.2,2.316,76.9
26242,Keven Schlotterbeck,stopper_cb,Stopper Center Back,tackles_per90,0.2,1.773,32.3
26243,Nico Schlotterbeck,stopper_cb,Stopper Center Back,tackles_per90,0.2,1.786,35.4
26300,Ozan Kabak,stopper_cb,Stopper Center Back,tackles_per90,0.2,1.021,1.5
30425,Gianluca Mancini,stopper_cb,Stopper Center Back,tackles_per90,0.2,1.526,14.6
30776,Cristian Romero,stopper_cb,Stopper Center Back,tackles_per90,0.2,2.788,94.6
30919,Matteo Bianchetti,stopper_cb,Stopper Center Back,tackles_per90,0.2,1.884,41.5
31009,Alessandro Bastoni,stopper_cb,Stopper Center Back,tackles_per90,0.2,2.041,56.2
31226,Alessandro Buongiorno,stopper_cb,Stopper Center Back,tackles_per90,0.2,1.178,4.6
31604,Antonio Caracciolo,stopper_cb,Stopper Center Back,tackles_per90,0.2,2.079,60.0
35544,Johan Vásquez,stopper_cb,Stopper Center Back,tackles_per90,0.2,1.651,22.3
37117,Danilho Doekhi,stopper_cb,Stopper Center Back,tackles_per90,0.2,1.294,9.2
38112,Jeff Chabot,stopper_cb,Stopper Center Back,tackles_per90,0.2,1.294,8.5
40274,Adam Dźwigała,stopper_cb,Stopper Center Back,tackles_per90,0.2,3.197,100.0
41964,Zé Pedro,stopper_cb,Stopper Center Back,tackles_per90,0.2,1.629,18.5
41970,David Carmo,stopper_cb,Stopper Center Back,tackles_per90,0.2,1.712,28.5
45826,Strahinja Pavlović,stopper_cb,Stopper Center Back,tackles_per90,0.2,1.693,26.2
46813,Abdel Abqar,stopper_cb,Stopper Center Back,tackles_per90,0.2,2.438,84.6
47254,Mathías Olivera,stopper_cb,Stopper Center Back,tackles_per90,0.2,2.763,93.8
47277,Unai Núñez,stopper_cb,Stopper Center Back,tackles_per90,0.2,1.976,49.2
47278,Dani Vivian,stopper_cb,Stopper Center Back,tackles_per90,0.2,1.931,45.4
47302,Diego Llorente,stopper_cb,Stopper Center Back,tackles_per90,0.2,2.055,58.5
47314,Igor Zubeldia,stopper_cb,Stopper Center Back,tackles_per90,0.2,1.595,16.9
47480,Mohammed Salisu,stopper_cb,Stopper Center Back,tackles_per90,0.2,2.083,60.8
55904,Daniel Ballard,stopper_cb,Stopper Center Back,tackles_per90,0.2,1.383,11.5
66407,Ladislav Krejčí,stopper_cb,Stopper Center Back,tackles_per90,0.2,1.204,5.4
72048,Cenk Özkaçar,stopper_cb,Stopper Center Back,tackles_per90,0.2,1.649,21.5
115588,Bryan Okoh,stopper_cb,Stopper Center Back,tackles_per90,0.2,1.157,3.8
122468,Saúl Coco,stopper_cb,Stopper Center Back,tackles_per90,0.2,1.689,25.4
126640,David Affengruber,stopper_cb,Stopper Center Back,tackles_per90,0.2,2.255,73.1
126949,Chris Richards,stopper_cb,Stopper Center Back,tackles_per90,0.2,1.752,31.5
127817,Piero Hincapié,stopper_cb,Stopper Center Back,tackles_per90,0.2,2.295,76.2
135068,Emmanuel Agbadou,stopper_cb,Stopper Center Back,tackles_per90,0.2,2.616,89.2
137976,Isak Hien,stopper_cb,Stopper Center Back,tackles_per90,0.2,2.244,72.3
157052,Riccardo Calafiori,stopper_cb,Stopper Center Back,tackles_per90,0.2,1.687,24.6
162058,Víctor Chust,stopper_cb,Stopper Center Back,tackles_per90,0.2,2.619,90.0
162409,Konstantinos Koulierakis,stopper_cb,Stopper Center Back,tackles_per90,0.2,1.434,13.1
162434,Alejandro Francés,stopper_cb,Stopper Center Back,tackles_per90,0.2,2.007,54.6
162465,Melvin Bard,stopper_cb,Stopper Center Back,tackles_per90,0.2,1.956,46.9
169297,Andrias Edmundsson,stopper_cb,Stopper Center Back,tackles_per90,0.2,1.773,33.1
174927,Arouna Sangante,stopper_cb,Stopper Center Back,tackles_per90,0.2,1.582,16.2
177815,Tim Siersleben,stopper_cb,Stopper Center Back,tackles_per90,0.2,1.894,43.1
180927,Zaid Romero,stopper_cb,Stopper Center Back,tackles_per90,0.2,2.133,62.3
191240,Marvin Senaya,stopper_cb,Stopper Center Back,tackles_per90,0.2,2.876,96.9
193501,Bamo Meïté,stopper_cb,Stopper Center Back,tackles_per90,0.2,1.271,6.9
196187,Alidu Seidu,stopper_cb,Stopper Center Back,tackles_per90,0.2,2.658,92.3
266013,Otávio,stopper_cb,Stopper Center Back,tackles_per90,0.2,2.358,80.8
269531,Nnamdi Collins,stopper_cb,Stopper Center Back,tackles_per90,0.2,2.924,98.5
278392,Charlie Cresswell,stopper_cb,Stopper Center Back,tackles_per90,0.2,0.924,0.8
278453,Albian Hajdari,stopper_cb,Stopper Center Back,tackles_per90,0.2,2.139,63.8
283668,Arnau Martínez,stopper_cb,Stopper Center Back,tackles_per90,0.2,2.218,70.8
286601,Omar El Hilali,stopper_cb,Stopper Center Back,tackles_per90,0.2,2.323,77.7
287564,Martin Vitík,stopper_cb,Stopper Center Back,tackles_per90,0.2,2.447,85.4
288206,Leopold Querfeld,stopper_cb,Stopper Center Back,tackles_per90,0.2,1.731,29.2
289761,Giorgio Scalvini,stopper_cb,Stopper Center Back,tackles_per90,0.2,2.278,74.6
297311,Kike Salas,stopper_cb,Stopper Center Back,tackles_per90,0.2,2.405,82.3
302868,Daouda Guindo,stopper_cb,Stopper Center Back,tackles_per90,0.2,1.959,47.7
304686,Arthur Chaves,stopper_cb,Stopper Center Back,tackles_per90,0.2,2.191,67.7
307835,Lucas Beraldo,stopper_cb,Stopper Center Back,tackles_per90,0.2,1.777,33.8
307929,Tomoya Ando,stopper_cb,Stopper Center Back,tackles_per90,0.2,2.355,80.0
311071,Nicolás Valentini,stopper_cb,Stopper Center Back,tackles_per90,0.2,1.984,50.8
313937,Antoine Mendy,stopper_cb,Stopper Center Back,tackles_per90,0.2,2.331,78.5
321744,Adam Obert,stopper_cb,Stopper Center Back,tackles_per90,0.2,2.195,68.5
333682,Cristhian Mosquera,stopper_cb,Stopper Center Back,tackles_per90,0.2,2.871,96.2
338902,Andres Castrin,stopper_cb,Stopper Center Back,tackles_per90,0.2,1.827,36.9
341642,Jorrel Hato,stopper_cb,Stopper Center Back,tackles_per90,0.2,2.796,95.4
342019,Daniele Ghilardi,stopper_cb,Stopper Center Back,tackles_per90,0.2,2.479,86.9
355004,Valentín Gómez,stopper_cb,Stopper Center Back,tackles_per90,0.2,2.153,65.4
369500,Ismaelo Ganiou,stopper_cb,Stopper Center Back,tackles_per90,0.2,1.743,30.0
371916,Christian Mawissa,stopper_cb,Stopper Center Back,tackles_per90,0.2,2.259,73.8
386305,Jacobo Ramón,stopper_cb,Stopper Center Back,tackles_per90,0.2,1.641,20.0
387521,Luka Vušković,stopper_cb,Stopper Center Back,tackles_per90,0.2,0.811,0.0
396637,Pietro Comuzzo,stopper_cb,Stopper Center Back,tackles_per90,0.2,1.694,26.9
412759,Jaydee Canvot,stopper_cb,Stopper Center Back,tackles_per90,0.2,2.417,83.8
413065,Noahkai Banks,stopper_cb,Stopper Center Back,tackles_per90,0.2,2.175,66.2
417830,Abdelhamid Ait Boudlal,stopper_cb,Stopper Center Back,tackles_per90,0.2,1.399,12.3
428084,Sadibou Sané,stopper_cb,Stopper Center Back,tackles_per90,0.2,2.131,61.5
435552,Pau Navarro,stopper_cb,Stopper Center Back,tackles_per90,0.2,3.041,99.2
437776,Abdoulaye Faye,stopper_cb,Stopper Center Back,tackles_per90,0.2,1.992,52.3
442546,Kacper Potulski,stopper_cb,Stopper Center Back,tackles_per90,0.2,1.274,7.7
453906,Honest Ahanor,stopper_cb,Stopper Center Back,tackles_per90,0.2,2.348,79.2
6,Leonardo Balerdi,stopper_cb,Stopper Center Back,interceptions_per90,0.2,1.216,36.2
31,José María Giménez,stopper_cb,Stopper Center Back,interceptions_per90,0.2,1.223,36.9
261,Thilo Kehrer,stopper_cb,Stopper Center Back,interceptions_per90,0.2,1.145,26.2
372,Éder Militão,stopper_cb,Stopper Center Back,interceptions_per90,0.2,0.868,12.3
376,Diogo Leite,stopper_cb,Stopper Center Back,interceptions_per90,0.2,1.964,95.4
433,Marcão,stopper_cb,Stopper Center Back,interceptions_per90,0.2,0.477,0.0
529,Nicolás Tagliafico,stopper_cb,Stopper Center Back,interceptions_per90,0.2,1.364,56.9
537,Joël Veltman,stopper_cb,Stopper Center Back,interceptions_per90,0.2,1.51,76.2
545,Noussair Mazraoui,stopper_cb,Stopper Center Back,interceptions_per90,0.2,1.233,38.5
619,Eric García,stopper_cb,Stopper Center Back,interceptions_per90,0.2,1.582,83.1
656,Oumar Solet,stopper_cb,Stopper Center Back,interceptions_per90,0.2,1.459,66.9
711,Stefan Posch,stopper_cb,Stopper Center Back,interceptions_per90,0.2,1.249,40.8
774,Juan Jesus,stopper_cb,Stopper Center Back,interceptions_per90,0.2,1.445,66.2
891,Luke Shaw,stopper_cb,Stopper Center Back,interceptions_per90,0.2,1.281,46.9
979,Dominik Kohr,stopper_cb,Stopper Center Back,interceptions_per90,0.2,1.727,89.2
1119,Kristoffer Ajer,stopper_cb,Stopper Center Back,interceptions_per90,0.2,0.89,13.1
1146,Nordi Mukiele,stopper_cb,Stopper Center Back,interceptions_per90,0.2,1.292,48.5
1257,Jules Koundé,stopper_cb,Stopper Center Back,interceptions_per90,0.2,1.15,27.7
1442,Sead Kolašinac,stopper_cb,Stopper Center Back,interceptions_per90,0.2,0.809,7.7
1489,Nemanja Gudelj,stopper_cb,Stopper Center Back,interceptions_per90,0.2,0.949,16.2
1561,Marc Bartra,stopper_cb,Stopper Center Back,interceptions_per90,0.2,1.225,37.7
2194,Ramy Bensebaini,stopper_cb,Stopper Center Back,interceptions_per90,0.2,1.06,23.1
2280,César Azpilicueta,stopper_cb,Stopper Center Back,interceptions_per90,0.2,1.626,85.4
2553,Guillermo Maripán,stopper_cb,Stopper Center Back,interceptions_per90,0.2,1.172,29.2
2669,Mario Hermoso,stopper_cb,Stopper Center Back,interceptions_per90,0.2,1.246,40.0
2806,Fabian Schär,stopper_cb,Stopper Center Back,interceptions_per90,0.2,1.485,70.8
2810,Denis Zakaria,stopper_cb,Stopper Center Back,interceptions_per90,0.2,1.771,91.5
2920,Timothy Castagne,stopper_cb,Stopper Center Back,interceptions_per90,0.2,1.49,71.9
6221,Lautaro Valenti,stopper_cb,Stopper Center Back,interceptions_per90,0.2,1.0,20.0
6233,Nahuel Tenaglia,stopper_cb,Stopper Center Back,interceptions_per90,0.2,1.278,46.2
6610,Marcos Senesi,stopper_cb,Stopper Center Back,interceptions_per90,0.2,1.532,79.2
10238,Carlos Augusto,stopper_cb,Stopper Center Back,interceptions_per90,0.2,0.918,13.8
14266,Ivan Smolčić,stopper_cb,Stopper Center Back,interceptions_per90,0.2,1.243,39.2
15912,Victor Nelsson,stopper_cb,Stopper Center Back,interceptions_per90,0.2,1.846,93.8
18740,Jonny Otto,stopper_cb,Stopper Center Back,interceptions_per90,0.2,1.201,31.5
18895,Florian Lejeune,stopper_cb,Stopper Center Back,interceptions_per90,0.2,1.337,53.8
18961,Dan Burn,stopper_cb,Stopper Center Back,interceptions_per90,0.2,0.856,11.5
18964,Bernardo,stopper_cb,Stopper Center Back,interceptions_per90,0.2,1.553,81.5
19545,Reece James,stopper_cb,Stopper Center Back,interceptions_per90,0.2,1.515,76.9
19760,James Justin,stopper_cb,Stopper Center Back,interceptions_per90,0.2,1.315,51.5
20093,James Hill,stopper_cb,Stopper Center Back,interceptions_per90,0.2,1.656,87.7
20995,Maxence Lacroix,stopper_cb,Stopper Center Back,interceptions_per90,0.2,1.312,50.0
22166,Malang Sarr,stopper_cb,Stopper Center Back,interceptions_per90,0.2,2.338,99.2
22225,Reinildo Mandava,stopper_cb,Stopper Center Back,interceptions_per90,0.2,1.417,63.1
24969,Philipp Sander,stopper_cb,Stopper Center Back,interceptions_per90,0.2,1.834,92.3
25061,Armel Bella-Kotchap,stopper_cb,Stopper Center Back,interceptions_per90,0.2,2.125,96.9
25203,Benedikt Gimber,stopper_cb,Stopper Center Back,interceptions_per90,0.2,0.808,6.9
25287,Kevin Danso,stopper_cb,Stopper Center Back,interceptions_per90,0.2,1.433,64.6
25342,Maximilian Mittelstädt,stopper_cb,Stopper Center Back,interceptions_per90,0.2,1.517,77.7
25907,Stefan Bell,stopper_cb,Stopper Center Back,interceptions_per90,0.2,1.544,80.0
26239,Lukas Kübler,stopper_cb,Stopper Center Back,interceptions_per90,0.2,2.147,98.5
26242,Keven Schlotterbeck,stopper_cb,Stopper Center Back,interceptions_per90,0.2,1.462,67.7
26243,Nico Schlotterbeck,stopper_cb,Stopper Center Back,interceptions_per90,0.2,0.964,17.7
26300,Ozan Kabak,stopper_cb,Stopper Center Back,interceptions_per90,0.2,1.276,45.4
30425,Gianluca Mancini,stopper_cb,Stopper Center Back,interceptions_per90,0.2,1.438,65.4
30776,Cristian Romero,stopper_cb,Stopper Center Back,interceptions_per90,0.2,1.49,71.9
30919,Matteo Bianchetti,stopper_cb,Stopper Center Back,interceptions_per90,0.2,0.778,5.4
31009,Alessandro Bastoni,stopper_cb,Stopper Center Back,interceptions_per90,0.2,0.92,14.6
31226,Alessandro Buongiorno,stopper_cb,Stopper Center Back,interceptions_per90,0.2,1.428,63.8
31604,Antonio Caracciolo,stopper_cb,Stopper Center Back,interceptions_per90,0.2,1.464,68.5
35544,Johan Vásquez,stopper_cb,Stopper Center Back,interceptions_per90,0.2,1.259,42.3
37117,Danilho Doekhi,stopper_cb,Stopper Center Back,interceptions_per90,0.2,1.206,33.8
38112,Jeff Chabot,stopper_cb,Stopper Center Back,interceptions_per90,0.2,1.411,61.5
40274,Adam Dźwigała,stopper_cb,Stopper Center Back,interceptions_per90,0.2,1.598,84.6
41964,Zé Pedro,stopper_cb,Stopper Center Back,interceptions_per90,0.2,1.051,21.5
41970,David Carmo,stopper_cb,Stopper Center Back,interceptions_per90,0.2,1.058,22.3
45826,Strahinja Pavlović,stopper_cb,Stopper Center Back,interceptions_per90,0.2,0.627,1.5
46813,Abdel Abqar,stopper_cb,Stopper Center Back,interceptions_per90,0.2,1.312,50.8
47254,Mathías Olivera,stopper_cb,Stopper Center Back,interceptions_per90,0.2,0.987,18.5
47277,Unai Núñez,stopper_cb,Stopper Center Back,interceptions_per90,0.2,1.4,60.0
47278,Dani Vivian,stopper_cb,Stopper Center Back,interceptions_per90,0.2,1.124,25.4
47302,Diego Llorente,stopper_cb,Stopper Center Back,interceptions_per90,0.2,1.982,96.2
47314,Igor Zubeldia,stopper_cb,Stopper Center Back,interceptions_per90,0.2,0.948,15.4
47480,Mohammed Salisu,stopper_cb,Stopper Center Back,interceptions_per90,0.2,1.417,62.3
55904,Daniel Ballard,stopper_cb,Stopper Center Back,interceptions_per90,0.2,0.838,10.0
66407,Ladislav Krejčí,stopper_cb,Stopper Center Back,interceptions_per90,0.2,1.169,28.5
72048,Cenk Özkaçar,stopper_cb,Stopper Center Back,interceptions_per90,0.2,1.199,30.8
115588,Bryan Okoh,stopper_cb,Stopper Center Back,interceptions_per90,0.2,2.404,100.0
122468,Saúl Coco,stopper_cb,Stopper Center Back,interceptions_per90,0.2,1.252,41.5
126640,David Affengruber,stopper_cb,Stopper Center Back,interceptions_per90,0.2,1.554,82.3
126949,Chris Richards,stopper_cb,Stopper Center Back,interceptions_per90,0.2,1.369,57.7
127817,Piero Hincapié,stopper_cb,Stopper Center Back,interceptions_per90,0.2,1.339,54.6
135068,Emmanuel Agbadou,stopper_cb,Stopper Center Back,interceptions_per90,0.2,1.063,23.8
137976,Isak Hien,stopper_cb,Stopper Center Back,interceptions_per90,0.2,1.328,53.1
157052,Riccardo Calafiori,stopper_cb,Stopper Center Back,interceptions_per90,0.2,0.791,6.2
162058,Víctor Chust,stopper_cb,Stopper Center Back,interceptions_per90,0.2,0.831,9.2
162409,Konstantinos Koulierakis,stopper_cb,Stopper Center Back,interceptions_per90,0.2,1.268,43.1
162434,Alejandro Francés,stopper_cb,Stopper Center Back,interceptions_per90,0.2,1.204,33.1
162465,Melvin Bard,stopper_cb,Stopper Center Back,interceptions_per90,0.2,1.493,73.8
169297,Andrias Edmundsson,stopper_cb,Stopper Center Back,interceptions_per90,0.2,1.841,93.1
174927,Arouna Sangante,stopper_cb,Stopper Center Back,interceptions_per90,0.2,1.466,69.2
177815,Tim Siersleben,stopper_cb,Stopper Center Back,interceptions_per90,0.2,1.647,86.2
180927,Zaid Romero,stopper_cb,Stopper Center Back,interceptions_per90,0.2,1.867,94.6
191240,Marvin Senaya,stopper_cb,Stopper Center Back,interceptions_per90,0.2,1.715,88.5
193501,Bamo Meïté,stopper_cb,Stopper Center Back,interceptions_per90,0.2,0.59,0.8
196187,Alidu Seidu,stopper_cb,Stopper Center Back,interceptions_per90,0.2,1.291,47.7
266013,Otávio,stopper_cb,Stopper Center Back,interceptions_per90,0.2,1.321,52.3
269531,Nnamdi Collins,stopper_cb,Stopper Center Back,interceptions_per90,0.2,1.492,73.1
278392,Charlie Cresswell,stopper_cb,Stopper Center Back,interceptions_per90,0.2,0.995,19.2
278453,Albian Hajdari,stopper_cb,Stopper Center Back,interceptions_per90,0.2,1.549,80.8
283668,Arnau Martínez,stopper_cb,Stopper Center Back,interceptions_per90,0.2,1.378,58.5
286601,Omar El Hilali,stopper_cb,Stopper Center Back,interceptions_per90,0.2,1.273,44.6
287564,Martin Vitík,stopper_cb,Stopper Center Back,interceptions_per90,0.2,0.68,2.3
288206,Leopold Querfeld,stopper_cb,Stopper Center Back,interceptions_per90,0.2,1.198,30.0
289761,Giorgio Scalvini,stopper_cb,Stopper Center Back,interceptions_per90,0.2,2.13,97.7
297311,Kike Salas,stopper_cb,Stopper Center Back,interceptions_per90,0.2,1.508,75.4
302868,Daouda Guindo,stopper_cb,Stopper Center Back,interceptions_per90,0.2,1.588,83.8
304686,Arthur Chaves,stopper_cb,Stopper Center Back,interceptions_per90,0.2,1.011,20.8
307835,Lucas Beraldo,stopper_cb,Stopper Center Back,interceptions_per90,0.2,1.204,32.3
307929,Tomoya Ando,stopper_cb,Stopper Center Back,interceptions_per90,0.2,1.071,24.6
311071,Nicolás Valentini,stopper_cb,Stopper Center Back,interceptions_per90,0.2,0.96,16.9
313937,Antoine Mendy,stopper_cb,Stopper Center Back,interceptions_per90,0.2,0.751,4.6
321744,Adam Obert,stopper_cb,Stopper Center Back,interceptions_per90,0.2,1.356,56.2
333682,Cristhian Mosquera,stopper_cb,Stopper Center Back,interceptions_per90,0.2,0.718,3.8
338902,Andres Castrin,stopper_cb,Stopper Center Back,interceptions_per90,0.2,1.405,60.8
341642,Jorrel Hato,stopper_cb,Stopper Center Back,interceptions_per90,0.2,1.398,59.2
342019,Daniele Ghilardi,stopper_cb,Stopper Center Back,interceptions_per90,0.2,1.653,86.9
355004,Valentín Gómez,stopper_cb,Stopper Center Back,interceptions_per90,0.2,1.148,26.9
369500,Ismaelo Ganiou,stopper_cb,Stopper Center Back,interceptions_per90,0.2,1.296,49.2
371916,Christian Mawissa,stopper_cb,Stopper Center Back,interceptions_per90,0.2,1.356,55.4
386305,Jacobo Ramón,stopper_cb,Stopper Center Back,interceptions_per90,0.2,1.214,35.4
387521,Luka Vušković,stopper_cb,Stopper Center Back,interceptions_per90,0.2,1.475,70.0
396637,Pietro Comuzzo,stopper_cb,Stopper Center Back,interceptions_per90,0.2,1.271,43.8
412759,Jaydee Canvot,stopper_cb,Stopper Center Back,interceptions_per90,0.2,0.707,3.1
413065,Noahkai Banks,stopper_cb,Stopper Center Back,interceptions_per90,0.2,0.829,8.5
417830,Abdelhamid Ait Boudlal,stopper_cb,Stopper Center Back,interceptions_per90,0.2,1.208,34.6
428084,Sadibou Sané,stopper_cb,Stopper Center Back,interceptions_per90,0.2,1.76,90.8
435552,Pau Navarro,stopper_cb,Stopper Center Back,interceptions_per90,0.2,0.842,10.8
437776,Abdoulaye Faye,stopper_cb,Stopper Center Back,interceptions_per90,0.2,1.743,90.0
442546,Kacper Potulski,stopper_cb,Stopper Center Back,interceptions_per90,0.2,1.528,78.5
453906,Honest Ahanor,stopper_cb,Stopper Center Back,interceptions_per90,0.2,1.5,74.6
6,Leonardo Balerdi,stopper_cb,Stopper Center Back,blocks_per90,0.15,0.495,30.8
31,José María Giménez,stopper_cb,Stopper Center Back,blocks_per90,0.15,0.918,83.8
261,Thilo Kehrer,stopper_cb,Stopper Center Back,blocks_per90,0.15,0.878,80.8
372,Éder Militão,stopper_cb,Stopper Center Back,blocks_per90,0.15,0.947,85.4
376,Diogo Leite,stopper_cb,Stopper Center Back,blocks_per90,0.15,0.457,22.3
433,Marcão,stopper_cb,Stopper Center Back,blocks_per90,0.15,0.477,26.2
529,Nicolás Tagliafico,stopper_cb,Stopper Center Back,blocks_per90,0.15,0.341,10.0
537,Joël Veltman,stopper_cb,Stopper Center Back,blocks_per90,0.15,0.503,34.6
545,Noussair Mazraoui,stopper_cb,Stopper Center Back,blocks_per90,0.15,0.176,1.5
619,Eric García,stopper_cb,Stopper Center Back,blocks_per90,0.15,0.231,3.1
656,Oumar Solet,stopper_cb,Stopper Center Back,blocks_per90,0.15,0.578,43.1
711,Stefan Posch,stopper_cb,Stopper Center Back,blocks_per90,0.15,0.6,47.7
774,Juan Jesus,stopper_cb,Stopper Center Back,blocks_per90,0.15,0.642,53.8
891,Luke Shaw,stopper_cb,Stopper Center Back,blocks_per90,0.15,0.251,4.6
979,Dominik Kohr,stopper_cb,Stopper Center Back,blocks_per90,0.15,0.652,55.4
1119,Kristoffer Ajer,stopper_cb,Stopper Center Back,blocks_per90,0.15,0.791,74.6
1146,Nordi Mukiele,stopper_cb,Stopper Center Back,blocks_per90,0.15,0.323,8.5
1257,Jules Koundé,stopper_cb,Stopper Center Back,blocks_per90,0.15,0.516,36.9
1442,Sead Kolašinac,stopper_cb,Stopper Center Back,blocks_per90,0.15,0.368,11.5
1489,Nemanja Gudelj,stopper_cb,Stopper Center Back,blocks_per90,0.15,0.684,60.8
1561,Marc Bartra,stopper_cb,Stopper Center Back,blocks_per90,0.15,1.134,95.4
2194,Ramy Bensebaini,stopper_cb,Stopper Center Back,blocks_per90,0.15,0.471,24.6
2280,César Azpilicueta,stopper_cb,Stopper Center Back,blocks_per90,0.15,0.665,57.7
2553,Guillermo Maripán,stopper_cb,Stopper Center Back,blocks_per90,0.15,1.088,93.8
2669,Mario Hermoso,stopper_cb,Stopper Center Back,blocks_per90,0.15,0.258,5.4
2806,Fabian Schär,stopper_cb,Stopper Center Back,blocks_per90,0.15,0.99,88.5
2810,Denis Zakaria,stopper_cb,Stopper Center Back,blocks_per90,0.15,0.664,56.9
2920,Timothy Castagne,stopper_cb,Stopper Center Back,blocks_per90,0.15,0.481,27.7
6221,Lautaro Valenti,stopper_cb,Stopper Center Back,blocks_per90,0.15,1.0,89.2
6233,Nahuel Tenaglia,stopper_cb,Stopper Center Back,blocks_per90,0.15,0.834,77.7
6610,Marcos Senesi,stopper_cb,Stopper Center Back,blocks_per90,0.15,1.286,99.2
10238,Carlos Augusto,stopper_cb,Stopper Center Back,blocks_per90,0.15,0.459,23.8
14266,Ivan Smolčić,stopper_cb,Stopper Center Back,blocks_per90,0.15,0.486,29.2
15912,Victor Nelsson,stopper_cb,Stopper Center Back,blocks_per90,0.15,0.624,50.0
18740,Jonny Otto,stopper_cb,Stopper Center Back,blocks_per90,0.15,0.42,14.6
18895,Florian Lejeune,stopper_cb,Stopper Center Back,blocks_per90,0.15,0.752,71.5
18961,Dan Burn,stopper_cb,Stopper Center Back,blocks_per90,0.15,0.489,30.0
18964,Bernardo,stopper_cb,Stopper Center Back,blocks_per90,0.15,0.505,35.4
19545,Reece James,stopper_cb,Stopper Center Back,blocks_per90,0.15,0.275,6.9
19760,James Justin,stopper_cb,Stopper Center Back,blocks_per90,0.15,0.517,37.7
20093,James Hill,stopper_cb,Stopper Center Back,blocks_per90,0.15,0.637,52.3
20995,Maxence Lacroix,stopper_cb,Stopper Center Back,blocks_per90,0.15,0.525,38.5
22166,Malang Sarr,stopper_cb,Stopper Center Back,blocks_per90,0.15,0.769,72.3
22225,Reinildo Mandava,stopper_cb,Stopper Center Back,blocks_per90,0.15,0.64,53.1
24969,Philipp Sander,stopper_cb,Stopper Center Back,blocks_per90,0.15,0.293,7.7
25061,Armel Bella-Kotchap,stopper_cb,Stopper Center Back,blocks_per90,0.15,1.063,91.5
25203,Benedikt Gimber,stopper_cb,Stopper Center Back,blocks_per90,0.15,0.435,18.5
25287,Kevin Danso,stopper_cb,Stopper Center Back,blocks_per90,0.15,0.657,56.2
25342,Maximilian Mittelstädt,stopper_cb,Stopper Center Back,blocks_per90,0.15,0.369,12.3
25907,Stefan Bell,stopper_cb,Stopper Center Back,blocks_per90,0.15,0.858,80.0
26239,Lukas Kübler,stopper_cb,Stopper Center Back,blocks_per90,0.15,0.508,36.2
26242,Keven Schlotterbeck,stopper_cb,Stopper Center Back,blocks_per90,0.15,1.019,90.8
26243,Nico Schlotterbeck,stopper_cb,Stopper Center Back,blocks_per90,0.15,0.429,16.9
26300,Ozan Kabak,stopper_cb,Stopper Center Back,blocks_per90,0.15,0.715,64.6
30425,Gianluca Mancini,stopper_cb,Stopper Center Back,blocks_per90,0.15,0.411,13.8
30776,Cristian Romero,stopper_cb,Stopper Center Back,blocks_per90,0.15,0.673,58.5
30919,Matteo Bianchetti,stopper_cb,Stopper Center Back,blocks_per90,0.15,0.778,73.1
31009,Alessandro Bastoni,stopper_cb,Stopper Center Back,blocks_per90,0.15,0.24,3.8
31226,Alessandro Buongiorno,stopper_cb,Stopper Center Back,blocks_per90,0.15,0.428,16.2
31604,Antonio Caracciolo,stopper_cb,Stopper Center Back,blocks_per90,0.15,0.703,62.3
35544,Johan Vásquez,stopper_cb,Stopper Center Back,blocks_per90,0.15,0.783,73.8
37117,Danilho Doekhi,stopper_cb,Stopper Center Back,blocks_per90,0.15,0.706,63.1
38112,Jeff Chabot,stopper_cb,Stopper Center Back,blocks_per90,0.15,0.588,45.4
40274,Adam Dźwigała,stopper_cb,Stopper Center Back,blocks_per90,0.15,0.347,10.8
41964,Zé Pedro,stopper_cb,Stopper Center Back,blocks_per90,0.15,0.683,60.0
41970,David Carmo,stopper_cb,Stopper Center Back,blocks_per90,0.15,0.907,83.1
45826,Strahinja Pavlović,stopper_cb,Stopper Center Back,blocks_per90,0.15,0.439,20.0
46813,Abdel Abqar,stopper_cb,Stopper Center Back,blocks_per90,0.15,0.5,33.1
47254,Mathías Olivera,stopper_cb,Stopper Center Back,blocks_per90,0.15,0.329,9.2
47277,Unai Núñez,stopper_cb,Stopper Center Back,blocks_per90,0.15,0.741,67.7
47278,Dani Vivian,stopper_cb,Stopper Center Back,blocks_per90,0.15,0.456,21.5
47302,Diego Llorente,stopper_cb,Stopper Center Back,blocks_per90,0.15,0.734,66.9
47314,Igor Zubeldia,stopper_cb,Stopper Center Back,blocks_per90,0.15,0.56,40.8
47480,Mohammed Salisu,stopper_cb,Stopper Center Back,blocks_per90,0.15,1.75,100.0
55904,Daniel Ballard,stopper_cb,Stopper Center Back,blocks_per90,0.15,1.006,90.0
66407,Ladislav Krejčí,stopper_cb,Stopper Center Back,blocks_per90,0.15,0.567,41.5
72048,Cenk Özkaçar,stopper_cb,Stopper Center Back,blocks_per90,0.15,0.7,61.5
115588,Bryan Okoh,stopper_cb,Stopper Center Back,blocks_per90,0.15,1.157,96.2
122468,Saúl Coco,stopper_cb,Stopper Center Back,blocks_per90,0.15,1.223,96.9
126640,David Affengruber,stopper_cb,Stopper Center Back,blocks_per90,0.15,0.792,75.4
126949,Chris Richards,stopper_cb,Stopper Center Back,blocks_per90,0.15,0.605,48.5
127817,Piero Hincapié,stopper_cb,Stopper Center Back,blocks_per90,0.15,0.43,17.7
135068,Emmanuel Agbadou,stopper_cb,Stopper Center Back,blocks_per90,0.15,1.226,97.7
137976,Isak Hien,stopper_cb,Stopper Center Back,blocks_per90,0.15,0.733,65.4
157052,Riccardo Calafiori,stopper_cb,Stopper Center Back,blocks_per90,0.15,0.264,6.2
162058,Víctor Chust,stopper_cb,Stopper Center Back,blocks_per90,0.15,0.748,69.2
162409,Konstantinos Koulierakis,stopper_cb,Stopper Center Back,blocks_per90,0.15,0.5,33.8
162434,Alejandro Francés,stopper_cb,Stopper Center Back,blocks_per90,0.15,0.482,28.5
162465,Melvin Bard,stopper_cb,Stopper Center Back,blocks_per90,0.15,0.498,32.3
169297,Andrias Edmundsson,stopper_cb,Stopper Center Back,blocks_per90,0.15,0.955,86.2
174927,Arouna Sangante,stopper_cb,Stopper Center Back,blocks_per90,0.15,0.579,43.8
177815,Tim Siersleben,stopper_cb,Stopper Center Back,blocks_per90,0.15,0.823,76.2
180927,Zaid Romero,stopper_cb,Stopper Center Back,blocks_per90,0.15,0.2,2.3
191240,Marvin Senaya,stopper_cb,Stopper Center Back,blocks_per90,0.15,0.706,63.8
193501,Bamo Meïté,stopper_cb,Stopper Center Back,blocks_per90,0.15,0.59,46.2
196187,Alidu Seidu,stopper_cb,Stopper Center Back,blocks_per90,0.15,0.152,0.8
266013,Otávio,stopper_cb,Stopper Center Back,blocks_per90,0.15,0.849,79.2
269531,Nnamdi Collins,stopper_cb,Stopper Center Back,blocks_per90,0.15,0.06,0.0
278392,Charlie Cresswell,stopper_cb,Stopper Center Back,blocks_per90,0.15,1.066,92.3
278453,Albian Hajdari,stopper_cb,Stopper Center Back,blocks_per90,0.15,0.848,78.5
283668,Arnau Martínez,stopper_cb,Stopper Center Back,blocks_per90,0.15,0.437,19.2
286601,Omar El Hilali,stopper_cb,Stopper Center Back,blocks_per90,0.15,0.477,26.9
287564,Martin Vitík,stopper_cb,Stopper Center Back,blocks_per90,0.15,0.476,25.4
288206,Leopold Querfeld,stopper_cb,Stopper Center Back,blocks_per90,0.15,0.832,76.9
289761,Giorgio Scalvini,stopper_cb,Stopper Center Back,blocks_per90,0.15,0.594,46.9
297311,Kike Salas,stopper_cb,Stopper Center Back,blocks_per90,0.15,0.734,66.2
302868,Daouda Guindo,stopper_cb,Stopper Center Back,blocks_per90,0.15,0.424,15.4
304686,Arthur Chaves,stopper_cb,Stopper Center Back,blocks_per90,0.15,0.927,84.6
307835,Lucas Beraldo,stopper_cb,Stopper Center Back,blocks_per90,0.15,0.459,23.1
307929,Tomoya Ando,stopper_cb,Stopper Center Back,blocks_per90,0.15,0.571,42.3
311071,Nicolás Valentini,stopper_cb,Stopper Center Back,blocks_per90,0.15,0.896,82.3
313937,Antoine Mendy,stopper_cb,Stopper Center Back,blocks_per90,0.15,0.751,70.8
321744,Adam Obert,stopper_cb,Stopper Center Back,blocks_per90,0.15,0.581,44.6
333682,Cristhian Mosquera,stopper_cb,Stopper Center Back,blocks_per90,0.15,0.628,51.5
338902,Andres Castrin,stopper_cb,Stopper Center Back,blocks_per90,0.15,0.984,87.7
341642,Jorrel Hato,stopper_cb,Stopper Center Back,blocks_per90,0.15,0.544,39.2
342019,Daniele Ghilardi,stopper_cb,Stopper Center Back,blocks_per90,0.15,0.496,31.5
355004,Valentín Gómez,stopper_cb,Stopper Center Back,blocks_per90,0.15,0.622,49.2
369500,Ismaelo Ganiou,stopper_cb,Stopper Center Back,blocks_per90,0.15,0.626,50.8
371916,Christian Mawissa,stopper_cb,Stopper Center Back,blocks_per90,0.15,0.452,20.8
386305,Jacobo Ramón,stopper_cb,Stopper Center Back,blocks_per90,0.15,0.558,40.0
387521,Luka Vušković,stopper_cb,Stopper Center Back,blocks_per90,0.15,0.959,86.9
396637,Pietro Comuzzo,stopper_cb,Stopper Center Back,blocks_per90,0.15,0.741,68.5
412759,Jaydee Canvot,stopper_cb,Stopper Center Back,blocks_per90,0.15,0.884,81.5
413065,Noahkai Banks,stopper_cb,Stopper Center Back,blocks_per90,0.15,0.673,59.2
417830,Abdelhamid Ait Boudlal,stopper_cb,Stopper Center Back,blocks_per90,0.15,1.081,93.1
428084,Sadibou Sané,stopper_cb,Stopper Center Back,blocks_per90,0.15,1.112,94.6
435552,Pau Navarro,stopper_cb,Stopper Center Back,blocks_per90,0.15,0.748,70.0
437776,Abdoulaye Faye,stopper_cb,Stopper Center Back,blocks_per90,0.15,0.373,13.1
442546,Kacper Potulski,stopper_cb,Stopper Center Back,blocks_per90,0.15,1.274,98.5
453906,Honest Ahanor,stopper_cb,Stopper Center Back,blocks_per90,0.15,0.652,54.6
6,Leonardo Balerdi,stopper_cb,Stopper Center Back,pass_accuracy_pct,0.1,92.045,96.9
31,José María Giménez,stopper_cb,Stopper Center Back,pass_accuracy_pct,0.1,90.137,86.9
261,Thilo Kehrer,stopper_cb,Stopper Center Back,pass_accuracy_pct,0.1,87.097,60.0
372,Éder Militão,stopper_cb,Stopper Center Back,pass_accuracy_pct,0.1,90.874,90.0
376,Diogo Leite,stopper_cb,Stopper Center Back,pass_accuracy_pct,0.1,76.465,5.4
433,Marcão,stopper_cb,Stopper Center Back,pass_accuracy_pct,0.1,87.339,63.1
529,Nicolás Tagliafico,stopper_cb,Stopper Center Back,pass_accuracy_pct,0.1,85.587,43.1
537,Joël Veltman,stopper_cb,Stopper Center Back,pass_accuracy_pct,0.1,82.232,22.3
545,Noussair Mazraoui,stopper_cb,Stopper Center Back,pass_accuracy_pct,0.1,87.616,66.9
619,Eric García,stopper_cb,Stopper Center Back,pass_accuracy_pct,0.1,92.167,98.5
656,Oumar Solet,stopper_cb,Stopper Center Back,pass_accuracy_pct,0.1,89.253,81.5
711,Stefan Posch,stopper_cb,Stopper Center Back,pass_accuracy_pct,0.1,78.471,10.0
774,Juan Jesus,stopper_cb,Stopper Center Back,pass_accuracy_pct,0.1,91.534,93.8
891,Luke Shaw,stopper_cb,Stopper Center Back,pass_accuracy_pct,0.1,86.791,55.4
979,Dominik Kohr,stopper_cb,Stopper Center Back,pass_accuracy_pct,0.1,83.644,29.2
1119,Kristoffer Ajer,stopper_cb,Stopper Center Back,pass_accuracy_pct,0.1,79.972,13.8
1146,Nordi Mukiele,stopper_cb,Stopper Center Back,pass_accuracy_pct,0.1,78.638,10.8
1257,Jules Koundé,stopper_cb,Stopper Center Back,pass_accuracy_pct,0.1,91.571,94.6
1442,Sead Kolašinac,stopper_cb,Stopper Center Back,pass_accuracy_pct,0.1,90.013,84.6
1489,Nemanja Gudelj,stopper_cb,Stopper Center Back,pass_accuracy_pct,0.1,88.336,73.1
1561,Marc Bartra,stopper_cb,Stopper Center Back,pass_accuracy_pct,0.1,86.672,53.8
2194,Ramy Bensebaini,stopper_cb,Stopper Center Back,pass_accuracy_pct,0.1,87.414,64.6
2280,César Azpilicueta,stopper_cb,Stopper Center Back,pass_accuracy_pct,0.1,88.462,75.4
2553,Guillermo Maripán,stopper_cb,Stopper Center Back,pass_accuracy_pct,0.1,85.354,40.0
2669,Mario Hermoso,stopper_cb,Stopper Center Back,pass_accuracy_pct,0.1,86.981,58.5
2806,Fabian Schär,stopper_cb,Stopper Center Back,pass_accuracy_pct,0.1,84.422,34.6
2810,Denis Zakaria,stopper_cb,Stopper Center Back,pass_accuracy_pct,0.1,93.249,99.2
2920,Timothy Castagne,stopper_cb,Stopper Center Back,pass_accuracy_pct,0.1,86.307,51.5
6221,Lautaro Valenti,stopper_cb,Stopper Center Back,pass_accuracy_pct,0.1,78.162,9.2
6233,Nahuel Tenaglia,stopper_cb,Stopper Center Back,pass_accuracy_pct,0.1,86.394,52.3
6610,Marcos Senesi,stopper_cb,Stopper Center Back,pass_accuracy_pct,0.1,77.663,6.9
10238,Carlos Augusto,stopper_cb,Stopper Center Back,pass_accuracy_pct,0.1,89.036,80.8
14266,Ivan Smolčić,stopper_cb,Stopper Center Back,pass_accuracy_pct,0.1,87.244,60.8
15912,Victor Nelsson,stopper_cb,Stopper Center Back,pass_accuracy_pct,0.1,84.065,31.5
18740,Jonny Otto,stopper_cb,Stopper Center Back,pass_accuracy_pct,0.1,86.64,53.1
18895,Florian Lejeune,stopper_cb,Stopper Center Back,pass_accuracy_pct,0.1,87.271,61.5
18961,Dan Burn,stopper_cb,Stopper Center Back,pass_accuracy_pct,0.1,79.242,11.5
18964,Bernardo,stopper_cb,Stopper Center Back,pass_accuracy_pct,0.1,79.36,12.3
19545,Reece James,stopper_cb,Stopper Center Back,pass_accuracy_pct,0.1,88.973,80.0
19760,James Justin,stopper_cb,Stopper Center Back,pass_accuracy_pct,0.1,75.989,3.8
20093,James Hill,stopper_cb,Stopper Center Back,pass_accuracy_pct,0.1,77.724,7.7
20995,Maxence Lacroix,stopper_cb,Stopper Center Back,pass_accuracy_pct,0.1,88.164,71.5
22166,Malang Sarr,stopper_cb,Stopper Center Back,pass_accuracy_pct,0.1,88.521,76.2
22225,Reinildo Mandava,stopper_cb,Stopper Center Back,pass_accuracy_pct,0.1,85.872,47.7
24969,Philipp Sander,stopper_cb,Stopper Center Back,pass_accuracy_pct,0.1,86.107,49.2
25061,Armel Bella-Kotchap,stopper_cb,Stopper Center Back,pass_accuracy_pct,0.1,84.276,33.1
25203,Benedikt Gimber,stopper_cb,Stopper Center Back,pass_accuracy_pct,0.1,83.861,30.0
25287,Kevin Danso,stopper_cb,Stopper Center Back,pass_accuracy_pct,0.1,87.08,59.2
25342,Maximilian Mittelstädt,stopper_cb,Stopper Center Back,pass_accuracy_pct,0.1,86.119,50.0
25907,Stefan Bell,stopper_cb,Stopper Center Back,pass_accuracy_pct,0.1,70.264,0.8
26239,Lukas Kübler,stopper_cb,Stopper Center Back,pass_accuracy_pct,0.1,81.26,17.7
26242,Keven Schlotterbeck,stopper_cb,Stopper Center Back,pass_accuracy_pct,0.1,85.537,40.8
26243,Nico Schlotterbeck,stopper_cb,Stopper Center Back,pass_accuracy_pct,0.1,88.262,72.3
26300,Ozan Kabak,stopper_cb,Stopper Center Back,pass_accuracy_pct,0.1,84.717,36.2
30425,Gianluca Mancini,stopper_cb,Stopper Center Back,pass_accuracy_pct,0.1,86.901,57.7
30776,Cristian Romero,stopper_cb,Stopper Center Back,pass_accuracy_pct,0.1,87.323,62.3
30919,Matteo Bianchetti,stopper_cb,Stopper Center Back,pass_accuracy_pct,0.1,83.635,28.5
31009,Alessandro Bastoni,stopper_cb,Stopper Center Back,pass_accuracy_pct,0.1,87.514,66.2
31226,Alessandro Buongiorno,stopper_cb,Stopper Center Back,pass_accuracy_pct,0.1,91.017,90.8
31604,Antonio Caracciolo,stopper_cb,Stopper Center Back,pass_accuracy_pct,0.1,84.253,32.3
35544,Johan Vásquez,stopper_cb,Stopper Center Back,pass_accuracy_pct,0.1,85.557,41.5
37117,Danilho Doekhi,stopper_cb,Stopper Center Back,pass_accuracy_pct,0.1,77.345,6.2
38112,Jeff Chabot,stopper_cb,Stopper Center Back,pass_accuracy_pct,0.1,88.773,79.2
40274,Adam Dźwigała,stopper_cb,Stopper Center Back,pass_accuracy_pct,0.1,80.96,16.9
41964,Zé Pedro,stopper_cb,Stopper Center Back,pass_accuracy_pct,0.1,86.897,56.9
41970,David Carmo,stopper_cb,Stopper Center Back,pass_accuracy_pct,0.1,82.399,23.1
45826,Strahinja Pavlović,stopper_cb,Stopper Center Back,pass_accuracy_pct,0.1,90.811,89.2
46813,Abdel Abqar,stopper_cb,Stopper Center Back,pass_accuracy_pct,0.1,72.273,2.3
47254,Mathías Olivera,stopper_cb,Stopper Center Back,pass_accuracy_pct,0.1,91.033,91.5
47277,Unai Núñez,stopper_cb,Stopper Center Back,pass_accuracy_pct,0.1,81.313,18.5
47278,Dani Vivian,stopper_cb,Stopper Center Back,pass_accuracy_pct,0.1,85.608,43.8
47302,Diego Llorente,stopper_cb,Stopper Center Back,pass_accuracy_pct,0.1,90.411,88.5
47314,Igor Zubeldia,stopper_cb,Stopper Center Back,pass_accuracy_pct,0.1,88.118,70.8
47480,Mohammed Salisu,stopper_cb,Stopper Center Back,pass_accuracy_pct,0.1,87.5,65.4
55904,Daniel Ballard,stopper_cb,Stopper Center Back,pass_accuracy_pct,0.1,82.14,21.5
66407,Ladislav Krejčí,stopper_cb,Stopper Center Back,pass_accuracy_pct,0.1,82.922,25.4
72048,Cenk Özkaçar,stopper_cb,Stopper Center Back,pass_accuracy_pct,0.1,86.765,54.6
115588,Bryan Okoh,stopper_cb,Stopper Center Back,pass_accuracy_pct,0.1,84.634,35.4
122468,Saúl Coco,stopper_cb,Stopper Center Back,pass_accuracy_pct,0.1,85.279,38.5
126640,David Affengruber,stopper_cb,Stopper Center Back,pass_accuracy_pct,0.1,87.367,63.8
126949,Chris Richards,stopper_cb,Stopper Center Back,pass_accuracy_pct,0.1,83.976,30.8
127817,Piero Hincapié,stopper_cb,Stopper Center Back,pass_accuracy_pct,0.1,88.578,76.9
135068,Emmanuel Agbadou,stopper_cb,Stopper Center Back,pass_accuracy_pct,0.1,83.005,26.2
137976,Isak Hien,stopper_cb,Stopper Center Back,pass_accuracy_pct,0.1,92.07,97.7
157052,Riccardo Calafiori,stopper_cb,Stopper Center Back,pass_accuracy_pct,0.1,85.582,42.3
162058,Víctor Chust,stopper_cb,Stopper Center Back,pass_accuracy_pct,0.1,90.125,86.2
162409,Konstantinos Koulierakis,stopper_cb,Stopper Center Back,pass_accuracy_pct,0.1,84.387,33.8
162434,Alejandro Francés,stopper_cb,Stopper Center Back,pass_accuracy_pct,0.1,83.174,27.7
162465,Melvin Bard,stopper_cb,Stopper Center Back,pass_accuracy_pct,0.1,80.365,15.4
169297,Andrias Edmundsson,stopper_cb,Stopper Center Back,pass_accuracy_pct,0.1,75.382,3.1
174927,Arouna Sangante,stopper_cb,Stopper Center Back,pass_accuracy_pct,0.1,85.674,45.4
177815,Tim Siersleben,stopper_cb,Stopper Center Back,pass_accuracy_pct,0.1,81.468,19.2
180927,Zaid Romero,stopper_cb,Stopper Center Back,pass_accuracy_pct,0.1,69.014,0.0
191240,Marvin Senaya,stopper_cb,Stopper Center Back,pass_accuracy_pct,0.1,76.32,4.6
193501,Bamo Meïté,stopper_cb,Stopper Center Back,pass_accuracy_pct,0.1,84.803,36.9
196187,Alidu Seidu,stopper_cb,Stopper Center Back,pass_accuracy_pct,0.1,91.81,95.4
266013,Otávio,stopper_cb,Stopper Center Back,pass_accuracy_pct,0.1,88.45,74.6
269531,Nnamdi Collins,stopper_cb,Stopper Center Back,pass_accuracy_pct,0.1,87.639,67.7
278392,Charlie Cresswell,stopper_cb,Stopper Center Back,pass_accuracy_pct,0.1,85.664,44.6
278453,Albian Hajdari,stopper_cb,Stopper Center Back,pass_accuracy_pct,0.1,82.803,24.6
283668,Arnau Martínez,stopper_cb,Stopper Center Back,pass_accuracy_pct,0.1,85.284,39.2
286601,Omar El Hilali,stopper_cb,Stopper Center Back,pass_accuracy_pct,0.1,80.515,16.2
287564,Martin Vitík,stopper_cb,Stopper Center Back,pass_accuracy_pct,0.1,87.962,70.0
288206,Leopold Querfeld,stopper_cb,Stopper Center Back,pass_accuracy_pct,0.1,79.885,13.1
289761,Giorgio Scalvini,stopper_cb,Stopper Center Back,pass_accuracy_pct,0.1,87.934,69.2
297311,Kike Salas,stopper_cb,Stopper Center Back,pass_accuracy_pct,0.1,80.205,14.6
302868,Daouda Guindo,stopper_cb,Stopper Center Back,pass_accuracy_pct,0.1,78.074,8.5
304686,Arthur Chaves,stopper_cb,Stopper Center Back,pass_accuracy_pct,0.1,82.04,20.8
307835,Lucas Beraldo,stopper_cb,Stopper Center Back,pass_accuracy_pct,0.1,93.497,100.0
307929,Tomoya Ando,stopper_cb,Stopper Center Back,pass_accuracy_pct,0.1,85.756,46.2
311071,Nicolás Valentini,stopper_cb,Stopper Center Back,pass_accuracy_pct,0.1,71.735,1.5
313937,Antoine Mendy,stopper_cb,Stopper Center Back,pass_accuracy_pct,0.1,85.004,37.7
321744,Adam Obert,stopper_cb,Stopper Center Back,pass_accuracy_pct,0.1,81.72,20.0
333682,Cristhian Mosquera,stopper_cb,Stopper Center Back,pass_accuracy_pct,0.1,91.311,92.3
338902,Andres Castrin,stopper_cb,Stopper Center Back,pass_accuracy_pct,0.1,86.248,50.8
341642,Jorrel Hato,stopper_cb,Stopper Center Back,pass_accuracy_pct,0.1,91.942,96.2
342019,Daniele Ghilardi,stopper_cb,Stopper Center Back,pass_accuracy_pct,0.1,85.904,48.5
355004,Valentín Gómez,stopper_cb,Stopper Center Back,pass_accuracy_pct,0.1,85.819,46.9
369500,Ismaelo Ganiou,stopper_cb,Stopper Center Back,pass_accuracy_pct,0.1,86.794,56.2
371916,Christian Mawissa,stopper_cb,Stopper Center Back,pass_accuracy_pct,0.1,89.988,83.8
386305,Jacobo Ramón,stopper_cb,Stopper Center Back,pass_accuracy_pct,0.1,91.372,93.1
387521,Luka Vušković,stopper_cb,Stopper Center Back,pass_accuracy_pct,0.1,83.051,26.9
396637,Pietro Comuzzo,stopper_cb,Stopper Center Back,pass_accuracy_pct,0.1,90.323,87.7
412759,Jaydee Canvot,stopper_cb,Stopper Center Back,pass_accuracy_pct,0.1,88.634,77.7
413065,Noahkai Banks,stopper_cb,Stopper Center Back,pass_accuracy_pct,0.1,90.125,85.4
417830,Abdelhamid Ait Boudlal,stopper_cb,Stopper Center Back,pass_accuracy_pct,0.1,88.659,78.5
428084,Sadibou Sané,stopper_cb,Stopper Center Back,pass_accuracy_pct,0.1,89.422,82.3
435552,Pau Navarro,stopper_cb,Stopper Center Back,pass_accuracy_pct,0.1,88.386,73.8
437776,Abdoulaye Faye,stopper_cb,Stopper Center Back,pass_accuracy_pct,0.1,87.65,68.5
442546,Kacper Potulski,stopper_cb,Stopper Center Back,pass_accuracy_pct,0.1,82.46,23.8
453906,Honest Ahanor,stopper_cb,Stopper Center Back,pass_accuracy_pct,0.1,89.621,83.1
6,Leonardo Balerdi,stopper_cb,Stopper Center Back,dribbled_past_per90,0.1,1.126,3.1
31,José María Giménez,stopper_cb,Stopper Center Back,dribbled_past_per90,0.1,0.765,20.8
261,Thilo Kehrer,stopper_cb,Stopper Center Back,dribbled_past_per90,0.1,0.763,23.1
372,Éder Militão,stopper_cb,Stopper Center Back,dribbled_past_per90,0.1,0.237,99.2
376,Diogo Leite,stopper_cb,Stopper Center Back,dribbled_past_per90,0.1,0.548,54.6
433,Marcão,stopper_cb,Stopper Center Back,dribbled_past_per90,0.1,0.477,69.2
529,Nicolás Tagliafico,stopper_cb,Stopper Center Back,dribbled_past_per90,0.1,0.409,79.2
537,Joël Veltman,stopper_cb,Stopper Center Back,dribbled_past_per90,0.1,0.839,13.1
545,Noussair Mazraoui,stopper_cb,Stopper Center Back,dribbled_past_per90,0.1,0.264,95.4
619,Eric García,stopper_cb,Stopper Center Back,dribbled_past_per90,0.1,0.758,23.8
656,Oumar Solet,stopper_cb,Stopper Center Back,dribbled_past_per90,0.1,0.669,37.7
711,Stefan Posch,stopper_cb,Stopper Center Back,dribbled_past_per90,0.1,0.6,45.4
774,Juan Jesus,stopper_cb,Stopper Center Back,dribbled_past_per90,0.1,0.268,93.8
891,Luke Shaw,stopper_cb,Stopper Center Back,dribbled_past_per90,0.1,0.474,70.0
979,Dominik Kohr,stopper_cb,Stopper Center Back,dribbled_past_per90,0.1,1.075,4.6
1119,Kristoffer Ajer,stopper_cb,Stopper Center Back,dribbled_past_per90,0.1,0.346,89.2
1146,Nordi Mukiele,stopper_cb,Stopper Center Back,dribbled_past_per90,0.1,0.452,73.1
1257,Jules Koundé,stopper_cb,Stopper Center Back,dribbled_past_per90,0.1,0.833,13.8
1442,Sead Kolašinac,stopper_cb,Stopper Center Back,dribbled_past_per90,0.1,0.662,38.5
1489,Nemanja Gudelj,stopper_cb,Stopper Center Back,dribbled_past_per90,0.1,0.646,40.8
1561,Marc Bartra,stopper_cb,Stopper Center Back,dribbled_past_per90,0.1,1.043,6.2
2194,Ramy Bensebaini,stopper_cb,Stopper Center Back,dribbled_past_per90,0.1,0.353,88.5
2280,César Azpilicueta,stopper_cb,Stopper Center Back,dribbled_past_per90,0.1,0.813,15.4
2553,Guillermo Maripán,stopper_cb,Stopper Center Back,dribbled_past_per90,0.1,0.586,46.9
2669,Mario Hermoso,stopper_cb,Stopper Center Back,dribbled_past_per90,0.1,0.473,70.8
2806,Fabian Schär,stopper_cb,Stopper Center Back,dribbled_past_per90,0.1,0.495,66.2
2810,Denis Zakaria,stopper_cb,Stopper Center Back,dribbled_past_per90,0.1,0.531,58.5
2920,Timothy Castagne,stopper_cb,Stopper Center Back,dribbled_past_per90,0.1,0.24,98.5
6221,Lautaro Valenti,stopper_cb,Stopper Center Back,dribbled_past_per90,0.1,0.48,68.5
6233,Nahuel Tenaglia,stopper_cb,Stopper Center Back,dribbled_past_per90,0.1,0.417,77.7
6610,Marcos Senesi,stopper_cb,Stopper Center Back,dribbled_past_per90,0.1,0.793,17.7
10238,Carlos Augusto,stopper_cb,Stopper Center Back,dribbled_past_per90,0.1,0.357,86.9
14266,Ivan Smolčić,stopper_cb,Stopper Center Back,dribbled_past_per90,0.1,0.757,24.6
15912,Victor Nelsson,stopper_cb,Stopper Center Back,dribbled_past_per90,0.1,0.57,50.8
18740,Jonny Otto,stopper_cb,Stopper Center Back,dribbled_past_per90,0.1,0.961,9.2
18895,Florian Lejeune,stopper_cb,Stopper Center Back,dribbled_past_per90,0.1,0.613,43.1
18961,Dan Burn,stopper_cb,Stopper Center Back,dribbled_past_per90,0.1,0.733,27.7
18964,Bernardo,stopper_cb,Stopper Center Back,dribbled_past_per90,0.1,0.621,42.3
19545,Reece James,stopper_cb,Stopper Center Back,dribbled_past_per90,0.1,0.459,72.3
19760,James Justin,stopper_cb,Stopper Center Back,dribbled_past_per90,0.1,0.517,60.0
20093,James Hill,stopper_cb,Stopper Center Back,dribbled_past_per90,0.1,0.552,53.8
20995,Maxence Lacroix,stopper_cb,Stopper Center Back,dribbled_past_per90,0.1,0.321,91.5
22166,Malang Sarr,stopper_cb,Stopper Center Back,dribbled_past_per90,0.1,0.462,71.5
22225,Reinildo Mandava,stopper_cb,Stopper Center Back,dribbled_past_per90,0.1,0.731,28.5
24969,Philipp Sander,stopper_cb,Stopper Center Back,dribbled_past_per90,0.1,0.623,41.5
25061,Armel Bella-Kotchap,stopper_cb,Stopper Center Back,dribbled_past_per90,0.1,0.266,94.6
25203,Benedikt Gimber,stopper_cb,Stopper Center Back,dribbled_past_per90,0.1,0.559,53.1
25287,Kevin Danso,stopper_cb,Stopper Center Back,dribbled_past_per90,0.1,0.537,56.2
25342,Maximilian Mittelstädt,stopper_cb,Stopper Center Back,dribbled_past_per90,0.1,0.779,19.2
25907,Stefan Bell,stopper_cb,Stopper Center Back,dribbled_past_per90,0.1,0.343,90.0
26239,Lukas Kübler,stopper_cb,Stopper Center Back,dribbled_past_per90,0.1,0.508,60.8
26242,Keven Schlotterbeck,stopper_cb,Stopper Center Back,dribbled_past_per90,0.1,0.399,81.5
26243,Nico Schlotterbeck,stopper_cb,Stopper Center Back,dribbled_past_per90,0.1,0.286,93.1
26300,Ozan Kabak,stopper_cb,Stopper Center Back,dribbled_past_per90,0.1,0.255,96.9
30425,Gianluca Mancini,stopper_cb,Stopper Center Back,dribbled_past_per90,0.1,0.499,63.8
30776,Cristian Romero,stopper_cb,Stopper Center Back,dribbled_past_per90,0.1,0.529,59.2
30919,Matteo Bianchetti,stopper_cb,Stopper Center Back,dribbled_past_per90,0.1,0.655,39.2
31009,Alessandro Bastoni,stopper_cb,Stopper Center Back,dribbled_past_per90,0.1,0.4,80.8
31226,Alessandro Buongiorno,stopper_cb,Stopper Center Back,dribbled_past_per90,0.1,0.428,75.4
31604,Antonio Caracciolo,stopper_cb,Stopper Center Back,dribbled_past_per90,0.1,0.966,8.5
35544,Johan Vásquez,stopper_cb,Stopper Center Back,dribbled_past_per90,0.1,0.504,61.5
37117,Danilho Doekhi,stopper_cb,Stopper Center Back,dribbled_past_per90,0.1,0.412,78.5
38112,Jeff Chabot,stopper_cb,Stopper Center Back,dribbled_past_per90,0.1,0.235,100.0
40274,Adam Dźwigała,stopper_cb,Stopper Center Back,dribbled_past_per90,0.1,0.764,21.5
41964,Zé Pedro,stopper_cb,Stopper Center Back,dribbled_past_per90,0.1,1.156,2.3
41970,David Carmo,stopper_cb,Stopper Center Back,dribbled_past_per90,0.1,0.604,44.6
45826,Strahinja Pavlović,stopper_cb,Stopper Center Back,dribbled_past_per90,0.1,0.502,62.3
46813,Abdel Abqar,stopper_cb,Stopper Center Back,dribbled_past_per90,0.1,0.438,74.6
47254,Mathías Olivera,stopper_cb,Stopper Center Back,dribbled_past_per90,0.1,0.395,82.3
47277,Unai Núñez,stopper_cb,Stopper Center Back,dribbled_past_per90,0.1,0.535,56.9
47278,Dani Vivian,stopper_cb,Stopper Center Back,dribbled_past_per90,0.1,0.808,16.2
47302,Diego Llorente,stopper_cb,Stopper Center Back,dribbled_past_per90,0.1,0.367,84.6
47314,Igor Zubeldia,stopper_cb,Stopper Center Back,dribbled_past_per90,0.1,0.302,92.3
47480,Mohammed Salisu,stopper_cb,Stopper Center Back,dribbled_past_per90,0.1,1.0,6.9
55904,Daniel Ballard,stopper_cb,Stopper Center Back,dribbled_past_per90,0.1,0.251,97.7
66407,Ladislav Krejčí,stopper_cb,Stopper Center Back,dribbled_past_per90,0.1,0.496,65.4
72048,Cenk Özkaçar,stopper_cb,Stopper Center Back,dribbled_past_per90,0.1,0.8,16.9
115588,Bryan Okoh,stopper_cb,Stopper Center Back,dribbled_past_per90,0.1,0.356,87.7
122468,Saúl Coco,stopper_cb,Stopper Center Back,dribbled_past_per90,0.1,0.379,83.8
126640,David Affengruber,stopper_cb,Stopper Center Back,dribbled_past_per90,0.1,0.579,48.5
126949,Chris Richards,stopper_cb,Stopper Center Back,dribbled_past_per90,0.1,0.573,49.2
127817,Piero Hincapié,stopper_cb,Stopper Center Back,dribbled_past_per90,0.1,0.67,36.9
135068,Emmanuel Agbadou,stopper_cb,Stopper Center Back,dribbled_past_per90,0.1,0.572,50.0
137976,Isak Hien,stopper_cb,Stopper Center Back,dribbled_past_per90,0.1,0.687,35.4
157052,Riccardo Calafiori,stopper_cb,Stopper Center Back,dribbled_past_per90,0.1,0.422,76.9
162058,Víctor Chust,stopper_cb,Stopper Center Back,dribbled_past_per90,0.1,0.915,10.8
162409,Konstantinos Koulierakis,stopper_cb,Stopper Center Back,dribbled_past_per90,0.1,0.367,85.4
162434,Alejandro Francés,stopper_cb,Stopper Center Back,dribbled_past_per90,0.1,0.562,52.3
162465,Melvin Bard,stopper_cb,Stopper Center Back,dribbled_past_per90,0.1,0.782,18.5
169297,Andrias Edmundsson,stopper_cb,Stopper Center Back,dribbled_past_per90,0.1,0.682,36.2
174927,Arouna Sangante,stopper_cb,Stopper Center Back,dribbled_past_per90,0.1,0.502,63.1
177815,Tim Siersleben,stopper_cb,Stopper Center Back,dribbled_past_per90,0.1,0.906,12.3
180927,Zaid Romero,stopper_cb,Stopper Center Back,dribbled_past_per90,0.1,0.333,90.8
191240,Marvin Senaya,stopper_cb,Stopper Center Back,dribbled_past_per90,0.1,0.706,33.1
193501,Bamo Meïté,stopper_cb,Stopper Center Back,dribbled_past_per90,0.1,0.545,55.4
196187,Alidu Seidu,stopper_cb,Stopper Center Back,dribbled_past_per90,0.1,0.608,43.8
266013,Otávio,stopper_cb,Stopper Center Back,dribbled_past_per90,0.1,0.708,32.3
269531,Nnamdi Collins,stopper_cb,Stopper Center Back,dribbled_past_per90,0.1,0.597,46.2
278392,Charlie Cresswell,stopper_cb,Stopper Center Back,dribbled_past_per90,0.1,0.711,31.5
278453,Albian Hajdari,stopper_cb,Stopper Center Back,dribbled_past_per90,0.1,0.738,26.9
283668,Arnau Martínez,stopper_cb,Stopper Center Back,dribbled_past_per90,0.1,0.907,11.5
286601,Omar El Hilali,stopper_cb,Stopper Center Back,dribbled_past_per90,0.1,0.764,22.3
287564,Martin Vitík,stopper_cb,Stopper Center Back,dribbled_past_per90,0.1,0.408,80.0
288206,Leopold Querfeld,stopper_cb,Stopper Center Back,dribbled_past_per90,0.1,0.533,57.7
289761,Giorgio Scalvini,stopper_cb,Stopper Center Back,dribbled_past_per90,0.1,1.09,3.8
297311,Kike Salas,stopper_cb,Stopper Center Back,dribbled_past_per90,0.1,0.652,40.0
302868,Daouda Guindo,stopper_cb,Stopper Center Back,dribbled_past_per90,0.1,0.688,33.8
304686,Arthur Chaves,stopper_cb,Stopper Center Back,dribbled_past_per90,0.1,1.264,0.8
307835,Lucas Beraldo,stopper_cb,Stopper Center Back,dribbled_past_per90,0.1,0.688,34.6
307929,Tomoya Ando,stopper_cb,Stopper Center Back,dribbled_past_per90,0.1,0.714,30.8
311071,Nicolás Valentini,stopper_cb,Stopper Center Back,dribbled_past_per90,0.1,0.768,20.0
313937,Antoine Mendy,stopper_cb,Stopper Center Back,dribbled_past_per90,0.1,0.83,14.6
321744,Adam Obert,stopper_cb,Stopper Center Back,dribbled_past_per90,0.1,0.484,67.7
333682,Cristhian Mosquera,stopper_cb,Stopper Center Back,dribbled_past_per90,0.1,0.449,73.8
338902,Andres Castrin,stopper_cb,Stopper Center Back,dribbled_past_per90,0.1,0.562,51.5
341642,Jorrel Hato,stopper_cb,Stopper Center Back,dribbled_past_per90,0.1,0.932,10.0
342019,Daniele Ghilardi,stopper_cb,Stopper Center Back,dribbled_past_per90,0.1,0.992,7.7
355004,Valentín Gómez,stopper_cb,Stopper Center Back,dribbled_past_per90,0.1,1.053,5.4
369500,Ismaelo Ganiou,stopper_cb,Stopper Center Back,dribbled_past_per90,0.1,0.357,86.2
371916,Christian Mawissa,stopper_cb,Stopper Center Back,dribbled_past_per90,0.1,0.753,25.4
386305,Jacobo Ramón,stopper_cb,Stopper Center Back,dribbled_past_per90,0.1,0.492,66.9
387521,Luka Vušković,stopper_cb,Stopper Center Back,dribbled_past_per90,0.1,0.258,96.2
396637,Pietro Comuzzo,stopper_cb,Stopper Center Back,dribbled_past_per90,0.1,0.582,47.7
412759,Jaydee Canvot,stopper_cb,Stopper Center Back,dribbled_past_per90,0.1,1.179,1.5
413065,Noahkai Banks,stopper_cb,Stopper Center Back,dribbled_past_per90,0.1,0.725,29.2
417830,Abdelhamid Ait Boudlal,stopper_cb,Stopper Center Back,dribbled_past_per90,0.1,0.382,83.1
428084,Sadibou Sané,stopper_cb,Stopper Center Back,dribbled_past_per90,0.1,0.741,26.2
435552,Pau Navarro,stopper_cb,Stopper Center Back,dribbled_past_per90,0.1,1.497,0.0
437776,Abdoulaye Faye,stopper_cb,Stopper Center Back,dribbled_past_per90,0.1,0.498,64.6
442546,Kacper Potulski,stopper_cb,Stopper Center Back,dribbled_past_per90,0.1,0.425,76.2
453906,Honest Ahanor,stopper_cb,Stopper Center Back,dribbled_past_per90,0.1,0.717,30.0
23,Sergio Gómez,high_intensity_fullback,High-Intensity Fullback,duel_win_pct,0.15,55.02,60.6
171,Kyle Walker-Peters,high_intensity_fullback,High-Intensity Fullback,duel_win_pct,0.15,60.248,94.4
533,Rasmus Kristensen,high_intensity_fullback,High-Intensity Fullback,duel_win_pct,0.15,55.978,70.4
657,Kenny Tete,high_intensity_fullback,High-Intensity Fullback,duel_win_pct,0.15,59.908,93.0
855,João Cancelo,high_intensity_fullback,High-Intensity Fullback,duel_win_pct,0.15,55.303,63.4
1157,Konrad Laimer,high_intensity_fullback,High-Intensity Fullback,duel_win_pct,0.15,42.0,0.0
1231,Vladimír Coufal,high_intensity_fullback,High-Intensity Fullback,duel_win_pct,0.15,56.169,74.6
1482,Thierry Correia,high_intensity_fullback,High-Intensity Fullback,duel_win_pct,0.15,51.316,38.0
1702,Alfonso Pedraza,high_intensity_fullback,High-Intensity Fullback,duel_win_pct,0.15,53.049,43.7
1703,Andrei Rațiu,high_intensity_fullback,High-Intensity Fullback,duel_win_pct,0.15,49.857,31.0
2483,Deiver Machado,high_intensity_fullback,High-Intensity Fullback,duel_win_pct,0.15,47.101,11.3
2973,Amir Murillo,high_intensity_fullback,High-Intensity Fullback,duel_win_pct,0.15,49.107,22.5
5973,Nicolás Capaldo,high_intensity_fullback,High-Intensity Fullback,duel_win_pct,0.15,56.89,84.5
6503,Nahuel Molina,high_intensity_fullback,High-Intensity Fullback,duel_win_pct,0.15,49.265,25.4
8673,Olivier Deman,high_intensity_fullback,High-Intensity Fullback,duel_win_pct,0.15,62.5,98.6
11421,Gabriel Suazo,high_intensity_fullback,High-Intensity Fullback,duel_win_pct,0.15,54.237,53.5
18867,Diego Rico,high_intensity_fullback,High-Intensity Fullback,duel_win_pct,0.15,55.051,62.0
19032,Ryan Sessegnon,high_intensity_fullback,High-Intensity Fullback,duel_win_pct,0.15,43.646,2.8
19235,Djed Spence,high_intensity_fullback,High-Intensity Fullback,duel_win_pct,0.15,47.41,14.1
19549,Antonee Robinson,high_intensity_fullback,High-Intensity Fullback,duel_win_pct,0.15,56.863,83.1
20303,Josh Laurent,high_intensity_fullback,High-Intensity Fullback,duel_win_pct,0.15,48.205,16.9
21138,Rayan Aït-Nouri,high_intensity_fullback,High-Intensity Fullback,duel_win_pct,0.15,55.944,67.6
26302,Pablo Maffeo,high_intensity_fullback,High-Intensity Fullback,duel_win_pct,0.15,60.311,95.8
38746,Jurriën Timber,high_intensity_fullback,High-Intensity Fullback,duel_win_pct,0.15,57.198,87.3
41577,Nuno Tavares,high_intensity_fullback,High-Intensity Fullback,duel_win_pct,0.15,55.844,66.2
41734,João Mário,high_intensity_fullback,High-Intensity Fullback,duel_win_pct,0.15,56.897,85.9
46759,Pacha,high_intensity_fullback,High-Intensity Fullback,duel_win_pct,0.15,54.93,59.2
47119,Aitor Ruibal,high_intensity_fullback,High-Intensity Fullback,duel_win_pct,0.15,46.392,8.5
47299,Andoni Gorosabel,high_intensity_fullback,High-Intensity Fullback,duel_win_pct,0.15,55.639,64.8
47329,Adrià Pedrosa,high_intensity_fullback,High-Intensity Fullback,duel_win_pct,0.15,42.636,1.4
47519,Pedro Porro,high_intensity_fullback,High-Intensity Fullback,duel_win_pct,0.15,51.673,40.8
47547,Álex Moreno,high_intensity_fullback,High-Intensity Fullback,duel_win_pct,0.15,49.167,23.9
47566,Javi Galán,high_intensity_fullback,High-Intensity Fullback,duel_win_pct,0.15,57.261,88.7
47969,Gabriel Gudmundsson,high_intensity_fullback,High-Intensity Fullback,duel_win_pct,0.15,53.614,49.3
49583,Ali Abdi,high_intensity_fullback,High-Intensity Fullback,duel_win_pct,0.15,49.457,29.6
50852,Joe Scally,high_intensity_fullback,High-Intensity Fullback,duel_win_pct,0.15,51.515,39.4
64309,Manuel Sánchez,high_intensity_fullback,High-Intensity Fullback,duel_win_pct,0.15,50.566,33.8
70500,Sergi Cardona,high_intensity_fullback,High-Intensity Fullback,duel_win_pct,0.15,50.0,32.4
90731,Lars Ritzka,high_intensity_fullback,High-Intensity Fullback,duel_win_pct,0.15,52.941,42.3
92993,Mats Wieffer,high_intensity_fullback,High-Intensity Fullback,duel_win_pct,0.15,49.296,26.8
96331,Koffi Kouao,high_intensity_fullback,High-Intensity Fullback,duel_win_pct,0.15,56.522,80.3
119742,Juan Iglesias,high_intensity_fullback,High-Intensity Fullback,duel_win_pct,0.15,56.064,71.8
128461,Nadir Zortea,high_intensity_fullback,High-Intensity Fullback,duel_win_pct,0.15,45.455,7.0
129119,Ignace Van der Brempt,high_intensity_fullback,High-Intensity Fullback,duel_win_pct,0.15,56.364,78.9
131548,Lucas Ahijado,high_intensity_fullback,High-Intensity Fullback,duel_win_pct,0.15,63.158,100.0
138780,Neco Williams,high_intensity_fullback,High-Intensity Fullback,duel_win_pct,0.15,55.959,69.0
138816,Ian Maatsen,high_intensity_fullback,High-Intensity Fullback,duel_win_pct,0.15,48.792,21.1
152669,Darlin Yongwa,high_intensity_fullback,High-Intensity Fullback,duel_win_pct,0.15,49.419,28.2
161702,Danilo Veiga,high_intensity_fullback,High-Intensity Fullback,duel_win_pct,0.15,53.483,47.9
161747,Guéla Doué,high_intensity_fullback,High-Intensity Fullback,duel_win_pct,0.15,53.191,46.5
162175,Jesús Vázquez,high_intensity_fullback,High-Intensity Fullback,duel_win_pct,0.15,48.12,15.5
162267,Adrien Truffert,high_intensity_fullback,High-Intensity Fullback,duel_win_pct,0.15,53.133,45.1
180317,Conor Bradley,high_intensity_fullback,High-Intensity Fullback,duel_win_pct,0.15,44.853,4.2
180731,Lorenz Assignon,high_intensity_fullback,High-Intensity Fullback,duel_win_pct,0.15,48.78,19.7
182636,Javi López,high_intensity_fullback,High-Intensity Fullback,duel_win_pct,0.15,48.768,18.3
184420,Carlos Romero,high_intensity_fullback,High-Intensity Fullback,duel_win_pct,0.15,54.434,54.9
193953,Lamine Sy,high_intensity_fullback,High-Intensity Fullback,duel_win_pct,0.15,51.02,35.2
195717,Yerson Mosquera,high_intensity_fullback,High-Intensity Fullback,duel_win_pct,0.15,56.738,81.7
195923,José Ángel Carmona,high_intensity_fullback,High-Intensity Fullback,duel_win_pct,0.15,54.088,52.1
199044,Jon Aramburu,high_intensity_fullback,High-Intensity Fullback,duel_win_pct,0.15,56.25,77.5
263482,Nuno Mendes,high_intensity_fullback,High-Intensity Fullback,duel_win_pct,0.15,56.081,73.2
274267,Bradley Locko,high_intensity_fullback,High-Intensity Fullback,duel_win_pct,0.15,54.878,57.7
284492,Lewis Hall,high_intensity_fullback,High-Intensity Fullback,duel_win_pct,0.15,54.483,56.3
307123,Nico O'Reilly,high_intensity_fullback,High-Intensity Fullback,duel_win_pct,0.15,46.802,9.9
311773,Santiago Mouriño,high_intensity_fullback,High-Intensity Fullback,duel_win_pct,0.15,56.176,76.1
313025,Hugo Rincón,high_intensity_fullback,High-Intensity Fullback,duel_win_pct,0.15,57.848,91.5
324957,Tom Alexander Rothe,high_intensity_fullback,High-Intensity Fullback,duel_win_pct,0.15,45.385,5.6
330437,Álex Jiménez,high_intensity_fullback,High-Intensity Fullback,duel_win_pct,0.15,51.049,36.6
334914,Saël Kumbedi,high_intensity_fullback,High-Intensity Fullback,duel_win_pct,0.15,47.196,12.7
342022,Michael Kayode,high_intensity_fullback,High-Intensity Fullback,duel_win_pct,0.15,57.766,90.1
343609,Jacques Ekomié,high_intensity_fullback,High-Intensity Fullback,duel_win_pct,0.15,53.909,50.7
353143,Hennes Behrens,high_intensity_fullback,High-Intensity Fullback,duel_win_pct,0.15,61.314,97.2
23,Sergio Gómez,high_intensity_fullback,High-Intensity Fullback,dribble_success_pct,0.15,52.0,63.4
171,Kyle Walker-Peters,high_intensity_fullback,High-Intensity Fullback,dribble_success_pct,0.15,66.667,97.2
533,Rasmus Kristensen,high_intensity_fullback,High-Intensity Fullback,dribble_success_pct,0.15,63.636,95.8
657,Kenny Tete,high_intensity_fullback,High-Intensity Fullback,dribble_success_pct,0.15,36.364,14.1
855,João Cancelo,high_intensity_fullback,High-Intensity Fullback,dribble_success_pct,0.15,55.319,76.1
1157,Konrad Laimer,high_intensity_fullback,High-Intensity Fullback,dribble_success_pct,0.15,38.889,16.2
1231,Vladimír Coufal,high_intensity_fullback,High-Intensity Fullback,dribble_success_pct,0.15,50.0,57.7
1482,Thierry Correia,high_intensity_fullback,High-Intensity Fullback,dribble_success_pct,0.15,50.0,57.7
1702,Alfonso Pedraza,high_intensity_fullback,High-Intensity Fullback,dribble_success_pct,0.15,60.606,91.5
1703,Andrei Rațiu,high_intensity_fullback,High-Intensity Fullback,dribble_success_pct,0.15,53.846,71.8
2483,Deiver Machado,high_intensity_fullback,High-Intensity Fullback,dribble_success_pct,0.15,33.333,9.9
2973,Amir Murillo,high_intensity_fullback,High-Intensity Fullback,dribble_success_pct,0.15,42.105,28.2
5973,Nicolás Capaldo,high_intensity_fullback,High-Intensity Fullback,dribble_success_pct,0.15,41.667,26.8
6503,Nahuel Molina,high_intensity_fullback,High-Intensity Fullback,dribble_success_pct,0.15,55.556,77.5
8673,Olivier Deman,high_intensity_fullback,High-Intensity Fullback,dribble_success_pct,0.15,46.154,46.5
11421,Gabriel Suazo,high_intensity_fullback,High-Intensity Fullback,dribble_success_pct,0.15,57.692,80.3
18867,Diego Rico,high_intensity_fullback,High-Intensity Fullback,dribble_success_pct,0.15,40.0,22.5
19032,Ryan Sessegnon,high_intensity_fullback,High-Intensity Fullback,dribble_success_pct,0.15,36.0,12.7
19235,Djed Spence,high_intensity_fullback,High-Intensity Fullback,dribble_success_pct,0.15,42.667,31.0
19549,Antonee Robinson,high_intensity_fullback,High-Intensity Fullback,dribble_success_pct,0.15,57.143,78.9
20303,Josh Laurent,high_intensity_fullback,High-Intensity Fullback,dribble_success_pct,0.15,47.368,50.7
21138,Rayan Aït-Nouri,high_intensity_fullback,High-Intensity Fullback,dribble_success_pct,0.15,52.381,65.5
26302,Pablo Maffeo,high_intensity_fullback,High-Intensity Fullback,dribble_success_pct,0.15,62.963,94.4
38746,Jurriën Timber,high_intensity_fullback,High-Intensity Fullback,dribble_success_pct,0.15,39.394,19.7
41577,Nuno Tavares,high_intensity_fullback,High-Intensity Fullback,dribble_success_pct,0.15,58.974,87.3
41734,João Mário,high_intensity_fullback,High-Intensity Fullback,dribble_success_pct,0.15,46.875,49.3
46759,Pacha,high_intensity_fullback,High-Intensity Fullback,dribble_success_pct,0.15,58.621,85.9
47119,Aitor Ruibal,high_intensity_fullback,High-Intensity Fullback,dribble_success_pct,0.15,45.161,40.8
47299,Andoni Gorosabel,high_intensity_fullback,High-Intensity Fullback,dribble_success_pct,0.15,60.0,90.1
47329,Adrià Pedrosa,high_intensity_fullback,High-Intensity Fullback,dribble_success_pct,0.15,17.857,1.4
47519,Pedro Porro,high_intensity_fullback,High-Intensity Fullback,dribble_success_pct,0.15,42.222,29.6
47547,Álex Moreno,high_intensity_fullback,High-Intensity Fullback,dribble_success_pct,0.15,48.611,53.5
47566,Javi Galán,high_intensity_fullback,High-Intensity Fullback,dribble_success_pct,0.15,60.656,93.0
47969,Gabriel Gudmundsson,high_intensity_fullback,High-Intensity Fullback,dribble_success_pct,0.15,52.703,69.0
49583,Ali Abdi,high_intensity_fullback,High-Intensity Fullback,dribble_success_pct,0.15,45.652,45.1
50852,Joe Scally,high_intensity_fullback,High-Intensity Fullback,dribble_success_pct,0.15,44.444,35.2
64309,Manuel Sánchez,high_intensity_fullback,High-Intensity Fullback,dribble_success_pct,0.15,34.375,11.3
70500,Sergi Cardona,high_intensity_fullback,High-Intensity Fullback,dribble_success_pct,0.15,28.571,2.8
90731,Lars Ritzka,high_intensity_fullback,High-Intensity Fullback,dribble_success_pct,0.15,0.0,0.0
92993,Mats Wieffer,high_intensity_fullback,High-Intensity Fullback,dribble_success_pct,0.15,45.0,38.0
96331,Koffi Kouao,high_intensity_fullback,High-Intensity Fullback,dribble_success_pct,0.15,71.429,99.3
119742,Juan Iglesias,high_intensity_fullback,High-Intensity Fullback,dribble_success_pct,0.15,51.724,62.0
128461,Nadir Zortea,high_intensity_fullback,High-Intensity Fullback,dribble_success_pct,0.15,47.619,52.1
129119,Ignace Van der Brempt,high_intensity_fullback,High-Intensity Fullback,dribble_success_pct,0.15,40.0,22.5
131548,Lucas Ahijado,high_intensity_fullback,High-Intensity Fullback,dribble_success_pct,0.15,59.259,88.7
138780,Neco Williams,high_intensity_fullback,High-Intensity Fullback,dribble_success_pct,0.15,43.662,33.8
138816,Ian Maatsen,high_intensity_fullback,High-Intensity Fullback,dribble_success_pct,0.15,41.176,25.4
152669,Darlin Yongwa,high_intensity_fullback,High-Intensity Fullback,dribble_success_pct,0.15,46.429,47.9
161702,Danilo Veiga,high_intensity_fullback,High-Intensity Fullback,dribble_success_pct,0.15,32.812,8.5
161747,Guéla Doué,high_intensity_fullback,High-Intensity Fullback,dribble_success_pct,0.15,54.545,74.6
162175,Jesús Vázquez,high_intensity_fullback,High-Intensity Fullback,dribble_success_pct,0.15,58.333,83.1
162267,Adrien Truffert,high_intensity_fullback,High-Intensity Fullback,dribble_success_pct,0.15,45.205,42.3
180317,Conor Bradley,high_intensity_fullback,High-Intensity Fullback,dribble_success_pct,0.15,31.818,4.9
180731,Lorenz Assignon,high_intensity_fullback,High-Intensity Fullback,dribble_success_pct,0.15,52.381,65.5
182636,Javi López,high_intensity_fullback,High-Intensity Fullback,dribble_success_pct,0.15,45.0,38.0
184420,Carlos Romero,high_intensity_fullback,High-Intensity Fullback,dribble_success_pct,0.15,58.333,83.1
193953,Lamine Sy,high_intensity_fullback,High-Intensity Fullback,dribble_success_pct,0.15,32.5,7.0
195717,Yerson Mosquera,high_intensity_fullback,High-Intensity Fullback,dribble_success_pct,0.15,39.13,18.3
195923,José Ángel Carmona,high_intensity_fullback,High-Intensity Fullback,dribble_success_pct,0.15,45.238,43.7
199044,Jon Aramburu,high_intensity_fullback,High-Intensity Fullback,dribble_success_pct,0.15,45.0,38.0
263482,Nuno Mendes,high_intensity_fullback,High-Intensity Fullback,dribble_success_pct,0.15,49.02,54.9
274267,Bradley Locko,high_intensity_fullback,High-Intensity Fullback,dribble_success_pct,0.15,50.0,57.7
284492,Lewis Hall,high_intensity_fullback,High-Intensity Fullback,dribble_success_pct,0.15,54.412,73.2
307123,Nico O'Reilly,high_intensity_fullback,High-Intensity Fullback,dribble_success_pct,0.15,40.0,22.5
311773,Santiago Mouriño,high_intensity_fullback,High-Intensity Fullback,dribble_success_pct,0.15,58.333,83.1
313025,Hugo Rincón,high_intensity_fullback,High-Intensity Fullback,dribble_success_pct,0.15,52.941,70.4
324957,Tom Alexander Rothe,high_intensity_fullback,High-Intensity Fullback,dribble_success_pct,0.15,31.818,4.9
330437,Álex Jiménez,high_intensity_fullback,High-Intensity Fullback,dribble_success_pct,0.15,52.439,67.6
334914,Saël Kumbedi,high_intensity_fullback,High-Intensity Fullback,dribble_success_pct,0.15,42.857,32.4
342022,Michael Kayode,high_intensity_fullback,High-Intensity Fullback,dribble_success_pct,0.15,51.402,60.6
343609,Jacques Ekomié,high_intensity_fullback,High-Intensity Fullback,dribble_success_pct,0.15,38.889,16.2
353143,Hennes Behrens,high_intensity_fullback,High-Intensity Fullback,dribble_success_pct,0.15,71.429,99.3
23,Sergio Gómez,high_intensity_fullback,High-Intensity Fullback,tackles_per90,0.2,2.928,83.1
171,Kyle Walker-Peters,high_intensity_fullback,High-Intensity Fullback,tackles_per90,0.2,2.837,76.1
533,Rasmus Kristensen,high_intensity_fullback,High-Intensity Fullback,tackles_per90,0.2,2.649,66.2
657,Kenny Tete,high_intensity_fullback,High-Intensity Fullback,tackles_per90,0.2,3.196,91.5
855,João Cancelo,high_intensity_fullback,High-Intensity Fullback,tackles_per90,0.2,2.432,57.7
1157,Konrad Laimer,high_intensity_fullback,High-Intensity Fullback,tackles_per90,0.2,2.073,23.9
1231,Vladimír Coufal,high_intensity_fullback,High-Intensity Fullback,tackles_per90,0.2,1.79,9.9
1482,Thierry Correia,high_intensity_fullback,High-Intensity Fullback,tackles_per90,0.2,2.001,22.5
1702,Alfonso Pedraza,high_intensity_fullback,High-Intensity Fullback,tackles_per90,0.2,2.183,29.6
1703,Andrei Rațiu,high_intensity_fullback,High-Intensity Fullback,tackles_per90,0.2,2.242,38.0
2483,Deiver Machado,high_intensity_fullback,High-Intensity Fullback,tackles_per90,0.2,1.594,4.2
2973,Amir Murillo,high_intensity_fullback,High-Intensity Fullback,tackles_per90,0.2,1.913,21.1
5973,Nicolás Capaldo,high_intensity_fullback,High-Intensity Fullback,tackles_per90,0.2,3.046,84.5
6503,Nahuel Molina,high_intensity_fullback,High-Intensity Fullback,tackles_per90,0.2,2.703,69.0
8673,Olivier Deman,high_intensity_fullback,High-Intensity Fullback,tackles_per90,0.2,2.797,73.2
11421,Gabriel Suazo,high_intensity_fullback,High-Intensity Fullback,tackles_per90,0.2,3.693,95.8
18867,Diego Rico,high_intensity_fullback,High-Intensity Fullback,tackles_per90,0.2,2.343,45.1
19032,Ryan Sessegnon,high_intensity_fullback,High-Intensity Fullback,tackles_per90,0.2,2.371,46.5
19235,Djed Spence,high_intensity_fullback,High-Intensity Fullback,tackles_per90,0.2,1.862,18.3
19549,Antonee Robinson,high_intensity_fullback,High-Intensity Fullback,tackles_per90,0.2,2.894,81.7
20303,Josh Laurent,high_intensity_fullback,High-Intensity Fullback,tackles_per90,0.2,2.423,56.3
21138,Rayan Aït-Nouri,high_intensity_fullback,High-Intensity Fullback,tackles_per90,0.2,3.135,88.7
26302,Pablo Maffeo,high_intensity_fullback,High-Intensity Fullback,tackles_per90,0.2,2.257,40.8
38746,Jurriën Timber,high_intensity_fullback,High-Intensity Fullback,tackles_per90,0.2,2.418,54.9
41577,Nuno Tavares,high_intensity_fullback,High-Intensity Fullback,tackles_per90,0.2,1.808,12.7
41734,João Mário,high_intensity_fullback,High-Intensity Fullback,tackles_per90,0.2,1.25,0.0
46759,Pacha,high_intensity_fullback,High-Intensity Fullback,tackles_per90,0.2,3.135,87.3
47119,Aitor Ruibal,high_intensity_fullback,High-Intensity Fullback,tackles_per90,0.2,2.233,36.6
47299,Andoni Gorosabel,high_intensity_fullback,High-Intensity Fullback,tackles_per90,0.2,2.45,60.6
47329,Adrià Pedrosa,high_intensity_fullback,High-Intensity Fullback,tackles_per90,0.2,2.802,74.6
47519,Pedro Porro,high_intensity_fullback,High-Intensity Fullback,tackles_per90,0.2,2.412,53.5
47547,Álex Moreno,high_intensity_fullback,High-Intensity Fullback,tackles_per90,0.2,1.511,2.8
47566,Javi Galán,high_intensity_fullback,High-Intensity Fullback,tackles_per90,0.2,2.372,47.9
47969,Gabriel Gudmundsson,high_intensity_fullback,High-Intensity Fullback,tackles_per90,0.2,2.214,32.4
49583,Ali Abdi,high_intensity_fullback,High-Intensity Fullback,tackles_per90,0.2,1.86,16.9
50852,Joe Scally,high_intensity_fullback,High-Intensity Fullback,tackles_per90,0.2,1.655,5.6
64309,Manuel Sánchez,high_intensity_fullback,High-Intensity Fullback,tackles_per90,0.2,2.587,62.0
70500,Sergi Cardona,high_intensity_fullback,High-Intensity Fullback,tackles_per90,0.2,2.148,26.8
90731,Lars Ritzka,high_intensity_fullback,High-Intensity Fullback,tackles_per90,0.2,3.711,97.2
92993,Mats Wieffer,high_intensity_fullback,High-Intensity Fullback,tackles_per90,0.2,3.103,85.9
96331,Koffi Kouao,high_intensity_fullback,High-Intensity Fullback,tackles_per90,0.2,2.851,77.5
119742,Juan Iglesias,high_intensity_fullback,High-Intensity Fullback,tackles_per90,0.2,3.161,90.1
128461,Nadir Zortea,high_intensity_fullback,High-Intensity Fullback,tackles_per90,0.2,1.287,1.4
129119,Ignace Van der Brempt,high_intensity_fullback,High-Intensity Fullback,tackles_per90,0.2,2.863,78.9
131548,Lucas Ahijado,high_intensity_fullback,High-Intensity Fullback,tackles_per90,0.2,3.764,98.6
138780,Neco Williams,high_intensity_fullback,High-Intensity Fullback,tackles_per90,0.2,2.695,67.6
138816,Ian Maatsen,high_intensity_fullback,High-Intensity Fullback,tackles_per90,0.2,2.396,49.3
152669,Darlin Yongwa,high_intensity_fullback,High-Intensity Fullback,tackles_per90,0.2,2.195,31.0
161702,Danilo Veiga,high_intensity_fullback,High-Intensity Fullback,tackles_per90,0.2,2.889,80.3
161747,Guéla Doué,high_intensity_fullback,High-Intensity Fullback,tackles_per90,0.2,2.181,28.2
162175,Jesús Vázquez,high_intensity_fullback,High-Intensity Fullback,tackles_per90,0.2,2.227,33.8
162267,Adrien Truffert,high_intensity_fullback,High-Intensity Fullback,tackles_per90,0.2,2.743,71.8
180317,Conor Bradley,high_intensity_fullback,High-Intensity Fullback,tackles_per90,0.2,1.835,15.5
180731,Lorenz Assignon,high_intensity_fullback,High-Intensity Fullback,tackles_per90,0.2,1.785,8.5
182636,Javi López,high_intensity_fullback,High-Intensity Fullback,tackles_per90,0.2,2.242,39.4
184420,Carlos Romero,high_intensity_fullback,High-Intensity Fullback,tackles_per90,0.2,2.732,70.4
193953,Lamine Sy,high_intensity_fullback,High-Intensity Fullback,tackles_per90,0.2,2.437,59.2
195717,Yerson Mosquera,high_intensity_fullback,High-Intensity Fullback,tackles_per90,0.2,2.605,63.4
195923,José Ángel Carmona,high_intensity_fullback,High-Intensity Fullback,tackles_per90,0.2,2.282,42.3
199044,Jon Aramburu,high_intensity_fullback,High-Intensity Fullback,tackles_per90,0.2,3.39,93.0
263482,Nuno Mendes,high_intensity_fullback,High-Intensity Fullback,tackles_per90,0.2,1.799,11.3
274267,Bradley Locko,high_intensity_fullback,High-Intensity Fullback,tackles_per90,0.2,3.664,94.4
284492,Lewis Hall,high_intensity_fullback,High-Intensity Fullback,tackles_per90,0.2,2.23,35.2
307123,Nico O'Reilly,high_intensity_fullback,High-Intensity Fullback,tackles_per90,0.2,2.311,43.7
311773,Santiago Mouriño,high_intensity_fullback,High-Intensity Fullback,tackles_per90,0.2,3.888,100.0
313025,Hugo Rincón,high_intensity_fullback,High-Intensity Fullback,tackles_per90,0.2,2.406,50.7
324957,Tom Alexander Rothe,high_intensity_fullback,High-Intensity Fullback,tackles_per90,0.2,1.732,7.0
330437,Álex Jiménez,high_intensity_fullback,High-Intensity Fullback,tackles_per90,0.2,2.615,64.8
334914,Saël Kumbedi,high_intensity_fullback,High-Intensity Fullback,tackles_per90,0.2,2.14,25.4
342022,Michael Kayode,high_intensity_fullback,High-Intensity Fullback,tackles_per90,0.2,1.82,14.1
343609,Jacques Ekomié,high_intensity_fullback,High-Intensity Fullback,tackles_per90,0.2,2.411,52.1
353143,Hennes Behrens,high_intensity_fullback,High-Intensity Fullback,tackles_per90,0.2,1.911,19.7
23,Sergio Gómez,high_intensity_fullback,High-Intensity Fullback,interceptions_per90,0.15,1.098,53.5
171,Kyle Walker-Peters,high_intensity_fullback,High-Intensity Fullback,interceptions_per90,0.15,0.58,4.2
533,Rasmus Kristensen,high_intensity_fullback,High-Intensity Fullback,interceptions_per90,0.15,1.094,50.7
657,Kenny Tete,high_intensity_fullback,High-Intensity Fullback,interceptions_per90,0.15,1.349,81.7
855,João Cancelo,high_intensity_fullback,High-Intensity Fullback,interceptions_per90,0.15,0.936,29.6
1157,Konrad Laimer,high_intensity_fullback,High-Intensity Fullback,interceptions_per90,0.15,0.766,16.9
1231,Vladimír Coufal,high_intensity_fullback,High-Intensity Fullback,interceptions_per90,0.15,1.104,54.9
1482,Thierry Correia,high_intensity_fullback,High-Intensity Fullback,interceptions_per90,0.15,1.098,52.1
1702,Alfonso Pedraza,high_intensity_fullback,High-Intensity Fullback,interceptions_per90,0.15,1.544,94.4
1703,Andrei Rațiu,high_intensity_fullback,High-Intensity Fullback,interceptions_per90,0.15,1.217,69.0
2483,Deiver Machado,high_intensity_fullback,High-Intensity Fullback,interceptions_per90,0.15,0.759,12.7
2973,Amir Murillo,high_intensity_fullback,High-Intensity Fullback,interceptions_per90,0.15,0.547,2.8
5973,Nicolás Capaldo,high_intensity_fullback,High-Intensity Fullback,interceptions_per90,0.15,1.568,95.8
6503,Nahuel Molina,high_intensity_fullback,High-Intensity Fullback,interceptions_per90,0.15,0.878,22.5
8673,Olivier Deman,high_intensity_fullback,High-Intensity Fullback,interceptions_per90,0.15,0.789,21.1
11421,Gabriel Suazo,high_intensity_fullback,High-Intensity Fullback,interceptions_per90,0.15,1.288,78.9
18867,Diego Rico,high_intensity_fullback,High-Intensity Fullback,interceptions_per90,0.15,1.528,93.0
19032,Ryan Sessegnon,high_intensity_fullback,High-Intensity Fullback,interceptions_per90,0.15,1.235,71.8
19235,Djed Spence,high_intensity_fullback,High-Intensity Fullback,interceptions_per90,0.15,0.78,18.3
19549,Antonee Robinson,high_intensity_fullback,High-Intensity Fullback,interceptions_per90,0.15,1.808,100.0
20303,Josh Laurent,high_intensity_fullback,High-Intensity Fullback,interceptions_per90,0.15,1.363,83.1
21138,Rayan Aït-Nouri,high_intensity_fullback,High-Intensity Fullback,interceptions_per90,0.15,1.199,67.6
26302,Pablo Maffeo,high_intensity_fullback,High-Intensity Fullback,interceptions_per90,0.15,1.145,59.2
38746,Jurriën Timber,high_intensity_fullback,High-Intensity Fullback,interceptions_per90,0.15,0.879,23.9
41577,Nuno Tavares,high_intensity_fullback,High-Intensity Fullback,interceptions_per90,0.15,1.085,47.9
41734,João Mário,high_intensity_fullback,High-Intensity Fullback,interceptions_per90,0.15,1.161,63.4
46759,Pacha,high_intensity_fullback,High-Intensity Fullback,interceptions_per90,0.15,0.904,25.4
47119,Aitor Ruibal,high_intensity_fullback,High-Intensity Fullback,interceptions_per90,0.15,0.992,35.2
47299,Andoni Gorosabel,high_intensity_fullback,High-Intensity Fullback,interceptions_per90,0.15,1.06,46.5
47329,Adrià Pedrosa,high_intensity_fullback,High-Intensity Fullback,interceptions_per90,0.15,1.236,73.2
47519,Pedro Porro,high_intensity_fullback,High-Intensity Fullback,interceptions_per90,0.15,0.965,32.4
47547,Álex Moreno,high_intensity_fullback,High-Intensity Fullback,interceptions_per90,0.15,1.054,42.3
47566,Javi Galán,high_intensity_fullback,High-Intensity Fullback,interceptions_per90,0.15,1.433,88.7
47969,Gabriel Gudmundsson,high_intensity_fullback,High-Intensity Fullback,interceptions_per90,0.15,0.92,26.8
49583,Ali Abdi,high_intensity_fullback,High-Intensity Fullback,interceptions_per90,0.15,0.744,9.9
50852,Joe Scally,high_intensity_fullback,High-Intensity Fullback,interceptions_per90,0.15,0.586,5.6
64309,Manuel Sánchez,high_intensity_fullback,High-Intensity Fullback,interceptions_per90,0.15,1.022,36.6
70500,Sergi Cardona,high_intensity_fullback,High-Intensity Fullback,interceptions_per90,0.15,1.646,97.2
90731,Lars Ritzka,high_intensity_fullback,High-Intensity Fullback,interceptions_per90,0.15,1.485,90.1
92993,Mats Wieffer,high_intensity_fullback,High-Intensity Fullback,interceptions_per90,0.15,1.176,64.8
96331,Koffi Kouao,high_intensity_fullback,High-Intensity Fullback,interceptions_per90,0.15,1.148,60.6
119742,Juan Iglesias,high_intensity_fullback,High-Intensity Fullback,interceptions_per90,0.15,0.734,8.5
128461,Nadir Zortea,high_intensity_fullback,High-Intensity Fullback,interceptions_per90,0.15,0.99,33.8
129119,Ignace Van der Brempt,high_intensity_fullback,High-Intensity Fullback,interceptions_per90,0.15,0.764,15.5
131548,Lucas Ahijado,high_intensity_fullback,High-Intensity Fullback,interceptions_per90,0.15,1.391,85.9
138780,Neco Williams,high_intensity_fullback,High-Intensity Fullback,interceptions_per90,0.15,1.319,80.3
138816,Ian Maatsen,high_intensity_fullback,High-Intensity Fullback,interceptions_per90,0.15,1.059,45.1
152669,Darlin Yongwa,high_intensity_fullback,High-Intensity Fullback,interceptions_per90,0.15,0.755,11.3
161702,Danilo Veiga,high_intensity_fullback,High-Intensity Fullback,interceptions_per90,0.15,0.953,31.0
161747,Guéla Doué,high_intensity_fullback,High-Intensity Fullback,interceptions_per90,0.15,1.178,66.2
162175,Jesús Vázquez,high_intensity_fullback,High-Intensity Fullback,interceptions_per90,0.15,0.371,1.4
162267,Adrien Truffert,high_intensity_fullback,High-Intensity Fullback,interceptions_per90,0.15,1.278,77.5
180317,Conor Bradley,high_intensity_fullback,High-Intensity Fullback,interceptions_per90,0.15,1.255,76.1
180731,Lorenz Assignon,high_intensity_fullback,High-Intensity Fullback,interceptions_per90,0.15,1.055,43.7
182636,Javi López,high_intensity_fullback,High-Intensity Fullback,interceptions_per90,0.15,1.043,39.4
184420,Carlos Romero,high_intensity_fullback,High-Intensity Fullback,interceptions_per90,0.15,1.127,56.3
193953,Lamine Sy,high_intensity_fullback,High-Intensity Fullback,interceptions_per90,0.15,1.393,87.3
195717,Yerson Mosquera,high_intensity_fullback,High-Intensity Fullback,interceptions_per90,0.15,1.218,70.4
195923,José Ángel Carmona,high_intensity_fullback,High-Intensity Fullback,interceptions_per90,0.15,1.369,84.5
199044,Jon Aramburu,high_intensity_fullback,High-Intensity Fullback,interceptions_per90,0.15,1.517,91.5
263482,Nuno Mendes,high_intensity_fullback,High-Intensity Fullback,interceptions_per90,0.15,0.935,28.2
274267,Bradley Locko,high_intensity_fullback,High-Intensity Fullback,interceptions_per90,0.15,0.76,14.1
284492,Lewis Hall,high_intensity_fullback,High-Intensity Fullback,interceptions_per90,0.15,1.156,62.0
307123,Nico O'Reilly,high_intensity_fullback,High-Intensity Fullback,interceptions_per90,0.15,0.68,7.0
311773,Santiago Mouriño,high_intensity_fullback,High-Intensity Fullback,interceptions_per90,0.15,1.133,57.7
313025,Hugo Rincón,high_intensity_fullback,High-Intensity Fullback,interceptions_per90,0.15,0.256,0.0
324957,Tom Alexander Rothe,high_intensity_fullback,High-Intensity Fullback,interceptions_per90,0.15,1.646,98.6
330437,Álex Jiménez,high_intensity_fullback,High-Intensity Fullback,interceptions_per90,0.15,1.023,38.0
334914,Saël Kumbedi,high_intensity_fullback,High-Intensity Fullback,interceptions_per90,0.15,0.786,19.7
342022,Michael Kayode,high_intensity_fullback,High-Intensity Fullback,interceptions_per90,0.15,1.048,40.8
343609,Jacques Ekomié,high_intensity_fullback,High-Intensity Fullback,interceptions_per90,0.15,1.246,74.6
353143,Hennes Behrens,high_intensity_fullback,High-Intensity Fullback,interceptions_per90,0.15,1.092,49.3
23,Sergio Gómez,high_intensity_fullback,High-Intensity Fullback,key_passes_per90,0.2,1.497,91.5
171,Kyle Walker-Peters,high_intensity_fullback,High-Intensity Fullback,key_passes_per90,0.2,0.451,7.0
533,Rasmus Kristensen,high_intensity_fullback,High-Intensity Fullback,key_passes_per90,0.2,0.461,8.5
657,Kenny Tete,high_intensity_fullback,High-Intensity Fullback,key_passes_per90,0.2,0.549,19.7
855,João Cancelo,high_intensity_fullback,High-Intensity Fullback,key_passes_per90,0.2,1.403,85.9
1157,Konrad Laimer,high_intensity_fullback,High-Intensity Fullback,key_passes_per90,0.2,1.983,98.6
1231,Vladimír Coufal,high_intensity_fullback,High-Intensity Fullback,key_passes_per90,0.2,1.76,94.4
1482,Thierry Correia,high_intensity_fullback,High-Intensity Fullback,key_passes_per90,0.2,0.839,49.3
1702,Alfonso Pedraza,high_intensity_fullback,High-Intensity Fullback,key_passes_per90,0.2,1.118,70.4
1703,Andrei Rațiu,high_intensity_fullback,High-Intensity Fullback,key_passes_per90,0.2,1.377,84.5
2483,Deiver Machado,high_intensity_fullback,High-Intensity Fullback,key_passes_per90,0.2,0.531,16.9
2973,Amir Murillo,high_intensity_fullback,High-Intensity Fullback,key_passes_per90,0.2,1.002,63.4
5973,Nicolás Capaldo,high_intensity_fullback,High-Intensity Fullback,key_passes_per90,0.2,0.986,57.7
6503,Nahuel Molina,high_intensity_fullback,High-Intensity Fullback,key_passes_per90,0.2,1.419,87.3
8673,Olivier Deman,high_intensity_fullback,High-Intensity Fullback,key_passes_per90,0.2,1.219,76.1
11421,Gabriel Suazo,high_intensity_fullback,High-Intensity Fullback,key_passes_per90,0.2,1.546,93.0
18867,Diego Rico,high_intensity_fullback,High-Intensity Fullback,key_passes_per90,0.2,0.56,23.9
19032,Ryan Sessegnon,high_intensity_fullback,High-Intensity Fullback,key_passes_per90,0.2,0.692,33.8
19235,Djed Spence,high_intensity_fullback,High-Intensity Fullback,key_passes_per90,0.2,0.433,4.2
19549,Antonee Robinson,high_intensity_fullback,High-Intensity Fullback,key_passes_per90,0.2,1.326,83.1
20303,Josh Laurent,high_intensity_fullback,High-Intensity Fullback,key_passes_per90,0.2,0.606,26.8
21138,Rayan Aït-Nouri,high_intensity_fullback,High-Intensity Fullback,key_passes_per90,0.2,1.107,69.0
26302,Pablo Maffeo,high_intensity_fullback,High-Intensity Fullback,key_passes_per90,0.2,0.674,32.4
38746,Jurriën Timber,high_intensity_fullback,High-Intensity Fullback,key_passes_per90,0.2,0.989,59.2
41577,Nuno Tavares,high_intensity_fullback,High-Intensity Fullback,key_passes_per90,0.2,1.266,80.3
41734,João Mário,high_intensity_fullback,High-Intensity Fullback,key_passes_per90,0.2,0.714,35.2
46759,Pacha,high_intensity_fullback,High-Intensity Fullback,key_passes_per90,0.2,1.145,71.8
47119,Aitor Ruibal,high_intensity_fullback,High-Intensity Fullback,key_passes_per90,0.2,0.943,53.5
47299,Andoni Gorosabel,high_intensity_fullback,High-Intensity Fullback,key_passes_per90,0.2,1.06,67.6
47329,Adrià Pedrosa,high_intensity_fullback,High-Intensity Fullback,key_passes_per90,0.2,1.896,97.2
47519,Pedro Porro,high_intensity_fullback,High-Intensity Fullback,key_passes_per90,0.2,1.801,95.8
47547,Álex Moreno,high_intensity_fullback,High-Intensity Fullback,key_passes_per90,0.2,0.562,25.4
47566,Javi Galán,high_intensity_fullback,High-Intensity Fullback,key_passes_per90,0.2,1.433,88.7
47969,Gabriel Gudmundsson,high_intensity_fullback,High-Intensity Fullback,key_passes_per90,0.2,0.715,36.6
49583,Ali Abdi,high_intensity_fullback,High-Intensity Fullback,key_passes_per90,0.2,1.264,78.9
50852,Joe Scally,high_intensity_fullback,High-Intensity Fullback,key_passes_per90,0.2,0.62,29.6
64309,Manuel Sánchez,high_intensity_fullback,High-Intensity Fullback,key_passes_per90,0.2,0.543,18.3
70500,Sergi Cardona,high_intensity_fullback,High-Intensity Fullback,key_passes_per90,0.2,0.96,56.3
90731,Lars Ritzka,high_intensity_fullback,High-Intensity Fullback,key_passes_per90,0.2,0.557,22.5
92993,Mats Wieffer,high_intensity_fullback,High-Intensity Fullback,key_passes_per90,0.2,0.94,52.1
96331,Koffi Kouao,high_intensity_fullback,High-Intensity Fullback,key_passes_per90,0.2,0.436,5.6
119742,Juan Iglesias,high_intensity_fullback,High-Intensity Fullback,key_passes_per90,0.2,0.508,14.1
128461,Nadir Zortea,high_intensity_fullback,High-Intensity Fullback,key_passes_per90,0.2,1.188,74.6
129119,Ignace Van der Brempt,high_intensity_fullback,High-Intensity Fullback,key_passes_per90,0.2,0.477,11.3
131548,Lucas Ahijado,high_intensity_fullback,High-Intensity Fullback,key_passes_per90,0.2,0.736,38.0
138780,Neco Williams,high_intensity_fullback,High-Intensity Fullback,key_passes_per90,0.2,1.039,66.2
138816,Ian Maatsen,high_intensity_fullback,High-Intensity Fullback,key_passes_per90,0.2,1.449,90.1
152669,Darlin Yongwa,high_intensity_fullback,High-Intensity Fullback,key_passes_per90,0.2,1.166,73.2
161702,Danilo Veiga,high_intensity_fullback,High-Intensity Fullback,key_passes_per90,0.2,0.625,31.0
161747,Guéla Doué,high_intensity_fullback,High-Intensity Fullback,key_passes_per90,0.2,0.829,46.5
162175,Jesús Vázquez,high_intensity_fullback,High-Intensity Fullback,key_passes_per90,0.2,1.299,81.7
162267,Adrien Truffert,high_intensity_fullback,High-Intensity Fullback,key_passes_per90,0.2,0.852,50.7
180317,Conor Bradley,high_intensity_fullback,High-Intensity Fullback,key_passes_per90,0.2,0.386,2.8
180731,Lorenz Assignon,high_intensity_fullback,High-Intensity Fullback,key_passes_per90,0.2,0.812,45.1
182636,Javi López,high_intensity_fullback,High-Intensity Fullback,key_passes_per90,0.2,0.991,60.6
184420,Carlos Romero,high_intensity_fullback,High-Intensity Fullback,key_passes_per90,0.2,0.761,40.8
193953,Lamine Sy,high_intensity_fullback,High-Intensity Fullback,key_passes_per90,0.2,0.754,39.4
195717,Yerson Mosquera,high_intensity_fullback,High-Intensity Fullback,key_passes_per90,0.2,0.462,9.9
195923,José Ángel Carmona,high_intensity_fullback,High-Intensity Fullback,key_passes_per90,0.2,0.772,42.3
199044,Jon Aramburu,high_intensity_fullback,High-Intensity Fullback,key_passes_per90,0.2,0.355,1.4
263482,Nuno Mendes,high_intensity_fullback,High-Intensity Fullback,key_passes_per90,0.2,2.158,100.0
274267,Bradley Locko,high_intensity_fullback,High-Intensity Fullback,key_passes_per90,0.2,0.553,21.1
284492,Lewis Hall,high_intensity_fullback,High-Intensity Fullback,key_passes_per90,0.2,1.033,64.8
307123,Nico O'Reilly,high_intensity_fullback,High-Intensity Fullback,key_passes_per90,0.2,0.782,43.7
311773,Santiago Mouriño,high_intensity_fullback,High-Intensity Fullback,key_passes_per90,0.2,0.34,0.0
313025,Hugo Rincón,high_intensity_fullback,High-Intensity Fullback,key_passes_per90,0.2,0.512,15.5
324957,Tom Alexander Rothe,high_intensity_fullback,High-Intensity Fullback,key_passes_per90,0.2,0.953,54.9
330437,Álex Jiménez,high_intensity_fullback,High-Intensity Fullback,key_passes_per90,0.2,0.606,28.2
334914,Saël Kumbedi,high_intensity_fullback,High-Intensity Fullback,key_passes_per90,0.2,0.83,47.9
342022,Michael Kayode,high_intensity_fullback,High-Intensity Fullback,key_passes_per90,0.2,0.993,62.0
343609,Jacques Ekomié,high_intensity_fullback,High-Intensity Fullback,key_passes_per90,0.2,0.482,12.7
353143,Hennes Behrens,high_intensity_fullback,High-Intensity Fullback,key_passes_per90,0.2,1.228,77.5
23,Sergio Gómez,high_intensity_fullback,High-Intensity Fullback,assists_per90,0.15,0.2,93.0
171,Kyle Walker-Peters,high_intensity_fullback,High-Intensity Fullback,assists_per90,0.15,0.0,14.1
533,Rasmus Kristensen,high_intensity_fullback,High-Intensity Fullback,assists_per90,0.15,0.0,14.1
657,Kenny Tete,high_intensity_fullback,High-Intensity Fullback,assists_per90,0.15,0.0,14.1
855,João Cancelo,high_intensity_fullback,High-Intensity Fullback,assists_per90,0.15,0.187,91.5
1157,Konrad Laimer,high_intensity_fullback,High-Intensity Fullback,assists_per90,0.15,0.406,100.0
1231,Vladimír Coufal,high_intensity_fullback,High-Intensity Fullback,assists_per90,0.15,0.239,95.8
1482,Thierry Correia,high_intensity_fullback,High-Intensity Fullback,assists_per90,0.15,0.129,74.6
1702,Alfonso Pedraza,high_intensity_fullback,High-Intensity Fullback,assists_per90,0.15,0.16,85.9
1703,Andrei Rațiu,high_intensity_fullback,High-Intensity Fullback,assists_per90,0.15,0.128,73.2
2483,Deiver Machado,high_intensity_fullback,High-Intensity Fullback,assists_per90,0.15,0.076,53.5
2973,Amir Murillo,high_intensity_fullback,High-Intensity Fullback,assists_per90,0.15,0.091,60.6
5973,Nicolás Capaldo,high_intensity_fullback,High-Intensity Fullback,assists_per90,0.15,0.134,77.5
6503,Nahuel Molina,high_intensity_fullback,High-Intensity Fullback,assists_per90,0.15,0.135,78.9
8673,Olivier Deman,high_intensity_fullback,High-Intensity Fullback,assists_per90,0.15,0.143,84.5
11421,Gabriel Suazo,high_intensity_fullback,High-Intensity Fullback,assists_per90,0.15,0.043,35.2
18867,Diego Rico,high_intensity_fullback,High-Intensity Fullback,assists_per90,0.15,0.0,14.1
19032,Ryan Sessegnon,high_intensity_fullback,High-Intensity Fullback,assists_per90,0.15,0.049,36.6
19235,Djed Spence,high_intensity_fullback,High-Intensity Fullback,assists_per90,0.15,0.0,14.1
19549,Antonee Robinson,high_intensity_fullback,High-Intensity Fullback,assists_per90,0.15,0.0,14.1
20303,Josh Laurent,high_intensity_fullback,High-Intensity Fullback,assists_per90,0.15,0.0,14.1
21138,Rayan Aït-Nouri,high_intensity_fullback,High-Intensity Fullback,assists_per90,0.15,0.184,90.1
26302,Pablo Maffeo,high_intensity_fullback,High-Intensity Fullback,assists_per90,0.15,0.067,49.3
38746,Jurriën Timber,high_intensity_fullback,High-Intensity Fullback,assists_per90,0.15,0.183,88.7
41577,Nuno Tavares,high_intensity_fullback,High-Intensity Fullback,assists_per90,0.15,0.0,14.1
41734,João Mário,high_intensity_fullback,High-Intensity Fullback,assists_per90,0.15,0.0,14.1
46759,Pacha,high_intensity_fullback,High-Intensity Fullback,assists_per90,0.15,0.0,14.1
47119,Aitor Ruibal,high_intensity_fullback,High-Intensity Fullback,assists_per90,0.15,0.099,66.2
47299,Andoni Gorosabel,high_intensity_fullback,High-Intensity Fullback,assists_per90,0.15,0.066,47.9
47329,Adrià Pedrosa,high_intensity_fullback,High-Intensity Fullback,assists_per90,0.15,0.082,56.3
47519,Pedro Porro,high_intensity_fullback,High-Intensity Fullback,assists_per90,0.15,0.064,46.5
47547,Álex Moreno,high_intensity_fullback,High-Intensity Fullback,assists_per90,0.15,0.105,71.8
47566,Javi Galán,high_intensity_fullback,High-Intensity Fullback,assists_per90,0.15,0.049,38.0
47969,Gabriel Gudmundsson,high_intensity_fullback,High-Intensity Fullback,assists_per90,0.15,0.0,14.1
49583,Ali Abdi,high_intensity_fullback,High-Intensity Fullback,assists_per90,0.15,0.0,14.1
50852,Joe Scally,high_intensity_fullback,High-Intensity Fullback,assists_per90,0.15,0.103,69.0
64309,Manuel Sánchez,high_intensity_fullback,High-Intensity Fullback,assists_per90,0.15,0.064,45.1
70500,Sergi Cardona,high_intensity_fullback,High-Intensity Fullback,assists_per90,0.15,0.183,87.3
90731,Lars Ritzka,high_intensity_fullback,High-Intensity Fullback,assists_per90,0.15,0.0,14.1
92993,Mats Wieffer,high_intensity_fullback,High-Intensity Fullback,assists_per90,0.15,0.141,83.1
96331,Koffi Kouao,high_intensity_fullback,High-Intensity Fullback,assists_per90,0.15,0.04,32.4
119742,Juan Iglesias,high_intensity_fullback,High-Intensity Fullback,assists_per90,0.15,0.056,43.7
128461,Nadir Zortea,high_intensity_fullback,High-Intensity Fullback,assists_per90,0.15,0.099,64.8
129119,Ignace Van der Brempt,high_intensity_fullback,High-Intensity Fullback,assists_per90,0.15,0.095,62.0
131548,Lucas Ahijado,high_intensity_fullback,High-Intensity Fullback,assists_per90,0.15,0.082,54.9
138780,Neco Williams,high_intensity_fullback,High-Intensity Fullback,assists_per90,0.15,0.084,57.7
138816,Ian Maatsen,high_intensity_fullback,High-Intensity Fullback,assists_per90,0.15,0.056,42.3
152669,Darlin Yongwa,high_intensity_fullback,High-Intensity Fullback,assists_per90,0.15,0.069,50.7
161702,Danilo Veiga,high_intensity_fullback,High-Intensity Fullback,assists_per90,0.15,0.03,31.0
161747,Guéla Doué,high_intensity_fullback,High-Intensity Fullback,assists_per90,0.15,0.262,97.2
162175,Jesús Vázquez,high_intensity_fullback,High-Intensity Fullback,assists_per90,0.15,0.0,14.1
162267,Adrien Truffert,high_intensity_fullback,High-Intensity Fullback,assists_per90,0.15,0.133,76.1
180317,Conor Bradley,high_intensity_fullback,High-Intensity Fullback,assists_per90,0.15,0.097,63.4
180731,Lorenz Assignon,high_intensity_fullback,High-Intensity Fullback,assists_per90,0.15,0.0,14.1
182636,Javi López,high_intensity_fullback,High-Intensity Fullback,assists_per90,0.15,0.052,40.8
184420,Carlos Romero,high_intensity_fullback,High-Intensity Fullback,assists_per90,0.15,0.085,59.2
193953,Lamine Sy,high_intensity_fullback,High-Intensity Fullback,assists_per90,0.15,0.0,14.1
195717,Yerson Mosquera,high_intensity_fullback,High-Intensity Fullback,assists_per90,0.15,0.0,14.1
195923,José Ángel Carmona,high_intensity_fullback,High-Intensity Fullback,assists_per90,0.15,0.105,70.4
199044,Jon Aramburu,high_intensity_fullback,High-Intensity Fullback,assists_per90,0.15,0.0,14.1
263482,Nuno Mendes,high_intensity_fullback,High-Intensity Fullback,assists_per90,0.15,0.36,98.6
274267,Bradley Locko,high_intensity_fullback,High-Intensity Fullback,assists_per90,0.15,0.138,81.7
284492,Lewis Hall,high_intensity_fullback,High-Intensity Fullback,assists_per90,0.15,0.041,33.8
307123,Nico O'Reilly,high_intensity_fullback,High-Intensity Fullback,assists_per90,0.15,0.102,67.6
311773,Santiago Mouriño,high_intensity_fullback,High-Intensity Fullback,assists_per90,0.15,0.076,52.1
313025,Hugo Rincón,high_intensity_fullback,High-Intensity Fullback,assists_per90,0.15,0.051,39.4
324957,Tom Alexander Rothe,high_intensity_fullback,High-Intensity Fullback,assists_per90,0.15,0.0,14.1
330437,Álex Jiménez,high_intensity_fullback,High-Intensity Fullback,assists_per90,0.15,0.0,14.1
334914,Saël Kumbedi,high_intensity_fullback,High-Intensity Fullback,assists_per90,0.15,0.218,94.4
342022,Michael Kayode,high_intensity_fullback,High-Intensity Fullback,assists_per90,0.15,0.028,29.6
343609,Jacques Ekomié,high_intensity_fullback,High-Intensity Fullback,assists_per90,0.15,0.0,14.1
353143,Hennes Behrens,high_intensity_fullback,High-Intensity Fullback,assists_per90,0.15,0.136,80.3
9,Achraf Hakimi,creative_fullback,Creative Fullback,key_passes_per90,0.25,1.376,89.8
134,Juan Miranda,creative_fullback,Creative Fullback,key_passes_per90,0.25,2.309,99.2
169,Kieran Trippier,creative_fullback,Creative Fullback,key_passes_per90,0.25,1.583,94.1
200,Gabriele Zappa,creative_fullback,Creative Fullback,key_passes_per90,0.25,0.728,39.0
264,Thomas Meunier,creative_fullback,Creative Fullback,key_passes_per90,0.25,0.846,54.2
283,Trent Alexander-Arnold,creative_fullback,Creative Fullback,key_passes_per90,0.25,2.233,98.3
288,Alberto Moreno,creative_fullback,Creative Fullback,key_passes_per90,0.25,1.089,72.9
289,Andy Robertson,creative_fullback,Creative Fullback,key_passes_per90,0.25,1.515,92.4
627,Kyle Walker,creative_fullback,Creative Fullback,key_passes_per90,0.25,0.378,11.0
733,Dani Carvajal,creative_fullback,Creative Fullback,key_passes_per90,0.25,1.014,70.3
736,Fran García,creative_fullback,Creative Fullback,key_passes_per90,0.25,0.482,19.5
753,Marcos Llorente,creative_fullback,Creative Fullback,key_passes_per90,0.25,0.824,51.7
886,Diogo Dalot,creative_fullback,Creative Fullback,key_passes_per90,0.25,0.997,68.6
918,José Luis Gayà,creative_fullback,Creative Fullback,key_passes_per90,0.25,0.914,61.0
943,Ulisses Garcia,creative_fullback,Creative Fullback,key_passes_per90,0.25,1.092,73.7
1031,Igor Silva,creative_fullback,Creative Fullback,key_passes_per90,0.25,0.589,28.8
1118,Jeremy Toljan,creative_fullback,Creative Fullback,key_passes_per90,0.25,0.794,47.5
1361,Ferdi Kadıoğlu,creative_fullback,Creative Fullback,key_passes_per90,0.25,0.632,31.4
1439,Héctor Bellerín,creative_fullback,Creative Fullback,key_passes_per90,0.25,1.174,80.5
1456,Ainsley Maitland-Niles,creative_fullback,Creative Fullback,key_passes_per90,0.25,0.761,43.2
1631,Ricardo Rodríguez,creative_fullback,Creative Fullback,key_passes_per90,0.25,0.404,15.3
1812,Danny da Costa,creative_fullback,Creative Fullback,key_passes_per90,0.25,0.534,22.0
1844,Adam Marušić,creative_fullback,Creative Fullback,key_passes_per90,0.25,0.291,5.1
2165,Vitaliy Mykolenko,creative_fullback,Creative Fullback,key_passes_per90,0.25,0.699,35.6
2202,Hamari Traoré,creative_fullback,Creative Fullback,key_passes_per90,0.25,0.699,36.4
2284,Emerson,creative_fullback,Creative Fullback,key_passes_per90,0.25,1.949,96.6
2336,Loic Négo,creative_fullback,Creative Fullback,key_passes_per90,0.25,0.537,22.9
2724,Lucas Digne,creative_fullback,Creative Fullback,key_passes_per90,0.25,1.254,83.9
2771,Ola Aina,creative_fullback,Creative Fullback,key_passes_per90,0.25,0.566,26.3
2933,Ben Chilwell,creative_fullback,Creative Fullback,key_passes_per90,0.25,0.393,14.4
3240,Jean-Philippe Gbamin,creative_fullback,Creative Fullback,key_passes_per90,0.25,0.543,23.7
7578,Gideon Mensah,creative_fullback,Creative Fullback,key_passes_per90,0.25,0.656,33.9
8474,Thibault De Smet,creative_fullback,Creative Fullback,key_passes_per90,0.25,0.392,13.6
9700,Abner Vinícius,creative_fullback,Creative Fullback,key_passes_per90,0.25,0.957,62.7
10316,Caio Henrique,creative_fullback,Creative Fullback,key_passes_per90,0.25,1.226,83.1
18794,Kiko Femenía,creative_fullback,Creative Fullback,key_passes_per90,0.25,0.757,42.4
18846,Aaron Wan-Bissaka,creative_fullback,Creative Fullback,key_passes_per90,0.25,0.777,44.9
18869,Adam Smith,creative_fullback,Creative Fullback,key_passes_per90,0.25,0.411,16.1
19298,Matty Cash,creative_fullback,Creative Fullback,key_passes_per90,0.25,0.924,61.9
19346,Rico Henry,creative_fullback,Creative Fullback,key_passes_per90,0.25,0.27,3.4
20600,Romain Perraud,creative_fullback,Creative Fullback,key_passes_per90,0.25,1.478,91.5
20850,Carlens Arcus,creative_fullback,Creative Fullback,key_passes_per90,0.25,0.702,38.1
21570,Nicolas Cozza,creative_fullback,Creative Fullback,key_passes_per90,0.25,0.391,11.9
21701,Valentin Rosier,creative_fullback,Creative Fullback,key_passes_per90,0.25,0.564,25.4
22134,Kelvin Amian,creative_fullback,Creative Fullback,key_passes_per90,0.25,0.367,9.3
22136,Bafodé Diakité,creative_fullback,Creative Fullback,key_passes_per90,0.25,0.21,1.7
22174,Adrien Tameze,creative_fullback,Creative Fullback,key_passes_per90,0.25,0.635,33.1
22247,Kenny Lala,creative_fullback,Creative Fullback,key_passes_per90,0.25,0.838,53.4
23637,Yanis Zouaoui,creative_fullback,Creative Fullback,key_passes_per90,0.25,1.342,88.1
24868,Josha Vagnoman,creative_fullback,Creative Fullback,key_passes_per90,0.25,0.904,59.3
24897,Marnon Busch,creative_fullback,Creative Fullback,key_passes_per90,0.25,0.8,48.3
24979,Jonas Föhrenbach,creative_fullback,Creative Fullback,key_passes_per90,0.25,0.812,50.0
25158,David Raum,creative_fullback,Creative Fullback,key_passes_per90,0.25,3.451,100.0
25502,Omar Haktab Traore,creative_fullback,Creative Fullback,key_passes_per90,0.25,0.773,44.1
25917,Ridle Baku,creative_fullback,Creative Fullback,key_passes_per90,0.25,1.327,87.3
26236,Christian Günter,creative_fullback,Creative Fullback,key_passes_per90,0.25,1.144,76.3
30399,Dávid Hancko,creative_fullback,Creative Fullback,key_passes_per90,0.25,0.481,18.6
30422,Robin Gosens,creative_fullback,Creative Fullback,key_passes_per90,0.25,0.571,27.1
30469,Arturo Calabresi,creative_fullback,Creative Fullback,key_passes_per90,0.25,0.237,2.5
30554,Luca Pellegrini,creative_fullback,Creative Fullback,key_passes_per90,0.25,0.976,64.4
30866,Manuel Lazzari,creative_fullback,Creative Fullback,key_passes_per90,0.25,0.188,0.8
31042,Giovanni Di Lorenzo,creative_fullback,Creative Fullback,key_passes_per90,0.25,0.632,32.2
31543,Antonino Gallo,creative_fullback,Creative Fullback,key_passes_per90,0.25,1.06,72.0
32887,Yukinari Sugawara,creative_fullback,Creative Fullback,key_passes_per90,0.25,0.74,39.8
37143,Lutsharel Geertruida,creative_fullback,Creative Fullback,key_passes_per90,0.25,0.423,16.9
40582,Sebastian Walukiewicz,creative_fullback,Creative Fullback,key_passes_per90,0.25,0.662,34.7
41144,Dodô,creative_fullback,Creative Fullback,key_passes_per90,0.25,1.462,90.7
41621,Matheus Nunes,creative_fullback,Creative Fullback,key_passes_per90,0.25,0.88,57.6
46657,Nacho Vidal,creative_fullback,Creative Fullback,key_passes_per90,0.25,0.277,4.2
46795,Domingos Duarte,creative_fullback,Creative Fullback,key_passes_per90,0.25,0.061,0.0
47251,Dimitri Foulquier,creative_fullback,Creative Fullback,key_passes_per90,0.25,0.467,17.8
47273,Yuri Berchiche,creative_fullback,Creative Fullback,key_passes_per90,0.25,0.997,67.8
47380,Marc Cucurella,creative_fullback,Creative Fullback,key_passes_per90,0.25,1.295,85.6
48119,Odilon Kossounou,creative_fullback,Creative Fullback,key_passes_per90,0.25,0.362,8.5
48574,Cedric Zesiger,creative_fullback,Creative Fullback,key_passes_per90,0.25,0.391,12.7
64268,Johan Mojica,creative_fullback,Creative Fullback,key_passes_per90,0.25,1.184,82.2
106725,Keane Lewis-Potter,creative_fullback,Creative Fullback,key_passes_per90,0.25,0.859,55.1
119121,Trai Hume,creative_fullback,Creative Fullback,key_passes_per90,0.25,0.859,55.9
125171,Josip Stanišić,creative_fullback,Creative Fullback,key_passes_per90,0.25,1.164,79.7
128338,Woyo Coulibaly,creative_fullback,Creative Fullback,key_passes_per90,0.25,0.344,6.8
128951,Victor Parada,creative_fullback,Creative Fullback,key_passes_per90,0.25,0.582,28.0
135334,Santiago Bueno,creative_fullback,Creative Fullback,key_passes_per90,0.25,0.353,7.6
135526,Josh Doig,creative_fullback,Creative Fullback,key_passes_per90,0.25,0.701,37.3
152654,Jeremie Frimpong,creative_fullback,Creative Fullback,key_passes_per90,0.25,1.264,84.7
158694,Valentino Livramento,creative_fullback,Creative Fullback,key_passes_per90,0.25,0.745,40.7
161907,Malo Gusto,creative_fullback,Creative Fullback,key_passes_per90,0.25,1.112,74.6
161928,Alejandro Balde,creative_fullback,Creative Fullback,key_passes_per90,0.25,1.153,78.0
162007,Maxim De Cuyper,creative_fullback,Creative Fullback,key_passes_per90,0.25,2.058,97.5
162012,Matteo Ruggeri,creative_fullback,Creative Fullback,key_passes_per90,0.25,1.318,86.4
162188,Pierre Kalulu,creative_fullback,Creative Fullback,key_passes_per90,0.25,1.179,81.4
162386,Kristoffer Lund,creative_fullback,Creative Fullback,key_passes_per90,0.25,0.786,46.6
163069,Luca Netz,creative_fullback,Creative Fullback,key_passes_per90,0.25,0.832,52.5
178769,Philipp Treu,creative_fullback,Creative Fullback,key_passes_per90,0.25,0.82,50.8
181734,Josep Chavarría,creative_fullback,Creative Fullback,key_passes_per90,0.25,0.906,60.2
181797,Bashir Humphreys,creative_fullback,Creative Fullback,key_passes_per90,0.25,0.513,21.2
181806,Nicolò Savona,creative_fullback,Creative Fullback,key_passes_per90,0.25,0.614,29.7
182181,Jesús Areso,creative_fullback,Creative Fullback,key_passes_per90,0.25,1.368,89.0
182661,Alvaro Núñez,creative_fullback,Creative Fullback,key_passes_per90,0.25,0.998,69.5
191740,Sebastian Sebulonsen,creative_fullback,Creative Fullback,key_passes_per90,0.25,0.754,41.5
204039,Destiny Udogie,creative_fullback,Creative Fullback,key_passes_per90,0.25,0.805,49.2
206254,Miloš Kerkez,creative_fullback,Creative Fullback,key_passes_per90,0.25,1.017,71.2
215827,Fredrik Oppegård,creative_fullback,Creative Fullback,key_passes_per90,0.25,0.78,45.8
270139,Jake O'Brien,creative_fullback,Creative Fullback,key_passes_per90,0.25,0.489,20.3
272460,Quentin Merlin,creative_fullback,Creative Fullback,key_passes_per90,0.25,1.671,95.8
279822,Enzo Boyomo,creative_fullback,Creative Fullback,key_passes_per90,0.25,0.318,5.9
280074,Nathaniel Brown,creative_fullback,Creative Fullback,key_passes_per90,0.25,1.151,77.1
284300,Álvaro Carreras,creative_fullback,Creative Fullback,key_passes_per90,0.25,1.154,78.8
295223,Abdel Rahim,creative_fullback,Creative Fullback,key_passes_per90,0.25,0.886,58.5
315249,Nicolò Bertola,creative_fullback,Creative Fullback,key_passes_per90,0.25,0.556,24.6
316517,Alan Matturro,creative_fullback,Creative Fullback,key_passes_per90,0.25,0.376,10.2
323951,Aaron Zehnter,creative_fullback,Creative Fullback,key_passes_per90,0.25,0.983,65.3
325975,Tom Bischof,creative_fullback,Creative Fullback,key_passes_per90,0.25,1.636,94.9
327646,Lukas Ullrich,creative_fullback,Creative Fullback,key_passes_per90,0.25,0.958,63.6
336560,Álex Valle,creative_fullback,Creative Fullback,key_passes_per90,0.25,0.622,30.5
336657,Warren Zaïre-Emery,creative_fullback,Creative Fullback,key_passes_per90,0.25,1.541,93.2
361384,Youssef Enriquez,creative_fullback,Creative Fullback,key_passes_per90,0.25,1.136,75.4
375915,Quilindschy Hartman,creative_fullback,Creative Fullback,key_passes_per90,0.25,0.984,66.1
389322,Nhoa Sangui,creative_fullback,Creative Fullback,key_passes_per90,0.25,0.873,56.8
409303,El Hadji Malick Diouf,creative_fullback,Creative Fullback,key_passes_per90,0.25,0.996,66.9
9,Achraf Hakimi,creative_fullback,Creative Fullback,assists_per90,0.2,0.131,73.7
134,Juan Miranda,creative_fullback,Creative Fullback,assists_per90,0.2,0.105,63.6
169,Kieran Trippier,creative_fullback,Creative Fullback,assists_per90,0.2,0.057,35.6
200,Gabriele Zappa,creative_fullback,Creative Fullback,assists_per90,0.2,0.168,89.0
264,Thomas Meunier,creative_fullback,Creative Fullback,assists_per90,0.2,0.094,57.6
283,Trent Alexander-Arnold,creative_fullback,Creative Fullback,assists_per90,0.2,0.308,100.0
288,Alberto Moreno,creative_fullback,Creative Fullback,assists_per90,0.2,0.073,45.8
289,Andy Robertson,creative_fullback,Creative Fullback,assists_per90,0.2,0.0,10.2
627,Kyle Walker,creative_fullback,Creative Fullback,assists_per90,0.2,0.058,38.1
733,Dani Carvajal,creative_fullback,Creative Fullback,assists_per90,0.2,0.092,56.8
736,Fran García,creative_fullback,Creative Fullback,assists_per90,0.2,0.096,60.2
753,Marcos Llorente,creative_fullback,Creative Fullback,assists_per90,0.2,0.165,87.3
886,Diogo Dalot,creative_fullback,Creative Fullback,assists_per90,0.2,0.103,62.7
918,José Luis Gayà,creative_fullback,Creative Fullback,assists_per90,0.2,0.073,46.6
943,Ulisses Garcia,creative_fullback,Creative Fullback,assists_per90,0.2,0.156,83.9
1031,Igor Silva,creative_fullback,Creative Fullback,assists_per90,0.2,0.0,10.2
1118,Jeremy Toljan,creative_fullback,Creative Fullback,assists_per90,0.2,0.113,66.9
1361,Ferdi Kadıoğlu,creative_fullback,Creative Fullback,assists_per90,0.2,0.0,10.2
1439,Héctor Bellerín,creative_fullback,Creative Fullback,assists_per90,0.2,0.147,81.4
1456,Ainsley Maitland-Niles,creative_fullback,Creative Fullback,assists_per90,0.2,0.145,79.7
1631,Ricardo Rodríguez,creative_fullback,Creative Fullback,assists_per90,0.2,0.058,37.3
1812,Danny da Costa,creative_fullback,Creative Fullback,assists_per90,0.2,0.1,61.9
1844,Adam Marušić,creative_fullback,Creative Fullback,assists_per90,0.2,0.065,39.8
2165,Vitaliy Mykolenko,creative_fullback,Creative Fullback,assists_per90,0.2,0.03,22.9
2202,Hamari Traoré,creative_fullback,Creative Fullback,assists_per90,0.2,0.078,49.2
2284,Emerson,creative_fullback,Creative Fullback,assists_per90,0.2,0.127,72.9
2336,Loic Négo,creative_fullback,Creative Fullback,assists_per90,0.2,0.0,10.2
2724,Lucas Digne,creative_fullback,Creative Fullback,assists_per90,0.2,0.289,99.2
2771,Ola Aina,creative_fullback,Creative Fullback,assists_per90,0.2,0.0,10.2
2933,Ben Chilwell,creative_fullback,Creative Fullback,assists_per90,0.2,0.112,66.1
3240,Jean-Philippe Gbamin,creative_fullback,Creative Fullback,assists_per90,0.2,0.036,27.1
7578,Gideon Mensah,creative_fullback,Creative Fullback,assists_per90,0.2,0.077,48.3
8474,Thibault De Smet,creative_fullback,Creative Fullback,assists_per90,0.2,0.078,50.0
9700,Abner Vinícius,creative_fullback,Creative Fullback,assists_per90,0.2,0.083,52.5
10316,Caio Henrique,creative_fullback,Creative Fullback,assists_per90,0.2,0.117,68.6
18794,Kiko Femenía,creative_fullback,Creative Fullback,assists_per90,0.2,0.045,32.2
18846,Aaron Wan-Bissaka,creative_fullback,Creative Fullback,assists_per90,0.2,0.086,54.2
18869,Adam Smith,creative_fullback,Creative Fullback,assists_per90,0.2,0.164,86.4
19298,Matty Cash,creative_fullback,Creative Fullback,assists_per90,0.2,0.089,55.1
19346,Rico Henry,creative_fullback,Creative Fullback,assists_per90,0.2,0.067,43.2
20600,Romain Perraud,creative_fullback,Creative Fullback,assists_per90,0.2,0.16,85.6
20850,Carlens Arcus,creative_fullback,Creative Fullback,assists_per90,0.2,0.132,75.4
21570,Nicolas Cozza,creative_fullback,Creative Fullback,assists_per90,0.2,0.039,29.7
21701,Valentin Rosier,creative_fullback,Creative Fullback,assists_per90,0.2,0.035,25.4
22134,Kelvin Amian,creative_fullback,Creative Fullback,assists_per90,0.2,0.046,33.1
22136,Bafodé Diakité,creative_fullback,Creative Fullback,assists_per90,0.2,0.0,10.2
22174,Adrien Tameze,creative_fullback,Creative Fullback,assists_per90,0.2,0.0,10.2
22247,Kenny Lala,creative_fullback,Creative Fullback,assists_per90,0.2,0.097,61.0
23637,Yanis Zouaoui,creative_fullback,Creative Fullback,assists_per90,0.2,0.038,28.0
24868,Josha Vagnoman,creative_fullback,Creative Fullback,assists_per90,0.2,0.169,89.8
24897,Marnon Busch,creative_fullback,Creative Fullback,assists_per90,0.2,0.235,96.6
24979,Jonas Föhrenbach,creative_fullback,Creative Fullback,assists_per90,0.2,0.039,28.8
25158,David Raum,creative_fullback,Creative Fullback,assists_per90,0.2,0.246,98.3
25502,Omar Haktab Traore,creative_fullback,Creative Fullback,assists_per90,0.2,0.119,70.3
25917,Ridle Baku,creative_fullback,Creative Fullback,assists_per90,0.2,0.108,64.4
26236,Christian Günter,creative_fullback,Creative Fullback,assists_per90,0.2,0.172,90.7
30399,Dávid Hancko,creative_fullback,Creative Fullback,assists_per90,0.2,0.074,47.5
30422,Robin Gosens,creative_fullback,Creative Fullback,assists_per90,0.2,0.048,33.9
30469,Arturo Calabresi,creative_fullback,Creative Fullback,assists_per90,0.2,0.0,10.2
30554,Luca Pellegrini,creative_fullback,Creative Fullback,assists_per90,0.2,0.0,10.2
30866,Manuel Lazzari,creative_fullback,Creative Fullback,assists_per90,0.2,0.0,10.2
31042,Giovanni Di Lorenzo,creative_fullback,Creative Fullback,assists_per90,0.2,0.04,31.4
31543,Antonino Gallo,creative_fullback,Creative Fullback,assists_per90,0.2,0.118,69.5
32887,Yukinari Sugawara,creative_fullback,Creative Fullback,assists_per90,0.2,0.222,95.8
37143,Lutsharel Geertruida,creative_fullback,Creative Fullback,assists_per90,0.2,0.0,10.2
40582,Sebastian Walukiewicz,creative_fullback,Creative Fullback,assists_per90,0.2,0.032,24.6
41144,Dodô,creative_fullback,Creative Fullback,assists_per90,0.2,0.057,36.4
41621,Matheus Nunes,creative_fullback,Creative Fullback,assists_per90,0.2,0.157,84.7
46657,Nacho Vidal,creative_fullback,Creative Fullback,assists_per90,0.2,0.0,10.2
46795,Domingos Duarte,creative_fullback,Creative Fullback,assists_per90,0.2,0.031,23.7
47251,Dimitri Foulquier,creative_fullback,Creative Fullback,assists_per90,0.2,0.0,10.2
47273,Yuri Berchiche,creative_fullback,Creative Fullback,assists_per90,0.2,0.199,94.1
47380,Marc Cucurella,creative_fullback,Creative Fullback,assists_per90,0.2,0.133,76.3
48119,Odilon Kossounou,creative_fullback,Creative Fullback,assists_per90,0.2,0.0,10.2
48574,Cedric Zesiger,creative_fullback,Creative Fullback,assists_per90,0.2,0.0,10.2
64268,Johan Mojica,creative_fullback,Creative Fullback,assists_per90,0.2,0.132,74.6
106725,Keane Lewis-Potter,creative_fullback,Creative Fullback,assists_per90,0.2,0.136,78.0
119121,Trai Hume,creative_fullback,Creative Fullback,assists_per90,0.2,0.03,22.0
125171,Josip Stanišić,creative_fullback,Creative Fullback,assists_per90,0.2,0.146,80.5
128338,Woyo Coulibaly,creative_fullback,Creative Fullback,assists_per90,0.2,0.0,10.2
128951,Victor Parada,creative_fullback,Creative Fullback,assists_per90,0.2,0.125,72.0
135334,Santiago Bueno,creative_fullback,Creative Fullback,assists_per90,0.2,0.035,26.3
135526,Josh Doig,creative_fullback,Creative Fullback,assists_per90,0.2,0.0,10.2
152654,Jeremie Frimpong,creative_fullback,Creative Fullback,assists_per90,0.2,0.084,53.4
158694,Valentino Livramento,creative_fullback,Creative Fullback,assists_per90,0.2,0.068,44.1
161907,Malo Gusto,creative_fullback,Creative Fullback,assists_per90,0.2,0.119,71.2
161928,Alejandro Balde,creative_fullback,Creative Fullback,assists_per90,0.2,0.096,59.3
162007,Maxim De Cuyper,creative_fullback,Creative Fullback,assists_per90,0.2,0.187,93.2
162012,Matteo Ruggeri,creative_fullback,Creative Fullback,assists_per90,0.2,0.152,83.1
162188,Pierre Kalulu,creative_fullback,Creative Fullback,assists_per90,0.2,0.11,65.3
162386,Kristoffer Lund,creative_fullback,Creative Fullback,assists_per90,0.2,0.079,50.8
163069,Luca Netz,creative_fullback,Creative Fullback,assists_per90,0.2,0.139,78.8
178769,Philipp Treu,creative_fullback,Creative Fullback,assists_per90,0.2,0.082,51.7
181734,Josep Chavarría,creative_fullback,Creative Fullback,assists_per90,0.2,0.067,42.4
181797,Bashir Humphreys,creative_fullback,Creative Fullback,assists_per90,0.2,0.0,10.2
181806,Nicolò Savona,creative_fullback,Creative Fullback,assists_per90,0.2,0.0,10.2
182181,Jesús Areso,creative_fullback,Creative Fullback,assists_per90,0.2,0.059,39.0
182661,Alvaro Núñez,creative_fullback,Creative Fullback,assists_per90,0.2,0.091,55.9
191740,Sebastian Sebulonsen,creative_fullback,Creative Fullback,assists_per90,0.2,0.0,10.2
204039,Destiny Udogie,creative_fullback,Creative Fullback,assists_per90,0.2,0.067,41.5
206254,Miloš Kerkez,creative_fullback,Creative Fullback,assists_per90,0.2,0.039,30.5
215827,Fredrik Oppegård,creative_fullback,Creative Fullback,assists_per90,0.2,0.0,10.2
270139,Jake O'Brien,creative_fullback,Creative Fullback,assists_per90,0.2,0.029,21.2
272460,Quentin Merlin,creative_fullback,Creative Fullback,assists_per90,0.2,0.178,91.5
279822,Enzo Boyomo,creative_fullback,Creative Fullback,assists_per90,0.2,0.071,44.9
280074,Nathaniel Brown,creative_fullback,Creative Fullback,assists_per90,0.2,0.135,77.1
284300,Álvaro Carreras,creative_fullback,Creative Fullback,assists_per90,0.2,0.115,67.8
295223,Abdel Rahim,creative_fullback,Creative Fullback,assists_per90,0.2,0.0,10.2
315249,Nicolò Bertola,creative_fullback,Creative Fullback,assists_per90,0.2,0.051,34.7
316517,Alan Matturro,creative_fullback,Creative Fullback,assists_per90,0.2,0.094,58.5
323951,Aaron Zehnter,creative_fullback,Creative Fullback,assists_per90,0.2,0.0,10.2
325975,Tom Bischof,creative_fullback,Creative Fullback,assists_per90,0.2,0.205,94.9
327646,Lukas Ullrich,creative_fullback,Creative Fullback,assists_per90,0.2,0.0,10.2
336560,Álex Valle,creative_fullback,Creative Fullback,assists_per90,0.2,0.178,92.4
336657,Warren Zaïre-Emery,creative_fullback,Creative Fullback,assists_per90,0.2,0.147,82.2
361384,Youssef Enriquez,creative_fullback,Creative Fullback,assists_per90,0.2,0.067,40.7
375915,Quilindschy Hartman,creative_fullback,Creative Fullback,assists_per90,0.2,0.246,97.5
389322,Nhoa Sangui,creative_fullback,Creative Fullback,assists_per90,0.2,0.0,10.2
409303,El Hadji Malick Diouf,creative_fullback,Creative Fullback,assists_per90,0.2,0.166,88.1
9,Achraf Hakimi,creative_fullback,Creative Fullback,dribble_success_pct,0.15,24.242,8.5
134,Juan Miranda,creative_fullback,Creative Fullback,dribble_success_pct,0.15,50.0,66.5
169,Kieran Trippier,creative_fullback,Creative Fullback,dribble_success_pct,0.15,40.0,36.4
200,Gabriele Zappa,creative_fullback,Creative Fullback,dribble_success_pct,0.15,35.714,26.3
264,Thomas Meunier,creative_fullback,Creative Fullback,dribble_success_pct,0.15,60.0,90.7
283,Trent Alexander-Arnold,creative_fullback,Creative Fullback,dribble_success_pct,0.15,41.667,44.5
288,Alberto Moreno,creative_fullback,Creative Fullback,dribble_success_pct,0.15,16.667,5.1
289,Andy Robertson,creative_fullback,Creative Fullback,dribble_success_pct,0.15,50.0,66.5
627,Kyle Walker,creative_fullback,Creative Fullback,dribble_success_pct,0.15,48.148,58.5
733,Dani Carvajal,creative_fullback,Creative Fullback,dribble_success_pct,0.15,50.0,66.5
736,Fran García,creative_fullback,Creative Fullback,dribble_success_pct,0.15,33.333,21.2
753,Marcos Llorente,creative_fullback,Creative Fullback,dribble_success_pct,0.15,54.167,78.8
886,Diogo Dalot,creative_fullback,Creative Fullback,dribble_success_pct,0.15,66.667,96.6
918,José Luis Gayà,creative_fullback,Creative Fullback,dribble_success_pct,0.15,45.833,55.1
943,Ulisses Garcia,creative_fullback,Creative Fullback,dribble_success_pct,0.15,33.333,21.2
1031,Igor Silva,creative_fullback,Creative Fullback,dribble_success_pct,0.15,33.333,21.2
1118,Jeremy Toljan,creative_fullback,Creative Fullback,dribble_success_pct,0.15,31.579,16.5
1361,Ferdi Kadıoğlu,creative_fullback,Creative Fullback,dribble_success_pct,0.15,54.545,80.9
1439,Héctor Bellerín,creative_fullback,Creative Fullback,dribble_success_pct,0.15,53.846,77.1
1456,Ainsley Maitland-Niles,creative_fullback,Creative Fullback,dribble_success_pct,0.15,43.75,48.7
1631,Ricardo Rodríguez,creative_fullback,Creative Fullback,dribble_success_pct,0.15,50.0,66.5
1812,Danny da Costa,creative_fullback,Creative Fullback,dribble_success_pct,0.15,62.5,94.1
1844,Adam Marušić,creative_fullback,Creative Fullback,dribble_success_pct,0.15,30.0,13.6
2165,Vitaliy Mykolenko,creative_fullback,Creative Fullback,dribble_success_pct,0.15,33.333,21.2
2202,Hamari Traoré,creative_fullback,Creative Fullback,dribble_success_pct,0.15,33.333,21.2
2284,Emerson,creative_fullback,Creative Fullback,dribble_success_pct,0.15,36.364,28.0
2336,Loic Négo,creative_fullback,Creative Fullback,dribble_success_pct,0.15,50.0,66.5
2724,Lucas Digne,creative_fullback,Creative Fullback,dribble_success_pct,0.15,36.364,28.0
2771,Ola Aina,creative_fullback,Creative Fullback,dribble_success_pct,0.15,44.118,50.0
2933,Ben Chilwell,creative_fullback,Creative Fullback,dribble_success_pct,0.15,58.824,89.0
3240,Jean-Philippe Gbamin,creative_fullback,Creative Fullback,dribble_success_pct,0.15,78.788,99.2
7578,Gideon Mensah,creative_fullback,Creative Fullback,dribble_success_pct,0.15,55.172,84.7
8474,Thibault De Smet,creative_fullback,Creative Fullback,dribble_success_pct,0.15,50.0,66.5
9700,Abner Vinícius,creative_fullback,Creative Fullback,dribble_success_pct,0.15,40.909,40.3
10316,Caio Henrique,creative_fullback,Creative Fullback,dribble_success_pct,0.15,40.0,36.4
18794,Kiko Femenía,creative_fullback,Creative Fullback,dribble_success_pct,0.15,31.579,16.5
18846,Aaron Wan-Bissaka,creative_fullback,Creative Fullback,dribble_success_pct,0.15,48.485,59.3
18869,Adam Smith,creative_fullback,Creative Fullback,dribble_success_pct,0.15,100.0,100.0
19298,Matty Cash,creative_fullback,Creative Fullback,dribble_success_pct,0.15,55.0,83.5
19346,Rico Henry,creative_fullback,Creative Fullback,dribble_success_pct,0.15,50.0,66.5
20600,Romain Perraud,creative_fullback,Creative Fullback,dribble_success_pct,0.15,41.176,41.9
20850,Carlens Arcus,creative_fullback,Creative Fullback,dribble_success_pct,0.15,40.0,36.4
21570,Nicolas Cozza,creative_fullback,Creative Fullback,dribble_success_pct,0.15,44.444,51.3
21701,Valentin Rosier,creative_fullback,Creative Fullback,dribble_success_pct,0.15,62.222,92.4
22134,Kelvin Amian,creative_fullback,Creative Fullback,dribble_success_pct,0.15,50.0,66.5
22136,Bafodé Diakité,creative_fullback,Creative Fullback,dribble_success_pct,0.15,0.0,2.1
22174,Adrien Tameze,creative_fullback,Creative Fullback,dribble_success_pct,0.15,0.0,2.1
22247,Kenny Lala,creative_fullback,Creative Fullback,dribble_success_pct,0.15,42.105,46.6
23637,Yanis Zouaoui,creative_fullback,Creative Fullback,dribble_success_pct,0.15,40.0,36.4
24868,Josha Vagnoman,creative_fullback,Creative Fullback,dribble_success_pct,0.15,54.545,80.9
24897,Marnon Busch,creative_fullback,Creative Fullback,dribble_success_pct,0.15,23.077,7.6
24979,Jonas Föhrenbach,creative_fullback,Creative Fullback,dribble_success_pct,0.15,22.222,6.4
25158,David Raum,creative_fullback,Creative Fullback,dribble_success_pct,0.15,44.444,51.3
25502,Omar Haktab Traore,creative_fullback,Creative Fullback,dribble_success_pct,0.15,52.0,72.9
25917,Ridle Baku,creative_fullback,Creative Fullback,dribble_success_pct,0.15,35.135,25.4
26236,Christian Günter,creative_fullback,Creative Fullback,dribble_success_pct,0.15,40.0,36.4
30399,Dávid Hancko,creative_fullback,Creative Fullback,dribble_success_pct,0.15,53.333,76.3
30422,Robin Gosens,creative_fullback,Creative Fullback,dribble_success_pct,0.15,0.0,2.1
30469,Arturo Calabresi,creative_fullback,Creative Fullback,dribble_success_pct,0.15,22.222,6.4
30554,Luca Pellegrini,creative_fullback,Creative Fullback,dribble_success_pct,0.15,41.667,44.5
30866,Manuel Lazzari,creative_fullback,Creative Fullback,dribble_success_pct,0.15,45.455,53.8
31042,Giovanni Di Lorenzo,creative_fullback,Creative Fullback,dribble_success_pct,0.15,38.095,31.4
31543,Antonino Gallo,creative_fullback,Creative Fullback,dribble_success_pct,0.15,52.0,72.9
32887,Yukinari Sugawara,creative_fullback,Creative Fullback,dribble_success_pct,0.15,39.286,33.1
37143,Lutsharel Geertruida,creative_fullback,Creative Fullback,dribble_success_pct,0.15,58.333,87.7
40582,Sebastian Walukiewicz,creative_fullback,Creative Fullback,dribble_success_pct,0.15,58.333,87.7
41144,Dodô,creative_fullback,Creative Fullback,dribble_success_pct,0.15,54.118,78.0
41621,Matheus Nunes,creative_fullback,Creative Fullback,dribble_success_pct,0.15,49.123,61.0
46657,Nacho Vidal,creative_fullback,Creative Fullback,dribble_success_pct,0.15,45.161,52.5
46795,Domingos Duarte,creative_fullback,Creative Fullback,dribble_success_pct,0.15,0.0,2.1
47251,Dimitri Foulquier,creative_fullback,Creative Fullback,dribble_success_pct,0.15,50.0,66.5
47273,Yuri Berchiche,creative_fullback,Creative Fullback,dribble_success_pct,0.15,47.619,57.6
47380,Marc Cucurella,creative_fullback,Creative Fullback,dribble_success_pct,0.15,33.333,21.2
48119,Odilon Kossounou,creative_fullback,Creative Fullback,dribble_success_pct,0.15,45.455,53.8
48574,Cedric Zesiger,creative_fullback,Creative Fullback,dribble_success_pct,0.15,27.273,11.0
64268,Johan Mojica,creative_fullback,Creative Fullback,dribble_success_pct,0.15,36.585,29.7
106725,Keane Lewis-Potter,creative_fullback,Creative Fullback,dribble_success_pct,0.15,36.364,28.0
119121,Trai Hume,creative_fullback,Creative Fullback,dribble_success_pct,0.15,26.316,9.7
125171,Josip Stanišić,creative_fullback,Creative Fullback,dribble_success_pct,0.15,62.5,94.1
128338,Woyo Coulibaly,creative_fullback,Creative Fullback,dribble_success_pct,0.15,72.727,98.3
128951,Victor Parada,creative_fullback,Creative Fullback,dribble_success_pct,0.15,61.538,91.5
135334,Santiago Bueno,creative_fullback,Creative Fullback,dribble_success_pct,0.15,0.0,2.1
135526,Josh Doig,creative_fullback,Creative Fullback,dribble_success_pct,0.15,30.0,13.6
152654,Jeremie Frimpong,creative_fullback,Creative Fullback,dribble_success_pct,0.15,54.545,80.9
158694,Valentino Livramento,creative_fullback,Creative Fullback,dribble_success_pct,0.15,43.75,48.7
161907,Malo Gusto,creative_fullback,Creative Fullback,dribble_success_pct,0.15,52.0,72.9
161928,Alejandro Balde,creative_fullback,Creative Fullback,dribble_success_pct,0.15,58.974,89.8
162007,Maxim De Cuyper,creative_fullback,Creative Fullback,dribble_success_pct,0.15,41.176,41.9
162012,Matteo Ruggeri,creative_fullback,Creative Fullback,dribble_success_pct,0.15,27.778,11.9
162188,Pierre Kalulu,creative_fullback,Creative Fullback,dribble_success_pct,0.15,31.818,17.8
162386,Kristoffer Lund,creative_fullback,Creative Fullback,dribble_success_pct,0.15,55.882,85.6
163069,Luca Netz,creative_fullback,Creative Fullback,dribble_success_pct,0.15,55.0,83.5
178769,Philipp Treu,creative_fullback,Creative Fullback,dribble_success_pct,0.15,41.667,44.5
181734,Josep Chavarría,creative_fullback,Creative Fullback,dribble_success_pct,0.15,38.636,32.2
181797,Bashir Humphreys,creative_fullback,Creative Fullback,dribble_success_pct,0.15,50.0,66.5
181806,Nicolò Savona,creative_fullback,Creative Fullback,dribble_success_pct,0.15,40.0,36.4
182181,Jesús Areso,creative_fullback,Creative Fullback,dribble_success_pct,0.15,56.0,86.4
182661,Alvaro Núñez,creative_fullback,Creative Fullback,dribble_success_pct,0.15,65.217,95.8
191740,Sebastian Sebulonsen,creative_fullback,Creative Fullback,dribble_success_pct,0.15,46.154,55.9
204039,Destiny Udogie,creative_fullback,Creative Fullback,dribble_success_pct,0.15,33.333,21.2
206254,Miloš Kerkez,creative_fullback,Creative Fullback,dribble_success_pct,0.15,54.545,80.9
215827,Fredrik Oppegård,creative_fullback,Creative Fullback,dribble_success_pct,0.15,52.941,75.4
270139,Jake O'Brien,creative_fullback,Creative Fullback,dribble_success_pct,0.15,30.0,13.6
272460,Quentin Merlin,creative_fullback,Creative Fullback,dribble_success_pct,0.15,50.0,66.5
279822,Enzo Boyomo,creative_fullback,Creative Fullback,dribble_success_pct,0.15,37.5,30.5
280074,Nathaniel Brown,creative_fullback,Creative Fullback,dribble_success_pct,0.15,43.59,47.5
284300,Álvaro Carreras,creative_fullback,Creative Fullback,dribble_success_pct,0.15,52.778,74.6
295223,Abdel Rahim,creative_fullback,Creative Fullback,dribble_success_pct,0.15,47.059,56.8
315249,Nicolò Bertola,creative_fullback,Creative Fullback,dribble_success_pct,0.15,31.25,15.3
316517,Alan Matturro,creative_fullback,Creative Fullback,dribble_success_pct,0.15,0.0,2.1
323951,Aaron Zehnter,creative_fullback,Creative Fullback,dribble_success_pct,0.15,70.0,97.5
325975,Tom Bischof,creative_fullback,Creative Fullback,dribble_success_pct,0.15,50.0,66.5
327646,Lukas Ullrich,creative_fullback,Creative Fullback,dribble_success_pct,0.15,40.909,40.3
336560,Álex Valle,creative_fullback,Creative Fullback,dribble_success_pct,0.15,26.316,9.7
336657,Warren Zaïre-Emery,creative_fullback,Creative Fullback,dribble_success_pct,0.15,62.5,94.1
361384,Youssef Enriquez,creative_fullback,Creative Fullback,dribble_success_pct,0.15,34.783,24.6
375915,Quilindschy Hartman,creative_fullback,Creative Fullback,dribble_success_pct,0.15,41.667,44.5
389322,Nhoa Sangui,creative_fullback,Creative Fullback,dribble_success_pct,0.15,40.0,36.4
409303,El Hadji Malick Diouf,creative_fullback,Creative Fullback,dribble_success_pct,0.15,48.936,60.2
9,Achraf Hakimi,creative_fullback,Creative Fullback,pass_accuracy_pct,0.15,91.052,94.9
134,Juan Miranda,creative_fullback,Creative Fullback,pass_accuracy_pct,0.15,83.242,47.5
169,Kieran Trippier,creative_fullback,Creative Fullback,pass_accuracy_pct,0.15,81.155,36.4
200,Gabriele Zappa,creative_fullback,Creative Fullback,pass_accuracy_pct,0.15,84.467,51.7
264,Thomas Meunier,creative_fullback,Creative Fullback,pass_accuracy_pct,0.15,82.749,45.8
283,Trent Alexander-Arnold,creative_fullback,Creative Fullback,pass_accuracy_pct,0.15,85.262,62.7
288,Alberto Moreno,creative_fullback,Creative Fullback,pass_accuracy_pct,0.15,90.462,93.2
289,Andy Robertson,creative_fullback,Creative Fullback,pass_accuracy_pct,0.15,83.263,48.3
627,Kyle Walker,creative_fullback,Creative Fullback,pass_accuracy_pct,0.15,77.361,12.7
733,Dani Carvajal,creative_fullback,Creative Fullback,pass_accuracy_pct,0.15,92.06,98.3
736,Fran García,creative_fullback,Creative Fullback,pass_accuracy_pct,0.15,89.165,89.8
753,Marcos Llorente,creative_fullback,Creative Fullback,pass_accuracy_pct,0.15,89.525,90.7
886,Diogo Dalot,creative_fullback,Creative Fullback,pass_accuracy_pct,0.15,84.982,61.0
918,José Luis Gayà,creative_fullback,Creative Fullback,pass_accuracy_pct,0.15,83.857,50.8
943,Ulisses Garcia,creative_fullback,Creative Fullback,pass_accuracy_pct,0.15,86.957,78.0
1031,Igor Silva,creative_fullback,Creative Fullback,pass_accuracy_pct,0.15,86.899,77.1
1118,Jeremy Toljan,creative_fullback,Creative Fullback,pass_accuracy_pct,0.15,77.454,13.6
1361,Ferdi Kadıoğlu,creative_fullback,Creative Fullback,pass_accuracy_pct,0.15,85.568,66.9
1439,Héctor Bellerín,creative_fullback,Creative Fullback,pass_accuracy_pct,0.15,88.132,85.6
1456,Ainsley Maitland-Niles,creative_fullback,Creative Fullback,pass_accuracy_pct,0.15,85.139,61.9
1631,Ricardo Rodríguez,creative_fullback,Creative Fullback,pass_accuracy_pct,0.15,84.7,57.6
1812,Danny da Costa,creative_fullback,Creative Fullback,pass_accuracy_pct,0.15,75.721,4.2
1844,Adam Marušić,creative_fullback,Creative Fullback,pass_accuracy_pct,0.15,87.027,78.8
2165,Vitaliy Mykolenko,creative_fullback,Creative Fullback,pass_accuracy_pct,0.15,79.798,27.1
2202,Hamari Traoré,creative_fullback,Creative Fullback,pass_accuracy_pct,0.15,83.195,46.6
2284,Emerson,creative_fullback,Creative Fullback,pass_accuracy_pct,0.15,88.73,86.4
2336,Loic Négo,creative_fullback,Creative Fullback,pass_accuracy_pct,0.15,77.812,16.1
2724,Lucas Digne,creative_fullback,Creative Fullback,pass_accuracy_pct,0.15,81.044,35.6
2771,Ola Aina,creative_fullback,Creative Fullback,pass_accuracy_pct,0.15,84.738,58.5
2933,Ben Chilwell,creative_fullback,Creative Fullback,pass_accuracy_pct,0.15,87.753,83.1
3240,Jean-Philippe Gbamin,creative_fullback,Creative Fullback,pass_accuracy_pct,0.15,88.13,84.7
7578,Gideon Mensah,creative_fullback,Creative Fullback,pass_accuracy_pct,0.15,82.337,44.1
8474,Thibault De Smet,creative_fullback,Creative Fullback,pass_accuracy_pct,0.15,84.574,53.4
9700,Abner Vinícius,creative_fullback,Creative Fullback,pass_accuracy_pct,0.15,84.515,52.5
10316,Caio Henrique,creative_fullback,Creative Fullback,pass_accuracy_pct,0.15,80.591,32.2
18794,Kiko Femenía,creative_fullback,Creative Fullback,pass_accuracy_pct,0.15,77.038,11.0
18846,Aaron Wan-Bissaka,creative_fullback,Creative Fullback,pass_accuracy_pct,0.15,76.766,5.9
18869,Adam Smith,creative_fullback,Creative Fullback,pass_accuracy_pct,0.15,78.177,18.6
19298,Matty Cash,creative_fullback,Creative Fullback,pass_accuracy_pct,0.15,85.54,65.3
19346,Rico Henry,creative_fullback,Creative Fullback,pass_accuracy_pct,0.15,76.923,9.3
20600,Romain Perraud,creative_fullback,Creative Fullback,pass_accuracy_pct,0.15,85.752,69.5
20850,Carlens Arcus,creative_fullback,Creative Fullback,pass_accuracy_pct,0.15,87.534,80.5
21570,Nicolas Cozza,creative_fullback,Creative Fullback,pass_accuracy_pct,0.15,76.914,7.6
21701,Valentin Rosier,creative_fullback,Creative Fullback,pass_accuracy_pct,0.15,81.446,38.1
22134,Kelvin Amian,creative_fullback,Creative Fullback,pass_accuracy_pct,0.15,80.916,34.7
22136,Bafodé Diakité,creative_fullback,Creative Fullback,pass_accuracy_pct,0.15,87.984,83.9
22174,Adrien Tameze,creative_fullback,Creative Fullback,pass_accuracy_pct,0.15,80.822,33.9
22247,Kenny Lala,creative_fullback,Creative Fullback,pass_accuracy_pct,0.15,77.822,16.9
23637,Yanis Zouaoui,creative_fullback,Creative Fullback,pass_accuracy_pct,0.15,77.673,15.3
24868,Josha Vagnoman,creative_fullback,Creative Fullback,pass_accuracy_pct,0.15,81.908,40.7
24897,Marnon Busch,creative_fullback,Creative Fullback,pass_accuracy_pct,0.15,80.117,30.5
24979,Jonas Föhrenbach,creative_fullback,Creative Fullback,pass_accuracy_pct,0.15,79.805,28.0
25158,David Raum,creative_fullback,Creative Fullback,pass_accuracy_pct,0.15,80.778,33.1
25502,Omar Haktab Traore,creative_fullback,Creative Fullback,pass_accuracy_pct,0.15,77.032,10.2
25917,Ridle Baku,creative_fullback,Creative Fullback,pass_accuracy_pct,0.15,86.071,71.2
26236,Christian Günter,creative_fullback,Creative Fullback,pass_accuracy_pct,0.15,78.794,22.9
30399,Dávid Hancko,creative_fullback,Creative Fullback,pass_accuracy_pct,0.15,87.647,81.4
30422,Robin Gosens,creative_fullback,Creative Fullback,pass_accuracy_pct,0.15,79.51,25.4
30469,Arturo Calabresi,creative_fullback,Creative Fullback,pass_accuracy_pct,0.15,82.239,42.4
30554,Luca Pellegrini,creative_fullback,Creative Fullback,pass_accuracy_pct,0.15,80.123,31.4
30866,Manuel Lazzari,creative_fullback,Creative Fullback,pass_accuracy_pct,0.15,85.642,68.6
31042,Giovanni Di Lorenzo,creative_fullback,Creative Fullback,pass_accuracy_pct,0.15,85.89,70.3
31543,Antonino Gallo,creative_fullback,Creative Fullback,pass_accuracy_pct,0.15,70.604,0.0
32887,Yukinari Sugawara,creative_fullback,Creative Fullback,pass_accuracy_pct,0.15,79.838,28.8
37143,Lutsharel Geertruida,creative_fullback,Creative Fullback,pass_accuracy_pct,0.15,86.253,72.0
40582,Sebastian Walukiewicz,creative_fullback,Creative Fullback,pass_accuracy_pct,0.15,85.541,66.1
41144,Dodô,creative_fullback,Creative Fullback,pass_accuracy_pct,0.15,83.571,50.0
41621,Matheus Nunes,creative_fullback,Creative Fullback,pass_accuracy_pct,0.15,89.09,89.0
46657,Nacho Vidal,creative_fullback,Creative Fullback,pass_accuracy_pct,0.15,81.243,37.3
46795,Domingos Duarte,creative_fullback,Creative Fullback,pass_accuracy_pct,0.15,76.556,5.1
47251,Dimitri Foulquier,creative_fullback,Creative Fullback,pass_accuracy_pct,0.15,84.778,60.2
47273,Yuri Berchiche,creative_fullback,Creative Fullback,pass_accuracy_pct,0.15,87.525,79.7
47380,Marc Cucurella,creative_fullback,Creative Fullback,pass_accuracy_pct,0.15,87.751,82.2
48119,Odilon Kossounou,creative_fullback,Creative Fullback,pass_accuracy_pct,0.15,91.415,96.6
48574,Cedric Zesiger,creative_fullback,Creative Fullback,pass_accuracy_pct,0.15,81.828,39.0
64268,Johan Mojica,creative_fullback,Creative Fullback,pass_accuracy_pct,0.15,78.96,23.7
106725,Keane Lewis-Potter,creative_fullback,Creative Fullback,pass_accuracy_pct,0.15,77.601,14.4
119121,Trai Hume,creative_fullback,Creative Fullback,pass_accuracy_pct,0.15,75.382,2.5
125171,Josip Stanišić,creative_fullback,Creative Fullback,pass_accuracy_pct,0.15,89.746,91.5
128338,Woyo Coulibaly,creative_fullback,Creative Fullback,pass_accuracy_pct,0.15,90.345,92.4
128951,Victor Parada,creative_fullback,Creative Fullback,pass_accuracy_pct,0.15,82.307,43.2
135334,Santiago Bueno,creative_fullback,Creative Fullback,pass_accuracy_pct,0.15,86.494,73.7
135526,Josh Doig,creative_fullback,Creative Fullback,pass_accuracy_pct,0.15,81.967,41.5
152654,Jeremie Frimpong,creative_fullback,Creative Fullback,pass_accuracy_pct,0.15,84.58,54.2
158694,Valentino Livramento,creative_fullback,Creative Fullback,pass_accuracy_pct,0.15,88.821,87.3
161907,Malo Gusto,creative_fullback,Creative Fullback,pass_accuracy_pct,0.15,86.788,76.3
161928,Alejandro Balde,creative_fullback,Creative Fullback,pass_accuracy_pct,0.15,91.709,97.5
162007,Maxim De Cuyper,creative_fullback,Creative Fullback,pass_accuracy_pct,0.15,84.672,56.8
162012,Matteo Ruggeri,creative_fullback,Creative Fullback,pass_accuracy_pct,0.15,86.756,75.4
162188,Pierre Kalulu,creative_fullback,Creative Fullback,pass_accuracy_pct,0.15,88.848,88.1
162386,Kristoffer Lund,creative_fullback,Creative Fullback,pass_accuracy_pct,0.15,76.914,8.5
163069,Luca Netz,creative_fullback,Creative Fullback,pass_accuracy_pct,0.15,78.194,19.5
178769,Philipp Treu,creative_fullback,Creative Fullback,pass_accuracy_pct,0.15,85.627,67.8
181734,Josep Chavarría,creative_fullback,Creative Fullback,pass_accuracy_pct,0.15,84.585,55.9
181797,Bashir Humphreys,creative_fullback,Creative Fullback,pass_accuracy_pct,0.15,81.904,39.8
181806,Nicolò Savona,creative_fullback,Creative Fullback,pass_accuracy_pct,0.15,78.697,22.0
182181,Jesús Areso,creative_fullback,Creative Fullback,pass_accuracy_pct,0.15,83.477,49.2
182661,Alvaro Núñez,creative_fullback,Creative Fullback,pass_accuracy_pct,0.15,91.393,95.8
191740,Sebastian Sebulonsen,creative_fullback,Creative Fullback,pass_accuracy_pct,0.15,77.094,11.9
204039,Destiny Udogie,creative_fullback,Creative Fullback,pass_accuracy_pct,0.15,85.47,64.4
206254,Miloš Kerkez,creative_fullback,Creative Fullback,pass_accuracy_pct,0.15,85.3,63.6
215827,Fredrik Oppegård,creative_fullback,Creative Fullback,pass_accuracy_pct,0.15,79.644,26.3
270139,Jake O'Brien,creative_fullback,Creative Fullback,pass_accuracy_pct,0.15,74.071,0.8
272460,Quentin Merlin,creative_fullback,Creative Fullback,pass_accuracy_pct,0.15,78.444,21.2
279822,Enzo Boyomo,creative_fullback,Creative Fullback,pass_accuracy_pct,0.15,86.367,72.9
280074,Nathaniel Brown,creative_fullback,Creative Fullback,pass_accuracy_pct,0.15,84.744,59.3
284300,Álvaro Carreras,creative_fullback,Creative Fullback,pass_accuracy_pct,0.15,90.598,94.1
295223,Abdel Rahim,creative_fullback,Creative Fullback,pass_accuracy_pct,0.15,79.861,29.7
315249,Nicolò Bertola,creative_fullback,Creative Fullback,pass_accuracy_pct,0.15,78.213,20.3
316517,Alan Matturro,creative_fullback,Creative Fullback,pass_accuracy_pct,0.15,82.664,44.9
323951,Aaron Zehnter,creative_fullback,Creative Fullback,pass_accuracy_pct,0.15,76.846,6.8
325975,Tom Bischof,creative_fullback,Creative Fullback,pass_accuracy_pct,0.15,92.602,99.2
327646,Lukas Ullrich,creative_fullback,Creative Fullback,pass_accuracy_pct,0.15,77.823,17.8
336560,Álex Valle,creative_fullback,Creative Fullback,pass_accuracy_pct,0.15,84.585,55.1
336657,Warren Zaïre-Emery,creative_fullback,Creative Fullback,pass_accuracy_pct,0.15,93.686,100.0
361384,Youssef Enriquez,creative_fullback,Creative Fullback,pass_accuracy_pct,0.15,79.401,24.6
375915,Quilindschy Hartman,creative_fullback,Creative Fullback,pass_accuracy_pct,0.15,75.679,3.4
389322,Nhoa Sangui,creative_fullback,Creative Fullback,pass_accuracy_pct,0.15,86.614,74.6
409303,El Hadji Malick Diouf,creative_fullback,Creative Fullback,pass_accuracy_pct,0.15,74.349,1.7
9,Achraf Hakimi,creative_fullback,Creative Fullback,duel_win_pct,0.1,41.228,0.8
134,Juan Miranda,creative_fullback,Creative Fullback,duel_win_pct,0.1,61.165,99.2
169,Kieran Trippier,creative_fullback,Creative Fullback,duel_win_pct,0.1,45.57,6.8
200,Gabriele Zappa,creative_fullback,Creative Fullback,duel_win_pct,0.1,46.667,11.4
264,Thomas Meunier,creative_fullback,Creative Fullback,duel_win_pct,0.1,46.667,11.4
283,Trent Alexander-Arnold,creative_fullback,Creative Fullback,duel_win_pct,0.1,46.032,7.6
288,Alberto Moreno,creative_fullback,Creative Fullback,duel_win_pct,0.1,50.526,34.7
289,Andy Robertson,creative_fullback,Creative Fullback,duel_win_pct,0.1,52.632,50.0
627,Kyle Walker,creative_fullback,Creative Fullback,duel_win_pct,0.1,52.874,55.1
733,Dani Carvajal,creative_fullback,Creative Fullback,duel_win_pct,0.1,49.18,25.4
736,Fran García,creative_fullback,Creative Fullback,duel_win_pct,0.1,53.086,57.2
753,Marcos Llorente,creative_fullback,Creative Fullback,duel_win_pct,0.1,53.448,60.2
886,Diogo Dalot,creative_fullback,Creative Fullback,duel_win_pct,0.1,59.471,93.2
918,José Luis Gayà,creative_fullback,Creative Fullback,duel_win_pct,0.1,59.135,91.5
943,Ulisses Garcia,creative_fullback,Creative Fullback,duel_win_pct,0.1,39.08,0.0
1031,Igor Silva,creative_fullback,Creative Fullback,duel_win_pct,0.1,60.87,96.6
1118,Jeremy Toljan,creative_fullback,Creative Fullback,duel_win_pct,0.1,49.065,22.9
1361,Ferdi Kadıoğlu,creative_fullback,Creative Fullback,duel_win_pct,0.1,54.15,68.6
1439,Héctor Bellerín,creative_fullback,Creative Fullback,duel_win_pct,0.1,49.153,24.6
1456,Ainsley Maitland-Niles,creative_fullback,Creative Fullback,duel_win_pct,0.1,48.585,19.5
1631,Ricardo Rodríguez,creative_fullback,Creative Fullback,duel_win_pct,0.1,51.685,43.2
1812,Danny da Costa,creative_fullback,Creative Fullback,duel_win_pct,0.1,57.456,86.4
1844,Adam Marušić,creative_fullback,Creative Fullback,duel_win_pct,0.1,51.149,39.0
2165,Vitaliy Mykolenko,creative_fullback,Creative Fullback,duel_win_pct,0.1,52.652,51.7
2202,Hamari Traoré,creative_fullback,Creative Fullback,duel_win_pct,0.1,55.102,74.6
2284,Emerson,creative_fullback,Creative Fullback,duel_win_pct,0.1,58.642,87.3
2336,Loic Négo,creative_fullback,Creative Fullback,duel_win_pct,0.1,59.302,92.4
2724,Lucas Digne,creative_fullback,Creative Fullback,duel_win_pct,0.1,55.769,78.0
2771,Ola Aina,creative_fullback,Creative Fullback,duel_win_pct,0.1,53.797,66.1
2933,Ben Chilwell,creative_fullback,Creative Fullback,duel_win_pct,0.1,54.918,72.0
3240,Jean-Philippe Gbamin,creative_fullback,Creative Fullback,duel_win_pct,0.1,51.852,45.8
7578,Gideon Mensah,creative_fullback,Creative Fullback,duel_win_pct,0.1,50.901,36.4
8474,Thibault De Smet,creative_fullback,Creative Fullback,duel_win_pct,0.1,57.303,85.6
9700,Abner Vinícius,creative_fullback,Creative Fullback,duel_win_pct,0.1,42.857,4.2
10316,Caio Henrique,creative_fullback,Creative Fullback,duel_win_pct,0.1,50.495,33.9
18794,Kiko Femenía,creative_fullback,Creative Fullback,duel_win_pct,0.1,49.007,22.0
18846,Aaron Wan-Bissaka,creative_fullback,Creative Fullback,duel_win_pct,0.1,50.909,37.3
18869,Adam Smith,creative_fullback,Creative Fullback,duel_win_pct,0.1,44.444,5.9
19298,Matty Cash,creative_fullback,Creative Fullback,duel_win_pct,0.1,51.698,44.1
19346,Rico Henry,creative_fullback,Creative Fullback,duel_win_pct,0.1,49.254,27.1
20600,Romain Perraud,creative_fullback,Creative Fullback,duel_win_pct,0.1,52.838,52.5
20850,Carlens Arcus,creative_fullback,Creative Fullback,duel_win_pct,0.1,53.691,63.6
21570,Nicolas Cozza,creative_fullback,Creative Fullback,duel_win_pct,0.1,52.85,53.8
21701,Valentin Rosier,creative_fullback,Creative Fullback,duel_win_pct,0.1,51.556,39.8
22134,Kelvin Amian,creative_fullback,Creative Fullback,duel_win_pct,0.1,56.429,81.4
22136,Bafodé Diakité,creative_fullback,Creative Fullback,duel_win_pct,0.1,54.054,67.8
22174,Adrien Tameze,creative_fullback,Creative Fullback,duel_win_pct,0.1,46.591,10.2
22247,Kenny Lala,creative_fullback,Creative Fullback,duel_win_pct,0.1,49.701,28.8
23637,Yanis Zouaoui,creative_fullback,Creative Fullback,duel_win_pct,0.1,51.628,41.5
24868,Josha Vagnoman,creative_fullback,Creative Fullback,duel_win_pct,0.1,48.592,20.3
24897,Marnon Busch,creative_fullback,Creative Fullback,duel_win_pct,0.1,48.571,18.2
24979,Jonas Föhrenbach,creative_fullback,Creative Fullback,duel_win_pct,0.1,57.233,84.7
25158,David Raum,creative_fullback,Creative Fullback,duel_win_pct,0.1,48.5,16.9
25502,Omar Haktab Traore,creative_fullback,Creative Fullback,duel_win_pct,0.1,46.479,9.3
25917,Ridle Baku,creative_fullback,Creative Fullback,duel_win_pct,0.1,48.636,21.2
26236,Christian Günter,creative_fullback,Creative Fullback,duel_win_pct,0.1,53.623,62.7
30399,Dávid Hancko,creative_fullback,Creative Fullback,duel_win_pct,0.1,54.19,69.5
30422,Robin Gosens,creative_fullback,Creative Fullback,duel_win_pct,0.1,50.0,31.4
30469,Arturo Calabresi,creative_fullback,Creative Fullback,duel_win_pct,0.1,42.466,1.7
30554,Luca Pellegrini,creative_fullback,Creative Fullback,duel_win_pct,0.1,42.748,3.4
30866,Manuel Lazzari,creative_fullback,Creative Fullback,duel_win_pct,0.1,50.0,31.4
31042,Giovanni Di Lorenzo,creative_fullback,Creative Fullback,duel_win_pct,0.1,56.061,78.8
31543,Antonino Gallo,creative_fullback,Creative Fullback,duel_win_pct,0.1,59.783,94.9
32887,Yukinari Sugawara,creative_fullback,Creative Fullback,duel_win_pct,0.1,49.286,28.0
37143,Lutsharel Geertruida,creative_fullback,Creative Fullback,duel_win_pct,0.1,56.25,79.7
40582,Sebastian Walukiewicz,creative_fullback,Creative Fullback,duel_win_pct,0.1,51.643,42.4
41144,Dodô,creative_fullback,Creative Fullback,duel_win_pct,0.1,56.42,80.5
41621,Matheus Nunes,creative_fullback,Creative Fullback,duel_win_pct,0.1,58.955,89.8
46657,Nacho Vidal,creative_fullback,Creative Fullback,duel_win_pct,0.1,53.571,61.9
46795,Domingos Duarte,creative_fullback,Creative Fullback,duel_win_pct,0.1,56.54,82.2
47251,Dimitri Foulquier,creative_fullback,Creative Fullback,duel_win_pct,0.1,47.253,12.7
47273,Yuri Berchiche,creative_fullback,Creative Fullback,duel_win_pct,0.1,60.504,95.8
47380,Marc Cucurella,creative_fullback,Creative Fullback,duel_win_pct,0.1,52.632,50.0
48119,Odilon Kossounou,creative_fullback,Creative Fullback,duel_win_pct,0.1,42.529,2.5
48574,Cedric Zesiger,creative_fullback,Creative Fullback,duel_win_pct,0.1,55.063,73.7
64268,Johan Mojica,creative_fullback,Creative Fullback,duel_win_pct,0.1,52.193,47.5
106725,Keane Lewis-Potter,creative_fullback,Creative Fullback,duel_win_pct,0.1,47.514,13.6
119121,Trai Hume,creative_fullback,Creative Fullback,duel_win_pct,0.1,53.354,58.5
125171,Josip Stanišić,creative_fullback,Creative Fullback,duel_win_pct,0.1,56.589,83.1
128338,Woyo Coulibaly,creative_fullback,Creative Fullback,duel_win_pct,0.1,52.083,46.6
128951,Victor Parada,creative_fullback,Creative Fullback,duel_win_pct,0.1,49.718,29.7
135334,Santiago Bueno,creative_fullback,Creative Fullback,duel_win_pct,0.1,54.229,70.3
135526,Josh Doig,creative_fullback,Creative Fullback,duel_win_pct,0.1,50.282,33.1
152654,Jeremie Frimpong,creative_fullback,Creative Fullback,duel_win_pct,0.1,48.305,16.1
158694,Valentino Livramento,creative_fullback,Creative Fullback,duel_win_pct,0.1,54.955,72.9
161907,Malo Gusto,creative_fullback,Creative Fullback,duel_win_pct,0.1,53.723,64.4
161928,Alejandro Balde,creative_fullback,Creative Fullback,duel_win_pct,0.1,58.861,89.0
162007,Maxim De Cuyper,creative_fullback,Creative Fullback,duel_win_pct,0.1,47.656,14.4
162012,Matteo Ruggeri,creative_fullback,Creative Fullback,duel_win_pct,0.1,44.231,5.1
162188,Pierre Kalulu,creative_fullback,Creative Fullback,duel_win_pct,0.1,53.363,59.3
162386,Kristoffer Lund,creative_fullback,Creative Fullback,duel_win_pct,0.1,56.889,83.9
163069,Luca Netz,creative_fullback,Creative Fullback,duel_win_pct,0.1,49.074,23.7
178769,Philipp Treu,creative_fullback,Creative Fullback,duel_win_pct,0.1,52.97,55.9
181734,Josep Chavarría,creative_fullback,Creative Fullback,duel_win_pct,0.1,51.613,40.7
181797,Bashir Humphreys,creative_fullback,Creative Fullback,duel_win_pct,0.1,47.917,15.3
181806,Nicolò Savona,creative_fullback,Creative Fullback,duel_win_pct,0.1,48.571,18.2
182181,Jesús Areso,creative_fullback,Creative Fullback,duel_win_pct,0.1,59.524,94.1
182661,Alvaro Núñez,creative_fullback,Creative Fullback,duel_win_pct,0.1,54.61,71.2
191740,Sebastian Sebulonsen,creative_fullback,Creative Fullback,duel_win_pct,0.1,52.632,50.0
204039,Destiny Udogie,creative_fullback,Creative Fullback,duel_win_pct,0.1,50.0,31.4
206254,Miloš Kerkez,creative_fullback,Creative Fullback,duel_win_pct,0.1,59.067,90.7
215827,Fredrik Oppegård,creative_fullback,Creative Fullback,duel_win_pct,0.1,53.086,57.2
270139,Jake O'Brien,creative_fullback,Creative Fullback,duel_win_pct,0.1,61.129,98.3
272460,Quentin Merlin,creative_fullback,Creative Fullback,duel_win_pct,0.1,52.294,48.3
279822,Enzo Boyomo,creative_fullback,Creative Fullback,duel_win_pct,0.1,52.85,53.8
280074,Nathaniel Brown,creative_fullback,Creative Fullback,duel_win_pct,0.1,55.556,76.3
284300,Álvaro Carreras,creative_fullback,Creative Fullback,duel_win_pct,0.1,53.913,66.9
295223,Abdel Rahim,creative_fullback,Creative Fullback,duel_win_pct,0.1,62.832,100.0
315249,Nicolò Bertola,creative_fullback,Creative Fullback,duel_win_pct,0.1,55.625,77.1
316517,Alan Matturro,creative_fullback,Creative Fullback,duel_win_pct,0.1,61.039,97.5
323951,Aaron Zehnter,creative_fullback,Creative Fullback,duel_win_pct,0.1,49.206,26.3
325975,Tom Bischof,creative_fullback,Creative Fullback,duel_win_pct,0.1,53.535,61.0
327646,Lukas Ullrich,creative_fullback,Creative Fullback,duel_win_pct,0.1,51.786,44.9
336560,Álex Valle,creative_fullback,Creative Fullback,duel_win_pct,0.1,50.543,35.6
336657,Warren Zaïre-Emery,creative_fullback,Creative Fullback,duel_win_pct,0.1,51.142,38.1
361384,Youssef Enriquez,creative_fullback,Creative Fullback,duel_win_pct,0.1,46.154,8.5
375915,Quilindschy Hartman,creative_fullback,Creative Fullback,duel_win_pct,0.1,55.118,75.4
389322,Nhoa Sangui,creative_fullback,Creative Fullback,duel_win_pct,0.1,58.824,88.1
409303,El Hadji Malick Diouf,creative_fullback,Creative Fullback,duel_win_pct,0.1,53.725,65.3
9,Achraf Hakimi,creative_fullback,Creative Fullback,interceptions_per90,0.15,0.721,37.3
134,Juan Miranda,creative_fullback,Creative Fullback,interceptions_per90,0.15,1.224,83.9
169,Kieran Trippier,creative_fullback,Creative Fullback,interceptions_per90,0.15,0.509,16.1
200,Gabriele Zappa,creative_fullback,Creative Fullback,interceptions_per90,0.15,0.951,57.6
264,Thomas Meunier,creative_fullback,Creative Fullback,interceptions_per90,0.15,0.752,41.5
283,Trent Alexander-Arnold,creative_fullback,Creative Fullback,interceptions_per90,0.15,1.078,75.4
288,Alberto Moreno,creative_fullback,Creative Fullback,interceptions_per90,0.15,0.435,8.5
289,Andy Robertson,creative_fullback,Creative Fullback,interceptions_per90,0.15,0.606,23.7
627,Kyle Walker,creative_fullback,Creative Fullback,interceptions_per90,0.15,1.308,89.0
733,Dani Carvajal,creative_fullback,Creative Fullback,interceptions_per90,0.15,0.553,20.3
736,Fran García,creative_fullback,Creative Fullback,interceptions_per90,0.15,0.675,34.3
753,Marcos Llorente,creative_fullback,Creative Fullback,interceptions_per90,0.15,0.495,13.6
886,Diogo Dalot,creative_fullback,Creative Fullback,interceptions_per90,0.15,0.929,55.9
918,José Luis Gayà,creative_fullback,Creative Fullback,interceptions_per90,0.15,0.841,47.5
943,Ulisses Garcia,creative_fullback,Creative Fullback,interceptions_per90,0.15,0.624,25.4
1031,Igor Silva,creative_fullback,Creative Fullback,interceptions_per90,0.15,0.957,59.3
1118,Jeremy Toljan,creative_fullback,Creative Fullback,interceptions_per90,0.15,0.908,52.5
1361,Ferdi Kadıoğlu,creative_fullback,Creative Fullback,interceptions_per90,0.15,0.746,39.8
1439,Héctor Bellerín,creative_fullback,Creative Fullback,interceptions_per90,0.15,0.685,35.6
1456,Ainsley Maitland-Niles,creative_fullback,Creative Fullback,interceptions_per90,0.15,1.195,83.1
1631,Ricardo Rodríguez,creative_fullback,Creative Fullback,interceptions_per90,0.15,0.461,11.9
1812,Danny da Costa,creative_fullback,Creative Fullback,interceptions_per90,0.15,1.001,62.7
1844,Adam Marušić,creative_fullback,Creative Fullback,interceptions_per90,0.15,1.067,72.0
2165,Vitaliy Mykolenko,creative_fullback,Creative Fullback,interceptions_per90,0.15,0.912,53.4
2202,Hamari Traoré,creative_fullback,Creative Fullback,interceptions_per90,0.15,1.321,89.8
2284,Emerson,creative_fullback,Creative Fullback,interceptions_per90,0.15,1.483,93.2
2336,Loic Négo,creative_fullback,Creative Fullback,interceptions_per90,0.15,1.265,88.1
2724,Lucas Digne,creative_fullback,Creative Fullback,interceptions_per90,0.15,0.675,34.3
2771,Ola Aina,creative_fullback,Creative Fullback,interceptions_per90,0.15,1.415,91.5
2933,Ben Chilwell,creative_fullback,Creative Fullback,interceptions_per90,0.15,1.236,86.4
3240,Jean-Philippe Gbamin,creative_fullback,Creative Fullback,interceptions_per90,0.15,0.977,60.2
7578,Gideon Mensah,creative_fullback,Creative Fullback,interceptions_per90,0.15,1.08,76.3
8474,Thibault De Smet,creative_fullback,Creative Fullback,interceptions_per90,0.15,0.628,27.1
9700,Abner Vinícius,creative_fullback,Creative Fullback,interceptions_per90,0.15,0.291,1.7
10316,Caio Henrique,creative_fullback,Creative Fullback,interceptions_per90,0.15,0.642,28.8
18794,Kiko Femenía,creative_fullback,Creative Fullback,interceptions_per90,0.15,1.515,95.8
18846,Aaron Wan-Bissaka,creative_fullback,Creative Fullback,interceptions_per90,0.15,1.684,100.0
18869,Adam Smith,creative_fullback,Creative Fullback,interceptions_per90,0.15,0.658,30.5
19298,Matty Cash,creative_fullback,Creative Fullback,interceptions_per90,0.15,0.656,29.7
19346,Rico Henry,creative_fullback,Creative Fullback,interceptions_per90,0.15,0.54,17.8
20600,Romain Perraud,creative_fullback,Creative Fullback,interceptions_per90,0.15,0.919,54.2
20850,Carlens Arcus,creative_fullback,Creative Fullback,interceptions_per90,0.15,1.36,90.7
21570,Nicolas Cozza,creative_fullback,Creative Fullback,interceptions_per90,0.15,0.664,32.2
21701,Valentin Rosier,creative_fullback,Creative Fullback,interceptions_per90,0.15,1.551,97.5
22134,Kelvin Amian,creative_fullback,Creative Fullback,interceptions_per90,0.15,0.321,2.5
22136,Bafodé Diakité,creative_fullback,Creative Fullback,interceptions_per90,0.15,0.84,46.6
22174,Adrien Tameze,creative_fullback,Creative Fullback,interceptions_per90,0.15,1.589,98.3
22247,Kenny Lala,creative_fullback,Creative Fullback,interceptions_per90,0.15,0.999,61.9
23637,Yanis Zouaoui,creative_fullback,Creative Fullback,interceptions_per90,0.15,0.997,61.0
24868,Josha Vagnoman,creative_fullback,Creative Fullback,interceptions_per90,0.15,0.169,0.0
24897,Marnon Busch,creative_fullback,Creative Fullback,interceptions_per90,0.15,1.506,94.9
24979,Jonas Föhrenbach,creative_fullback,Creative Fullback,interceptions_per90,0.15,1.16,79.7
25158,David Raum,creative_fullback,Creative Fullback,interceptions_per90,0.15,1.056,70.3
25502,Omar Haktab Traore,creative_fullback,Creative Fullback,interceptions_per90,0.15,0.832,45.8
25917,Ridle Baku,creative_fullback,Creative Fullback,interceptions_per90,0.15,1.112,78.8
26236,Christian Günter,creative_fullback,Creative Fullback,interceptions_per90,0.15,0.515,16.9
30399,Dávid Hancko,creative_fullback,Creative Fullback,interceptions_per90,0.15,0.703,36.4
30422,Robin Gosens,creative_fullback,Creative Fullback,interceptions_per90,0.15,1.189,82.2
30469,Arturo Calabresi,creative_fullback,Creative Fullback,interceptions_per90,0.15,1.069,72.9
30554,Luca Pellegrini,creative_fullback,Creative Fullback,interceptions_per90,0.15,1.037,67.8
30866,Manuel Lazzari,creative_fullback,Creative Fullback,interceptions_per90,0.15,0.564,22.5
31042,Giovanni Di Lorenzo,creative_fullback,Creative Fullback,interceptions_per90,0.15,0.356,4.2
31543,Antonino Gallo,creative_fullback,Creative Fullback,interceptions_per90,0.15,0.441,10.2
32887,Yukinari Sugawara,creative_fullback,Creative Fullback,interceptions_per90,0.15,0.444,11.0
37143,Lutsharel Geertruida,creative_fullback,Creative Fullback,interceptions_per90,0.15,1.005,63.6
40582,Sebastian Walukiewicz,creative_fullback,Creative Fullback,interceptions_per90,0.15,0.788,43.2
41144,Dodô,creative_fullback,Creative Fullback,interceptions_per90,0.15,0.86,48.3
41621,Matheus Nunes,creative_fullback,Creative Fullback,interceptions_per90,0.15,0.942,56.8
46657,Nacho Vidal,creative_fullback,Creative Fullback,interceptions_per90,0.15,1.225,84.7
46795,Domingos Duarte,creative_fullback,Creative Fullback,interceptions_per90,0.15,1.045,69.5
47251,Dimitri Foulquier,creative_fullback,Creative Fullback,interceptions_per90,0.15,0.622,24.6
47273,Yuri Berchiche,creative_fullback,Creative Fullback,interceptions_per90,0.15,1.163,80.5
47380,Marc Cucurella,creative_fullback,Creative Fullback,interceptions_per90,0.15,1.063,71.2
48119,Odilon Kossounou,creative_fullback,Creative Fullback,interceptions_per90,0.15,0.815,44.9
48574,Cedric Zesiger,creative_fullback,Creative Fullback,interceptions_per90,0.15,0.88,51.7
64268,Johan Mojica,creative_fullback,Creative Fullback,interceptions_per90,0.15,0.789,44.1
106725,Keane Lewis-Potter,creative_fullback,Creative Fullback,interceptions_per90,0.15,0.543,18.6
119121,Trai Hume,creative_fullback,Creative Fullback,interceptions_per90,0.15,0.741,39.0
125171,Josip Stanišić,creative_fullback,Creative Fullback,interceptions_per90,0.15,0.873,50.0
128338,Woyo Coulibaly,creative_fullback,Creative Fullback,interceptions_per90,0.15,0.773,42.4
128951,Victor Parada,creative_fullback,Creative Fullback,interceptions_per90,0.15,0.416,6.8
135334,Santiago Bueno,creative_fullback,Creative Fullback,interceptions_per90,0.15,0.952,58.5
135526,Josh Doig,creative_fullback,Creative Fullback,interceptions_per90,0.15,1.075,74.6
152654,Jeremie Frimpong,creative_fullback,Creative Fullback,interceptions_per90,0.15,0.506,15.3
158694,Valentino Livramento,creative_fullback,Creative Fullback,interceptions_per90,0.15,0.407,5.9
161907,Malo Gusto,creative_fullback,Creative Fullback,interceptions_per90,0.15,1.231,85.6
161928,Alejandro Balde,creative_fullback,Creative Fullback,interceptions_per90,0.15,0.24,0.8
162007,Maxim De Cuyper,creative_fullback,Creative Fullback,interceptions_per90,0.15,0.748,40.7
162012,Matteo Ruggeri,creative_fullback,Creative Fullback,interceptions_per90,0.15,1.014,64.4
162188,Pierre Kalulu,creative_fullback,Creative Fullback,interceptions_per90,0.15,0.658,31.4
162386,Kristoffer Lund,creative_fullback,Creative Fullback,interceptions_per90,0.15,1.022,66.1
163069,Luca Netz,creative_fullback,Creative Fullback,interceptions_per90,0.15,0.555,21.2
178769,Philipp Treu,creative_fullback,Creative Fullback,interceptions_per90,0.15,0.369,5.1
181734,Josep Chavarría,creative_fullback,Creative Fullback,interceptions_per90,0.15,1.041,68.6
181797,Bashir Humphreys,creative_fullback,Creative Fullback,interceptions_per90,0.15,0.627,26.3
181806,Nicolò Savona,creative_fullback,Creative Fullback,interceptions_per90,0.15,0.351,3.4
182181,Jesús Areso,creative_fullback,Creative Fullback,interceptions_per90,0.15,1.071,73.7
182661,Alvaro Núñez,creative_fullback,Creative Fullback,interceptions_per90,0.15,0.726,38.1
191740,Sebastian Sebulonsen,creative_fullback,Creative Fullback,interceptions_per90,0.15,0.503,14.4
204039,Destiny Udogie,creative_fullback,Creative Fullback,interceptions_per90,0.15,0.47,12.7
206254,Miloš Kerkez,creative_fullback,Creative Fullback,interceptions_per90,0.15,0.548,19.5
215827,Fredrik Oppegård,creative_fullback,Creative Fullback,interceptions_per90,0.15,0.922,55.1
270139,Jake O'Brien,creative_fullback,Creative Fullback,interceptions_per90,0.15,0.431,7.6
272460,Quentin Merlin,creative_fullback,Creative Fullback,interceptions_per90,0.15,1.244,87.3
279822,Enzo Boyomo,creative_fullback,Creative Fullback,interceptions_per90,0.15,0.637,28.0
280074,Nathaniel Brown,creative_fullback,Creative Fullback,interceptions_per90,0.15,0.88,50.8
284300,Álvaro Carreras,creative_fullback,Creative Fullback,interceptions_per90,0.15,1.5,94.1
295223,Abdel Rahim,creative_fullback,Creative Fullback,interceptions_per90,0.15,1.669,99.2
315249,Nicolò Bertola,creative_fullback,Creative Fullback,interceptions_per90,0.15,1.163,81.4
316517,Alan Matturro,creative_fullback,Creative Fullback,interceptions_per90,0.15,0.564,22.5
323951,Aaron Zehnter,creative_fullback,Creative Fullback,interceptions_per90,0.15,1.106,78.0
325975,Tom Bischof,creative_fullback,Creative Fullback,interceptions_per90,0.15,1.023,66.9
327646,Lukas Ullrich,creative_fullback,Creative Fullback,interceptions_per90,0.15,1.437,92.4
336560,Álex Valle,creative_fullback,Creative Fullback,interceptions_per90,0.15,1.022,65.3
336657,Warren Zaïre-Emery,creative_fullback,Creative Fullback,interceptions_per90,0.15,0.44,9.3
361384,Youssef Enriquez,creative_fullback,Creative Fullback,interceptions_per90,0.15,0.668,33.1
375915,Quilindschy Hartman,creative_fullback,Creative Fullback,interceptions_per90,0.15,1.525,96.6
389322,Nhoa Sangui,creative_fullback,Creative Fullback,interceptions_per90,0.15,0.873,49.2
409303,El Hadji Malick Diouf,creative_fullback,Creative Fullback,interceptions_per90,0.15,1.096,77.1
20,Axel Witsel,defensive_midfielder,Defensive Midfielder (DM / 6),duel_win_pct,0.25,53.306,45.1
44,Rodri,defensive_midfielder,Defensive Midfielder (DM / 6),duel_win_pct,0.25,66.854,99.0
49,Thomas Partey,defensive_midfielder,Defensive Midfielder (DM / 6),duel_win_pct,0.25,51.685,32.8
74,Sofyan Amrabat,defensive_midfielder,Defensive Midfielder (DM / 6),duel_win_pct,0.25,52.941,42.3
81,Krépin Diatta,defensive_midfielder,Defensive Midfielder (DM / 6),duel_win_pct,0.25,68.224,100.0
110,Han-Noah Massengo,defensive_midfielder,Defensive Midfielder (DM / 6),duel_win_pct,0.25,53.234,44.1
203,Roberto Gagliardini,defensive_midfielder,Defensive Midfielder (DM / 6),duel_win_pct,0.25,59.298,82.6
231,Jordan Teze,defensive_midfielder,Defensive Midfielder (DM / 6),duel_win_pct,0.25,52.466,39.0
293,Curtis Jones,defensive_midfielder,Defensive Midfielder (DM / 6),duel_win_pct,0.25,50.746,26.2
407,Benjamin Stambouli,defensive_midfielder,Defensive Midfielder (DM / 6),duel_win_pct,0.25,53.409,47.4
414,Omar Mascarell,defensive_midfielder,Defensive Midfielder (DM / 6),duel_win_pct,0.25,49.239,15.9
542,Ryan Gravenberch,defensive_midfielder,Defensive Midfielder (DM / 6),duel_win_pct,0.25,56.184,71.3
575,Florentino Luís,defensive_midfielder,Defensive Midfielder (DM / 6),duel_win_pct,0.25,49.237,15.4
637,Felix Nmecha,defensive_midfielder,Defensive Midfielder (DM / 6),duel_win_pct,0.25,55.189,62.6
723,Joelinton,defensive_midfielder,Defensive Midfielder (DM / 6),duel_win_pct,0.25,50.338,22.1
747,Casemiro,defensive_midfielder,Defensive Midfielder (DM / 6),duel_win_pct,0.25,52.793,40.5
778,Bryan Cristante,defensive_midfielder,Defensive Midfielder (DM / 6),duel_win_pct,0.25,49.519,18.5
863,Rodrigo Bentancur,defensive_midfielder,Defensive Midfielder (DM / 6),duel_win_pct,0.25,54.327,53.8
895,James Garner,defensive_midfielder,Defensive Midfielder (DM / 6),duel_win_pct,0.25,61.29,90.3
902,Nemanja Matić,defensive_midfielder,Defensive Midfielder (DM / 6),duel_win_pct,0.25,54.425,54.4
928,Dani Parejo,defensive_midfielder,Defensive Midfielder (DM / 6),duel_win_pct,0.25,65.891,97.9
951,Michel Aebischer,defensive_midfielder,Defensive Midfielder (DM / 6),duel_win_pct,0.25,50.973,27.7
1150,Tyler Adams,defensive_midfielder,Defensive Midfielder (DM / 6),duel_win_pct,0.25,51.337,29.7
1156,Tom Krauß,defensive_midfielder,Defensive Midfielder (DM / 6),duel_win_pct,0.25,60.825,89.2
1159,Marcel Sabitzer,defensive_midfielder,Defensive Midfielder (DM / 6),duel_win_pct,0.25,52.846,41.5
1271,Aurélien Tchouaméni,defensive_midfielder,Defensive Midfielder (DM / 6),duel_win_pct,0.25,68.0,99.5
1464,Granit Xhaka,defensive_midfielder,Defensive Midfielder (DM / 6),duel_win_pct,0.25,60.465,86.7
1700,Iván Martín,defensive_midfielder,Defensive Midfielder (DM / 6),duel_win_pct,0.25,53.358,45.6
1701,Manu Morlanes,defensive_midfielder,Defensive Midfielder (DM / 6),duel_win_pct,0.25,50.575,24.1
1825,Lucas Torró,defensive_midfielder,Defensive Midfielder (DM / 6),duel_win_pct,0.25,62.937,94.9
1904,Boubacar Kamara,defensive_midfielder,Defensive Midfielder (DM / 6),duel_win_pct,0.25,56.863,75.6
1934,Sander Berge,defensive_midfielder,Defensive Midfielder (DM / 6),duel_win_pct,0.25,55.0,59.5
1939,Jakub Piotrowski,defensive_midfielder,Defensive Midfielder (DM / 6),duel_win_pct,0.25,54.774,57.4
2204,Benjamin André,defensive_midfielder,Defensive Midfielder (DM / 6),duel_win_pct,0.25,57.341,79.5
2207,Eduardo Camavinga,defensive_midfielder,Defensive Midfielder (DM / 6),duel_win_pct,0.25,62.963,95.4
2279,Ethan Ampadu,defensive_midfielder,Defensive Midfielder (DM / 6),duel_win_pct,0.25,62.373,92.8
2476,Guido Rodríguez,defensive_midfielder,Defensive Midfielder (DM / 6),duel_win_pct,0.25,54.688,56.9
2490,Jefferson Lerma,defensive_midfielder,Defensive Midfielder (DM / 6),duel_win_pct,0.25,54.464,54.9
2601,Daichi Kamada,defensive_midfielder,Defensive Midfielder (DM / 6),duel_win_pct,0.25,54.976,59.0
2749,Jackson Irvine,defensive_midfielder,Defensive Midfielder (DM / 6),duel_win_pct,0.25,52.02,34.4
2807,Remo Freuler,defensive_midfielder,Defensive Midfielder (DM / 6),duel_win_pct,0.25,56.471,72.8
2823,Saša Lukić,defensive_midfielder,Defensive Midfielder (DM / 6),duel_win_pct,0.25,48.585,12.3
2917,Maximilian Eggestein,defensive_midfielder,Defensive Midfielder (DM / 6),duel_win_pct,0.25,57.037,77.4
2922,Leander Dendoncker,defensive_midfielder,Defensive Midfielder (DM / 6),duel_win_pct,0.25,53.659,50.3
2926,Youri Tielemans,defensive_midfielder,Defensive Midfielder (DM / 6),duel_win_pct,0.25,60.28,84.6
2990,Idrissa Gana Gueye,defensive_midfielder,Defensive Midfielder (DM / 6),duel_win_pct,0.25,55.952,69.7
3608,Kwasi Sibo,defensive_midfielder,Defensive Midfielder (DM / 6),duel_win_pct,0.25,42.647,0.0
4399,Hicham Boudaoui,defensive_midfielder,Defensive Midfielder (DM / 6),duel_win_pct,0.25,53.371,46.2
6056,Nicolás Domínguez,defensive_midfielder,Defensive Midfielder (DM / 6),duel_win_pct,0.25,55.128,61.0
7328,Nicolas Seiwald,defensive_midfielder,Defensive Midfielder (DM / 6),duel_win_pct,0.25,60.428,86.2
8680,Charles Vanhoutte,defensive_midfielder,Defensive Midfielder (DM / 6),duel_win_pct,0.25,51.269,29.2
10097,Éderson,defensive_midfielder,Defensive Midfielder (DM / 6),duel_win_pct,0.25,53.571,49.7
10169,Vinícius Souza,defensive_midfielder,Defensive Midfielder (DM / 6),duel_win_pct,0.25,60.558,87.7
15673,Ylber Ramadani,defensive_midfielder,Defensive Midfielder (DM / 6),duel_win_pct,0.25,55.331,64.6
15881,Morten Frendrup,defensive_midfielder,Defensive Midfielder (DM / 6),duel_win_pct,0.25,60.49,87.2
18806,Will Hughes,defensive_midfielder,Defensive Midfielder (DM / 6),duel_win_pct,0.25,49.375,16.9
18872,Lewis Cook,defensive_midfielder,Defensive Midfielder (DM / 6),duel_win_pct,0.25,54.545,56.2
19827,Josh Cullen,defensive_midfielder,Defensive Midfielder (DM / 6),duel_win_pct,0.25,54.545,56.2
20554,Haris Belkebla,defensive_midfielder,Defensive Midfielder (DM / 6),duel_win_pct,0.25,60.902,89.7
20558,Hugo Magnetti,defensive_midfielder,Defensive Midfielder (DM / 6),duel_win_pct,0.25,58.59,81.5
20692,Himad Abdelli,defensive_midfielder,Defensive Midfielder (DM / 6),duel_win_pct,0.25,50.42,22.6
20696,Pape Gueye,defensive_midfielder,Defensive Midfielder (DM / 6),duel_win_pct,0.25,58.333,80.5
20917,Laurent Abergel,defensive_midfielder,Defensive Midfielder (DM / 6),duel_win_pct,0.25,50.0,20.8
21004,Lucien Agoumé,defensive_midfielder,Defensive Midfielder (DM / 6),duel_win_pct,0.25,50.671,25.1
21010,Elisha Owusu,defensive_midfielder,Defensive Midfielder (DM / 6),duel_win_pct,0.25,52.055,35.4
21087,Batista Mendy,defensive_midfielder,Defensive Midfielder (DM / 6),duel_win_pct,0.25,49.714,19.5
21102,Valentin Rongier,defensive_midfielder,Defensive Midfielder (DM / 6),duel_win_pct,0.25,53.004,43.1
21568,Ruben Aguilar,defensive_midfielder,Defensive Midfielder (DM / 6),duel_win_pct,0.25,55.303,64.1
21587,Ellyes Skhiri,defensive_midfielder,Defensive Midfielder (DM / 6),duel_win_pct,0.25,51.613,32.3
21640,Jessy Deminguet,defensive_midfielder,Defensive Midfielder (DM / 6),duel_win_pct,0.25,48.5,11.8
22147,Manu Koné,defensive_midfielder,Defensive Midfielder (DM / 6),duel_win_pct,0.25,50.489,23.1
22149,Ibrahim Sangaré,defensive_midfielder,Defensive Midfielder (DM / 6),duel_win_pct,0.25,48.261,10.3
22170,Pierre Lees Melou,defensive_midfielder,Defensive Midfielder (DM / 6),duel_win_pct,0.25,53.738,50.8
22239,Cheikh Niasse,defensive_midfielder,Defensive Midfielder (DM / 6),duel_win_pct,0.25,47.656,8.2
24147,Mahdi Camara,defensive_midfielder,Defensive Midfielder (DM / 6),duel_win_pct,0.25,51.471,30.8
24904,Niklas Dorsch,defensive_midfielder,Defensive Midfielder (DM / 6),duel_win_pct,0.25,58.639,82.1
24963,Atakan Karazor,defensive_midfielder,Defensive Midfielder (DM / 6),duel_win_pct,0.25,65.385,97.4
25461,Kevin Stöger,defensive_midfielder,Defensive Midfielder (DM / 6),duel_win_pct,0.25,48.299,10.8
27157,Manolis Saliakas,defensive_midfielder,Defensive Midfielder (DM / 6),duel_win_pct,0.25,65.333,96.9
30432,Marten de Roon,defensive_midfielder,Defensive Midfielder (DM / 6),duel_win_pct,0.25,52.209,36.4
30533,Manuel Locatelli,defensive_midfielder,Defensive Midfielder (DM / 6),duel_win_pct,0.25,59.748,83.6
30561,Alessandro Deiola,defensive_midfielder,Defensive Midfielder (DM / 6),duel_win_pct,0.25,50.0,20.8
30690,Nicolas Fonseca,defensive_midfielder,Defensive Midfielder (DM / 6),duel_win_pct,0.25,47.967,8.7
30723,Marius Marin,defensive_midfielder,Defensive Midfielder (DM / 6),duel_win_pct,0.25,48.667,13.3
30785,András Schäfer,defensive_midfielder,Defensive Midfielder (DM / 6),duel_win_pct,0.25,49.505,17.9
30927,Santiago Colombatto,defensive_midfielder,Defensive Midfielder (DM / 6),duel_win_pct,0.25,54.054,52.6
31021,Alberto Grassi,defensive_midfielder,Defensive Midfielder (DM / 6),duel_win_pct,0.25,60.8,88.7
31146,Sandro Tonali,defensive_midfielder,Defensive Midfielder (DM / 6),duel_win_pct,0.25,55.155,61.8
31678,Jean Daniel Akpa-Akpro,defensive_midfielder,Defensive Midfielder (DM / 6),duel_win_pct,0.25,49.321,16.4
33165,Ayumu Seko,defensive_midfielder,Defensive Midfielder (DM / 6),duel_win_pct,0.25,60.366,85.1
33889,Kaishu Sano,defensive_midfielder,Defensive Midfielder (DM / 6),duel_win_pct,0.25,62.671,93.8
36899,Teun Koopmeiners,defensive_midfielder,Defensive Midfielder (DM / 6),duel_win_pct,0.25,50.633,24.6
38747,Quinten Timber,defensive_midfielder,Defensive Midfielder (DM / 6),duel_win_pct,0.25,52.273,36.9
38798,Senne Lynen,defensive_midfielder,Defensive Midfielder (DM / 6),duel_win_pct,0.25,44.444,1.0
39143,Kristian Thorstvedt,defensive_midfielder,Defensive Midfielder (DM / 6),duel_win_pct,0.25,52.098,35.9
41104,João Palhinha,defensive_midfielder,Defensive Midfielder (DM / 6),duel_win_pct,0.25,61.538,90.8
41157,André Almeida,defensive_midfielder,Defensive Midfielder (DM / 6),duel_win_pct,0.25,53.448,48.7
41552,Pathé Ismaël Ciss,defensive_midfielder,Defensive Midfielder (DM / 6),duel_win_pct,0.25,55.729,68.2
44814,Lewis Ferguson,defensive_midfielder,Defensive Midfielder (DM / 6),duel_win_pct,0.25,52.83,41.0
47007,Iñigo Ruiz de Galarreta,defensive_midfielder,Defensive Midfielder (DM / 6),duel_win_pct,0.25,54.054,52.6
47109,Óscar Valentín,defensive_midfielder,Defensive Midfielder (DM / 6),duel_win_pct,0.25,50.8,27.2
47315,Martín Zubimendi,defensive_midfielder,Defensive Midfielder (DM / 6),duel_win_pct,0.25,59.766,84.1
47341,Marc Roca,defensive_midfielder,Defensive Midfielder (DM / 6),duel_win_pct,0.25,45.506,2.6
47435,Fran Beltrán,defensive_midfielder,Defensive Midfielder (DM / 6),duel_win_pct,0.25,45.255,2.1
47439,Stanislav Lobotka,defensive_midfielder,Defensive Midfielder (DM / 6),duel_win_pct,0.25,62.857,94.4
47463,Pepelu,defensive_midfielder,Defensive Midfielder (DM / 6),duel_win_pct,0.25,57.143,78.2
47522,Douglas Luiz,defensive_midfielder,Defensive Midfielder (DM / 6),duel_win_pct,0.25,57.143,78.2
47574,Moi Gómez,defensive_midfielder,Defensive Midfielder (DM / 6),duel_win_pct,0.25,55.085,60.5
48047,Jesper Karlström,defensive_midfielder,Defensive Midfielder (DM / 6),duel_win_pct,0.25,53.07,43.6
48489,Miro Muheim,defensive_midfielder,Defensive Midfielder (DM / 6),duel_win_pct,0.25,57.034,76.9
50863,James Sands,defensive_midfielder,Defensive Midfielder (DM / 6),duel_win_pct,0.25,56.967,76.4
50956,Cristian Cásseres Jr.,defensive_midfielder,Defensive Midfielder (DM / 6),duel_win_pct,0.25,55.849,69.2
51494,Manuel Ugarte,defensive_midfielder,Defensive Midfielder (DM / 6),duel_win_pct,0.25,53.378,46.7
67972,Conor Gallagher,defensive_midfielder,Defensive Midfielder (DM / 6),duel_win_pct,0.25,45.614,3.1
80752,Tanner Tessmann,defensive_midfielder,Defensive Midfielder (DM / 6),duel_win_pct,0.25,51.572,31.8
84218,Adama Camara,defensive_midfielder,Defensive Midfielder (DM / 6),duel_win_pct,0.25,52.358,37.9
106727,Oriol Rey,defensive_midfielder,Defensive Midfielder (DM / 6),duel_win_pct,0.25,46.226,4.6
116117,Moisés Caicedo,defensive_midfielder,Defensive Midfielder (DM / 6),duel_win_pct,0.25,55.663,67.2
125239,Kervin Arriaga,defensive_midfielder,Defensive Midfielder (DM / 6),duel_win_pct,0.25,56.863,75.6
128287,Joris Chotard,defensive_midfielder,Defensive Midfielder (DM / 6),duel_win_pct,0.25,55.155,61.8
128342,Rassoul Ndiaye,defensive_midfielder,Defensive Midfielder (DM / 6),duel_win_pct,0.25,54.198,53.3
129142,Ilia Gruev,defensive_midfielder,Defensive Midfielder (DM / 6),duel_win_pct,0.25,46.018,4.1
138908,Elliot Anderson,defensive_midfielder,Defensive Midfielder (DM / 6),duel_win_pct,0.25,54.797,58.5
157912,Boubacar Traoré,defensive_midfielder,Defensive Midfielder (DM / 6),duel_win_pct,0.25,51.977,33.8
157988,Sergio Carreira,defensive_midfielder,Defensive Midfielder (DM / 6),duel_win_pct,0.25,51.485,31.3
161933,Nico González,defensive_midfielder,Defensive Midfielder (DM / 6),duel_win_pct,0.25,55.263,63.6
162032,Miguel Gutiérrez,defensive_midfielder,Defensive Midfielder (DM / 6),duel_win_pct,0.25,55.714,67.7
162123,Ilaix Moriba,defensive_midfielder,Defensive Midfielder (DM / 6),duel_win_pct,0.25,56.536,73.3
162452,Devyne Rensch,defensive_midfielder,Defensive Midfielder (DM / 6),duel_win_pct,0.25,62.136,91.8
162480,Eric Martel,defensive_midfielder,Defensive Midfielder (DM / 6),duel_win_pct,0.25,53.913,51.3
162686,Antonio Blanco,defensive_midfielder,Defensive Midfielder (DM / 6),duel_win_pct,0.25,47.291,7.7
162714,Amadou Onana,defensive_midfielder,Defensive Midfielder (DM / 6),duel_win_pct,0.25,63.684,95.9
174708,Yassin Belkhdim,defensive_midfielder,Defensive Midfielder (DM / 6),duel_win_pct,0.25,53.927,51.8
178709,Yannick Engelhardt,defensive_midfielder,Defensive Midfielder (DM / 6),duel_win_pct,0.25,49.383,17.4
179843,Lucas Gourna-Douath,defensive_midfielder,Defensive Midfielder (DM / 6),duel_win_pct,0.25,56.376,72.3
182486,Alberto Reina,defensive_midfielder,Defensive Midfielder (DM / 6),duel_win_pct,0.25,51.064,28.7
182621,Iker Muñoz,defensive_midfielder,Defensive Midfielder (DM / 6),duel_win_pct,0.25,45.133,1.5
182772,Juanlu Sánchez,defensive_midfielder,Defensive Midfielder (DM / 6),duel_win_pct,0.25,56.134,70.8
183699,Urko González,defensive_midfielder,Defensive Midfielder (DM / 6),duel_win_pct,0.25,48.014,9.7
183744,Beñat Turrientes,defensive_midfielder,Defensive Midfielder (DM / 6),duel_win_pct,0.25,53.409,47.4
187318,Marc Aguado,defensive_midfielder,Defensive Midfielder (DM / 6),duel_win_pct,0.25,57.664,80.0
193952,Johann Lepenant,defensive_midfielder,Defensive Midfielder (DM / 6),duel_win_pct,0.25,52.632,40.0
195103,João Gomes,defensive_midfielder,Defensive Midfielder (DM / 6),duel_win_pct,0.25,50.557,23.6
203007,Rocco Reitz,defensive_midfielder,Defensive Midfielder (DM / 6),duel_win_pct,0.25,52.941,42.3
237087,Ezequiel Fernández,defensive_midfielder,Defensive Midfielder (DM / 6),duel_win_pct,0.25,52.555,39.5
237129,Pape Matar Sarr,defensive_midfielder,Defensive Midfielder (DM / 6),duel_win_pct,0.25,45.745,3.6
260898,Nicolai Remberg,defensive_midfielder,Defensive Midfielder (DM / 6),duel_win_pct,0.25,60.714,88.2
265784,André,defensive_midfielder,Defensive Midfielder (DM / 6),duel_win_pct,0.25,51.034,28.2
266813,Warren Bondo,defensive_midfielder,Defensive Midfielder (DM / 6),duel_win_pct,0.25,49.133,14.4
275776,Kristjan Asllani,defensive_midfielder,Defensive Midfielder (DM / 6),duel_win_pct,0.25,53.425,48.2
277003,Neil El Aynaoui,defensive_midfielder,Defensive Midfielder (DM / 6),duel_win_pct,0.25,46.789,6.2
277306,Mamadou Sangare,defensive_midfielder,Defensive Midfielder (DM / 6),duel_win_pct,0.25,56.548,73.8
281096,Patrizio Masini,defensive_midfielder,Defensive Midfielder (DM / 6),duel_win_pct,0.25,55.731,68.7
282549,Junior Mwanga,defensive_midfielder,Defensive Midfielder (DM / 6),duel_win_pct,0.25,51.445,30.3
284322,Kobbie Mainoo,defensive_midfielder,Defensive Midfielder (DM / 6),duel_win_pct,0.25,49.189,14.9
284446,Freddie Potts,defensive_midfielder,Defensive Midfielder (DM / 6),duel_win_pct,0.25,58.559,81.0
284457,Lamare Bogarde,defensive_midfielder,Defensive Midfielder (DM / 6),duel_win_pct,0.25,52.294,37.4
284500,Tim Iroegbunam,defensive_midfielder,Defensive Midfielder (DM / 6),duel_win_pct,0.25,54.783,57.9
286084,Sergi Altimira,defensive_midfielder,Defensive Midfielder (DM / 6),duel_win_pct,0.25,64.583,96.4
287654,Jon Gorrotxategi,defensive_midfielder,Defensive Midfielder (DM / 6),duel_win_pct,0.25,49.565,19.0
288102,Adam Wharton,defensive_midfielder,Defensive Midfielder (DM / 6),duel_win_pct,0.25,48.611,12.8
302069,Samuele Angori,defensive_midfielder,Defensive Midfielder (DM / 6),duel_win_pct,0.25,62.439,93.3
304853,Alex Scott,defensive_midfielder,Defensive Midfielder (DM / 6),duel_win_pct,0.25,55.556,65.9
305834,Andrey Santos,defensive_midfielder,Defensive Midfielder (DM / 6),duel_win_pct,0.25,61.983,91.3
308836,Mandela Keita,defensive_midfielder,Defensive Midfielder (DM / 6),duel_win_pct,0.25,62.369,92.3
323625,Kévin Danois,defensive_midfielder,Defensive Midfielder (DM / 6),duel_win_pct,0.25,47.222,7.2
326176,Soungoutou Magassa,defensive_midfielder,Defensive Midfielder (DM / 6),duel_win_pct,0.25,56.589,74.9
326757,Jobe Bellingham,defensive_midfielder,Defensive Midfielder (DM / 6),duel_win_pct,0.25,55.376,65.1
327831,Aljoscha Kemlein,defensive_midfielder,Defensive Midfielder (DM / 6),duel_win_pct,0.25,52.406,38.5
328046,Ismael Koné,defensive_midfielder,Defensive Midfielder (DM / 6),duel_win_pct,0.25,55.238,63.1
328105,Lewis Miley,defensive_midfielder,Defensive Midfielder (DM / 6),duel_win_pct,0.25,66.418,98.5
329728,Marc Casadó,defensive_midfielder,Defensive Midfielder (DM / 6),duel_win_pct,0.25,50.0,20.8
332309,Alejandro Rego Mora,defensive_midfielder,Defensive Midfielder (DM / 6),duel_win_pct,0.25,47.973,9.2
336573,Emirhan İlkhan,defensive_midfielder,Defensive Midfielder (DM / 6),duel_win_pct,0.25,55.652,66.7
336585,Mateus Fernandes,defensive_midfielder,Defensive Midfielder (DM / 6),duel_win_pct,0.25,55.556,65.9
336594,Pablo Barrios,defensive_midfielder,Defensive Midfielder (DM / 6),duel_win_pct,0.25,55.026,60.0
339417,Pape Diop,defensive_midfielder,Defensive Midfielder (DM / 6),duel_win_pct,0.25,48.819,13.8
343189,Gvidas Gineitis,defensive_midfielder,Defensive Midfielder (DM / 6),duel_win_pct,0.25,54.505,55.4
343558,Lennon Miller,defensive_midfielder,Defensive Midfielder (DM / 6),duel_win_pct,0.25,60.377,85.6
343562,Luca Lipani,defensive_midfielder,Defensive Midfielder (DM / 6),duel_win_pct,0.25,43.307,0.5
356041,Carlos Baleba,defensive_midfielder,Defensive Midfielder (DM / 6),duel_win_pct,0.25,50.0,20.8
364093,Simon Ebonog,defensive_midfielder,Defensive Midfielder (DM / 6),duel_win_pct,0.25,50.673,25.6
365331,Noah Sadiki,defensive_midfielder,Defensive Midfielder (DM / 6),duel_win_pct,0.25,53.478,49.2
374058,Lamine Camara,defensive_midfielder,Defensive Midfielder (DM / 6),duel_win_pct,0.25,56.017,70.3
375598,Ngal'ayel Mukau,defensive_midfielder,Defensive Midfielder (DM / 6),duel_win_pct,0.25,46.707,5.1
383780,Mikel Jauregizar,defensive_midfielder,Defensive Midfielder (DM / 6),duel_win_pct,0.25,46.746,5.6
388871,Chema Andrés,defensive_midfielder,Defensive Midfielder (DM / 6),duel_win_pct,0.25,56.25,71.8
390586,Leon Avdullahu,defensive_midfielder,Defensive Midfielder (DM / 6),duel_win_pct,0.25,46.919,6.7
402265,Arthur Avom Ebong,defensive_midfielder,Defensive Midfielder (DM / 6),duel_win_pct,0.25,53.304,44.6
402386,Arsène Kouassi,defensive_midfielder,Defensive Midfielder (DM / 6),duel_win_pct,0.25,57.209,79.0
408635,Ebenezer Akinsanmiro,defensive_midfielder,Defensive Midfielder (DM / 6),duel_win_pct,0.25,52.041,34.9
415431,Samir El Mourabet,defensive_midfielder,Defensive Midfielder (DM / 6),duel_win_pct,0.25,59.729,83.1
434352,Alpha Touré,defensive_midfielder,Defensive Midfielder (DM / 6),duel_win_pct,0.25,50.769,26.7
438688,Ayyoub Bouaddi,defensive_midfielder,Defensive Midfielder (DM / 6),duel_win_pct,0.25,56.574,74.4
496896,Rudy Matondo,defensive_midfielder,Defensive Midfielder (DM / 6),duel_win_pct,0.25,48.322,11.3
519664,Khalis Merah,defensive_midfielder,Defensive Midfielder (DM / 6),duel_win_pct,0.25,51.695,33.3
20,Axel Witsel,defensive_midfielder,Defensive Midfielder (DM / 6),tackles_per90,0.25,1.279,4.1
44,Rodri,defensive_midfielder,Defensive Midfielder (DM / 6),tackles_per90,0.25,2.498,71.3
49,Thomas Partey,defensive_midfielder,Defensive Midfielder (DM / 6),tackles_per90,0.25,1.742,22.6
74,Sofyan Amrabat,defensive_midfielder,Defensive Midfielder (DM / 6),tackles_per90,0.25,1.736,22.1
81,Krépin Diatta,defensive_midfielder,Defensive Midfielder (DM / 6),tackles_per90,0.25,2.719,81.5
110,Han-Noah Massengo,defensive_midfielder,Defensive Midfielder (DM / 6),tackles_per90,0.25,1.515,11.3
203,Roberto Gagliardini,defensive_midfielder,Defensive Midfielder (DM / 6),tackles_per90,0.25,2.965,86.7
231,Jordan Teze,defensive_midfielder,Defensive Midfielder (DM / 6),tackles_per90,0.25,2.201,50.8
293,Curtis Jones,defensive_midfielder,Defensive Midfielder (DM / 6),tackles_per90,0.25,1.846,27.7
407,Benjamin Stambouli,defensive_midfielder,Defensive Midfielder (DM / 6),tackles_per90,0.25,2.13,46.2
414,Omar Mascarell,defensive_midfielder,Defensive Midfielder (DM / 6),tackles_per90,0.25,1.924,34.9
542,Ryan Gravenberch,defensive_midfielder,Defensive Midfielder (DM / 6),tackles_per90,0.25,1.772,23.6
575,Florentino Luís,defensive_midfielder,Defensive Midfielder (DM / 6),tackles_per90,0.25,3.824,96.9
637,Felix Nmecha,defensive_midfielder,Defensive Midfielder (DM / 6),tackles_per90,0.25,1.525,11.8
723,Joelinton,defensive_midfielder,Defensive Midfielder (DM / 6),tackles_per90,0.25,1.982,39.0
747,Casemiro,defensive_midfielder,Defensive Midfielder (DM / 6),tackles_per90,0.25,3.124,90.8
778,Bryan Cristante,defensive_midfielder,Defensive Midfielder (DM / 6),tackles_per90,0.25,2.088,43.6
863,Rodrigo Bentancur,defensive_midfielder,Defensive Midfielder (DM / 6),tackles_per90,0.25,2.664,77.9
895,James Garner,defensive_midfielder,Defensive Midfielder (DM / 6),tackles_per90,0.25,3.163,92.3
902,Nemanja Matić,defensive_midfielder,Defensive Midfielder (DM / 6),tackles_per90,0.25,1.45,7.7
928,Dani Parejo,defensive_midfielder,Defensive Midfielder (DM / 6),tackles_per90,0.25,2.704,81.0
951,Michel Aebischer,defensive_midfielder,Defensive Midfielder (DM / 6),tackles_per90,0.25,2.017,41.5
1150,Tyler Adams,defensive_midfielder,Defensive Midfielder (DM / 6),tackles_per90,0.25,2.683,79.5
1156,Tom Krauß,defensive_midfielder,Defensive Midfielder (DM / 6),tackles_per90,0.25,3.598,95.4
1159,Marcel Sabitzer,defensive_midfielder,Defensive Midfielder (DM / 6),tackles_per90,0.25,1.482,9.2
1271,Aurélien Tchouaméni,defensive_midfielder,Defensive Midfielder (DM / 6),tackles_per90,0.25,2.334,57.4
1464,Granit Xhaka,defensive_midfielder,Defensive Midfielder (DM / 6),tackles_per90,0.25,1.55,14.4
1700,Iván Martín,defensive_midfielder,Defensive Midfielder (DM / 6),tackles_per90,0.25,2.163,48.2
1701,Manu Morlanes,defensive_midfielder,Defensive Midfielder (DM / 6),tackles_per90,0.25,2.817,84.6
1825,Lucas Torró,defensive_midfielder,Defensive Midfielder (DM / 6),tackles_per90,0.25,1.482,9.7
1904,Boubacar Kamara,defensive_midfielder,Defensive Midfielder (DM / 6),tackles_per90,0.25,2.348,60.5
1934,Sander Berge,defensive_midfielder,Defensive Midfielder (DM / 6),tackles_per90,0.25,1.793,24.1
1939,Jakub Piotrowski,defensive_midfielder,Defensive Midfielder (DM / 6),tackles_per90,0.25,2.387,63.1
2204,Benjamin André,defensive_midfielder,Defensive Midfielder (DM / 6),tackles_per90,0.25,2.546,73.8
2207,Eduardo Camavinga,defensive_midfielder,Defensive Midfielder (DM / 6),tackles_per90,0.25,3.819,96.4
2279,Ethan Ampadu,defensive_midfielder,Defensive Midfielder (DM / 6),tackles_per90,0.25,2.334,57.9
2476,Guido Rodríguez,defensive_midfielder,Defensive Midfielder (DM / 6),tackles_per90,0.25,2.545,73.3
2490,Jefferson Lerma,defensive_midfielder,Defensive Midfielder (DM / 6),tackles_per90,0.25,1.508,10.8
2601,Daichi Kamada,defensive_midfielder,Defensive Midfielder (DM / 6),tackles_per90,0.25,2.972,87.2
2749,Jackson Irvine,defensive_midfielder,Defensive Midfielder (DM / 6),tackles_per90,0.25,1.875,31.5
2807,Remo Freuler,defensive_midfielder,Defensive Midfielder (DM / 6),tackles_per90,0.25,2.233,51.8
2823,Saša Lukić,defensive_midfielder,Defensive Midfielder (DM / 6),tackles_per90,0.25,2.543,72.8
2917,Maximilian Eggestein,defensive_midfielder,Defensive Midfielder (DM / 6),tackles_per90,0.25,1.882,32.3
2922,Leander Dendoncker,defensive_midfielder,Defensive Midfielder (DM / 6),tackles_per90,0.25,2.42,65.6
2926,Youri Tielemans,defensive_midfielder,Defensive Midfielder (DM / 6),tackles_per90,0.25,2.803,83.1
2990,Idrissa Gana Gueye,defensive_midfielder,Defensive Midfielder (DM / 6),tackles_per90,0.25,1.842,27.2
3608,Kwasi Sibo,defensive_midfielder,Defensive Midfielder (DM / 6),tackles_per90,0.25,1.865,29.7
4399,Hicham Boudaoui,defensive_midfielder,Defensive Midfielder (DM / 6),tackles_per90,0.25,1.425,6.2
6056,Nicolás Domínguez,defensive_midfielder,Defensive Midfielder (DM / 6),tackles_per90,0.25,4.225,98.5
7328,Nicolas Seiwald,defensive_midfielder,Defensive Midfielder (DM / 6),tackles_per90,0.25,2.198,49.7
8680,Charles Vanhoutte,defensive_midfielder,Defensive Midfielder (DM / 6),tackles_per90,0.25,2.318,55.9
10097,Éderson,defensive_midfielder,Defensive Midfielder (DM / 6),tackles_per90,0.25,2.376,61.5
10169,Vinícius Souza,defensive_midfielder,Defensive Midfielder (DM / 6),tackles_per90,0.25,2.845,85.1
15673,Ylber Ramadani,defensive_midfielder,Defensive Midfielder (DM / 6),tackles_per90,0.25,2.548,74.4
15881,Morten Frendrup,defensive_midfielder,Defensive Midfielder (DM / 6),tackles_per90,0.25,2.884,86.2
18806,Will Hughes,defensive_midfielder,Defensive Midfielder (DM / 6),tackles_per90,0.25,1.541,12.8
18872,Lewis Cook,defensive_midfielder,Defensive Midfielder (DM / 6),tackles_per90,0.25,2.486,70.8
19827,Josh Cullen,defensive_midfielder,Defensive Midfielder (DM / 6),tackles_per90,0.25,1.837,26.7
20554,Haris Belkebla,defensive_midfielder,Defensive Midfielder (DM / 6),tackles_per90,0.25,2.25,53.3
20558,Hugo Magnetti,defensive_midfielder,Defensive Midfielder (DM / 6),tackles_per90,0.25,2.336,58.5
20692,Himad Abdelli,defensive_midfielder,Defensive Midfielder (DM / 6),tackles_per90,0.25,1.971,37.9
20696,Pape Gueye,defensive_midfielder,Defensive Midfielder (DM / 6),tackles_per90,0.25,1.68,20.5
20917,Laurent Abergel,defensive_midfielder,Defensive Midfielder (DM / 6),tackles_per90,0.25,1.355,5.1
21004,Lucien Agoumé,defensive_midfielder,Defensive Midfielder (DM / 6),tackles_per90,0.25,2.339,59.5
21010,Elisha Owusu,defensive_midfielder,Defensive Midfielder (DM / 6),tackles_per90,0.25,2.639,77.4
21087,Batista Mendy,defensive_midfielder,Defensive Midfielder (DM / 6),tackles_per90,0.25,1.94,35.4
21102,Valentin Rongier,defensive_midfielder,Defensive Midfielder (DM / 6),tackles_per90,0.25,2.426,66.7
21568,Ruben Aguilar,defensive_midfielder,Defensive Midfielder (DM / 6),tackles_per90,0.25,1.97,37.4
21587,Ellyes Skhiri,defensive_midfielder,Defensive Midfielder (DM / 6),tackles_per90,0.25,1.241,3.6
21640,Jessy Deminguet,defensive_midfielder,Defensive Midfielder (DM / 6),tackles_per90,0.25,1.959,36.9
22147,Manu Koné,defensive_midfielder,Defensive Midfielder (DM / 6),tackles_per90,0.25,1.793,24.6
22149,Ibrahim Sangaré,defensive_midfielder,Defensive Midfielder (DM / 6),tackles_per90,0.25,2.553,74.9
22170,Pierre Lees Melou,defensive_midfielder,Defensive Midfielder (DM / 6),tackles_per90,0.25,2.976,87.7
22239,Cheikh Niasse,defensive_midfielder,Defensive Midfielder (DM / 6),tackles_per90,0.25,1.923,34.4
24147,Mahdi Camara,defensive_midfielder,Defensive Midfielder (DM / 6),tackles_per90,0.25,2.098,44.1
24904,Niklas Dorsch,defensive_midfielder,Defensive Midfielder (DM / 6),tackles_per90,0.25,2.339,59.0
24963,Atakan Karazor,defensive_midfielder,Defensive Midfielder (DM / 6),tackles_per90,0.25,1.992,40.0
25461,Kevin Stöger,defensive_midfielder,Defensive Midfielder (DM / 6),tackles_per90,0.25,2.483,70.3
27157,Manolis Saliakas,defensive_midfielder,Defensive Midfielder (DM / 6),tackles_per90,0.25,2.351,61.0
30432,Marten de Roon,defensive_midfielder,Defensive Midfielder (DM / 6),tackles_per90,0.25,2.696,80.5
30533,Manuel Locatelli,defensive_midfielder,Defensive Midfielder (DM / 6),tackles_per90,0.25,3.055,89.2
30561,Alessandro Deiola,defensive_midfielder,Defensive Midfielder (DM / 6),tackles_per90,0.25,2.195,49.2
30690,Nicolas Fonseca,defensive_midfielder,Defensive Midfielder (DM / 6),tackles_per90,0.25,3.533,94.9
30723,Marius Marin,defensive_midfielder,Defensive Midfielder (DM / 6),tackles_per90,0.25,3.135,91.3
30785,András Schäfer,defensive_midfielder,Defensive Midfielder (DM / 6),tackles_per90,0.25,2.559,75.4
30927,Santiago Colombatto,defensive_midfielder,Defensive Midfielder (DM / 6),tackles_per90,0.25,1.87,30.8
31021,Alberto Grassi,defensive_midfielder,Defensive Midfielder (DM / 6),tackles_per90,0.25,1.18,2.6
31146,Sandro Tonali,defensive_midfielder,Defensive Midfielder (DM / 6),tackles_per90,0.25,1.239,3.1
31678,Jean Daniel Akpa-Akpro,defensive_midfielder,Defensive Midfielder (DM / 6),tackles_per90,0.25,2.628,76.4
33165,Ayumu Seko,defensive_midfielder,Defensive Midfielder (DM / 6),tackles_per90,0.25,1.44,7.2
33889,Kaishu Sano,defensive_midfielder,Defensive Midfielder (DM / 6),tackles_per90,0.25,1.53,12.3
36899,Teun Koopmeiners,defensive_midfielder,Defensive Midfielder (DM / 6),tackles_per90,0.25,1.624,19.0
38747,Quinten Timber,defensive_midfielder,Defensive Midfielder (DM / 6),tackles_per90,0.25,2.511,71.8
38798,Senne Lynen,defensive_midfielder,Defensive Midfielder (DM / 6),tackles_per90,0.25,2.057,43.1
39143,Kristian Thorstvedt,defensive_midfielder,Defensive Midfielder (DM / 6),tackles_per90,0.25,1.611,16.4
41104,João Palhinha,defensive_midfielder,Defensive Midfielder (DM / 6),tackles_per90,0.25,4.504,99.5
41157,André Almeida,defensive_midfielder,Defensive Midfielder (DM / 6),tackles_per90,0.25,2.0,41.0
41552,Pathé Ismaël Ciss,defensive_midfielder,Defensive Midfielder (DM / 6),tackles_per90,0.25,2.381,62.6
44814,Lewis Ferguson,defensive_midfielder,Defensive Midfielder (DM / 6),tackles_per90,0.25,1.455,8.2
47007,Iñigo Ruiz de Galarreta,defensive_midfielder,Defensive Midfielder (DM / 6),tackles_per90,0.25,2.42,66.2
47109,Óscar Valentín,defensive_midfielder,Defensive Midfielder (DM / 6),tackles_per90,0.25,3.109,90.3
47315,Martín Zubimendi,defensive_midfielder,Defensive Midfielder (DM / 6),tackles_per90,0.25,2.039,42.6
47341,Marc Roca,defensive_midfielder,Defensive Midfielder (DM / 6),tackles_per90,0.25,1.689,21.0
47435,Fran Beltrán,defensive_midfielder,Defensive Midfielder (DM / 6),tackles_per90,0.25,1.959,36.4
47439,Stanislav Lobotka,defensive_midfielder,Defensive Midfielder (DM / 6),tackles_per90,0.25,1.032,1.0
47463,Pepelu,defensive_midfielder,Defensive Midfielder (DM / 6),tackles_per90,0.25,2.419,65.1
47522,Douglas Luiz,defensive_midfielder,Defensive Midfielder (DM / 6),tackles_per90,0.25,2.193,48.7
47574,Moi Gómez,defensive_midfielder,Defensive Midfielder (DM / 6),tackles_per90,0.25,1.478,8.7
48047,Jesper Karlström,defensive_midfielder,Defensive Midfielder (DM / 6),tackles_per90,0.25,1.542,13.3
48489,Miro Muheim,defensive_midfielder,Defensive Midfielder (DM / 6),tackles_per90,0.25,2.29,54.4
50863,James Sands,defensive_midfielder,Defensive Midfielder (DM / 6),tackles_per90,0.25,1.947,35.9
50956,Cristian Cásseres Jr.,defensive_midfielder,Defensive Midfielder (DM / 6),tackles_per90,0.25,2.809,84.1
51494,Manuel Ugarte,defensive_midfielder,Defensive Midfielder (DM / 6),tackles_per90,0.25,4.595,100.0
67972,Conor Gallagher,defensive_midfielder,Defensive Midfielder (DM / 6),tackles_per90,0.25,1.885,32.8
80752,Tanner Tessmann,defensive_midfielder,Defensive Midfielder (DM / 6),tackles_per90,0.25,1.332,4.6
84218,Adama Camara,defensive_midfielder,Defensive Midfielder (DM / 6),tackles_per90,0.25,2.404,64.6
106727,Oriol Rey,defensive_midfielder,Defensive Midfielder (DM / 6),tackles_per90,0.25,1.356,5.6
116117,Moisés Caicedo,defensive_midfielder,Defensive Midfielder (DM / 6),tackles_per90,0.25,2.794,82.6
125239,Kervin Arriaga,defensive_midfielder,Defensive Midfielder (DM / 6),tackles_per90,0.25,2.39,63.6
128287,Joris Chotard,defensive_midfielder,Defensive Midfielder (DM / 6),tackles_per90,0.25,2.139,47.2
128342,Rassoul Ndiaye,defensive_midfielder,Defensive Midfielder (DM / 6),tackles_per90,0.25,2.379,62.1
129142,Ilia Gruev,defensive_midfielder,Defensive Midfielder (DM / 6),tackles_per90,0.25,1.619,17.4
138908,Elliot Anderson,defensive_midfielder,Defensive Midfielder (DM / 6),tackles_per90,0.25,2.807,83.6
157912,Boubacar Traoré,defensive_midfielder,Defensive Midfielder (DM / 6),tackles_per90,0.25,3.041,88.7
157988,Sergio Carreira,defensive_midfielder,Defensive Midfielder (DM / 6),tackles_per90,0.25,1.069,1.5
161933,Nico González,defensive_midfielder,Defensive Midfielder (DM / 6),tackles_per90,0.25,2.4,64.1
162032,Miguel Gutiérrez,defensive_midfielder,Defensive Midfielder (DM / 6),tackles_per90,0.25,1.993,40.5
162123,Ilaix Moriba,defensive_midfielder,Defensive Midfielder (DM / 6),tackles_per90,0.25,3.138,91.8
162452,Devyne Rensch,defensive_midfielder,Defensive Midfielder (DM / 6),tackles_per90,0.25,2.333,56.9
162480,Eric Martel,defensive_midfielder,Defensive Midfielder (DM / 6),tackles_per90,0.25,1.615,16.9
162686,Antonio Blanco,defensive_midfielder,Defensive Midfielder (DM / 6),tackles_per90,0.25,2.686,80.0
162714,Amadou Onana,defensive_midfielder,Defensive Midfielder (DM / 6),tackles_per90,0.25,2.432,68.2
174708,Yassin Belkhdim,defensive_midfielder,Defensive Midfielder (DM / 6),tackles_per90,0.25,2.471,69.2
178709,Yannick Engelhardt,defensive_midfielder,Defensive Midfielder (DM / 6),tackles_per90,0.25,1.55,13.8
179843,Lucas Gourna-Douath,defensive_midfielder,Defensive Midfielder (DM / 6),tackles_per90,0.25,1.835,26.2
182486,Alberto Reina,defensive_midfielder,Defensive Midfielder (DM / 6),tackles_per90,0.25,1.592,15.9
182621,Iker Muñoz,defensive_midfielder,Defensive Midfielder (DM / 6),tackles_per90,0.25,1.133,2.1
182772,Juanlu Sánchez,defensive_midfielder,Defensive Midfielder (DM / 6),tackles_per90,0.25,2.877,85.6
183699,Urko González,defensive_midfielder,Defensive Midfielder (DM / 6),tackles_per90,0.25,1.849,28.2
183744,Beñat Turrientes,defensive_midfielder,Defensive Midfielder (DM / 6),tackles_per90,0.25,2.634,76.9
187318,Marc Aguado,defensive_midfielder,Defensive Midfielder (DM / 6),tackles_per90,0.25,1.713,21.5
193952,Johann Lepenant,defensive_midfielder,Defensive Midfielder (DM / 6),tackles_per90,0.25,3.269,92.8
195103,João Gomes,defensive_midfielder,Defensive Midfielder (DM / 6),tackles_per90,0.25,3.419,94.4
203007,Rocco Reitz,defensive_midfielder,Defensive Midfielder (DM / 6),tackles_per90,0.25,2.322,56.4
237087,Ezequiel Fernández,defensive_midfielder,Defensive Midfielder (DM / 6),tackles_per90,0.25,2.787,82.1
237129,Pape Matar Sarr,defensive_midfielder,Defensive Midfielder (DM / 6),tackles_per90,0.25,2.124,45.6
260898,Nicolai Remberg,defensive_midfielder,Defensive Midfielder (DM / 6),tackles_per90,0.25,1.875,31.5
265784,André,defensive_midfielder,Defensive Midfielder (DM / 6),tackles_per90,0.25,2.668,78.5
266813,Warren Bondo,defensive_midfielder,Defensive Midfielder (DM / 6),tackles_per90,0.25,1.577,14.9
275776,Kristjan Asllani,defensive_midfielder,Defensive Midfielder (DM / 6),tackles_per90,0.25,1.665,19.5
277003,Neil El Aynaoui,defensive_midfielder,Defensive Midfielder (DM / 6),tackles_per90,0.25,1.807,25.1
277306,Mamadou Sangare,defensive_midfielder,Defensive Midfielder (DM / 6),tackles_per90,0.25,3.326,93.8
281096,Patrizio Masini,defensive_midfielder,Defensive Midfielder (DM / 6),tackles_per90,0.25,4.277,99.0
282549,Junior Mwanga,defensive_midfielder,Defensive Midfielder (DM / 6),tackles_per90,0.25,2.138,46.7
284322,Kobbie Mainoo,defensive_midfielder,Defensive Midfielder (DM / 6),tackles_per90,0.25,1.886,33.3
284446,Freddie Potts,defensive_midfielder,Defensive Midfielder (DM / 6),tackles_per90,0.25,2.237,52.8
284457,Lamare Bogarde,defensive_midfielder,Defensive Midfielder (DM / 6),tackles_per90,0.25,2.12,45.1
284500,Tim Iroegbunam,defensive_midfielder,Defensive Midfielder (DM / 6),tackles_per90,0.25,4.126,97.9
286084,Sergi Altimira,defensive_midfielder,Defensive Midfielder (DM / 6),tackles_per90,0.25,3.831,97.4
287654,Jon Gorrotxategi,defensive_midfielder,Defensive Midfielder (DM / 6),tackles_per90,0.25,1.869,30.3
288102,Adam Wharton,defensive_midfielder,Defensive Midfielder (DM / 6),tackles_per90,0.25,2.459,68.7
302069,Samuele Angori,defensive_midfielder,Defensive Midfielder (DM / 6),tackles_per90,0.25,1.59,15.4
304853,Alex Scott,defensive_midfielder,Defensive Midfielder (DM / 6),tackles_per90,0.25,1.889,33.8
305834,Andrey Santos,defensive_midfielder,Defensive Midfielder (DM / 6),tackles_per90,0.25,2.602,75.9
308836,Mandela Keita,defensive_midfielder,Defensive Midfielder (DM / 6),tackles_per90,0.25,2.221,51.3
323625,Kévin Danois,defensive_midfielder,Defensive Midfielder (DM / 6),tackles_per90,0.25,2.476,69.7
326176,Soungoutou Magassa,defensive_midfielder,Defensive Midfielder (DM / 6),tackles_per90,0.25,3.607,95.9
326757,Jobe Bellingham,defensive_midfielder,Defensive Midfielder (DM / 6),tackles_per90,0.25,2.2,50.3
327831,Aljoscha Kemlein,defensive_midfielder,Defensive Midfielder (DM / 6),tackles_per90,0.25,1.83,25.6
328046,Ismael Koné,defensive_midfielder,Defensive Midfielder (DM / 6),tackles_per90,0.25,1.012,0.5
328105,Lewis Miley,defensive_midfielder,Defensive Midfielder (DM / 6),tackles_per90,0.25,1.747,23.1
329728,Marc Casadó,defensive_midfielder,Defensive Midfielder (DM / 6),tackles_per90,0.25,1.622,18.5
332309,Alejandro Rego Mora,defensive_midfielder,Defensive Midfielder (DM / 6),tackles_per90,0.25,2.986,88.2
336573,Emirhan İlkhan,defensive_midfielder,Defensive Midfielder (DM / 6),tackles_per90,0.25,2.299,55.4
336585,Mateus Fernandes,defensive_midfielder,Defensive Midfielder (DM / 6),tackles_per90,0.25,3.095,89.7
336594,Pablo Barrios,defensive_midfielder,Defensive Midfielder (DM / 6),tackles_per90,0.25,1.621,17.9
339417,Pape Diop,defensive_midfielder,Defensive Midfielder (DM / 6),tackles_per90,0.25,2.43,67.7
343189,Gvidas Gineitis,defensive_midfielder,Defensive Midfielder (DM / 6),tackles_per90,0.25,2.297,54.9
343558,Lennon Miller,defensive_midfielder,Defensive Midfielder (DM / 6),tackles_per90,0.25,1.857,29.2
343562,Luca Lipani,defensive_midfielder,Defensive Midfielder (DM / 6),tackles_per90,0.25,2.539,72.3
356041,Carlos Baleba,defensive_midfielder,Defensive Midfielder (DM / 6),tackles_per90,0.25,1.986,39.5
364093,Simon Ebonog,defensive_midfielder,Defensive Midfielder (DM / 6),tackles_per90,0.25,1.974,38.5
365331,Noah Sadiki,defensive_midfielder,Defensive Midfielder (DM / 6),tackles_per90,0.25,1.431,6.7
374058,Lamine Camara,defensive_midfielder,Defensive Midfielder (DM / 6),tackles_per90,0.25,2.674,79.0
375598,Ngal'ayel Mukau,defensive_midfielder,Defensive Midfielder (DM / 6),tackles_per90,0.25,1.667,20.0
383780,Mikel Jauregizar,defensive_midfielder,Defensive Midfielder (DM / 6),tackles_per90,0.25,2.153,47.7
388871,Chema Andrés,defensive_midfielder,Defensive Midfielder (DM / 6),tackles_per90,0.25,2.035,42.1
390586,Leon Avdullahu,defensive_midfielder,Defensive Midfielder (DM / 6),tackles_per90,0.25,1.49,10.3
402265,Arthur Avom Ebong,defensive_midfielder,Defensive Midfielder (DM / 6),tackles_per90,0.25,2.34,60.0
402386,Arsène Kouassi,defensive_midfielder,Defensive Midfielder (DM / 6),tackles_per90,0.25,0.896,0.0
408635,Ebenezer Akinsanmiro,defensive_midfielder,Defensive Midfielder (DM / 6),tackles_per90,0.25,2.429,67.2
415431,Samir El Mourabet,defensive_midfielder,Defensive Midfielder (DM / 6),tackles_per90,0.25,3.321,93.3
434352,Alpha Touré,defensive_midfielder,Defensive Midfielder (DM / 6),tackles_per90,0.25,2.235,52.3
438688,Ayyoub Bouaddi,defensive_midfielder,Defensive Midfielder (DM / 6),tackles_per90,0.25,2.271,53.8
496896,Rudy Matondo,defensive_midfielder,Defensive Midfielder (DM / 6),tackles_per90,0.25,1.854,28.7
519664,Khalis Merah,defensive_midfielder,Defensive Midfielder (DM / 6),tackles_per90,0.25,2.117,44.6
20,Axel Witsel,defensive_midfielder,Defensive Midfielder (DM / 6),interceptions_per90,0.25,1.066,45.1
44,Rodri,defensive_midfielder,Defensive Midfielder (DM / 6),interceptions_per90,0.25,0.833,22.6
49,Thomas Partey,defensive_midfielder,Defensive Midfielder (DM / 6),interceptions_per90,0.25,1.355,72.3
74,Sofyan Amrabat,defensive_midfielder,Defensive Midfielder (DM / 6),interceptions_per90,0.25,0.764,14.9
81,Krépin Diatta,defensive_midfielder,Defensive Midfielder (DM / 6),interceptions_per90,0.25,1.404,75.4
110,Han-Noah Massengo,defensive_midfielder,Defensive Midfielder (DM / 6),interceptions_per90,0.25,1.405,75.9
203,Roberto Gagliardini,defensive_midfielder,Defensive Midfielder (DM / 6),interceptions_per90,0.25,2.193,98.5
231,Jordan Teze,defensive_midfielder,Defensive Midfielder (DM / 6),interceptions_per90,0.25,1.047,42.1
293,Curtis Jones,defensive_midfielder,Defensive Midfielder (DM / 6),interceptions_per90,0.25,0.831,22.1
407,Benjamin Stambouli,defensive_midfielder,Defensive Midfielder (DM / 6),interceptions_per90,0.25,0.741,13.3
414,Omar Mascarell,defensive_midfielder,Defensive Midfielder (DM / 6),interceptions_per90,0.25,1.363,72.8
542,Ryan Gravenberch,defensive_midfielder,Defensive Midfielder (DM / 6),interceptions_per90,0.25,1.412,76.9
575,Florentino Luís,defensive_midfielder,Defensive Midfielder (DM / 6),interceptions_per90,0.25,1.742,93.8
637,Felix Nmecha,defensive_midfielder,Defensive Midfielder (DM / 6),interceptions_per90,0.25,1.113,49.7
723,Joelinton,defensive_midfielder,Defensive Midfielder (DM / 6),interceptions_per90,0.25,1.336,71.8
747,Casemiro,defensive_midfielder,Defensive Midfielder (DM / 6),interceptions_per90,0.25,1.076,45.6
778,Bryan Cristante,defensive_midfielder,Defensive Midfielder (DM / 6),interceptions_per90,0.25,0.783,16.4
863,Rodrigo Bentancur,defensive_midfielder,Defensive Midfielder (DM / 6),interceptions_per90,0.25,1.617,90.3
895,James Garner,defensive_midfielder,Defensive Midfielder (DM / 6),interceptions_per90,0.25,1.503,82.6
902,Nemanja Matić,defensive_midfielder,Defensive Midfielder (DM / 6),interceptions_per90,0.25,0.944,32.8
928,Dani Parejo,defensive_midfielder,Defensive Midfielder (DM / 6),interceptions_per90,0.25,0.773,15.4
951,Michel Aebischer,defensive_midfielder,Defensive Midfielder (DM / 6),interceptions_per90,0.25,1.148,54.4
1150,Tyler Adams,defensive_midfielder,Defensive Midfielder (DM / 6),interceptions_per90,0.25,1.67,91.8
1156,Tom Krauß,defensive_midfielder,Defensive Midfielder (DM / 6),interceptions_per90,0.25,1.399,74.4
1159,Marcel Sabitzer,defensive_midfielder,Defensive Midfielder (DM / 6),interceptions_per90,0.25,0.939,31.8
1271,Aurélien Tchouaméni,defensive_midfielder,Defensive Midfielder (DM / 6),interceptions_per90,0.25,1.613,88.7
1464,Granit Xhaka,defensive_midfielder,Defensive Midfielder (DM / 6),interceptions_per90,0.25,0.899,26.7
1700,Iván Martín,defensive_midfielder,Defensive Midfielder (DM / 6),interceptions_per90,0.25,0.567,4.6
1701,Manu Morlanes,defensive_midfielder,Defensive Midfielder (DM / 6),interceptions_per90,0.25,0.956,33.8
1825,Lucas Torró,defensive_midfielder,Defensive Midfielder (DM / 6),interceptions_per90,0.25,1.131,51.8
1904,Boubacar Kamara,defensive_midfielder,Defensive Midfielder (DM / 6),interceptions_per90,0.25,1.142,53.8
1934,Sander Berge,defensive_midfielder,Defensive Midfielder (DM / 6),interceptions_per90,0.25,0.773,15.9
1939,Jakub Piotrowski,defensive_midfielder,Defensive Midfielder (DM / 6),interceptions_per90,0.25,0.902,27.2
2204,Benjamin André,defensive_midfielder,Defensive Midfielder (DM / 6),interceptions_per90,0.25,1.273,63.6
2207,Eduardo Camavinga,defensive_midfielder,Defensive Midfielder (DM / 6),interceptions_per90,0.25,0.822,21.5
2279,Ethan Ampadu,defensive_midfielder,Defensive Midfielder (DM / 6),interceptions_per90,0.25,1.441,79.0
2476,Guido Rodríguez,defensive_midfielder,Defensive Midfielder (DM / 6),interceptions_per90,0.25,0.727,11.8
2490,Jefferson Lerma,defensive_midfielder,Defensive Midfielder (DM / 6),interceptions_per90,0.25,1.3,66.7
2601,Daichi Kamada,defensive_midfielder,Defensive Midfielder (DM / 6),interceptions_per90,0.25,0.66,9.7
2749,Jackson Irvine,defensive_midfielder,Defensive Midfielder (DM / 6),interceptions_per90,0.25,1.489,81.0
2807,Remo Freuler,defensive_midfielder,Defensive Midfielder (DM / 6),interceptions_per90,0.25,0.934,30.8
2823,Saša Lukić,defensive_midfielder,Defensive Midfielder (DM / 6),interceptions_per90,0.25,0.934,31.3
2917,Maximilian Eggestein,defensive_midfielder,Defensive Midfielder (DM / 6),interceptions_per90,0.25,0.882,25.1
2922,Leander Dendoncker,defensive_midfielder,Defensive Midfielder (DM / 6),interceptions_per90,0.25,0.807,20.0
2926,Youri Tielemans,defensive_midfielder,Defensive Midfielder (DM / 6),interceptions_per90,0.25,0.87,24.1
2990,Idrissa Gana Gueye,defensive_midfielder,Defensive Midfielder (DM / 6),interceptions_per90,0.25,1.199,58.5
3608,Kwasi Sibo,defensive_midfielder,Defensive Midfielder (DM / 6),interceptions_per90,0.25,0.799,17.9
4399,Hicham Boudaoui,defensive_midfielder,Defensive Midfielder (DM / 6),interceptions_per90,0.25,0.897,26.2
6056,Nicolás Domínguez,defensive_midfielder,Defensive Midfielder (DM / 6),interceptions_per90,0.25,0.528,2.1
7328,Nicolas Seiwald,defensive_midfielder,Defensive Midfielder (DM / 6),interceptions_per90,0.25,1.865,94.9
8680,Charles Vanhoutte,defensive_midfielder,Defensive Midfielder (DM / 6),interceptions_per90,0.25,0.966,34.4
10097,Éderson,defensive_midfielder,Defensive Midfielder (DM / 6),interceptions_per90,0.25,1.128,51.3
10169,Vinícius Souza,defensive_midfielder,Defensive Midfielder (DM / 6),interceptions_per90,0.25,1.328,70.8
15673,Ylber Ramadani,defensive_midfielder,Defensive Midfielder (DM / 6),interceptions_per90,0.25,1.288,66.2
15881,Morten Frendrup,defensive_midfielder,Defensive Midfielder (DM / 6),interceptions_per90,0.25,1.195,57.9
18806,Will Hughes,defensive_midfielder,Defensive Midfielder (DM / 6),interceptions_per90,0.25,0.856,23.1
18872,Lewis Cook,defensive_midfielder,Defensive Midfielder (DM / 6),interceptions_per90,0.25,2.387,99.5
19827,Josh Cullen,defensive_midfielder,Defensive Midfielder (DM / 6),interceptions_per90,0.25,1.303,67.2
20554,Haris Belkebla,defensive_midfielder,Defensive Midfielder (DM / 6),interceptions_per90,0.25,1.0,38.5
20558,Hugo Magnetti,defensive_midfielder,Defensive Midfielder (DM / 6),interceptions_per90,0.25,1.502,82.1
20692,Himad Abdelli,defensive_midfielder,Defensive Midfielder (DM / 6),interceptions_per90,0.25,1.314,69.2
20696,Pape Gueye,defensive_midfielder,Defensive Midfielder (DM / 6),interceptions_per90,0.25,1.428,77.4
20917,Laurent Abergel,defensive_midfielder,Defensive Midfielder (DM / 6),interceptions_per90,0.25,1.046,41.5
21004,Lucien Agoumé,defensive_midfielder,Defensive Midfielder (DM / 6),interceptions_per90,0.25,1.604,88.2
21010,Elisha Owusu,defensive_midfielder,Defensive Midfielder (DM / 6),interceptions_per90,0.25,0.994,36.9
21087,Batista Mendy,defensive_midfielder,Defensive Midfielder (DM / 6),interceptions_per90,0.25,0.998,37.9
21102,Valentin Rongier,defensive_midfielder,Defensive Midfielder (DM / 6),interceptions_per90,0.25,1.279,64.6
21568,Ruben Aguilar,defensive_midfielder,Defensive Midfielder (DM / 6),interceptions_per90,0.25,1.452,79.5
21587,Ellyes Skhiri,defensive_midfielder,Defensive Midfielder (DM / 6),interceptions_per90,0.25,1.614,89.2
21640,Jessy Deminguet,defensive_midfielder,Defensive Midfielder (DM / 6),interceptions_per90,0.25,0.98,35.9
22147,Manu Koné,defensive_midfielder,Defensive Midfielder (DM / 6),interceptions_per90,0.25,0.659,9.2
22149,Ibrahim Sangaré,defensive_midfielder,Defensive Midfielder (DM / 6),interceptions_per90,0.25,1.082,47.7
22170,Pierre Lees Melou,defensive_midfielder,Defensive Midfielder (DM / 6),interceptions_per90,0.25,1.053,43.1
22239,Cheikh Niasse,defensive_midfielder,Defensive Midfielder (DM / 6),interceptions_per90,0.25,1.282,65.6
24147,Mahdi Camara,defensive_midfielder,Defensive Midfielder (DM / 6),interceptions_per90,0.25,1.083,48.2
24904,Niklas Dorsch,defensive_midfielder,Defensive Midfielder (DM / 6),interceptions_per90,0.25,0.793,17.4
24963,Atakan Karazor,defensive_midfielder,Defensive Midfielder (DM / 6),interceptions_per90,0.25,0.759,13.8
25461,Kevin Stöger,defensive_midfielder,Defensive Midfielder (DM / 6),interceptions_per90,0.25,0.94,32.3
27157,Manolis Saliakas,defensive_midfielder,Defensive Midfielder (DM / 6),interceptions_per90,0.25,1.054,43.6
30432,Marten de Roon,defensive_midfielder,Defensive Midfielder (DM / 6),interceptions_per90,0.25,0.932,30.3
30533,Manuel Locatelli,defensive_midfielder,Defensive Midfielder (DM / 6),interceptions_per90,0.25,1.168,55.9
30561,Alessandro Deiola,defensive_midfielder,Defensive Midfielder (DM / 6),interceptions_per90,0.25,0.878,24.6
30690,Nicolas Fonseca,defensive_midfielder,Defensive Midfielder (DM / 6),interceptions_per90,0.25,1.501,81.5
30723,Marius Marin,defensive_midfielder,Defensive Midfielder (DM / 6),interceptions_per90,0.25,0.906,28.2
30785,András Schäfer,defensive_midfielder,Defensive Midfielder (DM / 6),interceptions_per90,0.25,1.436,78.5
30927,Santiago Colombatto,defensive_midfielder,Defensive Midfielder (DM / 6),interceptions_per90,0.25,0.609,6.2
31021,Alberto Grassi,defensive_midfielder,Defensive Midfielder (DM / 6),interceptions_per90,0.25,1.642,91.3
31146,Sandro Tonali,defensive_midfielder,Defensive Midfielder (DM / 6),interceptions_per90,0.25,1.062,44.6
31678,Jean Daniel Akpa-Akpro,defensive_midfielder,Defensive Midfielder (DM / 6),interceptions_per90,0.25,1.374,73.3
33165,Ayumu Seko,defensive_midfielder,Defensive Midfielder (DM / 6),interceptions_per90,0.25,1.269,63.1
33889,Kaishu Sano,defensive_midfielder,Defensive Midfielder (DM / 6),interceptions_per90,0.25,1.942,96.4
36899,Teun Koopmeiners,defensive_midfielder,Defensive Midfielder (DM / 6),interceptions_per90,0.25,0.886,25.6
38747,Quinten Timber,defensive_midfielder,Defensive Midfielder (DM / 6),interceptions_per90,0.25,0.648,8.7
38798,Senne Lynen,defensive_midfielder,Defensive Midfielder (DM / 6),interceptions_per90,0.25,2.546,100.0
39143,Kristian Thorstvedt,defensive_midfielder,Defensive Midfielder (DM / 6),interceptions_per90,0.25,1.172,56.9
41104,João Palhinha,defensive_midfielder,Defensive Midfielder (DM / 6),interceptions_per90,0.25,1.228,61.5
41157,André Almeida,defensive_midfielder,Defensive Midfielder (DM / 6),interceptions_per90,0.25,0.87,23.6
41552,Pathé Ismaël Ciss,defensive_midfielder,Defensive Midfielder (DM / 6),interceptions_per90,0.25,1.618,90.8
44814,Lewis Ferguson,defensive_midfielder,Defensive Midfielder (DM / 6),interceptions_per90,0.25,0.616,6.7
47007,Iñigo Ruiz de Galarreta,defensive_midfielder,Defensive Midfielder (DM / 6),interceptions_per90,0.25,0.928,29.7
47109,Óscar Valentín,defensive_midfielder,Defensive Midfielder (DM / 6),interceptions_per90,0.25,1.193,57.4
47315,Martín Zubimendi,defensive_midfielder,Defensive Midfielder (DM / 6),interceptions_per90,0.25,1.17,56.4
47341,Marc Roca,defensive_midfielder,Defensive Midfielder (DM / 6),interceptions_per90,0.25,1.022,39.5
47435,Fran Beltrán,defensive_midfielder,Defensive Midfielder (DM / 6),interceptions_per90,0.25,0.98,35.4
47439,Stanislav Lobotka,defensive_midfielder,Defensive Midfielder (DM / 6),interceptions_per90,0.25,0.59,5.1
47463,Pepelu,defensive_midfielder,Defensive Midfielder (DM / 6),interceptions_per90,0.25,0.806,19.5
47522,Douglas Luiz,defensive_midfielder,Defensive Midfielder (DM / 6),interceptions_per90,0.25,1.335,71.3
47574,Moi Gómez,defensive_midfielder,Defensive Midfielder (DM / 6),interceptions_per90,0.25,0.813,20.5
48047,Jesper Karlström,defensive_midfielder,Defensive Midfielder (DM / 6),interceptions_per90,0.25,1.028,40.0
48489,Miro Muheim,defensive_midfielder,Defensive Midfielder (DM / 6),interceptions_per90,0.25,0.997,37.4
50863,James Sands,defensive_midfielder,Defensive Midfielder (DM / 6),interceptions_per90,0.25,1.947,96.9
50956,Cristian Cásseres Jr.,defensive_midfielder,Defensive Midfielder (DM / 6),interceptions_per90,0.25,1.261,62.6
51494,Manuel Ugarte,defensive_midfielder,Defensive Midfielder (DM / 6),interceptions_per90,0.25,1.998,97.4
67972,Conor Gallagher,defensive_midfielder,Defensive Midfielder (DM / 6),interceptions_per90,0.25,1.402,74.9
80752,Tanner Tessmann,defensive_midfielder,Defensive Midfielder (DM / 6),interceptions_per90,0.25,0.643,8.2
84218,Adama Camara,defensive_midfielder,Defensive Midfielder (DM / 6),interceptions_per90,0.25,1.617,89.7
106727,Oriol Rey,defensive_midfielder,Defensive Midfielder (DM / 6),interceptions_per90,0.25,0.678,10.3
116117,Moisés Caicedo,defensive_midfielder,Defensive Midfielder (DM / 6),interceptions_per90,0.25,1.895,95.4
125239,Kervin Arriaga,defensive_midfielder,Defensive Midfielder (DM / 6),interceptions_per90,0.25,0.816,21.0
128287,Joris Chotard,defensive_midfielder,Defensive Midfielder (DM / 6),interceptions_per90,0.25,1.523,83.6
128342,Rassoul Ndiaye,defensive_midfielder,Defensive Midfielder (DM / 6),interceptions_per90,0.25,0.56,4.1
129142,Ilia Gruev,defensive_midfielder,Defensive Midfielder (DM / 6),interceptions_per90,0.25,1.012,39.0
138908,Elliot Anderson,defensive_midfielder,Defensive Midfielder (DM / 6),interceptions_per90,0.25,1.107,49.2
157912,Boubacar Traoré,defensive_midfielder,Defensive Midfielder (DM / 6),interceptions_per90,0.25,0.906,28.7
157988,Sergio Carreira,defensive_midfielder,Defensive Midfielder (DM / 6),interceptions_per90,0.25,0.802,18.5
161933,Nico González,defensive_midfielder,Defensive Midfielder (DM / 6),interceptions_per90,0.25,1.429,77.9
162032,Miguel Gutiérrez,defensive_midfielder,Defensive Midfielder (DM / 6),interceptions_per90,0.25,0.544,3.1
162123,Ilaix Moriba,defensive_midfielder,Defensive Midfielder (DM / 6),interceptions_per90,0.25,0.902,27.7
162452,Devyne Rensch,defensive_midfielder,Defensive Midfielder (DM / 6),interceptions_per90,0.25,1.279,65.1
162480,Eric Martel,defensive_midfielder,Defensive Midfielder (DM / 6),interceptions_per90,0.25,1.229,62.1
162686,Antonio Blanco,defensive_midfielder,Defensive Midfielder (DM / 6),interceptions_per90,0.25,1.531,84.1
162714,Amadou Onana,defensive_midfielder,Defensive Midfielder (DM / 6),interceptions_per90,0.25,1.216,60.5
174708,Yassin Belkhdim,defensive_midfielder,Defensive Midfielder (DM / 6),interceptions_per90,0.25,1.508,83.1
178709,Yannick Engelhardt,defensive_midfielder,Defensive Midfielder (DM / 6),interceptions_per90,0.25,1.225,61.0
179843,Lucas Gourna-Douath,defensive_midfielder,Defensive Midfielder (DM / 6),interceptions_per90,0.25,0.988,36.4
182486,Alberto Reina,defensive_midfielder,Defensive Midfielder (DM / 6),interceptions_per90,0.25,0.688,10.8
182621,Iker Muñoz,defensive_midfielder,Defensive Midfielder (DM / 6),interceptions_per90,0.25,1.133,52.6
182772,Juanlu Sánchez,defensive_midfielder,Defensive Midfielder (DM / 6),interceptions_per90,0.25,0.539,2.6
183699,Urko González,defensive_midfielder,Defensive Midfielder (DM / 6),interceptions_per90,0.25,1.095,48.7
183744,Beñat Turrientes,defensive_midfielder,Defensive Midfielder (DM / 6),interceptions_per90,0.25,0.593,5.6
187318,Marc Aguado,defensive_midfielder,Defensive Midfielder (DM / 6),interceptions_per90,0.25,1.534,85.1
193952,Johann Lepenant,defensive_midfielder,Defensive Midfielder (DM / 6),interceptions_per90,0.25,1.117,50.3
195103,João Gomes,defensive_midfielder,Defensive Midfielder (DM / 6),interceptions_per90,0.25,1.14,53.3
203007,Rocco Reitz,defensive_midfielder,Defensive Midfielder (DM / 6),interceptions_per90,0.25,1.673,92.3
237087,Ezequiel Fernández,defensive_midfielder,Defensive Midfielder (DM / 6),interceptions_per90,0.25,1.079,47.2
237129,Pape Matar Sarr,defensive_midfielder,Defensive Midfielder (DM / 6),interceptions_per90,0.25,1.159,55.4
260898,Nicolai Remberg,defensive_midfielder,Defensive Midfielder (DM / 6),interceptions_per90,0.25,1.312,68.2
265784,André,defensive_midfielder,Defensive Midfielder (DM / 6),interceptions_per90,0.25,0.976,34.9
266813,Warren Bondo,defensive_midfielder,Defensive Midfielder (DM / 6),interceptions_per90,0.25,0.407,0.0
275776,Kristjan Asllani,defensive_midfielder,Defensive Midfielder (DM / 6),interceptions_per90,0.25,0.952,33.3
277003,Neil El Aynaoui,defensive_midfielder,Defensive Midfielder (DM / 6),interceptions_per90,0.25,1.536,85.6
277306,Mamadou Sangare,defensive_midfielder,Defensive Midfielder (DM / 6),interceptions_per90,0.25,1.547,86.2
281096,Patrizio Masini,defensive_midfielder,Defensive Midfielder (DM / 6),interceptions_per90,0.25,1.572,87.2
282549,Junior Mwanga,defensive_midfielder,Defensive Midfielder (DM / 6),interceptions_per90,0.25,0.713,11.3
284322,Kobbie Mainoo,defensive_midfielder,Defensive Midfielder (DM / 6),interceptions_per90,0.25,1.078,46.2
284446,Freddie Potts,defensive_midfielder,Defensive Midfielder (DM / 6),interceptions_per90,0.25,1.311,67.7
284457,Lamare Bogarde,defensive_midfielder,Defensive Midfielder (DM / 6),interceptions_per90,0.25,0.408,0.5
284500,Tim Iroegbunam,defensive_midfielder,Defensive Midfielder (DM / 6),interceptions_per90,0.25,1.316,69.7
286084,Sergi Altimira,defensive_midfielder,Defensive Midfielder (DM / 6),interceptions_per90,0.25,1.578,87.7
287654,Jon Gorrotxategi,defensive_midfielder,Defensive Midfielder (DM / 6),interceptions_per90,0.25,1.381,73.8
288102,Adam Wharton,defensive_midfielder,Defensive Midfielder (DM / 6),interceptions_per90,0.25,0.913,29.2
302069,Samuele Angori,defensive_midfielder,Defensive Midfielder (DM / 6),interceptions_per90,0.25,0.76,14.4
304853,Alex Scott,defensive_midfielder,Defensive Midfielder (DM / 6),interceptions_per90,0.25,1.133,52.6
305834,Andrey Santos,defensive_midfielder,Defensive Midfielder (DM / 6),interceptions_per90,0.25,1.406,76.4
308836,Mandela Keita,defensive_midfielder,Defensive Midfielder (DM / 6),interceptions_per90,0.25,1.32,70.3
323625,Kévin Danois,defensive_midfielder,Defensive Midfielder (DM / 6),interceptions_per90,0.25,1.206,59.5
326176,Soungoutou Magassa,defensive_midfielder,Defensive Midfielder (DM / 6),interceptions_per90,0.25,1.533,84.6
326757,Jobe Bellingham,defensive_midfielder,Defensive Midfielder (DM / 6),interceptions_per90,0.25,1.9,95.9
327831,Aljoscha Kemlein,defensive_midfielder,Defensive Midfielder (DM / 6),interceptions_per90,0.25,0.732,12.8
328046,Ismael Koné,defensive_midfielder,Defensive Midfielder (DM / 6),interceptions_per90,0.25,0.49,1.0
328105,Lewis Miley,defensive_midfielder,Defensive Midfielder (DM / 6),interceptions_per90,0.25,1.205,59.0
329728,Marc Casadó,defensive_midfielder,Defensive Midfielder (DM / 6),interceptions_per90,0.25,0.631,7.7
332309,Alejandro Rego Mora,defensive_midfielder,Defensive Midfielder (DM / 6),interceptions_per90,0.25,1.706,93.3
336573,Emirhan İlkhan,defensive_midfielder,Defensive Midfielder (DM / 6),interceptions_per90,0.25,1.149,54.9
336585,Mateus Fernandes,defensive_midfielder,Defensive Midfielder (DM / 6),interceptions_per90,0.25,1.042,41.0
336594,Pablo Barrios,defensive_midfielder,Defensive Midfielder (DM / 6),interceptions_per90,0.25,1.459,80.5
339417,Pape Diop,defensive_midfielder,Defensive Midfielder (DM / 6),interceptions_per90,0.25,2.278,99.0
343189,Gvidas Gineitis,defensive_midfielder,Defensive Midfielder (DM / 6),interceptions_per90,0.25,1.123,50.8
343558,Lennon Miller,defensive_midfielder,Defensive Midfielder (DM / 6),interceptions_per90,0.25,0.619,7.2
343562,Luca Lipani,defensive_midfielder,Defensive Midfielder (DM / 6),interceptions_per90,0.25,1.313,68.7
356041,Carlos Baleba,defensive_midfielder,Defensive Midfielder (DM / 6),interceptions_per90,0.25,1.556,86.7
364093,Simon Ebonog,defensive_midfielder,Defensive Midfielder (DM / 6),interceptions_per90,0.25,1.215,60.0
365331,Noah Sadiki,defensive_midfielder,Defensive Midfielder (DM / 6),interceptions_per90,0.25,1.057,44.1
374058,Lamine Camara,defensive_midfielder,Defensive Midfielder (DM / 6),interceptions_per90,0.25,1.799,94.4
375598,Ngal'ayel Mukau,defensive_midfielder,Defensive Midfielder (DM / 6),interceptions_per90,0.25,0.805,19.0
383780,Mikel Jauregizar,defensive_midfielder,Defensive Midfielder (DM / 6),interceptions_per90,0.25,1.456,80.0
388871,Chema Andrés,defensive_midfielder,Defensive Midfielder (DM / 6),interceptions_per90,0.25,2.17,97.9
390586,Leon Avdullahu,defensive_midfielder,Defensive Midfielder (DM / 6),interceptions_per90,0.25,1.078,46.7
402265,Arthur Avom Ebong,defensive_midfielder,Defensive Midfielder (DM / 6),interceptions_per90,0.25,1.277,64.1
402386,Arsène Kouassi,defensive_midfielder,Defensive Midfielder (DM / 6),interceptions_per90,0.25,0.792,16.9
408635,Ebenezer Akinsanmiro,defensive_midfielder,Defensive Midfielder (DM / 6),interceptions_per90,0.25,1.682,92.8
415431,Samir El Mourabet,defensive_midfielder,Defensive Midfielder (DM / 6),interceptions_per90,0.25,1.051,42.6
434352,Alpha Touré,defensive_midfielder,Defensive Midfielder (DM / 6),interceptions_per90,0.25,0.503,1.5
438688,Ayyoub Bouaddi,defensive_midfielder,Defensive Midfielder (DM / 6),interceptions_per90,0.25,1.039,40.5
496896,Rudy Matondo,defensive_midfielder,Defensive Midfielder (DM / 6),interceptions_per90,0.25,0.728,12.3
519664,Khalis Merah,defensive_midfielder,Defensive Midfielder (DM / 6),interceptions_per90,0.25,0.549,3.6
20,Axel Witsel,defensive_midfielder,Defensive Midfielder (DM / 6),pass_accuracy_pct,0.2,91.138,95.4
44,Rodri,defensive_midfielder,Defensive Midfielder (DM / 6),pass_accuracy_pct,0.2,90.087,91.3
49,Thomas Partey,defensive_midfielder,Defensive Midfielder (DM / 6),pass_accuracy_pct,0.2,86.472,57.4
74,Sofyan Amrabat,defensive_midfielder,Defensive Midfielder (DM / 6),pass_accuracy_pct,0.2,91.081,94.9
81,Krépin Diatta,defensive_midfielder,Defensive Midfielder (DM / 6),pass_accuracy_pct,0.2,78.384,7.2
110,Han-Noah Massengo,defensive_midfielder,Defensive Midfielder (DM / 6),pass_accuracy_pct,0.2,85.842,48.7
203,Roberto Gagliardini,defensive_midfielder,Defensive Midfielder (DM / 6),pass_accuracy_pct,0.2,81.116,13.8
231,Jordan Teze,defensive_midfielder,Defensive Midfielder (DM / 6),pass_accuracy_pct,0.2,83.333,25.6
293,Curtis Jones,defensive_midfielder,Defensive Midfielder (DM / 6),pass_accuracy_pct,0.2,91.616,98.5
407,Benjamin Stambouli,defensive_midfielder,Defensive Midfielder (DM / 6),pass_accuracy_pct,0.2,82.0,20.0
414,Omar Mascarell,defensive_midfielder,Defensive Midfielder (DM / 6),pass_accuracy_pct,0.2,86.07,52.8
542,Ryan Gravenberch,defensive_midfielder,Defensive Midfielder (DM / 6),pass_accuracy_pct,0.2,88.817,79.5
575,Florentino Luís,defensive_midfielder,Defensive Midfielder (DM / 6),pass_accuracy_pct,0.2,85.509,44.6
637,Felix Nmecha,defensive_midfielder,Defensive Midfielder (DM / 6),pass_accuracy_pct,0.2,87.163,65.1
723,Joelinton,defensive_midfielder,Defensive Midfielder (DM / 6),pass_accuracy_pct,0.2,82.718,23.6
747,Casemiro,defensive_midfielder,Defensive Midfielder (DM / 6),pass_accuracy_pct,0.2,81.262,15.4
778,Bryan Cristante,defensive_midfielder,Defensive Midfielder (DM / 6),pass_accuracy_pct,0.2,81.306,15.9
863,Rodrigo Bentancur,defensive_midfielder,Defensive Midfielder (DM / 6),pass_accuracy_pct,0.2,85.742,47.7
895,James Garner,defensive_midfielder,Defensive Midfielder (DM / 6),pass_accuracy_pct,0.2,87.221,66.2
902,Nemanja Matić,defensive_midfielder,Defensive Midfielder (DM / 6),pass_accuracy_pct,0.2,86.461,56.9
928,Dani Parejo,defensive_midfielder,Defensive Midfielder (DM / 6),pass_accuracy_pct,0.2,88.013,73.3
951,Michel Aebischer,defensive_midfielder,Defensive Midfielder (DM / 6),pass_accuracy_pct,0.2,85.621,47.2
1150,Tyler Adams,defensive_midfielder,Defensive Midfielder (DM / 6),pass_accuracy_pct,0.2,87.129,64.6
1156,Tom Krauß,defensive_midfielder,Defensive Midfielder (DM / 6),pass_accuracy_pct,0.2,86.211,54.4
1159,Marcel Sabitzer,defensive_midfielder,Defensive Midfielder (DM / 6),pass_accuracy_pct,0.2,83.838,27.7
1271,Aurélien Tchouaméni,defensive_midfielder,Defensive Midfielder (DM / 6),pass_accuracy_pct,0.2,91.532,97.9
1464,Granit Xhaka,defensive_midfielder,Defensive Midfielder (DM / 6),pass_accuracy_pct,0.2,83.675,27.2
1700,Iván Martín,defensive_midfielder,Defensive Midfielder (DM / 6),pass_accuracy_pct,0.2,89.41,85.6
1701,Manu Morlanes,defensive_midfielder,Defensive Midfielder (DM / 6),pass_accuracy_pct,0.2,89.346,84.6
1825,Lucas Torró,defensive_midfielder,Defensive Midfielder (DM / 6),pass_accuracy_pct,0.2,74.622,2.1
1904,Boubacar Kamara,defensive_midfielder,Defensive Midfielder (DM / 6),pass_accuracy_pct,0.2,88.264,75.9
1934,Sander Berge,defensive_midfielder,Defensive Midfielder (DM / 6),pass_accuracy_pct,0.2,89.809,87.7
1939,Jakub Piotrowski,defensive_midfielder,Defensive Midfielder (DM / 6),pass_accuracy_pct,0.2,82.098,20.5
2204,Benjamin André,defensive_midfielder,Defensive Midfielder (DM / 6),pass_accuracy_pct,0.2,83.415,26.2
2207,Eduardo Camavinga,defensive_midfielder,Defensive Midfielder (DM / 6),pass_accuracy_pct,0.2,91.805,99.5
2279,Ethan Ampadu,defensive_midfielder,Defensive Midfielder (DM / 6),pass_accuracy_pct,0.2,85.557,46.2
2476,Guido Rodríguez,defensive_midfielder,Defensive Midfielder (DM / 6),pass_accuracy_pct,0.2,87.212,65.6
2490,Jefferson Lerma,defensive_midfielder,Defensive Midfielder (DM / 6),pass_accuracy_pct,0.2,79.449,8.7
2601,Daichi Kamada,defensive_midfielder,Defensive Midfielder (DM / 6),pass_accuracy_pct,0.2,84.0,30.3
2749,Jackson Irvine,defensive_midfielder,Defensive Midfielder (DM / 6),pass_accuracy_pct,0.2,71.907,0.0
2807,Remo Freuler,defensive_midfielder,Defensive Midfielder (DM / 6),pass_accuracy_pct,0.2,87.315,68.2
2823,Saša Lukić,defensive_midfielder,Defensive Midfielder (DM / 6),pass_accuracy_pct,0.2,85.616,46.7
2917,Maximilian Eggestein,defensive_midfielder,Defensive Midfielder (DM / 6),pass_accuracy_pct,0.2,82.659,22.6
2922,Leander Dendoncker,defensive_midfielder,Defensive Midfielder (DM / 6),pass_accuracy_pct,0.2,86.257,55.4
2926,Youri Tielemans,defensive_midfielder,Defensive Midfielder (DM / 6),pass_accuracy_pct,0.2,84.929,36.9
2990,Idrissa Gana Gueye,defensive_midfielder,Defensive Midfielder (DM / 6),pass_accuracy_pct,0.2,87.324,68.7
3608,Kwasi Sibo,defensive_midfielder,Defensive Midfielder (DM / 6),pass_accuracy_pct,0.2,86.745,60.5
4399,Hicham Boudaoui,defensive_midfielder,Defensive Midfielder (DM / 6),pass_accuracy_pct,0.2,83.857,28.2
6056,Nicolás Domínguez,defensive_midfielder,Defensive Midfielder (DM / 6),pass_accuracy_pct,0.2,85.234,40.0
7328,Nicolas Seiwald,defensive_midfielder,Defensive Midfielder (DM / 6),pass_accuracy_pct,0.2,88.92,80.0
8680,Charles Vanhoutte,defensive_midfielder,Defensive Midfielder (DM / 6),pass_accuracy_pct,0.2,84.302,33.3
10097,Éderson,defensive_midfielder,Defensive Midfielder (DM / 6),pass_accuracy_pct,0.2,89.205,83.6
10169,Vinícius Souza,defensive_midfielder,Defensive Midfielder (DM / 6),pass_accuracy_pct,0.2,81.37,17.4
15673,Ylber Ramadani,defensive_midfielder,Defensive Midfielder (DM / 6),pass_accuracy_pct,0.2,80.429,10.3
15881,Morten Frendrup,defensive_midfielder,Defensive Midfielder (DM / 6),pass_accuracy_pct,0.2,87.842,72.3
18806,Will Hughes,defensive_midfielder,Defensive Midfielder (DM / 6),pass_accuracy_pct,0.2,81.388,17.9
18872,Lewis Cook,defensive_midfielder,Defensive Midfielder (DM / 6),pass_accuracy_pct,0.2,86.492,57.9
19827,Josh Cullen,defensive_midfielder,Defensive Midfielder (DM / 6),pass_accuracy_pct,0.2,84.065,30.8
20554,Haris Belkebla,defensive_midfielder,Defensive Midfielder (DM / 6),pass_accuracy_pct,0.2,87.273,67.2
20558,Hugo Magnetti,defensive_midfielder,Defensive Midfielder (DM / 6),pass_accuracy_pct,0.2,84.211,32.8
20692,Himad Abdelli,defensive_midfielder,Defensive Midfielder (DM / 6),pass_accuracy_pct,0.2,87.588,71.8
20696,Pape Gueye,defensive_midfielder,Defensive Midfielder (DM / 6),pass_accuracy_pct,0.2,80.63,11.3
20917,Laurent Abergel,defensive_midfielder,Defensive Midfielder (DM / 6),pass_accuracy_pct,0.2,88.115,74.9
21004,Lucien Agoumé,defensive_midfielder,Defensive Midfielder (DM / 6),pass_accuracy_pct,0.2,81.029,12.8
21010,Elisha Owusu,defensive_midfielder,Defensive Midfielder (DM / 6),pass_accuracy_pct,0.2,81.04,13.3
21087,Batista Mendy,defensive_midfielder,Defensive Midfielder (DM / 6),pass_accuracy_pct,0.2,86.524,58.5
21102,Valentin Rongier,defensive_midfielder,Defensive Midfielder (DM / 6),pass_accuracy_pct,0.2,89.128,82.6
21568,Ruben Aguilar,defensive_midfielder,Defensive Midfielder (DM / 6),pass_accuracy_pct,0.2,84.375,34.4
21587,Ellyes Skhiri,defensive_midfielder,Defensive Midfielder (DM / 6),pass_accuracy_pct,0.2,88.022,73.8
21640,Jessy Deminguet,defensive_midfielder,Defensive Midfielder (DM / 6),pass_accuracy_pct,0.2,89.118,82.1
22147,Manu Koné,defensive_midfielder,Defensive Midfielder (DM / 6),pass_accuracy_pct,0.2,90.438,92.8
22149,Ibrahim Sangaré,defensive_midfielder,Defensive Midfielder (DM / 6),pass_accuracy_pct,0.2,86.82,61.5
22170,Pierre Lees Melou,defensive_midfielder,Defensive Midfielder (DM / 6),pass_accuracy_pct,0.2,82.728,24.1
22239,Cheikh Niasse,defensive_midfielder,Defensive Midfielder (DM / 6),pass_accuracy_pct,0.2,81.163,14.9
24147,Mahdi Camara,defensive_midfielder,Defensive Midfielder (DM / 6),pass_accuracy_pct,0.2,88.576,77.9
24904,Niklas Dorsch,defensive_midfielder,Defensive Midfielder (DM / 6),pass_accuracy_pct,0.2,88.798,79.0
24963,Atakan Karazor,defensive_midfielder,Defensive Midfielder (DM / 6),pass_accuracy_pct,0.2,85.009,37.4
25461,Kevin Stöger,defensive_midfielder,Defensive Midfielder (DM / 6),pass_accuracy_pct,0.2,82.668,23.1
27157,Manolis Saliakas,defensive_midfielder,Defensive Midfielder (DM / 6),pass_accuracy_pct,0.2,74.324,1.0
30432,Marten de Roon,defensive_midfielder,Defensive Midfielder (DM / 6),pass_accuracy_pct,0.2,85.891,49.7
30533,Manuel Locatelli,defensive_midfielder,Defensive Midfielder (DM / 6),pass_accuracy_pct,0.2,88.2,75.4
30561,Alessandro Deiola,defensive_midfielder,Defensive Midfielder (DM / 6),pass_accuracy_pct,0.2,81.345,16.9
30690,Nicolas Fonseca,defensive_midfielder,Defensive Midfielder (DM / 6),pass_accuracy_pct,0.2,85.487,43.6
30723,Marius Marin,defensive_midfielder,Defensive Midfielder (DM / 6),pass_accuracy_pct,0.2,77.405,5.6
30785,András Schäfer,defensive_midfielder,Defensive Midfielder (DM / 6),pass_accuracy_pct,0.2,76.367,4.1
30927,Santiago Colombatto,defensive_midfielder,Defensive Midfielder (DM / 6),pass_accuracy_pct,0.2,85.953,50.3
31021,Alberto Grassi,defensive_midfielder,Defensive Midfielder (DM / 6),pass_accuracy_pct,0.2,85.129,39.0
31146,Sandro Tonali,defensive_midfielder,Defensive Midfielder (DM / 6),pass_accuracy_pct,0.2,84.315,33.8
31678,Jean Daniel Akpa-Akpro,defensive_midfielder,Defensive Midfielder (DM / 6),pass_accuracy_pct,0.2,74.805,2.6
33165,Ayumu Seko,defensive_midfielder,Defensive Midfielder (DM / 6),pass_accuracy_pct,0.2,84.656,34.9
33889,Kaishu Sano,defensive_midfielder,Defensive Midfielder (DM / 6),pass_accuracy_pct,0.2,80.109,9.2
36899,Teun Koopmeiners,defensive_midfielder,Defensive Midfielder (DM / 6),pass_accuracy_pct,0.2,90.698,93.3
38747,Quinten Timber,defensive_midfielder,Defensive Midfielder (DM / 6),pass_accuracy_pct,0.2,85.979,51.8
38798,Senne Lynen,defensive_midfielder,Defensive Midfielder (DM / 6),pass_accuracy_pct,0.2,86.622,59.5
39143,Kristian Thorstvedt,defensive_midfielder,Defensive Midfielder (DM / 6),pass_accuracy_pct,0.2,82.37,21.5
41104,João Palhinha,defensive_midfielder,Defensive Midfielder (DM / 6),pass_accuracy_pct,0.2,81.975,19.5
41157,André Almeida,defensive_midfielder,Defensive Midfielder (DM / 6),pass_accuracy_pct,0.2,89.965,89.7
41552,Pathé Ismaël Ciss,defensive_midfielder,Defensive Midfielder (DM / 6),pass_accuracy_pct,0.2,89.178,83.1
44814,Lewis Ferguson,defensive_midfielder,Defensive Midfielder (DM / 6),pass_accuracy_pct,0.2,87.958,72.8
47007,Iñigo Ruiz de Galarreta,defensive_midfielder,Defensive Midfielder (DM / 6),pass_accuracy_pct,0.2,82.486,22.1
47109,Óscar Valentín,defensive_midfielder,Defensive Midfielder (DM / 6),pass_accuracy_pct,0.2,88.639,78.5
47315,Martín Zubimendi,defensive_midfielder,Defensive Midfielder (DM / 6),pass_accuracy_pct,0.2,87.429,70.3
47341,Marc Roca,defensive_midfielder,Defensive Midfielder (DM / 6),pass_accuracy_pct,0.2,88.082,74.4
47435,Fran Beltrán,defensive_midfielder,Defensive Midfielder (DM / 6),pass_accuracy_pct,0.2,91.469,97.4
47439,Stanislav Lobotka,defensive_midfielder,Defensive Midfielder (DM / 6),pass_accuracy_pct,0.2,92.708,100.0
47463,Pepelu,defensive_midfielder,Defensive Midfielder (DM / 6),pass_accuracy_pct,0.2,86.169,53.8
47522,Douglas Luiz,defensive_midfielder,Defensive Midfielder (DM / 6),pass_accuracy_pct,0.2,90.046,90.8
47574,Moi Gómez,defensive_midfielder,Defensive Midfielder (DM / 6),pass_accuracy_pct,0.2,89.043,81.5
48047,Jesper Karlström,defensive_midfielder,Defensive Midfielder (DM / 6),pass_accuracy_pct,0.2,81.342,16.4
48489,Miro Muheim,defensive_midfielder,Defensive Midfielder (DM / 6),pass_accuracy_pct,0.2,75.632,3.6
50863,James Sands,defensive_midfielder,Defensive Midfielder (DM / 6),pass_accuracy_pct,0.2,75.482,3.1
50956,Cristian Cásseres Jr.,defensive_midfielder,Defensive Midfielder (DM / 6),pass_accuracy_pct,0.2,85.185,39.5
51494,Manuel Ugarte,defensive_midfielder,Defensive Midfielder (DM / 6),pass_accuracy_pct,0.2,85.06,37.9
67972,Conor Gallagher,defensive_midfielder,Defensive Midfielder (DM / 6),pass_accuracy_pct,0.2,86.947,63.1
80752,Tanner Tessmann,defensive_midfielder,Defensive Midfielder (DM / 6),pass_accuracy_pct,0.2,85.976,51.3
84218,Adama Camara,defensive_midfielder,Defensive Midfielder (DM / 6),pass_accuracy_pct,0.2,85.965,50.8
106727,Oriol Rey,defensive_midfielder,Defensive Midfielder (DM / 6),pass_accuracy_pct,0.2,87.5,71.3
116117,Moisés Caicedo,defensive_midfielder,Defensive Midfielder (DM / 6),pass_accuracy_pct,0.2,91.719,99.0
125239,Kervin Arriaga,defensive_midfielder,Defensive Midfielder (DM / 6),pass_accuracy_pct,0.2,82.937,24.6
128287,Joris Chotard,defensive_midfielder,Defensive Midfielder (DM / 6),pass_accuracy_pct,0.2,80.924,12.3
128342,Rassoul Ndiaye,defensive_midfielder,Defensive Midfielder (DM / 6),pass_accuracy_pct,0.2,83.893,28.7
129142,Ilia Gruev,defensive_midfielder,Defensive Midfielder (DM / 6),pass_accuracy_pct,0.2,89.555,86.7
138908,Elliot Anderson,defensive_midfielder,Defensive Midfielder (DM / 6),pass_accuracy_pct,0.2,85.529,45.1
157912,Boubacar Traoré,defensive_midfielder,Defensive Midfielder (DM / 6),pass_accuracy_pct,0.2,86.656,60.0
157988,Sergio Carreira,defensive_midfielder,Defensive Midfielder (DM / 6),pass_accuracy_pct,0.2,85.374,42.1
161933,Nico González,defensive_midfielder,Defensive Midfielder (DM / 6),pass_accuracy_pct,0.2,90.32,92.3
162032,Miguel Gutiérrez,defensive_midfielder,Defensive Midfielder (DM / 6),pass_accuracy_pct,0.2,88.369,77.4
162123,Ilaix Moriba,defensive_midfielder,Defensive Midfielder (DM / 6),pass_accuracy_pct,0.2,88.303,76.4
162452,Devyne Rensch,defensive_midfielder,Defensive Midfielder (DM / 6),pass_accuracy_pct,0.2,81.4,18.5
162480,Eric Martel,defensive_midfielder,Defensive Midfielder (DM / 6),pass_accuracy_pct,0.2,86.309,56.4
162686,Antonio Blanco,defensive_midfielder,Defensive Midfielder (DM / 6),pass_accuracy_pct,0.2,85.504,44.1
162714,Amadou Onana,defensive_midfielder,Defensive Midfielder (DM / 6),pass_accuracy_pct,0.2,87.397,69.2
174708,Yassin Belkhdim,defensive_midfielder,Defensive Midfielder (DM / 6),pass_accuracy_pct,0.2,84.116,31.3
178709,Yannick Engelhardt,defensive_midfielder,Defensive Midfielder (DM / 6),pass_accuracy_pct,0.2,86.059,52.3
179843,Lucas Gourna-Douath,defensive_midfielder,Defensive Midfielder (DM / 6),pass_accuracy_pct,0.2,86.964,63.6
182486,Alberto Reina,defensive_midfielder,Defensive Midfielder (DM / 6),pass_accuracy_pct,0.2,85.385,42.6
182621,Iker Muñoz,defensive_midfielder,Defensive Midfielder (DM / 6),pass_accuracy_pct,0.2,85.235,40.5
182772,Juanlu Sánchez,defensive_midfielder,Defensive Midfielder (DM / 6),pass_accuracy_pct,0.2,83.224,25.1
183699,Urko González,defensive_midfielder,Defensive Midfielder (DM / 6),pass_accuracy_pct,0.2,80.894,11.8
183744,Beñat Turrientes,defensive_midfielder,Defensive Midfielder (DM / 6),pass_accuracy_pct,0.2,86.58,59.0
187318,Marc Aguado,defensive_midfielder,Defensive Midfielder (DM / 6),pass_accuracy_pct,0.2,90.868,93.8
193952,Johann Lepenant,defensive_midfielder,Defensive Midfielder (DM / 6),pass_accuracy_pct,0.2,80.194,9.7
195103,João Gomes,defensive_midfielder,Defensive Midfielder (DM / 6),pass_accuracy_pct,0.2,85.547,45.6
203007,Rocco Reitz,defensive_midfielder,Defensive Midfielder (DM / 6),pass_accuracy_pct,0.2,77.885,6.2
237087,Ezequiel Fernández,defensive_midfielder,Defensive Midfielder (DM / 6),pass_accuracy_pct,0.2,89.467,86.2
237129,Pape Matar Sarr,defensive_midfielder,Defensive Midfielder (DM / 6),pass_accuracy_pct,0.2,85.103,38.5
260898,Nicolai Remberg,defensive_midfielder,Defensive Midfielder (DM / 6),pass_accuracy_pct,0.2,89.038,81.0
265784,André,defensive_midfielder,Defensive Midfielder (DM / 6),pass_accuracy_pct,0.2,91.354,96.4
266813,Warren Bondo,defensive_midfielder,Defensive Midfielder (DM / 6),pass_accuracy_pct,0.2,89.82,88.2
275776,Kristjan Asllani,defensive_midfielder,Defensive Midfielder (DM / 6),pass_accuracy_pct,0.2,84.117,31.8
277003,Neil El Aynaoui,defensive_midfielder,Defensive Midfielder (DM / 6),pass_accuracy_pct,0.2,89.347,85.1
277306,Mamadou Sangare,defensive_midfielder,Defensive Midfielder (DM / 6),pass_accuracy_pct,0.2,86.226,54.9
281096,Patrizio Masini,defensive_midfielder,Defensive Midfielder (DM / 6),pass_accuracy_pct,0.2,74.468,1.5
282549,Junior Mwanga,defensive_midfielder,Defensive Midfielder (DM / 6),pass_accuracy_pct,0.2,86.277,55.9
284322,Kobbie Mainoo,defensive_midfielder,Defensive Midfielder (DM / 6),pass_accuracy_pct,0.2,89.207,84.1
284446,Freddie Potts,defensive_midfielder,Defensive Midfielder (DM / 6),pass_accuracy_pct,0.2,83.585,26.7
284457,Lamare Bogarde,defensive_midfielder,Defensive Midfielder (DM / 6),pass_accuracy_pct,0.2,89.841,88.7
284500,Tim Iroegbunam,defensive_midfielder,Defensive Midfielder (DM / 6),pass_accuracy_pct,0.2,81.429,19.0
286084,Sergi Altimira,defensive_midfielder,Defensive Midfielder (DM / 6),pass_accuracy_pct,0.2,91.146,95.9
287654,Jon Gorrotxategi,defensive_midfielder,Defensive Midfielder (DM / 6),pass_accuracy_pct,0.2,86.917,62.6
288102,Adam Wharton,defensive_midfielder,Defensive Midfielder (DM / 6),pass_accuracy_pct,0.2,79.302,8.2
302069,Samuele Angori,defensive_midfielder,Defensive Midfielder (DM / 6),pass_accuracy_pct,0.2,72.739,0.5
304853,Alex Scott,defensive_midfielder,Defensive Midfielder (DM / 6),pass_accuracy_pct,0.2,84.914,36.4
305834,Andrey Santos,defensive_midfielder,Defensive Midfielder (DM / 6),pass_accuracy_pct,0.2,90.1,91.8
308836,Mandela Keita,defensive_midfielder,Defensive Midfielder (DM / 6),pass_accuracy_pct,0.2,88.357,76.9
323625,Kévin Danois,defensive_midfielder,Defensive Midfielder (DM / 6),pass_accuracy_pct,0.2,85.347,41.0
326176,Soungoutou Magassa,defensive_midfielder,Defensive Midfielder (DM / 6),pass_accuracy_pct,0.2,81.141,14.4
326757,Jobe Bellingham,defensive_midfielder,Defensive Midfielder (DM / 6),pass_accuracy_pct,0.2,87.405,69.7
327831,Aljoscha Kemlein,defensive_midfielder,Defensive Midfielder (DM / 6),pass_accuracy_pct,0.2,76.788,5.1
328046,Ismael Koné,defensive_midfielder,Defensive Midfielder (DM / 6),pass_accuracy_pct,0.2,91.434,96.9
328105,Lewis Miley,defensive_midfielder,Defensive Midfielder (DM / 6),pass_accuracy_pct,0.2,89.762,87.2
329728,Marc Casadó,defensive_midfielder,Defensive Midfielder (DM / 6),pass_accuracy_pct,0.2,90.98,94.4
332309,Alejandro Rego Mora,defensive_midfielder,Defensive Midfielder (DM / 6),pass_accuracy_pct,0.2,82.189,21.0
336573,Emirhan İlkhan,defensive_midfielder,Defensive Midfielder (DM / 6),pass_accuracy_pct,0.2,83.966,29.7
336585,Mateus Fernandes,defensive_midfielder,Defensive Midfielder (DM / 6),pass_accuracy_pct,0.2,87.436,70.8
336594,Pablo Barrios,defensive_midfielder,Defensive Midfielder (DM / 6),pass_accuracy_pct,0.2,88.973,80.5
339417,Pape Diop,defensive_midfielder,Defensive Midfielder (DM / 6),pass_accuracy_pct,0.2,87.281,67.7
343189,Gvidas Gineitis,defensive_midfielder,Defensive Midfielder (DM / 6),pass_accuracy_pct,0.2,76.44,4.6
343558,Lennon Miller,defensive_midfielder,Defensive Midfielder (DM / 6),pass_accuracy_pct,0.2,78.01,6.7
343562,Luca Lipani,defensive_midfielder,Defensive Midfielder (DM / 6),pass_accuracy_pct,0.2,84.2,32.3
356041,Carlos Baleba,defensive_midfielder,Defensive Midfielder (DM / 6),pass_accuracy_pct,0.2,86.096,53.3
364093,Simon Ebonog,defensive_midfielder,Defensive Midfielder (DM / 6),pass_accuracy_pct,0.2,79.229,7.7
365331,Noah Sadiki,defensive_midfielder,Defensive Midfielder (DM / 6),pass_accuracy_pct,0.2,85.353,41.5
374058,Lamine Camara,defensive_midfielder,Defensive Midfielder (DM / 6),pass_accuracy_pct,0.2,85.867,49.2
375598,Ngal'ayel Mukau,defensive_midfielder,Defensive Midfielder (DM / 6),pass_accuracy_pct,0.2,87.241,66.7
383780,Mikel Jauregizar,defensive_midfielder,Defensive Midfielder (DM / 6),pass_accuracy_pct,0.2,80.506,10.8
388871,Chema Andrés,defensive_midfielder,Defensive Midfielder (DM / 6),pass_accuracy_pct,0.2,84.869,35.9
390586,Leon Avdullahu,defensive_midfielder,Defensive Midfielder (DM / 6),pass_accuracy_pct,0.2,89.971,90.3
402265,Arthur Avom Ebong,defensive_midfielder,Defensive Midfielder (DM / 6),pass_accuracy_pct,0.2,83.95,29.2
402386,Arsène Kouassi,defensive_midfielder,Defensive Midfielder (DM / 6),pass_accuracy_pct,0.2,86.842,62.1
408635,Ebenezer Akinsanmiro,defensive_midfielder,Defensive Midfielder (DM / 6),pass_accuracy_pct,0.2,85.827,48.2
415431,Samir El Mourabet,defensive_midfielder,Defensive Midfielder (DM / 6),pass_accuracy_pct,0.2,89.924,89.2
434352,Alpha Touré,defensive_midfielder,Defensive Midfielder (DM / 6),pass_accuracy_pct,0.2,86.795,61.0
438688,Ayyoub Bouaddi,defensive_midfielder,Defensive Midfielder (DM / 6),pass_accuracy_pct,0.2,84.731,35.4
496896,Rudy Matondo,defensive_midfielder,Defensive Midfielder (DM / 6),pass_accuracy_pct,0.2,87.078,64.1
519664,Khalis Merah,defensive_midfielder,Defensive Midfielder (DM / 6),pass_accuracy_pct,0.2,85.425,43.1
20,Axel Witsel,defensive_midfielder,Defensive Midfielder (DM / 6),dribble_success_pct,0.05,71.429,92.6
44,Rodri,defensive_midfielder,Defensive Midfielder (DM / 6),dribble_success_pct,0.05,46.667,23.8
49,Thomas Partey,defensive_midfielder,Defensive Midfielder (DM / 6),dribble_success_pct,0.05,80.0,96.9
74,Sofyan Amrabat,defensive_midfielder,Defensive Midfielder (DM / 6),dribble_success_pct,0.05,75.0,94.6
81,Krépin Diatta,defensive_midfielder,Defensive Midfielder (DM / 6),dribble_success_pct,0.05,66.667,84.6
110,Han-Noah Massengo,defensive_midfielder,Defensive Midfielder (DM / 6),dribble_success_pct,0.05,65.0,81.3
203,Roberto Gagliardini,defensive_midfielder,Defensive Midfielder (DM / 6),dribble_success_pct,0.05,60.0,70.0
231,Jordan Teze,defensive_midfielder,Defensive Midfielder (DM / 6),dribble_success_pct,0.05,30.0,4.4
293,Curtis Jones,defensive_midfielder,Defensive Midfielder (DM / 6),dribble_success_pct,0.05,64.706,80.5
407,Benjamin Stambouli,defensive_midfielder,Defensive Midfielder (DM / 6),dribble_success_pct,0.05,83.333,97.9
414,Omar Mascarell,defensive_midfielder,Defensive Midfielder (DM / 6),dribble_success_pct,0.05,66.667,84.6
542,Ryan Gravenberch,defensive_midfielder,Defensive Midfielder (DM / 6),dribble_success_pct,0.05,57.407,63.3
575,Florentino Luís,defensive_midfielder,Defensive Midfielder (DM / 6),dribble_success_pct,0.05,33.333,6.7
637,Felix Nmecha,defensive_midfielder,Defensive Midfielder (DM / 6),dribble_success_pct,0.05,57.407,63.3
723,Joelinton,defensive_midfielder,Defensive Midfielder (DM / 6),dribble_success_pct,0.05,53.333,48.7
747,Casemiro,defensive_midfielder,Defensive Midfielder (DM / 6),dribble_success_pct,0.05,40.0,12.3
778,Bryan Cristante,defensive_midfielder,Defensive Midfielder (DM / 6),dribble_success_pct,0.05,59.091,68.2
863,Rodrigo Bentancur,defensive_midfielder,Defensive Midfielder (DM / 6),dribble_success_pct,0.05,61.29,74.1
895,James Garner,defensive_midfielder,Defensive Midfielder (DM / 6),dribble_success_pct,0.05,52.941,46.7
902,Nemanja Matić,defensive_midfielder,Defensive Midfielder (DM / 6),dribble_success_pct,0.05,50.0,37.2
928,Dani Parejo,defensive_midfielder,Defensive Midfielder (DM / 6),dribble_success_pct,0.05,50.0,37.2
951,Michel Aebischer,defensive_midfielder,Defensive Midfielder (DM / 6),dribble_success_pct,0.05,48.276,29.7
1150,Tyler Adams,defensive_midfielder,Defensive Midfielder (DM / 6),dribble_success_pct,0.05,50.0,37.2
1156,Tom Krauß,defensive_midfielder,Defensive Midfielder (DM / 6),dribble_success_pct,0.05,50.0,37.2
1159,Marcel Sabitzer,defensive_midfielder,Defensive Midfielder (DM / 6),dribble_success_pct,0.05,60.0,70.0
1271,Aurélien Tchouaméni,defensive_midfielder,Defensive Midfielder (DM / 6),dribble_success_pct,0.05,30.0,4.4
1464,Granit Xhaka,defensive_midfielder,Defensive Midfielder (DM / 6),dribble_success_pct,0.05,45.833,21.5
1700,Iván Martín,defensive_midfielder,Defensive Midfielder (DM / 6),dribble_success_pct,0.05,61.224,73.3
1701,Manu Morlanes,defensive_midfielder,Defensive Midfielder (DM / 6),dribble_success_pct,0.05,66.667,84.6
1825,Lucas Torró,defensive_midfielder,Defensive Midfielder (DM / 6),dribble_success_pct,0.05,69.231,89.2
1904,Boubacar Kamara,defensive_midfielder,Defensive Midfielder (DM / 6),dribble_success_pct,0.05,45.161,19.5
1934,Sander Berge,defensive_midfielder,Defensive Midfielder (DM / 6),dribble_success_pct,0.05,45.455,20.3
1939,Jakub Piotrowski,defensive_midfielder,Defensive Midfielder (DM / 6),dribble_success_pct,0.05,44.828,18.5
2204,Benjamin André,defensive_midfielder,Defensive Midfielder (DM / 6),dribble_success_pct,0.05,60.87,71.8
2207,Eduardo Camavinga,defensive_midfielder,Defensive Midfielder (DM / 6),dribble_success_pct,0.05,65.0,81.3
2279,Ethan Ampadu,defensive_midfielder,Defensive Midfielder (DM / 6),dribble_success_pct,0.05,70.588,91.0
2476,Guido Rodríguez,defensive_midfielder,Defensive Midfielder (DM / 6),dribble_success_pct,0.05,52.632,45.1
2490,Jefferson Lerma,defensive_midfielder,Defensive Midfielder (DM / 6),dribble_success_pct,0.05,42.857,15.6
2601,Daichi Kamada,defensive_midfielder,Defensive Midfielder (DM / 6),dribble_success_pct,0.05,50.0,37.2
2749,Jackson Irvine,defensive_midfielder,Defensive Midfielder (DM / 6),dribble_success_pct,0.05,55.556,56.7
2807,Remo Freuler,defensive_midfielder,Defensive Midfielder (DM / 6),dribble_success_pct,0.05,28.571,3.3
2823,Saša Lukić,defensive_midfielder,Defensive Midfielder (DM / 6),dribble_success_pct,0.05,54.545,53.8
2917,Maximilian Eggestein,defensive_midfielder,Defensive Midfielder (DM / 6),dribble_success_pct,0.05,68.182,88.2
2922,Leander Dendoncker,defensive_midfielder,Defensive Midfielder (DM / 6),dribble_success_pct,0.05,50.0,37.2
2926,Youri Tielemans,defensive_midfielder,Defensive Midfielder (DM / 6),dribble_success_pct,0.05,52.941,46.7
2990,Idrissa Gana Gueye,defensive_midfielder,Defensive Midfielder (DM / 6),dribble_success_pct,0.05,33.333,6.7
3608,Kwasi Sibo,defensive_midfielder,Defensive Midfielder (DM / 6),dribble_success_pct,0.05,80.0,96.9
4399,Hicham Boudaoui,defensive_midfielder,Defensive Midfielder (DM / 6),dribble_success_pct,0.05,48.387,31.0
6056,Nicolás Domínguez,defensive_midfielder,Defensive Midfielder (DM / 6),dribble_success_pct,0.05,50.0,37.2
7328,Nicolas Seiwald,defensive_midfielder,Defensive Midfielder (DM / 6),dribble_success_pct,0.05,72.727,93.3
8680,Charles Vanhoutte,defensive_midfielder,Defensive Midfielder (DM / 6),dribble_success_pct,0.05,50.0,37.2
10097,Éderson,defensive_midfielder,Defensive Midfielder (DM / 6),dribble_success_pct,0.05,55.172,55.4
10169,Vinícius Souza,defensive_midfielder,Defensive Midfielder (DM / 6),dribble_success_pct,0.05,53.333,48.7
15673,Ylber Ramadani,defensive_midfielder,Defensive Midfielder (DM / 6),dribble_success_pct,0.05,51.852,43.6
15881,Morten Frendrup,defensive_midfielder,Defensive Midfielder (DM / 6),dribble_success_pct,0.05,57.143,61.8
18806,Will Hughes,defensive_midfielder,Defensive Midfielder (DM / 6),dribble_success_pct,0.05,61.111,72.6
18872,Lewis Cook,defensive_midfielder,Defensive Midfielder (DM / 6),dribble_success_pct,0.05,75.0,94.6
19827,Josh Cullen,defensive_midfielder,Defensive Midfielder (DM / 6),dribble_success_pct,0.05,33.333,6.7
20554,Haris Belkebla,defensive_midfielder,Defensive Midfielder (DM / 6),dribble_success_pct,0.05,52.941,46.7
20558,Hugo Magnetti,defensive_midfielder,Defensive Midfielder (DM / 6),dribble_success_pct,0.05,62.963,78.5
20692,Himad Abdelli,defensive_midfielder,Defensive Midfielder (DM / 6),dribble_success_pct,0.05,45.455,20.3
20696,Pape Gueye,defensive_midfielder,Defensive Midfielder (DM / 6),dribble_success_pct,0.05,51.724,42.8
20917,Laurent Abergel,defensive_midfielder,Defensive Midfielder (DM / 6),dribble_success_pct,0.05,37.5,11.0
21004,Lucien Agoumé,defensive_midfielder,Defensive Midfielder (DM / 6),dribble_success_pct,0.05,50.0,37.2
21010,Elisha Owusu,defensive_midfielder,Defensive Midfielder (DM / 6),dribble_success_pct,0.05,76.923,95.4
21087,Batista Mendy,defensive_midfielder,Defensive Midfielder (DM / 6),dribble_success_pct,0.05,58.824,66.9
21102,Valentin Rongier,defensive_midfielder,Defensive Midfielder (DM / 6),dribble_success_pct,0.05,55.882,58.7
21568,Ruben Aguilar,defensive_midfielder,Defensive Midfielder (DM / 6),dribble_success_pct,0.05,50.0,37.2
21587,Ellyes Skhiri,defensive_midfielder,Defensive Midfielder (DM / 6),dribble_success_pct,0.05,58.333,65.1
21640,Jessy Deminguet,defensive_midfielder,Defensive Midfielder (DM / 6),dribble_success_pct,0.05,47.619,26.9
22147,Manu Koné,defensive_midfielder,Defensive Midfielder (DM / 6),dribble_success_pct,0.05,61.702,75.4
22149,Ibrahim Sangaré,defensive_midfielder,Defensive Midfielder (DM / 6),dribble_success_pct,0.05,47.826,27.7
22170,Pierre Lees Melou,defensive_midfielder,Defensive Midfielder (DM / 6),dribble_success_pct,0.05,43.478,17.2
22239,Cheikh Niasse,defensive_midfielder,Defensive Midfielder (DM / 6),dribble_success_pct,0.05,66.667,84.6
24147,Mahdi Camara,defensive_midfielder,Defensive Midfielder (DM / 6),dribble_success_pct,0.05,40.323,13.3
24904,Niklas Dorsch,defensive_midfielder,Defensive Midfielder (DM / 6),dribble_success_pct,0.05,50.0,37.2
24963,Atakan Karazor,defensive_midfielder,Defensive Midfielder (DM / 6),dribble_success_pct,0.05,57.143,61.8
25461,Kevin Stöger,defensive_midfielder,Defensive Midfielder (DM / 6),dribble_success_pct,0.05,21.429,1.0
27157,Manolis Saliakas,defensive_midfielder,Defensive Midfielder (DM / 6),dribble_success_pct,0.05,62.5,77.4
30432,Marten de Roon,defensive_midfielder,Defensive Midfielder (DM / 6),dribble_success_pct,0.05,42.857,15.6
30533,Manuel Locatelli,defensive_midfielder,Defensive Midfielder (DM / 6),dribble_success_pct,0.05,55.556,56.7
30561,Alessandro Deiola,defensive_midfielder,Defensive Midfielder (DM / 6),dribble_success_pct,0.05,60.0,70.0
30690,Nicolas Fonseca,defensive_midfielder,Defensive Midfielder (DM / 6),dribble_success_pct,0.05,66.667,84.6
30723,Marius Marin,defensive_midfielder,Defensive Midfielder (DM / 6),dribble_success_pct,0.05,20.0,0.5
30785,András Schäfer,defensive_midfielder,Defensive Midfielder (DM / 6),dribble_success_pct,0.05,47.368,25.9
30927,Santiago Colombatto,defensive_midfielder,Defensive Midfielder (DM / 6),dribble_success_pct,0.05,71.429,92.6
31021,Alberto Grassi,defensive_midfielder,Defensive Midfielder (DM / 6),dribble_success_pct,0.05,88.889,99.5
31146,Sandro Tonali,defensive_midfielder,Defensive Midfielder (DM / 6),dribble_success_pct,0.05,61.29,74.1
31678,Jean Daniel Akpa-Akpro,defensive_midfielder,Defensive Midfielder (DM / 6),dribble_success_pct,0.05,62.162,76.4
33165,Ayumu Seko,defensive_midfielder,Defensive Midfielder (DM / 6),dribble_success_pct,0.05,50.0,37.2
33889,Kaishu Sano,defensive_midfielder,Defensive Midfielder (DM / 6),dribble_success_pct,0.05,66.667,84.6
36899,Teun Koopmeiners,defensive_midfielder,Defensive Midfielder (DM / 6),dribble_success_pct,0.05,55.556,56.7
38747,Quinten Timber,defensive_midfielder,Defensive Midfielder (DM / 6),dribble_success_pct,0.05,48.485,31.8
38798,Senne Lynen,defensive_midfielder,Defensive Midfielder (DM / 6),dribble_success_pct,0.05,31.579,5.1
39143,Kristian Thorstvedt,defensive_midfielder,Defensive Midfielder (DM / 6),dribble_success_pct,0.05,42.857,15.6
41104,João Palhinha,defensive_midfielder,Defensive Midfielder (DM / 6),dribble_success_pct,0.05,43.478,17.2
41157,André Almeida,defensive_midfielder,Defensive Midfielder (DM / 6),dribble_success_pct,0.05,48.276,29.7
41552,Pathé Ismaël Ciss,defensive_midfielder,Defensive Midfielder (DM / 6),dribble_success_pct,0.05,69.231,89.2
44814,Lewis Ferguson,defensive_midfielder,Defensive Midfielder (DM / 6),dribble_success_pct,0.05,42.857,15.6
47007,Iñigo Ruiz de Galarreta,defensive_midfielder,Defensive Midfielder (DM / 6),dribble_success_pct,0.05,68.0,87.7
47109,Óscar Valentín,defensive_midfielder,Defensive Midfielder (DM / 6),dribble_success_pct,0.05,46.154,22.3
47315,Martín Zubimendi,defensive_midfielder,Defensive Midfielder (DM / 6),dribble_success_pct,0.05,46.667,23.8
47341,Marc Roca,defensive_midfielder,Defensive Midfielder (DM / 6),dribble_success_pct,0.05,78.571,95.9
47435,Fran Beltrán,defensive_midfielder,Defensive Midfielder (DM / 6),dribble_success_pct,0.05,60.0,70.0
47439,Stanislav Lobotka,defensive_midfielder,Defensive Midfielder (DM / 6),dribble_success_pct,0.05,50.0,37.2
47463,Pepelu,defensive_midfielder,Defensive Midfielder (DM / 6),dribble_success_pct,0.05,80.0,96.9
47522,Douglas Luiz,defensive_midfielder,Defensive Midfielder (DM / 6),dribble_success_pct,0.05,46.154,22.3
47574,Moi Gómez,defensive_midfielder,Defensive Midfielder (DM / 6),dribble_success_pct,0.05,54.545,53.8
48047,Jesper Karlström,defensive_midfielder,Defensive Midfielder (DM / 6),dribble_success_pct,0.05,47.619,26.9
48489,Miro Muheim,defensive_midfielder,Defensive Midfielder (DM / 6),dribble_success_pct,0.05,67.742,87.2
50863,James Sands,defensive_midfielder,Defensive Midfielder (DM / 6),dribble_success_pct,0.05,40.0,12.3
50956,Cristian Cásseres Jr.,defensive_midfielder,Defensive Midfielder (DM / 6),dribble_success_pct,0.05,45.714,21.0
51494,Manuel Ugarte,defensive_midfielder,Defensive Midfielder (DM / 6),dribble_success_pct,0.05,70.0,90.3
67972,Conor Gallagher,defensive_midfielder,Defensive Midfielder (DM / 6),dribble_success_pct,0.05,41.667,13.8
80752,Tanner Tessmann,defensive_midfielder,Defensive Midfielder (DM / 6),dribble_success_pct,0.05,50.0,37.2
84218,Adama Camara,defensive_midfielder,Defensive Midfielder (DM / 6),dribble_success_pct,0.05,45.0,19.0
106727,Oriol Rey,defensive_midfielder,Defensive Midfielder (DM / 6),dribble_success_pct,0.05,50.0,37.2
116117,Moisés Caicedo,defensive_midfielder,Defensive Midfielder (DM / 6),dribble_success_pct,0.05,53.571,49.7
125239,Kervin Arriaga,defensive_midfielder,Defensive Midfielder (DM / 6),dribble_success_pct,0.05,42.105,14.4
128287,Joris Chotard,defensive_midfielder,Defensive Midfielder (DM / 6),dribble_success_pct,0.05,33.333,6.7
128342,Rassoul Ndiaye,defensive_midfielder,Defensive Midfielder (DM / 6),dribble_success_pct,0.05,55.0,54.9
129142,Ilia Gruev,defensive_midfielder,Defensive Midfielder (DM / 6),dribble_success_pct,0.05,85.714,98.7
138908,Elliot Anderson,defensive_midfielder,Defensive Midfielder (DM / 6),dribble_success_pct,0.05,54.348,52.8
157912,Boubacar Traoré,defensive_midfielder,Defensive Midfielder (DM / 6),dribble_success_pct,0.05,69.231,89.2
157988,Sergio Carreira,defensive_midfielder,Defensive Midfielder (DM / 6),dribble_success_pct,0.05,48.148,28.7
161933,Nico González,defensive_midfielder,Defensive Midfielder (DM / 6),dribble_success_pct,0.05,70.588,91.0
162032,Miguel Gutiérrez,defensive_midfielder,Defensive Midfielder (DM / 6),dribble_success_pct,0.05,34.783,9.2
162123,Ilaix Moriba,defensive_midfielder,Defensive Midfielder (DM / 6),dribble_success_pct,0.05,46.429,23.1
162452,Devyne Rensch,defensive_midfielder,Defensive Midfielder (DM / 6),dribble_success_pct,0.05,57.143,61.8
162480,Eric Martel,defensive_midfielder,Defensive Midfielder (DM / 6),dribble_success_pct,0.05,50.0,37.2
162686,Antonio Blanco,defensive_midfielder,Defensive Midfielder (DM / 6),dribble_success_pct,0.05,74.194,93.8
162714,Amadou Onana,defensive_midfielder,Defensive Midfielder (DM / 6),dribble_success_pct,0.05,53.846,51.3
174708,Yassin Belkhdim,defensive_midfielder,Defensive Midfielder (DM / 6),dribble_success_pct,0.05,27.778,2.6
178709,Yannick Engelhardt,defensive_midfielder,Defensive Midfielder (DM / 6),dribble_success_pct,0.05,54.545,53.8
179843,Lucas Gourna-Douath,defensive_midfielder,Defensive Midfielder (DM / 6),dribble_success_pct,0.05,50.0,37.2
182486,Alberto Reina,defensive_midfielder,Defensive Midfielder (DM / 6),dribble_success_pct,0.05,48.276,29.7
182621,Iker Muñoz,defensive_midfielder,Defensive Midfielder (DM / 6),dribble_success_pct,0.05,36.364,10.0
182772,Juanlu Sánchez,defensive_midfielder,Defensive Midfielder (DM / 6),dribble_success_pct,0.05,52.941,46.7
183699,Urko González,defensive_midfielder,Defensive Midfielder (DM / 6),dribble_success_pct,0.05,65.217,82.1
183744,Beñat Turrientes,defensive_midfielder,Defensive Midfielder (DM / 6),dribble_success_pct,0.05,62.5,77.4
187318,Marc Aguado,defensive_midfielder,Defensive Midfielder (DM / 6),dribble_success_pct,0.05,0.0,0.0
193952,Johann Lepenant,defensive_midfielder,Defensive Midfielder (DM / 6),dribble_success_pct,0.05,34.483,8.5
195103,João Gomes,defensive_midfielder,Defensive Midfielder (DM / 6),dribble_success_pct,0.05,64.179,79.0
203007,Rocco Reitz,defensive_midfielder,Defensive Midfielder (DM / 6),dribble_success_pct,0.05,47.059,24.6
237087,Ezequiel Fernández,defensive_midfielder,Defensive Midfielder (DM / 6),dribble_success_pct,0.05,56.25,60.5
237129,Pape Matar Sarr,defensive_midfielder,Defensive Midfielder (DM / 6),dribble_success_pct,0.05,59.091,68.2
260898,Nicolai Remberg,defensive_midfielder,Defensive Midfielder (DM / 6),dribble_success_pct,0.05,56.0,59.5
265784,André,defensive_midfielder,Defensive Midfielder (DM / 6),dribble_success_pct,0.05,55.882,58.7
266813,Warren Bondo,defensive_midfielder,Defensive Midfielder (DM / 6),dribble_success_pct,0.05,57.692,64.1
275776,Kristjan Asllani,defensive_midfielder,Defensive Midfielder (DM / 6),dribble_success_pct,0.05,50.0,37.2
277003,Neil El Aynaoui,defensive_midfielder,Defensive Midfielder (DM / 6),dribble_success_pct,0.05,52.941,46.7
277306,Mamadou Sangare,defensive_midfielder,Defensive Midfielder (DM / 6),dribble_success_pct,0.05,56.14,60.0
281096,Patrizio Masini,defensive_midfielder,Defensive Midfielder (DM / 6),dribble_success_pct,0.05,22.222,1.5
282549,Junior Mwanga,defensive_midfielder,Defensive Midfielder (DM / 6),dribble_success_pct,0.05,64.286,79.5
284322,Kobbie Mainoo,defensive_midfielder,Defensive Midfielder (DM / 6),dribble_success_pct,0.05,54.286,52.3
284446,Freddie Potts,defensive_midfielder,Defensive Midfielder (DM / 6),dribble_success_pct,0.05,25.0,2.1
284457,Lamare Bogarde,defensive_midfielder,Defensive Midfielder (DM / 6),dribble_success_pct,0.05,28.571,3.3
284500,Tim Iroegbunam,defensive_midfielder,Defensive Midfielder (DM / 6),dribble_success_pct,0.05,37.5,11.0
286084,Sergi Altimira,defensive_midfielder,Defensive Midfielder (DM / 6),dribble_success_pct,0.05,57.143,61.8
287654,Jon Gorrotxategi,defensive_midfielder,Defensive Midfielder (DM / 6),dribble_success_pct,0.05,58.824,66.9
288102,Adam Wharton,defensive_midfielder,Defensive Midfielder (DM / 6),dribble_success_pct,0.05,51.724,42.8
302069,Samuele Angori,defensive_midfielder,Defensive Midfielder (DM / 6),dribble_success_pct,0.05,50.0,37.2
304853,Alex Scott,defensive_midfielder,Defensive Midfielder (DM / 6),dribble_success_pct,0.05,55.769,57.9
305834,Andrey Santos,defensive_midfielder,Defensive Midfielder (DM / 6),dribble_success_pct,0.05,40.0,12.3
308836,Mandela Keita,defensive_midfielder,Defensive Midfielder (DM / 6),dribble_success_pct,0.05,64.444,80.0
323625,Kévin Danois,defensive_midfielder,Defensive Midfielder (DM / 6),dribble_success_pct,0.05,58.333,65.1
326176,Soungoutou Magassa,defensive_midfielder,Defensive Midfielder (DM / 6),dribble_success_pct,0.05,62.5,77.4
326757,Jobe Bellingham,defensive_midfielder,Defensive Midfielder (DM / 6),dribble_success_pct,0.05,48.387,31.0
327831,Aljoscha Kemlein,defensive_midfielder,Defensive Midfielder (DM / 6),dribble_success_pct,0.05,70.833,91.8
328046,Ismael Koné,defensive_midfielder,Defensive Midfielder (DM / 6),dribble_success_pct,0.05,59.091,68.2
328105,Lewis Miley,defensive_midfielder,Defensive Midfielder (DM / 6),dribble_success_pct,0.05,85.714,98.7
329728,Marc Casadó,defensive_midfielder,Defensive Midfielder (DM / 6),dribble_success_pct,0.05,33.333,6.7
332309,Alejandro Rego Mora,defensive_midfielder,Defensive Midfielder (DM / 6),dribble_success_pct,0.05,47.368,25.9
336573,Emirhan İlkhan,defensive_midfielder,Defensive Midfielder (DM / 6),dribble_success_pct,0.05,53.846,51.3
336585,Mateus Fernandes,defensive_midfielder,Defensive Midfielder (DM / 6),dribble_success_pct,0.05,58.333,65.1
336594,Pablo Barrios,defensive_midfielder,Defensive Midfielder (DM / 6),dribble_success_pct,0.05,61.111,72.6
339417,Pape Diop,defensive_midfielder,Defensive Midfielder (DM / 6),dribble_success_pct,0.05,36.364,10.0
343189,Gvidas Gineitis,defensive_midfielder,Defensive Midfielder (DM / 6),dribble_success_pct,0.05,58.621,66.2
343558,Lennon Miller,defensive_midfielder,Defensive Midfielder (DM / 6),dribble_success_pct,0.05,66.667,84.6
343562,Luca Lipani,defensive_midfielder,Defensive Midfielder (DM / 6),dribble_success_pct,0.05,50.0,37.2
356041,Carlos Baleba,defensive_midfielder,Defensive Midfielder (DM / 6),dribble_success_pct,0.05,48.0,28.2
364093,Simon Ebonog,defensive_midfielder,Defensive Midfielder (DM / 6),dribble_success_pct,0.05,47.222,25.1
365331,Noah Sadiki,defensive_midfielder,Defensive Midfielder (DM / 6),dribble_success_pct,0.05,61.364,74.9
374058,Lamine Camara,defensive_midfielder,Defensive Midfielder (DM / 6),dribble_success_pct,0.05,53.333,48.7
375598,Ngal'ayel Mukau,defensive_midfielder,Defensive Midfielder (DM / 6),dribble_success_pct,0.05,52.0,44.1
383780,Mikel Jauregizar,defensive_midfielder,Defensive Midfielder (DM / 6),dribble_success_pct,0.05,34.483,8.5
388871,Chema Andrés,defensive_midfielder,Defensive Midfielder (DM / 6),dribble_success_pct,0.05,100.0,100.0
390586,Leon Avdullahu,defensive_midfielder,Defensive Midfielder (DM / 6),dribble_success_pct,0.05,44.444,17.9
402265,Arthur Avom Ebong,defensive_midfielder,Defensive Midfielder (DM / 6),dribble_success_pct,0.05,53.846,51.3
402386,Arsène Kouassi,defensive_midfielder,Defensive Midfielder (DM / 6),dribble_success_pct,0.05,53.623,50.3
408635,Ebenezer Akinsanmiro,defensive_midfielder,Defensive Midfielder (DM / 6),dribble_success_pct,0.05,52.5,44.6
415431,Samir El Mourabet,defensive_midfielder,Defensive Midfielder (DM / 6),dribble_success_pct,0.05,62.069,75.9
434352,Alpha Touré,defensive_midfielder,Defensive Midfielder (DM / 6),dribble_success_pct,0.05,55.556,56.7
438688,Ayyoub Bouaddi,defensive_midfielder,Defensive Midfielder (DM / 6),dribble_success_pct,0.05,60.714,71.3
496896,Rudy Matondo,defensive_midfielder,Defensive Midfielder (DM / 6),dribble_success_pct,0.05,66.667,84.6
519664,Khalis Merah,defensive_midfielder,Defensive Midfielder (DM / 6),dribble_success_pct,0.05,66.667,84.6
26,Marius Wolf,box_to_box_midfielder,Box-to-Box Midfielder (CM / 8),dribble_success_pct,0.15,43.75,62.9
102,Djibril Sidibé,box_to_box_midfielder,Box-to-Box Midfielder (CM / 8),dribble_success_pct,0.15,47.368,72.0
226,Denzel Dumfries,box_to_box_midfielder,Box-to-Box Midfielder (CM / 8),dribble_success_pct,0.15,31.579,20.5
292,Jordan Henderson,box_to_box_midfielder,Box-to-Box Midfielder (CM / 8),dribble_success_pct,0.15,37.5,42.0
418,Suat Serdar,box_to_box_midfielder,Box-to-Box Midfielder (CM / 8),dribble_success_pct,0.15,52.941,87.1
541,Jürgen Ekkelenkamp,box_to_box_midfielder,Box-to-Box Midfielder (CM / 8),dribble_success_pct,0.15,64.0,97.0
862,Leonardo Spinazzola,box_to_box_midfielder,Box-to-Box Midfielder (CM / 8),dribble_success_pct,0.15,31.373,19.7
1014,Simon Sohm,box_to_box_midfielder,Box-to-Box Midfielder (CM / 8),dribble_success_pct,0.15,68.75,99.2
1090,Antoine Bernede,box_to_box_midfielder,Box-to-Box Midfielder (CM / 8),dribble_success_pct,0.15,45.946,70.5
1138,Tim Weah,box_to_box_midfielder,Box-to-Box Midfielder (CM / 8),dribble_success_pct,0.15,39.474,48.5
1243,Tomáš Souček,box_to_box_midfielder,Box-to-Box Midfielder (CM / 8),dribble_success_pct,0.15,36.364,38.6
1463,Joe Willock,box_to_box_midfielder,Box-to-Box Midfielder (CM / 8),dribble_success_pct,0.15,41.176,52.3
1639,Marco Brescianini,box_to_box_midfielder,Box-to-Box Midfielder (CM / 8),dribble_success_pct,0.15,61.538,93.2
1914,Morgan Sanson,box_to_box_midfielder,Box-to-Box Midfielder (CM / 8),dribble_success_pct,0.15,50.0,80.7
1930,Joakim Mæhle,box_to_box_midfielder,Box-to-Box Midfielder (CM / 8),dribble_success_pct,0.15,23.684,6.8
2286,Davide Zappacosta,box_to_box_midfielder,Box-to-Box Midfielder (CM / 8),dribble_success_pct,0.15,43.86,64.4
2360,Dimitrios Giannoulis,box_to_box_midfielder,Box-to-Box Midfielder (CM / 8),dribble_success_pct,0.15,45.238,68.9
2906,Jae-sung Lee,box_to_box_midfielder,Box-to-Box Midfielder (CM / 8),dribble_success_pct,0.15,33.333,24.2
6409,Nahuel Estévez,box_to_box_midfielder,Box-to-Box Midfielder (CM / 8),dribble_success_pct,0.15,0.0,0.4
13736,Daniel Muñoz,box_to_box_midfielder,Box-to-Box Midfielder (CM / 8),dribble_success_pct,0.15,13.333,2.3
14327,Domagoj Bradarić,box_to_box_midfielder,Box-to-Box Midfielder (CM / 8),dribble_success_pct,0.15,38.889,46.6
14395,Kristijan Jakić,box_to_box_midfielder,Box-to-Box Midfielder (CM / 8),dribble_success_pct,0.15,42.857,60.2
15592,Jens Stage,box_to_box_midfielder,Box-to-Box Midfielder (CM / 8),dribble_success_pct,0.15,52.0,86.0
15908,Mikkel Damsgaard,box_to_box_midfielder,Box-to-Box Midfielder (CM / 8),dribble_success_pct,0.15,35.294,32.6
15909,Martin Frese,box_to_box_midfielder,Box-to-Box Midfielder (CM / 8),dribble_success_pct,0.15,0.0,0.4
18929,Dwight McNeil,box_to_box_midfielder,Box-to-Box Midfielder (CM / 8),dribble_success_pct,0.15,50.0,80.7
19201,Jayden Bogle,box_to_box_midfielder,Box-to-Box Midfielder (CM / 8),dribble_success_pct,0.15,33.333,24.2
19824,Jordan Zemura,box_to_box_midfielder,Box-to-Box Midfielder (CM / 8),dribble_success_pct,0.15,30.0,15.9
20638,Enzo Le Fée,box_to_box_midfielder,Box-to-Box Midfielder (CM / 8),dribble_success_pct,0.15,28.261,13.6
20704,Alimami Gory,box_to_box_midfielder,Box-to-Box Midfielder (CM / 8),dribble_success_pct,0.15,30.769,18.6
22007,Hassane Kamara,box_to_box_midfielder,Box-to-Box Midfielder (CM / 8),dribble_success_pct,0.15,53.125,87.9
22222,Zeki Çelik,box_to_box_midfielder,Box-to-Box Midfielder (CM / 8),dribble_success_pct,0.15,22.222,4.9
22254,Youssouf Fofana,box_to_box_midfielder,Box-to-Box Midfielder (CM / 8),dribble_success_pct,0.15,34.211,27.3
23363,Noah Cadiou,box_to_box_midfielder,Box-to-Box Midfielder (CM / 8),dribble_success_pct,0.15,50.0,80.7
24848,Christopher Trimmel,box_to_box_midfielder,Box-to-Box Midfielder (CM / 8),dribble_success_pct,0.15,16.667,3.4
24880,Bakery Jatta,box_to_box_midfielder,Box-to-Box Midfielder (CM / 8),dribble_success_pct,0.15,33.333,24.2
25300,Rani Khedira,box_to_box_midfielder,Box-to-Box Midfielder (CM / 8),dribble_success_pct,0.15,23.077,6.1
25353,Valentino Lazaro,box_to_box_midfielder,Box-to-Box Midfielder (CM / 8),dribble_success_pct,0.15,44.0,65.2
25400,Yannick Gerhardt,box_to_box_midfielder,Box-to-Box Midfielder (CM / 8),dribble_success_pct,0.15,16.667,3.4
25413,Elvis Rexhbeçaj,box_to_box_midfielder,Box-to-Box Midfielder (CM / 8),dribble_success_pct,0.15,62.5,95.5
25638,Florian Neuhaus,box_to_box_midfielder,Box-to-Box Midfielder (CM / 8),dribble_success_pct,0.15,50.0,80.7
25915,Phillipp Mwene,box_to_box_midfielder,Box-to-Box Midfielder (CM / 8),dribble_success_pct,0.15,50.0,80.7
26249,Janik Haberer,box_to_box_midfielder,Box-to-Box Midfielder (CM / 8),dribble_success_pct,0.15,37.5,42.0
30505,Michel Adopo,box_to_box_midfielder,Box-to-Box Midfielder (CM / 8),dribble_success_pct,0.15,38.889,46.6
30753,Mehdi Léris,box_to_box_midfielder,Box-to-Box Midfielder (CM / 8),dribble_success_pct,0.15,40.476,50.8
30775,Giuseppe Pezzella,box_to_box_midfielder,Box-to-Box Midfielder (CM / 8),dribble_success_pct,0.15,48.276,74.2
31137,Stefano Sabelli,box_to_box_midfielder,Box-to-Box Midfielder (CM / 8),dribble_success_pct,0.15,12.5,1.5
31273,Tommaso Pobega,box_to_box_midfielder,Box-to-Box Midfielder (CM / 8),dribble_success_pct,0.15,70.0,100.0
32966,Ao Tanaka,box_to_box_midfielder,Box-to-Box Midfielder (CM / 8),dribble_success_pct,0.15,36.364,38.6
36916,Kingsley Ehizibue,box_to_box_midfielder,Box-to-Box Midfielder (CM / 8),dribble_success_pct,0.15,26.923,10.6
37437,Abdou Harroui,box_to_box_midfielder,Box-to-Box Midfielder (CM / 8),dribble_success_pct,0.15,45.833,69.7
39362,Marcus Pedersen,box_to_box_midfielder,Box-to-Box Midfielder (CM / 8),dribble_success_pct,0.15,42.857,60.2
40560,Jakub Kamiński,box_to_box_midfielder,Box-to-Box Midfielder (CM / 8),dribble_success_pct,0.15,48.98,76.5
46658,Rubén García,box_to_box_midfielder,Box-to-Box Midfielder (CM / 8),dribble_success_pct,0.15,48.649,75.8
46662,Jon Moncayola,box_to_box_midfielder,Box-to-Box Midfielder (CM / 8),dribble_success_pct,0.15,61.905,93.9
46731,Pervis Estupiñán,box_to_box_midfielder,Box-to-Box Midfielder (CM / 8),dribble_success_pct,0.15,28.571,14.4
46887,Pedro Díaz,box_to_box_midfielder,Box-to-Box Midfielder (CM / 8),dribble_success_pct,0.15,50.0,80.7
46933,Luis Rioja,box_to_box_midfielder,Box-to-Box Midfielder (CM / 8),dribble_success_pct,0.15,57.143,91.7
47438,Mathias Jensen,box_to_box_midfielder,Box-to-Box Midfielder (CM / 8),dribble_success_pct,0.15,54.286,88.6
47543,Álvaro García,box_to_box_midfielder,Box-to-Box Midfielder (CM / 8),dribble_success_pct,0.15,25.0,8.3
48378,Silvan Widmer,box_to_box_midfielder,Box-to-Box Midfielder (CM / 8),dribble_success_pct,0.15,22.222,4.9
48642,Cameron Puertas,box_to_box_midfielder,Box-to-Box Midfielder (CM / 8),dribble_success_pct,0.15,35.0,30.7
56560,Youssef Maleh,box_to_box_midfielder,Box-to-Box Midfielder (CM / 8),dribble_success_pct,0.15,43.75,62.9
89520,Mikael Ellertsson,box_to_box_midfielder,Box-to-Box Midfielder (CM / 8),dribble_success_pct,0.15,27.5,12.1
91358,Emanuele Valeri,box_to_box_midfielder,Box-to-Box Midfielder (CM / 8),dribble_success_pct,0.15,44.118,66.3
104821,Jon Guridi,box_to_box_midfielder,Box-to-Box Midfielder (CM / 8),dribble_success_pct,0.15,42.105,55.3
104949,Pablo Martínez,box_to_box_midfielder,Box-to-Box Midfielder (CM / 8),dribble_success_pct,0.15,42.424,57.2
107194,Antonio Sánchez,box_to_box_midfielder,Box-to-Box Midfielder (CM / 8),dribble_success_pct,0.15,41.667,53.4
126980,Tommaso Barbieri,box_to_box_midfielder,Box-to-Box Midfielder (CM / 8),dribble_success_pct,0.15,48.485,75.0
127426,Pol Lozano,box_to_box_midfielder,Box-to-Box Midfielder (CM / 8),dribble_success_pct,0.15,27.273,11.4
127619,Jan Schöppner,box_to_box_midfielder,Box-to-Box Midfielder (CM / 8),dribble_success_pct,0.15,34.375,28.0
128853,Derrick Köhn,box_to_box_midfielder,Box-to-Box Midfielder (CM / 8),dribble_success_pct,0.15,42.308,56.1
128985,Iker Losada,box_to_box_midfielder,Box-to-Box Midfielder (CM / 8),dribble_success_pct,0.15,40.0,49.2
128987,Salis Abdul Samed,box_to_box_midfielder,Box-to-Box Midfielder (CM / 8),dribble_success_pct,0.15,25.0,8.3
135749,Félix Correia,box_to_box_midfielder,Box-to-Box Midfielder (CM / 8),dribble_success_pct,0.15,35.417,34.1
143831,Robin Fellhauer,box_to_box_midfielder,Box-to-Box Midfielder (CM / 8),dribble_success_pct,0.15,44.118,66.3
144740,Fisayo Dele-Bashiru,box_to_box_midfielder,Box-to-Box Midfielder (CM / 8),dribble_success_pct,0.15,38.462,45.5
146586,Joel Chima Fujita,box_to_box_midfielder,Box-to-Box Midfielder (CM / 8),dribble_success_pct,0.15,55.294,90.2
148448,Arkadiusz Pyrka,box_to_box_midfielder,Box-to-Box Midfielder (CM / 8),dribble_success_pct,0.15,36.364,38.6
161569,Oliver Sørensen,box_to_box_midfielder,Box-to-Box Midfielder (CM / 8),dribble_success_pct,0.15,30.435,17.0
162907,Alessandro Zanoli,box_to_box_midfielder,Box-to-Box Midfielder (CM / 8),dribble_success_pct,0.15,42.424,57.2
163022,Patrick Osterhage,box_to_box_midfielder,Box-to-Box Midfielder (CM / 8),dribble_success_pct,0.15,35.294,32.6
174625,Fodé Doucouré,box_to_box_midfielder,Box-to-Box Midfielder (CM / 8),dribble_success_pct,0.15,35.0,30.7
174660,Lilian Raolisoa,box_to_box_midfielder,Box-to-Box Midfielder (CM / 8),dribble_success_pct,0.15,42.5,58.3
174703,Théo Le Bris,box_to_box_midfielder,Box-to-Box Midfielder (CM / 8),dribble_success_pct,0.15,47.826,73.1
174937,Yassine Kechta,box_to_box_midfielder,Box-to-Box Midfielder (CM / 8),dribble_success_pct,0.15,28.0,12.9
179955,Javier Rueda,box_to_box_midfielder,Box-to-Box Midfielder (CM / 8),dribble_success_pct,0.15,51.22,84.8
181259,Abel Bretones,box_to_box_midfielder,Box-to-Box Midfielder (CM / 8),dribble_success_pct,0.15,44.828,68.2
181908,Jan Uwe Thielmann,box_to_box_midfielder,Box-to-Box Midfielder (CM / 8),dribble_success_pct,0.15,33.333,24.2
182201,Tyrick Mitchell,box_to_box_midfielder,Box-to-Box Midfielder (CM / 8),dribble_success_pct,0.15,34.884,29.5
193617,Tom Louchet,box_to_box_midfielder,Box-to-Box Midfielder (CM / 8),dribble_success_pct,0.15,42.857,60.2
197448,Yan Couto,box_to_box_midfielder,Box-to-Box Midfielder (CM / 8),dribble_success_pct,0.15,52.0,86.0
198654,Daniel Svensson,box_to_box_midfielder,Box-to-Box Midfielder (CM / 8),dribble_success_pct,0.15,50.0,80.7
202526,Eren Dinkçi,box_to_box_midfielder,Box-to-Box Midfielder (CM / 8),dribble_success_pct,0.15,39.286,47.7
202636,Louis Oppie,box_to_box_midfielder,Box-to-Box Midfielder (CM / 8),dribble_success_pct,0.15,33.333,24.2
203011,Julian Niehues,box_to_box_midfielder,Box-to-Box Midfielder (CM / 8),dribble_success_pct,0.15,55.556,90.9
263538,Yehor Yarmoliuk,box_to_box_midfielder,Box-to-Box Midfielder (CM / 8),dribble_success_pct,0.15,35.714,35.6
265722,Rafael Obrador,box_to_box_midfielder,Box-to-Box Midfielder (CM / 8),dribble_success_pct,0.15,32.143,21.2
265782,David Møller Wolfe,box_to_box_midfielder,Box-to-Box Midfielder (CM / 8),dribble_success_pct,0.15,62.5,95.5
265820,Yasin Ayari,box_to_box_midfielder,Box-to-Box Midfielder (CM / 8),dribble_success_pct,0.15,37.5,42.0
270508,Lesley Ugochukwu,box_to_box_midfielder,Box-to-Box Midfielder (CM / 8),dribble_success_pct,0.15,50.0,80.7
278370,Diego Gómez,box_to_box_midfielder,Box-to-Box Midfielder (CM / 8),dribble_success_pct,0.15,46.341,71.2
280687,Hugo Bueno,box_to_box_midfielder,Box-to-Box Midfielder (CM / 8),dribble_success_pct,0.15,40.26,50.0
282770,Rodrigo Gomes,box_to_box_midfielder,Box-to-Box Midfielder (CM / 8),dribble_success_pct,0.15,30.769,18.6
284570,Brooke Norton-Cuffy,box_to_box_midfielder,Box-to-Box Midfielder (CM / 8),dribble_success_pct,0.15,59.259,92.4
289555,Louis Mouton,box_to_box_midfielder,Box-to-Box Midfielder (CM / 8),dribble_success_pct,0.15,35.294,32.6
296560,Jackson Tchatchoua,box_to_box_midfielder,Box-to-Box Midfielder (CM / 8),dribble_success_pct,0.15,35.714,35.6
302632,William Mikelbrencis,box_to_box_midfielder,Box-to-Box Midfielder (CM / 8),dribble_success_pct,0.15,40.625,51.5
303362,Rafik Belghali,box_to_box_midfielder,Box-to-Box Midfielder (CM / 8),dribble_success_pct,0.15,54.93,89.4
305730,Jack Hinshelwood,box_to_box_midfielder,Box-to-Box Midfielder (CM / 8),dribble_success_pct,0.15,33.333,24.2
309388,Matteo Prati,box_to_box_midfielder,Box-to-Box Midfielder (CM / 8),dribble_success_pct,0.15,50.0,80.7
311083,Cher Ndour,box_to_box_midfielder,Box-to-Box Midfielder (CM / 8),dribble_success_pct,0.15,30.435,17.0
315699,Javier Guerra,box_to_box_midfielder,Box-to-Box Midfielder (CM / 8),dribble_success_pct,0.15,41.935,54.5
328089,Archie Gray,box_to_box_midfielder,Box-to-Box Midfielder (CM / 8),dribble_success_pct,0.15,43.75,62.9
330238,Lucas Pires,box_to_box_midfielder,Box-to-Box Midfielder (CM / 8),dribble_success_pct,0.15,64.286,97.7
333137,Kassoum Ouattara,box_to_box_midfielder,Box-to-Box Midfielder (CM / 8),dribble_success_pct,0.15,26.471,9.8
333502,Miguel Román,box_to_box_midfielder,Box-to-Box Midfielder (CM / 8),dribble_success_pct,0.15,25.0,8.3
336659,Chemsdine Talbi,box_to_box_midfielder,Box-to-Box Midfielder (CM / 8),dribble_success_pct,0.15,44.444,67.4
339874,Oscar Højlund,box_to_box_midfielder,Box-to-Box Midfielder (CM / 8),dribble_success_pct,0.15,41.667,53.4
342651,Romano Floriani Mussolini,box_to_box_midfielder,Box-to-Box Midfielder (CM / 8),dribble_success_pct,0.15,37.5,42.0
343792,Djaoui Cissé,box_to_box_midfielder,Box-to-Box Midfielder (CM / 8),dribble_success_pct,0.15,37.5,42.0
347316,Lucas Bergvall,box_to_box_midfielder,Box-to-Box Midfielder (CM / 8),dribble_success_pct,0.15,62.5,95.5
352375,Arthur,box_to_box_midfielder,Box-to-Box Midfielder (CM / 8),dribble_success_pct,0.15,33.333,24.2
353609,Sulemana,box_to_box_midfielder,Box-to-Box Midfielder (CM / 8),dribble_success_pct,0.15,47.826,73.1
356888,Niccolò Pisilli,box_to_box_midfielder,Box-to-Box Midfielder (CM / 8),dribble_success_pct,0.15,29.63,15.2
358166,Abdoul Ouattara,box_to_box_midfielder,Box-to-Box Midfielder (CM / 8),dribble_success_pct,0.15,34.783,28.8
362752,Christian Ordoñez,box_to_box_midfielder,Box-to-Box Midfielder (CM / 8),dribble_success_pct,0.15,35.714,35.6
374359,Davide Bartesaghi,box_to_box_midfielder,Box-to-Box Midfielder (CM / 8),dribble_success_pct,0.15,37.5,42.0
419035,Mamadou Coulibaly,box_to_box_midfielder,Box-to-Box Midfielder (CM / 8),dribble_success_pct,0.15,42.857,60.2
443674,Louis Leroux,box_to_box_midfielder,Box-to-Box Midfielder (CM / 8),dribble_success_pct,0.15,37.931,44.7
452697,Dayann Methalie,box_to_box_midfielder,Box-to-Box Midfielder (CM / 8),dribble_success_pct,0.15,35.897,37.1
499380,Sascha Britschgi,box_to_box_midfielder,Box-to-Box Midfielder (CM / 8),dribble_success_pct,0.15,50.0,80.7
514464,Alexis Vossah,box_to_box_midfielder,Box-to-Box Midfielder (CM / 8),dribble_success_pct,0.15,66.667,98.5
26,Marius Wolf,box_to_box_midfielder,Box-to-Box Midfielder (CM / 8),duel_win_pct,0.15,46.667,56.1
102,Djibril Sidibé,box_to_box_midfielder,Box-to-Box Midfielder (CM / 8),duel_win_pct,0.15,54.491,94.7
226,Denzel Dumfries,box_to_box_midfielder,Box-to-Box Midfielder (CM / 8),duel_win_pct,0.15,48.462,68.2
292,Jordan Henderson,box_to_box_midfielder,Box-to-Box Midfielder (CM / 8),duel_win_pct,0.15,48.485,69.3
418,Suat Serdar,box_to_box_midfielder,Box-to-Box Midfielder (CM / 8),duel_win_pct,0.15,49.18,74.2
541,Jürgen Ekkelenkamp,box_to_box_midfielder,Box-to-Box Midfielder (CM / 8),duel_win_pct,0.15,53.591,92.4
862,Leonardo Spinazzola,box_to_box_midfielder,Box-to-Box Midfielder (CM / 8),duel_win_pct,0.15,42.149,23.5
1014,Simon Sohm,box_to_box_midfielder,Box-to-Box Midfielder (CM / 8),duel_win_pct,0.15,46.763,56.8
1090,Antoine Bernede,box_to_box_midfielder,Box-to-Box Midfielder (CM / 8),duel_win_pct,0.15,42.553,25.0
1138,Tim Weah,box_to_box_midfielder,Box-to-Box Midfielder (CM / 8),duel_win_pct,0.15,51.064,81.8
1243,Tomáš Souček,box_to_box_midfielder,Box-to-Box Midfielder (CM / 8),duel_win_pct,0.15,52.091,86.4
1463,Joe Willock,box_to_box_midfielder,Box-to-Box Midfielder (CM / 8),duel_win_pct,0.15,41.379,18.2
1639,Marco Brescianini,box_to_box_midfielder,Box-to-Box Midfielder (CM / 8),duel_win_pct,0.15,39.0,10.6
1914,Morgan Sanson,box_to_box_midfielder,Box-to-Box Midfielder (CM / 8),duel_win_pct,0.15,44.643,38.6
1930,Joakim Mæhle,box_to_box_midfielder,Box-to-Box Midfielder (CM / 8),duel_win_pct,0.15,46.377,53.0
2286,Davide Zappacosta,box_to_box_midfielder,Box-to-Box Midfielder (CM / 8),duel_win_pct,0.15,41.509,20.5
2360,Dimitrios Giannoulis,box_to_box_midfielder,Box-to-Box Midfielder (CM / 8),duel_win_pct,0.15,53.793,93.2
2906,Jae-sung Lee,box_to_box_midfielder,Box-to-Box Midfielder (CM / 8),duel_win_pct,0.15,44.082,34.8
6409,Nahuel Estévez,box_to_box_midfielder,Box-to-Box Midfielder (CM / 8),duel_win_pct,0.15,55.752,97.7
13736,Daniel Muñoz,box_to_box_midfielder,Box-to-Box Midfielder (CM / 8),duel_win_pct,0.15,51.88,84.8
14327,Domagoj Bradarić,box_to_box_midfielder,Box-to-Box Midfielder (CM / 8),duel_win_pct,0.15,50.0,80.3
14395,Kristijan Jakić,box_to_box_midfielder,Box-to-Box Midfielder (CM / 8),duel_win_pct,0.15,51.37,82.6
15592,Jens Stage,box_to_box_midfielder,Box-to-Box Midfielder (CM / 8),duel_win_pct,0.15,54.717,95.5
15908,Mikkel Damsgaard,box_to_box_midfielder,Box-to-Box Midfielder (CM / 8),duel_win_pct,0.15,43.123,28.8
15909,Martin Frese,box_to_box_midfielder,Box-to-Box Midfielder (CM / 8),duel_win_pct,0.15,59.016,100.0
18929,Dwight McNeil,box_to_box_midfielder,Box-to-Box Midfielder (CM / 8),duel_win_pct,0.15,42.718,25.8
19201,Jayden Bogle,box_to_box_midfielder,Box-to-Box Midfielder (CM / 8),duel_win_pct,0.15,45.545,47.0
19824,Jordan Zemura,box_to_box_midfielder,Box-to-Box Midfielder (CM / 8),duel_win_pct,0.15,41.135,17.4
20638,Enzo Le Fée,box_to_box_midfielder,Box-to-Box Midfielder (CM / 8),duel_win_pct,0.15,45.906,50.8
20704,Alimami Gory,box_to_box_midfielder,Box-to-Box Midfielder (CM / 8),duel_win_pct,0.15,48.454,67.4
22007,Hassane Kamara,box_to_box_midfielder,Box-to-Box Midfielder (CM / 8),duel_win_pct,0.15,57.037,98.5
22222,Zeki Çelik,box_to_box_midfielder,Box-to-Box Midfielder (CM / 8),duel_win_pct,0.15,50.201,81.1
22254,Youssouf Fofana,box_to_box_midfielder,Box-to-Box Midfielder (CM / 8),duel_win_pct,0.15,41.667,21.2
23363,Noah Cadiou,box_to_box_midfielder,Box-to-Box Midfielder (CM / 8),duel_win_pct,0.15,44.444,36.0
24848,Christopher Trimmel,box_to_box_midfielder,Box-to-Box Midfielder (CM / 8),duel_win_pct,0.15,52.941,87.9
24880,Bakery Jatta,box_to_box_midfielder,Box-to-Box Midfielder (CM / 8),duel_win_pct,0.15,35.802,3.8
25300,Rani Khedira,box_to_box_midfielder,Box-to-Box Midfielder (CM / 8),duel_win_pct,0.15,46.988,58.3
25353,Valentino Lazaro,box_to_box_midfielder,Box-to-Box Midfielder (CM / 8),duel_win_pct,0.15,45.556,47.7
25400,Yannick Gerhardt,box_to_box_midfielder,Box-to-Box Midfielder (CM / 8),duel_win_pct,0.15,40.152,15.9
25413,Elvis Rexhbeçaj,box_to_box_midfielder,Box-to-Box Midfielder (CM / 8),duel_win_pct,0.15,45.133,43.2
25638,Florian Neuhaus,box_to_box_midfielder,Box-to-Box Midfielder (CM / 8),duel_win_pct,0.15,39.189,12.1
25915,Phillipp Mwene,box_to_box_midfielder,Box-to-Box Midfielder (CM / 8),duel_win_pct,0.15,47.399,61.4
26249,Janik Haberer,box_to_box_midfielder,Box-to-Box Midfielder (CM / 8),duel_win_pct,0.15,45.251,43.9
30505,Michel Adopo,box_to_box_midfielder,Box-to-Box Midfielder (CM / 8),duel_win_pct,0.15,45.652,48.5
30753,Mehdi Léris,box_to_box_midfielder,Box-to-Box Midfielder (CM / 8),duel_win_pct,0.15,58.545,99.2
30775,Giuseppe Pezzella,box_to_box_midfielder,Box-to-Box Midfielder (CM / 8),duel_win_pct,0.15,48.659,70.5
31137,Stefano Sabelli,box_to_box_midfielder,Box-to-Box Midfielder (CM / 8),duel_win_pct,0.15,53.571,91.3
31273,Tommaso Pobega,box_to_box_midfielder,Box-to-Box Midfielder (CM / 8),duel_win_pct,0.15,49.367,76.5
32966,Ao Tanaka,box_to_box_midfielder,Box-to-Box Midfielder (CM / 8),duel_win_pct,0.15,46.847,57.6
36916,Kingsley Ehizibue,box_to_box_midfielder,Box-to-Box Midfielder (CM / 8),duel_win_pct,0.15,46.512,54.5
37437,Abdou Harroui,box_to_box_midfielder,Box-to-Box Midfielder (CM / 8),duel_win_pct,0.15,36.364,5.3
39362,Marcus Pedersen,box_to_box_midfielder,Box-to-Box Midfielder (CM / 8),duel_win_pct,0.15,32.374,0.8
40560,Jakub Kamiński,box_to_box_midfielder,Box-to-Box Midfielder (CM / 8),duel_win_pct,0.15,44.939,40.9
46658,Rubén García,box_to_box_midfielder,Box-to-Box Midfielder (CM / 8),duel_win_pct,0.15,43.494,31.8
46662,Jon Moncayola,box_to_box_midfielder,Box-to-Box Midfielder (CM / 8),duel_win_pct,0.15,44.907,40.2
46731,Pervis Estupiñán,box_to_box_midfielder,Box-to-Box Midfielder (CM / 8),duel_win_pct,0.15,42.857,26.5
46887,Pedro Díaz,box_to_box_midfielder,Box-to-Box Midfielder (CM / 8),duel_win_pct,0.15,44.886,39.4
46933,Luis Rioja,box_to_box_midfielder,Box-to-Box Midfielder (CM / 8),duel_win_pct,0.15,46.46,53.8
47438,Mathias Jensen,box_to_box_midfielder,Box-to-Box Midfielder (CM / 8),duel_win_pct,0.15,41.919,22.7
47543,Álvaro García,box_to_box_midfielder,Box-to-Box Midfielder (CM / 8),duel_win_pct,0.15,38.732,9.8
48378,Silvan Widmer,box_to_box_midfielder,Box-to-Box Midfielder (CM / 8),duel_win_pct,0.15,54.362,93.9
48642,Cameron Puertas,box_to_box_midfielder,Box-to-Box Midfielder (CM / 8),duel_win_pct,0.15,44.49,37.1
56560,Youssef Maleh,box_to_box_midfielder,Box-to-Box Midfielder (CM / 8),duel_win_pct,0.15,45.399,45.5
89520,Mikael Ellertsson,box_to_box_midfielder,Box-to-Box Midfielder (CM / 8),duel_win_pct,0.15,45.763,50.0
91358,Emanuele Valeri,box_to_box_midfielder,Box-to-Box Midfielder (CM / 8),duel_win_pct,0.15,47.887,63.6
104821,Jon Guridi,box_to_box_midfielder,Box-to-Box Midfielder (CM / 8),duel_win_pct,0.15,45.455,46.2
104949,Pablo Martínez,box_to_box_midfielder,Box-to-Box Midfielder (CM / 8),duel_win_pct,0.15,39.86,13.6
107194,Antonio Sánchez,box_to_box_midfielder,Box-to-Box Midfielder (CM / 8),duel_win_pct,0.15,38.095,7.6
126980,Tommaso Barbieri,box_to_box_midfielder,Box-to-Box Midfielder (CM / 8),duel_win_pct,0.15,48.485,69.3
127426,Pol Lozano,box_to_box_midfielder,Box-to-Box Midfielder (CM / 8),duel_win_pct,0.15,38.14,8.3
127619,Jan Schöppner,box_to_box_midfielder,Box-to-Box Midfielder (CM / 8),duel_win_pct,0.15,43.32,30.3
128853,Derrick Köhn,box_to_box_midfielder,Box-to-Box Midfielder (CM / 8),duel_win_pct,0.15,44.079,34.1
128985,Iker Losada,box_to_box_midfielder,Box-to-Box Midfielder (CM / 8),duel_win_pct,0.15,41.429,18.9
128987,Salis Abdul Samed,box_to_box_midfielder,Box-to-Box Midfielder (CM / 8),duel_win_pct,0.15,36.709,6.1
135749,Félix Correia,box_to_box_midfielder,Box-to-Box Midfielder (CM / 8),duel_win_pct,0.15,47.191,60.6
143831,Robin Fellhauer,box_to_box_midfielder,Box-to-Box Midfielder (CM / 8),duel_win_pct,0.15,52.364,87.1
144740,Fisayo Dele-Bashiru,box_to_box_midfielder,Box-to-Box Midfielder (CM / 8),duel_win_pct,0.15,41.892,22.0
146586,Joel Chima Fujita,box_to_box_midfielder,Box-to-Box Midfielder (CM / 8),duel_win_pct,0.15,47.436,62.9
148448,Arkadiusz Pyrka,box_to_box_midfielder,Box-to-Box Midfielder (CM / 8),duel_win_pct,0.15,48.768,71.2
161569,Oliver Sørensen,box_to_box_midfielder,Box-to-Box Midfielder (CM / 8),duel_win_pct,0.15,40.141,15.2
162907,Alessandro Zanoli,box_to_box_midfielder,Box-to-Box Midfielder (CM / 8),duel_win_pct,0.15,53.043,89.4
163022,Patrick Osterhage,box_to_box_midfielder,Box-to-Box Midfielder (CM / 8),duel_win_pct,0.15,40.594,16.7
174625,Fodé Doucouré,box_to_box_midfielder,Box-to-Box Midfielder (CM / 8),duel_win_pct,0.15,49.558,77.3
174660,Lilian Raolisoa,box_to_box_midfielder,Box-to-Box Midfielder (CM / 8),duel_win_pct,0.15,52.018,85.6
174703,Théo Le Bris,box_to_box_midfielder,Box-to-Box Midfielder (CM / 8),duel_win_pct,0.15,55.556,96.6
174937,Yassine Kechta,box_to_box_midfielder,Box-to-Box Midfielder (CM / 8),duel_win_pct,0.15,34.118,1.9
179955,Javier Rueda,box_to_box_midfielder,Box-to-Box Midfielder (CM / 8),duel_win_pct,0.15,46.622,55.3
181259,Abel Bretones,box_to_box_midfielder,Box-to-Box Midfielder (CM / 8),duel_win_pct,0.15,53.061,90.2
181908,Jan Uwe Thielmann,box_to_box_midfielder,Box-to-Box Midfielder (CM / 8),duel_win_pct,0.15,48.905,72.0
182201,Tyrick Mitchell,box_to_box_midfielder,Box-to-Box Midfielder (CM / 8),duel_win_pct,0.15,55.556,96.6
193617,Tom Louchet,box_to_box_midfielder,Box-to-Box Midfielder (CM / 8),duel_win_pct,0.15,51.799,83.3
197448,Yan Couto,box_to_box_midfielder,Box-to-Box Midfielder (CM / 8),duel_win_pct,0.15,45.283,44.7
198654,Daniel Svensson,box_to_box_midfielder,Box-to-Box Midfielder (CM / 8),duel_win_pct,0.15,48.187,65.2
202526,Eren Dinkçi,box_to_box_midfielder,Box-to-Box Midfielder (CM / 8),duel_win_pct,0.15,38.462,9.1
202636,Louis Oppie,box_to_box_midfielder,Box-to-Box Midfielder (CM / 8),duel_win_pct,0.15,46.154,51.5
203011,Julian Niehues,box_to_box_midfielder,Box-to-Box Midfielder (CM / 8),duel_win_pct,0.15,51.852,84.1
263538,Yehor Yarmoliuk,box_to_box_midfielder,Box-to-Box Midfielder (CM / 8),duel_win_pct,0.15,45.714,49.2
265722,Rafael Obrador,box_to_box_midfielder,Box-to-Box Midfielder (CM / 8),duel_win_pct,0.15,42.391,24.2
265782,David Møller Wolfe,box_to_box_midfielder,Box-to-Box Midfielder (CM / 8),duel_win_pct,0.15,53.571,91.3
265820,Yasin Ayari,box_to_box_midfielder,Box-to-Box Midfielder (CM / 8),duel_win_pct,0.15,47.418,62.1
270508,Lesley Ugochukwu,box_to_box_midfielder,Box-to-Box Midfielder (CM / 8),duel_win_pct,0.15,49.593,78.0
278370,Diego Gómez,box_to_box_midfielder,Box-to-Box Midfielder (CM / 8),duel_win_pct,0.15,49.846,79.5
280687,Hugo Bueno,box_to_box_midfielder,Box-to-Box Midfielder (CM / 8),duel_win_pct,0.15,48.288,66.7
282770,Rodrigo Gomes,box_to_box_midfielder,Box-to-Box Midfielder (CM / 8),duel_win_pct,0.15,43.269,29.5
284570,Brooke Norton-Cuffy,box_to_box_midfielder,Box-to-Box Midfielder (CM / 8),duel_win_pct,0.15,49.765,78.8
289555,Louis Mouton,box_to_box_midfielder,Box-to-Box Midfielder (CM / 8),duel_win_pct,0.15,41.5,19.7
296560,Jackson Tchatchoua,box_to_box_midfielder,Box-to-Box Midfielder (CM / 8),duel_win_pct,0.15,49.254,75.0
302632,William Mikelbrencis,box_to_box_midfielder,Box-to-Box Midfielder (CM / 8),duel_win_pct,0.15,43.056,28.0
303362,Rafik Belghali,box_to_box_midfielder,Box-to-Box Midfielder (CM / 8),duel_win_pct,0.15,42.935,27.3
305730,Jack Hinshelwood,box_to_box_midfielder,Box-to-Box Midfielder (CM / 8),duel_win_pct,0.15,35.938,4.5
309388,Matteo Prati,box_to_box_midfielder,Box-to-Box Midfielder (CM / 8),duel_win_pct,0.15,49.306,75.8
311083,Cher Ndour,box_to_box_midfielder,Box-to-Box Midfielder (CM / 8),duel_win_pct,0.15,46.19,52.3
315699,Javier Guerra,box_to_box_midfielder,Box-to-Box Midfielder (CM / 8),duel_win_pct,0.15,39.556,12.9
328089,Archie Gray,box_to_box_midfielder,Box-to-Box Midfielder (CM / 8),duel_win_pct,0.15,34.118,1.9
330238,Lucas Pires,box_to_box_midfielder,Box-to-Box Midfielder (CM / 8),duel_win_pct,0.15,44.628,37.9
333137,Kassoum Ouattara,box_to_box_midfielder,Box-to-Box Midfielder (CM / 8),duel_win_pct,0.15,43.972,32.6
333502,Miguel Román,box_to_box_midfielder,Box-to-Box Midfielder (CM / 8),duel_win_pct,0.15,47.17,59.8
336659,Chemsdine Talbi,box_to_box_midfielder,Box-to-Box Midfielder (CM / 8),duel_win_pct,0.15,31.868,0.0
339874,Oscar Højlund,box_to_box_midfielder,Box-to-Box Midfielder (CM / 8),duel_win_pct,0.15,37.931,6.8
342651,Romano Floriani Mussolini,box_to_box_midfielder,Box-to-Box Midfielder (CM / 8),duel_win_pct,0.15,45.038,42.0
343792,Djaoui Cissé,box_to_box_midfielder,Box-to-Box Midfielder (CM / 8),duel_win_pct,0.15,47.059,59.1
347316,Lucas Bergvall,box_to_box_midfielder,Box-to-Box Midfielder (CM / 8),duel_win_pct,0.15,43.363,31.1
352375,Arthur,box_to_box_midfielder,Box-to-Box Midfielder (CM / 8),duel_win_pct,0.15,45.038,42.0
353609,Sulemana,box_to_box_midfielder,Box-to-Box Midfielder (CM / 8),duel_win_pct,0.15,49.107,73.5
356888,Niccolò Pisilli,box_to_box_midfielder,Box-to-Box Midfielder (CM / 8),duel_win_pct,0.15,34.437,3.0
358166,Abdoul Ouattara,box_to_box_midfielder,Box-to-Box Midfielder (CM / 8),duel_win_pct,0.15,48.936,72.7
362752,Christian Ordoñez,box_to_box_midfielder,Box-to-Box Midfielder (CM / 8),duel_win_pct,0.15,39.024,11.4
374359,Davide Bartesaghi,box_to_box_midfielder,Box-to-Box Midfielder (CM / 8),duel_win_pct,0.15,48.077,64.4
419035,Mamadou Coulibaly,box_to_box_midfielder,Box-to-Box Midfielder (CM / 8),duel_win_pct,0.15,44.022,33.3
443674,Louis Leroux,box_to_box_midfielder,Box-to-Box Midfielder (CM / 8),duel_win_pct,0.15,52.985,88.6
452697,Dayann Methalie,box_to_box_midfielder,Box-to-Box Midfielder (CM / 8),duel_win_pct,0.15,40.076,14.4
499380,Sascha Britschgi,box_to_box_midfielder,Box-to-Box Midfielder (CM / 8),duel_win_pct,0.15,44.444,36.0
514464,Alexis Vossah,box_to_box_midfielder,Box-to-Box Midfielder (CM / 8),duel_win_pct,0.15,48.235,65.9
26,Marius Wolf,box_to_box_midfielder,Box-to-Box Midfielder (CM / 8),pass_accuracy_pct,0.15,67.29,0.8
102,Djibril Sidibé,box_to_box_midfielder,Box-to-Box Midfielder (CM / 8),pass_accuracy_pct,0.15,79.933,51.5
226,Denzel Dumfries,box_to_box_midfielder,Box-to-Box Midfielder (CM / 8),pass_accuracy_pct,0.15,80.106,53.8
292,Jordan Henderson,box_to_box_midfielder,Box-to-Box Midfielder (CM / 8),pass_accuracy_pct,0.15,77.979,37.1
418,Suat Serdar,box_to_box_midfielder,Box-to-Box Midfielder (CM / 8),pass_accuracy_pct,0.15,72.081,9.1
541,Jürgen Ekkelenkamp,box_to_box_midfielder,Box-to-Box Midfielder (CM / 8),pass_accuracy_pct,0.15,79.375,47.0
862,Leonardo Spinazzola,box_to_box_midfielder,Box-to-Box Midfielder (CM / 8),pass_accuracy_pct,0.15,80.73,56.1
1014,Simon Sohm,box_to_box_midfielder,Box-to-Box Midfielder (CM / 8),pass_accuracy_pct,0.15,85.464,87.1
1090,Antoine Bernede,box_to_box_midfielder,Box-to-Box Midfielder (CM / 8),pass_accuracy_pct,0.15,77.416,35.6
1138,Tim Weah,box_to_box_midfielder,Box-to-Box Midfielder (CM / 8),pass_accuracy_pct,0.15,85.967,90.2
1243,Tomáš Souček,box_to_box_midfielder,Box-to-Box Midfielder (CM / 8),pass_accuracy_pct,0.15,77.654,36.4
1463,Joe Willock,box_to_box_midfielder,Box-to-Box Midfielder (CM / 8),pass_accuracy_pct,0.15,84.123,82.6
1639,Marco Brescianini,box_to_box_midfielder,Box-to-Box Midfielder (CM / 8),pass_accuracy_pct,0.15,83.376,79.5
1914,Morgan Sanson,box_to_box_midfielder,Box-to-Box Midfielder (CM / 8),pass_accuracy_pct,0.15,81.44,63.6
1930,Joakim Mæhle,box_to_box_midfielder,Box-to-Box Midfielder (CM / 8),pass_accuracy_pct,0.15,82.098,71.2
2286,Davide Zappacosta,box_to_box_midfielder,Box-to-Box Midfielder (CM / 8),pass_accuracy_pct,0.15,85.056,84.8
2360,Dimitrios Giannoulis,box_to_box_midfielder,Box-to-Box Midfielder (CM / 8),pass_accuracy_pct,0.15,71.341,6.8
2906,Jae-sung Lee,box_to_box_midfielder,Box-to-Box Midfielder (CM / 8),pass_accuracy_pct,0.15,77.266,34.1
6409,Nahuel Estévez,box_to_box_midfielder,Box-to-Box Midfielder (CM / 8),pass_accuracy_pct,0.15,78.131,37.9
13736,Daniel Muñoz,box_to_box_midfielder,Box-to-Box Midfielder (CM / 8),pass_accuracy_pct,0.15,79.248,45.5
14327,Domagoj Bradarić,box_to_box_midfielder,Box-to-Box Midfielder (CM / 8),pass_accuracy_pct,0.15,75.895,23.5
14395,Kristijan Jakić,box_to_box_midfielder,Box-to-Box Midfielder (CM / 8),pass_accuracy_pct,0.15,80.305,54.5
15592,Jens Stage,box_to_box_midfielder,Box-to-Box Midfielder (CM / 8),pass_accuracy_pct,0.15,75.272,19.7
15908,Mikkel Damsgaard,box_to_box_midfielder,Box-to-Box Midfielder (CM / 8),pass_accuracy_pct,0.15,76.341,28.0
15909,Martin Frese,box_to_box_midfielder,Box-to-Box Midfielder (CM / 8),pass_accuracy_pct,0.15,75.07,18.2
18929,Dwight McNeil,box_to_box_midfielder,Box-to-Box Midfielder (CM / 8),pass_accuracy_pct,0.15,81.481,64.4
19201,Jayden Bogle,box_to_box_midfielder,Box-to-Box Midfielder (CM / 8),pass_accuracy_pct,0.15,76.244,25.0
19824,Jordan Zemura,box_to_box_midfielder,Box-to-Box Midfielder (CM / 8),pass_accuracy_pct,0.15,73.574,13.6
20638,Enzo Le Fée,box_to_box_midfielder,Box-to-Box Midfielder (CM / 8),pass_accuracy_pct,0.15,81.402,62.9
20704,Alimami Gory,box_to_box_midfielder,Box-to-Box Midfielder (CM / 8),pass_accuracy_pct,0.15,82.353,73.5
22007,Hassane Kamara,box_to_box_midfielder,Box-to-Box Midfielder (CM / 8),pass_accuracy_pct,0.15,81.744,68.9
22222,Zeki Çelik,box_to_box_midfielder,Box-to-Box Midfielder (CM / 8),pass_accuracy_pct,0.15,85.226,86.4
22254,Youssouf Fofana,box_to_box_midfielder,Box-to-Box Midfielder (CM / 8),pass_accuracy_pct,0.15,82.69,75.8
23363,Noah Cadiou,box_to_box_midfielder,Box-to-Box Midfielder (CM / 8),pass_accuracy_pct,0.15,87.715,96.2
24848,Christopher Trimmel,box_to_box_midfielder,Box-to-Box Midfielder (CM / 8),pass_accuracy_pct,0.15,68.041,2.3
24880,Bakery Jatta,box_to_box_midfielder,Box-to-Box Midfielder (CM / 8),pass_accuracy_pct,0.15,81.614,65.9
25300,Rani Khedira,box_to_box_midfielder,Box-to-Box Midfielder (CM / 8),pass_accuracy_pct,0.15,66.616,0.0
25353,Valentino Lazaro,box_to_box_midfielder,Box-to-Box Midfielder (CM / 8),pass_accuracy_pct,0.15,79.384,47.7
25400,Yannick Gerhardt,box_to_box_midfielder,Box-to-Box Midfielder (CM / 8),pass_accuracy_pct,0.15,81.855,69.7
25413,Elvis Rexhbeçaj,box_to_box_midfielder,Box-to-Box Midfielder (CM / 8),pass_accuracy_pct,0.15,77.34,34.8
25638,Florian Neuhaus,box_to_box_midfielder,Box-to-Box Midfielder (CM / 8),pass_accuracy_pct,0.15,79.878,50.8
25915,Phillipp Mwene,box_to_box_midfielder,Box-to-Box Midfielder (CM / 8),pass_accuracy_pct,0.15,75.593,21.2
26249,Janik Haberer,box_to_box_midfielder,Box-to-Box Midfielder (CM / 8),pass_accuracy_pct,0.15,76.28,25.8
30505,Michel Adopo,box_to_box_midfielder,Box-to-Box Midfielder (CM / 8),pass_accuracy_pct,0.15,82.288,72.7
30753,Mehdi Léris,box_to_box_midfielder,Box-to-Box Midfielder (CM / 8),pass_accuracy_pct,0.15,70.41,4.5
30775,Giuseppe Pezzella,box_to_box_midfielder,Box-to-Box Midfielder (CM / 8),pass_accuracy_pct,0.15,76.903,30.3
31137,Stefano Sabelli,box_to_box_midfielder,Box-to-Box Midfielder (CM / 8),pass_accuracy_pct,0.15,69.277,3.8
31273,Tommaso Pobega,box_to_box_midfielder,Box-to-Box Midfielder (CM / 8),pass_accuracy_pct,0.15,77.255,33.3
32966,Ao Tanaka,box_to_box_midfielder,Box-to-Box Midfielder (CM / 8),pass_accuracy_pct,0.15,85.86,89.4
36916,Kingsley Ehizibue,box_to_box_midfielder,Box-to-Box Midfielder (CM / 8),pass_accuracy_pct,0.15,79.412,48.5
37437,Abdou Harroui,box_to_box_midfielder,Box-to-Box Midfielder (CM / 8),pass_accuracy_pct,0.15,81.717,68.2
39362,Marcus Pedersen,box_to_box_midfielder,Box-to-Box Midfielder (CM / 8),pass_accuracy_pct,0.15,77.174,31.8
40560,Jakub Kamiński,box_to_box_midfielder,Box-to-Box Midfielder (CM / 8),pass_accuracy_pct,0.15,80.059,52.3
46658,Rubén García,box_to_box_midfielder,Box-to-Box Midfielder (CM / 8),pass_accuracy_pct,0.15,79.348,46.2
46662,Jon Moncayola,box_to_box_midfielder,Box-to-Box Midfielder (CM / 8),pass_accuracy_pct,0.15,80.101,53.0
46731,Pervis Estupiñán,box_to_box_midfielder,Box-to-Box Midfielder (CM / 8),pass_accuracy_pct,0.15,86.717,93.9
46887,Pedro Díaz,box_to_box_midfielder,Box-to-Box Midfielder (CM / 8),pass_accuracy_pct,0.15,84.896,84.1
46933,Luis Rioja,box_to_box_midfielder,Box-to-Box Midfielder (CM / 8),pass_accuracy_pct,0.15,78.546,40.9
47438,Mathias Jensen,box_to_box_midfielder,Box-to-Box Midfielder (CM / 8),pass_accuracy_pct,0.15,80.859,57.6
47543,Álvaro García,box_to_box_midfielder,Box-to-Box Midfielder (CM / 8),pass_accuracy_pct,0.15,68.33,3.0
48378,Silvan Widmer,box_to_box_midfielder,Box-to-Box Midfielder (CM / 8),pass_accuracy_pct,0.15,74.731,17.4
48642,Cameron Puertas,box_to_box_midfielder,Box-to-Box Midfielder (CM / 8),pass_accuracy_pct,0.15,85.486,87.9
56560,Youssef Maleh,box_to_box_midfielder,Box-to-Box Midfielder (CM / 8),pass_accuracy_pct,0.15,78.669,42.4
89520,Mikael Ellertsson,box_to_box_midfielder,Box-to-Box Midfielder (CM / 8),pass_accuracy_pct,0.15,75.667,22.7
91358,Emanuele Valeri,box_to_box_midfielder,Box-to-Box Midfielder (CM / 8),pass_accuracy_pct,0.15,73.103,11.4
104821,Jon Guridi,box_to_box_midfielder,Box-to-Box Midfielder (CM / 8),pass_accuracy_pct,0.15,82.167,72.0
104949,Pablo Martínez,box_to_box_midfielder,Box-to-Box Midfielder (CM / 8),pass_accuracy_pct,0.15,78.52,40.2
107194,Antonio Sánchez,box_to_box_midfielder,Box-to-Box Midfielder (CM / 8),pass_accuracy_pct,0.15,78.571,41.7
126980,Tommaso Barbieri,box_to_box_midfielder,Box-to-Box Midfielder (CM / 8),pass_accuracy_pct,0.15,73.321,12.1
127426,Pol Lozano,box_to_box_midfielder,Box-to-Box Midfielder (CM / 8),pass_accuracy_pct,0.15,87.09,94.7
127619,Jan Schöppner,box_to_box_midfielder,Box-to-Box Midfielder (CM / 8),pass_accuracy_pct,0.15,68.006,1.5
128853,Derrick Köhn,box_to_box_midfielder,Box-to-Box Midfielder (CM / 8),pass_accuracy_pct,0.15,76.302,26.5
128985,Iker Losada,box_to_box_midfielder,Box-to-Box Midfielder (CM / 8),pass_accuracy_pct,0.15,71.366,7.6
128987,Salis Abdul Samed,box_to_box_midfielder,Box-to-Box Midfielder (CM / 8),pass_accuracy_pct,0.15,91.855,99.2
135749,Félix Correia,box_to_box_midfielder,Box-to-Box Midfielder (CM / 8),pass_accuracy_pct,0.15,78.728,43.2
143831,Robin Fellhauer,box_to_box_midfielder,Box-to-Box Midfielder (CM / 8),pass_accuracy_pct,0.15,75.637,22.0
144740,Fisayo Dele-Bashiru,box_to_box_midfielder,Box-to-Box Midfielder (CM / 8),pass_accuracy_pct,0.15,92.205,100.0
146586,Joel Chima Fujita,box_to_box_midfielder,Box-to-Box Midfielder (CM / 8),pass_accuracy_pct,0.15,76.701,29.5
148448,Arkadiusz Pyrka,box_to_box_midfielder,Box-to-Box Midfielder (CM / 8),pass_accuracy_pct,0.15,73.362,12.9
161569,Oliver Sørensen,box_to_box_midfielder,Box-to-Box Midfielder (CM / 8),pass_accuracy_pct,0.15,82.879,77.3
162907,Alessandro Zanoli,box_to_box_midfielder,Box-to-Box Midfielder (CM / 8),pass_accuracy_pct,0.15,80.46,55.3
163022,Patrick Osterhage,box_to_box_midfielder,Box-to-Box Midfielder (CM / 8),pass_accuracy_pct,0.15,86.652,93.2
174625,Fodé Doucouré,box_to_box_midfielder,Box-to-Box Midfielder (CM / 8),pass_accuracy_pct,0.15,81.019,59.8
174660,Lilian Raolisoa,box_to_box_midfielder,Box-to-Box Midfielder (CM / 8),pass_accuracy_pct,0.15,74.308,15.9
174703,Théo Le Bris,box_to_box_midfielder,Box-to-Box Midfielder (CM / 8),pass_accuracy_pct,0.15,86.262,92.4
174937,Yassine Kechta,box_to_box_midfielder,Box-to-Box Midfielder (CM / 8),pass_accuracy_pct,0.15,79.665,49.2
179955,Javier Rueda,box_to_box_midfielder,Box-to-Box Midfielder (CM / 8),pass_accuracy_pct,0.15,76.316,27.3
181259,Abel Bretones,box_to_box_midfielder,Box-to-Box Midfielder (CM / 8),pass_accuracy_pct,0.15,77.183,32.6
181908,Jan Uwe Thielmann,box_to_box_midfielder,Box-to-Box Midfielder (CM / 8),pass_accuracy_pct,0.15,75.123,18.9
182201,Tyrick Mitchell,box_to_box_midfielder,Box-to-Box Midfielder (CM / 8),pass_accuracy_pct,0.15,73.08,10.6
193617,Tom Louchet,box_to_box_midfielder,Box-to-Box Midfielder (CM / 8),pass_accuracy_pct,0.15,78.846,43.9
197448,Yan Couto,box_to_box_midfielder,Box-to-Box Midfielder (CM / 8),pass_accuracy_pct,0.15,81.699,67.4
198654,Daniel Svensson,box_to_box_midfielder,Box-to-Box Midfielder (CM / 8),pass_accuracy_pct,0.15,83.452,80.3
202526,Eren Dinkçi,box_to_box_midfielder,Box-to-Box Midfielder (CM / 8),pass_accuracy_pct,0.15,70.617,6.1
202636,Louis Oppie,box_to_box_midfielder,Box-to-Box Midfielder (CM / 8),pass_accuracy_pct,0.15,78.395,38.6
203011,Julian Niehues,box_to_box_midfielder,Box-to-Box Midfielder (CM / 8),pass_accuracy_pct,0.15,81.997,70.5
263538,Yehor Yarmoliuk,box_to_box_midfielder,Box-to-Box Midfielder (CM / 8),pass_accuracy_pct,0.15,84.336,83.3
265722,Rafael Obrador,box_to_box_midfielder,Box-to-Box Midfielder (CM / 8),pass_accuracy_pct,0.15,81.337,61.4
265782,David Møller Wolfe,box_to_box_midfielder,Box-to-Box Midfielder (CM / 8),pass_accuracy_pct,0.15,74.231,14.4
265820,Yasin Ayari,box_to_box_midfielder,Box-to-Box Midfielder (CM / 8),pass_accuracy_pct,0.15,86.146,91.7
270508,Lesley Ugochukwu,box_to_box_midfielder,Box-to-Box Midfielder (CM / 8),pass_accuracy_pct,0.15,83.376,78.8
278370,Diego Gómez,box_to_box_midfielder,Box-to-Box Midfielder (CM / 8),pass_accuracy_pct,0.15,78.476,39.4
280687,Hugo Bueno,box_to_box_midfielder,Box-to-Box Midfielder (CM / 8),pass_accuracy_pct,0.15,80.756,56.8
282770,Rodrigo Gomes,box_to_box_midfielder,Box-to-Box Midfielder (CM / 8),pass_accuracy_pct,0.15,72.519,9.8
284570,Brooke Norton-Cuffy,box_to_box_midfielder,Box-to-Box Midfielder (CM / 8),pass_accuracy_pct,0.15,81.111,60.6
289555,Louis Mouton,box_to_box_midfielder,Box-to-Box Midfielder (CM / 8),pass_accuracy_pct,0.15,75.53,20.5
296560,Jackson Tchatchoua,box_to_box_midfielder,Box-to-Box Midfielder (CM / 8),pass_accuracy_pct,0.15,76.525,28.8
302632,William Mikelbrencis,box_to_box_midfielder,Box-to-Box Midfielder (CM / 8),pass_accuracy_pct,0.15,71.549,8.3
303362,Rafik Belghali,box_to_box_midfielder,Box-to-Box Midfielder (CM / 8),pass_accuracy_pct,0.15,77.143,31.1
305730,Jack Hinshelwood,box_to_box_midfielder,Box-to-Box Midfielder (CM / 8),pass_accuracy_pct,0.15,82.54,74.2
309388,Matteo Prati,box_to_box_midfielder,Box-to-Box Midfielder (CM / 8),pass_accuracy_pct,0.15,79.765,50.0
311083,Cher Ndour,box_to_box_midfielder,Box-to-Box Midfielder (CM / 8),pass_accuracy_pct,0.15,82.804,76.5
315699,Javier Guerra,box_to_box_midfielder,Box-to-Box Midfielder (CM / 8),pass_accuracy_pct,0.15,81.568,65.2
328089,Archie Gray,box_to_box_midfielder,Box-to-Box Midfielder (CM / 8),pass_accuracy_pct,0.15,83.117,78.0
330238,Lucas Pires,box_to_box_midfielder,Box-to-Box Midfielder (CM / 8),pass_accuracy_pct,0.15,83.929,81.8
333137,Kassoum Ouattara,box_to_box_midfielder,Box-to-Box Midfielder (CM / 8),pass_accuracy_pct,0.15,74.271,15.2
333502,Miguel Román,box_to_box_midfielder,Box-to-Box Midfielder (CM / 8),pass_accuracy_pct,0.15,87.567,95.5
336659,Chemsdine Talbi,box_to_box_midfielder,Box-to-Box Midfielder (CM / 8),pass_accuracy_pct,0.15,81.343,62.1
339874,Oscar Højlund,box_to_box_midfielder,Box-to-Box Midfielder (CM / 8),pass_accuracy_pct,0.15,89.876,97.7
342651,Romano Floriani Mussolini,box_to_box_midfielder,Box-to-Box Midfielder (CM / 8),pass_accuracy_pct,0.15,70.588,5.3
343792,Djaoui Cissé,box_to_box_midfielder,Box-to-Box Midfielder (CM / 8),pass_accuracy_pct,0.15,80.859,58.3
347316,Lucas Bergvall,box_to_box_midfielder,Box-to-Box Midfielder (CM / 8),pass_accuracy_pct,0.15,81.639,66.7
352375,Arthur,box_to_box_midfielder,Box-to-Box Midfielder (CM / 8),pass_accuracy_pct,0.15,83.696,81.1
353609,Sulemana,box_to_box_midfielder,Box-to-Box Midfielder (CM / 8),pass_accuracy_pct,0.15,88.918,97.0
356888,Niccolò Pisilli,box_to_box_midfielder,Box-to-Box Midfielder (CM / 8),pass_accuracy_pct,0.15,86.084,90.9
358166,Abdoul Ouattara,box_to_box_midfielder,Box-to-Box Midfielder (CM / 8),pass_accuracy_pct,0.15,90.023,98.5
362752,Christian Ordoñez,box_to_box_midfielder,Box-to-Box Midfielder (CM / 8),pass_accuracy_pct,0.15,82.576,75.0
374359,Davide Bartesaghi,box_to_box_midfielder,Box-to-Box Midfielder (CM / 8),pass_accuracy_pct,0.15,85.795,88.6
419035,Mamadou Coulibaly,box_to_box_midfielder,Box-to-Box Midfielder (CM / 8),pass_accuracy_pct,0.15,85.066,85.6
443674,Louis Leroux,box_to_box_midfielder,Box-to-Box Midfielder (CM / 8),pass_accuracy_pct,0.15,74.398,16.7
452697,Dayann Methalie,box_to_box_midfielder,Box-to-Box Midfielder (CM / 8),pass_accuracy_pct,0.15,79.229,44.7
499380,Sascha Britschgi,box_to_box_midfielder,Box-to-Box Midfielder (CM / 8),pass_accuracy_pct,0.15,76.098,24.2
514464,Alexis Vossah,box_to_box_midfielder,Box-to-Box Midfielder (CM / 8),pass_accuracy_pct,0.15,80.965,59.1
26,Marius Wolf,box_to_box_midfielder,Box-to-Box Midfielder (CM / 8),goals_per90,0.15,0.087,53.8
102,Djibril Sidibé,box_to_box_midfielder,Box-to-Box Midfielder (CM / 8),goals_per90,0.15,0.125,71.2
226,Denzel Dumfries,box_to_box_midfielder,Box-to-Box Midfielder (CM / 8),goals_per90,0.15,0.203,92.4
292,Jordan Henderson,box_to_box_midfielder,Box-to-Box Midfielder (CM / 8),goals_per90,0.15,0.047,31.1
418,Suat Serdar,box_to_box_midfielder,Box-to-Box Midfielder (CM / 8),goals_per90,0.15,0.161,81.1
541,Jürgen Ekkelenkamp,box_to_box_midfielder,Box-to-Box Midfielder (CM / 8),goals_per90,0.15,0.204,93.2
862,Leonardo Spinazzola,box_to_box_midfielder,Box-to-Box Midfielder (CM / 8),goals_per90,0.15,0.142,75.8
1014,Simon Sohm,box_to_box_midfielder,Box-to-Box Midfielder (CM / 8),goals_per90,0.15,0.0,11.0
1090,Antoine Bernede,box_to_box_midfielder,Box-to-Box Midfielder (CM / 8),goals_per90,0.15,0.039,28.8
1138,Tim Weah,box_to_box_midfielder,Box-to-Box Midfielder (CM / 8),goals_per90,0.15,0.08,46.2
1243,Tomáš Souček,box_to_box_midfielder,Box-to-Box Midfielder (CM / 8),goals_per90,0.15,0.203,91.7
1463,Joe Willock,box_to_box_midfielder,Box-to-Box Midfielder (CM / 8),goals_per90,0.15,0.0,11.0
1639,Marco Brescianini,box_to_box_midfielder,Box-to-Box Midfielder (CM / 8),goals_per90,0.15,0.172,83.3
1914,Morgan Sanson,box_to_box_midfielder,Box-to-Box Midfielder (CM / 8),goals_per90,0.15,0.0,11.0
1930,Joakim Mæhle,box_to_box_midfielder,Box-to-Box Midfielder (CM / 8),goals_per90,0.15,0.067,38.6
2286,Davide Zappacosta,box_to_box_midfielder,Box-to-Box Midfielder (CM / 8),goals_per90,0.15,0.105,66.7
2360,Dimitrios Giannoulis,box_to_box_midfielder,Box-to-Box Midfielder (CM / 8),goals_per90,0.15,0.095,58.3
2906,Jae-sung Lee,box_to_box_midfielder,Box-to-Box Midfielder (CM / 8),goals_per90,0.15,0.164,81.8
6409,Nahuel Estévez,box_to_box_midfielder,Box-to-Box Midfielder (CM / 8),goals_per90,0.15,0.0,11.0
13736,Daniel Muñoz,box_to_box_midfielder,Box-to-Box Midfielder (CM / 8),goals_per90,0.15,0.15,78.0
14327,Domagoj Bradarić,box_to_box_midfielder,Box-to-Box Midfielder (CM / 8),goals_per90,0.15,0.0,11.0
14395,Kristijan Jakić,box_to_box_midfielder,Box-to-Box Midfielder (CM / 8),goals_per90,0.15,0.109,67.4
15592,Jens Stage,box_to_box_midfielder,Box-to-Box Midfielder (CM / 8),goals_per90,0.15,0.365,99.2
15908,Mikkel Damsgaard,box_to_box_midfielder,Box-to-Box Midfielder (CM / 8),goals_per90,0.15,0.173,84.8
15909,Martin Frese,box_to_box_midfielder,Box-to-Box Midfielder (CM / 8),goals_per90,0.15,0.075,42.4
18929,Dwight McNeil,box_to_box_midfielder,Box-to-Box Midfielder (CM / 8),goals_per90,0.15,0.0,11.0
19201,Jayden Bogle,box_to_box_midfielder,Box-to-Box Midfielder (CM / 8),goals_per90,0.15,0.032,24.2
19824,Jordan Zemura,box_to_box_midfielder,Box-to-Box Midfielder (CM / 8),goals_per90,0.15,0.0,11.0
20638,Enzo Le Fée,box_to_box_midfielder,Box-to-Box Midfielder (CM / 8),goals_per90,0.15,0.153,78.8
20704,Alimami Gory,box_to_box_midfielder,Box-to-Box Midfielder (CM / 8),goals_per90,0.15,0.455,100.0
22007,Hassane Kamara,box_to_box_midfielder,Box-to-Box Midfielder (CM / 8),goals_per90,0.15,0.0,11.0
22222,Zeki Çelik,box_to_box_midfielder,Box-to-Box Midfielder (CM / 8),goals_per90,0.15,0.033,25.8
22254,Youssouf Fofana,box_to_box_midfielder,Box-to-Box Midfielder (CM / 8),goals_per90,0.15,0.081,48.5
23363,Noah Cadiou,box_to_box_midfielder,Box-to-Box Midfielder (CM / 8),goals_per90,0.15,0.144,77.3
24848,Christopher Trimmel,box_to_box_midfielder,Box-to-Box Midfielder (CM / 8),goals_per90,0.15,0.0,11.0
24880,Bakery Jatta,box_to_box_midfielder,Box-to-Box Midfielder (CM / 8),goals_per90,0.15,0.098,62.1
25300,Rani Khedira,box_to_box_midfielder,Box-to-Box Midfielder (CM / 8),goals_per90,0.15,0.159,79.5
25353,Valentino Lazaro,box_to_box_midfielder,Box-to-Box Midfielder (CM / 8),goals_per90,0.15,0.0,11.0
25400,Yannick Gerhardt,box_to_box_midfielder,Box-to-Box Midfielder (CM / 8),goals_per90,0.15,0.079,44.7
25413,Elvis Rexhbeçaj,box_to_box_midfielder,Box-to-Box Midfielder (CM / 8),goals_per90,0.15,0.161,80.3
25638,Florian Neuhaus,box_to_box_midfielder,Box-to-Box Midfielder (CM / 8),goals_per90,0.15,0.0,11.0
25915,Phillipp Mwene,box_to_box_midfielder,Box-to-Box Midfielder (CM / 8),goals_per90,0.15,0.043,30.3
26249,Janik Haberer,box_to_box_midfielder,Box-to-Box Midfielder (CM / 8),goals_per90,0.15,0.0,11.0
30505,Michel Adopo,box_to_box_midfielder,Box-to-Box Midfielder (CM / 8),goals_per90,0.15,0.029,23.5
30753,Mehdi Léris,box_to_box_midfielder,Box-to-Box Midfielder (CM / 8),goals_per90,0.15,0.094,56.8
30775,Giuseppe Pezzella,box_to_box_midfielder,Box-to-Box Midfielder (CM / 8),goals_per90,0.15,0.0,11.0
31137,Stefano Sabelli,box_to_box_midfielder,Box-to-Box Midfielder (CM / 8),goals_per90,0.15,0.0,11.0
31273,Tommaso Pobega,box_to_box_midfielder,Box-to-Box Midfielder (CM / 8),goals_per90,0.15,0.186,88.6
32966,Ao Tanaka,box_to_box_midfielder,Box-to-Box Midfielder (CM / 8),goals_per90,0.15,0.136,73.5
36916,Kingsley Ehizibue,box_to_box_midfielder,Box-to-Box Midfielder (CM / 8),goals_per90,0.15,0.098,62.9
37437,Abdou Harroui,box_to_box_midfielder,Box-to-Box Midfielder (CM / 8),goals_per90,0.15,0.097,61.4
39362,Marcus Pedersen,box_to_box_midfielder,Box-to-Box Midfielder (CM / 8),goals_per90,0.15,0.042,29.5
40560,Jakub Kamiński,box_to_box_midfielder,Box-to-Box Midfielder (CM / 8),goals_per90,0.15,0.209,94.7
46658,Rubén García,box_to_box_midfielder,Box-to-Box Midfielder (CM / 8),goals_per90,0.15,0.08,47.0
46662,Jon Moncayola,box_to_box_midfielder,Box-to-Box Midfielder (CM / 8),goals_per90,0.15,0.0,11.0
46731,Pervis Estupiñán,box_to_box_midfielder,Box-to-Box Midfielder (CM / 8),goals_per90,0.15,0.086,53.0
46887,Pedro Díaz,box_to_box_midfielder,Box-to-Box Midfielder (CM / 8),goals_per90,0.15,0.0,11.0
46933,Luis Rioja,box_to_box_midfielder,Box-to-Box Midfielder (CM / 8),goals_per90,0.15,0.102,65.9
47438,Mathias Jensen,box_to_box_midfielder,Box-to-Box Midfielder (CM / 8),goals_per90,0.15,0.119,68.9
47543,Álvaro García,box_to_box_midfielder,Box-to-Box Midfielder (CM / 8),goals_per90,0.15,0.171,82.6
48378,Silvan Widmer,box_to_box_midfielder,Box-to-Box Midfielder (CM / 8),goals_per90,0.15,0.099,63.6
48642,Cameron Puertas,box_to_box_midfielder,Box-to-Box Midfielder (CM / 8),goals_per90,0.15,0.048,33.3
56560,Youssef Maleh,box_to_box_midfielder,Box-to-Box Midfielder (CM / 8),goals_per90,0.15,0.057,37.1
89520,Mikael Ellertsson,box_to_box_midfielder,Box-to-Box Midfielder (CM / 8),goals_per90,0.15,0.032,25.0
91358,Emanuele Valeri,box_to_box_midfielder,Box-to-Box Midfielder (CM / 8),goals_per90,0.15,0.0,11.0
104821,Jon Guridi,box_to_box_midfielder,Box-to-Box Midfielder (CM / 8),goals_per90,0.15,0.0,11.0
104949,Pablo Martínez,box_to_box_midfielder,Box-to-Box Midfielder (CM / 8),goals_per90,0.15,0.048,34.1
107194,Antonio Sánchez,box_to_box_midfielder,Box-to-Box Midfielder (CM / 8),goals_per90,0.15,0.0,11.0
126980,Tommaso Barbieri,box_to_box_midfielder,Box-to-Box Midfielder (CM / 8),goals_per90,0.15,0.0,11.0
127426,Pol Lozano,box_to_box_midfielder,Box-to-Box Midfielder (CM / 8),goals_per90,0.15,0.082,52.3
127619,Jan Schöppner,box_to_box_midfielder,Box-to-Box Midfielder (CM / 8),goals_per90,0.15,0.119,69.7
128853,Derrick Köhn,box_to_box_midfielder,Box-to-Box Midfielder (CM / 8),goals_per90,0.15,0.047,31.8
128985,Iker Losada,box_to_box_midfielder,Box-to-Box Midfielder (CM / 8),goals_per90,0.15,0.297,98.5
128987,Salis Abdul Samed,box_to_box_midfielder,Box-to-Box Midfielder (CM / 8),goals_per90,0.15,0.0,11.0
135749,Félix Correia,box_to_box_midfielder,Box-to-Box Midfielder (CM / 8),goals_per90,0.15,0.174,86.4
143831,Robin Fellhauer,box_to_box_midfielder,Box-to-Box Midfielder (CM / 8),goals_per90,0.15,0.096,60.6
144740,Fisayo Dele-Bashiru,box_to_box_midfielder,Box-to-Box Midfielder (CM / 8),goals_per90,0.15,0.076,43.9
146586,Joel Chima Fujita,box_to_box_midfielder,Box-to-Box Midfielder (CM / 8),goals_per90,0.15,0.034,27.3
148448,Arkadiusz Pyrka,box_to_box_midfielder,Box-to-Box Midfielder (CM / 8),goals_per90,0.15,0.0,11.0
161569,Oliver Sørensen,box_to_box_midfielder,Box-to-Box Midfielder (CM / 8),goals_per90,0.15,0.049,34.8
162907,Alessandro Zanoli,box_to_box_midfielder,Box-to-Box Midfielder (CM / 8),goals_per90,0.15,0.07,40.2
163022,Patrick Osterhage,box_to_box_midfielder,Box-to-Box Midfielder (CM / 8),goals_per90,0.15,0.075,43.2
174625,Fodé Doucouré,box_to_box_midfielder,Box-to-Box Midfielder (CM / 8),goals_per90,0.15,0.217,96.2
174660,Lilian Raolisoa,box_to_box_midfielder,Box-to-Box Midfielder (CM / 8),goals_per90,0.15,0.091,54.5
174703,Théo Le Bris,box_to_box_midfielder,Box-to-Box Midfielder (CM / 8),goals_per90,0.15,0.095,59.1
174937,Yassine Kechta,box_to_box_midfielder,Box-to-Box Midfielder (CM / 8),goals_per90,0.15,0.134,72.7
179955,Javier Rueda,box_to_box_midfielder,Box-to-Box Midfielder (CM / 8),goals_per90,0.15,0.128,72.0
181259,Abel Bretones,box_to_box_midfielder,Box-to-Box Midfielder (CM / 8),goals_per90,0.15,0.054,35.6
181908,Jan Uwe Thielmann,box_to_box_midfielder,Box-to-Box Midfielder (CM / 8),goals_per90,0.15,0.174,85.6
182201,Tyrick Mitchell,box_to_box_midfielder,Box-to-Box Midfielder (CM / 8),goals_per90,0.15,0.028,22.7
193617,Tom Louchet,box_to_box_midfielder,Box-to-Box Midfielder (CM / 8),goals_per90,0.15,0.184,87.9
197448,Yan Couto,box_to_box_midfielder,Box-to-Box Midfielder (CM / 8),goals_per90,0.15,0.178,87.1
198654,Daniel Svensson,box_to_box_midfielder,Box-to-Box Midfielder (CM / 8),goals_per90,0.15,0.073,40.9
202526,Eren Dinkçi,box_to_box_midfielder,Box-to-Box Midfielder (CM / 8),goals_per90,0.15,0.193,89.4
202636,Louis Oppie,box_to_box_midfielder,Box-to-Box Midfielder (CM / 8),goals_per90,0.15,0.056,36.4
203011,Julian Niehues,box_to_box_midfielder,Box-to-Box Midfielder (CM / 8),goals_per90,0.15,0.193,90.2
263538,Yehor Yarmoliuk,box_to_box_midfielder,Box-to-Box Midfielder (CM / 8),goals_per90,0.15,0.034,26.5
265722,Rafael Obrador,box_to_box_midfielder,Box-to-Box Midfielder (CM / 8),goals_per90,0.15,0.08,47.7
265782,David Møller Wolfe,box_to_box_midfielder,Box-to-Box Midfielder (CM / 8),goals_per90,0.15,0.0,11.0
265820,Yasin Ayari,box_to_box_midfielder,Box-to-Box Midfielder (CM / 8),goals_per90,0.15,0.139,75.0
270508,Lesley Ugochukwu,box_to_box_midfielder,Box-to-Box Midfielder (CM / 8),goals_per90,0.15,0.114,68.2
278370,Diego Gómez,box_to_box_midfielder,Box-to-Box Midfielder (CM / 8),goals_per90,0.15,0.211,95.5
280687,Hugo Bueno,box_to_box_midfielder,Box-to-Box Midfielder (CM / 8),goals_per90,0.15,0.038,28.0
282770,Rodrigo Gomes,box_to_box_midfielder,Box-to-Box Midfielder (CM / 8),goals_per90,0.15,0.276,97.7
284570,Brooke Norton-Cuffy,box_to_box_midfielder,Box-to-Box Midfielder (CM / 8),goals_per90,0.15,0.081,49.2
289555,Louis Mouton,box_to_box_midfielder,Box-to-Box Midfielder (CM / 8),goals_per90,0.15,0.094,57.6
296560,Jackson Tchatchoua,box_to_box_midfielder,Box-to-Box Midfielder (CM / 8),goals_per90,0.15,0.0,11.0
302632,William Mikelbrencis,box_to_box_midfielder,Box-to-Box Midfielder (CM / 8),goals_per90,0.15,0.0,11.0
303362,Rafik Belghali,box_to_box_midfielder,Box-to-Box Midfielder (CM / 8),goals_per90,0.15,0.093,56.1
305730,Jack Hinshelwood,box_to_box_midfielder,Box-to-Box Midfielder (CM / 8),goals_per90,0.15,0.206,93.9
309388,Matteo Prati,box_to_box_midfielder,Box-to-Box Midfielder (CM / 8),goals_per90,0.15,0.048,32.6
311083,Cher Ndour,box_to_box_midfielder,Box-to-Box Midfielder (CM / 8),goals_per90,0.15,0.143,76.5
315699,Javier Guerra,box_to_box_midfielder,Box-to-Box Midfielder (CM / 8),goals_per90,0.15,0.173,84.1
328089,Archie Gray,box_to_box_midfielder,Box-to-Box Midfielder (CM / 8),goals_per90,0.15,0.12,70.5
330238,Lucas Pires,box_to_box_midfielder,Box-to-Box Midfielder (CM / 8),goals_per90,0.15,0.0,11.0
333137,Kassoum Ouattara,box_to_box_midfielder,Box-to-Box Midfielder (CM / 8),goals_per90,0.15,0.0,11.0
333502,Miguel Román,box_to_box_midfielder,Box-to-Box Midfielder (CM / 8),goals_per90,0.15,0.069,39.4
336659,Chemsdine Talbi,box_to_box_midfielder,Box-to-Box Midfielder (CM / 8),goals_per90,0.15,0.231,97.0
339874,Oscar Højlund,box_to_box_midfielder,Box-to-Box Midfielder (CM / 8),goals_per90,0.15,0.082,50.0
342651,Romano Floriani Mussolini,box_to_box_midfielder,Box-to-Box Midfielder (CM / 8),goals_per90,0.15,0.0,11.0
343792,Djaoui Cissé,box_to_box_midfielder,Box-to-Box Midfielder (CM / 8),goals_per90,0.15,0.0,11.0
347316,Lucas Bergvall,box_to_box_midfielder,Box-to-Box Midfielder (CM / 8),goals_per90,0.15,0.092,55.3
352375,Arthur,box_to_box_midfielder,Box-to-Box Midfielder (CM / 8),goals_per90,0.15,0.08,45.5
353609,Sulemana,box_to_box_midfielder,Box-to-Box Midfielder (CM / 8),goals_per90,0.15,0.1,64.4
356888,Niccolò Pisilli,box_to_box_midfielder,Box-to-Box Midfielder (CM / 8),goals_per90,0.15,0.139,74.2
358166,Abdoul Ouattara,box_to_box_midfielder,Box-to-Box Midfielder (CM / 8),goals_per90,0.15,0.101,65.2
362752,Christian Ordoñez,box_to_box_midfielder,Box-to-Box Midfielder (CM / 8),goals_per90,0.15,0.082,50.8
374359,Davide Bartesaghi,box_to_box_midfielder,Box-to-Box Midfielder (CM / 8),goals_per90,0.15,0.074,41.7
419035,Mamadou Coulibaly,box_to_box_midfielder,Box-to-Box Midfielder (CM / 8),goals_per90,0.15,0.195,90.9
443674,Louis Leroux,box_to_box_midfielder,Box-to-Box Midfielder (CM / 8),goals_per90,0.15,0.062,37.9
452697,Dayann Methalie,box_to_box_midfielder,Box-to-Box Midfielder (CM / 8),goals_per90,0.15,0.096,59.8
499380,Sascha Britschgi,box_to_box_midfielder,Box-to-Box Midfielder (CM / 8),goals_per90,0.15,0.0,11.0
514464,Alexis Vossah,box_to_box_midfielder,Box-to-Box Midfielder (CM / 8),goals_per90,0.15,0.082,51.5
26,Marius Wolf,box_to_box_midfielder,Box-to-Box Midfielder (CM / 8),assists_per90,0.1,0.087,61.4
102,Djibril Sidibé,box_to_box_midfielder,Box-to-Box Midfielder (CM / 8),assists_per90,0.1,0.167,83.3
226,Denzel Dumfries,box_to_box_midfielder,Box-to-Box Midfielder (CM / 8),assists_per90,0.1,0.068,46.2
292,Jordan Henderson,box_to_box_midfielder,Box-to-Box Midfielder (CM / 8),assists_per90,0.1,0.14,79.5
418,Suat Serdar,box_to_box_midfielder,Box-to-Box Midfielder (CM / 8),assists_per90,0.1,0.0,9.8
541,Jürgen Ekkelenkamp,box_to_box_midfielder,Box-to-Box Midfielder (CM / 8),assists_per90,0.1,0.123,76.5
862,Leonardo Spinazzola,box_to_box_midfielder,Box-to-Box Midfielder (CM / 8),assists_per90,0.1,0.142,81.1
1014,Simon Sohm,box_to_box_midfielder,Box-to-Box Midfielder (CM / 8),assists_per90,0.1,0.063,40.9
1090,Antoine Bernede,box_to_box_midfielder,Box-to-Box Midfielder (CM / 8),assists_per90,0.1,0.078,52.3
1138,Tim Weah,box_to_box_midfielder,Box-to-Box Midfielder (CM / 8),assists_per90,0.1,0.08,53.4
1243,Tomáš Souček,box_to_box_midfielder,Box-to-Box Midfielder (CM / 8),assists_per90,0.1,0.0,9.8
1463,Joe Willock,box_to_box_midfielder,Box-to-Box Midfielder (CM / 8),assists_per90,0.1,0.178,85.6
1639,Marco Brescianini,box_to_box_midfielder,Box-to-Box Midfielder (CM / 8),assists_per90,0.1,0.086,60.2
1914,Morgan Sanson,box_to_box_midfielder,Box-to-Box Midfielder (CM / 8),assists_per90,0.1,0.092,64.4
1930,Joakim Mæhle,box_to_box_midfielder,Box-to-Box Midfielder (CM / 8),assists_per90,0.1,0.135,77.3
2286,Davide Zappacosta,box_to_box_midfielder,Box-to-Box Midfielder (CM / 8),assists_per90,0.1,0.105,71.2
2360,Dimitrios Giannoulis,box_to_box_midfielder,Box-to-Box Midfielder (CM / 8),assists_per90,0.1,0.237,93.2
2906,Jae-sung Lee,box_to_box_midfielder,Box-to-Box Midfielder (CM / 8),assists_per90,0.1,0.082,55.7
6409,Nahuel Estévez,box_to_box_midfielder,Box-to-Box Midfielder (CM / 8),assists_per90,0.1,0.086,60.2
13736,Daniel Muñoz,box_to_box_midfielder,Box-to-Box Midfielder (CM / 8),assists_per90,0.1,0.112,72.7
14327,Domagoj Bradarić,box_to_box_midfielder,Box-to-Box Midfielder (CM / 8),assists_per90,0.1,0.046,27.3
14395,Kristijan Jakić,box_to_box_midfielder,Box-to-Box Midfielder (CM / 8),assists_per90,0.1,0.054,35.6
15592,Jens Stage,box_to_box_midfielder,Box-to-Box Midfielder (CM / 8),assists_per90,0.1,0.073,48.5
15908,Mikkel Damsgaard,box_to_box_midfielder,Box-to-Box Midfielder (CM / 8),assists_per90,0.1,0.173,84.8
15909,Martin Frese,box_to_box_midfielder,Box-to-Box Midfielder (CM / 8),assists_per90,0.1,0.0,9.8
18929,Dwight McNeil,box_to_box_midfielder,Box-to-Box Midfielder (CM / 8),assists_per90,0.1,0.076,50.0
19201,Jayden Bogle,box_to_box_midfielder,Box-to-Box Midfielder (CM / 8),assists_per90,0.1,0.064,42.4
19824,Jordan Zemura,box_to_box_midfielder,Box-to-Box Midfielder (CM / 8),assists_per90,0.1,0.08,54.5
20638,Enzo Le Fée,box_to_box_midfielder,Box-to-Box Midfielder (CM / 8),assists_per90,0.1,0.183,87.9
20704,Alimami Gory,box_to_box_midfielder,Box-to-Box Midfielder (CM / 8),assists_per90,0.1,0.091,63.6
22007,Hassane Kamara,box_to_box_midfielder,Box-to-Box Midfielder (CM / 8),assists_per90,0.1,0.096,68.2
22222,Zeki Çelik,box_to_box_midfielder,Box-to-Box Midfielder (CM / 8),assists_per90,0.1,0.066,43.9
22254,Youssouf Fofana,box_to_box_midfielder,Box-to-Box Midfielder (CM / 8),assists_per90,0.1,0.122,75.8
23363,Noah Cadiou,box_to_box_midfielder,Box-to-Box Midfielder (CM / 8),assists_per90,0.1,0.048,30.7
24848,Christopher Trimmel,box_to_box_midfielder,Box-to-Box Midfielder (CM / 8),assists_per90,0.1,0.144,81.8
24880,Bakery Jatta,box_to_box_midfielder,Box-to-Box Midfielder (CM / 8),assists_per90,0.1,0.098,68.9
25300,Rani Khedira,box_to_box_midfielder,Box-to-Box Midfielder (CM / 8),assists_per90,0.1,0.032,20.5
25353,Valentino Lazaro,box_to_box_midfielder,Box-to-Box Midfielder (CM / 8),assists_per90,0.1,0.08,53.4
25400,Yannick Gerhardt,box_to_box_midfielder,Box-to-Box Midfielder (CM / 8),assists_per90,0.1,0.0,9.8
25413,Elvis Rexhbeçaj,box_to_box_midfielder,Box-to-Box Midfielder (CM / 8),assists_per90,0.1,0.0,9.8
25638,Florian Neuhaus,box_to_box_midfielder,Box-to-Box Midfielder (CM / 8),assists_per90,0.1,0.096,67.0
25915,Phillipp Mwene,box_to_box_midfielder,Box-to-Box Midfielder (CM / 8),assists_per90,0.1,0.087,62.1
26249,Janik Haberer,box_to_box_midfielder,Box-to-Box Midfielder (CM / 8),assists_per90,0.1,0.054,34.8
30505,Michel Adopo,box_to_box_midfielder,Box-to-Box Midfielder (CM / 8),assists_per90,0.1,0.059,38.6
30753,Mehdi Léris,box_to_box_midfielder,Box-to-Box Midfielder (CM / 8),assists_per90,0.1,0.141,80.3
30775,Giuseppe Pezzella,box_to_box_midfielder,Box-to-Box Midfielder (CM / 8),assists_per90,0.1,0.035,22.0
31137,Stefano Sabelli,box_to_box_midfielder,Box-to-Box Midfielder (CM / 8),assists_per90,0.1,0.0,9.8
31273,Tommaso Pobega,box_to_box_midfielder,Box-to-Box Midfielder (CM / 8),assists_per90,0.1,0.062,39.4
32966,Ao Tanaka,box_to_box_midfielder,Box-to-Box Midfielder (CM / 8),assists_per90,0.1,0.0,9.8
36916,Kingsley Ehizibue,box_to_box_midfielder,Box-to-Box Midfielder (CM / 8),assists_per90,0.1,0.0,9.8
37437,Abdou Harroui,box_to_box_midfielder,Box-to-Box Midfielder (CM / 8),assists_per90,0.1,0.0,9.8
39362,Marcus Pedersen,box_to_box_midfielder,Box-to-Box Midfielder (CM / 8),assists_per90,0.1,0.084,57.6
40560,Jakub Kamiński,box_to_box_midfielder,Box-to-Box Midfielder (CM / 8),assists_per90,0.1,0.089,62.9
46658,Rubén García,box_to_box_midfielder,Box-to-Box Midfielder (CM / 8),assists_per90,0.1,0.2,90.2
46662,Jon Moncayola,box_to_box_midfielder,Box-to-Box Midfielder (CM / 8),assists_per90,0.1,0.119,73.5
46731,Pervis Estupiñán,box_to_box_midfielder,Box-to-Box Midfielder (CM / 8),assists_per90,0.1,0.086,59.1
46887,Pedro Díaz,box_to_box_midfielder,Box-to-Box Midfielder (CM / 8),assists_per90,0.1,0.048,30.7
46933,Luis Rioja,box_to_box_midfielder,Box-to-Box Midfielder (CM / 8),assists_per90,0.1,0.205,90.9
47438,Mathias Jensen,box_to_box_midfielder,Box-to-Box Midfielder (CM / 8),assists_per90,0.1,0.04,24.2
47543,Álvaro García,box_to_box_midfielder,Box-to-Box Midfielder (CM / 8),assists_per90,0.1,0.214,91.7
48378,Silvan Widmer,box_to_box_midfielder,Box-to-Box Midfielder (CM / 8),assists_per90,0.1,0.049,33.3
48642,Cameron Puertas,box_to_box_midfielder,Box-to-Box Midfielder (CM / 8),assists_per90,0.1,0.096,67.0
56560,Youssef Maleh,box_to_box_midfielder,Box-to-Box Midfielder (CM / 8),assists_per90,0.1,0.0,9.8
89520,Mikael Ellertsson,box_to_box_midfielder,Box-to-Box Midfielder (CM / 8),assists_per90,0.1,0.032,21.2
91358,Emanuele Valeri,box_to_box_midfielder,Box-to-Box Midfielder (CM / 8),assists_per90,0.1,0.068,47.0
104821,Jon Guridi,box_to_box_midfielder,Box-to-Box Midfielder (CM / 8),assists_per90,0.1,0.0,9.8
104949,Pablo Martínez,box_to_box_midfielder,Box-to-Box Midfielder (CM / 8),assists_per90,0.1,0.241,95.5
107194,Antonio Sánchez,box_to_box_midfielder,Box-to-Box Midfielder (CM / 8),assists_per90,0.1,0.0,9.8
126980,Tommaso Barbieri,box_to_box_midfielder,Box-to-Box Midfielder (CM / 8),assists_per90,0.1,0.053,34.1
127426,Pol Lozano,box_to_box_midfielder,Box-to-Box Midfielder (CM / 8),assists_per90,0.1,0.041,25.8
127619,Jan Schöppner,box_to_box_midfielder,Box-to-Box Midfielder (CM / 8),assists_per90,0.1,0.119,74.2
128853,Derrick Köhn,box_to_box_midfielder,Box-to-Box Midfielder (CM / 8),assists_per90,0.1,0.094,65.2
128985,Iker Losada,box_to_box_midfielder,Box-to-Box Midfielder (CM / 8),assists_per90,0.1,0.099,69.7
128987,Salis Abdul Samed,box_to_box_midfielder,Box-to-Box Midfielder (CM / 8),assists_per90,0.1,0.0,9.8
135749,Félix Correia,box_to_box_midfielder,Box-to-Box Midfielder (CM / 8),assists_per90,0.1,0.218,92.4
143831,Robin Fellhauer,box_to_box_midfielder,Box-to-Box Midfielder (CM / 8),assists_per90,0.1,0.064,41.7
144740,Fisayo Dele-Bashiru,box_to_box_midfielder,Box-to-Box Midfielder (CM / 8),assists_per90,0.1,0.0,9.8
146586,Joel Chima Fujita,box_to_box_midfielder,Box-to-Box Midfielder (CM / 8),assists_per90,0.1,0.101,70.5
148448,Arkadiusz Pyrka,box_to_box_midfielder,Box-to-Box Midfielder (CM / 8),assists_per90,0.1,0.035,22.7
161569,Oliver Sørensen,box_to_box_midfielder,Box-to-Box Midfielder (CM / 8),assists_per90,0.1,0.049,32.6
162907,Alessandro Zanoli,box_to_box_midfielder,Box-to-Box Midfielder (CM / 8),assists_per90,0.1,0.14,78.8
163022,Patrick Osterhage,box_to_box_midfielder,Box-to-Box Midfielder (CM / 8),assists_per90,0.1,0.0,9.8
174625,Fodé Doucouré,box_to_box_midfielder,Box-to-Box Midfielder (CM / 8),assists_per90,0.1,0.072,47.7
174660,Lilian Raolisoa,box_to_box_midfielder,Box-to-Box Midfielder (CM / 8),assists_per90,0.1,0.182,87.1
174703,Théo Le Bris,box_to_box_midfielder,Box-to-Box Midfielder (CM / 8),assists_per90,0.1,0.095,65.9
174937,Yassine Kechta,box_to_box_midfielder,Box-to-Box Midfielder (CM / 8),assists_per90,0.1,0.067,44.7
179955,Javier Rueda,box_to_box_midfielder,Box-to-Box Midfielder (CM / 8),assists_per90,0.1,0.383,100.0
181259,Abel Bretones,box_to_box_midfielder,Box-to-Box Midfielder (CM / 8),assists_per90,0.1,0.109,72.0
181908,Jan Uwe Thielmann,box_to_box_midfielder,Box-to-Box Midfielder (CM / 8),assists_per90,0.1,0.058,37.9
182201,Tyrick Mitchell,box_to_box_midfielder,Box-to-Box Midfielder (CM / 8),assists_per90,0.1,0.055,36.4
193617,Tom Louchet,box_to_box_midfielder,Box-to-Box Midfielder (CM / 8),assists_per90,0.1,0.184,88.6
197448,Yan Couto,box_to_box_midfielder,Box-to-Box Midfielder (CM / 8),assists_per90,0.1,0.178,86.4
198654,Daniel Svensson,box_to_box_midfielder,Box-to-Box Midfielder (CM / 8),assists_per90,0.1,0.073,49.2
202526,Eren Dinkçi,box_to_box_midfielder,Box-to-Box Midfielder (CM / 8),assists_per90,0.1,0.064,43.2
202636,Louis Oppie,box_to_box_midfielder,Box-to-Box Midfielder (CM / 8),assists_per90,0.1,0.0,9.8
203011,Julian Niehues,box_to_box_midfielder,Box-to-Box Midfielder (CM / 8),assists_per90,0.1,0.0,9.8
263538,Yehor Yarmoliuk,box_to_box_midfielder,Box-to-Box Midfielder (CM / 8),assists_per90,0.1,0.067,45.5
265722,Rafael Obrador,box_to_box_midfielder,Box-to-Box Midfielder (CM / 8),assists_per90,0.1,0.24,94.7
265782,David Møller Wolfe,box_to_box_midfielder,Box-to-Box Midfielder (CM / 8),assists_per90,0.1,0.17,84.1
265820,Yasin Ayari,box_to_box_midfielder,Box-to-Box Midfielder (CM / 8),assists_per90,0.1,0.139,78.0
270508,Lesley Ugochukwu,box_to_box_midfielder,Box-to-Box Midfielder (CM / 8),assists_per90,0.1,0.038,23.5
278370,Diego Gómez,box_to_box_midfielder,Box-to-Box Midfielder (CM / 8),assists_per90,0.1,0.042,26.5
280687,Hugo Bueno,box_to_box_midfielder,Box-to-Box Midfielder (CM / 8),assists_per90,0.1,0.076,50.8
282770,Rodrigo Gomes,box_to_box_midfielder,Box-to-Box Midfielder (CM / 8),assists_per90,0.1,0.0,9.8
284570,Brooke Norton-Cuffy,box_to_box_midfielder,Box-to-Box Midfielder (CM / 8),assists_per90,0.1,0.041,25.0
289555,Louis Mouton,box_to_box_midfielder,Box-to-Box Midfielder (CM / 8),assists_per90,0.1,0.047,28.0
296560,Jackson Tchatchoua,box_to_box_midfielder,Box-to-Box Midfielder (CM / 8),assists_per90,0.1,0.049,31.8
302632,William Mikelbrencis,box_to_box_midfielder,Box-to-Box Midfielder (CM / 8),assists_per90,0.1,0.256,96.2
303362,Rafik Belghali,box_to_box_midfielder,Box-to-Box Midfielder (CM / 8),assists_per90,0.1,0.0,9.8
305730,Jack Hinshelwood,box_to_box_midfielder,Box-to-Box Midfielder (CM / 8),assists_per90,0.1,0.154,82.6
309388,Matteo Prati,box_to_box_midfielder,Box-to-Box Midfielder (CM / 8),assists_per90,0.1,0.048,28.8
311083,Cher Ndour,box_to_box_midfielder,Box-to-Box Midfielder (CM / 8),assists_per90,0.1,0.0,9.8
315699,Javier Guerra,box_to_box_midfielder,Box-to-Box Midfielder (CM / 8),assists_per90,0.1,0.259,97.0
328089,Archie Gray,box_to_box_midfielder,Box-to-Box Midfielder (CM / 8),assists_per90,0.1,0.12,75.0
330238,Lucas Pires,box_to_box_midfielder,Box-to-Box Midfielder (CM / 8),assists_per90,0.1,0.0,9.8
333137,Kassoum Ouattara,box_to_box_midfielder,Box-to-Box Midfielder (CM / 8),assists_per90,0.1,0.275,97.7
333502,Miguel Román,box_to_box_midfielder,Box-to-Box Midfielder (CM / 8),assists_per90,0.1,0.0,9.8
336659,Chemsdine Talbi,box_to_box_midfielder,Box-to-Box Midfielder (CM / 8),assists_per90,0.1,0.058,37.1
339874,Oscar Højlund,box_to_box_midfielder,Box-to-Box Midfielder (CM / 8),assists_per90,0.1,0.082,55.7
342651,Romano Floriani Mussolini,box_to_box_midfielder,Box-to-Box Midfielder (CM / 8),assists_per90,0.1,0.076,51.5
343792,Djaoui Cissé,box_to_box_midfielder,Box-to-Box Midfielder (CM / 8),assists_per90,0.1,0.0,9.8
347316,Lucas Bergvall,box_to_box_midfielder,Box-to-Box Midfielder (CM / 8),assists_per90,0.1,0.276,98.5
352375,Arthur,box_to_box_midfielder,Box-to-Box Midfielder (CM / 8),assists_per90,0.1,0.239,93.9
353609,Sulemana,box_to_box_midfielder,Box-to-Box Midfielder (CM / 8),assists_per90,0.1,0.0,9.8
356888,Niccolò Pisilli,box_to_box_midfielder,Box-to-Box Midfielder (CM / 8),assists_per90,0.1,0.278,99.2
358166,Abdoul Ouattara,box_to_box_midfielder,Box-to-Box Midfielder (CM / 8),assists_per90,0.1,0.0,9.8
362752,Christian Ordoñez,box_to_box_midfielder,Box-to-Box Midfielder (CM / 8),assists_per90,0.1,0.0,9.8
374359,Davide Bartesaghi,box_to_box_midfielder,Box-to-Box Midfielder (CM / 8),assists_per90,0.1,0.0,9.8
419035,Mamadou Coulibaly,box_to_box_midfielder,Box-to-Box Midfielder (CM / 8),assists_per90,0.1,0.195,89.4
443674,Louis Leroux,box_to_box_midfielder,Box-to-Box Midfielder (CM / 8),assists_per90,0.1,0.062,40.2
452697,Dayann Methalie,box_to_box_midfielder,Box-to-Box Midfielder (CM / 8),assists_per90,0.1,0.048,29.5
499380,Sascha Britschgi,box_to_box_midfielder,Box-to-Box Midfielder (CM / 8),assists_per90,0.1,0.085,58.3
514464,Alexis Vossah,box_to_box_midfielder,Box-to-Box Midfielder (CM / 8),assists_per90,0.1,0.082,56.8
26,Marius Wolf,box_to_box_midfielder,Box-to-Box Midfielder (CM / 8),tackles_per90,0.15,1.644,41.7
102,Djibril Sidibé,box_to_box_midfielder,Box-to-Box Midfielder (CM / 8),tackles_per90,0.15,2.002,70.5
226,Denzel Dumfries,box_to_box_midfielder,Box-to-Box Midfielder (CM / 8),tackles_per90,0.15,1.017,7.6
292,Jordan Henderson,box_to_box_midfielder,Box-to-Box Midfielder (CM / 8),tackles_per90,0.15,1.26,20.5
418,Suat Serdar,box_to_box_midfielder,Box-to-Box Midfielder (CM / 8),tackles_per90,0.15,2.5,90.2
541,Jürgen Ekkelenkamp,box_to_box_midfielder,Box-to-Box Midfielder (CM / 8),tackles_per90,0.15,1.92,67.4
862,Leonardo Spinazzola,box_to_box_midfielder,Box-to-Box Midfielder (CM / 8),tackles_per90,0.15,1.132,12.1
1014,Simon Sohm,box_to_box_midfielder,Box-to-Box Midfielder (CM / 8),tackles_per90,0.15,1.252,18.9
1090,Antoine Bernede,box_to_box_midfielder,Box-to-Box Midfielder (CM / 8),tackles_per90,0.15,2.716,93.9
1138,Tim Weah,box_to_box_midfielder,Box-to-Box Midfielder (CM / 8),tackles_per90,0.15,1.909,65.9
1243,Tomáš Souček,box_to_box_midfielder,Box-to-Box Midfielder (CM / 8),tackles_per90,0.15,1.788,51.5
1463,Joe Willock,box_to_box_midfielder,Box-to-Box Midfielder (CM / 8),tackles_per90,0.15,1.78,49.2
1639,Marco Brescianini,box_to_box_midfielder,Box-to-Box Midfielder (CM / 8),tackles_per90,0.15,1.121,11.4
1914,Morgan Sanson,box_to_box_midfielder,Box-to-Box Midfielder (CM / 8),tackles_per90,0.15,1.657,43.9
1930,Joakim Mæhle,box_to_box_midfielder,Box-to-Box Midfielder (CM / 8),tackles_per90,0.15,2.494,89.4
2286,Davide Zappacosta,box_to_box_midfielder,Box-to-Box Midfielder (CM / 8),tackles_per90,0.15,0.767,1.5
2360,Dimitrios Giannoulis,box_to_box_midfielder,Box-to-Box Midfielder (CM / 8),tackles_per90,0.15,1.278,22.7
2906,Jae-sung Lee,box_to_box_midfielder,Box-to-Box Midfielder (CM / 8),tackles_per90,0.15,1.556,35.6
6409,Nahuel Estévez,box_to_box_midfielder,Box-to-Box Midfielder (CM / 8),tackles_per90,0.15,1.552,34.8
13736,Daniel Muñoz,box_to_box_midfielder,Box-to-Box Midfielder (CM / 8),tackles_per90,0.15,2.772,95.5
14327,Domagoj Bradarić,box_to_box_midfielder,Box-to-Box Midfielder (CM / 8),tackles_per90,0.15,1.366,27.3
14395,Kristijan Jakić,box_to_box_midfielder,Box-to-Box Midfielder (CM / 8),tackles_per90,0.15,1.851,58.3
15592,Jens Stage,box_to_box_midfielder,Box-to-Box Midfielder (CM / 8),tackles_per90,0.15,1.495,34.1
15908,Mikkel Damsgaard,box_to_box_midfielder,Box-to-Box Midfielder (CM / 8),tackles_per90,0.15,2.469,87.1
15909,Martin Frese,box_to_box_midfielder,Box-to-Box Midfielder (CM / 8),tackles_per90,0.15,3.134,98.5
18929,Dwight McNeil,box_to_box_midfielder,Box-to-Box Midfielder (CM / 8),tackles_per90,0.15,1.741,47.0
19201,Jayden Bogle,box_to_box_midfielder,Box-to-Box Midfielder (CM / 8),tackles_per90,0.15,2.115,75.0
19824,Jordan Zemura,box_to_box_midfielder,Box-to-Box Midfielder (CM / 8),tackles_per90,0.15,2.473,88.6
20638,Enzo Le Fée,box_to_box_midfielder,Box-to-Box Midfielder (CM / 8),tackles_per90,0.15,2.721,94.7
20704,Alimami Gory,box_to_box_midfielder,Box-to-Box Midfielder (CM / 8),tackles_per90,0.15,1.731,46.2
22007,Hassane Kamara,box_to_box_midfielder,Box-to-Box Midfielder (CM / 8),tackles_per90,0.15,1.493,33.3
22222,Zeki Çelik,box_to_box_midfielder,Box-to-Box Midfielder (CM / 8),tackles_per90,0.15,2.11,74.2
22254,Youssouf Fofana,box_to_box_midfielder,Box-to-Box Midfielder (CM / 8),tackles_per90,0.15,1.664,44.7
23363,Noah Cadiou,box_to_box_midfielder,Box-to-Box Midfielder (CM / 8),tackles_per90,0.15,1.148,12.9
24848,Christopher Trimmel,box_to_box_midfielder,Box-to-Box Midfielder (CM / 8),tackles_per90,0.15,1.824,54.5
24880,Bakery Jatta,box_to_box_midfielder,Box-to-Box Midfielder (CM / 8),tackles_per90,0.15,1.471,32.6
25300,Rani Khedira,box_to_box_midfielder,Box-to-Box Midfielder (CM / 8),tackles_per90,0.15,1.873,61.4
25353,Valentino Lazaro,box_to_box_midfielder,Box-to-Box Midfielder (CM / 8),tackles_per90,0.15,1.869,60.6
25400,Yannick Gerhardt,box_to_box_midfielder,Box-to-Box Midfielder (CM / 8),tackles_per90,0.15,1.181,15.9
25413,Elvis Rexhbeçaj,box_to_box_midfielder,Box-to-Box Midfielder (CM / 8),tackles_per90,0.15,1.446,31.8
25638,Florian Neuhaus,box_to_box_midfielder,Box-to-Box Midfielder (CM / 8),tackles_per90,0.15,1.15,13.6
25915,Phillipp Mwene,box_to_box_midfielder,Box-to-Box Midfielder (CM / 8),tackles_per90,0.15,1.26,19.7
26249,Janik Haberer,box_to_box_midfielder,Box-to-Box Midfielder (CM / 8),tackles_per90,0.15,1.9,65.2
30505,Michel Adopo,box_to_box_midfielder,Box-to-Box Midfielder (CM / 8),tackles_per90,0.15,1.65,42.4
30753,Mehdi Léris,box_to_box_midfielder,Box-to-Box Midfielder (CM / 8),tackles_per90,0.15,3.154,99.2
30775,Giuseppe Pezzella,box_to_box_midfielder,Box-to-Box Midfielder (CM / 8),tackles_per90,0.15,1.841,56.8
31137,Stefano Sabelli,box_to_box_midfielder,Box-to-Box Midfielder (CM / 8),tackles_per90,0.15,2.131,76.5
31273,Tommaso Pobega,box_to_box_midfielder,Box-to-Box Midfielder (CM / 8),tackles_per90,0.15,2.293,81.1
32966,Ao Tanaka,box_to_box_midfielder,Box-to-Box Midfielder (CM / 8),tackles_per90,0.15,1.833,56.1
36916,Kingsley Ehizibue,box_to_box_midfielder,Box-to-Box Midfielder (CM / 8),tackles_per90,0.15,1.919,66.7
37437,Abdou Harroui,box_to_box_midfielder,Box-to-Box Midfielder (CM / 8),tackles_per90,0.15,2.616,93.2
39362,Marcus Pedersen,box_to_box_midfielder,Box-to-Box Midfielder (CM / 8),tackles_per90,0.15,0.968,5.3
40560,Jakub Kamiński,box_to_box_midfielder,Box-to-Box Midfielder (CM / 8),tackles_per90,0.15,1.342,25.8
46658,Rubén García,box_to_box_midfielder,Box-to-Box Midfielder (CM / 8),tackles_per90,0.15,2.003,71.2
46662,Jon Moncayola,box_to_box_midfielder,Box-to-Box Midfielder (CM / 8),tackles_per90,0.15,1.605,39.4
46731,Pervis Estupiñán,box_to_box_midfielder,Box-to-Box Midfielder (CM / 8),tackles_per90,0.15,1.291,24.2
46887,Pedro Díaz,box_to_box_midfielder,Box-to-Box Midfielder (CM / 8),tackles_per90,0.15,1.818,53.8
46933,Luis Rioja,box_to_box_midfielder,Box-to-Box Midfielder (CM / 8),tackles_per90,0.15,1.229,17.4
47438,Mathias Jensen,box_to_box_midfielder,Box-to-Box Midfielder (CM / 8),tackles_per90,0.15,1.621,40.9
47543,Álvaro García,box_to_box_midfielder,Box-to-Box Midfielder (CM / 8),tackles_per90,0.15,1.154,14.4
48378,Silvan Widmer,box_to_box_midfielder,Box-to-Box Midfielder (CM / 8),tackles_per90,0.15,1.979,69.7
48642,Cameron Puertas,box_to_box_midfielder,Box-to-Box Midfielder (CM / 8),tackles_per90,0.15,2.875,97.0
56560,Youssef Maleh,box_to_box_midfielder,Box-to-Box Midfielder (CM / 8),tackles_per90,0.15,2.178,78.8
89520,Mikael Ellertsson,box_to_box_midfielder,Box-to-Box Midfielder (CM / 8),tackles_per90,0.15,1.426,30.3
91358,Emanuele Valeri,box_to_box_midfielder,Box-to-Box Midfielder (CM / 8),tackles_per90,0.15,1.599,37.9
104821,Jon Guridi,box_to_box_midfielder,Box-to-Box Midfielder (CM / 8),tackles_per90,0.15,2.073,73.5
104949,Pablo Martínez,box_to_box_midfielder,Box-to-Box Midfielder (CM / 8),tackles_per90,0.15,0.869,3.0
107194,Antonio Sánchez,box_to_box_midfielder,Box-to-Box Midfielder (CM / 8),tackles_per90,0.15,1.654,43.2
126980,Tommaso Barbieri,box_to_box_midfielder,Box-to-Box Midfielder (CM / 8),tackles_per90,0.15,2.364,83.3
127426,Pol Lozano,box_to_box_midfielder,Box-to-Box Midfielder (CM / 8),tackles_per90,0.15,1.567,36.4
127619,Jan Schöppner,box_to_box_midfielder,Box-to-Box Midfielder (CM / 8),tackles_per90,0.15,1.274,22.0
128853,Derrick Köhn,box_to_box_midfielder,Box-to-Box Midfielder (CM / 8),tackles_per90,0.15,1.602,38.6
128985,Iker Losada,box_to_box_midfielder,Box-to-Box Midfielder (CM / 8),tackles_per90,0.15,1.287,23.5
128987,Salis Abdul Samed,box_to_box_midfielder,Box-to-Box Midfielder (CM / 8),tackles_per90,0.15,1.061,9.8
135749,Félix Correia,box_to_box_midfielder,Box-to-Box Midfielder (CM / 8),tackles_per90,0.15,1.262,21.2
143831,Robin Fellhauer,box_to_box_midfielder,Box-to-Box Midfielder (CM / 8),tackles_per90,0.15,1.826,55.3
144740,Fisayo Dele-Bashiru,box_to_box_midfielder,Box-to-Box Midfielder (CM / 8),tackles_per90,0.15,1.443,31.1
146586,Joel Chima Fujita,box_to_box_midfielder,Box-to-Box Midfielder (CM / 8),tackles_per90,0.15,2.291,80.3
148448,Arkadiusz Pyrka,box_to_box_midfielder,Box-to-Box Midfielder (CM / 8),tackles_per90,0.15,1.36,26.5
161569,Oliver Sørensen,box_to_box_midfielder,Box-to-Box Midfielder (CM / 8),tackles_per90,0.15,0.883,3.8
162907,Alessandro Zanoli,box_to_box_midfielder,Box-to-Box Midfielder (CM / 8),tackles_per90,0.15,1.744,47.7
163022,Patrick Osterhage,box_to_box_midfielder,Box-to-Box Midfielder (CM / 8),tackles_per90,0.15,1.053,9.1
174625,Fodé Doucouré,box_to_box_midfielder,Box-to-Box Midfielder (CM / 8),tackles_per90,0.15,2.609,92.4
174660,Lilian Raolisoa,box_to_box_midfielder,Box-to-Box Midfielder (CM / 8),tackles_per90,0.15,2.368,84.1
174703,Théo Le Bris,box_to_box_midfielder,Box-to-Box Midfielder (CM / 8),tackles_per90,0.15,1.897,64.4
174937,Yassine Kechta,box_to_box_midfielder,Box-to-Box Midfielder (CM / 8),tackles_per90,0.15,2.136,78.0
179955,Javier Rueda,box_to_box_midfielder,Box-to-Box Midfielder (CM / 8),tackles_per90,0.15,1.213,16.7
181259,Abel Bretones,box_to_box_midfielder,Box-to-Box Midfielder (CM / 8),tackles_per90,0.15,1.791,52.3
181908,Jan Uwe Thielmann,box_to_box_midfielder,Box-to-Box Midfielder (CM / 8),tackles_per90,0.15,1.043,8.3
182201,Tyrick Mitchell,box_to_box_midfielder,Box-to-Box Midfielder (CM / 8),tackles_per90,0.15,2.794,96.2
193617,Tom Louchet,box_to_box_midfielder,Box-to-Box Midfielder (CM / 8),tackles_per90,0.15,2.393,85.6
197448,Yan Couto,box_to_box_midfielder,Box-to-Box Midfielder (CM / 8),tackles_per90,0.15,1.782,50.0
198654,Daniel Svensson,box_to_box_midfielder,Box-to-Box Midfielder (CM / 8),tackles_per90,0.15,1.395,28.0
202526,Eren Dinkçi,box_to_box_midfielder,Box-to-Box Midfielder (CM / 8),tackles_per90,0.15,1.608,40.2
202636,Louis Oppie,box_to_box_midfielder,Box-to-Box Midfielder (CM / 8),tackles_per90,0.15,1.337,25.0
203011,Julian Niehues,box_to_box_midfielder,Box-to-Box Midfielder (CM / 8),tackles_per90,0.15,1.095,10.6
263538,Yehor Yarmoliuk,box_to_box_midfielder,Box-to-Box Midfielder (CM / 8),tackles_per90,0.15,2.355,82.6
265722,Rafael Obrador,box_to_box_midfielder,Box-to-Box Midfielder (CM / 8),tackles_per90,0.15,1.843,57.6
265782,David Møller Wolfe,box_to_box_midfielder,Box-to-Box Midfielder (CM / 8),tackles_per90,0.15,0.848,2.3
265820,Yasin Ayari,box_to_box_midfielder,Box-to-Box Midfielder (CM / 8),tackles_per90,0.15,2.133,77.3
270508,Lesley Ugochukwu,box_to_box_midfielder,Box-to-Box Midfielder (CM / 8),tackles_per90,0.15,1.946,68.2
278370,Diego Gómez,box_to_box_midfielder,Box-to-Box Midfielder (CM / 8),tackles_per90,0.15,3.285,100.0
280687,Hugo Bueno,box_to_box_midfielder,Box-to-Box Midfielder (CM / 8),tackles_per90,0.15,2.539,90.9
282770,Rodrigo Gomes,box_to_box_midfielder,Box-to-Box Midfielder (CM / 8),tackles_per90,0.15,2.117,75.8
284570,Brooke Norton-Cuffy,box_to_box_midfielder,Box-to-Box Midfielder (CM / 8),tackles_per90,0.15,1.748,48.5
289555,Louis Mouton,box_to_box_midfielder,Box-to-Box Midfielder (CM / 8),tackles_per90,0.15,1.884,62.9
296560,Jackson Tchatchoua,box_to_box_midfielder,Box-to-Box Midfielder (CM / 8),tackles_per90,0.15,1.407,29.5
302632,William Mikelbrencis,box_to_box_midfielder,Box-to-Box Midfielder (CM / 8),tackles_per90,0.15,2.179,79.5
303362,Rafik Belghali,box_to_box_midfielder,Box-to-Box Midfielder (CM / 8),tackles_per90,0.15,0.981,6.8
305730,Jack Hinshelwood,box_to_box_midfielder,Box-to-Box Midfielder (CM / 8),tackles_per90,0.15,0.977,6.1
309388,Matteo Prati,box_to_box_midfielder,Box-to-Box Midfielder (CM / 8),tackles_per90,0.15,1.858,59.8
311083,Cher Ndour,box_to_box_midfielder,Box-to-Box Midfielder (CM / 8),tackles_per90,0.15,1.671,45.5
315699,Javier Guerra,box_to_box_midfielder,Box-to-Box Midfielder (CM / 8),tackles_per90,0.15,1.251,18.2
328089,Archie Gray,box_to_box_midfielder,Box-to-Box Midfielder (CM / 8),tackles_per90,0.15,0.66,0.8
330238,Lucas Pires,box_to_box_midfielder,Box-to-Box Midfielder (CM / 8),tackles_per90,0.15,1.856,59.1
333137,Kassoum Ouattara,box_to_box_midfielder,Box-to-Box Midfielder (CM / 8),tackles_per90,0.15,2.472,87.9
333502,Miguel Román,box_to_box_midfielder,Box-to-Box Midfielder (CM / 8),tackles_per90,0.15,1.786,50.8
336659,Chemsdine Talbi,box_to_box_midfielder,Box-to-Box Midfielder (CM / 8),tackles_per90,0.15,0.634,0.0
339874,Oscar Højlund,box_to_box_midfielder,Box-to-Box Midfielder (CM / 8),tackles_per90,0.15,2.375,84.8
342651,Romano Floriani Mussolini,box_to_box_midfielder,Box-to-Box Midfielder (CM / 8),tackles_per90,0.15,2.051,72.7
343792,Djaoui Cissé,box_to_box_midfielder,Box-to-Box Midfielder (CM / 8),tackles_per90,0.15,2.964,97.7
347316,Lucas Bergvall,box_to_box_midfielder,Box-to-Box Midfielder (CM / 8),tackles_per90,0.15,2.022,72.0
352375,Arthur,box_to_box_midfielder,Box-to-Box Midfielder (CM / 8),tackles_per90,0.15,1.59,37.1
353609,Sulemana,box_to_box_midfielder,Box-to-Box Midfielder (CM / 8),tackles_per90,0.15,1.896,63.6
356888,Niccolò Pisilli,box_to_box_midfielder,Box-to-Box Midfielder (CM / 8),tackles_per90,0.15,1.876,62.1
358166,Abdoul Ouattara,box_to_box_midfielder,Box-to-Box Midfielder (CM / 8),tackles_per90,0.15,1.166,15.2
362752,Christian Ordoñez,box_to_box_midfielder,Box-to-Box Midfielder (CM / 8),tackles_per90,0.15,1.973,68.9
374359,Davide Bartesaghi,box_to_box_midfielder,Box-to-Box Midfielder (CM / 8),tackles_per90,0.15,1.806,53.0
419035,Mamadou Coulibaly,box_to_box_midfielder,Box-to-Box Midfielder (CM / 8),tackles_per90,0.15,2.41,86.4
443674,Louis Leroux,box_to_box_midfielder,Box-to-Box Midfielder (CM / 8),tackles_per90,0.15,2.308,81.8
452697,Dayann Methalie,box_to_box_midfielder,Box-to-Box Midfielder (CM / 8),tackles_per90,0.15,2.582,91.7
499380,Sascha Britschgi,box_to_box_midfielder,Box-to-Box Midfielder (CM / 8),tackles_per90,0.15,1.406,28.8
514464,Alexis Vossah,box_to_box_midfielder,Box-to-Box Midfielder (CM / 8),tackles_per90,0.15,0.906,4.5
26,Marius Wolf,box_to_box_midfielder,Box-to-Box Midfielder (CM / 8),interceptions_per90,0.15,0.952,73.5
102,Djibril Sidibé,box_to_box_midfielder,Box-to-Box Midfielder (CM / 8),interceptions_per90,0.15,0.709,43.9
226,Denzel Dumfries,box_to_box_midfielder,Box-to-Box Midfielder (CM / 8),interceptions_per90,0.15,0.475,15.9
292,Jordan Henderson,box_to_box_midfielder,Box-to-Box Midfielder (CM / 8),interceptions_per90,0.15,0.793,53.8
418,Suat Serdar,box_to_box_midfielder,Box-to-Box Midfielder (CM / 8),interceptions_per90,0.15,0.726,46.2
541,Jürgen Ekkelenkamp,box_to_box_midfielder,Box-to-Box Midfielder (CM / 8),interceptions_per90,0.15,0.613,27.3
862,Leonardo Spinazzola,box_to_box_midfielder,Box-to-Box Midfielder (CM / 8),interceptions_per90,0.15,0.189,3.0
1014,Simon Sohm,box_to_box_midfielder,Box-to-Box Midfielder (CM / 8),interceptions_per90,0.15,0.501,18.9
1090,Antoine Bernede,box_to_box_midfielder,Box-to-Box Midfielder (CM / 8),interceptions_per90,0.15,0.543,22.0
1138,Tim Weah,box_to_box_midfielder,Box-to-Box Midfielder (CM / 8),interceptions_per90,0.15,0.676,37.1
1243,Tomáš Souček,box_to_box_midfielder,Box-to-Box Midfielder (CM / 8),interceptions_per90,0.15,0.65,31.1
1463,Joe Willock,box_to_box_midfielder,Box-to-Box Midfielder (CM / 8),interceptions_per90,0.15,0.801,54.5
1639,Marco Brescianini,box_to_box_midfielder,Box-to-Box Midfielder (CM / 8),interceptions_per90,0.15,0.172,1.5
1914,Morgan Sanson,box_to_box_midfielder,Box-to-Box Midfielder (CM / 8),interceptions_per90,0.15,1.243,91.7
1930,Joakim Mæhle,box_to_box_midfielder,Box-to-Box Midfielder (CM / 8),interceptions_per90,0.15,1.416,97.0
2286,Davide Zappacosta,box_to_box_midfielder,Box-to-Box Midfielder (CM / 8),interceptions_per90,0.15,0.698,42.4
2360,Dimitrios Giannoulis,box_to_box_midfielder,Box-to-Box Midfielder (CM / 8),interceptions_per90,0.15,0.9,67.4
2906,Jae-sung Lee,box_to_box_midfielder,Box-to-Box Midfielder (CM / 8),interceptions_per90,0.15,1.024,78.0
6409,Nahuel Estévez,box_to_box_midfielder,Box-to-Box Midfielder (CM / 8),interceptions_per90,0.15,0.517,19.7
13736,Daniel Muñoz,box_to_box_midfielder,Box-to-Box Midfielder (CM / 8),interceptions_per90,0.15,0.974,75.8
14327,Domagoj Bradarić,box_to_box_midfielder,Box-to-Box Midfielder (CM / 8),interceptions_per90,0.15,0.41,12.9
14395,Kristijan Jakić,box_to_box_midfielder,Box-to-Box Midfielder (CM / 8),interceptions_per90,0.15,0.871,63.6
15592,Jens Stage,box_to_box_midfielder,Box-to-Box Midfielder (CM / 8),interceptions_per90,0.15,0.656,33.3
15908,Mikkel Damsgaard,box_to_box_midfielder,Box-to-Box Midfielder (CM / 8),interceptions_per90,0.15,1.083,82.6
15909,Martin Frese,box_to_box_midfielder,Box-to-Box Midfielder (CM / 8),interceptions_per90,0.15,1.082,81.8
18929,Dwight McNeil,box_to_box_midfielder,Box-to-Box Midfielder (CM / 8),interceptions_per90,0.15,0.757,49.2
19201,Jayden Bogle,box_to_box_midfielder,Box-to-Box Midfielder (CM / 8),interceptions_per90,0.15,1.057,80.3
19824,Jordan Zemura,box_to_box_midfielder,Box-to-Box Midfielder (CM / 8),interceptions_per90,0.15,0.559,24.2
20638,Enzo Le Fée,box_to_box_midfielder,Box-to-Box Midfielder (CM / 8),interceptions_per90,0.15,0.887,66.7
20704,Alimami Gory,box_to_box_midfielder,Box-to-Box Midfielder (CM / 8),interceptions_per90,0.15,0.729,47.0
22007,Hassane Kamara,box_to_box_midfielder,Box-to-Box Midfielder (CM / 8),interceptions_per90,0.15,1.108,84.8
22222,Zeki Çelik,box_to_box_midfielder,Box-to-Box Midfielder (CM / 8),interceptions_per90,0.15,0.725,45.5
22254,Youssouf Fofana,box_to_box_midfielder,Box-to-Box Midfielder (CM / 8),interceptions_per90,0.15,0.771,51.5
23363,Noah Cadiou,box_to_box_midfielder,Box-to-Box Midfielder (CM / 8),interceptions_per90,0.15,1.1,84.1
24848,Christopher Trimmel,box_to_box_midfielder,Box-to-Box Midfielder (CM / 8),interceptions_per90,0.15,0.528,20.5
24880,Bakery Jatta,box_to_box_midfielder,Box-to-Box Midfielder (CM / 8),interceptions_per90,0.15,0.882,65.9
25300,Rani Khedira,box_to_box_midfielder,Box-to-Box Midfielder (CM / 8),interceptions_per90,0.15,1.175,87.1
25353,Valentino Lazaro,box_to_box_midfielder,Box-to-Box Midfielder (CM / 8),interceptions_per90,0.15,0.875,64.4
25400,Yannick Gerhardt,box_to_box_midfielder,Box-to-Box Midfielder (CM / 8),interceptions_per90,0.15,0.709,43.2
25413,Elvis Rexhbeçaj,box_to_box_midfielder,Box-to-Box Midfielder (CM / 8),interceptions_per90,0.15,0.402,11.4
25638,Florian Neuhaus,box_to_box_midfielder,Box-to-Box Midfielder (CM / 8),interceptions_per90,0.15,0.863,62.1
25915,Phillipp Mwene,box_to_box_midfielder,Box-to-Box Midfielder (CM / 8),interceptions_per90,0.15,0.652,31.8
26249,Janik Haberer,box_to_box_midfielder,Box-to-Box Midfielder (CM / 8),interceptions_per90,0.15,0.434,14.4
30505,Michel Adopo,box_to_box_midfielder,Box-to-Box Midfielder (CM / 8),interceptions_per90,0.15,0.854,61.4
30753,Mehdi Léris,box_to_box_midfielder,Box-to-Box Midfielder (CM / 8),interceptions_per90,0.15,1.036,79.5
30775,Giuseppe Pezzella,box_to_box_midfielder,Box-to-Box Midfielder (CM / 8),interceptions_per90,0.15,0.382,9.1
31137,Stefano Sabelli,box_to_box_midfielder,Box-to-Box Midfielder (CM / 8),interceptions_per90,0.15,0.388,10.6
31273,Tommaso Pobega,box_to_box_midfielder,Box-to-Box Midfielder (CM / 8),interceptions_per90,0.15,1.178,87.9
32966,Ao Tanaka,box_to_box_midfielder,Box-to-Box Midfielder (CM / 8),interceptions_per90,0.15,1.425,97.7
36916,Kingsley Ehizibue,box_to_box_midfielder,Box-to-Box Midfielder (CM / 8),interceptions_per90,0.15,0.59,25.8
37437,Abdou Harroui,box_to_box_midfielder,Box-to-Box Midfielder (CM / 8),interceptions_per90,0.15,0.097,0.0
39362,Marcus Pedersen,box_to_box_midfielder,Box-to-Box Midfielder (CM / 8),interceptions_per90,0.15,0.421,13.6
40560,Jakub Kamiński,box_to_box_midfielder,Box-to-Box Midfielder (CM / 8),interceptions_per90,0.15,0.686,40.9
46658,Rubén García,box_to_box_midfielder,Box-to-Box Midfielder (CM / 8),interceptions_per90,0.15,0.681,37.9
46662,Jon Moncayola,box_to_box_midfielder,Box-to-Box Midfielder (CM / 8),interceptions_per90,0.15,0.684,40.2
46731,Pervis Estupiñán,box_to_box_midfielder,Box-to-Box Midfielder (CM / 8),interceptions_per90,0.15,0.946,72.7
46887,Pedro Díaz,box_to_box_midfielder,Box-to-Box Midfielder (CM / 8),interceptions_per90,0.15,0.383,9.8
46933,Luis Rioja,box_to_box_midfielder,Box-to-Box Midfielder (CM / 8),interceptions_per90,0.15,0.615,28.8
47438,Mathias Jensen,box_to_box_midfielder,Box-to-Box Midfielder (CM / 8),interceptions_per90,0.15,0.83,58.3
47543,Álvaro García,box_to_box_midfielder,Box-to-Box Midfielder (CM / 8),interceptions_per90,0.15,0.556,22.7
48378,Silvan Widmer,box_to_box_midfielder,Box-to-Box Midfielder (CM / 8),interceptions_per90,0.15,0.792,53.0
48642,Cameron Puertas,box_to_box_midfielder,Box-to-Box Midfielder (CM / 8),interceptions_per90,0.15,0.911,68.9
56560,Youssef Maleh,box_to_box_midfielder,Box-to-Box Midfielder (CM / 8),interceptions_per90,0.15,0.803,55.3
89520,Mikael Ellertsson,box_to_box_midfielder,Box-to-Box Midfielder (CM / 8),interceptions_per90,0.15,0.486,16.7
91358,Emanuele Valeri,box_to_box_midfielder,Box-to-Box Midfielder (CM / 8),interceptions_per90,0.15,0.749,48.5
104821,Jon Guridi,box_to_box_midfielder,Box-to-Box Midfielder (CM / 8),interceptions_per90,0.15,0.715,44.7
104949,Pablo Martínez,box_to_box_midfielder,Box-to-Box Midfielder (CM / 8),interceptions_per90,0.15,0.917,70.5
107194,Antonio Sánchez,box_to_box_midfielder,Box-to-Box Midfielder (CM / 8),interceptions_per90,0.15,1.241,90.9
126980,Tommaso Barbieri,box_to_box_midfielder,Box-to-Box Midfielder (CM / 8),interceptions_per90,0.15,0.683,38.6
127426,Pol Lozano,box_to_box_midfielder,Box-to-Box Midfielder (CM / 8),interceptions_per90,0.15,0.907,68.2
127619,Jan Schöppner,box_to_box_midfielder,Box-to-Box Midfielder (CM / 8),interceptions_per90,0.15,1.354,96.2
128853,Derrick Köhn,box_to_box_midfielder,Box-to-Box Midfielder (CM / 8),interceptions_per90,0.15,0.377,7.6
128985,Iker Losada,box_to_box_midfielder,Box-to-Box Midfielder (CM / 8),interceptions_per90,0.15,1.089,83.3
128987,Salis Abdul Samed,box_to_box_midfielder,Box-to-Box Midfielder (CM / 8),interceptions_per90,0.15,0.965,75.0
135749,Félix Correia,box_to_box_midfielder,Box-to-Box Midfielder (CM / 8),interceptions_per90,0.15,0.914,69.7
143831,Robin Fellhauer,box_to_box_midfielder,Box-to-Box Midfielder (CM / 8),interceptions_per90,0.15,0.769,50.8
144740,Fisayo Dele-Bashiru,box_to_box_midfielder,Box-to-Box Midfielder (CM / 8),interceptions_per90,0.15,0.228,3.8
146586,Joel Chima Fujita,box_to_box_midfielder,Box-to-Box Midfielder (CM / 8),interceptions_per90,0.15,1.112,85.6
148448,Arkadiusz Pyrka,box_to_box_midfielder,Box-to-Box Midfielder (CM / 8),interceptions_per90,0.15,0.837,59.8
161569,Oliver Sørensen,box_to_box_midfielder,Box-to-Box Midfielder (CM / 8),interceptions_per90,0.15,0.834,59.1
162907,Alessandro Zanoli,box_to_box_midfielder,Box-to-Box Midfielder (CM / 8),interceptions_per90,0.15,0.488,17.4
163022,Patrick Osterhage,box_to_box_midfielder,Box-to-Box Midfielder (CM / 8),interceptions_per90,0.15,1.278,92.4
174625,Fodé Doucouré,box_to_box_midfielder,Box-to-Box Midfielder (CM / 8),interceptions_per90,0.15,0.652,32.6
174660,Lilian Raolisoa,box_to_box_midfielder,Box-to-Box Midfielder (CM / 8),interceptions_per90,0.15,0.683,39.4
174703,Théo Le Bris,box_to_box_midfielder,Box-to-Box Midfielder (CM / 8),interceptions_per90,0.15,0.806,56.1
174937,Yassine Kechta,box_to_box_midfielder,Box-to-Box Midfielder (CM / 8),interceptions_per90,0.15,1.135,86.4
179955,Javier Rueda,box_to_box_midfielder,Box-to-Box Midfielder (CM / 8),interceptions_per90,0.15,1.34,93.9
181259,Abel Bretones,box_to_box_midfielder,Box-to-Box Midfielder (CM / 8),interceptions_per90,0.15,0.977,76.5
181908,Jan Uwe Thielmann,box_to_box_midfielder,Box-to-Box Midfielder (CM / 8),interceptions_per90,0.15,0.869,62.9
182201,Tyrick Mitchell,box_to_box_midfielder,Box-to-Box Midfielder (CM / 8),interceptions_per90,0.15,0.941,71.2
193617,Tom Louchet,box_to_box_midfielder,Box-to-Box Midfielder (CM / 8),interceptions_per90,0.15,0.613,28.0
197448,Yan Couto,box_to_box_midfielder,Box-to-Box Midfielder (CM / 8),interceptions_per90,0.15,0.624,29.5
198654,Daniel Svensson,box_to_box_midfielder,Box-to-Box Midfielder (CM / 8),interceptions_per90,0.15,0.734,47.7
202526,Eren Dinkçi,box_to_box_midfielder,Box-to-Box Midfielder (CM / 8),interceptions_per90,0.15,0.643,30.3
202636,Louis Oppie,box_to_box_midfielder,Box-to-Box Midfielder (CM / 8),interceptions_per90,0.15,0.557,23.5
203011,Julian Niehues,box_to_box_midfielder,Box-to-Box Midfielder (CM / 8),interceptions_per90,0.15,1.353,95.5
263538,Yehor Yarmoliuk,box_to_box_midfielder,Box-to-Box Midfielder (CM / 8),interceptions_per90,0.15,0.942,72.0
265722,Rafael Obrador,box_to_box_midfielder,Box-to-Box Midfielder (CM / 8),interceptions_per90,0.15,0.882,65.2
265782,David Møller Wolfe,box_to_box_midfielder,Box-to-Box Midfielder (CM / 8),interceptions_per90,0.15,0.594,26.5
265820,Yasin Ayari,box_to_box_midfielder,Box-to-Box Midfielder (CM / 8),interceptions_per90,0.15,1.206,89.4
270508,Lesley Ugochukwu,box_to_box_midfielder,Box-to-Box Midfielder (CM / 8),interceptions_per90,0.15,0.687,41.7
278370,Diego Gómez,box_to_box_midfielder,Box-to-Box Midfielder (CM / 8),interceptions_per90,0.15,0.758,50.0
280687,Hugo Bueno,box_to_box_midfielder,Box-to-Box Midfielder (CM / 8),interceptions_per90,0.15,1.44,98.5
282770,Rodrigo Gomes,box_to_box_midfielder,Box-to-Box Midfielder (CM / 8),interceptions_per90,0.15,0.828,57.6
284570,Brooke Norton-Cuffy,box_to_box_midfielder,Box-to-Box Midfielder (CM / 8),interceptions_per90,0.15,0.407,12.1
289555,Louis Mouton,box_to_box_midfielder,Box-to-Box Midfielder (CM / 8),interceptions_per90,0.15,0.659,35.6
296560,Jackson Tchatchoua,box_to_box_midfielder,Box-to-Box Midfielder (CM / 8),interceptions_per90,0.15,0.776,52.3
302632,William Mikelbrencis,box_to_box_midfielder,Box-to-Box Midfielder (CM / 8),interceptions_per90,0.15,0.321,6.1
303362,Rafik Belghali,box_to_box_midfielder,Box-to-Box Midfielder (CM / 8),interceptions_per90,0.15,0.841,60.6
305730,Jack Hinshelwood,box_to_box_midfielder,Box-to-Box Midfielder (CM / 8),interceptions_per90,0.15,0.309,5.3
309388,Matteo Prati,box_to_box_midfielder,Box-to-Box Midfielder (CM / 8),interceptions_per90,0.15,0.953,74.2
311083,Cher Ndour,box_to_box_midfielder,Box-to-Box Midfielder (CM / 8),interceptions_per90,0.15,0.668,36.4
315699,Javier Guerra,box_to_box_midfielder,Box-to-Box Midfielder (CM / 8),interceptions_per90,0.15,1.035,78.8
328089,Archie Gray,box_to_box_midfielder,Box-to-Box Midfielder (CM / 8),interceptions_per90,0.15,1.02,77.3
330238,Lucas Pires,box_to_box_midfielder,Box-to-Box Midfielder (CM / 8),interceptions_per90,0.15,1.28,93.2
333137,Kassoum Ouattara,box_to_box_midfielder,Box-to-Box Midfielder (CM / 8),interceptions_per90,0.15,1.465,99.2
333502,Miguel Román,box_to_box_midfielder,Box-to-Box Midfielder (CM / 8),interceptions_per90,0.15,0.824,56.8
336659,Chemsdine Talbi,box_to_box_midfielder,Box-to-Box Midfielder (CM / 8),interceptions_per90,0.15,0.115,0.8
339874,Oscar Højlund,box_to_box_midfielder,Box-to-Box Midfielder (CM / 8),interceptions_per90,0.15,0.573,25.0
342651,Romano Floriani Mussolini,box_to_box_midfielder,Box-to-Box Midfielder (CM / 8),interceptions_per90,0.15,0.38,8.3
343792,Djaoui Cissé,box_to_box_midfielder,Box-to-Box Midfielder (CM / 8),interceptions_per90,0.15,0.539,21.2
347316,Lucas Bergvall,box_to_box_midfielder,Box-to-Box Midfielder (CM / 8),interceptions_per90,0.15,0.184,2.3
352375,Arthur,box_to_box_midfielder,Box-to-Box Midfielder (CM / 8),interceptions_per90,0.15,1.352,94.7
353609,Sulemana,box_to_box_midfielder,Box-to-Box Midfielder (CM / 8),interceptions_per90,0.15,0.499,18.2
356888,Niccolò Pisilli,box_to_box_midfielder,Box-to-Box Midfielder (CM / 8),interceptions_per90,0.15,1.668,100.0
358166,Abdoul Ouattara,box_to_box_midfielder,Box-to-Box Midfielder (CM / 8),interceptions_per90,0.15,1.065,81.1
362752,Christian Ordoñez,box_to_box_midfielder,Box-to-Box Midfielder (CM / 8),interceptions_per90,0.15,0.658,34.1
374359,Davide Bartesaghi,box_to_box_midfielder,Box-to-Box Midfielder (CM / 8),interceptions_per90,0.15,0.442,15.2
419035,Mamadou Coulibaly,box_to_box_midfielder,Box-to-Box Midfielder (CM / 8),interceptions_per90,0.15,1.237,90.2
443674,Louis Leroux,box_to_box_midfielder,Box-to-Box Midfielder (CM / 8),interceptions_per90,0.15,0.249,4.5
452697,Dayann Methalie,box_to_box_midfielder,Box-to-Box Midfielder (CM / 8),interceptions_per90,0.15,1.196,88.6
499380,Sascha Britschgi,box_to_box_midfielder,Box-to-Box Midfielder (CM / 8),interceptions_per90,0.15,0.341,6.8
514464,Alexis Vossah,box_to_box_midfielder,Box-to-Box Midfielder (CM / 8),interceptions_per90,0.15,0.659,34.8
50,Koke,attacking_midfielder,Attacking Midfielder (AM / 10),key_passes_per90,0.25,1.409,39.1
109,Aleksandr Golovin,attacking_midfielder,Attacking Midfielder (AM / 10),key_passes_per90,0.25,1.3,26.1
116,Khéphren Thuram,attacking_midfielder,Attacking Midfielder (AM / 10),key_passes_per90,0.25,0.881,4.3
174,Christian Eriksen,attacking_midfielder,Attacking Midfielder (AM / 10),key_passes_per90,0.25,2.259,90.2
325,Gianluca Gaetano,attacking_midfielder,Attacking Midfielder (AM / 10),key_passes_per90,0.25,1.319,30.4
328,Fabián Ruiz,attacking_midfielder,Attacking Midfielder (AM / 10),key_passes_per90,0.25,1.515,47.8
329,Piotr Zieliński,attacking_midfielder,Attacking Midfielder (AM / 10),key_passes_per90,0.25,1.27,23.9
409,Nabil Bentaleb,attacking_midfielder,Attacking Midfielder (AM / 10),key_passes_per90,0.25,0.839,3.3
415,Weston McKennie,attacking_midfielder,Attacking Midfielder (AM / 10),key_passes_per90,0.25,1.521,48.9
502,Joshua Kimmich,attacking_midfielder,Attacking Midfielder (AM / 10),key_passes_per90,0.25,2.25,89.1
511,Leon Goretzka,attacking_midfielder,Attacking Midfielder (AM / 10),key_passes_per90,0.25,1.013,12.0
538,Frenkie de Jong,attacking_midfielder,Attacking Midfielder (AM / 10),key_passes_per90,0.25,1.924,72.8
636,Bernardo Silva,attacking_midfielder,Attacking Midfielder (AM / 10),key_passes_per90,0.25,1.464,43.5
659,Maxence Caqueret,attacking_midfielder,Attacking Midfielder (AM / 10),key_passes_per90,0.25,1.574,52.2
754,Luka Modrić,attacking_midfielder,Attacking Midfielder (AM / 10),key_passes_per90,0.25,1.691,59.8
756,Federico Valverde,attacking_midfielder,Attacking Midfielder (AM / 10),key_passes_per90,0.25,1.409,40.2
876,Nicolò Fagioli,attacking_midfielder,Attacking Midfielder (AM / 10),key_passes_per90,0.25,2.176,83.7
881,Hans Nicolussi Caviglia,attacking_midfielder,Attacking Midfielder (AM / 10),key_passes_per90,0.25,1.161,19.6
896,Angel Gomes,attacking_midfielder,Attacking Midfielder (AM / 10),key_passes_per90,0.25,1.565,51.1
930,Carlos Soler,attacking_midfielder,Attacking Midfielder (AM / 10),key_passes_per90,0.25,1.775,65.2
957,Djibril Sow,attacking_midfielder,Attacking Midfielder (AM / 10),key_passes_per90,0.25,0.984,9.8
1095,Xaver Schlager,attacking_midfielder,Attacking Midfielder (AM / 10),key_passes_per90,0.25,1.029,13.0
1096,Dominik Szoboszlai,attacking_midfielder,Attacking Midfielder (AM / 10),key_passes_per90,0.25,2.171,82.6
1161,Emile Smith Rowe,attacking_midfielder,Attacking Midfielder (AM / 10),key_passes_per90,0.25,0.833,1.1
1266,Toma Bašić,attacking_midfielder,Attacking Midfielder (AM / 10),key_passes_per90,0.25,1.134,18.5
1322,Nikola Moro,attacking_midfielder,Attacking Midfielder (AM / 10),key_passes_per90,0.25,1.302,27.2
1358,Eljif Elmas,attacking_midfielder,Attacking Midfielder (AM / 10),key_passes_per90,0.25,1.208,20.7
1427,Albert Sambi Lokonga,attacking_midfielder,Attacking Midfielder (AM / 10),key_passes_per90,0.25,1.314,29.3
1454,Mattéo Guendouzi,attacking_midfielder,Attacking Midfielder (AM / 10),key_passes_per90,0.25,0.944,7.6
1455,Alex Iwobi,attacking_midfielder,Attacking Midfielder (AM / 10),key_passes_per90,0.25,1.59,53.3
1457,Henrikh Mkhitaryan,attacking_midfielder,Attacking Midfielder (AM / 10),key_passes_per90,0.25,1.33,31.5
1640,Hakan Çalhanoğlu,attacking_midfielder,Attacking Midfielder (AM / 10),key_passes_per90,0.25,2.236,88.0
1697,Pablo Fornals,attacking_midfielder,Attacking Midfielder (AM / 10),key_passes_per90,0.25,2.702,97.8
1852,Danilo Cataldi,attacking_midfielder,Attacking Midfielder (AM / 10),key_passes_per90,0.25,1.039,15.2
1910,Maxime López,attacking_midfielder,Attacking Midfielder (AM / 10),key_passes_per90,0.25,1.974,73.9
2735,Pierre-Emile Højbjerg,attacking_midfielder,Attacking Midfielder (AM / 10),key_passes_per90,0.25,1.392,37.0
2763,Mario Pašalić,attacking_midfielder,Attacking Midfielder (AM / 10),key_passes_per90,0.25,1.863,69.6
2937,Declan Rice,attacking_midfielder,Attacking Midfielder (AM / 10),key_passes_per90,0.25,1.859,68.5
2938,James Ward-Prowse,attacking_midfielder,Attacking Midfielder (AM / 10),key_passes_per90,0.25,1.867,70.7
3007,Przemysław Frankowski,attacking_midfielder,Attacking Midfielder (AM / 10),key_passes_per90,0.25,2.296,91.3
3406,Frank Anguissa,attacking_midfielder,Attacking Midfielder (AM / 10),key_passes_per90,0.25,0.932,5.4
6002,Exequiel Palacios,attacking_midfielder,Attacking Midfielder (AM / 10),key_passes_per90,0.25,1.067,16.3
6716,Alexis Mac Allister,attacking_midfielder,Attacking Midfielder (AM / 10),key_passes_per90,0.25,1.211,21.7
8586,Mërgim Vojvoda,attacking_midfielder,Attacking Midfielder (AM / 10),key_passes_per90,0.25,1.632,56.5
10077,Luís Henrique,attacking_midfielder,Attacking Midfielder (AM / 10),key_passes_per90,0.25,1.217,22.8
18901,Sean Longstaff,attacking_midfielder,Attacking Midfielder (AM / 10),key_passes_per90,0.25,2.151,81.5
18970,Pascal Groß,attacking_midfielder,Attacking Midfielder (AM / 10),key_passes_per90,0.25,1.996,77.2
19030,Matt O'Riley,attacking_midfielder,Attacking Midfielder (AM / 10),key_passes_per90,0.25,1.624,55.4
19192,Jacob Ramsey,attacking_midfielder,Attacking Midfielder (AM / 10),key_passes_per90,0.25,1.352,32.6
20525,Matthieu Udol,attacking_midfielder,Attacking Midfielder (AM / 10),key_passes_per90,0.25,1.678,57.6
20529,Gauthier Hein,attacking_midfielder,Attacking Midfielder (AM / 10),key_passes_per90,0.25,2.218,85.9
24845,Julian Ryerson,attacking_midfielder,Attacking Midfielder (AM / 10),key_passes_per90,0.25,2.218,87.0
24854,Grischa Prömel,attacking_midfielder,Attacking Midfielder (AM / 10),key_passes_per90,0.25,0.822,0.0
25008,Jonathan Clauss,attacking_midfielder,Attacking Midfielder (AM / 10),key_passes_per90,0.25,2.325,92.4
25073,Vitaly Janelt,attacking_midfielder,Attacking Midfielder (AM / 10),key_passes_per90,0.25,1.304,28.3
25408,Maximilian Arnold,attacking_midfielder,Attacking Midfielder (AM / 10),key_passes_per90,0.25,1.403,38.0
25914,Aarón Martín,attacking_midfielder,Attacking Midfielder (AM / 10),key_passes_per90,0.25,2.554,94.6
26248,Vincenzo Grifo,attacking_midfielder,Attacking Midfielder (AM / 10),key_passes_per90,0.25,2.145,80.4
30558,Nicolò Barella,attacking_midfielder,Attacking Midfielder (AM / 10),key_passes_per90,0.25,2.558,95.7
31010,Federico Dimarco,attacking_midfielder,Attacking Midfielder (AM / 10),key_passes_per90,0.25,3.195,100.0
31056,Samuele Ricci,attacking_midfielder,Attacking Midfielder (AM / 10),key_passes_per90,0.25,1.379,35.9
31211,Jari Vandeputte,attacking_midfielder,Attacking Midfielder (AM / 10),key_passes_per90,0.25,2.49,93.5
37127,Martin Ødegaard,attacking_midfielder,Attacking Midfielder (AM / 10),key_passes_per90,0.25,2.628,96.7
37153,Wouter Burger,attacking_midfielder,Attacking Midfielder (AM / 10),key_passes_per90,0.25,1.881,71.7
37652,Branco Van den Boomen,attacking_midfielder,Attacking Midfielder (AM / 10),key_passes_per90,0.25,2.029,79.3
38749,Kenneth Taylor,attacking_midfielder,Attacking Midfielder (AM / 10),key_passes_per90,0.25,0.836,2.2
44594,Saud Abdulhamid,attacking_midfielder,Attacking Midfielder (AM / 10),key_passes_per90,0.25,1.593,54.3
47085,Luis Milla,attacking_midfielder,Attacking Midfielder (AM / 10),key_passes_per90,0.25,2.2,84.8
47285,Unai López,attacking_midfielder,Attacking Midfielder (AM / 10),key_passes_per90,0.25,1.996,76.1
47336,Sergi Darder,attacking_midfielder,Attacking Midfielder (AM / 10),key_passes_per90,0.25,1.975,75.0
47414,Gerard Gumbau,attacking_midfielder,Attacking Midfielder (AM / 10),key_passes_per90,0.25,1.729,62.0
47516,Aleix García,attacking_midfielder,Attacking Midfielder (AM / 10),key_passes_per90,0.25,1.715,60.9
47541,Santi Comesaña,attacking_midfielder,Attacking Midfielder (AM / 10),key_passes_per90,0.25,1.007,10.9
48198,Ísak Bergmann Jóhannesson,attacking_midfielder,Attacking Midfielder (AM / 10),key_passes_per90,0.25,1.689,58.7
48465,Filip Ugrinić,attacking_midfielder,Attacking Midfielder (AM / 10),key_passes_per90,0.25,1.368,34.8
91422,Raoul Bellanova,attacking_midfielder,Attacking Midfielder (AM / 10),key_passes_per90,0.25,1.363,33.7
127011,Andrea Cambiaso,attacking_midfielder,Attacking Midfielder (AM / 10),key_passes_per90,0.25,1.804,66.3
128384,Vitinha,attacking_midfielder,Attacking Midfielder (AM / 10),key_passes_per90,0.25,1.443,41.3
133609,Pedri,attacking_midfielder,Attacking Midfielder (AM / 10),key_passes_per90,0.25,2.734,98.9
137210,Angelo Stiller,attacking_midfielder,Attacking Midfielder (AM / 10),key_passes_per90,0.25,1.833,67.4
162266,Lucas Da Cunha,attacking_midfielder,Attacking Midfielder (AM / 10),key_passes_per90,0.25,1.474,46.7
162590,Tyler Morton,attacking_midfielder,Attacking Midfielder (AM / 10),key_passes_per90,0.25,1.034,14.1
162712,Óscar Mingueza,attacking_midfielder,Attacking Midfielder (AM / 10),key_passes_per90,0.25,1.464,45.7
226803,Sebastian Nanasi,attacking_midfielder,Attacking Midfielder (AM / 10),key_passes_per90,0.25,1.443,42.4
264857,Lorenzo Bernasconi,attacking_midfielder,Attacking Midfielder (AM / 10),key_passes_per90,0.25,1.546,50.0
271580,Martim Neto,attacking_midfielder,Attacking Midfielder (AM / 10),key_passes_per90,0.25,1.729,63.0
276670,Farès Chaïbi,attacking_midfielder,Attacking Midfielder (AM / 10),key_passes_per90,0.25,2.003,78.3
288699,Máximo Perrone,attacking_midfielder,Attacking Midfielder (AM / 10),key_passes_per90,0.25,1.113,17.4
313651,Hugo Sotelo,attacking_midfielder,Attacking Midfielder (AM / 10),key_passes_per90,0.25,1.744,64.1
328033,Aleksandar Pavlović,attacking_midfielder,Attacking Midfielder (AM / 10),key_passes_per90,0.25,1.295,25.0
335051,João Neves,attacking_midfielder,Attacking Midfielder (AM / 10),key_passes_per90,0.25,0.979,8.7
335094,Hugo Larsson,attacking_midfielder,Attacking Midfielder (AM / 10),key_passes_per90,0.25,0.938,6.5
348205,Petar Sučić,attacking_midfielder,Attacking Midfielder (AM / 10),key_passes_per90,0.25,1.464,44.6
50,Koke,attacking_midfielder,Attacking Midfielder (AM / 10),assists_per90,0.2,0.081,14.1
109,Aleksandr Golovin,attacking_midfielder,Attacking Midfielder (AM / 10),assists_per90,0.2,0.271,83.7
116,Khéphren Thuram,attacking_midfielder,Attacking Midfielder (AM / 10),assists_per90,0.2,0.11,23.9
174,Christian Eriksen,attacking_midfielder,Attacking Midfielder (AM / 10),assists_per90,0.2,0.308,90.2
325,Gianluca Gaetano,attacking_midfielder,Attacking Midfielder (AM / 10),assists_per90,0.2,0.188,62.0
328,Fabián Ruiz,attacking_midfielder,Attacking Midfielder (AM / 10),assists_per90,0.2,0.319,92.4
329,Piotr Zieliński,attacking_midfielder,Attacking Midfielder (AM / 10),assists_per90,0.2,0.131,34.8
409,Nabil Bentaleb,attacking_midfielder,Attacking Midfielder (AM / 10),assists_per90,0.2,0.14,41.3
415,Weston McKennie,attacking_midfielder,Attacking Midfielder (AM / 10),assists_per90,0.2,0.158,46.7
502,Joshua Kimmich,attacking_midfielder,Attacking Midfielder (AM / 10),assists_per90,0.2,0.316,91.3
511,Leon Goretzka,attacking_midfielder,Attacking Midfielder (AM / 10),assists_per90,0.2,0.138,40.2
538,Frenkie de Jong,attacking_midfielder,Attacking Midfielder (AM / 10),assists_per90,0.2,0.275,84.8
636,Bernardo Silva,attacking_midfielder,Attacking Midfielder (AM / 10),assists_per90,0.2,0.125,29.3
659,Maxence Caqueret,attacking_midfielder,Attacking Midfielder (AM / 10),assists_per90,0.2,0.363,94.6
754,Luka Modrić,attacking_midfielder,Attacking Midfielder (AM / 10),assists_per90,0.2,0.096,17.4
756,Federico Valverde,attacking_midfielder,Attacking Midfielder (AM / 10),assists_per90,0.2,0.262,79.3
876,Nicolò Fagioli,attacking_midfielder,Attacking Midfielder (AM / 10),assists_per90,0.2,0.105,22.8
881,Hans Nicolussi Caviglia,attacking_midfielder,Attacking Midfielder (AM / 10),assists_per90,0.2,0.244,77.2
896,Angel Gomes,attacking_midfielder,Attacking Midfielder (AM / 10),assists_per90,0.2,0.0,1.6
930,Carlos Soler,attacking_midfielder,Attacking Midfielder (AM / 10),assists_per90,0.2,0.116,28.3
957,Djibril Sow,attacking_midfielder,Attacking Midfielder (AM / 10),assists_per90,0.2,0.164,50.0
1095,Xaver Schlager,attacking_midfielder,Attacking Midfielder (AM / 10),assists_per90,0.2,0.049,4.3
1096,Dominik Szoboszlai,attacking_midfielder,Attacking Midfielder (AM / 10),assists_per90,0.2,0.195,66.3
1161,Emile Smith Rowe,attacking_midfielder,Attacking Midfielder (AM / 10),assists_per90,0.2,0.0,1.6
1266,Toma Bašić,attacking_midfielder,Attacking Midfielder (AM / 10),assists_per90,0.2,0.155,45.7
1322,Nikola Moro,attacking_midfielder,Attacking Midfielder (AM / 10),assists_per90,0.2,0.0,1.6
1358,Eljif Elmas,attacking_midfielder,Attacking Midfielder (AM / 10),assists_per90,0.2,0.151,44.6
1427,Albert Sambi Lokonga,attacking_midfielder,Attacking Midfielder (AM / 10),assists_per90,0.2,0.0,1.6
1454,Mattéo Guendouzi,attacking_midfielder,Attacking Midfielder (AM / 10),assists_per90,0.2,0.063,7.6
1455,Alex Iwobi,attacking_midfielder,Attacking Midfielder (AM / 10),assists_per90,0.2,0.111,26.1
1457,Henrikh Mkhitaryan,attacking_midfielder,Attacking Midfielder (AM / 10),assists_per90,0.2,0.058,5.4
1640,Hakan Çalhanoğlu,attacking_midfielder,Attacking Midfielder (AM / 10),assists_per90,0.2,0.218,71.7
1697,Pablo Fornals,attacking_midfielder,Attacking Midfielder (AM / 10),assists_per90,0.2,0.188,63.0
1852,Danilo Cataldi,attacking_midfielder,Attacking Midfielder (AM / 10),assists_per90,0.2,0.135,38.0
1910,Maxime López,attacking_midfielder,Attacking Midfielder (AM / 10),assists_per90,0.2,0.138,39.1
2735,Pierre-Emile Højbjerg,attacking_midfielder,Attacking Midfielder (AM / 10),assists_per90,0.2,0.166,51.1
2763,Mario Pašalić,attacking_midfielder,Attacking Midfielder (AM / 10),assists_per90,0.2,0.186,60.9
2937,Declan Rice,attacking_midfielder,Attacking Midfielder (AM / 10),assists_per90,0.2,0.145,42.4
2938,James Ward-Prowse,attacking_midfielder,Attacking Midfielder (AM / 10),assists_per90,0.2,0.081,15.2
3007,Przemysław Frankowski,attacking_midfielder,Attacking Midfielder (AM / 10),assists_per90,0.2,0.148,43.5
3406,Frank Anguissa,attacking_midfielder,Attacking Midfielder (AM / 10),assists_per90,0.2,0.072,12.0
6002,Exequiel Palacios,attacking_midfielder,Attacking Midfielder (AM / 10),assists_per90,0.2,0.082,16.3
6716,Alexis Mac Allister,attacking_midfielder,Attacking Midfielder (AM / 10),assists_per90,0.2,0.135,37.0
8586,Mërgim Vojvoda,attacking_midfielder,Attacking Midfielder (AM / 10),assists_per90,0.2,0.113,27.2
10077,Luís Henrique,attacking_midfielder,Attacking Midfielder (AM / 10),assists_per90,0.2,0.111,25.0
18901,Sean Longstaff,attacking_midfielder,Attacking Midfielder (AM / 10),assists_per90,0.2,0.172,55.4
18970,Pascal Groß,attacking_midfielder,Attacking Midfielder (AM / 10),assists_per90,0.2,0.16,47.8
19030,Matt O'Riley,attacking_midfielder,Attacking Midfielder (AM / 10),assists_per90,0.2,0.191,64.1
19192,Jacob Ramsey,attacking_midfielder,Attacking Midfielder (AM / 10),assists_per90,0.2,0.184,58.7
20525,Matthieu Udol,attacking_midfielder,Attacking Midfielder (AM / 10),assists_per90,0.2,0.21,70.7
20529,Gauthier Hein,attacking_midfielder,Attacking Midfielder (AM / 10),assists_per90,0.2,0.268,81.5
24845,Julian Ryerson,attacking_midfielder,Attacking Midfielder (AM / 10),assists_per90,0.2,0.594,100.0
24854,Grischa Prömel,attacking_midfielder,Attacking Midfielder (AM / 10),assists_per90,0.2,0.103,21.7
25008,Jonathan Clauss,attacking_midfielder,Attacking Midfielder (AM / 10),assists_per90,0.2,0.199,67.4
25073,Vitaly Janelt,attacking_midfielder,Attacking Midfielder (AM / 10),assists_per90,0.2,0.248,78.3
25408,Maximilian Arnold,attacking_midfielder,Attacking Midfielder (AM / 10),assists_per90,0.2,0.194,65.2
25914,Aarón Martín,attacking_midfielder,Attacking Midfielder (AM / 10),assists_per90,0.2,0.206,68.5
26248,Vincenzo Grifo,attacking_midfielder,Attacking Midfielder (AM / 10),assists_per90,0.2,0.209,69.6
30558,Nicolò Barella,attacking_midfielder,Attacking Midfielder (AM / 10),assists_per90,0.2,0.284,88.0
31010,Federico Dimarco,attacking_midfielder,Attacking Midfielder (AM / 10),assists_per90,0.2,0.533,98.9
31056,Samuele Ricci,attacking_midfielder,Attacking Midfielder (AM / 10),assists_per90,0.2,0.276,87.0
31211,Jari Vandeputte,attacking_midfielder,Attacking Midfielder (AM / 10),assists_per90,0.2,0.231,76.1
37127,Martin Ødegaard,attacking_midfielder,Attacking Midfielder (AM / 10),assists_per90,0.2,0.394,96.7
37153,Wouter Burger,attacking_midfielder,Attacking Midfielder (AM / 10),assists_per90,0.2,0.184,59.8
37652,Branco Van den Boomen,attacking_midfielder,Attacking Midfielder (AM / 10),assists_per90,0.2,0.072,13.0
38749,Kenneth Taylor,attacking_midfielder,Attacking Midfielder (AM / 10),assists_per90,0.2,0.129,30.4
44594,Saud Abdulhamid,attacking_midfielder,Attacking Midfielder (AM / 10),assists_per90,0.2,0.265,80.4
47085,Luis Milla,attacking_midfielder,Attacking Midfielder (AM / 10),assists_per90,0.2,0.275,85.9
47285,Unai López,attacking_midfielder,Attacking Midfielder (AM / 10),assists_per90,0.2,0.222,72.8
47336,Sergi Darder,attacking_midfielder,Attacking Midfielder (AM / 10),assists_per90,0.2,0.167,52.2
47414,Gerard Gumbau,attacking_midfielder,Attacking Midfielder (AM / 10),assists_per90,0.2,0.226,75.0
47516,Aleix García,attacking_midfielder,Attacking Midfielder (AM / 10),assists_per90,0.2,0.269,82.6
47541,Santi Comesaña,attacking_midfielder,Attacking Midfielder (AM / 10),assists_per90,0.2,0.224,73.9
48198,Ísak Bergmann Jóhannesson,attacking_midfielder,Attacking Midfielder (AM / 10),assists_per90,0.2,0.099,19.6
48465,Filip Ugrinić,attacking_midfielder,Attacking Midfielder (AM / 10),assists_per90,0.2,0.178,56.5
91422,Raoul Bellanova,attacking_midfielder,Attacking Midfielder (AM / 10),assists_per90,0.2,0.065,8.7
127011,Andrea Cambiaso,attacking_midfielder,Attacking Midfielder (AM / 10),assists_per90,0.2,0.129,31.5
128384,Vitinha,attacking_midfielder,Attacking Midfielder (AM / 10),assists_per90,0.2,0.297,89.1
133609,Pedri,attacking_midfielder,Attacking Midfielder (AM / 10),assists_per90,0.2,0.384,95.7
137210,Angelo Stiller,attacking_midfielder,Attacking Midfielder (AM / 10),assists_per90,0.2,0.164,48.9
162266,Lucas Da Cunha,attacking_midfielder,Attacking Midfielder (AM / 10),assists_per90,0.2,0.131,33.7
162590,Tyler Morton,attacking_midfielder,Attacking Midfielder (AM / 10),assists_per90,0.2,0.071,10.9
162712,Óscar Mingueza,attacking_midfielder,Attacking Midfielder (AM / 10),assists_per90,0.2,0.183,57.6
226803,Sebastian Nanasi,attacking_midfielder,Attacking Midfielder (AM / 10),assists_per90,0.2,0.17,53.3
264857,Lorenzo Bernasconi,attacking_midfielder,Attacking Midfielder (AM / 10),assists_per90,0.2,0.172,54.3
271580,Martim Neto,attacking_midfielder,Attacking Midfielder (AM / 10),assists_per90,0.2,0.333,93.5
276670,Farès Chaïbi,attacking_midfielder,Attacking Midfielder (AM / 10),assists_per90,0.2,0.451,97.8
288699,Máximo Perrone,attacking_midfielder,Attacking Midfielder (AM / 10),assists_per90,0.2,0.131,32.6
313651,Hugo Sotelo,attacking_midfielder,Attacking Midfielder (AM / 10),assists_per90,0.2,0.134,35.9
328033,Aleksandar Pavlović,attacking_midfielder,Attacking Midfielder (AM / 10),assists_per90,0.2,0.062,6.5
335051,João Neves,attacking_midfielder,Attacking Midfielder (AM / 10),assists_per90,0.2,0.07,9.8
335094,Hugo Larsson,attacking_midfielder,Attacking Midfielder (AM / 10),assists_per90,0.2,0.099,18.5
348205,Petar Sučić,attacking_midfielder,Attacking Midfielder (AM / 10),assists_per90,0.2,0.101,20.7
50,Koke,attacking_midfielder,Attacking Midfielder (AM / 10),goals_per90,0.2,0.081,42.4
109,Aleksandr Golovin,attacking_midfielder,Attacking Midfielder (AM / 10),goals_per90,0.2,0.271,91.3
116,Khéphren Thuram,attacking_midfielder,Attacking Midfielder (AM / 10),goals_per90,0.2,0.11,55.4
174,Christian Eriksen,attacking_midfielder,Attacking Midfielder (AM / 10),goals_per90,0.2,0.103,52.2
325,Gianluca Gaetano,attacking_midfielder,Attacking Midfielder (AM / 10),goals_per90,0.2,0.094,44.6
328,Fabián Ruiz,attacking_midfielder,Attacking Midfielder (AM / 10),goals_per90,0.2,0.08,41.3
329,Piotr Zieliński,attacking_midfielder,Attacking Midfielder (AM / 10),goals_per90,0.2,0.263,89.1
409,Nabil Bentaleb,attacking_midfielder,Attacking Midfielder (AM / 10),goals_per90,0.2,0.14,69.6
415,Weston McKennie,attacking_midfielder,Attacking Midfielder (AM / 10),goals_per90,0.2,0.158,75.0
502,Joshua Kimmich,attacking_midfielder,Attacking Midfielder (AM / 10),goals_per90,0.2,0.079,40.2
511,Leon Goretzka,attacking_midfielder,Attacking Midfielder (AM / 10),goals_per90,0.2,0.23,85.9
538,Frenkie de Jong,attacking_midfielder,Attacking Midfielder (AM / 10),goals_per90,0.2,0.055,26.1
636,Bernardo Silva,attacking_midfielder,Attacking Midfielder (AM / 10),goals_per90,0.2,0.062,29.3
659,Maxence Caqueret,attacking_midfielder,Attacking Midfielder (AM / 10),goals_per90,0.2,0.121,59.8
754,Luka Modrić,attacking_midfielder,Attacking Midfielder (AM / 10),goals_per90,0.2,0.064,30.4
756,Federico Valverde,attacking_midfielder,Attacking Midfielder (AM / 10),goals_per90,0.2,0.164,76.1
876,Nicolò Fagioli,attacking_midfielder,Attacking Midfielder (AM / 10),goals_per90,0.2,0.07,37.0
881,Hans Nicolussi Caviglia,attacking_midfielder,Attacking Midfielder (AM / 10),goals_per90,0.2,0.0,6.0
896,Angel Gomes,attacking_midfielder,Attacking Midfielder (AM / 10),goals_per90,0.2,0.196,82.6
930,Carlos Soler,attacking_midfielder,Attacking Midfielder (AM / 10),goals_per90,0.2,0.154,73.9
957,Djibril Sow,attacking_midfielder,Attacking Midfielder (AM / 10),goals_per90,0.2,0.205,84.8
1095,Xaver Schlager,attacking_midfielder,Attacking Midfielder (AM / 10),goals_per90,0.2,0.147,70.7
1096,Dominik Szoboszlai,attacking_midfielder,Attacking Midfielder (AM / 10),goals_per90,0.2,0.167,77.2
1161,Emile Smith Rowe,attacking_midfielder,Attacking Midfielder (AM / 10),goals_per90,0.2,0.139,67.4
1266,Toma Bašić,attacking_midfielder,Attacking Midfielder (AM / 10),goals_per90,0.2,0.103,53.3
1322,Nikola Moro,attacking_midfielder,Attacking Midfielder (AM / 10),goals_per90,0.2,0.05,23.9
1358,Eljif Elmas,attacking_midfielder,Attacking Midfielder (AM / 10),goals_per90,0.2,0.05,25.0
1427,Albert Sambi Lokonga,attacking_midfielder,Attacking Midfielder (AM / 10),goals_per90,0.2,0.263,90.2
1454,Mattéo Guendouzi,attacking_midfielder,Attacking Midfielder (AM / 10),goals_per90,0.2,0.126,62.0
1455,Alex Iwobi,attacking_midfielder,Attacking Midfielder (AM / 10),goals_per90,0.2,0.148,72.8
1457,Henrikh Mkhitaryan,attacking_midfielder,Attacking Midfielder (AM / 10),goals_per90,0.2,0.231,87.0
1640,Hakan Çalhanoğlu,attacking_midfielder,Attacking Midfielder (AM / 10),goals_per90,0.2,0.491,98.9
1697,Pablo Fornals,attacking_midfielder,Attacking Midfielder (AM / 10),goals_per90,0.2,0.283,92.4
1852,Danilo Cataldi,attacking_midfielder,Attacking Midfielder (AM / 10),goals_per90,0.2,0.135,66.3
1910,Maxime López,attacking_midfielder,Attacking Midfielder (AM / 10),goals_per90,0.2,0.0,6.0
2735,Pierre-Emile Højbjerg,attacking_midfielder,Attacking Midfielder (AM / 10),goals_per90,0.2,0.133,63.0
2763,Mario Pašalić,attacking_midfielder,Attacking Midfielder (AM / 10),goals_per90,0.2,0.14,68.5
2937,Declan Rice,attacking_midfielder,Attacking Midfielder (AM / 10),goals_per90,0.2,0.116,58.7
2938,James Ward-Prowse,attacking_midfielder,Attacking Midfielder (AM / 10),goals_per90,0.2,0.0,6.0
3007,Przemysław Frankowski,attacking_midfielder,Attacking Midfielder (AM / 10),goals_per90,0.2,0.074,39.1
3406,Frank Anguissa,attacking_midfielder,Attacking Midfielder (AM / 10),goals_per90,0.2,0.287,93.5
6002,Exequiel Palacios,attacking_midfielder,Attacking Midfielder (AM / 10),goals_per90,0.2,0.0,6.0
6716,Alexis Mac Allister,attacking_midfielder,Attacking Midfielder (AM / 10),goals_per90,0.2,0.067,34.8
8586,Mërgim Vojvoda,attacking_midfielder,Attacking Midfielder (AM / 10),goals_per90,0.2,0.113,57.6
10077,Luís Henrique,attacking_midfielder,Attacking Midfielder (AM / 10),goals_per90,0.2,0.055,27.2
18901,Sean Longstaff,attacking_midfielder,Attacking Midfielder (AM / 10),goals_per90,0.2,0.172,78.3
18970,Pascal Groß,attacking_midfielder,Attacking Midfielder (AM / 10),goals_per90,0.2,0.04,16.3
19030,Matt O'Riley,attacking_midfielder,Attacking Midfielder (AM / 10),goals_per90,0.2,0.191,80.4
19192,Jacob Ramsey,attacking_midfielder,Attacking Midfielder (AM / 10),goals_per90,0.2,0.123,60.9
20525,Matthieu Udol,attacking_midfielder,Attacking Midfielder (AM / 10),goals_per90,0.2,0.03,14.1
20529,Gauthier Hein,attacking_midfielder,Attacking Midfielder (AM / 10),goals_per90,0.2,0.306,94.6
24845,Julian Ryerson,attacking_midfielder,Attacking Midfielder (AM / 10),goals_per90,0.2,0.0,6.0
24854,Grischa Prömel,attacking_midfielder,Attacking Midfielder (AM / 10),goals_per90,0.2,0.36,96.7
25008,Jonathan Clauss,attacking_midfielder,Attacking Midfielder (AM / 10),goals_per90,0.2,0.066,33.7
25073,Vitaly Janelt,attacking_midfielder,Attacking Midfielder (AM / 10),goals_per90,0.2,0.062,28.3
25408,Maximilian Arnold,attacking_midfielder,Attacking Midfielder (AM / 10),goals_per90,0.2,0.048,21.7
25914,Aarón Martín,attacking_midfielder,Attacking Midfielder (AM / 10),goals_per90,0.2,0.041,17.4
26248,Vincenzo Grifo,attacking_midfielder,Attacking Midfielder (AM / 10),goals_per90,0.2,0.366,97.8
30558,Nicolò Barella,attacking_midfielder,Attacking Midfielder (AM / 10),goals_per90,0.2,0.107,54.3
31010,Federico Dimarco,attacking_midfielder,Attacking Midfielder (AM / 10),goals_per90,0.2,0.233,88.0
31056,Samuele Ricci,attacking_midfielder,Attacking Midfielder (AM / 10),goals_per90,0.2,0.069,35.9
31211,Jari Vandeputte,attacking_midfielder,Attacking Midfielder (AM / 10),goals_per90,0.2,0.046,20.7
37127,Martin Ødegaard,attacking_midfielder,Attacking Midfielder (AM / 10),goals_per90,0.2,0.066,32.6
37153,Wouter Burger,attacking_midfielder,Attacking Midfielder (AM / 10),goals_per90,0.2,0.148,71.7
37652,Branco Van den Boomen,attacking_midfielder,Attacking Midfielder (AM / 10),goals_per90,0.2,0.0,6.0
38749,Kenneth Taylor,attacking_midfielder,Attacking Midfielder (AM / 10),goals_per90,0.2,0.193,81.5
44594,Saud Abdulhamid,attacking_midfielder,Attacking Midfielder (AM / 10),goals_per90,0.2,0.133,64.1
47085,Luis Milla,attacking_midfielder,Attacking Midfielder (AM / 10),goals_per90,0.2,0.027,13.0
47285,Unai López,attacking_midfielder,Attacking Midfielder (AM / 10),goals_per90,0.2,0.0,6.0
47336,Sergi Darder,attacking_midfielder,Attacking Midfielder (AM / 10),goals_per90,0.2,0.033,15.2
47414,Gerard Gumbau,attacking_midfielder,Attacking Midfielder (AM / 10),goals_per90,0.2,0.0,6.0
47516,Aleix García,attacking_midfielder,Attacking Midfielder (AM / 10),goals_per90,0.2,0.101,50.0
47541,Santi Comesaña,attacking_midfielder,Attacking Midfielder (AM / 10),goals_per90,0.2,0.112,56.5
48198,Ísak Bergmann Jóhannesson,attacking_midfielder,Attacking Midfielder (AM / 10),goals_per90,0.2,0.05,22.8
48465,Filip Ugrinić,attacking_midfielder,Attacking Midfielder (AM / 10),goals_per90,0.2,0.0,6.0
91422,Raoul Bellanova,attacking_midfielder,Attacking Midfielder (AM / 10),goals_per90,0.2,0.0,6.0
127011,Andrea Cambiaso,attacking_midfielder,Attacking Midfielder (AM / 10),goals_per90,0.2,0.097,45.7
128384,Vitinha,attacking_midfielder,Attacking Midfielder (AM / 10),goals_per90,0.2,0.042,18.5
133609,Pedri,attacking_midfielder,Attacking Midfielder (AM / 10),goals_per90,0.2,0.085,43.5
137210,Angelo Stiller,attacking_midfielder,Attacking Midfielder (AM / 10),goals_per90,0.2,0.065,31.5
162266,Lucas Da Cunha,attacking_midfielder,Attacking Midfielder (AM / 10),goals_per90,0.2,0.197,83.7
162590,Tyler Morton,attacking_midfielder,Attacking Midfielder (AM / 10),goals_per90,0.2,0.071,38.0
162712,Óscar Mingueza,attacking_midfielder,Attacking Midfielder (AM / 10),goals_per90,0.2,0.046,19.6
226803,Sebastian Nanasi,attacking_midfielder,Attacking Midfielder (AM / 10),goals_per90,0.2,0.594,100.0
264857,Lorenzo Bernasconi,attacking_midfielder,Attacking Midfielder (AM / 10),goals_per90,0.2,0.0,6.0
271580,Martim Neto,attacking_midfielder,Attacking Midfielder (AM / 10),goals_per90,0.2,0.133,65.2
276670,Farès Chaïbi,attacking_midfielder,Attacking Midfielder (AM / 10),goals_per90,0.2,0.1,48.9
288699,Máximo Perrone,attacking_midfielder,Attacking Midfielder (AM / 10),goals_per90,0.2,0.098,46.7
313651,Hugo Sotelo,attacking_midfielder,Attacking Midfielder (AM / 10),goals_per90,0.2,0.0,6.0
328033,Aleksandar Pavlović,attacking_midfielder,Attacking Midfielder (AM / 10),goals_per90,0.2,0.185,79.3
335051,João Neves,attacking_midfielder,Attacking Midfielder (AM / 10),goals_per90,0.2,0.35,95.7
335094,Hugo Larsson,attacking_midfielder,Attacking Midfielder (AM / 10),goals_per90,0.2,0.099,47.8
348205,Petar Sučić,attacking_midfielder,Attacking Midfielder (AM / 10),goals_per90,0.2,0.101,51.1
50,Koke,attacking_midfielder,Attacking Midfielder (AM / 10),shot_accuracy_pct,0.1,44.444,38.6
109,Aleksandr Golovin,attacking_midfielder,Attacking Midfielder (AM / 10),shot_accuracy_pct,0.1,72.0,96.7
116,Khéphren Thuram,attacking_midfielder,Attacking Midfielder (AM / 10),shot_accuracy_pct,0.1,41.667,32.6
174,Christian Eriksen,attacking_midfielder,Attacking Midfielder (AM / 10),shot_accuracy_pct,0.1,51.613,66.3
325,Gianluca Gaetano,attacking_midfielder,Attacking Midfielder (AM / 10),shot_accuracy_pct,0.1,44.0,36.4
328,Fabián Ruiz,attacking_midfielder,Attacking Midfielder (AM / 10),shot_accuracy_pct,0.1,30.769,11.4
329,Piotr Zieliński,attacking_midfielder,Attacking Midfielder (AM / 10),shot_accuracy_pct,0.1,58.824,79.3
409,Nabil Bentaleb,attacking_midfielder,Attacking Midfielder (AM / 10),shot_accuracy_pct,0.1,46.154,46.7
415,Weston McKennie,attacking_midfielder,Attacking Midfielder (AM / 10),shot_accuracy_pct,0.1,44.444,38.6
502,Joshua Kimmich,attacking_midfielder,Attacking Midfielder (AM / 10),shot_accuracy_pct,0.1,45.455,44.6
511,Leon Goretzka,attacking_midfielder,Attacking Midfielder (AM / 10),shot_accuracy_pct,0.1,47.826,52.7
538,Frenkie de Jong,attacking_midfielder,Attacking Midfielder (AM / 10),shot_accuracy_pct,0.1,40.0,25.5
636,Bernardo Silva,attacking_midfielder,Attacking Midfielder (AM / 10),shot_accuracy_pct,0.1,41.176,29.9
659,Maxence Caqueret,attacking_midfielder,Attacking Midfielder (AM / 10),shot_accuracy_pct,0.1,33.333,15.2
754,Luka Modrić,attacking_midfielder,Attacking Midfielder (AM / 10),shot_accuracy_pct,0.1,57.143,76.6
756,Federico Valverde,attacking_midfielder,Attacking Midfielder (AM / 10),shot_accuracy_pct,0.1,53.659,70.7
876,Nicolò Fagioli,attacking_midfielder,Attacking Midfielder (AM / 10),shot_accuracy_pct,0.1,35.0,17.9
881,Hans Nicolussi Caviglia,attacking_midfielder,Attacking Midfielder (AM / 10),shot_accuracy_pct,0.1,30.0,9.2
896,Angel Gomes,attacking_midfielder,Attacking Midfielder (AM / 10),shot_accuracy_pct,0.1,46.667,48.9
930,Carlos Soler,attacking_midfielder,Attacking Midfielder (AM / 10),shot_accuracy_pct,0.1,65.517,93.5
957,Djibril Sow,attacking_midfielder,Attacking Midfielder (AM / 10),shot_accuracy_pct,0.1,53.333,69.0
1095,Xaver Schlager,attacking_midfielder,Attacking Midfielder (AM / 10),shot_accuracy_pct,0.1,63.636,88.6
1096,Dominik Szoboszlai,attacking_midfielder,Attacking Midfielder (AM / 10),shot_accuracy_pct,0.1,48.936,55.4
1161,Emile Smith Rowe,attacking_midfielder,Attacking Midfielder (AM / 10),shot_accuracy_pct,0.1,44.0,36.4
1266,Toma Bašić,attacking_midfielder,Attacking Midfielder (AM / 10),shot_accuracy_pct,0.1,50.0,60.9
1322,Nikola Moro,attacking_midfielder,Attacking Midfielder (AM / 10),shot_accuracy_pct,0.1,11.765,0.0
1358,Eljif Elmas,attacking_midfielder,Attacking Midfielder (AM / 10),shot_accuracy_pct,0.1,52.941,67.4
1427,Albert Sambi Lokonga,attacking_midfielder,Attacking Midfielder (AM / 10),shot_accuracy_pct,0.1,68.75,95.7
1454,Mattéo Guendouzi,attacking_midfielder,Attacking Midfielder (AM / 10),shot_accuracy_pct,0.1,57.143,76.6
1455,Alex Iwobi,attacking_midfielder,Attacking Midfielder (AM / 10),shot_accuracy_pct,0.1,62.5,84.8
1457,Henrikh Mkhitaryan,attacking_midfielder,Attacking Midfielder (AM / 10),shot_accuracy_pct,0.1,45.161,43.5
1640,Hakan Çalhanoğlu,attacking_midfielder,Attacking Midfielder (AM / 10),shot_accuracy_pct,0.1,45.946,45.7
1697,Pablo Fornals,attacking_midfielder,Attacking Midfielder (AM / 10),shot_accuracy_pct,0.1,64.286,90.8
1852,Danilo Cataldi,attacking_midfielder,Attacking Midfielder (AM / 10),shot_accuracy_pct,0.1,35.0,17.9
1910,Maxime López,attacking_midfielder,Attacking Midfielder (AM / 10),shot_accuracy_pct,0.1,75.0,97.8
2735,Pierre-Emile Højbjerg,attacking_midfielder,Attacking Midfielder (AM / 10),shot_accuracy_pct,0.1,40.0,25.5
2763,Mario Pašalić,attacking_midfielder,Attacking Midfielder (AM / 10),shot_accuracy_pct,0.1,30.0,9.2
2937,Declan Rice,attacking_midfielder,Attacking Midfielder (AM / 10),shot_accuracy_pct,0.1,48.148,54.3
2938,James Ward-Prowse,attacking_midfielder,Attacking Midfielder (AM / 10),shot_accuracy_pct,0.1,100.0,100.0
3007,Przemysław Frankowski,attacking_midfielder,Attacking Midfielder (AM / 10),shot_accuracy_pct,0.1,50.0,60.9
3406,Frank Anguissa,attacking_midfielder,Attacking Midfielder (AM / 10),shot_accuracy_pct,0.1,45.0,42.4
6002,Exequiel Palacios,attacking_midfielder,Attacking Midfielder (AM / 10),shot_accuracy_pct,0.1,28.571,7.6
6716,Alexis Mac Allister,attacking_midfielder,Attacking Midfielder (AM / 10),shot_accuracy_pct,0.1,37.5,20.1
8586,Mërgim Vojvoda,attacking_midfielder,Attacking Midfielder (AM / 10),shot_accuracy_pct,0.1,43.75,34.8
10077,Luís Henrique,attacking_midfielder,Attacking Midfielder (AM / 10),shot_accuracy_pct,0.1,63.636,88.6
18901,Sean Longstaff,attacking_midfielder,Attacking Midfielder (AM / 10),shot_accuracy_pct,0.1,30.769,11.4
18970,Pascal Groß,attacking_midfielder,Attacking Midfielder (AM / 10),shot_accuracy_pct,0.1,62.5,84.8
19030,Matt O'Riley,attacking_midfielder,Attacking Midfielder (AM / 10),shot_accuracy_pct,0.1,50.0,60.9
19192,Jacob Ramsey,attacking_midfielder,Attacking Midfielder (AM / 10),shot_accuracy_pct,0.1,40.0,25.5
20525,Matthieu Udol,attacking_midfielder,Attacking Midfielder (AM / 10),shot_accuracy_pct,0.1,44.737,40.2
20529,Gauthier Hein,attacking_midfielder,Attacking Midfielder (AM / 10),shot_accuracy_pct,0.1,50.0,60.9
24845,Julian Ryerson,attacking_midfielder,Attacking Midfielder (AM / 10),shot_accuracy_pct,0.1,16.667,1.1
24854,Grischa Prömel,attacking_midfielder,Attacking Midfielder (AM / 10),shot_accuracy_pct,0.1,41.176,29.9
25008,Jonathan Clauss,attacking_midfielder,Attacking Midfielder (AM / 10),shot_accuracy_pct,0.1,38.889,21.7
25073,Vitaly Janelt,attacking_midfielder,Attacking Midfielder (AM / 10),shot_accuracy_pct,0.1,33.333,15.2
25408,Maximilian Arnold,attacking_midfielder,Attacking Midfielder (AM / 10),shot_accuracy_pct,0.1,55.556,72.8
25914,Aarón Martín,attacking_midfielder,Attacking Midfielder (AM / 10),shot_accuracy_pct,0.1,80.0,98.9
26248,Vincenzo Grifo,attacking_midfielder,Attacking Midfielder (AM / 10),shot_accuracy_pct,0.1,60.0,81.0
30558,Nicolò Barella,attacking_midfielder,Attacking Midfielder (AM / 10),shot_accuracy_pct,0.1,21.739,2.2
31010,Federico Dimarco,attacking_midfielder,Attacking Midfielder (AM / 10),shot_accuracy_pct,0.1,47.826,52.7
31056,Samuele Ricci,attacking_midfielder,Attacking Midfielder (AM / 10),shot_accuracy_pct,0.1,50.0,60.9
31211,Jari Vandeputte,attacking_midfielder,Attacking Midfielder (AM / 10),shot_accuracy_pct,0.1,57.143,76.6
37127,Martin Ødegaard,attacking_midfielder,Attacking Midfielder (AM / 10),shot_accuracy_pct,0.1,47.059,50.0
37153,Wouter Burger,attacking_midfielder,Attacking Midfielder (AM / 10),shot_accuracy_pct,0.1,44.828,41.3
37652,Branco Van den Boomen,attacking_midfielder,Attacking Midfielder (AM / 10),shot_accuracy_pct,0.1,50.0,60.9
38749,Kenneth Taylor,attacking_midfielder,Attacking Midfielder (AM / 10),shot_accuracy_pct,0.1,54.545,71.7
44594,Saud Abdulhamid,attacking_midfielder,Attacking Midfielder (AM / 10),shot_accuracy_pct,0.1,50.0,60.9
47085,Luis Milla,attacking_midfielder,Attacking Midfielder (AM / 10),shot_accuracy_pct,0.1,26.667,6.5
47285,Unai López,attacking_midfielder,Attacking Midfielder (AM / 10),shot_accuracy_pct,0.1,40.0,25.5
47336,Sergi Darder,attacking_midfielder,Attacking Midfielder (AM / 10),shot_accuracy_pct,0.1,46.429,47.8
47414,Gerard Gumbau,attacking_midfielder,Attacking Midfielder (AM / 10),shot_accuracy_pct,0.1,41.667,32.6
47516,Aleix García,attacking_midfielder,Attacking Midfielder (AM / 10),shot_accuracy_pct,0.1,26.316,5.4
47541,Santi Comesaña,attacking_midfielder,Attacking Midfielder (AM / 10),shot_accuracy_pct,0.1,33.333,15.2
48198,Ísak Bergmann Jóhannesson,attacking_midfielder,Attacking Midfielder (AM / 10),shot_accuracy_pct,0.1,40.0,25.5
48465,Filip Ugrinić,attacking_midfielder,Attacking Midfielder (AM / 10),shot_accuracy_pct,0.1,25.0,3.8
91422,Raoul Bellanova,attacking_midfielder,Attacking Midfielder (AM / 10),shot_accuracy_pct,0.1,62.5,84.8
127011,Andrea Cambiaso,attacking_midfielder,Attacking Midfielder (AM / 10),shot_accuracy_pct,0.1,56.522,73.9
128384,Vitinha,attacking_midfielder,Attacking Midfielder (AM / 10),shot_accuracy_pct,0.1,41.667,32.6
133609,Pedri,attacking_midfielder,Attacking Midfielder (AM / 10),shot_accuracy_pct,0.1,62.5,84.8
137210,Angelo Stiller,attacking_midfielder,Attacking Midfielder (AM / 10),shot_accuracy_pct,0.1,66.667,94.6
162266,Lucas Da Cunha,attacking_midfielder,Attacking Midfielder (AM / 10),shot_accuracy_pct,0.1,53.333,69.0
162590,Tyler Morton,attacking_midfielder,Attacking Midfielder (AM / 10),shot_accuracy_pct,0.1,57.143,76.6
162712,Óscar Mingueza,attacking_midfielder,Attacking Midfielder (AM / 10),shot_accuracy_pct,0.1,50.0,60.9
226803,Sebastian Nanasi,attacking_midfielder,Attacking Midfielder (AM / 10),shot_accuracy_pct,0.1,64.706,92.4
264857,Lorenzo Bernasconi,attacking_midfielder,Attacking Midfielder (AM / 10),shot_accuracy_pct,0.1,25.0,3.8
271580,Martim Neto,attacking_midfielder,Attacking Midfielder (AM / 10),shot_accuracy_pct,0.1,40.0,25.5
276670,Farès Chaïbi,attacking_midfielder,Attacking Midfielder (AM / 10),shot_accuracy_pct,0.1,47.368,51.1
288699,Máximo Perrone,attacking_midfielder,Attacking Midfielder (AM / 10),shot_accuracy_pct,0.1,64.286,90.8
313651,Hugo Sotelo,attacking_midfielder,Attacking Midfielder (AM / 10),shot_accuracy_pct,0.1,50.0,60.9
328033,Aleksandar Pavlović,attacking_midfielder,Attacking Midfielder (AM / 10),shot_accuracy_pct,0.1,62.5,84.8
335051,João Neves,attacking_midfielder,Attacking Midfielder (AM / 10),shot_accuracy_pct,0.1,31.579,13.0
335094,Hugo Larsson,attacking_midfielder,Attacking Midfielder (AM / 10),shot_accuracy_pct,0.1,60.0,81.0
348205,Petar Sučić,attacking_midfielder,Attacking Midfielder (AM / 10),shot_accuracy_pct,0.1,37.5,20.1
50,Koke,attacking_midfielder,Attacking Midfielder (AM / 10),pass_accuracy_pct,0.1,91.929,91.3
109,Aleksandr Golovin,attacking_midfielder,Attacking Midfielder (AM / 10),pass_accuracy_pct,0.1,82.561,12.0
116,Khéphren Thuram,attacking_midfielder,Attacking Midfielder (AM / 10),pass_accuracy_pct,0.1,86.795,43.5
174,Christian Eriksen,attacking_midfielder,Attacking Midfielder (AM / 10),pass_accuracy_pct,0.1,78.285,3.3
325,Gianluca Gaetano,attacking_midfielder,Attacking Midfielder (AM / 10),pass_accuracy_pct,0.1,80.474,7.6
328,Fabián Ruiz,attacking_midfielder,Attacking Midfielder (AM / 10),pass_accuracy_pct,0.1,92.574,95.7
329,Piotr Zieliński,attacking_midfielder,Attacking Midfielder (AM / 10),pass_accuracy_pct,0.1,92.313,93.5
409,Nabil Bentaleb,attacking_midfielder,Attacking Midfielder (AM / 10),pass_accuracy_pct,0.1,86.834,45.7
415,Weston McKennie,attacking_midfielder,Attacking Midfielder (AM / 10),pass_accuracy_pct,0.1,83.151,16.3
502,Joshua Kimmich,attacking_midfielder,Attacking Midfielder (AM / 10),pass_accuracy_pct,0.1,92.377,94.6
511,Leon Goretzka,attacking_midfielder,Attacking Midfielder (AM / 10),pass_accuracy_pct,0.1,91.466,89.1
538,Frenkie de Jong,attacking_midfielder,Attacking Midfielder (AM / 10),pass_accuracy_pct,0.1,94.137,98.9
636,Bernardo Silva,attacking_midfielder,Attacking Midfielder (AM / 10),pass_accuracy_pct,0.1,90.164,80.4
659,Maxence Caqueret,attacking_midfielder,Attacking Midfielder (AM / 10),pass_accuracy_pct,0.1,88.19,60.9
754,Luka Modrić,attacking_midfielder,Attacking Midfielder (AM / 10),pass_accuracy_pct,0.1,90.401,82.6
756,Federico Valverde,attacking_midfielder,Attacking Midfielder (AM / 10),pass_accuracy_pct,0.1,90.126,79.3
876,Nicolò Fagioli,attacking_midfielder,Attacking Midfielder (AM / 10),pass_accuracy_pct,0.1,89.952,77.2
881,Hans Nicolussi Caviglia,attacking_midfielder,Attacking Midfielder (AM / 10),pass_accuracy_pct,0.1,84.485,25.0
896,Angel Gomes,attacking_midfielder,Attacking Midfielder (AM / 10),pass_accuracy_pct,0.1,89.61,72.8
930,Carlos Soler,attacking_midfielder,Attacking Midfielder (AM / 10),pass_accuracy_pct,0.1,86.444,37.0
957,Djibril Sow,attacking_midfielder,Attacking Midfielder (AM / 10),pass_accuracy_pct,0.1,89.053,67.4
1095,Xaver Schlager,attacking_midfielder,Attacking Midfielder (AM / 10),pass_accuracy_pct,0.1,86.887,46.7
1096,Dominik Szoboszlai,attacking_midfielder,Attacking Midfielder (AM / 10),pass_accuracy_pct,0.1,87.735,54.3
1161,Emile Smith Rowe,attacking_midfielder,Attacking Midfielder (AM / 10),pass_accuracy_pct,0.1,91.087,85.9
1266,Toma Bašić,attacking_midfielder,Attacking Midfielder (AM / 10),pass_accuracy_pct,0.1,87.429,50.0
1322,Nikola Moro,attacking_midfielder,Attacking Midfielder (AM / 10),pass_accuracy_pct,0.1,84.978,30.4
1358,Eljif Elmas,attacking_midfielder,Attacking Midfielder (AM / 10),pass_accuracy_pct,0.1,89.332,69.6
1427,Albert Sambi Lokonga,attacking_midfielder,Attacking Midfielder (AM / 10),pass_accuracy_pct,0.1,87.696,53.3
1454,Mattéo Guendouzi,attacking_midfielder,Attacking Midfielder (AM / 10),pass_accuracy_pct,0.1,87.619,51.1
1455,Alex Iwobi,attacking_midfielder,Attacking Midfielder (AM / 10),pass_accuracy_pct,0.1,85.105,32.6
1457,Henrikh Mkhitaryan,attacking_midfielder,Attacking Midfielder (AM / 10),pass_accuracy_pct,0.1,88.064,57.6
1640,Hakan Çalhanoğlu,attacking_midfielder,Attacking Midfielder (AM / 10),pass_accuracy_pct,0.1,90.596,83.7
1697,Pablo Fornals,attacking_midfielder,Attacking Midfielder (AM / 10),pass_accuracy_pct,0.1,86.707,41.3
1852,Danilo Cataldi,attacking_midfielder,Attacking Midfielder (AM / 10),pass_accuracy_pct,0.1,85.155,33.7
1910,Maxime López,attacking_midfielder,Attacking Midfielder (AM / 10),pass_accuracy_pct,0.1,89.332,70.7
2735,Pierre-Emile Højbjerg,attacking_midfielder,Attacking Midfielder (AM / 10),pass_accuracy_pct,0.1,89.776,73.9
2763,Mario Pašalić,attacking_midfielder,Attacking Midfielder (AM / 10),pass_accuracy_pct,0.1,88.516,62.0
2937,Declan Rice,attacking_midfielder,Attacking Midfielder (AM / 10),pass_accuracy_pct,0.1,87.36,48.9
2938,James Ward-Prowse,attacking_midfielder,Attacking Midfielder (AM / 10),pass_accuracy_pct,0.1,88.762,64.1
3007,Przemysław Frankowski,attacking_midfielder,Attacking Midfielder (AM / 10),pass_accuracy_pct,0.1,82.055,9.8
3406,Frank Anguissa,attacking_midfielder,Attacking Midfielder (AM / 10),pass_accuracy_pct,0.1,86.555,38.0
6002,Exequiel Palacios,attacking_midfielder,Attacking Midfielder (AM / 10),pass_accuracy_pct,0.1,90.67,84.8
6716,Alexis Mac Allister,attacking_midfielder,Attacking Midfielder (AM / 10),pass_accuracy_pct,0.1,86.56,39.1
8586,Mërgim Vojvoda,attacking_midfielder,Attacking Midfielder (AM / 10),pass_accuracy_pct,0.1,83.798,21.7
10077,Luís Henrique,attacking_midfielder,Attacking Midfielder (AM / 10),pass_accuracy_pct,0.1,86.829,44.6
18901,Sean Longstaff,attacking_midfielder,Attacking Midfielder (AM / 10),pass_accuracy_pct,0.1,84.598,27.2
18970,Pascal Groß,attacking_midfielder,Attacking Midfielder (AM / 10),pass_accuracy_pct,0.1,86.301,35.9
19030,Matt O'Riley,attacking_midfielder,Attacking Midfielder (AM / 10),pass_accuracy_pct,0.1,88.132,59.8
19192,Jacob Ramsey,attacking_midfielder,Attacking Midfielder (AM / 10),pass_accuracy_pct,0.1,89.802,75.0
20525,Matthieu Udol,attacking_midfielder,Attacking Midfielder (AM / 10),pass_accuracy_pct,0.1,83.462,18.5
20529,Gauthier Hein,attacking_midfielder,Attacking Midfielder (AM / 10),pass_accuracy_pct,0.1,89.826,76.1
24845,Julian Ryerson,attacking_midfielder,Attacking Midfielder (AM / 10),pass_accuracy_pct,0.1,82.58,13.0
24854,Grischa Prömel,attacking_midfielder,Attacking Midfielder (AM / 10),pass_accuracy_pct,0.1,82.004,8.7
25008,Jonathan Clauss,attacking_midfielder,Attacking Midfielder (AM / 10),pass_accuracy_pct,0.1,80.272,6.5
25073,Vitaly Janelt,attacking_midfielder,Attacking Midfielder (AM / 10),pass_accuracy_pct,0.1,87.252,47.8
25408,Maximilian Arnold,attacking_midfielder,Attacking Midfielder (AM / 10),pass_accuracy_pct,0.1,84.742,29.3
25914,Aarón Martín,attacking_midfielder,Attacking Midfielder (AM / 10),pass_accuracy_pct,0.1,78.94,5.4
26248,Vincenzo Grifo,attacking_midfielder,Attacking Midfielder (AM / 10),pass_accuracy_pct,0.1,82.107,10.9
30558,Nicolò Barella,attacking_midfielder,Attacking Midfielder (AM / 10),pass_accuracy_pct,0.1,85.69,34.8
31010,Federico Dimarco,attacking_midfielder,Attacking Midfielder (AM / 10),pass_accuracy_pct,0.1,83.287,17.4
31056,Samuele Ricci,attacking_midfielder,Attacking Midfielder (AM / 10),pass_accuracy_pct,0.1,90.108,78.3
31211,Jari Vandeputte,attacking_midfielder,Attacking Midfielder (AM / 10),pass_accuracy_pct,0.1,77.387,0.0
37127,Martin Ødegaard,attacking_midfielder,Attacking Midfielder (AM / 10),pass_accuracy_pct,0.1,84.662,28.3
37153,Wouter Burger,attacking_midfielder,Attacking Midfielder (AM / 10),pass_accuracy_pct,0.1,77.517,1.1
37652,Branco Van den Boomen,attacking_midfielder,Attacking Midfielder (AM / 10),pass_accuracy_pct,0.1,89.086,68.5
38749,Kenneth Taylor,attacking_midfielder,Attacking Midfielder (AM / 10),pass_accuracy_pct,0.1,88.707,63.0
44594,Saud Abdulhamid,attacking_midfielder,Attacking Midfielder (AM / 10),pass_accuracy_pct,0.1,88.87,65.2
47085,Luis Milla,attacking_midfielder,Attacking Midfielder (AM / 10),pass_accuracy_pct,0.1,77.73,2.2
47285,Unai López,attacking_midfielder,Attacking Midfielder (AM / 10),pass_accuracy_pct,0.1,86.654,40.2
47336,Sergi Darder,attacking_midfielder,Attacking Midfielder (AM / 10),pass_accuracy_pct,0.1,84.556,26.1
47414,Gerard Gumbau,attacking_midfielder,Attacking Midfielder (AM / 10),pass_accuracy_pct,0.1,83.644,19.6
47516,Aleix García,attacking_midfielder,Attacking Midfielder (AM / 10),pass_accuracy_pct,0.1,92.883,96.7
47541,Santi Comesaña,attacking_midfielder,Attacking Midfielder (AM / 10),pass_accuracy_pct,0.1,83.113,15.2
48198,Ísak Bergmann Jóhannesson,attacking_midfielder,Attacking Midfielder (AM / 10),pass_accuracy_pct,0.1,83.757,20.7
48465,Filip Ugrinić,attacking_midfielder,Attacking Midfielder (AM / 10),pass_accuracy_pct,0.1,83.945,22.8
91422,Raoul Bellanova,attacking_midfielder,Attacking Midfielder (AM / 10),pass_accuracy_pct,0.1,88.909,66.3
127011,Andrea Cambiaso,attacking_midfielder,Attacking Midfielder (AM / 10),pass_accuracy_pct,0.1,88.026,56.5
128384,Vitinha,attacking_midfielder,Attacking Midfielder (AM / 10),pass_accuracy_pct,0.1,93.766,97.8
133609,Pedri,attacking_midfielder,Attacking Midfielder (AM / 10),pass_accuracy_pct,0.1,91.582,90.2
137210,Angelo Stiller,attacking_midfielder,Attacking Midfielder (AM / 10),pass_accuracy_pct,0.1,88.106,58.7
162266,Lucas Da Cunha,attacking_midfielder,Attacking Midfielder (AM / 10),pass_accuracy_pct,0.1,90.257,81.5
162590,Tyler Morton,attacking_midfielder,Attacking Midfielder (AM / 10),pass_accuracy_pct,0.1,87.797,55.4
162712,Óscar Mingueza,attacking_midfielder,Attacking Midfielder (AM / 10),pass_accuracy_pct,0.1,85.032,31.5
226803,Sebastian Nanasi,attacking_midfielder,Attacking Midfielder (AM / 10),pass_accuracy_pct,0.1,83.047,14.1
264857,Lorenzo Bernasconi,attacking_midfielder,Attacking Midfielder (AM / 10),pass_accuracy_pct,0.1,84.181,23.9
271580,Martim Neto,attacking_midfielder,Attacking Midfielder (AM / 10),pass_accuracy_pct,0.1,87.624,52.2
276670,Farès Chaïbi,attacking_midfielder,Attacking Midfielder (AM / 10),pass_accuracy_pct,0.1,78.875,4.3
288699,Máximo Perrone,attacking_midfielder,Attacking Midfielder (AM / 10),pass_accuracy_pct,0.1,91.356,87.0
313651,Hugo Sotelo,attacking_midfielder,Attacking Midfielder (AM / 10),pass_accuracy_pct,0.1,92.261,92.4
328033,Aleksandar Pavlović,attacking_midfielder,Attacking Midfielder (AM / 10),pass_accuracy_pct,0.1,94.545,100.0
335051,João Neves,attacking_midfielder,Attacking Midfielder (AM / 10),pass_accuracy_pct,0.1,91.434,88.0
335094,Hugo Larsson,attacking_midfielder,Attacking Midfielder (AM / 10),pass_accuracy_pct,0.1,86.783,42.4
348205,Petar Sučić,attacking_midfielder,Attacking Midfielder (AM / 10),pass_accuracy_pct,0.1,89.488,71.7
50,Koke,attacking_midfielder,Attacking Midfielder (AM / 10),dribble_success_pct,0.15,33.333,10.9
109,Aleksandr Golovin,attacking_midfielder,Attacking Midfielder (AM / 10),dribble_success_pct,0.15,61.29,75.5
116,Khéphren Thuram,attacking_midfielder,Attacking Midfielder (AM / 10),dribble_success_pct,0.15,62.162,78.3
174,Christian Eriksen,attacking_midfielder,Attacking Midfielder (AM / 10),dribble_success_pct,0.15,47.619,33.7
325,Gianluca Gaetano,attacking_midfielder,Attacking Midfielder (AM / 10),dribble_success_pct,0.15,58.621,69.6
328,Fabián Ruiz,attacking_midfielder,Attacking Midfielder (AM / 10),dribble_success_pct,0.15,18.182,0.0
329,Piotr Zieliński,attacking_midfielder,Attacking Midfielder (AM / 10),dribble_success_pct,0.15,66.667,88.0
409,Nabil Bentaleb,attacking_midfielder,Attacking Midfielder (AM / 10),dribble_success_pct,0.15,50.0,42.9
415,Weston McKennie,attacking_midfielder,Attacking Midfielder (AM / 10),dribble_success_pct,0.15,51.515,50.0
502,Joshua Kimmich,attacking_midfielder,Attacking Midfielder (AM / 10),dribble_success_pct,0.15,61.111,73.9
511,Leon Goretzka,attacking_midfielder,Attacking Midfielder (AM / 10),dribble_success_pct,0.15,78.571,98.9
538,Frenkie de Jong,attacking_midfielder,Attacking Midfielder (AM / 10),dribble_success_pct,0.15,71.429,96.7
636,Bernardo Silva,attacking_midfielder,Attacking Midfielder (AM / 10),dribble_success_pct,0.15,42.857,26.6
659,Maxence Caqueret,attacking_midfielder,Attacking Midfielder (AM / 10),dribble_success_pct,0.15,53.125,58.7
754,Luka Modrić,attacking_midfielder,Attacking Midfielder (AM / 10),dribble_success_pct,0.15,48.571,35.9
756,Federico Valverde,attacking_midfielder,Attacking Midfielder (AM / 10),dribble_success_pct,0.15,63.889,82.6
876,Nicolò Fagioli,attacking_midfielder,Attacking Midfielder (AM / 10),dribble_success_pct,0.15,61.29,75.5
881,Hans Nicolussi Caviglia,attacking_midfielder,Attacking Midfielder (AM / 10),dribble_success_pct,0.15,50.0,42.9
896,Angel Gomes,attacking_midfielder,Attacking Midfielder (AM / 10),dribble_success_pct,0.15,66.667,88.0
930,Carlos Soler,attacking_midfielder,Attacking Midfielder (AM / 10),dribble_success_pct,0.15,65.0,83.7
957,Djibril Sow,attacking_midfielder,Attacking Midfielder (AM / 10),dribble_success_pct,0.15,50.0,42.9
1095,Xaver Schlager,attacking_midfielder,Attacking Midfielder (AM / 10),dribble_success_pct,0.15,68.75,94.6
1096,Dominik Szoboszlai,attacking_midfielder,Attacking Midfielder (AM / 10),dribble_success_pct,0.15,52.0,52.2
1161,Emile Smith Rowe,attacking_midfielder,Attacking Midfielder (AM / 10),dribble_success_pct,0.15,48.276,34.8
1266,Toma Bašić,attacking_midfielder,Attacking Midfielder (AM / 10),dribble_success_pct,0.15,25.0,1.6
1322,Nikola Moro,attacking_midfielder,Attacking Midfielder (AM / 10),dribble_success_pct,0.15,68.421,93.5
1358,Eljif Elmas,attacking_midfielder,Attacking Midfielder (AM / 10),dribble_success_pct,0.15,59.091,72.3
1427,Albert Sambi Lokonga,attacking_midfielder,Attacking Midfielder (AM / 10),dribble_success_pct,0.15,50.0,42.9
1454,Mattéo Guendouzi,attacking_midfielder,Attacking Midfielder (AM / 10),dribble_success_pct,0.15,47.059,32.6
1455,Alex Iwobi,attacking_midfielder,Attacking Midfielder (AM / 10),dribble_success_pct,0.15,42.222,25.0
1457,Henrikh Mkhitaryan,attacking_midfielder,Attacking Midfielder (AM / 10),dribble_success_pct,0.15,41.379,22.8
1640,Hakan Çalhanoğlu,attacking_midfielder,Attacking Midfielder (AM / 10),dribble_success_pct,0.15,33.333,10.9
1697,Pablo Fornals,attacking_midfielder,Attacking Midfielder (AM / 10),dribble_success_pct,0.15,53.191,59.8
1852,Danilo Cataldi,attacking_midfielder,Attacking Midfielder (AM / 10),dribble_success_pct,0.15,40.0,19.0
1910,Maxime López,attacking_midfielder,Attacking Midfielder (AM / 10),dribble_success_pct,0.15,36.0,15.2
2735,Pierre-Emile Højbjerg,attacking_midfielder,Attacking Midfielder (AM / 10),dribble_success_pct,0.15,54.839,63.0
2763,Mario Pašalić,attacking_midfielder,Attacking Midfielder (AM / 10),dribble_success_pct,0.15,53.846,61.4
2937,Declan Rice,attacking_midfielder,Attacking Midfielder (AM / 10),dribble_success_pct,0.15,50.0,42.9
2938,James Ward-Prowse,attacking_midfielder,Attacking Midfielder (AM / 10),dribble_success_pct,0.15,28.571,5.4
3007,Przemysław Frankowski,attacking_midfielder,Attacking Midfielder (AM / 10),dribble_success_pct,0.15,57.143,66.8
3406,Frank Anguissa,attacking_midfielder,Attacking Midfielder (AM / 10),dribble_success_pct,0.15,52.941,56.5
6002,Exequiel Palacios,attacking_midfielder,Attacking Midfielder (AM / 10),dribble_success_pct,0.15,36.364,16.3
6716,Alexis Mac Allister,attacking_midfielder,Attacking Midfielder (AM / 10),dribble_success_pct,0.15,40.741,20.7
8586,Mërgim Vojvoda,attacking_midfielder,Attacking Midfielder (AM / 10),dribble_success_pct,0.15,61.905,77.2
10077,Luís Henrique,attacking_midfielder,Attacking Midfielder (AM / 10),dribble_success_pct,0.15,56.522,64.1
18901,Sean Longstaff,attacking_midfielder,Attacking Midfielder (AM / 10),dribble_success_pct,0.15,28.571,5.4
18970,Pascal Groß,attacking_midfielder,Attacking Midfielder (AM / 10),dribble_success_pct,0.15,52.381,53.8
19030,Matt O'Riley,attacking_midfielder,Attacking Midfielder (AM / 10),dribble_success_pct,0.15,25.0,1.6
19192,Jacob Ramsey,attacking_midfielder,Attacking Midfielder (AM / 10),dribble_success_pct,0.15,50.0,42.9
20525,Matthieu Udol,attacking_midfielder,Attacking Midfielder (AM / 10),dribble_success_pct,0.15,36.585,17.4
20529,Gauthier Hein,attacking_midfielder,Attacking Midfielder (AM / 10),dribble_success_pct,0.15,40.909,21.7
24845,Julian Ryerson,attacking_midfielder,Attacking Midfielder (AM / 10),dribble_success_pct,0.15,35.821,14.1
24854,Grischa Prömel,attacking_midfielder,Attacking Midfielder (AM / 10),dribble_success_pct,0.15,40.0,19.0
25008,Jonathan Clauss,attacking_midfielder,Attacking Midfielder (AM / 10),dribble_success_pct,0.15,58.696,70.7
25073,Vitaly Janelt,attacking_midfielder,Attacking Midfielder (AM / 10),dribble_success_pct,0.15,45.455,31.5
25408,Maximilian Arnold,attacking_midfielder,Attacking Midfielder (AM / 10),dribble_success_pct,0.15,62.5,80.4
25914,Aarón Martín,attacking_midfielder,Attacking Midfielder (AM / 10),dribble_success_pct,0.15,50.0,42.9
26248,Vincenzo Grifo,attacking_midfielder,Attacking Midfielder (AM / 10),dribble_success_pct,0.15,62.5,80.4
30558,Nicolò Barella,attacking_midfielder,Attacking Midfielder (AM / 10),dribble_success_pct,0.15,50.0,42.9
31010,Federico Dimarco,attacking_midfielder,Attacking Midfielder (AM / 10),dribble_success_pct,0.15,50.0,42.9
31056,Samuele Ricci,attacking_midfielder,Attacking Midfielder (AM / 10),dribble_success_pct,0.15,62.5,80.4
31211,Jari Vandeputte,attacking_midfielder,Attacking Midfielder (AM / 10),dribble_success_pct,0.15,31.818,7.6
37127,Martin Ødegaard,attacking_midfielder,Attacking Midfielder (AM / 10),dribble_success_pct,0.15,33.333,10.9
37153,Wouter Burger,attacking_midfielder,Attacking Midfielder (AM / 10),dribble_success_pct,0.15,33.333,10.9
37652,Branco Van den Boomen,attacking_midfielder,Attacking Midfielder (AM / 10),dribble_success_pct,0.15,44.444,29.3
38749,Kenneth Taylor,attacking_midfielder,Attacking Midfielder (AM / 10),dribble_success_pct,0.15,42.105,23.9
44594,Saud Abdulhamid,attacking_midfielder,Attacking Midfielder (AM / 10),dribble_success_pct,0.15,26.667,3.3
47085,Luis Milla,attacking_midfielder,Attacking Midfielder (AM / 10),dribble_success_pct,0.15,53.846,61.4
47285,Unai López,attacking_midfielder,Attacking Midfielder (AM / 10),dribble_success_pct,0.15,59.091,72.3
47336,Sergi Darder,attacking_midfielder,Attacking Midfielder (AM / 10),dribble_success_pct,0.15,56.667,65.2
47414,Gerard Gumbau,attacking_midfielder,Attacking Midfielder (AM / 10),dribble_success_pct,0.15,66.667,88.0
47516,Aleix García,attacking_midfielder,Attacking Midfielder (AM / 10),dribble_success_pct,0.15,28.571,5.4
47541,Santi Comesaña,attacking_midfielder,Attacking Midfielder (AM / 10),dribble_success_pct,0.15,52.381,53.8
48198,Ísak Bergmann Jóhannesson,attacking_midfielder,Attacking Midfielder (AM / 10),dribble_success_pct,0.15,85.714,100.0
48465,Filip Ugrinić,attacking_midfielder,Attacking Midfielder (AM / 10),dribble_success_pct,0.15,65.385,84.8
91422,Raoul Bellanova,attacking_midfielder,Attacking Midfielder (AM / 10),dribble_success_pct,0.15,69.231,95.7
127011,Andrea Cambiaso,attacking_midfielder,Attacking Midfielder (AM / 10),dribble_success_pct,0.15,33.333,10.9
128384,Vitinha,attacking_midfielder,Attacking Midfielder (AM / 10),dribble_success_pct,0.15,72.222,97.8
133609,Pedri,attacking_midfielder,Attacking Midfielder (AM / 10),dribble_success_pct,0.15,67.273,91.3
137210,Angelo Stiller,attacking_midfielder,Attacking Midfielder (AM / 10),dribble_success_pct,0.15,58.333,68.5
162266,Lucas Da Cunha,attacking_midfielder,Attacking Midfielder (AM / 10),dribble_success_pct,0.15,66.667,88.0
162590,Tyler Morton,attacking_midfielder,Attacking Midfielder (AM / 10),dribble_success_pct,0.15,66.667,88.0
162712,Óscar Mingueza,attacking_midfielder,Attacking Midfielder (AM / 10),dribble_success_pct,0.15,51.724,51.1
226803,Sebastian Nanasi,attacking_midfielder,Attacking Midfielder (AM / 10),dribble_success_pct,0.15,44.444,29.3
264857,Lorenzo Bernasconi,attacking_midfielder,Attacking Midfielder (AM / 10),dribble_success_pct,0.15,52.941,56.5
271580,Martim Neto,attacking_midfielder,Attacking Midfielder (AM / 10),dribble_success_pct,0.15,67.742,92.4
276670,Farès Chaïbi,attacking_midfielder,Attacking Midfielder (AM / 10),dribble_success_pct,0.15,50.0,42.9
288699,Máximo Perrone,attacking_midfielder,Attacking Midfielder (AM / 10),dribble_success_pct,0.15,52.941,56.5
313651,Hugo Sotelo,attacking_midfielder,Attacking Midfielder (AM / 10),dribble_success_pct,0.15,50.0,42.9
328033,Aleksandar Pavlović,attacking_midfielder,Attacking Midfielder (AM / 10),dribble_success_pct,0.15,50.0,42.9
335051,João Neves,attacking_midfielder,Attacking Midfielder (AM / 10),dribble_success_pct,0.15,57.143,66.8
335094,Hugo Larsson,attacking_midfielder,Attacking Midfielder (AM / 10),dribble_success_pct,0.15,44.444,29.3
348205,Petar Sučić,attacking_midfielder,Attacking Midfielder (AM / 10),dribble_success_pct,0.15,42.857,26.6
45,Thomas Lemar,six_eight_hybrid,6/8 Hybrid,duel_win_pct,0.2,45.098,37.1
272,Adrien Rabiot,six_eight_hybrid,6/8 Hybrid,duel_win_pct,0.2,55.591,92.2
1125,Ryan Christie,six_eight_hybrid,6/8 Hybrid,duel_win_pct,0.2,50.0,63.4
1321,Lovro Majer,six_eight_hybrid,6/8 Hybrid,duel_win_pct,0.2,41.86,19.0
1417,Alexis Saelemaekers,six_eight_hybrid,6/8 Hybrid,duel_win_pct,0.2,58.284,95.7
1422,Jérémy Doku,six_eight_hybrid,6/8 Hybrid,duel_win_pct,0.2,52.812,80.2
1461,Denis Suárez,six_eight_hybrid,6/8 Hybrid,duel_win_pct,0.2,41.176,15.1
1646,Lucas Paquetá,six_eight_hybrid,6/8 Hybrid,duel_win_pct,0.2,46.591,47.4
1748,Lassana Coulibaly,six_eight_hybrid,6/8 Hybrid,duel_win_pct,0.2,52.824,81.0
2061,Bryan Gil,six_eight_hybrid,6/8 Hybrid,duel_win_pct,0.2,42.0,19.8
2214,Romain Del Castillo,six_eight_hybrid,6/8 Hybrid,duel_win_pct,0.2,45.739,40.5
2292,Ruben Loftus-Cheek,six_eight_hybrid,6/8 Hybrid,duel_win_pct,0.2,47.205,52.6
2598,Ritsu Doan,six_eight_hybrid,6/8 Hybrid,duel_win_pct,0.2,42.308,23.3
3080,Marshall Munetsi,six_eight_hybrid,6/8 Hybrid,duel_win_pct,0.2,45.896,41.4
6383,Martín Payero,six_eight_hybrid,6/8 Hybrid,duel_win_pct,0.2,43.256,31.0
6662,Santiago Pierotti,six_eight_hybrid,6/8 Hybrid,duel_win_pct,0.2,37.595,4.3
7327,Alexander Prass,six_eight_hybrid,6/8 Hybrid,duel_win_pct,0.2,46.927,50.0
10135,Bruno Guimarães,six_eight_hybrid,6/8 Hybrid,duel_win_pct,0.2,50.45,69.8
15911,Mohammed Kudus,six_eight_hybrid,6/8 Hybrid,duel_win_pct,0.2,40.684,11.2
18592,Iliman Ndiaye,six_eight_hybrid,6/8 Hybrid,duel_win_pct,0.2,46.699,48.3
18821,Grady Diangana,six_eight_hybrid,6/8 Hybrid,duel_win_pct,0.2,40.496,10.3
19071,Emiliano Buendía,six_eight_hybrid,6/8 Hybrid,duel_win_pct,0.2,44.928,36.2
19187,Jack Grealish,six_eight_hybrid,6/8 Hybrid,duel_win_pct,0.2,50.476,70.7
19428,Jarrod Bowen,six_eight_hybrid,6/8 Hybrid,duel_win_pct,0.2,42.89,28.4
20665,Jean-Ricner Bellegarde,six_eight_hybrid,6/8 Hybrid,duel_win_pct,0.2,55.294,91.4
20844,Haissem Hassan,six_eight_hybrid,6/8 Hybrid,duel_win_pct,0.2,49.219,57.8
22261,Adrien Thomasson,six_eight_hybrid,6/8 Hybrid,duel_win_pct,0.2,46.272,44.8
24955,Mathias Honsak,six_eight_hybrid,6/8 Hybrid,duel_win_pct,0.2,42.038,21.6
25313,Jan-Niklas Beste,six_eight_hybrid,6/8 Hybrid,duel_win_pct,0.2,49.744,61.2
26315,Nicolás González,six_eight_hybrid,6/8 Hybrid,duel_win_pct,0.2,52.893,81.9
30438,Nicolò Cambiaghi,six_eight_hybrid,6/8 Hybrid,duel_win_pct,0.2,55.0,90.5
30484,Mattias Svanberg,six_eight_hybrid,6/8 Hybrid,duel_win_pct,0.2,44.094,34.5
30542,Jens Odgaard,six_eight_hybrid,6/8 Hybrid,duel_win_pct,0.2,42.396,25.0
31219,Alessio Zerbin,six_eight_hybrid,6/8 Hybrid,duel_win_pct,0.2,35.849,0.9
32862,Takefusa Kubo,six_eight_hybrid,6/8 Hybrid,duel_win_pct,0.2,58.294,96.6
36980,Morten Thorsby,six_eight_hybrid,6/8 Hybrid,duel_win_pct,0.2,52.191,77.6
37724,Crysencio Summerville,six_eight_hybrid,6/8 Hybrid,duel_win_pct,0.2,50.445,69.0
46711,Aleix Febas,six_eight_hybrid,6/8 Hybrid,duel_win_pct,0.2,61.353,100.0
46790,Víctor García,six_eight_hybrid,6/8 Hybrid,duel_win_pct,0.2,50.42,68.1
47182,Tete Morente,six_eight_hybrid,6/8 Hybrid,duel_win_pct,0.2,40.948,13.8
47258,Mauro Arambarri,six_eight_hybrid,6/8 Hybrid,duel_win_pct,0.2,48.678,56.9
47311,Mikel Merino,six_eight_hybrid,6/8 Hybrid,duel_win_pct,0.2,45.93,42.2
47317,Ander Barrenetxea,six_eight_hybrid,6/8 Hybrid,duel_win_pct,0.2,43.509,32.8
47440,Brais Méndez,six_eight_hybrid,6/8 Hybrid,duel_win_pct,0.2,51.271,73.3
48648,Dan Ndoye,six_eight_hybrid,6/8 Hybrid,duel_win_pct,0.2,46.309,45.7
51016,Tajon Buchanan,six_eight_hybrid,6/8 Hybrid,duel_win_pct,0.2,43.204,30.2
56293,Idrissa Touré,six_eight_hybrid,6/8 Hybrid,duel_win_pct,0.2,54.68,87.9
56851,Michael Folorunsho,six_eight_hybrid,6/8 Hybrid,duel_win_pct,0.2,45.196,38.8
67939,Aimar Oroz,six_eight_hybrid,6/8 Hybrid,duel_win_pct,0.2,50.625,72.4
90594,Eric Ebimbe,six_eight_hybrid,6/8 Hybrid,duel_win_pct,0.2,38.806,5.2
118956,Lameck Banda,six_eight_hybrid,6/8 Hybrid,duel_win_pct,0.2,42.014,20.7
126642,Patrick Wimmer,six_eight_hybrid,6/8 Hybrid,duel_win_pct,0.2,46.417,46.6
126974,Omri Gandelman,six_eight_hybrid,6/8 Hybrid,duel_win_pct,0.2,37.5,3.4
129678,Azzedine Ounahi,six_eight_hybrid,6/8 Hybrid,duel_win_pct,0.2,51.29,74.1
129682,Amine Adli,six_eight_hybrid,6/8 Hybrid,duel_win_pct,0.2,53.333,85.3
129718,Jude Bellingham,six_eight_hybrid,6/8 Hybrid,duel_win_pct,0.2,57.655,94.8
136087,Fabiano Parisi,six_eight_hybrid,6/8 Hybrid,duel_win_pct,0.2,58.768,97.4
139001,Pablo Ibáñez,six_eight_hybrid,6/8 Hybrid,duel_win_pct,0.2,50.139,64.7
148099,Kiernan Dewsbury-Hall,six_eight_hybrid,6/8 Hybrid,duel_win_pct,0.2,50.515,71.6
161963,Germán Valera,six_eight_hybrid,6/8 Hybrid,duel_win_pct,0.2,56.23,93.1
162016,Xavi Simons,six_eight_hybrid,6/8 Hybrid,duel_win_pct,0.2,48.627,56.0
162126,Peque Fernández,six_eight_hybrid,6/8 Hybrid,duel_win_pct,0.2,54.857,89.7
162127,Diego López,six_eight_hybrid,6/8 Hybrid,duel_win_pct,0.2,42.593,27.6
177665,Anton Stach,six_eight_hybrid,6/8 Hybrid,duel_win_pct,0.2,53.082,83.6
178077,Kevin Schade,six_eight_hybrid,6/8 Hybrid,duel_win_pct,0.2,43.823,33.6
180560,Hannibal Mejbri,six_eight_hybrid,6/8 Hybrid,duel_win_pct,0.2,49.515,58.6
181421,Abdessamad Ezzalzouli,six_eight_hybrid,6/8 Hybrid,duel_win_pct,0.2,51.733,76.7
182674,Jofre Carreras,six_eight_hybrid,6/8 Hybrid,duel_win_pct,0.2,47.009,51.7
182770,Carlos Álvarez,six_eight_hybrid,6/8 Hybrid,duel_win_pct,0.2,41.704,18.1
183751,Abderrahman Rebbach,six_eight_hybrid,6/8 Hybrid,duel_win_pct,0.2,43.363,31.9
183799,Nico Williams,six_eight_hybrid,6/8 Hybrid,duel_win_pct,0.2,42.199,22.4
187214,Carlos Vicente,six_eight_hybrid,6/8 Hybrid,duel_win_pct,0.2,54.762,88.8
187987,Ramón Terrats,six_eight_hybrid,6/8 Hybrid,duel_win_pct,0.2,41.176,15.1
190485,Samú Costa,six_eight_hybrid,6/8 Hybrid,duel_win_pct,0.2,51.544,75.9
197779,Mohamed Kaba,six_eight_hybrid,6/8 Hybrid,duel_win_pct,0.2,53.086,84.5
202736,Paul Nebel,six_eight_hybrid,6/8 Hybrid,duel_win_pct,0.2,41.532,17.2
203474,Nicola Zalewski,six_eight_hybrid,6/8 Hybrid,duel_win_pct,0.2,52.586,79.3
237819,Kevin,six_eight_hybrid,6/8 Hybrid,duel_win_pct,0.2,44.335,35.3
265741,Giorgi Gocholeishvili,six_eight_hybrid,6/8 Hybrid,duel_win_pct,0.2,50.35,67.2
266202,Ilyas Chaira,six_eight_hybrid,6/8 Hybrid,duel_win_pct,0.2,39.118,6.0
270507,Cesare Casadei,six_eight_hybrid,6/8 Hybrid,duel_win_pct,0.2,53.797,86.2
270510,Mathys Tel,six_eight_hybrid,6/8 Hybrid,duel_win_pct,0.2,40.756,12.1
273732,Tyrhys Dolan,six_eight_hybrid,6/8 Hybrid,duel_win_pct,0.2,48.208,54.3
278095,Jonathan Rowe,six_eight_hybrid,6/8 Hybrid,duel_win_pct,0.2,50.183,65.5
278133,Oscar Bobb,six_eight_hybrid,6/8 Hybrid,duel_win_pct,0.2,52.985,82.8
280358,Jens Castrop,six_eight_hybrid,6/8 Hybrid,duel_win_pct,0.2,51.477,75.0
284428,Omari Hutchinson,six_eight_hybrid,6/8 Hybrid,duel_win_pct,0.2,40.807,12.9
284797,Dango Ouattara,six_eight_hybrid,6/8 Hybrid,duel_win_pct,0.2,42.462,25.9
286710,Derry Scherhant,six_eight_hybrid,6/8 Hybrid,duel_win_pct,0.2,40.175,8.6
290106,Pablo Marín,six_eight_hybrid,6/8 Hybrid,duel_win_pct,0.2,39.759,6.9
301771,Simon Adingra,six_eight_hybrid,6/8 Hybrid,duel_win_pct,0.2,32.618,0.0
319572,Valentín Barco,six_eight_hybrid,6/8 Hybrid,duel_win_pct,0.2,57.364,94.0
322630,Giovanni Fabbian,six_eight_hybrid,6/8 Hybrid,duel_win_pct,0.2,48.101,53.4
323935,Giuliano Simeone,six_eight_hybrid,6/8 Hybrid,duel_win_pct,0.2,49.821,62.1
326068,Kamory Doumbia,six_eight_hybrid,6/8 Hybrid,duel_win_pct,0.2,42.471,26.7
326073,Remy Labeau Lascary,six_eight_hybrid,6/8 Hybrid,duel_win_pct,0.2,36.313,2.6
334035,Samuel Amo-Ameyaw,six_eight_hybrid,6/8 Hybrid,duel_win_pct,0.2,50.336,66.4
335056,Diego Moreira,six_eight_hybrid,6/8 Hybrid,duel_win_pct,0.2,46.718,49.1
338751,Victor Muñoz,six_eight_hybrid,6/8 Hybrid,duel_win_pct,0.2,41.337,16.4
339105,Joel Roca,six_eight_hybrid,6/8 Hybrid,duel_win_pct,0.2,46.218,44.0
343205,Mario Martín,six_eight_hybrid,6/8 Hybrid,duel_win_pct,0.2,39.865,7.8
345388,Afonso Moreira,six_eight_hybrid,6/8 Hybrid,duel_win_pct,0.2,45.185,37.9
349001,Wesley,six_eight_hybrid,6/8 Hybrid,duel_win_pct,0.2,47.003,50.9
350037,Nico Paz,six_eight_hybrid,6/8 Hybrid,duel_win_pct,0.2,52.392,78.4
375990,Pathé Mboup,six_eight_hybrid,6/8 Hybrid,duel_win_pct,0.2,36.161,1.7
382452,Patrick Dorgu,six_eight_hybrid,6/8 Hybrid,duel_win_pct,0.2,54.38,87.1
383018,Marco Palestra,six_eight_hybrid,6/8 Hybrid,duel_win_pct,0.2,59.615,99.1
383685,Yankuba Minteh,six_eight_hybrid,6/8 Hybrid,duel_win_pct,0.2,48.214,55.2
387643,Bazoumana Touré,six_eight_hybrid,6/8 Hybrid,duel_win_pct,0.2,42.34,24.1
388779,Dehmaine Tabibou,six_eight_hybrid,6/8 Hybrid,duel_win_pct,0.2,50.0,63.4
389315,Joshua King,six_eight_hybrid,6/8 Hybrid,duel_win_pct,0.2,49.673,60.3
391822,Fer López,six_eight_hybrid,6/8 Hybrid,duel_win_pct,0.2,43.023,29.3
400948,Assane Diao,six_eight_hybrid,6/8 Hybrid,duel_win_pct,0.2,46.154,43.1
406244,Johan Manzambi,six_eight_hybrid,6/8 Hybrid,duel_win_pct,0.2,58.882,98.3
449249,Franco Mastantuono,six_eight_hybrid,6/8 Hybrid,duel_win_pct,0.2,45.198,39.7
491248,Jan Virgili,six_eight_hybrid,6/8 Hybrid,duel_win_pct,0.2,40.31,9.5
579287,Kareem Tunde,six_eight_hybrid,6/8 Hybrid,duel_win_pct,0.2,49.66,59.5
45,Thomas Lemar,six_eight_hybrid,6/8 Hybrid,tackles_per90,0.2,1.909,62.9
272,Adrien Rabiot,six_eight_hybrid,6/8 Hybrid,tackles_per90,0.2,1.943,65.5
1125,Ryan Christie,six_eight_hybrid,6/8 Hybrid,tackles_per90,0.2,2.465,91.4
1321,Lovro Majer,six_eight_hybrid,6/8 Hybrid,tackles_per90,0.2,1.749,50.0
1417,Alexis Saelemaekers,six_eight_hybrid,6/8 Hybrid,tackles_per90,0.2,2.38,88.8
1422,Jérémy Doku,six_eight_hybrid,6/8 Hybrid,tackles_per90,0.2,1.16,13.8
1461,Denis Suárez,six_eight_hybrid,6/8 Hybrid,tackles_per90,0.2,1.383,29.3
1646,Lucas Paquetá,six_eight_hybrid,6/8 Hybrid,tackles_per90,0.2,2.308,85.3
1748,Lassana Coulibaly,six_eight_hybrid,6/8 Hybrid,tackles_per90,0.2,1.603,37.1
2061,Bryan Gil,six_eight_hybrid,6/8 Hybrid,tackles_per90,0.2,1.747,49.1
2214,Romain Del Castillo,six_eight_hybrid,6/8 Hybrid,tackles_per90,0.2,2.009,69.8
2292,Ruben Loftus-Cheek,six_eight_hybrid,6/8 Hybrid,tackles_per90,0.2,1.097,8.6
2598,Ritsu Doan,six_eight_hybrid,6/8 Hybrid,tackles_per90,0.2,1.627,38.8
3080,Marshall Munetsi,six_eight_hybrid,6/8 Hybrid,tackles_per90,0.2,1.638,41.4
6383,Martín Payero,six_eight_hybrid,6/8 Hybrid,tackles_per90,0.2,1.172,15.5
6662,Santiago Pierotti,six_eight_hybrid,6/8 Hybrid,tackles_per90,0.2,2.858,95.7
7327,Alexander Prass,six_eight_hybrid,6/8 Hybrid,tackles_per90,0.2,2.185,79.3
10135,Bruno Guimarães,six_eight_hybrid,6/8 Hybrid,tackles_per90,0.2,2.273,83.6
15911,Mohammed Kudus,six_eight_hybrid,6/8 Hybrid,tackles_per90,0.2,1.689,44.8
18592,Iliman Ndiaye,six_eight_hybrid,6/8 Hybrid,tackles_per90,0.2,2.261,82.8
18821,Grady Diangana,six_eight_hybrid,6/8 Hybrid,tackles_per90,0.2,1.356,25.9
19071,Emiliano Buendía,six_eight_hybrid,6/8 Hybrid,tackles_per90,0.2,2.472,92.2
19187,Jack Grealish,six_eight_hybrid,6/8 Hybrid,tackles_per90,0.2,1.159,12.9
19428,Jarrod Bowen,six_eight_hybrid,6/8 Hybrid,tackles_per90,0.2,1.295,20.7
20665,Jean-Ricner Bellegarde,six_eight_hybrid,6/8 Hybrid,tackles_per90,0.2,2.014,70.7
20844,Haissem Hassan,six_eight_hybrid,6/8 Hybrid,tackles_per90,0.2,1.806,57.8
22261,Adrien Thomasson,six_eight_hybrid,6/8 Hybrid,tackles_per90,0.2,3.312,100.0
24955,Mathias Honsak,six_eight_hybrid,6/8 Hybrid,tackles_per90,0.2,1.5,33.6
25313,Jan-Niklas Beste,six_eight_hybrid,6/8 Hybrid,tackles_per90,0.2,2.098,72.4
26315,Nicolás González,six_eight_hybrid,6/8 Hybrid,tackles_per90,0.2,1.456,32.8
30438,Nicolò Cambiaghi,six_eight_hybrid,6/8 Hybrid,tackles_per90,0.2,1.765,51.7
30484,Mattias Svanberg,six_eight_hybrid,6/8 Hybrid,tackles_per90,0.2,1.051,6.9
30542,Jens Odgaard,six_eight_hybrid,6/8 Hybrid,tackles_per90,0.2,1.347,25.0
31219,Alessio Zerbin,six_eight_hybrid,6/8 Hybrid,tackles_per90,0.2,2.175,78.4
32862,Takefusa Kubo,six_eight_hybrid,6/8 Hybrid,tackles_per90,0.2,1.79,53.4
36980,Morten Thorsby,six_eight_hybrid,6/8 Hybrid,tackles_per90,0.2,1.435,31.9
37724,Crysencio Summerville,six_eight_hybrid,6/8 Hybrid,tackles_per90,0.2,1.633,40.5
46711,Aleix Febas,six_eight_hybrid,6/8 Hybrid,tackles_per90,0.2,2.189,80.2
46790,Víctor García,six_eight_hybrid,6/8 Hybrid,tackles_per90,0.2,1.96,67.2
47182,Tete Morente,six_eight_hybrid,6/8 Hybrid,tackles_per90,0.2,1.657,43.1
47258,Mauro Arambarri,six_eight_hybrid,6/8 Hybrid,tackles_per90,0.2,1.88,61.2
47311,Mikel Merino,six_eight_hybrid,6/8 Hybrid,tackles_per90,0.2,2.261,81.9
47317,Ander Barrenetxea,six_eight_hybrid,6/8 Hybrid,tackles_per90,0.2,1.526,35.3
47440,Brais Méndez,six_eight_hybrid,6/8 Hybrid,tackles_per90,0.2,1.992,68.1
48648,Dan Ndoye,six_eight_hybrid,6/8 Hybrid,tackles_per90,0.2,1.76,50.9
51016,Tajon Buchanan,six_eight_hybrid,6/8 Hybrid,tackles_per90,0.2,1.422,31.0
56293,Idrissa Touré,six_eight_hybrid,6/8 Hybrid,tackles_per90,0.2,1.693,45.7
56851,Michael Folorunsho,six_eight_hybrid,6/8 Hybrid,tackles_per90,0.2,1.076,7.8
67939,Aimar Oroz,six_eight_hybrid,6/8 Hybrid,tackles_per90,0.2,1.547,36.2
90594,Eric Ebimbe,six_eight_hybrid,6/8 Hybrid,tackles_per90,0.2,1.907,62.1
118956,Lameck Banda,six_eight_hybrid,6/8 Hybrid,tackles_per90,0.2,1.381,28.4
126642,Patrick Wimmer,six_eight_hybrid,6/8 Hybrid,tackles_per90,0.2,2.589,94.0
126974,Omri Gandelman,six_eight_hybrid,6/8 Hybrid,tackles_per90,0.2,0.828,2.6
129678,Azzedine Ounahi,six_eight_hybrid,6/8 Hybrid,tackles_per90,0.2,1.172,16.4
129682,Amine Adli,six_eight_hybrid,6/8 Hybrid,tackles_per90,0.2,2.929,96.6
129718,Jude Bellingham,six_eight_hybrid,6/8 Hybrid,tackles_per90,0.2,2.394,89.7
136087,Fabiano Parisi,six_eight_hybrid,6/8 Hybrid,tackles_per90,0.2,1.238,18.1
139001,Pablo Ibáñez,six_eight_hybrid,6/8 Hybrid,tackles_per90,0.2,2.317,86.2
148099,Kiernan Dewsbury-Hall,six_eight_hybrid,6/8 Hybrid,tackles_per90,0.2,1.776,52.6
161963,Germán Valera,six_eight_hybrid,6/8 Hybrid,tackles_per90,0.2,1.722,47.4
162016,Xavi Simons,six_eight_hybrid,6/8 Hybrid,tackles_per90,0.2,1.646,42.2
162126,Peque Fernández,six_eight_hybrid,6/8 Hybrid,tackles_per90,0.2,1.156,12.1
162127,Diego López,six_eight_hybrid,6/8 Hybrid,tackles_per90,0.2,1.114,9.5
177665,Anton Stach,six_eight_hybrid,6/8 Hybrid,tackles_per90,0.2,2.46,90.5
178077,Kevin Schade,six_eight_hybrid,6/8 Hybrid,tackles_per90,0.2,1.306,21.6
180560,Hannibal Mejbri,six_eight_hybrid,6/8 Hybrid,tackles_per90,0.2,2.083,71.6
181421,Abdessamad Ezzalzouli,six_eight_hybrid,6/8 Hybrid,tackles_per90,0.2,2.115,75.9
182674,Jofre Carreras,six_eight_hybrid,6/8 Hybrid,tackles_per90,0.2,0.879,3.4
182770,Carlos Álvarez,six_eight_hybrid,6/8 Hybrid,tackles_per90,0.2,1.038,6.0
183751,Abderrahman Rebbach,six_eight_hybrid,6/8 Hybrid,tackles_per90,0.2,2.505,93.1
183799,Nico Williams,six_eight_hybrid,6/8 Hybrid,tackles_per90,0.2,0.8,1.7
187214,Carlos Vicente,six_eight_hybrid,6/8 Hybrid,tackles_per90,0.2,2.006,69.0
187987,Ramón Terrats,six_eight_hybrid,6/8 Hybrid,tackles_per90,0.2,1.949,66.4
190485,Samú Costa,six_eight_hybrid,6/8 Hybrid,tackles_per90,0.2,2.163,77.6
197779,Mohamed Kaba,six_eight_hybrid,6/8 Hybrid,tackles_per90,0.2,2.293,84.5
202736,Paul Nebel,six_eight_hybrid,6/8 Hybrid,tackles_per90,0.2,2.162,76.7
203474,Nicola Zalewski,six_eight_hybrid,6/8 Hybrid,tackles_per90,0.2,1.366,26.7
237819,Kevin,six_eight_hybrid,6/8 Hybrid,tackles_per90,0.2,1.823,58.6
265741,Giorgi Gocholeishvili,six_eight_hybrid,6/8 Hybrid,tackles_per90,0.2,2.351,87.1
266202,Ilyas Chaira,six_eight_hybrid,6/8 Hybrid,tackles_per90,0.2,1.794,54.3
270507,Cesare Casadei,six_eight_hybrid,6/8 Hybrid,tackles_per90,0.2,1.628,39.7
270510,Mathys Tel,six_eight_hybrid,6/8 Hybrid,tackles_per90,0.2,1.259,19.0
273732,Tyrhys Dolan,six_eight_hybrid,6/8 Hybrid,tackles_per90,0.2,2.11,75.0
278095,Jonathan Rowe,six_eight_hybrid,6/8 Hybrid,tackles_per90,0.2,1.129,10.3
278133,Oscar Bobb,six_eight_hybrid,6/8 Hybrid,tackles_per90,0.2,1.8,56.5
280358,Jens Castrop,six_eight_hybrid,6/8 Hybrid,tackles_per90,0.2,3.265,99.1
284428,Omari Hutchinson,six_eight_hybrid,6/8 Hybrid,tackles_per90,0.2,1.168,14.7
284797,Dango Ouattara,six_eight_hybrid,6/8 Hybrid,tackles_per90,0.2,0.948,5.2
286710,Derry Scherhant,six_eight_hybrid,6/8 Hybrid,tackles_per90,0.2,1.376,27.6
290106,Pablo Marín,six_eight_hybrid,6/8 Hybrid,tackles_per90,0.2,1.132,11.2
301771,Simon Adingra,six_eight_hybrid,6/8 Hybrid,tackles_per90,0.2,1.292,19.8
319572,Valentín Barco,six_eight_hybrid,6/8 Hybrid,tackles_per90,0.2,2.24,81.0
322630,Giovanni Fabbian,six_eight_hybrid,6/8 Hybrid,tackles_per90,0.2,0.92,4.3
323935,Giuliano Simeone,six_eight_hybrid,6/8 Hybrid,tackles_per90,0.2,1.878,60.3
326068,Kamory Doumbia,six_eight_hybrid,6/8 Hybrid,tackles_per90,0.2,3.11,98.3
326073,Remy Labeau Lascary,six_eight_hybrid,6/8 Hybrid,tackles_per90,0.2,1.205,17.2
334035,Samuel Amo-Ameyaw,six_eight_hybrid,6/8 Hybrid,tackles_per90,0.2,1.8,56.5
335056,Diego Moreira,six_eight_hybrid,6/8 Hybrid,tackles_per90,0.2,1.94,63.8
338751,Victor Muñoz,six_eight_hybrid,6/8 Hybrid,tackles_per90,0.2,0.742,0.0
339105,Joel Roca,six_eight_hybrid,6/8 Hybrid,tackles_per90,0.2,1.397,30.2
343205,Mario Martín,six_eight_hybrid,6/8 Hybrid,tackles_per90,0.2,2.361,87.9
345388,Afonso Moreira,six_eight_hybrid,6/8 Hybrid,tackles_per90,0.2,1.723,48.3
349001,Wesley,six_eight_hybrid,6/8 Hybrid,tackles_per90,0.2,1.941,64.7
350037,Nico Paz,six_eight_hybrid,6/8 Hybrid,tackles_per90,0.2,2.84,94.8
375990,Pathé Mboup,six_eight_hybrid,6/8 Hybrid,tackles_per90,0.2,1.684,44.0
382452,Patrick Dorgu,six_eight_hybrid,6/8 Hybrid,tackles_per90,0.2,2.957,97.4
383018,Marco Palestra,six_eight_hybrid,6/8 Hybrid,tackles_per90,0.2,1.605,37.9
383685,Yankuba Minteh,six_eight_hybrid,6/8 Hybrid,tackles_per90,0.2,2.102,73.3
387643,Bazoumana Touré,six_eight_hybrid,6/8 Hybrid,tackles_per90,0.2,1.316,22.4
388779,Dehmaine Tabibou,six_eight_hybrid,6/8 Hybrid,tackles_per90,0.2,2.106,74.1
389315,Joshua King,six_eight_hybrid,6/8 Hybrid,tackles_per90,0.2,1.855,59.5
391822,Fer López,six_eight_hybrid,6/8 Hybrid,tackles_per90,0.2,1.34,24.1
400948,Assane Diao,six_eight_hybrid,6/8 Hybrid,tackles_per90,0.2,1.322,23.3
406244,Johan Manzambi,six_eight_hybrid,6/8 Hybrid,tackles_per90,0.2,1.504,34.5
449249,Franco Mastantuono,six_eight_hybrid,6/8 Hybrid,tackles_per90,0.2,1.716,46.6
491248,Jan Virgili,six_eight_hybrid,6/8 Hybrid,tackles_per90,0.2,0.748,0.9
579287,Kareem Tunde,six_eight_hybrid,6/8 Hybrid,tackles_per90,0.2,1.798,55.2
45,Thomas Lemar,six_eight_hybrid,6/8 Hybrid,interceptions_per90,0.2,0.353,13.8
272,Adrien Rabiot,six_eight_hybrid,6/8 Hybrid,interceptions_per90,0.2,0.682,61.2
1125,Ryan Christie,six_eight_hybrid,6/8 Hybrid,interceptions_per90,0.2,1.095,95.7
1321,Lovro Majer,six_eight_hybrid,6/8 Hybrid,interceptions_per90,0.2,0.583,44.0
1417,Alexis Saelemaekers,six_eight_hybrid,6/8 Hybrid,interceptions_per90,0.2,0.901,83.6
1422,Jérémy Doku,six_eight_hybrid,6/8 Hybrid,interceptions_per90,0.2,0.656,56.0
1461,Denis Suárez,six_eight_hybrid,6/8 Hybrid,interceptions_per90,0.2,0.44,23.3
1646,Lucas Paquetá,six_eight_hybrid,6/8 Hybrid,interceptions_per90,0.2,0.473,29.3
1748,Lassana Coulibaly,six_eight_hybrid,6/8 Hybrid,interceptions_per90,0.2,0.267,8.6
2061,Bryan Gil,six_eight_hybrid,6/8 Hybrid,interceptions_per90,0.2,0.507,36.2
2214,Romain Del Castillo,six_eight_hybrid,6/8 Hybrid,interceptions_per90,0.2,1.022,91.4
2292,Ruben Loftus-Cheek,six_eight_hybrid,6/8 Hybrid,interceptions_per90,0.2,0.392,19.0
2598,Ritsu Doan,six_eight_hybrid,6/8 Hybrid,interceptions_per90,0.2,0.643,54.3
3080,Marshall Munetsi,six_eight_hybrid,6/8 Hybrid,interceptions_per90,0.2,0.482,32.8
6383,Martín Payero,six_eight_hybrid,6/8 Hybrid,interceptions_per90,0.2,0.617,49.1
6662,Santiago Pierotti,six_eight_hybrid,6/8 Hybrid,interceptions_per90,0.2,0.689,62.1
7327,Alexander Prass,six_eight_hybrid,6/8 Hybrid,interceptions_per90,0.2,0.478,31.0
10135,Bruno Guimarães,six_eight_hybrid,6/8 Hybrid,interceptions_per90,0.2,0.55,38.8
15911,Mohammed Kudus,six_eight_hybrid,6/8 Hybrid,interceptions_per90,0.2,0.175,2.6
18592,Iliman Ndiaye,six_eight_hybrid,6/8 Hybrid,interceptions_per90,0.2,0.517,37.9
18821,Grady Diangana,six_eight_hybrid,6/8 Hybrid,interceptions_per90,0.2,0.388,18.1
19071,Emiliano Buendía,six_eight_hybrid,6/8 Hybrid,interceptions_per90,0.2,0.757,67.2
19187,Jack Grealish,six_eight_hybrid,6/8 Hybrid,interceptions_per90,0.2,0.662,58.6
19428,Jarrod Bowen,six_eight_hybrid,6/8 Hybrid,interceptions_per90,0.2,0.714,62.9
20665,Jean-Ricner Bellegarde,six_eight_hybrid,6/8 Hybrid,interceptions_per90,0.2,0.719,63.8
20844,Haissem Hassan,six_eight_hybrid,6/8 Hybrid,interceptions_per90,0.2,0.278,9.5
22261,Adrien Thomasson,six_eight_hybrid,6/8 Hybrid,interceptions_per90,0.2,0.636,50.9
24955,Mathias Honsak,six_eight_hybrid,6/8 Hybrid,interceptions_per90,0.2,1.286,99.1
25313,Jan-Niklas Beste,six_eight_hybrid,6/8 Hybrid,interceptions_per90,0.2,0.892,81.9
26315,Nicolás González,six_eight_hybrid,6/8 Hybrid,interceptions_per90,0.2,0.728,65.5
30438,Nicolò Cambiaghi,six_eight_hybrid,6/8 Hybrid,interceptions_per90,0.2,0.471,28.4
30484,Mattias Svanberg,six_eight_hybrid,6/8 Hybrid,interceptions_per90,0.2,1.051,94.0
30542,Jens Odgaard,six_eight_hybrid,6/8 Hybrid,interceptions_per90,0.2,0.257,6.0
31219,Alessio Zerbin,six_eight_hybrid,6/8 Hybrid,interceptions_per90,0.2,0.163,1.7
32862,Takefusa Kubo,six_eight_hybrid,6/8 Hybrid,interceptions_per90,0.2,0.656,56.9
36980,Morten Thorsby,six_eight_hybrid,6/8 Hybrid,interceptions_per90,0.2,0.326,11.2
37724,Crysencio Summerville,six_eight_hybrid,6/8 Hybrid,interceptions_per90,0.2,0.581,42.7
46711,Aleix Febas,six_eight_hybrid,6/8 Hybrid,interceptions_per90,0.2,0.768,71.6
46790,Víctor García,six_eight_hybrid,6/8 Hybrid,interceptions_per90,0.2,0.767,70.7
47182,Tete Morente,six_eight_hybrid,6/8 Hybrid,interceptions_per90,0.2,0.653,55.2
47258,Mauro Arambarri,six_eight_hybrid,6/8 Hybrid,interceptions_per90,0.2,0.608,47.4
47311,Mikel Merino,six_eight_hybrid,6/8 Hybrid,interceptions_per90,0.2,0.87,79.3
47317,Ander Barrenetxea,six_eight_hybrid,6/8 Hybrid,interceptions_per90,0.2,0.763,69.0
47440,Brais Méndez,six_eight_hybrid,6/8 Hybrid,interceptions_per90,0.2,0.377,17.2
48648,Dan Ndoye,six_eight_hybrid,6/8 Hybrid,interceptions_per90,0.2,0.765,69.8
51016,Tajon Buchanan,six_eight_hybrid,6/8 Hybrid,interceptions_per90,0.2,1.03,92.2
56293,Idrissa Touré,six_eight_hybrid,6/8 Hybrid,interceptions_per90,0.2,0.906,84.5
56851,Michael Folorunsho,six_eight_hybrid,6/8 Hybrid,interceptions_per90,0.2,0.403,20.7
67939,Aimar Oroz,six_eight_hybrid,6/8 Hybrid,interceptions_per90,0.2,0.418,22.4
90594,Eric Ebimbe,six_eight_hybrid,6/8 Hybrid,interceptions_per90,0.2,0.458,25.9
118956,Lameck Banda,six_eight_hybrid,6/8 Hybrid,interceptions_per90,0.2,0.358,14.7
126642,Patrick Wimmer,six_eight_hybrid,6/8 Hybrid,interceptions_per90,0.2,1.377,100.0
126974,Omri Gandelman,six_eight_hybrid,6/8 Hybrid,interceptions_per90,0.2,0.368,15.5
129678,Azzedine Ounahi,six_eight_hybrid,6/8 Hybrid,interceptions_per90,0.2,0.815,75.9
129682,Amine Adli,six_eight_hybrid,6/8 Hybrid,interceptions_per90,0.2,0.57,40.5
129718,Jude Bellingham,six_eight_hybrid,6/8 Hybrid,interceptions_per90,0.2,0.657,57.8
136087,Fabiano Parisi,six_eight_hybrid,6/8 Hybrid,interceptions_per90,0.2,1.179,97.4
139001,Pablo Ibáñez,six_eight_hybrid,6/8 Hybrid,interceptions_per90,0.2,0.879,81.0
148099,Kiernan Dewsbury-Hall,six_eight_hybrid,6/8 Hybrid,interceptions_per90,0.2,0.41,21.6
161963,Germán Valera,six_eight_hybrid,6/8 Hybrid,interceptions_per90,0.2,0.72,64.7
162016,Xavi Simons,six_eight_hybrid,6/8 Hybrid,interceptions_per90,0.2,0.775,74.1
162126,Peque Fernández,six_eight_hybrid,6/8 Hybrid,interceptions_per90,0.2,0.089,0.0
162127,Diego López,six_eight_hybrid,6/8 Hybrid,interceptions_per90,0.2,0.506,35.3
177665,Anton Stach,six_eight_hybrid,6/8 Hybrid,interceptions_per90,0.2,0.757,68.1
178077,Kevin Schade,six_eight_hybrid,6/8 Hybrid,interceptions_per90,0.2,0.588,46.6
180560,Hannibal Mejbri,six_eight_hybrid,6/8 Hybrid,interceptions_per90,0.2,0.575,41.4
181421,Abdessamad Ezzalzouli,six_eight_hybrid,6/8 Hybrid,interceptions_per90,0.2,0.639,53.4
182674,Jofre Carreras,six_eight_hybrid,6/8 Hybrid,interceptions_per90,0.2,0.586,45.7
182770,Carlos Álvarez,six_eight_hybrid,6/8 Hybrid,interceptions_per90,0.2,0.613,48.3
183751,Abderrahman Rebbach,six_eight_hybrid,6/8 Hybrid,interceptions_per90,0.2,0.895,82.8
183799,Nico Williams,six_eight_hybrid,6/8 Hybrid,interceptions_per90,0.2,0.373,16.4
187214,Carlos Vicente,six_eight_hybrid,6/8 Hybrid,interceptions_per90,0.2,0.502,34.5
187987,Ramón Terrats,six_eight_hybrid,6/8 Hybrid,interceptions_per90,0.2,0.932,87.9
190485,Samú Costa,six_eight_hybrid,6/8 Hybrid,interceptions_per90,0.2,0.865,78.4
197779,Mohamed Kaba,six_eight_hybrid,6/8 Hybrid,interceptions_per90,0.2,1.032,93.1
202736,Paul Nebel,six_eight_hybrid,6/8 Hybrid,interceptions_per90,0.2,0.562,39.7
203474,Nicola Zalewski,six_eight_hybrid,6/8 Hybrid,interceptions_per90,0.2,0.848,77.6
237819,Kevin,six_eight_hybrid,6/8 Hybrid,interceptions_per90,0.2,0.781,75.0
265741,Giorgi Gocholeishvili,six_eight_hybrid,6/8 Hybrid,interceptions_per90,0.2,0.752,66.4
266202,Ilyas Chaira,six_eight_hybrid,6/8 Hybrid,interceptions_per90,0.2,0.183,3.4
270507,Cesare Casadei,six_eight_hybrid,6/8 Hybrid,interceptions_per90,0.2,0.452,25.0
270510,Mathys Tel,six_eight_hybrid,6/8 Hybrid,interceptions_per90,0.2,0.398,19.8
273732,Tyrhys Dolan,six_eight_hybrid,6/8 Hybrid,interceptions_per90,0.2,0.629,50.0
278095,Jonathan Rowe,six_eight_hybrid,6/8 Hybrid,interceptions_per90,0.2,0.484,33.6
278133,Oscar Bobb,six_eight_hybrid,6/8 Hybrid,interceptions_per90,0.2,0.771,73.3
280358,Jens Castrop,six_eight_hybrid,6/8 Hybrid,interceptions_per90,0.2,1.013,89.7
284428,Omari Hutchinson,six_eight_hybrid,6/8 Hybrid,interceptions_per90,0.2,0.637,51.7
284797,Dango Ouattara,six_eight_hybrid,6/8 Hybrid,interceptions_per90,0.2,0.948,88.8
286710,Derry Scherhant,six_eight_hybrid,6/8 Hybrid,interceptions_per90,0.2,0.482,31.9
290106,Pablo Marín,six_eight_hybrid,6/8 Hybrid,interceptions_per90,0.2,0.477,30.2
301771,Simon Adingra,six_eight_hybrid,6/8 Hybrid,interceptions_per90,0.2,0.47,27.6
319572,Valentín Barco,six_eight_hybrid,6/8 Hybrid,interceptions_per90,0.2,0.581,42.7
322630,Giovanni Fabbian,six_eight_hybrid,6/8 Hybrid,interceptions_per90,0.2,0.46,26.7
323935,Giuliano Simeone,six_eight_hybrid,6/8 Hybrid,interceptions_per90,0.2,0.768,72.4
326068,Kamory Doumbia,six_eight_hybrid,6/8 Hybrid,interceptions_per90,0.2,1.02,90.5
326073,Remy Labeau Lascary,six_eight_hybrid,6/8 Hybrid,interceptions_per90,0.2,0.452,24.1
334035,Samuel Amo-Ameyaw,six_eight_hybrid,6/8 Hybrid,interceptions_per90,0.2,0.257,6.9
335056,Diego Moreira,six_eight_hybrid,6/8 Hybrid,interceptions_per90,0.2,0.926,86.2
338751,Victor Muñoz,six_eight_hybrid,6/8 Hybrid,interceptions_per90,0.2,0.304,10.3
339105,Joel Roca,six_eight_hybrid,6/8 Hybrid,interceptions_per90,0.2,0.121,0.9
343205,Mario Martín,six_eight_hybrid,6/8 Hybrid,interceptions_per90,0.2,0.674,59.5
345388,Afonso Moreira,six_eight_hybrid,6/8 Hybrid,interceptions_per90,0.2,0.679,60.3
349001,Wesley,six_eight_hybrid,6/8 Hybrid,interceptions_per90,0.2,0.842,76.7
350037,Nico Paz,six_eight_hybrid,6/8 Hybrid,interceptions_per90,0.2,0.874,80.2
375990,Pathé Mboup,six_eight_hybrid,6/8 Hybrid,interceptions_per90,0.2,0.926,87.1
382452,Patrick Dorgu,six_eight_hybrid,6/8 Hybrid,interceptions_per90,0.2,0.924,85.3
383018,Marco Palestra,six_eight_hybrid,6/8 Hybrid,interceptions_per90,0.2,0.584,44.8
383685,Yankuba Minteh,six_eight_hybrid,6/8 Hybrid,interceptions_per90,0.2,0.638,52.6
387643,Bazoumana Touré,six_eight_hybrid,6/8 Hybrid,interceptions_per90,0.2,0.232,5.2
388779,Dehmaine Tabibou,six_eight_hybrid,6/8 Hybrid,interceptions_per90,0.2,1.193,98.3
389315,Joshua King,six_eight_hybrid,6/8 Hybrid,interceptions_per90,0.2,0.206,4.3
391822,Fer López,six_eight_hybrid,6/8 Hybrid,interceptions_per90,0.2,0.511,37.1
400948,Assane Diao,six_eight_hybrid,6/8 Hybrid,interceptions_per90,0.2,0.331,12.1
406244,Johan Manzambi,six_eight_hybrid,6/8 Hybrid,interceptions_per90,0.2,1.16,96.6
449249,Franco Mastantuono,six_eight_hybrid,6/8 Hybrid,interceptions_per90,0.2,0.257,7.8
491248,Jan Virgili,six_eight_hybrid,6/8 Hybrid,interceptions_per90,0.2,0.349,12.9
579287,Kareem Tunde,six_eight_hybrid,6/8 Hybrid,interceptions_per90,0.2,1.095,94.8
45,Thomas Lemar,six_eight_hybrid,6/8 Hybrid,dribble_success_pct,0.15,58.824,97.0
272,Adrien Rabiot,six_eight_hybrid,6/8 Hybrid,dribble_success_pct,0.15,47.619,65.9
1125,Ryan Christie,six_eight_hybrid,6/8 Hybrid,dribble_success_pct,0.15,48.718,71.6
1321,Lovro Majer,six_eight_hybrid,6/8 Hybrid,dribble_success_pct,0.15,48.0,68.1
1417,Alexis Saelemaekers,six_eight_hybrid,6/8 Hybrid,dribble_success_pct,0.15,47.17,63.8
1422,Jérémy Doku,six_eight_hybrid,6/8 Hybrid,dribble_success_pct,0.15,55.782,93.1
1461,Denis Suárez,six_eight_hybrid,6/8 Hybrid,dribble_success_pct,0.15,46.296,61.6
1646,Lucas Paquetá,six_eight_hybrid,6/8 Hybrid,dribble_success_pct,0.15,38.095,26.7
1748,Lassana Coulibaly,six_eight_hybrid,6/8 Hybrid,dribble_success_pct,0.15,57.143,94.8
2061,Bryan Gil,six_eight_hybrid,6/8 Hybrid,dribble_success_pct,0.15,40.741,35.3
2214,Romain Del Castillo,six_eight_hybrid,6/8 Hybrid,dribble_success_pct,0.15,33.721,17.2
2292,Ruben Loftus-Cheek,six_eight_hybrid,6/8 Hybrid,dribble_success_pct,0.15,46.154,59.1
2598,Ritsu Doan,six_eight_hybrid,6/8 Hybrid,dribble_success_pct,0.15,42.5,43.5
3080,Marshall Munetsi,six_eight_hybrid,6/8 Hybrid,dribble_success_pct,0.15,45.455,56.5
6383,Martín Payero,six_eight_hybrid,6/8 Hybrid,dribble_success_pct,0.15,45.833,57.8
6662,Santiago Pierotti,six_eight_hybrid,6/8 Hybrid,dribble_success_pct,0.15,40.206,33.6
7327,Alexander Prass,six_eight_hybrid,6/8 Hybrid,dribble_success_pct,0.15,53.333,85.3
10135,Bruno Guimarães,six_eight_hybrid,6/8 Hybrid,dribble_success_pct,0.15,37.5,24.6
15911,Mohammed Kudus,six_eight_hybrid,6/8 Hybrid,dribble_success_pct,0.15,50.98,77.6
18592,Iliman Ndiaye,six_eight_hybrid,6/8 Hybrid,dribble_success_pct,0.15,54.478,89.7
18821,Grady Diangana,six_eight_hybrid,6/8 Hybrid,dribble_success_pct,0.15,31.25,12.1
19071,Emiliano Buendía,six_eight_hybrid,6/8 Hybrid,dribble_success_pct,0.15,31.034,11.2
19187,Jack Grealish,six_eight_hybrid,6/8 Hybrid,dribble_success_pct,0.15,40.351,34.5
19428,Jarrod Bowen,six_eight_hybrid,6/8 Hybrid,dribble_success_pct,0.15,44.538,52.6
20665,Jean-Ricner Bellegarde,six_eight_hybrid,6/8 Hybrid,dribble_success_pct,0.15,60.0,98.7
20844,Haissem Hassan,six_eight_hybrid,6/8 Hybrid,dribble_success_pct,0.15,48.387,70.3
22261,Adrien Thomasson,six_eight_hybrid,6/8 Hybrid,dribble_success_pct,0.15,43.182,47.4
24955,Mathias Honsak,six_eight_hybrid,6/8 Hybrid,dribble_success_pct,0.15,39.474,31.0
25313,Jan-Niklas Beste,six_eight_hybrid,6/8 Hybrid,dribble_success_pct,0.15,36.585,20.7
26315,Nicolás González,six_eight_hybrid,6/8 Hybrid,dribble_success_pct,0.15,51.064,78.4
30438,Nicolò Cambiaghi,six_eight_hybrid,6/8 Hybrid,dribble_success_pct,0.15,45.455,56.5
30484,Mattias Svanberg,six_eight_hybrid,6/8 Hybrid,dribble_success_pct,0.15,23.077,1.7
30542,Jens Odgaard,six_eight_hybrid,6/8 Hybrid,dribble_success_pct,0.15,25.926,3.4
31219,Alessio Zerbin,six_eight_hybrid,6/8 Hybrid,dribble_success_pct,0.15,29.63,8.6
32862,Takefusa Kubo,six_eight_hybrid,6/8 Hybrid,dribble_success_pct,0.15,50.704,75.9
36980,Morten Thorsby,six_eight_hybrid,6/8 Hybrid,dribble_success_pct,0.15,100.0,100.0
37724,Crysencio Summerville,six_eight_hybrid,6/8 Hybrid,dribble_success_pct,0.15,49.515,72.4
46711,Aleix Febas,six_eight_hybrid,6/8 Hybrid,dribble_success_pct,0.15,58.696,95.7
46790,Víctor García,six_eight_hybrid,6/8 Hybrid,dribble_success_pct,0.15,43.333,49.1
47182,Tete Morente,six_eight_hybrid,6/8 Hybrid,dribble_success_pct,0.15,31.579,13.4
47258,Mauro Arambarri,six_eight_hybrid,6/8 Hybrid,dribble_success_pct,0.15,48.387,70.3
47311,Mikel Merino,six_eight_hybrid,6/8 Hybrid,dribble_success_pct,0.15,41.667,39.7
47317,Ander Barrenetxea,six_eight_hybrid,6/8 Hybrid,dribble_success_pct,0.15,47.414,64.7
47440,Brais Méndez,six_eight_hybrid,6/8 Hybrid,dribble_success_pct,0.15,42.857,46.1
48648,Dan Ndoye,six_eight_hybrid,6/8 Hybrid,dribble_success_pct,0.15,39.394,30.2
51016,Tajon Buchanan,six_eight_hybrid,6/8 Hybrid,dribble_success_pct,0.15,31.818,14.7
56293,Idrissa Touré,six_eight_hybrid,6/8 Hybrid,dribble_success_pct,0.15,47.727,67.2
56851,Michael Folorunsho,six_eight_hybrid,6/8 Hybrid,dribble_success_pct,0.15,44.0,51.7
67939,Aimar Oroz,six_eight_hybrid,6/8 Hybrid,dribble_success_pct,0.15,51.786,80.2
90594,Eric Ebimbe,six_eight_hybrid,6/8 Hybrid,dribble_success_pct,0.15,17.647,0.0
118956,Lameck Banda,six_eight_hybrid,6/8 Hybrid,dribble_success_pct,0.15,39.08,27.6
126642,Patrick Wimmer,six_eight_hybrid,6/8 Hybrid,dribble_success_pct,0.15,50.667,75.0
126974,Omri Gandelman,six_eight_hybrid,6/8 Hybrid,dribble_success_pct,0.15,18.182,0.9
129678,Azzedine Ounahi,six_eight_hybrid,6/8 Hybrid,dribble_success_pct,0.15,52.273,82.8
129682,Amine Adli,six_eight_hybrid,6/8 Hybrid,dribble_success_pct,0.15,36.364,19.8
129718,Jude Bellingham,six_eight_hybrid,6/8 Hybrid,dribble_success_pct,0.15,55.224,92.2
136087,Fabiano Parisi,six_eight_hybrid,6/8 Hybrid,dribble_success_pct,0.15,56.364,94.0
139001,Pablo Ibáñez,six_eight_hybrid,6/8 Hybrid,dribble_success_pct,0.15,43.662,50.4
148099,Kiernan Dewsbury-Hall,six_eight_hybrid,6/8 Hybrid,dribble_success_pct,0.15,54.0,87.1
161963,Germán Valera,six_eight_hybrid,6/8 Hybrid,dribble_success_pct,0.15,48.101,69.0
162016,Xavi Simons,six_eight_hybrid,6/8 Hybrid,dribble_success_pct,0.15,43.662,50.4
162126,Peque Fernández,six_eight_hybrid,6/8 Hybrid,dribble_success_pct,0.15,40.909,36.2
162127,Diego López,six_eight_hybrid,6/8 Hybrid,dribble_success_pct,0.15,37.143,22.0
177665,Anton Stach,six_eight_hybrid,6/8 Hybrid,dribble_success_pct,0.15,47.619,65.9
178077,Kevin Schade,six_eight_hybrid,6/8 Hybrid,dribble_success_pct,0.15,26.667,4.3
180560,Hannibal Mejbri,six_eight_hybrid,6/8 Hybrid,dribble_success_pct,0.15,58.824,97.0
181421,Abdessamad Ezzalzouli,six_eight_hybrid,6/8 Hybrid,dribble_success_pct,0.15,45.349,55.2
182674,Jofre Carreras,six_eight_hybrid,6/8 Hybrid,dribble_success_pct,0.15,37.209,23.3
182770,Carlos Álvarez,six_eight_hybrid,6/8 Hybrid,dribble_success_pct,0.15,33.333,16.4
183751,Abderrahman Rebbach,six_eight_hybrid,6/8 Hybrid,dribble_success_pct,0.15,34.0,18.1
183799,Nico Williams,six_eight_hybrid,6/8 Hybrid,dribble_success_pct,0.15,46.207,60.3
187214,Carlos Vicente,six_eight_hybrid,6/8 Hybrid,dribble_success_pct,0.15,29.73,9.5
187987,Ramón Terrats,six_eight_hybrid,6/8 Hybrid,dribble_success_pct,0.15,32.143,15.5
190485,Samú Costa,six_eight_hybrid,6/8 Hybrid,dribble_success_pct,0.15,28.571,6.0
197779,Mohamed Kaba,six_eight_hybrid,6/8 Hybrid,dribble_success_pct,0.15,51.724,79.3
202736,Paul Nebel,six_eight_hybrid,6/8 Hybrid,dribble_success_pct,0.15,40.0,32.3
203474,Nicola Zalewski,six_eight_hybrid,6/8 Hybrid,dribble_success_pct,0.15,42.424,42.2
237819,Kevin,six_eight_hybrid,6/8 Hybrid,dribble_success_pct,0.15,50.0,73.7
265741,Giorgi Gocholeishvili,six_eight_hybrid,6/8 Hybrid,dribble_success_pct,0.15,46.154,59.1
266202,Ilyas Chaira,six_eight_hybrid,6/8 Hybrid,dribble_success_pct,0.15,29.524,7.8
270507,Cesare Casadei,six_eight_hybrid,6/8 Hybrid,dribble_success_pct,0.15,54.167,88.8
270510,Mathys Tel,six_eight_hybrid,6/8 Hybrid,dribble_success_pct,0.15,50.0,73.7
273732,Tyrhys Dolan,six_eight_hybrid,6/8 Hybrid,dribble_success_pct,0.15,41.176,37.1
278095,Jonathan Rowe,six_eight_hybrid,6/8 Hybrid,dribble_success_pct,0.15,53.261,84.5
278133,Oscar Bobb,six_eight_hybrid,6/8 Hybrid,dribble_success_pct,0.15,60.0,98.7
280358,Jens Castrop,six_eight_hybrid,6/8 Hybrid,dribble_success_pct,0.15,37.879,25.9
284428,Omari Hutchinson,six_eight_hybrid,6/8 Hybrid,dribble_success_pct,0.15,51.899,81.9
284797,Dango Ouattara,six_eight_hybrid,6/8 Hybrid,dribble_success_pct,0.15,28.75,6.9
286710,Derry Scherhant,six_eight_hybrid,6/8 Hybrid,dribble_success_pct,0.15,37.5,24.6
290106,Pablo Marín,six_eight_hybrid,6/8 Hybrid,dribble_success_pct,0.15,42.5,43.5
301771,Simon Adingra,six_eight_hybrid,6/8 Hybrid,dribble_success_pct,0.15,31.579,13.4
319572,Valentín Barco,six_eight_hybrid,6/8 Hybrid,dribble_success_pct,0.15,41.379,37.9
322630,Giovanni Fabbian,six_eight_hybrid,6/8 Hybrid,dribble_success_pct,0.15,40.0,32.3
323935,Giuliano Simeone,six_eight_hybrid,6/8 Hybrid,dribble_success_pct,0.15,44.615,53.4
326068,Kamory Doumbia,six_eight_hybrid,6/8 Hybrid,dribble_success_pct,0.15,30.357,10.3
326073,Remy Labeau Lascary,six_eight_hybrid,6/8 Hybrid,dribble_success_pct,0.15,39.216,29.3
334035,Samuel Amo-Ameyaw,six_eight_hybrid,6/8 Hybrid,dribble_success_pct,0.15,50.909,76.7
335056,Diego Moreira,six_eight_hybrid,6/8 Hybrid,dribble_success_pct,0.15,41.86,40.5
338751,Victor Muñoz,six_eight_hybrid,6/8 Hybrid,dribble_success_pct,0.15,42.135,41.4
339105,Joel Roca,six_eight_hybrid,6/8 Hybrid,dribble_success_pct,0.15,41.573,38.8
343205,Mario Martín,six_eight_hybrid,6/8 Hybrid,dribble_success_pct,0.15,37.143,22.0
345388,Afonso Moreira,six_eight_hybrid,6/8 Hybrid,dribble_success_pct,0.15,34.286,19.0
349001,Wesley,six_eight_hybrid,6/8 Hybrid,dribble_success_pct,0.15,23.333,2.6
350037,Nico Paz,six_eight_hybrid,6/8 Hybrid,dribble_success_pct,0.15,55.2,91.4
375990,Pathé Mboup,six_eight_hybrid,6/8 Hybrid,dribble_success_pct,0.15,42.667,44.8
382452,Patrick Dorgu,six_eight_hybrid,6/8 Hybrid,dribble_success_pct,0.15,28.205,5.2
383018,Marco Palestra,six_eight_hybrid,6/8 Hybrid,dribble_success_pct,0.15,51.852,81.0
383685,Yankuba Minteh,six_eight_hybrid,6/8 Hybrid,dribble_success_pct,0.15,53.719,86.2
387643,Bazoumana Touré,six_eight_hybrid,6/8 Hybrid,dribble_success_pct,0.15,42.857,46.1
388779,Dehmaine Tabibou,six_eight_hybrid,6/8 Hybrid,dribble_success_pct,0.15,54.054,87.9
389315,Joshua King,six_eight_hybrid,6/8 Hybrid,dribble_success_pct,0.15,43.243,48.3
391822,Fer López,six_eight_hybrid,6/8 Hybrid,dribble_success_pct,0.15,54.545,90.5
400948,Assane Diao,six_eight_hybrid,6/8 Hybrid,dribble_success_pct,0.15,39.13,28.4
406244,Johan Manzambi,six_eight_hybrid,6/8 Hybrid,dribble_success_pct,0.15,52.381,83.6
449249,Franco Mastantuono,six_eight_hybrid,6/8 Hybrid,dribble_success_pct,0.15,46.296,61.6
491248,Jan Virgili,six_eight_hybrid,6/8 Hybrid,dribble_success_pct,0.15,45.133,54.3
579287,Kareem Tunde,six_eight_hybrid,6/8 Hybrid,dribble_success_pct,0.15,46.875,62.9
45,Thomas Lemar,six_eight_hybrid,6/8 Hybrid,fouls_drawn_per90,0.1,1.414,27.6
272,Adrien Rabiot,six_eight_hybrid,6/8 Hybrid,fouls_drawn_per90,0.1,1.909,60.3
1125,Ryan Christie,six_eight_hybrid,6/8 Hybrid,fouls_drawn_per90,0.1,2.008,61.2
1321,Lovro Majer,six_eight_hybrid,6/8 Hybrid,fouls_drawn_per90,0.1,1.361,23.3
1417,Alexis Saelemaekers,six_eight_hybrid,6/8 Hybrid,fouls_drawn_per90,0.1,2.059,62.1
1422,Jérémy Doku,six_eight_hybrid,6/8 Hybrid,fouls_drawn_per90,0.1,3.077,91.4
1461,Denis Suárez,six_eight_hybrid,6/8 Hybrid,fouls_drawn_per90,0.1,1.634,40.5
1646,Lucas Paquetá,six_eight_hybrid,6/8 Hybrid,fouls_drawn_per90,0.1,1.775,49.1
1748,Lassana Coulibaly,six_eight_hybrid,6/8 Hybrid,fouls_drawn_per90,0.1,1.737,46.6
2061,Bryan Gil,six_eight_hybrid,6/8 Hybrid,fouls_drawn_per90,0.1,2.085,64.7
2214,Romain Del Castillo,six_eight_hybrid,6/8 Hybrid,fouls_drawn_per90,0.1,1.464,32.8
2292,Ruben Loftus-Cheek,six_eight_hybrid,6/8 Hybrid,fouls_drawn_per90,0.1,1.488,34.5
2598,Ritsu Doan,six_eight_hybrid,6/8 Hybrid,fouls_drawn_per90,0.1,1.286,20.7
3080,Marshall Munetsi,six_eight_hybrid,6/8 Hybrid,fouls_drawn_per90,0.1,0.915,8.6
6383,Martín Payero,six_eight_hybrid,6/8 Hybrid,fouls_drawn_per90,0.1,2.097,66.4
6662,Santiago Pierotti,six_eight_hybrid,6/8 Hybrid,fouls_drawn_per90,0.1,0.792,4.3
7327,Alexander Prass,six_eight_hybrid,6/8 Hybrid,fouls_drawn_per90,0.1,1.434,29.3
10135,Bruno Guimarães,six_eight_hybrid,6/8 Hybrid,fouls_drawn_per90,0.1,2.749,82.8
15911,Mohammed Kudus,six_eight_hybrid,6/8 Hybrid,fouls_drawn_per90,0.1,0.874,6.9
18592,Iliman Ndiaye,six_eight_hybrid,6/8 Hybrid,fouls_drawn_per90,0.1,1.195,17.2
18821,Grady Diangana,six_eight_hybrid,6/8 Hybrid,fouls_drawn_per90,0.1,1.841,56.0
19071,Emiliano Buendía,six_eight_hybrid,6/8 Hybrid,fouls_drawn_per90,0.1,2.27,71.6
19187,Jack Grealish,six_eight_hybrid,6/8 Hybrid,fouls_drawn_per90,0.1,3.2,93.1
19428,Jarrod Bowen,six_eight_hybrid,6/8 Hybrid,fouls_drawn_per90,0.1,1.295,21.6
20665,Jean-Ricner Bellegarde,six_eight_hybrid,6/8 Hybrid,fouls_drawn_per90,0.1,2.95,87.9
20844,Haissem Hassan,six_eight_hybrid,6/8 Hybrid,fouls_drawn_per90,0.1,1.158,15.5
22261,Adrien Thomasson,six_eight_hybrid,6/8 Hybrid,fouls_drawn_per90,0.1,1.439,30.2
24955,Mathias Honsak,six_eight_hybrid,6/8 Hybrid,fouls_drawn_per90,0.1,1.071,11.2
25313,Jan-Niklas Beste,six_eight_hybrid,6/8 Hybrid,fouls_drawn_per90,0.1,1.888,59.5
26315,Nicolás González,six_eight_hybrid,6/8 Hybrid,fouls_drawn_per90,0.1,1.698,44.0
30438,Nicolò Cambiaghi,six_eight_hybrid,6/8 Hybrid,fouls_drawn_per90,0.1,4.176,99.1
30484,Mattias Svanberg,six_eight_hybrid,6/8 Hybrid,fouls_drawn_per90,0.1,2.101,67.2
30542,Jens Odgaard,six_eight_hybrid,6/8 Hybrid,fouls_drawn_per90,0.1,1.796,52.6
31219,Alessio Zerbin,six_eight_hybrid,6/8 Hybrid,fouls_drawn_per90,0.1,1.088,12.1
32862,Takefusa Kubo,six_eight_hybrid,6/8 Hybrid,fouls_drawn_per90,0.1,2.984,89.7
36980,Morten Thorsby,six_eight_hybrid,6/8 Hybrid,fouls_drawn_per90,0.1,0.717,1.7
37724,Crysencio Summerville,six_eight_hybrid,6/8 Hybrid,fouls_drawn_per90,0.1,2.431,74.1
46711,Aleix Febas,six_eight_hybrid,6/8 Hybrid,fouls_drawn_per90,0.1,3.326,95.7
46790,Víctor García,six_eight_hybrid,6/8 Hybrid,fouls_drawn_per90,0.1,0.938,9.5
47182,Tete Morente,six_eight_hybrid,6/8 Hybrid,fouls_drawn_per90,0.1,1.105,12.9
47258,Mauro Arambarri,six_eight_hybrid,6/8 Hybrid,fouls_drawn_per90,0.1,1.853,56.9
47311,Mikel Merino,six_eight_hybrid,6/8 Hybrid,fouls_drawn_per90,0.1,1.739,47.4
47317,Ander Barrenetxea,six_eight_hybrid,6/8 Hybrid,fouls_drawn_per90,0.1,1.526,37.1
47440,Brais Méndez,six_eight_hybrid,6/8 Hybrid,fouls_drawn_per90,0.1,1.884,58.6
48648,Dan Ndoye,six_eight_hybrid,6/8 Hybrid,fouls_drawn_per90,0.1,1.684,43.1
51016,Tajon Buchanan,six_eight_hybrid,6/8 Hybrid,fouls_drawn_per90,0.1,1.766,48.3
56293,Idrissa Touré,six_eight_hybrid,6/8 Hybrid,fouls_drawn_per90,0.1,0.748,3.4
56851,Michael Folorunsho,six_eight_hybrid,6/8 Hybrid,fouls_drawn_per90,0.1,2.196,68.1
67939,Aimar Oroz,six_eight_hybrid,6/8 Hybrid,fouls_drawn_per90,0.1,2.802,85.3
90594,Eric Ebimbe,six_eight_hybrid,6/8 Hybrid,fouls_drawn_per90,0.1,1.144,14.7
118956,Lameck Banda,six_eight_hybrid,6/8 Hybrid,fouls_drawn_per90,0.1,2.506,76.7
126642,Patrick Wimmer,six_eight_hybrid,6/8 Hybrid,fouls_drawn_per90,0.1,1.818,54.3
126974,Omri Gandelman,six_eight_hybrid,6/8 Hybrid,fouls_drawn_per90,0.1,0.276,0.0
129678,Azzedine Ounahi,six_eight_hybrid,6/8 Hybrid,fouls_drawn_per90,0.1,3.211,94.0
129682,Amine Adli,six_eight_hybrid,6/8 Hybrid,fouls_drawn_per90,0.1,1.79,51.7
129718,Jude Bellingham,six_eight_hybrid,6/8 Hybrid,fouls_drawn_per90,0.1,2.582,79.3
136087,Fabiano Parisi,six_eight_hybrid,6/8 Hybrid,fouls_drawn_per90,0.1,3.89,98.3
139001,Pablo Ibáñez,six_eight_hybrid,6/8 Hybrid,fouls_drawn_per90,0.1,2.636,80.2
148099,Kiernan Dewsbury-Hall,six_eight_hybrid,6/8 Hybrid,fouls_drawn_per90,0.1,1.639,41.4
161963,Germán Valera,six_eight_hybrid,6/8 Hybrid,fouls_drawn_per90,0.1,2.223,69.0
162016,Xavi Simons,six_eight_hybrid,6/8 Hybrid,fouls_drawn_per90,0.1,2.275,72.4
162126,Peque Fernández,six_eight_hybrid,6/8 Hybrid,fouls_drawn_per90,0.1,4.269,100.0
162127,Diego López,six_eight_hybrid,6/8 Hybrid,fouls_drawn_per90,0.1,1.671,42.2
177665,Anton Stach,six_eight_hybrid,6/8 Hybrid,fouls_drawn_per90,0.1,0.908,7.8
178077,Kevin Schade,six_eight_hybrid,6/8 Hybrid,fouls_drawn_per90,0.1,1.404,25.0
180560,Hannibal Mejbri,six_eight_hybrid,6/8 Hybrid,fouls_drawn_per90,0.1,3.376,97.4
181421,Abdessamad Ezzalzouli,six_eight_hybrid,6/8 Hybrid,fouls_drawn_per90,0.1,2.834,86.2
182674,Jofre Carreras,six_eight_hybrid,6/8 Hybrid,fouls_drawn_per90,0.1,2.638,81.0
182770,Carlos Álvarez,six_eight_hybrid,6/8 Hybrid,fouls_drawn_per90,0.1,2.311,73.3
183751,Abderrahman Rebbach,six_eight_hybrid,6/8 Hybrid,fouls_drawn_per90,0.1,1.789,50.9
183799,Nico Williams,six_eight_hybrid,6/8 Hybrid,fouls_drawn_per90,0.1,1.547,38.8
187214,Carlos Vicente,six_eight_hybrid,6/8 Hybrid,fouls_drawn_per90,0.1,3.01,90.5
187987,Ramón Terrats,six_eight_hybrid,6/8 Hybrid,fouls_drawn_per90,0.1,1.864,57.8
190485,Samú Costa,six_eight_hybrid,6/8 Hybrid,fouls_drawn_per90,0.1,2.262,70.7
197779,Mohamed Kaba,six_eight_hybrid,6/8 Hybrid,fouls_drawn_per90,0.1,2.752,83.6
202736,Paul Nebel,six_eight_hybrid,6/8 Hybrid,fouls_drawn_per90,0.1,0.865,6.0
203474,Nicola Zalewski,six_eight_hybrid,6/8 Hybrid,fouls_drawn_per90,0.1,2.45,75.0
237819,Kevin,six_eight_hybrid,6/8 Hybrid,fouls_drawn_per90,0.1,1.475,33.6
265741,Giorgi Gocholeishvili,six_eight_hybrid,6/8 Hybrid,fouls_drawn_per90,0.1,1.787,50.0
266202,Ilyas Chaira,six_eight_hybrid,6/8 Hybrid,fouls_drawn_per90,0.1,1.501,35.3
270507,Cesare Casadei,six_eight_hybrid,6/8 Hybrid,fouls_drawn_per90,0.1,0.724,2.6
270510,Mathys Tel,six_eight_hybrid,6/8 Hybrid,fouls_drawn_per90,0.1,1.524,36.2
273732,Tyrhys Dolan,six_eight_hybrid,6/8 Hybrid,fouls_drawn_per90,0.1,1.703,44.8
278095,Jonathan Rowe,six_eight_hybrid,6/8 Hybrid,fouls_drawn_per90,0.1,2.796,84.5
278133,Oscar Bobb,six_eight_hybrid,6/8 Hybrid,fouls_drawn_per90,0.1,1.457,31.0
280358,Jens Castrop,six_eight_hybrid,6/8 Hybrid,fouls_drawn_per90,0.1,1.463,31.9
284428,Omari Hutchinson,six_eight_hybrid,6/8 Hybrid,fouls_drawn_per90,0.1,1.274,19.0
284797,Dango Ouattara,six_eight_hybrid,6/8 Hybrid,fouls_drawn_per90,0.1,1.54,37.9
286710,Derry Scherhant,six_eight_hybrid,6/8 Hybrid,fouls_drawn_per90,0.1,2.477,75.9
290106,Pablo Marín,six_eight_hybrid,6/8 Hybrid,fouls_drawn_per90,0.1,1.37,24.1
301771,Simon Adingra,six_eight_hybrid,6/8 Hybrid,fouls_drawn_per90,0.1,0.646,0.9
319572,Valentín Barco,six_eight_hybrid,6/8 Hybrid,fouls_drawn_per90,0.1,2.53,77.6
322630,Giovanni Fabbian,six_eight_hybrid,6/8 Hybrid,fouls_drawn_per90,0.1,2.07,63.8
323935,Giuliano Simeone,six_eight_hybrid,6/8 Hybrid,fouls_drawn_per90,0.1,1.707,45.7
326068,Kamory Doumbia,six_eight_hybrid,6/8 Hybrid,fouls_drawn_per90,0.1,1.071,10.3
326073,Remy Labeau Lascary,six_eight_hybrid,6/8 Hybrid,fouls_drawn_per90,0.1,1.356,22.4
334035,Samuel Amo-Ameyaw,six_eight_hybrid,6/8 Hybrid,fouls_drawn_per90,0.1,2.229,69.8
335056,Diego Moreira,six_eight_hybrid,6/8 Hybrid,fouls_drawn_per90,0.1,1.191,16.4
338751,Victor Muñoz,six_eight_hybrid,6/8 Hybrid,fouls_drawn_per90,0.1,1.822,55.2
339105,Joel Roca,six_eight_hybrid,6/8 Hybrid,fouls_drawn_per90,0.1,2.733,81.9
343205,Mario Martín,six_eight_hybrid,6/8 Hybrid,fouls_drawn_per90,0.1,1.433,28.4
345388,Afonso Moreira,six_eight_hybrid,6/8 Hybrid,fouls_drawn_per90,0.1,2.976,88.8
349001,Wesley,six_eight_hybrid,6/8 Hybrid,fouls_drawn_per90,0.1,2.088,65.5
350037,Nico Paz,six_eight_hybrid,6/8 Hybrid,fouls_drawn_per90,0.1,1.279,19.8
375990,Pathé Mboup,six_eight_hybrid,6/8 Hybrid,fouls_drawn_per90,0.1,1.6,39.7
382452,Patrick Dorgu,six_eight_hybrid,6/8 Hybrid,fouls_drawn_per90,0.1,2.895,87.1
383018,Marco Palestra,six_eight_hybrid,6/8 Hybrid,fouls_drawn_per90,0.1,3.152,92.2
383685,Yankuba Minteh,six_eight_hybrid,6/8 Hybrid,fouls_drawn_per90,0.1,0.826,5.2
387643,Bazoumana Touré,six_eight_hybrid,6/8 Hybrid,fouls_drawn_per90,0.1,1.123,13.8
388779,Dehmaine Tabibou,six_eight_hybrid,6/8 Hybrid,fouls_drawn_per90,0.1,1.404,25.9
389315,Joshua King,six_eight_hybrid,6/8 Hybrid,fouls_drawn_per90,0.1,2.061,62.9
391822,Fer López,six_eight_hybrid,6/8 Hybrid,fouls_drawn_per90,0.1,1.404,26.7
400948,Assane Diao,six_eight_hybrid,6/8 Hybrid,fouls_drawn_per90,0.1,3.223,94.8
406244,Johan Manzambi,six_eight_hybrid,6/8 Hybrid,fouls_drawn_per90,0.1,3.352,96.6
449249,Franco Mastantuono,six_eight_hybrid,6/8 Hybrid,fouls_drawn_per90,0.1,2.574,78.4
491248,Jan Virgili,six_eight_hybrid,6/8 Hybrid,fouls_drawn_per90,0.1,1.197,18.1
579287,Kareem Tunde,six_eight_hybrid,6/8 Hybrid,fouls_drawn_per90,0.1,1.798,53.4
45,Thomas Lemar,six_eight_hybrid,6/8 Hybrid,pass_accuracy_pct,0.15,88.146,96.6
272,Adrien Rabiot,six_eight_hybrid,6/8 Hybrid,pass_accuracy_pct,0.15,85.882,92.2
1125,Ryan Christie,six_eight_hybrid,6/8 Hybrid,pass_accuracy_pct,0.15,78.245,42.2
1321,Lovro Majer,six_eight_hybrid,6/8 Hybrid,pass_accuracy_pct,0.15,81.801,66.4
1417,Alexis Saelemaekers,six_eight_hybrid,6/8 Hybrid,pass_accuracy_pct,0.15,83.861,81.0
1422,Jérémy Doku,six_eight_hybrid,6/8 Hybrid,pass_accuracy_pct,0.15,82.902,72.4
1461,Denis Suárez,six_eight_hybrid,6/8 Hybrid,pass_accuracy_pct,0.15,85.93,93.1
1646,Lucas Paquetá,six_eight_hybrid,6/8 Hybrid,pass_accuracy_pct,0.15,77.03,33.6
1748,Lassana Coulibaly,six_eight_hybrid,6/8 Hybrid,pass_accuracy_pct,0.15,81.946,68.1
2061,Bryan Gil,six_eight_hybrid,6/8 Hybrid,pass_accuracy_pct,0.15,83.946,81.9
2214,Romain Del Castillo,six_eight_hybrid,6/8 Hybrid,pass_accuracy_pct,0.15,74.951,14.7
2292,Ruben Loftus-Cheek,six_eight_hybrid,6/8 Hybrid,pass_accuracy_pct,0.15,84.691,86.2
2598,Ritsu Doan,six_eight_hybrid,6/8 Hybrid,pass_accuracy_pct,0.15,77.651,39.7
3080,Marshall Munetsi,six_eight_hybrid,6/8 Hybrid,pass_accuracy_pct,0.15,68.059,6.0
6383,Martín Payero,six_eight_hybrid,6/8 Hybrid,pass_accuracy_pct,0.15,75.546,19.8
6662,Santiago Pierotti,six_eight_hybrid,6/8 Hybrid,pass_accuracy_pct,0.15,75.312,17.2
7327,Alexander Prass,six_eight_hybrid,6/8 Hybrid,pass_accuracy_pct,0.15,76.255,27.6
10135,Bruno Guimarães,six_eight_hybrid,6/8 Hybrid,pass_accuracy_pct,0.15,86.147,94.0
15911,Mohammed Kudus,six_eight_hybrid,6/8 Hybrid,pass_accuracy_pct,0.15,85.586,88.8
18592,Iliman Ndiaye,six_eight_hybrid,6/8 Hybrid,pass_accuracy_pct,0.15,83.953,82.8
18821,Grady Diangana,six_eight_hybrid,6/8 Hybrid,pass_accuracy_pct,0.15,83.673,80.2
19071,Emiliano Buendía,six_eight_hybrid,6/8 Hybrid,pass_accuracy_pct,0.15,81.346,62.9
19187,Jack Grealish,six_eight_hybrid,6/8 Hybrid,pass_accuracy_pct,0.15,83.972,83.6
19428,Jarrod Bowen,six_eight_hybrid,6/8 Hybrid,pass_accuracy_pct,0.15,73.864,11.2
20665,Jean-Ricner Bellegarde,six_eight_hybrid,6/8 Hybrid,pass_accuracy_pct,0.15,79.343,45.7
20844,Haissem Hassan,six_eight_hybrid,6/8 Hybrid,pass_accuracy_pct,0.15,80.483,57.8
22261,Adrien Thomasson,six_eight_hybrid,6/8 Hybrid,pass_accuracy_pct,0.15,83.234,75.9
24955,Mathias Honsak,six_eight_hybrid,6/8 Hybrid,pass_accuracy_pct,0.15,74.247,12.9
25313,Jan-Niklas Beste,six_eight_hybrid,6/8 Hybrid,pass_accuracy_pct,0.15,75.456,18.1
26315,Nicolás González,six_eight_hybrid,6/8 Hybrid,pass_accuracy_pct,0.15,75.696,22.4
30438,Nicolò Cambiaghi,six_eight_hybrid,6/8 Hybrid,pass_accuracy_pct,0.15,83.375,76.7
30484,Mattias Svanberg,six_eight_hybrid,6/8 Hybrid,pass_accuracy_pct,0.15,72.659,7.8
30542,Jens Odgaard,six_eight_hybrid,6/8 Hybrid,pass_accuracy_pct,0.15,73.231,10.3
31219,Alessio Zerbin,six_eight_hybrid,6/8 Hybrid,pass_accuracy_pct,0.15,72.788,8.6
32862,Takefusa Kubo,six_eight_hybrid,6/8 Hybrid,pass_accuracy_pct,0.15,79.346,46.6
36980,Morten Thorsby,six_eight_hybrid,6/8 Hybrid,pass_accuracy_pct,0.15,70.32,6.9
37724,Crysencio Summerville,six_eight_hybrid,6/8 Hybrid,pass_accuracy_pct,0.15,83.046,73.3
46711,Aleix Febas,six_eight_hybrid,6/8 Hybrid,pass_accuracy_pct,0.15,89.484,99.1
46790,Víctor García,six_eight_hybrid,6/8 Hybrid,pass_accuracy_pct,0.15,76.109,26.7
47182,Tete Morente,six_eight_hybrid,6/8 Hybrid,pass_accuracy_pct,0.15,74.825,13.8
47258,Mauro Arambarri,six_eight_hybrid,6/8 Hybrid,pass_accuracy_pct,0.15,75.5,19.0
47311,Mikel Merino,six_eight_hybrid,6/8 Hybrid,pass_accuracy_pct,0.15,75.946,24.1
47317,Ander Barrenetxea,six_eight_hybrid,6/8 Hybrid,pass_accuracy_pct,0.15,80.303,56.9
47440,Brais Méndez,six_eight_hybrid,6/8 Hybrid,pass_accuracy_pct,0.15,82.118,69.0
48648,Dan Ndoye,six_eight_hybrid,6/8 Hybrid,pass_accuracy_pct,0.15,78.369,43.1
51016,Tajon Buchanan,six_eight_hybrid,6/8 Hybrid,pass_accuracy_pct,0.15,81.562,65.5
56293,Idrissa Touré,six_eight_hybrid,6/8 Hybrid,pass_accuracy_pct,0.15,65.919,2.6
56851,Michael Folorunsho,six_eight_hybrid,6/8 Hybrid,pass_accuracy_pct,0.15,66.874,3.4
67939,Aimar Oroz,six_eight_hybrid,6/8 Hybrid,pass_accuracy_pct,0.15,79.647,50.0
90594,Eric Ebimbe,six_eight_hybrid,6/8 Hybrid,pass_accuracy_pct,0.15,76.812,31.0
118956,Lameck Banda,six_eight_hybrid,6/8 Hybrid,pass_accuracy_pct,0.15,80.117,56.0
126642,Patrick Wimmer,six_eight_hybrid,6/8 Hybrid,pass_accuracy_pct,0.15,65.58,1.7
126974,Omri Gandelman,six_eight_hybrid,6/8 Hybrid,pass_accuracy_pct,0.15,64.315,0.9
129678,Azzedine Ounahi,six_eight_hybrid,6/8 Hybrid,pass_accuracy_pct,0.15,85.667,89.7
129682,Amine Adli,six_eight_hybrid,6/8 Hybrid,pass_accuracy_pct,0.15,77.24,35.3
129718,Jude Bellingham,six_eight_hybrid,6/8 Hybrid,pass_accuracy_pct,0.15,89.21,98.3
136087,Fabiano Parisi,six_eight_hybrid,6/8 Hybrid,pass_accuracy_pct,0.15,84.977,87.1
139001,Pablo Ibáñez,six_eight_hybrid,6/8 Hybrid,pass_accuracy_pct,0.15,85.728,90.5
148099,Kiernan Dewsbury-Hall,six_eight_hybrid,6/8 Hybrid,pass_accuracy_pct,0.15,82.456,70.7
161963,Germán Valera,six_eight_hybrid,6/8 Hybrid,pass_accuracy_pct,0.15,87.424,95.7
162016,Xavi Simons,six_eight_hybrid,6/8 Hybrid,pass_accuracy_pct,0.15,83.095,75.0
162126,Peque Fernández,six_eight_hybrid,6/8 Hybrid,pass_accuracy_pct,0.15,81.543,64.7
162127,Diego López,six_eight_hybrid,6/8 Hybrid,pass_accuracy_pct,0.15,76.505,30.2
177665,Anton Stach,six_eight_hybrid,6/8 Hybrid,pass_accuracy_pct,0.15,77.316,37.1
178077,Kevin Schade,six_eight_hybrid,6/8 Hybrid,pass_accuracy_pct,0.15,67.992,5.2
180560,Hannibal Mejbri,six_eight_hybrid,6/8 Hybrid,pass_accuracy_pct,0.15,77.407,37.9
181421,Abdessamad Ezzalzouli,six_eight_hybrid,6/8 Hybrid,pass_accuracy_pct,0.15,79.323,44.8
182674,Jofre Carreras,six_eight_hybrid,6/8 Hybrid,pass_accuracy_pct,0.15,75.701,23.3
182770,Carlos Álvarez,six_eight_hybrid,6/8 Hybrid,pass_accuracy_pct,0.15,80.793,59.5
183751,Abderrahman Rebbach,six_eight_hybrid,6/8 Hybrid,pass_accuracy_pct,0.15,79.521,49.1
183799,Nico Williams,six_eight_hybrid,6/8 Hybrid,pass_accuracy_pct,0.15,77.249,36.2
187214,Carlos Vicente,six_eight_hybrid,6/8 Hybrid,pass_accuracy_pct,0.15,79.915,51.7
187987,Ramón Terrats,six_eight_hybrid,6/8 Hybrid,pass_accuracy_pct,0.15,77.778,40.5
190485,Samú Costa,six_eight_hybrid,6/8 Hybrid,pass_accuracy_pct,0.15,79.968,53.4
197779,Mohamed Kaba,six_eight_hybrid,6/8 Hybrid,pass_accuracy_pct,0.15,78.197,41.4
202736,Paul Nebel,six_eight_hybrid,6/8 Hybrid,pass_accuracy_pct,0.15,78.544,44.0
203474,Nicola Zalewski,six_eight_hybrid,6/8 Hybrid,pass_accuracy_pct,0.15,75.96,25.0
237819,Kevin,six_eight_hybrid,6/8 Hybrid,pass_accuracy_pct,0.15,76.401,28.4
265741,Giorgi Gocholeishvili,six_eight_hybrid,6/8 Hybrid,pass_accuracy_pct,0.15,77.215,34.5
266202,Ilyas Chaira,six_eight_hybrid,6/8 Hybrid,pass_accuracy_pct,0.15,83.409,77.6
270507,Cesare Casadei,six_eight_hybrid,6/8 Hybrid,pass_accuracy_pct,0.15,75.267,15.5
270510,Mathys Tel,six_eight_hybrid,6/8 Hybrid,pass_accuracy_pct,0.15,77.437,38.8
273732,Tyrhys Dolan,six_eight_hybrid,6/8 Hybrid,pass_accuracy_pct,0.15,83.604,79.3
278095,Jonathan Rowe,six_eight_hybrid,6/8 Hybrid,pass_accuracy_pct,0.15,80.825,60.3
278133,Oscar Bobb,six_eight_hybrid,6/8 Hybrid,pass_accuracy_pct,0.15,85.786,91.4
280358,Jens Castrop,six_eight_hybrid,6/8 Hybrid,pass_accuracy_pct,0.15,75.301,16.4
284428,Omari Hutchinson,six_eight_hybrid,6/8 Hybrid,pass_accuracy_pct,0.15,83.086,74.1
284797,Dango Ouattara,six_eight_hybrid,6/8 Hybrid,pass_accuracy_pct,0.15,63.883,0.0
286710,Derry Scherhant,six_eight_hybrid,6/8 Hybrid,pass_accuracy_pct,0.15,75.664,20.7
290106,Pablo Marín,six_eight_hybrid,6/8 Hybrid,pass_accuracy_pct,0.15,79.357,47.4
301771,Simon Adingra,six_eight_hybrid,6/8 Hybrid,pass_accuracy_pct,0.15,76.832,31.9
319572,Valentín Barco,six_eight_hybrid,6/8 Hybrid,pass_accuracy_pct,0.15,86.34,94.8
322630,Giovanni Fabbian,six_eight_hybrid,6/8 Hybrid,pass_accuracy_pct,0.15,80.0,54.3
323935,Giuliano Simeone,six_eight_hybrid,6/8 Hybrid,pass_accuracy_pct,0.15,81.818,67.2
326068,Kamory Doumbia,six_eight_hybrid,6/8 Hybrid,pass_accuracy_pct,0.15,82.448,69.8
326073,Remy Labeau Lascary,six_eight_hybrid,6/8 Hybrid,pass_accuracy_pct,0.15,81.166,62.1
334035,Samuel Amo-Ameyaw,six_eight_hybrid,6/8 Hybrid,pass_accuracy_pct,0.15,88.889,97.4
335056,Diego Moreira,six_eight_hybrid,6/8 Hybrid,pass_accuracy_pct,0.15,81.349,63.8
338751,Victor Muñoz,six_eight_hybrid,6/8 Hybrid,pass_accuracy_pct,0.15,80.738,58.6
339105,Joel Roca,six_eight_hybrid,6/8 Hybrid,pass_accuracy_pct,0.15,83.421,78.4
343205,Mario Martín,six_eight_hybrid,6/8 Hybrid,pass_accuracy_pct,0.15,72.935,9.5
345388,Afonso Moreira,six_eight_hybrid,6/8 Hybrid,pass_accuracy_pct,0.15,80.847,61.2
349001,Wesley,six_eight_hybrid,6/8 Hybrid,pass_accuracy_pct,0.15,80.058,55.2
350037,Nico Paz,six_eight_hybrid,6/8 Hybrid,pass_accuracy_pct,0.15,82.783,71.6
375990,Pathé Mboup,six_eight_hybrid,6/8 Hybrid,pass_accuracy_pct,0.15,79.424,48.3
382452,Patrick Dorgu,six_eight_hybrid,6/8 Hybrid,pass_accuracy_pct,0.15,76.494,29.3
383018,Marco Palestra,six_eight_hybrid,6/8 Hybrid,pass_accuracy_pct,0.15,85.121,87.9
383685,Yankuba Minteh,six_eight_hybrid,6/8 Hybrid,pass_accuracy_pct,0.15,67.937,4.3
387643,Bazoumana Touré,six_eight_hybrid,6/8 Hybrid,pass_accuracy_pct,0.15,75.982,25.9
388779,Dehmaine Tabibou,six_eight_hybrid,6/8 Hybrid,pass_accuracy_pct,0.15,74.0,12.1
389315,Joshua King,six_eight_hybrid,6/8 Hybrid,pass_accuracy_pct,0.15,79.827,50.9
391822,Fer López,six_eight_hybrid,6/8 Hybrid,pass_accuracy_pct,0.15,84.357,84.5
400948,Assane Diao,six_eight_hybrid,6/8 Hybrid,pass_accuracy_pct,0.15,79.938,52.6
406244,Johan Manzambi,six_eight_hybrid,6/8 Hybrid,pass_accuracy_pct,0.15,84.362,85.3
449249,Franco Mastantuono,six_eight_hybrid,6/8 Hybrid,pass_accuracy_pct,0.15,90.041,100.0
491248,Jan Virgili,six_eight_hybrid,6/8 Hybrid,pass_accuracy_pct,0.15,75.676,21.6
579287,Kareem Tunde,six_eight_hybrid,6/8 Hybrid,pass_accuracy_pct,0.15,76.889,32.8
83,Arnaut Danjuma,eight_ten_hybrid,8/10 Hybrid,key_passes_per90,0.25,0.94,8.1
107,Sofiane Diop,eight_ten_hybrid,8/10 Hybrid,key_passes_per90,0.25,1.519,37.8
143,Carles Aleñá,eight_ten_hybrid,8/10 Hybrid,key_passes_per90,0.25,1.714,53.2
219,Matteo Politano,eight_ten_hybrid,8/10 Hybrid,key_passes_per90,0.25,1.505,36.9
247,Cody Gakpo,eight_ten_hybrid,8/10 Hybrid,key_passes_per90,0.25,1.732,54.1
306,Mohamed Salah,eight_ten_hybrid,8/10 Hybrid,key_passes_per90,0.25,2.053,70.3
510,Serge Gnabry,eight_ten_hybrid,8/10 Hybrid,key_passes_per90,0.25,1.686,49.5
519,Corentin Tolisso,eight_ten_hybrid,8/10 Hybrid,key_passes_per90,0.25,1.327,25.2
563,Alejandro Grimaldo,eight_ten_hybrid,8/10 Hybrid,key_passes_per90,0.25,2.496,85.6
628,Adrián Bernabé,eight_ten_hybrid,8/10 Hybrid,key_passes_per90,0.25,1.986,63.1
629,Kevin De Bruyne,eight_ten_hybrid,8/10 Hybrid,key_passes_per90,0.25,2.849,92.8
631,Phil Foden,eight_ten_hybrid,8/10 Hybrid,key_passes_per90,0.25,2.392,82.0
714,Nadiem Amiri,eight_ten_hybrid,8/10 Hybrid,key_passes_per90,0.25,2.713,90.1
715,Christoph Baumgartner,eight_ten_hybrid,8/10 Hybrid,key_passes_per90,0.25,1.194,18.0
726,Andrej Kramarić,eight_ten_hybrid,8/10 Hybrid,key_passes_per90,0.25,1.458,35.1
744,Brahim Díaz,eight_ten_hybrid,8/10 Hybrid,key_passes_per90,0.25,2.103,72.1
792,Justin Kluivert,eight_ten_hybrid,8/10 Hybrid,key_passes_per90,0.25,1.987,64.9
897,Mason Greenwood,eight_ten_hybrid,8/10 Hybrid,key_passes_per90,0.25,2.224,77.5
903,Scott McTominay,eight_ten_hybrid,8/10 Hybrid,key_passes_per90,0.25,0.709,0.9
909,Marcus Rashford,eight_ten_hybrid,8/10 Hybrid,key_passes_per90,0.25,2.351,81.1
925,Gonçalo Guedes,eight_ten_hybrid,8/10 Hybrid,key_passes_per90,0.25,1.223,19.8
927,Kang-in Lee,eight_ten_hybrid,8/10 Hybrid,key_passes_per90,0.25,3.548,98.2
1101,Takumi Minamino,eight_ten_hybrid,8/10 Hybrid,key_passes_per90,0.25,0.843,5.4
1323,Dani Olmo,eight_ten_hybrid,8/10 Hybrid,key_passes_per90,0.25,2.123,73.9
1485,Bruno Fernandes,eight_ten_hybrid,8/10 Hybrid,key_passes_per90,0.25,4.022,100.0
1496,Raphinha,eight_ten_hybrid,8/10 Hybrid,key_passes_per90,0.25,2.788,91.0
1578,Giovani Lo Celso,eight_ten_hybrid,8/10 Hybrid,key_passes_per90,0.25,2.128,74.8
1695,Santi Cazorla,eight_ten_hybrid,8/10 Hybrid,key_passes_per90,0.25,2.585,86.5
1696,Samuel Chukwueze,eight_ten_hybrid,8/10 Hybrid,key_passes_per90,0.25,1.964,62.2
1864,Pedro Neto,eight_ten_hybrid,8/10 Hybrid,key_passes_per90,0.25,1.873,58.6
1938,Ruslan Malinovskyi,eight_ten_hybrid,8/10 Hybrid,key_passes_per90,0.25,1.56,42.3
2181,Giorgi Tsitaishvili,eight_ten_hybrid,8/10 Hybrid,key_passes_per90,0.25,1.648,46.8
2182,Viktor Tsygankov,eight_ten_hybrid,8/10 Hybrid,key_passes_per90,0.25,1.908,59.5
2298,Callum Hudson-Odoi,eight_ten_hybrid,8/10 Hybrid,key_passes_per90,0.25,2.142,76.6
2489,Luis Díaz,eight_ten_hybrid,8/10 Hybrid,key_passes_per90,0.25,2.424,82.9
2781,Moses Simon,eight_ten_hybrid,8/10 Hybrid,key_passes_per90,0.25,1.423,33.3
3246,Nicolas Pépé,eight_ten_hybrid,8/10 Hybrid,key_passes_per90,0.25,2.141,75.7
5996,Enzo Fernández,eight_ten_hybrid,8/10 Hybrid,key_passes_per90,0.25,1.99,65.8
6067,Thiago Almada,eight_ten_hybrid,8/10 Hybrid,key_passes_per90,0.25,1.921,61.3
7332,Luka Sučić,eight_ten_hybrid,8/10 Hybrid,key_passes_per90,0.25,0.796,4.5
7562,Romano Schmid,eight_ten_hybrid,8/10 Hybrid,key_passes_per90,0.25,2.681,89.2
9363,Igor Paixão,eight_ten_hybrid,8/10 Hybrid,key_passes_per90,0.25,1.318,24.3
9971,Antony,eight_ten_hybrid,8/10 Hybrid,key_passes_per90,0.25,2.05,69.4
15286,Mousa Tamari,eight_ten_hybrid,8/10 Hybrid,key_passes_per90,0.25,1.376,30.6
18746,Morgan Gibbs-White,eight_ten_hybrid,8/10 Hybrid,key_passes_per90,0.25,1.418,32.4
18870,David Brooks,eight_ten_hybrid,8/10 Hybrid,key_passes_per90,0.25,1.918,60.4
19170,Morgan Rogers,eight_ten_hybrid,8/10 Hybrid,key_passes_per90,0.25,1.288,20.7
19191,John McGinn,eight_ten_hybrid,8/10 Hybrid,key_passes_per90,0.25,1.701,50.5
19221,Harry Wilson,eight_ten_hybrid,8/10 Hybrid,key_passes_per90,0.25,1.304,23.4
19245,Marcus Tavernier,eight_ten_hybrid,8/10 Hybrid,key_passes_per90,0.25,1.808,55.0
19281,Antoine Semenyo,eight_ten_hybrid,8/10 Hybrid,key_passes_per90,0.25,1.097,11.7
19586,Eberechi Eze,eight_ten_hybrid,8/10 Hybrid,key_passes_per90,0.25,0.758,2.7
19617,Michael Olise,eight_ten_hybrid,8/10 Hybrid,key_passes_per90,0.25,3.146,97.3
21497,Ludovic Blas,eight_ten_hybrid,8/10 Hybrid,key_passes_per90,0.25,2.791,91.9
22229,Jonathan Ikoné,eight_ten_hybrid,8/10 Hybrid,key_passes_per90,0.25,1.143,14.4
24798,Chris Führich,eight_ten_hybrid,8/10 Hybrid,key_passes_per90,0.25,2.612,87.4
24806,Nikolas Nartey,eight_ten_hybrid,8/10 Hybrid,key_passes_per90,0.25,1.712,52.3
25380,Linton Maina,eight_ten_hybrid,8/10 Hybrid,key_passes_per90,0.25,1.487,36.0
30488,Riccardo Orsolini,eight_ten_hybrid,8/10 Hybrid,key_passes_per90,0.25,1.098,12.6
30510,Álex Berenguer,eight_ten_hybrid,8/10 Hybrid,key_passes_per90,0.25,2.038,68.5
30810,Rolando Mandragora,eight_ten_hybrid,8/10 Hybrid,key_passes_per90,0.25,1.292,21.6
36902,Tijjani Reijnders,eight_ten_hybrid,8/10 Hybrid,key_passes_per90,0.25,0.988,9.0
39115,Aron Dønnum,eight_ten_hybrid,8/10 Hybrid,key_passes_per90,0.25,2.302,79.3
46799,Edu Expósito,eight_ten_hybrid,8/10 Hybrid,key_passes_per90,0.25,2.939,94.6
47225,Roger Brugué,eight_ten_hybrid,8/10 Hybrid,key_passes_per90,0.25,0.715,1.8
47294,Iñaki Williams,eight_ten_hybrid,8/10 Hybrid,key_passes_per90,0.25,1.079,9.9
47398,Pere Milla,eight_ten_hybrid,8/10 Hybrid,key_passes_per90,0.25,1.538,39.6
48471,Ruben Vargas,eight_ten_hybrid,8/10 Hybrid,key_passes_per90,0.25,1.567,43.2
67889,Hakon Arnar Haraldsson,eight_ten_hybrid,8/10 Hybrid,key_passes_per90,0.25,2.036,67.6
70747,Julio Enciso,eight_ten_hybrid,8/10 Hybrid,key_passes_per90,0.25,1.379,31.5
83831,Ilan Kebbal,eight_ten_hybrid,8/10 Hybrid,key_passes_per90,0.25,2.463,83.8
84086,Robert Navarro,eight_ten_hybrid,8/10 Hybrid,key_passes_per90,0.25,1.648,45.9
106835,Kaoru Mitoma,eight_ten_hybrid,8/10 Hybrid,key_passes_per90,0.25,1.621,45.0
128398,Oihan Sancet,eight_ten_hybrid,8/10 Hybrid,key_passes_per90,0.25,1.348,28.8
128533,Jamie Leweling,eight_ten_hybrid,8/10 Hybrid,key_passes_per90,0.25,1.554,41.4
131546,Isi Palazón,eight_ten_hybrid,8/10 Hybrid,key_passes_per90,0.25,1.552,40.5
152982,Cole Palmer,eight_ten_hybrid,8/10 Hybrid,key_passes_per90,0.25,1.145,15.3
156477,Rayan Cherki,eight_ten_hybrid,8/10 Hybrid,key_passes_per90,0.25,3.06,95.5
157997,Amad Diallo,eight_ten_hybrid,8/10 Hybrid,key_passes_per90,0.25,1.574,44.1
161621,Loum Tchaouna,eight_ten_hybrid,8/10 Hybrid,key_passes_per90,0.25,0.889,6.3
162931,Fran Pérez,eight_ten_hybrid,8/10 Hybrid,key_passes_per90,0.25,0.936,7.2
182219,Alex Baena,eight_ten_hybrid,8/10 Hybrid,key_passes_per90,0.25,2.634,88.3
182519,Alberto Moleiro,eight_ten_hybrid,8/10 Hybrid,key_passes_per90,0.25,1.337,26.1
182603,Jon Ander Olasagasti,eight_ten_hybrid,8/10 Hybrid,key_passes_per90,0.25,1.854,55.9
191289,Amine Sbai,eight_ten_hybrid,8/10 Hybrid,key_passes_per90,0.25,1.423,34.2
196855,Jaidon Anthony,eight_ten_hybrid,8/10 Hybrid,key_passes_per90,0.25,1.214,18.9
199143,Yuito Suzuki,eight_ten_hybrid,8/10 Hybrid,key_passes_per90,0.25,1.375,29.7
199871,Adam Karabec,eight_ten_hybrid,8/10 Hybrid,key_passes_per90,0.25,2.106,73.0
203224,Florian Wirtz,eight_ten_hybrid,8/10 Hybrid,key_passes_per90,0.25,2.299,78.4
284324,Alejandro Garnacho,eight_ten_hybrid,8/10 Hybrid,key_passes_per90,0.25,2.034,66.7
285909,Pablo Torre,eight_ten_hybrid,8/10 Hybrid,key_passes_per90,0.25,1.869,57.7
291964,Arda Güler,eight_ten_hybrid,8/10 Hybrid,key_passes_per90,0.25,3.11,96.4
295026,Martin Baturina,eight_ten_hybrid,8/10 Hybrid,key_passes_per90,0.25,3.564,99.1
327631,Habib Diarra,eight_ten_hybrid,8/10 Hybrid,key_passes_per90,0.25,0.448,0.0
327897,Arijon Ibrahimović,eight_ten_hybrid,8/10 Hybrid,key_passes_per90,0.25,2.311,80.2
328225,Brajan Gruda,eight_ten_hybrid,8/10 Hybrid,key_passes_per90,0.25,1.987,64.0
331369,Ángel Pérez,eight_ten_hybrid,8/10 Hybrid,key_passes_per90,0.25,1.674,47.7
332308,Unai Gómez,eight_ten_hybrid,8/10 Hybrid,key_passes_per90,0.25,0.759,3.6
339887,Can Uzun,eight_ten_hybrid,8/10 Hybrid,key_passes_per90,0.25,1.536,38.7
340573,Bilal El Khannouss,eight_ten_hybrid,8/10 Hybrid,key_passes_per90,0.25,2.479,84.7
340626,Fermín López,eight_ten_hybrid,8/10 Hybrid,key_passes_per90,0.25,1.703,51.4
341371,Rodrigo Mendoza,eight_ten_hybrid,8/10 Hybrid,key_passes_per90,0.25,1.097,10.8
341453,Oso,eight_ten_hybrid,8/10 Hybrid,key_passes_per90,0.25,1.341,27.9
347644,Arthur Atta,eight_ten_hybrid,8/10 Hybrid,key_passes_per90,0.25,1.194,17.1
359386,Martial Godo,eight_ten_hybrid,8/10 Hybrid,key_passes_per90,0.25,1.339,27.0
368030,Eli Junior Kroupi,eight_ten_hybrid,8/10 Hybrid,key_passes_per90,0.25,1.172,16.2
380978,Assan Ouédraogo,eight_ten_hybrid,8/10 Hybrid,key_passes_per90,0.25,1.294,22.5
386828,Lamine Yamal,eight_ten_hybrid,8/10 Hybrid,key_passes_per90,0.25,2.857,93.7
407806,Rayan,eight_ten_hybrid,8/10 Hybrid,key_passes_per90,0.25,1.126,13.5
409216,Senny Mayulu,eight_ten_hybrid,8/10 Hybrid,key_passes_per90,0.25,2.088,71.2
443162,Jesús Rodriguez,eight_ten_hybrid,8/10 Hybrid,key_passes_per90,0.25,1.869,56.8
494131,Lennart Karl,eight_ten_hybrid,8/10 Hybrid,key_passes_per90,0.25,1.685,48.6
83,Arnaut Danjuma,eight_ten_hybrid,8/10 Hybrid,assists_per90,0.15,0.111,27.9
107,Sofiane Diop,eight_ten_hybrid,8/10 Hybrid,assists_per90,0.15,0.12,35.1
143,Carles Aleñá,eight_ten_hybrid,8/10 Hybrid,assists_per90,0.15,0.18,51.4
219,Matteo Politano,eight_ten_hybrid,8/10 Hybrid,assists_per90,0.15,0.203,58.6
247,Cody Gakpo,eight_ten_hybrid,8/10 Hybrid,assists_per90,0.15,0.163,45.0
306,Mohamed Salah,eight_ten_hybrid,8/10 Hybrid,assists_per90,0.15,0.293,82.9
510,Serge Gnabry,eight_ten_hybrid,8/10 Hybrid,assists_per90,0.15,0.44,94.6
519,Corentin Tolisso,eight_ten_hybrid,8/10 Hybrid,assists_per90,0.15,0.156,42.3
563,Alejandro Grimaldo,eight_ten_hybrid,8/10 Hybrid,assists_per90,0.15,0.285,81.1
628,Adrián Bernabé,eight_ten_hybrid,8/10 Hybrid,assists_per90,0.15,0.036,4.5
629,Kevin De Bruyne,eight_ten_hybrid,8/10 Hybrid,assists_per90,0.15,0.154,41.4
631,Phil Foden,eight_ten_hybrid,8/10 Hybrid,assists_per90,0.15,0.214,62.2
714,Nadiem Amiri,eight_ten_hybrid,8/10 Hybrid,assists_per90,0.15,0.086,18.9
715,Christoph Baumgartner,eight_ten_hybrid,8/10 Hybrid,assists_per90,0.15,0.258,77.5
726,Andrej Kramarić,eight_ten_hybrid,8/10 Hybrid,assists_per90,0.15,0.243,73.9
744,Brahim Díaz,eight_ten_hybrid,8/10 Hybrid,assists_per90,0.15,0.421,92.8
792,Justin Kluivert,eight_ten_hybrid,8/10 Hybrid,assists_per90,0.15,0.0,1.8
897,Mason Greenwood,eight_ten_hybrid,8/10 Hybrid,assists_per90,0.15,0.255,75.7
903,Scott McTominay,eight_ten_hybrid,8/10 Hybrid,assists_per90,0.15,0.097,24.3
909,Marcus Rashford,eight_ten_hybrid,8/10 Hybrid,assists_per90,0.15,0.358,90.1
925,Gonçalo Guedes,eight_ten_hybrid,8/10 Hybrid,assists_per90,0.15,0.196,57.7
927,Kang-in Lee,eight_ten_hybrid,8/10 Hybrid,assists_per90,0.15,0.237,70.3
1101,Takumi Minamino,eight_ten_hybrid,8/10 Hybrid,assists_per90,0.15,0.187,53.2
1323,Dani Olmo,eight_ten_hybrid,8/10 Hybrid,assists_per90,0.15,0.347,88.3
1485,Bruno Fernandes,eight_ten_hybrid,8/10 Hybrid,assists_per90,0.15,0.616,99.1
1496,Raphinha,eight_ten_hybrid,8/10 Hybrid,assists_per90,0.15,0.195,55.9
1578,Giovani Lo Celso,eight_ten_hybrid,8/10 Hybrid,assists_per90,0.15,0.193,55.0
1695,Santi Cazorla,eight_ten_hybrid,8/10 Hybrid,assists_per90,0.15,0.096,23.4
1696,Samuel Chukwueze,eight_ten_hybrid,8/10 Hybrid,assists_per90,0.15,0.327,85.6
1864,Pedro Neto,eight_ten_hybrid,8/10 Hybrid,assists_per90,0.15,0.204,59.5
1938,Ruslan Malinovskyi,eight_ten_hybrid,8/10 Hybrid,assists_per90,0.15,0.12,36.0
2181,Giorgi Tsitaishvili,eight_ten_hybrid,8/10 Hybrid,assists_per90,0.15,0.073,17.1
2182,Viktor Tsygankov,eight_ten_hybrid,8/10 Hybrid,assists_per90,0.15,0.17,49.5
2298,Callum Hudson-Odoi,eight_ten_hybrid,8/10 Hybrid,assists_per90,0.15,0.195,56.8
2489,Luis Díaz,eight_ten_hybrid,8/10 Hybrid,assists_per90,0.15,0.514,97.3
2781,Moses Simon,eight_ten_hybrid,8/10 Hybrid,assists_per90,0.15,0.133,39.6
3246,Nicolas Pépé,eight_ten_hybrid,8/10 Hybrid,assists_per90,0.15,0.301,83.8
5996,Enzo Fernández,eight_ten_hybrid,8/10 Hybrid,assists_per90,0.15,0.115,32.4
6067,Thiago Almada,eight_ten_hybrid,8/10 Hybrid,assists_per90,0.15,0.069,12.6
7332,Luka Sučić,eight_ten_hybrid,8/10 Hybrid,assists_per90,0.15,0.088,19.8
7562,Romano Schmid,eight_ten_hybrid,8/10 Hybrid,assists_per90,0.15,0.241,72.1
9363,Igor Paixão,eight_ten_hybrid,8/10 Hybrid,assists_per90,0.15,0.227,67.6
9971,Antony,eight_ten_hybrid,8/10 Hybrid,assists_per90,0.15,0.22,64.9
15286,Mousa Tamari,eight_ten_hybrid,8/10 Hybrid,assists_per90,0.15,0.243,73.0
18746,Morgan Gibbs-White,eight_ten_hybrid,8/10 Hybrid,assists_per90,0.15,0.116,33.3
18870,David Brooks,eight_ten_hybrid,8/10 Hybrid,assists_per90,0.15,0.221,66.7
19170,Morgan Rogers,eight_ten_hybrid,8/10 Hybrid,assists_per90,0.15,0.164,45.9
19191,John McGinn,eight_ten_hybrid,8/10 Hybrid,assists_per90,0.15,0.166,47.7
19221,Harry Wilson,eight_ten_hybrid,8/10 Hybrid,assists_per90,0.15,0.234,69.4
19245,Marcus Tavernier,eight_ten_hybrid,8/10 Hybrid,assists_per90,0.15,0.131,38.7
19281,Antoine Semenyo,eight_ten_hybrid,8/10 Hybrid,assists_per90,0.15,0.112,29.7
19586,Eberechi Eze,eight_ten_hybrid,8/10 Hybrid,assists_per90,0.15,0.095,21.6
19617,Michael Olise,eight_ten_hybrid,8/10 Hybrid,assists_per90,0.15,0.738,100.0
21497,Ludovic Blas,eight_ten_hybrid,8/10 Hybrid,assists_per90,0.15,0.233,68.5
22229,Jonathan Ikoné,eight_ten_hybrid,8/10 Hybrid,assists_per90,0.15,0.082,18.0
24798,Chris Führich,eight_ten_hybrid,8/10 Hybrid,assists_per90,0.15,0.366,91.0
24806,Nikolas Nartey,eight_ten_hybrid,8/10 Hybrid,assists_per90,0.15,0.214,63.1
25380,Linton Maina,eight_ten_hybrid,8/10 Hybrid,assists_per90,0.15,0.0,1.8
30488,Riccardo Orsolini,eight_ten_hybrid,8/10 Hybrid,assists_per90,0.15,0.042,5.4
30510,Álex Berenguer,eight_ten_hybrid,8/10 Hybrid,assists_per90,0.15,0.125,36.9
30810,Rolando Mandragora,eight_ten_hybrid,8/10 Hybrid,assists_per90,0.15,0.111,28.8
36902,Tijjani Reijnders,eight_ten_hybrid,8/10 Hybrid,assists_per90,0.15,0.11,26.1
39115,Aron Dønnum,eight_ten_hybrid,8/10 Hybrid,assists_per90,0.15,0.149,40.5
46799,Edu Expósito,eight_ten_hybrid,8/10 Hybrid,assists_per90,0.15,0.212,61.3
47225,Roger Brugué,eight_ten_hybrid,8/10 Hybrid,assists_per90,0.15,0.089,20.7
47294,Iñaki Williams,eight_ten_hybrid,8/10 Hybrid,assists_per90,0.15,0.249,74.8
47398,Pere Milla,eight_ten_hybrid,8/10 Hybrid,assists_per90,0.15,0.045,6.3
48471,Ruben Vargas,eight_ten_hybrid,8/10 Hybrid,assists_per90,0.15,0.336,86.5
67889,Hakon Arnar Haraldsson,eight_ten_hybrid,8/10 Hybrid,assists_per90,0.15,0.073,15.3
70747,Julio Enciso,eight_ten_hybrid,8/10 Hybrid,assists_per90,0.15,0.285,82.0
83831,Ilan Kebbal,eight_ten_hybrid,8/10 Hybrid,assists_per90,0.15,0.162,44.1
84086,Robert Navarro,eight_ten_hybrid,8/10 Hybrid,assists_per90,0.15,0.069,13.5
106835,Kaoru Mitoma,eight_ten_hybrid,8/10 Hybrid,assists_per90,0.15,0.052,9.0
128398,Oihan Sancet,eight_ten_hybrid,8/10 Hybrid,assists_per90,0.15,0.0,1.8
128533,Jamie Leweling,eight_ten_hybrid,8/10 Hybrid,assists_per90,0.15,0.341,87.4
131546,Isi Palazón,eight_ten_hybrid,8/10 Hybrid,assists_per90,0.15,0.119,34.2
152982,Cole Palmer,eight_ten_hybrid,8/10 Hybrid,assists_per90,0.15,0.046,7.2
156477,Rayan Cherki,eight_ten_hybrid,8/10 Hybrid,assists_per90,0.15,0.602,98.2
157997,Amad Diallo,eight_ten_hybrid,8/10 Hybrid,assists_per90,0.15,0.115,31.5
161621,Loum Tchaouna,eight_ten_hybrid,8/10 Hybrid,assists_per90,0.15,0.068,11.7
162931,Fran Pérez,eight_ten_hybrid,8/10 Hybrid,assists_per90,0.15,0.072,14.4
182219,Alex Baena,eight_ten_hybrid,8/10 Hybrid,assists_per90,0.15,0.172,50.5
182519,Alberto Moleiro,eight_ten_hybrid,8/10 Hybrid,assists_per90,0.15,0.181,52.3
182603,Jon Ander Olasagasti,eight_ten_hybrid,8/10 Hybrid,assists_per90,0.15,0.257,76.6
191289,Amine Sbai,eight_ten_hybrid,8/10 Hybrid,assists_per90,0.15,0.049,8.1
196855,Jaidon Anthony,eight_ten_hybrid,8/10 Hybrid,assists_per90,0.15,0.066,10.8
199143,Yuito Suzuki,eight_ten_hybrid,8/10 Hybrid,assists_per90,0.15,0.11,27.0
199871,Adam Karabec,eight_ten_hybrid,8/10 Hybrid,assists_per90,0.15,0.0,1.8
203224,Florian Wirtz,eight_ten_hybrid,8/10 Hybrid,assists_per90,0.15,0.113,30.6
284324,Alejandro Garnacho,eight_ten_hybrid,8/10 Hybrid,assists_per90,0.15,0.281,80.2
285909,Pablo Torre,eight_ten_hybrid,8/10 Hybrid,assists_per90,0.15,0.22,65.8
291964,Arda Güler,eight_ten_hybrid,8/10 Hybrid,assists_per90,0.15,0.4,91.9
295026,Martin Baturina,eight_ten_hybrid,8/10 Hybrid,assists_per90,0.15,0.17,48.6
327631,Habib Diarra,eight_ten_hybrid,8/10 Hybrid,assists_per90,0.15,0.128,37.8
327897,Arijon Ibrahimović,eight_ten_hybrid,8/10 Hybrid,assists_per90,0.15,0.165,46.8
328225,Brajan Gruda,eight_ten_hybrid,8/10 Hybrid,assists_per90,0.15,0.241,71.2
331369,Ángel Pérez,eight_ten_hybrid,8/10 Hybrid,assists_per90,0.15,0.209,60.4
332308,Unai Gómez,eight_ten_hybrid,8/10 Hybrid,assists_per90,0.15,0.095,22.5
339887,Can Uzun,eight_ten_hybrid,8/10 Hybrid,assists_per90,0.15,0.307,84.7
340573,Bilal El Khannouss,eight_ten_hybrid,8/10 Hybrid,assists_per90,0.15,0.275,78.4
340626,Fermín López,eight_ten_hybrid,8/10 Hybrid,assists_per90,0.15,0.451,95.5
341371,Rodrigo Mendoza,eight_ten_hybrid,8/10 Hybrid,assists_per90,0.15,0.073,16.2
341453,Oso,eight_ten_hybrid,8/10 Hybrid,assists_per90,0.15,0.192,54.1
347644,Arthur Atta,eight_ten_hybrid,8/10 Hybrid,assists_per90,0.15,0.105,25.2
359386,Martial Godo,eight_ten_hybrid,8/10 Hybrid,assists_per90,0.15,0.056,9.9
368030,Eli Junior Kroupi,eight_ten_hybrid,8/10 Hybrid,assists_per90,0.15,0.0,1.8
380978,Assan Ouédraogo,eight_ten_hybrid,8/10 Hybrid,assists_per90,0.15,0.277,79.3
386828,Lamine Yamal,eight_ten_hybrid,8/10 Hybrid,assists_per90,0.15,0.437,93.7
407806,Rayan,eight_ten_hybrid,8/10 Hybrid,assists_per90,0.15,0.161,43.2
409216,Senny Mayulu,eight_ten_hybrid,8/10 Hybrid,assists_per90,0.15,0.214,64.0
443162,Jesús Rodriguez,eight_ten_hybrid,8/10 Hybrid,assists_per90,0.15,0.467,96.4
494131,Lennart Karl,eight_ten_hybrid,8/10 Hybrid,assists_per90,0.15,0.351,89.2
83,Arnaut Danjuma,eight_ten_hybrid,8/10 Hybrid,goals_per90,0.2,0.166,30.6
107,Sofiane Diop,eight_ten_hybrid,8/10 Hybrid,goals_per90,0.2,0.32,72.1
143,Carles Aleñá,eight_ten_hybrid,8/10 Hybrid,goals_per90,0.2,0.0,0.5
219,Matteo Politano,eight_ten_hybrid,8/10 Hybrid,goals_per90,0.2,0.081,9.0
247,Cody Gakpo,eight_ten_hybrid,8/10 Hybrid,goals_per90,0.2,0.229,46.8
306,Mohamed Salah,eight_ten_hybrid,8/10 Hybrid,goals_per90,0.2,0.293,66.7
510,Serge Gnabry,eight_ten_hybrid,8/10 Hybrid,goals_per90,0.2,0.586,96.4
519,Corentin Tolisso,eight_ten_hybrid,8/10 Hybrid,goals_per90,0.2,0.429,87.4
563,Alejandro Grimaldo,eight_ten_hybrid,8/10 Hybrid,goals_per90,0.2,0.285,61.7
628,Adrián Bernabé,eight_ten_hybrid,8/10 Hybrid,goals_per90,0.2,0.108,15.3
629,Kevin De Bruyne,eight_ten_hybrid,8/10 Hybrid,goals_per90,0.2,0.385,81.1
631,Phil Foden,eight_ten_hybrid,8/10 Hybrid,goals_per90,0.2,0.299,67.6
714,Nadiem Amiri,eight_ten_hybrid,8/10 Hybrid,goals_per90,0.2,0.517,91.0
715,Christoph Baumgartner,eight_ten_hybrid,8/10 Hybrid,goals_per90,0.2,0.42,85.6
726,Andrej Kramarić,eight_ten_hybrid,8/10 Hybrid,goals_per90,0.2,0.567,93.7
744,Brahim Díaz,eight_ten_hybrid,8/10 Hybrid,goals_per90,0.2,0.07,4.5
792,Justin Kluivert,eight_ten_hybrid,8/10 Hybrid,goals_per90,0.2,0.189,37.8
897,Mason Greenwood,eight_ten_hybrid,8/10 Hybrid,goals_per90,0.2,0.583,95.5
903,Scott McTominay,eight_ten_hybrid,8/10 Hybrid,goals_per90,0.2,0.322,73.0
909,Marcus Rashford,eight_ten_hybrid,8/10 Hybrid,goals_per90,0.2,0.409,83.8
925,Gonçalo Guedes,eight_ten_hybrid,8/10 Hybrid,goals_per90,0.2,0.392,82.0
927,Kang-in Lee,eight_ten_hybrid,8/10 Hybrid,goals_per90,0.2,0.177,35.1
1101,Takumi Minamino,eight_ten_hybrid,8/10 Hybrid,goals_per90,0.2,0.281,60.4
1323,Dani Olmo,eight_ten_hybrid,8/10 Hybrid,goals_per90,0.2,0.303,70.3
1485,Bruno Fernandes,eight_ten_hybrid,8/10 Hybrid,goals_per90,0.2,0.264,55.0
1496,Raphinha,eight_ten_hybrid,8/10 Hybrid,goals_per90,0.2,0.843,100.0
1578,Giovani Lo Celso,eight_ten_hybrid,8/10 Hybrid,goals_per90,0.2,0.129,22.5
1695,Santi Cazorla,eight_ten_hybrid,8/10 Hybrid,goals_per90,0.2,0.0,0.5
1696,Samuel Chukwueze,eight_ten_hybrid,8/10 Hybrid,goals_per90,0.2,0.245,52.3
1864,Pedro Neto,eight_ten_hybrid,8/10 Hybrid,goals_per90,0.2,0.17,32.4
1938,Ruslan Malinovskyi,eight_ten_hybrid,8/10 Hybrid,goals_per90,0.2,0.24,48.6
2181,Giorgi Tsitaishvili,eight_ten_hybrid,8/10 Hybrid,goals_per90,0.2,0.11,16.2
2182,Viktor Tsygankov,eight_ten_hybrid,8/10 Hybrid,goals_per90,0.2,0.204,40.5
2298,Callum Hudson-Odoi,eight_ten_hybrid,8/10 Hybrid,goals_per90,0.2,0.146,27.0
2489,Luis Díaz,eight_ten_hybrid,8/10 Hybrid,goals_per90,0.2,0.551,91.9
2781,Moses Simon,eight_ten_hybrid,8/10 Hybrid,goals_per90,0.2,0.133,23.4
3246,Nicolas Pépé,eight_ten_hybrid,8/10 Hybrid,goals_per90,0.2,0.301,68.9
5996,Enzo Fernández,eight_ten_hybrid,8/10 Hybrid,goals_per90,0.2,0.288,63.1
6067,Thiago Almada,eight_ten_hybrid,8/10 Hybrid,goals_per90,0.2,0.206,41.4
7332,Luka Sučić,eight_ten_hybrid,8/10 Hybrid,goals_per90,0.2,0.265,55.9
7562,Romano Schmid,eight_ten_hybrid,8/10 Hybrid,goals_per90,0.2,0.12,18.9
9363,Igor Paixão,eight_ten_hybrid,8/10 Hybrid,goals_per90,0.2,0.273,57.7
9971,Antony,eight_ten_hybrid,8/10 Hybrid,goals_per90,0.2,0.293,65.8
15286,Mousa Tamari,eight_ten_hybrid,8/10 Hybrid,goals_per90,0.2,0.243,50.5
18746,Morgan Gibbs-White,eight_ten_hybrid,8/10 Hybrid,goals_per90,0.2,0.434,88.3
18870,David Brooks,eight_ten_hybrid,8/10 Hybrid,goals_per90,0.2,0.074,7.2
19170,Morgan Rogers,eight_ten_hybrid,8/10 Hybrid,goals_per90,0.2,0.274,58.6
19191,John McGinn,eight_ten_hybrid,8/10 Hybrid,goals_per90,0.2,0.207,42.3
19221,Harry Wilson,eight_ten_hybrid,8/10 Hybrid,goals_per90,0.2,0.334,74.8
19245,Marcus Tavernier,eight_ten_hybrid,8/10 Hybrid,goals_per90,0.2,0.23,47.7
19281,Antoine Semenyo,eight_ten_hybrid,8/10 Hybrid,goals_per90,0.2,0.478,90.1
19586,Eberechi Eze,eight_ten_hybrid,8/10 Hybrid,goals_per90,0.2,0.332,73.9
19617,Michael Olise,eight_ten_hybrid,8/10 Hybrid,goals_per90,0.2,0.583,94.6
21497,Ludovic Blas,eight_ten_hybrid,8/10 Hybrid,goals_per90,0.2,0.291,64.0
22229,Jonathan Ikoné,eight_ten_hybrid,8/10 Hybrid,goals_per90,0.2,0.245,51.4
24798,Chris Führich,eight_ten_hybrid,8/10 Hybrid,goals_per90,0.2,0.366,79.3
24806,Nikolas Nartey,eight_ten_hybrid,8/10 Hybrid,goals_per90,0.2,0.285,61.7
25380,Linton Maina,eight_ten_hybrid,8/10 Hybrid,goals_per90,0.2,0.175,33.3
30488,Riccardo Orsolini,eight_ten_hybrid,8/10 Hybrid,goals_per90,0.2,0.422,86.5
30510,Álex Berenguer,eight_ten_hybrid,8/10 Hybrid,goals_per90,0.2,0.083,10.8
30810,Rolando Mandragora,eight_ten_hybrid,8/10 Hybrid,goals_per90,0.2,0.258,53.2
36902,Tijjani Reijnders,eight_ten_hybrid,8/10 Hybrid,goals_per90,0.2,0.274,59.5
39115,Aron Dønnum,eight_ten_hybrid,8/10 Hybrid,goals_per90,0.2,0.149,28.8
46799,Edu Expósito,eight_ten_hybrid,8/10 Hybrid,goals_per90,0.2,0.035,1.8
47225,Roger Brugué,eight_ten_hybrid,8/10 Hybrid,goals_per90,0.2,0.089,11.7
47294,Iñaki Williams,eight_ten_hybrid,8/10 Hybrid,goals_per90,0.2,0.125,19.8
47398,Pere Milla,eight_ten_hybrid,8/10 Hybrid,goals_per90,0.2,0.317,71.2
48471,Ruben Vargas,eight_ten_hybrid,8/10 Hybrid,goals_per90,0.2,0.168,31.5
67889,Hakon Arnar Haraldsson,eight_ten_hybrid,8/10 Hybrid,goals_per90,0.2,0.291,64.9
70747,Julio Enciso,eight_ten_hybrid,8/10 Hybrid,goals_per90,0.2,0.143,25.2
83831,Ilan Kebbal,eight_ten_hybrid,8/10 Hybrid,goals_per90,0.2,0.363,78.4
84086,Robert Navarro,eight_ten_hybrid,8/10 Hybrid,goals_per90,0.2,0.412,84.7
106835,Kaoru Mitoma,eight_ten_hybrid,8/10 Hybrid,goals_per90,0.2,0.157,29.7
128398,Oihan Sancet,eight_ten_hybrid,8/10 Hybrid,goals_per90,0.2,0.2,38.7
128533,Jamie Leweling,eight_ten_hybrid,8/10 Hybrid,goals_per90,0.2,0.265,56.8
131546,Isi Palazón,eight_ten_hybrid,8/10 Hybrid,goals_per90,0.2,0.119,18.0
152982,Cole Palmer,eight_ten_hybrid,8/10 Hybrid,goals_per90,0.2,0.458,89.2
156477,Rayan Cherki,eight_ten_hybrid,8/10 Hybrid,goals_per90,0.2,0.201,39.6
157997,Amad Diallo,eight_ten_hybrid,8/10 Hybrid,goals_per90,0.2,0.077,8.1
161621,Loum Tchaouna,eight_ten_hybrid,8/10 Hybrid,goals_per90,0.2,0.137,24.3
162931,Fran Pérez,eight_ten_hybrid,8/10 Hybrid,goals_per90,0.2,0.144,26.1
182219,Alex Baena,eight_ten_hybrid,8/10 Hybrid,goals_per90,0.2,0.115,17.1
182519,Alberto Moleiro,eight_ten_hybrid,8/10 Hybrid,goals_per90,0.2,0.361,77.5
182603,Jon Ander Olasagasti,eight_ten_hybrid,8/10 Hybrid,goals_per90,0.2,0.051,2.7
191289,Amine Sbai,eight_ten_hybrid,8/10 Hybrid,goals_per90,0.2,0.147,27.9
196855,Jaidon Anthony,eight_ten_hybrid,8/10 Hybrid,goals_per90,0.2,0.262,54.1
199143,Yuito Suzuki,eight_ten_hybrid,8/10 Hybrid,goals_per90,0.2,0.22,45.0
199871,Adam Karabec,eight_ten_hybrid,8/10 Hybrid,goals_per90,0.2,0.096,13.5
203224,Florian Wirtz,eight_ten_hybrid,8/10 Hybrid,goals_per90,0.2,0.188,36.9
284324,Alejandro Garnacho,eight_ten_hybrid,8/10 Hybrid,goals_per90,0.2,0.07,5.4
285909,Pablo Torre,eight_ten_hybrid,8/10 Hybrid,goals_per90,0.2,0.22,44.1
291964,Arda Güler,eight_ten_hybrid,8/10 Hybrid,goals_per90,0.2,0.178,36.0
295026,Martin Baturina,eight_ten_hybrid,8/10 Hybrid,goals_per90,0.2,0.339,75.7
327631,Habib Diarra,eight_ten_hybrid,8/10 Hybrid,goals_per90,0.2,0.128,21.6
327897,Arijon Ibrahimović,eight_ten_hybrid,8/10 Hybrid,goals_per90,0.2,0.083,9.9
328225,Brajan Gruda,eight_ten_hybrid,8/10 Hybrid,goals_per90,0.2,0.241,49.5
331369,Ángel Pérez,eight_ten_hybrid,8/10 Hybrid,goals_per90,0.2,0.07,3.6
332308,Unai Gómez,eight_ten_hybrid,8/10 Hybrid,goals_per90,0.2,0.095,12.6
339887,Can Uzun,eight_ten_hybrid,8/10 Hybrid,goals_per90,0.2,0.614,97.3
340573,Bilal El Khannouss,eight_ten_hybrid,8/10 Hybrid,goals_per90,0.2,0.22,45.9
340626,Fermín López,eight_ten_hybrid,8/10 Hybrid,goals_per90,0.2,0.301,68.9
341371,Rodrigo Mendoza,eight_ten_hybrid,8/10 Hybrid,goals_per90,0.2,0.073,6.3
341453,Oso,eight_ten_hybrid,8/10 Hybrid,goals_per90,0.2,0.128,20.7
347644,Arthur Atta,eight_ten_hybrid,8/10 Hybrid,goals_per90,0.2,0.176,34.2
359386,Martial Godo,eight_ten_hybrid,8/10 Hybrid,goals_per90,0.2,0.558,92.8
368030,Eli Junior Kroupi,eight_ten_hybrid,8/10 Hybrid,goals_per90,0.2,0.692,99.1
380978,Assan Ouédraogo,eight_ten_hybrid,8/10 Hybrid,goals_per90,0.2,0.37,80.2
386828,Lamine Yamal,eight_ten_hybrid,8/10 Hybrid,goals_per90,0.2,0.635,98.2
407806,Rayan,eight_ten_hybrid,8/10 Hybrid,goals_per90,0.2,0.402,82.9
409216,Senny Mayulu,eight_ten_hybrid,8/10 Hybrid,goals_per90,0.2,0.214,43.2
443162,Jesús Rodriguez,eight_ten_hybrid,8/10 Hybrid,goals_per90,0.2,0.104,14.4
494131,Lennart Karl,eight_ten_hybrid,8/10 Hybrid,goals_per90,0.2,0.351,76.6
83,Arnaut Danjuma,eight_ten_hybrid,8/10 Hybrid,shot_accuracy_pct,0.1,50.0,46.8
107,Sofiane Diop,eight_ten_hybrid,8/10 Hybrid,shot_accuracy_pct,0.1,44.737,29.7
143,Carles Aleñá,eight_ten_hybrid,8/10 Hybrid,shot_accuracy_pct,0.1,27.778,0.9
219,Matteo Politano,eight_ten_hybrid,8/10 Hybrid,shot_accuracy_pct,0.1,37.143,9.0
247,Cody Gakpo,eight_ten_hybrid,8/10 Hybrid,shot_accuracy_pct,0.1,38.889,11.3
306,Mohamed Salah,eight_ten_hybrid,8/10 Hybrid,shot_accuracy_pct,0.1,42.222,22.5
510,Serge Gnabry,eight_ten_hybrid,8/10 Hybrid,shot_accuracy_pct,0.1,48.571,39.2
519,Corentin Tolisso,eight_ten_hybrid,8/10 Hybrid,shot_accuracy_pct,0.1,64.286,90.5
563,Alejandro Grimaldo,eight_ten_hybrid,8/10 Hybrid,shot_accuracy_pct,0.1,48.837,41.4
628,Adrián Bernabé,eight_ten_hybrid,8/10 Hybrid,shot_accuracy_pct,0.1,41.379,19.8
629,Kevin De Bruyne,eight_ten_hybrid,8/10 Hybrid,shot_accuracy_pct,0.1,55.0,66.2
631,Phil Foden,eight_ten_hybrid,8/10 Hybrid,shot_accuracy_pct,0.1,52.778,56.8
714,Nadiem Amiri,eight_ten_hybrid,8/10 Hybrid,shot_accuracy_pct,0.1,66.667,94.1
715,Christoph Baumgartner,eight_ten_hybrid,8/10 Hybrid,shot_accuracy_pct,0.1,50.0,46.8
726,Andrej Kramarić,eight_ten_hybrid,8/10 Hybrid,shot_accuracy_pct,0.1,66.0,91.9
744,Brahim Díaz,eight_ten_hybrid,8/10 Hybrid,shot_accuracy_pct,0.1,58.333,78.4
792,Justin Kluivert,eight_ten_hybrid,8/10 Hybrid,shot_accuracy_pct,0.1,36.364,7.2
897,Mason Greenwood,eight_ten_hybrid,8/10 Hybrid,shot_accuracy_pct,0.1,55.814,69.4
903,Scott McTominay,eight_ten_hybrid,8/10 Hybrid,shot_accuracy_pct,0.1,46.575,32.4
909,Marcus Rashford,eight_ten_hybrid,8/10 Hybrid,shot_accuracy_pct,0.1,59.184,81.1
925,Gonçalo Guedes,eight_ten_hybrid,8/10 Hybrid,shot_accuracy_pct,0.1,62.069,85.6
927,Kang-in Lee,eight_ten_hybrid,8/10 Hybrid,shot_accuracy_pct,0.1,55.556,68.5
1101,Takumi Minamino,eight_ten_hybrid,8/10 Hybrid,shot_accuracy_pct,0.1,46.667,33.8
1323,Dani Olmo,eight_ten_hybrid,8/10 Hybrid,shot_accuracy_pct,0.1,41.176,18.5
1485,Bruno Fernandes,eight_ten_hybrid,8/10 Hybrid,shot_accuracy_pct,0.1,43.636,25.2
1496,Raphinha,eight_ten_hybrid,8/10 Hybrid,shot_accuracy_pct,0.1,48.98,42.3
1578,Giovani Lo Celso,eight_ten_hybrid,8/10 Hybrid,shot_accuracy_pct,0.1,55.0,66.2
1695,Santi Cazorla,eight_ten_hybrid,8/10 Hybrid,shot_accuracy_pct,0.1,16.667,0.0
1696,Samuel Chukwueze,eight_ten_hybrid,8/10 Hybrid,shot_accuracy_pct,0.1,41.176,18.5
1864,Pedro Neto,eight_ten_hybrid,8/10 Hybrid,shot_accuracy_pct,0.1,54.167,60.8
1938,Ruslan Malinovskyi,eight_ten_hybrid,8/10 Hybrid,shot_accuracy_pct,0.1,34.884,5.4
2181,Giorgi Tsitaishvili,eight_ten_hybrid,8/10 Hybrid,shot_accuracy_pct,0.1,36.364,7.2
2182,Viktor Tsygankov,eight_ten_hybrid,8/10 Hybrid,shot_accuracy_pct,0.1,53.846,59.0
2298,Callum Hudson-Odoi,eight_ten_hybrid,8/10 Hybrid,shot_accuracy_pct,0.1,50.0,46.8
2489,Luis Díaz,eight_ten_hybrid,8/10 Hybrid,shot_accuracy_pct,0.1,57.812,75.7
2781,Moses Simon,eight_ten_hybrid,8/10 Hybrid,shot_accuracy_pct,0.1,44.0,27.9
3246,Nicolas Pépé,eight_ten_hybrid,8/10 Hybrid,shot_accuracy_pct,0.1,58.14,77.0
5996,Enzo Fernández,eight_ten_hybrid,8/10 Hybrid,shot_accuracy_pct,0.1,59.615,82.9
6067,Thiago Almada,eight_ten_hybrid,8/10 Hybrid,shot_accuracy_pct,0.1,58.824,79.3
7332,Luka Sučić,eight_ten_hybrid,8/10 Hybrid,shot_accuracy_pct,0.1,43.75,26.6
7562,Romano Schmid,eight_ten_hybrid,8/10 Hybrid,shot_accuracy_pct,0.1,53.846,59.0
9363,Igor Paixão,eight_ten_hybrid,8/10 Hybrid,shot_accuracy_pct,0.1,50.0,46.8
9971,Antony,eight_ten_hybrid,8/10 Hybrid,shot_accuracy_pct,0.1,50.746,50.5
15286,Mousa Tamari,eight_ten_hybrid,8/10 Hybrid,shot_accuracy_pct,0.1,50.0,46.8
18746,Morgan Gibbs-White,eight_ten_hybrid,8/10 Hybrid,shot_accuracy_pct,0.1,54.237,62.2
18870,David Brooks,eight_ten_hybrid,8/10 Hybrid,shot_accuracy_pct,0.1,41.935,21.6
19170,Morgan Rogers,eight_ten_hybrid,8/10 Hybrid,shot_accuracy_pct,0.1,55.172,67.6
19191,John McGinn,eight_ten_hybrid,8/10 Hybrid,shot_accuracy_pct,0.1,57.143,72.5
19221,Harry Wilson,eight_ten_hybrid,8/10 Hybrid,shot_accuracy_pct,0.1,49.02,43.2
19245,Marcus Tavernier,eight_ten_hybrid,8/10 Hybrid,shot_accuracy_pct,0.1,47.059,36.5
19281,Antoine Semenyo,eight_ten_hybrid,8/10 Hybrid,shot_accuracy_pct,0.1,59.42,82.0
19586,Eberechi Eze,eight_ten_hybrid,8/10 Hybrid,shot_accuracy_pct,0.1,51.282,53.2
19617,Michael Olise,eight_ten_hybrid,8/10 Hybrid,shot_accuracy_pct,0.1,70.423,99.1
21497,Ludovic Blas,eight_ten_hybrid,8/10 Hybrid,shot_accuracy_pct,0.1,46.667,33.8
22229,Jonathan Ikoné,eight_ten_hybrid,8/10 Hybrid,shot_accuracy_pct,0.1,40.0,14.0
24798,Chris Führich,eight_ten_hybrid,8/10 Hybrid,shot_accuracy_pct,0.1,67.647,96.4
24806,Nikolas Nartey,eight_ten_hybrid,8/10 Hybrid,shot_accuracy_pct,0.1,66.667,94.1
25380,Linton Maina,eight_ten_hybrid,8/10 Hybrid,shot_accuracy_pct,0.1,53.333,57.7
30488,Riccardo Orsolini,eight_ten_hybrid,8/10 Hybrid,shot_accuracy_pct,0.1,46.97,35.1
30510,Álex Berenguer,eight_ten_hybrid,8/10 Hybrid,shot_accuracy_pct,0.1,62.5,86.5
30810,Rolando Mandragora,eight_ten_hybrid,8/10 Hybrid,shot_accuracy_pct,0.1,41.86,20.7
36902,Tijjani Reijnders,eight_ten_hybrid,8/10 Hybrid,shot_accuracy_pct,0.1,44.444,28.8
39115,Aron Dønnum,eight_ten_hybrid,8/10 Hybrid,shot_accuracy_pct,0.1,48.276,37.8
46799,Edu Expósito,eight_ten_hybrid,8/10 Hybrid,shot_accuracy_pct,0.1,40.625,16.7
47225,Roger Brugué,eight_ten_hybrid,8/10 Hybrid,shot_accuracy_pct,0.1,39.13,12.6
47294,Iñaki Williams,eight_ten_hybrid,8/10 Hybrid,shot_accuracy_pct,0.1,51.282,53.2
47398,Pere Milla,eight_ten_hybrid,8/10 Hybrid,shot_accuracy_pct,0.1,43.75,26.6
48471,Ruben Vargas,eight_ten_hybrid,8/10 Hybrid,shot_accuracy_pct,0.1,33.333,4.1
67889,Hakon Arnar Haraldsson,eight_ten_hybrid,8/10 Hybrid,shot_accuracy_pct,0.1,48.571,39.2
70747,Julio Enciso,eight_ten_hybrid,8/10 Hybrid,shot_accuracy_pct,0.1,51.163,51.4
83831,Ilan Kebbal,eight_ten_hybrid,8/10 Hybrid,shot_accuracy_pct,0.1,48.78,40.5
84086,Robert Navarro,eight_ten_hybrid,8/10 Hybrid,shot_accuracy_pct,0.1,50.0,46.8
106835,Kaoru Mitoma,eight_ten_hybrid,8/10 Hybrid,shot_accuracy_pct,0.1,54.167,60.8
128398,Oihan Sancet,eight_ten_hybrid,8/10 Hybrid,shot_accuracy_pct,0.1,40.541,15.3
128533,Jamie Leweling,eight_ten_hybrid,8/10 Hybrid,shot_accuracy_pct,0.1,60.0,83.8
131546,Isi Palazón,eight_ten_hybrid,8/10 Hybrid,shot_accuracy_pct,0.1,43.243,23.4
152982,Cole Palmer,eight_ten_hybrid,8/10 Hybrid,shot_accuracy_pct,0.1,58.14,77.0
156477,Rayan Cherki,eight_ten_hybrid,8/10 Hybrid,shot_accuracy_pct,0.1,40.625,16.7
157997,Amad Diallo,eight_ten_hybrid,8/10 Hybrid,shot_accuracy_pct,0.1,58.974,80.2
161621,Loum Tchaouna,eight_ten_hybrid,8/10 Hybrid,shot_accuracy_pct,0.1,64.286,90.5
162931,Fran Pérez,eight_ten_hybrid,8/10 Hybrid,shot_accuracy_pct,0.1,57.143,72.5
182219,Alex Baena,eight_ten_hybrid,8/10 Hybrid,shot_accuracy_pct,0.1,31.818,2.7
182519,Alberto Moleiro,eight_ten_hybrid,8/10 Hybrid,shot_accuracy_pct,0.1,51.282,53.2
182603,Jon Ander Olasagasti,eight_ten_hybrid,8/10 Hybrid,shot_accuracy_pct,0.1,50.0,46.8
191289,Amine Sbai,eight_ten_hybrid,8/10 Hybrid,shot_accuracy_pct,0.1,69.565,98.2
196855,Jaidon Anthony,eight_ten_hybrid,8/10 Hybrid,shot_accuracy_pct,0.1,54.762,64.0
199143,Yuito Suzuki,eight_ten_hybrid,8/10 Hybrid,shot_accuracy_pct,0.1,51.852,55.0
199871,Adam Karabec,eight_ten_hybrid,8/10 Hybrid,shot_accuracy_pct,0.1,83.333,100.0
203224,Florian Wirtz,eight_ten_hybrid,8/10 Hybrid,shot_accuracy_pct,0.1,56.25,70.3
284324,Alejandro Garnacho,eight_ten_hybrid,8/10 Hybrid,shot_accuracy_pct,0.1,30.435,1.8
285909,Pablo Torre,eight_ten_hybrid,8/10 Hybrid,shot_accuracy_pct,0.1,63.158,87.4
291964,Arda Güler,eight_ten_hybrid,8/10 Hybrid,shot_accuracy_pct,0.1,54.286,63.1
295026,Martin Baturina,eight_ten_hybrid,8/10 Hybrid,shot_accuracy_pct,0.1,45.0,30.6
327631,Habib Diarra,eight_ten_hybrid,8/10 Hybrid,shot_accuracy_pct,0.1,36.364,7.2
327897,Arijon Ibrahimović,eight_ten_hybrid,8/10 Hybrid,shot_accuracy_pct,0.1,57.576,73.9
328225,Brajan Gruda,eight_ten_hybrid,8/10 Hybrid,shot_accuracy_pct,0.1,64.0,89.2
331369,Ángel Pérez,eight_ten_hybrid,8/10 Hybrid,shot_accuracy_pct,0.1,66.667,94.1
332308,Unai Gómez,eight_ten_hybrid,8/10 Hybrid,shot_accuracy_pct,0.1,38.889,11.3
339887,Can Uzun,eight_ten_hybrid,8/10 Hybrid,shot_accuracy_pct,0.1,63.333,88.3
340573,Bilal El Khannouss,eight_ten_hybrid,8/10 Hybrid,shot_accuracy_pct,0.1,57.692,74.8
340626,Fermín López,eight_ten_hybrid,8/10 Hybrid,shot_accuracy_pct,0.1,45.455,31.5
341371,Rodrigo Mendoza,eight_ten_hybrid,8/10 Hybrid,shot_accuracy_pct,0.1,40.0,14.0
341453,Oso,eight_ten_hybrid,8/10 Hybrid,shot_accuracy_pct,0.1,61.538,84.7
347644,Arthur Atta,eight_ten_hybrid,8/10 Hybrid,shot_accuracy_pct,0.1,52.632,55.9
359386,Martial Godo,eight_ten_hybrid,8/10 Hybrid,shot_accuracy_pct,0.1,54.839,64.9
368030,Eli Junior Kroupi,eight_ten_hybrid,8/10 Hybrid,shot_accuracy_pct,0.1,66.667,94.1
380978,Assan Ouédraogo,eight_ten_hybrid,8/10 Hybrid,shot_accuracy_pct,0.1,68.421,97.3
386828,Lamine Yamal,eight_ten_hybrid,8/10 Hybrid,shot_accuracy_pct,0.1,43.529,24.3
407806,Rayan,eight_ten_hybrid,8/10 Hybrid,shot_accuracy_pct,0.1,47.059,36.5
409216,Senny Mayulu,eight_ten_hybrid,8/10 Hybrid,shot_accuracy_pct,0.1,37.931,9.9
443162,Jesús Rodriguez,eight_ten_hybrid,8/10 Hybrid,shot_accuracy_pct,0.1,33.333,4.1
494131,Lennart Karl,eight_ten_hybrid,8/10 Hybrid,shot_accuracy_pct,0.1,56.757,71.2
83,Arnaut Danjuma,eight_ten_hybrid,8/10 Hybrid,dribble_success_pct,0.15,42.188,30.2
107,Sofiane Diop,eight_ten_hybrid,8/10 Hybrid,dribble_success_pct,0.15,48.529,64.4
143,Carles Aleñá,eight_ten_hybrid,8/10 Hybrid,dribble_success_pct,0.15,44.444,40.1
219,Matteo Politano,eight_ten_hybrid,8/10 Hybrid,dribble_success_pct,0.15,47.826,58.6
247,Cody Gakpo,eight_ten_hybrid,8/10 Hybrid,dribble_success_pct,0.15,49.275,67.6
306,Mohamed Salah,eight_ten_hybrid,8/10 Hybrid,dribble_success_pct,0.15,26.389,0.9
510,Serge Gnabry,eight_ten_hybrid,8/10 Hybrid,dribble_success_pct,0.15,47.059,53.2
519,Corentin Tolisso,eight_ten_hybrid,8/10 Hybrid,dribble_success_pct,0.15,37.5,17.1
563,Alejandro Grimaldo,eight_ten_hybrid,8/10 Hybrid,dribble_success_pct,0.15,40.984,26.1
628,Adrián Bernabé,eight_ten_hybrid,8/10 Hybrid,dribble_success_pct,0.15,35.714,12.6
629,Kevin De Bruyne,eight_ten_hybrid,8/10 Hybrid,dribble_success_pct,0.15,64.286,98.2
631,Phil Foden,eight_ten_hybrid,8/10 Hybrid,dribble_success_pct,0.15,53.191,80.2
714,Nadiem Amiri,eight_ten_hybrid,8/10 Hybrid,dribble_success_pct,0.15,51.02,71.2
715,Christoph Baumgartner,eight_ten_hybrid,8/10 Hybrid,dribble_success_pct,0.15,39.394,22.5
726,Andrej Kramarić,eight_ten_hybrid,8/10 Hybrid,dribble_success_pct,0.15,57.576,93.7
744,Brahim Díaz,eight_ten_hybrid,8/10 Hybrid,dribble_success_pct,0.15,56.818,92.8
792,Justin Kluivert,eight_ten_hybrid,8/10 Hybrid,dribble_success_pct,0.15,42.308,31.5
897,Mason Greenwood,eight_ten_hybrid,8/10 Hybrid,dribble_success_pct,0.15,51.429,74.3
903,Scott McTominay,eight_ten_hybrid,8/10 Hybrid,dribble_success_pct,0.15,45.614,46.8
909,Marcus Rashford,eight_ten_hybrid,8/10 Hybrid,dribble_success_pct,0.15,34.483,9.0
925,Gonçalo Guedes,eight_ten_hybrid,8/10 Hybrid,dribble_success_pct,0.15,46.154,49.5
927,Kang-in Lee,eight_ten_hybrid,8/10 Hybrid,dribble_success_pct,0.15,54.902,84.7
1101,Takumi Minamino,eight_ten_hybrid,8/10 Hybrid,dribble_success_pct,0.15,33.333,7.2
1323,Dani Olmo,eight_ten_hybrid,8/10 Hybrid,dribble_success_pct,0.15,37.209,14.4
1485,Bruno Fernandes,eight_ten_hybrid,8/10 Hybrid,dribble_success_pct,0.15,41.667,28.8
1496,Raphinha,eight_ten_hybrid,8/10 Hybrid,dribble_success_pct,0.15,51.22,73.0
1578,Giovani Lo Celso,eight_ten_hybrid,8/10 Hybrid,dribble_success_pct,0.15,48.485,63.1
1695,Santi Cazorla,eight_ten_hybrid,8/10 Hybrid,dribble_success_pct,0.15,61.905,96.4
1696,Samuel Chukwueze,eight_ten_hybrid,8/10 Hybrid,dribble_success_pct,0.15,47.5,55.0
1864,Pedro Neto,eight_ten_hybrid,8/10 Hybrid,dribble_success_pct,0.15,45.192,44.1
1938,Ruslan Malinovskyi,eight_ten_hybrid,8/10 Hybrid,dribble_success_pct,0.15,55.0,86.0
2181,Giorgi Tsitaishvili,eight_ten_hybrid,8/10 Hybrid,dribble_success_pct,0.15,49.412,69.4
2182,Viktor Tsygankov,eight_ten_hybrid,8/10 Hybrid,dribble_success_pct,0.15,48.148,61.3
2298,Callum Hudson-Odoi,eight_ten_hybrid,8/10 Hybrid,dribble_success_pct,0.15,51.724,75.7
2489,Luis Díaz,eight_ten_hybrid,8/10 Hybrid,dribble_success_pct,0.15,48.8,66.7
2781,Moses Simon,eight_ten_hybrid,8/10 Hybrid,dribble_success_pct,0.15,44.615,41.4
3246,Nicolas Pépé,eight_ten_hybrid,8/10 Hybrid,dribble_success_pct,0.15,48.361,62.2
5996,Enzo Fernández,eight_ten_hybrid,8/10 Hybrid,dribble_success_pct,0.15,27.083,1.8
6067,Thiago Almada,eight_ten_hybrid,8/10 Hybrid,dribble_success_pct,0.15,55.263,87.4
7332,Luka Sučić,eight_ten_hybrid,8/10 Hybrid,dribble_success_pct,0.15,56.0,90.1
7562,Romano Schmid,eight_ten_hybrid,8/10 Hybrid,dribble_success_pct,0.15,37.755,18.9
9363,Igor Paixão,eight_ten_hybrid,8/10 Hybrid,dribble_success_pct,0.15,32.53,4.5
9971,Antony,eight_ten_hybrid,8/10 Hybrid,dribble_success_pct,0.15,46.552,50.5
15286,Mousa Tamari,eight_ten_hybrid,8/10 Hybrid,dribble_success_pct,0.15,35.484,9.9
18746,Morgan Gibbs-White,eight_ten_hybrid,8/10 Hybrid,dribble_success_pct,0.15,47.619,56.3
18870,David Brooks,eight_ten_hybrid,8/10 Hybrid,dribble_success_pct,0.15,41.463,27.9
19170,Morgan Rogers,eight_ten_hybrid,8/10 Hybrid,dribble_success_pct,0.15,35.593,10.8
19191,John McGinn,eight_ten_hybrid,8/10 Hybrid,dribble_success_pct,0.15,48.718,65.8
19221,Harry Wilson,eight_ten_hybrid,8/10 Hybrid,dribble_success_pct,0.15,54.545,82.9
19245,Marcus Tavernier,eight_ten_hybrid,8/10 Hybrid,dribble_success_pct,0.15,43.82,38.7
19281,Antoine Semenyo,eight_ten_hybrid,8/10 Hybrid,dribble_success_pct,0.15,42.188,30.2
19586,Eberechi Eze,eight_ten_hybrid,8/10 Hybrid,dribble_success_pct,0.15,59.184,95.5
19617,Michael Olise,eight_ten_hybrid,8/10 Hybrid,dribble_success_pct,0.15,47.101,54.1
21497,Ludovic Blas,eight_ten_hybrid,8/10 Hybrid,dribble_success_pct,0.15,50.943,70.3
22229,Jonathan Ikoné,eight_ten_hybrid,8/10 Hybrid,dribble_success_pct,0.15,52.941,78.8
24798,Chris Führich,eight_ten_hybrid,8/10 Hybrid,dribble_success_pct,0.15,58.333,94.6
24806,Nikolas Nartey,eight_ten_hybrid,8/10 Hybrid,dribble_success_pct,0.15,66.667,99.1
25380,Linton Maina,eight_ten_hybrid,8/10 Hybrid,dribble_success_pct,0.15,42.857,35.1
30488,Riccardo Orsolini,eight_ten_hybrid,8/10 Hybrid,dribble_success_pct,0.15,47.761,57.7
30510,Álex Berenguer,eight_ten_hybrid,8/10 Hybrid,dribble_success_pct,0.15,38.983,20.7
30810,Rolando Mandragora,eight_ten_hybrid,8/10 Hybrid,dribble_success_pct,0.15,37.5,17.1
36902,Tijjani Reijnders,eight_ten_hybrid,8/10 Hybrid,dribble_success_pct,0.15,43.182,36.0
39115,Aron Dønnum,eight_ten_hybrid,8/10 Hybrid,dribble_success_pct,0.15,45.455,45.0
46799,Edu Expósito,eight_ten_hybrid,8/10 Hybrid,dribble_success_pct,0.15,75.556,100.0
47225,Roger Brugué,eight_ten_hybrid,8/10 Hybrid,dribble_success_pct,0.15,37.5,17.1
47294,Iñaki Williams,eight_ten_hybrid,8/10 Hybrid,dribble_success_pct,0.15,21.818,0.0
47398,Pere Milla,eight_ten_hybrid,8/10 Hybrid,dribble_success_pct,0.15,45.833,48.6
48471,Ruben Vargas,eight_ten_hybrid,8/10 Hybrid,dribble_success_pct,0.15,43.75,37.8
67889,Hakon Arnar Haraldsson,eight_ten_hybrid,8/10 Hybrid,dribble_success_pct,0.15,42.553,32.9
70747,Julio Enciso,eight_ten_hybrid,8/10 Hybrid,dribble_success_pct,0.15,56.25,91.4
83831,Ilan Kebbal,eight_ten_hybrid,8/10 Hybrid,dribble_success_pct,0.15,45.07,42.3
84086,Robert Navarro,eight_ten_hybrid,8/10 Hybrid,dribble_success_pct,0.15,42.593,34.2
106835,Kaoru Mitoma,eight_ten_hybrid,8/10 Hybrid,dribble_success_pct,0.15,43.548,36.9
128398,Oihan Sancet,eight_ten_hybrid,8/10 Hybrid,dribble_success_pct,0.15,53.333,81.1
128533,Jamie Leweling,eight_ten_hybrid,8/10 Hybrid,dribble_success_pct,0.15,45.588,45.9
131546,Isi Palazón,eight_ten_hybrid,8/10 Hybrid,dribble_success_pct,0.15,47.917,59.5
152982,Cole Palmer,eight_ten_hybrid,8/10 Hybrid,dribble_success_pct,0.15,32.836,5.4
156477,Rayan Cherki,eight_ten_hybrid,8/10 Hybrid,dribble_success_pct,0.15,47.619,56.3
157997,Amad Diallo,eight_ten_hybrid,8/10 Hybrid,dribble_success_pct,0.15,49.367,68.5
161621,Loum Tchaouna,eight_ten_hybrid,8/10 Hybrid,dribble_success_pct,0.15,33.333,7.2
162931,Fran Pérez,eight_ten_hybrid,8/10 Hybrid,dribble_success_pct,0.15,46.667,52.3
182219,Alex Baena,eight_ten_hybrid,8/10 Hybrid,dribble_success_pct,0.15,32.432,3.6
182519,Alberto Moleiro,eight_ten_hybrid,8/10 Hybrid,dribble_success_pct,0.15,48.529,64.4
182603,Jon Ander Olasagasti,eight_ten_hybrid,8/10 Hybrid,dribble_success_pct,0.15,48.0,60.4
191289,Amine Sbai,eight_ten_hybrid,8/10 Hybrid,dribble_success_pct,0.15,37.374,15.3
196855,Jaidon Anthony,eight_ten_hybrid,8/10 Hybrid,dribble_success_pct,0.15,35.644,11.7
199143,Yuito Suzuki,eight_ten_hybrid,8/10 Hybrid,dribble_success_pct,0.15,52.941,78.8
199871,Adam Karabec,eight_ten_hybrid,8/10 Hybrid,dribble_success_pct,0.15,55.0,86.0
203224,Florian Wirtz,eight_ten_hybrid,8/10 Hybrid,dribble_success_pct,0.15,52.703,77.5
284324,Alejandro Garnacho,eight_ten_hybrid,8/10 Hybrid,dribble_success_pct,0.15,35.897,13.5
285909,Pablo Torre,eight_ten_hybrid,8/10 Hybrid,dribble_success_pct,0.15,45.714,47.7
291964,Arda Güler,eight_ten_hybrid,8/10 Hybrid,dribble_success_pct,0.15,62.791,97.3
295026,Martin Baturina,eight_ten_hybrid,8/10 Hybrid,dribble_success_pct,0.15,51.111,72.1
327631,Habib Diarra,eight_ten_hybrid,8/10 Hybrid,dribble_success_pct,0.15,27.273,2.7
327897,Arijon Ibrahimović,eight_ten_hybrid,8/10 Hybrid,dribble_success_pct,0.15,45.098,43.2
328225,Brajan Gruda,eight_ten_hybrid,8/10 Hybrid,dribble_success_pct,0.15,46.591,51.4
331369,Ángel Pérez,eight_ten_hybrid,8/10 Hybrid,dribble_success_pct,0.15,42.553,32.9
332308,Unai Gómez,eight_ten_hybrid,8/10 Hybrid,dribble_success_pct,0.15,40.0,23.9
339887,Can Uzun,eight_ten_hybrid,8/10 Hybrid,dribble_success_pct,0.15,40.0,23.9
340573,Bilal El Khannouss,eight_ten_hybrid,8/10 Hybrid,dribble_success_pct,0.15,56.25,91.4
340626,Fermín López,eight_ten_hybrid,8/10 Hybrid,dribble_success_pct,0.15,55.696,89.2
341371,Rodrigo Mendoza,eight_ten_hybrid,8/10 Hybrid,dribble_success_pct,0.15,51.429,74.3
341453,Oso,eight_ten_hybrid,8/10 Hybrid,dribble_success_pct,0.15,54.839,83.8
347644,Arthur Atta,eight_ten_hybrid,8/10 Hybrid,dribble_success_pct,0.15,52.5,76.6
359386,Martial Godo,eight_ten_hybrid,8/10 Hybrid,dribble_success_pct,0.15,44.444,40.1
368030,Eli Junior Kroupi,eight_ten_hybrid,8/10 Hybrid,dribble_success_pct,0.15,40.541,25.2
380978,Assan Ouédraogo,eight_ten_hybrid,8/10 Hybrid,dribble_success_pct,0.15,53.846,82.0
386828,Lamine Yamal,eight_ten_hybrid,8/10 Hybrid,dribble_success_pct,0.15,55.328,88.3
407806,Rayan,eight_ten_hybrid,8/10 Hybrid,dribble_success_pct,0.15,38.235,19.8
409216,Senny Mayulu,eight_ten_hybrid,8/10 Hybrid,dribble_success_pct,0.15,39.024,21.6
443162,Jesús Rodriguez,eight_ten_hybrid,8/10 Hybrid,dribble_success_pct,0.15,41.414,27.0
494131,Lennart Karl,eight_ten_hybrid,8/10 Hybrid,dribble_success_pct,0.15,33.333,7.2
83,Arnaut Danjuma,eight_ten_hybrid,8/10 Hybrid,pass_accuracy_pct,0.15,77.749,21.6
107,Sofiane Diop,eight_ten_hybrid,8/10 Hybrid,pass_accuracy_pct,0.15,78.502,24.3
143,Carles Aleñá,eight_ten_hybrid,8/10 Hybrid,pass_accuracy_pct,0.15,85.176,74.8
219,Matteo Politano,eight_ten_hybrid,8/10 Hybrid,pass_accuracy_pct,0.15,82.021,46.8
247,Cody Gakpo,eight_ten_hybrid,8/10 Hybrid,pass_accuracy_pct,0.15,78.533,25.2
306,Mohamed Salah,eight_ten_hybrid,8/10 Hybrid,pass_accuracy_pct,0.15,76.923,17.1
510,Serge Gnabry,eight_ten_hybrid,8/10 Hybrid,pass_accuracy_pct,0.15,89.831,97.3
519,Corentin Tolisso,eight_ten_hybrid,8/10 Hybrid,pass_accuracy_pct,0.15,84.247,66.7
563,Alejandro Grimaldo,eight_ten_hybrid,8/10 Hybrid,pass_accuracy_pct,0.15,87.398,87.4
628,Adrián Bernabé,eight_ten_hybrid,8/10 Hybrid,pass_accuracy_pct,0.15,84.779,71.2
629,Kevin De Bruyne,eight_ten_hybrid,8/10 Hybrid,pass_accuracy_pct,0.15,83.784,63.1
631,Phil Foden,eight_ten_hybrid,8/10 Hybrid,pass_accuracy_pct,0.15,88.192,92.8
714,Nadiem Amiri,eight_ten_hybrid,8/10 Hybrid,pass_accuracy_pct,0.15,81.278,40.5
715,Christoph Baumgartner,eight_ten_hybrid,8/10 Hybrid,pass_accuracy_pct,0.15,75.714,12.6
726,Andrej Kramarić,eight_ten_hybrid,8/10 Hybrid,pass_accuracy_pct,0.15,85.279,75.7
744,Brahim Díaz,eight_ten_hybrid,8/10 Hybrid,pass_accuracy_pct,0.15,90.584,98.2
792,Justin Kluivert,eight_ten_hybrid,8/10 Hybrid,pass_accuracy_pct,0.15,81.159,37.8
897,Mason Greenwood,eight_ten_hybrid,8/10 Hybrid,pass_accuracy_pct,0.15,81.695,44.1
903,Scott McTominay,eight_ten_hybrid,8/10 Hybrid,pass_accuracy_pct,0.15,88.939,93.7
909,Marcus Rashford,eight_ten_hybrid,8/10 Hybrid,pass_accuracy_pct,0.15,84.825,72.1
925,Gonçalo Guedes,eight_ten_hybrid,8/10 Hybrid,pass_accuracy_pct,0.15,74.645,9.0
927,Kang-in Lee,eight_ten_hybrid,8/10 Hybrid,pass_accuracy_pct,0.15,91.092,100.0
1101,Takumi Minamino,eight_ten_hybrid,8/10 Hybrid,pass_accuracy_pct,0.15,73.377,5.4
1323,Dani Olmo,eight_ten_hybrid,8/10 Hybrid,pass_accuracy_pct,0.15,85.28,76.6
1485,Bruno Fernandes,eight_ten_hybrid,8/10 Hybrid,pass_accuracy_pct,0.15,82.206,48.6
1496,Raphinha,eight_ten_hybrid,8/10 Hybrid,pass_accuracy_pct,0.15,81.221,39.2
1578,Giovani Lo Celso,eight_ten_hybrid,8/10 Hybrid,pass_accuracy_pct,0.15,87.977,91.9
1695,Santi Cazorla,eight_ten_hybrid,8/10 Hybrid,pass_accuracy_pct,0.15,86.347,82.9
1696,Samuel Chukwueze,eight_ten_hybrid,8/10 Hybrid,pass_accuracy_pct,0.15,74.353,6.3
1864,Pedro Neto,eight_ten_hybrid,8/10 Hybrid,pass_accuracy_pct,0.15,87.419,88.3
1938,Ruslan Malinovskyi,eight_ten_hybrid,8/10 Hybrid,pass_accuracy_pct,0.15,82.184,47.7
2181,Giorgi Tsitaishvili,eight_ten_hybrid,8/10 Hybrid,pass_accuracy_pct,0.15,78.833,26.1
2182,Viktor Tsygankov,eight_ten_hybrid,8/10 Hybrid,pass_accuracy_pct,0.15,82.353,50.5
2298,Callum Hudson-Odoi,eight_ten_hybrid,8/10 Hybrid,pass_accuracy_pct,0.15,89.193,96.4
2489,Luis Díaz,eight_ten_hybrid,8/10 Hybrid,pass_accuracy_pct,0.15,85.814,79.3
2781,Moses Simon,eight_ten_hybrid,8/10 Hybrid,pass_accuracy_pct,0.15,84.536,69.4
3246,Nicolas Pépé,eight_ten_hybrid,8/10 Hybrid,pass_accuracy_pct,0.15,82.386,52.3
5996,Enzo Fernández,eight_ten_hybrid,8/10 Hybrid,pass_accuracy_pct,0.15,86.016,81.1
6067,Thiago Almada,eight_ten_hybrid,8/10 Hybrid,pass_accuracy_pct,0.15,86.628,84.7
7332,Luka Sučić,eight_ten_hybrid,8/10 Hybrid,pass_accuracy_pct,0.15,79.482,29.7
7562,Romano Schmid,eight_ten_hybrid,8/10 Hybrid,pass_accuracy_pct,0.15,76.204,14.4
9363,Igor Paixão,eight_ten_hybrid,8/10 Hybrid,pass_accuracy_pct,0.15,82.69,55.9
9971,Antony,eight_ten_hybrid,8/10 Hybrid,pass_accuracy_pct,0.15,81.955,45.9
15286,Mousa Tamari,eight_ten_hybrid,8/10 Hybrid,pass_accuracy_pct,0.15,81.221,39.2
18746,Morgan Gibbs-White,eight_ten_hybrid,8/10 Hybrid,pass_accuracy_pct,0.15,81.126,36.0
18870,David Brooks,eight_ten_hybrid,8/10 Hybrid,pass_accuracy_pct,0.15,77.079,18.9
19170,Morgan Rogers,eight_ten_hybrid,8/10 Hybrid,pass_accuracy_pct,0.15,74.602,8.1
19191,John McGinn,eight_ten_hybrid,8/10 Hybrid,pass_accuracy_pct,0.15,82.337,49.5
19221,Harry Wilson,eight_ten_hybrid,8/10 Hybrid,pass_accuracy_pct,0.15,81.338,41.4
19245,Marcus Tavernier,eight_ten_hybrid,8/10 Hybrid,pass_accuracy_pct,0.15,83.599,62.2
19281,Antoine Semenyo,eight_ten_hybrid,8/10 Hybrid,pass_accuracy_pct,0.15,80.021,32.4
19586,Eberechi Eze,eight_ten_hybrid,8/10 Hybrid,pass_accuracy_pct,0.15,84.835,73.0
19617,Michael Olise,eight_ten_hybrid,8/10 Hybrid,pass_accuracy_pct,0.15,84.082,65.8
21497,Ludovic Blas,eight_ten_hybrid,8/10 Hybrid,pass_accuracy_pct,0.15,83.025,57.7
22229,Jonathan Ikoné,eight_ten_hybrid,8/10 Hybrid,pass_accuracy_pct,0.15,83.838,64.9
24798,Chris Führich,eight_ten_hybrid,8/10 Hybrid,pass_accuracy_pct,0.15,82.935,56.8
24806,Nikolas Nartey,eight_ten_hybrid,8/10 Hybrid,pass_accuracy_pct,0.15,83.333,60.4
25380,Linton Maina,eight_ten_hybrid,8/10 Hybrid,pass_accuracy_pct,0.15,84.641,70.3
30488,Riccardo Orsolini,eight_ten_hybrid,8/10 Hybrid,pass_accuracy_pct,0.15,70.41,0.9
30510,Álex Berenguer,eight_ten_hybrid,8/10 Hybrid,pass_accuracy_pct,0.15,76.953,18.0
30810,Rolando Mandragora,eight_ten_hybrid,8/10 Hybrid,pass_accuracy_pct,0.15,84.444,67.6
36902,Tijjani Reijnders,eight_ten_hybrid,8/10 Hybrid,pass_accuracy_pct,0.15,89.098,94.6
39115,Aron Dønnum,eight_ten_hybrid,8/10 Hybrid,pass_accuracy_pct,0.15,78.947,27.0
46799,Edu Expósito,eight_ten_hybrid,8/10 Hybrid,pass_accuracy_pct,0.15,76.355,16.2
47225,Roger Brugué,eight_ten_hybrid,8/10 Hybrid,pass_accuracy_pct,0.15,82.377,51.4
47294,Iñaki Williams,eight_ten_hybrid,8/10 Hybrid,pass_accuracy_pct,0.15,69.355,0.0
47398,Pere Milla,eight_ten_hybrid,8/10 Hybrid,pass_accuracy_pct,0.15,71.402,1.8
48471,Ruben Vargas,eight_ten_hybrid,8/10 Hybrid,pass_accuracy_pct,0.15,73.084,4.5
67889,Hakon Arnar Haraldsson,eight_ten_hybrid,8/10 Hybrid,pass_accuracy_pct,0.15,86.716,85.6
70747,Julio Enciso,eight_ten_hybrid,8/10 Hybrid,pass_accuracy_pct,0.15,83.805,64.0
83831,Ilan Kebbal,eight_ten_hybrid,8/10 Hybrid,pass_accuracy_pct,0.15,86.084,82.0
84086,Robert Navarro,eight_ten_hybrid,8/10 Hybrid,pass_accuracy_pct,0.15,80.769,34.2
106835,Kaoru Mitoma,eight_ten_hybrid,8/10 Hybrid,pass_accuracy_pct,0.15,82.517,54.1
128398,Oihan Sancet,eight_ten_hybrid,8/10 Hybrid,pass_accuracy_pct,0.15,81.376,42.3
128533,Jamie Leweling,eight_ten_hybrid,8/10 Hybrid,pass_accuracy_pct,0.15,77.483,20.7
131546,Isi Palazón,eight_ten_hybrid,8/10 Hybrid,pass_accuracy_pct,0.15,82.549,55.0
152982,Cole Palmer,eight_ten_hybrid,8/10 Hybrid,pass_accuracy_pct,0.15,85.732,78.4
156477,Rayan Cherki,eight_ten_hybrid,8/10 Hybrid,pass_accuracy_pct,0.15,86.499,83.8
157997,Amad Diallo,eight_ten_hybrid,8/10 Hybrid,pass_accuracy_pct,0.15,87.942,91.0
161621,Loum Tchaouna,eight_ten_hybrid,8/10 Hybrid,pass_accuracy_pct,0.15,75.146,9.9
162931,Fran Pérez,eight_ten_hybrid,8/10 Hybrid,pass_accuracy_pct,0.15,82.508,53.2
182219,Alex Baena,eight_ten_hybrid,8/10 Hybrid,pass_accuracy_pct,0.15,81.155,36.9
182519,Alberto Moleiro,eight_ten_hybrid,8/10 Hybrid,pass_accuracy_pct,0.15,79.115,27.9
182603,Jon Ander Olasagasti,eight_ten_hybrid,8/10 Hybrid,pass_accuracy_pct,0.15,76.012,13.5
191289,Amine Sbai,eight_ten_hybrid,8/10 Hybrid,pass_accuracy_pct,0.15,72.145,3.6
196855,Jaidon Anthony,eight_ten_hybrid,8/10 Hybrid,pass_accuracy_pct,0.15,79.911,31.5
199143,Yuito Suzuki,eight_ten_hybrid,8/10 Hybrid,pass_accuracy_pct,0.15,77.475,19.8
199871,Adam Karabec,eight_ten_hybrid,8/10 Hybrid,pass_accuracy_pct,0.15,80.727,33.3
203224,Florian Wirtz,eight_ten_hybrid,8/10 Hybrid,pass_accuracy_pct,0.15,84.529,68.5
284324,Alejandro Garnacho,eight_ten_hybrid,8/10 Hybrid,pass_accuracy_pct,0.15,87.315,86.5
285909,Pablo Torre,eight_ten_hybrid,8/10 Hybrid,pass_accuracy_pct,0.15,84.932,73.9
291964,Arda Güler,eight_ten_hybrid,8/10 Hybrid,pass_accuracy_pct,0.15,90.706,99.1
295026,Martin Baturina,eight_ten_hybrid,8/10 Hybrid,pass_accuracy_pct,0.15,87.692,90.1
327631,Habib Diarra,eight_ten_hybrid,8/10 Hybrid,pass_accuracy_pct,0.15,81.881,45.0
327897,Arijon Ibrahimović,eight_ten_hybrid,8/10 Hybrid,pass_accuracy_pct,0.15,72.079,2.7
328225,Brajan Gruda,eight_ten_hybrid,8/10 Hybrid,pass_accuracy_pct,0.15,78.304,23.4
331369,Ángel Pérez,eight_ten_hybrid,8/10 Hybrid,pass_accuracy_pct,0.15,74.522,7.2
332308,Unai Gómez,eight_ten_hybrid,8/10 Hybrid,pass_accuracy_pct,0.15,75.676,11.7
339887,Can Uzun,eight_ten_hybrid,8/10 Hybrid,pass_accuracy_pct,0.15,81.619,43.2
340573,Bilal El Khannouss,eight_ten_hybrid,8/10 Hybrid,pass_accuracy_pct,0.15,79.343,28.8
340626,Fermín López,eight_ten_hybrid,8/10 Hybrid,pass_accuracy_pct,0.15,87.514,89.2
341371,Rodrigo Mendoza,eight_ten_hybrid,8/10 Hybrid,pass_accuracy_pct,0.15,85.514,77.5
341453,Oso,eight_ten_hybrid,8/10 Hybrid,pass_accuracy_pct,0.15,75.51,10.8
347644,Arthur Atta,eight_ten_hybrid,8/10 Hybrid,pass_accuracy_pct,0.15,83.157,58.6
359386,Martial Godo,eight_ten_hybrid,8/10 Hybrid,pass_accuracy_pct,0.15,83.182,59.5
368030,Eli Junior Kroupi,eight_ten_hybrid,8/10 Hybrid,pass_accuracy_pct,0.15,76.344,15.3
380978,Assan Ouédraogo,eight_ten_hybrid,8/10 Hybrid,pass_accuracy_pct,0.15,83.446,61.3
386828,Lamine Yamal,eight_ten_hybrid,8/10 Hybrid,pass_accuracy_pct,0.15,81.023,35.1
407806,Rayan,eight_ten_hybrid,8/10 Hybrid,pass_accuracy_pct,0.15,78.302,22.5
409216,Senny Mayulu,eight_ten_hybrid,8/10 Hybrid,pass_accuracy_pct,0.15,89.179,95.5
443162,Jesús Rodriguez,eight_ten_hybrid,8/10 Hybrid,pass_accuracy_pct,0.15,79.605,30.6
494131,Lennart Karl,eight_ten_hybrid,8/10 Hybrid,pass_accuracy_pct,0.15,85.907,80.2
59,Álvaro Morata,traditional_9,Traditional No. 9,goals_per90,0.35,0.0,0.7
85,Cyril Ngonge,traditional_9,Traditional No. 9,goals_per90,0.35,0.063,2.9
120,Willem Geubbels,traditional_9,Traditional No. 9,goals_per90,0.35,0.442,71.5
184,Harry Kane,traditional_9,Traditional No. 9,goals_per90,0.35,1.36,100.0
217,Lautaro Martínez,traditional_9,Traditional No. 9,goals_per90,0.35,0.702,94.7
249,Donyell Malen,traditional_9,Traditional No. 9,goals_per90,0.35,0.751,97.6
269,Christopher Nkunku,traditional_9,Traditional No. 9,goals_per90,0.35,0.458,72.5
421,Breel Embolo,traditional_9,Traditional No. 9,goals_per90,0.35,0.433,68.1
512,Woo-Yeong Jeong,traditional_9,Traditional No. 9,goals_per90,0.35,0.299,39.6
521,Robert Lewandowski,traditional_9,Traditional No. 9,goals_per90,0.35,0.76,98.1
608,Lucas Boyé,traditional_9,Traditional No. 9,goals_per90,0.35,0.505,81.2
794,Patrik Schick,traditional_9,Traditional No. 9,goals_per90,0.35,0.722,95.7
877,Moise Kean,traditional_9,Traditional No. 9,goals_per90,0.35,0.352,49.8
931,Ferran Torres,traditional_9,Traditional No. 9,goals_per90,0.35,0.726,96.1
1100,Erling Haaland,traditional_9,Traditional No. 9,goals_per90,0.35,0.822,99.0
1124,Oliver Burke,traditional_9,Traditional No. 9,goals_per90,0.35,0.319,45.4
1135,Odsonne Édouard,traditional_9,Traditional No. 9,goals_per90,0.35,0.591,87.4
1465,Pierre-Emerick Aubameyang,traditional_9,Traditional No. 9,goals_per90,0.35,0.44,70.5
1469,Danny Welbeck,traditional_9,Traditional No. 9,goals_per90,0.35,0.516,82.1
1863,Ciro Immobile,traditional_9,Traditional No. 9,goals_per90,0.35,0.2,20.8
1945,Ally Samatta,traditional_9,Traditional No. 9,goals_per90,0.35,0.116,10.6
2032,Jørgen Strand Larsen,traditional_9,Traditional No. 9,goals_per90,0.35,0.155,14.0
2063,André Silva,traditional_9,Traditional No. 9,goals_per90,0.35,0.484,75.4
2218,Ismaïla Sarr,traditional_9,Traditional No. 9,goals_per90,0.35,0.372,58.9
2295,Olivier Giroud,traditional_9,Traditional No. 9,goals_per90,0.35,0.388,61.4
2413,Richarlison,traditional_9,Traditional No. 9,goals_per90,0.35,0.506,81.6
2461,Salomón Rondón,traditional_9,Traditional No. 9,goals_per90,0.35,0.174,15.9
2495,Duván Zapata,traditional_9,Traditional No. 9,goals_per90,0.35,0.24,27.5
2522,Antonio Sanabria,traditional_9,Traditional No. 9,goals_per90,0.35,0.096,7.7
2668,Mostafa Mohamed,traditional_9,Traditional No. 9,goals_per90,0.35,0.307,42.0
2887,Raúl Jiménez,traditional_9,Traditional No. 9,goals_per90,0.35,0.367,57.0
2939,Callum Wilson,traditional_9,Traditional No. 9,goals_per90,0.35,0.499,78.7
3430,Caleb Ekuban,traditional_9,Traditional No. 9,goals_per90,0.35,0.365,55.6
6010,Lucas Beltrán,traditional_9,Traditional No. 9,goals_per90,0.35,0.066,3.4
6490,Luis Vázquez,traditional_9,Traditional No. 9,goals_per90,0.35,0.224,25.1
8492,Alexander Sørloth,traditional_9,Traditional No. 9,goals_per90,0.35,0.591,87.0
9366,Igor Jesus,traditional_9,Traditional No. 9,goals_per90,0.35,0.233,26.1
10329,João Pedro,traditional_9,Traditional No. 9,goals_per90,0.35,0.505,80.2
13708,Jhon Arias,traditional_9,Traditional No. 9,goals_per90,0.35,0.08,4.8
18766,Dominic Calvert-Lewin,traditional_9,Traditional No. 9,goals_per90,0.35,0.462,73.4
18778,Harvey Barnes,traditional_9,Traditional No. 9,goals_per90,0.35,0.321,45.9
18788,Jamie Vardy,traditional_9,Traditional No. 9,goals_per90,0.35,0.299,40.8
18883,Dominic Solanke,traditional_9,Traditional No. 9,goals_per90,0.35,0.27,31.9
18906,Ayoze Pérez,traditional_9,Traditional No. 9,goals_per90,0.35,0.399,64.7
18931,Chris Wood,traditional_9,Traditional No. 9,goals_per90,0.35,0.298,39.1
18979,Viktor Gyökeres,traditional_9,Traditional No. 9,goals_per90,0.35,0.559,86.0
19185,Keinan Davis,traditional_9,Traditional No. 9,goals_per90,0.35,0.433,68.6
19366,Ollie Watkins,traditional_9,Traditional No. 9,goals_per90,0.35,0.505,80.7
19461,Lukas Nmecha,traditional_9,Traditional No. 9,goals_per90,0.35,0.495,77.8
19484,Adam Armstrong,traditional_9,Traditional No. 9,goals_per90,0.35,0.157,15.0
19524,Che Adams,traditional_9,Traditional No. 9,goals_per90,0.35,0.285,36.2
19625,Danny Namaso,traditional_9,Traditional No. 9,goals_per90,0.35,0.107,9.7
20534,Cheick Tidiane Sabaly,traditional_9,Traditional No. 9,goals_per90,0.35,0.0,0.7
20535,Habibou Diallo,traditional_9,Traditional No. 9,goals_per90,0.35,0.188,17.4
20780,Mathias Pereira Lage,traditional_9,Traditional No. 9,goals_per90,0.35,0.089,6.8
20817,Goduine Koyalipou,traditional_9,Traditional No. 9,goals_per90,0.35,0.295,38.6
20959,Matteo Tramoni,traditional_9,Traditional No. 9,goals_per90,0.35,0.111,10.1
21104,Randal Kolo Muani,traditional_9,Traditional No. 9,goals_per90,0.35,0.054,1.9
21393,Serhou Guirassy,traditional_9,Traditional No. 9,goals_per90,0.35,0.652,91.8
21509,Marcus Thuram,traditional_9,Traditional No. 9,goals_per90,0.35,0.612,89.9
22015,Boulaye Dia,traditional_9,Traditional No. 9,goals_per90,0.35,0.072,3.9
22097,Arnaud Nordin,traditional_9,Traditional No. 9,goals_per90,0.35,0.086,6.3
22236,Rafael Leão,traditional_9,Traditional No. 9,goals_per90,0.35,0.436,70.0
22264,Ludovic Ajorque,traditional_9,Traditional No. 9,goals_per90,0.35,0.255,30.0
24641,Budu Zivzivadze,traditional_9,Traditional No. 9,goals_per90,0.35,0.471,74.9
24888,Hwang Hee-chan,traditional_9,Traditional No. 9,goals_per90,0.35,0.123,11.6
25242,Marius Bülter,traditional_9,Traditional No. 9,goals_per90,0.35,0.28,35.3
25297,Michael Gregoritsch,traditional_9,Traditional No. 9,goals_per90,0.35,0.583,86.5
25391,Niclas Füllkrug,traditional_9,Traditional No. 9,goals_per90,0.35,0.085,5.8
25926,Jonathan Burkardt,traditional_9,Traditional No. 9,goals_per90,0.35,0.873,99.5
25927,Jean Philippe Mateta,traditional_9,Traditional No. 9,goals_per90,0.35,0.486,76.8
26171,Phillip Tietz,traditional_9,Traditional No. 9,goals_per90,0.35,0.299,40.1
26255,Lucas Höler,traditional_9,Traditional No. 9,goals_per90,0.35,0.131,12.6
26475,Deniz Undav,traditional_9,Traditional No. 9,goals_per90,0.35,0.761,98.6
26845,Anastasios Douvikas,traditional_9,Traditional No. 9,goals_per90,0.35,0.553,85.5
28382,Haris Tabaković,traditional_9,Traditional No. 9,goals_per90,0.35,0.489,77.3
30414,Giovanni Simeone,traditional_9,Traditional No. 9,goals_per90,0.35,0.441,71.0
30415,Dušan Vlahović,traditional_9,Traditional No. 9,goals_per90,0.35,0.645,91.3
30440,Roberto Piccoli,traditional_9,Traditional No. 9,goals_per90,0.35,0.212,23.2
30544,Gianluca Scamacca,traditional_9,Traditional No. 9,goals_per90,0.35,0.682,93.7
31094,Andrea Pinamonti,traditional_9,Traditional No. 9,goals_per90,0.35,0.314,44.9
31318,M'bala Nzola,traditional_9,Traditional No. 9,goals_per90,0.35,0.237,27.1
31406,Umar Sadiq,traditional_9,Traditional No. 9,goals_per90,0.35,0.339,48.3
31436,Federico Bonazzoli,traditional_9,Traditional No. 9,goals_per90,0.35,0.357,53.6
31499,Gennaro Borrelli,traditional_9,Traditional No. 9,goals_per90,0.35,0.353,50.5
31560,Stefano Moreo,traditional_9,Traditional No. 9,goals_per90,0.35,0.271,33.3
36927,Zian Flemming,traditional_9,Traditional No. 9,goals_per90,0.35,0.548,84.5
37439,Ragnar Ache,traditional_9,Traditional No. 9,goals_per90,0.35,0.365,56.0
37759,Martijn Kaars,traditional_9,Traditional No. 9,goals_per90,0.35,0.197,19.8
37938,Sheraldo Becker,traditional_9,Traditional No. 9,goals_per90,0.35,0.24,28.0
38750,Brian Brobbey,traditional_9,Traditional No. 9,goals_per90,0.35,0.324,46.4
40594,Adam Buksa,traditional_9,Traditional No. 9,goals_per90,0.35,0.292,37.7
41585,Gonçalo Ramos,traditional_9,Traditional No. 9,goals_per90,0.35,0.409,65.7
42086,Youssef El Arabi,traditional_9,Traditional No. 9,goals_per90,0.35,0.276,34.8
45892,Andrej Ilić,traditional_9,Traditional No. 9,goals_per90,0.35,0.199,20.3
46746,Ante Budimir,traditional_9,Traditional No. 9,goals_per90,0.35,0.518,82.6
46930,Ermedin Demirović,traditional_9,Traditional No. 9,goals_per90,0.35,0.717,95.2
47013,Rafa Mir,traditional_9,Traditional No. 9,goals_per90,0.35,0.397,63.8
47181,Toni Martínez,traditional_9,Traditional No. 9,goals_per90,0.35,0.462,73.9
47264,Hugo Duro,traditional_9,Traditional No. 9,goals_per90,0.35,0.452,72.0
47291,Gorka Guruzeta,traditional_9,Traditional No. 9,goals_per90,0.35,0.38,59.9
47323,Mikel Oyarzabal,traditional_9,Traditional No. 9,goals_per90,0.35,0.497,78.3
47348,Borja Iglesias,traditional_9,Traditional No. 9,goals_per90,0.35,0.662,93.2
47396,Kike García,traditional_9,Traditional No. 9,goals_per90,0.35,0.412,66.2
47472,Borja Mayoral,traditional_9,Traditional No. 9,goals_per90,0.35,0.337,47.8
47582,Cucho Hernández,traditional_9,Traditional No. 9,goals_per90,0.35,0.382,60.4
50048,Vedat Muriqi,traditional_9,Traditional No. 9,goals_per90,0.35,0.66,92.8
50739,Brenden Aaronson,traditional_9,Traditional No. 9,goals_per90,0.35,0.146,13.0
50856,Valentín Castellanos,traditional_9,Traditional No. 9,goals_per90,0.35,0.345,48.8
51530,Federico Viñas,traditional_9,Traditional No. 9,goals_per90,0.35,0.33,46.9
57446,Akor Adams,traditional_9,Traditional No. 9,goals_per90,0.35,0.435,69.6
66387,Pavel Šulc,traditional_9,Traditional No. 9,goals_per90,0.35,0.631,90.8
66817,Nikola Krstović,traditional_9,Traditional No. 9,goals_per90,0.35,0.504,79.7
72457,Aiyegun Tosin,traditional_9,Traditional No. 9,goals_per90,0.35,0.421,67.1
84087,Wilson Isidor,traditional_9,Traditional No. 9,goals_per90,0.35,0.46,72.9
90590,Georginio Rutter,traditional_9,Traditional No. 9,goals_per90,0.35,0.15,13.5
90617,Lassine Sinayoko,traditional_9,Traditional No. 9,goals_per90,0.35,0.388,62.3
91745,Alemão,traditional_9,Traditional No. 9,goals_per90,0.35,0.313,44.4
98936,Lyle Foster,traditional_9,Traditional No. 9,goals_per90,0.35,0.197,19.3
106851,Shuto Machino,traditional_9,Traditional No. 9,goals_per90,0.35,0.249,29.5
110153,Tolu Arokodare,traditional_9,Traditional No. 9,goals_per90,0.35,0.188,16.9
115589,Benjamin Šeško,traditional_9,Traditional No. 9,goals_per90,0.35,0.605,89.4
122734,Ferran Jutglà,traditional_9,Traditional No. 9,goals_per90,0.35,0.485,76.3
125743,Beto,traditional_9,Traditional No. 9,goals_per90,0.35,0.502,79.2
126690,Kieron Bowie,traditional_9,Traditional No. 9,goals_per90,0.35,0.299,40.8
127769,Gabriel Martinelli,traditional_9,Traditional No. 9,goals_per90,0.35,0.083,5.3
128478,Walid Cheddira,traditional_9,Traditional No. 9,goals_per90,0.35,0.289,37.2
128582,Jorge de Frutos,traditional_9,Traditional No. 9,goals_per90,0.35,0.362,54.6
129693,Rayan Philippe,traditional_9,Traditional No. 9,goals_per90,0.35,0.348,49.3
129711,Brennan Johnson,traditional_9,Traditional No. 9,goals_per90,0.35,0.103,8.7
133729,Tijjani Noslin,traditional_9,Traditional No. 9,goals_per90,0.35,0.305,41.5
137303,Evann Guessand,traditional_9,Traditional No. 9,goals_per90,0.35,0.096,8.2
138776,Largie Ramazani,traditional_9,Traditional No. 9,goals_per90,0.35,0.432,67.6
138835,Folarin Balogun,traditional_9,Traditional No. 9,goals_per90,0.35,0.521,83.1
144319,Sambou Soumano,traditional_9,Traditional No. 9,goals_per90,0.35,0.388,61.8
146751,Raúl García de Haro,traditional_9,Traditional No. 9,goals_per90,0.35,0.605,88.9
147831,Arnaud Kalimuendo,traditional_9,Traditional No. 9,goals_per90,0.35,0.354,51.2
152856,Evanilson,traditional_9,Traditional No. 9,goals_per90,0.35,0.196,18.8
156465,Issa Soumaré,traditional_9,Traditional No. 9,goals_per90,0.35,0.244,29.0
158054,Nick Woltemade,traditional_9,Traditional No. 9,goals_per90,0.35,0.355,52.2
158644,Maximilian Beier,traditional_9,Traditional No. 9,goals_per90,0.35,0.398,64.3
161622,Matthis Abline,traditional_9,Traditional No. 9,goals_per90,0.35,0.216,23.7
161670,Vladyslav Vanat,traditional_9,Traditional No. 9,goals_per90,0.35,0.413,66.7
161922,Ansgar Knauff,traditional_9,Traditional No. 9,goals_per90,0.35,0.27,32.4
161948,Liam Delap,traditional_9,Traditional No. 9,goals_per90,0.35,0.079,4.3
162707,Elye Wahi,traditional_9,Traditional No. 9,goals_per90,0.35,0.468,74.4
162773,Ransford Yeboah Königsdörffer,traditional_9,Traditional No. 9,goals_per90,0.35,0.191,17.9
163004,Esteban Lepaul,traditional_9,Traditional No. 9,goals_per90,0.35,0.699,94.2
174565,Hugo Ekitiké,traditional_9,Traditional No. 9,goals_per90,0.35,0.547,84.1
174724,Frank Magri,traditional_9,Traditional No. 9,goals_per90,0.35,0.356,53.1
174915,Josué Casimir,traditional_9,Traditional No. 9,goals_per90,0.35,0.059,2.4
177807,Justin Njinmah,traditional_9,Traditional No. 9,goals_per90,0.35,0.23,25.6
178106,Marvin Pieringer,traditional_9,Traditional No. 9,goals_per90,0.35,0.218,24.2
178921,Andreas Hountondji,traditional_9,Traditional No. 9,goals_per90,0.35,0.332,47.3
180496,Georges Mikautadze,traditional_9,Traditional No. 9,goals_per90,0.35,0.549,85.0
185398,Isaac Romero,traditional_9,Traditional No. 9,goals_per90,0.35,0.24,28.5
188319,Kevin Carlos Omoruyi,traditional_9,Traditional No. 9,goals_per90,0.35,0.0,0.7
190686,Sékou Mara,traditional_9,Traditional No. 9,goals_per90,0.35,0.219,24.6
192032,Iván Romero,traditional_9,Traditional No. 9,goals_per90,0.35,0.275,34.3
195106,Rodrigo Muniz,traditional_9,Traditional No. 9,goals_per90,0.35,0.09,7.2
195512,Martín Satriano,traditional_9,Traditional No. 9,goals_per90,0.35,0.312,44.0
196156,Igor Thiago,traditional_9,Traditional No. 9,goals_per90,0.35,0.603,88.4
200139,Mohamed Amoura,traditional_9,Traditional No. 9,goals_per90,0.35,0.365,55.1
202501,Fisnik Asllani,traditional_9,Traditional No. 9,goals_per90,0.35,0.382,60.9
202696,Igor Matanović,traditional_9,Traditional No. 9,goals_per90,0.35,0.631,90.3
203040,Tim Lemperle,traditional_9,Traditional No. 9,goals_per90,0.35,0.368,58.0
236955,Amin Sarr,traditional_9,Traditional No. 9,goals_per90,0.35,0.0,0.7
263481,Lorenzo Colombo,traditional_9,Traditional No. 9,goals_per90,0.35,0.268,31.4
263699,Alieu Fadera,traditional_9,Traditional No. 9,goals_per90,0.35,0.184,16.4
264122,Nikola Štulić,traditional_9,Traditional No. 9,goals_per90,0.35,0.209,22.7
265363,Tiago Tomás,traditional_9,Traditional No. 9,goals_per90,0.35,0.433,69.1
269163,Williot Swedberg,traditional_9,Traditional No. 9,goals_per90,0.35,0.355,52.7
274312,Mohamed Ali Cho,traditional_9,Traditional No. 9,goals_per90,0.35,0.201,21.7
275651,Ange-Yoan Bonny,traditional_9,Traditional No. 9,goals_per90,0.35,0.389,62.8
279993,Anton Kade,traditional_9,Traditional No. 9,goals_per90,0.35,0.309,42.8
281408,Vitinha,traditional_9,Traditional No. 9,goals_per90,0.35,0.2,21.3
283026,Mika Biereth,traditional_9,Traditional No. 9,goals_per90,0.35,0.162,15.5
284072,Ahmadou Bamba Dieng,traditional_9,Traditional No. 9,goals_per90,0.35,0.738,97.1
286474,Matteo Cancellieri,traditional_9,Traditional No. 9,goals_per90,0.35,0.207,22.2
288006,Rasmus Højlund,traditional_9,Traditional No. 9,goals_per90,0.35,0.391,63.3
292172,Mateo Pellegrino,traditional_9,Traditional No. 9,goals_per90,0.35,0.271,32.9
311067,Santiago Castro,traditional_9,Traditional No. 9,goals_per90,0.35,0.266,30.9
312990,Roberto Fernández,traditional_9,Traditional No. 9,goals_per90,0.35,0.264,30.4
313059,Mateo Joseph,traditional_9,Traditional No. 9,goals_per90,0.35,0.105,9.2
320517,Pablo Durán,traditional_9,Traditional No. 9,goals_per90,0.35,0.126,12.1
321648,Emersonn,traditional_9,Traditional No. 9,goals_per90,0.35,0.359,54.1
326102,Rômulo,traditional_9,Traditional No. 9,goals_per90,0.35,0.368,57.5
331678,Henrik Wendel Meister,traditional_9,Traditional No. 9,goals_per90,0.35,0.119,11.1
336567,Semih Kılıçsoy,traditional_9,Traditional No. 9,goals_per90,0.35,0.366,56.5
336711,Gonzalo García,traditional_9,Traditional No. 9,goals_per90,0.35,0.547,83.6
342188,Dženan Pejčinović,traditional_9,Traditional No. 9,goals_per90,0.35,0.485,75.8
343202,Álvaro Rodriguez,traditional_9,Traditional No. 9,goals_per90,0.35,0.286,36.7
343684,Thierno Barry,traditional_9,Traditional No. 9,goals_per90,0.35,0.373,59.4
345808,Francesco Pio Esposito,traditional_9,Traditional No. 9,goals_per90,0.35,0.401,65.2
351587,Tani Oluwaseyi,traditional_9,Traditional No. 9,goals_per90,0.35,0.195,18.4
362741,Santiago Hidalgo,traditional_9,Traditional No. 9,goals_per90,0.35,0.275,33.8
368260,Gift Orban,traditional_9,Traditional No. 9,goals_per90,0.35,0.309,43.5
378284,Etta Eyong,traditional_9,Traditional No. 9,goals_per90,0.35,0.37,58.5
380873,Ilyas Ansah,traditional_9,Traditional No. 9,goals_per90,0.35,0.236,26.6
390742,Joaquin Panichelli,traditional_9,Traditional No. 9,goals_per90,0.35,0.656,92.3
394573,Adrian Liso,traditional_9,Traditional No. 9,goals_per90,0.35,0.157,14.5
419916,Conrad Harder,traditional_9,Traditional No. 9,goals_per90,0.35,0.294,38.2
421875,Sidiki Cherif,traditional_9,Traditional No. 9,goals_per90,0.35,0.309,42.8
432310,Said El Mala,traditional_9,Traditional No. 9,goals_per90,0.35,0.598,87.9
450497,Carlos Espí,traditional_9,Traditional No. 9,goals_per90,0.35,0.733,96.6
451504,Jeff Ekhator,traditional_9,Traditional No. 9,goals_per90,0.35,0.285,35.7
457541,Prosper Peter,traditional_9,Traditional No. 9,goals_per90,0.35,0.353,50.5
505295,Christian Kofane,traditional_9,Traditional No. 9,goals_per90,0.35,0.355,51.7
59,Álvaro Morata,traditional_9,Traditional No. 9,shot_accuracy_pct,0.25,42.105,15.7
85,Cyril Ngonge,traditional_9,Traditional No. 9,shot_accuracy_pct,0.25,53.333,51.2
120,Willem Geubbels,traditional_9,Traditional No. 9,shot_accuracy_pct,0.25,34.615,3.9
184,Harry Kane,traditional_9,Traditional No. 9,shot_accuracy_pct,0.25,73.626,96.6
217,Lautaro Martínez,traditional_9,Traditional No. 9,shot_accuracy_pct,0.25,56.522,67.9
249,Donyell Malen,traditional_9,Traditional No. 9,shot_accuracy_pct,0.25,57.143,70.0
269,Christopher Nkunku,traditional_9,Traditional No. 9,shot_accuracy_pct,0.25,66.667,90.8
421,Breel Embolo,traditional_9,Traditional No. 9,shot_accuracy_pct,0.25,50.0,40.3
512,Woo-Yeong Jeong,traditional_9,Traditional No. 9,shot_accuracy_pct,0.25,50.0,40.3
521,Robert Lewandowski,traditional_9,Traditional No. 9,shot_accuracy_pct,0.25,59.184,77.3
608,Lucas Boyé,traditional_9,Traditional No. 9,shot_accuracy_pct,0.25,44.681,23.7
794,Patrik Schick,traditional_9,Traditional No. 9,shot_accuracy_pct,0.25,57.627,72.0
877,Moise Kean,traditional_9,Traditional No. 9,shot_accuracy_pct,0.25,36.0,5.3
931,Ferran Torres,traditional_9,Traditional No. 9,shot_accuracy_pct,0.25,63.793,86.5
1100,Erling Haaland,traditional_9,Traditional No. 9,shot_accuracy_pct,0.25,57.843,72.5
1124,Oliver Burke,traditional_9,Traditional No. 9,shot_accuracy_pct,0.25,53.571,53.4
1135,Odsonne Édouard,traditional_9,Traditional No. 9,shot_accuracy_pct,0.25,63.265,83.6
1465,Pierre-Emerick Aubameyang,traditional_9,Traditional No. 9,shot_accuracy_pct,0.25,64.151,87.4
1469,Danny Welbeck,traditional_9,Traditional No. 9,shot_accuracy_pct,0.25,60.87,80.4
1863,Ciro Immobile,traditional_9,Traditional No. 9,shot_accuracy_pct,0.25,38.462,7.0
1945,Ally Samatta,traditional_9,Traditional No. 9,shot_accuracy_pct,0.25,45.714,27.5
2032,Jørgen Strand Larsen,traditional_9,Traditional No. 9,shot_accuracy_pct,0.25,41.176,12.8
2063,André Silva,traditional_9,Traditional No. 9,shot_accuracy_pct,0.25,69.048,92.8
2218,Ismaïla Sarr,traditional_9,Traditional No. 9,shot_accuracy_pct,0.25,56.757,68.6
2295,Olivier Giroud,traditional_9,Traditional No. 9,shot_accuracy_pct,0.25,44.444,22.9
2413,Richarlison,traditional_9,Traditional No. 9,shot_accuracy_pct,0.25,55.319,62.8
2461,Salomón Rondón,traditional_9,Traditional No. 9,shot_accuracy_pct,0.25,25.0,0.5
2495,Duván Zapata,traditional_9,Traditional No. 9,shot_accuracy_pct,0.25,62.5,82.6
2522,Antonio Sanabria,traditional_9,Traditional No. 9,shot_accuracy_pct,0.25,50.0,40.3
2668,Mostafa Mohamed,traditional_9,Traditional No. 9,shot_accuracy_pct,0.25,28.571,1.9
2887,Raúl Jiménez,traditional_9,Traditional No. 9,shot_accuracy_pct,0.25,35.849,4.8
2939,Callum Wilson,traditional_9,Traditional No. 9,shot_accuracy_pct,0.25,57.143,70.0
3430,Caleb Ekuban,traditional_9,Traditional No. 9,shot_accuracy_pct,0.25,41.667,14.3
6010,Lucas Beltrán,traditional_9,Traditional No. 9,shot_accuracy_pct,0.25,40.909,12.1
6490,Luis Vázquez,traditional_9,Traditional No. 9,shot_accuracy_pct,0.25,45.0,25.4
8492,Alexander Sørloth,traditional_9,Traditional No. 9,shot_accuracy_pct,0.25,63.636,85.5
9366,Igor Jesus,traditional_9,Traditional No. 9,shot_accuracy_pct,0.25,53.846,56.0
10329,João Pedro,traditional_9,Traditional No. 9,shot_accuracy_pct,0.25,53.846,56.0
13708,Jhon Arias,traditional_9,Traditional No. 9,shot_accuracy_pct,0.25,30.0,2.9
18766,Dominic Calvert-Lewin,traditional_9,Traditional No. 9,shot_accuracy_pct,0.25,51.515,46.1
18778,Harvey Barnes,traditional_9,Traditional No. 9,shot_accuracy_pct,0.25,53.846,56.0
18788,Jamie Vardy,traditional_9,Traditional No. 9,shot_accuracy_pct,0.25,63.636,85.5
18883,Dominic Solanke,traditional_9,Traditional No. 9,shot_accuracy_pct,0.25,78.571,98.6
18906,Ayoze Pérez,traditional_9,Traditional No. 9,shot_accuracy_pct,0.25,64.706,88.6
18931,Chris Wood,traditional_9,Traditional No. 9,shot_accuracy_pct,0.25,39.13,8.7
18979,Viktor Gyökeres,traditional_9,Traditional No. 9,shot_accuracy_pct,0.25,53.659,54.1
19185,Keinan Davis,traditional_9,Traditional No. 9,shot_accuracy_pct,0.25,65.789,89.4
19366,Ollie Watkins,traditional_9,Traditional No. 9,shot_accuracy_pct,0.25,63.333,84.1
19461,Lukas Nmecha,traditional_9,Traditional No. 9,shot_accuracy_pct,0.25,64.0,87.0
19484,Adam Armstrong,traditional_9,Traditional No. 9,shot_accuracy_pct,0.25,50.0,40.3
19524,Che Adams,traditional_9,Traditional No. 9,shot_accuracy_pct,0.25,51.429,45.4
19625,Danny Namaso,traditional_9,Traditional No. 9,shot_accuracy_pct,0.25,42.5,17.4
20534,Cheick Tidiane Sabaly,traditional_9,Traditional No. 9,shot_accuracy_pct,0.25,57.143,70.0
20535,Habibou Diallo,traditional_9,Traditional No. 9,shot_accuracy_pct,0.25,42.857,18.4
20780,Mathias Pereira Lage,traditional_9,Traditional No. 9,shot_accuracy_pct,0.25,50.0,40.3
20817,Goduine Koyalipou,traditional_9,Traditional No. 9,shot_accuracy_pct,0.25,56.522,67.9
20959,Matteo Tramoni,traditional_9,Traditional No. 9,shot_accuracy_pct,0.25,42.857,18.4
21104,Randal Kolo Muani,traditional_9,Traditional No. 9,shot_accuracy_pct,0.25,26.667,1.0
21393,Serhou Guirassy,traditional_9,Traditional No. 9,shot_accuracy_pct,0.25,56.338,66.7
21509,Marcus Thuram,traditional_9,Traditional No. 9,shot_accuracy_pct,0.25,51.786,46.9
22015,Boulaye Dia,traditional_9,Traditional No. 9,shot_accuracy_pct,0.25,87.5,100.0
22097,Arnaud Nordin,traditional_9,Traditional No. 9,shot_accuracy_pct,0.25,29.167,2.4
22236,Rafael Leão,traditional_9,Traditional No. 9,shot_accuracy_pct,0.25,53.333,51.2
22264,Ludovic Ajorque,traditional_9,Traditional No. 9,shot_accuracy_pct,0.25,38.636,8.2
24641,Budu Zivzivadze,traditional_9,Traditional No. 9,shot_accuracy_pct,0.25,60.87,80.4
24888,Hwang Hee-chan,traditional_9,Traditional No. 9,shot_accuracy_pct,0.25,40.0,10.1
25242,Marius Bülter,traditional_9,Traditional No. 9,shot_accuracy_pct,0.25,48.571,33.8
25297,Michael Gregoritsch,traditional_9,Traditional No. 9,shot_accuracy_pct,0.25,41.667,14.3
25391,Niclas Füllkrug,traditional_9,Traditional No. 9,shot_accuracy_pct,0.25,44.444,22.9
25926,Jonathan Burkardt,traditional_9,Traditional No. 9,shot_accuracy_pct,0.25,63.636,85.5
25927,Jean Philippe Mateta,traditional_9,Traditional No. 9,shot_accuracy_pct,0.25,57.143,70.0
26171,Phillip Tietz,traditional_9,Traditional No. 9,shot_accuracy_pct,0.25,53.333,51.2
26255,Lucas Höler,traditional_9,Traditional No. 9,shot_accuracy_pct,0.25,55.556,63.8
26475,Deniz Undav,traditional_9,Traditional No. 9,shot_accuracy_pct,0.25,51.111,44.9
26845,Anastasios Douvikas,traditional_9,Traditional No. 9,shot_accuracy_pct,0.25,61.224,81.2
28382,Haris Tabaković,traditional_9,Traditional No. 9,shot_accuracy_pct,0.25,52.941,49.0
30414,Giovanni Simeone,traditional_9,Traditional No. 9,shot_accuracy_pct,0.25,47.458,31.4
30415,Dušan Vlahović,traditional_9,Traditional No. 9,shot_accuracy_pct,0.25,47.368,30.7
30440,Roberto Piccoli,traditional_9,Traditional No. 9,shot_accuracy_pct,0.25,40.541,11.1
30544,Gianluca Scamacca,traditional_9,Traditional No. 9,shot_accuracy_pct,0.25,44.898,24.6
31094,Andrea Pinamonti,traditional_9,Traditional No. 9,shot_accuracy_pct,0.25,52.632,48.1
31318,M'bala Nzola,traditional_9,Traditional No. 9,shot_accuracy_pct,0.25,39.286,9.2
31406,Umar Sadiq,traditional_9,Traditional No. 9,shot_accuracy_pct,0.25,43.478,20.5
31436,Federico Bonazzoli,traditional_9,Traditional No. 9,shot_accuracy_pct,0.25,56.14,66.2
31499,Gennaro Borrelli,traditional_9,Traditional No. 9,shot_accuracy_pct,0.25,57.143,70.0
31560,Stefano Moreo,traditional_9,Traditional No. 9,shot_accuracy_pct,0.25,43.478,20.5
36927,Zian Flemming,traditional_9,Traditional No. 9,shot_accuracy_pct,0.25,55.263,62.1
37439,Ragnar Ache,traditional_9,Traditional No. 9,shot_accuracy_pct,0.25,56.41,67.1
37759,Martijn Kaars,traditional_9,Traditional No. 9,shot_accuracy_pct,0.25,66.667,90.8
37938,Sheraldo Becker,traditional_9,Traditional No. 9,shot_accuracy_pct,0.25,60.0,78.5
38750,Brian Brobbey,traditional_9,Traditional No. 9,shot_accuracy_pct,0.25,62.069,81.6
40594,Adam Buksa,traditional_9,Traditional No. 9,shot_accuracy_pct,0.25,75.0,97.1
41585,Gonçalo Ramos,traditional_9,Traditional No. 9,shot_accuracy_pct,0.25,55.556,63.8
42086,Youssef El Arabi,traditional_9,Traditional No. 9,shot_accuracy_pct,0.25,69.231,93.2
45892,Andrej Ilić,traditional_9,Traditional No. 9,shot_accuracy_pct,0.25,44.828,24.2
46746,Ante Budimir,traditional_9,Traditional No. 9,shot_accuracy_pct,0.25,46.591,29.5
46930,Ermedin Demirović,traditional_9,Traditional No. 9,shot_accuracy_pct,0.25,64.706,88.6
47013,Rafa Mir,traditional_9,Traditional No. 9,shot_accuracy_pct,0.25,58.065,74.2
47181,Toni Martínez,traditional_9,Traditional No. 9,shot_accuracy_pct,0.25,47.368,30.7
47264,Hugo Duro,traditional_9,Traditional No. 9,shot_accuracy_pct,0.25,46.667,30.0
47291,Gorka Guruzeta,traditional_9,Traditional No. 9,shot_accuracy_pct,0.25,49.231,36.2
47323,Mikel Oyarzabal,traditional_9,Traditional No. 9,shot_accuracy_pct,0.25,58.065,74.2
47348,Borja Iglesias,traditional_9,Traditional No. 9,shot_accuracy_pct,0.25,68.421,92.3
47396,Kike García,traditional_9,Traditional No. 9,shot_accuracy_pct,0.25,54.0,57.5
47472,Borja Mayoral,traditional_9,Traditional No. 9,shot_accuracy_pct,0.25,70.0,94.4
47582,Cucho Hernández,traditional_9,Traditional No. 9,shot_accuracy_pct,0.25,40.299,10.6
50048,Vedat Muriqi,traditional_9,Traditional No. 9,shot_accuracy_pct,0.25,53.763,54.6
50739,Brenden Aaronson,traditional_9,Traditional No. 9,shot_accuracy_pct,0.25,58.621,76.3
50856,Valentín Castellanos,traditional_9,Traditional No. 9,shot_accuracy_pct,0.25,53.571,53.4
51530,Federico Viñas,traditional_9,Traditional No. 9,shot_accuracy_pct,0.25,43.75,21.3
57446,Akor Adams,traditional_9,Traditional No. 9,shot_accuracy_pct,0.25,62.5,82.6
66387,Pavel Šulc,traditional_9,Traditional No. 9,shot_accuracy_pct,0.25,58.065,74.2
66817,Nikola Krstović,traditional_9,Traditional No. 9,shot_accuracy_pct,0.25,45.333,27.1
72457,Aiyegun Tosin,traditional_9,Traditional No. 9,shot_accuracy_pct,0.25,48.0,32.4
84087,Wilson Isidor,traditional_9,Traditional No. 9,shot_accuracy_pct,0.25,54.839,60.4
90590,Georginio Rutter,traditional_9,Traditional No. 9,shot_accuracy_pct,0.25,50.0,40.3
90617,Lassine Sinayoko,traditional_9,Traditional No. 9,shot_accuracy_pct,0.25,55.882,65.0
91745,Alemão,traditional_9,Traditional No. 9,shot_accuracy_pct,0.25,60.0,78.5
98936,Lyle Foster,traditional_9,Traditional No. 9,shot_accuracy_pct,0.25,46.154,28.7
106851,Shuto Machino,traditional_9,Traditional No. 9,shot_accuracy_pct,0.25,55.0,61.4
110153,Tolu Arokodare,traditional_9,Traditional No. 9,shot_accuracy_pct,0.25,42.105,15.7
115589,Benjamin Šeško,traditional_9,Traditional No. 9,shot_accuracy_pct,0.25,66.667,90.8
122734,Ferran Jutglà,traditional_9,Traditional No. 9,shot_accuracy_pct,0.25,63.415,84.5
125743,Beto,traditional_9,Traditional No. 9,shot_accuracy_pct,0.25,53.125,49.8
126690,Kieron Bowie,traditional_9,Traditional No. 9,shot_accuracy_pct,0.25,44.0,22.0
127769,Gabriel Martinelli,traditional_9,Traditional No. 9,shot_accuracy_pct,0.25,59.091,76.8
128478,Walid Cheddira,traditional_9,Traditional No. 9,shot_accuracy_pct,0.25,54.545,59.4
128582,Jorge de Frutos,traditional_9,Traditional No. 9,shot_accuracy_pct,0.25,54.902,60.9
129693,Rayan Philippe,traditional_9,Traditional No. 9,shot_accuracy_pct,0.25,53.333,51.2
129711,Brennan Johnson,traditional_9,Traditional No. 9,shot_accuracy_pct,0.25,31.25,3.4
133729,Tijjani Noslin,traditional_9,Traditional No. 9,shot_accuracy_pct,0.25,43.333,19.6
137303,Evann Guessand,traditional_9,Traditional No. 9,shot_accuracy_pct,0.25,60.0,78.5
138776,Largie Ramazani,traditional_9,Traditional No. 9,shot_accuracy_pct,0.25,55.882,65.0
138835,Folarin Balogun,traditional_9,Traditional No. 9,shot_accuracy_pct,0.25,53.333,51.2
144319,Sambou Soumano,traditional_9,Traditional No. 9,shot_accuracy_pct,0.25,52.632,48.1
146751,Raúl García de Haro,traditional_9,Traditional No. 9,shot_accuracy_pct,0.25,69.697,93.7
147831,Arnaud Kalimuendo,traditional_9,Traditional No. 9,shot_accuracy_pct,0.25,85.0,99.5
152856,Evanilson,traditional_9,Traditional No. 9,shot_accuracy_pct,0.25,38.596,7.7
156465,Issa Soumaré,traditional_9,Traditional No. 9,shot_accuracy_pct,0.25,41.176,12.8
158054,Nick Woltemade,traditional_9,Traditional No. 9,shot_accuracy_pct,0.25,54.167,58.0
158644,Maximilian Beier,traditional_9,Traditional No. 9,shot_accuracy_pct,0.25,55.556,63.8
161622,Matthis Abline,traditional_9,Traditional No. 9,shot_accuracy_pct,0.25,41.818,15.0
161670,Vladyslav Vanat,traditional_9,Traditional No. 9,shot_accuracy_pct,0.25,81.818,99.0
161922,Ansgar Knauff,traditional_9,Traditional No. 9,shot_accuracy_pct,0.25,66.667,90.8
161948,Liam Delap,traditional_9,Traditional No. 9,shot_accuracy_pct,0.25,42.308,16.4
162707,Elye Wahi,traditional_9,Traditional No. 9,shot_accuracy_pct,0.25,76.667,98.1
162773,Ransford Yeboah Königsdörffer,traditional_9,Traditional No. 9,shot_accuracy_pct,0.25,44.0,22.0
163004,Esteban Lepaul,traditional_9,Traditional No. 9,shot_accuracy_pct,0.25,57.353,71.5
174565,Hugo Ekitiké,traditional_9,Traditional No. 9,shot_accuracy_pct,0.25,39.583,9.7
174724,Frank Magri,traditional_9,Traditional No. 9,shot_accuracy_pct,0.25,48.0,32.4
174915,Josué Casimir,traditional_9,Traditional No. 9,shot_accuracy_pct,0.25,70.588,95.4
177807,Justin Njinmah,traditional_9,Traditional No. 9,shot_accuracy_pct,0.25,48.936,35.3
178106,Marvin Pieringer,traditional_9,Traditional No. 9,shot_accuracy_pct,0.25,27.586,1.4
178921,Andreas Hountondji,traditional_9,Traditional No. 9,shot_accuracy_pct,0.25,76.471,97.6
180496,Georges Mikautadze,traditional_9,Traditional No. 9,shot_accuracy_pct,0.25,58.065,74.2
185398,Isaac Romero,traditional_9,Traditional No. 9,shot_accuracy_pct,0.25,42.424,16.9
188319,Kevin Carlos Omoruyi,traditional_9,Traditional No. 9,shot_accuracy_pct,0.25,53.846,56.0
190686,Sékou Mara,traditional_9,Traditional No. 9,shot_accuracy_pct,0.25,50.0,40.3
192032,Iván Romero,traditional_9,Traditional No. 9,shot_accuracy_pct,0.25,45.0,25.4
195106,Rodrigo Muniz,traditional_9,Traditional No. 9,shot_accuracy_pct,0.25,23.81,0.0
195512,Martín Satriano,traditional_9,Traditional No. 9,shot_accuracy_pct,0.25,52.5,47.3
196156,Igor Thiago,traditional_9,Traditional No. 9,shot_accuracy_pct,0.25,64.179,87.9
200139,Mohamed Amoura,traditional_9,Traditional No. 9,shot_accuracy_pct,0.25,38.0,6.3
202501,Fisnik Asllani,traditional_9,Traditional No. 9,shot_accuracy_pct,0.25,48.276,33.3
202696,Igor Matanović,traditional_9,Traditional No. 9,shot_accuracy_pct,0.25,50.0,40.3
203040,Tim Lemperle,traditional_9,Traditional No. 9,shot_accuracy_pct,0.25,50.0,40.3
236955,Amin Sarr,traditional_9,Traditional No. 9,shot_accuracy_pct,0.25,46.154,28.7
263481,Lorenzo Colombo,traditional_9,Traditional No. 9,shot_accuracy_pct,0.25,50.943,44.4
263699,Alieu Fadera,traditional_9,Traditional No. 9,shot_accuracy_pct,0.25,50.0,40.3
264122,Nikola Štulić,traditional_9,Traditional No. 9,shot_accuracy_pct,0.25,42.857,18.4
265363,Tiago Tomás,traditional_9,Traditional No. 9,shot_accuracy_pct,0.25,38.462,7.0
269163,Williot Swedberg,traditional_9,Traditional No. 9,shot_accuracy_pct,0.25,70.588,95.4
274312,Mohamed Ali Cho,traditional_9,Traditional No. 9,shot_accuracy_pct,0.25,56.0,65.7
275651,Ange-Yoan Bonny,traditional_9,Traditional No. 9,shot_accuracy_pct,0.25,52.941,49.0
279993,Anton Kade,traditional_9,Traditional No. 9,shot_accuracy_pct,0.25,55.263,62.1
281408,Vitinha,traditional_9,Traditional No. 9,shot_accuracy_pct,0.25,48.78,34.8
283026,Mika Biereth,traditional_9,Traditional No. 9,shot_accuracy_pct,0.25,58.333,75.4
284072,Ahmadou Bamba Dieng,traditional_9,Traditional No. 9,shot_accuracy_pct,0.25,58.537,75.8
286474,Matteo Cancellieri,traditional_9,Traditional No. 9,shot_accuracy_pct,0.25,51.515,46.1
288006,Rasmus Højlund,traditional_9,Traditional No. 9,shot_accuracy_pct,0.25,54.348,58.5
292172,Mateo Pellegrino,traditional_9,Traditional No. 9,shot_accuracy_pct,0.25,41.509,13.5
311067,Santiago Castro,traditional_9,Traditional No. 9,shot_accuracy_pct,0.25,40.816,11.6
312990,Roberto Fernández,traditional_9,Traditional No. 9,shot_accuracy_pct,0.25,50.0,40.3
313059,Mateo Joseph,traditional_9,Traditional No. 9,shot_accuracy_pct,0.25,50.0,40.3
320517,Pablo Durán,traditional_9,Traditional No. 9,shot_accuracy_pct,0.25,60.0,78.5
321648,Emersonn,traditional_9,Traditional No. 9,shot_accuracy_pct,0.25,45.238,26.6
326102,Rômulo,traditional_9,Traditional No. 9,shot_accuracy_pct,0.25,50.0,40.3
331678,Henrik Wendel Meister,traditional_9,Traditional No. 9,shot_accuracy_pct,0.25,50.0,40.3
336567,Semih Kılıçsoy,traditional_9,Traditional No. 9,shot_accuracy_pct,0.25,72.727,96.1
336711,Gonzalo García,traditional_9,Traditional No. 9,shot_accuracy_pct,0.25,57.895,72.9
342188,Dženan Pejčinović,traditional_9,Traditional No. 9,shot_accuracy_pct,0.25,54.545,59.4
343202,Álvaro Rodriguez,traditional_9,Traditional No. 9,shot_accuracy_pct,0.25,37.5,5.8
343684,Thierno Barry,traditional_9,Traditional No. 9,shot_accuracy_pct,0.25,45.161,26.1
345808,Francesco Pio Esposito,traditional_9,Traditional No. 9,shot_accuracy_pct,0.25,53.488,52.7
351587,Tani Oluwaseyi,traditional_9,Traditional No. 9,shot_accuracy_pct,0.25,53.846,56.0
362741,Santiago Hidalgo,traditional_9,Traditional No. 9,shot_accuracy_pct,0.25,50.0,40.3
368260,Gift Orban,traditional_9,Traditional No. 9,shot_accuracy_pct,0.25,45.902,28.0
378284,Etta Eyong,traditional_9,Traditional No. 9,shot_accuracy_pct,0.25,54.545,59.4
380873,Ilyas Ansah,traditional_9,Traditional No. 9,shot_accuracy_pct,0.25,48.0,32.4
390742,Joaquin Panichelli,traditional_9,Traditional No. 9,shot_accuracy_pct,0.25,60.784,79.7
394573,Adrian Liso,traditional_9,Traditional No. 9,shot_accuracy_pct,0.25,62.5,82.6
419916,Conrad Harder,traditional_9,Traditional No. 9,shot_accuracy_pct,0.25,43.333,19.6
421875,Sidiki Cherif,traditional_9,Traditional No. 9,shot_accuracy_pct,0.25,66.667,90.8
432310,Said El Mala,traditional_9,Traditional No. 9,shot_accuracy_pct,0.25,49.18,35.7
450497,Carlos Espí,traditional_9,Traditional No. 9,shot_accuracy_pct,0.25,50.0,40.3
451504,Jeff Ekhator,traditional_9,Traditional No. 9,shot_accuracy_pct,0.25,35.714,4.3
457541,Prosper Peter,traditional_9,Traditional No. 9,shot_accuracy_pct,0.25,70.0,94.4
505295,Christian Kofane,traditional_9,Traditional No. 9,shot_accuracy_pct,0.25,48.718,34.3
59,Álvaro Morata,traditional_9,Traditional No. 9,shots_total_per90,0.2,1.835,45.4
85,Cyril Ngonge,traditional_9,Traditional No. 9,shots_total_per90,0.2,1.876,49.3
120,Willem Geubbels,traditional_9,Traditional No. 9,shots_total_per90,0.2,2.296,76.8
184,Harry Kane,traditional_9,Traditional No. 9,shots_total_per90,0.2,3.438,98.6
217,Lautaro Martínez,traditional_9,Traditional No. 9,shots_total_per90,0.2,2.851,93.7
249,Donyell Malen,traditional_9,Traditional No. 9,shots_total_per90,0.2,2.919,94.2
269,Christopher Nkunku,traditional_9,Traditional No. 9,shots_total_per90,0.2,1.569,30.9
421,Breel Embolo,traditional_9,Traditional No. 9,shots_total_per90,0.2,1.731,38.4
512,Woo-Yeong Jeong,traditional_9,Traditional No. 9,shots_total_per90,0.2,1.194,14.0
521,Robert Lewandowski,traditional_9,Traditional No. 9,shots_total_per90,0.2,2.661,88.9
608,Lucas Boyé,traditional_9,Traditional No. 9,shots_total_per90,0.2,2.159,66.7
794,Patrik Schick,traditional_9,Traditional No. 9,shots_total_per90,0.2,2.662,89.4
877,Moise Kean,traditional_9,Traditional No. 9,shots_total_per90,0.2,3.298,97.6
931,Ferran Torres,traditional_9,Traditional No. 9,shots_total_per90,0.2,2.631,87.9
1100,Erling Haaland,traditional_9,Traditional No. 9,shots_total_per90,0.2,3.103,96.6
1124,Oliver Burke,traditional_9,Traditional No. 9,shots_total_per90,0.2,1.49,27.1
1135,Odsonne Édouard,traditional_9,Traditional No. 9,shots_total_per90,0.2,2.415,83.1
1465,Pierre-Emerick Aubameyang,traditional_9,Traditional No. 9,shots_total_per90,0.2,2.331,79.2
1469,Danny Welbeck,traditional_9,Traditional No. 9,shots_total_per90,0.2,1.825,44.9
1863,Ciro Immobile,traditional_9,Traditional No. 9,shots_total_per90,0.2,1.297,16.9
1945,Ally Samatta,traditional_9,Traditional No. 9,shots_total_per90,0.2,2.032,59.9
2032,Jørgen Strand Larsen,traditional_9,Traditional No. 9,shots_total_per90,0.2,1.321,18.4
2063,André Silva,traditional_9,Traditional No. 9,shots_total_per90,0.2,2.033,60.9
2218,Ismaïla Sarr,traditional_9,Traditional No. 9,shots_total_per90,0.2,1.53,29.0
2295,Olivier Giroud,traditional_9,Traditional No. 9,shots_total_per90,0.2,1.996,57.0
2413,Richarlison,traditional_9,Traditional No. 9,shots_total_per90,0.2,2.161,67.6
2461,Salomón Rondón,traditional_9,Traditional No. 9,shots_total_per90,0.2,1.736,39.6
2495,Duván Zapata,traditional_9,Traditional No. 9,shots_total_per90,0.2,1.92,52.2
2522,Antonio Sanabria,traditional_9,Traditional No. 9,shots_total_per90,0.2,0.766,1.4
2668,Mostafa Mohamed,traditional_9,Traditional No. 9,shots_total_per90,0.2,2.152,66.2
2887,Raúl Jiménez,traditional_9,Traditional No. 9,shots_total_per90,0.2,2.161,67.1
2939,Callum Wilson,traditional_9,Traditional No. 9,shots_total_per90,0.2,1.997,57.5
3430,Caleb Ekuban,traditional_9,Traditional No. 9,shots_total_per90,0.2,2.191,70.0
6010,Lucas Beltrán,traditional_9,Traditional No. 9,shots_total_per90,0.2,1.449,25.6
6490,Luis Vázquez,traditional_9,Traditional No. 9,shots_total_per90,0.2,1.495,27.5
8492,Alexander Sørloth,traditional_9,Traditional No. 9,shots_total_per90,0.2,2.499,85.5
9366,Igor Jesus,traditional_9,Traditional No. 9,shots_total_per90,0.2,1.513,28.5
10329,João Pedro,traditional_9,Traditional No. 9,shots_total_per90,0.2,1.75,40.1
13708,Jhon Arias,traditional_9,Traditional No. 9,shots_total_per90,0.2,0.803,2.4
18766,Dominic Calvert-Lewin,traditional_9,Traditional No. 9,shots_total_per90,0.2,2.179,69.6
18778,Harvey Barnes,traditional_9,Traditional No. 9,shots_total_per90,0.2,1.79,43.5
18788,Jamie Vardy,traditional_9,Traditional No. 9,shots_total_per90,0.2,0.94,5.8
18883,Dominic Solanke,traditional_9,Traditional No. 9,shots_total_per90,0.2,1.26,15.9
18906,Ayoze Pérez,traditional_9,Traditional No. 9,shots_total_per90,0.2,1.358,21.3
18931,Chris Wood,traditional_9,Traditional No. 9,shots_total_per90,0.2,2.285,75.8
18979,Viktor Gyökeres,traditional_9,Traditional No. 9,shots_total_per90,0.2,1.637,34.5
19185,Keinan Davis,traditional_9,Traditional No. 9,shots_total_per90,0.2,1.645,35.3
19366,Ollie Watkins,traditional_9,Traditional No. 9,shots_total_per90,0.2,1.893,50.2
19461,Lukas Nmecha,traditional_9,Traditional No. 9,shots_total_per90,0.2,2.06,62.8
19484,Adam Armstrong,traditional_9,Traditional No. 9,shots_total_per90,0.2,0.942,6.3
19524,Che Adams,traditional_9,Traditional No. 9,shots_total_per90,0.2,1.661,37.2
19625,Danny Namaso,traditional_9,Traditional No. 9,shots_total_per90,0.2,1.426,24.6
20534,Cheick Tidiane Sabaly,traditional_9,Traditional No. 9,shots_total_per90,0.2,0.645,0.5
20535,Habibou Diallo,traditional_9,Traditional No. 9,shots_total_per90,0.2,1.319,17.9
20780,Mathias Pereira Lage,traditional_9,Traditional No. 9,shots_total_per90,0.2,1.33,19.8
20817,Goduine Koyalipou,traditional_9,Traditional No. 9,shots_total_per90,0.2,2.265,73.9
20959,Matteo Tramoni,traditional_9,Traditional No. 9,shots_total_per90,0.2,1.17,12.1
21104,Randal Kolo Muani,traditional_9,Traditional No. 9,shots_total_per90,0.2,0.808,2.9
21393,Serhou Guirassy,traditional_9,Traditional No. 9,shots_total_per90,0.2,2.721,91.3
21509,Marcus Thuram,traditional_9,Traditional No. 9,shots_total_per90,0.2,2.635,88.4
22015,Boulaye Dia,traditional_9,Traditional No. 9,shots_total_per90,0.2,0.573,0.0
22097,Arnaud Nordin,traditional_9,Traditional No. 9,shots_total_per90,0.2,2.063,63.3
22236,Rafael Leão,traditional_9,Traditional No. 9,shots_total_per90,0.2,2.179,69.1
22264,Ludovic Ajorque,traditional_9,Traditional No. 9,shots_total_per90,0.2,1.403,22.7
24641,Budu Zivzivadze,traditional_9,Traditional No. 9,shots_total_per90,0.2,1.806,44.4
24888,Hwang Hee-chan,traditional_9,Traditional No. 9,shots_total_per90,0.2,0.924,5.3
25242,Marius Bülter,traditional_9,Traditional No. 9,shots_total_per90,0.2,1.961,55.1
25297,Michael Gregoritsch,traditional_9,Traditional No. 9,shots_total_per90,0.2,2.33,78.7
25391,Niclas Füllkrug,traditional_9,Traditional No. 9,shots_total_per90,0.2,1.536,29.5
25926,Jonathan Burkardt,traditional_9,Traditional No. 9,shots_total_per90,0.2,2.216,72.0
25927,Jean Philippe Mateta,traditional_9,Traditional No. 9,shots_total_per90,0.2,2.268,74.9
26171,Phillip Tietz,traditional_9,Traditional No. 9,shots_total_per90,0.2,2.241,72.9
26255,Lucas Höler,traditional_9,Traditional No. 9,shots_total_per90,0.2,1.177,12.6
26475,Deniz Undav,traditional_9,Traditional No. 9,shots_total_per90,0.2,3.605,99.5
26845,Anastasios Douvikas,traditional_9,Traditional No. 9,shots_total_per90,0.2,1.936,53.1
28382,Haris Tabaković,traditional_9,Traditional No. 9,shots_total_per90,0.2,1.917,51.7
30414,Giovanni Simeone,traditional_9,Traditional No. 9,shots_total_per90,0.2,2.365,79.7
30415,Dušan Vlahović,traditional_9,Traditional No. 9,shots_total_per90,0.2,3.504,99.0
30440,Roberto Piccoli,traditional_9,Traditional No. 9,shots_total_per90,0.2,1.961,54.6
30544,Gianluca Scamacca,traditional_9,Traditional No. 9,shots_total_per90,0.2,3.343,98.1
31094,Andrea Pinamonti,traditional_9,Traditional No. 9,shots_total_per90,0.2,1.991,56.5
31318,M'bala Nzola,traditional_9,Traditional No. 9,shots_total_per90,0.2,1.658,36.2
31406,Umar Sadiq,traditional_9,Traditional No. 9,shots_total_per90,0.2,1.951,53.6
31436,Federico Bonazzoli,traditional_9,Traditional No. 9,shots_total_per90,0.2,2.032,60.4
31499,Gennaro Borrelli,traditional_9,Traditional No. 9,shots_total_per90,0.2,1.485,26.6
31560,Stefano Moreo,traditional_9,Traditional No. 9,shots_total_per90,0.2,1.784,42.5
36927,Zian Flemming,traditional_9,Traditional No. 9,shots_total_per90,0.2,1.892,49.8
37439,Ragnar Ache,traditional_9,Traditional No. 9,shots_total_per90,0.2,2.036,61.4
37759,Martijn Kaars,traditional_9,Traditional No. 9,shots_total_per90,0.2,0.987,8.2
37938,Sheraldo Becker,traditional_9,Traditional No. 9,shots_total_per90,0.2,2.002,58.0
38750,Brian Brobbey,traditional_9,Traditional No. 9,shots_total_per90,0.2,1.343,20.3
40594,Adam Buksa,traditional_9,Traditional No. 9,shots_total_per90,0.2,0.778,1.9
41585,Gonçalo Ramos,traditional_9,Traditional No. 9,shots_total_per90,0.2,3.068,95.7
42086,Youssef El Arabi,traditional_9,Traditional No. 9,shots_total_per90,0.2,1.195,14.5
45892,Andrej Ilić,traditional_9,Traditional No. 9,shots_total_per90,0.2,2.314,77.3
46746,Ante Budimir,traditional_9,Traditional No. 9,shots_total_per90,0.2,2.682,90.3
46930,Ermedin Demirović,traditional_9,Traditional No. 9,shots_total_per90,0.2,2.032,59.4
47013,Rafa Mir,traditional_9,Traditional No. 9,shots_total_per90,0.2,3.074,96.1
47181,Toni Martínez,traditional_9,Traditional No. 9,shots_total_per90,0.2,2.51,86.0
47264,Hugo Duro,traditional_9,Traditional No. 9,shots_total_per90,0.2,1.357,20.8
47291,Gorka Guruzeta,traditional_9,Traditional No. 9,shots_total_per90,0.2,2.467,85.0
47323,Mikel Oyarzabal,traditional_9,Traditional No. 9,shots_total_per90,0.2,2.056,62.3
47348,Borja Iglesias,traditional_9,Traditional No. 9,shots_total_per90,0.2,1.797,44.0
47396,Kike García,traditional_9,Traditional No. 9,shots_total_per90,0.2,2.573,87.0
47472,Borja Mayoral,traditional_9,Traditional No. 9,shots_total_per90,0.2,0.843,4.3
47582,Cucho Hernández,traditional_9,Traditional No. 9,shots_total_per90,0.2,2.326,78.3
50048,Vedat Muriqi,traditional_9,Traditional No. 9,shots_total_per90,0.2,2.671,89.9
50739,Brenden Aaronson,traditional_9,Traditional No. 9,shots_total_per90,0.2,1.055,10.1
50856,Valentín Castellanos,traditional_9,Traditional No. 9,shots_total_per90,0.2,2.413,82.6
51530,Federico Viñas,traditional_9,Traditional No. 9,shots_total_per90,0.2,1.763,41.1
57446,Akor Adams,traditional_9,Traditional No. 9,shots_total_per90,0.2,2.087,64.3
66387,Pavel Šulc,traditional_9,Traditional No. 9,shots_total_per90,0.2,1.779,41.5
66817,Nikola Krstović,traditional_9,Traditional No. 9,shots_total_per90,0.2,3.779,100.0
72457,Aiyegun Tosin,traditional_9,Traditional No. 9,shots_total_per90,0.2,2.107,65.7
84087,Wilson Isidor,traditional_9,Traditional No. 9,shots_total_per90,0.2,2.379,81.2
90590,Georginio Rutter,traditional_9,Traditional No. 9,shots_total_per90,0.2,1.397,22.2
90617,Lassine Sinayoko,traditional_9,Traditional No. 9,shots_total_per90,0.2,2.201,70.5
91745,Alemão,traditional_9,Traditional No. 9,shots_total_per90,0.2,1.567,30.4
98936,Lyle Foster,traditional_9,Traditional No. 9,shots_total_per90,0.2,0.853,4.8
106851,Shuto Machino,traditional_9,Traditional No. 9,shots_total_per90,0.2,1.661,36.7
110153,Tolu Arokodare,traditional_9,Traditional No. 9,shots_total_per90,0.2,2.378,80.7
115589,Benjamin Šeško,traditional_9,Traditional No. 9,shots_total_per90,0.2,2.806,92.8
122734,Ferran Jutglà,traditional_9,Traditional No. 9,shots_total_per90,0.2,2.211,71.5
125743,Beto,traditional_9,Traditional No. 9,shots_total_per90,0.2,1.784,43.0
126690,Kieron Bowie,traditional_9,Traditional No. 9,shots_total_per90,0.2,1.869,48.8
127769,Gabriel Martinelli,traditional_9,Traditional No. 9,shots_total_per90,0.2,1.835,45.9
128478,Walid Cheddira,traditional_9,Traditional No. 9,shots_total_per90,0.2,1.588,32.9
128582,Jorge de Frutos,traditional_9,Traditional No. 9,shots_total_per90,0.2,1.849,47.3
129693,Rayan Philippe,traditional_9,Traditional No. 9,shots_total_per90,0.2,2.09,64.7
129711,Brennan Johnson,traditional_9,Traditional No. 9,shots_total_per90,0.2,0.822,3.4
133729,Tijjani Noslin,traditional_9,Traditional No. 9,shots_total_per90,0.2,2.286,76.3
137303,Evann Guessand,traditional_9,Traditional No. 9,shots_total_per90,0.2,0.965,7.2
138776,Largie Ramazani,traditional_9,Traditional No. 9,shots_total_per90,0.2,2.448,84.1
138835,Folarin Balogun,traditional_9,Traditional No. 9,shots_total_per90,0.2,2.405,82.1
144319,Sambou Soumano,traditional_9,Traditional No. 9,shots_total_per90,0.2,1.845,46.9
146751,Raúl García de Haro,traditional_9,Traditional No. 9,shots_total_per90,0.2,2.85,93.2
147831,Arnaud Kalimuendo,traditional_9,Traditional No. 9,shots_total_per90,0.2,1.179,13.5
152856,Evanilson,traditional_9,Traditional No. 9,shots_total_per90,0.2,1.859,47.8
156465,Issa Soumaré,traditional_9,Traditional No. 9,shots_total_per90,0.2,2.075,63.8
158054,Nick Woltemade,traditional_9,Traditional No. 9,shots_total_per90,0.2,1.065,10.6
158644,Maximilian Beier,traditional_9,Traditional No. 9,shots_total_per90,0.2,1.591,33.3
161622,Matthis Abline,traditional_9,Traditional No. 9,shots_total_per90,0.2,1.982,55.6
161670,Vladyslav Vanat,traditional_9,Traditional No. 9,shots_total_per90,0.2,1.01,9.7
161922,Ansgar Knauff,traditional_9,Traditional No. 9,shots_total_per90,0.2,1.419,24.2
161948,Liam Delap,traditional_9,Traditional No. 9,shots_total_per90,0.2,2.054,61.8
162707,Elye Wahi,traditional_9,Traditional No. 9,shots_total_per90,0.2,2.007,58.5
162773,Ransford Yeboah Königsdörffer,traditional_9,Traditional No. 9,shots_total_per90,0.2,1.907,51.2
163004,Esteban Lepaul,traditional_9,Traditional No. 9,shots_total_per90,0.2,2.265,74.4
174565,Hugo Ekitiké,traditional_9,Traditional No. 9,shots_total_per90,0.2,2.387,81.6
174724,Frank Magri,traditional_9,Traditional No. 9,shots_total_per90,0.2,1.78,42.0
174915,Josué Casimir,traditional_9,Traditional No. 9,shots_total_per90,0.2,0.999,8.7
177807,Justin Njinmah,traditional_9,Traditional No. 9,shots_total_per90,0.2,2.164,68.1
178106,Marvin Pieringer,traditional_9,Traditional No. 9,shots_total_per90,0.2,1.579,32.4
178921,Andreas Hountondji,traditional_9,Traditional No. 9,shots_total_per90,0.2,1.411,23.2
180496,Georges Mikautadze,traditional_9,Traditional No. 9,shots_total_per90,0.2,2.43,83.6
185398,Isaac Romero,traditional_9,Traditional No. 9,shots_total_per90,0.2,1.983,56.0
188319,Kevin Carlos Omoruyi,traditional_9,Traditional No. 9,shots_total_per90,0.2,1.299,17.4
190686,Sékou Mara,traditional_9,Traditional No. 9,shots_total_per90,0.2,1.75,40.6
192032,Iván Romero,traditional_9,Traditional No. 9,shots_total_per90,0.2,1.574,31.9
195106,Rodrigo Muniz,traditional_9,Traditional No. 9,shots_total_per90,0.2,1.896,50.7
195512,Martín Satriano,traditional_9,Traditional No. 9,shots_total_per90,0.2,1.56,30.0
196156,Igor Thiago,traditional_9,Traditional No. 9,shots_total_per90,0.2,1.836,46.4
200139,Mohamed Amoura,traditional_9,Traditional No. 9,shots_total_per90,0.2,2.278,75.4
202501,Fisnik Asllani,traditional_9,Traditional No. 9,shots_total_per90,0.2,2.218,72.5
202696,Igor Matanović,traditional_9,Traditional No. 9,shots_total_per90,0.2,2.178,68.6
203040,Tim Lemperle,traditional_9,Traditional No. 9,shots_total_per90,0.2,1.93,52.7
236955,Amin Sarr,traditional_9,Traditional No. 9,shots_total_per90,0.2,1.076,11.1
263481,Lorenzo Colombo,traditional_9,Traditional No. 9,shots_total_per90,0.2,2.027,58.9
263699,Alieu Fadera,traditional_9,Traditional No. 9,shots_total_per90,0.2,0.735,1.0
264122,Nikola Štulić,traditional_9,Traditional No. 9,shots_total_per90,0.2,1.096,11.6
265363,Tiago Tomás,traditional_9,Traditional No. 9,shots_total_per90,0.2,2.252,73.4
269163,Williot Swedberg,traditional_9,Traditional No. 9,shots_total_per90,0.2,1.207,15.0
274312,Mohamed Ali Cho,traditional_9,Traditional No. 9,shots_total_per90,0.2,1.258,15.5
275651,Ange-Yoan Bonny,traditional_9,Traditional No. 9,shots_total_per90,0.2,1.324,18.8
279993,Anton Kade,traditional_9,Traditional No. 9,shots_total_per90,0.2,1.959,54.1
281408,Vitinha,traditional_9,Traditional No. 9,shots_total_per90,0.2,1.637,34.5
283026,Mika Biereth,traditional_9,Traditional No. 9,shots_total_per90,0.2,0.975,7.7
284072,Ahmadou Bamba Dieng,traditional_9,Traditional No. 9,shots_total_per90,0.2,3.025,95.2
286474,Matteo Cancellieri,traditional_9,Traditional No. 9,shots_total_per90,0.2,1.708,37.7
288006,Rasmus Højlund,traditional_9,Traditional No. 9,shots_total_per90,0.2,1.499,28.0
292172,Mateo Pellegrino,traditional_9,Traditional No. 9,shots_total_per90,0.2,1.595,33.8
311067,Santiago Castro,traditional_9,Traditional No. 9,shots_total_per90,0.2,1.865,48.3
312990,Roberto Fernández,traditional_9,Traditional No. 9,shots_total_per90,0.2,1.734,39.1
313059,Mateo Joseph,traditional_9,Traditional No. 9,shots_total_per90,0.2,1.474,26.1
320517,Pablo Durán,traditional_9,Traditional No. 9,shots_total_per90,0.2,1.571,31.4
321648,Emersonn,traditional_9,Traditional No. 9,shots_total_per90,0.2,2.513,86.5
326102,Rômulo,traditional_9,Traditional No. 9,shots_total_per90,0.2,2.205,71.0
331678,Henrik Wendel Meister,traditional_9,Traditional No. 9,shots_total_per90,0.2,0.952,6.8
336567,Semih Kılıçsoy,traditional_9,Traditional No. 9,shots_total_per90,0.2,1.007,9.2
336711,Gonzalo García,traditional_9,Traditional No. 9,shots_total_per90,0.2,1.731,38.4
342188,Dženan Pejčinović,traditional_9,Traditional No. 9,shots_total_per90,0.2,2.371,80.2
343202,Álvaro Rodriguez,traditional_9,Traditional No. 9,shots_total_per90,0.2,2.618,87.4
343684,Thierno Barry,traditional_9,Traditional No. 9,shots_total_per90,0.2,1.444,25.1
345808,Francesco Pio Esposito,traditional_9,Traditional No. 9,shots_total_per90,0.2,2.463,84.5
351587,Tani Oluwaseyi,traditional_9,Traditional No. 9,shots_total_per90,0.2,1.269,16.4
362741,Santiago Hidalgo,traditional_9,Traditional No. 9,shots_total_per90,0.2,1.648,35.7
368260,Gift Orban,traditional_9,Traditional No. 9,shots_total_per90,0.2,2.696,90.8
378284,Etta Eyong,traditional_9,Traditional No. 9,shots_total_per90,0.2,2.325,77.8
380873,Ilyas Ansah,traditional_9,Traditional No. 9,shots_total_per90,0.2,1.179,13.0
390742,Joaquin Panichelli,traditional_9,Traditional No. 9,shots_total_per90,0.2,2.091,65.2
394573,Adrian Liso,traditional_9,Traditional No. 9,shots_total_per90,0.2,0.836,3.9
419916,Conrad Harder,traditional_9,Traditional No. 9,shots_total_per90,0.2,2.938,94.7
421875,Sidiki Cherif,traditional_9,Traditional No. 9,shots_total_per90,0.2,1.392,21.7
432310,Said El Mala,traditional_9,Traditional No. 9,shots_total_per90,0.2,2.805,92.3
450497,Carlos Espí,traditional_9,Traditional No. 9,shots_total_per90,0.2,3.198,97.1
451504,Jeff Ekhator,traditional_9,Traditional No. 9,shots_total_per90,0.2,1.328,19.3
457541,Prosper Peter,traditional_9,Traditional No. 9,shots_total_per90,0.2,1.414,23.7
505295,Christian Kofane,traditional_9,Traditional No. 9,shots_total_per90,0.2,2.766,91.8
59,Álvaro Morata,traditional_9,Traditional No. 9,duel_win_pct,0.1,52.419,96.9
85,Cyril Ngonge,traditional_9,Traditional No. 9,duel_win_pct,0.1,47.573,84.5
120,Willem Geubbels,traditional_9,Traditional No. 9,duel_win_pct,0.1,32.759,5.8
184,Harry Kane,traditional_9,Traditional No. 9,duel_win_pct,0.1,52.72,98.6
217,Lautaro Martínez,traditional_9,Traditional No. 9,duel_win_pct,0.1,45.455,78.3
249,Donyell Malen,traditional_9,Traditional No. 9,duel_win_pct,0.1,33.99,9.2
269,Christopher Nkunku,traditional_9,Traditional No. 9,duel_win_pct,0.1,43.86,65.2
421,Breel Embolo,traditional_9,Traditional No. 9,duel_win_pct,0.1,44.161,66.7
512,Woo-Yeong Jeong,traditional_9,Traditional No. 9,duel_win_pct,0.1,45.082,75.4
521,Robert Lewandowski,traditional_9,Traditional No. 9,duel_win_pct,0.1,42.029,55.6
608,Lucas Boyé,traditional_9,Traditional No. 9,duel_win_pct,0.1,36.951,20.3
794,Patrik Schick,traditional_9,Traditional No. 9,duel_win_pct,0.1,48.309,87.9
877,Moise Kean,traditional_9,Traditional No. 9,duel_win_pct,0.1,44.737,71.5
931,Ferran Torres,traditional_9,Traditional No. 9,duel_win_pct,0.1,44.526,70.5
1100,Erling Haaland,traditional_9,Traditional No. 9,duel_win_pct,0.1,53.75,99.5
1124,Oliver Burke,traditional_9,Traditional No. 9,duel_win_pct,0.1,38.365,31.4
1135,Odsonne Édouard,traditional_9,Traditional No. 9,duel_win_pct,0.1,36.41,17.9
1465,Pierre-Emerick Aubameyang,traditional_9,Traditional No. 9,duel_win_pct,0.1,39.669,41.1
1469,Danny Welbeck,traditional_9,Traditional No. 9,duel_win_pct,0.1,35.955,15.9
1863,Ciro Immobile,traditional_9,Traditional No. 9,duel_win_pct,0.1,30.864,1.9
1945,Ally Samatta,traditional_9,Traditional No. 9,duel_win_pct,0.1,37.156,22.2
2032,Jørgen Strand Larsen,traditional_9,Traditional No. 9,duel_win_pct,0.1,34.375,10.1
2063,André Silva,traditional_9,Traditional No. 9,duel_win_pct,0.1,38.326,30.4
2218,Ismaïla Sarr,traditional_9,Traditional No. 9,duel_win_pct,0.1,39.419,38.2
2295,Olivier Giroud,traditional_9,Traditional No. 9,duel_win_pct,0.1,52.222,95.7
2413,Richarlison,traditional_9,Traditional No. 9,duel_win_pct,0.1,42.331,58.5
2461,Salomón Rondón,traditional_9,Traditional No. 9,duel_win_pct,0.1,48.125,87.0
2495,Duván Zapata,traditional_9,Traditional No. 9,duel_win_pct,0.1,44.966,73.4
2522,Antonio Sanabria,traditional_9,Traditional No. 9,duel_win_pct,0.1,43.802,64.7
2668,Mostafa Mohamed,traditional_9,Traditional No. 9,duel_win_pct,0.1,44.5,69.6
2887,Raúl Jiménez,traditional_9,Traditional No. 9,duel_win_pct,0.1,41.902,53.6
2939,Callum Wilson,traditional_9,Traditional No. 9,duel_win_pct,0.1,33.784,8.2
3430,Caleb Ekuban,traditional_9,Traditional No. 9,duel_win_pct,0.1,45.714,79.7
6010,Lucas Beltrán,traditional_9,Traditional No. 9,duel_win_pct,0.1,45.133,75.8
6490,Luis Vázquez,traditional_9,Traditional No. 9,duel_win_pct,0.1,44.974,73.9
8492,Alexander Sørloth,traditional_9,Traditional No. 9,duel_win_pct,0.1,47.703,85.0
9366,Igor Jesus,traditional_9,Traditional No. 9,duel_win_pct,0.1,39.241,36.7
10329,João Pedro,traditional_9,Traditional No. 9,duel_win_pct,0.1,48.395,88.4
13708,Jhon Arias,traditional_9,Traditional No. 9,duel_win_pct,0.1,42.424,58.9
18766,Dominic Calvert-Lewin,traditional_9,Traditional No. 9,duel_win_pct,0.1,39.485,39.1
18778,Harvey Barnes,traditional_9,Traditional No. 9,duel_win_pct,0.1,35.897,14.0
18788,Jamie Vardy,traditional_9,Traditional No. 9,duel_win_pct,0.1,40.654,48.8
18883,Dominic Solanke,traditional_9,Traditional No. 9,duel_win_pct,0.1,42.069,56.0
18906,Ayoze Pérez,traditional_9,Traditional No. 9,duel_win_pct,0.1,40.223,45.9
18931,Chris Wood,traditional_9,Traditional No. 9,duel_win_pct,0.1,39.08,36.2
18979,Viktor Gyökeres,traditional_9,Traditional No. 9,duel_win_pct,0.1,31.624,2.9
19185,Keinan Davis,traditional_9,Traditional No. 9,duel_win_pct,0.1,46.226,81.6
19366,Ollie Watkins,traditional_9,Traditional No. 9,duel_win_pct,0.1,40.989,50.7
19461,Lukas Nmecha,traditional_9,Traditional No. 9,duel_win_pct,0.1,42.138,57.0
19484,Adam Armstrong,traditional_9,Traditional No. 9,duel_win_pct,0.1,40.541,48.3
19524,Che Adams,traditional_9,Traditional No. 9,duel_win_pct,0.1,40.678,49.8
19625,Danny Namaso,traditional_9,Traditional No. 9,duel_win_pct,0.1,39.95,43.5
20534,Cheick Tidiane Sabaly,traditional_9,Traditional No. 9,duel_win_pct,0.1,38.462,32.9
20535,Habibou Diallo,traditional_9,Traditional No. 9,duel_win_pct,0.1,47.126,84.1
20780,Mathias Pereira Lage,traditional_9,Traditional No. 9,duel_win_pct,0.1,45.07,74.9
20817,Goduine Koyalipou,traditional_9,Traditional No. 9,duel_win_pct,0.1,39.516,39.6
20959,Matteo Tramoni,traditional_9,Traditional No. 9,duel_win_pct,0.1,44.079,66.2
21104,Randal Kolo Muani,traditional_9,Traditional No. 9,duel_win_pct,0.1,37.324,24.2
21393,Serhou Guirassy,traditional_9,Traditional No. 9,duel_win_pct,0.1,47.841,85.5
21509,Marcus Thuram,traditional_9,Traditional No. 9,duel_win_pct,0.1,50.0,91.1
22015,Boulaye Dia,traditional_9,Traditional No. 9,duel_win_pct,0.1,34.848,12.1
22097,Arnaud Nordin,traditional_9,Traditional No. 9,duel_win_pct,0.1,49.231,89.9
22236,Rafael Leão,traditional_9,Traditional No. 9,duel_win_pct,0.1,47.0,83.1
22264,Ludovic Ajorque,traditional_9,Traditional No. 9,duel_win_pct,0.1,52.8,99.0
24641,Budu Zivzivadze,traditional_9,Traditional No. 9,duel_win_pct,0.1,35.0,12.6
24888,Hwang Hee-chan,traditional_9,Traditional No. 9,duel_win_pct,0.1,36.441,18.4
25242,Marius Bülter,traditional_9,Traditional No. 9,duel_win_pct,0.1,40.212,45.4
25297,Michael Gregoritsch,traditional_9,Traditional No. 9,duel_win_pct,0.1,39.855,42.5
25391,Niclas Füllkrug,traditional_9,Traditional No. 9,duel_win_pct,0.1,36.62,19.3
25926,Jonathan Burkardt,traditional_9,Traditional No. 9,duel_win_pct,0.1,32.787,6.3
25927,Jean Philippe Mateta,traditional_9,Traditional No. 9,duel_win_pct,0.1,37.671,25.6
26171,Phillip Tietz,traditional_9,Traditional No. 9,duel_win_pct,0.1,41.246,51.2
26255,Lucas Höler,traditional_9,Traditional No. 9,duel_win_pct,0.1,45.645,79.2
26475,Deniz Undav,traditional_9,Traditional No. 9,duel_win_pct,0.1,37.281,23.7
26845,Anastasios Douvikas,traditional_9,Traditional No. 9,duel_win_pct,0.1,41.841,52.7
28382,Haris Tabaković,traditional_9,Traditional No. 9,duel_win_pct,0.1,41.441,51.7
30414,Giovanni Simeone,traditional_9,Traditional No. 9,duel_win_pct,0.1,38.095,28.7
30415,Dušan Vlahović,traditional_9,Traditional No. 9,duel_win_pct,0.1,44.954,72.9
30440,Roberto Piccoli,traditional_9,Traditional No. 9,duel_win_pct,0.1,41.985,54.6
30544,Gianluca Scamacca,traditional_9,Traditional No. 9,duel_win_pct,0.1,46.099,81.2
31094,Andrea Pinamonti,traditional_9,Traditional No. 9,duel_win_pct,0.1,39.615,40.1
31318,M'bala Nzola,traditional_9,Traditional No. 9,duel_win_pct,0.1,45.933,80.7
31406,Umar Sadiq,traditional_9,Traditional No. 9,duel_win_pct,0.1,33.495,7.2
31436,Federico Bonazzoli,traditional_9,Traditional No. 9,duel_win_pct,0.1,52.419,96.9
31499,Gennaro Borrelli,traditional_9,Traditional No. 9,duel_win_pct,0.1,50.207,91.8
31560,Stefano Moreo,traditional_9,Traditional No. 9,duel_win_pct,0.1,51.601,94.7
36927,Zian Flemming,traditional_9,Traditional No. 9,duel_win_pct,0.1,41.606,52.2
37439,Ragnar Ache,traditional_9,Traditional No. 9,duel_win_pct,0.1,52.679,98.1
37759,Martijn Kaars,traditional_9,Traditional No. 9,duel_win_pct,0.1,27.434,0.5
37938,Sheraldo Becker,traditional_9,Traditional No. 9,duel_win_pct,0.1,33.333,6.8
38750,Brian Brobbey,traditional_9,Traditional No. 9,duel_win_pct,0.1,42.586,59.9
40594,Adam Buksa,traditional_9,Traditional No. 9,duel_win_pct,0.1,47.059,83.6
41585,Gonçalo Ramos,traditional_9,Traditional No. 9,duel_win_pct,0.1,44.848,72.0
42086,Youssef El Arabi,traditional_9,Traditional No. 9,duel_win_pct,0.1,41.935,54.1
45892,Andrej Ilić,traditional_9,Traditional No. 9,duel_win_pct,0.1,42.012,55.1
46746,Ante Budimir,traditional_9,Traditional No. 9,duel_win_pct,0.1,46.512,82.1
46930,Ermedin Demirović,traditional_9,Traditional No. 9,duel_win_pct,0.1,37.745,26.6
47013,Rafa Mir,traditional_9,Traditional No. 9,duel_win_pct,0.1,32.164,4.3
47181,Toni Martínez,traditional_9,Traditional No. 9,duel_win_pct,0.1,50.988,93.7
47264,Hugo Duro,traditional_9,Traditional No. 9,duel_win_pct,0.1,39.313,37.2
47291,Gorka Guruzeta,traditional_9,Traditional No. 9,duel_win_pct,0.1,38.177,30.0
47323,Mikel Oyarzabal,traditional_9,Traditional No. 9,duel_win_pct,0.1,44.207,68.1
47348,Borja Iglesias,traditional_9,Traditional No. 9,duel_win_pct,0.1,38.333,30.9
47396,Kike García,traditional_9,Traditional No. 9,duel_win_pct,0.1,47.95,86.5
47472,Borja Mayoral,traditional_9,Traditional No. 9,duel_win_pct,0.1,34.737,11.6
47582,Cucho Hernández,traditional_9,Traditional No. 9,duel_win_pct,0.1,44.674,71.0
50048,Vedat Muriqi,traditional_9,Traditional No. 9,duel_win_pct,0.1,51.818,95.2
50739,Brenden Aaronson,traditional_9,Traditional No. 9,duel_win_pct,0.1,40.103,44.4
50856,Valentín Castellanos,traditional_9,Traditional No. 9,duel_win_pct,0.1,43.096,61.4
51530,Federico Viñas,traditional_9,Traditional No. 9,duel_win_pct,0.1,52.632,97.6
57446,Akor Adams,traditional_9,Traditional No. 9,duel_win_pct,0.1,37.551,24.6
66387,Pavel Šulc,traditional_9,Traditional No. 9,duel_win_pct,0.1,36.649,19.8
66817,Nikola Krstović,traditional_9,Traditional No. 9,duel_win_pct,0.1,43.985,65.7
72457,Aiyegun Tosin,traditional_9,Traditional No. 9,duel_win_pct,0.1,44.186,67.6
84087,Wilson Isidor,traditional_9,Traditional No. 9,duel_win_pct,0.1,29.167,1.4
90590,Georginio Rutter,traditional_9,Traditional No. 9,duel_win_pct,0.1,39.649,40.6
90617,Lassine Sinayoko,traditional_9,Traditional No. 9,duel_win_pct,0.1,43.307,62.8
91745,Alemão,traditional_9,Traditional No. 9,duel_win_pct,0.1,39.865,43.0
98936,Lyle Foster,traditional_9,Traditional No. 9,duel_win_pct,0.1,31.731,3.4
106851,Shuto Machino,traditional_9,Traditional No. 9,duel_win_pct,0.1,43.2,62.3
110153,Tolu Arokodare,traditional_9,Traditional No. 9,duel_win_pct,0.1,49.296,90.3
115589,Benjamin Šeško,traditional_9,Traditional No. 9,duel_win_pct,0.1,40.67,49.3
122734,Ferran Jutglà,traditional_9,Traditional No. 9,duel_win_pct,0.1,41.885,53.1
125743,Beto,traditional_9,Traditional No. 9,duel_win_pct,0.1,39.466,38.6
126690,Kieron Bowie,traditional_9,Traditional No. 9,duel_win_pct,0.1,38.378,31.9
127769,Gabriel Martinelli,traditional_9,Traditional No. 9,duel_win_pct,0.1,42.308,58.0
128478,Walid Cheddira,traditional_9,Traditional No. 9,duel_win_pct,0.1,40.437,47.3
128582,Jorge de Frutos,traditional_9,Traditional No. 9,duel_win_pct,0.1,43.446,63.3
129693,Rayan Philippe,traditional_9,Traditional No. 9,duel_win_pct,0.1,32.432,4.8
129711,Brennan Johnson,traditional_9,Traditional No. 9,duel_win_pct,0.1,45.27,76.8
133729,Tijjani Noslin,traditional_9,Traditional No. 9,duel_win_pct,0.1,45.638,78.7
137303,Evann Guessand,traditional_9,Traditional No. 9,duel_win_pct,0.1,44.516,70.0
138776,Largie Ramazani,traditional_9,Traditional No. 9,duel_win_pct,0.1,35.976,16.4
138835,Folarin Balogun,traditional_9,Traditional No. 9,duel_win_pct,0.1,36.364,17.4
144319,Sambou Soumano,traditional_9,Traditional No. 9,duel_win_pct,0.1,37.584,25.1
146751,Raúl García de Haro,traditional_9,Traditional No. 9,duel_win_pct,0.1,50.0,91.1
147831,Arnaud Kalimuendo,traditional_9,Traditional No. 9,duel_win_pct,0.1,37.222,23.2
152856,Evanilson,traditional_9,Traditional No. 9,duel_win_pct,0.1,39.789,42.0
156465,Issa Soumaré,traditional_9,Traditional No. 9,duel_win_pct,0.1,54.032,100.0
158054,Nick Woltemade,traditional_9,Traditional No. 9,duel_win_pct,0.1,38.039,28.0
158644,Maximilian Beier,traditional_9,Traditional No. 9,duel_win_pct,0.1,38.174,29.5
161622,Matthis Abline,traditional_9,Traditional No. 9,duel_win_pct,0.1,43.195,61.8
161670,Vladyslav Vanat,traditional_9,Traditional No. 9,duel_win_pct,0.1,35.556,13.0
161922,Ansgar Knauff,traditional_9,Traditional No. 9,duel_win_pct,0.1,32.45,5.3
161948,Liam Delap,traditional_9,Traditional No. 9,duel_win_pct,0.1,39.073,35.7
162707,Elye Wahi,traditional_9,Traditional No. 9,duel_win_pct,0.1,29.134,1.0
162773,Ransford Yeboah Königsdörffer,traditional_9,Traditional No. 9,duel_win_pct,0.1,40.081,44.0
163004,Esteban Lepaul,traditional_9,Traditional No. 9,duel_win_pct,0.1,39.037,35.3
174565,Hugo Ekitiké,traditional_9,Traditional No. 9,duel_win_pct,0.1,38.494,33.3
174724,Frank Magri,traditional_9,Traditional No. 9,duel_win_pct,0.1,40.838,50.2
174915,Josué Casimir,traditional_9,Traditional No. 9,duel_win_pct,0.1,52.406,96.1
177807,Justin Njinmah,traditional_9,Traditional No. 9,duel_win_pct,0.1,50.588,92.8
178106,Marvin Pieringer,traditional_9,Traditional No. 9,duel_win_pct,0.1,46.642,82.6
178921,Andreas Hountondji,traditional_9,Traditional No. 9,duel_win_pct,0.1,23.741,0.0
180496,Georges Mikautadze,traditional_9,Traditional No. 9,duel_win_pct,0.1,45.872,80.2
185398,Isaac Romero,traditional_9,Traditional No. 9,duel_win_pct,0.1,34.615,10.6
188319,Kevin Carlos Omoruyi,traditional_9,Traditional No. 9,duel_win_pct,0.1,37.879,27.1
190686,Sékou Mara,traditional_9,Traditional No. 9,duel_win_pct,0.1,44.444,69.1
192032,Iván Romero,traditional_9,Traditional No. 9,duel_win_pct,0.1,48.219,87.4
195106,Rodrigo Muniz,traditional_9,Traditional No. 9,duel_win_pct,0.1,49.091,89.4
195512,Martín Satriano,traditional_9,Traditional No. 9,duel_win_pct,0.1,40.533,47.8
196156,Igor Thiago,traditional_9,Traditional No. 9,duel_win_pct,0.1,38.55,33.8
200139,Mohamed Amoura,traditional_9,Traditional No. 9,duel_win_pct,0.1,39.331,37.7
202501,Fisnik Asllani,traditional_9,Traditional No. 9,duel_win_pct,0.1,37.008,20.8
202696,Igor Matanović,traditional_9,Traditional No. 9,duel_win_pct,0.1,44.268,68.6
203040,Tim Lemperle,traditional_9,Traditional No. 9,duel_win_pct,0.1,34.363,9.7
236955,Amin Sarr,traditional_9,Traditional No. 9,duel_win_pct,0.1,40.284,46.4
263481,Lorenzo Colombo,traditional_9,Traditional No. 9,duel_win_pct,0.1,37.221,22.7
263699,Alieu Fadera,traditional_9,Traditional No. 9,duel_win_pct,0.1,45.226,76.3
264122,Nikola Štulić,traditional_9,Traditional No. 9,duel_win_pct,0.1,37.712,26.1
265363,Tiago Tomás,traditional_9,Traditional No. 9,duel_win_pct,0.1,47.857,86.0
269163,Williot Swedberg,traditional_9,Traditional No. 9,duel_win_pct,0.1,43.787,64.3
274312,Mohamed Ali Cho,traditional_9,Traditional No. 9,duel_win_pct,0.1,37.054,21.3
275651,Ange-Yoan Bonny,traditional_9,Traditional No. 9,duel_win_pct,0.1,42.105,56.5
279993,Anton Kade,traditional_9,Traditional No. 9,duel_win_pct,0.1,45.417,77.8
281408,Vitinha,traditional_9,Traditional No. 9,duel_win_pct,0.1,45.067,74.4
283026,Mika Biereth,traditional_9,Traditional No. 9,duel_win_pct,0.1,30.986,2.4
284072,Ahmadou Bamba Dieng,traditional_9,Traditional No. 9,duel_win_pct,0.1,42.52,59.4
286474,Matteo Cancellieri,traditional_9,Traditional No. 9,duel_win_pct,0.1,50.82,93.2
288006,Rasmus Højlund,traditional_9,Traditional No. 9,duel_win_pct,0.1,35.922,14.5
292172,Mateo Pellegrino,traditional_9,Traditional No. 9,duel_win_pct,0.1,42.674,60.4
311067,Santiago Castro,traditional_9,Traditional No. 9,duel_win_pct,0.1,44.178,67.1
312990,Roberto Fernández,traditional_9,Traditional No. 9,duel_win_pct,0.1,36.012,16.9
313059,Mateo Joseph,traditional_9,Traditional No. 9,duel_win_pct,0.1,40.183,44.9
320517,Pablo Durán,traditional_9,Traditional No. 9,duel_win_pct,0.1,38.4,32.4
321648,Emersonn,traditional_9,Traditional No. 9,duel_win_pct,0.1,38.636,34.3
326102,Rômulo,traditional_9,Traditional No. 9,duel_win_pct,0.1,40.433,46.9
331678,Henrik Wendel Meister,traditional_9,Traditional No. 9,duel_win_pct,0.1,35.789,13.5
336567,Semih Kılıçsoy,traditional_9,Traditional No. 9,duel_win_pct,0.1,31.746,3.9
336711,Gonzalo García,traditional_9,Traditional No. 9,duel_win_pct,0.1,43.478,63.8
342188,Dženan Pejčinović,traditional_9,Traditional No. 9,duel_win_pct,0.1,33.624,7.7
343202,Álvaro Rodriguez,traditional_9,Traditional No. 9,duel_win_pct,0.1,51.271,94.2
343684,Thierno Barry,traditional_9,Traditional No. 9,duel_win_pct,0.1,38.095,28.7
345808,Francesco Pio Esposito,traditional_9,Traditional No. 9,duel_win_pct,0.1,50.485,92.3
351587,Tani Oluwaseyi,traditional_9,Traditional No. 9,duel_win_pct,0.1,35.938,15.0
362741,Santiago Hidalgo,traditional_9,Traditional No. 9,duel_win_pct,0.1,36.614,18.8
368260,Gift Orban,traditional_9,Traditional No. 9,duel_win_pct,0.1,34.634,11.1
378284,Etta Eyong,traditional_9,Traditional No. 9,duel_win_pct,0.1,42.169,57.5
380873,Ilyas Ansah,traditional_9,Traditional No. 9,duel_win_pct,0.1,33.893,8.7
390742,Joaquin Panichelli,traditional_9,Traditional No. 9,duel_win_pct,0.1,44.951,72.5
394573,Adrian Liso,traditional_9,Traditional No. 9,duel_win_pct,0.1,38.73,34.8
419916,Conrad Harder,traditional_9,Traditional No. 9,duel_win_pct,0.1,35.948,15.5
421875,Sidiki Cherif,traditional_9,Traditional No. 9,duel_win_pct,0.1,37.143,21.7
432310,Said El Mala,traditional_9,Traditional No. 9,duel_win_pct,0.1,39.7,41.5
450497,Carlos Espí,traditional_9,Traditional No. 9,duel_win_pct,0.1,48.485,88.9
451504,Jeff Ekhator,traditional_9,Traditional No. 9,duel_win_pct,0.1,45.395,77.3
457541,Prosper Peter,traditional_9,Traditional No. 9,duel_win_pct,0.1,37.981,27.5
505295,Christian Kofane,traditional_9,Traditional No. 9,duel_win_pct,0.1,42.767,60.9
59,Álvaro Morata,traditional_9,Traditional No. 9,key_passes_per90,0.1,0.966,55.1
85,Cyril Ngonge,traditional_9,Traditional No. 9,key_passes_per90,0.1,1.251,87.9
120,Willem Geubbels,traditional_9,Traditional No. 9,key_passes_per90,0.1,0.618,19.3
184,Harry Kane,traditional_9,Traditional No. 9,key_passes_per90,0.1,1.511,97.6
217,Lautaro Martínez,traditional_9,Traditional No. 9,key_passes_per90,0.1,1.529,98.6
249,Donyell Malen,traditional_9,Traditional No. 9,key_passes_per90,0.1,0.626,19.8
269,Christopher Nkunku,traditional_9,Traditional No. 9,key_passes_per90,0.1,1.046,66.7
421,Breel Embolo,traditional_9,Traditional No. 9,key_passes_per90,0.1,0.721,30.0
512,Woo-Yeong Jeong,traditional_9,Traditional No. 9,key_passes_per90,0.1,0.448,6.3
521,Robert Lewandowski,traditional_9,Traditional No. 9,key_passes_per90,0.1,0.76,33.3
608,Lucas Boyé,traditional_9,Traditional No. 9,key_passes_per90,0.1,1.286,90.3
794,Patrik Schick,traditional_9,Traditional No. 9,key_passes_per90,0.1,0.632,20.8
877,Moise Kean,traditional_9,Traditional No. 9,key_passes_per90,0.1,0.132,0.5
931,Ferran Torres,traditional_9,Traditional No. 9,key_passes_per90,0.1,1.043,64.7
1100,Erling Haaland,traditional_9,Traditional No. 9,key_passes_per90,0.1,0.761,33.8
1124,Oliver Burke,traditional_9,Traditional No. 9,key_passes_per90,0.1,1.171,81.2
1135,Odsonne Édouard,traditional_9,Traditional No. 9,key_passes_per90,0.1,0.986,58.5
1465,Pierre-Emerick Aubameyang,traditional_9,Traditional No. 9,key_passes_per90,0.1,1.144,77.8
1469,Danny Welbeck,traditional_9,Traditional No. 9,key_passes_per90,0.1,0.794,38.6
1863,Ciro Immobile,traditional_9,Traditional No. 9,key_passes_per90,0.1,0.998,60.4
1945,Ally Samatta,traditional_9,Traditional No. 9,key_passes_per90,0.1,1.045,66.2
2032,Jørgen Strand Larsen,traditional_9,Traditional No. 9,key_passes_per90,0.1,0.389,4.3
2063,André Silva,traditional_9,Traditional No. 9,key_passes_per90,0.1,1.065,70.0
2218,Ismaïla Sarr,traditional_9,Traditional No. 9,key_passes_per90,0.1,0.786,37.2
2295,Olivier Giroud,traditional_9,Traditional No. 9,key_passes_per90,0.1,1.054,68.1
2413,Richarlison,traditional_9,Traditional No. 9,key_passes_per90,0.1,0.92,50.0
2461,Salomón Rondón,traditional_9,Traditional No. 9,key_passes_per90,0.1,0.434,5.3
2495,Duván Zapata,traditional_9,Traditional No. 9,key_passes_per90,0.1,0.8,40.6
2522,Antonio Sanabria,traditional_9,Traditional No. 9,key_passes_per90,0.1,0.574,15.0
2668,Mostafa Mohamed,traditional_9,Traditional No. 9,key_passes_per90,0.1,0.692,28.5
2887,Raúl Jiménez,traditional_9,Traditional No. 9,key_passes_per90,0.1,1.019,62.8
2939,Callum Wilson,traditional_9,Traditional No. 9,key_passes_per90,0.1,0.571,14.5
3430,Caleb Ekuban,traditional_9,Traditional No. 9,key_passes_per90,0.1,1.004,60.9
6010,Lucas Beltrán,traditional_9,Traditional No. 9,key_passes_per90,0.1,0.857,44.9
6490,Luis Vázquez,traditional_9,Traditional No. 9,key_passes_per90,0.1,0.299,2.4
8492,Alexander Sørloth,traditional_9,Traditional No. 9,key_passes_per90,0.1,0.454,6.8
9366,Igor Jesus,traditional_9,Traditional No. 9,key_passes_per90,0.1,0.582,15.5
10329,João Pedro,traditional_9,Traditional No. 9,key_passes_per90,0.1,0.976,57.5
13708,Jhon Arias,traditional_9,Traditional No. 9,key_passes_per90,0.1,0.883,46.9
18766,Dominic Calvert-Lewin,traditional_9,Traditional No. 9,key_passes_per90,0.1,0.66,24.2
18778,Harvey Barnes,traditional_9,Traditional No. 9,key_passes_per90,0.1,1.101,74.9
18788,Jamie Vardy,traditional_9,Traditional No. 9,key_passes_per90,0.1,0.641,21.3
18883,Dominic Solanke,traditional_9,Traditional No. 9,key_passes_per90,0.1,0.54,11.1
18906,Ayoze Pérez,traditional_9,Traditional No. 9,key_passes_per90,0.1,1.278,89.9
18931,Chris Wood,traditional_9,Traditional No. 9,key_passes_per90,0.1,0.497,9.7
18979,Viktor Gyökeres,traditional_9,Traditional No. 9,key_passes_per90,0.1,0.799,40.1
19185,Keinan Davis,traditional_9,Traditional No. 9,key_passes_per90,0.1,1.342,92.8
19366,Ollie Watkins,traditional_9,Traditional No. 9,key_passes_per90,0.1,0.726,30.9
19461,Lukas Nmecha,traditional_9,Traditional No. 9,key_passes_per90,0.1,0.907,48.8
19484,Adam Armstrong,traditional_9,Traditional No. 9,key_passes_per90,0.1,0.471,7.7
19524,Che Adams,traditional_9,Traditional No. 9,key_passes_per90,0.1,1.234,85.5
19625,Danny Namaso,traditional_9,Traditional No. 9,key_passes_per90,0.1,1.141,77.3
20534,Cheick Tidiane Sabaly,traditional_9,Traditional No. 9,key_passes_per90,0.1,0.922,51.2
20535,Habibou Diallo,traditional_9,Traditional No. 9,key_passes_per90,0.1,0.565,14.0
20780,Mathias Pereira Lage,traditional_9,Traditional No. 9,key_passes_per90,0.1,1.064,69.6
20817,Goduine Koyalipou,traditional_9,Traditional No. 9,key_passes_per90,0.1,0.591,16.9
20959,Matteo Tramoni,traditional_9,Traditional No. 9,key_passes_per90,0.1,1.56,99.0
21104,Randal Kolo Muani,traditional_9,Traditional No. 9,key_passes_per90,0.1,1.078,72.9
21393,Serhou Guirassy,traditional_9,Traditional No. 9,key_passes_per90,0.1,0.767,35.3
21509,Marcus Thuram,traditional_9,Traditional No. 9,key_passes_per90,0.1,1.364,93.7
22015,Boulaye Dia,traditional_9,Traditional No. 9,key_passes_per90,0.1,1.075,71.5
22097,Arnaud Nordin,traditional_9,Traditional No. 9,key_passes_per90,0.1,0.774,36.2
22236,Rafael Leão,traditional_9,Traditional No. 9,key_passes_per90,0.1,1.114,75.8
22264,Ludovic Ajorque,traditional_9,Traditional No. 9,key_passes_per90,0.1,1.307,91.3
24641,Budu Zivzivadze,traditional_9,Traditional No. 9,key_passes_per90,0.1,0.55,12.1
24888,Hwang Hee-chan,traditional_9,Traditional No. 9,key_passes_per90,0.1,0.924,51.7
25242,Marius Bülter,traditional_9,Traditional No. 9,key_passes_per90,0.1,1.457,96.6
25297,Michael Gregoritsch,traditional_9,Traditional No. 9,key_passes_per90,0.1,0.68,26.6
25391,Niclas Füllkrug,traditional_9,Traditional No. 9,key_passes_per90,0.1,1.365,94.2
25926,Jonathan Burkardt,traditional_9,Traditional No. 9,key_passes_per90,0.1,0.604,18.8
25927,Jean Philippe Mateta,traditional_9,Traditional No. 9,key_passes_per90,0.1,0.365,3.4
26171,Phillip Tietz,traditional_9,Traditional No. 9,key_passes_per90,0.1,1.046,67.1
26255,Lucas Höler,traditional_9,Traditional No. 9,key_passes_per90,0.1,1.046,67.6
26475,Deniz Undav,traditional_9,Traditional No. 9,key_passes_per90,0.1,1.682,99.5
26845,Anastasios Douvikas,traditional_9,Traditional No. 9,key_passes_per90,0.1,0.909,49.3
28382,Haris Tabaković,traditional_9,Traditional No. 9,key_passes_per90,0.1,0.602,18.4
30414,Giovanni Simeone,traditional_9,Traditional No. 9,key_passes_per90,0.1,0.922,50.7
30415,Dušan Vlahović,traditional_9,Traditional No. 9,key_passes_per90,0.1,1.107,75.4
30440,Roberto Piccoli,traditional_9,Traditional No. 9,key_passes_per90,0.1,0.795,39.6
30544,Gianluca Scamacca,traditional_9,Traditional No. 9,key_passes_per90,0.1,1.16,80.2
31094,Andrea Pinamonti,traditional_9,Traditional No. 9,key_passes_per90,0.1,0.594,17.4
31318,M'bala Nzola,traditional_9,Traditional No. 9,key_passes_per90,0.1,1.184,82.4
31406,Umar Sadiq,traditional_9,Traditional No. 9,key_passes_per90,0.1,0.848,44.0
31436,Federico Bonazzoli,traditional_9,Traditional No. 9,key_passes_per90,0.1,0.464,7.2
31499,Gennaro Borrelli,traditional_9,Traditional No. 9,key_passes_per90,0.1,0.848,44.4
31560,Stefano Moreo,traditional_9,Traditional No. 9,key_passes_per90,0.1,0.969,55.6
36927,Zian Flemming,traditional_9,Traditional No. 9,key_passes_per90,0.1,0.498,10.1
37439,Ragnar Ache,traditional_9,Traditional No. 9,key_passes_per90,0.1,1.462,97.1
37759,Martijn Kaars,traditional_9,Traditional No. 9,key_passes_per90,0.1,0.658,23.7
37938,Sheraldo Becker,traditional_9,Traditional No. 9,key_passes_per90,0.1,1.521,98.1
38750,Brian Brobbey,traditional_9,Traditional No. 9,key_passes_per90,0.1,0.694,29.0
40594,Adam Buksa,traditional_9,Traditional No. 9,key_passes_per90,0.1,1.069,71.0
41585,Gonçalo Ramos,traditional_9,Traditional No. 9,key_passes_per90,0.1,1.159,79.7
42086,Youssef El Arabi,traditional_9,Traditional No. 9,key_passes_per90,0.1,0.827,43.0
45892,Andrej Ilić,traditional_9,Traditional No. 9,key_passes_per90,0.1,1.197,83.6
46746,Ante Budimir,traditional_9,Traditional No. 9,key_passes_per90,0.1,0.488,8.7
46930,Ermedin Demirović,traditional_9,Traditional No. 9,key_passes_per90,0.1,1.016,62.3
47013,Rafa Mir,traditional_9,Traditional No. 9,key_passes_per90,0.1,0.446,5.8
47181,Toni Martínez,traditional_9,Traditional No. 9,key_passes_per90,0.1,0.793,37.7
47264,Hugo Duro,traditional_9,Traditional No. 9,key_passes_per90,0.1,0.769,35.7
47291,Gorka Guruzeta,traditional_9,Traditional No. 9,key_passes_per90,0.1,0.987,58.9
47323,Mikel Oyarzabal,traditional_9,Traditional No. 9,key_passes_per90,0.1,1.393,95.7
47348,Borja Iglesias,traditional_9,Traditional No. 9,key_passes_per90,0.1,0.804,41.5
47396,Kike García,traditional_9,Traditional No. 9,key_passes_per90,0.1,1.029,63.8
47472,Borja Mayoral,traditional_9,Traditional No. 9,key_passes_per90,0.1,0.422,4.8
47582,Cucho Hernández,traditional_9,Traditional No. 9,key_passes_per90,0.1,1.181,81.6
50048,Vedat Muriqi,traditional_9,Traditional No. 9,key_passes_per90,0.1,0.689,28.0
50739,Brenden Aaronson,traditional_9,Traditional No. 9,key_passes_per90,0.1,1.237,86.0
50856,Valentín Castellanos,traditional_9,Traditional No. 9,key_passes_per90,0.1,0.862,45.4
51530,Federico Viñas,traditional_9,Traditional No. 9,key_passes_per90,0.1,0.991,59.4
57446,Akor Adams,traditional_9,Traditional No. 9,key_passes_per90,0.1,0.565,13.5
66387,Pavel Šulc,traditional_9,Traditional No. 9,key_passes_per90,0.1,1.263,89.4
66817,Nikola Krstović,traditional_9,Traditional No. 9,key_passes_per90,0.1,1.058,68.6
72457,Aiyegun Tosin,traditional_9,Traditional No. 9,key_passes_per90,0.1,0.927,52.2
84087,Wilson Isidor,traditional_9,Traditional No. 9,key_passes_per90,0.1,0.0,0.0
90590,Georginio Rutter,traditional_9,Traditional No. 9,key_passes_per90,0.1,1.247,87.4
90617,Lassine Sinayoko,traditional_9,Traditional No. 9,key_passes_per90,0.1,1.295,90.8
91745,Alemão,traditional_9,Traditional No. 9,key_passes_per90,0.1,0.548,11.6
98936,Lyle Foster,traditional_9,Traditional No. 9,key_passes_per90,0.1,0.656,22.2
106851,Shuto Machino,traditional_9,Traditional No. 9,key_passes_per90,0.1,1.162,80.7
110153,Tolu Arokodare,traditional_9,Traditional No. 9,key_passes_per90,0.1,0.688,27.5
115589,Benjamin Šeško,traditional_9,Traditional No. 9,key_passes_per90,0.1,0.495,9.2
122734,Ferran Jutglà,traditional_9,Traditional No. 9,key_passes_per90,0.1,0.863,45.9
125743,Beto,traditional_9,Traditional No. 9,key_passes_per90,0.1,0.669,25.1
126690,Kieron Bowie,traditional_9,Traditional No. 9,key_passes_per90,0.1,0.972,56.5
127769,Gabriel Martinelli,traditional_9,Traditional No. 9,key_passes_per90,0.1,1.084,73.9
128478,Walid Cheddira,traditional_9,Traditional No. 9,key_passes_per90,0.1,0.794,39.1
128582,Jorge de Frutos,traditional_9,Traditional No. 9,key_passes_per90,0.1,1.124,76.8
129693,Rayan Philippe,traditional_9,Traditional No. 9,key_passes_per90,0.1,1.115,76.3
129711,Brennan Johnson,traditional_9,Traditional No. 9,key_passes_per90,0.1,0.976,57.0
133729,Tijjani Noslin,traditional_9,Traditional No. 9,key_passes_per90,0.1,1.219,85.0
137303,Evann Guessand,traditional_9,Traditional No. 9,key_passes_per90,0.1,0.482,8.2
138776,Largie Ramazani,traditional_9,Traditional No. 9,key_passes_per90,0.1,1.152,79.2
138835,Folarin Balogun,traditional_9,Traditional No. 9,key_passes_per90,0.1,0.962,54.6
144319,Sambou Soumano,traditional_9,Traditional No. 9,key_passes_per90,0.1,0.971,56.0
146751,Raúl García de Haro,traditional_9,Traditional No. 9,key_passes_per90,0.1,1.036,64.3
147831,Arnaud Kalimuendo,traditional_9,Traditional No. 9,key_passes_per90,0.1,1.415,96.1
152856,Evanilson,traditional_9,Traditional No. 9,key_passes_per90,0.1,1.011,61.8
156465,Issa Soumaré,traditional_9,Traditional No. 9,key_passes_per90,0.1,0.885,47.8
158054,Nick Woltemade,traditional_9,Traditional No. 9,key_passes_per90,0.1,1.02,63.3
158644,Maximilian Beier,traditional_9,Traditional No. 9,key_passes_per90,0.1,1.149,78.7
161622,Matthis Abline,traditional_9,Traditional No. 9,key_passes_per90,0.1,1.081,73.4
161670,Vladyslav Vanat,traditional_9,Traditional No. 9,key_passes_per90,0.1,0.551,12.6
161922,Ansgar Knauff,traditional_9,Traditional No. 9,key_passes_per90,0.1,1.149,78.3
161948,Liam Delap,traditional_9,Traditional No. 9,key_passes_per90,0.1,0.237,1.4
162707,Elye Wahi,traditional_9,Traditional No. 9,key_passes_per90,0.1,0.803,41.1
162773,Ransford Yeboah Königsdörffer,traditional_9,Traditional No. 9,key_passes_per90,0.1,0.763,34.3
163004,Esteban Lepaul,traditional_9,Traditional No. 9,key_passes_per90,0.1,0.766,34.8
174565,Hugo Ekitiké,traditional_9,Traditional No. 9,key_passes_per90,0.1,1.044,65.7
174724,Frank Magri,traditional_9,Traditional No. 9,key_passes_per90,0.1,0.997,59.9
174915,Josué Casimir,traditional_9,Traditional No. 9,key_passes_per90,0.1,0.587,16.4
177807,Justin Njinmah,traditional_9,Traditional No. 9,key_passes_per90,0.1,0.737,31.9
178106,Marvin Pieringer,traditional_9,Traditional No. 9,key_passes_per90,0.1,0.871,46.4
178921,Andreas Hountondji,traditional_9,Traditional No. 9,key_passes_per90,0.1,0.498,10.6
180496,Georges Mikautadze,traditional_9,Traditional No. 9,key_passes_per90,0.1,1.098,74.4
185398,Isaac Romero,traditional_9,Traditional No. 9,key_passes_per90,0.1,0.841,43.5
188319,Kevin Carlos Omoruyi,traditional_9,Traditional No. 9,key_passes_per90,0.1,0.3,2.9
190686,Sékou Mara,traditional_9,Traditional No. 9,key_passes_per90,0.1,0.656,22.7
192032,Iván Romero,traditional_9,Traditional No. 9,key_passes_per90,0.1,0.984,58.0
195106,Rodrigo Muniz,traditional_9,Traditional No. 9,key_passes_per90,0.1,0.722,30.4
195512,Martín Satriano,traditional_9,Traditional No. 9,key_passes_per90,0.1,0.936,53.1
196156,Igor Thiago,traditional_9,Traditional No. 9,key_passes_per90,0.1,0.658,23.2
200139,Mohamed Amoura,traditional_9,Traditional No. 9,key_passes_per90,0.1,1.185,83.1
202501,Fisnik Asllani,traditional_9,Traditional No. 9,key_passes_per90,0.1,1.376,95.2
202696,Igor Matanović,traditional_9,Traditional No. 9,key_passes_per90,0.1,1.261,88.9
203040,Tim Lemperle,traditional_9,Traditional No. 9,key_passes_per90,0.1,1.24,86.5
236955,Amin Sarr,traditional_9,Traditional No. 9,key_passes_per90,0.1,1.242,87.0
263481,Lorenzo Colombo,traditional_9,Traditional No. 9,key_passes_per90,0.1,0.727,31.4
263699,Alieu Fadera,traditional_9,Traditional No. 9,key_passes_per90,0.1,0.643,21.7
264122,Nikola Štulić,traditional_9,Traditional No. 9,key_passes_per90,0.1,1.043,65.2
265363,Tiago Tomás,traditional_9,Traditional No. 9,key_passes_per90,0.1,0.953,54.1
269163,Williot Swedberg,traditional_9,Traditional No. 9,key_passes_per90,0.1,0.71,29.5
274312,Mohamed Ali Cho,traditional_9,Traditional No. 9,key_passes_per90,0.1,1.207,84.5
275651,Ange-Yoan Bonny,traditional_9,Traditional No. 9,key_passes_per90,0.1,1.324,91.8
279993,Anton Kade,traditional_9,Traditional No. 9,key_passes_per90,0.1,1.34,92.3
281408,Vitinha,traditional_9,Traditional No. 9,key_passes_per90,0.1,0.679,26.1
283026,Mika Biereth,traditional_9,Traditional No. 9,key_passes_per90,0.1,1.706,100.0
284072,Ahmadou Bamba Dieng,traditional_9,Traditional No. 9,key_passes_per90,0.1,0.811,42.0
286474,Matteo Cancellieri,traditional_9,Traditional No. 9,key_passes_per90,0.1,0.932,52.7
288006,Rasmus Højlund,traditional_9,Traditional No. 9,key_passes_per90,0.1,1.076,72.0
292172,Mateo Pellegrino,traditional_9,Traditional No. 9,key_passes_per90,0.1,0.662,24.6
311067,Santiago Castro,traditional_9,Traditional No. 9,key_passes_per90,0.1,1.066,70.5
312990,Roberto Fernández,traditional_9,Traditional No. 9,key_passes_per90,0.1,0.679,25.6
313059,Mateo Joseph,traditional_9,Traditional No. 9,key_passes_per90,0.1,0.684,27.1
320517,Pablo Durán,traditional_9,Traditional No. 9,key_passes_per90,0.1,0.628,20.3
321648,Emersonn,traditional_9,Traditional No. 9,key_passes_per90,0.1,1.077,72.5
326102,Rômulo,traditional_9,Traditional No. 9,key_passes_per90,0.1,1.062,69.1
331678,Henrik Wendel Meister,traditional_9,Traditional No. 9,key_passes_per90,0.1,0.298,1.9
336567,Semih Kılıçsoy,traditional_9,Traditional No. 9,key_passes_per90,0.1,1.007,61.4
336711,Gonzalo García,traditional_9,Traditional No. 9,key_passes_per90,0.1,1.184,82.4
342188,Dženan Pejčinović,traditional_9,Traditional No. 9,key_passes_per90,0.1,0.754,32.9
343202,Álvaro Rodriguez,traditional_9,Traditional No. 9,key_passes_per90,0.1,1.35,93.2
343684,Thierno Barry,traditional_9,Traditional No. 9,key_passes_per90,0.1,0.559,13.0
345808,Francesco Pio Esposito,traditional_9,Traditional No. 9,key_passes_per90,0.1,1.26,88.4
351587,Tani Oluwaseyi,traditional_9,Traditional No. 9,key_passes_per90,0.1,0.586,15.9
362741,Santiago Hidalgo,traditional_9,Traditional No. 9,key_passes_per90,0.1,0.824,42.5
368260,Gift Orban,traditional_9,Traditional No. 9,key_passes_per90,0.1,0.884,47.3
378284,Etta Eyong,traditional_9,Traditional No. 9,key_passes_per90,0.1,0.793,38.2
380873,Ilyas Ansah,traditional_9,Traditional No. 9,key_passes_per90,0.1,0.754,32.4
390742,Joaquin Panichelli,traditional_9,Traditional No. 9,key_passes_per90,0.1,0.902,48.3
394573,Adrian Liso,traditional_9,Traditional No. 9,key_passes_per90,0.1,0.209,1.0
419916,Conrad Harder,traditional_9,Traditional No. 9,key_passes_per90,0.1,1.371,94.7
421875,Sidiki Cherif,traditional_9,Traditional No. 9,key_passes_per90,0.1,0.387,3.9
432310,Said El Mala,traditional_9,Traditional No. 9,key_passes_per90,0.1,0.92,50.0
450497,Carlos Espí,traditional_9,Traditional No. 9,key_passes_per90,0.1,0.6,17.9
451504,Jeff Ekhator,traditional_9,Traditional No. 9,key_passes_per90,0.1,0.948,53.6
457541,Prosper Peter,traditional_9,Traditional No. 9,key_passes_per90,0.1,0.778,36.7
505295,Christian Kofane,traditional_9,Traditional No. 9,key_passes_per90,0.1,1.206,84.1
483,Khvicha Kvaratskhelia,direct_winger,Direct Forward,dribble_success_pct,0.3,57.895,90.9
552,David Neres,direct_winger,Direct Forward,dribble_success_pct,0.3,38.0,22.7
697,Manor Solomon,direct_winger,Direct Forward,dribble_success_pct,0.3,65.957,100.0
762,Vinicius Júnior,direct_winger,Direct Forward,dribble_success_pct,0.3,44.615,45.5
786,Nicolò Zaniolo,direct_winger,Direct Forward,dribble_success_pct,0.3,35.106,4.5
875,Paulo Dybala,direct_winger,Direct Forward,dribble_success_pct,0.3,35.185,6.8
1165,Matheus Cunha,direct_winger,Direct Forward,dribble_success_pct,0.3,48.352,61.4
1460,Bukayo Saka,direct_winger,Direct Forward,dribble_success_pct,0.3,49.505,65.9
2710,Sofiane Boufal,direct_winger,Direct Forward,dribble_success_pct,0.3,42.373,34.1
7334,Karim Adeyemi,direct_winger,Direct Forward,dribble_success_pct,0.3,36.486,13.6
20634,Alexis Claude-Maurice,direct_winger,Direct Forward,dribble_success_pct,0.3,53.659,84.1
22842,Jean-Philippe Krasso,direct_winger,Direct Forward,dribble_success_pct,0.3,37.5,20.5
30531,Jérémie Boga,direct_winger,Direct Forward,dribble_success_pct,0.3,51.471,72.7
30937,Mattia Zaccagni,direct_winger,Direct Forward,dribble_success_pct,0.3,38.333,29.5
31507,Riccardo Sottil,direct_winger,Direct Forward,dribble_success_pct,0.3,33.333,2.3
31624,Gabriel Strefezza,direct_winger,Direct Forward,dribble_success_pct,0.3,51.515,75.0
37882,Marcus Edwards,direct_winger,Direct Forward,dribble_success_pct,0.3,36.842,15.9
39121,Chidera Ejuke,direct_winger,Direct Forward,dribble_success_pct,0.3,61.957,97.7
48389,Noah Okafor,direct_winger,Direct Forward,dribble_success_pct,0.3,42.391,36.4
84128,Yann Gboho,direct_winger,Direct Forward,dribble_success_pct,0.3,49.677,68.2
134926,Daniel Maldini,direct_winger,Direct Forward,dribble_success_pct,0.3,47.059,54.5
135519,Gustav Isaksen,direct_winger,Direct Forward,dribble_success_pct,0.3,38.028,25.0
136723,Noni Madueke,direct_winger,Direct Forward,dribble_success_pct,0.3,47.541,56.8
138787,Anthony Gordon,direct_winger,Direct Forward,dribble_success_pct,0.3,46.479,50.0
138935,Carney Chukwuemeka,direct_winger,Direct Forward,dribble_success_pct,0.3,46.809,52.3
147859,Charles De Ketelaere,direct_winger,Direct Forward,dribble_success_pct,0.3,50.0,70.5
153430,Anthony Elanga,direct_winger,Direct Forward,dribble_success_pct,0.3,30.952,0.0
161585,Francisco Conceição,direct_winger,Direct Forward,dribble_success_pct,0.3,52.941,81.8
199837,Kamaldeen Sulemana,direct_winger,Direct Forward,dribble_success_pct,0.3,44.898,47.7
286639,Bryan Zaragoza,direct_winger,Direct Forward,dribble_success_pct,0.3,41.25,31.8
312615,Giovane,direct_winger,Direct Forward,dribble_success_pct,0.3,42.857,38.6
314511,Antonio Nusa,direct_winger,Direct Forward,dribble_success_pct,0.3,52.713,79.5
322865,Karim Dermane,direct_winger,Direct Forward,dribble_success_pct,0.3,47.619,59.1
323936,Matías Soulé,direct_winger,Direct Forward,dribble_success_pct,0.3,37.234,18.2
339883,Kenan Yıldız,direct_winger,Direct Forward,dribble_success_pct,0.3,52.349,77.3
342035,Cristian Volpato,direct_winger,Direct Forward,dribble_success_pct,0.3,43.396,40.9
343027,Désiré Doué,direct_winger,Direct Forward,dribble_success_pct,0.3,44.444,43.2
346866,Samuel Mbangula,direct_winger,Direct Forward,dribble_success_pct,0.3,55.556,86.4
362564,Adam Daghim,direct_winger,Direct Forward,dribble_success_pct,0.3,36.066,9.1
369674,Jean-Mattéo Bahoya,direct_winger,Direct Forward,dribble_success_pct,0.3,59.42,93.2
377122,Endrick,direct_winger,Direct Forward,dribble_success_pct,0.3,48.684,63.6
380587,Ibrahim Maza,direct_winger,Direct Forward,dribble_success_pct,0.3,56.471,88.6
446249,Ibrahim Mbaye,direct_winger,Direct Forward,dribble_success_pct,0.3,38.182,27.3
456206,Mateus Mané,direct_winger,Direct Forward,dribble_success_pct,0.3,36.145,11.4
513776,Yan Diomande,direct_winger,Direct Forward,dribble_success_pct,0.3,59.898,95.5
483,Khvicha Kvaratskhelia,direct_winger,Direct Forward,goals_per90,0.25,0.486,95.5
552,David Neres,direct_winger,Direct Forward,goals_per90,0.25,0.292,75.0
697,Manor Solomon,direct_winger,Direct Forward,goals_per90,0.25,0.256,63.6
762,Vinicius Júnior,direct_winger,Direct Forward,goals_per90,0.25,0.51,97.7
786,Nicolò Zaniolo,direct_winger,Direct Forward,goals_per90,0.25,0.198,52.3
875,Paulo Dybala,direct_winger,Direct Forward,goals_per90,0.25,0.133,25.0
1165,Matheus Cunha,direct_winger,Direct Forward,goals_per90,0.25,0.36,81.8
1460,Bukayo Saka,direct_winger,Direct Forward,goals_per90,0.25,0.283,72.7
2710,Sofiane Boufal,direct_winger,Direct Forward,goals_per90,0.25,0.088,11.4
7334,Karim Adeyemi,direct_winger,Direct Forward,goals_per90,0.25,0.519,100.0
20634,Alexis Claude-Maurice,direct_winger,Direct Forward,goals_per90,0.25,0.214,56.8
22842,Jean-Philippe Krasso,direct_winger,Direct Forward,goals_per90,0.25,0.164,36.4
30531,Jérémie Boga,direct_winger,Direct Forward,goals_per90,0.25,0.406,86.4
30937,Mattia Zaccagni,direct_winger,Direct Forward,goals_per90,0.25,0.128,20.5
31507,Riccardo Sottil,direct_winger,Direct Forward,goals_per90,0.25,0.084,9.1
31624,Gabriel Strefezza,direct_winger,Direct Forward,goals_per90,0.25,0.177,43.2
37882,Marcus Edwards,direct_winger,Direct Forward,goals_per90,0.25,0.084,6.8
39121,Chidera Ejuke,direct_winger,Direct Forward,goals_per90,0.25,0.094,13.6
48389,Noah Okafor,direct_winger,Direct Forward,goals_per90,0.25,0.458,90.9
84128,Yann Gboho,direct_winger,Direct Forward,goals_per90,0.25,0.276,68.2
134926,Daniel Maldini,direct_winger,Direct Forward,goals_per90,0.25,0.188,47.7
135519,Gustav Isaksen,direct_winger,Direct Forward,goals_per90,0.25,0.282,70.5
136723,Noni Madueke,direct_winger,Direct Forward,goals_per90,0.25,0.147,31.8
138787,Anthony Gordon,direct_winger,Direct Forward,goals_per90,0.25,0.297,77.3
138935,Carney Chukwuemeka,direct_winger,Direct Forward,goals_per90,0.25,0.192,50.0
147859,Charles De Ketelaere,direct_winger,Direct Forward,goals_per90,0.25,0.123,18.2
153430,Anthony Elanga,direct_winger,Direct Forward,goals_per90,0.25,0.0,0.0
161585,Francisco Conceição,direct_winger,Direct Forward,goals_per90,0.25,0.129,22.7
199837,Kamaldeen Sulemana,direct_winger,Direct Forward,goals_per90,0.25,0.179,45.5
286639,Bryan Zaragoza,direct_winger,Direct Forward,goals_per90,0.25,0.071,4.5
312615,Giovane,direct_winger,Direct Forward,goals_per90,0.25,0.143,27.3
314511,Antonio Nusa,direct_winger,Direct Forward,goals_per90,0.25,0.177,40.9
322865,Karim Dermane,direct_winger,Direct Forward,goals_per90,0.25,0.066,2.3
323936,Matías Soulé,direct_winger,Direct Forward,goals_per90,0.25,0.249,61.4
339883,Kenan Yıldız,direct_winger,Direct Forward,goals_per90,0.25,0.317,79.5
342035,Cristian Volpato,direct_winger,Direct Forward,goals_per90,0.25,0.165,38.6
343027,Désiré Doué,direct_winger,Direct Forward,goals_per90,0.25,0.465,93.2
346866,Samuel Mbangula,direct_winger,Direct Forward,goals_per90,0.25,0.228,59.1
362564,Adam Daghim,direct_winger,Direct Forward,goals_per90,0.25,0.117,15.9
369674,Jean-Mattéo Bahoya,direct_winger,Direct Forward,goals_per90,0.25,0.202,54.5
377122,Endrick,direct_winger,Direct Forward,goals_per90,0.25,0.365,84.1
380587,Ibrahim Maza,direct_winger,Direct Forward,goals_per90,0.25,0.145,29.5
446249,Ibrahim Mbaye,direct_winger,Direct Forward,goals_per90,0.25,0.271,65.9
456206,Mateus Mané,direct_winger,Direct Forward,goals_per90,0.25,0.15,34.1
513776,Yan Diomande,direct_winger,Direct Forward,goals_per90,0.25,0.436,88.6
483,Khvicha Kvaratskhelia,direct_winger,Direct Forward,shot_accuracy_pct,0.15,60.417,79.5
552,David Neres,direct_winger,Direct Forward,shot_accuracy_pct,0.15,40.0,15.9
697,Manor Solomon,direct_winger,Direct Forward,shot_accuracy_pct,0.15,71.429,100.0
762,Vinicius Júnior,direct_winger,Direct Forward,shot_accuracy_pct,0.15,61.333,81.8
786,Nicolò Zaniolo,direct_winger,Direct Forward,shot_accuracy_pct,0.15,46.809,29.5
875,Paulo Dybala,direct_winger,Direct Forward,shot_accuracy_pct,0.15,62.069,86.4
1165,Matheus Cunha,direct_winger,Direct Forward,shot_accuracy_pct,0.15,60.345,77.3
1460,Bukayo Saka,direct_winger,Direct Forward,shot_accuracy_pct,0.15,57.447,68.2
2710,Sofiane Boufal,direct_winger,Direct Forward,shot_accuracy_pct,0.15,30.769,9.1
7334,Karim Adeyemi,direct_winger,Direct Forward,shot_accuracy_pct,0.15,53.846,56.8
20634,Alexis Claude-Maurice,direct_winger,Direct Forward,shot_accuracy_pct,0.15,44.828,25.0
22842,Jean-Philippe Krasso,direct_winger,Direct Forward,shot_accuracy_pct,0.15,41.667,18.2
30531,Jérémie Boga,direct_winger,Direct Forward,shot_accuracy_pct,0.15,56.667,65.9
30937,Mattia Zaccagni,direct_winger,Direct Forward,shot_accuracy_pct,0.15,51.852,47.7
31507,Riccardo Sottil,direct_winger,Direct Forward,shot_accuracy_pct,0.15,30.0,6.8
31624,Gabriel Strefezza,direct_winger,Direct Forward,shot_accuracy_pct,0.15,38.889,13.6
37882,Marcus Edwards,direct_winger,Direct Forward,shot_accuracy_pct,0.15,42.857,20.5
39121,Chidera Ejuke,direct_winger,Direct Forward,shot_accuracy_pct,0.15,25.0,4.5
48389,Noah Okafor,direct_winger,Direct Forward,shot_accuracy_pct,0.15,60.0,72.7
84128,Yann Gboho,direct_winger,Direct Forward,shot_accuracy_pct,0.15,47.059,31.8
134926,Daniel Maldini,direct_winger,Direct Forward,shot_accuracy_pct,0.15,46.667,27.3
135519,Gustav Isaksen,direct_winger,Direct Forward,shot_accuracy_pct,0.15,55.882,63.6
136723,Noni Madueke,direct_winger,Direct Forward,shot_accuracy_pct,0.15,60.0,72.7
138787,Anthony Gordon,direct_winger,Direct Forward,shot_accuracy_pct,0.15,54.054,59.1
138935,Carney Chukwuemeka,direct_winger,Direct Forward,shot_accuracy_pct,0.15,16.667,2.3
147859,Charles De Ketelaere,direct_winger,Direct Forward,shot_accuracy_pct,0.15,53.333,54.5
153430,Anthony Elanga,direct_winger,Direct Forward,shot_accuracy_pct,0.15,33.333,11.4
161585,Francisco Conceição,direct_winger,Direct Forward,shot_accuracy_pct,0.15,51.111,45.5
199837,Kamaldeen Sulemana,direct_winger,Direct Forward,shot_accuracy_pct,0.15,52.632,52.3
286639,Bryan Zaragoza,direct_winger,Direct Forward,shot_accuracy_pct,0.15,61.905,84.1
312615,Giovane,direct_winger,Direct Forward,shot_accuracy_pct,0.15,71.053,97.7
314511,Antonio Nusa,direct_winger,Direct Forward,shot_accuracy_pct,0.15,47.619,34.1
322865,Karim Dermane,direct_winger,Direct Forward,shot_accuracy_pct,0.15,14.286,0.0
323936,Matías Soulé,direct_winger,Direct Forward,shot_accuracy_pct,0.15,48.649,38.6
339883,Kenan Yıldız,direct_winger,Direct Forward,shot_accuracy_pct,0.15,62.5,88.6
342035,Cristian Volpato,direct_winger,Direct Forward,shot_accuracy_pct,0.15,50.0,43.2
343027,Désiré Doué,direct_winger,Direct Forward,shot_accuracy_pct,0.15,48.718,40.9
346866,Samuel Mbangula,direct_winger,Direct Forward,shot_accuracy_pct,0.15,66.667,95.5
362564,Adam Daghim,direct_winger,Direct Forward,shot_accuracy_pct,0.15,52.381,50.0
369674,Jean-Mattéo Bahoya,direct_winger,Direct Forward,shot_accuracy_pct,0.15,60.0,72.7
377122,Endrick,direct_winger,Direct Forward,shot_accuracy_pct,0.15,63.415,92.0
380587,Ibrahim Maza,direct_winger,Direct Forward,shot_accuracy_pct,0.15,44.737,22.7
446249,Ibrahim Mbaye,direct_winger,Direct Forward,shot_accuracy_pct,0.15,55.556,61.4
456206,Mateus Mané,direct_winger,Direct Forward,shot_accuracy_pct,0.15,48.571,36.4
513776,Yan Diomande,direct_winger,Direct Forward,shot_accuracy_pct,0.15,63.415,92.0
483,Khvicha Kvaratskhelia,direct_winger,Direct Forward,fouls_drawn_per90,0.15,1.578,40.9
552,David Neres,direct_winger,Direct Forward,fouls_drawn_per90,0.15,0.681,0.0
697,Manor Solomon,direct_winger,Direct Forward,fouls_drawn_per90,0.15,1.534,34.1
762,Vinicius Júnior,direct_winger,Direct Forward,fouls_drawn_per90,0.15,2.581,88.6
786,Nicolò Zaniolo,direct_winger,Direct Forward,fouls_drawn_per90,0.15,2.42,79.5
875,Paulo Dybala,direct_winger,Direct Forward,fouls_drawn_per90,0.15,2.657,90.9
1165,Matheus Cunha,direct_winger,Direct Forward,fouls_drawn_per90,0.15,1.942,65.9
1460,Bukayo Saka,direct_winger,Direct Forward,fouls_drawn_per90,0.15,2.184,70.5
2710,Sofiane Boufal,direct_winger,Direct Forward,fouls_drawn_per90,0.15,2.802,93.2
7334,Karim Adeyemi,direct_winger,Direct Forward,fouls_drawn_per90,0.15,1.852,61.4
20634,Alexis Claude-Maurice,direct_winger,Direct Forward,fouls_drawn_per90,0.15,1.794,59.1
22842,Jean-Philippe Krasso,direct_winger,Direct Forward,fouls_drawn_per90,0.15,1.556,36.4
30531,Jérémie Boga,direct_winger,Direct Forward,fouls_drawn_per90,0.15,1.287,18.2
30937,Mattia Zaccagni,direct_winger,Direct Forward,fouls_drawn_per90,0.15,3.491,100.0
31507,Riccardo Sottil,direct_winger,Direct Forward,fouls_drawn_per90,0.15,2.267,72.7
31624,Gabriel Strefezza,direct_winger,Direct Forward,fouls_drawn_per90,0.15,2.483,81.8
37882,Marcus Edwards,direct_winger,Direct Forward,fouls_drawn_per90,0.15,1.51,31.8
39121,Chidera Ejuke,direct_winger,Direct Forward,fouls_drawn_per90,0.15,1.509,29.5
48389,Noah Okafor,direct_winger,Direct Forward,fouls_drawn_per90,0.15,0.801,2.3
84128,Yann Gboho,direct_winger,Direct Forward,fouls_drawn_per90,0.15,2.381,77.3
134926,Daniel Maldini,direct_winger,Direct Forward,fouls_drawn_per90,0.15,2.545,84.1
135519,Gustav Isaksen,direct_winger,Direct Forward,fouls_drawn_per90,0.15,3.21,97.7
136723,Noni Madueke,direct_winger,Direct Forward,fouls_drawn_per90,0.15,1.101,6.8
138787,Anthony Gordon,direct_winger,Direct Forward,fouls_drawn_per90,0.15,1.981,68.2
138935,Carney Chukwuemeka,direct_winger,Direct Forward,fouls_drawn_per90,0.15,1.438,20.5
147859,Charles De Ketelaere,direct_winger,Direct Forward,fouls_drawn_per90,0.15,1.481,25.0
153430,Anthony Elanga,direct_winger,Direct Forward,fouls_drawn_per90,0.15,1.682,45.5
161585,Francisco Conceição,direct_winger,Direct Forward,fouls_drawn_per90,0.15,1.716,50.0
199837,Kamaldeen Sulemana,direct_winger,Direct Forward,fouls_drawn_per90,0.15,1.25,15.9
286639,Bryan Zaragoza,direct_winger,Direct Forward,fouls_drawn_per90,0.15,1.559,38.6
312615,Giovane,direct_winger,Direct Forward,fouls_drawn_per90,0.15,1.147,9.1
314511,Antonio Nusa,direct_winger,Direct Forward,fouls_drawn_per90,0.15,2.83,95.5
322865,Karim Dermane,direct_winger,Direct Forward,fouls_drawn_per90,0.15,2.575,86.4
323936,Matías Soulé,direct_winger,Direct Forward,fouls_drawn_per90,0.15,1.703,47.7
339883,Kenan Yıldız,direct_winger,Direct Forward,fouls_drawn_per90,0.15,1.776,56.8
342035,Cristian Volpato,direct_winger,Direct Forward,fouls_drawn_per90,0.15,0.908,4.5
343027,Désiré Doué,direct_winger,Direct Forward,fouls_drawn_per90,0.15,1.858,63.6
346866,Samuel Mbangula,direct_winger,Direct Forward,fouls_drawn_per90,0.15,1.751,54.5
362564,Adam Daghim,direct_winger,Direct Forward,fouls_drawn_per90,0.15,1.457,22.7
369674,Jean-Mattéo Bahoya,direct_winger,Direct Forward,fouls_drawn_per90,0.15,1.483,27.3
377122,Endrick,direct_winger,Direct Forward,fouls_drawn_per90,0.15,1.606,43.2
380587,Ibrahim Maza,direct_winger,Direct Forward,fouls_drawn_per90,0.15,1.743,52.3
446249,Ibrahim Mbaye,direct_winger,Direct Forward,fouls_drawn_per90,0.15,1.174,11.4
456206,Mateus Mané,direct_winger,Direct Forward,fouls_drawn_per90,0.15,2.351,75.0
513776,Yan Diomande,direct_winger,Direct Forward,fouls_drawn_per90,0.15,1.236,13.6
483,Khvicha Kvaratskhelia,direct_winger,Direct Forward,key_passes_per90,0.15,2.063,77.3
552,David Neres,direct_winger,Direct Forward,key_passes_per90,0.15,2.043,75.0
697,Manor Solomon,direct_winger,Direct Forward,key_passes_per90,0.15,2.301,88.6
762,Vinicius Júnior,direct_winger,Direct Forward,key_passes_per90,0.15,2.23,86.4
786,Nicolò Zaniolo,direct_winger,Direct Forward,key_passes_per90,0.15,2.102,81.8
875,Paulo Dybala,direct_winger,Direct Forward,key_passes_per90,0.15,3.653,100.0
1165,Matheus Cunha,direct_winger,Direct Forward,key_passes_per90,0.15,1.258,27.3
1460,Bukayo Saka,direct_winger,Direct Forward,key_passes_per90,0.15,2.548,95.5
2710,Sofiane Boufal,direct_winger,Direct Forward,key_passes_per90,0.15,2.451,93.2
7334,Karim Adeyemi,direct_winger,Direct Forward,key_passes_per90,0.15,1.185,18.2
20634,Alexis Claude-Maurice,direct_winger,Direct Forward,key_passes_per90,0.15,1.41,34.1
22842,Jean-Philippe Krasso,direct_winger,Direct Forward,key_passes_per90,0.15,1.965,65.9
30531,Jérémie Boga,direct_winger,Direct Forward,key_passes_per90,0.15,1.896,56.8
30937,Mattia Zaccagni,direct_winger,Direct Forward,key_passes_per90,0.15,1.49,38.6
31507,Riccardo Sottil,direct_winger,Direct Forward,key_passes_per90,0.15,2.015,72.7
31624,Gabriel Strefezza,direct_winger,Direct Forward,key_passes_per90,0.15,1.241,25.0
37882,Marcus Edwards,direct_winger,Direct Forward,key_passes_per90,0.15,1.678,50.0
39121,Chidera Ejuke,direct_winger,Direct Forward,key_passes_per90,0.15,1.226,22.7
48389,Noah Okafor,direct_winger,Direct Forward,key_passes_per90,0.15,1.144,13.6
84128,Yann Gboho,direct_winger,Direct Forward,key_passes_per90,0.15,1.967,68.2
134926,Daniel Maldini,direct_winger,Direct Forward,key_passes_per90,0.15,1.037,4.5
135519,Gustav Isaksen,direct_winger,Direct Forward,key_passes_per90,0.15,0.957,0.0
136723,Noni Madueke,direct_winger,Direct Forward,key_passes_per90,0.15,1.615,47.7
138787,Anthony Gordon,direct_winger,Direct Forward,key_passes_per90,0.15,1.288,29.5
138935,Carney Chukwuemeka,direct_winger,Direct Forward,key_passes_per90,0.15,1.054,6.8
147859,Charles De Ketelaere,direct_winger,Direct Forward,key_passes_per90,0.15,2.591,97.7
153430,Anthony Elanga,direct_winger,Direct Forward,key_passes_per90,0.15,1.009,2.3
161585,Francisco Conceição,direct_winger,Direct Forward,key_passes_per90,0.15,1.802,52.3
199837,Kamaldeen Sulemana,direct_winger,Direct Forward,key_passes_per90,0.15,1.161,15.9
286639,Bryan Zaragoza,direct_winger,Direct Forward,key_passes_per90,0.15,1.559,45.5
312615,Giovane,direct_winger,Direct Forward,key_passes_per90,0.15,1.529,40.9
314511,Antonio Nusa,direct_winger,Direct Forward,key_passes_per90,0.15,1.459,36.4
322865,Karim Dermane,direct_winger,Direct Forward,key_passes_per90,0.15,1.056,9.1
323936,Matías Soulé,direct_winger,Direct Forward,key_passes_per90,0.15,1.91,61.4
339883,Kenan Yıldız,direct_winger,Direct Forward,key_passes_per90,0.15,2.41,90.9
342035,Cristian Volpato,direct_winger,Direct Forward,key_passes_per90,0.15,1.899,59.1
343027,Désiré Doué,direct_winger,Direct Forward,key_passes_per90,0.15,1.925,63.6
346866,Samuel Mbangula,direct_winger,Direct Forward,key_passes_per90,0.15,1.142,11.4
362564,Adam Daghim,direct_winger,Direct Forward,key_passes_per90,0.15,1.224,20.5
369674,Jean-Mattéo Bahoya,direct_winger,Direct Forward,key_passes_per90,0.15,2.09,79.5
377122,Endrick,direct_winger,Direct Forward,key_passes_per90,0.15,2.19,84.1
380587,Ibrahim Maza,direct_winger,Direct Forward,key_passes_per90,0.15,1.404,31.8
446249,Ibrahim Mbaye,direct_winger,Direct Forward,key_passes_per90,0.15,1.805,54.5
456206,Mateus Mané,direct_winger,Direct Forward,key_passes_per90,0.15,1.551,43.2
513776,Yan Diomande,direct_winger,Direct Forward,key_passes_per90,0.15,1.999,70.5
17,Christian Pulišić,linking_winger,Linking Forward,key_passes_per90,0.3,2.122,75.5
22,Jacob Bruun Larsen,linking_winger,Linking Forward,key_passes_per90,0.3,1.04,0.0
56,Antoine Griezmann,linking_winger,Linking Forward,key_passes_per90,0.3,1.951,67.3
153,Ousmane Dembélé,linking_winger,Linking Forward,key_passes_per90,0.3,3.475,100.0
215,Sebastiano Esposito,linking_winger,Linking Forward,key_passes_per90,0.3,2.368,89.8
278,Kylian Mbappé,linking_winger,Linking Forward,key_passes_per90,0.3,2.247,85.7
782,Lorenzo Pellegrini,linking_winger,Linking Forward,key_passes_per90,0.3,1.708,53.1
842,Nikola Vlašić,linking_winger,Linking Forward,key_passes_per90,0.3,1.592,34.7
873,Federico Bernardeschi,linking_winger,Linking Forward,key_passes_per90,0.3,2.209,81.6
910,Alexis Sánchez,linking_winger,Linking Forward,key_passes_per90,0.3,1.793,57.1
984,Julian Brandt,linking_winger,Linking Forward,key_passes_per90,0.3,1.659,46.9
1672,Danel Sinani,linking_winger,Linking Forward,key_passes_per90,0.3,2.045,73.5
1707,Gerard Moreno,linking_winger,Linking Forward,key_passes_per90,0.3,1.533,28.6
1922,Florian Thauvin,linking_winger,Linking Forward,key_passes_per90,0.3,2.927,98.0
1946,Leandro Trossard,linking_winger,Linking Forward,key_passes_per90,0.3,1.615,38.8
2215,Armand Laurienté,linking_winger,Linking Forward,key_passes_per90,0.3,1.859,65.3
2299,Pedro,linking_winger,Linking Forward,key_passes_per90,0.3,1.813,59.2
2799,Albert Guðmundsson,linking_winger,Linking Forward,key_passes_per90,0.3,1.273,14.3
6009,Julián Alvarez,linking_winger,Linking Forward,key_passes_per90,0.3,2.224,83.7
7073,Marco Grüll,linking_winger,Linking Forward,key_passes_per90,0.3,1.47,24.5
8483,Jean-Luc Dompé,linking_winger,Linking Forward,key_passes_per90,0.3,2.614,95.9
8489,Jonathan David,linking_winger,Linking Forward,key_passes_per90,0.3,1.655,42.9
18767,Ademola Lookman,linking_winger,Linking Forward,key_passes_per90,0.3,1.776,55.1
19128,Jack Harrison,linking_winger,Linking Forward,key_passes_per90,0.3,1.232,4.1
19163,Jacob Murphy,linking_winger,Linking Forward,key_passes_per90,0.3,1.272,12.2
19220,Mason Mount,linking_winger,Linking Forward,key_passes_per90,0.3,1.238,6.1
20589,Bryan Mbeumo,linking_winger,Linking Forward,key_passes_per90,0.3,1.614,36.7
20784,Franck Honorat,linking_winger,Linking Forward,key_passes_per90,0.3,2.038,71.4
21715,Wesley Saïd,linking_winger,Linking Forward,key_passes_per90,0.3,1.209,2.0
22171,Jean Victor Makengo,linking_winger,Linking Forward,key_passes_per90,0.3,1.241,8.2
25635,Jonas Hofmann,linking_winger,Linking Forward,key_passes_per90,0.3,1.419,22.4
30537,Domenico Berardi,linking_winger,Linking Forward,key_passes_per90,0.3,1.508,26.5
30543,Giacomo Raspadori,linking_winger,Linking Forward,key_passes_per90,0.3,1.814,61.2
41725,Fábio Vieira,linking_winger,Linking Forward,key_passes_per90,0.3,1.585,32.7
47445,Iago Aspas,linking_winger,Linking Forward,key_passes_per90,0.3,2.416,91.8
85041,Amine Gouiri,linking_winger,Linking Forward,key_passes_per90,0.3,2.169,77.6
135775,Ansu Fati,linking_winger,Linking Forward,key_passes_per90,0.3,1.243,10.2
161904,Bradley Barcola,linking_winger,Linking Forward,key_passes_per90,0.3,1.954,69.4
162037,Malik Tillman,linking_winger,Linking Forward,key_passes_per90,0.3,1.385,18.4
163032,Fabian Rieder,linking_winger,Linking Forward,key_passes_per90,0.3,1.657,44.9
178749,Lazar Samardžić,linking_winger,Linking Forward,key_passes_per90,0.3,2.451,93.9
184226,Yéremy Pino,linking_winger,Linking Forward,key_passes_per90,0.3,2.19,79.6
274300,Maghnes Akliouche,linking_winger,Linking Forward,key_passes_per90,0.3,1.643,40.8
276662,Pablo Pagis,linking_winger,Linking Forward,key_passes_per90,0.3,2.288,87.8
283058,Nicolas Jackson,linking_winger,Linking Forward,key_passes_per90,0.3,1.562,30.6
312840,Ernest Poku,linking_winger,Linking Forward,key_passes_per90,0.3,1.698,51.0
329720,Hugo Álvarez,linking_winger,Linking Forward,key_passes_per90,0.3,1.675,49.0
336564,Wilson Odobert,linking_winger,Linking Forward,key_passes_per90,0.3,1.818,63.3
340077,Matías Fernández-Pardo,linking_winger,Linking Forward,key_passes_per90,0.3,1.362,16.3
348888,Mert Kömür,linking_winger,Linking Forward,key_passes_per90,0.3,1.412,20.4
17,Christian Pulišić,linking_winger,Linking Forward,assists_per90,0.25,0.223,79.6
22,Jacob Bruun Larsen,linking_winger,Linking Forward,assists_per90,0.25,0.087,16.3
56,Antoine Griezmann,linking_winger,Linking Forward,assists_per90,0.25,0.244,85.7
153,Ousmane Dembélé,linking_winger,Linking Forward,assists_per90,0.25,0.593,100.0
215,Sebastiano Esposito,linking_winger,Linking Forward,assists_per90,0.25,0.167,49.0
278,Kylian Mbappé,linking_winger,Linking Forward,assists_per90,0.25,0.173,53.1
782,Lorenzo Pellegrini,linking_winger,Linking Forward,assists_per90,0.25,0.122,36.7
842,Nikola Vlašić,linking_winger,Linking Forward,assists_per90,0.25,0.088,22.4
873,Federico Bernardeschi,linking_winger,Linking Forward,assists_per90,0.25,0.147,44.9
910,Alexis Sánchez,linking_winger,Linking Forward,assists_per90,0.25,0.138,42.9
984,Julian Brandt,linking_winger,Linking Forward,assists_per90,0.25,0.221,77.6
1672,Danel Sinani,linking_winger,Linking Forward,assists_per90,0.25,0.131,38.8
1707,Gerard Moreno,linking_winger,Linking Forward,assists_per90,0.25,0.0,5.1
1922,Florian Thauvin,linking_winger,Linking Forward,assists_per90,0.25,0.22,75.5
1946,Leandro Trossard,linking_winger,Linking Forward,assists_per90,0.25,0.269,91.8
2215,Armand Laurienté,linking_winger,Linking Forward,assists_per90,0.25,0.31,98.0
2299,Pedro,linking_winger,Linking Forward,assists_per90,0.25,0.181,57.1
2799,Albert Guðmundsson,linking_winger,Linking Forward,assists_per90,0.25,0.159,46.9
6009,Julián Alvarez,linking_winger,Linking Forward,assists_per90,0.25,0.189,65.3
7073,Marco Grüll,linking_winger,Linking Forward,assists_per90,0.25,0.045,12.2
8483,Jean-Luc Dompé,linking_winger,Linking Forward,assists_per90,0.25,0.0,5.1
8489,Jonathan David,linking_winger,Linking Forward,assists_per90,0.25,0.201,67.3
18767,Ademola Lookman,linking_winger,Linking Forward,assists_per90,0.25,0.0,5.1
19128,Jack Harrison,linking_winger,Linking Forward,assists_per90,0.25,0.217,73.5
19163,Jacob Murphy,linking_winger,Linking Forward,assists_per90,0.25,0.111,32.7
19220,Mason Mount,linking_winger,Linking Forward,assists_per90,0.25,0.0,5.1
20589,Bryan Mbeumo,linking_winger,Linking Forward,assists_per90,0.25,0.103,28.6
20784,Franck Honorat,linking_winger,Linking Forward,assists_per90,0.25,0.272,93.9
21715,Wesley Saïd,linking_winger,Linking Forward,assists_per90,0.25,0.09,24.5
22171,Jean Victor Makengo,linking_winger,Linking Forward,assists_per90,0.25,0.099,26.5
25635,Jonas Hofmann,linking_winger,Linking Forward,assists_per90,0.25,0.177,55.1
30537,Domenico Berardi,linking_winger,Linking Forward,assists_per90,0.25,0.183,61.2
30543,Giacomo Raspadori,linking_winger,Linking Forward,assists_per90,0.25,0.173,51.0
41725,Fábio Vieira,linking_winger,Linking Forward,assists_per90,0.25,0.203,69.4
47445,Iago Aspas,linking_winger,Linking Forward,assists_per90,0.25,0.234,83.7
85041,Amine Gouiri,linking_winger,Linking Forward,assists_per90,0.25,0.203,71.4
135775,Ansu Fati,linking_winger,Linking Forward,assists_per90,0.25,0.0,5.1
161904,Bradley Barcola,linking_winger,Linking Forward,assists_per90,0.25,0.051,14.3
162037,Malik Tillman,linking_winger,Linking Forward,assists_per90,0.25,0.0,5.1
163032,Fabian Rieder,linking_winger,Linking Forward,assists_per90,0.25,0.108,30.6
178749,Lazar Samardžić,linking_winger,Linking Forward,assists_per90,0.25,0.088,20.4
184226,Yéremy Pino,linking_winger,Linking Forward,assists_per90,0.25,0.119,34.7
274300,Maghnes Akliouche,linking_winger,Linking Forward,assists_per90,0.25,0.224,81.6
276662,Pablo Pagis,linking_winger,Linking Forward,assists_per90,0.25,0.254,89.8
283058,Nicolas Jackson,linking_winger,Linking Forward,assists_per90,0.25,0.087,18.4
312840,Ernest Poku,linking_winger,Linking Forward,assists_per90,0.25,0.303,95.9
329720,Hugo Álvarez,linking_winger,Linking Forward,assists_per90,0.25,0.134,40.8
336564,Wilson Odobert,linking_winger,Linking Forward,assists_per90,0.25,0.182,59.2
340077,Matías Fernández-Pardo,linking_winger,Linking Forward,assists_per90,0.25,0.189,63.3
348888,Mert Kömür,linking_winger,Linking Forward,assists_per90,0.25,0.246,87.8
17,Christian Pulišić,linking_winger,Linking Forward,pass_accuracy_pct,0.15,85.928,91.8
22,Jacob Bruun Larsen,linking_winger,Linking Forward,pass_accuracy_pct,0.15,81.507,44.9
56,Antoine Griezmann,linking_winger,Linking Forward,pass_accuracy_pct,0.15,82.579,57.1
153,Ousmane Dembélé,linking_winger,Linking Forward,pass_accuracy_pct,0.15,83.087,63.3
215,Sebastiano Esposito,linking_winger,Linking Forward,pass_accuracy_pct,0.15,75.573,10.2
278,Kylian Mbappé,linking_winger,Linking Forward,pass_accuracy_pct,0.15,86.473,93.9
782,Lorenzo Pellegrini,linking_winger,Linking Forward,pass_accuracy_pct,0.15,77.126,20.4
842,Nikola Vlašić,linking_winger,Linking Forward,pass_accuracy_pct,0.15,83.81,79.6
873,Federico Bernardeschi,linking_winger,Linking Forward,pass_accuracy_pct,0.15,87.222,98.0
910,Alexis Sánchez,linking_winger,Linking Forward,pass_accuracy_pct,0.15,74.55,6.1
984,Julian Brandt,linking_winger,Linking Forward,pass_accuracy_pct,0.15,80.896,40.8
1672,Danel Sinani,linking_winger,Linking Forward,pass_accuracy_pct,0.15,74.214,2.0
1707,Gerard Moreno,linking_winger,Linking Forward,pass_accuracy_pct,0.15,79.189,32.7
1922,Florian Thauvin,linking_winger,Linking Forward,pass_accuracy_pct,0.15,78.994,28.6
1946,Leandro Trossard,linking_winger,Linking Forward,pass_accuracy_pct,0.15,77.015,16.3
2215,Armand Laurienté,linking_winger,Linking Forward,pass_accuracy_pct,0.15,84.644,83.7
2299,Pedro,linking_winger,Linking Forward,pass_accuracy_pct,0.15,87.474,100.0
2799,Albert Guðmundsson,linking_winger,Linking Forward,pass_accuracy_pct,0.15,86.77,95.9
6009,Julián Alvarez,linking_winger,Linking Forward,pass_accuracy_pct,0.15,83.454,71.4
7073,Marco Grüll,linking_winger,Linking Forward,pass_accuracy_pct,0.15,77.11,18.4
8483,Jean-Luc Dompé,linking_winger,Linking Forward,pass_accuracy_pct,0.15,80.836,38.8
8489,Jonathan David,linking_winger,Linking Forward,pass_accuracy_pct,0.15,78.967,26.5
18767,Ademola Lookman,linking_winger,Linking Forward,pass_accuracy_pct,0.15,81.087,42.9
19128,Jack Harrison,linking_winger,Linking Forward,pass_accuracy_pct,0.15,81.891,53.1
19163,Jacob Murphy,linking_winger,Linking Forward,pass_accuracy_pct,0.15,73.494,0.0
19220,Mason Mount,linking_winger,Linking Forward,pass_accuracy_pct,0.15,81.585,49.0
20589,Bryan Mbeumo,linking_winger,Linking Forward,pass_accuracy_pct,0.15,79.02,30.6
20784,Franck Honorat,linking_winger,Linking Forward,pass_accuracy_pct,0.15,74.394,4.1
21715,Wesley Saïd,linking_winger,Linking Forward,pass_accuracy_pct,0.15,82.496,55.1
22171,Jean Victor Makengo,linking_winger,Linking Forward,pass_accuracy_pct,0.15,82.832,61.2
25635,Jonas Hofmann,linking_winger,Linking Forward,pass_accuracy_pct,0.15,83.547,77.6
30537,Domenico Berardi,linking_winger,Linking Forward,pass_accuracy_pct,0.15,76.971,14.3
30543,Giacomo Raspadori,linking_winger,Linking Forward,pass_accuracy_pct,0.15,80.256,34.7
41725,Fábio Vieira,linking_winger,Linking Forward,pass_accuracy_pct,0.15,83.314,69.4
47445,Iago Aspas,linking_winger,Linking Forward,pass_accuracy_pct,0.15,78.583,24.5
85041,Amine Gouiri,linking_winger,Linking Forward,pass_accuracy_pct,0.15,83.252,67.3
135775,Ansu Fati,linking_winger,Linking Forward,pass_accuracy_pct,0.15,82.67,59.2
161904,Bradley Barcola,linking_winger,Linking Forward,pass_accuracy_pct,0.15,83.495,73.5
162037,Malik Tillman,linking_winger,Linking Forward,pass_accuracy_pct,0.15,83.525,75.5
163032,Fabian Rieder,linking_winger,Linking Forward,pass_accuracy_pct,0.15,76.051,12.2
178749,Lazar Samardžić,linking_winger,Linking Forward,pass_accuracy_pct,0.15,84.483,81.6
184226,Yéremy Pino,linking_winger,Linking Forward,pass_accuracy_pct,0.15,75.408,8.2
274300,Maghnes Akliouche,linking_winger,Linking Forward,pass_accuracy_pct,0.15,85.081,87.8
276662,Pablo Pagis,linking_winger,Linking Forward,pass_accuracy_pct,0.15,77.829,22.4
283058,Nicolas Jackson,linking_winger,Linking Forward,pass_accuracy_pct,0.15,81.562,46.9
312840,Ernest Poku,linking_winger,Linking Forward,pass_accuracy_pct,0.15,83.154,65.3
329720,Hugo Álvarez,linking_winger,Linking Forward,pass_accuracy_pct,0.15,85.434,89.8
336564,Wilson Odobert,linking_winger,Linking Forward,pass_accuracy_pct,0.15,84.923,85.7
340077,Matías Fernández-Pardo,linking_winger,Linking Forward,pass_accuracy_pct,0.15,81.804,51.0
348888,Mert Kömür,linking_winger,Linking Forward,pass_accuracy_pct,0.15,80.392,36.7
17,Christian Pulišić,linking_winger,Linking Forward,goals_per90,0.15,0.447,79.6
22,Jacob Bruun Larsen,linking_winger,Linking Forward,goals_per90,0.15,0.0,1.0
56,Antoine Griezmann,linking_winger,Linking Forward,goals_per90,0.15,0.427,77.6
153,Ousmane Dembélé,linking_winger,Linking Forward,goals_per90,0.15,0.847,95.9
215,Sebastiano Esposito,linking_winger,Linking Forward,goals_per90,0.15,0.233,30.6
278,Kylian Mbappé,linking_winger,Linking Forward,goals_per90,0.15,0.864,98.0
782,Lorenzo Pellegrini,linking_winger,Linking Forward,goals_per90,0.15,0.244,38.8
842,Nikola Vlašić,linking_winger,Linking Forward,goals_per90,0.15,0.236,32.7
873,Federico Bernardeschi,linking_winger,Linking Forward,goals_per90,0.15,0.295,53.1
910,Alexis Sánchez,linking_winger,Linking Forward,goals_per90,0.15,0.276,49.0
984,Julian Brandt,linking_winger,Linking Forward,goals_per90,0.15,0.387,71.4
1672,Danel Sinani,linking_winger,Linking Forward,goals_per90,0.15,0.218,26.5
1707,Gerard Moreno,linking_winger,Linking Forward,goals_per90,0.15,0.667,91.8
1922,Florian Thauvin,linking_winger,Linking Forward,goals_per90,0.15,0.402,75.5
1946,Leandro Trossard,linking_winger,Linking Forward,goals_per90,0.15,0.269,46.9
2215,Armand Laurienté,linking_winger,Linking Forward,goals_per90,0.15,0.241,36.7
2299,Pedro,linking_winger,Linking Forward,goals_per90,0.15,0.453,81.6
2799,Albert Guðmundsson,linking_winger,Linking Forward,goals_per90,0.15,0.199,22.4
6009,Julián Alvarez,linking_winger,Linking Forward,goals_per90,0.15,0.379,67.3
7073,Marco Grüll,linking_winger,Linking Forward,goals_per90,0.15,0.134,12.2
8483,Jean-Luc Dompé,linking_winger,Linking Forward,goals_per90,0.15,0.238,34.7
8489,Jonathan David,linking_winger,Linking Forward,goals_per90,0.15,0.301,55.1
18767,Ademola Lookman,linking_winger,Linking Forward,goals_per90,0.15,0.381,69.4
19128,Jack Harrison,linking_winger,Linking Forward,goals_per90,0.15,0.072,4.1
19163,Jacob Murphy,linking_winger,Linking Forward,goals_per90,0.15,0.166,14.3
19220,Mason Mount,linking_winger,Linking Forward,goals_per90,0.15,0.265,42.9
20589,Bryan Mbeumo,linking_winger,Linking Forward,goals_per90,0.15,0.378,65.3
20784,Franck Honorat,linking_winger,Linking Forward,goals_per90,0.15,0.091,8.2
21715,Wesley Saïd,linking_winger,Linking Forward,goals_per90,0.15,0.537,85.7
22171,Jean Victor Makengo,linking_winger,Linking Forward,goals_per90,0.15,0.199,20.4
25635,Jonas Hofmann,linking_winger,Linking Forward,goals_per90,0.15,0.177,18.4
30537,Domenico Berardi,linking_winger,Linking Forward,goals_per90,0.15,0.365,63.3
30543,Giacomo Raspadori,linking_winger,Linking Forward,goals_per90,0.15,0.259,40.8
41725,Fábio Vieira,linking_winger,Linking Forward,goals_per90,0.15,0.284,51.0
47445,Iago Aspas,linking_winger,Linking Forward,goals_per90,0.15,0.39,73.5
85041,Amine Gouiri,linking_winger,Linking Forward,goals_per90,0.15,0.542,87.8
135775,Ansu Fati,linking_winger,Linking Forward,goals_per90,0.15,0.912,100.0
161904,Bradley Barcola,linking_winger,Linking Forward,goals_per90,0.15,0.566,89.8
162037,Malik Tillman,linking_winger,Linking Forward,goals_per90,0.15,0.32,61.2
163032,Fabian Rieder,linking_winger,Linking Forward,goals_per90,0.15,0.216,24.5
178749,Lazar Samardžić,linking_winger,Linking Forward,goals_per90,0.15,0.175,16.3
184226,Yéremy Pino,linking_winger,Linking Forward,goals_per90,0.15,0.08,6.1
274300,Maghnes Akliouche,linking_winger,Linking Forward,goals_per90,0.15,0.224,28.6
276662,Pablo Pagis,linking_winger,Linking Forward,goals_per90,0.15,0.508,83.7
283058,Nicolas Jackson,linking_winger,Linking Forward,goals_per90,0.15,0.694,93.9
312840,Ernest Poku,linking_winger,Linking Forward,goals_per90,0.15,0.303,59.2
329720,Hugo Álvarez,linking_winger,Linking Forward,goals_per90,0.15,0.268,44.9
336564,Wilson Odobert,linking_winger,Linking Forward,goals_per90,0.15,0.0,1.0
340077,Matías Fernández-Pardo,linking_winger,Linking Forward,goals_per90,0.15,0.303,57.1
348888,Mert Kömür,linking_winger,Linking Forward,goals_per90,0.15,0.123,10.2
17,Christian Pulišić,linking_winger,Linking Forward,shot_accuracy_pct,0.15,60.976,85.7
22,Jacob Bruun Larsen,linking_winger,Linking Forward,shot_accuracy_pct,0.15,40.0,4.1
56,Antoine Griezmann,linking_winger,Linking Forward,shot_accuracy_pct,0.15,55.556,71.4
153,Ousmane Dembélé,linking_winger,Linking Forward,shot_accuracy_pct,0.15,47.368,36.7
215,Sebastiano Esposito,linking_winger,Linking Forward,shot_accuracy_pct,0.15,38.095,0.0
278,Kylian Mbappé,linking_winger,Linking Forward,shot_accuracy_pct,0.15,57.273,75.5
782,Lorenzo Pellegrini,linking_winger,Linking Forward,shot_accuracy_pct,0.15,50.0,48.0
842,Nikola Vlašić,linking_winger,Linking Forward,shot_accuracy_pct,0.15,47.222,32.7
873,Federico Bernardeschi,linking_winger,Linking Forward,shot_accuracy_pct,0.15,43.333,16.3
910,Alexis Sánchez,linking_winger,Linking Forward,shot_accuracy_pct,0.15,47.368,36.7
984,Julian Brandt,linking_winger,Linking Forward,shot_accuracy_pct,0.15,54.545,69.4
1672,Danel Sinani,linking_winger,Linking Forward,shot_accuracy_pct,0.15,52.941,57.1
1707,Gerard Moreno,linking_winger,Linking Forward,shot_accuracy_pct,0.15,59.259,79.6
1922,Florian Thauvin,linking_winger,Linking Forward,shot_accuracy_pct,0.15,48.214,40.8
1946,Leandro Trossard,linking_winger,Linking Forward,shot_accuracy_pct,0.15,42.857,13.3
2215,Armand Laurienté,linking_winger,Linking Forward,shot_accuracy_pct,0.15,49.057,42.9
2299,Pedro,linking_winger,Linking Forward,shot_accuracy_pct,0.15,61.111,87.8
2799,Albert Guðmundsson,linking_winger,Linking Forward,shot_accuracy_pct,0.15,53.571,61.2
6009,Julián Alvarez,linking_winger,Linking Forward,shot_accuracy_pct,0.15,59.091,77.6
7073,Marco Grüll,linking_winger,Linking Forward,shot_accuracy_pct,0.15,44.828,20.4
8483,Jean-Luc Dompé,linking_winger,Linking Forward,shot_accuracy_pct,0.15,57.143,73.5
8489,Jonathan David,linking_winger,Linking Forward,shot_accuracy_pct,0.15,53.333,59.2
18767,Ademola Lookman,linking_winger,Linking Forward,shot_accuracy_pct,0.15,46.429,28.6
19128,Jack Harrison,linking_winger,Linking Forward,shot_accuracy_pct,0.15,42.857,13.3
19163,Jacob Murphy,linking_winger,Linking Forward,shot_accuracy_pct,0.15,46.429,28.6
19220,Mason Mount,linking_winger,Linking Forward,shot_accuracy_pct,0.15,38.462,2.0
20589,Bryan Mbeumo,linking_winger,Linking Forward,shot_accuracy_pct,0.15,54.237,65.3
20784,Franck Honorat,linking_winger,Linking Forward,shot_accuracy_pct,0.15,45.455,22.4
21715,Wesley Saïd,linking_winger,Linking Forward,shot_accuracy_pct,0.15,54.0,63.3
22171,Jean Victor Makengo,linking_winger,Linking Forward,shot_accuracy_pct,0.15,50.0,48.0
25635,Jonas Hofmann,linking_winger,Linking Forward,shot_accuracy_pct,0.15,41.176,6.1
30537,Domenico Berardi,linking_winger,Linking Forward,shot_accuracy_pct,0.15,60.0,81.6
30543,Giacomo Raspadori,linking_winger,Linking Forward,shot_accuracy_pct,0.15,60.87,83.7
41725,Fábio Vieira,linking_winger,Linking Forward,shot_accuracy_pct,0.15,50.0,48.0
47445,Iago Aspas,linking_winger,Linking Forward,shot_accuracy_pct,0.15,52.174,55.1
85041,Amine Gouiri,linking_winger,Linking Forward,shot_accuracy_pct,0.15,62.963,91.8
135775,Ansu Fati,linking_winger,Linking Forward,shot_accuracy_pct,0.15,72.727,99.0
161904,Bradley Barcola,linking_winger,Linking Forward,shot_accuracy_pct,0.15,62.0,89.8
162037,Malik Tillman,linking_winger,Linking Forward,shot_accuracy_pct,0.15,46.429,28.6
163032,Fabian Rieder,linking_winger,Linking Forward,shot_accuracy_pct,0.15,41.935,10.2
178749,Lazar Samardžić,linking_winger,Linking Forward,shot_accuracy_pct,0.15,47.368,36.7
184226,Yéremy Pino,linking_winger,Linking Forward,shot_accuracy_pct,0.15,46.154,24.5
274300,Maghnes Akliouche,linking_winger,Linking Forward,shot_accuracy_pct,0.15,54.286,67.3
276662,Pablo Pagis,linking_winger,Linking Forward,shot_accuracy_pct,0.15,41.304,8.2
283058,Nicolas Jackson,linking_winger,Linking Forward,shot_accuracy_pct,0.15,67.742,93.9
312840,Ernest Poku,linking_winger,Linking Forward,shot_accuracy_pct,0.15,50.0,48.0
329720,Hugo Álvarez,linking_winger,Linking Forward,shot_accuracy_pct,0.15,72.727,99.0
336564,Wilson Odobert,linking_winger,Linking Forward,shot_accuracy_pct,0.15,44.444,18.4
340077,Matías Fernández-Pardo,linking_winger,Linking Forward,shot_accuracy_pct,0.15,71.429,95.9
348888,Mert Kömür,linking_winger,Linking Forward,shot_accuracy_pct,0.15,51.613,53.1
