player_id,player_name,position,orientation,archetype_key,archetype_name,minutes,latest_team_name,primary_league_name,raw_quality_rating,minutes_reliability,futbud_rating,role_rating_percentile,quality_status,quality_metric_count,pass_accuracy_pct_quality,duel_win_pct_quality,blocks_per90_quality,interceptions_per90_quality,tackles_per90_quality,dribbled_past_per90_quality,dribble_success_pct_quality,key_passes_per90_quality,assists_per90_quality,goals_per90_quality,shot_accuracy_pct_quality,fouls_drawn_per90_quality,shots_total_per90_quality
5,Manuel Akanji,D,,positional_cb,Positional Center Back,2820.0,Inter,Serie A,55.4,100.0,55.4,67.1,Good,6,84.50704225352112,35.68075117370892,10.328638497652582,68.54460093896714,76.99530516431925,50.70422535211267,,,,,,,
6,Leonardo Balerdi,D,,stopper_cb,Stopper Center Back,1998.0,Marseille,Ligue 1,47.8,94.8,47.9,45.0,Average,6,96.92307692307692,47.69230769230769,30.76923076923077,36.15384615384615,70.0,3.07692307692308,,,,,,,
9,Achraf Hakimi,D,,creative_fullback,Creative Fullback,1374.0,Paris Saint Germain,Ligue 1,58.4,90.2,57.6,72.3,Very Good,6,94.91525423728814,0.847457627118644,,37.28813559322034,,,8.47457627118644,89.83050847457628,73.72881355932203,,,,
17,Christian Pulišić,F,wide,linking_winger,Linking Forward,1612.0,AC Milan,Serie A,81.1,91.9,78.6,96.0,Elite,5,91.83673469387756,,,,,,,75.51020408163265,79.59183673469387,79.59183673469387,85.71428571428571,,
20,Axel Witsel,M,central,defensive_midfielder,Defensive Midfielder (DM / 6),2533.0,Girona,La Liga,47.3,98.8,47.3,47.2,Average,5,95.38461538461539,45.12820512820513,,45.12820512820513,4.102564102564102,,92.56410256410257,,,,,,
22,Jacob Bruun Larsen,F,wide,linking_winger,Linking Forward,1038.0,Burnley,Premier League,11.6,87.7,16.3,2.0,Poor,5,44.89795918367347,,,,,,,0.0,16.3265306122449,1.0204081632653061,4.081632653061225,,
23,Sergio Gómez,D,,high_intensity_fullback,High-Intensity Fullback,2705.0,Real Sociedad,La Liga,75.5,100.0,75.5,100.0,Elite,6,,60.56338028169014,,53.52112676056338,83.09859154929578,,63.38028169014085,91.54929577464789,92.95774647887323,,,,
26,Marius Wolf,M,central,box_to_box_midfielder,Box-to-Box Midfielder (CM / 8),1040.0,FC Augsburg,Bundesliga,49.4,87.7,49.5,53.4,Average,7,0.7575757575757576,56.060606060606055,,73.48484848484848,41.66666666666667,,62.878787878787875,,61.36363636363637,53.78787878787878,,,
31,José María Giménez,D,,stopper_cb,Stopper Center Back,1177.0,Atletico Madrid,La Liga,41.8,88.7,42.7,30.2,Below Average,6,86.92307692307692,9.230769230769232,83.84615384615385,36.92307692307693,43.84615384615385,20.769230769230774,,,,,,,
33,Lucas Hernández,D,,positional_cb,Positional Center Back,1751.0,Paris Saint Germain,Ligue 1,44.4,93.0,44.8,32.7,Below Average,6,81.2206572769953,33.33333333333333,6.103286384976526,44.13145539906103,51.173708920187785,31.92488262910797,,,,,,,
44,Rodri,M,central,defensive_midfielder,Defensive Midfielder (DM / 6),1513.0,Manchester City,Premier League,67.7,91.2,66.1,85.2,Excellent,5,91.28205128205128,98.97435897435898,,22.564102564102566,71.28205128205128,,23.846153846153847,,,,,,
45,Thomas Lemar,M,wide,six_eight_hybrid,6/8 Hybrid,1273.0,Girona,La Liga,54.5,89.4,54.1,55.6,Good,6,96.55172413793103,37.06896551724138,,13.793103448275861,62.93103448275862,,96.98275862068965,,,,,27.586206896551722,
49,Thomas Partey,M,central,defensive_midfielder,Defensive Midfielder (DM / 6),930.0,Villarreal,La Liga,48.3,86.9,48.5,54.1,Average,5,57.43589743589743,32.82051282051282,,72.3076923076923,22.564102564102566,,96.92307692307692,,,,,,
50,Koke,M,central,attacking_midfielder,Attacking Midfielder (AM / 10),2236.0,Atletico Madrid,La Liga,35.7,96.6,36.2,10.8,Poor,6,91.30434782608695,,,,,,10.869565217391305,39.130434782608695,14.130434782608695,42.391304347826086,38.58695652173913,,
56,Antoine Griezmann,F,wide,linking_winger,Linking Forward,1476.0,Atletico Madrid,La Liga,72.6,90.9,70.5,90.0,Excellent,5,57.14285714285714,,,,,,,67.3469387755102,85.71428571428571,77.55102040816327,71.42857142857143,,
59,Álvaro Morata,F,central,traditional_9,Traditional No. 9,932.0,Como,Serie A,28.5,86.9,31.3,15.9,Poor,5,,96.85990338164251,,,,,,55.072463768115945,,0.7246376811594203,15.70048309178744,,45.410628019323674
68,Clinton Mata,D,,positional_cb,Positional Center Back,2836.0,Lyon,Ligue 1,52.3,100.0,52.3,56.1,Good,6,69.95305164319248,32.3943661971831,70.89201877934272,34.74178403755869,46.478873239436616,52.11267605633803,,,,,,,
74,Sofyan Amrabat,M,central,defensive_midfielder,Defensive Midfielder (DM / 6),1296.0,Real Betis,La Liga,43.5,89.6,44.2,35.7,Below Average,5,94.87179487179486,42.30769230769231,,14.871794871794872,22.05128205128205,,94.61538461538461,,,,,,
81,Krépin Diatta,M,central,defensive_midfielder,Defensive Midfielder (DM / 6),1026.0,Monaco,Ligue 1,69.9,87.6,67.4,88.3,Excellent,5,7.179487179487179,100.0,,75.38461538461539,81.53846153846153,,84.61538461538461,,,,,,
83,Arnaut Danjuma,M,wide,eight_ten_hybrid,8/10 Hybrid,1627.0,Valencia,La Liga,24.8,92.1,26.8,5.4,Poor,6,21.62162162162162,,,,,,30.180180180180184,8.108108108108109,27.927927927927925,30.630630630630627,46.846846846846844,,
85,Cyril Ngonge,F,central,traditional_9,Traditional No. 9,1439.0,Espanyol,Serie A,40.9,90.7,41.8,33.7,Below Average,5,,84.54106280193237,,,,,,87.92270531400966,,2.898550724637681,51.20772946859904,,49.275362318840585
102,Djibril Sidibé,M,central,box_to_box_midfielder,Box-to-Box Midfielder (CM / 8),2158.0,Toulouse,Ligue 1,68.9,96.0,68.1,96.2,Elite,7,51.515151515151516,94.6969696969697,,43.93939393939394,70.45454545454545,,71.96969696969697,,83.33333333333334,71.21212121212122,,,
107,Sofiane Diop,M,wide,eight_ten_hybrid,8/10 Hybrid,2252.0,Nice,Ligue 1,45.4,96.7,45.6,44.6,Average,6,24.324324324324326,,,,,,64.41441441441441,37.83783783783784,35.13513513513514,72.07207207207207,29.72972972972973,,
109,Aleksandr Golovin,M,central,attacking_midfielder,Attacking Midfielder (AM / 10),1661.0,Monaco,Ligue 1,63.7,92.3,62.7,86.0,Excellent,6,11.956521739130435,,,,,,75.54347826086956,26.08695652173913,83.69565217391305,91.30434782608695,96.73913043478261,,
110,Han-Noah Massengo,M,central,defensive_midfielder,Defensive Midfielder (DM / 6),2435.0,FC Augsburg,Bundesliga,46.6,98.0,46.7,43.1,Average,5,48.717948717948715,44.1025641025641,,75.8974358974359,11.282051282051283,,81.28205128205128,,,,,,
116,Khéphren Thuram,M,central,attacking_midfielder,Attacking Midfielder (AM / 10),2453.0,Juventus,Serie A,36.3,98.2,36.6,11.8,Poor,6,43.47826086956522,,,,,,78.26086956521739,4.3478260869565215,23.91304347826087,55.434782608695656,32.608695652173914,,
120,Willem Geubbels,F,central,traditional_9,Traditional No. 9,1019.0,Paris FC,Ligue 1,43.9,87.5,44.6,38.9,Below Average,5,,5.797101449275362,,,,,,19.32367149758454,,71.49758454106279,3.864734299516908,,76.81159420289855
131,Jorge Cuenca,D,,positional_cb,Positional Center Back,965.0,Fulham,Premier League,50.8,87.1,50.7,51.6,Average,6,39.906103286384976,12.910798122065728,73.70892018779342,89.67136150234741,74.17840375586854,41.78403755868545,,,,,,,
133,Clément Lenglet,D,,positional_cb,Positional Center Back,1393.0,Atletico Madrid,La Liga,32.7,90.3,34.4,12.4,Poor,6,35.68075117370892,11.267605633802818,7.981220657276995,86.3849765258216,58.68544600938967,9.859154929577457,,,,,,,
134,Juan Miranda,D,,creative_fullback,Creative Fullback,2573.0,Bologna,Serie A,77.1,99.1,76.8,95.8,Elite,6,47.45762711864407,99.15254237288136,,83.89830508474576,,,66.52542372881356,99.15254237288136,63.559322033898304,,,,
138,Jean-Clair Todibo,D,,positional_cb,Positional Center Back,1817.0,West Ham,Premier League,43.3,93.5,43.8,29.4,Below Average,6,30.985915492957744,52.347417840375584,34.74178403755869,24.88262910798122,92.01877934272301,46.47887323943662,,,,,,,
143,Carles Aleñá,M,wide,eight_ten_hybrid,8/10 Hybrid,1995.0,Alaves,La Liga,38.4,94.8,39.0,24.6,Poor,6,74.77477477477478,,,,,,40.090090090090094,53.153153153153156,51.35135135135135,0.45045045045045046,0.9009009009009009,,
153,Ousmane Dembélé,F,wide,linking_winger,Linking Forward,1062.0,Paris Saint Germain,Ligue 1,84.4,87.9,80.2,100.0,Elite,5,63.26530612244898,,,,,,,100.0,100.0,95.91836734693877,36.734693877551024,,
166,Juan Foyth,D,,positional_cb,Positional Center Back,936.0,Villarreal,La Liga,79.9,86.9,76.0,98.6,Elite,6,54.460093896713616,84.03755868544602,78.87323943661971,93.42723004694837,95.77464788732394,93.42723004694835,,,,,,,
169,Kieran Trippier,D,,creative_fullback,Creative Fullback,1592.0,Newcastle,Premier League,44.7,91.8,45.1,37.8,Below Average,6,36.440677966101696,6.779661016949152,,16.101694915254235,,,36.440677966101696,94.0677966101695,35.59322033898305,,,,
171,Kyle Walker-Peters,D,,high_intensity_fullback,High-Intensity Fullback,1396.0,West Ham,Premier League,48.1,90.3,48.3,47.2,Average,6,,94.36619718309859,,4.225352112676056,76.05633802816901,,97.1830985915493,7.042253521126761,14.084507042253522,,,,
174,Christian Eriksen,M,central,attacking_midfielder,Attacking Midfielder (AM / 10),2629.0,VfL Wolfsburg,Bundesliga,63.0,99.5,63.0,87.1,Excellent,6,3.260869565217391,,,,,,33.69565217391305,90.21739130434783,90.21739130434783,52.17391304347826,66.30434782608695,,
184,Harry Kane,F,central,traditional_9,Traditional No. 9,2382.0,Bayern München,Bundesliga,98.5,97.6,97.3,100.0,Elite,5,,98.55072463768117,,,,,,97.58454106280193,,100.0,96.61835748792271,,98.55072463768117
200,Gabriele Zappa,D,,creative_fullback,Creative Fullback,1608.0,Cagliari,Serie A,49.0,91.9,49.1,50.0,Average,6,51.69491525423729,11.440677966101696,,57.6271186440678,,,26.27118644067797,38.983050847457626,88.98305084745762,,,,
203,Roberto Gagliardini,M,central,defensive_midfielder,Defensive Midfielder (DM / 6),2216.0,Hellas Verona,Serie A,73.2,96.4,72.4,92.6,Excellent,5,13.846153846153847,82.56410256410255,,98.46153846153847,86.66666666666667,,70.0,,,,,,
215,Sebastiano Esposito,F,wide,linking_winger,Linking Forward,2699.0,Cagliari,Serie A,45.3,100.0,45.3,44.0,Average,5,10.204081632653061,,,,,,,89.79591836734694,48.97959183673469,30.612244897959183,0.0,,
217,Lautaro Martínez,F,central,traditional_9,Traditional No. 9,2178.0,Inter,Serie A,86.5,96.1,85.1,99.0,Elite,5,,78.26086956521739,,,,,,98.55072463768117,,94.68599033816425,67.8743961352657,,93.71980676328504
219,Matteo Politano,M,wide,eight_ten_hybrid,8/10 Hybrid,2213.0,Napoli,Serie A,36.5,96.4,37.0,17.0,Poor,6,46.846846846846844,,,,,,58.55855855855856,36.93693693693694,58.55855855855856,9.00900900900901,9.00900900900901,,
226,Denzel Dumfries,M,central,box_to_box_midfielder,Box-to-Box Midfielder (CM / 8),1327.0,Inter,Serie A,43.4,89.8,44.0,27.1,Below Average,7,53.78787878787878,68.18181818181817,,15.909090909090908,7.575757575757576,,20.454545454545457,,46.21212121212121,92.42424242424242,,,
231,Jordan Teze,M,central,defensive_midfielder,Defensive Midfielder (DM / 6),2494.0,Monaco,Ligue 1,38.3,98.5,38.5,23.5,Poor,5,25.64102564102564,38.97435897435898,,42.05128205128205,50.76923076923077,,4.358974358974359,,,,,,
247,Cody Gakpo,M,wide,eight_ten_hybrid,8/10 Hybrid,2754.0,Liverpool,Premier League,44.7,100.0,44.7,42.9,Average,6,25.225225225225223,,,,,,67.56756756756756,54.054054054054056,45.04504504504504,46.846846846846844,11.26126126126126,,
249,Donyell Malen,F,central,traditional_9,Traditional No. 9,2158.0,AS Roma,Serie A,73.4,96.0,72.5,89.9,Excellent,5,,9.178743961352657,,,,,,19.806763285024154,,97.58454106280193,70.04830917874396,,94.20289855072464
257,Marquinhos,D,,positional_cb,Positional Center Back,1049.0,Paris Saint Germain,Ligue 1,56.1,87.8,55.4,67.1,Good,6,98.12206572769952,49.29577464788733,4.694835680751173,10.7981220657277,51.64319248826291,94.83568075117371,,,,,,,
261,Thilo Kehrer,D,,stopper_cb,Stopper Center Back,2358.0,Monaco,Ligue 1,65.3,97.5,64.9,89.3,Excellent,6,60.0,88.46153846153845,80.76923076923077,26.153846153846157,87.6923076923077,23.076923076923066,,,,,,,
264,Thomas Meunier,D,,creative_fullback,Creative Fullback,1915.0,Lille,Ligue 1,52.9,94.2,52.8,61.8,Good,6,45.76271186440678,11.440677966101696,,41.52542372881356,,,90.67796610169492,54.23728813559322,57.6271186440678,,,,
269,Christopher Nkunku,F,central,traditional_9,Traditional No. 9,1377.0,AC Milan,Serie A,67.4,90.2,65.7,77.9,Very Good,5,,65.21739130434783,,,,,,66.66666666666666,,72.46376811594203,90.82125603864735,,30.917874396135264
272,Adrien Rabiot,M,wide,six_eight_hybrid,6/8 Hybrid,2640.0,AC Milan,Serie A,73.6,99.6,73.5,93.2,Excellent,6,92.24137931034483,92.24137931034483,,61.206896551724135,65.51724137931035,,65.94827586206897,,,,,60.3448275862069,
278,Kylian Mbappé,F,wide,linking_winger,Linking Forward,2604.0,Real Madrid,La Liga,79.1,99.3,78.9,98.0,Elite,5,93.87755102040816,,,,,,,85.71428571428571,53.06122448979592,97.95918367346938,75.51020408163265,,
283,Trent Alexander-Arnold,D,,creative_fullback,Creative Fullback,1169.0,Real Madrid,La Liga,72.7,88.7,70.2,90.8,Excellent,6,62.71186440677966,7.627118644067797,,75.42372881355932,,,44.49152542372881,98.30508474576271,100.0,,,,
288,Alberto Moreno,D,,creative_fullback,Creative Fullback,1240.0,Como,Serie A,46.9,89.2,47.2,44.1,Average,6,93.22033898305084,34.74576271186441,,8.47457627118644,,,5.084745762711865,72.88135593220339,45.76271186440678,,,,
289,Andy Robertson,D,,creative_fullback,Creative Fullback,1188.0,Liverpool,Premier League,50.9,88.8,50.8,57.1,Good,6,48.30508474576271,50.0,,23.728813559322035,,,66.52542372881356,92.37288135593221,10.16949152542373,,,,
290,Virgil van Dijk,D,,positional_cb,Positional Center Back,3420.0,Liverpool,Premier League,56.0,100.0,56.0,69.9,Good,6,48.35680751173709,100.0,42.25352112676056,16.431924882629108,1.8779342723004695,99.53051643192488,,,,,,,
292,Jordan Henderson,M,central,box_to_box_midfielder,Box-to-Box Midfielder (CM / 8),1929.0,Brentford,Premier League,46.0,94.3,46.2,37.2,Below Average,7,37.121212121212125,69.31818181818183,,53.78787878787878,20.454545454545457,,42.04545454545455,,79.54545454545455,31.060606060606062,,,
293,Curtis Jones,M,central,defensive_midfielder,Defensive Midfielder (DM / 6),1950.0,Liverpool,Premier League,42.7,94.4,43.1,33.7,Below Average,5,98.46153846153847,26.153846153846157,,22.05128205128205,27.692307692307693,,80.51282051282051,,,,,,
306,Mohamed Salah,M,wide,eight_ten_hybrid,8/10 Hybrid,2148.0,Liverpool,Premier League,48.3,95.9,48.4,51.3,Average,6,17.117117117117118,,,,,,0.9009009009009009,70.27027027027027,82.88288288288288,66.66666666666666,22.52252252252252,,
319,Sebastiano Luperto,D,,positional_cb,Positional Center Back,3017.0,Cremonese,Serie A,33.2,100.0,33.2,8.9,Poor,6,38.967136150234744,14.553990610328638,24.413145539906104,30.985915492957744,24.88262910798122,64.7887323943662,,,,,,,
325,Gianluca Gaetano,M,central,attacking_midfielder,Attacking Midfielder (AM / 10),1911.0,Cagliari,Serie A,43.7,94.2,44.1,34.4,Below Average,6,7.608695652173914,,,,,,69.56521739130434,30.434782608695656,61.95652173913043,44.565217391304344,36.41304347826087,,
328,Fabián Ruiz,M,central,attacking_midfielder,Attacking Midfielder (AM / 10),1129.0,Paris Saint Germain,Ligue 1,49.4,88.4,49.5,52.2,Average,6,95.65217391304348,,,,,,0.0,47.82608695652174,92.3913043478261,41.30434782608695,11.41304347826087,,
329,Piotr Zieliński,M,central,attacking_midfielder,Attacking Midfielder (AM / 10),2055.0,Inter,Serie A,61.2,95.2,60.7,82.8,Very Good,6,93.47826086956522,,,,,,88.04347826086956,23.91304347826087,34.78260869565217,89.13043478260869,79.34782608695652,,
372,Éder Militão,D,,stopper_cb,Stopper Center Back,1141.0,Real Madrid,La Liga,60.8,88.5,59.6,77.1,Very Good,6,90.0,77.6923076923077,85.38461538461539,12.307692307692308,36.15384615384615,99.23076923076923,,,,,,,
375,Chancel Mbemba,D,,positional_cb,Positional Center Back,953.0,Lille,Ligue 1,54.8,87.1,54.2,64.3,Good,6,81.69014084507043,49.29577464788733,7.042253521126761,80.75117370892019,53.990610328638496,39.906103286384976,,,,,,,
376,Diogo Leite,D,,stopper_cb,Stopper Center Back,1970.0,Union Berlin,Bundesliga,41.0,94.6,41.5,24.4,Poor,6,5.384615384615385,39.23076923076923,22.30769230769231,95.38461538461539,13.846153846153847,54.61538461538461,,,,,,,
407,Benjamin Stambouli,M,central,defensive_midfielder,Defensive Midfielder (DM / 6),972.0,Metz,Ligue 1,35.6,87.2,37.5,19.9,Poor,5,20.0,47.43589743589743,,13.333333333333334,46.15384615384615,,97.94871794871794,,,,,,
409,Nabil Bentaleb,M,central,attacking_midfielder,Attacking Midfielder (AM / 10),1287.0,Lille,Ligue 1,38.7,89.5,39.9,20.4,Poor,6,45.65217391304348,,,,,,42.934782608695656,3.260869565217391,41.30434782608695,69.56521739130434,46.73913043478261,,
414,Omar Mascarell,M,central,defensive_midfielder,Defensive Midfielder (DM / 6),2245.0,Mallorca,La Liga,45.7,96.6,45.8,40.8,Average,5,52.820512820512825,15.897435897435896,,72.82051282051282,34.87179487179487,,84.61538461538461,,,,,,
415,Weston McKennie,M,central,attacking_midfielder,Attacking Midfielder (AM / 10),2841.0,Juventus,Serie A,49.6,100.0,49.6,53.8,Average,6,16.304347826086957,,,,,,50.0,48.91304347826087,46.73913043478261,75.0,38.58695652173913,,
418,Suat Serdar,M,central,box_to_box_midfielder,Box-to-Box Midfielder (CM / 8),1116.0,Hellas Verona,Serie A,59.2,88.3,58.1,75.6,Very Good,7,9.090909090909092,74.24242424242425,,46.21212121212121,90.15151515151516,,87.12121212121212,,9.848484848484848,81.06060606060606,,,
421,Breel Embolo,F,central,traditional_9,Traditional No. 9,1872.0,Rennes,Ligue 1,51.3,93.9,51.2,53.4,Average,5,,66.66666666666666,,,,,,29.951690821256037,,68.11594202898551,40.33816425120773,,38.405797101449274
433,Marcão,D,,stopper_cb,Stopper Center Back,943.0,Sevilla,La Liga,26.5,87.0,29.5,5.3,Poor,6,63.07692307692307,32.30769230769231,26.153846153846157,0.0,6.153846153846154,69.23076923076923,,,,,,,
483,Khvicha Kvaratskhelia,F,wide,direct_winger,Direct Forward,1483.0,Paris Saint Germain,Ligue 1,80.8,91.0,78.0,97.8,Elite,5,,,,,,,90.9090909090909,77.27272727272727,,95.45454545454545,79.54545454545455,40.909090909090914,
502,Joshua Kimmich,M,central,attacking_midfielder,Attacking Midfielder (AM / 10),2280.0,Bayern München,Bundesliga,73.6,96.9,72.9,94.6,Excellent,6,94.56521739130434,,,,,,73.91304347826086,89.13043478260869,91.30434782608695,40.21739130434783,44.565217391304344,,
510,Serge Gnabry,M,wide,eight_ten_hybrid,8/10 Hybrid,1228.0,Bayern München,Bundesliga,72.3,89.1,69.9,89.3,Excellent,6,97.2972972972973,,,,,,53.153153153153156,49.549549549549546,94.5945945945946,96.3963963963964,39.189189189189186,,
511,Leon Goretzka,M,central,attacking_midfielder,Attacking Midfielder (AM / 10),1954.0,Bayern München,Bundesliga,57.2,94.5,56.8,73.1,Very Good,6,89.13043478260869,,,,,,98.91304347826086,11.956521739130435,40.21739130434783,85.86956521739131,52.71739130434783,,
512,Woo-Yeong Jeong,F,central,traditional_9,Traditional No. 9,1206.0,Union Berlin,Bundesliga,34.9,88.9,36.6,23.3,Poor,5,,75.36231884057972,,,,,,6.280193236714976,,39.61352657004831,40.33816425120773,,14.009661835748794
519,Corentin Tolisso,M,wide,eight_ten_hybrid,8/10 Hybrid,2306.0,Lyon,Ligue 1,51.8,97.1,51.7,58.0,Good,6,66.66666666666666,,,,,,17.117117117117118,25.225225225225223,42.34234234234234,87.38738738738738,90.54054054054053,,
521,Robert Lewandowski,F,central,traditional_9,Traditional No. 9,1657.0,Barcelona,La Liga,80.3,92.3,78.0,95.7,Elite,5,,55.55555555555556,,,,,,33.33333333333333,,98.06763285024155,77.29468599033817,,88.88888888888889
529,Nicolás Tagliafico,D,,stopper_cb,Stopper Center Back,1320.0,Lyon,Ligue 1,39.0,89.8,40.1,19.1,Poor,6,43.07692307692308,15.384615384615385,10.0,56.92307692307692,50.0,79.23076923076923,,,,,,,
531,Daley Blind,D,,positional_cb,Positional Center Back,2610.0,Girona,La Liga,51.7,99.3,51.7,54.0,Average,6,51.173708920187785,42.72300469483568,44.60093896713615,82.62910798122066,94.83568075117371,12.206572769953056,,,,,,,
532,Matthijs de Ligt,D,,positional_cb,Positional Center Back,1170.0,Manchester United,Premier League,46.4,88.7,46.8,40.0,Average,6,34.27230046948357,72.30046948356808,20.187793427230048,65.25821596244131,71.36150234741784,23.004694835680752,,,,,,,
533,Rasmus Kristensen,D,,high_intensity_fullback,High-Intensity Fullback,1563.0,Eintracht Frankfurt,Bundesliga,49.6,91.6,49.6,52.1,Average,6,,70.4225352112676,,50.70422535211267,66.19718309859155,,95.77464788732394,8.450704225352112,14.084507042253522,,,,
537,Joël Veltman,D,,stopper_cb,Stopper Center Back,1073.0,Brighton,Premier League,66.1,87.9,64.1,87.8,Excellent,6,22.30769230769231,97.6923076923077,34.61538461538461,76.15384615384615,88.46153846153845,13.07692307692308,,,,,,,
538,Frenkie de Jong,M,central,attacking_midfielder,Attacking Midfielder (AM / 10),1637.0,Barcelona,La Liga,67.3,92.1,66.0,89.2,Excellent,6,98.91304347826086,,,,,,96.73913043478261,72.82608695652173,84.78260869565217,26.08695652173913,25.543478260869566,,
541,Jürgen Ekkelenkamp,M,central,box_to_box_midfielder,Box-to-Box Midfielder (CM / 8),2203.0,Udinese,Serie A,71.3,96.3,70.5,97.0,Elite,7,46.96969696969697,92.42424242424242,,27.27272727272727,67.42424242424242,,96.96969696969697,,76.51515151515152,93.18181818181817,,,
542,Ryan Gravenberch,M,central,defensive_midfielder,Defensive Midfielder (DM / 6),2996.0,Liverpool,Premier League,62.0,100.0,62.0,78.1,Very Good,5,79.48717948717949,71.28205128205128,,76.92307692307693,23.589743589743588,,63.33333333333333,,,,,,
545,Noussair Mazraoui,D,,stopper_cb,Stopper Center Back,1022.0,Manchester United,Premier League,63.1,87.6,61.5,80.9,Very Good,6,66.92307692307692,86.92307692307692,1.5384615384615385,38.46153846153847,86.15384615384616,95.38461538461539,,,,,,,
552,David Neres,F,wide,direct_winger,Direct Forward,925.0,Napoli,Serie A,39.2,86.9,40.6,26.7,Below Average,5,,,,,,,22.727272727272727,75.0,,75.0,15.909090909090908,0.0,
563,Alejandro Grimaldo,M,wide,eight_ten_hybrid,8/10 Hybrid,2524.0,Bayer Leverkusen,Bundesliga,67.1,98.7,66.8,82.1,Very Good,6,87.38738738738738,,,,,,26.126126126126124,85.58558558558559,81.08108108108108,61.711711711711715,41.44144144144144,,
567,Rúben Dias,D,,positional_cb,Positional Center Back,2149.0,Manchester City,Premier League,62.2,95.9,61.7,84.1,Very Good,6,91.54929577464789,59.154929577464785,45.539906103286384,40.845070422535215,1.4084507042253522,95.77464788732394,,,,,,,
575,Florentino Luís,M,central,defensive_midfielder,Defensive Midfielder (DM / 6),2118.0,Burnley,Premier League,60.8,95.7,60.3,76.0,Very Good,5,44.61538461538462,15.384615384615385,,93.84615384615384,96.92307692307692,,6.666666666666667,,,,,,
608,Lucas Boyé,F,central,traditional_9,Traditional No. 9,1959.0,Alaves,La Liga,58.7,94.5,58.2,70.2,Very Good,5,,20.28985507246377,,,,,,90.33816425120773,,81.15942028985508,23.67149758454106,,66.66666666666666
619,Eric García,D,,stopper_cb,Stopper Center Back,2730.0,Barcelona,La Liga,58.4,100.0,58.4,71.8,Very Good,6,98.46153846153847,50.0,3.076923076923077,83.07692307692308,83.07692307692308,23.846153846153854,,,,,,,
622,Aymeric Laporte,D,,positional_cb,Positional Center Back,2060.0,Athletic Club,La Liga,53.2,95.3,53.1,59.3,Good,6,48.82629107981221,96.71361502347418,25.352112676056336,56.8075117370892,38.028169014084504,37.08920187793427,,,,,,,
627,Kyle Walker,D,,creative_fullback,Creative Fullback,3097.0,Burnley,Premier League,39.9,100.0,39.9,25.6,Below Average,6,12.711864406779661,55.08474576271186,,88.98305084745762,,,58.47457627118644,11.016949152542372,38.13559322033898,,,,
628,Adrián Bernabé,M,wide,eight_ten_hybrid,8/10 Hybrid,2493.0,Parma,Serie A,34.1,98.5,34.3,12.9,Poor,6,71.17117117117117,,,,,,12.612612612612612,63.06306306306306,4.504504504504505,15.315315315315313,19.81981981981982,,
629,Kevin De Bruyne,M,wide,eight_ten_hybrid,8/10 Hybrid,1169.0,Napoli,Serie A,76.4,88.7,73.4,92.9,Excellent,6,63.06306306306306,,,,,,98.1981981981982,92.7927927927928,41.44144144144144,81.08108108108108,66.21621621621621,,
631,Phil Foden,M,wide,eight_ten_hybrid,8/10 Hybrid,2107.0,Manchester City,Premier League,75.0,95.6,73.9,93.8,Excellent,6,92.7927927927928,,,,,,80.18018018018019,81.98198198198197,62.16216216216216,67.56756756756756,56.75675675675676,,
636,Bernardo Silva,M,central,attacking_midfielder,Attacking Midfielder (AM / 10),2890.0,Manchester City,Premier League,37.6,100.0,37.6,15.1,Poor,6,80.43478260869566,,,,,,26.6304347826087,43.47826086956522,29.347826086956523,29.347826086956523,29.891304347826086,,
637,Felix Nmecha,M,central,defensive_midfielder,Defensive Midfielder (DM / 6),2184.0,Borussia Dortmund,Bundesliga,47.2,96.2,47.3,47.2,Average,5,65.12820512820512,62.56410256410256,,49.743589743589745,11.794871794871794,,63.33333333333333,,,,,,
656,Oumar Solet,D,,stopper_cb,Stopper Center Back,2961.0,Udinese,Serie A,62.8,100.0,62.8,85.5,Excellent,6,81.53846153846153,63.84615384615384,43.07692307692308,66.92307692307692,75.38461538461539,37.69230769230769,,,,,,,
657,Kenny Tete,D,,high_intensity_fullback,High-Intensity Fullback,1802.0,Fulham,Premier League,52.7,93.3,52.5,58.3,Good,6,,92.95774647887323,,81.69014084507043,91.54929577464789,,14.084507042253522,19.718309859154928,14.084507042253522,,,,
659,Maxence Caqueret,M,central,attacking_midfielder,Attacking Midfielder (AM / 10),1487.0,Como,Serie A,60.3,91.0,59.4,80.6,Very Good,6,60.86956521739131,,,,,,58.69565217391305,52.17391304347826,94.56521739130434,59.78260869565217,15.217391304347828,,
697,Manor Solomon,F,wide,direct_winger,Direct Forward,1056.0,Fiorentina,Serie A,79.3,87.8,75.7,91.1,Excellent,5,,,,,,,100.0,88.63636363636364,,63.63636363636363,100.0,34.090909090909086,
711,Stefan Posch,D,,stopper_cb,Stopper Center Back,1801.0,FSV Mainz 05,Bundesliga,59.2,93.3,58.6,74.0,Very Good,6,10.0,75.38461538461539,47.69230769230769,40.76923076923077,97.6923076923077,45.38461538461539,,,,,,,
714,Nadiem Amiri,M,wide,eight_ten_hybrid,8/10 Hybrid,2090.0,FSV Mainz 05,Bundesliga,69.7,95.5,68.8,85.7,Excellent,6,40.54054054054054,,,,,,71.17117117117117,90.09009009009009,18.91891891891892,90.990990990991,94.14414414414415,,
715,Christoph Baumgartner,M,wide,eight_ten_hybrid,8/10 Hybrid,2789.0,RB Leipzig,Bundesliga,43.2,100.0,43.2,40.2,Average,6,12.612612612612612,,,,,,22.52252252252252,18.01801801801802,77.47747747747748,85.58558558558559,46.846846846846844,,
723,Joelinton,M,central,defensive_midfielder,Defensive Midfielder (DM / 6),1953.0,Newcastle,Premier League,40.4,94.5,40.9,29.1,Below Average,5,23.589743589743588,22.05128205128205,,71.7948717948718,38.97435897435898,,48.717948717948715,,,,,,
726,Andrej Kramarić,M,wide,eight_ten_hybrid,8/10 Hybrid,2222.0,1899 Hoffenheim,Bundesliga,73.2,96.5,72.4,91.1,Excellent,6,75.67567567567568,,,,,,93.69369369369369,35.13513513513514,73.87387387387388,93.69369369369369,91.8918918918919,,
733,Dani Carvajal,D,,creative_fullback,Creative Fullback,976.0,Real Madrid,La Liga,59.3,87.2,58.1,73.9,Very Good,6,98.30508474576271,25.423728813559322,,20.33898305084746,,,66.52542372881356,70.33898305084746,56.779661016949156,,,,
734,Adrián de la Fuente,D,,positional_cb,Positional Center Back,2710.0,Levante,La Liga,45.7,100.0,45.7,35.5,Below Average,6,3.286384976525822,50.23474178403756,47.417840375586856,94.36619718309859,24.413145539906104,74.17840375586854,,,,,,,
736,Fran García,D,,creative_fullback,Creative Fullback,933.0,Real Madrid,La Liga,44.4,86.9,45.2,38.7,Below Average,6,89.83050847457628,57.20338983050848,,34.32203389830508,,,21.1864406779661,19.491525423728813,60.16949152542372,,,,
744,Brahim Díaz,M,wide,eight_ten_hybrid,8/10 Hybrid,1284.0,Real Madrid,La Liga,69.3,89.5,67.3,83.9,Very Good,6,98.1981981981982,,,,,,92.7927927927928,72.07207207207207,92.7927927927928,4.504504504504505,78.37837837837837,,
747,Casemiro,M,central,defensive_midfielder,Defensive Midfielder (DM / 6),2593.0,Manchester United,Premier League,47.9,99.2,47.9,50.0,Average,5,15.384615384615385,40.51282051282051,,45.64102564102564,90.76923076923077,,12.307692307692308,,,,,,
753,Marcos Llorente,D,,creative_fullback,Creative Fullback,2184.0,Atletico Madrid,La Liga,63.9,96.2,63.3,80.7,Very Good,6,90.67796610169492,60.16949152542372,,13.559322033898304,,,78.8135593220339,51.69491525423729,87.28813559322035,,,,
754,Luka Modrić,M,central,attacking_midfielder,Attacking Midfielder (AM / 10),2821.0,AC Milan,Serie A,45.8,100.0,45.8,36.6,Below Average,6,82.6086956521739,,,,,,35.869565217391305,59.78260869565217,17.391304347826086,30.434782608695656,76.63043478260869,,
756,Federico Valverde,M,central,attacking_midfielder,Attacking Midfielder (AM / 10),2746.0,Real Madrid,La Liga,68.5,100.0,68.5,92.5,Excellent,6,79.34782608695652,,,,,,82.6086956521739,40.21739130434783,79.34782608695652,76.08695652173914,70.65217391304348,,
762,Vinicius Júnior,F,wide,direct_winger,Direct Forward,2825.0,Real Madrid,La Liga,76.6,100.0,76.6,93.3,Excellent,5,,,,,,,45.45454545454545,86.36363636363636,,97.72727272727273,81.81818181818183,88.63636363636364,
774,Juan Jesus,D,,stopper_cb,Stopper Center Back,1682.0,Napoli,Serie A,53.6,92.5,53.3,61.1,Good,6,93.84615384615384,2.307692307692308,53.84615384615385,66.15384615384615,64.61538461538461,93.84615384615384,,,,,,,
778,Bryan Cristante,M,central,defensive_midfielder,Defensive Midfielder (DM / 6),3103.0,AS Roma,Serie A,26.2,100.0,26.2,3.6,Poor,5,15.897435897435896,18.461538461538463,,16.41025641025641,43.58974358974359,,68.2051282051282,,,,,,
782,Lorenzo Pellegrini,F,wide,linking_winger,Linking Forward,1475.0,AS Roma,Serie A,41.2,90.9,42.0,30.0,Below Average,5,20.408163265306122,,,,,,,53.06122448979592,36.734693877551024,38.775510204081634,47.95918367346938,,
786,Nicolò Zaniolo,F,wide,direct_winger,Direct Forward,2269.0,Udinese,Serie A,43.1,96.8,43.3,38.9,Below Average,5,,,,,,,4.545454545454546,81.81818181818183,,52.27272727272727,29.545454545454547,79.54545454545455,
792,Justin Kluivert,M,wide,eight_ten_hybrid,8/10 Hybrid,951.0,Bournemouth,Premier League,35.2,87.0,37.1,17.9,Poor,6,37.83783783783784,,,,,,31.53153153153153,64.86486486486487,1.8018018018018018,37.83783783783784,7.207207207207207,,
794,Patrik Schick,F,central,traditional_9,Traditional No. 9,1995.0,Bayer Leverkusen,Bundesliga,80.2,94.8,78.6,96.9,Elite,5,,87.92270531400966,,,,,,20.77294685990338,,95.65217391304348,71.98067632850241,,89.3719806763285
833,Jaka Bijol,D,,positional_cb,Positional Center Back,1913.0,Leeds,Premier League,34.7,94.2,35.6,16.8,Poor,6,8.92018779342723,22.065727699530516,37.08920187793427,60.56338028169014,43.66197183098591,60.563380281690144,,,,,,,
842,Nikola Vlašić,F,wide,linking_winger,Linking Forward,3053.0,Torino,Serie A,37.8,100.0,37.8,20.0,Poor,5,79.59183673469387,,,,,,,34.69387755102041,22.448979591836736,32.6530612244898,32.6530612244898,,
855,João Cancelo,D,,high_intensity_fullback,High-Intensity Fullback,962.0,Barcelona,La Liga,67.8,87.1,65.5,86.1,Excellent,6,,63.38028169014085,,29.577464788732392,57.74647887323944,,76.05633802816901,85.91549295774648,91.54929577464789,,,,
862,Leonardo Spinazzola,M,central,box_to_box_midfielder,Box-to-Box Midfielder (CM / 8),1908.0,Napoli,Serie A,36.6,94.1,37.4,12.8,Poor,7,56.060606060606055,23.484848484848484,,3.0303030303030303,12.121212121212121,,19.696969696969695,,81.06060606060606,75.75757575757575,,,
863,Rodrigo Bentancur,M,central,defensive_midfielder,Defensive Midfielder (DM / 6),1892.0,Tottenham,Premier League,68.8,94.0,67.6,88.8,Excellent,5,47.69230769230769,53.84615384615385,,90.25641025641026,77.94871794871796,,74.1025641025641,,,,,,
873,Federico Bernardeschi,F,wide,linking_winger,Linking Forward,1222.0,Bologna,Serie A,60.8,89.1,59.6,70.0,Very Good,5,97.95918367346938,,,,,,,81.63265306122449,44.89795918367347,53.06122448979592,16.3265306122449,,
875,Paulo Dybala,F,wide,direct_winger,Direct Forward,1355.0,AS Roma,Serie A,49.9,90.0,49.9,55.6,Good,5,,,,,,,6.8181818181818175,100.0,,25.0,86.36363636363636,90.9090909090909,
876,Nicolò Fagioli,M,central,attacking_midfielder,Attacking Midfielder (AM / 10),2564.0,Fiorentina,Serie A,53.7,99.0,53.7,64.5,Good,6,77.17391304347827,,,,,,75.54347826086956,83.69565217391305,22.82608695652174,36.95652173913043,17.934782608695652,,
877,Moise Kean,F,central,traditional_9,Traditional No. 9,2047.0,Fiorentina,Serie A,45.5,95.2,45.7,41.1,Average,5,,71.49758454106279,,,,,,0.4830917874396135,,49.75845410628019,5.314009661835748,,97.58454106280193
881,Hans Nicolussi Caviglia,M,central,attacking_midfielder,Attacking Midfielder (AM / 10),1473.0,Parma,Serie A,31.4,90.9,33.1,7.5,Poor,6,25.0,,,,,,42.934782608695656,19.565217391304348,77.17391304347827,5.978260869565218,9.239130434782608,,
885,Eric Bailly,D,,positional_cb,Positional Center Back,1236.0,Oviedo,La Liga,56.8,89.2,56.0,69.9,Good,6,11.267605633802818,69.71830985915493,97.1830985915493,72.30046948356808,12.676056338028168,88.73239436619718,,,,,,,
886,Diogo Dalot,D,,creative_fullback,Creative Fullback,2617.0,Manchester United,Premier League,71.1,99.4,70.9,91.6,Excellent,6,61.016949152542374,93.22033898305084,,55.932203389830505,,,96.61016949152543,68.64406779661016,62.71186440677966,,,,
889,Victor Lindelöf,D,,positional_cb,Positional Center Back,985.0,Aston Villa,Premier League,53.6,87.3,53.1,59.3,Good,6,94.83568075117371,63.6150234741784,13.145539906103288,15.492957746478872,2.3474178403755865,84.03755868544602,,,,,,,
891,Luke Shaw,D,,stopper_cb,Stopper Center Back,3231.0,Manchester United,Premier League,41.6,100.0,41.6,25.2,Below Average,6,55.38461538461539,28.46153846153846,4.615384615384616,46.92307692307692,59.23076923076923,70.0,,,,,,,
895,James Garner,M,central,defensive_midfielder,Defensive Midfielder (DM / 6),3414.0,Everton,Premier League,81.8,100.0,81.8,99.0,Elite,5,66.15384615384615,90.25641025641026,,82.56410256410255,92.3076923076923,,46.666666666666664,,,,,,
896,Angel Gomes,M,central,attacking_midfielder,Attacking Midfielder (AM / 10),1380.0,Wolves,Ligue 1,55.0,90.2,54.5,67.7,Good,6,72.82608695652173,,,,,,88.04347826086956,51.08695652173913,1.6304347826086956,82.6086956521739,48.91304347826087,,
897,Mason Greenwood,M,wide,eight_ten_hybrid,8/10 Hybrid,2469.0,Marseille,Ligue 1,74.5,98.3,74.1,94.6,Excellent,6,44.14414414414414,,,,,,74.32432432432432,77.47747747747748,75.67567567567568,95.4954954954955,69.36936936936937,,
902,Nemanja Matić,M,central,defensive_midfielder,Defensive Midfielder (DM / 6),2669.0,Sassuolo,Serie A,37.0,99.8,37.0,18.9,Poor,5,56.92307692307692,54.35897435897436,,32.82051282051282,7.6923076923076925,,37.17948717948718,,,,,,
903,Scott McTominay,M,wide,eight_ten_hybrid,8/10 Hybrid,2793.0,Napoli,Serie A,42.8,100.0,42.8,38.4,Below Average,6,93.69369369369369,,,,,,46.846846846846844,0.9009009009009009,24.324324324324326,72.97297297297297,32.432432432432435,,
909,Marcus Rashford,M,wide,eight_ten_hybrid,8/10 Hybrid,1761.0,Barcelona,La Liga,70.8,93.0,69.4,86.6,Excellent,6,72.07207207207207,,,,,,9.00900900900901,81.08108108108108,90.09009009009009,83.78378378378379,81.08108108108108,,
910,Alexis Sánchez,F,wide,linking_winger,Linking Forward,1305.0,Sevilla,La Liga,41.6,89.7,42.5,34.0,Below Average,5,6.122448979591836,,,,,,,57.14285714285714,42.857142857142854,48.97959183673469,36.734693877551024,,
918,José Luis Gayà,D,,creative_fullback,Creative Fullback,2461.0,Valencia,La Liga,56.7,98.2,56.6,69.7,Good,6,50.847457627118644,91.52542372881356,,47.45762711864407,,,55.08474576271186,61.016949152542374,46.61016949152542,,,,
925,Gonçalo Guedes,M,wide,eight_ten_hybrid,8/10 Hybrid,1839.0,Real Sociedad,La Liga,47.3,93.6,47.5,48.2,Average,6,9.00900900900901,,,,,,49.549549549549546,19.81981981981982,57.65765765765766,81.98198198198197,85.58558558558559,,
927,Kang-in Lee,M,wide,eight_ten_hybrid,8/10 Hybrid,1522.0,Paris Saint Germain,Ligue 1,76.7,91.3,74.3,95.5,Elite,6,100.0,,,,,,84.68468468468468,98.1981981981982,70.27027027027027,35.13513513513514,68.46846846846847,,
928,Dani Parejo,M,central,defensive_midfielder,Defensive Midfielder (DM / 6),1398.0,Villarreal,La Liga,65.1,90.4,63.7,81.6,Very Good,5,73.33333333333333,97.94871794871794,,15.384615384615385,81.02564102564102,,37.17948717948718,,,,,,
930,Carlos Soler,M,central,attacking_midfielder,Attacking Midfielder (AM / 10),2332.0,Real Sociedad,La Liga,62.3,97.3,62.0,83.9,Very Good,6,36.95652173913043,,,,,,83.69565217391305,65.21739130434783,28.26086956521739,73.91304347826086,93.47826086956522,,
931,Ferran Torres,F,central,traditional_9,Traditional No. 9,1984.0,Barcelona,La Liga,86.4,94.7,84.4,98.6,Elite,5,,70.53140096618358,,,,,,64.73429951690821,,96.1352657004831,86.47342995169082,,87.92270531400966
943,Ulisses Garcia,D,,creative_fullback,Creative Fullback,1154.0,Sassuolo,Serie A,53.9,88.5,53.5,63.9,Good,6,77.96610169491525,0.0,,25.423728813559322,,,21.1864406779661,73.72881355932203,83.89830508474576,,,,
951,Michel Aebischer,M,central,defensive_midfielder,Defensive Midfielder (DM / 6),2900.0,Pisa,Serie A,41.8,100.0,41.8,30.4,Below Average,5,47.179487179487175,27.692307692307693,,54.35897435897436,41.53846153846154,,29.743589743589745,,,,,,
957,Djibril Sow,M,central,attacking_midfielder,Attacking Midfielder (AM / 10),2195.0,Sevilla,La Liga,49.5,96.3,49.5,52.2,Average,6,67.3913043478261,,,,,,42.934782608695656,9.782608695652174,50.0,84.78260869565217,69.02173913043478,,
972,Jonathan Tah,D,,positional_cb,Positional Center Back,2024.0,Bayern München,Bundesliga,65.6,95.0,64.8,87.1,Excellent,6,100.0,44.13145539906103,74.17840375586854,65.72769953051643,26.291079812206576,54.460093896713616,,,,,,,
979,Dominik Kohr,D,,stopper_cb,Stopper Center Back,2345.0,FSV Mainz 05,Bundesliga,40.1,97.4,40.3,20.6,Poor,6,29.230769230769234,10.76923076923077,55.38461538461539,89.23076923076924,39.23076923076923,4.615384615384613,,,,,,,
984,Julian Brandt,F,wide,linking_winger,Linking Forward,1627.0,Borussia Dortmund,Bundesliga,60.7,92.1,59.9,72.0,Very Good,5,40.816326530612244,,,,,,,46.93877551020408,77.55102040816327,71.42857142857143,69.38775510204081,,
1014,Simon Sohm,M,central,box_to_box_midfielder,Box-to-Box Midfielder (CM / 8),1438.0,Bologna,Serie A,47.9,90.7,48.1,44.7,Average,7,87.12121212121212,56.81818181818182,,18.939393939393938,18.939393939393938,,99.24242424242425,,40.909090909090914,10.984848484848484,,,
1031,Igor Silva,D,,creative_fullback,Creative Fullback,1223.0,Lorient,Ligue 1,42.5,89.1,43.4,31.9,Below Average,6,77.11864406779661,96.61016949152543,,59.32203389830508,,,21.1864406779661,28.8135593220339,10.16949152542373,,,,
1084,Marin Pongračić,D,,positional_cb,Positional Center Back,2917.0,Fiorentina,Serie A,51.9,100.0,51.9,54.9,Average,6,77.93427230046949,2.3474178403755865,62.441314553990615,55.39906103286385,17.370892018779344,83.5680751173709,,,,,,,
1090,Antoine Bernede,M,central,box_to_box_midfielder,Box-to-Box Midfielder (CM / 8),2320.0,Hellas Verona,Serie A,46.6,97.2,46.7,38.3,Below Average,7,35.60606060606061,25.0,,21.96969696969697,93.93939393939394,,70.45454545454545,,52.27272727272727,28.78787878787879,,,
1095,Xaver Schlager,M,central,attacking_midfielder,Attacking Midfielder (AM / 10),1837.0,RB Leipzig,Bundesliga,46.0,93.6,46.2,37.6,Below Average,6,46.73913043478261,,,,,,94.56521739130434,13.043478260869565,4.3478260869565215,70.65217391304348,88.58695652173914,,
1096,Dominik Szoboszlai,M,central,attacking_midfielder,Attacking Midfielder (AM / 10),3233.0,Liverpool,Premier League,68.2,100.0,68.2,91.4,Excellent,6,54.347826086956516,,,,,,52.17391304347826,82.6086956521739,66.30434782608695,77.17391304347827,55.434782608695656,,
1100,Erling Haaland,F,central,traditional_9,Traditional No. 9,2958.0,Manchester City,Premier League,85.4,100.0,85.4,99.5,Elite,5,,99.51690821256038,,,,,,33.81642512077295,,99.03381642512076,72.46376811594203,,96.61835748792271
1101,Takumi Minamino,M,wide,eight_ten_hybrid,8/10 Hybrid,961.0,Monaco,Ligue 1,26.7,87.1,29.7,7.1,Poor,6,5.405405405405405,,,,,,7.207207207207207,5.405405405405405,53.153153153153156,60.36036036036037,33.78378378378378,,
1118,Jeremy Toljan,D,,creative_fullback,Creative Fullback,3173.0,Levante,La Liga,39.9,100.0,39.9,25.6,Below Average,6,13.559322033898304,22.88135593220339,,52.54237288135594,,,16.52542372881356,47.45762711864407,66.94915254237289,,,,
1119,Kristoffer Ajer,D,,stopper_cb,Stopper Center Back,1820.0,Brentford,Premier League,37.6,93.5,38.4,13.0,Poor,6,13.846153846153847,23.846153846153847,74.61538461538461,13.076923076923078,37.69230769230769,89.23076923076923,,,,,,,
1124,Oliver Burke,F,central,traditional_9,Traditional No. 9,1691.0,Union Berlin,Bundesliga,45.9,92.5,46.2,42.1,Average,5,,31.40096618357488,,,,,,81.15942028985508,,45.410628019323674,53.3816425120773,,27.053140096618357
1125,Ryan Christie,M,wide,six_eight_hybrid,6/8 Hybrid,986.0,Bournemouth,Premier League,73.3,87.3,70.3,88.0,Excellent,6,42.241379310344826,63.36206896551724,,95.6896551724138,91.37931034482759,,71.55172413793103,,,,,61.206896551724135,
1135,Odsonne Édouard,F,central,traditional_9,Traditional No. 9,1826.0,Lens,Ligue 1,75.7,93.5,74.1,91.8,Excellent,5,,17.874396135265698,,,,,,58.454106280193244,,87.43961352657004,83.57487922705315,,83.09178743961353
1138,Tim Weah,M,central,box_to_box_midfielder,Box-to-Box Midfielder (CM / 8),2263.0,Marseille,Ligue 1,60.8,96.8,60.4,82.7,Very Good,7,90.15151515151516,81.81818181818183,,37.121212121212125,65.9090909090909,,48.484848484848484,,53.40909090909091,46.21212121212121,,,
1145,Ibrahima Konaté,D,,positional_cb,Positional Center Back,3100.0,Liverpool,Premier League,59.8,100.0,59.8,79.2,Very Good,6,53.990610328638496,98.12206572769952,45.07042253521127,21.5962441314554,77.93427230046949,59.154929577464785,,,,,,,
1146,Nordi Mukiele,D,,stopper_cb,Stopper Center Back,2787.0,Sunderland,Premier League,47.5,100.0,47.5,43.5,Average,6,10.76923076923077,55.38461538461539,8.461538461538462,48.46153846153846,71.53846153846153,73.07692307692308,,,,,,,
1148,Willi Orbán,D,,positional_cb,Positional Center Back,2950.0,RB Leipzig,Bundesliga,66.5,100.0,66.5,89.7,Excellent,6,55.39906103286385,92.01877934272301,90.14084507042254,76.99530516431925,68.07511737089203,15.962441314553985,,,,,,,
1149,Dayot Upamecano,D,,positional_cb,Positional Center Back,1797.0,Bayern München,Bundesliga,48.7,93.3,48.8,47.7,Average,6,87.32394366197182,34.74178403755869,1.4084507042253522,40.375586854460096,98.59154929577466,25.352112676056336,,,,,,,
1150,Tyler Adams,M,central,defensive_midfielder,Defensive Midfielder (DM / 6),1778.0,Bournemouth,Premier League,65.0,93.2,64.0,82.1,Very Good,5,64.61538461538461,29.743589743589745,,91.7948717948718,79.48717948717949,,37.17948717948718,,,,,,
1156,Tom Krauß,M,central,defensive_midfielder,Defensive Midfielder (DM / 6),1801.0,1. FC Köln,Bundesliga,77.5,93.3,75.6,96.4,Elite,5,54.35897435897436,89.23076923076924,,74.35897435897436,95.38461538461539,,37.17948717948718,,,,,,
1157,Konrad Laimer,D,,high_intensity_fullback,High-Intensity Fullback,1997.0,Bayern München,Bundesliga,44.5,94.8,44.8,40.3,Average,6,,0.0,,16.901408450704224,23.943661971830984,,16.19718309859155,98.59154929577466,100.0,,,,
1159,Marcel Sabitzer,M,central,defensive_midfielder,Defensive Midfielder (DM / 6),1822.0,Borussia Dortmund,Bundesliga,29.7,93.5,31.0,7.9,Poor,5,27.692307692307693,41.53846153846154,,31.794871794871792,9.230769230769232,,70.0,,,,,,
1161,Emile Smith Rowe,M,central,attacking_midfielder,Attacking Midfielder (AM / 10),1944.0,Fulham,Premier League,31.5,94.4,32.6,5.4,Poor,6,85.86956521739131,,,,,,34.78260869565217,1.0869565217391304,1.6304347826086956,67.3913043478261,36.41304347826087,,
1165,Matheus Cunha,F,wide,direct_winger,Direct Forward,2503.0,Manchester United,Premier League,64.4,98.5,64.2,82.2,Very Good,5,,,,,,,61.36363636363637,27.27272727272727,,81.81818181818183,77.27272727272727,65.9090909090909,
1231,Vladimír Coufal,D,,high_intensity_fullback,High-Intensity Fullback,3017.0,1899 Hoffenheim,Bundesliga,63.3,100.0,63.3,84.7,Very Good,6,,74.64788732394366,,54.929577464788736,9.859154929577464,,57.74647887323944,94.36619718309859,95.77464788732394,,,,
1243,Tomáš Souček,M,central,box_to_box_midfielder,Box-to-Box Midfielder (CM / 8),2215.0,West Ham,Premier League,51.3,96.4,51.3,57.1,Good,7,36.36363636363637,86.36363636363636,,31.060606060606062,51.515151515151516,,38.63636363636363,,9.848484848484848,91.66666666666666,,,
1257,Jules Koundé,D,,stopper_cb,Stopper Center Back,2269.0,Barcelona,La Liga,36.3,96.8,36.7,12.2,Poor,6,94.61538461538461,25.384615384615383,36.92307692307693,27.692307692307693,40.0,13.84615384615384,,,,,,,
1266,Toma Bašić,M,central,attacking_midfielder,Attacking Midfielder (AM / 10),1746.0,Lazio,Serie A,35.7,92.9,36.7,12.9,Poor,6,50.0,,,,,,1.6304347826086956,18.478260869565215,45.65217391304348,53.2608695652174,60.86956521739131,,
1271,Aurélien Tchouaméni,M,central,defensive_midfielder,Defensive Midfielder (DM / 6),2622.0,Real Madrid,La Liga,81.2,99.4,81.0,98.5,Elite,5,97.94871794871794,99.48717948717949,,88.71794871794872,57.43589743589743,,4.358974358974359,,,,,,
1291,Denis Vavro,D,,positional_cb,Positional Center Back,1405.0,VfL Wolfsburg,Bundesliga,33.9,90.4,35.4,15.9,Poor,6,27.699530516431924,34.27230046948357,61.97183098591549,64.7887323943662,7.981220657276995,1.8779342723004788,,,,,,,
1314,Amir Rrahmani,D,,positional_cb,Positional Center Back,1800.0,Napoli,Serie A,69.0,93.3,67.7,91.6,Excellent,6,85.91549295774648,87.32394366197182,17.84037558685446,69.95305164319248,29.577464788732392,92.95774647887323,,,,,,,
1321,Lovro Majer,M,wide,six_eight_hybrid,6/8 Hybrid,1389.0,VfL Wolfsburg,Bundesliga,45.1,90.3,45.6,36.8,Below Average,6,66.37931034482759,18.96551724137931,,43.96551724137931,50.0,,68.10344827586206,,,,,23.275862068965516,
1322,Nikola Moro,M,central,attacking_midfielder,Attacking Midfielder (AM / 10),1797.0,Bologna,Serie A,29.0,93.3,30.4,3.2,Poor,6,30.434782608695656,,,,,,93.47826086956522,27.173913043478258,1.6304347826086956,23.91304347826087,0.0,,
1323,Dani Olmo,M,wide,eight_ten_hybrid,8/10 Hybrid,2077.0,Barcelona,La Liga,61.3,95.4,60.7,75.9,Very Good,6,76.57657657657657,,,,,,14.414414414414415,73.87387387387388,88.28828828828829,70.27027027027027,18.46846846846847,,
1358,Eljif Elmas,M,central,attacking_midfielder,Attacking Midfielder (AM / 10),1788.0,Napoli,Serie A,43.6,93.2,44.0,32.3,Below Average,6,69.56521739130434,,,,,,72.28260869565217,20.652173913043477,44.565217391304344,25.0,67.3913043478261,,
1361,Ferdi Kadıoğlu,D,,creative_fullback,Creative Fullback,3135.0,Brighton,Premier League,44.9,100.0,44.9,36.1,Below Average,6,66.94915254237289,68.64406779661016,,39.83050847457627,,,80.9322033898305,31.35593220338983,10.16949152542373,,,,
1417,Alexis Saelemaekers,M,wide,six_eight_hybrid,6/8 Hybrid,2798.0,AC Milan,Serie A,81.6,100.0,81.6,98.3,Elite,6,81.03448275862068,95.6896551724138,,83.62068965517241,88.79310344827587,,63.793103448275865,,,,,62.06896551724138,
1422,Jérémy Doku,M,wide,six_eight_hybrid,6/8 Hybrid,1784.0,Manchester City,Premier League,64.0,93.2,63.0,80.3,Very Good,6,72.41379310344827,80.17241379310344,,56.03448275862068,13.793103448275861,,93.10344827586206,,,,,91.37931034482759,
1427,Albert Sambi Lokonga,M,central,attacking_midfielder,Attacking Midfielder (AM / 10),1712.0,Hamburger SV,Bundesliga,47.0,92.7,47.3,44.1,Average,6,53.2608695652174,,,,,,42.934782608695656,29.347826086956523,1.6304347826086956,90.21739130434783,95.65217391304348,,
1439,Héctor Bellerín,D,,creative_fullback,Creative Fullback,1840.0,Real Betis,La Liga,68.6,93.6,67.4,85.7,Excellent,6,85.59322033898306,24.576271186440678,,35.59322033898305,,,77.11864406779661,80.50847457627118,81.35593220338984,,,,
1442,Sead Kolašinac,D,,stopper_cb,Stopper Center Back,1224.0,Atalanta,Serie A,27.4,89.1,29.9,6.9,Poor,6,84.61538461538461,6.153846153846154,11.538461538461538,7.6923076923076925,51.53846153846153,38.46153846153846,,,,,,,
1445,Konstantinos Mavropanos,D,,positional_cb,Positional Center Back,2535.0,West Ham,Premier League,55.8,98.8,55.7,68.7,Good,6,3.755868544600939,86.85446009389672,88.26291079812206,97.65258215962442,66.19718309859155,19.718309859154928,,,,,,,
1454,Mattéo Guendouzi,M,central,attacking_midfielder,Attacking Midfielder (AM / 10),1430.0,Lazio,Serie A,33.5,90.6,35.0,9.7,Poor,6,51.08695652173913,,,,,,32.608695652173914,7.608695652173914,7.608695652173914,61.95652173913043,76.63043478260869,,
1455,Alex Iwobi,M,central,attacking_midfielder,Attacking Midfielder (AM / 10),2434.0,Fulham,Premier League,48.6,98.0,48.6,47.3,Average,6,32.608695652173914,,,,,,25.0,53.2608695652174,26.08695652173913,72.82608695652173,84.78260869565217,,
1456,Ainsley Maitland-Niles,D,,creative_fullback,Creative Fullback,2485.0,Lyon,Ligue 1,57.7,98.4,57.6,72.3,Very Good,6,61.86440677966102,19.491525423728813,,83.05084745762711,,,48.728813559322035,43.22033898305085,79.66101694915254,,,,
1457,Henrikh Mkhitaryan,M,central,attacking_midfielder,Attacking Midfielder (AM / 10),1556.0,Inter,Serie A,39.9,91.5,40.7,26.9,Below Average,6,57.608695652173914,,,,,,22.82608695652174,31.521739130434785,5.434782608695652,86.95652173913044,43.47826086956522,,
1460,Bukayo Saka,F,wide,direct_winger,Direct Forward,2225.0,Arsenal,Premier League,73.1,96.5,72.3,88.9,Excellent,5,,,,,,,65.9090909090909,95.45454545454545,,72.72727272727273,68.18181818181817,70.45454545454545,
1461,Denis Suárez,M,wide,six_eight_hybrid,6/8 Hybrid,1432.0,Alaves,La Liga,40.8,90.6,41.7,32.5,Below Average,6,93.10344827586206,15.086206896551724,,23.275862068965516,29.310344827586203,,61.63793103448276,,,,,40.51724137931034,
1463,Joe Willock,M,central,box_to_box_midfielder,Box-to-Box Midfielder (CM / 8),1011.0,Newcastle,Premier League,48.7,87.5,48.9,49.2,Average,7,82.57575757575758,18.181818181818183,,54.54545454545454,49.24242424242424,,52.27272727272727,,85.60606060606061,10.984848484848484,,,
1464,Granit Xhaka,M,central,defensive_midfielder,Defensive Midfielder (DM / 6),2903.0,Sunderland,Premier League,38.4,100.0,38.4,22.4,Poor,5,27.17948717948718,86.66666666666667,,26.666666666666668,14.358974358974358,,21.53846153846154,,,,,,
1465,Pierre-Emerick Aubameyang,F,central,traditional_9,Traditional No. 9,2046.0,Marseille,Ligue 1,74.3,95.2,73.1,90.9,Excellent,5,,41.06280193236715,,,,,,77.77777777777779,,70.53140096618358,87.43961352657004,,79.22705314009661
1469,Danny Welbeck,F,central,traditional_9,Traditional No. 9,2268.0,Brighton,Premier League,63.3,96.8,62.9,74.5,Very Good,5,,15.942028985507244,,,,,,38.64734299516908,,82.1256038647343,80.43478260869566,,44.927536231884055
1482,Thierry Correia,D,,high_intensity_fullback,High-Intensity Fullback,1394.0,Valencia,La Liga,47.7,90.3,48.0,44.4,Average,6,,38.028169014084504,,52.112676056338024,22.535211267605636,,57.74647887323944,49.29577464788733,74.64788732394366,,,,
1485,Bruno Fernandes,M,wide,eight_ten_hybrid,8/10 Hybrid,3066.0,Manchester United,Premier League,65.0,100.0,65.0,78.6,Very Good,6,48.64864864864865,,,,,,28.82882882882883,100.0,99.09909909909909,54.95495495495496,25.225225225225223,,
1489,Nemanja Gudelj,D,,stopper_cb,Stopper Center Back,2370.0,Sevilla,La Liga,27.6,97.6,28.2,4.6,Poor,6,73.07692307692307,6.923076923076923,60.76923076923077,16.153846153846153,10.76923076923077,40.76923076923077,,,,,,,
1496,Raphinha,M,wide,eight_ten_hybrid,8/10 Hybrid,1388.0,Barcelona,La Liga,72.2,90.3,70.0,90.2,Excellent,6,39.189189189189186,,,,,,72.97297297297297,90.990990990991,55.85585585585585,100.0,42.34234234234234,,
1561,Marc Bartra,D,,stopper_cb,Stopper Center Back,1984.0,Real Betis,La Liga,56.2,94.7,55.8,67.9,Good,6,53.84615384615385,67.6923076923077,95.38461538461539,37.69230769230769,56.92307692307692,6.15384615384616,,,,,,,
1567,Aïssa Mandi,D,,positional_cb,Positional Center Back,2435.0,Lille,Ligue 1,67.9,98.0,67.6,91.1,Excellent,6,82.62910798122066,93.42723004694837,23.004694835680752,96.24413145539906,42.72300469483568,42.72300469483567,,,,,,,
1578,Giovani Lo Celso,M,wide,eight_ten_hybrid,8/10 Hybrid,1396.0,Real Betis,La Liga,61.3,90.3,60.2,74.1,Very Good,6,91.8918918918919,,,,,,63.06306306306306,74.77477477477478,54.95495495495496,22.52252252252252,66.21621621621621,,
1631,Ricardo Rodríguez,D,,creative_fullback,Creative Fullback,1561.0,Real Betis,La Liga,36.0,91.6,37.2,20.2,Poor,6,57.6271186440678,43.22033898305085,,11.864406779661017,,,66.52542372881356,15.254237288135593,37.28813559322034,,,,
1632,Alessio Romagnoli,D,,positional_cb,Positional Center Back,2667.0,Lazio,Serie A,56.6,99.8,56.6,71.0,Very Good,6,92.95774647887323,54.460093896713616,41.31455399061033,54.929577464788736,8.450704225352112,47.887323943661976,,,,,,,
1639,Marco Brescianini,M,central,box_to_box_midfielder,Box-to-Box Midfielder (CM / 8),1044.0,Fiorentina,Serie A,48.0,87.7,48.2,45.9,Average,7,79.54545454545455,10.606060606060606,,1.5151515151515151,11.363636363636363,,93.18181818181817,,60.22727272727273,83.33333333333334,,,
1640,Hakan Çalhanoğlu,M,central,attacking_midfielder,Attacking Midfielder (AM / 10),1650.0,Inter,Serie A,70.7,92.2,69.1,93.5,Excellent,6,83.69565217391305,,,,,,10.869565217391305,88.04347826086956,71.73913043478261,98.91304347826086,45.65217391304348,,
1646,Lucas Paquetá,M,wide,six_eight_hybrid,6/8 Hybrid,1521.0,West Ham,Premier League,46.4,91.3,46.7,41.0,Average,6,33.62068965517241,47.41379310344828,,29.310344827586203,85.34482758620689,,26.72413793103448,,,,,49.137931034482754,
1672,Danel Sinani,F,wide,linking_winger,Linking Forward,2068.0,FC St. Pauli,Bundesliga,44.6,95.3,44.8,42.0,Average,5,2.0408163265306123,,,,,,,73.46938775510205,38.775510204081634,26.53061224489796,57.14285714285714,,
1695,Santi Cazorla,M,wide,eight_ten_hybrid,8/10 Hybrid,940.0,Oviedo,La Liga,52.1,87.0,51.8,58.9,Good,6,82.88288288288288,,,,,,96.3963963963964,86.48648648648648,23.423423423423422,0.45045045045045046,0.0,,
1696,Samuel Chukwueze,M,wide,eight_ten_hybrid,8/10 Hybrid,1100.0,Fulham,Premier League,49.9,88.1,49.9,56.2,Good,6,6.306306306306306,,,,,,54.95495495495496,62.16216216216216,85.58558558558559,52.25225225225225,18.46846846846847,,
1697,Pablo Fornals,M,central,attacking_midfielder,Attacking Midfielder (AM / 10),2865.0,Real Betis,La Liga,77.7,100.0,77.7,98.9,Elite,6,41.30434782608695,,,,,,59.78260869565217,97.82608695652173,63.04347826086957,92.3913043478261,90.76086956521739,,
1700,Iván Martín,M,central,defensive_midfielder,Defensive Midfielder (DM / 6),2538.0,Girona,La Liga,45.4,98.8,45.5,39.0,Below Average,5,85.64102564102564,45.64102564102564,,4.615384615384616,48.205128205128204,,73.33333333333333,,,,,,
1701,Manu Morlanes,M,central,defensive_midfielder,Defensive Midfielder (DM / 6),1789.0,Mallorca,La Liga,56.8,93.3,56.3,66.8,Good,5,84.61538461538461,24.102564102564102,,33.84615384615385,84.61538461538461,,84.61538461538461,,,,,,
1702,Alfonso Pedraza,D,,high_intensity_fullback,High-Intensity Fullback,1690.0,Villarreal,La Liga,67.3,92.5,66.0,88.9,Excellent,6,,43.66197183098591,,94.36619718309859,29.577464788732392,,91.54929577464789,70.4225352112676,85.91549295774648,,,,
1703,Andrei Rațiu,D,,high_intensity_fullback,High-Intensity Fullback,2810.0,Rayo Vallecano,La Liga,61.3,100.0,61.3,80.6,Very Good,6,,30.985915492957744,,69.01408450704226,38.028169014084504,,71.83098591549296,84.50704225352112,73.23943661971832,,,,
1707,Gerard Moreno,F,wide,linking_winger,Linking Forward,1350.0,Villarreal,La Liga,40.5,90.0,41.4,28.0,Below Average,5,32.6530612244898,,,,,,,28.57142857142857,5.1020408163265305,91.83673469387756,79.59183673469387,,
1748,Lassana Coulibaly,M,wide,six_eight_hybrid,6/8 Hybrid,2695.0,Lecce,Serie A,54.4,100.0,54.4,58.5,Good,6,68.10344827586206,81.03448275862068,,8.620689655172415,37.06896551724138,,94.82758620689656,,,,,46.55172413793103,
1807,Evan Ndicka,D,,positional_cb,Positional Center Back,2683.0,AS Roma,Serie A,51.9,99.9,51.9,54.9,Average,6,68.07511737089203,41.31455399061033,8.92018779342723,96.71361502347418,9.389671361502346,65.25821596244131,,,,,,,
1812,Danny da Costa,D,,creative_fullback,Creative Fullback,2697.0,FSV Mainz 05,Bundesliga,50.7,100.0,50.7,56.3,Good,6,4.23728813559322,86.4406779661017,,62.71186440677966,,,94.0677966101695,22.033898305084744,61.86440677966102,,,,
1825,Lucas Torró,M,central,defensive_midfielder,Defensive Midfielder (DM / 6),2307.0,Osasuna,La Liga,44.0,97.1,44.1,35.2,Below Average,5,2.051282051282051,94.87179487179486,,51.7948717948718,9.743589743589745,,89.23076923076924,,,,,,
1836,Francesco Acerbi,D,,positional_cb,Positional Center Back,1387.0,Inter,Serie A,77.6,90.3,74.9,97.7,Elite,6,96.71361502347418,83.09859154929578,86.3849765258216,67.13615023474179,2.8169014084507045,90.14084507042253,,,,,,,
1844,Adam Marušić,D,,creative_fullback,Creative Fullback,2783.0,Lazio,Serie A,37.8,100.0,37.8,21.0,Poor,6,78.8135593220339,38.983050847457626,,72.03389830508475,,,13.559322033898304,5.084745762711865,39.83050847457627,,,,
1852,Danilo Cataldi,M,central,attacking_midfielder,Attacking Midfielder (AM / 10),1993.0,Lazio,Serie A,32.7,94.8,33.6,8.6,Poor,6,33.69565217391305,,,,,,19.021739130434785,15.217391304347828,38.04347826086957,66.30434782608695,17.934782608695652,,
1863,Ciro Immobile,F,central,traditional_9,Traditional No. 9,902.0,Paris FC,Ligue 1,18.6,86.7,22.8,3.8,Poor,5,,1.932367149758454,,,,,,60.38647342995169,,20.77294685990338,7.004830917874397,,16.908212560386474
1864,Pedro Neto,M,wide,eight_ten_hybrid,8/10 Hybrid,2643.0,Chelsea,Premier League,56.0,99.6,56.0,67.9,Good,6,88.28828828828829,,,,,,44.14414414414414,58.55855855855856,59.45945945945946,32.432432432432435,60.810810810810814,,
1902,Duje Ćaleta-Car,D,,positional_cb,Positional Center Back,2152.0,Real Sociedad,La Liga,61.3,95.9,60.9,82.2,Very Good,6,68.54460093896714,33.80281690140845,89.2018779342723,61.03286384976526,21.5962441314554,84.97652582159624,,,,,,,
1904,Boubacar Kamara,M,central,defensive_midfielder,Defensive Midfielder (DM / 6),1418.0,Aston Villa,Premier League,63.7,90.5,62.4,78.6,Very Good,5,75.8974358974359,75.64102564102564,,53.84615384615385,60.51282051282051,,19.48717948717949,,,,,,
1910,Maxime López,M,central,attacking_midfielder,Attacking Midfielder (AM / 10),1960.0,Paris FC,Ligue 1,46.6,94.5,46.8,43.0,Average,6,70.65217391304348,,,,,,15.217391304347828,73.91304347826086,39.130434782608695,5.978260869565218,97.82608695652173,,
1914,Morgan Sanson,M,central,box_to_box_midfielder,Box-to-Box Midfielder (CM / 8),1955.0,Nice,Ligue 1,55.9,94.5,55.5,67.3,Good,7,63.63636363636363,38.63636363636363,,91.66666666666666,43.93939393939394,,80.68181818181817,,64.39393939393939,10.984848484848484,,,
1922,Florian Thauvin,F,wide,linking_winger,Linking Forward,2460.0,Lens,Ligue 1,70.0,98.2,69.6,87.0,Excellent,5,28.57142857142857,,,,,,,97.95918367346938,75.51020408163265,75.51020408163265,40.816326530612244,,
1929,Jhon Lucumí,D,,positional_cb,Positional Center Back,2300.0,Bologna,Serie A,47.0,97.0,47.1,41.6,Average,6,53.52112676056338,46.478873239436616,21.12676056338028,73.70892018779342,81.69014084507043,13.14553990610328,,,,,,,
1930,Joakim Mæhle,M,central,box_to_box_midfielder,Box-to-Box Midfielder (CM / 8),1335.0,VfL Wolfsburg,Bundesliga,61.1,89.9,60.0,82.0,Very Good,7,71.21212121212122,53.03030303030303,,96.96969696969697,89.39393939393939,,6.8181818181818175,,77.27272727272727,38.63636363636363,,,
1934,Sander Berge,M,central,defensive_midfielder,Defensive Midfielder (DM / 6),2911.0,Fulham,Premier League,43.4,100.0,43.4,34.2,Below Average,5,87.6923076923077,59.48717948717949,,15.897435897435896,24.102564102564102,,20.256410256410255,,,,,,
1938,Ruslan Malinovskyi,M,wide,eight_ten_hybrid,8/10 Hybrid,2250.0,Genoa,Serie A,46.3,96.7,46.5,47.3,Average,6,47.74774774774775,,,,,,86.03603603603604,42.34234234234234,36.03603603603604,48.64864864864865,5.405405405405405,,
1939,Jakub Piotrowski,M,central,defensive_midfielder,Defensive Midfielder (DM / 6),1697.0,Udinese,Serie A,41.9,92.6,42.5,32.7,Below Average,5,20.51282051282051,57.43589743589743,,27.17948717948718,63.07692307692307,,18.461538461538463,,,,,,
1945,Ally Samatta,F,central,traditional_9,Traditional No. 9,1550.0,Le Havre,Ligue 1,31.4,91.5,33.0,18.3,Poor,5,,22.22222222222222,,,,,,66.18357487922705,,10.628019323671497,27.536231884057973,,59.90338164251207
1946,Leandro Trossard,F,wide,linking_winger,Linking Forward,2006.0,Arsenal,Premier League,46.1,94.9,46.3,46.0,Average,5,16.3265306122449,,,,,,,38.775510204081634,91.83673469387756,46.93877551020408,13.26530612244898,,
2032,Jørgen Strand Larsen,F,central,traditional_9,Traditional No. 9,2316.0,Crystal Palace,Premier League,13.2,97.2,14.3,1.0,Poor,5,,10.144927536231885,,,,,,4.3478260869565215,,14.009661835748794,12.80193236714976,,18.357487922705314
2061,Bryan Gil,M,wide,six_eight_hybrid,6/8 Hybrid,1597.0,Girona,La Liga,45.1,91.8,45.5,35.9,Below Average,6,81.89655172413794,19.82758620689655,,36.206896551724135,49.137931034482754,,35.3448275862069,,,,,64.65517241379311,
2063,André Silva,F,central,traditional_9,Traditional No. 9,1859.0,Elche,La Liga,71.8,93.8,70.4,86.1,Excellent,5,,30.434782608695656,,,,,,70.04830917874396,,75.36231884057972,92.7536231884058,,60.86956521739131
2165,Vitaliy Mykolenko,D,,creative_fullback,Creative Fullback,2960.0,Everton,Premier League,33.9,100.0,33.9,13.4,Poor,6,27.11864406779661,51.69491525423729,,53.38983050847458,,,21.1864406779661,35.59322033898305,22.88135593220339,,,,
2181,Giorgi Tsitaishvili,M,wide,eight_ten_hybrid,8/10 Hybrid,2457.0,Metz,Ligue 1,32.6,98.2,32.9,9.8,Poor,6,26.126126126126124,,,,,,69.36936936936937,46.846846846846844,17.117117117117118,16.216216216216218,7.207207207207207,,
2182,Viktor Tsygankov,M,wide,eight_ten_hybrid,8/10 Hybrid,2641.0,Girona,La Liga,53.1,99.6,53.0,61.6,Good,6,50.45045045045045,,,,,,61.261261261261254,59.45945945945946,49.549549549549546,40.54054054054054,59.009009009009006,,
2194,Ramy Bensebaini,D,,stopper_cb,Stopper Center Back,1529.0,Borussia Dortmund,Bundesliga,35.1,91.3,36.4,11.5,Poor,6,64.61538461538461,29.230769230769234,24.615384615384617,23.076923076923077,20.76923076923077,88.46153846153847,,,,,,,
2202,Hamari Traoré,D,,creative_fullback,Creative Fullback,1158.0,Paris FC,Ligue 1,50.0,88.6,50.0,53.8,Average,6,46.61016949152542,74.57627118644068,,89.83050847457628,,,21.1864406779661,36.440677966101696,49.152542372881356,,,,
2204,Benjamin André,M,central,defensive_midfielder,Defensive Midfielder (DM / 6),2333.0,Lille,Ligue 1,63.1,97.3,62.7,79.3,Very Good,5,26.153846153846157,79.48717948717949,,63.589743589743584,73.84615384615385,,71.7948717948718,,,,,,
2207,Eduardo Camavinga,M,central,defensive_midfielder,Defensive Midfielder (DM / 6),1532.0,Real Madrid,La Liga,77.3,91.3,74.9,93.9,Excellent,5,99.48717948717949,95.38461538461539,,21.53846153846154,96.41025641025641,,81.28205128205128,,,,,,
2214,Romain Del Castillo,M,wide,six_eight_hybrid,6/8 Hybrid,2643.0,Stade Brestois 29,Ligue 1,48.4,99.6,48.4,44.4,Average,6,14.655172413793101,40.51724137931034,,91.37931034482759,69.82758620689656,,17.24137931034483,,,,,32.758620689655174,
2215,Armand Laurienté,F,wide,linking_winger,Linking Forward,2614.0,Sassuolo,Serie A,68.6,99.4,68.5,82.0,Very Good,5,83.6734693877551,,,,,,,65.3061224489796,97.95918367346938,36.734693877551024,42.857142857142854,,
2218,Ismaïla Sarr,F,central,traditional_9,Traditional No. 9,2176.0,Crystal Palace,Premier League,51.1,96.1,51.1,52.9,Average,5,,38.164251207729464,,,,,,37.19806763285024,,58.93719806763285,68.59903381642512,,28.985507246376812
2278,Marcos Alonso,D,,positional_cb,Positional Center Back,2770.0,Celta Vigo,La Liga,38.8,100.0,38.8,21.5,Poor,6,61.502347417840376,36.61971830985916,22.535211267605636,38.028169014084504,55.86854460093896,9.389671361502351,,,,,,,
2279,Ethan Ampadu,M,central,defensive_midfielder,Defensive Midfielder (DM / 6),3123.0,Leeds,Premier League,71.2,100.0,71.2,91.3,Excellent,5,46.15384615384615,92.82051282051282,,78.97435897435898,57.948717948717956,,91.02564102564102,,,,,,
2280,César Azpilicueta,D,,stopper_cb,Stopper Center Back,1218.0,Sevilla,La Liga,50.2,89.0,50.2,54.6,Average,6,75.38461538461539,19.230769230769234,57.692307692307686,85.38461538461539,53.07692307692308,15.384615384615387,,,,,,,
2284,Emerson,D,,creative_fullback,Creative Fullback,2124.0,Marseille,Ligue 1,78.6,95.7,77.4,96.6,Elite,6,86.4406779661017,87.28813559322035,,93.22033898305084,,,27.966101694915253,96.61016949152543,72.88135593220339,,,,
2285,Antonio Rüdiger,D,,positional_cb,Positional Center Back,1492.0,Real Madrid,La Liga,55.5,91.1,55.0,65.9,Good,6,92.48826291079813,81.2206572769953,0.9389671361502347,0.4694835680751174,11.737089201877934,98.59154929577464,,,,,,,
2286,Davide Zappacosta,M,central,box_to_box_midfielder,Box-to-Box Midfielder (CM / 8),2580.0,Atalanta,Serie A,49.2,99.1,49.2,51.5,Average,7,84.84848484848484,20.454545454545457,,42.42424242424242,1.5151515151515151,,64.39393939393939,,71.21212121212122,66.66666666666666,,,
2292,Ruben Loftus-Cheek,M,wide,six_eight_hybrid,6/8 Hybrid,1149.0,AC Milan,Serie A,41.3,88.5,42.3,34.2,Below Average,6,86.20689655172413,52.58620689655172,,18.96551724137931,8.620689655172415,,59.05172413793104,,,,,34.48275862068966,
2295,Olivier Giroud,F,central,traditional_9,Traditional No. 9,1623.0,Lille,Ligue 1,55.0,92.0,54.6,59.6,Good,5,,95.65217391304348,,,,,,68.11594202898551,,61.35265700483091,22.946859903381643,,57.00483091787439
2298,Callum Hudson-Odoi,M,wide,eight_ten_hybrid,8/10 Hybrid,1849.0,Nottingham Forest,Premier League,63.6,93.7,62.7,76.8,Very Good,6,96.3963963963964,,,,,,75.67567567567568,76.57657657657657,56.75675675675676,27.027027027027028,46.846846846846844,,
2299,Pedro,F,wide,linking_winger,Linking Forward,993.0,Lazio,Serie A,72.4,87.4,69.6,87.0,Excellent,5,100.0,,,,,,,59.183673469387756,57.14285714285714,81.63265306122449,87.75510204081633,,
2336,Loic Négo,D,,creative_fullback,Creative Fullback,2347.0,Le Havre,Ligue 1,42.6,97.4,42.8,30.3,Below Average,6,16.101694915254235,92.37288135593221,,88.13559322033898,,,66.52542372881356,22.88135593220339,10.16949152542373,,,,
2360,Dimitrios Giannoulis,M,central,box_to_box_midfielder,Box-to-Box Midfielder (CM / 8),1901.0,FC Augsburg,Bundesliga,56.9,94.1,56.5,71.4,Very Good,7,6.8181818181818175,93.18181818181817,,67.42424242424242,22.727272727272727,,68.93939393939394,,93.18181818181817,58.333333333333336,,,
2413,Richarlison,F,central,traditional_9,Traditional No. 9,1957.0,Tottenham,Premier League,68.6,94.5,67.6,81.7,Very Good,5,,58.454106280193244,,,,,,50.0,,81.64251207729468,62.80193236714976,,67.6328502415459
2461,Salomón Rondón,F,central,traditional_9,Traditional No. 9,1037.0,Oviedo,La Liga,22.9,87.7,26.2,8.9,Poor,5,,86.95652173913044,,,,,,5.314009661835748,,15.942028985507244,0.4830917874396135,,39.61352657004831
2467,Lisandro Martínez,D,,positional_cb,Positional Center Back,1237.0,Manchester United,Premier League,64.2,89.2,62.7,85.7,Excellent,6,57.74647887323944,86.3849765258216,69.95305164319248,27.699530516431924,61.502347417840376,77.93427230046949,,,,,,,
2476,Guido Rodríguez,M,central,defensive_midfielder,Defensive Midfielder (DM / 6),1485.0,Valencia,La Liga,50.9,91.0,50.8,58.7,Good,5,65.64102564102564,56.92307692307692,,11.794871794871794,73.33333333333333,,45.12820512820513,,,,,,
2483,Deiver Machado,D,,high_intensity_fullback,High-Intensity Fullback,1186.0,Nantes,Ligue 1,17.3,88.8,21.0,2.8,Poor,6,,11.267605633802818,,12.676056338028168,4.225352112676056,,9.859154929577464,16.901408450704224,53.52112676056338,,,,
2484,Yerry Mina,D,,positional_cb,Positional Center Back,2153.0,Cagliari,Serie A,68.2,95.9,67.5,90.7,Excellent,6,76.99530516431925,78.87323943661971,78.40375586854461,55.86854460093896,57.74647887323944,48.35680751173709,,,,,,,
2489,Luis Díaz,M,wide,eight_ten_hybrid,8/10 Hybrid,2450.0,Bayern München,Bundesliga,83.2,98.1,82.5,99.1,Elite,6,79.27927927927928,,,,,,66.66666666666666,82.88288288288288,97.2972972972973,91.8918918918919,75.67567567567568,,
2490,Jefferson Lerma,M,central,defensive_midfielder,Defensive Midfielder (DM / 6),1731.0,Crystal Palace,Premier League,35.6,92.8,36.6,17.9,Poor,5,8.717948717948717,54.871794871794876,,66.66666666666666,10.76923076923077,,15.64102564102564,,,,,,
2495,Duván Zapata,F,central,traditional_9,Traditional No. 9,1125.0,Torino,Serie A,52.1,88.3,51.9,54.6,Average,5,,73.42995169082126,,,,,,40.57971014492754,,27.536231884057973,82.6086956521739,,52.17391304347826
2522,Antonio Sanabria,F,central,traditional_9,Traditional No. 9,940.0,Cremonese,Serie A,21.1,87.0,24.8,5.3,Poor,5,,64.73429951690821,,,,,,14.975845410628018,,7.729468599033816,40.33816425120773,,1.4492753623188406
2553,Guillermo Maripán,D,,stopper_cb,Stopper Center Back,2151.0,Torino,Serie A,46.8,95.9,46.9,41.2,Average,6,40.0,22.30769230769231,93.84615384615384,29.230769230769234,63.07692307692307,46.92307692307692,,,,,,,
2598,Ritsu Doan,M,wide,six_eight_hybrid,6/8 Hybrid,2379.0,Eintracht Frankfurt,Bundesliga,37.8,97.6,38.1,23.9,Poor,6,39.6551724137931,23.275862068965516,,54.310344827586206,38.793103448275865,,43.53448275862069,,,,,20.689655172413794,
2601,Daichi Kamada,M,central,defensive_midfielder,Defensive Midfielder (DM / 6),1908.0,Crystal Palace,Premier League,46.9,94.1,47.1,45.4,Average,5,30.256410256410255,58.97435897435898,,9.743589743589745,87.17948717948718,,37.17948717948718,,,,,,
2668,Mostafa Mohamed,F,central,traditional_9,Traditional No. 9,1171.0,Nantes,Ligue 1,38.2,88.7,39.6,31.2,Below Average,5,,69.56521739130434,,,,,,28.502415458937197,,42.028985507246375,1.932367149758454,,66.18357487922705
2669,Mario Hermoso,D,,stopper_cb,Stopper Center Back,2095.0,AS Roma,Serie A,29.8,95.5,30.7,8.0,Poor,6,58.46153846153847,20.0,5.384615384615385,40.0,15.384615384615385,70.76923076923077,,,,,,,
2710,Sofiane Boufal,F,wide,direct_winger,Direct Forward,1028.0,Le Havre,Ligue 1,42.4,87.6,43.3,38.9,Below Average,5,,,,,,,34.090909090909086,93.18181818181817,,11.363636363636363,9.090909090909092,93.18181818181817,
2724,Lucas Digne,D,,creative_fullback,Creative Fullback,1866.0,Aston Villa,Premier League,63.3,93.8,62.5,79.0,Very Good,6,35.59322033898305,77.96610169491525,,34.32203389830508,,,27.966101694915253,83.89830508474576,99.15254237288136,,,,
2725,Benjamin Pavard,D,,positional_cb,Positional Center Back,2042.0,Marseille,Ligue 1,63.5,95.1,62.8,86.4,Excellent,6,75.5868544600939,61.502347417840376,31.92488262910798,69.48356807511738,54.460093896713616,77.46478873239437,,,,,,,
2729,Joachim Andersen,D,,positional_cb,Positional Center Back,2884.0,Fulham,Premier League,43.0,100.0,43.0,28.0,Below Average,6,19.248826291079812,78.40375586854461,28.638497652582164,59.154929577464785,64.7887323943662,18.779342723004703,,,,,,,
2735,Pierre-Emile Højbjerg,M,central,attacking_midfielder,Attacking Midfielder (AM / 10),2715.0,Marseille,Ligue 1,51.5,100.0,51.5,59.1,Good,6,73.91304347826086,,,,,,63.04347826086957,36.95652173913043,51.08695652173913,63.04347826086957,25.543478260869566,,
2749,Jackson Irvine,M,central,defensive_midfielder,Defensive Midfielder (DM / 6),1632.0,FC St. Pauli,Bundesliga,39.6,92.1,40.4,28.6,Below Average,5,0.0,34.35897435897436,,81.02564102564102,31.538461538461537,,56.666666666666664,,,,,,
2763,Mario Pašalić,M,central,attacking_midfielder,Attacking Midfielder (AM / 10),1932.0,Atalanta,Serie A,59.6,94.3,59.0,78.5,Very Good,6,61.95652173913043,,,,,,61.41304347826087,69.56521739130434,60.86956521739131,68.47826086956522,9.239130434782608,,
2771,Ola Aina,D,,creative_fullback,Creative Fullback,1590.0,Nottingham Forest,Premier League,45.2,91.8,45.6,40.3,Average,6,58.47457627118644,66.10169491525424,,91.52542372881356,,,50.0,26.27118644067797,10.16949152542373,,,,
2781,Moses Simon,M,wide,eight_ten_hybrid,8/10 Hybrid,2024.0,Paris FC,Ligue 1,38.4,95.0,39.0,24.6,Poor,6,69.36936936936937,,,,,,41.44144144144144,33.33333333333333,39.63963963963964,23.423423423423422,27.927927927927925,,
2799,Albert Guðmundsson,F,wide,linking_winger,Linking Forward,2262.0,Fiorentina,Serie A,43.0,96.8,43.2,36.0,Below Average,5,95.91836734693877,,,,,,,14.285714285714285,46.93877551020408,22.448979591836736,61.224489795918366,,
2803,Nico Elvedi,D,,positional_cb,Positional Center Back,2967.0,Borussia Mönchengladbach,Bundesliga,71.6,100.0,71.6,95.3,Elite,6,83.56807511737088,60.56338028169014,70.4225352112676,73.23943661971832,52.112676056338024,78.87323943661971,,,,,,,
2806,Fabian Schär,D,,stopper_cb,Stopper Center Back,1091.0,Newcastle,Premier League,51.6,88.1,51.4,57.3,Good,6,34.61538461538461,53.84615384615385,88.46153846153845,70.76923076923077,3.076923076923077,66.15384615384616,,,,,,,
2807,Remo Freuler,M,central,defensive_midfielder,Defensive Midfielder (DM / 6),2217.0,Bologna,Serie A,52.7,96.4,52.6,60.7,Good,5,68.2051282051282,72.82051282051282,,30.76923076923077,51.7948717948718,,3.3333333333333335,,,,,,
2810,Denis Zakaria,D,,stopper_cb,Stopper Center Back,2033.0,Monaco,Ligue 1,48.2,95.1,48.2,46.6,Average,6,99.23076923076923,3.076923076923077,56.92307692307692,91.53846153846153,23.846153846153847,58.46153846153846,,,,,,,
2817,Nikola Milenković,D,,positional_cb,Positional Center Back,3375.0,Nottingham Forest,Premier League,50.4,100.0,50.4,50.2,Average,6,26.76056338028169,91.54929577464789,77.23004694835682,18.779342723004692,11.267605633802818,65.72769953051643,,,,,,,
2823,Saša Lukić,M,central,defensive_midfielder,Defensive Midfielder (DM / 6),1734.0,Fulham,Premier League,41.1,92.8,41.8,30.4,Below Average,5,46.666666666666664,12.307692307692308,,31.28205128205128,72.82051282051282,,53.84615384615385,,,,,,
2887,Raúl Jiménez,F,central,traditional_9,Traditional No. 9,2207.0,Fulham,Premier League,46.2,96.3,46.4,43.5,Average,5,,53.62318840579711,,,,,,62.80193236714976,,57.00483091787439,4.830917874396135,,67.14975845410628
2897,Kim Min-jae,D,,positional_cb,Positional Center Back,1621.0,Bayern München,Bundesliga,79.6,92.0,77.2,99.1,Elite,6,97.1830985915493,71.36150234741784,82.15962441314554,100.0,43.1924882629108,62.441314553990615,,,,,,,
2906,Jae-sung Lee,M,central,box_to_box_midfielder,Box-to-Box Midfielder (CM / 8),2198.0,FSV Mainz 05,Bundesliga,48.9,96.3,48.9,49.2,Average,7,34.090909090909086,34.84848484848485,,78.03030303030303,35.60606060606061,,24.242424242424242,,55.68181818181818,81.81818181818183,,,
2915,Matthias Ginter,D,,positional_cb,Positional Center Back,2836.0,SC Freiburg,Bundesliga,39.7,100.0,39.7,22.4,Poor,6,32.3943661971831,63.6150234741784,38.967136150234744,15.023474178403756,4.694835680751173,68.54460093896714,,,,,,,
2917,Maximilian Eggestein,M,central,defensive_midfielder,Defensive Midfielder (DM / 6),3060.0,SC Freiburg,Bundesliga,42.6,100.0,42.6,33.2,Below Average,5,22.564102564102566,77.43589743589745,,25.128205128205128,32.30769230769231,,88.2051282051282,,,,,,
2920,Timothy Castagne,D,,stopper_cb,Stopper Center Back,1872.0,Fulham,Premier League,55.2,93.9,54.8,66.4,Good,6,51.53846153846153,50.76923076923077,27.692307692307693,71.92307692307692,44.61538461538462,98.46153846153847,,,,,,,
2922,Leander Dendoncker,M,central,defensive_midfielder,Defensive Midfielder (DM / 6),1339.0,Oviedo,La Liga,46.9,89.9,47.2,45.9,Average,5,55.38461538461539,50.256410256410255,,20.0,65.64102564102564,,37.17948717948718,,,,,,
2926,Youri Tielemans,M,central,defensive_midfielder,Defensive Midfielder (DM / 6),1862.0,Aston Villa,Premier League,57.7,93.8,57.2,69.4,Good,5,36.92307692307693,84.61538461538461,,24.102564102564102,83.07692307692308,,46.666666666666664,,,,,,
2933,Ben Chilwell,D,,creative_fullback,Creative Fullback,1602.0,Strasbourg,Ligue 1,62.8,91.9,61.8,78.2,Very Good,6,83.05084745762711,72.03389830508475,,86.4406779661017,,,88.98305084745762,14.40677966101695,66.10169491525424,,,,
2934,Michael Keane,D,,positional_cb,Positional Center Back,2619.0,Everton,Premier League,47.7,99.4,47.7,43.0,Average,6,12.206572769953052,65.49295774647888,72.76995305164318,76.52582159624414,46.009389671361504,30.516431924882625,,,,,,,
2935,Harry Maguire,D,,positional_cb,Positional Center Back,1667.0,Manchester United,Premier League,46.7,92.3,46.9,40.9,Average,6,19.718309859154928,98.59154929577466,29.107981220657276,13.145539906103288,39.436619718309856,78.40375586854461,,,,,,,
2936,James Tarkowski,D,,positional_cb,Positional Center Back,3330.0,Everton,Premier League,51.2,100.0,51.2,52.6,Average,6,1.8779342723004695,95.77464788732394,98.12206572769952,26.291079812206576,61.03286384976526,45.070422535211264,,,,,,,
2937,Declan Rice,M,central,attacking_midfielder,Attacking Midfielder (AM / 10),3099.0,Arsenal,Premier League,54.1,100.0,54.1,65.6,Good,6,48.91304347826087,,,,,,42.934782608695656,68.47826086956522,42.391304347826086,58.69565217391305,54.347826086956516,,
2938,James Ward-Prowse,M,central,attacking_midfielder,Attacking Midfielder (AM / 10),1109.0,Burnley,Premier League,39.1,88.2,40.4,25.3,Below Average,6,64.13043478260869,,,,,,5.434782608695652,70.65217391304348,15.217391304347828,5.978260869565218,100.0,,
2939,Callum Wilson,F,central,traditional_9,Traditional No. 9,1262.0,West Ham,Premier League,58.8,89.3,57.9,69.7,Good,5,,8.212560386473431,,,,,,14.492753623188406,,78.74396135265701,70.04830917874396,,57.48792270531401
2973,Amir Murillo,D,,high_intensity_fullback,High-Intensity Fullback,988.0,Marseille,Ligue 1,34.0,87.3,36.0,16.7,Poor,6,,22.535211267605636,,2.8169014084507045,21.12676056338028,,28.169014084507044,63.38028169014085,60.56338028169014,,,,
2990,Idrissa Gana Gueye,M,central,defensive_midfielder,Defensive Midfielder (DM / 6),2101.0,Everton,Premier League,52.9,95.6,52.8,61.7,Good,5,68.71794871794872,69.74358974358974,,58.46153846153847,27.17948717948718,,6.666666666666667,,,,,,
3007,Przemysław Frankowski,M,central,attacking_midfielder,Attacking Midfielder (AM / 10),1215.0,Rennes,Ligue 1,56.4,89.0,55.7,71.0,Very Good,6,9.782608695652174,,,,,,66.84782608695652,91.30434782608695,43.47826086956522,39.130434782608695,60.86956521739131,,
3080,Marshall Munetsi,M,wide,six_eight_hybrid,6/8 Hybrid,1868.0,Paris FC,Ligue 1,33.3,93.8,34.4,20.5,Poor,6,6.0344827586206895,41.37931034482759,,32.758620689655174,41.37931034482759,,56.46551724137932,,,,,8.620689655172415,
3240,Jean-Philippe Gbamin,D,,creative_fullback,Creative Fullback,2488.0,Metz,Ligue 1,52.5,98.4,52.5,60.1,Good,6,84.7457627118644,45.76271186440678,,60.16949152542372,,,99.15254237288136,23.728813559322035,27.11864406779661,,,,
3246,Nicolas Pépé,M,wide,eight_ten_hybrid,8/10 Hybrid,2396.0,Villarreal,La Liga,70.1,97.7,69.7,88.4,Excellent,6,52.25225225225225,,,,,,62.16216216216216,75.67567567567568,83.78378378378379,68.91891891891892,77.02702702702703,,
3406,Frank Anguissa,M,central,attacking_midfielder,Attacking Midfielder (AM / 10),1256.0,Napoli,Serie A,39.0,89.3,40.1,23.1,Poor,6,38.04347826086957,,,,,,56.52173913043478,5.434782608695652,11.956521739130435,93.47826086956522,42.391304347826086,,
3430,Caleb Ekuban,F,central,traditional_9,Traditional No. 9,986.0,Genoa,Serie A,51.1,87.3,50.9,50.5,Average,5,,79.71014492753623,,,,,,60.86956521739131,,55.55555555555556,14.251207729468598,,70.04830917874396
3608,Kwasi Sibo,M,central,defensive_midfielder,Defensive Midfielder (DM / 6),1689.0,Oviedo,La Liga,28.9,92.5,30.5,7.1,Poor,5,60.51282051282051,0.0,,17.94871794871795,29.743589743589745,,96.92307692307692,,,,,,
4399,Hicham Boudaoui,M,central,defensive_midfielder,Defensive Midfielder (DM / 6),1705.0,Nice,Ligue 1,26.8,92.6,28.5,5.4,Poor,5,28.205128205128204,46.15384615384615,,26.153846153846157,6.153846153846154,,31.025641025641026,,,,,,
5973,Nicolás Capaldo,D,,high_intensity_fullback,High-Intensity Fullback,2009.0,Hamburger SV,Bundesliga,71.1,94.9,70.0,91.7,Excellent,6,,84.50704225352112,,95.77464788732394,84.50704225352112,,26.76056338028169,57.74647887323944,77.46478873239437,,,,
5996,Enzo Fernández,M,wide,eight_ten_hybrid,8/10 Hybrid,3121.0,Chelsea,Premier League,54.6,100.0,54.6,67.0,Good,6,81.08108108108108,,,,,,1.8018018018018018,65.76576576576578,32.432432432432435,63.06306306306306,82.88288288288288,,
6002,Exequiel Palacios,M,central,attacking_midfielder,Attacking Midfielder (AM / 10),1097.0,Bayer Leverkusen,Bundesliga,20.2,88.1,23.8,1.1,Poor,6,84.78260869565217,,,,,,16.304347826086957,16.304347826086957,16.304347826086957,5.978260869565218,7.608695652173914,,
6009,Julián Alvarez,F,wide,linking_winger,Linking Forward,1902.0,Atletico Madrid,La Liga,73.9,94.1,72.5,92.0,Excellent,5,71.42857142857143,,,,,,,83.6734693877551,65.3061224489796,67.3469387755102,77.55102040816327,,
6010,Lucas Beltrán,F,central,traditional_9,Traditional No. 9,1366.0,Valencia,La Liga,21.4,90.1,24.2,4.3,Poor,5,,75.84541062801932,,,,,,44.927536231884055,,3.3816425120772946,12.077294685990339,,25.60386473429952
6056,Nicolás Domínguez,M,central,defensive_midfielder,Defensive Midfielder (DM / 6),1193.0,Nottingham Forest,Premier League,50.2,88.8,50.2,57.4,Good,5,40.0,61.02564102564103,,2.051282051282051,98.46153846153847,,37.17948717948718,,,,,,
6067,Thiago Almada,M,wide,eight_ten_hybrid,8/10 Hybrid,1312.0,Atletico Madrid,La Liga,59.2,89.7,58.3,69.6,Good,6,84.68468468468468,,,,,,87.38738738738738,61.261261261261254,12.612612612612612,41.44144144144144,79.27927927927928,,
6168,Omar Alderete,D,,positional_cb,Positional Center Back,2802.0,Sunderland,Premier League,38.0,100.0,38.0,19.6,Poor,6,2.3474178403755865,19.718309859154928,73.23943661971832,66.19718309859155,23.943661971830984,67.6056338028169,,,,,,,
6221,Lautaro Valenti,D,,stopper_cb,Stopper Center Back,2251.0,Parma,Serie A,48.9,96.7,48.9,48.9,Average,6,9.230769230769232,56.15384615384615,89.23076923076924,20.0,48.46153846153846,68.46153846153847,,,,,,,
6231,Facundo Medina,D,,positional_cb,Positional Center Back,1376.0,Marseille,Ligue 1,47.8,90.2,48.0,44.2,Average,6,74.64788732394366,0.9389671361502347,65.72769953051643,90.61032863849765,47.88732394366197,4.694835680751169,,,,,,,
6233,Nahuel Tenaglia,D,,stopper_cb,Stopper Center Back,3239.0,Alaves,La Liga,56.0,100.0,56.0,69.5,Good,6,52.307692307692314,57.692307692307686,77.6923076923077,46.15384615384615,38.46153846153847,77.6923076923077,,,,,,,
6383,Martín Payero,M,wide,six_eight_hybrid,6/8 Hybrid,1459.0,Cremonese,Serie A,37.4,90.8,38.6,25.6,Below Average,6,19.82758620689655,31.03448275862069,,49.137931034482754,15.517241379310345,,57.758620689655174,,,,,66.37931034482759,
6409,Nahuel Estévez,M,central,box_to_box_midfielder,Box-to-Box Midfielder (CM / 8),1044.0,Parma,Serie A,36.2,87.7,37.9,13.9,Poor,7,37.878787878787875,97.72727272727273,,19.696969696969695,34.84848484848485,,0.3787878787878788,,60.22727272727273,10.984848484848484,,,
6490,Luis Vázquez,F,central,traditional_9,Traditional No. 9,1204.0,Getafe,La Liga,28.3,88.9,30.7,14.9,Poor,5,,73.91304347826086,,,,,,2.4154589371980677,,25.120772946859905,25.36231884057971,,27.536231884057973
6503,Nahuel Molina,D,,high_intensity_fullback,High-Intensity Fullback,1332.0,Atletico Madrid,La Liga,61.9,89.9,60.7,79.2,Very Good,6,,25.352112676056336,,22.535211267605636,69.01408450704226,,77.46478873239437,87.32394366197182,78.87323943661971,,,,
6610,Marcos Senesi,D,,stopper_cb,Stopper Center Back,3290.0,Bournemouth,Premier League,41.8,100.0,41.8,26.3,Below Average,6,6.923076923076923,12.307692307692308,99.23076923076923,79.23076923076923,27.692307692307693,17.692307692307693,,,,,,,
6662,Santiago Pierotti,M,wide,six_eight_hybrid,6/8 Hybrid,2614.0,Lecce,Serie A,40.5,99.4,40.5,29.9,Below Average,6,17.24137931034483,4.310344827586207,,62.06896551724138,95.6896551724138,,33.62068965517241,,,,,4.310344827586207,
6716,Alexis Mac Allister,M,central,attacking_midfielder,Attacking Midfielder (AM / 10),2675.0,Liverpool,Premier League,28.8,99.8,28.8,2.2,Poor,6,39.130434782608695,,,,,,20.652173913043477,21.73913043478261,36.95652173913043,34.78260869565217,20.108695652173914,,
7073,Marco Grüll,F,wide,linking_winger,Linking Forward,2020.0,Werder Bremen,Bundesliga,18.1,95.0,19.7,4.0,Poor,5,18.367346938775512,,,,,,,24.489795918367346,12.244897959183673,12.244897959183673,20.408163265306122,,
7327,Alexander Prass,M,wide,six_eight_hybrid,6/8 Hybrid,1318.0,1899 Hoffenheim,Bundesliga,51.9,89.8,51.7,49.6,Average,6,27.586206896551722,50.0,,31.03448275862069,79.3103448275862,,85.34482758620689,,,,,29.310344827586203,
7328,Nicolas Seiwald,M,central,defensive_midfielder,Defensive Midfielder (DM / 6),2703.0,RB Leipzig,Bundesliga,78.4,100.0,78.4,98.0,Elite,5,80.0,86.15384615384616,,94.87179487179486,49.743589743589745,,93.33333333333333,,,,,,
7332,Luka Sučić,M,wide,eight_ten_hybrid,8/10 Hybrid,1018.0,Real Sociedad,La Liga,35.9,87.5,37.7,19.6,Poor,6,29.72972972972973,,,,,,90.09009009009009,4.504504504504505,19.81981981981982,55.85585585585585,26.576576576576578,,
7334,Karim Adeyemi,F,wide,direct_winger,Direct Forward,1215.0,Borussia Dortmund,Bundesliga,49.5,89.0,49.6,53.3,Average,5,,,,,,,13.636363636363635,18.181818181818183,,100.0,56.81818181818182,61.36363636363637,
7562,Romano Schmid,M,wide,eight_ten_hybrid,8/10 Hybrid,2988.0,Werder Bremen,Bundesliga,47.8,100.0,47.8,49.1,Average,6,14.414414414414415,,,,,,18.91891891891892,89.1891891891892,72.07207207207207,18.91891891891892,59.009009009009006,,
7578,Gideon Mensah,D,,creative_fullback,Creative Fullback,2333.0,Auxerre,Ligue 1,52.5,97.3,52.5,60.1,Good,6,44.06779661016949,36.440677966101696,,76.27118644067797,,,84.7457627118644,33.89830508474576,48.30508474576271,,,,
8474,Thibault De Smet,D,,creative_fullback,Creative Fullback,1147.0,Paris FC,Ligue 1,44.0,88.5,44.7,35.3,Below Average,6,53.38983050847458,85.59322033898306,,27.11864406779661,,,66.52542372881356,13.559322033898304,50.0,,,,
8483,Jean-Luc Dompé,F,wide,linking_winger,Linking Forward,1136.0,Hamburger SV,Bundesliga,52.1,88.4,51.8,60.0,Good,5,38.775510204081634,,,,,,,95.91836734693877,5.1020408163265305,34.69387755102041,73.46938775510205,,
8486,Eric Smith,D,,positional_cb,Positional Center Back,2314.0,FC St. Pauli,Bundesliga,28.2,97.1,28.8,3.7,Poor,6,8.450704225352112,38.497652582159624,38.028169014084504,30.51643192488263,54.929577464788736,17.370892018779344,,,,,,,
8489,Jonathan David,F,wide,linking_winger,Linking Forward,1795.0,Juventus,Serie A,50.8,93.3,50.8,56.0,Good,5,26.53061224489796,,,,,,,42.857142857142854,67.3469387755102,55.10204081632652,59.183673469387756,,
8492,Alexander Sørloth,F,central,traditional_9,Traditional No. 9,1981.0,Atletico Madrid,La Liga,78.1,94.7,76.6,94.2,Excellent,5,,85.02415458937197,,,,,,6.763285024154589,,86.95652173913044,85.5072463768116,,85.5072463768116
8586,Mërgim Vojvoda,M,central,attacking_midfielder,Attacking Midfielder (AM / 10),1599.0,Como,Serie A,48.3,91.8,48.5,45.7,Average,6,21.73913043478261,,,,,,77.17391304347827,56.52173913043478,27.173913043478258,57.608695652173914,34.78260869565217,,
8673,Olivier Deman,D,,high_intensity_fullback,High-Intensity Fullback,1255.0,Werder Bremen,Bundesliga,67.5,89.3,65.6,87.5,Excellent,6,,98.59154929577466,,21.12676056338028,73.23943661971832,,46.478873239436616,76.05633802816901,84.50704225352112,,,,
8680,Charles Vanhoutte,M,central,defensive_midfielder,Defensive Midfielder (DM / 6),1864.0,Nice,Ligue 1,38.4,93.8,39.1,26.0,Below Average,5,33.33333333333333,29.230769230769234,,34.35897435897436,55.8974358974359,,37.17948717948718,,,,,,
8694,Wout Faes,D,,positional_cb,Positional Center Back,1141.0,Monaco,Ligue 1,56.2,88.5,55.5,67.8,Good,6,91.07981220657277,23.004694835680752,68.54460093896714,75.5868544600939,38.967136150234744,22.065727699530512,,,,,,,
9363,Igor Paixão,M,wide,eight_ten_hybrid,8/10 Hybrid,1981.0,Marseille,Ligue 1,41.5,94.7,41.9,35.7,Below Average,6,55.85585585585585,,,,,,4.504504504504505,24.324324324324326,67.56756756756756,57.65765765765766,46.846846846846844,,
9366,Igor Jesus,F,central,traditional_9,Traditional No. 9,2320.0,Nottingham Forest,Premier League,34.1,97.2,34.5,21.2,Poor,5,,36.71497584541063,,,,,,15.458937198067632,,26.08695652173913,56.038647342995176,,28.502415458937197
9700,Abner Vinícius,D,,creative_fullback,Creative Fullback,2164.0,Lyon,Ligue 1,40.8,96.0,41.1,28.6,Below Average,6,52.54237288135594,4.23728813559322,,1.694915254237288,,,40.25423728813559,62.71186440677966,52.54237288135594,,,,
9971,Antony,M,wide,eight_ten_hybrid,8/10 Hybrid,2459.0,Real Betis,La Liga,59.7,98.2,59.6,72.3,Very Good,6,45.94594594594595,,,,,,50.45045045045045,69.36936936936937,64.86486486486487,65.76576576576578,50.45045045045045,,
10077,Luís Henrique,M,central,attacking_midfielder,Attacking Midfielder (AM / 10),1627.0,Inter,Serie A,39.1,92.1,39.9,20.4,Poor,6,44.565217391304344,,,,,,64.13043478260869,22.82608695652174,25.0,27.173913043478258,88.58695652173914,,
10097,Éderson,M,central,defensive_midfielder,Defensive Midfielder (DM / 6),2235.0,Atalanta,Serie A,60.1,96.6,59.8,74.7,Very Good,5,83.58974358974359,49.743589743589745,,51.28205128205128,61.53846153846154,,55.38461538461539,,,,,,
10135,Bruno Guimarães,M,wide,six_eight_hybrid,6/8 Hybrid,2455.0,Newcastle,Premier League,64.5,98.2,64.2,82.9,Very Good,6,93.96551724137932,69.82758620689656,,38.793103448275865,83.62068965517241,,24.568965517241377,,,,,82.75862068965517,
10169,Vinícius Souza,M,central,defensive_midfielder,Defensive Midfielder (DM / 6),1898.0,VfL Wolfsburg,Bundesliga,66.8,94.1,65.8,83.7,Very Good,5,17.435897435897434,87.6923076923077,,70.76923076923077,85.12820512820512,,48.717948717948715,,,,,,
10238,Carlos Augusto,D,,stopper_cb,Stopper Center Back,1765.0,Inter,Serie A,51.7,93.1,51.6,59.2,Good,6,80.76923076923077,80.38461538461539,23.846153846153847,13.846153846153847,42.30769230769231,86.92307692307692,,,,,,,
10316,Caio Henrique,D,,creative_fullback,Creative Fullback,1542.0,Monaco,Ligue 1,52.5,91.4,52.3,58.8,Good,6,32.20338983050847,33.89830508474576,,28.8135593220339,,,36.440677966101696,83.05084745762711,68.64406779661016,,,,
10329,João Pedro,F,central,traditional_9,Traditional No. 9,2674.0,Chelsea,Premier League,64.7,99.8,64.7,76.4,Very Good,5,,88.40579710144928,,,,,,57.48792270531401,,80.19323671497585,56.038647342995176,,40.09661835748793
11421,Gabriel Suazo,D,,high_intensity_fullback,High-Intensity Fullback,2096.0,Sevilla,La Liga,74.9,95.5,73.8,98.6,Elite,6,,53.52112676056338,,78.87323943661971,95.77464788732394,,80.28169014084507,92.95774647887323,35.2112676056338,,,,
13708,Jhon Arias,F,central,traditional_9,Traditional No. 9,1121.0,Wolves,Premier League,13.5,88.3,17.7,1.4,Poor,5,,58.93719806763285,,,,,,46.85990338164252,,4.830917874396135,2.898550724637681,,2.4154589371980677
13736,Daniel Muñoz,M,central,box_to_box_midfielder,Box-to-Box Midfielder (CM / 8),2403.0,Crystal Palace,Premier League,64.5,97.8,64.2,91.7,Excellent,7,45.45454545454545,84.84848484848484,,75.75757575757575,95.45454545454545,,2.272727272727273,,72.72727272727273,78.03030303030303,,,
14266,Ivan Smolčić,D,,stopper_cb,Stopper Center Back,1665.0,Como,Serie A,41.2,92.3,41.8,26.3,Below Average,6,60.76923076923077,35.38461538461539,29.230769230769234,39.23076923076923,57.692307692307686,24.615384615384613,,,,,,,
14327,Domagoj Bradarić,M,central,box_to_box_midfielder,Box-to-Box Midfielder (CM / 8),1976.0,Hellas Verona,Serie A,33.0,94.6,33.9,6.0,Poor,7,23.484848484848484,80.3030303030303,,12.878787878787879,27.27272727272727,,46.590909090909086,,27.27272727272727,10.984848484848484,,,
14329,Ardian Ismajli,D,,positional_cb,Positional Center Back,1915.0,Torino,Serie A,72.3,94.2,71.0,94.4,Excellent,6,43.66197183098591,92.48826291079813,64.7887323943662,95.30516431924883,78.87323943661971,73.2394366197183,,,,,,,
14395,Kristijan Jakić,M,central,box_to_box_midfielder,Box-to-Box Midfielder (CM / 8),1653.0,FC Augsburg,Bundesliga,61.6,92.2,60.7,85.0,Excellent,7,54.54545454545454,82.57575757575758,,63.63636363636363,58.333333333333336,,60.22727272727273,,35.60606060606061,67.42424242424242,,,
15286,Mousa Tamari,M,wide,eight_ten_hybrid,8/10 Hybrid,2224.0,Rennes,Ligue 1,40.7,96.5,41.1,32.1,Below Average,6,39.189189189189186,,,,,,9.90990990990991,30.630630630630627,72.97297297297297,50.45045045045045,46.846846846846844,,
15592,Jens Stage,M,central,box_to_box_midfielder,Box-to-Box Midfielder (CM / 8),2468.0,Werder Bremen,Bundesliga,60.0,98.3,59.8,81.2,Very Good,7,19.696969696969695,95.45454545454545,,33.33333333333333,34.090909090909086,,85.98484848484848,,48.484848484848484,99.24242424242425,,,
15673,Ylber Ramadani,M,central,defensive_midfielder,Defensive Midfielder (DM / 6),3214.0,Lecce,Serie A,55.5,100.0,55.5,65.3,Good,5,10.256410256410255,64.61538461538461,,66.15384615384615,74.35897435897436,,43.58974358974359,,,,,,
15793,Rasmus Nicolaisen,D,,positional_cb,Positional Center Back,2568.0,Toulouse,Ligue 1,46.5,99.0,46.5,37.9,Below Average,6,23.943661971830984,70.4225352112676,47.88732394366197,91.07981220657277,13.145539906103288,28.403755868544607,,,,,,,
15881,Morten Frendrup,M,central,defensive_midfielder,Defensive Midfielder (DM / 6),3089.0,Genoa,Serie A,75.4,100.0,75.4,95.9,Elite,5,72.3076923076923,87.17948717948718,,57.948717948717956,86.15384615384616,,61.794871794871796,,,,,,
15908,Mikkel Damsgaard,M,central,box_to_box_midfielder,Box-to-Box Midfielder (CM / 8),2078.0,Brentford,Premier League,60.1,95.4,59.6,79.7,Very Good,7,28.030303030303028,28.78787878787879,,82.57575757575758,87.12121212121212,,32.57575757575758,,84.84848484848484,84.84848484848484,,,
15909,Martin Frese,M,central,box_to_box_midfielder,Box-to-Box Midfielder (CM / 8),2412.0,Hellas Verona,Serie A,52.2,97.9,52.1,58.3,Good,7,18.181818181818183,100.0,,81.81818181818183,98.48484848484848,,0.3787878787878788,,9.848484848484848,42.42424242424242,,,
15911,Mohammed Kudus,M,wide,six_eight_hybrid,6/8 Hybrid,1545.0,Tottenham,Premier League,37.4,91.4,38.5,24.8,Poor,6,88.79310344827587,11.206896551724139,,2.586206896551724,44.827586206896555,,77.58620689655173,,,,,6.896551724137931,
15912,Victor Nelsson,D,,stopper_cb,Stopper Center Back,3315.0,Hellas Verona,Serie A,66.8,100.0,66.8,92.4,Excellent,6,31.538461538461537,92.3076923076923,50.0,93.84615384615384,46.15384615384615,50.76923076923077,,,,,,,
16367,Willian Pacho,D,,positional_cb,Positional Center Back,1915.0,Paris Saint Germain,Ligue 1,66.5,94.2,65.5,87.9,Excellent,6,97.65258215962442,76.99530516431925,14.553990610328638,60.093896713615024,94.36619718309859,40.375586854460096,,,,,,,
18592,Iliman Ndiaye,M,wide,six_eight_hybrid,6/8 Hybrid,2786.0,Everton,Premier League,61.4,100.0,61.4,76.1,Very Good,6,82.75862068965517,48.275862068965516,,37.93103448275862,82.75862068965517,,89.65517241379311,,,,,17.24137931034483,
18740,Jonny Otto,D,,stopper_cb,Stopper Center Back,2998.0,Alaves,La Liga,31.2,100.0,31.2,9.2,Poor,6,53.07692307692308,21.53846153846154,14.615384615384617,31.538461538461537,55.38461538461539,9.230769230769226,,,,,,,
18744,Max Kilman,D,,positional_cb,Positional Center Back,1565.0,West Ham,Premier League,32.6,91.6,34.1,10.5,Poor,6,36.61971830985916,9.389671361502346,96.71361502347418,3.286384976525822,15.023474178403756,33.80281690140845,,,,,,,
18746,Morgan Gibbs-White,M,wide,eight_ten_hybrid,8/10 Hybrid,3110.0,Nottingham Forest,Premier League,50.8,100.0,50.8,57.1,Good,6,36.03603603603604,,,,,,56.30630630630631,32.432432432432435,33.33333333333333,88.28828828828829,62.16216216216216,,
18766,Dominic Calvert-Lewin,F,central,traditional_9,Traditional No. 9,2726.0,Leeds,Premier League,57.5,100.0,57.5,67.5,Good,5,,39.130434782608695,,,,,,24.154589371980677,,73.42995169082126,46.13526570048309,,69.56521739130434
18767,Ademola Lookman,F,wide,linking_winger,Linking Forward,1419.0,Atletico Madrid,Serie A,38.9,90.5,40.0,26.0,Below Average,5,42.857142857142854,,,,,,,55.10204081632652,5.1020408163265305,69.38775510204081,28.57142857142857,,
18778,Harvey Barnes,F,central,traditional_9,Traditional No. 9,1961.0,Newcastle,Premier League,47.7,94.5,47.8,46.6,Average,5,,14.009661835748794,,,,,,74.8792270531401,,45.893719806763286,56.038647342995176,,43.47826086956522
18788,Jamie Vardy,F,central,traditional_9,Traditional No. 9,2107.0,Cremonese,Serie A,43.8,95.6,44.1,36.5,Below Average,5,,48.792270531400966,,,,,,21.256038647342994,,40.82125603864734,85.5072463768116,,5.797101449275362
18794,Kiko Femenía,D,,creative_fullback,Creative Fullback,2020.0,Getafe,La Liga,37.7,95.0,38.4,21.8,Poor,6,11.016949152542372,22.033898305084744,,95.76271186440678,,,16.52542372881356,42.3728813559322,32.20338983050847,,,,
18797,Christian Kabasele,D,,positional_cb,Positional Center Back,2262.0,Udinese,Serie A,57.2,96.8,57.0,72.9,Very Good,6,41.31455399061033,56.33802816901409,63.84976525821596,88.26291079812206,5.633802816901409,81.69014084507042,,,,,,,
18806,Will Hughes,M,central,defensive_midfielder,Defensive Midfielder (DM / 6),1577.0,Crystal Palace,Premier League,20.4,91.7,22.9,1.0,Poor,5,17.94871794871795,16.923076923076923,,23.076923076923077,12.82051282051282,,72.56410256410255,,,,,,
18821,Grady Diangana,M,wide,six_eight_hybrid,6/8 Hybrid,929.0,Elche,La Liga,30.3,86.9,32.9,17.1,Poor,6,80.17241379310344,10.344827586206897,,18.103448275862068,25.862068965517242,,12.068965517241379,,,,,56.03448275862068,
18846,Aaron Wan-Bissaka,D,,creative_fullback,Creative Fullback,2084.0,West Ham,Premier League,50.6,95.4,50.6,55.5,Good,6,5.932203389830509,37.28813559322034,,100.0,,,59.32203389830508,44.91525423728814,54.23728813559322,,,,
18867,Diego Rico,D,,high_intensity_fullback,High-Intensity Fullback,1767.0,Getafe,La Liga,42.5,93.1,43.1,37.5,Below Average,6,,61.97183098591549,,92.95774647887323,45.07042253521127,,22.535211267605636,23.943661971830984,14.084507042253522,,,,
18869,Adam Smith,D,,creative_fullback,Creative Fullback,1095.0,Bournemouth,Premier League,44.3,88.1,45.0,37.0,Below Average,6,18.64406779661017,5.932203389830509,,30.508474576271187,,,100.0,16.101694915254235,86.4406779661017,,,,
18870,David Brooks,M,wide,eight_ten_hybrid,8/10 Hybrid,1220.0,Bournemouth,Premier League,35.7,89.0,37.3,18.8,Poor,6,18.91891891891892,,,,,,27.927927927927925,60.36036036036037,66.66666666666666,7.207207207207207,21.62162162162162,,
18872,Lewis Cook,M,central,defensive_midfielder,Defensive Midfielder (DM / 6),905.0,Bournemouth,Premier League,72.9,86.7,69.9,89.8,Excellent,5,57.948717948717956,56.15384615384615,,99.48717948717949,70.76923076923077,,94.61538461538461,,,,,,
18883,Dominic Solanke,F,central,traditional_9,Traditional No. 9,1000.0,Tottenham,Premier League,45.7,87.4,46.2,42.1,Average,5,,56.038647342995176,,,,,,11.11111111111111,,31.88405797101449,98.55072463768117,,15.942028985507244
18895,Florian Lejeune,D,,stopper_cb,Stopper Center Back,3231.0,Rayo Vallecano,La Liga,55.9,100.0,55.9,68.7,Good,6,61.53846153846154,63.07692307692307,71.53846153846153,53.84615384615385,40.76923076923077,43.07692307692308,,,,,,,
18901,Sean Longstaff,M,central,attacking_midfielder,Attacking Midfielder (AM / 10),1046.0,Leeds,Premier League,51.8,87.7,51.6,60.2,Good,6,27.173913043478258,,,,,,5.434782608695652,81.52173913043478,55.434782608695656,78.26086956521739,11.41304347826087,,
18906,Ayoze Pérez,F,central,traditional_9,Traditional No. 9,1127.0,Villarreal,La Liga,62.6,88.3,61.2,73.6,Very Good,5,,45.893719806763286,,,,,,89.85507246376811,,64.73429951690821,88.64734299516908,,21.256038647342994
18929,Dwight McNeil,M,central,box_to_box_midfielder,Box-to-Box Midfielder (CM / 8),1189.0,Everton,Premier League,46.7,88.8,47.1,41.7,Average,7,64.39393939393939,25.757575757575758,,49.24242424242424,46.96969696969697,,80.68181818181817,,50.0,10.984848484848484,,,
18931,Chris Wood,F,central,traditional_9,Traditional No. 9,906.0,Nottingham Forest,Premier League,35.6,86.7,37.5,26.4,Below Average,5,,36.231884057971016,,,,,,9.66183574879227,,39.130434782608695,8.695652173913043,,75.84541062801932
18961,Dan Burn,D,,stopper_cb,Stopper Center Back,2209.0,Newcastle,Premier League,21.1,96.4,22.2,0.8,Poor,6,11.538461538461538,26.153846153846157,30.0,11.538461538461538,19.230769230769234,27.692307692307693,,,,,,,
18963,Lewis Dunk,D,,positional_cb,Positional Center Back,2844.0,Brighton,Premier League,48.7,100.0,48.7,47.0,Average,6,86.3849765258216,39.906103286384976,66.66666666666666,39.436619718309856,26.76056338028169,3.2863849765258237,,,,,,,
18964,Bernardo,D,,stopper_cb,Stopper Center Back,2318.0,1899 Hoffenheim,Bundesliga,64.4,97.2,64.0,87.0,Excellent,6,12.307692307692308,76.15384615384615,35.38461538461539,81.53846153846153,91.53846153846153,42.307692307692314,,,,,,,
18967,Leo Østigård,D,,positional_cb,Positional Center Back,2623.0,Genoa,Serie A,62.4,99.4,62.4,85.0,Excellent,6,46.478873239436616,84.50704225352112,72.30046948356808,50.70422535211267,45.539906103286384,72.7699530516432,,,,,,,
18970,Pascal Groß,M,central,attacking_midfielder,Attacking Midfielder (AM / 10),2254.0,Brighton,Premier League,52.3,96.7,52.2,62.4,Good,6,35.869565217391305,,,,,,53.80434782608695,77.17391304347827,47.82608695652174,16.304347826086957,84.78260869565217,,
18979,Viktor Gyökeres,F,central,traditional_9,Traditional No. 9,2254.0,Arsenal,Premier League,54.8,96.7,54.7,60.6,Good,5,,2.898550724637681,,,,,,40.09661835748793,,85.99033816425121,54.106280193236714,,34.54106280193236
19030,Matt O'Riley,M,central,attacking_midfielder,Attacking Midfielder (AM / 10),942.0,Brighton,Ligue 1,55.1,87.0,54.4,66.7,Good,6,59.78260869565217,,,,,,1.6304347826086956,55.434782608695656,64.13043478260869,80.43478260869566,60.86956521739131,,
19032,Ryan Sessegnon,D,,high_intensity_fullback,High-Intensity Fullback,1822.0,Fulham,Premier League,34.6,93.5,35.6,13.9,Poor,6,,2.8169014084507045,,71.83098591549296,46.478873239436616,,12.676056338028168,33.80281690140845,36.61971830985916,,,,
19071,Emiliano Buendía,M,wide,six_eight_hybrid,6/8 Hybrid,1784.0,Aston Villa,Premier League,57.4,93.2,56.9,67.1,Good,6,62.93103448275862,36.206896551724135,,67.24137931034483,92.24137931034483,,11.206896551724139,,,,,71.55172413793103,
19128,Jack Harrison,F,wide,linking_winger,Linking Forward,1242.0,Fiorentina,Serie A,30.2,89.2,32.3,14.0,Poor,5,53.06122448979592,,,,,,,4.081632653061225,73.46938775510205,4.081632653061225,13.26530612244898,,
19163,Jacob Murphy,F,wide,linking_winger,Linking Forward,1627.0,Newcastle,Premier League,18.3,92.1,20.8,6.0,Poor,5,0.0,,,,,,,12.244897959183673,32.6530612244898,14.285714285714285,28.57142857142857,,
19170,Morgan Rogers,M,wide,eight_ten_hybrid,8/10 Hybrid,3285.0,Aston Villa,Premier League,33.4,100.0,33.4,10.7,Poor,6,8.108108108108109,,,,,,10.81081081081081,20.72072072072072,45.94594594594595,58.55855855855856,67.56756756756756,,
19179,Tyrone Mings,D,,positional_cb,Positional Center Back,1323.0,Aston Villa,Premier League,39.9,89.8,40.9,25.5,Below Average,6,59.154929577464785,22.535211267605636,30.51643192488263,17.370892018779344,0.0,89.2018779342723,,,,,,,
19182,Axel Tuanzebe,D,,positional_cb,Positional Center Back,1202.0,Burnley,Premier League,23.1,88.9,26.1,2.6,Poor,6,7.511737089201878,1.4084507042253522,59.624413145539904,22.065727699530516,25.352112676056336,41.31455399061033,,,,,,,
19185,Keinan Davis,F,central,traditional_9,Traditional No. 9,2079.0,Udinese,Serie A,70.8,95.4,69.9,85.1,Excellent,5,,81.64251207729468,,,,,,92.7536231884058,,68.59903381642512,89.3719806763285,,35.26570048309179
19187,Jack Grealish,M,wide,six_eight_hybrid,6/8 Hybrid,1631.0,Everton,Premier League,55.5,92.1,55.0,61.5,Good,6,83.62068965517241,70.6896551724138,,58.620689655172406,12.931034482758621,,34.48275862068966,,,,,93.10344827586206,
19191,John McGinn,M,wide,eight_ten_hybrid,8/10 Hybrid,2169.0,Aston Villa,Premier League,52.8,96.1,52.7,60.7,Good,6,49.549549549549546,,,,,,65.76576576576578,50.45045045045045,47.74774774774775,42.34234234234234,72.52252252252252,,
19192,Jacob Ramsey,M,central,attacking_midfielder,Attacking Midfielder (AM / 10),1465.0,Newcastle,Premier League,48.6,90.9,48.7,48.4,Average,6,75.0,,,,,,42.934782608695656,32.608695652173914,58.69565217391305,60.86956521739131,25.543478260869566,,
19201,Jayden Bogle,M,central,box_to_box_midfielder,Box-to-Box Midfielder (CM / 8),2809.0,Leeds,Premier League,45.6,100.0,45.6,33.5,Below Average,7,25.0,46.96969696969697,,80.3030303030303,75.0,,24.242424242424242,,42.42424242424242,24.242424242424242,,,
19209,Fikayo Tomori,D,,positional_cb,Positional Center Back,2563.0,AC Milan,Serie A,46.2,99.0,46.2,36.9,Below Average,6,62.441314553990615,18.30985915492958,58.68544600938967,48.35680751173709,99.53051643192488,6.103286384976528,,,,,,,
19220,Mason Mount,F,wide,linking_winger,Linking Forward,1018.0,Manchester United,Premier League,17.2,87.5,21.3,8.0,Poor,5,48.97959183673469,,,,,,,6.122448979591836,5.1020408163265305,42.857142857142854,2.0408163265306123,,
19221,Harry Wilson,M,wide,eight_ten_hybrid,8/10 Hybrid,2692.0,Fulham,Premier League,54.2,99.9,54.2,65.6,Good,6,41.44144144144144,,,,,,82.88288288288288,23.423423423423422,69.36936936936937,74.77477477477478,43.24324324324324,,
19235,Djed Spence,D,,high_intensity_fullback,High-Intensity Fullback,2078.0,Tottenham,Premier League,16.1,95.4,17.7,1.4,Poor,6,,14.084507042253522,,18.30985915492958,18.30985915492958,,30.985915492957744,4.225352112676056,14.084507042253522,,,,
19245,Marcus Tavernier,M,wide,eight_ten_hybrid,8/10 Hybrid,2738.0,Bournemouth,Premier League,47.9,100.0,47.9,50.0,Average,6,62.16216216216216,,,,,,38.73873873873874,54.95495495495496,38.73873873873874,47.74774774774775,36.486486486486484,,
19263,Lloyd Kelly,D,,positional_cb,Positional Center Back,2998.0,Juventus,Serie A,45.0,100.0,45.0,33.9,Below Average,6,46.009389671361504,58.68544600938967,18.30985915492958,1.4084507042253522,68.54460093896714,79.34272300469483,,,,,,,
19281,Antoine Semenyo,M,wide,eight_ten_hybrid,8/10 Hybrid,3200.0,Manchester City,Premier League,43.0,100.0,43.0,39.3,Below Average,6,32.432432432432435,,,,,,30.180180180180184,11.711711711711711,29.72972972972973,90.09009009009009,81.98198198198197,,
19298,Matty Cash,D,,creative_fullback,Creative Fullback,3020.0,Aston Villa,Premier League,57.6,100.0,57.6,72.3,Very Good,6,65.2542372881356,44.06779661016949,,29.66101694915254,,,83.47457627118644,61.86440677966102,55.08474576271186,,,,
19321,Joe Rodon,D,,positional_cb,Positional Center Back,2953.0,Leeds,Premier League,34.5,100.0,34.5,13.1,Poor,6,31.455399061032864,24.413145539906104,39.671361502347416,29.577464788732392,30.985915492957744,54.92957746478873,,,,,,,
19346,Rico Henry,D,,creative_fullback,Creative Fullback,1334.0,Brentford,Premier League,26.3,89.9,28.7,5.0,Poor,6,9.322033898305085,27.11864406779661,,17.796610169491526,,,66.52542372881356,3.389830508474576,43.22033898305085,,,,
19354,Ezri Konsa,D,,positional_cb,Positional Center Back,3036.0,Aston Villa,Premier League,68.5,100.0,68.5,92.1,Excellent,6,98.59154929577466,92.95774647887323,67.13615023474179,7.981220657276995,3.286384976525822,91.07981220657277,,,,,,,
19366,Ollie Watkins,F,central,traditional_9,Traditional No. 9,2852.0,Aston Villa,Premier League,67.5,100.0,67.5,81.0,Very Good,5,,50.72463768115942,,,,,,30.917874396135264,,80.67632850241546,84.05797101449275,,50.24154589371981
19428,Jarrod Bowen,M,wide,six_eight_hybrid,6/8 Hybrid,3405.0,West Ham,Premier League,34.1,100.0,34.1,17.9,Poor,6,11.206896551724139,28.448275862068968,,62.93103448275862,20.689655172413794,,52.58620689655172,,,,,21.551724137931032,
19461,Lukas Nmecha,F,central,traditional_9,Traditional No. 9,1092.0,Leeds,Premier League,72.1,88.1,69.5,84.6,Very Good,5,,57.00483091787439,,,,,,48.792270531400966,,77.77777777777779,86.95652173913044,,62.80193236714976
19484,Adam Armstrong,F,central,traditional_9,Traditional No. 9,1146.0,Wolves,Premier League,22.2,88.5,25.4,6.7,Poor,5,,48.309178743961354,,,,,,7.729468599033816,,14.975845410628018,40.33816425120773,,6.280193236714976
19495,Nathan Collins,D,,positional_cb,Positional Center Back,2972.0,Brentford,Premier League,40.1,100.0,40.1,23.4,Poor,6,4.694835680751173,26.291079812206576,94.36619718309859,56.33802816901409,15.96244131455399,63.38028169014084,,,,,,,
19518,Maxime Colin,D,,positional_cb,Positional Center Back,1700.0,Metz,Ligue 1,45.6,92.6,45.9,36.0,Below Average,6,50.70422535211267,37.558685446009385,19.248826291079812,84.50704225352112,97.65258215962442,0.4694835680751197,,,,,,,
19524,Che Adams,F,central,traditional_9,Traditional No. 9,1896.0,Torino,Serie A,45.0,94.0,45.3,40.4,Average,5,,49.75845410628019,,,,,,85.5072463768116,,36.231884057971016,45.410628019323674,,37.19806763285024
19545,Reece James,D,,stopper_cb,Stopper Center Back,1961.0,Chelsea,Premier League,60.7,94.5,60.1,78.6,Very Good,6,80.0,60.76923076923077,6.923076923076923,76.92307692307693,69.23076923076923,72.3076923076923,,,,,,,
19549,Antonee Robinson,D,,high_intensity_fullback,High-Intensity Fullback,1493.0,Fulham,Premier League,74.4,91.1,72.2,95.8,Elite,6,,83.09859154929578,,100.0,81.69014084507043,,78.87323943661971,83.09859154929578,14.084507042253522,,,,
19586,Eberechi Eze,M,wide,eight_ten_hybrid,8/10 Hybrid,1900.0,Arsenal,Premier League,49.3,94.1,49.3,54.9,Average,6,72.97297297297297,,,,,,95.4954954954955,2.7027027027027026,21.62162162162162,73.87387387387388,53.153153153153156,,
19617,Michael Olise,M,wide,eight_ten_hybrid,8/10 Hybrid,2317.0,Bayern München,Bundesliga,86.1,97.2,85.1,100.0,Elite,6,65.76576576576578,,,,,,54.054054054054056,97.2972972972973,100.0,94.5945945945946,99.09909909909909,,
19625,Danny Namaso,F,central,traditional_9,Traditional No. 9,2525.0,Auxerre,Ligue 1,24.7,98.7,25.1,6.2,Poor,5,,43.47826086956522,,,,,,77.29468599033817,,9.66183574879227,17.391304347826086,,24.637681159420293
19720,Trevoh Chalobah,D,,positional_cb,Positional Center Back,2782.0,Chelsea,Premier League,55.6,100.0,55.6,68.2,Good,6,92.01877934272301,39.436619718309856,21.5962441314554,62.91079812206573,32.863849765258216,58.21596244131456,,,,,,,
19760,James Justin,D,,stopper_cb,Stopper Center Back,1916.0,Leeds,Premier League,59.2,94.2,58.6,74.0,Very Good,6,3.8461538461538463,74.61538461538461,37.69230769230769,51.53846153846153,90.76923076923077,60.0,,,,,,,
19824,Jordan Zemura,M,central,box_to_box_midfielder,Box-to-Box Midfielder (CM / 8),1128.0,Udinese,Serie A,31.1,88.4,33.3,5.3,Poor,7,13.636363636363635,17.424242424242426,,24.242424242424242,88.63636363636364,,15.909090909090908,,54.54545454545454,10.984848484848484,,,
19827,Josh Cullen,M,central,defensive_midfielder,Defensive Midfielder (DM / 6),1519.0,Burnley,Premier League,44.0,91.3,44.5,37.0,Below Average,5,30.76923076923077,56.15384615384615,,67.17948717948717,26.666666666666668,,6.666666666666667,,,,,,
20093,James Hill,D,,stopper_cb,Stopper Center Back,2120.0,Bournemouth,Premier League,58.8,95.7,58.5,72.5,Very Good,6,7.6923076923076925,90.76923076923077,52.307692307692314,87.6923076923077,23.076923076923077,53.84615384615385,,,,,,,
20303,Josh Laurent,D,,high_intensity_fullback,High-Intensity Fullback,1783.0,Burnley,Premier League,41.3,93.2,41.9,30.6,Below Average,6,,16.901408450704224,,83.09859154929578,56.33802816901409,,50.70422535211267,26.76056338028169,14.084507042253522,,,,
20525,Matthieu Udol,M,central,attacking_midfielder,Attacking Midfielder (AM / 10),3003.0,Lens,Ligue 1,39.8,100.0,39.8,18.3,Poor,6,18.478260869565215,,,,,,17.391304347826086,57.608695652173914,70.65217391304348,14.130434782608695,40.21739130434783,,
20529,Gauthier Hein,M,central,attacking_midfielder,Attacking Midfielder (AM / 10),2354.0,Metz,Ligue 1,73.6,97.4,73.0,96.2,Elite,6,76.08695652173914,,,,,,21.73913043478261,85.86956521739131,81.52173913043478,94.56521739130434,60.86956521739131,,
20534,Cheick Tidiane Sabaly,F,central,traditional_9,Traditional No. 9,976.0,Metz,Ligue 1,26.3,87.2,29.3,12.5,Poor,5,,32.850241545893724,,,,,,51.20772946859904,,0.7246376811594203,70.04830917874396,,0.4830917874396135
20535,Habibou Diallo,F,central,traditional_9,Traditional No. 9,1910.0,Metz,Ligue 1,24.1,94.1,25.6,7.5,Poor,5,,84.05797101449275,,,,,,14.009661835748794,,17.391304347826086,18.357487922705314,,17.874396135265698
20546,Brendan Chardonnet,D,,positional_cb,Positional Center Back,2547.0,Stade Brestois 29,Ligue 1,42.3,98.9,42.4,27.6,Below Average,6,6.103286384976526,43.66197183098591,98.59154929577466,61.97183098591549,49.76525821596244,20.187793427230048,,,,,,,
20554,Haris Belkebla,M,central,defensive_midfielder,Defensive Midfielder (DM / 6),2880.0,Angers,Ligue 1,61.2,100.0,61.2,77.6,Very Good,5,67.17948717948717,89.74358974358975,,38.46153846153847,53.333333333333336,,46.666666666666664,,,,,,
20558,Hugo Magnetti,M,central,defensive_midfielder,Defensive Midfielder (DM / 6),2697.0,Stade Brestois 29,Ligue 1,66.0,100.0,66.0,84.7,Very Good,5,32.82051282051282,81.53846153846153,,82.05128205128204,58.46153846153847,,78.46153846153847,,,,,,
20589,Bryan Mbeumo,F,wide,linking_winger,Linking Forward,2621.0,Manchester United,Premier League,42.3,99.4,42.4,32.0,Below Average,5,30.612244897959183,,,,,,,36.734693877551024,28.57142857142857,65.3061224489796,65.3061224489796,,
20600,Romain Perraud,D,,creative_fullback,Creative Fullback,2253.0,Lille,Ligue 1,70.1,96.7,69.4,89.9,Excellent,6,69.49152542372882,52.54237288135594,,54.23728813559322,,,41.94915254237288,91.52542372881356,85.59322033898306,,,,
20634,Alexis Claude-Maurice,F,wide,direct_winger,Direct Forward,2107.0,FC Augsburg,Bundesliga,57.2,95.6,56.8,66.7,Good,5,,,,,,,84.0909090909091,34.090909090909086,,56.81818181818182,25.0,59.09090909090909,
20638,Enzo Le Fée,M,central,box_to_box_midfielder,Box-to-Box Midfielder (CM / 8),2944.0,Sunderland,Premier League,63.9,100.0,63.9,91.0,Excellent,7,62.878787878787875,50.75757575757576,,66.66666666666666,94.6969696969697,,13.636363636363635,,87.87878787878788,78.78787878787878,,,
20656,Enzo Ebosse,D,,positional_cb,Positional Center Back,1331.0,Torino,Serie A,36.3,89.9,37.7,18.5,Poor,6,56.33802816901409,0.0,84.97652582159625,9.389671361502346,9.859154929577464,47.41784037558685,,,,,,,
20665,Jean-Ricner Bellegarde,M,wide,six_eight_hybrid,6/8 Hybrid,1251.0,Wolves,Premier League,75.6,89.3,72.9,92.3,Excellent,6,45.689655172413794,91.37931034482759,,63.793103448275865,70.6896551724138,,98.70689655172413,,,,,87.93103448275862,
20692,Himad Abdelli,M,central,defensive_midfielder,Defensive Midfielder (DM / 6),1096.0,Marseille,Ligue 1,47.8,88.1,48.1,51.0,Average,5,71.7948717948718,22.564102564102566,,69.23076923076923,37.94871794871795,,20.256410256410255,,,,,,
20696,Pape Gueye,M,central,defensive_midfielder,Defensive Midfielder (DM / 6),2143.0,Villarreal,La Liga,49.0,95.9,49.1,56.1,Good,5,11.282051282051283,80.51282051282051,,77.43589743589745,20.51282051282051,,42.82051282051282,,,,,,
20704,Alimami Gory,M,central,box_to_box_midfielder,Box-to-Box Midfielder (CM / 8),988.0,Paris FC,Ligue 1,59.3,87.3,58.1,75.6,Very Good,7,73.48484848484848,67.42424242424242,,46.96969696969697,46.21212121212121,,18.560606060606062,,63.63636363636363,100.0,,,
20780,Mathias Pereira Lage,F,central,traditional_9,Traditional No. 9,2030.0,FC St. Pauli,Bundesliga,30.9,95.0,31.8,16.8,Poor,5,,74.8792270531401,,,,,,69.56521739130434,,6.763285024154589,40.33816425120773,,19.806763285024154
20784,Franck Honorat,F,wide,linking_winger,Linking Forward,1987.0,Borussia Mönchengladbach,Bundesliga,50.1,94.7,50.1,54.0,Average,5,4.081632653061225,,,,,,,71.42857142857143,93.87755102040816,8.16326530612245,22.448979591836736,,
20817,Goduine Koyalipou,F,central,traditional_9,Traditional No. 9,914.0,Angers,Ligue 1,50.9,86.8,50.8,50.0,Average,5,,39.61352657004831,,,,,,16.908212560386474,,38.64734299516908,67.8743961352657,,73.91304347826086
20844,Haissem Hassan,M,wide,six_eight_hybrid,6/8 Hybrid,1943.0,Oviedo,La Liga,45.8,94.4,46.0,38.0,Below Average,6,57.758620689655174,57.758620689655174,,9.482758620689655,57.758620689655174,,70.25862068965517,,,,,15.517241379310345,
20850,Carlens Arcus,D,,creative_fullback,Creative Fullback,2051.0,Angers,Ligue 1,62.1,95.2,61.5,76.5,Very Good,6,80.50847457627118,63.559322033898304,,90.67796610169492,,,36.440677966101696,38.13559322033898,75.42372881355932,,,,
20869,Samir Sophian Chergui,D,,positional_cb,Positional Center Back,1155.0,Paris FC,Ligue 1,43.5,88.6,44.2,30.6,Below Average,6,60.093896713615024,15.492957746478872,14.084507042253522,25.352112676056336,63.84976525821596,86.8544600938967,,,,,,,
20917,Laurent Abergel,M,central,defensive_midfielder,Defensive Midfielder (DM / 6),2324.0,Lorient,Ligue 1,32.4,97.2,32.9,11.0,Poor,5,74.87179487179488,20.76923076923077,,41.53846153846154,5.128205128205128,,11.025641025641026,,,,,,
20959,Matteo Tramoni,F,central,traditional_9,Traditional No. 9,1615.0,Pisa,Serie A,27.1,92.0,28.9,11.8,Poor,5,,66.18357487922705,,,,,,99.03381642512076,,10.144927536231885,18.357487922705314,,12.077294685990339
20995,Maxence Lacroix,D,,stopper_cb,Stopper Center Back,3087.0,Crystal Palace,Premier League,57.5,100.0,57.5,71.0,Very Good,6,71.53846153846153,76.92307692307693,38.46153846153847,50.0,30.76923076923077,91.53846153846153,,,,,,,
21004,Lucien Agoumé,M,central,defensive_midfielder,Defensive Midfielder (DM / 6),2693.0,Sevilla,La Liga,47.6,99.9,47.6,49.0,Average,5,12.82051282051282,25.128205128205128,,88.2051282051282,59.48717948717949,,37.17948717948718,,,,,,
21010,Elisha Owusu,M,central,defensive_midfielder,Defensive Midfielder (DM / 6),2353.0,Auxerre,Ligue 1,44.9,97.4,45.0,38.3,Below Average,5,13.333333333333334,35.38461538461539,,36.92307692307693,77.43589743589745,,95.38461538461539,,,,,,
21087,Batista Mendy,M,central,defensive_midfielder,Defensive Midfielder (DM / 6),1624.0,Sevilla,La Liga,38.2,92.0,39.2,26.5,Below Average,5,58.46153846153847,19.48717948717949,,37.94871794871795,35.38461538461539,,66.92307692307692,,,,,,
21090,Diego Carlos,D,,positional_cb,Positional Center Back,1948.0,Como,Serie A,61.6,94.4,61.0,82.7,Very Good,6,90.61032863849765,15.023474178403756,56.8075117370892,47.88732394366197,61.97183098591549,93.89671361502347,,,,,,,
21102,Valentin Rongier,M,central,defensive_midfielder,Defensive Midfielder (DM / 6),2745.0,Rennes,Ligue 1,63.0,100.0,63.0,80.6,Very Good,5,82.56410256410255,43.07692307692308,,64.61538461538461,66.66666666666666,,58.71794871794872,,,,,,
21104,Randal Kolo Muani,F,central,traditional_9,Traditional No. 9,1670.0,Tottenham,Premier League,11.2,92.4,14.2,0.5,Poor,5,,24.154589371980677,,,,,,72.94685990338165,,1.932367149758454,0.966183574879227,,2.898550724637681
21138,Rayan Aït-Nouri,D,,high_intensity_fullback,High-Intensity Fullback,976.0,Manchester City,Premier League,75.2,87.2,72.0,93.1,Excellent,6,,67.6056338028169,,67.6056338028169,88.73239436619718,,65.49295774647888,69.01408450704226,90.14084507042254,,,,
21381,Jordan Lefort,D,,positional_cb,Positional Center Back,3060.0,Angers,Ligue 1,39.8,100.0,39.8,22.9,Poor,6,26.291079812206576,46.948356807511736,15.023474178403756,85.91549295774648,75.11737089201877,7.981220657276992,,,,,,,
21393,Serhou Guirassy,F,central,traditional_9,Traditional No. 9,2348.0,Borussia Dortmund,Bundesliga,79.1,97.4,78.4,96.2,Elite,5,,85.5072463768116,,,,,,35.26570048309179,,91.78743961352657,66.66666666666666,,91.30434782608695
21497,Ludovic Blas,M,wide,eight_ten_hybrid,8/10 Hybrid,1548.0,Rennes,Ligue 1,68.6,91.5,67.0,83.0,Very Good,6,57.65765765765766,,,,,,70.27027027027027,91.8918918918919,68.46846846846847,63.96396396396396,33.78378378378378,,
21509,Marcus Thuram,F,central,traditional_9,Traditional No. 9,1913.0,Inter,Serie A,79.3,94.2,77.6,95.2,Elite,5,,91.06280193236715,,,,,,93.71980676328504,,89.85507246376811,46.85990338164252,,88.40579710144928
21568,Ruben Aguilar,M,central,defensive_midfielder,Defensive Midfielder (DM / 6),1736.0,Lens,Ligue 1,54.0,92.9,53.7,63.3,Good,5,34.35897435897436,64.1025641025641,,79.48717948717949,37.43589743589744,,37.17948717948718,,,,,,
21570,Nicolas Cozza,D,,creative_fullback,Creative Fullback,2303.0,Nantes,Ligue 1,27.9,97.1,28.6,4.2,Poor,6,7.627118644067797,53.813559322033896,,32.20338983050847,,,51.271186440677965,11.864406779661017,29.66101694915254,,,,
21587,Ellyes Skhiri,M,central,defensive_midfielder,Defensive Midfielder (DM / 6),1450.0,Eintracht Frankfurt,Bundesliga,49.3,90.7,49.4,56.6,Good,5,73.84615384615385,32.30769230769231,,89.23076923076924,3.5897435897435894,,65.12820512820512,,,,,,
21640,Jessy Deminguet,M,central,defensive_midfielder,Defensive Midfielder (DM / 6),2021.0,Metz,Ligue 1,38.9,95.0,39.5,27.3,Below Average,5,82.05128205128204,11.794871794871794,,35.8974358974359,36.92307692307693,,26.923076923076923,,,,,,
21694,Nayef Aguerd,D,,positional_cb,Positional Center Back,1579.0,Marseille,Ligue 1,62.1,91.7,61.1,83.2,Very Good,6,88.26291079812206,35.2112676056338,33.33333333333333,74.17840375586854,53.051643192488264,76.99530516431925,,,,,,,
21701,Valentin Rosier,D,,creative_fullback,Creative Fullback,2554.0,Osasuna,La Liga,49.6,98.9,49.6,52.1,Average,6,38.13559322033898,39.83050847457627,,97.45762711864407,,,92.37288135593221,25.423728813559322,25.423728813559322,,,,
21715,Wesley Saïd,F,wide,linking_winger,Linking Forward,2010.0,Lens,Ligue 1,37.3,94.9,38.0,22.0,Poor,5,55.10204081632652,,,,,,,2.0408163265306123,24.489795918367346,85.71428571428571,63.26530612244898,,
21998,Axel Disasi,D,,positional_cb,Positional Center Back,1255.0,West Ham,Premier League,51.5,89.3,51.4,53.3,Average,6,25.821596244131456,76.05633802816901,67.6056338028169,19.718309859154928,22.065727699530516,97.1830985915493,,,,,,,
22007,Hassane Kamara,M,central,box_to_box_midfielder,Box-to-Box Midfielder (CM / 8),1869.0,Udinese,Serie A,64.5,93.8,63.6,90.2,Excellent,7,68.93939393939394,98.48484848484848,,84.84848484848484,33.33333333333333,,87.87878787878788,,68.18181818181817,10.984848484848484,,,
22015,Boulaye Dia,F,central,traditional_9,Traditional No. 9,1256.0,Lazio,Serie A,34.7,89.3,36.3,22.6,Poor,5,,12.077294685990339,,,,,,71.49758454106279,,3.864734299516908,100.0,,0.0
22090,William Saliba,D,,positional_cb,Positional Center Back,2615.0,Arsenal,Premier League,44.0,99.4,44.0,29.9,Below Average,6,90.14084507042254,28.638497652582164,0.4694835680751174,4.694835680751173,40.845070422535215,72.30046948356808,,,,,,,
22094,Wesley Fofana,D,,positional_cb,Positional Center Back,1726.0,Chelsea,Premier League,74.6,92.8,72.9,97.2,Elite,6,84.97652582159625,61.03286384976526,81.69014084507043,99.53051643192488,19.718309859154928,80.28169014084507,,,,,,,
22097,Arnaud Nordin,F,central,traditional_9,Traditional No. 9,1047.0,Rennes,Ligue 1,28.1,87.8,30.8,15.4,Poor,5,,89.85507246376811,,,,,,36.231884057971016,,6.280193236714976,2.4154589371980677,,63.28502415458937
22134,Kelvin Amian,D,,creative_fullback,Creative Fullback,1962.0,Nantes,Ligue 1,32.6,94.5,33.6,12.2,Poor,6,34.74576271186441,81.35593220338984,,2.5423728813559325,,,66.52542372881356,9.322033898305085,33.05084745762712,,,,
22136,Bafodé Diakité,D,,creative_fullback,Creative Fullback,1286.0,Bournemouth,Premier League,29.1,89.5,31.3,9.2,Poor,6,83.89830508474576,67.79661016949152,,46.61016949152542,,,2.11864406779661,1.694915254237288,10.16949152542373,,,,
22147,Manu Koné,M,central,defensive_midfielder,Defensive Midfielder (DM / 6),2459.0,AS Roma,Serie A,36.6,98.2,36.8,18.4,Poor,5,92.82051282051282,23.076923076923077,,9.230769230769232,24.615384615384617,,75.38461538461539,,,,,,
22149,Ibrahim Sangaré,M,central,defensive_midfielder,Defensive Midfielder (DM / 6),2080.0,Nottingham Forest,Premier League,46.9,95.4,47.0,44.4,Average,5,61.53846153846154,10.256410256410255,,47.69230769230769,74.87179487179488,,27.692307692307693,,,,,,
22163,Dante,D,,positional_cb,Positional Center Back,930.0,Nice,Ligue 1,40.4,86.9,41.7,26.6,Below Average,6,65.25821596244131,52.347417840375584,25.821596244131456,42.25352112676056,17.84037558685446,10.798122065727696,,,,,,,
22166,Malang Sarr,D,,stopper_cb,Stopper Center Back,2925.0,Lens,Ligue 1,79.7,100.0,79.7,100.0,Elite,6,76.15384615384615,93.84615384615384,72.3076923076923,99.23076923076923,53.84615384615385,71.53846153846155,,,,,,,
22170,Pierre Lees Melou,M,central,defensive_midfielder,Defensive Midfielder (DM / 6),1966.0,Paris FC,Ligue 1,51.1,94.6,51.0,59.7,Good,5,24.102564102564102,50.76923076923077,,43.07692307692308,87.6923076923077,,17.17948717948718,,,,,,
22171,Jean Victor Makengo,F,wide,linking_winger,Linking Forward,1813.0,Lorient,Ligue 1,28.5,93.4,29.9,12.0,Poor,5,61.224489795918366,,,,,,,8.16326530612245,26.53061224489796,20.408163265306122,47.95918367346938,,
22174,Adrien Tameze,D,,creative_fullback,Creative Fullback,1133.0,Torino,Serie A,31.5,88.4,33.6,12.2,Poor,6,33.89830508474576,10.16949152542373,,98.30508474576271,,,2.11864406779661,33.05084745762712,10.16949152542373,,,,
22222,Zeki Çelik,M,central,box_to_box_midfielder,Box-to-Box Midfielder (CM / 8),2730.0,AS Roma,Serie A,52.1,100.0,52.1,58.3,Good,7,86.36363636363636,81.06060606060606,,45.45454545454545,74.24242424242425,,4.924242424242424,,43.93939393939394,25.757575757575758,,,
22224,Gabriel Magalhães,D,,positional_cb,Positional Center Back,2751.0,Arsenal,Premier League,59.2,100.0,59.2,78.0,Very Good,6,38.028169014084504,85.91549295774648,91.07981220657277,17.84037558685446,48.35680751173709,75.58685446009389,,,,,,,
22225,Reinildo Mandava,D,,stopper_cb,Stopper Center Back,1969.0,Sunderland,Premier League,41.8,94.6,42.3,29.0,Below Average,6,47.69230769230769,26.923076923076923,53.07692307692308,63.07692307692307,34.61538461538461,28.461538461538467,,,,,,,
22229,Jonathan Ikoné,M,wide,eight_ten_hybrid,8/10 Hybrid,1102.0,Paris FC,Ligue 1,39.5,88.2,40.8,30.4,Below Average,6,64.86486486486487,,,,,,78.82882882882883,14.414414414414415,18.01801801801802,51.35135135135135,13.963963963963963,,
22236,Rafael Leão,F,central,traditional_9,Traditional No. 9,1859.0,AC Milan,Serie A,67.0,93.8,66.0,78.4,Very Good,5,,83.09178743961353,,,,,,75.84541062801932,,70.04830917874396,51.20772946859904,,69.08212560386472
22239,Cheikh Niasse,M,central,defensive_midfielder,Defensive Midfielder (DM / 6),983.0,Hellas Verona,Serie A,34.3,87.3,36.3,16.3,Poor,5,14.871794871794872,8.205128205128204,,65.64102564102564,34.35897435897436,,84.61538461538461,,,,,,
22247,Kenny Lala,D,,creative_fullback,Creative Fullback,2792.0,Stade Brestois 29,Ligue 1,47.2,100.0,47.2,44.1,Average,6,16.94915254237288,28.8135593220339,,61.86440677966102,,,46.61016949152542,53.38983050847458,61.016949152542374,,,,
22254,Youssouf Fofana,M,central,box_to_box_midfielder,Box-to-Box Midfielder (CM / 8),2217.0,AC Milan,Serie A,47.9,96.4,48.0,43.6,Average,7,75.75757575757575,21.21212121212121,,51.515151515151516,44.696969696969695,,27.27272727272727,,75.75757575757575,48.484848484848484,,,
22261,Adrien Thomasson,M,wide,six_eight_hybrid,6/8 Hybrid,2690.0,Lens,Ligue 1,60.6,99.9,60.6,73.5,Very Good,6,75.86206896551724,44.827586206896555,,50.86206896551724,100.0,,47.41379310344828,,,,,30.17241379310345,
22264,Ludovic Ajorque,F,central,traditional_9,Traditional No. 9,2823.0,Stade Brestois 29,Ligue 1,36.1,100.0,36.1,22.1,Poor,5,,99.03381642512076,,,,,,91.30434782608695,,29.951690821256037,8.212560386473431,,22.705314009661837
22842,Jean-Philippe Krasso,F,wide,direct_winger,Direct Forward,1099.0,Paris FC,Ligue 1,33.3,88.1,35.3,15.6,Poor,5,,,,,,,20.454545454545457,65.9090909090909,,36.36363636363637,18.181818181818183,36.36363636363637,
23363,Noah Cadiou,M,central,box_to_box_midfielder,Box-to-Box Midfielder (CM / 8),1881.0,Lorient,Ligue 1,61.1,93.9,60.5,83.8,Very Good,7,96.21212121212122,35.984848484848484,,84.0909090909091,12.878787878787879,,80.68181818181817,,30.681818181818183,77.27272727272727,,,
23637,Yanis Zouaoui,D,,creative_fullback,Creative Fullback,2348.0,Le Havre,Ligue 1,48.7,97.4,48.7,48.7,Average,6,15.254237288135593,41.52542372881356,,61.016949152542374,,,36.440677966101696,88.13559322033898,27.966101694915253,,,,
24147,Mahdi Camara,M,central,defensive_midfielder,Defensive Midfielder (DM / 6),2660.0,Rennes,Ligue 1,47.0,99.7,47.0,44.4,Average,5,77.94871794871796,30.76923076923077,,48.205128205128204,44.1025641025641,,13.333333333333334,,,,,,
24641,Budu Zivzivadze,F,central,traditional_9,Traditional No. 9,1146.0,1. FC Heidenheim,Bundesliga,57.7,88.5,56.8,66.1,Good,5,,12.560386473429952,,,,,,12.077294685990339,,74.8792270531401,80.43478260869566,,44.44444444444444
24798,Chris Führich,M,wide,eight_ten_hybrid,8/10 Hybrid,1723.0,VfB Stuttgart,Bundesliga,83.7,92.8,81.3,98.2,Elite,6,56.75675675675676,,,,,,94.5945945945946,87.38738738738738,90.990990990991,79.27927927927928,96.3963963963964,,
24806,Nikolas Nartey,M,wide,eight_ten_hybrid,8/10 Hybrid,1262.0,VfB Stuttgart,Bundesliga,68.2,89.3,66.3,81.2,Very Good,6,60.36036036036037,,,,,,99.09909909909909,52.25225225225225,63.06306306306306,61.711711711711715,94.14414414414415,,
24845,Julian Ryerson,M,central,attacking_midfielder,Attacking Midfielder (AM / 10),2272.0,Borussia Dortmund,Bundesliga,46.5,96.8,46.6,40.3,Average,6,13.043478260869565,,,,,,14.130434782608695,86.95652173913044,100.0,5.978260869565218,1.0869565217391304,,
24848,Christopher Trimmel,M,central,box_to_box_midfielder,Box-to-Box Midfielder (CM / 8),1875.0,Union Berlin,Bundesliga,35.1,93.9,36.0,11.3,Poor,7,2.272727272727273,87.87878787878788,,20.454545454545457,54.54545454545454,,3.4090909090909087,,81.81818181818183,10.984848484848484,,,
24854,Grischa Prömel,M,central,attacking_midfielder,Attacking Midfielder (AM / 10),1752.0,1899 Hoffenheim,Bundesliga,30.4,93.0,31.8,4.3,Poor,6,8.695652173913043,,,,,,19.021739130434785,0.0,21.73913043478261,96.73913043478261,29.891304347826086,,
24868,Josha Vagnoman,D,,creative_fullback,Creative Fullback,1593.0,VfB Stuttgart,Bundesliga,53.1,91.8,52.8,61.8,Good,6,40.67796610169492,20.33898305084746,,0.0,,,80.9322033898305,59.32203389830508,89.83050847457628,,,,
24880,Bakery Jatta,M,central,box_to_box_midfielder,Box-to-Box Midfielder (CM / 8),918.0,Hamburger SV,Bundesliga,45.1,86.8,45.7,34.6,Below Average,7,65.9090909090909,3.787878787878788,,65.9090909090909,32.57575757575758,,24.242424242424242,,68.93939393939394,62.121212121212125,,,
24888,Hwang Hee-chan,F,central,traditional_9,Traditional No. 9,1461.0,Wolves,Premier League,14.7,90.8,17.9,1.9,Poor,5,,18.357487922705314,,,,,,51.690821256038646,,11.594202898550725,10.144927536231885,,5.314009661835748
24897,Marnon Busch,D,,creative_fullback,Creative Fullback,1912.0,1. FC Heidenheim,Bundesliga,53.2,94.2,53.0,63.0,Good,6,30.508474576271187,18.220338983050848,,94.91525423728814,,,7.627118644067797,48.30508474576271,96.61016949152543,,,,
24899,Patrick Mainka,D,,positional_cb,Positional Center Back,3060.0,1. FC Heidenheim,Bundesliga,52.0,100.0,52.0,55.6,Good,6,29.107981220657276,80.75117370892019,93.42723004694837,51.173708920187785,55.39906103286385,8.920187793427232,,,,,,,
24903,Robert Andrich,D,,positional_cb,Positional Center Back,2547.0,Bayer Leverkusen,Bundesliga,58.5,98.9,58.4,75.2,Very Good,6,60.56338028169014,60.093896713615024,40.375586854460096,66.66666666666666,76.05633802816901,51.17370892018779,,,,,,,
24904,Niklas Dorsch,M,central,defensive_midfielder,Defensive Midfielder (DM / 6),2270.0,1. FC Heidenheim,Bundesliga,57.3,96.8,57.0,68.4,Good,5,78.97435897435898,82.05128205128204,,17.435897435897434,58.97435897435898,,37.17948717948718,,,,,,
24953,Yann Bisseck,D,,positional_cb,Positional Center Back,1922.0,Inter,Serie A,53.4,94.2,53.2,60.3,Good,6,88.73239436619718,57.74647887323944,3.286384976525822,54.460093896713616,48.82629107981221,40.845070422535215,,,,,,,
24955,Mathias Honsak,M,wide,six_eight_hybrid,6/8 Hybrid,1260.0,1. FC Heidenheim,Bundesliga,38.6,89.3,39.8,29.1,Below Average,6,12.931034482758621,21.551724137931032,,99.13793103448276,33.62068965517241,,31.03448275862069,,,,,11.206896551724139,
24961,Hauke Wahl,D,,positional_cb,Positional Center Back,2591.0,FC St. Pauli,Bundesliga,35.0,99.2,35.1,15.4,Poor,6,22.535211267605636,20.187793427230048,37.558685446009385,52.112676056338024,74.64788732394366,29.5774647887324,,,,,,,
24963,Atakan Karazor,M,central,defensive_midfielder,Defensive Midfielder (DM / 6),1898.0,VfB Stuttgart,Bundesliga,48.4,94.1,48.5,54.1,Average,5,37.43589743589744,97.43589743589743,,13.846153846153847,40.0,,61.794871794871796,,,,,,
24969,Philipp Sander,D,,stopper_cb,Stopper Center Back,2454.0,Borussia Mönchengladbach,Bundesliga,61.4,98.2,61.2,79.8,Very Good,6,49.23076923076923,65.76923076923077,7.6923076923076925,92.3076923076923,81.53846153846153,41.53846153846153,,,,,,,
24979,Jonas Föhrenbach,D,,creative_fullback,Creative Fullback,2327.0,1. FC Heidenheim,Bundesliga,43.8,97.2,44.0,33.6,Below Average,6,27.966101694915253,84.7457627118644,,79.66101694915254,,,6.3559322033898304,50.0,28.8135593220339,,,,
25008,Jonathan Clauss,M,central,attacking_midfielder,Attacking Midfielder (AM / 10),2710.0,Nice,Ligue 1,56.7,100.0,56.7,72.0,Very Good,6,6.521739130434782,,,,,,70.65217391304348,92.3913043478261,67.3913043478261,33.69565217391305,21.73913043478261,,
25011,Amos Pieper,D,,positional_cb,Positional Center Back,1504.0,Werder Bremen,Bundesliga,66.3,91.1,64.8,87.1,Excellent,6,14.084507042253522,99.53051643192488,76.05633802816901,90.14084507042254,93.89671361502347,56.8075117370892,,,,,,,
25061,Armel Bella-Kotchap,D,,stopper_cb,Stopper Center Back,1355.0,Hellas Verona,Serie A,72.9,90.0,70.6,96.2,Elite,6,33.07692307692307,100.0,91.53846153846153,96.92307692307692,10.0,94.61538461538461,,,,,,,
25073,Vitaly Janelt,M,central,attacking_midfielder,Attacking Midfielder (AM / 10),1449.0,Brentford,Premier League,39.4,90.7,40.4,25.3,Below Average,6,47.82608695652174,,,,,,31.521739130434785,28.26086956521739,78.26086956521739,28.26086956521739,15.217391304347828,,
25158,David Raum,D,,creative_fullback,Creative Fullback,2556.0,RB Leipzig,Bundesliga,69.6,98.9,69.3,89.1,Excellent,6,33.05084745762712,16.94915254237288,,70.33898305084746,,,51.271186440677965,100.0,98.30508474576271,,,,
25203,Benedikt Gimber,D,,stopper_cb,Stopper Center Back,1448.0,1. FC Heidenheim,Bundesliga,41.4,90.7,42.2,28.2,Below Average,6,30.0,62.30769230769231,18.461538461538463,6.923076923076923,66.92307692307692,53.07692307692308,,,,,,,
25242,Marius Bülter,F,central,traditional_9,Traditional No. 9,1606.0,1. FC Köln,Bundesliga,46.0,91.9,46.3,42.8,Average,5,,45.410628019323674,,,,,,96.61835748792271,,35.26570048309179,33.81642512077295,,55.072463768115945
25287,Kevin Danso,D,,stopper_cb,Stopper Center Back,1507.0,Tottenham,Premier League,53.9,91.2,53.6,63.4,Good,6,59.23076923076923,70.0,56.15384615384615,64.61538461538461,17.692307692307693,56.15384615384615,,,,,,,
25297,Michael Gregoritsch,F,central,traditional_9,Traditional No. 9,927.0,FC Augsburg,Bundesliga,56.5,86.9,55.6,62.0,Good,5,,42.51207729468599,,,,,,26.570048309178745,,86.47342995169082,14.251207729468598,,78.74396135265701
25300,Rani Khedira,M,central,box_to_box_midfielder,Box-to-Box Midfielder (CM / 8),2835.0,Union Berlin,Bundesliga,45.9,100.0,45.9,35.3,Below Average,7,0.0,58.333333333333336,,87.12121212121212,61.36363636363637,,6.0606060606060606,,20.454545454545457,79.54545454545455,,,
25313,Jan-Niklas Beste,M,wide,six_eight_hybrid,6/8 Hybrid,1716.0,SC Freiburg,Bundesliga,54.9,92.7,54.5,60.3,Good,6,18.103448275862068,61.206896551724135,,81.89655172413794,72.41379310344827,,20.689655172413794,,,,,59.48275862068966,
25314,Marco Friedl,D,,positional_cb,Positional Center Back,2549.0,Werder Bremen,Bundesliga,54.8,98.9,54.7,65.4,Good,6,46.948356807511736,68.54460093896714,65.25821596244131,71.83098591549296,79.34272300469483,5.633802816901408,,,,,,,
25342,Maximilian Mittelstädt,D,,stopper_cb,Stopper Center Back,2195.0,VfB Stuttgart,Bundesliga,66.6,96.3,66.0,90.8,Excellent,6,50.0,94.61538461538461,12.307692307692308,77.6923076923077,93.07692307692308,19.230769230769226,,,,,,,
25346,Jordan Torunarigha,D,,positional_cb,Positional Center Back,1965.0,Hamburger SV,Bundesliga,44.6,94.6,44.9,33.2,Below Average,6,10.7981220657277,44.60093896713615,60.093896713615024,84.03755868544602,87.32394366197182,17.840375586854464,,,,,,,
25353,Valentino Lazaro,M,central,box_to_box_midfielder,Box-to-Box Midfielder (CM / 8),2263.0,Torino,Serie A,49.8,96.8,49.8,54.9,Average,7,47.72727272727273,47.72727272727273,,64.39393939393939,60.60606060606061,,65.15151515151516,,53.40909090909091,10.984848484848484,,,
25368,Waldemar Anton,D,,positional_cb,Positional Center Back,2880.0,Borussia Dortmund,Bundesliga,54.0,100.0,54.0,63.3,Good,6,57.27699530516433,70.89201877934272,19.718309859154928,37.08920187793427,99.06103286384976,46.948356807511736,,,,,,,
25380,Linton Maina,M,wide,eight_ten_hybrid,8/10 Hybrid,1029.0,1. FC Köln,Bundesliga,37.5,87.6,39.1,26.3,Below Average,6,70.27027027027027,,,,,,35.13513513513514,36.03603603603604,1.8018018018018018,33.33333333333333,57.65765765765766,,
25391,Niclas Füllkrug,F,central,traditional_9,Traditional No. 9,1055.0,AC Milan,Serie A,25.0,87.8,28.1,10.6,Poor,5,,19.32367149758454,,,,,,94.20289855072464,,5.797101449275362,22.946859903381643,,29.468599033816425
25400,Yannick Gerhardt,M,central,box_to_box_midfielder,Box-to-Box Midfielder (CM / 8),1143.0,VfL Wolfsburg,Bundesliga,29.9,88.5,32.2,3.0,Poor,7,69.6969696969697,15.909090909090908,,43.18181818181818,15.909090909090908,,3.4090909090909087,,9.848484848484848,44.696969696969695,,,
25408,Maximilian Arnold,M,central,attacking_midfielder,Attacking Midfielder (AM / 10),1860.0,VfL Wolfsburg,Bundesliga,49.2,93.8,49.2,49.5,Average,6,29.347826086956523,,,,,,80.43478260869566,38.04347826086957,65.21739130434783,21.73913043478261,72.82608695652173,,
25413,Elvis Rexhbeçaj,M,central,box_to_box_midfielder,Box-to-Box Midfielder (CM / 8),1120.0,FC Augsburg,Bundesliga,45.5,88.3,46.1,36.1,Below Average,7,34.84848484848485,43.18181818181818,,11.363636363636363,31.818181818181817,,95.45454545454545,,9.848484848484848,80.3030303030303,,,
25461,Kevin Stöger,M,central,defensive_midfielder,Defensive Midfielder (DM / 6),1341.0,Borussia Mönchengladbach,Bundesliga,33.0,89.9,34.7,12.2,Poor,5,23.076923076923077,10.76923076923077,,32.30769230769231,70.25641025641025,,1.0256410256410255,,,,,,
25502,Omar Haktab Traore,D,,creative_fullback,Creative Fullback,1514.0,1. FC Heidenheim,Bundesliga,45.3,91.2,45.7,41.2,Average,6,10.16949152542373,9.322033898305085,,45.76271186440678,,,72.88135593220339,44.06779661016949,70.33898305084746,,,,
25635,Jonas Hofmann,F,wide,linking_winger,Linking Forward,1015.0,Bayer Leverkusen,Bundesliga,35.8,87.5,37.6,18.0,Poor,5,77.55102040816327,,,,,,,22.448979591836736,55.10204081632652,18.367346938775512,6.122448979591836,,
25638,Florian Neuhaus,M,central,box_to_box_midfielder,Box-to-Box Midfielder (CM / 8),939.0,Borussia Mönchengladbach,Bundesliga,41.2,87.0,42.4,23.3,Poor,7,50.75757575757576,12.121212121212121,,62.121212121212125,13.636363636363635,,80.68181818181817,,67.04545454545455,10.984848484848484,,,
25907,Stefan Bell,D,,stopper_cb,Stopper Center Back,1049.0,FSV Mainz 05,Bundesliga,48.1,87.8,48.3,47.3,Average,6,0.7692307692307693,42.30769230769231,80.0,80.0,2.307692307692308,90.0,,,,,,,
25914,Aarón Martín,M,central,attacking_midfielder,Attacking Midfielder (AM / 10),2185.0,Genoa,Serie A,57.7,96.2,57.4,74.2,Very Good,6,5.434782608695652,,,,,,42.934782608695656,94.56521739130434,68.47826086956522,17.391304347826086,98.91304347826086,,
25915,Phillipp Mwene,M,central,box_to_box_midfielder,Box-to-Box Midfielder (CM / 8),2072.0,FSV Mainz 05,Bundesliga,43.0,95.3,43.3,25.2,Below Average,7,21.21212121212121,61.36363636363637,,31.818181818181817,19.696969696969695,,80.68181818181817,,62.121212121212125,30.303030303030305,,,
25916,Moussa Niakhaté,D,,positional_cb,Positional Center Back,2758.0,Lyon,Ligue 1,58.5,100.0,58.5,75.7,Very Good,6,58.21596244131455,89.67136150234741,42.72300469483568,38.967136150234744,37.08920187793427,67.13615023474179,,,,,,,
25917,Ridle Baku,D,,creative_fullback,Creative Fullback,2509.0,RB Leipzig,Bundesliga,63.1,98.6,62.9,79.8,Very Good,6,71.1864406779661,21.1864406779661,,78.8135593220339,,,25.423728813559322,87.28813559322035,64.40677966101694,,,,
25926,Jonathan Burkardt,F,central,traditional_9,Traditional No. 9,1340.0,Eintracht Frankfurt,Bundesliga,73.1,89.9,70.8,87.5,Excellent,5,,6.280193236714976,,,,,,18.84057971014493,,99.51690821256038,85.5072463768116,,71.98067632850241
25927,Jean Philippe Mateta,F,central,traditional_9,Traditional No. 9,2222.0,Crystal Palace,Premier League,62.3,96.5,61.8,74.0,Very Good,5,,25.60386473429952,,,,,,3.3816425120772946,,76.81159420289855,70.04830917874396,,74.8792270531401
26171,Phillip Tietz,F,central,traditional_9,Traditional No. 9,1807.0,FSV Mainz 05,Bundesliga,53.3,93.4,53.0,57.2,Good,5,,51.20772946859904,,,,,,67.14975845410628,,40.09661835748793,51.20772946859904,,72.94685990338165
26236,Christian Günter,D,,creative_fullback,Creative Fullback,1573.0,SC Freiburg,Bundesliga,54.9,91.7,54.5,67.2,Good,6,22.88135593220339,62.71186440677966,,16.94915254237288,,,36.440677966101696,76.27118644067797,90.67796610169492,,,,
26238,Robin Koch,D,,positional_cb,Positional Center Back,2835.0,Eintracht Frankfurt,Bundesliga,68.8,100.0,68.8,92.5,Excellent,6,80.28169014084507,56.33802816901409,71.36150234741784,89.2018779342723,56.33802816901409,51.64319248826291,,,,,,,
26239,Lukas Kübler,D,,stopper_cb,Stopper Center Back,1593.0,SC Freiburg,Bundesliga,63.3,91.8,62.3,83.2,Very Good,6,17.692307692307693,60.0,36.15384615384615,98.46153846153847,76.92307692307693,60.76923076923077,,,,,,,
26240,Philipp Lienhart,D,,positional_cb,Positional Center Back,1305.0,SC Freiburg,Bundesliga,53.5,89.7,53.1,59.3,Good,6,64.31924882629107,85.44600938967136,22.065727699530516,51.64319248826291,47.417840375586856,30.04694835680752,,,,,,,
26242,Keven Schlotterbeck,D,,stopper_cb,Stopper Center Back,2031.0,FC Augsburg,Bundesliga,69.1,95.0,68.2,93.9,Excellent,6,40.76923076923077,93.07692307692308,90.76923076923077,67.6923076923077,32.30769230769231,81.53846153846153,,,,,,,
26243,Nico Schlotterbeck,D,,stopper_cb,Stopper Center Back,2520.0,Borussia Dortmund,Bundesliga,50.3,98.7,50.3,55.7,Good,6,72.3076923076923,82.3076923076923,16.923076923076923,17.692307692307693,35.38461538461539,93.07692307692308,,,,,,,
26248,Vincenzo Grifo,M,central,attacking_midfielder,Attacking Midfielder (AM / 10),1720.0,SC Freiburg,Bundesliga,74.8,92.7,73.0,96.2,Elite,6,10.869565217391305,,,,,,80.43478260869566,80.43478260869566,69.56521739130434,97.82608695652173,80.97826086956522,,
26249,Janik Haberer,M,central,box_to_box_midfielder,Box-to-Box Midfielder (CM / 8),1658.0,Union Berlin,Bundesliga,33.8,92.3,35.1,9.0,Poor,7,25.757575757575758,43.93939393939394,,14.393939393939394,65.15151515151516,,42.04545454545455,,34.84848484848485,10.984848484848484,,,
26255,Lucas Höler,F,central,traditional_9,Traditional No. 9,2065.0,SC Freiburg,Bundesliga,37.5,95.3,38.1,27.9,Below Average,5,,79.22705314009661,,,,,,67.6328502415459,,12.560386473429952,63.76811594202898,,12.560386473429952
26300,Ozan Kabak,D,,stopper_cb,Stopper Center Back,1763.0,1899 Hoffenheim,Bundesliga,50.1,93.1,50.1,52.3,Average,6,36.15384615384615,70.76923076923077,64.61538461538461,45.38461538461539,1.5384615384615385,96.92307692307692,,,,,,,
26301,Marc Kempf,D,,positional_cb,Positional Center Back,2323.0,Como,Serie A,33.5,97.2,34.0,9.8,Poor,6,49.76525821596244,50.70422535211267,53.52112676056338,2.3474178403755865,10.328638497652582,10.328638497652591,,,,,,,
26302,Pablo Maffeo,D,,high_intensity_fullback,High-Intensity Fullback,2672.0,Mallorca,La Liga,59.4,99.8,59.4,72.9,Very Good,6,,95.77464788732394,,59.154929577464785,40.845070422535215,,94.36619718309859,32.3943661971831,49.29577464788733,,,,
26315,Nicolás González,M,wide,six_eight_hybrid,6/8 Hybrid,1484.0,Atletico Madrid,La Liga,55.6,91.0,55.1,62.4,Good,6,22.413793103448278,81.89655172413794,,65.51724137931035,32.758620689655174,,78.44827586206897,,,,,43.96551724137931,
26475,Deniz Undav,F,central,traditional_9,Traditional No. 9,2247.0,VfB Stuttgart,Bundesliga,77.9,96.6,77.0,94.7,Excellent,5,,23.67149758454106,,,,,,99.51690821256038,,98.55072463768117,44.927536231884055,,99.51690821256038
26845,Anastasios Douvikas,F,central,traditional_9,Traditional No. 9,2278.0,Como,Serie A,71.0,96.9,70.4,86.1,Excellent,5,,52.65700483091788,,,,,,49.275362318840585,,85.5072463768116,81.15942028985508,,53.14009661835749
27157,Manolis Saliakas,M,central,defensive_midfielder,Defensive Midfielder (DM / 6),1110.0,FC St. Pauli,Bundesliga,54.5,88.2,53.9,64.0,Good,5,1.0256410256410255,96.92307692307692,,43.58974358974359,61.02564102564103,,77.43589743589745,,,,,,
28382,Haris Tabaković,F,central,traditional_9,Traditional No. 9,2394.0,Borussia Mönchengladbach,Bundesliga,56.7,97.7,56.5,65.4,Good,5,,51.690821256038646,,,,,,18.357487922705314,,77.29468599033817,49.033816425120776,,51.690821256038646
30399,Dávid Hancko,D,,creative_fullback,Creative Fullback,2434.0,Atletico Madrid,La Liga,50.2,98.0,50.2,54.6,Average,6,81.35593220338984,69.49152542372882,,36.440677966101696,,,76.27118644067797,18.64406779661017,47.45762711864407,,,,
30414,Giovanni Simeone,F,central,traditional_9,Traditional No. 9,2245.0,Torino,Serie A,56.6,96.6,56.4,64.9,Good,5,,28.743961352657006,,,,,,50.72463768115942,,71.01449275362319,31.40096618357488,,79.71014492753623
30415,Dušan Vlahović,F,central,traditional_9,Traditional No. 9,976.0,Juventus,Serie A,74.3,87.2,71.2,88.5,Excellent,5,,72.94685990338165,,,,,,75.36231884057972,,91.30434782608695,30.676328502415455,,99.03381642512076
30420,Enrico Delprato,D,,positional_cb,Positional Center Back,2953.0,Parma,Serie A,21.1,100.0,21.1,0.9,Poor,6,20.187793427230048,11.737089201877934,39.671361502347416,15.96244131455399,29.107981220657276,16.43192488262912,,,,,,,
30421,Berat Djimsiti,D,,positional_cb,Positional Center Back,2533.0,Atalanta,Serie A,60.1,98.8,60.0,80.1,Very Good,6,64.7887323943662,51.64319248826291,66.19718309859155,92.95774647887323,93.42723004694837,2.3474178403755843,,,,,,,
30422,Robin Gosens,D,,creative_fullback,Creative Fullback,1893.0,Fiorentina,Serie A,33.2,94.0,34.2,14.3,Poor,6,25.423728813559322,31.35593220338983,,82.20338983050848,,,2.11864406779661,27.11864406779661,33.89830508474576,,,,
30425,Gianluca Mancini,D,,stopper_cb,Stopper Center Back,3066.0,AS Roma,Serie A,38.7,100.0,38.7,14.1,Poor,6,57.692307692307686,33.84615384615385,13.846153846153847,65.38461538461539,14.615384615384617,63.84615384615385,,,,,,,
30432,Marten de Roon,M,central,defensive_midfielder,Defensive Midfielder (DM / 6),2704.0,Atalanta,Serie A,47.5,100.0,47.5,48.5,Average,5,49.743589743589745,36.41025641025641,,30.256410256410255,80.51282051282051,,15.64102564102564,,,,,,
30438,Nicolò Cambiaghi,M,wide,six_eight_hybrid,6/8 Hybrid,1530.0,Bologna,Serie A,64.0,91.3,62.8,79.1,Very Good,6,76.72413793103449,90.51724137931035,,28.448275862068968,51.724137931034484,,56.46551724137932,,,,,99.13793103448276,
30440,Roberto Piccoli,F,central,traditional_9,Traditional No. 9,1698.0,Fiorentina,Serie A,31.2,92.6,32.6,17.8,Poor,5,,54.589371980676326,,,,,,39.61352657004831,,23.18840579710145,11.11111111111111,,54.589371980676326
30469,Arturo Calabresi,D,,creative_fullback,Creative Fullback,1516.0,Pisa,Serie A,21.1,91.2,23.6,1.7,Poor,6,42.3728813559322,1.694915254237288,,72.88135593220339,,,6.3559322033898304,2.5423728813559325,10.16949152542373,,,,
30484,Mattias Svanberg,M,wide,six_eight_hybrid,6/8 Hybrid,1028.0,VfL Wolfsburg,Bundesliga,35.2,87.6,37.0,21.4,Poor,6,7.758620689655173,34.48275862068966,,93.96551724137932,6.896551724137931,,1.7241379310344827,,,,,67.24137931034483,
30488,Riccardo Orsolini,M,wide,eight_ten_hybrid,8/10 Hybrid,2131.0,Bologna,Serie A,33.6,95.8,34.3,12.9,Poor,6,0.9009009009009009,,,,,,57.65765765765766,12.612612612612612,5.405405405405405,86.48648648648648,35.13513513513514,,
30497,Bremer,D,,positional_cb,Positional Center Back,2175.0,Juventus,Serie A,48.6,96.1,48.6,46.0,Average,6,53.051643192488264,24.413145539906104,12.676056338028168,81.2206572769953,35.2112676056338,85.44600938967136,,,,,,,
30505,Michel Adopo,M,central,box_to_box_midfielder,Box-to-Box Midfielder (CM / 8),3055.0,Cagliari,Serie A,48.1,100.0,48.1,44.7,Average,7,72.72727272727273,48.484848484848484,,61.36363636363637,42.42424242424242,,46.590909090909086,,38.63636363636363,23.484848484848484,,,
30510,Álex Berenguer,M,wide,eight_ten_hybrid,8/10 Hybrid,2164.0,Athletic Club,La Liga,39.3,96.0,39.7,27.7,Below Average,6,18.01801801801802,,,,,,20.72072072072072,68.46846846846847,36.93693693693694,10.81081081081081,86.48648648648648,,
30531,Jérémie Boga,F,wide,direct_winger,Direct Forward,1329.0,Juventus,Serie A,64.5,89.8,63.1,75.6,Very Good,5,,,,,,,72.72727272727273,56.81818181818182,,86.36363636363636,65.9090909090909,18.181818181818183,
30533,Manuel Locatelli,M,central,defensive_midfielder,Defensive Midfielder (DM / 6),3005.0,Juventus,Serie A,75.1,100.0,75.1,94.6,Excellent,5,75.38461538461539,83.58974358974359,,55.8974358974359,89.23076923076924,,56.666666666666664,,,,,,
30537,Domenico Berardi,F,wide,linking_winger,Linking Forward,1970.0,Sassuolo,Serie A,47.1,94.6,47.3,48.0,Average,5,14.285714285714285,,,,,,,26.53061224489796,61.224489795918366,63.26530612244898,81.63265306122449,,
30542,Jens Odgaard,M,wide,six_eight_hybrid,6/8 Hybrid,1403.0,Bologna,Serie A,18.5,90.4,21.6,3.4,Poor,6,10.344827586206897,25.0,,6.0344827586206895,25.0,,3.4482758620689653,,,,,52.58620689655172,
30543,Giacomo Raspadori,F,wide,linking_winger,Linking Forward,1042.0,Atalanta,Serie A,55.0,87.7,54.4,66.0,Good,5,34.69387755102041,,,,,,,61.224489795918366,51.02040816326531,40.816326530612244,83.6734693877551,,
30544,Gianluca Scamacca,F,central,traditional_9,Traditional No. 9,1319.0,Atalanta,Serie A,74.7,89.8,72.2,89.4,Excellent,5,,81.15942028985508,,,,,,80.19323671497585,,93.71980676328504,24.637681159420293,,98.06763285024155
30554,Luca Pellegrini,D,,creative_fullback,Creative Fullback,1476.0,Lazio,Serie A,40.0,90.9,40.9,27.7,Below Average,6,31.35593220338983,3.389830508474576,,67.79661016949152,,,44.49152542372881,64.40677966101694,10.16949152542373,,,,
30558,Nicolò Barella,M,central,attacking_midfielder,Attacking Midfielder (AM / 10),2533.0,Inter,Serie A,62.5,98.8,62.4,84.9,Very Good,6,34.78260869565217,,,,,,42.934782608695656,95.65217391304348,88.04347826086956,54.347826086956516,2.1739130434782608,,
30561,Alessandro Deiola,M,central,defensive_midfielder,Defensive Midfielder (DM / 6),1435.0,Cagliari,Serie A,30.5,90.6,32.4,9.7,Poor,5,16.923076923076923,20.76923076923077,,24.615384615384617,49.23076923076923,,70.0,,,,,,
30690,Nicolas Fonseca,M,central,defensive_midfielder,Defensive Midfielder (DM / 6),1019.0,Oviedo,La Liga,59.2,87.5,58.1,71.2,Very Good,5,43.58974358974359,8.717948717948717,,81.53846153846153,94.87179487179486,,84.61538461538461,,,,,,
30723,Marius Marin,M,central,defensive_midfielder,Defensive Midfielder (DM / 6),1292.0,Pisa,Serie A,34.4,89.6,36.0,15.3,Poor,5,5.641025641025641,13.333333333333334,,28.205128205128204,91.28205128205128,,0.5128205128205128,,,,,,
30753,Mehdi Léris,M,central,box_to_box_midfielder,Box-to-Box Midfielder (CM / 8),1912.0,Pisa,Serie A,66.6,94.2,65.6,94.0,Excellent,7,4.545454545454546,99.24242424242425,,79.54545454545455,99.24242424242425,,50.75757575757576,,80.3030303030303,56.81818181818182,,,
30775,Giuseppe Pezzella,M,central,box_to_box_midfielder,Box-to-Box Midfielder (CM / 8),2591.0,Cremonese,Serie A,40.0,99.2,40.1,19.5,Poor,7,30.303030303030305,70.45454545454545,,9.090909090909092,56.81818181818182,,74.24242424242425,,21.96969696969697,10.984848484848484,,,
30776,Cristian Romero,D,,stopper_cb,Stopper Center Back,1872.0,Tottenham,Premier League,78.1,93.9,76.4,99.2,Elite,6,62.30769230769231,95.38461538461539,58.46153846153847,71.92307692307692,94.61538461538461,59.23076923076923,,,,,,,
30785,András Schäfer,M,central,defensive_midfielder,Defensive Midfielder (DM / 6),1442.0,Union Berlin,Bundesliga,45.1,90.7,45.5,39.0,Below Average,5,4.102564102564102,17.94871794871795,,78.46153846153847,75.38461538461539,,25.8974358974359,,,,,,
30810,Rolando Mandragora,M,wide,eight_ten_hybrid,8/10 Hybrid,2438.0,Fiorentina,Serie A,35.1,98.1,35.4,14.3,Poor,6,67.56756756756756,,,,,,17.117117117117118,21.62162162162162,28.82882882882883,53.153153153153156,20.72072072072072,,
30866,Manuel Lazzari,D,,creative_fullback,Creative Fullback,957.0,Lazio,Serie A,27.1,87.1,30.1,7.6,Poor,6,68.64406779661016,31.35593220338983,,22.45762711864407,,,53.813559322033896,0.847457627118644,10.16949152542373,,,,
30919,Matteo Bianchetti,D,,stopper_cb,Stopper Center Back,2197.0,Cremonese,Serie A,42.5,96.3,42.8,31.7,Below Average,6,28.46153846153846,61.53846153846154,73.07692307692307,5.384615384615385,41.53846153846154,39.23076923076923,,,,,,,
30927,Santiago Colombatto,M,central,defensive_midfielder,Defensive Midfielder (DM / 6),2069.0,Oviedo,La Liga,37.1,95.3,37.7,20.4,Poor,5,50.256410256410255,52.56410256410257,,6.153846153846154,30.76923076923077,,92.56410256410257,,,,,,
30937,Mattia Zaccagni,F,wide,direct_winger,Direct Forward,2114.0,Lazio,Serie A,41.9,95.7,42.3,31.1,Below Average,5,,,,,,,29.545454545454547,38.63636363636363,,20.454545454545457,47.72727272727273,100.0,
31009,Alessandro Bastoni,D,,stopper_cb,Stopper Center Back,2249.0,Inter,Serie A,44.0,96.7,44.2,35.1,Below Average,6,66.15384615384615,58.46153846153847,3.8461538461538463,14.615384615384617,56.15384615384615,80.76923076923077,,,,,,,
31010,Federico Dimarco,M,central,attacking_midfielder,Attacking Midfielder (AM / 10),2704.0,Inter,Serie A,75.8,100.0,75.8,97.8,Elite,6,17.391304347826086,,,,,,42.934782608695656,100.0,98.91304347826086,88.04347826086956,52.71739130434783,,
31021,Alberto Grassi,M,central,defensive_midfielder,Defensive Midfielder (DM / 6),1754.0,Cremonese,Serie A,58.4,93.0,57.8,70.4,Very Good,5,38.97435897435898,88.71794871794872,,91.28205128205128,2.564102564102564,,99.48717948717949,,,,,,
31042,Giovanni Di Lorenzo,D,,creative_fullback,Creative Fullback,2278.0,Napoli,Serie A,38.1,96.9,38.5,22.7,Poor,6,70.33898305084746,78.8135593220339,,4.23728813559322,,,31.35593220338983,32.20338983050847,31.35593220338983,,,,
31043,Kevin Diks,D,,positional_cb,Positional Center Back,2467.0,Borussia Mönchengladbach,Bundesliga,52.5,98.3,52.5,57.0,Good,6,52.112676056338024,84.97652582159625,32.3943661971831,28.638497652582164,81.2206572769953,34.74178403755869,,,,,,,
31056,Samuele Ricci,M,central,attacking_midfielder,Attacking Midfielder (AM / 10),1305.0,AC Milan,Serie A,59.5,89.7,58.5,75.8,Very Good,6,78.26086956521739,,,,,,80.43478260869566,35.869565217391305,86.95652173913044,35.869565217391305,60.86956521739131,,
31094,Andrea Pinamonti,F,central,traditional_9,Traditional No. 9,2576.0,Sassuolo,Serie A,44.8,99.1,44.8,39.4,Below Average,5,,40.09661835748793,,,,,,17.391304347826086,,44.927536231884055,48.06763285024155,,56.52173913043478
31137,Stefano Sabelli,M,central,box_to_box_midfielder,Box-to-Box Midfielder (CM / 8),929.0,Genoa,Serie A,30.2,86.9,32.8,4.5,Poor,7,3.787878787878788,91.28787878787878,,10.606060606060606,76.51515151515152,,1.5151515151515151,,9.848484848484848,10.984848484848484,,,
31146,Sandro Tonali,M,central,defensive_midfielder,Defensive Midfielder (DM / 6),2543.0,Newcastle,Premier League,37.8,98.8,38.0,21.4,Poor,5,33.84615384615385,61.794871794871796,,44.61538461538462,3.076923076923077,,74.1025641025641,,,,,,
31211,Jari Vandeputte,M,central,attacking_midfielder,Attacking Midfielder (AM / 10),1952.0,Cremonese,Serie A,51.5,94.5,51.4,58.1,Good,6,0.0,,,,,,7.608695652173914,93.47826086956522,76.08695652173914,20.652173913043477,76.63043478260869,,
31219,Alessio Zerbin,M,wide,six_eight_hybrid,6/8 Hybrid,1655.0,Cremonese,Serie A,20.0,92.3,22.3,4.3,Poor,6,8.620689655172415,0.8620689655172413,,1.7241379310344827,78.44827586206897,,8.620689655172415,,,,,12.068965517241379,
31226,Alessandro Buongiorno,D,,stopper_cb,Stopper Center Back,2521.0,Napoli,Serie A,43.1,98.7,43.2,34.0,Below Average,6,90.76923076923077,41.53846153846154,16.153846153846153,63.84615384615384,4.615384615384616,75.38461538461539,,,,,,,
31273,Tommaso Pobega,M,central,box_to_box_midfielder,Box-to-Box Midfielder (CM / 8),1452.0,Bologna,Serie A,74.1,90.8,71.8,98.5,Elite,7,33.33333333333333,76.51515151515152,,87.87878787878788,81.06060606060606,,100.0,,39.39393939393939,88.63636363636364,,,
31318,M'bala Nzola,F,central,traditional_9,Traditional No. 9,1520.0,Sassuolo,Serie A,35.3,91.3,36.6,23.3,Poor,5,,80.67632850241546,,,,,,82.3671497584541,,27.053140096618357,9.178743961352657,,36.231884057971016
31406,Umar Sadiq,F,central,traditional_9,Traditional No. 9,1061.0,Valencia,La Liga,37.9,87.9,39.4,30.3,Below Average,5,,7.246376811594203,,,,,,43.96135265700483,,48.309178743961354,20.531400966183575,,53.62318840579711
31436,Federico Bonazzoli,F,central,traditional_9,Traditional No. 9,2524.0,Cremonese,Serie A,57.8,98.7,57.7,68.8,Good,5,,96.85990338164251,,,,,,7.246376811594203,,53.62318840579711,66.18357487922705,,60.38647342995169
31499,Gennaro Borrelli,F,central,traditional_9,Traditional No. 9,1273.0,Cagliari,Serie A,54.1,89.4,53.7,58.2,Good,5,,91.78743961352657,,,,,,44.44444444444444,,50.48309178743962,70.04830917874396,,26.570048309178745
31507,Riccardo Sottil,F,wide,direct_winger,Direct Forward,1072.0,Lecce,Serie A,25.8,87.9,28.7,8.9,Poor,5,,,,,,,2.272727272727273,72.72727272727273,,9.090909090909092,6.8181818181818175,72.72727272727273,
31543,Antonino Gallo,D,,creative_fullback,Creative Fullback,3058.0,Lecce,Serie A,53.9,100.0,53.9,64.7,Good,6,0.0,94.91525423728814,,10.16949152542373,,,72.88135593220339,72.03389830508475,69.49152542372882,,,,
31560,Stefano Moreo,F,central,traditional_9,Traditional No. 9,2321.0,Pisa,Serie A,40.3,97.2,40.6,32.7,Below Average,5,,94.68599033816425,,,,,,55.55555555555556,,33.33333333333333,20.531400966183575,,42.51207729468599
31604,Antonio Caracciolo,D,,stopper_cb,Stopper Center Back,3074.0,Pisa,Serie A,43.2,100.0,43.2,34.0,Below Average,6,32.30769230769231,16.153846153846153,62.30769230769231,68.46153846153847,60.0,8.461538461538467,,,,,,,
31624,Gabriel Strefezza,F,wide,direct_winger,Direct Forward,1015.0,Parma,Serie A,51.4,87.5,51.2,60.0,Good,5,,,,,,,75.0,25.0,,43.18181818181818,13.636363636363635,81.81818181818183,
31642,Luca Ranieri,D,,positional_cb,Positional Center Back,2479.0,Fiorentina,Serie A,34.8,98.4,35.0,15.0,Poor,6,17.84037558685446,53.051643192488264,15.492957746478872,27.230046948356808,45.07042253521127,58.68544600938967,,,,,,,
31678,Jean Daniel Akpa-Akpro,M,central,defensive_midfielder,Defensive Midfielder (DM / 6),1507.0,Hellas Verona,Serie A,45.9,91.2,46.2,42.3,Average,5,2.564102564102564,16.41025641025641,,73.33333333333333,76.41025641025641,,76.41025641025641,,,,,,
32862,Takefusa Kubo,M,wide,six_eight_hybrid,6/8 Hybrid,1508.0,Real Sociedad,La Liga,68.7,91.2,67.1,86.3,Excellent,6,46.55172413793103,96.55172413793103,,56.896551724137936,53.44827586206896,,75.86206896551724,,,,,89.65517241379311,
32887,Yukinari Sugawara,D,,creative_fullback,Creative Fullback,2432.0,Werder Bremen,Bundesliga,42.8,98.0,43.0,31.1,Below Average,6,28.8135593220339,27.966101694915253,,11.016949152542372,,,33.05084745762712,39.83050847457627,95.76271186440678,,,,
32893,Hiroki Itō,D,,positional_cb,Positional Center Back,932.0,Bayern München,Bundesliga,53.0,86.9,52.6,57.7,Good,6,72.76995305164318,47.88732394366197,2.3474178403755865,83.09859154929578,0.4694835680751174,82.62910798122066,,,,,,,
32966,Ao Tanaka,M,central,box_to_box_midfielder,Box-to-Box Midfielder (CM / 8),1326.0,Leeds,Premier League,62.9,89.8,61.6,86.5,Excellent,7,89.39393939393939,57.57575757575758,,97.72727272727273,56.060606060606055,,38.63636363636363,,9.848484848484848,73.48484848484848,,,
33165,Ayumu Seko,M,central,defensive_midfielder,Defensive Midfielder (DM / 6),2625.0,Le Havre,Ligue 1,47.7,99.4,47.7,49.5,Average,5,34.87179487179487,85.12820512820512,,63.07692307692307,7.179487179487179,,37.17948717948718,,,,,,
33889,Kaishu Sano,M,central,defensive_midfielder,Defensive Midfielder (DM / 6),3059.0,FSV Mainz 05,Bundesliga,56.7,100.0,56.7,67.9,Good,5,9.230769230769232,93.84615384615384,,96.41025641025641,12.307692307692308,,84.61538461538461,,,,,,
35544,Johan Vásquez,D,,stopper_cb,Stopper Center Back,3217.0,Genoa,Serie A,46.6,100.0,46.6,40.5,Average,6,41.53846153846154,49.23076923076923,73.84615384615385,42.30769230769231,22.30769230769231,61.53846153846153,,,,,,,
36899,Teun Koopmeiners,M,central,defensive_midfielder,Defensive Midfielder (DM / 6),1829.0,Juventus,Serie A,38.8,93.5,39.5,27.3,Below Average,5,93.33333333333333,24.615384615384617,,25.64102564102564,18.974358974358974,,56.666666666666664,,,,,,
36902,Tijjani Reijnders,M,wide,eight_ten_hybrid,8/10 Hybrid,1640.0,Manchester City,Premier League,40.5,92.1,41.3,33.5,Below Average,6,94.5945945945946,,,,,,36.03603603603604,9.00900900900901,26.126126126126124,59.45945945945946,28.82882882882883,,
36916,Kingsley Ehizibue,M,central,box_to_box_midfielder,Box-to-Box Midfielder (CM / 8),1829.0,Udinese,Serie A,41.3,93.5,41.9,21.8,Poor,7,48.484848484848484,54.54545454545454,,25.757575757575758,66.66666666666666,,10.606060606060606,,9.848484848484848,62.878787878787875,,,
36922,Sepp van den Berg,D,,positional_cb,Positional Center Back,2761.0,Brentford,Premier League,52.8,100.0,52.8,58.4,Good,6,43.1924882629108,83.56807511737088,49.29577464788733,38.497652582159624,6.572769953051644,76.52582159624413,,,,,,,
36927,Zian Flemming,F,central,traditional_9,Traditional No. 9,1808.0,Burnley,Premier League,61.3,93.4,60.5,72.1,Very Good,5,,52.17391304347826,,,,,,10.144927536231885,,84.54106280193237,62.07729468599034,,49.75845410628019
36980,Morten Thorsby,M,wide,six_eight_hybrid,6/8 Hybrid,1380.0,Cremonese,Serie A,40.3,90.2,41.3,30.8,Below Average,6,6.896551724137931,77.58620689655173,,11.206896551724139,31.896551724137932,,100.0,,,,,1.7241379310344827,
37117,Danilho Doekhi,D,,stopper_cb,Stopper Center Back,3060.0,Union Berlin,Bundesliga,48.1,100.0,48.1,45.8,Average,6,6.153846153846154,86.15384615384616,63.07692307692307,33.84615384615385,9.230769230769232,78.46153846153845,,,,,,,
37127,Martin Ødegaard,M,central,attacking_midfielder,Attacking Midfielder (AM / 10),1370.0,Arsenal,Premier League,59.5,90.1,58.6,77.4,Very Good,6,28.26086956521739,,,,,,10.869565217391305,96.73913043478261,96.73913043478261,32.608695652173914,50.0,,
37143,Lutsharel Geertruida,D,,creative_fullback,Creative Fullback,1702.0,Sunderland,Premier League,47.7,92.6,47.9,47.1,Average,6,72.03389830508475,79.66101694915254,,63.559322033898304,,,87.71186440677965,16.94915254237288,10.16949152542373,,,,
37153,Wouter Burger,M,central,attacking_midfielder,Attacking Midfielder (AM / 10),2440.0,1899 Hoffenheim,Bundesliga,50.1,98.1,50.1,55.4,Good,6,1.0869565217391304,,,,,,10.869565217391305,71.73913043478261,59.78260869565217,71.73913043478261,41.30434782608695,,
37437,Abdou Harroui,M,central,box_to_box_midfielder,Box-to-Box Midfielder (CM / 8),929.0,Hellas Verona,Serie A,45.6,86.9,46.2,37.2,Below Average,7,68.18181818181817,5.303030303030303,,0.0,93.18181818181817,,69.6969696969697,,9.848484848484848,61.36363636363637,,,
37439,Ragnar Ache,F,central,traditional_9,Traditional No. 9,1724.0,1. FC Köln,Bundesliga,68.2,92.8,66.9,79.6,Very Good,5,,98.06763285024155,,,,,,97.10144927536231,,56.038647342995176,67.14975845410628,,61.35265700483091
37604,Sam Beukema,D,,positional_cb,Positional Center Back,1686.0,Napoli,Serie A,31.4,92.5,32.8,7.5,Poor,6,75.11737089201877,2.8169014084507045,27.230046948356808,16.901408450704224,22.535211267605636,21.126760563380287,,,,,,,
37651,Jay Idzes,D,,positional_cb,Positional Center Back,3063.0,Sassuolo,Serie A,44.3,100.0,44.3,31.3,Below Average,6,61.03286384976526,5.164319248826291,41.78403755868544,71.36150234741784,10.7981220657277,66.66666666666667,,,,,,,
37652,Branco Van den Boomen,M,central,attacking_midfielder,Attacking Midfielder (AM / 10),1242.0,Angers,Ligue 1,41.0,89.2,42.0,30.1,Below Average,6,68.47826086956522,,,,,,29.347826086956523,79.34782608695652,13.043478260869565,5.978260869565218,60.86956521739131,,
37724,Crysencio Summerville,M,wide,six_eight_hybrid,6/8 Hybrid,2480.0,West Ham,Premier League,59.7,98.4,59.5,70.9,Very Good,6,73.27586206896551,68.96551724137932,,42.672413793103445,40.51724137931034,,72.41379310344827,,,,,74.13793103448276,
37759,Martijn Kaars,F,central,traditional_9,Traditional No. 9,1368.0,FC St. Pauli,Bundesliga,33.7,90.1,35.3,21.6,Poor,5,,0.4830917874396135,,,,,,23.67149758454106,,19.806763285024154,90.82125603864735,,8.212560386473431
37882,Marcus Edwards,F,wide,direct_winger,Direct Forward,1073.0,Burnley,Premier League,21.8,87.9,25.2,6.7,Poor,5,,,,,,,15.909090909090908,50.0,,6.8181818181818175,20.454545454545457,31.818181818181817,
37938,Sheraldo Becker,F,central,traditional_9,Traditional No. 9,1124.0,FSV Mainz 05,Bundesliga,51.5,88.3,51.3,53.8,Average,5,,6.763285024154589,,,,,,98.06763285024155,,28.019323671497588,78.50241545893721,,57.971014492753625
38112,Jeff Chabot,D,,stopper_cb,Stopper Center Back,2296.0,VfB Stuttgart,Bundesliga,63.0,97.0,62.6,84.7,Very Good,6,79.23076923076923,96.92307692307692,45.38461538461539,61.53846153846154,8.461538461538462,100.0,,,,,,,
38695,Jan Paul van Hecke,D,,positional_cb,Positional Center Back,3211.0,Brighton,Premier League,48.7,100.0,48.7,47.0,Average,6,29.812206572769952,62.441314553990615,56.33802816901409,77.93427230046949,73.70892018779342,8.450704225352112,,,,,,,
38734,Sven Botman,D,,positional_cb,Positional Center Back,1838.0,Newcastle,Premier League,67.5,93.6,66.4,89.3,Excellent,6,29.812206572769952,88.73239436619718,95.30516431924883,80.28169014084507,27.230046948356808,88.26291079812206,,,,,,,
38746,Jurriën Timber,D,,high_intensity_fullback,High-Intensity Fullback,2457.0,Arsenal,Premier League,55.8,98.2,55.7,65.3,Good,6,,87.32394366197182,,23.943661971830984,54.929577464788736,,19.718309859154928,59.154929577464785,88.73239436619718,,,,
38747,Quinten Timber,M,central,defensive_midfielder,Defensive Midfielder (DM / 6),1111.0,Marseille,Ligue 1,41.3,88.2,42.3,31.6,Below Average,5,51.7948717948718,36.92307692307693,,8.717948717948717,71.7948717948718,,31.794871794871792,,,,,,
38749,Kenneth Taylor,M,central,attacking_midfielder,Attacking Midfielder (AM / 10),1400.0,Lazio,Serie A,40.0,90.4,41.0,28.0,Below Average,6,63.04347826086957,,,,,,23.91304347826087,2.1739130434782608,30.434782608695656,81.52173913043478,71.73913043478261,,
38750,Brian Brobbey,F,central,traditional_9,Traditional No. 9,1944.0,Sunderland,Premier League,49.6,94.4,49.6,48.6,Average,5,,59.90338164251207,,,,,,28.985507246376812,,46.3768115942029,81.64251207729468,,20.28985507246377
38798,Senne Lynen,M,central,defensive_midfielder,Defensive Midfielder (DM / 6),2757.0,Werder Bremen,Bundesliga,48.2,100.0,48.2,51.8,Average,5,59.48717948717949,1.0256410256410255,,100.0,43.07692307692308,,5.128205128205128,,,,,,
39115,Aron Dønnum,M,wide,eight_ten_hybrid,8/10 Hybrid,2424.0,Toulouse,Ligue 1,46.3,98.0,46.3,46.4,Average,6,27.027027027027028,,,,,,45.04504504504504,79.27927927927928,40.54054054054054,28.82882882882883,37.83783783783784,,
39121,Chidera Ejuke,F,wide,direct_winger,Direct Forward,954.0,Sevilla,La Liga,41.2,87.1,42.4,33.3,Below Average,5,,,,,,,97.72727272727273,22.727272727272727,,13.636363636363635,4.545454545454546,29.545454545454547,
39143,Kristian Thorstvedt,M,central,defensive_midfielder,Defensive Midfielder (DM / 6),2458.0,Sassuolo,Serie A,32.4,98.2,32.7,10.2,Poor,5,21.53846153846154,35.8974358974359,,56.92307692307692,16.41025641025641,,15.64102564102564,,,,,,
39254,Torbjørn Heggem,D,,positional_cb,Positional Center Back,2113.0,Bologna,Serie A,40.4,95.7,40.8,24.8,Poor,6,79.34272300469483,3.286384976525822,4.225352112676056,49.29577464788733,60.093896713615024,38.96713615023474,,,,,,,
39362,Marcus Pedersen,M,central,box_to_box_midfielder,Box-to-Box Midfielder (CM / 8),2138.0,Torino,Serie A,27.0,95.8,27.9,1.5,Poor,7,31.818181818181817,0.7575757575757576,,13.636363636363635,5.303030303030303,,60.22727272727273,,57.57575757575758,29.545454545454547,,,
40274,Adam Dźwigała,D,,stopper_cb,Stopper Center Back,1295.0,FC St. Pauli,Bundesliga,53.9,89.6,53.5,62.6,Good,6,16.923076923076923,46.15384615384615,10.76923076923077,84.61538461538461,100.0,21.538461538461533,,,,,,,
40560,Jakub Kamiński,M,central,box_to_box_midfielder,Box-to-Box Midfielder (CM / 8),3019.0,1. FC Köln,Bundesliga,55.9,100.0,55.9,68.4,Good,7,52.27272727272727,40.909090909090914,,40.909090909090914,25.757575757575758,,76.51515151515152,,62.878787878787875,94.6969696969697,,,
40582,Sebastian Walukiewicz,D,,creative_fullback,Creative Fullback,2855.0,Sassuolo,Serie A,47.4,100.0,47.4,45.4,Average,6,66.10169491525424,42.3728813559322,,43.22033898305085,,,87.71186440677965,34.74576271186441,24.576271186440678,,,,
40594,Adam Buksa,F,central,traditional_9,Traditional No. 9,926.0,Udinese,Serie A,53.3,86.9,52.9,56.7,Good,5,,83.57487922705315,,,,,,71.01449275362319,,37.68115942028986,97.10144927536231,,1.932367149758454
41104,João Palhinha,M,central,defensive_midfielder,Defensive Midfielder (DM / 6),2198.0,Tottenham,Premier League,67.7,96.3,67.0,87.2,Excellent,5,19.48717948717949,90.76923076923077,,61.53846153846154,99.48717948717949,,17.17948717948718,,,,,,
41144,Dodô,D,,creative_fullback,Creative Fullback,3139.0,Fiorentina,Serie A,64.4,100.0,64.4,83.2,Very Good,6,50.0,80.50847457627118,,48.30508474576271,,,77.96610169491525,90.67796610169492,36.440677966101696,,,,
41150,Edmond Tapsoba,D,,positional_cb,Positional Center Back,2576.0,Bayer Leverkusen,Bundesliga,43.3,99.1,43.3,28.7,Below Average,6,71.83098591549296,21.5962441314554,38.497652582159624,12.206572769953052,27.699530516431924,70.89201877934272,,,,,,,
41157,André Almeida,M,central,defensive_midfielder,Defensive Midfielder (DM / 6),1035.0,Valencia,La Liga,47.8,87.7,48.0,50.5,Average,5,89.74358974358975,48.717948717948715,,23.589743589743588,41.02564102564102,,29.743589743589745,,,,,,
41552,Pathé Ismaël Ciss,M,central,defensive_midfielder,Defensive Midfielder (DM / 6),2003.0,Rayo Vallecano,La Liga,76.5,94.8,75.1,94.6,Excellent,5,83.07692307692308,68.2051282051282,,90.76923076923077,62.56410256410256,,89.23076923076924,,,,,,
41577,Nuno Tavares,D,,high_intensity_fullback,High-Intensity Fullback,1493.0,Lazio,Serie A,50.9,91.1,50.8,54.2,Average,6,,66.19718309859155,,47.88732394366197,12.676056338028168,,87.32394366197182,80.28169014084507,14.084507042253522,,,,
41585,Gonçalo Ramos,F,central,traditional_9,Traditional No. 9,1320.0,Paris Saint Germain,Ligue 1,73.2,89.8,70.9,88.0,Excellent,5,,71.98067632850241,,,,,,79.71014492753623,,65.70048309178745,63.76811594202898,,95.65217391304348
41606,Toti Gomes,D,,positional_cb,Positional Center Back,1427.0,Wolves,Premier League,48.4,90.6,48.6,46.0,Average,6,20.657276995305164,69.01408450704226,51.173708920187785,29.107981220657276,69.95305164319248,69.48356807511738,,,,,,,
41621,Matheus Nunes,D,,creative_fullback,Creative Fullback,2865.0,Manchester City,Premier League,71.4,100.0,71.4,92.4,Excellent,6,88.98305084745762,89.83050847457628,,56.779661016949156,,,61.016949152542374,57.6271186440678,84.7457627118644,,,,
41725,Fábio Vieira,F,wide,linking_winger,Linking Forward,2215.0,Hamburger SV,Bundesliga,52.4,96.4,52.3,62.0,Good,5,69.38775510204081,,,,,,,32.6530612244898,69.38775510204081,51.02040816326531,47.95918367346938,,
41734,João Mário,D,,high_intensity_fullback,High-Intensity Fullback,1008.0,Bologna,Serie A,38.9,87.5,40.3,25.0,Below Average,6,,85.91549295774648,,63.38028169014085,0.0,,49.29577464788733,35.2112676056338,14.084507042253522,,,,
41964,Zé Pedro,D,,stopper_cb,Stopper Center Back,1713.0,Cagliari,Serie A,23.1,92.7,25.1,3.1,Poor,6,56.92307692307692,0.7692307692307693,60.0,21.53846153846154,18.461538461538463,2.3076923076923066,,,,,,,
41970,David Carmo,D,,stopper_cb,Stopper Center Back,1787.0,Oviedo,La Liga,50.2,93.2,50.1,52.3,Average,6,23.076923076923077,83.07692307692308,83.07692307692308,22.30769230769231,28.46153846153846,44.61538461538461,,,,,,,
42086,Youssef El Arabi,F,central,traditional_9,Traditional No. 9,979.0,Nantes,Ligue 1,48.1,87.3,48.3,47.6,Average,5,,54.106280193236714,,,,,,42.99516908212561,,34.78260869565217,93.23671497584542,,14.492753623188406
44594,Saud Abdulhamid,M,central,attacking_midfielder,Attacking Midfielder (AM / 10),1356.0,Lens,Ligue 1,55.6,90.0,55.0,68.8,Good,6,65.21739130434783,,,,,,3.260869565217391,54.347826086956516,80.43478260869566,64.13043478260869,60.86956521739131,,
44814,Lewis Ferguson,M,central,defensive_midfielder,Defensive Midfielder (DM / 6),1608.0,Bologna,Serie A,29.3,91.9,31.0,7.9,Poor,5,72.82051282051282,41.02564102564102,,6.666666666666667,8.205128205128204,,15.64102564102564,,,,,,
45826,Strahinja Pavlović,D,,stopper_cb,Stopper Center Back,2870.0,AC Milan,Serie A,35.6,100.0,35.6,10.7,Poor,6,89.23076923076924,47.69230769230769,20.0,1.5384615384615385,26.153846153846157,62.30769230769231,,,,,,,
45892,Andrej Ilić,F,central,traditional_9,Traditional No. 9,2256.0,Union Berlin,Bundesliga,42.5,96.7,42.7,34.6,Below Average,5,,55.072463768115945,,,,,,83.57487922705315,,20.28985507246377,24.154589371980677,,77.29468599033817
46657,Nacho Vidal,D,,creative_fullback,Creative Fullback,2277.0,Oviedo,La Liga,35.5,96.9,35.9,18.5,Poor,6,37.28813559322034,61.86440677966102,,84.7457627118644,,,52.54237288135594,4.23728813559322,10.16949152542373,,,,
46658,Rubén García,M,central,box_to_box_midfielder,Box-to-Box Midfielder (CM / 8),2247.0,Osasuna,La Liga,55.5,96.6,55.3,66.2,Good,7,46.21212121212121,31.818181818181817,,37.878787878787875,71.21212121212122,,75.75757575757575,,90.15151515151516,46.96969696969697,,,
46662,Jon Moncayola,M,central,box_to_box_midfielder,Box-to-Box Midfielder (CM / 8),3028.0,Osasuna,La Liga,49.0,100.0,49.0,50.4,Average,7,53.03030303030303,40.15151515151515,,40.15151515151515,39.39393939393939,,93.93939393939394,,73.48484848484848,10.984848484848484,,,
46711,Aleix Febas,M,wide,six_eight_hybrid,6/8 Hybrid,3166.0,Elche,La Liga,89.1,100.0,89.1,100.0,Elite,6,99.13793103448276,100.0,,71.55172413793103,80.17241379310344,,95.6896551724138,,,,,95.6896551724138,
46731,Pervis Estupiñán,M,central,box_to_box_midfielder,Box-to-Box Midfielder (CM / 8),1046.0,AC Milan,Serie A,48.6,87.7,48.8,47.7,Average,7,93.93939393939394,26.515151515151516,,72.72727272727273,24.242424242424242,,14.393939393939394,,59.09090909090909,53.03030303030303,,,
46733,Antonio Raíllo,D,,positional_cb,Positional Center Back,2070.0,Mallorca,La Liga,58.0,95.3,57.7,74.5,Very Good,6,40.845070422535215,74.64788732394366,99.06103286384976,11.737089201877934,28.169014084507044,89.67136150234742,,,,,,,
46738,Martin Valjent,D,,positional_cb,Positional Center Back,3309.0,Mallorca,La Liga,32.3,100.0,32.3,6.5,Poor,6,30.51643192488263,31.92488262910798,9.859154929577464,8.450704225352112,59.154929577464785,63.84976525821596,,,,,,,
46746,Ante Budimir,F,central,traditional_9,Traditional No. 9,2953.0,Osasuna,La Liga,63.4,100.0,63.4,75.0,Very Good,5,,82.1256038647343,,,,,,8.695652173913043,,82.6086956521739,29.468599033816425,,90.33816425120773
46759,Pacha,D,,high_intensity_fullback,High-Intensity Fullback,1493.0,Rayo Vallecano,La Liga,59.5,91.1,58.7,69.4,Good,6,,59.154929577464785,,25.352112676056336,87.32394366197182,,85.91549295774648,71.83098591549296,14.084507042253522,,,,
46790,Víctor García,M,wide,six_eight_hybrid,6/8 Hybrid,1056.0,Levante,La Liga,53.5,87.8,53.1,53.0,Average,6,26.72413793103448,68.10344827586206,,70.6896551724138,67.24137931034483,,49.137931034482754,,,,,9.482758620689655,
46795,Domingos Duarte,D,,creative_fullback,Creative Fullback,2928.0,Getafe,La Liga,24.5,100.0,24.5,3.4,Poor,6,5.084745762711865,82.20338983050848,,69.49152542372882,,,2.11864406779661,0.0,23.728813559322035,,,,
46799,Edu Expósito,M,wide,eight_ten_hybrid,8/10 Hybrid,2542.0,Espanyol,La Liga,52.3,98.8,52.3,59.8,Good,6,16.216216216216218,,,,,,100.0,94.5945945945946,61.261261261261254,1.8018018018018018,16.666666666666664,,
46813,Abdel Abqar,D,,stopper_cb,Stopper Center Back,1440.0,Getafe,La Liga,60.1,90.7,59.2,76.3,Very Good,6,2.307692307692308,81.53846153846153,33.07692307692307,50.76923076923077,84.61538461538461,74.61538461538461,,,,,,,
46815,Pau Torres,D,,positional_cb,Positional Center Back,1676.0,Aston Villa,Premier League,36.8,92.4,37.8,19.2,Poor,6,47.88732394366197,25.821596244131456,79.34272300469483,5.164319248826291,38.497652582159624,20.657276995305168,,,,,,,
46887,Pedro Díaz,M,central,box_to_box_midfielder,Box-to-Box Midfielder (CM / 8),1881.0,Rayo Vallecano,La Liga,44.9,93.9,45.2,32.0,Below Average,7,84.0909090909091,39.39393939393939,,9.848484848484848,53.78787878787878,,80.68181818181817,,30.681818181818183,10.984848484848484,,,
46930,Ermedin Demirović,F,central,traditional_9,Traditional No. 9,1506.0,VfB Stuttgart,Bundesliga,76.2,91.2,73.9,91.3,Excellent,5,,26.570048309178745,,,,,,62.31884057971014,,95.16908212560386,88.64734299516908,,59.42028985507246
46933,Luis Rioja,M,central,box_to_box_midfielder,Box-to-Box Midfielder (CM / 8),2636.0,Valencia,La Liga,53.9,99.5,53.8,64.7,Good,7,40.909090909090914,53.78787878787878,,28.78787878787879,17.424242424242426,,91.66666666666666,,90.9090909090909,65.9090909090909,,,
46941,Unai Elgezabal,D,,positional_cb,Positional Center Back,958.0,Levante,La Liga,30.0,87.1,32.6,7.0,Poor,6,9.389671361502346,56.33802816901409,100.0,0.9389671361502347,7.042253521126761,3.7558685446009434,,,,,,,
46966,Dani Calvo,D,,positional_cb,Positional Center Back,1617.0,Oviedo,La Liga,73.6,92.0,71.7,95.8,Elite,6,69.01408450704226,96.24413145539906,99.53051643192488,6.103286384976526,75.5868544600939,91.54929577464789,,,,,,,
47007,Iñigo Ruiz de Galarreta,M,central,defensive_midfielder,Defensive Midfielder (DM / 6),2231.0,Athletic Club,La Liga,45.9,96.5,46.1,41.6,Average,5,22.05128205128205,52.56410256410257,,29.743589743589745,66.15384615384615,,87.6923076923077,,,,,,
47013,Rafa Mir,F,central,traditional_9,Traditional No. 9,1815.0,Elche,La Liga,61.1,93.4,60.4,71.6,Very Good,5,,4.3478260869565215,,,,,,5.797101449275362,,63.76811594202898,74.15458937198068,,96.1352657004831
47085,Luis Milla,M,central,attacking_midfielder,Attacking Midfielder (AM / 10),3273.0,Getafe,La Liga,51.1,100.0,51.1,57.0,Good,6,2.1739130434782608,,,,,,61.41304347826087,84.78260869565217,85.86956521739131,13.043478260869565,6.521739130434782,,
47109,Óscar Valentín,M,central,defensive_midfielder,Defensive Midfielder (DM / 6),2113.0,Rayo Vallecano,La Liga,60.5,95.7,60.1,75.5,Very Good,5,78.46153846153847,27.17948717948718,,57.43589743589743,90.25641025641026,,22.30769230769231,,,,,,
47119,Aitor Ruibal,D,,high_intensity_fullback,High-Intensity Fullback,1814.0,Real Betis,La Liga,40.6,93.4,41.2,27.1,Below Average,6,,8.450704225352112,,35.2112676056338,36.61971830985916,,40.845070422535215,53.52112676056338,66.19718309859155,,,,
47181,Toni Martínez,F,central,traditional_9,Traditional No. 9,2725.0,Alaves,La Liga,63.9,100.0,63.9,75.5,Very Good,5,,93.71980676328504,,,,,,37.68115942028986,,73.91304347826086,30.676328502415455,,85.99033816425121
47182,Tete Morente,M,wide,six_eight_hybrid,6/8 Hybrid,1792.0,Elche,La Liga,27.8,93.3,29.3,12.0,Poor,6,13.793103448275861,13.793103448275861,,55.172413793103445,43.103448275862064,,13.36206896551724,,,,,12.931034482758621,
47225,Roger Brugué,M,wide,eight_ten_hybrid,8/10 Hybrid,1007.0,Levante,La Liga,17.4,87.5,21.5,2.7,Poor,6,51.35135135135135,,,,,,17.117117117117118,1.8018018018018018,20.72072072072072,11.711711711711711,12.612612612612612,,
47249,Leandro Cabrera,D,,positional_cb,Positional Center Back,3330.0,Espanyol,La Liga,20.3,100.0,20.3,0.5,Poor,6,0.9389671361502347,32.863849765258216,50.70422535211267,13.615023474178404,18.30985915492958,13.6150234741784,,,,,,,
47250,Djené,D,,positional_cb,Positional Center Back,2585.0,Getafe,La Liga,29.6,99.1,29.7,4.7,Poor,6,0.4694835680751174,29.577464788732392,5.164319248826291,77.46478873239437,42.25352112676056,46.009389671361504,,,,,,,
47251,Dimitri Foulquier,D,,creative_fullback,Creative Fullback,1157.0,Valencia,La Liga,30.4,88.6,32.7,10.9,Poor,6,60.16949152542372,12.711864406779661,,24.576271186440678,,,66.52542372881356,17.796610169491526,10.16949152542373,,,,
47254,Mathías Olivera,D,,stopper_cb,Stopper Center Back,1368.0,Napoli,Serie A,62.4,90.1,61.2,79.8,Very Good,6,91.53846153846153,84.61538461538461,9.230769230769232,18.461538461538463,93.84615384615384,82.3076923076923,,,,,,,
47258,Mauro Arambarri,M,wide,six_eight_hybrid,6/8 Hybrid,3255.0,Getafe,La Liga,52.2,100.0,52.2,51.7,Average,6,18.96551724137931,56.896551724137936,,47.41379310344828,61.206896551724135,,70.25862068965517,,,,,56.896551724137936,
47264,Hugo Duro,F,central,traditional_9,Traditional No. 9,1989.0,Valencia,La Liga,44.1,94.7,44.4,38.5,Below Average,5,,37.19806763285024,,,,,,35.748792270531396,,71.98067632850241,29.951690821256037,,20.77294685990338
47273,Yuri Berchiche,D,,creative_fullback,Creative Fullback,2709.0,Athletic Club,La Liga,78.0,100.0,78.0,98.3,Elite,6,79.66101694915254,95.76271186440678,,80.50847457627118,,,57.6271186440678,67.79661016949152,94.0677966101695,,,,
47277,Unai Núñez,D,,stopper_cb,Stopper Center Back,2186.0,Valencia,Serie A,41.7,96.2,42.0,27.5,Below Average,6,18.461538461538463,8.461538461538462,67.6923076923077,60.0,49.23076923076923,56.92307692307692,,,,,,,
47278,Dani Vivian,D,,stopper_cb,Stopper Center Back,2563.0,Athletic Club,La Liga,23.8,99.0,24.0,2.3,Poor,6,43.84615384615385,1.5384615384615385,21.53846153846154,25.384615384615383,45.38461538461539,16.153846153846146,,,,,,,
47285,Unai López,M,central,attacking_midfielder,Attacking Midfielder (AM / 10),1623.0,Rayo Vallecano,La Liga,52.2,92.0,52.0,61.3,Good,6,40.21739130434783,,,,,,72.28260869565217,76.08695652173914,72.82608695652173,5.978260869565218,25.543478260869566,,
47291,Gorka Guruzeta,F,central,traditional_9,Traditional No. 9,2371.0,Athletic Club,La Liga,55.9,97.6,55.8,63.2,Good,5,,29.951690821256037,,,,,,58.93719806763285,,59.90338164251207,36.231884057971016,,85.02415458937197
47294,Iñaki Williams,M,wide,eight_ten_hybrid,8/10 Hybrid,2168.0,Athletic Club,La Liga,23.0,96.1,24.0,4.5,Poor,6,0.0,,,,,,0.0,9.90990990990991,74.77477477477478,19.81981981981982,53.153153153153156,,
47299,Andoni Gorosabel,D,,high_intensity_fullback,High-Intensity Fullback,1359.0,Athletic Club,La Liga,63.0,90.1,61.7,81.9,Very Good,6,,64.7887323943662,,46.478873239436616,60.56338028169014,,90.14084507042254,67.6056338028169,47.88732394366197,,,,
47301,Robin Le Normand,D,,positional_cb,Positional Center Back,1789.0,Atletico Madrid,La Liga,49.5,93.3,49.6,48.8,Average,6,52.58215962441315,71.83098591549296,5.633802816901409,47.417840375586856,89.2018779342723,34.27230046948357,,,,,,,
47302,Diego Llorente,D,,stopper_cb,Stopper Center Back,1226.0,Real Betis,La Liga,78.1,89.1,75.0,97.7,Elite,6,88.46153846153845,79.23076923076923,66.92307692307692,96.15384615384616,58.46153846153847,84.61538461538461,,,,,,,
47311,Mikel Merino,M,wide,six_eight_hybrid,6/8 Hybrid,1035.0,Arsenal,Premier League,55.0,87.7,54.4,58.5,Good,6,24.137931034482758,42.241379310344826,,79.3103448275862,81.89655172413794,,39.6551724137931,,,,,47.41379310344828,
47314,Igor Zubeldia,D,,stopper_cb,Stopper Center Back,2088.0,Real Sociedad,La Liga,28.9,95.5,29.8,6.1,Poor,6,70.76923076923077,0.0,40.76923076923077,15.384615384615385,16.923076923076923,92.3076923076923,,,,,,,
47315,Martín Zubimendi,M,central,defensive_midfielder,Defensive Midfielder (DM / 6),3001.0,Arsenal,Premier League,61.0,100.0,61.0,77.0,Very Good,5,70.25641025641025,84.1025641025641,,56.41025641025641,42.56410256410256,,23.846153846153847,,,,,,
47317,Ander Barrenetxea,M,wide,six_eight_hybrid,6/8 Hybrid,1769.0,Real Sociedad,La Liga,49.4,93.1,49.4,46.2,Average,6,56.896551724137936,32.758620689655174,,68.96551724137932,35.3448275862069,,64.65517241379311,,,,,37.06896551724138,
47323,Mikel Oyarzabal,F,central,traditional_9,Traditional No. 9,2714.0,Real Sociedad,La Liga,74.8,100.0,74.8,92.3,Excellent,5,,68.11594202898551,,,,,,95.65217391304348,,78.26086956521739,74.15458937198068,,62.31884057971014
47329,Adrià Pedrosa,D,,high_intensity_fullback,High-Intensity Fullback,1092.0,Elche,La Liga,54.2,88.1,53.7,60.4,Good,6,,1.4084507042253522,,73.23943661971832,74.64788732394366,,1.4084507042253522,97.1830985915493,56.33802816901409,,,,
47336,Sergi Darder,M,central,attacking_midfielder,Attacking Midfielder (AM / 10),2688.0,Mallorca,La Liga,49.4,99.9,49.4,50.5,Average,6,26.08695652173913,,,,,,65.21739130434783,75.0,52.17391304347826,15.217391304347828,47.82608695652174,,
47341,Marc Roca,M,central,defensive_midfielder,Defensive Midfielder (DM / 6),2025.0,Real Betis,La Liga,35.4,95.0,36.2,15.8,Poor,5,74.35897435897436,2.564102564102564,,39.48717948717949,21.025641025641026,,95.8974358974359,,,,,,
47348,Borja Iglesias,F,central,traditional_9,Traditional No. 9,1903.0,Celta Vigo,La Liga,71.7,94.1,70.5,87.0,Excellent,5,,30.917874396135264,,,,,,41.54589371980676,,93.23671497584542,92.27053140096618,,43.96135265700483
47378,Pedro Bigas,D,,positional_cb,Positional Center Back,2068.0,Elche,La Liga,47.5,95.3,47.6,42.5,Average,6,44.60093896713615,40.375586854460096,60.56338028169014,79.34272300469483,72.76995305164318,0.0,,,,,,,
47380,Marc Cucurella,D,,creative_fullback,Creative Fullback,2710.0,Chelsea,Premier League,67.8,100.0,67.8,86.6,Excellent,6,82.20338983050848,50.0,,71.1864406779661,,,21.1864406779661,85.59322033898306,76.27118644067797,,,,
47396,Kike García,F,central,traditional_9,Traditional No. 9,1749.0,Espanyol,La Liga,70.0,93.0,68.5,83.2,Very Good,5,,86.47342995169082,,,,,,63.76811594202898,,66.18357487922705,57.48792270531401,,86.95652173913044
47398,Pere Milla,M,wide,eight_ten_hybrid,8/10 Hybrid,1989.0,Espanyol,La Liga,35.3,94.7,36.1,15.2,Poor,6,1.8018018018018018,,,,,,48.64864864864865,39.63963963963964,6.306306306306306,71.17117117117117,26.576576576576578,,
47414,Gerard Gumbau,M,central,attacking_midfielder,Attacking Midfielder (AM / 10),1197.0,Rayo Vallecano,La Liga,50.1,88.9,50.1,55.4,Good,6,19.565217391304348,,,,,,88.04347826086956,61.95652173913043,75.0,5.978260869565218,32.608695652173914,,
47429,David Costas,D,,positional_cb,Positional Center Back,2075.0,Oviedo,La Liga,51.7,95.4,51.7,54.0,Average,6,45.539906103286384,66.66666666666666,53.990610328638496,67.6056338028169,31.455399061032864,37.558685446009385,,,,,,,
47435,Fran Beltrán,M,central,defensive_midfielder,Defensive Midfielder (DM / 6),1562.0,Girona,La Liga,41.4,91.6,42.2,31.1,Below Average,5,97.43589743589743,2.051282051282051,,35.38461538461539,36.41025641025641,,70.0,,,,,,
47438,Mathias Jensen,M,central,box_to_box_midfielder,Box-to-Box Midfielder (CM / 8),2277.0,Brentford,Premier League,53.0,96.9,52.9,61.3,Good,7,57.57575757575758,22.727272727272727,,58.333333333333336,40.909090909090914,,88.63636363636364,,24.242424242424242,68.93939393939394,,,
47439,Stanislav Lobotka,M,central,defensive_midfielder,Defensive Midfielder (DM / 6),2441.0,Napoli,Serie A,47.0,98.1,47.0,44.4,Average,5,100.0,94.35897435897435,,5.128205128205128,1.0256410256410255,,37.17948717948718,,,,,,
47440,Brais Méndez,M,wide,six_eight_hybrid,6/8 Hybrid,1672.0,Real Sociedad,La Liga,54.8,92.4,54.5,60.3,Good,6,68.96551724137932,73.27586206896551,,17.24137931034483,68.10344827586206,,46.12068965517241,,,,,58.620689655172406,
47445,Iago Aspas,F,wide,linking_winger,Linking Forward,1155.0,Celta Vigo,La Liga,71.4,88.6,69.0,84.0,Very Good,5,24.489795918367346,,,,,,,91.83673469387756,83.6734693877551,73.46938775510205,55.10204081632652,,
47463,Pepelu,M,central,defensive_midfielder,Defensive Midfielder (DM / 6),2232.0,Valencia,La Liga,56.3,96.5,56.1,66.3,Good,5,53.84615384615385,78.2051282051282,,19.48717948717949,65.12820512820512,,96.92307692307692,,,,,,
47472,Borja Mayoral,F,central,traditional_9,Traditional No. 9,1067.0,Getafe,La Liga,42.9,87.9,43.7,35.6,Below Average,5,,11.594202898550725,,,,,,4.830917874396135,,47.82608695652174,94.44444444444444,,4.3478260869565215
47478,Fernando Calero,D,,positional_cb,Positional Center Back,2150.0,Espanyol,La Liga,50.2,95.9,50.2,49.5,Average,6,45.07042253521127,5.633802816901409,95.77464788732394,70.4225352112676,41.78403755868544,57.74647887323944,,,,,,,
47480,Mohammed Salisu,D,,stopper_cb,Stopper Center Back,1080.0,Monaco,Ligue 1,59.7,88.0,58.6,74.0,Very Good,6,65.38461538461539,51.53846153846153,100.0,62.30769230769231,60.76923076923077,6.92307692307692,,,,,,,
47516,Aleix García,M,central,attacking_midfielder,Attacking Midfielder (AM / 10),2676.0,Bayer Leverkusen,Bundesliga,52.8,99.8,52.8,63.4,Good,6,96.73913043478261,,,,,,5.434782608695652,60.86956521739131,82.6086956521739,50.0,5.434782608695652,,
47519,Pedro Porro,D,,high_intensity_fullback,High-Intensity Fullback,2798.0,Tottenham,Premier League,52.3,100.0,52.3,56.9,Good,6,,40.845070422535215,,32.3943661971831,53.52112676056338,,29.577464788732392,95.77464788732394,46.478873239436616,,,,
47522,Douglas Luiz,M,central,defensive_midfielder,Defensive Midfielder (DM / 6),944.0,Aston Villa,Premier League,68.8,87.0,66.4,86.2,Excellent,5,90.76923076923077,78.2051282051282,,71.28205128205128,48.717948717948715,,22.30769230769231,,,,,,
47533,Alejandro Catena,D,,positional_cb,Positional Center Back,3073.0,Osasuna,La Liga,34.6,100.0,34.6,13.8,Poor,6,13.145539906103288,13.615023474178404,74.64788732394366,41.78403755868544,36.61971830985916,49.76525821596244,,,,,,,
47541,Santi Comesaña,M,central,attacking_midfielder,Attacking Midfielder (AM / 10),2413.0,Villarreal,La Liga,39.9,97.9,40.1,23.1,Poor,6,15.217391304347828,,,,,,53.80434782608695,10.869565217391305,73.91304347826086,56.52173913043478,15.217391304347828,,
47543,Álvaro García,M,central,box_to_box_midfielder,Box-to-Box Midfielder (CM / 8),2105.0,Rayo Vallecano,La Liga,30.3,95.6,31.2,2.3,Poor,7,3.0303030303030303,9.848484848484848,,22.727272727272727,14.393939393939394,,8.333333333333332,,91.66666666666666,82.57575757575758,,,
47547,Álex Moreno,D,,high_intensity_fullback,High-Intensity Fullback,2562.0,Girona,La Liga,34.4,99.0,34.5,11.1,Poor,6,,23.943661971830984,,42.25352112676056,2.8169014084507045,,53.52112676056338,25.352112676056336,71.83098591549296,,,,
47566,Javi Galán,D,,high_intensity_fullback,High-Intensity Fullback,1821.0,Osasuna,La Liga,73.6,93.5,72.1,94.4,Excellent,6,,88.73239436619718,,88.73239436619718,47.88732394366197,,92.95774647887323,88.73239436619718,38.028169014084504,,,,
47574,Moi Gómez,M,central,defensive_midfielder,Defensive Midfielder (DM / 6),1218.0,Osasuna,La Liga,41.4,89.0,42.4,32.1,Below Average,5,81.53846153846153,60.51282051282051,,20.51282051282051,8.717948717948717,,53.84615384615385,,,,,,
47582,Cucho Hernández,F,central,traditional_9,Traditional No. 9,2592.0,Real Betis,La Liga,54.7,99.2,54.7,60.6,Good,5,,71.01449275362319,,,,,,81.64251207729468,,60.38647342995169,10.628019323671497,,78.26086956521739
47903,Hjalmar Ekdal,D,,positional_cb,Positional Center Back,1539.0,Burnley,Premier League,45.9,91.4,46.3,37.4,Below Average,6,10.328638497652582,80.28169014084507,52.58215962441315,12.676056338028168,64.31924882629107,73.70892018779342,,,,,,,
47969,Gabriel Gudmundsson,D,,high_intensity_fullback,High-Intensity Fullback,2642.0,Leeds,Premier League,37.7,99.6,37.7,19.4,Poor,6,,49.29577464788733,,26.76056338028169,32.3943661971831,,69.01408450704226,36.61971830985916,14.084507042253522,,,,
47988,Carl Starfelt,D,,positional_cb,Positional Center Back,1493.0,Celta Vigo,La Liga,70.7,91.1,68.9,93.0,Excellent,6,99.06103286384976,45.305164319248824,55.39906103286385,49.76525821596244,62.441314553990615,99.06103286384976,,,,,,,
48047,Jesper Karlström,M,central,defensive_midfielder,Defensive Midfielder (DM / 6),3152.0,Udinese,Serie A,28.9,100.0,28.9,6.1,Poor,5,16.41025641025641,43.58974358974359,,40.0,13.333333333333334,,26.923076923076923,,,,,,
48119,Odilon Kossounou,D,,creative_fullback,Creative Fullback,994.0,Atalanta,Serie A,33.7,87.4,35.8,17.6,Poor,6,96.61016949152543,2.5423728813559325,,44.91525423728814,,,53.813559322033896,8.47457627118644,10.16949152542373,,,,
48142,Karol Mets,D,,positional_cb,Positional Center Back,1934.0,FC St. Pauli,Bundesliga,33.3,94.3,34.2,11.4,Poor,6,15.023474178403756,53.755868544600936,2.8169014084507045,36.61971830985916,36.15023474178404,61.502347417840376,,,,,,,
48198,Ísak Bergmann Jóhannesson,M,central,attacking_midfielder,Attacking Midfielder (AM / 10),1812.0,1. FC Köln,Bundesliga,42.8,93.4,43.2,31.2,Below Average,6,20.652173913043477,,,,,,100.0,58.69565217391305,19.565217391304348,22.82608695652174,25.543478260869566,,
48372,Eray Cömert,D,,positional_cb,Positional Center Back,1339.0,Valencia,La Liga,43.8,89.9,44.4,32.0,Below Average,6,17.370892018779344,75.11737089201877,9.389671361502346,82.15962441314554,85.44600938967136,14.08450704225352,,,,,,,
48378,Silvan Widmer,M,central,box_to_box_midfielder,Box-to-Box Midfielder (CM / 8),1819.0,FSV Mainz 05,Bundesliga,48.7,93.5,48.8,47.7,Average,7,17.424242424242426,93.93939393939394,,53.03030303030303,69.6969696969697,,4.924242424242424,,33.33333333333333,63.63636363636363,,,
48389,Noah Okafor,F,wide,direct_winger,Direct Forward,1573.0,Leeds,Premier League,46.9,91.7,47.2,48.9,Average,5,,,,,,,36.36363636363637,13.636363636363635,,90.9090909090909,72.72727272727273,2.272727272727273,
48465,Filip Ugrinić,M,central,attacking_midfielder,Attacking Midfielder (AM / 10),1513.0,Valencia,La Liga,36.6,91.2,37.8,16.1,Poor,6,22.82608695652174,,,,,,84.78260869565217,34.78260869565217,56.52173913043478,5.978260869565218,3.804347826086957,,
48471,Ruben Vargas,M,wide,eight_ten_hybrid,8/10 Hybrid,1608.0,Sevilla,La Liga,36.8,91.9,37.9,20.5,Poor,6,4.504504504504505,,,,,,37.83783783783784,43.24324324324324,86.48648648648648,31.53153153153153,4.054054054054054,,
48489,Miro Muheim,M,central,defensive_midfielder,Defensive Midfielder (DM / 6),2437.0,Hamburger SV,Bundesliga,47.3,98.1,47.3,47.2,Average,5,3.5897435897435894,76.92307692307693,,37.43589743589744,54.35897435897436,,87.17948717948718,,,,,,
48574,Cedric Zesiger,D,,creative_fullback,Creative Fullback,1840.0,FC Augsburg,Bundesliga,27.8,93.6,29.3,5.9,Poor,6,38.983050847457626,73.72881355932203,,51.69491525423729,,,11.016949152542372,12.711864406779661,10.16949152542373,,,,
48642,Cameron Puertas,M,central,box_to_box_midfielder,Box-to-Box Midfielder (CM / 8),1878.0,Werder Bremen,Bundesliga,59.9,93.9,59.3,78.9,Very Good,7,87.87878787878788,37.121212121212125,,68.93939393939394,96.96969696969697,,30.681818181818183,,67.04545454545455,33.33333333333333,,,
48648,Dan Ndoye,M,wide,six_eight_hybrid,6/8 Hybrid,1176.0,Nottingham Forest,Premier League,48.6,88.7,48.7,45.3,Average,6,43.103448275862064,45.689655172413794,,69.82758620689656,50.86206896551724,,30.17241379310345,,,,,43.103448275862064,
48765,Joel Schmied,D,,positional_cb,Positional Center Back,1080.0,1. FC Köln,Bundesliga,31.9,88.0,34.1,10.5,Poor,6,33.80281690140845,0.4694835680751174,63.14553990610329,34.27230046948357,14.084507042253522,48.826291079812215,,,,,,,
49583,Ali Abdi,D,,high_intensity_fullback,High-Intensity Fullback,1210.0,Nice,Ligue 1,33.9,89.0,35.7,15.3,Poor,6,,29.577464788732392,,9.859154929577464,16.901408450704224,,45.07042253521127,78.87323943661971,14.084507042253522,,,,
50026,Chidozie Awaziem,D,,positional_cb,Positional Center Back,2232.0,Nantes,Ligue 1,32.9,96.5,33.5,9.3,Poor,6,7.981220657276995,65.49295774647888,43.1924882629108,20.657276995305164,31.92488262910798,33.33333333333334,,,,,,,
50030,Montassar Talbi,D,,positional_cb,Positional Center Back,2610.0,Lorient,Ligue 1,39.3,99.3,39.4,22.0,Poor,6,49.29577464788733,56.33802816901409,61.502347417840376,31.455399061032864,7.511737089201878,7.042253521126767,,,,,,,
50048,Vedat Muriqi,F,central,traditional_9,Traditional No. 9,3134.0,Mallorca,La Liga,76.4,100.0,76.4,93.8,Excellent,5,,95.16908212560386,,,,,,28.019323671497588,,92.7536231884058,54.589371980676326,,89.85507246376811
50735,Mark McKenzie,D,,positional_cb,Positional Center Back,2405.0,Toulouse,Ligue 1,31.0,97.8,31.4,5.6,Poor,6,23.474178403755868,24.413145539906104,16.431924882629108,31.92488262910798,83.09859154929578,31.455399061032864,,,,,,,
50739,Brenden Aaronson,F,central,traditional_9,Traditional No. 9,2473.0,Leeds,Premier League,38.7,98.3,38.9,29.6,Below Average,5,,44.44444444444444,,,,,,85.99033816425121,,13.043478260869565,76.32850241545893,,10.144927536231885
50852,Joe Scally,D,,high_intensity_fullback,High-Intensity Fullback,2611.0,Borussia Mönchengladbach,Bundesliga,29.4,99.3,29.6,5.6,Poor,6,,39.436619718309856,,5.633802816901409,5.633802816901409,,35.2112676056338,29.577464788732392,69.01408450704226,,,,
50856,Valentín Castellanos,F,central,traditional_9,Traditional No. 9,2089.0,West Ham,Premier League,57.6,95.5,57.3,66.8,Good,5,,61.35265700483091,,,,,,45.410628019323674,,48.792270531400966,53.3816425120773,,82.6086956521739
50863,James Sands,M,central,defensive_midfielder,Defensive Midfielder (DM / 6),1941.0,FC St. Pauli,Bundesliga,53.5,94.4,53.3,62.8,Good,5,3.076923076923077,76.41025641025641,,96.92307692307692,35.8974358974359,,12.307692307692308,,,,,,
50956,Cristian Cásseres Jr.,M,central,defensive_midfielder,Defensive Midfielder (DM / 6),2499.0,Toulouse,Ligue 1,62.9,98.5,62.7,79.3,Very Good,5,39.48717948717949,69.23076923076923,,62.56410256410256,84.1025641025641,,21.025641025641026,,,,,,
51016,Tajon Buchanan,M,wide,six_eight_hybrid,6/8 Hybrid,1835.0,Villarreal,La Liga,47.5,93.6,47.7,42.7,Average,6,65.51724137931035,30.17241379310345,,92.24137931034483,31.03448275862069,,14.655172413793101,,,,,48.275862068965516,
51494,Manuel Ugarte,M,central,defensive_midfielder,Defensive Midfielder (DM / 6),901.0,Manchester United,Premier League,73.1,86.7,70.0,90.3,Excellent,5,37.94871794871795,46.666666666666664,,97.43589743589743,100.0,,90.25641025641026,,,,,,
51530,Federico Viñas,F,central,traditional_9,Traditional No. 9,2451.0,Oviedo,La Liga,45.6,98.2,45.7,41.1,Average,5,,97.58454106280193,,,,,,59.42028985507246,,46.85990338164252,21.256038647342994,,41.06280193236715
55904,Daniel Ballard,D,,stopper_cb,Stopper Center Back,2148.0,Sunderland,Premier League,44.5,95.9,44.8,36.3,Below Average,6,21.53846153846154,59.23076923076923,90.0,10.0,11.538461538461538,97.6923076923077,,,,,,,
56293,Idrissa Touré,M,wide,six_eight_hybrid,6/8 Hybrid,2286.0,Pisa,Serie A,54.4,96.9,54.3,57.3,Good,6,2.586206896551724,87.93103448275862,,84.48275862068965,45.689655172413794,,67.24137931034483,,,,,3.4482758620689653,
56473,Matteo Gabbia,D,,positional_cb,Positional Center Back,2531.0,AC Milan,Serie A,51.2,98.7,51.2,52.6,Average,6,83.09859154929578,42.72300469483568,54.460093896713616,2.8169014084507045,6.103286384976526,84.50704225352112,,,,,,,
56560,Youssef Maleh,M,central,box_to_box_midfielder,Box-to-Box Midfielder (CM / 8),1570.0,Cremonese,Serie A,49.3,91.6,49.3,52.6,Average,7,42.42424242424242,45.45454545454545,,55.3030303030303,78.78787878787878,,62.878787878787875,,9.848484848484848,37.121212121212125,,,
56851,Michael Folorunsho,M,wide,six_eight_hybrid,6/8 Hybrid,2008.0,Cagliari,Serie A,28.5,94.9,29.6,14.5,Poor,6,3.4482758620689653,38.793103448275865,,20.689655172413794,7.758620689655173,,51.724137931034484,,,,,68.10344827586206,
57446,Akor Adams,F,central,traditional_9,Traditional No. 9,2070.0,Sevilla,La Liga,61.7,95.3,61.1,73.1,Very Good,5,,24.637681159420293,,,,,,13.526570048309178,,69.56521739130434,82.6086956521739,,64.25120772946859
64003,Pascal Struijk,D,,positional_cb,Positional Center Back,2937.0,Leeds,Premier League,31.9,100.0,31.9,6.1,Poor,6,42.25352112676056,25.352112676056336,26.291079812206576,39.906103286384976,39.906103286384976,15.49295774647888,,,,,,,
64255,Gautier Lloris,D,,positional_cb,Positional Center Back,2400.0,Le Havre,Ligue 1,76.2,97.8,75.6,98.1,Elite,6,73.70892018779342,94.36619718309859,57.27699530516433,93.89671361502347,77.46478873239437,56.33802816901409,,,,,,,
64268,Johan Mojica,D,,creative_fullback,Creative Fullback,2737.0,Mallorca,La Liga,54.8,100.0,54.8,68.1,Good,6,23.728813559322035,47.45762711864407,,44.06779661016949,,,29.66101694915254,82.20338983050848,74.57627118644068,,,,
64309,Manuel Sánchez,D,,high_intensity_fullback,High-Intensity Fullback,2818.0,Levante,La Liga,35.1,100.0,35.1,12.5,Poor,6,,33.80281690140845,,36.61971830985916,61.97183098591549,,11.267605633802818,18.30985915492958,45.07042253521127,,,,
66387,Pavel Šulc,F,central,traditional_9,Traditional No. 9,1568.0,Lyon,Ligue 1,69.6,91.6,67.9,82.5,Very Good,5,,19.806763285024154,,,,,,89.3719806763285,,90.82125603864735,74.15458937198068,,41.54589371980676
66407,Ladislav Krejčí,D,,stopper_cb,Stopper Center Back,2541.0,Wolves,Premier League,23.0,98.8,23.4,1.5,Poor,6,25.384615384615383,3.8461538461538463,41.53846153846154,28.46153846153846,5.384615384615385,65.38461538461539,,,,,,,
66817,Nikola Krstović,F,central,traditional_9,Traditional No. 9,1786.0,Atalanta,Serie A,68.1,93.2,66.9,79.6,Very Good,5,,65.70048309178745,,,,,,68.59903381642512,,79.71014492753623,27.053140096618357,,100.0
67889,Hakon Arnar Haraldsson,M,wide,eight_ten_hybrid,8/10 Hybrid,2475.0,Lille,Ligue 1,53.9,98.3,53.8,64.3,Good,6,85.58558558558559,,,,,,32.88288288288289,67.56756756756756,15.315315315315313,64.86486486486487,39.189189189189186,,
67939,Aimar Oroz,M,wide,six_eight_hybrid,6/8 Hybrid,2152.0,Osasuna,La Liga,54.3,95.9,54.1,55.6,Good,6,50.0,72.41379310344827,,22.413793103448278,36.206896551724135,,80.17241379310344,,,,,85.34482758620689,
67943,Morato,D,,positional_cb,Positional Center Back,1366.0,Nottingham Forest,Premier League,46.3,90.1,46.7,39.0,Below Average,6,11.737089201877934,79.81220657276995,80.75117370892019,14.553990610328638,96.24413145539906,23.474178403755857,,,,,,,
67971,Marc Guéhi,D,,positional_cb,Positional Center Back,3150.0,Manchester City,Premier League,61.5,100.0,61.5,83.6,Very Good,6,55.86854460093896,77.93427230046949,36.15023474178404,87.55868544600939,53.52112676056338,53.521126760563384,,,,,,,
67972,Conor Gallagher,M,central,defensive_midfielder,Defensive Midfielder (DM / 6),1862.0,Tottenham,Premier League,41.0,93.8,41.6,29.6,Below Average,5,63.07692307692307,3.076923076923077,,74.87179487179488,32.82051282051282,,13.846153846153847,,,,,,
70500,Sergi Cardona,D,,high_intensity_fullback,High-Intensity Fullback,1969.0,Villarreal,La Liga,49.6,94.6,49.6,52.1,Average,6,,32.3943661971831,,97.1830985915493,26.76056338028169,,2.8169014084507045,56.33802816901409,87.32394366197182,,,,
70747,Julio Enciso,M,wide,eight_ten_hybrid,8/10 Hybrid,1892.0,Strasbourg,Ligue 1,53.7,94.0,53.5,63.4,Good,6,63.96396396396396,,,,,,91.44144144144144,31.53153153153153,81.98198198198197,25.225225225225223,51.35135135135135,,
72048,Cenk Özkaçar,D,,stopper_cb,Stopper Center Back,1801.0,1. FC Köln,Bundesliga,38.2,93.3,39.0,15.3,Poor,6,54.61538461538461,45.38461538461539,61.53846153846154,30.76923076923077,21.53846153846154,16.92307692307692,,,,,,,
72457,Aiyegun Tosin,F,central,traditional_9,Traditional No. 9,1068.0,Lorient,Ligue 1,56.7,87.9,55.9,63.9,Good,5,,67.6328502415459,,,,,,52.17391304347826,,67.14975845410628,32.367149758454104,,65.70048309178745
80752,Tanner Tessmann,M,central,defensive_midfielder,Defensive Midfielder (DM / 6),1960.0,Lyon,Ligue 1,23.3,94.5,24.7,2.6,Poor,5,51.28205128205128,31.794871794871792,,8.205128205128204,4.615384615384616,,37.17948717948718,,,,,,
83831,Ilan Kebbal,M,wide,eight_ten_hybrid,8/10 Hybrid,2229.0,Paris FC,Ligue 1,65.9,96.5,65.4,79.5,Very Good,6,81.98198198198197,,,,,,42.34234234234234,83.78378378378379,44.14414414414414,78.37837837837837,40.54054054054054,,
84086,Robert Navarro,M,wide,eight_ten_hybrid,8/10 Hybrid,1311.0,Athletic Club,La Liga,45.4,89.7,45.9,45.5,Average,6,34.234234234234236,,,,,,34.234234234234236,45.94594594594595,13.513513513513514,84.68468468468468,46.846846846846844,,
84087,Wilson Isidor,F,central,traditional_9,Traditional No. 9,1173.0,Sunderland,Premier League,57.0,88.7,56.2,64.4,Good,5,,1.4492753623188406,,,,,,0.0,,72.94685990338165,60.38647342995169,,81.15942028985508
84128,Yann Gboho,F,wide,direct_winger,Direct Forward,2608.0,Toulouse,Ligue 1,64.1,99.3,64.0,80.0,Very Good,5,,,,,,,68.18181818181817,68.18181818181817,,68.18181818181817,31.818181818181817,77.27272727272727,
84218,Adama Camara,M,central,defensive_midfielder,Defensive Midfielder (DM / 6),2171.0,Paris FC,Ligue 1,59.2,96.1,58.8,72.4,Very Good,5,50.76923076923077,37.94871794871795,,89.74358974358975,64.61538461538461,,18.974358974358974,,,,,,
85041,Amine Gouiri,F,wide,linking_winger,Linking Forward,1328.0,Marseille,Ligue 1,78.2,89.8,75.3,94.0,Excellent,5,67.3469387755102,,,,,,,77.55102040816327,71.42857142857143,87.75510204081633,91.83673469387756,,
89520,Mikael Ellertsson,M,central,box_to_box_midfielder,Box-to-Box Midfielder (CM / 8),2777.0,Genoa,Serie A,25.6,100.0,25.6,0.8,Poor,7,22.727272727272727,50.0,,16.666666666666664,30.303030303030305,,12.121212121212121,,21.21212121212121,25.0,,,
90590,Georginio Rutter,F,central,traditional_9,Traditional No. 9,1804.0,Brighton,Premier League,32.1,93.4,33.3,19.7,Poor,5,,40.57971014492754,,,,,,87.43961352657004,,13.526570048309178,40.33816425120773,,22.22222222222222
90594,Eric Ebimbe,M,wide,six_eight_hybrid,6/8 Hybrid,1180.0,Stade Brestois 29,Ligue 1,24.7,88.7,27.6,8.1,Poor,6,31.03448275862069,5.172413793103448,,25.862068965517242,62.06896551724138,,0.0,,,,,14.655172413793101,
90617,Lassine Sinayoko,F,central,traditional_9,Traditional No. 9,2780.0,Auxerre,Ligue 1,67.5,100.0,67.5,81.0,Very Good,5,,62.80193236714976,,,,,,90.82125603864735,,62.31884057971014,64.97584541062803,,70.53140096618358
90731,Lars Ritzka,D,,high_intensity_fullback,High-Intensity Fullback,970.0,FC St. Pauli,Bundesliga,45.9,87.2,46.4,43.1,Average,6,,42.25352112676056,,90.14084507042254,97.1830985915493,,0.0,22.535211267605636,14.084507042253522,,,,
91358,Emanuele Valeri,M,central,box_to_box_midfielder,Box-to-Box Midfielder (CM / 8),2645.0,Parma,Serie A,40.5,99.6,40.5,21.1,Poor,7,11.363636363636363,63.63636363636363,,48.484848484848484,37.878787878787875,,66.28787878787878,,46.96969696969697,10.984848484848484,,,
91422,Raoul Bellanova,M,central,attacking_midfielder,Attacking Midfielder (AM / 10),1387.0,Atalanta,Serie A,40.8,90.3,41.7,29.0,Below Average,6,66.30434782608695,,,,,,95.65217391304348,33.69565217391305,8.695652173913043,5.978260869565218,84.78260869565217,,
91503,Simone Canestrelli,D,,positional_cb,Positional Center Back,3201.0,Pisa,Serie A,25.5,100.0,25.5,1.9,Poor,6,2.8169014084507045,31.455399061032864,23.474178403755868,35.68075117370892,30.51643192488263,43.66197183098591,,,,,,,
91745,Alemão,F,central,traditional_9,Traditional No. 9,1149.0,Rayo Vallecano,La Liga,46.7,88.5,47.1,45.0,Average,5,,42.99516908212561,,,,,,11.594202898550725,,44.44444444444444,78.50241545893721,,30.434782608695656
92993,Mats Wieffer,D,,high_intensity_fullback,High-Intensity Fullback,1914.0,Brighton,Premier League,59.5,94.2,59.0,70.8,Very Good,6,,26.76056338028169,,64.7887323943662,85.91549295774648,,38.028169014084504,52.112676056338024,83.09859154929578,,,,
96331,Koffi Kouao,D,,high_intensity_fullback,High-Intensity Fullback,2273.0,Metz,Ligue 1,57.5,96.8,57.3,68.1,Good,6,,80.28169014084507,,60.56338028169014,77.46478873239437,,99.29577464788733,5.633802816901409,32.3943661971831,,,,
98936,Lyle Foster,F,central,traditional_9,Traditional No. 9,1372.0,Burnley,Premier League,17.5,90.2,20.7,3.4,Poor,5,,3.3816425120772946,,,,,,22.22222222222222,,19.32367149758454,28.743961352657006,,4.830917874396135
101814,Ronald Araújo,D,,positional_cb,Positional Center Back,1072.0,Barcelona,La Liga,64.4,87.9,62.7,85.7,Excellent,6,84.03755868544602,73.70892018779342,11.267605633802818,24.413145539906104,90.14084507042254,95.30516431924883,,,,,,,
104821,Jon Guridi,M,central,box_to_box_midfielder,Box-to-Box Midfielder (CM / 8),1259.0,Alaves,La Liga,46.4,89.3,46.8,39.8,Below Average,7,71.96969696969697,46.21212121212121,,44.696969696969695,73.48484848484848,,55.3030303030303,,9.848484848484848,10.984848484848484,,,
104949,Pablo Martínez,M,central,box_to_box_midfielder,Box-to-Box Midfielder (CM / 8),1865.0,Levante,La Liga,42.3,93.8,42.8,24.1,Poor,7,40.15151515151515,13.636363636363635,,70.45454545454545,3.0303030303030303,,57.1969696969697,,95.45454545454545,34.090909090909086,,,
106725,Keane Lewis-Potter,D,,creative_fullback,Creative Fullback,1990.0,Brentford,Premier League,39.9,94.7,40.4,26.9,Below Average,6,14.40677966101695,13.559322033898304,,18.64406779661017,,,27.966101694915253,55.08474576271186,77.96610169491525,,,,
106727,Oriol Rey,M,central,defensive_midfielder,Defensive Midfielder (DM / 6),1327.0,Levante,La Liga,21.2,89.8,24.2,1.5,Poor,5,71.28205128205128,4.615384615384616,,10.256410256410255,5.641025641025641,,37.17948717948718,,,,,,
106835,Kaoru Mitoma,M,wide,eight_ten_hybrid,8/10 Hybrid,1721.0,Brighton,Premier League,38.3,92.7,39.1,26.3,Below Average,6,54.054054054054056,,,,,,36.93693693693694,45.04504504504504,9.00900900900901,29.72972972972973,60.810810810810814,,
106851,Shuto Machino,F,central,traditional_9,Traditional No. 9,1084.0,Borussia Mönchengladbach,Bundesliga,47.3,88.0,47.6,46.2,Average,5,,62.31884057971014,,,,,,80.67632850241546,,29.468599033816425,61.35265700483091,,36.71497584541063
107194,Antonio Sánchez,M,central,box_to_box_midfielder,Box-to-Box Midfielder (CM / 8),1088.0,Mallorca,La Liga,38.1,88.1,39.6,18.8,Poor,7,41.66666666666667,7.575757575757576,,90.9090909090909,43.18181818181818,,53.40909090909091,,9.848484848484848,10.984848484848484,,,
110153,Tolu Arokodare,F,central,traditional_9,Traditional No. 9,1438.0,Wolves,Premier League,37.8,90.7,38.9,29.6,Below Average,5,,90.33816425120773,,,,,,27.536231884057973,,16.908212560386474,15.70048309178744,,80.67632850241546
115588,Bryan Okoh,D,,stopper_cb,Stopper Center Back,1011.0,Auxerre,Ligue 1,69.4,87.5,67.0,93.1,Excellent,6,35.38461538461539,87.6923076923077,96.15384615384616,100.0,3.8461538461538463,87.6923076923077,,,,,,,
115589,Benjamin Šeško,F,central,traditional_9,Traditional No. 9,1636.0,Manchester United,Premier League,78.4,92.1,76.1,92.8,Excellent,5,,49.275362318840585,,,,,,9.178743961352657,,89.3719806763285,90.82125603864735,,92.7536231884058
116117,Moisés Caicedo,M,central,defensive_midfielder,Defensive Midfielder (DM / 6),2802.0,Chelsea,Premier League,83.6,100.0,83.6,99.5,Elite,5,98.97435897435898,67.17948717948717,,95.38461538461539,82.56410256410255,,49.743589743589745,,,,,,
118956,Lameck Banda,M,wide,six_eight_hybrid,6/8 Hybrid,1760.0,Lecce,Serie A,33.0,93.0,34.2,19.2,Poor,6,56.03448275862068,20.689655172413794,,14.655172413793101,28.448275862068968,,27.586206896551722,,,,,76.72413793103449,
119121,Trai Hume,D,,creative_fullback,Creative Fullback,3037.0,Sunderland,Premier League,31.9,100.0,31.9,10.1,Poor,6,2.5423728813559325,58.47457627118644,,38.983050847457626,,,9.745762711864407,55.932203389830505,22.033898305084744,,,,
119742,Juan Iglesias,D,,high_intensity_fullback,High-Intensity Fullback,3189.0,Getafe,La Liga,48.7,100.0,48.7,50.0,Average,6,,71.83098591549296,,8.450704225352112,90.14084507042254,,61.97183098591549,14.084507042253522,43.66197183098591,,,,
122468,Saúl Coco,D,,stopper_cb,Stopper Center Back,3090.0,Torino,Serie A,50.2,100.0,50.2,54.6,Average,6,38.46153846153847,40.0,96.92307692307692,41.53846153846154,25.384615384615383,83.84615384615384,,,,,,,
122734,Ferran Jutglà,F,central,traditional_9,Traditional No. 9,1669.0,Celta Vigo,La Liga,72.1,92.4,70.4,86.1,Excellent,5,,53.14009661835749,,,,,,45.893719806763286,,76.32850241545893,84.54106280193237,,71.49758454106279
125171,Josip Stanišić,D,,creative_fullback,Creative Fullback,1855.0,Bayern München,Bundesliga,79.7,93.7,77.8,97.5,Elite,6,91.52542372881356,83.05084745762711,,50.0,,,94.0677966101695,79.66101694915254,80.50847457627118,,,,
125239,Kervin Arriaga,M,central,defensive_midfielder,Defensive Midfielder (DM / 6),1544.0,Levante,La Liga,45.7,91.4,46.1,41.6,Average,5,24.615384615384617,75.64102564102564,,21.025641025641026,63.589743589743584,,14.358974358974358,,,,,,
125743,Beto,F,central,traditional_9,Traditional No. 9,1614.0,Everton,Premier League,55.1,92.0,54.7,60.6,Good,5,,38.64734299516908,,,,,,25.120772946859905,,79.22705314009661,49.75845410628019,,42.99516908212561
126640,David Affengruber,D,,stopper_cb,Stopper Center Back,2953.0,Elche,La Liga,75.9,100.0,75.9,98.5,Elite,6,63.84615384615384,89.23076923076924,75.38461538461539,82.3076923076923,73.07692307692307,48.46153846153847,,,,,,,
126642,Patrick Wimmer,M,wide,six_eight_hybrid,6/8 Hybrid,1634.0,VfL Wolfsburg,Bundesliga,65.0,92.1,63.9,82.1,Very Good,6,1.7241379310344827,46.55172413793103,,100.0,93.96551724137932,,75.0,,,,,54.310344827586206,
126690,Kieron Bowie,F,central,traditional_9,Traditional No. 9,1204.0,Hellas Verona,Serie A,38.4,88.9,39.7,32.2,Below Average,5,,31.88405797101449,,,,,,56.52173913043478,,40.82125603864734,21.980676328502415,,48.792270531400966
126757,Lilian Brassier,D,,positional_cb,Positional Center Back,2252.0,Rennes,Ligue 1,53.9,96.7,53.8,62.6,Good,6,18.30985915492958,30.985915492957744,71.83098591549296,92.48826291079813,40.375586854460096,96.24413145539906,,,,,,,
126949,Chris Richards,D,,stopper_cb,Stopper Center Back,2826.0,Crystal Palace,Premier League,42.7,100.0,42.7,30.2,Below Average,6,30.76923076923077,38.46153846153847,48.46153846153846,57.692307692307686,31.538461538461537,49.23076923076923,,,,,,,
126974,Omri Gandelman,M,wide,six_eight_hybrid,6/8 Hybrid,978.0,Lecce,Serie A,4.6,87.2,10.4,0.9,Poor,6,0.8620689655172413,3.4482758620689653,,15.517241379310345,2.586206896551724,,0.8620689655172413,,,,,0.0,
126980,Tommaso Barbieri,M,central,box_to_box_midfielder,Box-to-Box Midfielder (CM / 8),1713.0,Cremonese,Serie A,46.8,92.7,47.1,41.7,Average,7,12.121212121212121,69.31818181818183,,38.63636363636363,83.33333333333334,,75.0,,34.090909090909086,10.984848484848484,,,
127011,Andrea Cambiaso,M,central,attacking_midfielder,Attacking Midfielder (AM / 10),2794.0,Juventus,Serie A,46.7,100.0,46.7,41.9,Average,6,56.52173913043478,,,,,,10.869565217391305,66.30434782608695,31.521739130434785,45.65217391304348,73.91304347826086,,
127035,Federico Baschirotto,D,,positional_cb,Positional Center Back,2541.0,Cremonese,Serie A,32.9,98.8,33.1,8.4,Poor,6,24.88262910798122,1.8779342723004695,92.01877934272301,35.2112676056338,15.492957746478872,38.02816901408451,,,,,,,
127426,Pol Lozano,M,central,box_to_box_midfielder,Box-to-Box Midfielder (CM / 8),2182.0,Espanyol,La Liga,43.3,96.2,43.5,26.3,Below Average,7,94.6969696969697,8.333333333333332,,68.18181818181817,36.36363636363637,,11.363636363636363,,25.757575757575758,52.27272727272727,,,
127619,Jan Schöppner,M,central,box_to_box_midfielder,Box-to-Box Midfielder (CM / 8),2260.0,1. FC Heidenheim,Bundesliga,44.6,96.7,44.8,28.6,Below Average,7,1.5151515151515151,30.303030303030305,,96.21212121212122,21.96969696969697,,28.030303030303028,,74.24242424242425,69.6969696969697,,,
127769,Gabriel Martinelli,F,central,traditional_9,Traditional No. 9,1079.0,Arsenal,Premier League,43.4,88.0,44.2,37.3,Below Average,5,,57.971014492753625,,,,,,73.91304347826086,,5.314009661835748,76.81159420289855,,45.893719806763286
127817,Piero Hincapié,D,,stopper_cb,Stopper Center Back,1882.0,Arsenal,Premier League,54.4,93.9,54.2,64.9,Good,6,76.92307692307693,56.92307692307692,17.692307692307693,54.61538461538461,76.15384615384615,36.92307692307693,,,,,,,
128287,Joris Chotard,M,central,defensive_midfielder,Defensive Midfielder (DM / 6),2777.0,Stade Brestois 29,Ligue 1,50.9,100.0,50.9,59.2,Good,5,12.307692307692308,61.794871794871796,,83.58974358974359,47.179487179487175,,6.666666666666667,,,,,,
128338,Woyo Coulibaly,D,,creative_fullback,Creative Fullback,1048.0,Sassuolo,Serie A,43.3,87.8,44.2,34.5,Below Average,6,92.37288135593221,46.61016949152542,,42.3728813559322,,,98.30508474576271,6.779661016949152,10.16949152542373,,,,
128342,Rassoul Ndiaye,M,central,defensive_midfielder,Defensive Midfielder (DM / 6),2573.0,Le Havre,Ligue 1,38.4,99.1,38.5,23.5,Poor,5,28.717948717948715,53.333333333333336,,4.102564102564102,62.05128205128205,,54.871794871794876,,,,,,
128384,Vitinha,M,central,attacking_midfielder,Attacking Midfielder (AM / 10),2121.0,Paris Saint Germain,Ligue 1,59.6,95.7,59.2,79.6,Very Good,6,97.82608695652173,,,,,,97.82608695652173,41.30434782608695,89.13043478260869,18.478260869565215,32.608695652173914,,
128398,Oihan Sancet,M,wide,eight_ten_hybrid,8/10 Hybrid,1803.0,Athletic Club,La Liga,35.3,93.4,36.2,16.1,Poor,6,42.34234234234234,,,,,,81.08108108108108,28.82882882882883,1.8018018018018018,38.73873873873874,15.315315315315313,,
128461,Nadir Zortea,D,,high_intensity_fullback,High-Intensity Fullback,1818.0,Bologna,Serie A,38.9,93.5,39.6,22.2,Poor,6,,7.042253521126761,,33.80281690140845,1.4084507042253522,,52.112676056338024,74.64788732394366,64.7887323943662,,,,
128478,Walid Cheddira,F,central,traditional_9,Traditional No. 9,1247.0,Lecce,Serie A,43.1,89.2,43.8,36.1,Below Average,5,,47.34299516908212,,,,,,39.130434782608695,,37.19806763285024,59.42028985507246,,32.850241545893724
128533,Jamie Leweling,M,wide,eight_ten_hybrid,8/10 Hybrid,2375.0,VfB Stuttgart,Bundesliga,53.2,97.6,53.1,62.5,Good,6,20.72072072072072,,,,,,45.94594594594595,41.44144144144144,87.38738738738738,56.75675675675676,83.78378378378379,,
128582,Jorge de Frutos,F,central,traditional_9,Traditional No. 9,2483.0,Rayo Vallecano,La Liga,57.8,98.4,57.7,68.8,Good,5,,63.28502415458937,,,,,,76.81159420289855,,54.589371980676326,60.86956521739131,,47.34299516908212
128853,Derrick Köhn,M,central,box_to_box_midfielder,Box-to-Box Midfielder (CM / 8),1910.0,Union Berlin,Bundesliga,35.7,94.1,36.6,12.0,Poor,7,26.515151515151516,34.090909090909086,,7.575757575757576,38.63636363636363,,56.060606060606055,,65.15151515151516,31.818181818181817,,,
128951,Victor Parada,D,,creative_fullback,Creative Fullback,2165.0,Alaves,La Liga,45.6,96.0,45.8,42.0,Average,6,43.22033898305085,29.66101694915254,,6.779661016949152,,,91.52542372881356,27.966101694915253,72.03389830508475,,,,
128985,Iker Losada,M,central,box_to_box_midfielder,Box-to-Box Midfielder (CM / 8),909.0,Levante,La Liga,49.1,86.7,49.2,51.5,Average,7,7.575757575757576,18.939393939393938,,83.33333333333334,23.484848484848484,,49.24242424242424,,69.6969696969697,98.48484848484848,,,
128987,Salis Abdul Samed,M,central,box_to_box_midfielder,Box-to-Box Midfielder (CM / 8),933.0,Nice,Ligue 1,32.4,86.9,34.7,7.9,Poor,7,99.24242424242425,6.0606060606060606,,75.0,9.848484848484848,,8.333333333333332,,9.848484848484848,10.984848484848484,,,
129033,Joško Gvardiol,D,,positional_cb,Positional Center Back,1374.0,Manchester City,Premier League,47.0,90.2,47.3,42.1,Average,6,51.64319248826291,18.30985915492958,35.68075117370892,44.60093896713615,37.558685446009385,97.65258215962442,,,,,,,
129119,Ignace Van der Brempt,D,,high_intensity_fullback,High-Intensity Fullback,943.0,Como,Serie A,44.9,87.0,45.5,41.7,Average,6,,78.87323943661971,,15.492957746478872,78.87323943661971,,22.535211267605636,11.267605633802818,61.97183098591549,,,,
129142,Ilia Gruev,M,central,defensive_midfielder,Defensive Midfielder (DM / 6),1334.0,Leeds,Premier League,37.4,89.9,38.7,24.5,Poor,5,86.66666666666667,4.102564102564102,,38.97435897435898,17.435897435897434,,98.71794871794873,,,,,,
129678,Azzedine Ounahi,M,wide,six_eight_hybrid,6/8 Hybrid,1766.0,Girona,La Liga,68.5,93.1,67.3,87.2,Excellent,6,89.65517241379311,74.13793103448276,,75.86206896551724,16.379310344827587,,82.75862068965517,,,,,93.96551724137932,
129681,Anthony Rouault,D,,positional_cb,Positional Center Back,1724.0,Rennes,Ligue 1,37.6,92.8,38.5,20.8,Poor,6,39.436619718309856,7.981220657276995,86.85446009389672,45.539906103286384,52.58215962441315,6.572769953051633,,,,,,,
129682,Amine Adli,M,wide,six_eight_hybrid,6/8 Hybrid,1106.0,Bournemouth,Premier League,57.9,88.2,57.0,68.4,Good,6,35.3448275862069,85.34482758620689,,40.51724137931034,96.55172413793103,,19.82758620689655,,,,,51.724137931034484,
129693,Rayan Philippe,F,central,traditional_9,Traditional No. 9,1292.0,Hamburger SV,Bundesliga,51.1,89.6,51.0,51.7,Average,5,,4.830917874396135,,,,,,76.32850241545893,,49.275362318840585,51.20772946859904,,64.73429951690821
129711,Brennan Johnson,F,central,traditional_9,Traditional No. 9,1752.0,Crystal Palace,Premier League,17.9,93.0,20.2,2.9,Poor,5,,76.81159420289855,,,,,,57.00483091787439,,8.695652173913043,3.3816425120772946,,3.3816425120772946
129718,Jude Bellingham,M,wide,six_eight_hybrid,6/8 Hybrid,1917.0,Real Madrid,La Liga,85.0,94.2,82.9,99.1,Elite,6,98.27586206896551,94.82758620689656,,57.758620689655174,89.65517241379311,,92.24137931034483,,,,,79.3103448275862,
131546,Isi Palazón,M,wide,eight_ten_hybrid,8/10 Hybrid,2262.0,Rayo Vallecano,La Liga,38.4,96.8,38.8,23.2,Poor,6,54.95495495495496,,,,,,59.45945945945946,40.54054054054054,34.234234234234236,18.01801801801802,23.423423423423422,,
131548,Lucas Ahijado,D,,high_intensity_fullback,High-Intensity Fullback,1100.0,Oviedo,La Liga,76.8,88.1,73.6,97.2,Elite,6,,100.0,,85.91549295774648,98.59154929577466,,88.73239436619718,38.028169014084504,54.929577464788736,,,,
133609,Pedri,M,central,attacking_midfielder,Attacking Midfielder (AM / 10),2107.0,Barcelona,La Liga,83.8,95.6,82.3,100.0,Elite,6,90.21739130434783,,,,,,91.30434782608695,98.91304347826086,95.65217391304348,43.47826086956522,84.78260869565217,,
133729,Tijjani Noslin,F,central,traditional_9,Traditional No. 9,1181.0,Lazio,Serie A,51.1,88.7,51.0,51.7,Average,5,,78.74396135265701,,,,,,85.02415458937197,,41.54589371980676,19.565217391304348,,76.32850241545893
134926,Daniel Maldini,F,wide,direct_winger,Direct Forward,955.0,Lazio,Serie A,45.7,87.1,46.2,46.7,Average,5,,,,,,,54.54545454545454,4.545454545454546,,47.72727272727273,27.27272727272727,84.0909090909091,
135068,Emmanuel Agbadou,D,,stopper_cb,Stopper Center Back,1101.0,Wolves,Premier League,67.4,88.2,65.3,90.1,Excellent,6,26.153846153846157,90.0,97.6923076923077,23.846153846153847,89.23076923076924,50.0,,,,,,,
135334,Santiago Bueno,D,,creative_fullback,Creative Fullback,2553.0,Wolves,Premier League,34.3,98.9,34.5,15.1,Poor,6,73.72881355932203,70.33898305084746,,58.47457627118644,,,2.11864406779661,7.627118644067797,26.27118644067797,,,,
135519,Gustav Isaksen,F,wide,direct_winger,Direct Forward,1598.0,Lazio,Serie A,49.3,91.8,49.4,51.1,Average,5,,,,,,,25.0,0.0,,70.45454545454545,63.63636363636363,97.72727272727273,
135526,Josh Doig,D,,creative_fullback,Creative Fullback,1926.0,Sassuolo,Serie A,34.1,94.3,35.0,16.0,Poor,6,41.52542372881356,33.05084745762712,,74.57627118644068,,,13.559322033898304,37.28813559322034,10.16949152542373,,,,
135749,Félix Correia,M,central,box_to_box_midfielder,Box-to-Box Midfielder (CM / 8),2068.0,Lille,Ligue 1,56.5,95.3,56.2,69.5,Good,7,43.18181818181818,60.60606060606061,,69.6969696969697,21.21212121212121,,34.090909090909086,,92.42424242424242,86.36363636363636,,,
135775,Ansu Fati,F,wide,linking_winger,Linking Forward,1086.0,Monaco,Ligue 1,43.1,88.0,43.9,40.0,Average,5,59.183673469387756,,,,,,,10.204081632653061,5.1020408163265305,100.0,98.9795918367347,,
135883,Ramon Hendriks,D,,positional_cb,Positional Center Back,2033.0,VfB Stuttgart,Bundesliga,57.1,95.1,56.8,72.4,Very Good,6,67.6056338028169,95.30516431924883,16.901408450704224,36.15023474178404,78.40375586854461,35.68075117370893,,,,,,,
136087,Fabiano Parisi,M,wide,six_eight_hybrid,6/8 Hybrid,1527.0,Fiorentina,Serie A,79.6,91.3,77.0,95.7,Elite,6,87.06896551724138,97.41379310344827,,97.41379310344827,18.103448275862068,,93.96551724137932,,,,,98.27586206896551,
136723,Noni Madueke,F,wide,direct_winger,Direct Forward,1226.0,Arsenal,Premier League,44.1,89.1,44.7,44.4,Average,5,,,,,,,56.81818181818182,47.72727272727273,,31.818181818181817,72.72727272727273,6.8181818181818175,
137210,Angelo Stiller,M,central,attacking_midfielder,Attacking Midfielder (AM / 10),2750.0,VfB Stuttgart,Bundesliga,58.5,100.0,58.5,75.8,Very Good,6,58.69565217391305,,,,,,68.47826086956522,67.3913043478261,48.91304347826087,31.521739130434785,94.56521739130434,,
137303,Evann Guessand,F,central,traditional_9,Traditional No. 9,933.0,Crystal Palace,Premier League,31.8,86.9,34.2,20.7,Poor,5,,70.04830917874396,,,,,,8.212560386473431,,8.212560386473431,78.50241545893721,,7.246376811594203
137976,Isak Hien,D,,stopper_cb,Stopper Center Back,1965.0,Atalanta,Serie A,50.1,94.6,50.1,52.3,Average,6,97.6923076923077,7.6923076923076925,65.38461538461539,53.07692307692308,72.3076923076923,35.38461538461539,,,,,,,
138776,Largie Ramazani,F,central,traditional_9,Traditional No. 9,1250.0,Valencia,La Liga,66.3,89.3,64.5,76.0,Very Good,5,,16.425120772946862,,,,,,79.22705314009661,,67.6328502415459,64.97584541062803,,84.05797101449275
138780,Neco Williams,D,,high_intensity_fullback,High-Intensity Fullback,3206.0,Nottingham Forest,Premier League,62.9,100.0,62.9,83.3,Very Good,6,,69.01408450704226,,80.28169014084507,67.6056338028169,,33.80281690140845,66.19718309859155,57.74647887323944,,,,
138787,Anthony Gordon,F,wide,direct_winger,Direct Forward,1817.0,Newcastle,Premier League,57.8,93.5,57.3,68.9,Good,5,,,,,,,50.0,29.545454545454547,,77.27272727272727,59.09090909090909,68.18181818181817,
138816,Ian Maatsen,D,,high_intensity_fullback,High-Intensity Fullback,1615.0,Aston Villa,Premier League,48.0,92.0,48.1,45.8,Average,6,,21.12676056338028,,45.07042253521127,49.29577464788733,,25.352112676056336,90.14084507042254,42.25352112676056,,,,
138835,Folarin Balogun,F,central,traditional_9,Traditional No. 9,2245.0,Monaco,Ligue 1,65.5,96.6,65.0,77.4,Very Good,5,,17.391304347826086,,,,,,54.589371980676326,,83.09178743961353,51.20772946859904,,82.1256038647343
138908,Elliot Anderson,M,central,defensive_midfielder,Defensive Midfielder (DM / 6),3334.0,Nottingham Forest,Premier League,59.5,100.0,59.5,73.5,Very Good,5,45.12820512820513,58.46153846153847,,49.23076923076923,83.58974358974359,,52.820512820512825,,,,,,
138935,Carney Chukwuemeka,F,wide,direct_winger,Direct Forward,939.0,Borussia Dortmund,Bundesliga,32.6,87.0,34.9,13.3,Poor,5,,,,,,,52.27272727272727,6.8181818181818175,,50.0,2.272727272727273,20.454545454545457,
139001,Pablo Ibáñez,M,wide,six_eight_hybrid,6/8 Hybrid,2253.0,Alaves,La Liga,75.5,96.7,74.7,94.0,Excellent,6,90.51724137931035,64.65517241379311,,81.03448275862068,86.20689655172413,,50.43103448275862,,,,,80.17241379310344,
143831,Robin Fellhauer,M,central,box_to_box_midfielder,Box-to-Box Midfielder (CM / 8),2810.0,FC Augsburg,Bundesliga,55.5,100.0,55.5,67.3,Good,7,21.96969696969697,87.12121212121212,,50.75757575757576,55.3030303030303,,66.28787878787878,,41.66666666666667,60.60606060606061,,,
144319,Sambou Soumano,F,central,traditional_9,Traditional No. 9,927.0,Lorient,Ligue 1,51.1,86.9,51.0,51.7,Average,5,,25.120772946859905,,,,,,56.038647342995176,,61.83574879227053,48.06763285024155,,46.85990338164252
144740,Fisayo Dele-Bashiru,M,central,box_to_box_midfielder,Box-to-Box Midfielder (CM / 8),1185.0,Lazio,Serie A,37.9,88.8,39.3,18.0,Poor,7,100.0,21.96969696969697,,3.787878787878788,31.060606060606062,,45.45454545454545,,9.848484848484848,43.93939393939394,,,
146586,Joel Chima Fujita,M,central,box_to_box_midfielder,Box-to-Box Midfielder (CM / 8),2671.0,FC St. Pauli,Bundesliga,63.4,99.8,63.4,89.1,Excellent,7,29.545454545454547,62.878787878787875,,85.60606060606061,80.3030303030303,,90.15151515151516,,70.45454545454545,27.27272727272727,,,
146751,Raúl García de Haro,F,central,traditional_9,Traditional No. 9,1042.0,Osasuna,La Liga,88.7,87.7,84.0,98.1,Elite,5,,91.06280193236715,,,,,,64.25120772946859,,88.88888888888889,93.71980676328504,,93.23671497584542
147831,Arnaud Kalimuendo,F,central,traditional_9,Traditional No. 9,1527.0,Eintracht Frankfurt,Bundesliga,57.4,91.3,56.8,66.1,Good,5,,23.18840579710145,,,,,,96.1352657004831,,51.20772946859904,99.51690821256038,,13.526570048309178
147835,Andrew Omobamidele,D,,positional_cb,Positional Center Back,1375.0,Strasbourg,Ligue 1,68.0,90.2,66.2,88.8,Excellent,6,99.53051643192488,77.46478873239437,27.699530516431924,57.74647887323944,0.9389671361502347,98.12206572769954,,,,,,,
147859,Charles De Ketelaere,F,wide,direct_winger,Direct Forward,2188.0,Atalanta,Serie A,52.3,96.2,52.2,62.2,Good,5,,,,,,,70.45454545454545,97.72727272727273,,18.181818181818183,54.54545454545454,25.0,
148099,Kiernan Dewsbury-Hall,M,wide,six_eight_hybrid,6/8 Hybrid,2635.0,Everton,Premier League,56.9,99.5,56.9,67.1,Good,6,70.6896551724138,71.55172413793103,,21.551724137931032,52.58620689655172,,87.06896551724138,,,,,41.37931034482759,
148448,Arkadiusz Pyrka,M,central,box_to_box_midfielder,Box-to-Box Midfielder (CM / 8),2580.0,FC St. Pauli,Bundesliga,35.3,99.1,35.4,10.5,Poor,7,12.878787878787879,71.21212121212122,,59.84848484848485,26.515151515151516,,38.63636363636363,,22.727272727272727,10.984848484848484,,,
152654,Jeremie Frimpong,D,,creative_fullback,Creative Fullback,1068.0,Liverpool,Premier League,56.0,87.9,55.3,68.9,Good,6,54.23728813559322,16.101694915254235,,15.254237288135593,,,80.9322033898305,84.7457627118644,53.38983050847458,,,,
152669,Darlin Yongwa,D,,high_intensity_fullback,High-Intensity Fullback,1312.0,Lorient,Ligue 1,41.5,89.7,42.4,34.7,Below Average,6,,28.169014084507044,,11.267605633802818,30.985915492957744,,47.88732394366197,73.23943661971832,50.70422535211267,,,,
152849,Micky van de Ven,D,,positional_cb,Positional Center Back,3043.0,Tottenham,Premier League,38.5,100.0,38.5,20.8,Poor,6,66.66666666666666,20.657276995305164,35.2112676056338,10.328638497652582,34.74178403755869,49.29577464788733,,,,,,,
152856,Evanilson,F,central,traditional_9,Traditional No. 9,2759.0,Bournemouth,Premier League,28.5,100.0,28.5,11.1,Poor,5,,42.028985507246375,,,,,,61.83574879227053,,18.84057971014493,7.729468599033816,,47.82608695652174
152967,Calvin Bassey,D,,positional_cb,Positional Center Back,2544.0,Fulham,Premier League,52.4,98.8,52.4,56.5,Good,6,34.74178403755869,66.19718309859155,48.82629107981221,19.248826291079812,98.12206572769952,69.95305164319248,,,,,,,
152982,Cole Palmer,M,wide,eight_ten_hybrid,8/10 Hybrid,1965.0,Chelsea,Premier League,43.0,94.6,43.4,41.1,Average,6,78.37837837837837,,,,,,5.405405405405405,15.315315315315313,7.207207207207207,89.1891891891892,77.02702702702703,,
153430,Anthony Elanga,F,wide,direct_winger,Direct Forward,1338.0,Newcastle,Premier League,8.9,89.9,13.0,2.2,Poor,5,,,,,,,0.0,2.272727272727273,,0.0,11.363636363636363,45.45454545454545,
156465,Issa Soumaré,F,central,traditional_9,Traditional No. 9,2949.0,Le Havre,Ligue 1,40.9,100.0,40.9,33.2,Below Average,5,,100.0,,,,,,47.82608695652174,,28.985507246376812,12.80193236714976,,63.76811594202898
156477,Rayan Cherki,M,wide,eight_ten_hybrid,8/10 Hybrid,1794.0,Manchester City,Premier League,69.2,93.3,67.9,84.8,Very Good,6,83.78378378378379,,,,,,56.30630630630631,95.4954954954955,98.1981981981982,39.63963963963964,16.666666666666664,,
157052,Riccardo Calafiori,D,,stopper_cb,Stopper Center Back,1707.0,Arsenal,Premier League,29.2,92.6,30.7,8.0,Poor,6,42.30769230769231,40.76923076923077,6.153846153846154,6.153846153846154,24.615384615384617,76.92307692307692,,,,,,,
157146,Léo Pétrot,D,,positional_cb,Positional Center Back,1615.0,Elche,La Liga,44.6,92.0,45.0,33.9,Below Average,6,28.169014084507044,53.755868544600936,64.31924882629107,23.004694835680752,96.71361502347418,26.76056338028168,,,,,,,
157912,Boubacar Traoré,M,central,defensive_midfielder,Defensive Midfielder (DM / 6),1391.0,Metz,Ligue 1,54.3,90.3,53.9,64.0,Good,5,60.0,33.84615384615385,,28.717948717948715,88.71794871794872,,89.23076923076924,,,,,,
157988,Sergio Carreira,M,central,defensive_midfielder,Defensive Midfielder (DM / 6),2693.0,Celta Vigo,La Liga,22.7,99.9,22.7,0.5,Poor,5,42.05128205128205,31.28205128205128,,18.461538461538463,1.5384615384615385,,28.717948717948715,,,,,,
157997,Amad Diallo,M,wide,eight_ten_hybrid,8/10 Hybrid,2344.0,Manchester United,Premier League,49.3,97.4,49.3,54.9,Average,6,90.990990990991,,,,,,68.46846846846847,44.14414414414414,31.53153153153153,8.108108108108109,80.18018018018019,,
158054,Nick Woltemade,F,central,traditional_9,Traditional No. 9,2029.0,Newcastle,Premier League,44.0,95.0,44.3,38.0,Below Average,5,,28.019323671497588,,,,,,63.28502415458937,,52.17391304347826,57.971014492753625,,10.628019323671497
158644,Maximilian Beier,F,central,traditional_9,Traditional No. 9,2036.0,Borussia Dortmund,Bundesliga,55.9,95.1,55.6,62.0,Good,5,,29.468599033816425,,,,,,78.74396135265701,,64.25120772946859,63.76811594202898,,33.33333333333333
158694,Valentino Livramento,D,,creative_fullback,Creative Fullback,1328.0,Newcastle,Premier League,47.6,89.8,47.8,46.2,Average,6,87.28813559322035,72.88135593220339,,5.932203389830509,,,48.728813559322035,40.67796610169492,44.06779661016949,,,,
158698,Jarell Quansah,D,,positional_cb,Positional Center Back,2308.0,Bayer Leverkusen,Bundesliga,55.3,97.1,55.1,66.4,Good,6,63.38028169014085,54.929577464788736,20.657276995305164,53.051643192488264,28.638497652582164,96.71361502347418,,,,,,,
161569,Oliver Sørensen,M,central,box_to_box_midfielder,Box-to-Box Midfielder (CM / 8),1835.0,Parma,Serie A,34.3,93.6,35.3,9.8,Poor,7,77.27272727272727,15.151515151515152,,59.09090909090909,3.787878787878788,,17.045454545454543,,32.57575757575758,34.84848484848485,,,
161585,Francisco Conceição,F,wide,direct_winger,Direct Forward,2098.0,Juventus,Serie A,52.4,95.5,52.3,64.4,Good,5,,,,,,,81.81818181818183,52.27272727272727,,22.727272727272727,45.45454545454545,50.0,
161621,Loum Tchaouna,M,wide,eight_ten_hybrid,8/10 Hybrid,1316.0,Burnley,Premier League,19.8,89.7,22.9,3.6,Poor,6,9.90990990990991,,,,,,7.207207207207207,6.306306306306306,11.711711711711711,24.324324324324326,90.54054054054053,,
161622,Matthis Abline,F,central,traditional_9,Traditional No. 9,2497.0,Nantes,Ligue 1,36.7,98.5,36.9,25.0,Below Average,5,,61.83574879227053,,,,,,73.42995169082126,,23.67149758454106,14.975845410628018,,55.55555555555556
161670,Vladyslav Vanat,F,central,traditional_9,Traditional No. 9,1960.0,Girona,La Liga,52.6,94.5,52.4,55.8,Good,5,,13.043478260869565,,,,,,12.560386473429952,,66.66666666666666,99.03381642512076,,9.66183574879227
161671,Ilya Zabarnyi,D,,positional_cb,Positional Center Back,2387.0,Paris Saint Germain,Ligue 1,53.5,97.7,53.4,61.2,Good,6,95.30516431924883,38.967136150234744,12.206572769953052,18.30985915492958,41.31455399061033,87.79342723004694,,,,,,,
161702,Danilo Veiga,D,,high_intensity_fullback,High-Intensity Fullback,3022.0,Lecce,Serie A,40.0,100.0,40.0,23.6,Poor,6,,47.88732394366197,,30.985915492957744,80.28169014084507,,8.450704225352112,30.985915492957744,30.985915492957744,,,,
161747,Guéla Doué,D,,high_intensity_fullback,High-Intensity Fullback,2063.0,Strasbourg,Ligue 1,57.6,95.3,57.2,66.7,Good,6,,46.478873239436616,,66.19718309859155,28.169014084507044,,74.64788732394366,46.478873239436616,97.1830985915493,,,,
161904,Bradley Barcola,F,wide,linking_winger,Linking Forward,1750.0,Paris Saint Germain,Ligue 1,62.3,93.0,61.5,76.0,Very Good,5,73.46938775510205,,,,,,,69.38775510204081,14.285714285714285,89.79591836734694,89.79591836734694,,
161907,Malo Gusto,D,,creative_fullback,Creative Fullback,2267.0,Chelsea,Premier League,74.5,96.8,73.7,95.0,Elite,6,76.27118644067797,64.40677966101694,,85.59322033898306,,,72.88135593220339,74.57627118644068,71.1864406779661,,,,
161922,Ansgar Knauff,F,central,traditional_9,Traditional No. 9,1332.0,Eintracht Frankfurt,Bundesliga,47.2,89.9,47.5,45.7,Average,5,,5.314009661835748,,,,,,78.26086956521739,,32.367149758454104,90.82125603864735,,24.154589371980677
161928,Alejandro Balde,D,,creative_fullback,Creative Fullback,1874.0,Barcelona,La Liga,68.5,93.9,67.3,84.9,Very Good,6,97.45762711864407,88.98305084745762,,0.847457627118644,,,89.83050847457628,77.96610169491525,59.32203389830508,,,,
161933,Nico González,M,central,defensive_midfielder,Defensive Midfielder (DM / 6),1575.0,Manchester City,Premier League,74.4,91.7,72.4,92.6,Excellent,5,92.3076923076923,63.589743589743584,,77.94871794871796,64.1025641025641,,91.02564102564102,,,,,,
161948,Liam Delap,F,central,traditional_9,Traditional No. 9,1139.0,Chelsea,Premier League,21.7,88.4,25.0,5.8,Poor,5,,35.748792270531396,,,,,,1.4492753623188406,,4.3478260869565215,16.425120772946862,,61.83574879227053
161963,Germán Valera,M,wide,six_eight_hybrid,6/8 Hybrid,2874.0,Elche,La Liga,72.6,100.0,72.6,91.5,Excellent,6,95.6896551724138,93.10344827586206,,64.65517241379311,47.41379310344828,,68.96551724137932,,,,,68.96551724137932,
162007,Maxim De Cuyper,D,,creative_fullback,Creative Fullback,1443.0,Brighton,Premier League,65.4,90.7,63.9,81.5,Very Good,6,56.779661016949156,14.40677966101695,,40.67796610169492,,,41.94915254237288,97.45762711864407,93.22033898305084,,,,
162012,Matteo Ruggeri,D,,creative_fullback,Creative Fullback,1775.0,Atletico Madrid,La Liga,61.5,93.1,60.7,75.6,Very Good,6,75.42372881355932,5.084745762711865,,64.40677966101694,,,11.864406779661017,86.4406779661017,83.05084745762711,,,,
162016,Xavi Simons,M,wide,six_eight_hybrid,6/8 Hybrid,1859.0,Tottenham,Premier League,60.5,93.8,59.9,71.8,Very Good,6,75.0,56.03448275862068,,74.13793103448276,42.241379310344826,,50.43103448275862,,,,,72.41379310344827,
162032,Miguel Gutiérrez,M,central,defensive_midfielder,Defensive Midfielder (DM / 6),1490.0,Napoli,Serie A,43.8,91.0,44.3,36.2,Below Average,5,77.43589743589745,67.6923076923077,,3.076923076923077,40.51282051282051,,9.230769230769232,,,,,,
162037,Malik Tillman,F,wide,linking_winger,Linking Forward,1689.0,Bayer Leverkusen,Bundesliga,31.6,92.5,33.0,16.0,Poor,5,75.51020408163265,,,,,,,18.367346938775512,5.1020408163265305,61.224489795918366,28.57142857142857,,
162058,Víctor Chust,D,,stopper_cb,Stopper Center Back,2165.0,Elche,La Liga,42.8,96.0,43.1,32.8,Below Average,6,86.15384615384616,11.538461538461538,69.23076923076923,9.230769230769232,90.0,10.76923076923076,,,,,,,
162123,Ilaix Moriba,M,central,defensive_midfielder,Defensive Midfielder (DM / 6),2495.0,Celta Vigo,La Liga,64.6,98.5,64.4,82.7,Very Good,5,76.41025641025641,73.33333333333333,,27.692307692307693,91.7948717948718,,23.076923076923077,,,,,,
162126,Peque Fernández,M,wide,six_eight_hybrid,6/8 Hybrid,1012.0,Sevilla,La Liga,45.5,87.5,46.0,38.0,Below Average,6,64.65517241379311,89.65517241379311,,0.0,12.068965517241379,,36.206896551724135,,,,,100.0,
162127,Diego López,M,wide,six_eight_hybrid,6/8 Hybrid,1777.0,Valencia,La Liga,26.5,93.2,28.1,10.3,Poor,6,30.17241379310345,27.586206896551722,,35.3448275862069,9.482758620689655,,21.982758620689655,,,,,42.241379310344826,
162141,Koni De Winter,D,,positional_cb,Positional Center Back,1805.0,AC Milan,Serie A,53.5,93.4,53.3,60.7,Good,6,76.05633802816901,49.29577464788733,29.577464788732392,7.042253521126761,69.48356807511738,81.22065727699531,,,,,,,
162175,Jesús Vázquez,D,,high_intensity_fullback,High-Intensity Fullback,970.0,Valencia,La Liga,40.2,87.2,41.5,29.2,Below Average,6,,15.492957746478872,,1.4084507042253522,33.80281690140845,,83.09859154929578,81.69014084507043,14.084507042253522,,,,
162188,Pierre Kalulu,D,,creative_fullback,Creative Fullback,3282.0,Juventus,Serie A,59.9,100.0,59.9,74.8,Very Good,6,88.13559322033898,59.32203389830508,,31.35593220338983,,,17.796610169491526,81.35593220338984,65.2542372881356,,,,
162265,Warmed Omari,D,,positional_cb,Positional Center Back,1607.0,Hamburger SV,Bundesliga,34.2,91.9,35.5,16.4,Poor,6,15.96244131455399,8.92018779342723,55.86854460093896,92.01877934272301,44.60093896713615,11.737089201877936,,,,,,,
162266,Lucas Da Cunha,M,central,attacking_midfielder,Attacking Midfielder (AM / 10),2748.0,Como,Serie A,63.4,100.0,63.4,88.2,Excellent,6,81.52173913043478,,,,,,88.04347826086956,46.73913043478261,33.69565217391305,83.69565217391305,69.02173913043478,,
162267,Adrien Truffert,D,,high_intensity_fullback,High-Intensity Fullback,3380.0,Bournemouth,Premier League,60.6,100.0,60.6,77.8,Very Good,6,,45.07042253521127,,77.46478873239437,71.83098591549296,,42.25352112676056,50.70422535211267,76.05633802816901,,,,
162386,Kristoffer Lund,D,,creative_fullback,Creative Fullback,2289.0,1. FC Köln,Bundesliga,54.2,97.0,54.1,65.5,Good,6,8.47457627118644,83.89830508474576,,66.10169491525424,,,85.59322033898306,46.61016949152542,50.847457627118644,,,,
162409,Konstantinos Koulierakis,D,,stopper_cb,Stopper Center Back,2698.0,VfL Wolfsburg,Bundesliga,39.4,100.0,39.4,17.6,Poor,6,33.84615384615385,44.61538461538462,33.84615384615385,43.07692307692308,13.076923076923078,85.38461538461539,,,,,,,
162414,Aurèle Amenda,D,,positional_cb,Positional Center Back,1685.0,Eintracht Frankfurt,Bundesliga,45.7,92.5,46.0,36.4,Below Average,6,35.2112676056338,73.23943661971832,6.572769953051644,85.44600938967136,8.92018779342723,50.23474178403756,,,,,,,
162434,Alejandro Francés,D,,stopper_cb,Stopper Center Back,1121.0,Girona,La Liga,53.8,88.3,53.4,61.8,Good,6,27.692307692307693,96.15384615384616,28.46153846153846,33.07692307692307,54.61538461538461,52.30769230769231,,,,,,,
162452,Devyne Rensch,M,central,defensive_midfielder,Defensive Midfielder (DM / 6),1196.0,AS Roma,Serie A,60.2,88.9,59.1,73.0,Very Good,5,18.461538461538463,91.7948717948718,,65.12820512820512,56.92307692307692,,61.794871794871796,,,,,,
162465,Melvin Bard,D,,stopper_cb,Stopper Center Back,2531.0,Nice,Ligue 1,41.0,98.7,41.2,22.1,Poor,6,15.384615384615385,34.61538461538461,32.30769230769231,73.84615384615385,46.92307692307692,18.461538461538467,,,,,,,
162466,Sinaly Diomandé,D,,positional_cb,Positional Center Back,2134.0,Auxerre,Ligue 1,40.1,95.8,40.5,24.3,Poor,6,21.5962441314554,48.35680751173709,28.169014084507044,79.81220657276995,62.91079812206573,16.901408450704224,,,,,,,
162480,Eric Martel,M,central,defensive_midfielder,Defensive Midfielder (DM / 6),2564.0,1. FC Köln,Bundesliga,45.7,99.0,45.7,40.3,Average,5,56.41025641025641,51.28205128205128,,62.05128205128205,16.923076923076923,,37.17948717948718,,,,,,
162568,Soumaila Coulibaly,D,,positional_cb,Positional Center Back,1339.0,Stade Brestois 29,Ligue 1,58.4,89.9,57.5,73.4,Very Good,6,62.91079812206573,79.34272300469483,30.046948356807512,37.558685446009385,16.431924882629108,100.0,,,,,,,
162590,Tyler Morton,M,central,attacking_midfielder,Attacking Midfielder (AM / 10),2524.0,Lyon,Ligue 1,39.7,98.7,39.9,20.4,Poor,6,55.434782608695656,,,,,,88.04347826086956,14.130434782608695,10.869565217391305,38.04347826086957,76.63043478260869,,
162686,Antonio Blanco,M,central,defensive_midfielder,Defensive Midfielder (DM / 6),3116.0,Alaves,La Liga,56.5,100.0,56.5,67.3,Good,5,44.1025641025641,7.6923076923076925,,84.1025641025641,80.0,,93.84615384615384,,,,,,
162707,Elye Wahi,F,central,traditional_9,Traditional No. 9,1345.0,Nice,Ligue 1,66.4,90.0,64.8,76.9,Very Good,5,,0.966183574879227,,,,,,41.06280193236715,,74.39613526570048,98.06763285024155,,58.454106280193244
162712,Óscar Mingueza,M,central,attacking_midfielder,Attacking Midfielder (AM / 10),1967.0,Celta Vigo,La Liga,43.8,94.6,44.1,34.4,Below Average,6,31.521739130434785,,,,,,51.08695652173913,45.65217391304348,57.608695652173914,19.565217391304348,60.86956521739131,,
162714,Amadou Onana,M,central,defensive_midfielder,Defensive Midfielder (DM / 6),1776.0,Aston Villa,Premier League,72.6,93.2,71.0,90.8,Excellent,5,69.23076923076923,95.8974358974359,,60.51282051282051,68.2051282051282,,51.28205128205128,,,,,,
162761,Castello Lukeba,D,,positional_cb,Positional Center Back,2177.0,RB Leipzig,Bundesliga,69.9,96.1,69.2,93.5,Excellent,6,61.97183098591549,76.05633802816901,69.01408450704226,72.76995305164318,50.70422535211267,85.91549295774648,,,,,,,
162773,Ransford Yeboah Königsdörffer,F,central,traditional_9,Traditional No. 9,2360.0,Hamburger SV,Bundesliga,29.8,97.5,30.3,14.4,Poor,5,,43.96135265700483,,,,,,34.29951690821256,,17.874396135265698,21.980676328502415,,51.20772946859904
162907,Alessandro Zanoli,M,central,box_to_box_midfielder,Box-to-Box Midfielder (CM / 8),1290.0,Udinese,Serie A,54.0,89.6,53.5,63.2,Good,7,55.3030303030303,89.39393939393939,,17.424242424242426,47.72727272727273,,57.1969696969697,,78.78787878787878,40.15151515151515,,,
162931,Fran Pérez,M,wide,eight_ten_hybrid,8/10 Hybrid,1250.0,Rayo Vallecano,La Liga,32.3,89.3,34.2,11.6,Poor,6,53.153153153153156,,,,,,52.25225225225225,7.207207207207207,14.414414414414415,26.126126126126124,72.52252252252252,,
162952,Mario Gila,D,,positional_cb,Positional Center Back,2482.0,Lazio,Serie A,58.9,98.4,58.8,76.6,Very Good,6,70.4225352112676,90.14084507042254,31.455399061032864,32.3943661971831,84.50704225352112,35.21126760563379,,,,,,,
162964,Robin Hranáč,D,,positional_cb,Positional Center Back,2251.0,1899 Hoffenheim,Bundesliga,32.4,96.7,33.0,7.9,Poor,6,22.065727699530516,36.15023474178404,46.009389671361504,9.859154929577464,21.12676056338028,61.032863849765256,,,,,,,
163004,Esteban Lepaul,F,central,traditional_9,Traditional No. 9,2702.0,Rennes,Ligue 1,72.7,100.0,72.7,90.4,Excellent,5,,35.26570048309179,,,,,,34.78260869565217,,94.20289855072464,71.49758454106279,,74.39613526570048
163022,Patrick Osterhage,M,central,box_to_box_midfielder,Box-to-Box Midfielder (CM / 8),1197.0,SC Freiburg,Bundesliga,44.1,88.9,44.7,27.8,Below Average,7,93.18181818181817,16.666666666666664,,92.42424242424242,9.090909090909092,,32.57575757575758,,9.848484848484848,43.18181818181818,,,
163032,Fabian Rieder,F,wide,linking_winger,Linking Forward,2498.0,FC Augsburg,Bundesliga,28.2,98.5,28.5,10.0,Poor,5,12.244897959183673,,,,,,,44.89795918367347,30.612244897959183,24.489795918367346,10.204081632653061,,
163039,Chrislain Matsima,D,,positional_cb,Positional Center Back,1494.0,FC Augsburg,Bundesliga,63.1,91.1,61.9,84.6,Very Good,6,9.859154929577464,89.2018779342723,92.95774647887323,98.12206572769952,33.80281690140845,71.83098591549296,,,,,,,
163069,Luca Netz,D,,creative_fullback,Creative Fullback,1298.0,Nottingham Forest,Bundesliga,49.9,89.6,49.9,52.9,Average,6,19.491525423728813,23.728813559322035,,21.1864406779661,,,83.47457627118644,52.54237288135594,78.8135593220339,,,,
163189,Malick Thiaw,D,,positional_cb,Positional Center Back,2964.0,Newcastle,Premier League,58.7,100.0,58.7,76.2,Very Good,6,54.929577464788736,81.69014084507043,82.62910798122066,33.33333333333333,57.27699530516433,36.61971830985915,,,,,,,
169297,Andrias Edmundsson,D,,stopper_cb,Stopper Center Back,1320.0,Hellas Verona,Serie A,45.3,89.8,45.8,38.9,Below Average,6,3.076923076923077,13.076923076923078,86.15384615384616,93.07692307692308,33.07692307692307,36.15384615384616,,,,,,,
174565,Hugo Ekitiké,F,central,traditional_9,Traditional No. 9,1810.0,Liverpool,Premier League,58.1,93.4,57.5,67.5,Good,5,,33.33333333333333,,,,,,65.70048309178745,,84.05797101449275,9.66183574879227,,81.64251207729468
174625,Fodé Doucouré,M,central,box_to_box_midfielder,Box-to-Box Midfielder (CM / 8),1242.0,Le Havre,Ligue 1,63.1,89.2,61.7,87.6,Excellent,7,59.84848484848485,77.27272727272727,,32.57575757575758,92.42424242424242,,30.681818181818183,,47.72727272727273,96.21212121212122,,,
174660,Lilian Raolisoa,M,central,box_to_box_midfielder,Box-to-Box Midfielder (CM / 8),1976.0,Angers,Ligue 1,59.4,94.6,58.9,78.2,Very Good,7,15.909090909090908,85.60606060606061,,39.39393939393939,84.0909090909091,,58.333333333333336,,87.12121212121212,54.54545454545454,,,
174703,Théo Le Bris,M,central,box_to_box_midfielder,Box-to-Box Midfielder (CM / 8),1898.0,Lorient,Ligue 1,72.8,94.1,71.5,97.7,Elite,7,92.42424242424242,96.5909090909091,,56.060606060606055,64.39393939393939,,73.10606060606061,,65.9090909090909,59.09090909090909,,,
174708,Yassin Belkhdim,M,central,defensive_midfielder,Defensive Midfielder (DM / 6),2149.0,Angers,Ligue 1,57.4,95.9,57.1,68.9,Good,5,31.28205128205128,51.7948717948718,,83.07692307692308,69.23076923076923,,2.564102564102564,,,,,,
174724,Frank Magri,F,central,traditional_9,Traditional No. 9,1264.0,Toulouse,Ligue 1,46.1,89.4,46.5,44.2,Average,5,,50.24154589371981,,,,,,59.90338164251207,,53.14009661835749,32.367149758454104,,42.028985507246375
174881,Moustapha Mbow,D,,positional_cb,Positional Center Back,2716.0,Paris FC,Ligue 1,72.6,100.0,72.6,96.7,Elite,6,78.87323943661971,69.71830985915493,77.93427230046949,78.40375586854461,88.26291079812206,44.13145539906104,,,,,,,
174915,Josué Casimir,F,central,traditional_9,Traditional No. 9,1532.0,Auxerre,Ligue 1,37.7,91.3,38.8,28.8,Below Average,5,,96.1352657004831,,,,,,16.425120772946862,,2.4154589371980677,95.41062801932367,,8.695652173913043
174918,Loïc Badé,D,,positional_cb,Positional Center Back,1659.0,Bayer Leverkusen,Bundesliga,81.1,92.3,78.7,100.0,Elite,6,85.44600938967136,76.05633802816901,85.44600938967136,64.31924882629107,90.61032863849765,86.3849765258216,,,,,,,
174927,Arouna Sangante,D,,stopper_cb,Stopper Center Back,2333.0,Le Havre,Ligue 1,45.3,97.3,45.4,38.2,Below Average,6,45.38461538461539,43.07692307692308,43.84615384615385,69.23076923076923,16.153846153846153,63.07692307692307,,,,,,,
174937,Yassine Kechta,M,central,box_to_box_midfielder,Box-to-Box Midfielder (CM / 8),1348.0,Le Havre,Ligue 1,49.6,90.0,49.7,54.1,Average,7,49.24242424242424,1.893939393939394,,86.36363636363636,78.03030303030303,,12.878787878787879,,44.696969696969695,72.72727272727273,,,
177665,Anton Stach,M,wide,six_eight_hybrid,6/8 Hybrid,2378.0,Leeds,Premier League,64.7,97.6,64.3,84.2,Very Good,6,37.06896551724138,83.62068965517241,,68.10344827586206,90.51724137931035,,65.94827586206897,,,,,7.758620689655173,
177807,Justin Njinmah,F,central,traditional_9,Traditional No. 9,1955.0,Werder Bremen,Bundesliga,43.9,94.5,44.2,37.3,Below Average,5,,92.7536231884058,,,,,,31.88405797101449,,25.60386473429952,35.26570048309179,,68.11594202898551
177815,Tim Siersleben,D,,stopper_cb,Stopper Center Back,1093.0,1. FC Heidenheim,Bundesliga,46.6,88.1,47.0,42.4,Average,6,19.230769230769234,24.615384615384617,76.15384615384615,86.15384615384616,43.07692307692308,12.307692307692307,,,,,,,
178077,Kevin Schade,M,wide,six_eight_hybrid,6/8 Hybrid,2757.0,Brentford,Premier League,24.3,100.0,24.3,6.0,Poor,6,5.172413793103448,33.62068965517241,,46.55172413793103,21.551724137931032,,4.310344827586207,,,,,25.0,
178106,Marvin Pieringer,F,central,traditional_9,Traditional No. 9,1653.0,1. FC Heidenheim,Bundesliga,28.2,92.2,29.9,13.2,Poor,5,,82.6086956521739,,,,,,46.3768115942029,,24.154589371980677,1.4492753623188406,,32.367149758454104
178709,Yannick Engelhardt,M,central,defensive_midfielder,Defensive Midfielder (DM / 6),2497.0,Borussia Mönchengladbach,Bundesliga,36.2,98.5,36.4,17.1,Poor,5,52.307692307692314,17.435897435897434,,61.02564102564103,13.846153846153847,,53.84615384615385,,,,,,
178749,Lazar Samardžić,F,wide,linking_winger,Linking Forward,1028.0,Atalanta,Serie A,53.5,87.6,53.0,64.0,Good,5,81.63265306122449,,,,,,,93.87755102040816,20.408163265306122,16.3265306122449,36.734693877551024,,
178769,Philipp Treu,D,,creative_fullback,Creative Fullback,2194.0,SC Freiburg,Bundesliga,46.3,96.3,46.4,42.9,Average,6,67.79661016949152,55.932203389830505,,5.084745762711865,,,44.49152542372881,50.847457627118644,51.69491525423729,,,,
178921,Andreas Hountondji,F,central,traditional_9,Traditional No. 9,1084.0,FC St. Pauli,Bundesliga,46.7,88.0,47.1,45.0,Average,5,,0.0,,,,,,10.628019323671497,,47.34299516908212,97.58454106280193,,23.18840579710145
179400,Maxime Estève,D,,positional_cb,Positional Center Back,2937.0,Burnley,Premier League,56.7,100.0,56.7,71.7,Very Good,6,28.638497652582164,90.61032863849765,83.56807511737088,63.38028169014085,58.21596244131455,23.94366197183099,,,,,,,
179843,Lucas Gourna-Douath,M,central,defensive_midfielder,Defensive Midfielder (DM / 6),1275.0,Le Havre,Ligue 1,48.3,89.4,48.5,54.1,Average,5,63.589743589743584,72.3076923076923,,36.41025641025641,26.153846153846157,,37.17948717948718,,,,,,
179955,Javier Rueda,M,central,box_to_box_midfielder,Box-to-Box Midfielder (CM / 8),1410.0,Celta Vigo,La Liga,62.5,90.4,61.3,85.7,Excellent,7,27.27272727272727,55.3030303030303,,93.93939393939394,16.666666666666664,,84.84848484848484,,100.0,71.96969696969697,,,
180317,Conor Bradley,D,,high_intensity_fullback,High-Intensity Fullback,932.0,Liverpool,Premier League,26.0,86.9,29.1,4.2,Poor,6,,4.225352112676056,,76.05633802816901,15.492957746478872,,4.929577464788732,2.8169014084507045,63.38028169014085,,,,
180496,Georges Mikautadze,F,central,traditional_9,Traditional No. 9,2296.0,Villarreal,La Liga,80.5,97.0,79.6,97.6,Elite,5,,80.19323671497585,,,,,,74.39613526570048,,85.02415458937197,74.15458937198068,,83.57487922705315
180560,Hannibal Mejbri,M,wide,six_eight_hybrid,6/8 Hybrid,1253.0,Burnley,Premier League,64.3,89.3,62.8,79.1,Very Good,6,37.93103448275862,58.620689655172406,,41.37931034482759,71.55172413793103,,96.98275862068965,,,,,97.41379310344827,
180731,Lorenz Assignon,D,,high_intensity_fullback,High-Intensity Fullback,1109.0,VfB Stuttgart,Bundesliga,32.1,88.2,34.3,9.7,Poor,6,,19.718309859154928,,43.66197183098591,8.450704225352112,,65.49295774647888,45.07042253521127,14.084507042253522,,,,
180927,Zaid Romero,D,,stopper_cb,Stopper Center Back,1350.0,Getafe,La Liga,60.9,90.0,59.8,77.9,Very Good,6,0.0,80.38461538461539,2.307692307692308,94.61538461538461,62.30769230769231,90.76923076923077,,,,,,,
181259,Abel Bretones,M,central,box_to_box_midfielder,Box-to-Box Midfielder (CM / 8),1658.0,Osasuna,La Liga,60.5,92.3,59.7,80.5,Very Good,7,32.57575757575758,90.15151515151516,,76.51515151515152,52.27272727272727,,68.18181818181817,,71.96969696969697,35.60606060606061,,,
181421,Abdessamad Ezzalzouli,M,wide,six_eight_hybrid,6/8 Hybrid,2255.0,Real Betis,La Liga,64.8,96.7,64.3,84.2,Very Good,6,44.827586206896555,76.72413793103449,,53.44827586206896,75.86206896551724,,55.172413793103445,,,,,86.20689655172413,
181582,José Copete,D,,positional_cb,Positional Center Back,1768.0,Valencia,La Liga,36.8,93.1,37.7,18.5,Poor,6,12.676056338028168,30.046948356807512,59.154929577464785,58.68544600938967,50.23474178403756,32.86384976525821,,,,,,,
181701,Gerard Martín,D,,positional_cb,Positional Center Back,2140.0,Barcelona,La Liga,60.4,95.9,60.0,80.1,Very Good,6,74.17840375586854,91.07981220657277,3.755868544600939,68.07511737089203,86.3849765258216,28.403755868544607,,,,,,,
181734,Josep Chavarría,D,,creative_fullback,Creative Fullback,2681.0,Rayo Vallecano,La Liga,51.1,99.9,51.1,58.0,Good,6,55.932203389830505,40.67796610169492,,68.64406779661016,,,32.20338983050847,60.16949152542372,42.3728813559322,,,,
181797,Bashir Humphreys,D,,creative_fullback,Creative Fullback,1578.0,Burnley,Premier League,28.8,91.7,30.5,8.4,Poor,6,39.83050847457627,15.254237288135593,,26.27118644067797,,,66.52542372881356,21.1864406779661,10.16949152542373,,,,
181806,Nicolò Savona,D,,creative_fullback,Creative Fullback,1026.0,Nottingham Forest,Premier League,20.6,87.6,24.2,2.5,Poor,6,22.033898305084744,18.220338983050848,,3.389830508474576,,,36.440677966101696,29.66101694915254,10.16949152542373,,,,
181908,Jan Uwe Thielmann,M,central,box_to_box_midfielder,Box-to-Box Midfielder (CM / 8),1553.0,1. FC Köln,Bundesliga,44.6,91.5,45.0,29.3,Below Average,7,18.939393939393938,71.96969696969697,,62.878787878787875,8.333333333333332,,24.242424242424242,,37.878787878787875,85.60606060606061,,,
182181,Jesús Areso,D,,creative_fullback,Creative Fullback,1513.0,Athletic Club,La Liga,70.8,91.2,69.0,87.4,Excellent,6,49.152542372881356,94.0677966101695,,73.72881355932203,,,86.4406779661017,88.98305084745762,38.983050847457626,,,,
182201,Tyrick Mitchell,M,central,box_to_box_midfielder,Box-to-Box Midfielder (CM / 8),3253.0,Crystal Palace,Premier League,52.7,100.0,52.7,60.2,Good,7,10.606060606060606,96.5909090909091,,71.21212121212122,96.21212121212122,,29.545454545454547,,36.36363636363637,22.727272727272727,,,
182219,Alex Baena,M,wide,eight_ten_hybrid,8/10 Hybrid,1572.0,Atletico Madrid,La Liga,39.4,91.6,40.3,28.6,Below Average,6,36.93693693693694,,,,,,3.6036036036036037,88.28828828828829,50.45045045045045,17.117117117117118,2.7027027027027026,,
182486,Alberto Reina,M,central,defensive_midfielder,Defensive Midfielder (DM / 6),2487.0,Oviedo,La Liga,23.8,98.4,24.3,2.0,Poor,5,42.56410256410256,28.717948717948715,,10.76923076923077,15.897435897435896,,29.743589743589745,,,,,,
182519,Alberto Moleiro,M,wide,eight_ten_hybrid,8/10 Hybrid,2490.0,Villarreal,La Liga,49.0,98.4,49.0,52.7,Average,6,27.927927927927925,,,,,,64.41441441441441,26.126126126126124,52.25225225225225,77.47747747747748,53.153153153153156,,
182546,Jon Pacheco,D,,positional_cb,Positional Center Back,1734.0,Alaves,La Liga,44.8,92.8,45.2,34.6,Below Average,6,24.413145539906104,67.13615023474179,89.67136150234741,4.225352112676056,95.30516431924883,11.267605633802816,,,,,,,
182592,Jorge Herrando,D,,positional_cb,Positional Center Back,1608.0,Osasuna,La Liga,35.8,91.9,36.9,17.5,Poor,6,18.779342723004692,28.169014084507044,30.985915492957744,58.21596244131455,92.95774647887323,18.30985915492957,,,,,,,
182603,Jon Ander Olasagasti,M,wide,eight_ten_hybrid,8/10 Hybrid,1748.0,Levante,La Liga,41.8,92.9,42.3,36.6,Below Average,6,13.513513513513514,,,,,,60.36036036036037,55.85585585585585,76.57657657657657,2.7027027027027026,46.846846846846844,,
182621,Iker Muñoz,M,central,defensive_midfielder,Defensive Midfielder (DM / 6),953.0,Osasuna,La Liga,22.6,87.1,26.2,3.6,Poor,5,40.51282051282051,1.5384615384615385,,52.56410256410257,2.051282051282051,,10.0,,,,,,
182636,Javi López,D,,high_intensity_fullback,High-Intensity Fullback,1726.0,Oviedo,La Liga,40.5,92.8,41.2,27.1,Below Average,6,,18.30985915492958,,39.436619718309856,39.436619718309856,,38.028169014084504,60.56338028169014,40.845070422535215,,,,
182661,Alvaro Núñez,D,,creative_fullback,Creative Fullback,1984.0,Celta Vigo,La Liga,70.1,94.7,69.1,88.2,Excellent,6,95.76271186440678,71.1864406779661,,38.13559322033898,,,95.76271186440678,69.49152542372882,55.932203389830505,,,,
182674,Jofre Carreras,M,wide,six_eight_hybrid,6/8 Hybrid,921.0,Espanyol,La Liga,35.3,86.8,37.2,22.2,Poor,6,23.275862068965516,51.724137931034484,,45.689655172413794,3.4482758620689653,,23.275862068965516,,,,,81.03448275862068,
182770,Carlos Álvarez,M,wide,six_eight_hybrid,6/8 Hybrid,1908.0,Levante,La Liga,33.2,94.1,34.2,19.2,Poor,6,59.48275862068966,18.103448275862068,,48.275862068965516,6.0344827586206895,,16.379310344827587,,,,,73.27586206896551,
182772,Juanlu Sánchez,M,central,defensive_midfielder,Defensive Midfielder (DM / 6),2002.0,Sevilla,La Liga,47.1,94.8,47.3,47.2,Average,5,25.128205128205128,70.76923076923077,,2.564102564102564,85.64102564102564,,46.666666666666664,,,,,,
183699,Urko González,M,central,defensive_midfielder,Defensive Midfielder (DM / 6),2629.0,Espanyol,La Liga,28.1,99.5,28.2,4.6,Poor,5,11.794871794871794,9.743589743589745,,48.717948717948715,28.205128205128204,,82.05128205128204,,,,,,
183744,Beñat Turrientes,M,central,defensive_midfielder,Defensive Midfielder (DM / 6),1367.0,Real Sociedad,La Liga,48.2,90.1,48.3,52.8,Average,5,58.97435897435898,47.43589743589743,,5.641025641025641,76.92307692307693,,77.43589743589745,,,,,,
183751,Abderrahman Rebbach,M,wide,six_eight_hybrid,6/8 Hybrid,1509.0,Alaves,La Liga,56.7,91.2,56.1,65.0,Good,6,49.137931034482754,31.896551724137932,,82.75862068965517,93.10344827586206,,18.103448275862068,,,,,50.86206896551724,
183799,Nico Williams,M,wide,six_eight_hybrid,6/8 Hybrid,1687.0,Athletic Club,La Liga,26.5,92.5,28.2,11.1,Poor,6,36.206896551724135,22.413793103448278,,16.379310344827587,1.7241379310344827,,60.3448275862069,,,,,38.793103448275865,
183849,Aitor Paredes,D,,positional_cb,Positional Center Back,1629.0,Athletic Club,La Liga,43.9,92.1,44.4,32.0,Below Average,6,32.863849765258216,41.78403755868544,0.0,95.77464788732394,35.68075117370892,62.91079812206573,,,,,,,
184226,Yéremy Pino,F,wide,linking_winger,Linking Forward,2260.0,Crystal Palace,Premier League,38.4,96.7,38.7,24.0,Poor,5,8.16326530612245,,,,,,,79.59183673469387,34.69387755102041,6.122448979591836,24.489795918367346,,
184420,Carlos Romero,D,,high_intensity_fullback,High-Intensity Fullback,3195.0,Espanyol,La Liga,60.3,100.0,60.3,76.4,Very Good,6,,54.929577464788736,,56.33802816901409,70.4225352112676,,83.09859154929578,40.845070422535215,59.154929577464785,,,,
185398,Isaac Romero,F,central,traditional_9,Traditional No. 9,1498.0,Sevilla,La Liga,30.8,91.1,32.5,17.3,Poor,5,,10.628019323671497,,,,,,43.47826086956522,,28.502415458937197,16.908212560386474,,56.038647342995176
187214,Carlos Vicente,M,wide,six_eight_hybrid,6/8 Hybrid,1256.0,Alaves,La Liga,56.7,89.3,56.0,64.1,Good,6,51.724137931034484,88.79310344827587,,34.48275862068966,68.96551724137932,,9.482758620689655,,,,,90.51724137931035,
187318,Marc Aguado,M,central,defensive_midfielder,Defensive Midfielder (DM / 6),2522.0,Elche,La Liga,65.4,98.7,65.2,83.2,Very Good,5,93.84615384615384,80.0,,85.12820512820512,21.53846153846154,,0.0,,,,,,
187987,Ramón Terrats,M,wide,six_eight_hybrid,6/8 Hybrid,1062.0,Espanyol,La Liga,48.1,87.9,48.3,43.6,Average,6,40.51724137931034,15.086206896551724,,87.93103448275862,66.37931034482759,,15.517241379310345,,,,,57.758620689655174,
188319,Kevin Carlos Omoruyi,F,central,traditional_9,Traditional No. 9,901.0,Nice,Ligue 1,20.7,86.7,24.6,4.8,Poor,5,,27.053140096618357,,,,,,2.898550724637681,,0.7246376811594203,56.038647342995176,,17.391304347826086
190485,Samú Costa,M,wide,six_eight_hybrid,6/8 Hybrid,2705.0,Mallorca,La Liga,62.4,100.0,62.4,77.8,Very Good,6,53.44827586206896,75.86206896551724,,78.44827586206897,77.58620689655173,,6.0344827586206895,,,,,70.6896551724138,
190686,Sékou Mara,F,central,traditional_9,Traditional No. 9,1234.0,Auxerre,Ligue 1,36.0,89.1,37.5,26.4,Below Average,5,,69.08212560386472,,,,,,22.705314009661837,,24.637681159420293,40.33816425120773,,40.57971014492754
191160,Jordy Makengo,D,,positional_cb,Positional Center Back,1188.0,SC Freiburg,Bundesliga,49.3,88.8,49.4,48.1,Average,6,7.042253521126761,67.6056338028169,51.64319248826291,63.84976525821596,84.03755868544602,55.39906103286385,,,,,,,
191189,Clement Akpa,D,,positional_cb,Positional Center Back,1949.0,Auxerre,Ligue 1,36.2,94.4,36.9,17.5,Poor,6,1.4084507042253522,88.26291079812206,10.7981220657277,42.72300469483568,67.6056338028169,22.535211267605632,,,,,,,
191240,Marvin Senaya,D,,stopper_cb,Stopper Center Back,1784.0,Auxerre,Ligue 1,70.0,93.2,68.7,94.7,Excellent,6,4.615384615384616,78.46153846153847,63.84615384615384,88.46153846153845,96.92307692307692,33.07692307692308,,,,,,,
191289,Amine Sbai,M,wide,eight_ten_hybrid,8/10 Hybrid,1834.0,Angers,Ligue 1,28.0,93.6,29.4,6.2,Poor,6,3.6036036036036037,,,,,,15.315315315315313,34.234234234234236,8.108108108108109,27.927927927927925,98.1981981981982,,
191740,Sebastian Sebulonsen,D,,creative_fullback,Creative Fullback,2505.0,1. FC Köln,Bundesliga,29.7,98.6,30.0,6.7,Poor,6,11.864406779661017,50.0,,14.40677966101695,,,55.932203389830505,41.52542372881356,10.16949152542373,,,,
192032,Iván Romero,F,central,traditional_9,Traditional No. 9,2287.0,Levante,La Liga,39.3,96.9,39.6,31.2,Below Average,5,,87.43961352657004,,,,,,57.971014492753625,,34.29951690821256,25.36231884057971,,31.88405797101449
193501,Bamo Meïté,D,,stopper_cb,Stopper Center Back,1983.0,Lorient,Ligue 1,26.7,94.7,28.0,3.8,Poor,6,36.92307692307693,36.15384615384615,46.15384615384615,0.7692307692307693,6.923076923076923,55.38461538461538,,,,,,,
193617,Tom Louchet,M,central,box_to_box_midfielder,Box-to-Box Midfielder (CM / 8),1467.0,Nice,Ligue 1,67.2,90.9,65.6,94.0,Excellent,7,43.93939393939394,83.33333333333334,,28.030303030303028,85.60606060606061,,60.22727272727273,,88.63636363636364,87.87878787878788,,,
193952,Johann Lepenant,M,central,defensive_midfielder,Defensive Midfielder (DM / 6),2175.0,Nantes,Ligue 1,48.1,96.1,48.2,51.8,Average,5,9.743589743589745,40.0,,50.256410256410255,92.82051282051282,,8.461538461538462,,,,,,
193953,Lamine Sy,D,,high_intensity_fullback,High-Intensity Fullback,1551.0,Auxerre,Ligue 1,41.3,91.5,42.0,31.9,Below Average,6,,35.2112676056338,,87.32394366197182,59.154929577464785,,7.042253521126761,39.436619718309856,14.084507042253522,,,,
195100,Natan,D,,positional_cb,Positional Center Back,2810.0,Real Betis,La Liga,40.2,100.0,40.2,23.8,Poor,6,38.497652582159624,9.859154929577464,48.35680751173709,69.01408450704226,20.657276995305164,59.624413145539904,,,,,,,
195103,João Gomes,M,central,defensive_midfielder,Defensive Midfielder (DM / 6),2843.0,Wolves,Premier League,55.9,100.0,55.9,65.8,Good,5,45.64102564102564,23.589743589743588,,53.333333333333336,94.35897435897435,,78.97435897435898,,,,,,
195106,Rodrigo Muniz,F,central,traditional_9,Traditional No. 9,997.0,Fulham,Premier League,24.7,87.4,27.9,10.1,Poor,5,,89.3719806763285,,,,,,30.434782608695656,,7.246376811594203,0.0,,50.72463768115942
195512,Martín Satriano,F,central,traditional_9,Traditional No. 9,2307.0,Getafe,La Liga,43.3,97.1,43.5,35.1,Below Average,5,,47.82608695652174,,,,,,53.14009661835749,,43.96135265700483,47.34299516908212,,29.951690821256037
195717,Yerson Mosquera,D,,high_intensity_fullback,High-Intensity Fullback,2142.0,Wolves,Premier League,42.3,95.9,42.6,36.1,Below Average,6,,81.69014084507043,,70.4225352112676,63.38028169014085,,18.30985915492958,9.859154929577464,14.084507042253522,,,,
195923,José Ángel Carmona,D,,high_intensity_fullback,High-Intensity Fullback,2564.0,Sevilla,La Liga,54.5,99.0,54.5,63.9,Good,6,,52.112676056338024,,84.50704225352112,42.25352112676056,,43.66197183098591,42.25352112676056,70.4225352112676,,,,
196156,Igor Thiago,F,central,traditional_9,Traditional No. 9,3284.0,Brentford,Premier League,67.9,100.0,67.9,82.5,Very Good,5,,33.81642512077295,,,,,,23.18840579710145,,88.40579710144928,87.92270531400966,,46.3768115942029
196187,Alidu Seidu,D,,stopper_cb,Stopper Center Back,1185.0,Rennes,Ligue 1,63.4,88.8,61.9,82.4,Very Good,6,95.38461538461539,85.38461538461539,0.7692307692307693,47.69230769230769,92.3076923076923,43.84615384615385,,,,,,,
196855,Jaidon Anthony,M,wide,eight_ten_hybrid,8/10 Hybrid,2743.0,Burnley,Premier League,30.0,100.0,30.0,8.0,Poor,6,31.53153153153153,,,,,,11.711711711711711,18.91891891891892,10.81081081081081,54.054054054054056,63.96396396396396,,
197448,Yan Couto,M,central,box_to_box_midfielder,Box-to-Box Midfielder (CM / 8),1010.0,Borussia Dortmund,Bundesliga,63.4,87.5,61.7,87.6,Excellent,7,67.42424242424242,44.696969696969695,,29.545454545454547,50.0,,85.98484848484848,,86.36363636363636,87.12121212121212,,,
197779,Mohamed Kaba,M,wide,six_eight_hybrid,6/8 Hybrid,1570.0,Nantes,Ligue 1,78.9,91.6,76.5,94.9,Excellent,6,41.37931034482759,84.48275862068965,,93.10344827586206,84.48275862068965,,79.3103448275862,,,,,83.62068965517241,
198654,Daniel Svensson,M,central,box_to_box_midfielder,Box-to-Box Midfielder (CM / 8),2452.0,Borussia Dortmund,Bundesliga,56.3,98.2,56.2,69.5,Good,7,80.3030303030303,65.15151515151516,,47.72727272727273,28.030303030303028,,80.68181818181817,,49.24242424242424,40.909090909090914,,,
199044,Jon Aramburu,D,,high_intensity_fullback,High-Intensity Fullback,2788.0,Real Sociedad,La Liga,52.0,100.0,52.0,55.6,Good,6,,77.46478873239437,,91.54929577464789,92.95774647887323,,38.028169014084504,1.4084507042253522,14.084507042253522,,,,
199143,Yuito Suzuki,M,wide,eight_ten_hybrid,8/10 Hybrid,1636.0,SC Freiburg,Bundesliga,40.8,92.1,41.5,34.8,Below Average,6,19.81981981981982,,,,,,78.82882882882883,29.72972972972973,27.027027027027028,45.04504504504504,54.95495495495496,,
199837,Kamaldeen Sulemana,F,wide,direct_winger,Direct Forward,1008.0,Atalanta,Serie A,38.3,87.5,39.8,24.4,Poor,5,,,,,,,47.72727272727273,15.909090909090908,,45.45454545454545,52.27272727272727,15.909090909090908,
199871,Adam Karabec,M,wide,eight_ten_hybrid,8/10 Hybrid,940.0,Lyon,Ligue 1,49.1,87.0,49.2,53.6,Average,6,33.33333333333333,,,,,,86.03603603603604,72.97297297297297,1.8018018018018018,13.513513513513514,100.0,,
200139,Mohamed Amoura,F,central,traditional_9,Traditional No. 9,1975.0,VfL Wolfsburg,Bundesliga,48.0,94.6,48.1,47.1,Average,5,,37.68115942028986,,,,,,83.09178743961353,,55.072463768115945,6.280193236714976,,75.36231884057972
202501,Fisnik Asllani,F,central,traditional_9,Traditional No. 9,2354.0,1899 Hoffenheim,Bundesliga,55.7,97.4,55.6,62.0,Good,5,,20.77294685990338,,,,,,95.16908212560386,,60.86956521739131,33.33333333333333,,72.46376811594203
202526,Eren Dinkçi,M,central,box_to_box_midfielder,Box-to-Box Midfielder (CM / 8),1399.0,1. FC Heidenheim,Bundesliga,37.7,90.4,38.9,17.3,Poor,7,6.0606060606060606,9.090909090909092,,30.303030303030305,40.15151515151515,,47.72727272727273,,43.18181818181818,89.39393939393939,,,
202636,Louis Oppie,M,central,box_to_box_midfielder,Box-to-Box Midfielder (CM / 8),1616.0,FC St. Pauli,Bundesliga,30.9,92.0,32.4,3.8,Poor,7,38.63636363636363,51.515151515151516,,23.484848484848484,25.0,,24.242424242424242,,9.848484848484848,36.36363636363637,,,
202696,Igor Matanović,F,central,traditional_9,Traditional No. 9,1570.0,SC Freiburg,Bundesliga,71.2,91.6,69.4,84.1,Very Good,5,,68.59903381642512,,,,,,88.88888888888889,,90.33816425120773,40.33816425120773,,68.59903381642512
202736,Paul Nebel,M,wide,six_eight_hybrid,6/8 Hybrid,2081.0,FSV Mainz 05,Bundesliga,38.8,95.4,39.3,28.2,Below Average,6,43.96551724137931,17.24137931034483,,39.6551724137931,76.72413793103449,,32.327586206896555,,,,,6.0344827586206895,
203007,Rocco Reitz,M,central,defensive_midfielder,Defensive Midfielder (DM / 6),2636.0,Borussia Mönchengladbach,Bundesliga,50.2,99.5,50.2,57.4,Good,5,6.153846153846154,42.30769230769231,,92.3076923076923,56.41025641025641,,24.615384615384617,,,,,,
203011,Julian Niehues,M,central,box_to_box_midfielder,Box-to-Box Midfielder (CM / 8),1397.0,1. FC Heidenheim,Bundesliga,67.2,90.3,65.6,94.0,Excellent,7,70.45454545454545,84.0909090909091,,95.45454545454545,10.606060606060606,,90.9090909090909,,9.848484848484848,90.15151515151516,,,
203040,Tim Lemperle,F,central,traditional_9,Traditional No. 9,1959.0,1899 Hoffenheim,Bundesliga,50.5,94.5,50.5,49.3,Average,5,,9.66183574879227,,,,,,86.47342995169082,,57.971014492753625,40.33816425120773,,52.65700483091788
203219,Jamil Siebert,D,,positional_cb,Positional Center Back,1707.0,Lecce,Serie A,27.6,92.6,29.2,4.2,Poor,6,0.0,10.56338028169014,90.61032863849765,20.187793427230048,66.66666666666666,14.55399061032864,,,,,,,
203224,Florian Wirtz,M,wide,eight_ten_hybrid,8/10 Hybrid,2388.0,Liverpool,Premier League,60.5,97.7,60.3,75.0,Very Good,6,68.46846846846847,,,,,,77.47747747747748,78.37837837837837,30.630630630630627,36.93693693693694,70.27027027027027,,
203474,Nicola Zalewski,M,wide,six_eight_hybrid,6/8 Hybrid,1910.0,Atalanta,Serie A,54.3,94.1,54.1,55.6,Good,6,25.0,79.3103448275862,,77.58620689655173,26.72413793103448,,42.241379310344826,,,,,75.0,
204039,Destiny Udogie,D,,creative_fullback,Creative Fullback,1341.0,Tottenham,Premier League,38.5,89.9,39.6,24.4,Poor,6,64.40677966101694,31.35593220338983,,12.711864406779661,,,21.1864406779661,49.152542372881356,41.52542372881356,,,,
204043,Arthur Theate,D,,positional_cb,Positional Center Back,2143.0,Eintracht Frankfurt,Bundesliga,45.3,95.9,45.5,35.0,Below Average,6,58.68544600938967,8.450704225352112,40.845070422535215,75.11737089201877,71.83098591549296,29.10798122065728,,,,,,,
206254,Miloš Kerkez,D,,creative_fullback,Creative Fullback,2301.0,Liverpool,Premier League,57.6,97.0,57.3,70.6,Very Good,6,63.559322033898304,90.67796610169492,,19.491525423728813,,,80.9322033898305,71.1864406779661,30.508474576271187,,,,
215827,Fredrik Oppegård,D,,creative_fullback,Creative Fullback,1269.0,Auxerre,Ligue 1,42.7,89.4,43.5,32.8,Below Average,6,26.27118644067797,57.20338983050848,,55.08474576271186,,,75.42372881355932,45.76271186440678,10.16949152542373,,,,
226803,Sebastian Nanasi,M,central,attacking_midfielder,Attacking Midfielder (AM / 10),1060.0,Strasbourg,Ligue 1,56.3,87.9,55.5,69.9,Good,6,14.130434782608695,,,,,,29.347826086956523,42.391304347826086,53.2608695652174,100.0,92.3913043478261,,
231032,Moritz Jenz,D,,positional_cb,Positional Center Back,1789.0,VfL Wolfsburg,Bundesliga,54.3,93.3,54.0,63.3,Good,6,47.417840375586856,62.91079812206573,83.09859154929578,5.633802816901409,82.15962441314554,55.86854460093897,,,,,,,
236955,Amin Sarr,F,central,traditional_9,Traditional No. 9,1087.0,Hellas Verona,Serie A,23.0,88.1,26.2,8.9,Poor,5,,46.3768115942029,,,,,,86.95652173913044,,0.7246376811594203,28.743961352657006,,11.11111111111111
237066,Rafa Marín,D,,positional_cb,Positional Center Back,1980.0,Villarreal,La Liga,50.8,94.7,50.7,51.6,Average,6,63.84976525821596,58.21596244131455,46.948356807511736,25.821596244131456,85.91549295774648,24.413145539906097,,,,,,,
237087,Ezequiel Fernández,M,central,defensive_midfielder,Defensive Midfielder (DM / 6),1001.0,Bayer Leverkusen,Bundesliga,62.4,87.4,60.9,76.5,Very Good,5,86.15384615384616,39.48717948717949,,47.179487179487175,82.05128205128204,,60.51282051282051,,,,,,
237129,Pape Matar Sarr,M,central,defensive_midfielder,Defensive Midfielder (DM / 6),1398.0,Tottenham,Premier League,37.3,90.4,38.5,23.5,Poor,5,38.46153846153847,3.5897435897435894,,55.38461538461539,45.64102564102564,,68.2051282051282,,,,,,
237819,Kevin,M,wide,six_eight_hybrid,6/8 Hybrid,1037.0,Fulham,Premier League,52.5,87.7,52.2,51.7,Average,6,28.448275862068968,35.3448275862069,,75.0,58.620689655172406,,73.70689655172413,,,,,33.62068965517241,
260898,Nicolai Remberg,M,central,defensive_midfielder,Defensive Midfielder (DM / 6),2880.0,Hamburger SV,Bundesliga,66.2,100.0,66.2,85.7,Excellent,5,81.02564102564102,88.2051282051282,,68.2051282051282,31.538461538461537,,59.48717948717949,,,,,,
263481,Lorenzo Colombo,F,central,traditional_9,Traditional No. 9,2353.0,Genoa,Serie A,39.3,97.4,39.6,31.2,Below Average,5,,22.705314009661837,,,,,,31.40096618357488,,31.40096618357488,44.44444444444444,,58.93719806763285
263482,Nuno Mendes,D,,high_intensity_fullback,High-Intensity Fullback,1251.0,Paris Saint Germain,Ligue 1,60.5,89.3,59.4,72.9,Very Good,6,,73.23943661971832,,28.169014084507044,11.267605633802818,,54.929577464788736,100.0,98.59154929577466,,,,
263538,Yehor Yarmoliuk,M,central,box_to_box_midfielder,Box-to-Box Midfielder (CM / 8),2675.0,Brentford,Premier League,56.9,99.8,56.9,72.2,Very Good,7,83.33333333333334,49.24242424242424,,71.96969696969697,82.57575757575758,,35.60606060606061,,45.45454545454545,26.515151515151516,,,
263699,Alieu Fadera,F,central,traditional_9,Traditional No. 9,980.0,Sassuolo,Serie A,25.8,87.3,28.9,11.8,Poor,5,,76.32850241545893,,,,,,21.73913043478261,,16.425120772946862,40.33816425120773,,0.966183574879227
264122,Nikola Štulić,F,central,traditional_9,Traditional No. 9,1725.0,Lecce,Serie A,24.0,92.8,25.9,8.2,Poor,5,,26.08695652173913,,,,,,65.21739130434783,,22.705314009661837,18.357487922705314,,11.594202898550725
264472,Filippo Terracciano,D,,positional_cb,Positional Center Back,3012.0,Cremonese,Serie A,50.4,100.0,50.4,50.2,Average,6,21.12676056338028,61.97183098591549,44.13145539906103,97.1830985915493,19.248826291079812,64.31924882629107,,,,,,,
264857,Lorenzo Bernasconi,M,central,attacking_midfielder,Attacking Midfielder (AM / 10),1572.0,Atalanta,Serie A,35.8,91.6,37.0,14.0,Poor,6,23.91304347826087,,,,,,56.52173913043478,50.0,54.347826086956516,5.978260869565218,3.804347826086957,,
265363,Tiago Tomás,F,central,traditional_9,Traditional No. 9,1039.0,VfB Stuttgart,Bundesliga,54.6,87.7,54.1,58.7,Good,5,,85.99033816425121,,,,,,54.106280193236714,,69.08212560386472,7.004830917874397,,73.42995169082126
265722,Rafael Obrador,M,central,box_to_box_midfielder,Box-to-Box Midfielder (CM / 8),1123.0,Torino,Serie A,51.1,88.3,50.9,55.6,Good,7,61.36363636363637,24.242424242424242,,65.15151515151516,57.57575757575758,,21.21212121212121,,94.6969696969697,47.72727272727273,,,
265741,Giorgi Gocholeishvili,M,wide,six_eight_hybrid,6/8 Hybrid,957.0,Hamburger SV,Bundesliga,63.2,87.1,61.5,76.9,Very Good,6,34.48275862068966,67.24137931034483,,66.37931034482759,87.06896551724138,,59.05172413793104,,,,,50.0,
265782,David Møller Wolfe,M,central,box_to_box_midfielder,Box-to-Box Midfielder (CM / 8),1061.0,Wolves,Premier League,44.5,87.9,45.2,32.0,Below Average,7,14.393939393939394,91.28787878787878,,26.515151515151516,2.272727272727273,,95.45454545454545,,84.0909090909091,10.984848484848484,,,
265784,André,M,central,defensive_midfielder,Defensive Midfielder (DM / 6),2766.0,Wolves,Premier League,57.6,100.0,57.6,69.9,Good,5,96.41025641025641,28.205128205128204,,34.87179487179487,78.46153846153847,,58.71794871794872,,,,,,
265820,Yasin Ayari,M,central,box_to_box_midfielder,Box-to-Box Midfielder (CM / 8),1941.0,Brighton,Premier League,73.4,94.4,72.1,99.2,Elite,7,91.66666666666666,62.121212121212125,,89.39393939393939,77.27272727272727,,42.04545454545455,,78.03030303030303,75.0,,,
266013,Otávio,D,,stopper_cb,Stopper Center Back,1908.0,Paris FC,Ligue 1,67.3,94.1,66.3,91.6,Excellent,6,74.61538461538461,72.3076923076923,79.23076923076923,52.307692307692314,80.76923076923077,32.30769230769231,,,,,,,
266202,Ilyas Chaira,M,wide,six_eight_hybrid,6/8 Hybrid,2458.0,Oviedo,La Liga,29.1,98.2,29.5,13.2,Poor,6,77.58620689655173,6.0344827586206895,,3.4482758620689653,54.310344827586206,,7.758620689655173,,,,,35.3448275862069,
266813,Warren Bondo,M,central,defensive_midfielder,Defensive Midfielder (DM / 6),1769.0,Cremonese,Serie A,28.2,93.1,29.7,6.6,Poor,5,88.2051282051282,14.358974358974358,,0.0,14.871794871794872,,64.1025641025641,,,,,,
268341,Federico Gatti,D,,positional_cb,Positional Center Back,1100.0,Juventus,Serie A,46.3,88.1,46.8,40.0,Average,6,70.89201877934272,27.230046948356808,17.370892018779344,53.990610328638496,18.779342723004692,70.42253521126761,,,,,,,
269163,Williot Swedberg,F,central,traditional_9,Traditional No. 9,1268.0,Celta Vigo,La Liga,54.6,89.4,54.2,59.1,Good,5,,64.25120772946859,,,,,,29.468599033816425,,52.65700483091788,95.41062801932367,,14.975845410628018
269531,Nnamdi Collins,D,,stopper_cb,Stopper Center Back,1508.0,Eintracht Frankfurt,Bundesliga,62.8,91.2,61.7,81.7,Very Good,6,67.6923076923077,68.46153846153847,0.0,73.07692307692307,98.46153846153847,46.15384615384615,,,,,,,
270139,Jake O'Brien,D,,creative_fullback,Creative Fullback,3131.0,Everton,Premier League,22.5,100.0,22.5,0.8,Poor,6,0.847457627118644,98.30508474576271,,7.627118644067797,,,13.559322033898304,20.33898305084746,21.1864406779661,,,,
270507,Cesare Casadei,M,wide,six_eight_hybrid,6/8 Hybrid,1990.0,Torino,Serie A,46.1,94.7,46.3,39.3,Below Average,6,15.517241379310345,86.20689655172413,,25.0,39.6551724137931,,88.79310344827587,,,,,2.586206896551724,
270508,Lesley Ugochukwu,M,central,box_to_box_midfielder,Box-to-Box Midfielder (CM / 8),2359.0,Burnley,Premier League,64.7,97.5,64.3,92.5,Excellent,7,78.78787878787878,78.03030303030303,,41.66666666666667,68.18181818181817,,80.68181818181817,,23.484848484848484,68.18181818181817,,,
270510,Mathys Tel,M,wide,six_eight_hybrid,6/8 Hybrid,1358.0,Tottenham,Premier League,30.7,90.1,32.6,16.2,Poor,6,38.793103448275865,12.068965517241379,,19.82758620689655,18.96551724137931,,73.70689655172413,,,,,36.206896551724135,
271350,Tarik Muharemović,D,,positional_cb,Positional Center Back,2835.0,Sassuolo,Serie A,60.7,100.0,60.7,81.1,Very Good,6,14.553990610328638,82.62910798122066,80.28169014084507,87.55868544600939,63.38028169014085,60.093896713615024,,,,,,,
271540,Ousmane Camara,D,,positional_cb,Positional Center Back,2719.0,Angers,Ligue 1,60.7,100.0,60.7,81.1,Very Good,6,69.48356807511738,37.08920187793427,61.03286384976526,50.23474178403756,79.81220657276995,74.64788732394366,,,,,,,
271542,Ismael Doukouré,D,,positional_cb,Positional Center Back,2076.0,Strasbourg,Ligue 1,52.7,95.4,52.6,57.7,Good,6,77.46478873239437,40.845070422535215,18.779342723004692,46.478873239436616,12.206572769953052,94.36619718309859,,,,,,,
271580,Martim Neto,M,central,attacking_midfielder,Attacking Midfielder (AM / 10),1353.0,Elche,La Liga,69.1,90.0,67.2,90.3,Excellent,6,52.17391304347826,,,,,,92.3913043478261,63.04347826086957,93.47826086956522,65.21739130434783,25.543478260869566,,
272460,Quentin Merlin,D,,creative_fullback,Creative Fullback,2532.0,Rennes,Ligue 1,73.3,98.8,73.0,93.3,Excellent,6,21.1864406779661,48.30508474576271,,87.28813559322035,,,66.52542372881356,95.76271186440678,91.52542372881356,,,,
273732,Tyrhys Dolan,M,wide,six_eight_hybrid,6/8 Hybrid,2431.0,Espanyol,La Liga,57.8,98.0,57.6,69.2,Good,6,79.3103448275862,54.310344827586206,,50.0,75.0,,37.06896551724138,,,,,44.827586206896555,
274267,Bradley Locko,D,,high_intensity_fullback,High-Intensity Fullback,1302.0,Stade Brestois 29,Ligue 1,54.8,89.6,54.3,62.5,Good,6,,57.74647887323944,,14.084507042253522,94.36619718309859,,57.74647887323944,21.12676056338028,81.69014084507043,,,,
274300,Maghnes Akliouche,F,wide,linking_winger,Linking Forward,2410.0,Monaco,Ligue 1,60.2,97.9,60.0,74.0,Very Good,5,87.75510204081633,,,,,,,40.816326530612244,81.63265306122449,28.57142857142857,67.3469387755102,,
274312,Mohamed Ali Cho,F,central,traditional_9,Traditional No. 9,1789.0,Nice,Ligue 1,37.7,93.3,38.5,28.4,Below Average,5,,21.256038647342994,,,,,,84.54106280193237,,21.73913043478261,65.70048309178745,,15.458937198067632
275651,Ange-Yoan Bonny,F,central,traditional_9,Traditional No. 9,1156.0,Inter,Serie A,52.8,88.6,52.5,56.2,Good,5,,56.52173913043478,,,,,,91.78743961352657,,62.80193236714976,49.033816425120776,,18.84057971014493
275776,Kristjan Asllani,M,central,defensive_midfielder,Defensive Midfielder (DM / 6),1135.0,Torino,Serie A,33.5,88.4,35.4,14.3,Poor,5,31.794871794871792,48.205128205128204,,33.33333333333333,19.48717948717949,,37.17948717948718,,,,,,
276184,Mamadou Sarr,D,,positional_cb,Positional Center Back,1412.0,Chelsea,Ligue 1,32.8,90.5,34.4,12.4,Poor,6,95.77464788732394,6.572769953051644,1.8779342723004695,6.572769953051644,23.004694835680752,26.291079812206576,,,,,,,
276662,Pablo Pagis,F,wide,linking_winger,Linking Forward,1770.0,Lorient,Ligue 1,65.9,93.1,64.8,80.0,Very Good,5,22.448979591836736,,,,,,,87.75510204081633,89.79591836734694,83.6734693877551,8.16326530612245,,
276670,Farès Chaïbi,M,central,attacking_midfielder,Attacking Midfielder (AM / 10),1797.0,Eintracht Frankfurt,Bundesliga,60.9,93.3,60.2,81.7,Very Good,6,4.3478260869565215,,,,,,42.934782608695656,78.26086956521739,97.82608695652173,48.91304347826087,51.08695652173913,,
277003,Neil El Aynaoui,M,central,defensive_midfielder,Defensive Midfielder (DM / 6),996.0,AS Roma,Serie A,48.6,87.4,48.8,55.1,Good,5,85.12820512820512,6.153846153846154,,85.64102564102564,25.128205128205128,,46.666666666666664,,,,,,
277306,Mamadou Sangare,M,central,defensive_midfielder,Defensive Midfielder (DM / 6),2327.0,Lens,Ligue 1,77.4,97.2,76.7,97.2,Elite,5,54.871794871794876,73.84615384615385,,86.15384615384616,93.84615384615384,,60.0,,,,,,
278095,Jonathan Rowe,M,wide,six_eight_hybrid,6/8 Hybrid,1674.0,Bologna,Serie A,52.1,92.4,51.9,50.4,Average,6,60.3448275862069,65.51724137931035,,33.62068965517241,10.344827586206897,,84.48275862068965,,,,,84.48275862068965,
278133,Oscar Bobb,M,wide,six_eight_hybrid,6/8 Hybrid,1050.0,Fulham,Premier League,74.1,87.8,71.2,90.6,Excellent,6,91.37931034482759,82.75862068965517,,73.27586206896551,56.46551724137932,,98.70689655172413,,,,,31.03448275862069,
278370,Diego Gómez,M,central,box_to_box_midfielder,Box-to-Box Midfielder (CM / 8),2137.0,Brighton,Premier League,68.0,95.8,67.2,95.5,Elite,7,39.39393939393939,79.54545454545455,,50.0,100.0,,71.21212121212122,,26.515151515151516,95.45454545454545,,,
278392,Charlie Cresswell,D,,stopper_cb,Stopper Center Back,2533.0,Toulouse,Ligue 1,38.5,98.8,38.7,14.1,Poor,6,44.61538461538462,52.307692307692314,92.3076923076923,19.230769230769234,0.7692307692307693,31.538461538461533,,,,,,,
278453,Albian Hajdari,D,,stopper_cb,Stopper Center Back,2440.0,1899 Hoffenheim,Bundesliga,50.1,98.1,50.1,52.3,Average,6,24.615384615384617,16.923076923076923,78.46153846153847,80.76923076923077,63.84615384615384,26.923076923076934,,,,,,,
279822,Enzo Boyomo,D,,creative_fullback,Creative Fullback,2545.0,Osasuna,La Liga,35.6,98.9,35.7,16.8,Poor,6,72.88135593220339,53.813559322033896,,27.966101694915253,,,30.508474576271187,5.932203389830509,44.91525423728814,,,,
279993,Anton Kade,F,central,traditional_9,Traditional No. 9,1746.0,FC Augsburg,Bundesliga,58.3,92.9,57.7,68.8,Good,5,,77.77777777777779,,,,,,92.27053140096618,,42.7536231884058,62.07729468599034,,54.106280193236714
280074,Nathaniel Brown,D,,creative_fullback,Creative Fullback,2658.0,Eintracht Frankfurt,Bundesliga,66.0,99.7,65.9,84.0,Very Good,6,59.32203389830508,76.27118644067797,,50.847457627118644,,,47.45762711864407,77.11864406779661,77.11864406779661,,,,
280358,Jens Castrop,M,wide,six_eight_hybrid,6/8 Hybrid,1599.0,Borussia Mönchengladbach,Bundesliga,62.3,91.8,61.3,75.2,Very Good,6,16.379310344827587,75.0,,89.65517241379311,99.13793103448276,,25.862068965517242,,,,,31.896551724137932,
280687,Hugo Bueno,M,central,box_to_box_midfielder,Box-to-Box Midfielder (CM / 8),2375.0,Wolves,Premier League,63.7,97.6,63.4,89.1,Excellent,7,56.81818181818182,66.66666666666666,,98.48484848484848,90.9090909090909,,50.0,,50.75757575757576,28.030303030303028,,,
281096,Patrizio Masini,M,central,defensive_midfielder,Defensive Midfielder (DM / 6),1431.0,Genoa,Serie A,64.1,90.6,62.8,80.1,Very Good,5,1.5384615384615385,68.71794871794872,,87.17948717948718,98.97435897435898,,1.5384615384615385,,,,,,
281408,Vitinha,F,central,traditional_9,Traditional No. 9,2254.0,Genoa,Serie A,33.1,96.7,33.7,20.2,Poor,5,,74.39613526570048,,,,,,26.08695652173913,,21.256038647342994,34.78260869565217,,34.54106280193236
281495,Thomas Kristensen,D,,positional_cb,Positional Center Back,2475.0,Udinese,Serie A,25.7,98.3,26.1,2.6,Poor,6,13.615023474178404,29.107981220657276,58.21596244131455,32.863849765258216,16.901408450704224,7.511737089201873,,,,,,,
281826,Alessandro Marcandalli,D,,positional_cb,Positional Center Back,2606.0,Genoa,Serie A,30.3,99.3,30.4,5.1,Poor,6,4.225352112676056,46.009389671361504,7.511737089201878,11.267605633802818,33.33333333333333,92.48826291079813,,,,,,,
282054,Clemens Riedel,D,,positional_cb,Positional Center Back,1402.0,Espanyol,La Liga,33.1,90.4,34.7,14.5,Poor,6,42.72300469483568,18.30985915492958,11.737089201877934,14.084507042253522,91.07981220657277,38.497652582159624,,,,,,,
282549,Junior Mwanga,M,central,defensive_midfielder,Defensive Midfielder (DM / 6),1642.0,Strasbourg,Ligue 1,37.2,92.2,38.2,21.9,Poor,5,55.8974358974359,30.256410256410255,,11.282051282051283,46.666666666666664,,79.48717948717949,,,,,,
282770,Rodrigo Gomes,M,central,box_to_box_midfielder,Box-to-Box Midfielder (CM / 8),978.0,Wolves,Premier League,44.3,87.2,45.1,30.5,Below Average,7,9.848484848484848,29.545454545454547,,57.57575757575758,75.75757575757575,,18.560606060606062,,9.848484848484848,97.72727272727273,,,
283026,Mika Biereth,F,central,traditional_9,Traditional No. 9,1108.0,Monaco,Ligue 1,36.0,88.2,37.7,27.4,Below Average,5,,2.4154589371980677,,,,,,100.0,,15.458937198067632,75.36231884057972,,7.729468599033816
283058,Nicolas Jackson,F,wide,linking_winger,Linking Forward,1037.0,Bayern München,Bundesliga,49.0,87.7,49.1,50.0,Average,5,46.93877551020408,,,,,,,30.612244897959183,18.367346938775512,93.87755102040816,93.87755102040816,,
283668,Arnau Martínez,D,,stopper_cb,Stopper Center Back,2678.0,Girona,La Liga,41.3,99.8,41.3,22.9,Poor,6,39.23076923076923,30.0,19.230769230769234,58.46153846153847,70.76923076923077,11.538461538461547,,,,,,,
284072,Ahmadou Bamba Dieng,F,central,traditional_9,Traditional No. 9,1220.0,Lorient,Ligue 1,82.1,89.0,78.6,96.9,Elite,5,,59.42028985507246,,,,,,42.028985507246375,,97.10144927536231,75.84541062801932,,95.16908212560386
284300,Álvaro Carreras,D,,creative_fullback,Creative Fullback,2340.0,Real Madrid,La Liga,79.4,97.3,78.6,99.2,Elite,6,94.0677966101695,66.94915254237289,,94.0677966101695,,,74.57627118644068,78.8135593220339,67.79661016949152,,,,
284322,Kobbie Mainoo,M,central,defensive_midfielder,Defensive Midfielder (DM / 6),1670.0,Manchester United,Premier League,43.0,92.4,43.6,34.7,Below Average,5,84.1025641025641,14.871794871794872,,46.15384615384615,33.33333333333333,,52.307692307692314,,,,,,
284324,Alejandro Garnacho,M,wide,eight_ten_hybrid,8/10 Hybrid,1283.0,Chelsea,Premier League,45.0,89.5,45.5,43.8,Average,6,86.48648648648648,,,,,,13.513513513513514,66.66666666666666,80.18018018018019,5.405405405405405,1.8018018018018018,,
284428,Omari Hutchinson,M,wide,six_eight_hybrid,6/8 Hybrid,1695.0,Nottingham Forest,Premier League,41.2,92.6,41.8,33.3,Below Average,6,74.13793103448276,12.931034482758621,,51.724137931034484,14.655172413793101,,81.89655172413794,,,,,18.96551724137931,
284446,Freddie Potts,M,central,defensive_midfielder,Defensive Midfielder (DM / 6),1167.0,West Ham,Premier League,55.8,88.6,55.2,64.8,Good,5,26.666666666666668,81.02564102564102,,67.6923076923077,52.820512820512825,,2.051282051282051,,,,,,
284457,Lamare Bogarde,M,central,defensive_midfielder,Defensive Midfielder (DM / 6),1104.0,Aston Villa,Premier League,38.7,88.2,40.0,28.1,Below Average,5,88.71794871794872,37.43589743589744,,0.5128205128205128,45.12820512820513,,3.3333333333333335,,,,,,
284492,Lewis Hall,D,,high_intensity_fullback,High-Intensity Fullback,2179.0,Newcastle,Premier League,53.8,96.1,53.7,60.4,Good,6,,56.33802816901409,,61.97183098591549,35.2112676056338,,73.23943661971832,64.7887323943662,33.80281690140845,,,,
284500,Tim Iroegbunam,M,central,defensive_midfielder,Defensive Midfielder (DM / 6),1505.0,Everton,Premier League,60.8,91.1,59.8,74.7,Very Good,5,18.974358974358974,57.948717948717956,,69.74358974358974,97.94871794871794,,11.025641025641026,,,,,,
284570,Brooke Norton-Cuffy,M,central,box_to_box_midfielder,Box-to-Box Midfielder (CM / 8),2214.0,Genoa,Serie A,53.8,96.4,53.6,63.9,Good,7,60.60606060606061,78.78787878787878,,12.121212121212121,48.484848484848484,,92.42424242424242,,25.0,49.24242424242424,,,
284797,Dango Ouattara,M,wide,six_eight_hybrid,6/8 Hybrid,2279.0,Brentford,Premier League,28.8,96.9,29.5,13.2,Poor,6,0.0,25.862068965517242,,88.79310344827587,5.172413793103448,,6.896551724137931,,,,,37.93103448275862,
285909,Pablo Torre,M,wide,eight_ten_hybrid,8/10 Hybrid,1637.0,Mallorca,La Liga,60.1,92.1,59.3,70.5,Very Good,6,73.87387387387388,,,,,,47.74774774774775,57.65765765765766,65.76576576576578,44.14414414414414,87.38738738738738,,
286084,Sergi Altimira,M,central,defensive_midfielder,Defensive Midfielder (DM / 6),1198.0,Real Betis,La Liga,92.7,88.9,87.9,100.0,Elite,5,95.8974358974359,96.41025641025641,,87.6923076923077,97.43589743589743,,61.794871794871796,,,,,,
286474,Matteo Cancellieri,F,central,traditional_9,Traditional No. 9,1739.0,Lazio,Serie A,41.4,92.9,42.0,34.1,Below Average,5,,93.23671497584542,,,,,,52.65700483091788,,22.22222222222222,46.13526570048309,,37.68115942028986
286601,Omar El Hilali,D,,stopper_cb,Stopper Center Back,2828.0,Espanyol,La Liga,39.3,100.0,39.3,16.8,Poor,6,16.153846153846153,27.692307692307693,26.923076923076923,44.61538461538462,77.6923076923077,22.307692307692307,,,,,,,
286639,Bryan Zaragoza,F,wide,direct_winger,Direct Forward,1270.0,AS Roma,La Liga,35.9,89.4,37.4,20.0,Poor,5,,,,,,,31.818181818181817,45.45454545454545,,4.545454545454546,84.0909090909091,38.63636363636363,
286710,Derry Scherhant,M,wide,six_eight_hybrid,6/8 Hybrid,1308.0,SC Freiburg,Bundesliga,28.0,89.7,30.3,15.4,Poor,6,20.689655172413794,8.620689655172415,,31.896551724137932,27.586206896551722,,24.568965517241377,,,,,75.86206896551724,
287564,Martin Vitík,D,,stopper_cb,Stopper Center Back,1324.0,Bologna,Serie A,44.6,89.8,45.2,37.4,Below Average,6,70.0,33.07692307692307,25.384615384615383,2.307692307692308,85.38461538461539,80.0,,,,,,,
287654,Jon Gorrotxategi,M,central,defensive_midfielder,Defensive Midfielder (DM / 6),2215.0,Real Sociedad,La Liga,46.6,96.4,46.7,43.1,Average,5,62.56410256410256,18.974358974358974,,73.84615384615385,30.256410256410255,,66.92307692307692,,,,,,
287916,Rav van den Berg,D,,positional_cb,Positional Center Back,1138.0,1. FC Köln,Bundesliga,57.6,88.4,56.7,71.7,Very Good,6,93.42723004694837,17.370892018779344,75.11737089201877,57.27699530516433,30.046948356807512,52.582159624413144,,,,,,,
288006,Rasmus Højlund,F,central,traditional_9,Traditional No. 9,2761.0,Napoli,Serie A,51.0,100.0,51.0,51.7,Average,5,,14.492753623188406,,,,,,71.98067632850241,,63.28502415458937,58.454106280193244,,28.019323671497588
288102,Adam Wharton,M,central,defensive_midfielder,Defensive Midfielder (DM / 6),2562.0,Crystal Palace,Premier League,31.5,99.0,31.7,8.7,Poor,5,8.205128205128204,12.82051282051282,,29.230769230769234,68.71794871794872,,42.82051282051282,,,,,,
288206,Leopold Querfeld,D,,stopper_cb,Stopper Center Back,2704.0,Union Berlin,Bundesliga,47.8,100.0,47.8,44.3,Average,6,13.076923076923078,69.23076923076923,76.92307692307693,30.0,29.230769230769234,57.69230769230769,,,,,,,
288699,Máximo Perrone,M,central,attacking_midfielder,Attacking Midfielder (AM / 10),2749.0,Como,Serie A,46.5,100.0,46.5,38.7,Below Average,6,86.95652173913044,,,,,,56.52173913043478,17.391304347826086,32.608695652173914,46.73913043478261,90.76086956521739,,
289555,Louis Mouton,M,central,box_to_box_midfielder,Box-to-Box Midfielder (CM / 8),1911.0,Angers,Ligue 1,37.1,94.2,37.9,13.9,Poor,7,20.454545454545457,19.696969696969695,,35.60606060606061,62.878787878787875,,32.57575757575758,,28.030303030303028,57.57575757575758,,,
289761,Giorgio Scalvini,D,,stopper_cb,Stopper Center Back,1817.0,Atalanta,Serie A,54.6,93.5,54.3,65.6,Good,6,69.23076923076923,23.076923076923077,46.92307692307692,97.6923076923077,74.61538461538461,3.8461538461538396,,,,,,,
290106,Pablo Marín,M,wide,six_eight_hybrid,6/8 Hybrid,1511.0,Real Sociedad,La Liga,25.7,91.2,27.9,9.4,Poor,6,47.41379310344828,6.896551724137931,,30.17241379310345,11.206896551724139,,43.53448275862069,,,,,24.137931034482758,
291589,Kialonda Gaspar,D,,positional_cb,Positional Center Back,1830.0,Lecce,Serie A,42.8,93.6,43.3,28.7,Below Average,6,6.572769953051644,64.7887323943662,85.91549295774648,23.474178403755868,32.3943661971831,57.27699530516432,,,,,,,
291964,Arda Güler,M,wide,eight_ten_hybrid,8/10 Hybrid,2026.0,Real Madrid,La Liga,80.9,95.0,79.3,97.3,Elite,6,99.09909909909909,,,,,,97.2972972972973,96.3963963963964,91.8918918918919,36.03603603603604,63.06306306306306,,
292172,Mateo Pellegrino,F,central,traditional_9,Traditional No. 9,2991.0,Parma,Serie A,30.1,100.0,30.1,13.9,Poor,5,,60.38647342995169,,,,,,24.637681159420293,,32.850241545893724,13.526570048309178,,33.81642512077295
295026,Martin Baturina,M,wide,eight_ten_hybrid,8/10 Hybrid,1591.0,Como,Serie A,74.6,91.8,72.6,92.0,Excellent,6,90.09009009009009,,,,,,72.07207207207207,99.09909909909909,48.64864864864865,75.67567567567568,30.630630630630627,,
295223,Abdel Rahim,D,,creative_fullback,Creative Fullback,1726.0,Oviedo,La Liga,54.5,92.8,54.2,66.4,Good,6,29.66101694915254,100.0,,99.15254237288136,,,56.779661016949156,58.47457627118644,10.16949152542373,,,,
295793,Marc Pubill,D,,positional_cb,Positional Center Back,1382.0,Atletico Madrid,La Liga,73.5,90.2,71.2,94.9,Excellent,6,37.08920187793427,99.06103286384976,79.81220657276995,78.87323943661971,82.62910798122066,82.15962441314554,,,,,,,
296560,Jackson Tchatchoua,M,central,box_to_box_midfielder,Box-to-Box Midfielder (CM / 8),1855.0,Wolves,Premier League,38.0,93.7,38.8,16.2,Poor,7,28.78787878787879,75.0,,52.27272727272727,29.545454545454547,,35.60606060606061,,31.818181818181817,10.984848484848484,,,
297311,Kike Salas,D,,stopper_cb,Stopper Center Back,2208.0,Sevilla,La Liga,69.8,96.4,69.1,95.4,Elite,6,14.615384615384617,91.53846153846153,66.15384615384615,75.38461538461539,82.3076923076923,40.0,,,,,,,
301771,Simon Adingra,M,wide,six_eight_hybrid,6/8 Hybrid,1533.0,Monaco,Ligue 1,16.4,91.4,19.3,1.7,Poor,6,31.896551724137932,0.0,,27.586206896551722,19.82758620689655,,13.36206896551724,,,,,0.8620689655172413,
302069,Samuele Angori,M,central,defensive_midfielder,Defensive Midfielder (DM / 6),2604.0,Pisa,Serie A,32.7,99.3,32.9,11.0,Poor,5,0.5128205128205128,93.33333333333333,,14.358974358974358,15.384615384615385,,37.17948717948718,,,,,,
302632,William Mikelbrencis,M,central,box_to_box_midfielder,Box-to-Box Midfielder (CM / 8),1404.0,Hamburger SV,Bundesliga,37.3,90.4,38.5,15.0,Poor,7,8.333333333333332,28.030303030303028,,6.0606060606060606,79.54545454545455,,51.515151515151516,,96.21212121212122,10.984848484848484,,,
302868,Daouda Guindo,D,,stopper_cb,Stopper Center Back,1700.0,Stade Brestois 29,Ligue 1,40.7,92.6,41.4,23.7,Poor,6,8.461538461538462,31.538461538461537,15.384615384615385,83.84615384615385,47.69230769230769,33.846153846153854,,,,,,,
303362,Rafik Belghali,M,central,box_to_box_midfielder,Box-to-Box Midfielder (CM / 8),1926.0,Hellas Verona,Serie A,41.7,94.3,42.1,22.6,Poor,7,31.060606060606062,27.27272727272727,,60.60606060606061,6.8181818181818175,,89.39393939393939,,9.848484848484848,56.060606060606055,,,
304427,Ali Youssef,D,,positional_cb,Positional Center Back,968.0,Nantes,Ligue 1,46.2,87.2,46.7,39.0,Below Average,6,5.164319248826291,97.1830985915493,13.615023474178404,98.59154929577466,23.474178403755868,42.25352112676056,,,,,,,
304686,Arthur Chaves,D,,stopper_cb,Stopper Center Back,1068.0,FC Augsburg,Bundesliga,37.7,87.9,39.2,16.0,Poor,6,20.76923076923077,20.76923076923077,84.61538461538461,20.76923076923077,67.6923076923077,0.7692307692307736,,,,,,,
304853,Alex Scott,M,central,defensive_midfielder,Defensive Midfielder (DM / 6),2859.0,Bournemouth,Premier League,48.3,100.0,48.3,52.8,Average,5,36.41025641025641,65.8974358974359,,52.56410256410257,33.84615384615385,,57.948717948717956,,,,,,
305730,Jack Hinshelwood,M,central,box_to_box_midfielder,Box-to-Box Midfielder (CM / 8),1750.0,Brighton,Premier League,39.5,93.0,40.2,20.3,Poor,7,74.24242424242425,4.545454545454546,,5.303030303030303,6.0606060606060606,,24.242424242424242,,82.57575757575758,93.93939393939394,,,
305834,Andrey Santos,M,central,defensive_midfielder,Defensive Midfielder (DM / 6),1280.0,Chelsea,Premier League,79.9,89.5,76.7,97.2,Elite,5,91.7948717948718,91.28205128205128,,76.41025641025641,75.8974358974359,,12.307692307692308,,,,,,
307123,Nico O'Reilly,D,,high_intensity_fullback,High-Intensity Fullback,2648.0,Manchester City,Premier League,33.5,99.6,33.6,8.3,Poor,6,,9.859154929577464,,7.042253521126761,43.66197183098591,,22.535211267605636,43.66197183098591,67.6056338028169,,,,
307835,Lucas Beraldo,D,,stopper_cb,Stopper Center Back,1570.0,Paris Saint Germain,Ligue 1,33.8,91.6,35.2,9.9,Poor,6,100.0,14.615384615384617,23.076923076923077,32.30769230769231,33.84615384615385,34.61538461538461,,,,,,,
307929,Tomoya Ando,D,,stopper_cb,Stopper Center Back,1261.0,FC St. Pauli,Bundesliga,59.8,89.3,58.7,75.6,Very Good,6,46.15384615384615,99.23076923076923,42.30769230769231,24.615384615384617,80.0,30.769230769230774,,,,,,,
308836,Mandela Keita,M,central,defensive_midfielder,Defensive Midfielder (DM / 6),2999.0,Parma,Serie A,72.8,100.0,72.8,93.4,Excellent,5,76.92307692307693,92.3076923076923,,70.25641025641025,51.28205128205128,,80.0,,,,,,
309388,Matteo Prati,M,central,box_to_box_midfielder,Box-to-Box Midfielder (CM / 8),1889.0,Torino,Serie A,58.8,94.0,58.3,77.4,Very Good,7,50.0,75.75757575757575,,74.24242424242425,59.84848484848485,,80.68181818181817,,28.78787878787879,32.57575757575758,,,
311067,Santiago Castro,F,central,traditional_9,Traditional No. 9,2365.0,Bologna,Serie A,37.1,97.5,37.5,26.4,Below Average,5,,67.14975845410628,,,,,,70.53140096618358,,30.917874396135264,11.594202898550725,,48.309178743961354
311071,Nicolás Valentini,D,,stopper_cb,Stopper Center Back,1406.0,Hellas Verona,Serie A,39.0,90.4,40.1,19.1,Poor,6,1.5384615384615385,43.84615384615385,82.3076923076923,16.923076923076923,50.76923076923077,20.0,,,,,,,
311083,Cher Ndour,M,central,box_to_box_midfielder,Box-to-Box Midfielder (CM / 8),1885.0,Fiorentina,Serie A,46.6,94.0,46.8,39.8,Below Average,7,76.51515151515152,52.27272727272727,,36.36363636363637,45.45454545454545,,17.045454545454543,,9.848484848484848,76.51515151515152,,,
311773,Santiago Mouriño,D,,high_intensity_fullback,High-Intensity Fullback,2384.0,Villarreal,La Liga,60.4,97.7,60.1,75.0,Very Good,6,,76.05633802816901,,57.74647887323944,100.0,,83.09859154929578,0.0,52.112676056338024,,,,
312615,Giovane,F,wide,direct_winger,Direct Forward,1883.0,Napoli,Serie A,40.6,93.9,41.1,28.9,Below Average,5,,,,,,,38.63636363636363,40.909090909090914,,27.27272727272727,97.72727272727273,9.090909090909092,
312840,Ernest Poku,F,wide,linking_winger,Linking Forward,1484.0,Bayer Leverkusen,Bundesliga,65.2,91.0,63.8,78.0,Very Good,5,65.3061224489796,,,,,,,51.02040816326531,95.91836734693877,59.183673469387756,47.95918367346938,,
312964,Nathan Ngoy,D,,positional_cb,Positional Center Back,2412.0,Lille,Ligue 1,50.6,97.9,50.6,50.9,Average,6,76.52582159624414,42.72300469483568,15.96244131455399,81.69014084507043,44.13145539906103,25.821596244131456,,,,,,,
312990,Roberto Fernández,F,central,traditional_9,Traditional No. 9,2387.0,Espanyol,La Liga,32.8,97.7,33.2,19.2,Poor,5,,16.908212560386474,,,,,,25.60386473429952,,30.434782608695656,40.33816425120773,,39.130434782608695
313025,Hugo Rincón,D,,high_intensity_fullback,High-Intensity Fullback,1758.0,Girona,La Liga,43.5,93.0,43.9,38.9,Below Average,6,,91.54929577464789,,0.0,50.70422535211267,,70.4225352112676,15.492957746478872,39.436619718309856,,,,
313059,Mateo Joseph,F,central,traditional_9,Traditional No. 9,1710.0,Mallorca,La Liga,25.7,92.7,27.5,9.6,Poor,5,,44.927536231884055,,,,,,27.053140096618357,,9.178743961352657,40.33816425120773,,26.08695652173913
313651,Hugo Sotelo,M,central,attacking_midfielder,Attacking Midfielder (AM / 10),1342.0,Celta Vigo,La Liga,46.2,89.9,46.6,40.3,Average,6,92.3913043478261,,,,,,42.934782608695656,64.13043478260869,35.869565217391305,5.978260869565218,60.86956521739131,,
313937,Antoine Mendy,D,,stopper_cb,Stopper Center Back,2278.0,Nice,Ligue 1,48.9,96.9,48.9,48.9,Average,6,37.69230769230769,65.76923076923077,70.76923076923077,4.615384615384616,78.46153846153847,14.615384615384613,,,,,,,
314511,Antonio Nusa,F,wide,direct_winger,Direct Forward,2035.0,RB Leipzig,Bundesliga,59.0,95.1,58.5,71.1,Very Good,5,,,,,,,79.54545454545455,36.36363636363637,,40.909090909090914,34.090909090909086,95.45454545454545,
315249,Nicolò Bertola,D,,creative_fullback,Creative Fullback,1780.0,Udinese,Serie A,38.3,93.2,39.1,23.5,Poor,6,20.33898305084746,77.11864406779661,,81.35593220338984,,,15.254237288135593,24.576271186440678,34.74576271186441,,,,
315699,Javier Guerra,M,central,box_to_box_midfielder,Box-to-Box Midfielder (CM / 8),2086.0,Valencia,La Liga,56.7,95.5,56.4,70.7,Very Good,7,65.15151515151516,12.878787878787879,,78.78787878787878,18.181818181818183,,54.54545454545454,,96.96969696969697,84.0909090909091,,,
316517,Alan Matturro,D,,creative_fullback,Creative Fullback,957.0,Levante,La Liga,34.4,87.1,36.4,19.3,Poor,6,44.91525423728814,97.45762711864407,,22.45762711864407,,,2.11864406779661,10.16949152542373,58.47457627118644,,,,
319572,Valentín Barco,M,wide,six_eight_hybrid,6/8 Hybrid,2170.0,Strasbourg,Ligue 1,71.2,96.1,70.4,88.9,Excellent,6,94.82758620689656,93.96551724137932,,42.672413793103445,81.03448275862068,,37.93103448275862,,,,,77.58620689655173,
320517,Pablo Durán,F,central,traditional_9,Traditional No. 9,1432.0,Celta Vigo,La Liga,35.4,90.6,36.8,24.5,Poor,5,,32.367149758454104,,,,,,20.28985507246377,,12.077294685990339,78.50241545893721,,31.40096618357488
321648,Emersonn,F,central,traditional_9,Traditional No. 9,1504.0,Toulouse,Ligue 1,53.6,91.1,53.2,57.7,Good,5,,34.29951690821256,,,,,,72.46376811594203,,54.106280193236714,26.570048309178745,,86.47342995169082
321744,Adam Obert,D,,stopper_cb,Stopper Center Back,2788.0,Cagliari,Serie A,44.8,100.0,44.8,36.3,Below Average,6,20.0,17.692307692307693,44.61538461538462,56.15384615384615,68.46153846153847,67.6923076923077,,,,,,,
322630,Giovanni Fabbian,M,wide,six_eight_hybrid,6/8 Hybrid,1174.0,Fiorentina,Serie A,36.3,88.7,37.8,23.1,Poor,6,54.310344827586206,53.44827586206896,,26.72413793103448,4.310344827586207,,32.327586206896555,,,,,63.793103448275865,
322865,Karim Dermane,F,wide,direct_winger,Direct Forward,1363.0,Lorient,Ligue 1,32.6,90.1,34.3,11.1,Poor,5,,,,,,,59.09090909090909,9.090909090909092,,2.272727272727273,0.0,86.36363636363636,
322984,Samson Baidoo,D,,positional_cb,Positional Center Back,1832.0,Lens,Ligue 1,56.7,93.6,56.3,70.6,Very Good,6,87.79342723004694,14.084507042253522,93.89671361502347,61.502347417840376,84.97652582159625,0.9389671361502394,,,,,,,
323625,Kévin Danois,M,central,defensive_midfielder,Defensive Midfielder (DM / 6),2835.0,Auxerre,Ligue 1,45.6,100.0,45.6,39.8,Below Average,5,41.02564102564102,7.179487179487179,,59.48717948717949,69.74358974358974,,65.12820512820512,,,,,,
323935,Giuliano Simeone,M,wide,six_eight_hybrid,6/8 Hybrid,2109.0,Atletico Madrid,La Liga,61.6,95.6,61.1,74.4,Very Good,6,67.24137931034483,62.06896551724138,,72.41379310344827,60.3448275862069,,53.44827586206896,,,,,45.689655172413794,
323936,Matías Soulé,F,wide,direct_winger,Direct Forward,2167.0,AS Roma,Serie A,43.0,96.1,43.2,35.6,Below Average,5,,,,,,,18.181818181818183,61.36363636363637,,61.36363636363637,38.63636363636363,47.72727272727273,
323951,Aaron Zehnter,D,,creative_fullback,Creative Fullback,1465.0,VfL Wolfsburg,Bundesliga,48.3,90.9,48.5,47.9,Average,6,6.779661016949152,26.27118644067797,,77.96610169491525,,,97.45762711864407,65.2542372881356,10.16949152542373,,,,
324019,Daniel Elfadli,D,,positional_cb,Positional Center Back,1266.0,Hamburger SV,Bundesliga,54.1,89.4,53.7,62.1,Good,6,93.89671361502347,7.511737089201878,34.27230046948357,86.85446009389672,80.75117370892019,19.24882629107981,,,,,,,
324957,Tom Alexander Rothe,D,,high_intensity_fullback,High-Intensity Fullback,1039.0,Union Berlin,Bundesliga,30.9,87.7,33.2,6.9,Poor,6,,5.633802816901409,,98.59154929577466,7.042253521126761,,4.929577464788732,54.929577464788736,14.084507042253522,,,,
325975,Tom Bischof,D,,creative_fullback,Creative Fullback,1320.0,Bayern München,Bundesliga,83.7,89.8,80.3,100.0,Elite,6,99.15254237288136,61.016949152542374,,66.94915254237289,,,66.52542372881356,94.91525423728814,94.91525423728814,,,,
326068,Kamory Doumbia,M,wide,six_eight_hybrid,6/8 Hybrid,1765.0,Stade Brestois 29,Ligue 1,56.2,93.1,55.7,63.2,Good,6,69.82758620689656,26.72413793103448,,90.51724137931035,98.27586206896551,,10.344827586206897,,,,,10.344827586206897,
326073,Remy Labeau Lascary,M,wide,six_eight_hybrid,6/8 Hybrid,1195.0,Stade Brestois 29,Ligue 1,24.7,88.9,27.6,8.1,Poor,6,62.06896551724138,2.586206896551724,,24.137931034482758,17.24137931034483,,29.310344827586203,,,,,22.413793103448278,
326102,Rômulo,F,central,traditional_9,Traditional No. 9,2204.0,RB Leipzig,Bundesliga,56.0,96.3,55.8,63.2,Good,5,,46.85990338164252,,,,,,69.08212560386472,,57.48792270531401,40.33816425120773,,71.01449275362319
326176,Soungoutou Magassa,M,central,defensive_midfielder,Defensive Midfielder (DM / 6),998.0,West Ham,Premier League,70.6,87.4,68.0,89.3,Excellent,5,14.358974358974358,74.87179487179488,,84.61538461538461,95.8974358974359,,77.43589743589745,,,,,,
326757,Jobe Bellingham,M,central,defensive_midfielder,Defensive Midfielder (DM / 6),1800.0,Borussia Dortmund,Bundesliga,68.3,93.3,67.1,87.8,Excellent,5,69.74358974358974,65.12820512820512,,95.8974358974359,50.256410256410255,,31.025641025641026,,,,,,
327631,Habib Diarra,M,wide,eight_ten_hybrid,8/10 Hybrid,1407.0,Sunderland,Premier League,17.9,90.4,21.0,1.8,Poor,6,45.04504504504504,,,,,,2.7027027027027026,0.0,37.83783783783784,21.62162162162162,7.207207207207207,,
327646,Lukas Ullrich,D,,creative_fullback,Creative Fullback,1315.0,Borussia Mönchengladbach,Bundesliga,45.0,89.7,45.5,39.5,Below Average,6,17.796610169491526,44.91525423728814,,92.37288135593221,,,40.25423728813559,63.559322033898304,10.16949152542373,,,,
327831,Aljoscha Kemlein,M,central,defensive_midfielder,Defensive Midfielder (DM / 6),1967.0,Union Berlin,Bundesliga,24.8,94.6,26.2,3.6,Poor,5,5.128205128205128,38.46153846153847,,12.82051282051282,25.64102564102564,,91.7948717948718,,,,,,
327897,Arijon Ibrahimović,M,wide,eight_ten_hybrid,8/10 Hybrid,2181.0,1. FC Heidenheim,Bundesliga,43.3,96.2,43.6,42.0,Average,6,2.7027027027027026,,,,,,43.24324324324324,80.18018018018019,46.846846846846844,9.90990990990991,73.87387387387388,,
328033,Aleksandar Pavlović,M,central,attacking_midfielder,Attacking Midfielder (AM / 10),1460.0,Bayern München,Bundesliga,48.3,90.8,48.5,45.7,Average,6,100.0,,,,,,42.934782608695656,25.0,6.521739130434782,79.34782608695652,84.78260869565217,,
328046,Ismael Koné,M,central,defensive_midfielder,Defensive Midfielder (DM / 6),2756.0,Sassuolo,Serie A,38.9,100.0,38.9,25.0,Below Average,5,96.92307692307692,63.07692307692307,,1.0256410256410255,0.5128205128205128,,68.2051282051282,,,,,,
328089,Archie Gray,M,central,box_to_box_midfielder,Box-to-Box Midfielder (CM / 8),1500.0,Tottenham,Premier League,51.2,91.1,51.1,56.4,Good,7,78.03030303030303,1.893939393939394,,77.27272727272727,0.7575757575757576,,62.878787878787875,,75.0,70.45454545454545,,,
328105,Lewis Miley,M,central,defensive_midfielder,Defensive Midfielder (DM / 6),1494.0,Newcastle,Premier League,67.5,91.1,65.9,84.2,Very Good,5,87.17948717948718,98.46153846153847,,58.97435897435898,23.076923076923077,,98.71794871794873,,,,,,
328225,Brajan Gruda,M,wide,eight_ten_hybrid,8/10 Hybrid,1495.0,RB Leipzig,Bundesliga,56.7,91.1,56.1,68.8,Good,6,23.423423423423422,,,,,,51.35135135135135,63.96396396396396,71.17117117117117,49.549549549549546,89.1891891891892,,
329720,Hugo Álvarez,F,wide,linking_winger,Linking Forward,1343.0,Celta Vigo,La Liga,59.9,89.9,58.9,68.0,Good,5,89.79591836734694,,,,,,,48.97959183673469,40.816326530612244,44.89795918367347,98.9795918367347,,
329722,Yoel Lago,D,,positional_cb,Positional Center Back,947.0,Celta Vigo,La Liga,56.8,87.0,55.9,69.2,Good,6,78.40375586854461,47.417840375586856,75.5868544600939,8.92018779342723,91.54929577464789,39.43661971830986,,,,,,,
329728,Marc Casadó,M,central,defensive_midfielder,Defensive Midfielder (DM / 6),999.0,Barcelona,La Liga,30.9,87.4,33.3,11.7,Poor,5,94.35897435897435,20.76923076923077,,7.6923076923076925,18.461538461538463,,6.666666666666667,,,,,,
330238,Lucas Pires,M,central,box_to_box_midfielder,Box-to-Box Midfielder (CM / 8),1406.0,Burnley,Premier League,58.1,90.4,57.3,74.4,Very Good,7,81.81818181818183,37.878787878787875,,93.18181818181817,59.09090909090909,,97.72727272727273,,9.848484848484848,10.984848484848484,,,
330437,Álex Jiménez,D,,high_intensity_fullback,High-Intensity Fullback,2375.0,Bournemouth,Premier League,42.0,97.6,42.2,33.3,Below Average,6,,36.61971830985916,,38.028169014084504,64.7887323943662,,67.6056338028169,28.169014084507044,14.084507042253522,,,,
331369,Ángel Pérez,M,wide,eight_ten_hybrid,8/10 Hybrid,1290.0,Alaves,La Liga,37.1,89.6,38.5,22.3,Poor,6,7.207207207207207,,,,,,32.88288288288289,47.74774774774775,60.36036036036037,3.6036036036036037,94.14414414414415,,
331678,Henrik Wendel Meister,F,central,traditional_9,Traditional No. 9,1512.0,Pisa,Serie A,16.9,91.2,19.8,2.4,Poor,5,,13.526570048309178,,,,,,1.932367149758454,,11.11111111111111,40.33816425120773,,6.763285024154589
332308,Unai Gómez,M,wide,eight_ten_hybrid,8/10 Hybrid,949.0,Athletic Club,La Liga,13.3,87.0,18.0,0.9,Poor,6,11.711711711711711,,,,,,23.873873873873876,3.6036036036036037,22.52252252252252,12.612612612612612,11.26126126126126,,
332309,Alejandro Rego Mora,M,central,defensive_midfielder,Defensive Midfielder (DM / 6),1266.0,Athletic Club,La Liga,53.2,89.4,52.9,62.2,Good,5,21.025641025641026,9.230769230769232,,93.33333333333333,88.2051282051282,,25.8974358974359,,,,,,
333137,Kassoum Ouattara,M,central,box_to_box_midfielder,Box-to-Box Midfielder (CM / 8),983.0,Monaco,Ligue 1,48.1,87.3,48.4,46.6,Average,7,15.151515151515152,32.57575757575758,,99.24242424242425,87.87878787878788,,9.848484848484848,,97.72727272727273,10.984848484848484,,,
333502,Miguel Román,M,central,box_to_box_midfielder,Box-to-Box Midfielder (CM / 8),1310.0,Celta Vigo,La Liga,47.6,89.7,47.8,42.9,Average,7,95.45454545454545,59.84848484848485,,56.81818181818182,50.75757575757576,,8.333333333333332,,9.848484848484848,39.39393939393939,,,
333672,César Tárrega,D,,positional_cb,Positional Center Back,2597.0,Valencia,La Liga,38.2,99.2,38.3,20.1,Poor,6,23.004694835680752,23.474178403755868,36.61971830985916,46.948356807511736,70.89201877934272,53.990610328638496,,,,,,,
333682,Cristhian Mosquera,D,,stopper_cb,Stopper Center Back,1003.0,Arsenal,Premier League,45.5,87.4,46.1,39.7,Below Average,6,92.3076923076923,4.615384615384616,51.53846153846153,3.8461538461538463,96.15384615384616,73.84615384615384,,,,,,,
334035,Samuel Amo-Ameyaw,M,wide,six_eight_hybrid,6/8 Hybrid,1050.0,Strasbourg,Ligue 1,59.1,87.8,57.9,70.1,Very Good,6,97.41379310344827,66.37931034482759,,6.896551724137931,56.46551724137932,,76.72413793103449,,,,,69.82758620689656,
334914,Saël Kumbedi,D,,high_intensity_fullback,High-Intensity Fullback,2061.0,VfL Wolfsburg,Bundesliga,38.5,95.3,39.1,20.8,Poor,6,,12.676056338028168,,19.718309859154928,25.352112676056336,,32.3943661971831,47.88732394366197,94.36619718309859,,,,
335051,João Neves,M,central,attacking_midfielder,Attacking Midfielder (AM / 10),1287.0,Paris Saint Germain,Ligue 1,43.4,89.5,44.1,34.4,Below Average,6,88.04347826086956,,,,,,66.84782608695652,8.695652173913043,9.782608695652174,95.65217391304348,13.043478260869565,,
335056,Diego Moreira,M,wide,six_eight_hybrid,6/8 Hybrid,2041.0,Strasbourg,Ligue 1,57.1,95.1,56.8,65.8,Good,6,63.793103448275865,49.137931034482754,,86.20689655172413,63.793103448275865,,40.51724137931034,,,,,16.379310344827587,
335094,Hugo Larsson,M,central,attacking_midfielder,Attacking Midfielder (AM / 10),1824.0,Eintracht Frankfurt,Bundesliga,31.6,93.5,32.8,6.5,Poor,6,42.391304347826086,,,,,,29.347826086956523,6.521739130434782,18.478260869565215,47.82608695652174,80.97826086956522,,
336560,Álex Valle,D,,creative_fullback,Creative Fullback,2025.0,Como,Serie A,49.2,95.0,49.2,51.3,Average,6,55.08474576271186,35.59322033898305,,65.2542372881356,,,9.745762711864407,30.508474576271187,92.37288135593221,,,,
336564,Wilson Odobert,F,wide,linking_winger,Linking Forward,990.0,Tottenham,Premier League,49.5,87.3,49.6,52.0,Average,5,85.71428571428571,,,,,,,63.26530612244898,59.183673469387756,1.0204081632653061,18.367346938775512,,
336567,Semih Kılıçsoy,F,central,traditional_9,Traditional No. 9,983.0,Cagliari,Serie A,52.2,87.3,51.9,54.6,Average,5,,3.864734299516908,,,,,,61.35265700483091,,56.52173913043478,96.1352657004831,,9.178743961352657
336573,Emirhan İlkhan,M,central,defensive_midfielder,Defensive Midfielder (DM / 6),1018.0,Torino,Serie A,52.7,87.5,52.4,60.2,Good,5,29.743589743589745,66.66666666666666,,54.871794871794876,55.38461538461539,,51.28205128205128,,,,,,
336585,Mateus Fernandes,M,central,defensive_midfielder,Defensive Midfielder (DM / 6),3024.0,West Ham,Premier League,66.6,100.0,66.6,86.7,Excellent,5,70.76923076923077,65.8974358974359,,41.02564102564102,89.74358974358975,,65.12820512820512,,,,,,
336594,Pablo Barrios,M,central,defensive_midfielder,Defensive Midfielder (DM / 6),1666.0,Atletico Madrid,La Liga,59.3,92.3,58.6,71.9,Very Good,5,80.51282051282051,60.0,,80.51282051282051,17.94871794871795,,72.56410256410255,,,,,,
336657,Warren Zaïre-Emery,D,,creative_fullback,Creative Fullback,2453.0,Paris Saint Germain,Ligue 1,74.1,98.2,73.6,94.1,Excellent,6,100.0,38.13559322033898,,9.322033898305085,,,94.0677966101695,93.22033898305084,82.20338983050848,,,,
336659,Chemsdine Talbi,M,central,box_to_box_midfielder,Box-to-Box Midfielder (CM / 8),1561.0,Sunderland,Premier League,37.8,91.6,38.8,16.2,Poor,7,62.121212121212125,0.0,,0.7575757575757576,0.0,,67.42424242424242,,37.121212121212125,96.96969696969697,,,
336671,Renato Veiga,D,,positional_cb,Positional Center Back,2485.0,Villarreal,La Liga,34.4,98.4,34.6,13.8,Poor,6,40.375586854460096,12.206572769953052,88.73239436619718,26.76056338028169,4.225352112676056,27.230046948356815,,,,,,,
336711,Gonzalo García,F,central,traditional_9,Traditional No. 9,988.0,Real Madrid,La Liga,69.8,87.3,67.3,80.3,Very Good,5,,63.76811594202898,,,,,,82.3671497584541,,83.57487922705315,72.94685990338165,,38.405797101449274
338751,Victor Muñoz,M,wide,six_eight_hybrid,6/8 Hybrid,2668.0,Osasuna,La Liga,25.9,99.8,25.9,6.8,Poor,6,58.620689655172406,16.379310344827587,,10.344827586206897,0.0,,41.37931034482759,,,,,55.172413793103445,
338902,Andres Castrin,D,,stopper_cb,Stopper Center Back,1281.0,Sevilla,La Liga,63.9,89.5,62.4,84.0,Very Good,6,50.76923076923077,83.84615384615385,87.6923076923077,60.76923076923077,36.92307692307693,51.53846153846154,,,,,,,
339105,Joel Roca,M,wide,six_eight_hybrid,6/8 Hybrid,1482.0,Girona,La Liga,40.8,91.0,41.6,31.6,Below Average,6,78.44827586206897,43.96551724137931,,0.8620689655172413,30.17241379310345,,38.793103448275865,,,,,81.89655172413794,
339417,Pape Diop,M,central,defensive_midfielder,Defensive Midfielder (DM / 6),1185.0,Toulouse,Ligue 1,59.2,88.8,58.1,71.2,Very Good,5,67.6923076923077,13.846153846153847,,98.97435897435898,67.6923076923077,,10.0,,,,,,
339874,Oscar Højlund,M,central,box_to_box_midfielder,Box-to-Box Midfielder (CM / 8),1099.0,Eintracht Frankfurt,Bundesliga,53.2,88.1,52.9,61.3,Good,7,97.72727272727273,6.8181818181818175,,25.0,84.84848484848484,,53.40909090909091,,55.68181818181818,50.0,,,
339883,Kenan Yıldız,F,wide,direct_winger,Direct Forward,2838.0,Juventus,Serie A,78.5,100.0,78.5,100.0,Elite,5,,,,,,,77.27272727272727,90.9090909090909,,79.54545454545455,88.63636363636364,56.81818181818182,
339887,Can Uzun,M,wide,eight_ten_hybrid,8/10 Hybrid,1172.0,Eintracht Frankfurt,Bundesliga,60.7,88.7,59.5,71.4,Very Good,6,43.24324324324324,,,,,,23.873873873873876,38.73873873873874,84.68468468468468,97.2972972972973,88.28828828828829,,
340077,Matías Fernández-Pardo,F,wide,linking_winger,Linking Forward,2379.0,Lille,Ligue 1,51.3,97.6,51.3,58.0,Good,5,51.02040816326531,,,,,,,16.3265306122449,63.26530612244898,57.14285714285714,95.91836734693877,,
340573,Bilal El Khannouss,M,wide,eight_ten_hybrid,8/10 Hybrid,1634.0,VfB Stuttgart,Bundesliga,67.6,92.1,66.2,80.4,Very Good,6,28.82882882882883,,,,,,91.44144144144144,84.68468468468468,78.37837837837837,45.94594594594595,74.77477477477478,,
340626,Fermín López,M,wide,eight_ten_hybrid,8/10 Hybrid,1797.0,Barcelona,La Liga,70.9,93.3,69.5,87.5,Excellent,6,89.1891891891892,,,,,,89.1891891891892,51.35135135135135,95.4954954954955,68.91891891891892,31.53153153153153,,
341371,Rodrigo Mendoza,M,wide,eight_ten_hybrid,8/10 Hybrid,1231.0,Atletico Madrid,La Liga,30.6,89.1,32.7,8.9,Poor,6,77.47747747747748,,,,,,74.32432432432432,10.81081081081081,16.216216216216218,6.306306306306306,13.963963963963963,,
341453,Oso,M,wide,eight_ten_hybrid,8/10 Hybrid,1409.0,Sevilla,La Liga,41.9,90.4,42.7,37.5,Below Average,6,10.81081081081081,,,,,,83.78378378378379,27.927927927927925,54.054054054054056,20.72072072072072,84.68468468468468,,
341640,Raúl Asencio,D,,positional_cb,Positional Center Back,1706.0,Real Madrid,La Liga,47.6,92.6,47.8,43.5,Average,6,94.36619718309859,45.305164319248824,43.66197183098591,3.755868544600939,13.615023474178404,43.1924882629108,,,,,,,
341642,Jorrel Hato,D,,stopper_cb,Stopper Center Back,1159.0,Chelsea,Premier League,50.9,88.6,50.8,56.5,Good,6,96.15384615384616,13.846153846153847,39.23076923076923,59.23076923076923,95.38461538461539,10.0,,,,,,,
342019,Daniele Ghilardi,D,,stopper_cb,Stopper Center Back,1089.0,AS Roma,Serie A,52.8,88.1,52.5,60.3,Good,6,48.46153846153846,30.76923076923077,31.538461538461537,86.92307692307692,86.92307692307692,7.692307692307693,,,,,,,
342022,Michael Kayode,D,,high_intensity_fullback,High-Intensity Fullback,3264.0,Brentford,Premier League,48.4,100.0,48.4,48.6,Average,6,,90.14084507042254,,40.845070422535215,14.084507042253522,,60.56338028169014,61.97183098591549,29.577464788732392,,,,
342035,Cristian Volpato,F,wide,direct_winger,Direct Forward,1090.0,Sassuolo,Serie A,38.0,88.1,39.4,22.2,Poor,5,,,,,,,40.909090909090914,59.09090909090909,,38.63636363636363,43.18181818181818,4.545454545454546,
342063,Diego Coppola,D,,positional_cb,Positional Center Back,1371.0,Paris FC,Ligue 1,18.6,90.2,21.7,1.4,Poor,6,25.352112676056336,6.103286384976526,57.74647887323944,1.8779342723004695,14.553990610328638,4.225352112676063,,,,,,,
342188,Dženan Pejčinović,F,central,traditional_9,Traditional No. 9,1670.0,VfL Wolfsburg,Bundesliga,61.5,92.4,60.6,72.6,Very Good,5,,7.729468599033816,,,,,,32.850241545893724,,75.84541062801932,59.42028985507246,,80.19323671497585
342651,Romano Floriani Mussolini,M,central,box_to_box_midfielder,Box-to-Box Midfielder (CM / 8),1185.0,Cremonese,Serie A,32.4,88.8,34.3,6.8,Poor,7,5.303030303030303,42.04545454545455,,8.333333333333332,72.72727272727273,,42.04545454545455,,51.515151515151516,10.984848484848484,,,
342970,Leny Yoro,D,,positional_cb,Positional Center Back,1748.0,Manchester United,Premier League,46.6,92.9,46.9,40.9,Average,6,41.78403755868544,26.76056338028169,23.943661971830984,94.83568075117371,83.56807511737088,30.985915492957744,,,,,,,
343027,Désiré Doué,F,wide,direct_winger,Direct Forward,1356.0,Paris Saint Germain,Ligue 1,61.5,90.0,60.3,73.3,Very Good,5,,,,,,,43.18181818181818,63.63636363636363,,93.18181818181817,40.909090909090914,63.63636363636363,
343189,Gvidas Gineitis,M,central,defensive_midfielder,Defensive Midfielder (DM / 6),1763.0,Torino,Serie A,44.5,93.1,44.9,37.8,Below Average,5,4.615384615384616,55.38461538461539,,50.76923076923077,54.871794871794876,,66.15384615384615,,,,,,
343202,Álvaro Rodriguez,F,central,traditional_9,Traditional No. 9,2200.0,Elche,La Liga,50.5,96.3,50.5,49.3,Average,5,,94.20289855072464,,,,,,93.23671497584542,,36.71497584541063,5.797101449275362,,87.43961352657004
343205,Mario Martín,M,wide,six_eight_hybrid,6/8 Hybrid,2135.0,Getafe,La Liga,38.6,95.8,39.1,27.4,Below Average,6,9.482758620689655,7.758620689655173,,59.48275862068966,87.93103448275862,,21.982758620689655,,,,,28.448275862068968,
343316,Jeanuël Belocian,D,,positional_cb,Positional Center Back,1757.0,VfL Wolfsburg,Bundesliga,54.6,93.0,54.2,64.3,Good,6,59.624413145539904,16.431924882629108,53.051643192488264,59.624413145539904,92.48826291079813,68.07511737089202,,,,,,,
343558,Lennon Miller,M,central,defensive_midfielder,Defensive Midfielder (DM / 6),1018.0,Udinese,Serie A,36.1,87.5,37.8,20.9,Poor,5,6.666666666666667,85.64102564102564,,7.179487179487179,29.230769230769234,,84.61538461538461,,,,,,
343562,Luca Lipani,M,central,defensive_midfielder,Defensive Midfielder (DM / 6),1028.0,Sassuolo,Serie A,43.7,87.6,44.5,37.0,Below Average,5,32.30769230769231,0.5128205128205128,,68.71794871794872,72.3076923076923,,37.17948717948718,,,,,,
343609,Jacques Ekomié,D,,high_intensity_fullback,High-Intensity Fullback,2240.0,Angers,Ligue 1,36.3,96.6,36.8,18.1,Poor,6,,50.70422535211267,,74.64788732394366,52.112676056338024,,16.19718309859155,12.676056338028168,14.084507042253522,,,,
343684,Thierno Barry,F,central,traditional_9,Traditional No. 9,1932.0,Everton,Premier League,36.5,94.3,37.3,25.5,Below Average,5,,28.743961352657006,,,,,,13.043478260869565,,59.42028985507246,26.08695652173913,,25.120772946859905
343792,Djaoui Cissé,M,central,box_to_box_midfielder,Box-to-Box Midfielder (CM / 8),1002.0,Rennes,Ligue 1,44.4,87.4,45.1,30.5,Below Average,7,58.333333333333336,59.09090909090909,,21.21212121212121,97.72727272727273,,42.04545454545455,,9.848484848484848,10.984848484848484,,,
345388,Afonso Moreira,M,wide,six_eight_hybrid,6/8 Hybrid,1724.0,Lyon,Ligue 1,50.2,92.8,50.2,47.0,Average,6,61.206896551724135,37.93103448275862,,60.3448275862069,48.275862068965516,,18.96551724137931,,,,,88.79310344827587,
345808,Francesco Pio Esposito,F,central,traditional_9,Traditional No. 9,1571.0,Inter,Serie A,71.0,91.6,69.2,83.7,Very Good,5,,92.27053140096618,,,,,,88.40579710144928,,65.21739130434783,52.65700483091788,,84.54106280193237
346866,Samuel Mbangula,F,wide,direct_winger,Direct Forward,1182.0,Werder Bremen,Bundesliga,64.9,88.8,63.2,77.8,Very Good,5,,,,,,,86.36363636363636,11.363636363636363,,59.09090909090909,95.45454545454545,54.54545454545454,
347316,Lucas Bergvall,M,central,box_to_box_midfielder,Box-to-Box Midfielder (CM / 8),979.0,Tottenham,Premier League,58.3,87.3,57.2,73.7,Very Good,7,66.66666666666666,31.060606060606062,,2.272727272727273,71.96969696969697,,95.45454545454545,,98.48484848484848,55.3030303030303,,,
347644,Arthur Atta,M,wide,eight_ten_hybrid,8/10 Hybrid,2563.0,Udinese,Serie A,40.8,99.0,40.9,31.2,Below Average,6,58.55855855855856,,,,,,76.57657657657657,17.117117117117118,25.225225225225223,34.234234234234236,55.85585585585585,,
348205,Petar Sučić,M,central,attacking_midfielder,Attacking Midfielder (AM / 10),1783.0,Inter,Serie A,38.7,93.2,39.4,17.2,Poor,6,71.73913043478261,,,,,,26.6304347826087,44.565217391304344,20.652173913043477,51.08695652173913,20.108695652173914,,
348568,Alessandro Circati,D,,positional_cb,Positional Center Back,2666.0,Parma,Serie A,57.7,99.7,57.7,74.5,Very Good,6,33.33333333333333,74.17840375586854,84.50704225352112,21.12676056338028,65.72769953051643,80.75117370892019,,,,,,,
348888,Mert Kömür,F,wide,linking_winger,Linking Forward,1466.0,FC Augsburg,Bundesliga,43.1,90.9,43.7,38.0,Below Average,5,36.734693877551024,,,,,,,20.408163265306122,87.75510204081633,10.204081632653061,53.06122448979592,,
349001,Wesley,M,wide,six_eight_hybrid,6/8 Hybrid,2457.0,AS Roma,Serie A,53.7,98.2,53.6,53.8,Average,6,55.172413793103445,50.86206896551724,,76.72413793103449,64.65517241379311,,2.586206896551724,,,,,65.51724137931035,
350037,Nico Paz,M,wide,six_eight_hybrid,6/8 Hybrid,2884.0,Como,Serie A,77.1,100.0,77.1,96.6,Elite,6,71.55172413793103,78.44827586206897,,80.17241379310344,94.82758620689656,,91.37931034482759,,,,,19.82758620689655,
350857,Oliver Provstgaard,D,,positional_cb,Positional Center Back,1544.0,Lazio,Serie A,43.7,91.4,44.2,30.6,Below Average,6,86.85446009389672,12.910798122065728,52.112676056338024,28.169014084507044,5.164319248826291,45.539906103286384,,,,,,,
351587,Tani Oluwaseyi,F,central,traditional_9,Traditional No. 9,922.0,Villarreal,La Liga,26.8,86.8,29.9,13.2,Poor,5,,14.975845410628018,,,,,,15.942028985507244,,18.357487922705314,56.038647342995176,,16.425120772946862
352375,Arthur,M,central,box_to_box_midfielder,Box-to-Box Midfielder (CM / 8),1132.0,Bayer Leverkusen,Bundesliga,58.1,88.4,57.1,72.9,Very Good,7,81.06060606060606,42.04545454545455,,94.6969696969697,37.121212121212125,,24.242424242424242,,93.93939393939394,45.45454545454545,,,
353143,Hennes Behrens,D,,high_intensity_fullback,High-Intensity Fullback,1319.0,1. FC Heidenheim,Bundesliga,68.3,89.8,66.5,90.3,Excellent,6,,97.1830985915493,,49.29577464788733,19.718309859154928,,99.29577464788733,77.46478873239437,80.28169014084507,,,,
353609,Sulemana,M,central,box_to_box_midfielder,Box-to-Box Midfielder (CM / 8),902.0,Cagliari,Serie A,59.5,86.7,58.2,76.7,Very Good,7,96.96969696969697,73.48484848484848,,18.181818181818183,63.63636363636363,,73.10606060606061,,9.848484848484848,64.39393939393939,,,
355004,Valentín Gómez,D,,stopper_cb,Stopper Center Back,1881.0,Real Betis,La Liga,40.5,93.9,41.1,21.4,Poor,6,46.92307692307692,37.69230769230769,49.23076923076923,26.923076923076923,65.38461538461539,5.384615384615387,,,,,,,
356041,Carlos Baleba,M,central,defensive_midfielder,Defensive Midfielder (DM / 6),1677.0,Brighton,Premier League,48.8,92.4,48.9,55.6,Good,5,53.333333333333336,20.76923076923077,,86.66666666666667,39.48717948717949,,28.205128205128204,,,,,,
356888,Niccolò Pisilli,M,central,box_to_box_midfielder,Box-to-Box Midfielder (CM / 8),1295.0,AS Roma,Serie A,61.7,89.6,60.5,83.8,Very Good,7,90.9090909090909,3.0303030303030303,,100.0,62.121212121212125,,15.151515151515152,,99.24242424242425,74.24242424242425,,,
358166,Abdoul Ouattara,M,central,box_to_box_midfielder,Box-to-Box Midfielder (CM / 8),1775.0,Strasbourg,Ligue 1,55.2,93.1,54.8,65.4,Good,7,98.48484848484848,72.72727272727273,,81.06060606060606,15.151515151515152,,28.78787878787879,,9.848484848484848,65.15151515151516,,,
358431,Nobel Mendy,D,,positional_cb,Positional Center Back,1811.0,Rayo Vallecano,La Liga,40.3,93.4,40.9,25.5,Below Average,6,16.431924882629108,10.56338028169014,92.48826291079813,52.58215962441315,69.01408450704226,36.15023474178404,,,,,,,
359386,Martial Godo,M,wide,eight_ten_hybrid,8/10 Hybrid,1613.0,Strasbourg,Ligue 1,48.2,91.9,48.4,51.3,Average,6,59.45945945945946,,,,,,40.090090090090094,27.027027027027028,9.90990990990991,92.7927927927928,64.86486486486487,,
360114,Abdukodir Khusanov,D,,positional_cb,Positional Center Back,1429.0,Manchester City,Premier League,72.3,90.6,70.2,93.9,Excellent,6,82.15962441314554,59.624413145539904,24.88262910798122,99.06103286384976,87.79342723004694,83.09859154929578,,,,,,,
361384,Youssef Enriquez,D,,creative_fullback,Creative Fullback,1347.0,Alaves,La Liga,40.2,90.0,41.2,29.4,Below Average,6,24.576271186440678,8.47457627118644,,33.05084745762712,,,24.576271186440678,75.42372881355932,40.67796610169492,,,,
361393,Bruno Ogbus,D,,positional_cb,Positional Center Back,1186.0,SC Freiburg,Bundesliga,60.7,88.8,59.5,78.5,Very Good,6,79.81220657276995,4.694835680751173,96.24413145539906,22.535211267605636,88.73239436619718,87.32394366197184,,,,,,,
361497,Dean Huijsen,D,,positional_cb,Positional Center Back,2037.0,Real Madrid,La Liga,54.9,95.1,54.6,65.0,Good,6,56.8075117370892,68.07511737089203,49.76525821596244,23.943661971830984,60.56338028169014,66.19718309859155,,,,,,,
362564,Adam Daghim,F,wide,direct_winger,Direct Forward,1544.0,VfL Wolfsburg,Bundesliga,20.7,91.4,23.2,4.4,Poor,5,,,,,,,9.090909090909092,20.454545454545457,,15.909090909090908,50.0,22.727272727272727,
362741,Santiago Hidalgo,F,central,traditional_9,Traditional No. 9,1311.0,Toulouse,Ligue 1,35.2,89.7,36.7,24.0,Poor,5,,18.84057971014493,,,,,,42.51207729468599,,33.81642512077295,40.33816425120773,,35.748792270531396
362752,Christian Ordoñez,M,central,box_to_box_midfielder,Box-to-Box Midfielder (CM / 8),1095.0,Parma,Serie A,42.3,88.1,43.3,25.2,Below Average,7,75.0,11.363636363636363,,34.090909090909086,68.93939393939394,,35.60606060606061,,9.848484848484848,50.75757575757576,,,
363695,Murillo,D,,positional_cb,Positional Center Back,2133.0,Nottingham Forest,Premier League,48.1,95.8,48.2,44.9,Average,6,5.633802816901409,15.96244131455399,84.03755868544602,88.73239436619718,72.30046948356808,69.01408450704226,,,,,,,
363792,Terry Yegbe,D,,positional_cb,Positional Center Back,1966.0,Metz,Ligue 1,40.5,94.6,41.0,26.2,Below Average,6,37.558685446009385,4.225352112676056,69.48356807511738,53.52112676056338,3.755868544600939,76.05633802816902,,,,,,,
364093,Simon Ebonog,M,central,defensive_midfielder,Defensive Midfielder (DM / 6),1778.0,Le Havre,Ligue 1,33.8,93.2,34.9,13.3,Poor,5,7.6923076923076925,25.64102564102564,,60.0,38.46153846153847,,25.128205128205128,,,,,,
365331,Noah Sadiki,M,central,defensive_midfielder,Defensive Midfielder (DM / 6),2894.0,Sunderland,Premier League,37.1,100.0,37.1,19.4,Poor,5,41.53846153846154,49.23076923076923,,44.1025641025641,6.666666666666667,,74.87179487179488,,,,,,
365742,Michel Diaz,D,,positional_cb,Positional Center Back,1560.0,Stade Brestois 29,Ligue 1,67.3,91.6,65.9,88.3,Excellent,6,16.901408450704224,82.15962441314554,97.65258215962442,84.97652582159625,80.28169014084507,75.11737089201878,,,,,,,
367636,Jérémy Jacquet,D,,positional_cb,Positional Center Back,1673.0,Rennes,Ligue 1,73.9,92.4,72.1,96.3,Elite,6,66.19718309859155,94.83568075117371,68.07511737089203,48.82629107981221,70.4225352112676,92.01877934272301,,,,,,,
368030,Eli Junior Kroupi,M,wide,eight_ten_hybrid,8/10 Hybrid,1690.0,Bournemouth,Premier League,39.6,92.5,40.4,29.5,Below Average,6,15.315315315315313,,,,,,25.225225225225223,16.216216216216218,1.8018018018018018,99.09909909909909,94.14414414414415,,
368260,Gift Orban,F,central,traditional_9,Traditional No. 9,2036.0,Hellas Verona,Serie A,46.2,95.1,46.4,43.5,Average,5,,11.11111111111111,,,,,,47.34299516908212,,43.47826086956522,28.019323671497588,,90.82125603864735
369500,Ismaelo Ganiou,D,,stopper_cb,Stopper Center Back,2014.0,Lens,Ligue 1,56.0,94.9,55.7,67.2,Good,6,56.15384615384615,73.07692307692307,50.76923076923077,49.23076923076923,30.0,86.15384615384616,,,,,,,
369674,Jean-Mattéo Bahoya,F,wide,direct_winger,Direct Forward,1335.0,Eintracht Frankfurt,Bundesliga,68.5,89.9,66.6,84.4,Very Good,5,,,,,,,93.18181818181817,79.54545454545455,,54.54545454545454,72.72727272727273,27.27272727272727,
371916,Christian Mawissa,D,,stopper_cb,Stopper Center Back,1195.0,Monaco,Ligue 1,51.8,88.9,51.6,59.2,Good,6,83.84615384615385,47.69230769230769,20.76923076923077,55.38461538461539,73.84615384615385,25.384615384615387,,,,,,,
374058,Lamine Camara,M,central,defensive_midfielder,Defensive Midfielder (DM / 6),1851.0,Monaco,Ligue 1,73.2,93.7,71.7,91.8,Excellent,5,49.23076923076923,70.25641025641025,,94.35897435897435,78.97435897435898,,48.717948717948715,,,,,,
374359,Davide Bartesaghi,M,central,box_to_box_midfielder,Box-to-Box Midfielder (CM / 8),2442.0,AC Milan,Serie A,46.7,98.1,46.8,39.8,Below Average,7,88.63636363636364,64.39393939393939,,15.151515151515152,53.03030303030303,,42.04545454545455,,9.848484848484848,41.66666666666667,,,
375598,Ngal'ayel Mukau,M,central,defensive_midfielder,Defensive Midfielder (DM / 6),1566.0,Lille,Ligue 1,26.6,91.6,28.5,5.4,Poor,5,66.66666666666666,5.128205128205128,,18.974358974358974,20.0,,44.1025641025641,,,,,,
375915,Quilindschy Hartman,D,,creative_fullback,Creative Fullback,1830.0,Burnley,Premier League,65.2,93.6,64.3,82.4,Very Good,6,3.389830508474576,75.42372881355932,,96.61016949152543,,,44.49152542372881,66.10169491525424,97.45762711864407,,,,
375990,Pathé Mboup,M,wide,six_eight_hybrid,6/8 Hybrid,1069.0,Stade Brestois 29,Ligue 1,44.5,87.9,45.1,35.0,Below Average,6,48.275862068965516,1.7241379310344827,,87.06896551724138,43.96551724137931,,44.827586206896555,,,,,39.6551724137931,
377122,Endrick,F,wide,direct_winger,Direct Forward,1233.0,Lyon,Ligue 1,73.0,89.1,70.5,86.7,Excellent,5,,,,,,,63.63636363636363,84.0909090909091,,84.0909090909091,92.04545454545455,43.18181818181818,
378284,Etta Eyong,F,central,traditional_9,Traditional No. 9,1703.0,Levante,La Liga,60.4,92.6,59.7,71.2,Very Good,5,,57.48792270531401,,,,,,38.164251207729464,,58.454106280193244,59.42028985507246,,77.77777777777779
380587,Ibrahim Maza,F,wide,direct_winger,Direct Forward,1859.0,Bayer Leverkusen,Bundesliga,50.0,93.8,50.0,57.8,Good,5,,,,,,,88.63636363636364,31.818181818181817,,29.545454545454547,22.727272727272727,52.27272727272727,
380873,Ilyas Ansah,F,central,traditional_9,Traditional No. 9,1909.0,Union Berlin,Bundesliga,24.1,94.1,25.6,7.5,Poor,5,,8.695652173913043,,,,,,32.367149758454104,,26.570048309178745,32.367149758454104,,13.043478260869565
380978,Assan Ouédraogo,M,wide,eight_ten_hybrid,8/10 Hybrid,974.0,RB Leipzig,Bundesliga,64.8,87.2,62.9,77.7,Very Good,6,61.261261261261254,,,,,,81.98198198198197,22.52252252252252,79.27927927927928,80.18018018018019,97.2972972972973,,
382452,Patrick Dorgu,M,wide,six_eight_hybrid,6/8 Hybrid,1461.0,Manchester United,Premier League,67.8,90.8,66.2,85.5,Excellent,6,29.310344827586203,87.06896551724138,,85.34482758620689,97.41379310344827,,5.172413793103448,,,,,87.06896551724138,
383018,Marco Palestra,M,wide,six_eight_hybrid,6/8 Hybrid,3084.0,Cagliari,Serie A,70.9,100.0,70.9,89.7,Excellent,6,87.93103448275862,99.13793103448276,,44.827586206896555,37.93103448275862,,81.03448275862068,,,,,92.24137931034483,
383685,Yankuba Minteh,M,wide,six_eight_hybrid,6/8 Hybrid,2398.0,Brighton,Premier League,50.3,97.8,50.3,47.9,Average,6,4.310344827586207,55.172413793103445,,52.58620689655172,73.27586206896551,,86.20689655172413,,,,,5.172413793103448,
383780,Mikel Jauregizar,M,central,defensive_midfielder,Defensive Midfielder (DM / 6),2843.0,Athletic Club,La Liga,35.9,100.0,35.9,14.8,Poor,5,10.76923076923077,5.641025641025641,,80.0,47.69230769230769,,8.461538461538462,,,,,,
384135,Javi Rodríguez,D,,positional_cb,Positional Center Back,2562.0,Celta Vigo,La Liga,34.1,99.0,34.2,11.4,Poor,6,65.72769953051643,7.042253521126761,33.80281690140845,33.80281690140845,56.8075117370892,2.816901408450704,,,,,,,
386305,Jacobo Ramón,D,,stopper_cb,Stopper Center Back,2743.0,Como,Serie A,51.5,100.0,51.5,58.0,Good,6,93.07692307692308,73.84615384615385,40.0,35.38461538461539,20.0,66.92307692307693,,,,,,,
386828,Lamine Yamal,M,wide,eight_ten_hybrid,8/10 Hybrid,2268.0,Barcelona,La Liga,78.1,96.8,77.2,96.4,Elite,6,35.13513513513514,,,,,,88.28828828828829,93.69369369369369,93.69369369369369,98.1981981981982,24.324324324324326,,
387521,Luka Vušković,D,,stopper_cb,Stopper Center Back,2441.0,Hamburger SV,Bundesliga,64.0,98.1,63.7,86.3,Excellent,6,26.923076923076923,98.46153846153847,86.92307692307692,70.0,0.0,96.15384615384616,,,,,,,
387643,Bazoumana Touré,M,wide,six_eight_hybrid,6/8 Hybrid,2325.0,1899 Hoffenheim,Bundesliga,22.5,97.2,23.3,5.1,Poor,6,25.862068965517242,24.137931034482758,,5.172413793103448,22.413793103448278,,46.12068965517241,,,,,13.793103448275861,
388779,Dehmaine Tabibou,M,wide,six_eight_hybrid,6/8 Hybrid,1282.0,Nantes,Ligue 1,64.7,89.5,63.2,81.2,Very Good,6,12.068965517241379,63.36206896551724,,98.27586206896551,74.13793103448276,,87.93103448275862,,,,,25.862068965517242,
388871,Chema Andrés,M,central,defensive_midfielder,Defensive Midfielder (DM / 6),1327.0,VfB Stuttgart,Bundesliga,65.1,89.8,63.6,81.1,Very Good,5,35.8974358974359,71.7948717948718,,97.94871794871794,42.05128205128205,,100.0,,,,,,
389315,Joshua King,M,wide,six_eight_hybrid,6/8 Hybrid,1310.0,Fulham,Premier League,46.0,89.7,46.4,40.2,Average,6,50.86206896551724,60.3448275862069,,4.310344827586207,59.48275862068966,,48.275862068965516,,,,,62.93103448275862,
389322,Nhoa Sangui,D,,creative_fullback,Creative Fullback,1752.0,Paris FC,Ligue 1,49.1,93.0,49.1,50.0,Average,6,74.57627118644068,88.13559322033898,,49.152542372881356,,,36.440677966101696,56.779661016949156,10.16949152542373,,,,
390586,Leon Avdullahu,M,central,defensive_midfielder,Defensive Midfielder (DM / 6),2838.0,1899 Hoffenheim,Bundesliga,34.8,100.0,34.8,12.8,Poor,5,90.25641025641026,6.666666666666667,,46.666666666666664,10.256410256410255,,17.94871794871795,,,,,,
390742,Joaquin Panichelli,F,central,traditional_9,Traditional No. 9,2195.0,Strasbourg,Ligue 1,77.3,96.3,76.3,93.3,Excellent,5,,72.46376811594203,,,,,,48.309178743961354,,92.27053140096618,79.71014492753623,,65.21739130434783
391822,Fer López,M,wide,six_eight_hybrid,6/8 Hybrid,1410.0,Celta Vigo,La Liga,47.0,90.4,47.3,41.9,Average,6,84.48275862068965,29.310344827586203,,37.06896551724138,24.137931034482758,,90.51724137931035,,,,,26.72413793103448,
394573,Adrian Liso,F,central,traditional_9,Traditional No. 9,1723.0,Getafe,La Liga,30.1,92.8,31.5,16.3,Poor,5,,34.78260869565217,,,,,,0.966183574879227,,14.492753623188406,82.6086956521739,,3.864734299516908
394734,Finn Jeltsch,D,,positional_cb,Positional Center Back,1512.0,VfB Stuttgart,Bundesliga,47.8,91.2,48.0,44.2,Average,6,71.36150234741784,21.12676056338028,63.14553990610329,62.441314553990615,67.13615023474179,1.408450704225345,,,,,,,
396193,Lucas Høgsberg,D,,positional_cb,Positional Center Back,1796.0,Strasbourg,Ligue 1,46.3,93.3,46.6,38.3,Below Average,6,89.67136150234741,16.901408450704224,87.32394366197182,7.511737089201878,25.821596244131456,24.88262910798123,,,,,,,
396623,Pau Cubarsí,D,,positional_cb,Positional Center Back,2708.0,Barcelona,La Liga,53.6,100.0,53.6,61.7,Good,6,96.24413145539906,56.33802816901409,8.450704225352112,46.009389671361504,59.624413145539904,27.69953051643192,,,,,,,
396637,Pietro Comuzzo,D,,stopper_cb,Stopper Center Back,1700.0,Fiorentina,Serie A,39.3,92.6,40.1,19.1,Poor,6,87.6923076923077,5.384615384615385,68.46153846153847,43.84615384615385,26.923076923076923,47.692307692307686,,,,,,,
400948,Assane Diao,M,wide,six_eight_hybrid,6/8 Hybrid,1089.0,Como,Serie A,37.3,88.1,38.8,26.5,Below Average,6,52.58620689655172,43.103448275862064,,12.068965517241379,23.275862068965516,,28.448275862068968,,,,,94.82758620689656,
402265,Arthur Avom Ebong,M,central,defensive_midfielder,Defensive Midfielder (DM / 6),2115.0,Lorient,Ligue 1,50.6,95.7,50.6,58.2,Good,5,29.230769230769234,44.61538461538462,,64.1025641025641,60.0,,51.28205128205128,,,,,,
402329,Ayden Heaven,D,,positional_cb,Positional Center Back,938.0,Manchester United,Premier League,62.4,86.9,60.8,81.8,Very Good,6,67.13615023474179,97.65258215962442,87.79342723004694,0.0,97.1830985915493,21.596244131455393,,,,,,,
402386,Arsène Kouassi,M,central,defensive_midfielder,Defensive Midfielder (DM / 6),2612.0,Lorient,Ligue 1,38.9,99.3,39.0,25.5,Below Average,5,62.05128205128205,78.97435897435898,,16.923076923076923,0.0,,50.256410256410255,,,,,,
404172,Kojo Peprah Oppong,D,,positional_cb,Positional Center Back,2608.0,Nice,Ligue 1,67.4,99.3,67.3,90.2,Excellent,6,89.2018779342723,72.76995305164318,32.863849765258216,41.31455399061033,86.85446009389672,71.36150234741784,,,,,,,
405073,Jon Martin,D,,positional_cb,Positional Center Back,2250.0,Real Sociedad,La Liga,78.3,96.7,77.3,99.5,Elite,6,73.23943661971832,87.79342723004694,77.23004694835682,83.56807511737088,46.948356807511736,90.61032863849765,,,,,,,
406244,Johan Manzambi,M,wide,six_eight_hybrid,6/8 Hybrid,2094.0,SC Freiburg,Bundesliga,80.9,95.5,79.5,97.4,Elite,6,85.34482758620689,98.27586206896551,,96.55172413793103,34.48275862068966,,83.62068965517241,,,,,96.55172413793103,
407806,Rayan,M,wide,eight_ten_hybrid,8/10 Hybrid,1119.0,Bournemouth,Premier League,36.4,88.3,38.0,21.4,Poor,6,22.52252252252252,,,,,,19.81981981981982,13.513513513513514,43.24324324324324,82.88288288288288,36.486486486486484,,
408635,Ebenezer Akinsanmiro,M,central,defensive_midfielder,Defensive Midfielder (DM / 6),1445.0,Pisa,Serie A,60.6,90.7,59.6,74.0,Very Good,5,48.205128205128204,34.87179487179487,,92.82051282051282,67.17948717948717,,44.61538461538462,,,,,,
409216,Senny Mayulu,M,wide,eight_ten_hybrid,8/10 Hybrid,1681.0,Paris Saint Germain,Ligue 1,54.6,92.5,54.2,65.6,Good,6,95.4954954954955,,,,,,21.62162162162162,71.17117117117117,63.96396396396396,43.24324324324324,9.90990990990991,,
409303,El Hadji Malick Diouf,D,,creative_fullback,Creative Fullback,2711.0,West Ham,Premier League,61.7,100.0,61.7,77.3,Very Good,6,1.694915254237288,65.2542372881356,,77.11864406779661,,,60.16949152542372,66.94915254237289,88.13559322033898,,,,
412759,Jaydee Canvot,D,,stopper_cb,Stopper Center Back,1527.0,Crystal Palace,Premier League,54.3,91.3,53.9,64.1,Good,6,77.6923076923077,66.92307692307692,81.53846153846153,3.076923076923077,83.84615384615385,1.538461538461533,,,,,,,
413065,Noahkai Banks,D,,stopper_cb,Stopper Center Back,1738.0,FC Augsburg,Bundesliga,48.9,92.9,49.0,50.4,Average,6,85.38461538461539,54.61538461538461,59.23076923076923,8.461538461538462,66.15384615384615,29.230769230769226,,,,,,,
414359,Vitor Reis,D,,positional_cb,Positional Center Back,3138.0,Girona,La Liga,58.9,100.0,58.9,77.1,Very Good,6,72.30046948356808,30.51643192488263,91.54929577464789,43.1924882629108,65.25821596244131,53.051643192488264,,,,,,,
415155,Juan Rodríguez,D,,positional_cb,Positional Center Back,1315.0,Cagliari,Serie A,60.9,89.7,59.8,79.2,Very Good,6,44.13145539906103,64.31924882629107,76.52582159624414,70.89201877934272,100.0,32.3943661971831,,,,,,,
415431,Samir El Mourabet,M,central,defensive_midfielder,Defensive Midfielder (DM / 6),2141.0,Strasbourg,Ligue 1,76.4,95.9,75.3,95.4,Elite,5,89.23076923076924,83.07692307692308,,42.56410256410256,93.33333333333333,,75.8974358974359,,,,,,
417830,Abdelhamid Ait Boudlal,D,,stopper_cb,Stopper Center Back,1415.0,Rennes,Ligue 1,48.7,90.5,48.9,48.9,Average,6,78.46153846153847,36.92307692307693,93.07692307692308,34.61538461538461,12.307692307692308,83.07692307692308,,,,,,,
419035,Mamadou Coulibaly,M,central,box_to_box_midfielder,Box-to-Box Midfielder (CM / 8),1382.0,Monaco,Ligue 1,75.9,90.2,73.4,100.0,Elite,7,85.60606060606061,33.33333333333333,,90.15151515151516,86.36363636363636,,60.22727272727273,,89.39393939393939,90.9090909090909,,,
419916,Conrad Harder,F,central,traditional_9,Traditional No. 9,919.0,RB Leipzig,Bundesliga,48.2,86.8,48.4,48.1,Average,5,,15.458937198067632,,,,,,94.68599033816425,,38.164251207729464,19.565217391304348,,94.68599033816425
421807,Matias Moreno,D,,positional_cb,Positional Center Back,2266.0,Levante,La Liga,49.6,96.8,49.6,48.8,Average,6,15.492957746478872,51.173708920187785,50.23474178403756,91.54929577464789,49.29577464788733,61.971830985915496,,,,,,,
421875,Sidiki Cherif,F,central,traditional_9,Traditional No. 9,1164.0,Angers,Ligue 1,44.6,88.6,45.2,39.9,Below Average,5,,21.73913043478261,,,,,,3.864734299516908,,42.7536231884058,90.82125603864735,,21.73913043478261
428084,Sadibou Sané,D,,stopper_cb,Stopper Center Back,1943.0,Metz,Ligue 1,73.4,94.4,72.1,96.9,Elite,6,82.3076923076923,71.53846153846153,94.61538461538461,90.76923076923077,61.53846153846154,26.153846153846146,,,,,,,
428237,Mariano Troilo,D,,positional_cb,Positional Center Back,1636.0,Parma,Serie A,48.3,92.1,48.5,45.3,Average,6,50.23474178403756,38.028169014084504,81.2206572769953,45.07042253521127,73.23943661971832,12.676056338028175,,,,,,,
432310,Said El Mala,F,central,traditional_9,Traditional No. 9,1957.0,1. FC Köln,Bundesliga,67.3,94.5,66.4,78.8,Very Good,5,,41.54589371980676,,,,,,50.0,,87.92270531400966,35.748792270531396,,92.27053140096618
434352,Alpha Touré,M,central,defensive_midfielder,Defensive Midfielder (DM / 6),1611.0,Metz,Ligue 1,35.2,91.9,36.4,17.1,Poor,5,61.02564102564103,26.666666666666668,,1.5384615384615385,52.307692307692314,,56.666666666666664,,,,,,
435552,Pau Navarro,D,,stopper_cb,Stopper Center Back,1924.0,Villarreal,La Liga,42.4,94.3,42.8,31.7,Below Average,6,73.84615384615385,10.0,70.0,10.76923076923077,99.23076923076923,0.0,,,,,,,
437776,Abdoulaye Faye,D,,stopper_cb,Stopper Center Back,1446.0,Lorient,Ligue 1,57.0,90.7,56.3,70.2,Very Good,6,68.46153846153847,53.07692307692308,13.076923076923078,90.0,52.307692307692314,64.61538461538461,,,,,,,
438688,Ayyoub Bouaddi,M,central,defensive_midfielder,Defensive Midfielder (DM / 6),2338.0,Lille,Ligue 1,52.8,97.3,52.7,61.2,Good,5,35.38461538461539,74.35897435897436,,40.51282051282051,53.84615384615385,,71.28205128205128,,,,,,
440147,Karim Coulibaly,D,,positional_cb,Positional Center Back,2122.0,Werder Bremen,Bundesliga,25.3,95.7,26.3,3.3,Poor,6,27.230046948356808,3.755868544600939,46.478873239436616,43.66197183098591,34.27230046948357,5.164319248826288,,,,,,,
442546,Kacper Potulski,D,,stopper_cb,Stopper Center Back,1060.0,FSV Mainz 05,Bundesliga,46.6,87.9,47.0,42.4,Average,6,23.846153846153847,18.461538461538463,98.46153846153847,78.46153846153847,7.6923076923076925,76.15384615384616,,,,,,,
443162,Jesús Rodriguez,M,wide,eight_ten_hybrid,8/10 Hybrid,1734.0,Como,Serie A,40.6,92.8,41.3,33.5,Below Average,6,30.630630630630627,,,,,,27.027027027027028,56.75675675675676,96.3963963963964,14.414414414414415,4.054054054054054,,
443674,Louis Leroux,M,central,box_to_box_midfielder,Box-to-Box Midfielder (CM / 8),1443.0,Nantes,Ligue 1,45.2,90.7,45.6,33.5,Below Average,7,16.666666666666664,88.63636363636364,,4.545454545454546,81.81818181818183,,44.696969696969695,,40.15151515151515,37.878787878787875,,,
446249,Ibrahim Mbaye,F,wide,direct_winger,Direct Forward,997.0,Paris Saint Germain,Ligue 1,43.7,87.4,44.5,42.2,Average,5,,,,,,,27.27272727272727,54.54545454545454,,65.9090909090909,61.36363636363637,11.363636363636363,
449249,Franco Mastantuono,M,wide,six_eight_hybrid,6/8 Hybrid,1049.0,Real Madrid,La Liga,50.9,87.8,50.8,48.7,Average,6,100.0,39.6551724137931,,7.758620689655173,46.55172413793103,,61.63793103448276,,,,,78.44827586206897,
449509,Abdulay Juma Bah,D,,positional_cb,Positional Center Back,2063.0,Nice,Ligue 1,59.6,95.3,59.1,77.6,Very Good,6,80.75117370892019,19.248826291079812,94.83568075117371,76.05633802816901,76.52582159624414,15.023474178403745,,,,,,,
450497,Carlos Espí,F,central,traditional_9,Traditional No. 9,1351.0,Levante,La Liga,74.0,90.0,71.6,88.9,Excellent,5,,88.88888888888889,,,,,,17.874396135265698,,96.61835748792271,40.33816425120773,,97.10144927536231
451504,Jeff Ekhator,F,central,traditional_9,Traditional No. 9,949.0,Genoa,Serie A,30.6,87.0,33.1,18.8,Poor,5,,77.29468599033817,,,,,,53.62318840579711,,35.748792270531396,4.3478260869565215,,19.32367149758454
452697,Dayann Methalie,M,central,box_to_box_midfielder,Box-to-Box Midfielder (CM / 8),1882.0,Toulouse,Ligue 1,53.4,93.9,53.2,62.4,Good,7,44.696969696969695,14.393939393939394,,88.63636363636364,91.66666666666666,,37.121212121212125,,29.545454545454547,59.84848484848485,,,
453906,Honest Ahanor,D,,stopper_cb,Stopper Center Back,1380.0,Atalanta,Serie A,66.4,90.2,64.8,88.5,Excellent,6,83.07692307692308,64.61538461538461,54.61538461538461,74.61538461538461,79.23076923076923,30.0,,,,,,,
455316,Tiago Gabriel,D,,positional_cb,Positional Center Back,3220.0,Lecce,Serie A,57.6,100.0,57.6,73.8,Very Good,6,31.92488262910798,93.89671361502347,26.76056338028169,74.64788732394366,89.67136150234741,44.60093896713615,,,,,,,
456206,Mateus Mané,F,wide,direct_winger,Direct Forward,1799.0,Wolves,Premier League,35.1,93.3,36.1,17.8,Poor,5,,,,,,,11.363636363636363,43.18181818181818,,34.090909090909086,36.36363636363637,75.0,
457541,Prosper Peter,F,central,traditional_9,Traditional No. 9,1273.0,Angers,Ligue 1,52.4,89.4,52.2,55.3,Good,5,,27.536231884057973,,,,,,36.71497584541063,,50.48309178743962,94.44444444444444,,23.67149758454106
491248,Jan Virgili,M,wide,six_eight_hybrid,6/8 Hybrid,1804.0,Mallorca,La Liga,17.8,93.4,20.0,2.6,Poor,6,21.551724137931032,9.482758620689655,,12.931034482758621,0.8620689655172413,,54.310344827586206,,,,,18.103448275862068,
494131,Lennart Karl,M,wide,eight_ten_hybrid,8/10 Hybrid,1282.0,Bayern München,Bundesliga,61.1,89.5,59.9,73.2,Very Good,6,80.18018018018019,,,,,,7.207207207207207,48.64864864864865,89.1891891891892,76.57657657657657,71.17117117117117,,
496896,Rudy Matondo,M,central,defensive_midfielder,Defensive Midfielder (DM / 6),1359.0,Paris FC,Ligue 1,30.1,90.1,32.1,9.2,Poor,5,64.1025641025641,11.282051282051283,,12.307692307692308,28.717948717948715,,84.61538461538461,,,,,,
499380,Sascha Britschgi,M,central,box_to_box_midfielder,Box-to-Box Midfielder (CM / 8),2112.0,Parma,Serie A,34.0,95.6,34.7,7.9,Poor,7,24.242424242424242,35.984848484848484,,6.8181818181818175,28.78787878787879,,80.68181818181817,,58.333333333333336,10.984848484848484,,,
505295,Christian Kofane,F,central,traditional_9,Traditional No. 9,1269.0,Bayer Leverkusen,Bundesliga,59.5,89.4,58.5,70.7,Very Good,5,,60.86956521739131,,,,,,84.05797101449275,,51.690821256038646,34.29951690821256,,91.78743961352657
513776,Yan Diomande,F,wide,direct_winger,Direct Forward,2476.0,RB Leipzig,Bundesliga,77.2,98.3,76.8,95.6,Elite,5,,,,,,,95.45454545454545,70.45454545454545,,88.63636363636364,92.04545454545455,13.636363636363635,
514464,Alexis Vossah,M,central,box_to_box_midfielder,Box-to-Box Midfielder (CM / 8),1093.0,Toulouse,Ligue 1,52.8,88.1,52.5,59.4,Good,7,59.09090909090909,65.9090909090909,,34.84848484848485,4.545454545454546,,98.48484848484848,,56.81818181818182,51.515151515151516,,,
519664,Khalis Merah,M,central,defensive_midfielder,Defensive Midfielder (DM / 6),1148.0,Lyon,Ligue 1,33.2,88.5,35.2,13.8,Poor,5,43.07692307692308,33.33333333333333,,3.5897435897435894,44.61538461538462,,84.61538461538461,,,,,,
522609,Tylel Tati,D,,positional_cb,Positional Center Back,1724.0,Nantes,Ligue 1,41.3,92.8,41.9,27.1,Below Average,6,36.15023474178404,27.699530516431924,54.929577464788736,30.046948356807512,20.187793427230048,79.81220657276995,,,,,,,
579287,Kareem Tunde,M,wide,six_eight_hybrid,6/8 Hybrid,1151.0,Levante,La Liga,61.6,88.5,60.3,72.6,Very Good,6,32.758620689655174,59.48275862068966,,94.82758620689656,55.172413793103445,,62.93103448275862,,,,,53.44827586206896,
