player_id,player_name,photo_url,database_primary_position,position,primary_league_id,primary_league_name,latest_team_id,latest_team_name,minutes,appearances,starts,provider_rating,shot_accuracy_pct,pass_accuracy_pct,duel_win_pct,dribble_success_pct,offsides,shots_total,shots_on_target,goals,assists,passes_total,key_passes,tackles,blocks,interceptions,duels_total,duels_won,dribbles_attempted,dribbles_successful,dribbled_past,fouls_drawn,fouls_committed,yellow_cards,red_cards,penalties_won,penalties_committed,penalties_scored,penalties_missed,offsides_per90,shots_total_per90,shots_on_target_per90,goals_per90,assists_per90,passes_total_per90,key_passes_per90,tackles_per90,blocks_per90,interceptions_per90,duels_total_per90,duels_won_per90,dribbles_attempted_per90,dribbles_successful_per90,dribbled_past_per90,fouls_drawn_per90,fouls_committed_per90,yellow_cards_per90,red_cards_per90,penalties_won_per90,penalties_committed_per90,penalties_scored_per90,penalties_missed_per90
18895,Florian Lejeune,https://media.api-sports.io/football/players/18895.png,Defender,D,140,La Liga,728,Rayo Vallecano,630,7,7,6.485714285714286,22.22222222222222,84.25414364640883,61.40350877192983,50.0,0.0,9.0,2.0,0.0,0.0,362.0,1.0,15.0,5.0,11.0,57.0,35.0,4.0,2.0,3.0,6.0,8.0,1,0,0.0,1.0,0,0.0,0.0,1.2857142857142856,0.2857142857142857,0.0,0.0,51.71428571428571,0.14285714285714285,2.142857142857143,0.7142857142857142,1.5714285714285714,8.142857142857142,5.0,0.5714285714285714,0.2857142857142857,0.4285714285714286,0.8571428571428572,1.1428571428571428,0.14285714285714285,0.0,0.0,0.14285714285714285,0.0,0.0
11421,Gabriel Suazo,https://media.api-sports.io/football/players/11421.png,Defender,D,140,La Liga,536,Sevilla,630,7,7,6.855714285714286,,79.182156133829,55.26315789473685,50.0,0.0,0.0,0.0,0.0,0.0,269.0,9.0,20.0,2.0,4.0,76.0,42.0,4.0,2.0,10.0,10.0,15.0,2,0,0.0,0.0,0,0.0,0.0,0.0,0.0,0.0,0.0,38.42857142857142,1.2857142857142856,2.8571428571428568,0.2857142857142857,0.5714285714285714,10.857142857142858,6.0,0.5714285714285714,0.2857142857142857,1.4285714285714284,1.4285714285714284,2.142857142857143,0.2857142857142857,0.0,0.0,0.0,0.0,0.0
119742,Juan Iglesias,https://media.api-sports.io/football/players/119742.png,Defender,D,140,La Liga,536,Sevilla,630,7,7,6.837142857142856,75.0,71.21951219512195,61.29032258064516,75.0,1.0,4.0,3.0,1.0,0.0,205.0,3.0,14.0,1.0,5.0,62.0,38.0,8.0,6.0,9.0,11.0,4.0,1,0,0.0,0.0,0,0.0,0.14285714285714285,0.5714285714285714,0.4285714285714286,0.14285714285714285,0.0,29.28571428571429,0.4285714285714286,2.0,0.14285714285714285,0.7142857142857142,8.857142857142858,5.428571428571429,1.1428571428571428,0.8571428571428572,1.2857142857142856,1.5714285714285714,0.5714285714285714,0.14285714285714285,0.0,0.0,0.0,0.0,0.0
41552,Pathé Ismaël Ciss,https://media.api-sports.io/football/players/41552.png,Defender,D,140,La Liga,728,Rayo Vallecano,630,7,7,6.731428571428571,0.0,89.08045977011494,56.60377358490566,100.0,0.0,1.0,0.0,0.0,0.0,348.0,2.0,9.0,2.0,16.0,53.0,30.0,2.0,2.0,2.0,6.0,7.0,4,0,0.0,0.0,0,0.0,0.0,0.14285714285714285,0.0,0.0,0.0,49.714285714285715,0.2857142857142857,1.2857142857142856,0.2857142857142857,2.2857142857142856,7.571428571428572,4.285714285714286,0.2857142857142857,0.2857142857142857,0.2857142857142857,0.8571428571428572,1.0,0.5714285714285714,0.0,0.0,0.0,0.0,0.0
336671,Renato Veiga,https://media.api-sports.io/football/players/336671.png,Defender,D,140,La Liga,533,Villarreal,630,7,7,7.185714285714286,0.0,92.83333333333333,42.42424242424242,50.0,1.0,3.0,0.0,0.0,1.0,600.0,3.0,2.0,10.0,10.0,33.0,14.0,4.0,2.0,4.0,1.0,6.0,1,0,0.0,0.0,0,0.0,0.14285714285714285,0.4285714285714286,0.0,0.0,0.14285714285714285,85.71428571428571,0.4285714285714286,0.2857142857142857,1.4285714285714284,1.4285714285714284,4.714285714285714,2.0,0.5714285714285714,0.2857142857142857,0.5714285714285714,0.14285714285714285,0.8571428571428572,0.14285714285714285,0.0,0.0,0.0,0.0,0.0
162058,Víctor Chust,https://media.api-sports.io/football/players/162058.png,Defender,D,140,La Liga,797,Elche,630,7,7,6.432857142857142,25.0,90.45643153526972,60.97560975609756,50.0,0.0,4.0,1.0,0.0,1.0,482.0,2.0,10.0,2.0,7.0,41.0,25.0,2.0,1.0,1.0,0.0,4.0,0,0,0.0,1.0,0,0.0,0.0,0.5714285714285714,0.14285714285714285,0.0,0.14285714285714285,68.85714285714285,0.2857142857142857,1.4285714285714284,0.2857142857142857,1.0,5.857142857142858,3.571428571428571,0.2857142857142857,0.14285714285714285,0.14285714285714285,0.0,0.5714285714285714,0.0,0.0,0.0,0.14285714285714285,0.0,0.0
316115,Ángel Recio,https://media.api-sports.io/football/players/316115.png,Defender,D,140,La Liga,535,Malaga,630,7,7,6.695714285714286,25.0,92.32613908872902,41.66666666666667,100.0,0.0,4.0,1.0,0.0,0.0,417.0,1.0,8.0,4.0,6.0,36.0,15.0,1.0,1.0,5.0,1.0,5.0,0,0,0.0,0.0,0,0.0,0.0,0.5714285714285714,0.14285714285714285,0.0,0.0,59.57142857142857,0.14285714285714285,1.1428571428571428,0.5714285714285714,0.8571428571428572,5.142857142857142,2.142857142857143,0.14285714285714285,0.14285714285714285,0.7142857142857142,0.14285714285714285,0.7142857142857142,0.0,0.0,0.0,0.0,0.0,0.0
106759,Ville Koski,https://media.api-sports.io/football/players/106759.png,Defender,D,140,La Liga,542,Alaves,620,7,7,6.7935483870967746,100.0,87.21461187214612,40.54054054054054,100.0,0.0,2.0,2.0,1.0,0.0,219.0,0.0,4.0,6.0,8.0,37.0,15.0,1.0,1.0,1.0,1.0,9.0,0,0,0.0,0.0,0,0.0,0.0,0.2903225806451613,0.2903225806451613,0.14516129032258066,0.0,31.79032258064516,0.0,0.5806451612903226,0.8709677419354839,1.1612903225806452,5.370967741935484,2.1774193548387095,0.14516129032258066,0.14516129032258066,0.14516129032258066,0.14516129032258066,1.3064516129032258,0.0,0.0,0.0,0.0,0.0,0.0
199044,Jon Aramburu,https://media.api-sports.io/football/players/199044.png,Defender,D,140,La Liga,548,Real Sociedad,597,7,7,6.5572864321608035,50.0,86.21908127208481,53.46534653465347,62.5,0.0,4.0,2.0,0.0,0.0,283.0,4.0,22.0,2.0,16.0,101.0,54.0,8.0,5.0,6.0,13.0,25.0,3,0,0.0,0.0,0,0.0,0.0,0.6030150753768845,0.30150753768844224,0.0,0.0,42.66331658291457,0.6030150753768845,3.3165829145728645,0.30150753768844224,2.412060301507538,15.226130653266331,8.14070351758794,1.206030150753769,0.7537688442211055,0.9045226130653267,1.9597989949748744,3.7688442211055277,0.45226130653266333,0.0,0.0,0.0,0.0,0.0
47250,Djené,https://media.api-sports.io/football/players/47250.png,Defender,D,140,La Liga,546,Getafe,596,7,7,6.543456375838926,,83.2,51.61290322580645,100.0,0.0,0.0,0.0,0.0,0.0,250.0,1.0,6.0,2.0,9.0,31.0,16.0,1.0,1.0,2.0,2.0,6.0,2,0,0.0,1.0,0,0.0,0.0,0.0,0.0,0.0,0.0,37.75167785234899,0.15100671140939598,0.9060402684563758,0.30201342281879195,1.3590604026845639,4.681208053691275,2.4161073825503356,0.15100671140939598,0.15100671140939598,0.30201342281879195,0.30201342281879195,0.9060402684563758,0.30201342281879195,0.0,0.0,0.15100671140939598,0.0,0.0
23,Sergio Gómez,https://media.api-sports.io/football/players/23.png,Defender,D,140,La Liga,548,Real Sociedad,591,7,7,6.700507614213198,25.0,88.15028901734104,63.888888888888886,85.71428571428571,2.0,4.0,1.0,0.0,0.0,346.0,8.0,12.0,1.0,5.0,36.0,23.0,7.0,6.0,2.0,1.0,3.0,1,0,0.0,0.0,0,0.0,0.3045685279187817,0.6091370558375634,0.15228426395939085,0.0,0.0,52.69035532994924,1.2182741116751268,1.8274111675126903,0.15228426395939085,0.7614213197969543,5.4822335025380715,3.50253807106599,1.0659898477157361,0.9137055837563451,0.3045685279187817,0.15228426395939085,0.45685279187817257,0.15228426395939085,0.0,0.0,0.0,0.0,0.0
6233,Nahuel Tenaglia,https://media.api-sports.io/football/players/6233.png,Defender,D,140,La Liga,542,Alaves,585,7,7,6.886923076923077,66.66666666666666,81.77339901477832,50.0,30.0,2.0,3.0,2.0,1.0,0.0,203.0,2.0,12.0,1.0,10.0,58.0,29.0,10.0,3.0,3.0,9.0,6.0,2,0,0.0,1.0,0,0.0,0.3076923076923077,0.46153846153846156,0.3076923076923077,0.15384615384615385,0.0,31.23076923076923,0.3076923076923077,1.8461538461538463,0.15384615384615385,1.5384615384615385,8.923076923076923,4.461538461538462,1.5384615384615385,0.46153846153846156,0.46153846153846156,1.3846153846153846,0.9230769230769231,0.3076923076923077,0.0,0.0,0.15384615384615385,0.0,0.0
329722,Yoel Lago,https://media.api-sports.io/football/players/329722.png,Defender,D,140,La Liga,538,Celta Vigo,585,7,6,6.775384615384616,,93.30024813895783,40.476190476190474,,1.0,0.0,0.0,0.0,0.0,403.0,1.0,6.0,2.0,14.0,42.0,17.0,0.0,0.0,0.0,7.0,12.0,3,0,0.0,0.0,0,0.0,0.15384615384615385,0.0,0.0,0.0,0.0,62.0,0.15384615384615385,0.9230769230769231,0.3076923076923077,2.153846153846154,6.461538461538461,2.6153846153846154,0.0,0.0,0.0,1.076923076923077,1.8461538461538463,0.46153846153846156,0.0,0.0,0.0,0.0,0.0
161963,Germán Valera,https://media.api-sports.io/football/players/161963.png,Midfielder,D,140,La Liga,797,Elche,572,7,7,6.695541958041959,50.0,86.45833333333334,54.71698113207547,46.666666666666664,2.0,2.0,1.0,1.0,0.0,192.0,11.0,6.0,0.0,4.0,53.0,29.0,15.0,7.0,1.0,13.0,5.0,1,0,0.0,0.0,0,0.0,0.3146853146853147,0.3146853146853147,0.15734265734265734,0.15734265734265734,0.0,30.20979020979021,1.7307692307692308,0.9440559440559441,0.0,0.6293706293706294,8.339160839160838,4.5629370629370625,2.36013986013986,1.1013986013986015,0.15734265734265734,2.0454545454545454,0.7867132867132868,0.15734265734265734,0.0,0.0,0.0,0.0,0.0
127025,Giacomo Quagliata,https://media.api-sports.io/football/players/127025.png,Defender,D,140,La Liga,544,Deportivo La Coruna,569,7,6,6.463444639718805,20.0,75.24271844660194,47.82608695652174,50.0,1.0,5.0,1.0,0.0,0.0,206.0,6.0,5.0,2.0,13.0,46.0,22.0,10.0,5.0,5.0,10.0,5.0,1,0,0.0,0.0,0,0.0,0.15817223198594024,0.7908611599297013,0.15817223198594024,0.0,0.0,32.58347978910369,0.9490333919156415,0.7908611599297013,0.3163444639718805,2.0562390158172232,7.275922671353252,3.479789103690685,1.5817223198594026,0.7908611599297013,0.7908611599297013,1.5817223198594026,0.7908611599297013,0.15817223198594024,0.0,0.0,0.0,0.0,0.0
47463,Pepelu,https://media.api-sports.io/football/players/47463.png,Defender,D,140,La Liga,532,Valencia,568,7,7,6.785739436619719,,88.34688346883469,55.172413793103445,,0.0,0.0,0.0,0.0,0.0,369.0,1.0,12.0,3.0,6.0,29.0,16.0,0.0,0.0,4.0,2.0,4.0,1,0,0.0,0.0,0,0.0,0.0,0.0,0.0,0.0,0.0,58.46830985915493,0.15845070422535212,1.9014084507042253,0.4753521126760563,0.9507042253521126,4.595070422535211,2.535211267605634,0.0,0.0,0.6338028169014085,0.31690140845070425,0.6338028169014085,0.15845070422535212,0.0,0.0,0.0,0.0,0.0
421044,Iñigo Arguibide,https://media.api-sports.io/football/players/421044.png,Defender,D,140,La Liga,727,Osasuna,566,7,7,6.334275618374558,0.0,80.2919708029197,40.74074074074074,38.88888888888889,4.0,2.0,0.0,0.0,0.0,137.0,2.0,9.0,2.0,3.0,54.0,22.0,18.0,7.0,2.0,6.0,9.0,0,0,0.0,0.0,0,0.0,0.6360424028268551,0.31802120141342755,0.0,0.0,0.0,21.784452296819786,0.31802120141342755,1.431095406360424,0.31802120141342755,0.4770318021201414,8.586572438162545,3.498233215547703,2.862190812720848,1.1130742049469964,0.31802120141342755,0.9540636042402828,1.431095406360424,0.0,0.0,0.0,0.0,0.0,0.0
551403,Rafa Garrido,https://media.api-sports.io/football/players/551403.png,Defender,D,140,La Liga,535,Malaga,562,7,6,6.684875444839857,,90.10600706713781,61.53846153846154,69.23076923076923,2.0,0.0,0.0,0.0,0.0,283.0,1.0,8.0,5.0,8.0,52.0,32.0,13.0,9.0,2.0,12.0,6.0,1,0,1.0,0.0,0,0.0,0.32028469750889677,0.0,0.0,0.0,0.0,45.320284697508896,0.16014234875444838,1.281138790035587,0.8007117437722421,1.281138790035587,8.327402135231317,5.124555160142348,2.0818505338078293,1.4412811387900357,0.32028469750889677,1.9217081850533808,0.9608540925266904,0.16014234875444838,0.0,0.16014234875444838,0.0,0.0,0.0
30399,Dávid Hancko,https://media.api-sports.io/football/players/30399.png,Defender,D,140,La Liga,530,Atletico Madrid,549,7,6,7.229508196721311,25.0,89.47368421052632,72.22222222222221,100.0,0.0,4.0,1.0,0.0,2.0,437.0,3.0,8.0,3.0,9.0,36.0,26.0,7.0,7.0,1.0,3.0,2.0,1,0,0.0,0.0,0,0.0,0.0,0.6557377049180327,0.16393442622950818,0.0,0.32786885245901637,71.63934426229508,0.4918032786885246,1.3114754098360655,0.4918032786885246,1.4754098360655739,5.901639344262295,4.262295081967213,1.1475409836065575,1.1475409836065575,0.16393442622950818,0.4918032786885246,0.32786885245901637,0.16393442622950818,0.0,0.0,0.0,0.0,0.0
482469,Jorge Salinas,https://media.api-sports.io/football/players/482469.png,Defender,D,140,La Liga,4665,Racing Santander,548,7,6,6.487226277372263,100.0,78.66666666666666,63.888888888888886,27.27272727272727,0.0,2.0,2.0,0.0,1.0,225.0,3.0,23.0,0.0,9.0,72.0,46.0,11.0,3.0,7.0,9.0,4.0,2,0,2.0,0.0,0,0.0,0.0,0.3284671532846715,0.3284671532846715,0.0,0.16423357664233576,36.95255474452555,0.4927007299270073,3.7773722627737225,0.0,1.478102189781022,11.824817518248176,7.554744525547445,1.8065693430656935,0.4927007299270073,1.1496350364963503,1.478102189781022,0.656934306569343,0.3284671532846715,0.0,0.3284671532846715,0.0,0.0,0.0
47533,Alejandro Catena,https://media.api-sports.io/football/players/47533.png,Defender,D,140,La Liga,727,Osasuna,540,7,6,6.841666666666667,,84.36657681940702,63.829787234042556,66.66666666666666,0.0,0.0,0.0,0.0,0.0,371.0,1.0,7.0,5.0,4.0,47.0,30.0,3.0,2.0,0.0,5.0,5.0,0,0,0.0,0.0,0,0.0,0.0,0.0,0.0,0.0,0.0,61.83333333333333,0.16666666666666669,1.1666666666666667,0.8333333333333333,0.6666666666666667,7.833333333333333,5.0,0.5,0.33333333333333337,0.0,0.8333333333333333,0.8333333333333333,0.0,0.0,0.0,0.0,0.0,0.0
1703,Andrei Rațiu,https://media.api-sports.io/football/players/1703.png,Defender,D,140,La Liga,728,Rayo Vallecano,540,7,6,6.616666666666666,40.0,76.52582159624414,48.484848484848484,42.857142857142854,1.0,5.0,2.0,1.0,0.0,213.0,4.0,9.0,1.0,8.0,66.0,32.0,21.0,9.0,4.0,10.0,4.0,0,0,0.0,0.0,0,0.0,0.16666666666666669,0.8333333333333333,0.33333333333333337,0.16666666666666669,0.0,35.5,0.6666666666666667,1.5,0.16666666666666669,1.3333333333333335,11.0,5.333333333333334,3.5,1.5,0.6666666666666667,1.6666666666666665,0.6666666666666667,0.0,0.0,0.0,0.0,0.0,0.0
446067,Buba Sangaré,https://media.api-sports.io/football/players/446067.png,Defender,D,140,La Liga,797,Elche,540,7,7,6.232611111111112,100.0,83.23699421965318,46.34146341463415,20.0,1.0,1.0,1.0,1.0,0.0,173.0,2.0,12.0,0.0,3.0,41.0,19.0,10.0,2.0,1.0,3.0,7.0,0,0,0.0,0.0,0,0.0,0.16666666666666669,0.16666666666666669,0.16666666666666669,0.16666666666666669,0.0,28.833333333333332,0.33333333333333337,2.0,0.0,0.5,6.833333333333333,3.166666666666667,1.6666666666666665,0.33333333333333337,0.16666666666666669,0.5,1.1666666666666667,0.0,0.0,0.0,0.0,0.0,0.0
1145,Ibrahima Konaté,https://media.api-sports.io/football/players/1145.png,Defender,D,140,La Liga,541,Real Madrid,540,7,6,6.955,25.0,94.0,50.0,0.0,0.0,4.0,1.0,0.0,0.0,350.0,2.0,7.0,6.0,3.0,42.0,21.0,1.0,0.0,1.0,3.0,8.0,3,0,0.0,0.0,0,0.0,0.0,0.6666666666666667,0.16666666666666669,0.0,0.0,58.333333333333336,0.33333333333333337,1.1666666666666667,1.0,0.5,7.0,3.5,0.16666666666666669,0.0,0.16666666666666669,0.5,1.3333333333333335,0.5,0.0,0.0,0.0,0.0,0.0
195100,Natan,https://media.api-sports.io/football/players/195100.png,Defender,D,140,La Liga,543,Real Betis,540,7,6,7.433333333333334,33.33333333333333,91.69054441260745,82.85714285714286,100.0,1.0,3.0,1.0,1.0,0.0,349.0,3.0,13.0,7.0,1.0,35.0,29.0,2.0,2.0,1.0,2.0,2.0,2,0,0.0,1.0,0,0.0,0.16666666666666669,0.5,0.16666666666666669,0.16666666666666669,0.0,58.166666666666664,0.5,2.1666666666666665,1.1666666666666667,0.16666666666666669,5.833333333333333,4.833333333333333,0.33333333333333337,0.33333333333333337,0.16666666666666669,0.33333333333333337,0.33333333333333337,0.33333333333333337,0.0,0.0,0.16666666666666669,0.0,0.0
450716,Roger Hinojo,https://media.api-sports.io/football/players/450716.png,Defender,D,140,La Liga,540,Espanyol,536,7,7,6.560261194029851,0.0,82.46268656716418,54.347826086956516,25.0,0.0,1.0,0.0,0.0,0.0,268.0,2.0,15.0,1.0,5.0,46.0,25.0,4.0,1.0,5.0,2.0,4.0,2,0,0.0,0.0,0,0.0,0.0,0.16791044776119401,0.0,0.0,0.0,45.0,0.33582089552238803,2.5186567164179103,0.16791044776119401,0.8395522388059701,7.723880597014925,4.197761194029851,0.6716417910447761,0.16791044776119401,0.8395522388059701,0.33582089552238803,0.6716417910447761,0.33582089552238803,0.0,0.0,0.0,0.0,0.0
563,Alejandro Grimaldo,https://media.api-sports.io/football/players/563.png,Defender,D,140,La Liga,530,Atletico Madrid,535,7,6,6.9570093457943925,71.42857142857143,84.66898954703834,53.44827586206896,57.89473684210527,0.0,7.0,5.0,2.0,1.0,287.0,4.0,14.0,2.0,4.0,58.0,31.0,19.0,11.0,5.0,2.0,6.0,0,0,0.0,0.0,2,0.0,0.0,1.177570093457944,0.8411214953271028,0.33644859813084116,0.16822429906542058,48.2803738317757,0.6728971962616823,2.355140186915888,0.33644859813084116,0.6728971962616823,9.757009345794392,5.214953271028038,3.196261682242991,1.8504672897196262,0.8411214953271028,0.33644859813084116,1.0093457943925233,0.0,0.0,0.0,0.0,0.33644859813084116,0.0
47360,Ximo Navarro,https://media.api-sports.io/football/players/47360.png,Defender,D,140,La Liga,544,Deportivo La Coruna,533,7,6,6.35703564727955,0.0,86.36363636363636,47.16981132075472,0.0,2.0,4.0,0.0,0.0,0.0,220.0,1.0,15.0,1.0,9.0,53.0,25.0,5.0,0.0,6.0,6.0,4.0,2,0,0.0,0.0,0,0.0,0.33771106941838647,0.6754221388367729,0.0,0.0,0.0,37.148217636022515,0.16885553470919323,2.5328330206378986,0.16885553470919323,1.5196998123827392,8.949343339587243,4.221388367729831,0.8442776735459663,0.0,1.0131332082551594,1.0131332082551594,0.6754221388367729,0.33771106941838647,0.0,0.0,0.0,0.0,0.0
181259,Abel Bretones,https://media.api-sports.io/football/players/181259.png,Defender,D,140,La Liga,727,Osasuna,529,7,6,6.276465028355387,0.0,80.72916666666666,40.67796610169492,25.0,1.0,2.0,0.0,0.0,0.0,192.0,3.0,13.0,1.0,4.0,59.0,24.0,8.0,2.0,5.0,2.0,10.0,2,0,0.0,0.0,0,0.0,0.17013232514177695,0.3402646502835539,0.0,0.0,0.0,32.66540642722117,0.5103969754253308,2.2117202268431,0.17013232514177695,0.6805293005671078,10.037807183364839,4.083175803402646,1.3610586011342156,0.3402646502835539,0.8506616257088847,0.3402646502835539,1.7013232514177694,0.3402646502835539,0.0,0.0,0.0,0.0,0.0
286601,Omar El Hilali,https://media.api-sports.io/football/players/286601.png,Defender,D,140,La Liga,540,Espanyol,525,6,6,7.032,,81.29032258064515,53.57142857142857,60.0,4.0,0.0,0.0,0.0,1.0,155.0,3.0,13.0,3.0,6.0,56.0,30.0,5.0,3.0,3.0,4.0,17.0,1,1,0.0,0.0,0,0.0,0.6857142857142857,0.0,0.0,0.0,0.17142857142857143,26.571428571428573,0.5142857142857142,2.2285714285714286,0.5142857142857142,1.0285714285714285,9.600000000000001,5.142857142857142,0.8571428571428572,0.5142857142857142,0.5142857142857142,0.6857142857142857,2.914285714285714,0.17142857142857143,0.17142857142857143,0.0,0.0,0.0,0.0
734,Adrián de la Fuente,https://media.api-sports.io/football/players/734.png,Defender,D,140,La Liga,539,Levante,521,6,6,7.115547024952015,40.0,83.60128617363344,57.89473684210527,50.0,0.0,5.0,2.0,1.0,0.0,311.0,2.0,8.0,1.0,8.0,38.0,22.0,2.0,1.0,3.0,8.0,6.0,1,0,0.0,0.0,0,0.0,0.0,0.8637236084452974,0.345489443378119,0.1727447216890595,0.0,53.72360844529751,0.345489443378119,1.381957773512476,0.1727447216890595,1.381957773512476,6.564299424184261,3.800383877159309,0.345489443378119,0.1727447216890595,0.5182341650671786,1.381957773512476,1.0364683301343571,0.1727447216890595,0.0,0.0,0.0,0.0,0.0
64309,Manuel Sánchez,https://media.api-sports.io/football/players/64309.png,Defender,D,140,La Liga,539,Levante,521,6,6,6.604165067178503,0.0,83.20610687022901,51.28205128205128,37.5,0.0,1.0,0.0,0.0,0.0,262.0,1.0,26.0,2.0,6.0,78.0,40.0,8.0,3.0,17.0,7.0,4.0,0,0,0.0,0.0,0,0.0,0.0,0.1727447216890595,0.0,0.0,0.0,45.259117082533585,0.1727447216890595,4.4913627639155465,0.345489443378119,1.0364683301343571,13.474088291746641,6.909788867562379,1.381957773512476,0.5182341650671786,2.9366602687140113,1.2092130518234165,0.690978886756238,0.0,0.0,0.0,0.0,0.0,0.0
180927,Zaid Romero,https://media.api-sports.io/football/players/180927.png,Defender,D,140,La Liga,546,Getafe,517,6,6,7.010793036750483,0.0,83.33333333333334,61.224489795918366,75.0,0.0,1.0,0.0,0.0,0.0,234.0,1.0,8.0,4.0,12.0,49.0,30.0,12.0,9.0,3.0,5.0,4.0,0,1,0.0,0.0,0,0.0,0.0,0.17408123791102514,0.0,0.0,0.0,40.73500967117988,0.17408123791102514,1.3926499032882012,0.6963249516441006,2.0889748549323017,8.529980657640232,5.222437137330754,2.0889748549323017,1.5667311411992264,0.5222437137330754,0.8704061895551258,0.6963249516441006,0.0,0.17408123791102514,0.0,0.0,0.0,0.0
1439,Héctor Bellerín,https://media.api-sports.io/football/players/1439.png,Defender,D,140,La Liga,543,Real Betis,514,7,5,6.567315175097276,100.0,85.71428571428571,45.94594594594595,33.33333333333333,2.0,2.0,2.0,0.0,0.0,273.0,9.0,12.0,2.0,5.0,37.0,17.0,3.0,1.0,8.0,1.0,6.0,1,0,0.0,0.0,0,0.0,0.35019455252918286,0.35019455252918286,0.35019455252918286,0.0,0.0,47.80155642023346,1.575875486381323,2.1011673151750974,0.35019455252918286,0.8754863813229572,6.4785992217898825,2.9766536964980546,0.5252918287937743,0.17509727626459143,1.4007782101167314,0.17509727626459143,1.0505836575875487,0.17509727626459143,0.0,0.0,0.0,0.0,0.0
1567,Aïssa Mandi,https://media.api-sports.io/football/players/1567.png,Defender,D,140,La Liga,539,Levante,513,6,6,6.956140350877193,0.0,92.51700680272108,75.75757575757575,100.0,1.0,1.0,0.0,0.0,0.0,294.0,2.0,10.0,2.0,8.0,33.0,25.0,1.0,1.0,0.0,4.0,2.0,2,0,0.0,0.0,0,0.0,0.17543859649122806,0.17543859649122806,0.0,0.0,0.0,51.57894736842105,0.3508771929824561,1.7543859649122806,0.3508771929824561,1.4035087719298245,5.789473684210526,4.385964912280701,0.17543859649122806,0.17543859649122806,0.0,0.7017543859649122,0.3508771929824561,0.3508771929824561,0.0,0.0,0.0,0.0,0.0
181685,Alvaro Mantilla,https://media.api-sports.io/football/players/181685.png,Defender,D,140,La Liga,4665,Racing Santander,512,7,6,6.318359375,0.0,73.70689655172413,58.97435897435898,25.0,0.0,1.0,0.0,0.0,0.0,232.0,1.0,14.0,2.0,5.0,39.0,23.0,4.0,1.0,2.0,2.0,6.0,2,0,0.0,0.0,0,0.0,0.0,0.17578125,0.0,0.0,0.0,40.78125,0.17578125,2.4609375,0.3515625,0.87890625,6.85546875,4.04296875,0.703125,0.17578125,0.3515625,0.3515625,1.0546875,0.3515625,0.0,0.0,0.0,0.0,0.0
18740,Jonny Otto,https://media.api-sports.io/football/players/18740.png,Defender,D,140,La Liga,542,Alaves,510,7,6,7.013725490196078,50.0,85.36585365853658,61.53846153846154,50.0,0.0,2.0,1.0,0.0,0.0,205.0,2.0,13.0,3.0,5.0,39.0,24.0,6.0,3.0,2.0,3.0,2.0,0,0,0.0,0.0,0,0.0,0.0,0.3529411764705882,0.1764705882352941,0.0,0.0,36.1764705882353,0.3529411764705882,2.2941176470588234,0.5294117647058824,0.8823529411764706,6.882352941176471,4.235294117647059,1.0588235294117647,0.5294117647058824,0.3529411764705882,0.5294117647058824,0.3529411764705882,0.0,0.0,0.0,0.0,0.0,0.0
361497,Dean Huijsen,https://media.api-sports.io/football/players/361497.png,Defender,D,140,La Liga,541,Real Madrid,502,7,7,6.9812749003984065,40.0,96.54255319148936,63.63636363636363,,0.0,5.0,2.0,0.0,0.0,376.0,2.0,9.0,0.0,9.0,33.0,21.0,0.0,0.0,1.0,3.0,6.0,0,1,0.0,1.0,0,0.0,0.0,0.896414342629482,0.35856573705179284,0.0,0.0,67.41035856573706,0.35856573705179284,1.6135458167330679,0.0,1.6135458167330679,5.916334661354582,3.7649402390438245,0.0,0.0,0.17928286852589642,0.5378486055776892,1.0756972111553784,0.0,0.17928286852589642,0.0,0.17928286852589642,0.0,0.0
64268,Johan Mojica,https://media.api-sports.io/football/players/64268.png,Defender,D,140,La Liga,546,Getafe,495,7,5,6.78,0.0,69.51219512195121,56.00000000000001,23.076923076923077,0.0,5.0,0.0,0.0,0.0,164.0,8.0,8.0,1.0,3.0,50.0,28.0,13.0,3.0,0.0,13.0,3.0,3,0,0.0,0.0,0,0.0,0.0,0.9090909090909092,0.0,0.0,0.0,29.81818181818182,1.4545454545454546,1.4545454545454546,0.18181818181818182,0.5454545454545454,9.09090909090909,5.090909090909091,2.3636363636363638,0.5454545454545454,0.0,2.3636363636363638,0.5454545454545454,0.5454545454545454,0.0,0.0,0.0,0.0,0.0
622,Aymeric Laporte,https://media.api-sports.io/football/players/622.png,Defender,D,140,La Liga,531,Athletic Club,482,6,5,6.930497925311204,0.0,94.41747572815534,61.76470588235294,50.0,1.0,2.0,0.0,0.0,0.0,412.0,0.0,8.0,2.0,4.0,34.0,21.0,2.0,1.0,2.0,3.0,3.0,0,0,0.0,0.0,0,0.0,0.18672199170124482,0.37344398340248963,0.0,0.0,0.0,76.92946058091286,0.0,1.4937759336099585,0.37344398340248963,0.7468879668049793,6.348547717842323,3.921161825726141,0.37344398340248963,0.18672199170124482,0.37344398340248963,0.5601659751037344,0.5601659751037344,0.0,0.0,0.0,0.0,0.0,0.0
736,Fran García,https://media.api-sports.io/football/players/736.png,Defender,D,140,La Liga,543,Real Betis,481,7,5,6.919334719334719,,86.25,65.78947368421053,100.0,1.0,0.0,0.0,0.0,1.0,240.0,5.0,15.0,2.0,7.0,38.0,25.0,2.0,2.0,5.0,5.0,3.0,1,0,0.0,0.0,0,0.0,0.18711018711018712,0.0,0.0,0.0,0.18711018711018712,44.90644490644491,0.9355509355509356,2.806652806652807,0.37422037422037424,1.30977130977131,7.110187110187111,4.677754677754678,0.37422037422037424,0.37422037422037424,0.9355509355509356,0.9355509355509356,0.5613305613305614,0.18711018711018712,0.0,0.0,0.0,0.0,0.0
338902,Andrés Castrin,https://media.api-sports.io/football/players/338902.png,Defender,D,140,La Liga,536,Sevilla,480,7,5,6.828125,50.0,87.3170731707317,78.26086956521739,50.0,1.0,2.0,1.0,0.0,0.0,205.0,3.0,6.0,3.0,6.0,23.0,18.0,2.0,1.0,0.0,3.0,1.0,0,0,0.0,0.0,0,0.0,0.1875,0.375,0.1875,0.0,0.0,38.4375,0.5625,1.125,0.5625,1.125,4.3125,3.375,0.375,0.1875,0.0,0.5625,0.1875,0.0,0.0,0.0,0.0,0.0,0.0
388013,Andrés García,https://media.api-sports.io/football/players/388013.png,Defender,D,140,La Liga,546,Getafe,472,6,6,6.638940677966103,16.666666666666664,85.71428571428571,47.368421052631575,54.54545454545454,0.0,6.0,1.0,0.0,0.0,147.0,5.0,11.0,0.0,3.0,38.0,18.0,11.0,6.0,3.0,1.0,2.0,0,0,0.0,0.0,0,0.0,0.0,1.1440677966101696,0.1906779661016949,0.0,0.0,28.029661016949152,0.9533898305084745,2.097457627118644,0.0,0.5720338983050848,7.245762711864407,3.4322033898305087,2.097457627118644,1.1440677966101696,0.5720338983050848,0.1906779661016949,0.3813559322033898,0.0,0.0,0.0,0.0,0.0,0.0
14470,Einar Galilea,https://media.api-sports.io/football/players/14470.png,Defender,D,140,La Liga,535,Malaga,469,7,6,6.721428571428572,,90.83333333333333,55.55555555555556,100.0,0.0,0.0,0.0,0.0,0.0,360.0,0.0,7.0,3.0,7.0,27.0,15.0,4.0,4.0,5.0,3.0,5.0,2,0,0.0,0.0,0,0.0,0.0,0.0,0.0,0.0,0.0,69.08315565031984,0.0,1.3432835820895521,0.5756929637526652,1.3432835820895521,5.181236673773987,2.878464818763326,0.767590618336887,0.767590618336887,0.9594882729211087,0.5756929637526652,0.9594882729211087,0.3837953091684435,0.0,0.0,0.0,0.0,0.0
619,Eric García,https://media.api-sports.io/football/players/619.png,Defender,D,140,La Liga,529,Barcelona,469,7,6,7.143496801705758,0.0,89.93135011441647,56.75675675675676,33.33333333333333,0.0,4.0,0.0,0.0,0.0,437.0,5.0,14.0,1.0,5.0,37.0,21.0,6.0,2.0,3.0,0.0,4.0,0,0,0.0,0.0,0,0.0,0.0,0.767590618336887,0.0,0.0,0.0,83.8592750533049,0.9594882729211087,2.6865671641791042,0.19189765458422176,0.9594882729211087,7.100213219616205,4.029850746268656,1.1513859275053304,0.3837953091684435,0.5756929637526652,0.0,0.767590618336887,0.0,0.0,0.0,0.0,0.0,0.0
753,Marcos Llorente,https://media.api-sports.io/football/players/753.png,Defender,D,140,La Liga,530,Atletico Madrid,465,7,5,6.994838709677419,100.0,93.0835734870317,47.5,66.66666666666666,0.0,2.0,2.0,0.0,1.0,347.0,9.0,11.0,5.0,9.0,40.0,19.0,6.0,4.0,6.0,2.0,8.0,1,0,0.0,0.0,0,0.0,0.0,0.3870967741935484,0.3870967741935484,0.0,0.1935483870967742,67.16129032258064,1.7419354838709677,2.129032258064516,0.967741935483871,1.7419354838709677,7.741935483870968,3.67741935483871,1.1612903225806452,0.7741935483870968,1.1612903225806452,0.3870967741935484,1.5483870967741935,0.1935483870967742,0.0,0.0,0.0,0.0,0.0
405073,Jon Martin,https://media.api-sports.io/football/players/405073.png,Defender,D,140,La Liga,548,Real Sociedad,456,6,6,6.669078947368421,50.0,91.00719424460432,58.536585365853654,0.0,0.0,2.0,1.0,0.0,0.0,278.0,1.0,8.0,4.0,3.0,41.0,24.0,2.0,0.0,1.0,3.0,7.0,0,1,0.0,0.0,0,0.0,0.0,0.39473684210526316,0.19736842105263158,0.0,0.0,54.86842105263158,0.19736842105263158,1.5789473684210527,0.7894736842105263,0.5921052631578947,8.092105263157896,4.7368421052631575,0.39473684210526316,0.0,0.19736842105263158,0.5921052631578947,1.381578947368421,0.0,0.19736842105263158,0.0,0.0,0.0,0.0
30497,Gleison Bremer,https://media.api-sports.io/football/players/30497.png,Defender,D,135,Serie A,496,Juventus,455,5,5,7.328571428571428,50.0,90.9090909090909,57.14285714285714,100.0,2.0,4.0,2.0,2.0,0.0,275.0,5.0,7.0,1.0,8.0,42.0,24.0,2.0,2.0,1.0,1.0,9.0,0,0,0.0,0.0,0,0.0,0.3956043956043956,0.7912087912087912,0.3956043956043956,0.3956043956043956,0.0,54.395604395604394,0.989010989010989,1.3846153846153846,0.1978021978021978,1.5824175824175823,8.307692307692308,4.747252747252747,0.3956043956043956,0.3956043956043956,0.1978021978021978,0.1978021978021978,1.7802197802197801,0.0,0.0,0.0,0.0,0.0,0.0
162188,Pierre Kalulu,https://media.api-sports.io/football/players/162188.png,Defender,D,135,Serie A,496,Juventus,455,5,5,6.710989010989011,100.0,86.47540983606558,57.14285714285714,0.0,0.0,1.0,1.0,0.0,0.0,244.0,4.0,6.0,1.0,5.0,21.0,12.0,2.0,0.0,1.0,3.0,2.0,0,0,0.0,0.0,0,0.0,0.0,0.1978021978021978,0.1978021978021978,0.0,0.0,48.26373626373626,0.7912087912087912,1.1868131868131868,0.1978021978021978,0.989010989010989,4.153846153846154,2.3736263736263736,0.3956043956043956,0.0,0.1978021978021978,0.5934065934065934,0.3956043956043956,0.0,0.0,0.0,0.0,0.0,0.0
382448,Simone Cinquegrano,https://media.api-sports.io/football/players/382448.png,Defender,D,135,Serie A,488,Sassuolo,455,5,5,6.557142857142857,40.0,85.2760736196319,53.333333333333336,50.0,2.0,5.0,2.0,0.0,0.0,163.0,2.0,6.0,3.0,4.0,30.0,16.0,6.0,3.0,4.0,3.0,4.0,0,0,0.0,0.0,0,0.0,0.3956043956043956,0.989010989010989,0.3956043956043956,0.0,0.0,32.24175824175824,0.3956043956043956,1.1868131868131868,0.5934065934065934,0.7912087912087912,5.934065934065934,3.1648351648351647,1.1868131868131868,0.5934065934065934,0.7912087912087912,0.5934065934065934,0.7912087912087912,0.0,0.0,0.0,0.0,0.0,0.0
30420,Enrico Delprato,https://media.api-sports.io/football/players/30420.png,Defender,D,135,Serie A,523,Parma,454,5,5,6.477533039647578,0.0,77.47252747252747,57.14285714285714,100.0,0.0,2.0,0.0,0.0,0.0,182.0,4.0,3.0,4.0,9.0,21.0,12.0,1.0,1.0,1.0,2.0,3.0,2,0,0.0,0.0,0,0.0,0.0,0.39647577092511016,0.0,0.0,0.0,36.079295154185026,0.7929515418502203,0.5947136563876653,0.7929515418502203,1.7841409691629957,4.1629955947136565,2.378854625550661,0.19823788546255508,0.19823788546255508,0.19823788546255508,0.39647577092511016,0.5947136563876653,0.39647577092511016,0.0,0.0,0.0,0.0,0.0
386305,Jacobo Ramón,https://media.api-sports.io/football/players/386305.png,Defender,D,135,Serie A,895,Como,454,5,5,7.1810572687224665,50.0,90.0,64.0,66.66666666666666,2.0,4.0,2.0,1.0,0.0,360.0,3.0,12.0,2.0,2.0,50.0,32.0,3.0,2.0,3.0,2.0,4.0,0,0,0.0,0.0,0,0.0,0.39647577092511016,0.7929515418502203,0.39647577092511016,0.19823788546255508,0.0,71.36563876651982,0.5947136563876653,2.378854625550661,0.39647577092511016,0.39647577092511016,9.911894273127754,6.343612334801763,0.5947136563876653,0.39647577092511016,0.5947136563876653,0.39647577092511016,0.7929515418502203,0.0,0.0,0.0,0.0,0.0,0.0
20715,A. Monfray,https://media.api-sports.io/football/players/20715.png,Defender,D,61,Ligue 1,110,Estac Troyes,450,5,5,6.946,20.0,85.50185873605948,73.80952380952381,100.0,0.0,5.0,1.0,0.0,0.0,269.0,4.0,15.0,3.0,9.0,42.0,31.0,1.0,1.0,5.0,4.0,1.0,0,0,0.0,0.0,0,0.0,0.0,1.0,0.2,0.0,0.0,53.8,0.8,3.0,0.6000000000000001,1.8,8.4,6.2,0.2,0.2,1.0,0.8,0.2,0.0,0.0,0.0,0.0,0.0,0.0
442933,A. Ouzenadji,https://media.api-sports.io/football/players/442933.png,Defender,D,61,Ligue 1,110,Estac Troyes,450,5,5,6.494000000000001,0.0,74.58563535911603,61.224489795918366,45.45454545454545,0.0,1.0,0.0,0.0,1.0,181.0,5.0,12.0,2.0,6.0,49.0,30.0,11.0,5.0,2.0,12.0,5.0,0,0,0.0,0.0,0,0.0,0.0,0.2,0.0,0.0,0.2,36.199999999999996,1.0,2.4000000000000004,0.4,1.2000000000000002,9.799999999999999,6.0,2.2,1.0,0.4,2.4000000000000004,1.0,0.0,0.0,0.0,0.0,0.0,0.0
84218,Adama Camara,https://media.api-sports.io/football/players/84218.png,Midfielder,D,61,Ligue 1,114,Paris FC,450,5,5,6.595999999999999,0.0,84.72222222222221,55.26315789473685,33.33333333333333,1.0,1.0,0.0,0.0,0.0,216.0,3.0,14.0,0.0,4.0,38.0,21.0,6.0,2.0,0.0,3.0,5.0,0,0,0.0,0.0,0,0.0,0.2,0.2,0.0,0.0,0.0,43.199999999999996,0.6000000000000001,2.8,0.0,0.8,7.6000000000000005,4.2,1.2000000000000002,0.4,0.0,0.6000000000000001,1.0,0.0,0.0,0.0,0.0,0.0,0.0
162267,Adrien Truffert,https://media.api-sports.io/football/players/162267.png,Defender,D,39,Premier League,35,Bournemouth,450,5,5,6.925999999999999,66.66666666666666,85.94594594594595,47.540983606557376,50.0,1.0,3.0,2.0,0.0,0.0,185.0,4.0,17.0,2.0,7.0,61.0,29.0,6.0,3.0,4.0,3.0,11.0,1,0,0.0,0.0,0,0.0,0.2,0.6000000000000001,0.4,0.0,0.0,37.0,0.8,3.4,0.4,1.4,12.200000000000001,5.8,1.2000000000000002,0.6000000000000001,0.8,0.6000000000000001,2.2,0.2,0.0,0.0,0.0,0.0,0.0
142691,Alexsandro Ribeiro,https://media.api-sports.io/football/players/142691.png,Defender,D,61,Ligue 1,79,Lille,450,5,5,7.272,0.0,92.48554913294798,71.875,,0.0,3.0,0.0,0.0,0.0,346.0,1.0,7.0,4.0,2.0,32.0,23.0,0.0,0.0,0.0,5.0,4.0,0,0,0.0,0.0,0,0.0,0.0,0.6000000000000001,0.0,0.0,0.0,69.2,0.2,1.4,0.8,0.4,6.4,4.6000000000000005,0.0,0.0,0.0,1.0,0.8,0.0,0.0,0.0,0.0,0.0,0.0
1314,Amir Rrahmani,https://media.api-sports.io/football/players/1314.png,Defender,D,135,Serie A,492,Napoli,450,5,5,7.22,0.0,89.61424332344214,70.9090909090909,,0.0,2.0,0.0,0.0,1.0,337.0,1.0,11.0,4.0,3.0,55.0,39.0,0.0,0.0,1.0,4.0,7.0,0,0,0.0,0.0,0,0.0,0.0,0.4,0.0,0.0,0.2,67.4,0.2,2.2,0.8,0.6000000000000001,11.0,7.800000000000001,0.0,0.0,0.2,0.8,1.4,0.0,0.0,0.0,0.0,0.0,0.0
331832,António Silva,https://media.api-sports.io/football/players/331832.png,Defender,D,39,Premier League,35,Bournemouth,450,5,5,6.936,25.0,87.14859437751004,60.0,,0.0,4.0,1.0,0.0,0.0,249.0,0.0,5.0,5.0,8.0,40.0,24.0,0.0,0.0,2.0,1.0,3.0,2,0,0.0,0.0,0,0.0,0.0,0.8,0.2,0.0,0.0,49.800000000000004,0.0,1.0,1.0,1.6,8.0,4.800000000000001,0.0,0.0,0.4,0.2,0.6000000000000001,0.4,0.0,0.0,0.0,0.0,0.0
33165,Ayumu Seko,https://media.api-sports.io/football/players/33165.png,Defender,D,61,Ligue 1,111,Le Havre,450,5,5,6.87,0.0,88.41698841698842,50.0,100.0,0.0,4.0,0.0,0.0,0.0,259.0,6.0,5.0,4.0,8.0,28.0,14.0,1.0,1.0,3.0,2.0,7.0,1,0,0.0,0.0,0,0.0,0.0,0.8,0.0,0.0,0.0,51.800000000000004,1.2000000000000002,1.0,0.8,1.6,5.6,2.8,0.2,0.2,0.6000000000000001,0.4,1.4,0.2,0.0,0.0,0.0,0.0,0.0
191189,C. Akpa,https://media.api-sports.io/football/players/191189.png,Defender,D,61,Ligue 1,108,Auxerre,450,5,5,6.094,50.0,76.81818181818181,49.01960784313725,50.0,0.0,2.0,1.0,0.0,0.0,220.0,1.0,9.0,0.0,5.0,51.0,25.0,4.0,2.0,2.0,8.0,7.0,1,0,0.0,0.0,0,0.0,0.0,0.4,0.2,0.0,0.0,44.0,0.2,1.8,0.0,1.0,10.2,5.0,0.8,0.4,0.4,1.6,1.4,0.2,0.0,0.0,0.0,0.0,0.0
278392,C. Cresswell,https://media.api-sports.io/football/players/278392.png,Defender,D,61,Ligue 1,94,Rennes,450,5,5,6.478,0.0,85.0,62.5,,0.0,3.0,0.0,0.0,0.0,300.0,0.0,5.0,1.0,4.0,48.0,30.0,0.0,0.0,2.0,5.0,4.0,1,0,0.0,0.0,0,0.0,0.0,0.6000000000000001,0.0,0.0,0.0,60.0,0.0,1.0,0.2,0.8,9.600000000000001,6.0,0.0,0.0,0.4,1.0,0.8,0.2,0.0,0.0,0.0,0.0,0.0
152967,Calvin Bassey,https://media.api-sports.io/football/players/152967.png,Defender,D,39,Premier League,36,Fulham,450,5,5,6.736,100.0,90.05681818181817,63.33333333333333,57.14285714285714,0.0,2.0,2.0,0.0,0.0,352.0,0.0,6.0,1.0,4.0,30.0,19.0,7.0,4.0,1.0,7.0,3.0,1,0,0.0,0.0,0,0.0,0.0,0.4,0.4,0.0,0.0,70.4,0.0,1.2000000000000002,0.2,0.8,6.0,3.8000000000000003,1.4,0.8,0.2,1.4,0.6000000000000001,0.2,0.0,0.0,0.0,0.0,0.0
126949,Chris Richards,https://media.api-sports.io/football/players/126949.png,Defender,D,39,Premier League,52,Crystal Palace,450,5,5,6.688,100.0,88.88888888888889,51.61290322580645,50.0,0.0,2.0,2.0,0.0,0.0,225.0,0.0,8.0,6.0,7.0,31.0,16.0,4.0,2.0,1.0,0.0,2.0,1,0,0.0,0.0,0,0.0,0.0,0.4,0.4,0.0,0.0,45.0,0.0,1.6,1.2000000000000002,1.4,6.2,3.2,0.8,0.4,0.2,0.0,0.4,0.2,0.0,0.0,0.0,0.0,0.0
55904,Daniel Ballard,https://media.api-sports.io/football/players/55904.png,Defender,D,39,Premier League,746,Sunderland,450,5,5,6.808,0.0,83.09178743961353,55.55555555555556,50.0,0.0,3.0,0.0,0.0,0.0,207.0,2.0,10.0,4.0,4.0,81.0,45.0,2.0,1.0,3.0,8.0,10.0,2,0,0.0,0.0,0,0.0,0.0,0.6000000000000001,0.0,0.0,0.0,41.4,0.4,2.0,0.8,0.8,16.2,9.0,0.4,0.2,0.6000000000000001,1.6,2.0,0.4,0.0,0.0,0.0,0.0,0.0
161702,Danilo Veiga,https://media.api-sports.io/football/players/161702.png,Defender,D,135,Serie A,867,Lecce,450,5,5,6.68,,77.63975155279503,47.45762711864407,37.5,0.0,0.0,0.0,0.0,1.0,161.0,3.0,16.0,2.0,4.0,59.0,28.0,8.0,3.0,7.0,7.0,8.0,3,0,0.0,0.0,0,0.0,0.0,0.0,0.0,0.0,0.2,32.199999999999996,0.6000000000000001,3.2,0.4,0.8,11.8,5.6,1.6,0.6000000000000001,1.4,1.4,1.6,0.6000000000000001,0.0,0.0,0.0,0.0,0.0
17597,Dara O'Shea,https://media.api-sports.io/football/players/17597.png,Defender,D,39,Premier League,57,Ipswich,450,5,5,6.312,0.0,73.76237623762376,62.7906976744186,66.66666666666666,0.0,1.0,0.0,0.0,0.0,202.0,5.0,7.0,4.0,6.0,43.0,27.0,3.0,2.0,2.0,3.0,3.0,0,0,0.0,0.0,0,0.0,0.0,0.2,0.0,0.0,0.0,40.4,1.0,1.4,0.8,1.2000000000000002,8.6,5.3999999999999995,0.6000000000000001,0.4,0.4,0.6000000000000001,0.6000000000000001,0.0,0.0,0.0,0.0,0.0,0.0
126640,David Affengruber,https://media.api-sports.io/football/players/126640.png,Defender,D,140,La Liga,36,Fulham,450,6,5,6.548,0.0,88.50931677018633,60.0,100.0,0.0,3.0,0.0,0.0,0.0,322.0,2.0,6.0,5.0,7.0,25.0,15.0,2.0,2.0,2.0,4.0,2.0,0,0,0.0,0.0,0,0.0,0.0,0.6000000000000001,0.0,0.0,0.0,64.39999999999999,0.4,1.2000000000000002,1.0,1.4,5.0,3.0,0.4,0.4,0.4,0.8,0.4,0.0,0.0,0.0,0.0,0.0,0.0
342063,Diego Coppola,https://media.api-sports.io/football/players/342063.png,Defender,D,61,Ligue 1,114,Paris FC,450,5,5,6.7459999999999996,,91.43576826196474,44.827586206896555,,0.0,0.0,0.0,0.0,0.0,397.0,1.0,5.0,1.0,6.0,29.0,13.0,0.0,0.0,0.0,1.0,3.0,1,0,0.0,0.0,0,0.0,0.0,0.0,0.0,0.0,0.0,79.4,0.2,1.0,0.2,1.2000000000000002,5.8,2.6,0.0,0.0,0.0,0.2,0.6000000000000001,0.2,0.0,0.0,0.0,0.0,0.0
175,Eric Dier,https://media.api-sports.io/football/players/175.png,Defender,D,61,Ligue 1,91,Monaco,450,5,5,7.425999999999999,25.0,91.30434782608695,72.41379310344827,100.0,0.0,4.0,1.0,1.0,1.0,322.0,1.0,7.0,4.0,4.0,29.0,21.0,2.0,2.0,0.0,0.0,4.0,0,0,0.0,0.0,0,0.0,0.0,0.8,0.2,0.2,0.2,64.39999999999999,0.2,1.4,0.8,0.8,5.8,4.2,0.4,0.4,0.0,0.0,0.8,0.0,0.0,0.0,0.0,0.0,0.0
22224,Gabriel Magalhães,https://media.api-sports.io/football/players/22224.png,Defender,D,39,Premier League,42,Arsenal,450,5,5,6.7,40.0,89.53068592057761,51.162790697674424,100.0,0.0,5.0,2.0,0.0,0.0,277.0,1.0,6.0,1.0,6.0,43.0,22.0,1.0,1.0,0.0,5.0,5.0,2,0,0.0,0.0,0,0.0,0.0,1.0,0.4,0.0,0.0,55.4,0.2,1.2000000000000002,0.2,1.2000000000000002,8.6,4.4,0.2,0.2,0.0,1.0,1.0,0.4,0.0,0.0,0.0,0.0,0.0
289761,Giorgio Scalvini,https://media.api-sports.io/football/players/289761.png,Defender,D,135,Serie A,499,Atalanta,450,5,5,6.96,0.0,95.84569732937686,52.77777777777778,0.0,0.0,1.0,0.0,0.0,0.0,337.0,0.0,6.0,3.0,2.0,36.0,19.0,1.0,0.0,2.0,2.0,6.0,0,0,0.0,0.0,0,0.0,0.0,0.2,0.0,0.0,0.0,67.4,0.0,1.2000000000000002,0.6000000000000001,0.4,7.2,3.8000000000000003,0.2,0.0,0.4,0.4,1.2000000000000002,0.0,0.0,0.0,0.0,0.0,0.0
31042,Giovanni Di Lorenzo,https://media.api-sports.io/football/players/31042.png,Defender,D,135,Serie A,492,Napoli,450,5,5,6.6,,88.69565217391305,61.53846153846154,0.0,2.0,0.0,0.0,0.0,1.0,230.0,3.0,14.0,2.0,4.0,39.0,24.0,4.0,0.0,1.0,4.0,4.0,1,0,0.0,0.0,0,0.0,0.4,0.0,0.0,0.0,0.2,46.0,0.6000000000000001,2.8,0.4,0.8,7.800000000000001,4.800000000000001,0.8,0.0,0.2,0.8,0.8,0.2,0.0,0.0,0.0,0.0,0.0
2935,Harry Maguire,https://media.api-sports.io/football/players/2935.png,Defender,D,39,Premier League,33,Manchester United,450,5,5,6.79,20.0,90.25157232704403,65.85365853658537,100.0,0.0,5.0,1.0,0.0,0.0,318.0,3.0,3.0,1.0,6.0,41.0,27.0,3.0,3.0,0.0,4.0,7.0,2,0,0.0,0.0,0,0.0,0.0,1.0,0.2,0.0,0.0,63.6,0.6000000000000001,0.6000000000000001,0.2,1.2000000000000002,8.200000000000001,5.3999999999999995,0.6000000000000001,0.6000000000000001,0.0,0.8,1.4,0.4,0.0,0.0,0.0,0.0,0.0
18814,Issa Diop,https://media.api-sports.io/football/players/18814.png,Defender,D,39,Premier League,57,Ipswich,450,5,5,6.77,,90.67164179104478,56.52173913043478,100.0,0.0,0.0,0.0,0.0,0.0,268.0,2.0,4.0,8.0,10.0,23.0,13.0,2.0,2.0,2.0,1.0,5.0,0,0,0.0,0.0,0,0.0,0.0,0.0,0.0,0.0,0.0,53.599999999999994,0.4,0.8,1.6,2.0,4.6000000000000005,2.6,0.4,0.4,0.4,0.2,1.0,0.0,0.0,0.0,0.0,0.0,0.0
21381,J. Lefort,https://media.api-sports.io/football/players/21381.png,Defender,D,61,Ligue 1,77,Angers,450,5,5,6.638,,85.71428571428571,41.37931034482759,0.0,0.0,0.0,0.0,0.0,0.0,308.0,3.0,2.0,2.0,7.0,29.0,12.0,1.0,0.0,1.0,5.0,8.0,1,0,0.0,0.0,0,0.0,0.0,0.0,0.0,0.0,0.0,61.599999999999994,0.6000000000000001,0.4,0.4,1.4,5.8,2.4000000000000004,0.2,0.0,0.2,1.0,1.6,0.2,0.0,0.0,0.0,0.0,0.0
20093,James Hill,https://media.api-sports.io/football/players/20093.png,Defender,D,39,Premier League,35,Bournemouth,450,5,5,6.958,,76.26459143968872,63.63636363636363,0.0,1.0,0.0,0.0,0.0,0.0,257.0,6.0,9.0,4.0,6.0,44.0,28.0,2.0,0.0,1.0,3.0,5.0,1,0,0.0,0.0,0,0.0,0.2,0.0,0.0,0.0,0.0,51.4,1.2000000000000002,1.8,0.8,1.2000000000000002,8.8,5.6,0.4,0.0,0.2,0.6000000000000001,1.0,0.2,0.0,0.0,0.0,0.0,0.0
19760,James Justin,https://media.api-sports.io/football/players/19760.png,Defender,D,39,Premier League,63,Leeds,450,5,5,7.06,66.66666666666666,73.33333333333333,67.3469387755102,,0.0,3.0,2.0,0.0,0.0,150.0,4.0,16.0,2.0,8.0,49.0,33.0,0.0,0.0,5.0,6.0,3.0,0,0,0.0,0.0,0,0.0,0.0,0.6000000000000001,0.4,0.0,0.0,30.0,0.8,3.2,0.4,1.6,9.799999999999999,6.6,0.0,0.0,1.0,1.2000000000000002,0.6000000000000001,0.0,0.0,0.0,0.0,0.0,0.0
2936,James Tarkowski,https://media.api-sports.io/football/players/2936.png,Defender,D,39,Premier League,45,Everton,450,5,5,7.45,25.0,83.54978354978356,82.97872340425532,0.0,0.0,4.0,1.0,1.0,1.0,231.0,2.0,11.0,3.0,14.0,47.0,39.0,1.0,0.0,0.0,8.0,1.0,0,0,0.0,0.0,0,0.0,0.0,0.8,0.2,0.2,0.2,46.199999999999996,0.4,2.2,0.6000000000000001,2.8,9.4,7.800000000000001,0.2,0.0,0.0,1.6,0.2,0.0,0.0,0.0,0.0,0.0,0.0
38695,Jan Paul van Hecke,https://media.api-sports.io/football/players/38695.png,Defender,D,39,Premier League,47,Tottenham,450,5,5,7.472,40.0,93.84615384615384,52.0,,0.0,5.0,2.0,1.0,0.0,390.0,5.0,10.0,4.0,3.0,50.0,26.0,0.0,0.0,3.0,5.0,7.0,1,0,0.0,0.0,0,0.0,0.0,1.0,0.4,0.2,0.0,78.0,1.0,2.0,0.8,0.6000000000000001,10.0,5.2,0.0,0.0,0.6000000000000001,1.0,1.4,0.2,0.0,0.0,0.0,0.0,0.0
17661,Jarrad Branthwaite,https://media.api-sports.io/football/players/17661.png,Defender,D,39,Premier League,45,Everton,450,5,5,7.0040000000000004,100.0,84.64912280701753,63.63636363636363,0.0,1.0,3.0,3.0,0.0,0.0,228.0,0.0,5.0,7.0,7.0,33.0,21.0,1.0,0.0,0.0,3.0,3.0,0,0,0.0,0.0,0,0.0,0.2,0.6000000000000001,0.6000000000000001,0.0,0.0,45.6,0.0,1.0,1.4,1.4,6.6,4.2,0.2,0.0,0.0,0.6000000000000001,0.6000000000000001,0.0,0.0,0.0,0.0,0.0,0.0
373825,Joel Schingtienne,https://media.api-sports.io/football/players/373825.png,Defender,D,135,Serie A,517,Venezia,450,5,5,6.24,,87.91208791208791,54.54545454545454,66.66666666666666,0.0,0.0,0.0,0.0,0.0,273.0,2.0,11.0,1.0,3.0,33.0,18.0,3.0,2.0,2.0,0.0,3.0,3,0,0.0,0.0,0,0.0,0.0,0.0,0.0,0.0,0.0,54.6,0.4,2.2,0.2,0.6000000000000001,6.6,3.6,0.6000000000000001,0.4,0.4,0.0,0.6000000000000001,0.6000000000000001,0.0,0.0,0.0,0.0,0.0
1119,K. Ajer,https://media.api-sports.io/football/players/1119.png,Defender,D,39,Premier League,55,Brentford,450,5,5,6.848000000000001,50.0,81.55339805825243,57.77777777777777,0.0,0.0,2.0,1.0,0.0,0.0,206.0,3.0,4.0,2.0,7.0,45.0,26.0,1.0,0.0,2.0,3.0,4.0,1,0,0.0,0.0,0,0.0,0.0,0.4,0.2,0.0,0.0,41.2,0.6000000000000001,0.8,0.4,1.4,9.0,5.2,0.2,0.0,0.4,0.6000000000000001,0.8,0.2,0.0,0.0,0.0,0.0,0.0
162141,Koni De Winter,https://media.api-sports.io/football/players/162141.png,Defender,D,135,Serie A,489,AC Milan,450,5,5,6.86,0.0,95.17241379310344,62.857142857142854,100.0,0.0,3.0,0.0,0.0,0.0,290.0,0.0,9.0,2.0,5.0,35.0,22.0,1.0,1.0,2.0,1.0,8.0,1,0,0.0,0.0,0,0.0,0.0,0.6000000000000001,0.0,0.0,0.0,58.00000000000001,0.0,1.8,0.4,1.0,7.0,4.4,0.2,0.2,0.4,0.2,1.6,0.2,0.0,0.0,0.0,0.0,0.0
19119,Leif Davis,https://media.api-sports.io/football/players/19119.png,Defender,D,39,Premier League,57,Ipswich,450,5,5,6.708,50.0,75.36231884057972,44.44444444444444,0.0,1.0,6.0,3.0,2.0,1.0,138.0,4.0,2.0,4.0,3.0,18.0,8.0,1.0,0.0,1.0,3.0,1.0,0,0,0.0,0.0,0,0.0,0.2,1.2000000000000002,0.6000000000000001,0.4,0.2,27.599999999999998,0.8,0.4,0.8,0.6000000000000001,3.6,1.6,0.2,0.0,0.2,0.6000000000000001,0.2,0.0,0.0,0.0,0.0,0.0,0.0
319512,Lucas Noubi,https://media.api-sports.io/football/players/319512.png,Defender,D,140,La Liga,544,Deportivo La Coruna,450,7,5,6.598,,83.26996197718631,56.41025641025641,100.0,0.0,0.0,0.0,0.0,0.0,263.0,1.0,8.0,3.0,8.0,39.0,22.0,1.0,1.0,1.0,5.0,6.0,1,0,0.0,1.0,0,0.0,0.0,0.0,0.0,0.0,0.0,52.6,0.2,1.6,0.6000000000000001,1.6,7.800000000000001,4.4,0.2,0.2,0.2,1.0,1.2000000000000002,0.2,0.0,0.0,0.2,0.0,0.0
365742,M. Diaz,https://media.api-sports.io/football/players/365742.png,Defender,D,61,Ligue 1,110,Estac Troyes,450,5,5,6.414,100.0,89.78494623655914,53.84615384615385,0.0,0.0,1.0,1.0,0.0,0.0,186.0,1.0,6.0,1.0,6.0,26.0,14.0,1.0,0.0,0.0,1.0,6.0,2,0,0.0,0.0,0,0.0,0.0,0.2,0.2,0.0,0.0,37.2,0.2,1.2000000000000002,0.2,1.2000000000000002,5.2,2.8,0.2,0.0,0.0,0.2,1.2000000000000002,0.4,0.0,0.0,0.0,0.0,0.0
163189,Malick Thiaw,https://media.api-sports.io/football/players/163189.png,Defender,D,39,Premier League,34,Newcastle,450,5,5,6.56,,84.23076923076923,61.111111111111114,100.0,0.0,0.0,0.0,0.0,0.0,260.0,1.0,0.0,8.0,2.0,36.0,22.0,2.0,2.0,2.0,3.0,4.0,0,0,0.0,0.0,0,0.0,0.0,0.0,0.0,0.0,0.0,51.99999999999999,0.2,0.0,1.6,0.4,7.2,4.4,0.4,0.4,0.4,0.6000000000000001,0.8,0.0,0.0,0.0,0.0,0.0,0.0
67971,Marc Guéhi,https://media.api-sports.io/football/players/67971.png,Defender,D,39,Premier League,50,Manchester City,450,5,5,7.39,50.0,94.34889434889435,75.75757575757575,100.0,0.0,2.0,1.0,1.0,1.0,407.0,3.0,3.0,1.0,3.0,33.0,25.0,4.0,4.0,1.0,5.0,2.0,0,0,0.0,0.0,0,0.0,0.0,0.4,0.2,0.2,0.2,81.4,0.6000000000000001,0.6000000000000001,0.2,0.6000000000000001,6.6,5.0,0.8,0.8,0.2,1.0,0.4,0.0,0.0,0.0,0.0,0.0,0.0
50735,Mark McKenzie,https://media.api-sports.io/football/players/50735.png,Defender,D,61,Ligue 1,96,Toulouse,450,5,5,6.845999999999999,,91.46341463414635,62.857142857142854,,0.0,0.0,0.0,0.0,0.0,328.0,2.0,6.0,3.0,5.0,35.0,22.0,0.0,0.0,2.0,4.0,7.0,0,0,0.0,0.0,0,0.0,0.0,0.0,0.0,0.0,0.0,65.60000000000001,0.4,1.2000000000000002,0.6000000000000001,1.0,7.0,4.4,0.0,0.0,0.4,0.8,1.4,0.0,0.0,0.0,0.0,0.0,0.0
257,Marquinhos,https://media.api-sports.io/football/players/257.png,Defender,D,61,Ligue 1,85,Paris Saint Germain,450,5,5,7.436,100.0,89.97668997668997,41.66666666666667,,1.0,4.0,4.0,3.0,0.0,429.0,2.0,2.0,0.0,1.0,36.0,15.0,0.0,0.0,2.0,2.0,4.0,1,0,0.0,0.0,0,0.0,0.2,0.8,0.8,0.6000000000000001,0.0,85.8,0.4,0.4,0.0,0.2,7.2,3.0,0.0,0.0,0.4,0.4,0.8,0.2,0.0,0.0,0.0,0.0,0.0
50030,Montassar Talbi,https://media.api-sports.io/football/players/50030.png,Defender,D,61,Ligue 1,97,Lorient,450,5,5,7.1659999999999995,66.66666666666666,91.88311688311688,72.72727272727273,,0.0,3.0,2.0,0.0,0.0,308.0,1.0,6.0,2.0,5.0,33.0,24.0,0.0,0.0,0.0,2.0,1.0,0,0,0.0,0.0,0,0.0,0.0,0.6000000000000001,0.4,0.0,0.0,61.599999999999994,0.2,1.2000000000000002,0.4,1.0,6.6,4.800000000000001,0.0,0.0,0.0,0.4,0.2,0.0,0.0,0.0,0.0,0.0,0.0
312964,Nathan Ngoy,https://media.api-sports.io/football/players/312964.png,Defender,D,61,Ligue 1,79,Lille,450,5,5,6.878,,90.96774193548387,61.29032258064516,80.0,0.0,0.0,0.0,0.0,0.0,310.0,0.0,5.0,3.0,7.0,31.0,19.0,5.0,4.0,1.0,5.0,5.0,0,0,0.0,0.0,0,0.0,0.0,0.0,0.0,0.0,0.0,62.0,0.0,1.0,0.6000000000000001,1.4,6.2,3.8000000000000003,1.0,0.8,0.2,1.0,1.0,0.0,0.0,0.0,0.0,0.0,0.0
271540,O. Camara,https://media.api-sports.io/football/players/271540.png,Defender,D,61,Ligue 1,77,Angers,450,5,5,7.11,0.0,91.25874125874127,66.66666666666666,100.0,0.0,1.0,0.0,0.0,1.0,286.0,2.0,7.0,3.0,6.0,24.0,16.0,1.0,1.0,0.0,1.0,2.0,1,0,0.0,0.0,0,0.0,0.0,0.2,0.0,0.0,0.2,57.199999999999996,0.4,1.4,0.6000000000000001,1.2000000000000002,4.800000000000001,3.2,0.2,0.2,0.0,0.2,0.4,0.2,0.0,0.0,0.0,0.0,0.0
350857,Oliver Provstgaard,https://media.api-sports.io/football/players/350857.png,Defender,D,135,Serie A,487,Lazio,450,5,5,6.66,,90.71428571428571,32.25806451612903,50.0,0.0,0.0,0.0,0.0,0.0,280.0,1.0,4.0,3.0,6.0,31.0,10.0,2.0,1.0,1.0,1.0,11.0,1,0,0.0,0.0,0,0.0,0.0,0.0,0.0,0.0,0.0,56.0,0.2,0.8,0.6000000000000001,1.2000000000000002,6.2,2.0,0.4,0.2,0.2,0.2,2.2,0.2,0.0,0.0,0.0,0.0,0.0
498791,R. Le Guen,https://media.api-sports.io/football/players/498791.png,Defender,D,61,Ligue 1,106,Stade Brestois 29,450,5,5,6.5840000000000005,0.0,87.70491803278688,77.14285714285715,,0.0,9.0,0.0,0.0,0.0,244.0,3.0,5.0,2.0,4.0,35.0,27.0,0.0,0.0,0.0,1.0,2.0,0,0,0.0,0.0,0,0.0,0.0,1.8,0.0,0.0,0.0,48.800000000000004,0.6000000000000001,1.0,0.4,0.8,7.0,5.3999999999999995,0.0,0.0,0.0,0.2,0.4,0.0,0.0,0.0,0.0,0.0,0.0
162498,Radu Drăguşin,https://media.api-sports.io/football/players/162498.png,Defender,D,135,Serie A,502,Fiorentina,450,5,5,6.68,0.0,88.19444444444444,58.536585365853654,100.0,1.0,3.0,0.0,0.0,1.0,144.0,1.0,4.0,6.0,11.0,41.0,24.0,1.0,1.0,3.0,6.0,7.0,1,0,0.0,0.0,0,0.0,0.2,0.6000000000000001,0.0,0.0,0.2,28.8,0.2,0.8,1.2000000000000002,2.2,8.200000000000001,4.800000000000001,0.2,0.2,0.6000000000000001,1.2000000000000002,1.4,0.2,0.0,0.0,0.0,0.0,0.0
567,Rúben Dias,https://media.api-sports.io/football/players/567.png,Defender,D,39,Premier League,50,Manchester City,450,5,5,7.182,50.0,92.06349206349206,52.77777777777778,66.66666666666666,0.0,2.0,1.0,0.0,0.0,441.0,3.0,1.0,1.0,3.0,36.0,19.0,3.0,2.0,2.0,1.0,6.0,0,0,0.0,0.0,0,0.0,0.0,0.4,0.2,0.0,0.0,88.2,0.6000000000000001,0.2,0.2,0.6000000000000001,7.2,3.8000000000000003,0.6000000000000001,0.4,0.4,0.2,1.2000000000000002,0.0,0.0,0.0,0.0,0.0,0.0
428084,Sadibou Sané,https://media.api-sports.io/football/players/428084.png,Defender,D,61,Ligue 1,91,Monaco,450,5,5,6.974,,93.1899641577061,55.55555555555556,,0.0,0.0,0.0,0.0,0.0,279.0,1.0,8.0,4.0,2.0,27.0,15.0,0.0,0.0,0.0,3.0,4.0,0,0,0.0,0.0,0,0.0,0.0,0.0,0.0,0.0,0.0,55.8,0.2,1.6,0.8,0.4,5.3999999999999995,3.0,0.0,0.0,0.0,0.6000000000000001,0.8,0.0,0.0,0.0,0.0,0.0,0.0
45826,Strahinja Pavlović,https://media.api-sports.io/football/players/45826.png,Defender,D,135,Serie A,489,AC Milan,450,5,5,7.22,50.0,92.0,72.3404255319149,50.0,1.0,4.0,2.0,0.0,1.0,375.0,1.0,13.0,2.0,1.0,47.0,34.0,6.0,3.0,1.0,7.0,3.0,2,0,0.0,0.0,0,0.0,0.2,0.8,0.4,0.0,0.2,75.0,0.2,2.6,0.4,0.2,9.4,6.8,1.2000000000000002,0.6000000000000001,0.2,1.4,0.6000000000000001,0.4,0.0,0.0,0.0,0.0,0.0
38734,Sven Botman,https://media.api-sports.io/football/players/38734.png,Defender,D,39,Premier League,34,Newcastle,450,5,5,6.68,100.0,86.66666666666667,63.41463414634146,,0.0,1.0,1.0,0.0,0.0,285.0,0.0,5.0,7.0,5.0,41.0,26.0,0.0,0.0,2.0,4.0,2.0,1,0,0.0,0.0,0,0.0,0.0,0.2,0.2,0.0,0.0,57.0,0.0,1.0,1.4,1.0,8.200000000000001,5.2,0.0,0.0,0.4,0.8,0.4,0.2,0.0,0.0,0.0,0.0,0.0
271350,Tarik Muharemović,https://media.api-sports.io/football/players/271350.png,Defender,D,39,Premier League,63,Leeds,450,5,5,7.2,33.33333333333333,84.94208494208493,54.71698113207547,100.0,1.0,3.0,1.0,0.0,1.0,259.0,1.0,5.0,5.0,11.0,53.0,29.0,3.0,3.0,2.0,5.0,2.0,0,0,0.0,0.0,0,0.0,0.2,0.6000000000000001,0.2,0.0,0.2,51.800000000000004,0.2,1.0,1.0,2.2,10.6,5.8,0.6000000000000001,0.6000000000000001,0.4,1.0,0.4,0.0,0.0,0.0,0.0,0.0,0.0
379329,Tiago Santos,https://media.api-sports.io/football/players/379329.png,Defender,D,61,Ligue 1,79,Lille,450,5,5,7.4079999999999995,66.66666666666666,85.46511627906976,60.416666666666664,33.33333333333333,1.0,9.0,6.0,2.0,0.0,172.0,5.0,10.0,0.0,5.0,48.0,29.0,9.0,3.0,1.0,13.0,4.0,0,0,0.0,0.0,0,0.0,0.2,1.8,1.2000000000000002,0.4,0.0,34.4,1.0,2.0,0.0,1.0,9.600000000000001,5.8,1.8,0.6000000000000001,0.2,2.6,0.8,0.0,0.0,0.0,0.0,0.0,0.0
39254,Torbjørn Heggem,https://media.api-sports.io/football/players/39254.png,Defender,D,135,Serie A,500,Bologna,450,5,5,6.78,,93.8953488372093,41.935483870967744,,0.0,0.0,0.0,0.0,0.0,344.0,3.0,2.0,6.0,4.0,31.0,13.0,0.0,0.0,2.0,2.0,5.0,1,0,0.0,0.0,0,0.0,0.0,0.0,0.0,0.0,0.0,68.8,0.6000000000000001,0.4,1.2000000000000002,0.8,6.2,2.6,0.0,0.0,0.4,0.4,1.0,0.2,0.0,0.0,0.0,0.0,0.0
889,Victor Lindelöf,https://media.api-sports.io/football/players/889.png,Defender,D,39,Premier League,66,Aston Villa,450,5,5,6.348000000000001,100.0,92.3913043478261,23.076923076923077,,0.0,1.0,1.0,0.0,0.0,276.0,3.0,1.0,1.0,1.0,13.0,3.0,0.0,0.0,0.0,0.0,1.0,0,0,0.0,0.0,0,0.0,0.0,0.2,0.2,0.0,0.0,55.199999999999996,0.6000000000000001,0.2,0.2,0.2,2.6,0.6000000000000001,0.0,0.0,0.0,0.0,0.2,0.0,0.0,0.0,0.0,0.0,0.0
290,Virgil van Dijk,https://media.api-sports.io/football/players/290.png,Defender,D,39,Premier League,40,Liverpool,450,5,5,7.335999999999999,100.0,89.57345971563981,74.07407407407408,,0.0,1.0,1.0,0.0,0.0,422.0,1.0,5.0,0.0,7.0,27.0,20.0,0.0,0.0,0.0,0.0,1.0,1,0,0.0,0.0,0,0.0,0.0,0.2,0.2,0.0,0.0,84.4,0.2,1.0,0.0,1.4,5.3999999999999995,4.0,0.0,0.0,0.0,0.0,0.2,0.2,0.0,0.0,0.0,0.0,0.0
2165,Vitaliy Mykolenko,https://media.api-sports.io/football/players/2165.png,Defender,D,39,Premier League,45,Everton,450,5,5,6.99,,81.94444444444444,60.416666666666664,50.0,0.0,0.0,0.0,0.0,0.0,216.0,2.0,14.0,5.0,7.0,48.0,29.0,4.0,2.0,3.0,3.0,3.0,1,0,0.0,0.0,0,0.0,0.0,0.0,0.0,0.0,0.0,43.199999999999996,0.4,2.8,1.0,1.4,9.600000000000001,5.8,0.8,0.4,0.6000000000000001,0.6000000000000001,0.6000000000000001,0.2,0.0,0.0,0.0,0.0,0.0
16367,W. Pacho,https://media.api-sports.io/football/players/16367.png,Defender,D,61,Ligue 1,85,Paris Saint Germain,450,5,5,6.976,0.0,96.20253164556962,58.06451612903226,,0.0,1.0,0.0,0.0,0.0,316.0,0.0,10.0,2.0,4.0,31.0,18.0,0.0,0.0,0.0,1.0,1.0,0,0,0.0,0.0,0,0.0,0.0,0.2,0.0,0.0,0.0,63.199999999999996,0.0,2.0,0.4,0.8,6.2,3.6,0.0,0.0,0.0,0.2,0.2,0.0,0.0,0.0,0.0,0.0,0.0
396380,Z. Athekame,https://media.api-sports.io/football/players/396380.png,Defender,D,61,Ligue 1,80,Lyon,450,5,5,7.4879999999999995,100.0,82.4074074074074,52.5,16.666666666666664,0.0,2.0,2.0,2.0,2.0,216.0,7.0,13.0,0.0,3.0,40.0,21.0,6.0,1.0,4.0,6.0,6.0,1,0,0.0,0.0,0,0.0,0.0,0.4,0.4,0.4,0.4,43.199999999999996,1.4,2.6,0.0,0.6000000000000001,8.0,4.2,1.2000000000000002,0.2,0.8,1.2000000000000002,1.2000000000000002,0.2,0.0,0.0,0.0,0.0,0.0
193953,L. Sy,https://media.api-sports.io/football/players/193953.png,Defender,D,61,Ligue 1,108,Auxerre,449,5,5,6.003340757238307,25.0,79.88826815642457,45.45454545454545,58.82352941176471,0.0,4.0,1.0,1.0,0.0,179.0,4.0,4.0,1.0,7.0,44.0,20.0,17.0,10.0,1.0,2.0,9.0,0,0,0.0,0.0,0,0.0,0.0,0.8017817371937639,0.20044543429844097,0.20044543429844097,0.0,35.87973273942094,0.8017817371937639,0.8017817371937639,0.20044543429844097,1.4031180400890868,8.819599109131403,4.008908685968819,3.4075723830734965,2.0044543429844097,0.20044543429844097,0.40089086859688194,1.804008908685969,0.0,0.0,0.0,0.0,0.0,0.0
284492,Lewis Hall,https://media.api-sports.io/football/players/284492.png,Defender,D,39,Premier League,34,Newcastle,449,5,5,7.4619153674832965,40.0,88.49557522123894,48.4375,50.0,0.0,5.0,2.0,1.0,1.0,226.0,6.0,13.0,8.0,5.0,64.0,31.0,14.0,7.0,5.0,6.0,4.0,0,0,0.0,1.0,0,0.0,0.0,1.0022271714922049,0.40089086859688194,0.20044543429844097,0.20044543429844097,45.30066815144767,1.2026726057906458,2.6057906458797326,1.6035634743875278,1.0022271714922049,12.828507795100222,6.21380846325167,2.8062360801781736,1.4031180400890868,1.0022271714922049,1.2026726057906458,0.8017817371937639,0.0,0.0,0.0,0.20044543429844097,0.0,0.0
428237,Mariano Troilo,https://media.api-sports.io/football/players/428237.png,Defender,D,135,Serie A,523,Parma,449,5,5,6.85924276169265,,89.45686900958466,50.0,100.0,0.0,0.0,0.0,0.0,0.0,313.0,2.0,4.0,6.0,9.0,30.0,15.0,2.0,2.0,3.0,4.0,5.0,2,0,0.0,0.0,0,0.0,0.0,0.0,0.0,0.0,0.0,62.73942093541203,0.40089086859688194,0.8017817371937639,1.2026726057906458,1.804008908685969,6.01336302895323,3.006681514476615,0.40089086859688194,0.40089086859688194,0.6013363028953229,0.8017817371937639,1.0022271714922049,0.40089086859688194,0.0,0.0,0.0,0.0,0.0
274267,B. Locko,https://media.api-sports.io/football/players/274267.png,Defender,D,61,Ligue 1,106,Stade Brestois 29,448,5,5,7.038348214285714,,78.92156862745098,76.08695652173914,71.42857142857143,0.0,0.0,0.0,0.0,0.0,204.0,4.0,15.0,1.0,10.0,46.0,35.0,7.0,5.0,1.0,10.0,3.0,1,0,0.0,0.0,0,0.0,0.0,0.0,0.0,0.0,0.0,40.982142857142854,0.8035714285714285,3.013392857142857,0.20089285714285712,2.0089285714285716,9.241071428571429,7.03125,1.40625,1.0044642857142858,0.20089285714285712,2.0089285714285716,0.6026785714285714,0.20089285714285712,0.0,0.0,0.0,0.0,0.0
297311,Kike Salas,https://media.api-sports.io/football/players/297311.png,Defender,D,140,La Liga,536,Sevilla,448,5,5,6.932142857142857,40.0,75.22522522522522,52.54237288135594,,1.0,5.0,2.0,0.0,0.0,222.0,2.0,9.0,2.0,2.0,59.0,31.0,0.0,0.0,5.0,5.0,8.0,1,1,0.0,0.0,0,0.0,0.20089285714285712,1.0044642857142858,0.40178571428571425,0.0,0.0,44.598214285714285,0.40178571428571425,1.8080357142857144,0.40178571428571425,0.40178571428571425,11.852678571428571,6.227678571428572,0.0,0.0,1.0044642857142858,1.0044642857142858,1.607142857142857,0.20089285714285712,0.20089285714285712,0.0,0.0,0.0,0.0
363695,Murillo,https://media.api-sports.io/football/players/363695.png,Defender,D,39,Premier League,65,Nottingham Forest,448,5,5,7.033928571428571,0.0,87.02928870292888,47.05882352941176,40.0,0.0,3.0,0.0,0.0,1.0,239.0,5.0,9.0,2.0,7.0,51.0,24.0,10.0,4.0,3.0,2.0,9.0,1,0,0.0,0.0,0,0.0,0.0,0.6026785714285714,0.0,0.0,0.20089285714285712,48.01339285714286,1.0044642857142858,1.8080357142857144,0.40178571428571425,1.40625,10.245535714285714,4.821428571428571,2.0089285714285716,0.8035714285714285,0.6026785714285714,0.40178571428571425,1.8080357142857144,0.20089285714285712,0.0,0.0,0.0,0.0,0.0
668717,Xavier Mandza,https://media.api-sports.io/football/players/668717.png,Defender,D,61,Ligue 1,84,Nice,448,5,5,6.997098214285714,33.33333333333333,90.15544041450777,58.82352941176471,25.0,0.0,3.0,1.0,0.0,0.0,386.0,4.0,10.0,1.0,9.0,34.0,20.0,4.0,1.0,4.0,3.0,2.0,1,0,0.0,0.0,0,0.0,0.0,0.6026785714285714,0.20089285714285712,0.0,0.0,77.54464285714286,0.8035714285714285,2.0089285714285716,0.20089285714285712,1.8080357142857144,6.830357142857142,4.017857142857143,0.8035714285714285,0.20089285714285712,0.8035714285714285,0.6026785714285714,0.40178571428571425,0.20089285714285712,0.0,0.0,0.0,0.0,0.0
321744,Adam Obert,https://media.api-sports.io/football/players/321744.png,Defender,D,135,Serie A,490,Cagliari,447,5,5,7.058389261744966,66.66666666666666,85.95505617977528,58.620689655172406,80.0,3.0,3.0,2.0,0.0,0.0,178.0,4.0,11.0,3.0,5.0,29.0,17.0,5.0,4.0,6.0,1.0,2.0,0,0,0.0,0.0,0,0.0,0.6040268456375839,0.6040268456375839,0.40268456375838924,0.0,0.0,35.83892617449665,0.8053691275167785,2.214765100671141,0.6040268456375839,1.0067114093959733,5.838926174496644,3.4228187919463084,1.0067114093959733,0.8053691275167785,1.2080536912751678,0.20134228187919462,0.40268456375838924,0.0,0.0,0.0,0.0,0.0,0.0
7147,F. Bacher,https://media.api-sports.io/football/players/7147.png,Defender,D,61,Ligue 1,80,Lyon,446,5,5,7.181614349775785,50.0,89.7590361445783,55.172413793103445,100.0,1.0,4.0,2.0,1.0,0.0,332.0,1.0,5.0,1.0,2.0,29.0,16.0,1.0,1.0,1.0,3.0,3.0,1,0,0.0,0.0,0,0.0,0.20179372197309417,0.8071748878923767,0.40358744394618834,0.20179372197309417,0.0,66.99551569506727,0.20179372197309417,1.0089686098654709,0.20179372197309417,0.40358744394618834,5.85201793721973,3.2286995515695067,0.20179372197309417,0.20179372197309417,0.20179372197309417,0.6053811659192826,0.6053811659192826,0.20179372197309417,0.0,0.0,0.0,0.0,0.0
18747,Ryan Giles,https://media.api-sports.io/football/players/18747.png,Defender,D,39,Premier League,64,Hull City,445,5,5,6.9552808988764045,,77.89473684210526,61.904761904761905,50.0,0.0,0.0,0.0,0.0,1.0,95.0,8.0,5.0,0.0,4.0,21.0,13.0,4.0,2.0,1.0,1.0,1.0,1,0,0.0,0.0,0,0.0,0.0,0.0,0.0,0.0,0.20224719101123598,19.213483146067414,1.6179775280898878,1.0112359550561798,0.0,0.8089887640449439,4.247191011235955,2.6292134831460676,0.8089887640449439,0.40449438202247195,0.20224719101123598,0.20224719101123598,0.20224719101123598,0.20224719101123598,0.0,0.0,0.0,0.0,0.0
472266,Christ Tapé,https://media.api-sports.io/football/players/472266.png,Defender,D,61,Ligue 1,96,Toulouse,444,5,5,6.6197297297297295,40.0,86.7298578199052,44.44444444444444,66.66666666666666,0.0,5.0,2.0,1.0,0.0,211.0,5.0,2.0,2.0,4.0,36.0,16.0,9.0,6.0,2.0,3.0,8.0,1,0,0.0,0.0,0,0.0,0.0,1.0135135135135134,0.40540540540540543,0.20270270270270271,0.0,42.77027027027027,1.0135135135135134,0.40540540540540543,0.40540540540540543,0.8108108108108109,7.297297297297297,3.2432432432432434,1.8243243243243243,1.2162162162162162,0.40540540540540543,0.6081081081081081,1.6216216216216217,0.20270270270270271,0.0,0.0,0.0,0.0,0.0
30561,Alessandro Deiola,https://media.api-sports.io/football/players/30561.png,Defender,D,135,Serie A,490,Cagliari,443,5,5,6.9063205417607225,0.0,87.11340206185567,50.0,,0.0,1.0,0.0,0.0,0.0,194.0,0.0,9.0,5.0,4.0,24.0,12.0,0.0,0.0,3.0,1.0,4.0,2,0,0.0,0.0,0,0.0,0.0,0.20316027088036115,0.0,0.0,0.0,39.41309255079007,0.0,1.8284424379232505,1.0158013544018059,0.8126410835214446,4.8758465011286685,2.4379232505643342,0.0,0.0,0.6094808126410836,0.20316027088036115,0.8126410835214446,0.4063205417607223,0.0,0.0,0.0,0.0,0.0
2284,Emerson,https://media.api-sports.io/football/players/2284.png,Defender,D,61,Ligue 1,81,Marseille,443,5,5,6.715846501128668,33.33333333333333,88.01369863013699,62.16216216216216,55.55555555555556,0.0,3.0,1.0,0.0,0.0,292.0,4.0,8.0,0.0,6.0,37.0,23.0,9.0,5.0,1.0,7.0,3.0,0,0,0.0,0.0,0,0.0,0.0,0.6094808126410836,0.20316027088036115,0.0,0.0,59.322799097065456,0.8126410835214446,1.6252821670428892,0.0,1.2189616252821671,7.516930022573364,4.672686230248307,1.8284424379232505,1.0158013544018059,0.20316027088036115,1.4221218961625284,0.6094808126410836,0.0,0.0,0.0,0.0,0.0,0.0
281826,Alessandro Marcandalli,https://media.api-sports.io/football/players/281826.png,Defender,D,135,Serie A,495,Genoa,441,5,5,6.377551020408164,,83.09178743961353,65.38461538461539,66.66666666666666,0.0,0.0,0.0,0.0,0.0,207.0,2.0,7.0,3.0,2.0,26.0,17.0,3.0,2.0,1.0,3.0,3.0,1,0,0.0,0.0,0,0.0,0.0,0.0,0.0,0.0,0.0,42.244897959183675,0.40816326530612246,1.4285714285714284,0.6122448979591837,0.40816326530612246,5.3061224489795915,3.4693877551020407,0.6122448979591837,0.40816326530612246,0.20408163265306123,0.6122448979591837,0.6122448979591837,0.20408163265306123,0.0,0.0,0.0,0.0,0.0
193270,Andrea Carboni,https://media.api-sports.io/football/players/193270.png,Defender,D,135,Serie A,1579,Monza,441,5,5,6.553061224489796,50.0,82.08955223880598,57.14285714285714,0.0,1.0,4.0,2.0,0.0,0.0,268.0,2.0,8.0,3.0,5.0,42.0,24.0,1.0,0.0,1.0,2.0,5.0,0,0,0.0,0.0,0,0.0,0.20408163265306123,0.8163265306122449,0.40816326530612246,0.0,0.0,54.693877551020414,0.40816326530612246,1.6326530612244898,0.6122448979591837,1.0204081632653061,8.571428571428571,4.8979591836734695,0.20408163265306123,0.0,0.20408163265306123,0.40816326530612246,1.0204081632653061,0.0,0.0,0.0,0.0,0.0,0.0
448977,Eddy Kouadio,https://media.api-sports.io/football/players/448977.png,Defender,D,135,Serie A,1579,Monza,441,5,5,6.512244897959184,100.0,84.61538461538461,60.71428571428571,,1.0,2.0,2.0,0.0,0.0,208.0,2.0,11.0,4.0,15.0,28.0,17.0,0.0,0.0,1.0,0.0,6.0,2,0,0.0,0.0,0,0.0,0.20408163265306123,0.40816326530612246,0.40816326530612246,0.0,0.0,42.44897959183673,0.40816326530612246,2.2448979591836737,0.8163265306122449,3.0612244897959187,5.7142857142857135,3.4693877551020407,0.0,0.0,0.20408163265306123,0.0,1.2244897959183674,0.40816326530612246,0.0,0.0,0.0,0.0,0.0
237066,Rafa Marín,https://media.api-sports.io/football/players/237066.png,Defender,D,135,Serie A,492,Napoli,441,5,5,6.93469387755102,0.0,93.0909090909091,41.66666666666667,100.0,0.0,2.0,0.0,0.0,0.0,275.0,1.0,11.0,4.0,8.0,48.0,20.0,1.0,1.0,7.0,4.0,9.0,1,0,0.0,0.0,0,0.0,0.0,0.40816326530612246,0.0,0.0,0.0,56.12244897959184,0.20408163265306123,2.2448979591836737,0.8163265306122449,1.6326530612244898,9.795918367346939,4.081632653061225,0.20408163265306123,0.20408163265306123,1.4285714285714284,0.8163265306122449,1.8367346938775508,0.20408163265306123,0.0,0.0,0.0,0.0,0.0
294722,Nazinho,https://media.api-sports.io/football/players/294722.png,Defender,D,61,Ligue 1,91,Monaco,440,5,5,7.0631818181818184,100.0,84.58498023715416,53.125,25.0,0.0,1.0,1.0,1.0,1.0,253.0,5.0,10.0,2.0,9.0,32.0,17.0,4.0,1.0,3.0,4.0,6.0,1,0,0.0,0.0,0,0.0,0.0,0.20454545454545453,0.20454545454545453,0.20454545454545453,0.20454545454545453,51.74999999999999,1.0227272727272727,2.0454545454545454,0.40909090909090906,1.8409090909090908,6.545454545454545,3.477272727272727,0.8181818181818181,0.20454545454545453,0.6136363636363636,0.8181818181818181,1.2272727272727273,0.20454545454545453,0.0,0.0,0.0,0.0,0.0
568001,Xavi Espart,https://media.api-sports.io/football/players/568001.png,Defender,D,140,La Liga,529,Barcelona,440,7,5,7.129545454545455,50.0,86.58536585365853,64.15094339622641,55.55555555555556,0.0,4.0,2.0,1.0,2.0,246.0,4.0,20.0,0.0,7.0,53.0,34.0,9.0,5.0,3.0,3.0,8.0,1,0,0.0,0.0,0,0.0,0.0,0.8181818181818181,0.40909090909090906,0.20454545454545453,0.40909090909090906,50.31818181818182,0.8181818181818181,4.090909090909091,0.0,1.4318181818181817,10.84090909090909,6.954545454545454,1.8409090909090908,1.0227272727272727,0.6136363636363636,0.6136363636363636,1.6363636363636362,0.20454545454545453,0.0,0.0,0.0,0.0,0.0
398000,Genesis Antwi,https://media.api-sports.io/football/players/398000.png,Defender,D,61,Ligue 1,95,Strasbourg,439,5,5,6.5439635535307525,0.0,87.84530386740332,54.54545454545454,60.0,0.0,1.0,0.0,0.0,0.0,181.0,0.0,10.0,4.0,6.0,33.0,18.0,5.0,3.0,2.0,1.0,3.0,0,0,0.0,0.0,0,0.0,0.0,0.20501138952164008,0.0,0.0,0.0,37.10706150341685,0.0,2.050113895216401,0.8200455580865603,1.2300683371298406,6.765375854214122,3.6902050113895215,1.0250569476082005,0.6150341685649203,0.41002277904328016,0.20501138952164008,0.6150341685649203,0.0,0.0,0.0,0.0,0.0,0.0
264437,Bobby Thomas,https://media.api-sports.io/football/players/264437.png,Defender,D,39,Premier League,1346,Coventry,438,5,5,7.351369863013699,0.0,79.7752808988764,62.7906976744186,100.0,1.0,8.0,0.0,0.0,0.0,178.0,3.0,3.0,5.0,7.0,43.0,27.0,1.0,1.0,3.0,8.0,5.0,0,0,0.0,0.0,0,0.0,0.2054794520547945,1.643835616438356,0.0,0.0,0.0,36.57534246575342,0.6164383561643836,0.6164383561643836,1.0273972602739725,1.4383561643835616,8.835616438356164,5.547945205479452,0.2054794520547945,0.2054794520547945,0.6164383561643836,1.643835616438356,1.0273972602739725,0.0,0.0,0.0,0.0,0.0,0.0
19093,John Egan,https://media.api-sports.io/football/players/19093.png,Defender,D,39,Premier League,64,Hull City,438,5,5,6.93972602739726,33.33333333333333,78.125,64.28571428571429,,0.0,3.0,1.0,0.0,0.0,128.0,0.0,9.0,5.0,6.0,28.0,18.0,0.0,0.0,0.0,1.0,3.0,1,0,0.0,0.0,0,0.0,0.0,0.6164383561643836,0.2054794520547945,0.0,0.0,26.301369863013697,0.0,1.8493150684931505,1.0273972602739725,1.2328767123287672,5.7534246575342465,3.698630136986301,0.0,0.0,0.0,0.2054794520547945,0.6164383561643836,0.2054794520547945,0.0,0.0,0.0,0.0,0.0
387521,L. Vušković,https://media.api-sports.io/football/players/387521.png,Defender,D,39,Premier League,51,Brighton,438,5,5,7.368356164383562,14.285714285714285,90.78212290502793,56.86274509803921,100.0,0.0,7.0,1.0,1.0,0.0,358.0,0.0,6.0,3.0,3.0,51.0,29.0,1.0,1.0,2.0,6.0,7.0,0,0,0.0,0.0,0,0.0,0.0,1.4383561643835616,0.2054794520547945,0.2054794520547945,0.0,73.56164383561644,0.0,1.2328767123287672,0.6164383561643836,0.6164383561643836,10.47945205479452,5.9589041095890405,0.2054794520547945,0.2054794520547945,0.410958904109589,1.2328767123287672,1.4383561643835616,0.0,0.0,0.0,0.0,0.0,0.0
22160,O. Boscagli,https://media.api-sports.io/football/players/22160.png,Defender,D,39,Premier League,51,Brighton,437,5,5,7.250297482837529,33.33333333333333,84.82758620689656,43.18181818181818,,0.0,3.0,1.0,0.0,0.0,290.0,7.0,4.0,2.0,7.0,44.0,19.0,0.0,0.0,2.0,7.0,9.0,1,0,0.0,0.0,0,0.0,0.0,0.6178489702517163,0.20594965675057209,0.0,0.0,59.7254004576659,1.4416475972540046,0.8237986270022883,0.41189931350114417,1.4416475972540046,9.061784897025172,3.9130434782608696,0.0,0.0,0.41189931350114417,1.4416475972540046,1.8535469107551488,0.20594965675057209,0.0,0.0,0.0,0.0,0.0
1138,T. Weah,https://media.api-sports.io/football/players/1138.png,Defender,D,61,Ligue 1,81,Marseille,437,5,5,6.478352402745996,40.0,87.4074074074074,56.75675675675676,66.66666666666666,0.0,5.0,2.0,0.0,0.0,270.0,5.0,10.0,2.0,3.0,37.0,21.0,3.0,2.0,0.0,5.0,8.0,1,1,0.0,0.0,0,0.0,0.0,1.0297482837528604,0.41189931350114417,0.0,0.0,55.60640732265446,1.0297482837528604,2.059496567505721,0.41189931350114417,0.6178489702517163,7.620137299771168,4.324942791762013,0.6178489702517163,0.41189931350114417,0.0,1.0297482837528604,1.6475972540045767,0.20594965675057209,0.20594965675057209,0.0,0.0,0.0,0.0
181701,Gerard Martín,https://media.api-sports.io/football/players/181701.png,Defender,D,140,La Liga,529,Barcelona,436,7,5,7.341857798165137,0.0,94.02985074626866,53.84615384615385,100.0,0.0,1.0,0.0,0.0,0.0,402.0,0.0,4.0,1.0,7.0,26.0,14.0,1.0,1.0,1.0,3.0,5.0,1,0,0.0,0.0,0,0.0,0.0,0.20642201834862386,0.0,0.0,0.0,82.98165137614679,0.0,0.8256880733944955,0.20642201834862386,1.444954128440367,5.366972477064221,2.889908256880734,0.20642201834862386,0.20642201834862386,0.20642201834862386,0.6192660550458716,1.0321100917431194,0.20642201834862386,0.0,0.0,0.0,0.0,0.0
320335,James Abankwah,https://media.api-sports.io/football/players/320335.png,Defender,D,135,Serie A,494,Udinese,436,5,5,6.699999999999999,50.0,89.65517241379311,45.94594594594595,100.0,0.0,2.0,1.0,1.0,0.0,203.0,2.0,6.0,6.0,4.0,37.0,17.0,1.0,1.0,2.0,5.0,8.0,1,0,0.0,0.0,0,0.0,0.0,0.41284403669724773,0.20642201834862386,0.20642201834862386,0.0,41.903669724770644,0.41284403669724773,1.2385321100917432,1.2385321100917432,0.8256880733944955,7.637614678899083,3.5091743119266057,0.20642201834862386,0.20642201834862386,0.41284403669724773,1.0321100917431194,1.651376146788991,0.20642201834862386,0.0,0.0,0.0,0.0,0.0
18869,Adam Smith,https://media.api-sports.io/football/players/18869.png,Defender,D,39,Premier League,35,Bournemouth,435,5,5,6.313103448275862,,76.8,55.55555555555556,50.0,0.0,0.0,0.0,0.0,0.0,125.0,3.0,5.0,0.0,4.0,36.0,20.0,2.0,1.0,5.0,8.0,7.0,3,0,0.0,0.0,0,0.0,0.0,0.0,0.0,0.0,0.0,25.86206896551724,0.6206896551724138,1.0344827586206897,0.0,0.8275862068965517,7.448275862068965,4.137931034482759,0.41379310344827586,0.20689655172413793,1.0344827586206897,1.6551724137931034,1.4482758620689655,0.6206896551724138,0.0,0.0,0.0,0.0,0.0
181827,C. Egan-Riley,https://media.api-sports.io/football/players/181827.png,Defender,D,61,Ligue 1,81,Marseille,435,5,5,6.87103448275862,,93.05993690851734,88.46153846153845,,0.0,0.0,0.0,0.0,0.0,317.0,1.0,8.0,0.0,8.0,26.0,23.0,0.0,0.0,1.0,4.0,2.0,0,0,0.0,0.0,0,0.0,0.0,0.0,0.0,0.0,0.0,65.58620689655172,0.20689655172413793,1.6551724137931034,0.0,1.6551724137931034,5.379310344827586,4.758620689655173,0.0,0.0,0.20689655172413793,0.8275862068965517,0.41379310344827586,0.0,0.0,0.0,0.0,0.0,0.0
129033,Joško Gvardiol,https://media.api-sports.io/football/players/129033.png,Defender,D,39,Premier League,50,Manchester City,435,5,5,7.2958620689655165,50.0,84.1880341880342,59.25925925925925,83.33333333333334,0.0,2.0,1.0,1.0,2.0,234.0,3.0,11.0,3.0,7.0,54.0,32.0,6.0,5.0,2.0,5.0,3.0,1,0,0.0,0.0,0,0.0,0.0,0.41379310344827586,0.20689655172413793,0.20689655172413793,0.41379310344827586,48.41379310344827,0.6206896551724138,2.2758620689655173,0.6206896551724138,1.4482758620689655,11.172413793103448,6.620689655172414,1.2413793103448276,1.0344827586206897,0.41379310344827586,1.0344827586206897,0.6206896551724138,0.20689655172413793,0.0,0.0,0.0,0.0,0.0
214310,Nathaniel Adjei,https://media.api-sports.io/football/players/214310.png,Defender,D,61,Ligue 1,97,Lorient,435,5,5,7.164827586206896,,94.09836065573771,69.23076923076923,100.0,0.0,0.0,0.0,0.0,0.0,305.0,1.0,8.0,2.0,12.0,39.0,27.0,3.0,3.0,0.0,6.0,3.0,1,0,0.0,0.0,0,0.0,0.0,0.0,0.0,0.0,0.0,63.10344827586207,0.20689655172413793,1.6551724137931034,0.41379310344827586,2.4827586206896552,8.068965517241379,5.586206896551724,0.6206896551724138,0.6206896551724138,0.0,1.2413793103448276,0.6206896551724138,0.20689655172413793,0.0,0.0,0.0,0.0,0.0
353613,Gabriele Calvani,https://media.api-sports.io/football/players/353613.png,Defender,D,135,Serie A,512,Frosinone,434,5,5,6.917050691244239,0.0,72.17391304347827,67.3913043478261,50.0,1.0,3.0,0.0,0.0,0.0,115.0,0.0,12.0,6.0,7.0,46.0,31.0,2.0,1.0,5.0,4.0,5.0,2,0,0.0,0.0,0,0.0,0.2073732718894009,0.6221198156682028,0.0,0.0,0.0,23.847926267281107,0.0,2.4884792626728114,1.2442396313364057,1.4516129032258065,9.539170506912443,6.428571428571428,0.4147465437788018,0.2073732718894009,1.0368663594470047,0.8294930875576036,1.0368663594470047,0.4147465437788018,0.0,0.0,0.0,0.0,0.0
193507,Dembo Sylla,https://media.api-sports.io/football/players/193507.png,Defender,D,61,Ligue 1,97,Lorient,432,5,5,6.94375,,88.33333333333333,63.04347826086957,33.33333333333333,0.0,0.0,0.0,0.0,0.0,240.0,0.0,9.0,2.0,13.0,46.0,29.0,3.0,1.0,2.0,8.0,3.0,0,0,0.0,0.0,0,0.0,0.0,0.0,0.0,0.0,0.0,50.0,0.0,1.875,0.41666666666666663,2.708333333333333,9.583333333333334,6.041666666666667,0.625,0.20833333333333331,0.41666666666666663,1.6666666666666665,0.625,0.0,0.0,0.0,0.0,0.0,0.0
22222,Zeki Çelik,https://media.api-sports.io/football/players/22222.png,Defender,D,135,Serie A,496,Juventus,432,5,5,6.725231481481482,,87.15083798882681,50.0,16.666666666666664,3.0,0.0,0.0,0.0,1.0,179.0,6.0,10.0,1.0,5.0,32.0,16.0,6.0,1.0,1.0,1.0,5.0,1,0,0.0,0.0,0,0.0,0.625,0.0,0.0,0.0,0.20833333333333331,37.291666666666664,1.25,2.083333333333333,0.20833333333333331,1.0416666666666665,6.666666666666666,3.333333333333333,1.25,0.20833333333333331,0.20833333333333331,0.20833333333333331,1.0416666666666665,0.20833333333333331,0.0,0.0,0.0,0.0,0.0
19549,Antonee Robinson,https://media.api-sports.io/football/players/19549.png,Defender,D,39,Premier League,36,Fulham,431,5,5,6.6809744779582365,0.0,82.1917808219178,50.0,57.14285714285714,1.0,3.0,0.0,0.0,0.0,219.0,7.0,13.0,3.0,3.0,46.0,23.0,7.0,4.0,6.0,4.0,4.0,0,0,0.0,0.0,0,0.0,0.2088167053364269,0.6264501160092807,0.0,0.0,0.0,45.73085846867749,1.4617169373549883,2.71461716937355,0.6264501160092807,0.6264501160092807,9.605568445475638,4.802784222737819,1.4617169373549883,0.8352668213457076,1.2529002320185614,0.8352668213457076,0.8352668213457076,0.0,0.0,0.0,0.0,0.0,0.0
162952,Mario Gila,https://media.api-sports.io/football/players/162952.png,Defender,D,135,Serie A,489,AC Milan,431,5,5,7.177262180974477,100.0,90.96385542168674,53.65853658536586,33.33333333333333,0.0,1.0,1.0,0.0,0.0,332.0,4.0,8.0,1.0,3.0,41.0,22.0,3.0,1.0,5.0,5.0,5.0,1,0,0.0,0.0,0,0.0,0.0,0.2088167053364269,0.2088167053364269,0.0,0.0,69.32714617169374,0.8352668213457076,1.6705336426914152,0.2088167053364269,0.6264501160092807,8.561484918793504,4.593967517401392,0.6264501160092807,0.2088167053364269,1.0440835266821344,1.0440835266821344,1.0440835266821344,0.2088167053364269,0.0,0.0,0.0,0.0,0.0
47380,Marc Cucurella,https://media.api-sports.io/football/players/47380.png,Defender,D,140,La Liga,541,Real Madrid,430,7,5,6.626511627906977,,88.9763779527559,65.51724137931035,0.0,0.0,0.0,0.0,0.0,0.0,254.0,2.0,13.0,3.0,3.0,29.0,19.0,3.0,0.0,4.0,2.0,0.0,0,0,0.0,0.0,0,0.0,0.0,0.0,0.0,0.0,0.0,53.16279069767442,0.41860465116279066,2.7209302325581395,0.627906976744186,0.627906976744186,6.069767441860465,3.9767441860465116,0.627906976744186,0.0,0.8372093023255813,0.41860465116279066,0.0,0.0,0.0,0.0,0.0,0.0,0.0
18967,Leo Østigård,https://media.api-sports.io/football/players/18967.png,Defender,D,135,Serie A,495,Genoa,426,5,5,6.983098591549296,50.0,90.11406844106465,62.22222222222222,,0.0,4.0,2.0,0.0,0.0,263.0,1.0,8.0,11.0,5.0,45.0,28.0,0.0,0.0,1.0,3.0,7.0,3,0,0.0,0.0,0,0.0,0.0,0.8450704225352113,0.4225352112676056,0.0,0.0,55.563380281690144,0.2112676056338028,1.6901408450704225,2.323943661971831,1.056338028169014,9.507042253521126,5.915492957746479,0.0,0.0,0.2112676056338028,0.6338028169014085,1.4788732394366197,0.6338028169014085,0.0,0.0,0.0,0.0,0.0
341453,Oso,https://media.api-sports.io/football/players/341453.png,Defender,D,61,Ligue 1,95,Strasbourg,426,5,5,7.056338028169014,14.285714285714285,81.76795580110497,57.692307692307686,40.0,0.0,7.0,1.0,1.0,1.0,181.0,4.0,9.0,1.0,7.0,52.0,30.0,10.0,4.0,6.0,9.0,2.0,0,0,0.0,0.0,0,0.0,0.0,1.4788732394366197,0.2112676056338028,0.2112676056338028,0.2112676056338028,38.23943661971831,0.8450704225352113,1.9014084507042253,0.2112676056338028,1.4788732394366197,10.985915492957746,6.338028169014085,2.112676056338028,0.8450704225352113,1.267605633802817,1.9014084507042253,0.4225352112676056,0.0,0.0,0.0,0.0,0.0,0.0
2669,Mario Hermoso,https://media.api-sports.io/football/players/2669.png,Defender,D,135,Serie A,497,AS Roma,425,5,5,7.651058823529413,100.0,87.25490196078431,62.16216216216216,100.0,1.0,1.0,1.0,1.0,0.0,306.0,6.0,13.0,2.0,17.0,37.0,23.0,1.0,1.0,2.0,5.0,3.0,2,0,0.0,0.0,0,0.0,0.2117647058823529,0.2117647058823529,0.2117647058823529,0.2117647058823529,0.0,64.8,1.2705882352941178,2.7529411764705882,0.4235294117647058,3.6,7.8352941176470585,4.870588235294117,0.2117647058823529,0.2117647058823529,0.4235294117647058,1.0588235294117647,0.6352941176470589,0.4235294117647058,0.0,0.0,0.0,0.0,0.0
2769,Semi Ajayi,https://media.api-sports.io/football/players/2769.png,Defender,D,39,Premier League,64,Hull City,424,5,5,6.833962264150943,33.33333333333333,83.94160583941606,62.06896551724138,75.0,0.0,3.0,1.0,1.0,0.0,137.0,0.0,6.0,0.0,5.0,29.0,18.0,4.0,3.0,2.0,1.0,1.0,1,0,0.0,0.0,0,0.0,0.0,0.6367924528301887,0.2122641509433962,0.2122641509433962,0.0,29.080188679245285,0.0,1.2735849056603774,0.0,1.0613207547169812,6.15566037735849,3.820754716981132,0.8490566037735848,0.6367924528301887,0.4245283018867924,0.2122641509433962,0.2122641509433962,0.2122641509433962,0.0,0.0,0.0,0.0,0.0
47277,Unai Núñez,https://media.api-sports.io/football/players/47277.png,Defender,D,140,La Liga,540,Espanyol,423,7,6,6.9111111111111105,0.0,85.91065292096219,66.66666666666666,100.0,0.0,2.0,0.0,0.0,0.0,291.0,3.0,7.0,5.0,7.0,33.0,22.0,1.0,1.0,3.0,4.0,2.0,0,0,0.0,0.0,0,0.0,0.0,0.425531914893617,0.0,0.0,0.0,61.91489361702128,0.6382978723404256,1.4893617021276595,1.0638297872340425,1.4893617021276595,7.0212765957446805,4.680851063829787,0.2127659574468085,0.2127659574468085,0.6382978723404256,0.851063829787234,0.425531914893617,0.0,0.0,0.0,0.0,0.0,0.0
396623,Pau Cubarsí,https://media.api-sports.io/football/players/396623.png,Defender,D,140,La Liga,529,Barcelona,422,7,5,7.3334123222748815,0.0,94.21487603305785,70.58823529411765,,1.0,2.0,0.0,0.0,0.0,484.0,0.0,7.0,1.0,6.0,34.0,24.0,0.0,0.0,0.0,1.0,3.0,1,0,0.0,0.0,0,0.0,0.2132701421800948,0.4265402843601896,0.0,0.0,0.0,103.22274881516589,0.0,1.4928909952606637,0.2132701421800948,1.2796208530805686,7.251184834123222,5.118483412322274,0.0,0.0,0.0,0.2132701421800948,0.6398104265402843,0.2132701421800948,0.0,0.0,0.0,0.0,0.0
197448,Yan Couto,https://media.api-sports.io/football/players/197448.png,Defender,D,135,Serie A,895,Como,421,5,5,6.705700712589073,50.0,89.53068592057761,57.89473684210527,40.0,1.0,6.0,3.0,0.0,1.0,277.0,10.0,5.0,0.0,4.0,19.0,11.0,5.0,2.0,0.0,4.0,2.0,1,0,0.0,0.0,0,0.0,0.2137767220902613,1.2826603325415677,0.6413301662707839,0.0,0.2137767220902613,59.21615201900237,2.137767220902613,1.0688836104513064,0.0,0.8551068883610452,4.061757719714964,2.351543942992874,1.0688836104513064,0.4275534441805226,0.0,0.8551068883610452,0.4275534441805226,0.2137767220902613,0.0,0.0,0.0,0.0,0.0
379504,Gabriele Bracaglia,https://media.api-sports.io/football/players/379504.png,Defender,D,135,Serie A,512,Frosinone,420,5,5,7.082380952380952,80.0,65.09433962264151,50.0,100.0,1.0,5.0,4.0,1.0,1.0,106.0,5.0,7.0,7.0,5.0,44.0,22.0,1.0,1.0,4.0,7.0,8.0,3,0,0.0,0.0,0,0.0,0.2142857142857143,1.0714285714285714,0.8571428571428572,0.2142857142857143,0.2142857142857143,22.714285714285715,1.0714285714285714,1.5,1.5,1.0714285714285714,9.428571428571429,4.714285714285714,0.2142857142857143,0.2142857142857143,0.8571428571428572,1.5,1.7142857142857144,0.6428571428571428,0.0,0.0,0.0,0.0,0.0
342018,Lorenzo Lucchesi,https://media.api-sports.io/football/players/342018.png,Defender,D,135,Serie A,1579,Monza,419,5,5,6.51599045346062,75.0,95.02487562189054,44.89795918367347,100.0,0.0,4.0,3.0,0.0,0.0,201.0,1.0,8.0,5.0,12.0,49.0,22.0,2.0,2.0,3.0,2.0,9.0,2,0,0.0,0.0,0,0.0,0.0,0.8591885441527447,0.6443914081145585,0.0,0.0,43.17422434367542,0.21479713603818618,1.7183770883054894,1.0739856801909307,2.577565632458234,10.525059665871122,4.725536992840095,0.42959427207637235,0.42959427207637235,0.6443914081145585,0.42959427207637235,1.9331742243436754,0.42959427207637235,0.0,0.0,0.0,0.0,0.0
157052,R. Calafiori,https://media.api-sports.io/football/players/157052.png,Defender,D,39,Premier League,42,Arsenal,418,5,5,6.888995215311005,20.0,82.22222222222221,57.14285714285714,0.0,1.0,5.0,1.0,0.0,2.0,135.0,4.0,6.0,2.0,1.0,28.0,16.0,1.0,0.0,1.0,1.0,3.0,0,0,0.0,0.0,0,0.0,0.21531100478468898,1.076555023923445,0.21531100478468898,0.0,0.43062200956937796,29.066985645933016,0.8612440191387559,1.291866028708134,0.43062200956937796,0.21531100478468898,6.028708133971292,3.4449760765550237,0.21531100478468898,0.0,0.21531100478468898,0.21531100478468898,0.645933014354067,0.0,0.0,0.0,0.0,0.0,0.0
3099,Youssouf Ndayishimiye,https://media.api-sports.io/football/players/3099.png,Defender,D,61,Ligue 1,84,Nice,418,5,5,6.6566985645933014,0.0,92.0,52.0,100.0,1.0,1.0,0.0,0.0,0.0,475.0,0.0,3.0,3.0,9.0,25.0,13.0,1.0,1.0,2.0,4.0,3.0,2,0,0.0,1.0,0,0.0,0.21531100478468898,0.21531100478468898,0.0,0.0,0.0,102.27272727272728,0.0,0.645933014354067,0.645933014354067,1.937799043062201,5.382775119617225,2.799043062200957,0.21531100478468898,0.21531100478468898,0.43062200956937796,0.8612440191387559,0.645933014354067,0.43062200956937796,0.0,0.0,0.21531100478468898,0.0,0.0
367636,Jérémy Jacquet,https://media.api-sports.io/football/players/367636.png,Defender,D,39,Premier League,40,Liverpool,417,5,5,7.591606714628297,,90.36827195467421,76.31578947368422,100.0,0.0,0.0,0.0,0.0,0.0,353.0,3.0,11.0,3.0,8.0,38.0,29.0,3.0,3.0,1.0,5.0,5.0,1,0,0.0,0.0,0,0.0,0.0,0.0,0.0,0.0,0.0,76.18705035971223,0.6474820143884893,2.3741007194244603,0.6474820143884893,1.7266187050359711,8.201438848920864,6.258992805755396,0.6474820143884893,0.6474820143884893,0.2158273381294964,1.079136690647482,1.079136690647482,0.2158273381294964,0.0,0.0,0.0,0.0,0.0
135526,Josh Doig,https://media.api-sports.io/football/players/135526.png,Defender,D,135,Serie A,488,Sassuolo,416,5,5,6.667788461538462,50.0,89.26174496644296,46.42857142857143,0.0,0.0,2.0,1.0,1.0,0.0,149.0,5.0,7.0,2.0,6.0,28.0,13.0,3.0,0.0,4.0,3.0,5.0,0,0,0.0,0.0,0,0.0,0.0,0.4326923076923077,0.21634615384615385,0.21634615384615385,0.0,32.23557692307693,1.0817307692307694,1.5144230769230769,0.4326923076923077,1.2980769230769231,6.0576923076923075,2.8125,0.6490384615384616,0.0,0.8653846153846154,0.6490384615384616,1.0817307692307694,0.0,0.0,0.0,0.0,0.0,0.0
226,Denzel Dumfries,https://media.api-sports.io/football/players/226.png,Defender,D,140,La Liga,541,Real Madrid,415,7,5,6.480434782608696,66.66666666666666,89.1891891891892,59.25925925925925,,1.0,3.0,2.0,0.0,0.0,148.0,4.0,10.0,2.0,3.0,27.0,16.0,0.0,0.0,1.0,2.0,2.0,1,0,0.0,0.0,0,0.0,0.2168674698795181,0.6506024096385542,0.4337349397590362,0.0,0.0,32.096385542168676,0.8674698795180724,2.168674698795181,0.4337349397590362,0.6506024096385542,5.855421686746988,3.4698795180722897,0.0,0.0,0.2168674698795181,0.4337349397590362,0.4337349397590362,0.2168674698795181,0.0,0.0,0.0,0.0,0.0
5,Manuel Akanji,https://media.api-sports.io/football/players/5.png,Defender,D,135,Serie A,505,Inter,413,5,5,7.031234866828087,14.285714285714285,94.1747572815534,73.52941176470588,0.0,0.0,7.0,1.0,0.0,1.0,309.0,2.0,9.0,2.0,8.0,34.0,25.0,1.0,0.0,1.0,1.0,4.0,2,0,0.0,0.0,0,0.0,0.0,1.5254237288135593,0.2179176755447942,0.0,0.2179176755447942,67.3365617433414,0.4358353510895884,1.9612590799031475,0.4358353510895884,1.7433414043583535,7.4092009685230025,5.447941888619855,0.2179176755447942,0.0,0.2179176755447942,0.2179176755447942,0.8716707021791767,0.4358353510895884,0.0,0.0,0.0,0.0,0.0
2278,Marcos Alonso,https://media.api-sports.io/football/players/2278.png,Defender,D,140,La Liga,538,Celta Vigo,411,6,5,6.739270072992701,0.0,88.23529411764706,56.25,0.0,1.0,3.0,0.0,0.0,0.0,408.0,0.0,8.0,2.0,10.0,32.0,18.0,1.0,0.0,0.0,3.0,6.0,2,1,0.0,0.0,0,0.0,0.21897810218978103,0.656934306569343,0.0,0.0,0.0,89.34306569343066,0.0,1.7518248175182483,0.43795620437956206,2.18978102189781,7.007299270072993,3.9416058394160585,0.21897810218978103,0.0,0.0,0.656934306569343,1.313868613138686,0.43795620437956206,0.21897810218978103,0.0,0.0,0.0,0.0
291649,Vanderson,https://media.api-sports.io/football/players/291649.png,Defender,D,61,Ligue 1,91,Monaco,411,5,5,7.29683698296837,0.0,78.60262008733623,63.04347826086957,66.66666666666666,0.0,1.0,0.0,0.0,0.0,229.0,3.0,18.0,5.0,9.0,46.0,29.0,6.0,4.0,1.0,3.0,9.0,1,0,0.0,0.0,0,0.0,0.0,0.21897810218978103,0.0,0.0,0.0,50.14598540145985,0.656934306569343,3.9416058394160585,1.094890510948905,1.9708029197080292,10.072992700729927,6.350364963503649,1.313868613138686,0.8759124087591241,0.21897810218978103,0.656934306569343,1.9708029197080292,0.21897810218978103,0.0,0.0,0.0,0.0,0.0
2920,Timothy Castagne,https://media.api-sports.io/football/players/2920.png,Defender,D,39,Premier League,36,Fulham,410,5,5,6.381268292682926,50.0,79.52380952380952,40.0,33.33333333333333,2.0,4.0,2.0,0.0,1.0,210.0,4.0,6.0,4.0,4.0,35.0,14.0,3.0,1.0,2.0,4.0,9.0,2,0,0.0,0.0,0,0.0,0.43902439024390244,0.8780487804878049,0.43902439024390244,0.0,0.21951219512195122,46.09756097560976,0.8780487804878049,1.3170731707317074,0.8780487804878049,0.8780487804878049,7.682926829268293,3.073170731707317,0.6585365853658537,0.21951219512195122,0.43902439024390244,0.8780487804878049,1.975609756097561,0.43902439024390244,0.0,0.0,0.0,0.0,0.0
106725,K. Lewis-Potter,https://media.api-sports.io/football/players/106725.png,Defender,D,39,Premier League,55,Brentford,409,5,5,6.479853300733497,33.33333333333333,78.39506172839506,33.33333333333333,33.33333333333333,1.0,6.0,2.0,1.0,1.0,162.0,7.0,6.0,2.0,4.0,45.0,15.0,9.0,3.0,0.0,2.0,9.0,0,0,0.0,1.0,0,0.0,0.2200488997555012,1.3202933985330074,0.4400977995110024,0.2200488997555012,0.2200488997555012,35.6479217603912,1.5403422982885084,1.3202933985330074,0.4400977995110024,0.8801955990220048,9.902200488997554,3.3007334963325183,1.9804400977995111,0.6601466992665037,0.0,0.4400977995110024,1.9804400977995111,0.0,0.0,0.0,0.2200488997555012,0.0,0.0
3007,P. Frankowski,https://media.api-sports.io/football/players/3007.png,Defender,D,61,Ligue 1,94,Rennes,409,5,5,6.438973105134474,33.33333333333333,79.59183673469387,44.18604651162791,33.33333333333333,0.0,3.0,1.0,1.0,1.0,245.0,6.0,12.0,1.0,6.0,43.0,19.0,3.0,1.0,4.0,4.0,11.0,1,0,0.0,1.0,0,0.0,0.0,0.6601466992665037,0.2200488997555012,0.2200488997555012,0.2200488997555012,53.9119804400978,1.3202933985330074,2.640586797066015,0.2200488997555012,1.3202933985330074,9.462102689486553,4.180929095354523,0.6601466992665037,0.2200488997555012,0.8801955990220048,0.8801955990220048,2.4205378973105134,0.2200488997555012,0.0,0.0,0.2200488997555012,0.0,0.0
122468,Saúl Coco,https://media.api-sports.io/football/players/122468.png,Defender,D,135,Serie A,503,Torino,406,5,5,6.857142857142857,25.0,91.17647058823529,73.07692307692307,66.66666666666666,0.0,4.0,1.0,0.0,0.0,306.0,2.0,5.0,4.0,4.0,26.0,19.0,3.0,2.0,0.0,5.0,4.0,0,0,0.0,0.0,0,0.0,0.0,0.8866995073891626,0.22167487684729065,0.0,0.0,67.83251231527093,0.4433497536945813,1.1083743842364533,0.8866995073891626,0.8866995073891626,5.763546798029557,4.211822660098522,0.6650246305418719,0.4433497536945813,0.0,1.1083743842364533,0.8866995073891626,0.0,0.0,0.0,0.0,0.0,0.0
41964,Zé Pedro,https://media.api-sports.io/football/players/41964.png,Defender,D,135,Serie A,490,Cagliari,404,5,5,6.861386138613861,0.0,80.13245033112582,42.857142857142854,50.0,0.0,1.0,0.0,0.0,0.0,151.0,2.0,6.0,1.0,3.0,28.0,12.0,6.0,3.0,7.0,1.0,2.0,1,0,0.0,0.0,0,0.0,0.0,0.22277227722772278,0.0,0.0,0.0,33.63861386138614,0.44554455445544555,1.3366336633663365,0.22277227722772278,0.6683168316831682,6.237623762376238,2.673267326732673,1.3366336633663365,0.6683168316831682,1.5594059405940595,0.22277227722772278,0.44554455445544555,0.22277227722772278,0.0,0.0,0.0,0.0,0.0
295793,Marc Pubill,https://media.api-sports.io/football/players/295793.png,Defender,D,140,La Liga,530,Atletico Madrid,403,7,5,7.043672456575682,33.33333333333333,90.15151515151516,55.88235294117647,0.0,1.0,3.0,1.0,1.0,0.0,264.0,0.0,7.0,2.0,1.0,34.0,19.0,1.0,0.0,3.0,5.0,6.0,2,0,0.0,0.0,0,0.0,0.22332506203473945,0.6699751861042184,0.22332506203473945,0.22332506203473945,0.0,58.95781637717121,0.0,1.5632754342431763,0.4466501240694789,0.22332506203473945,7.593052109181142,4.2431761786600495,0.22332506203473945,0.0,0.6699751861042184,1.1166253101736974,1.3399503722084367,0.4466501240694789,0.0,0.0,0.0,0.0,0.0
342651,Romano Floriani Mussolini,https://media.api-sports.io/football/players/342651.png,Defender,D,135,Serie A,487,Lazio,403,5,4,6.830521091811414,0.0,88.17204301075269,56.25,33.33333333333333,1.0,1.0,0.0,0.0,0.0,186.0,3.0,11.0,3.0,6.0,32.0,18.0,3.0,1.0,3.0,1.0,7.0,1,0,0.0,0.0,0,0.0,0.22332506203473945,0.22332506203473945,0.0,0.0,0.0,41.53846153846154,0.6699751861042184,2.456575682382134,0.6699751861042184,1.3399503722084367,7.1464019851116625,4.01985111662531,0.6699751861042184,0.22332506203473945,0.6699751861042184,0.22332506203473945,1.5632754342431763,0.22332506203473945,0.0,0.0,0.0,0.0,0.0
2282,Andreas Christensen,https://media.api-sports.io/football/players/2282.png,Defender,D,140,La Liga,529,Barcelona,402,7,5,6.811194029850746,0.0,97.39884393063583,50.0,0.0,0.0,2.0,0.0,0.0,1.0,346.0,1.0,3.0,1.0,7.0,34.0,17.0,1.0,0.0,1.0,2.0,8.0,0,0,0.0,0.0,0,0.0,0.0,0.44776119402985076,0.0,0.0,0.22388059701492538,77.46268656716417,0.22388059701492538,0.6716417910447761,0.22388059701492538,1.5671641791044777,7.611940298507463,3.8059701492537314,0.22388059701492538,0.0,0.22388059701492538,0.44776119402985076,1.791044776119403,0.0,0.0,0.0,0.0,0.0,0.0
47329,Adrià Pedrosa,https://media.api-sports.io/football/players/47329.png,Defender,D,140,La Liga,728,Rayo Vallecano,398,5,4,6.940954773869347,50.0,82.08955223880598,55.10204081632652,66.66666666666666,0.0,4.0,2.0,1.0,1.0,134.0,9.0,12.0,0.0,2.0,49.0,27.0,9.0,6.0,4.0,6.0,9.0,1,0,0.0,0.0,0,0.0,0.0,0.9045226130653267,0.45226130653266333,0.22613065326633167,0.22613065326633167,30.301507537688444,2.035175879396985,2.7135678391959797,0.0,0.45226130653266333,11.080402010050252,6.105527638190955,2.035175879396985,1.3567839195979898,0.9045226130653267,1.3567839195979898,2.035175879396985,0.22613065326633167,0.0,0.0,0.0,0.0,0.0
30425,Gianluca Mancini,https://media.api-sports.io/football/players/30425.png,Defender,D,135,Serie A,497,AS Roma,398,5,5,7.100502512562814,50.0,91.07142857142857,55.55555555555556,100.0,1.0,4.0,2.0,0.0,2.0,224.0,5.0,9.0,0.0,8.0,36.0,20.0,3.0,3.0,1.0,3.0,7.0,0,0,0.0,0.0,0,0.0,0.22613065326633167,0.9045226130653267,0.45226130653266333,0.0,0.45226130653266333,50.653266331658294,1.1306532663316584,2.035175879396985,0.0,1.8090452261306533,8.14070351758794,4.522613065326634,0.6783919597989949,0.6783919597989949,0.22613065326633167,0.6783919597989949,1.5829145728643217,0.0,0.0,0.0,0.0,0.0,0.0
165713,Manu Hernando,https://media.api-sports.io/football/players/165713.png,Defender,D,140,La Liga,4665,Racing Santander,397,7,5,6.307052896725441,0.0,81.57894736842105,60.0,,0.0,3.0,0.0,0.0,0.0,114.0,0.0,5.0,4.0,4.0,30.0,18.0,0.0,0.0,3.0,2.0,5.0,1,0,0.0,0.0,0,0.0,0.0,0.6801007556675063,0.0,0.0,0.0,25.843828715365238,0.0,1.1335012594458438,0.906801007556675,0.906801007556675,6.801007556675064,4.080604534005038,0.0,0.0,0.6801007556675063,0.4534005037783375,1.1335012594458438,0.22670025188916876,0.0,0.0,0.0,0.0,0.0
415155,Juan Rodríguez,https://media.api-sports.io/football/players/415155.png,Defender,D,135,Serie A,490,Cagliari,395,5,5,7.095696202531646,0.0,93.44978165938865,43.75,,0.0,1.0,0.0,0.0,0.0,229.0,2.0,7.0,7.0,9.0,32.0,14.0,0.0,0.0,5.0,1.0,2.0,0,0,0.0,0.0,0,0.0,0.0,0.22784810126582278,0.0,0.0,0.0,52.177215189873415,0.45569620253164556,1.5949367088607596,1.5949367088607596,2.050632911392405,7.291139240506329,3.189873417721519,0.0,0.0,1.139240506329114,0.22784810126582278,0.45569620253164556,0.0,0.0,0.0,0.0,0.0,0.0
47314,Zubeldia,https://media.api-sports.io/football/players/47314.png,Defender,D,140,La Liga,548,Real Sociedad,393,5,4,6.648091603053436,,85.40772532188842,59.45945945945946,,1.0,0.0,0.0,0.0,0.0,233.0,2.0,14.0,0.0,6.0,37.0,22.0,0.0,0.0,1.0,1.0,3.0,2,0,0.0,0.0,0,0.0,0.22900763358778628,0.0,0.0,0.0,0.0,53.3587786259542,0.45801526717557256,3.2061068702290076,0.0,1.3740458015267174,8.473282442748092,5.038167938931298,0.0,0.0,0.22900763358778628,0.22900763358778628,0.6870229007633587,0.45801526717557256,0.0,0.0,0.0,0.0,0.0
31009,Alessandro Bastoni,https://media.api-sports.io/football/players/31009.png,Defender,D,135,Serie A,505,Inter,392,5,5,7.108418367346939,0.0,90.51282051282051,67.85714285714286,100.0,0.0,3.0,0.0,0.0,0.0,390.0,5.0,11.0,3.0,2.0,28.0,19.0,1.0,1.0,1.0,1.0,4.0,1,0,0.0,0.0,0,0.0,0.0,0.6887755102040816,0.0,0.0,0.0,89.54081632653062,1.1479591836734695,2.5255102040816326,0.6887755102040816,0.4591836734693877,6.428571428571428,4.362244897959184,0.22959183673469385,0.22959183673469385,0.22959183673469385,0.22959183673469385,0.9183673469387754,0.22959183673469385,0.0,0.0,0.0,0.0,0.0
20600,Romain Perraud,https://media.api-sports.io/football/players/20600.png,Defender,D,61,Ligue 1,79,Lille,391,5,4,6.71687979539642,0.0,86.31578947368422,51.35135135135135,100.0,0.0,1.0,0.0,0.0,0.0,190.0,1.0,8.0,2.0,4.0,37.0,19.0,4.0,4.0,3.0,4.0,4.0,2,0,0.0,0.0,0,0.0,0.0,0.23017902813299235,0.0,0.0,0.0,43.73401534526854,0.23017902813299235,1.8414322250639388,0.4603580562659847,0.9207161125319694,8.516624040920716,4.373401534526854,0.9207161125319694,0.9207161125319694,0.690537084398977,0.9207161125319694,0.9207161125319694,0.4603580562659847,0.0,0.0,0.0,0.0,0.0
184420,Carlos Romero,https://media.api-sports.io/football/players/184420.png,Defender,D,140,La Liga,533,Villarreal,387,6,4,6.765116279069767,0.0,88.65546218487394,63.888888888888886,60.0,0.0,1.0,0.0,0.0,0.0,238.0,2.0,7.0,2.0,2.0,36.0,23.0,10.0,6.0,3.0,8.0,2.0,1,0,0.0,0.0,0,0.0,0.0,0.23255813953488372,0.0,0.0,0.0,55.34883720930232,0.46511627906976744,1.6279069767441858,0.46511627906976744,0.46511627906976744,8.372093023255815,5.348837209302325,2.325581395348837,1.3953488372093024,0.6976744186046512,1.8604651162790697,0.46511627906976744,0.23255813953488372,0.0,0.0,0.0,0.0,0.0
206254,Miloš Kerkez,https://media.api-sports.io/football/players/206254.png,Defender,D,39,Premier League,40,Liverpool,386,5,5,6.473704663212435,50.0,81.65680473372781,45.23809523809524,20.0,0.0,2.0,1.0,0.0,0.0,169.0,2.0,8.0,3.0,2.0,42.0,19.0,5.0,1.0,1.0,6.0,9.0,2,0,0.0,0.0,0,0.0,0.0,0.46632124352331605,0.23316062176165803,0.0,0.0,39.40414507772021,0.46632124352331605,1.8652849740932642,0.6994818652849741,0.46632124352331605,9.792746113989637,4.430051813471502,1.16580310880829,0.23316062176165803,0.23316062176165803,1.3989637305699483,2.098445595854922,0.46632124352331605,0.0,0.0,0.0,0.0,0.0
203219,Jamil Siebert,https://media.api-sports.io/football/players/203219.png,Defender,D,135,Serie A,867,Lecce,384,5,4,6.7,0.0,78.87323943661971,56.41025641025641,50.0,0.0,1.0,0.0,0.0,0.0,142.0,2.0,12.0,3.0,7.0,39.0,22.0,4.0,2.0,6.0,2.0,3.0,1,0,0.0,0.0,0,0.0,0.0,0.234375,0.0,0.0,0.0,33.28125,0.46875,2.8125,0.703125,1.640625,9.140625,5.15625,0.9375,0.46875,1.40625,0.46875,0.703125,0.234375,0.0,0.0,0.0,0.0,0.0
20525,Matthieu Udol,https://media.api-sports.io/football/players/20525.png,Defender,D,61,Ligue 1,116,Lens,384,5,5,6.787499999999999,40.0,80.72916666666666,65.0,33.33333333333333,0.0,5.0,2.0,1.0,0.0,192.0,6.0,8.0,0.0,5.0,40.0,26.0,3.0,1.0,3.0,4.0,4.0,0,0,0.0,0.0,0,0.0,0.0,1.171875,0.46875,0.234375,0.0,45.0,1.40625,1.875,0.0,1.171875,9.375,6.09375,0.703125,0.234375,0.703125,0.9375,0.9375,0.0,0.0,0.0,0.0,0.0,0.0
191417,Anthony Oyono,https://media.api-sports.io/football/players/191417.png,Defender,D,135,Serie A,512,Frosinone,383,5,4,6.847519582245431,25.0,75.86206896551724,51.92307692307693,66.66666666666666,0.0,4.0,1.0,0.0,1.0,116.0,4.0,11.0,1.0,8.0,52.0,27.0,6.0,4.0,4.0,8.0,6.0,1,0,0.0,0.0,0,0.0,0.0,0.9399477806788512,0.2349869451697128,0.0,0.2349869451697128,27.258485639686686,0.9399477806788512,2.584856396866841,0.2349869451697128,1.8798955613577024,12.219321148825067,6.344647519582246,1.4099216710182767,0.9399477806788512,0.9399477806788512,1.8798955613577024,1.4099216710182767,0.2349869451697128,0.0,0.0,0.0,0.0,0.0
20656,Enzo Ebosse,https://media.api-sports.io/football/players/20656.png,Defender,D,135,Serie A,494,Udinese,383,5,4,6.464490861618799,0.0,87.17948717948718,45.16129032258064,0.0,0.0,1.0,0.0,0.0,0.0,273.0,5.0,5.0,2.0,5.0,31.0,14.0,1.0,0.0,2.0,1.0,3.0,0,0,0.0,0.0,0,0.0,0.0,0.2349869451697128,0.0,0.0,0.0,64.1514360313316,1.1749347258485638,1.1749347258485638,0.4699738903394256,1.1749347258485638,7.284595300261096,3.289817232375979,0.2349869451697128,0.0,0.4699738903394256,0.2349869451697128,0.7049608355091384,0.0,0.0,0.0,0.0,0.0,0.0
22247,K. Lala,https://media.api-sports.io/football/players/22247.png,Defender,D,61,Ligue 1,106,Stade Brestois 29,382,5,5,6.578795811518326,0.0,70.39106145251397,55.55555555555556,33.33333333333333,0.0,1.0,0.0,0.0,0.0,179.0,8.0,8.0,0.0,1.0,27.0,15.0,3.0,1.0,1.0,5.0,2.0,1,0,0.0,0.0,0,0.0,0.0,0.23560209424083772,0.0,0.0,0.0,42.17277486910995,1.8848167539267018,1.8848167539267018,0.0,0.23560209424083772,6.361256544502618,3.5340314136125652,0.706806282722513,0.23560209424083772,0.23560209424083772,1.1780104712041886,0.47120418848167545,0.23560209424083772,0.0,0.0,0.0,0.0,0.0
46734,Pablo Ramón,https://media.api-sports.io/football/players/46734.png,Defender,D,140,La Liga,4665,Racing Santander,382,7,4,6.693979057591624,50.0,89.5582329317269,68.08510638297872,66.66666666666666,1.0,2.0,1.0,0.0,0.0,249.0,1.0,15.0,1.0,7.0,47.0,32.0,3.0,2.0,3.0,6.0,2.0,2,0,0.0,0.0,0,0.0,0.23560209424083772,0.47120418848167545,0.23560209424083772,0.0,0.0,58.66492146596858,0.23560209424083772,3.5340314136125652,0.23560209424083772,1.6492146596858637,11.073298429319372,7.539267015706807,0.706806282722513,0.47120418848167545,0.706806282722513,1.413612565445026,0.47120418848167545,0.47120418848167545,0.0,0.0,0.0,0.0,0.0
290546,Fedde Leysen,https://media.api-sports.io/football/players/290546.png,Defender,D,135,Serie A,488,Sassuolo,381,5,4,6.946194225721785,0.0,90.82125603864735,59.45945945945946,,0.0,2.0,0.0,0.0,1.0,207.0,1.0,9.0,5.0,4.0,37.0,22.0,0.0,0.0,5.0,1.0,4.0,1,0,0.0,0.0,0,0.0,0.0,0.47244094488188976,0.0,0.0,0.23622047244094488,48.89763779527559,0.23622047244094488,2.1259842519685037,1.1811023622047243,0.9448818897637795,8.740157480314961,5.196850393700787,0.0,0.0,1.1811023622047243,0.23622047244094488,0.9448818897637795,0.23622047244094488,0.0,0.0,0.0,0.0,0.0
336657,W. Zaïre-Emery,https://media.api-sports.io/football/players/336657.png,Defender,D,61,Ligue 1,85,Paris Saint Germain,381,5,5,6.7005249343832025,25.0,93.48534201954396,45.714285714285715,33.33333333333333,0.0,4.0,1.0,0.0,0.0,307.0,1.0,8.0,0.0,1.0,35.0,16.0,3.0,1.0,3.0,3.0,2.0,0,0,0.0,0.0,0,0.0,0.0,0.9448818897637795,0.23622047244094488,0.0,0.0,72.51968503937007,0.23622047244094488,1.889763779527559,0.0,0.23622047244094488,8.26771653543307,3.779527559055118,0.7086614173228346,0.23622047244094488,0.7086614173228346,0.7086614173228346,0.47244094488188976,0.0,0.0,0.0,0.0,0.0,0.0
282054,Clemens Riedel,https://media.api-sports.io/football/players/282054.png,Defender,D,140,La Liga,540,Espanyol,375,7,4,6.4424,100.0,84.25531914893617,44.11764705882353,,0.0,2.0,2.0,0.0,0.0,235.0,0.0,4.0,1.0,3.0,34.0,15.0,0.0,0.0,1.0,1.0,11.0,3,0,0.0,0.0,0,0.0,0.0,0.48,0.48,0.0,0.0,56.400000000000006,0.0,0.96,0.24,0.72,8.16,3.6,0.0,0.0,0.24,0.24,2.64,0.72,0.0,0.0,0.0,0.0,0.0
289,Andy Robertson,https://media.api-sports.io/football/players/289.png,Defender,D,39,Premier League,47,Tottenham,367,5,4,6.85858310626703,50.0,83.53909465020575,71.42857142857143,100.0,4.0,2.0,1.0,0.0,1.0,243.0,8.0,5.0,3.0,3.0,14.0,10.0,1.0,1.0,0.0,2.0,1.0,0,0,0.0,0.0,0,0.0,0.9809264305177111,0.49046321525885556,0.24523160762942778,0.0,0.24523160762942778,59.59128065395095,1.9618528610354222,1.2261580381471389,0.7356948228882834,0.7356948228882834,3.433242506811989,2.4523160762942777,0.24523160762942778,0.24523160762942778,0.0,0.49046321525885556,0.24523160762942778,0.0,0.0,0.0,0.0,0.0,0.0
47273,Yuri Berchiche,https://media.api-sports.io/football/players/47273.png,Defender,D,140,La Liga,531,Athletic Club,367,5,5,6.916076294277929,10.0,91.57509157509158,60.0,50.0,0.0,10.0,1.0,0.0,0.0,273.0,6.0,9.0,2.0,4.0,25.0,15.0,2.0,1.0,2.0,1.0,5.0,2,1,0.0,0.0,0,0.0,0.0,2.4523160762942777,0.24523160762942778,0.0,0.0,66.94822888283379,1.4713896457765667,2.20708446866485,0.49046321525885556,0.9809264305177111,6.130790190735695,3.678474114441417,0.49046321525885556,0.24523160762942778,0.49046321525885556,0.24523160762942778,1.2261580381471389,0.49046321525885556,0.24523160762942778,0.0,0.0,0.0,0.0
22225,Reinildo,https://media.api-sports.io/football/players/22225.png,Defender,D,39,Premier League,746,Sunderland,366,4,4,6.61344262295082,,86.09271523178808,57.14285714285714,100.0,0.0,0.0,0.0,0.0,0.0,151.0,2.0,8.0,1.0,8.0,42.0,24.0,2.0,2.0,5.0,5.0,8.0,0,1,0.0,0.0,0,0.0,0.0,0.0,0.0,0.0,0.0,37.131147540983605,0.4918032786885246,1.9672131147540983,0.2459016393442623,1.9672131147540983,10.327868852459016,5.901639344262295,0.4918032786885246,0.4918032786885246,1.2295081967213115,1.2295081967213115,1.9672131147540983,0.0,0.2459016393442623,0.0,0.0,0.0,0.0
31,José María Giménez,https://media.api-sports.io/football/players/31.png,Defender,D,140,La Liga,544,Deportivo La Coruna,364,7,4,6.942582417582417,25.0,89.96282527881041,53.125,0.0,0.0,4.0,1.0,0.0,0.0,269.0,2.0,3.0,4.0,4.0,32.0,17.0,1.0,0.0,5.0,0.0,3.0,1,0,0.0,0.0,0,0.0,0.0,0.989010989010989,0.24725274725274726,0.0,0.0,66.51098901098902,0.4945054945054945,0.7417582417582418,0.989010989010989,0.989010989010989,7.912087912087912,4.2032967032967035,0.24725274725274726,0.0,1.2362637362637363,0.0,0.7417582417582418,0.24725274725274726,0.0,0.0,0.0,0.0,0.0
20995,M. Lacroix,https://media.api-sports.io/football/players/20995.png,Defender,D,39,Premier League,49,Chelsea,364,5,5,6.591923076923077,0.0,89.78494623655914,57.14285714285714,,0.0,2.0,0.0,0.0,1.0,186.0,1.0,10.0,3.0,6.0,42.0,24.0,0.0,0.0,1.0,2.0,3.0,1,0,0.0,0.0,0,0.0,0.0,0.4945054945054945,0.0,0.0,0.24725274725274726,45.989010989010985,0.24725274725274726,2.4725274725274726,0.7417582417582418,1.4835164835164836,10.384615384615385,5.934065934065934,0.0,0.0,0.24725274725274726,0.4945054945054945,0.7417582417582418,0.24725274725274726,0.0,0.0,0.0,0.0,0.0
162414,A. Amenda,https://media.api-sports.io/football/players/162414.png,Defender,D,39,Premier League,1346,Coventry,360,4,4,6.615,0.0,84.5679012345679,53.333333333333336,100.0,0.0,1.0,0.0,0.0,0.0,162.0,1.0,1.0,3.0,3.0,30.0,16.0,1.0,1.0,0.0,0.0,6.0,1,0,0.0,0.0,0,0.0,0.0,0.25,0.0,0.0,0.0,40.5,0.25,0.25,0.75,0.75,7.5,4.0,0.25,0.25,0.0,0.0,1.5,0.25,0.0,0.0,0.0,0.0,0.0
8777,Ahmed Touba,https://media.api-sports.io/football/players/8777.png,Defender,D,61,Ligue 1,111,Le Havre,360,4,4,6.81,,86.80203045685279,56.25,50.0,0.0,0.0,0.0,0.0,0.0,197.0,1.0,9.0,1.0,13.0,32.0,18.0,2.0,1.0,4.0,0.0,5.0,1,0,0.0,1.0,0,0.0,0.0,0.0,0.0,0.0,0.0,49.25000000000001,0.25,2.25,0.25,3.2499999999999996,8.0,4.5,0.5,0.25,1.0,0.0,1.25,0.25,0.0,0.0,0.25,0.0,0.0
163039,C. Matsima,https://media.api-sports.io/football/players/163039.png,Defender,D,78,Bundesliga,170,FC Augsburg,360,4,4,7.1375,100.0,92.48554913294798,59.09090909090909,50.0,1.0,1.0,1.0,0.0,0.0,173.0,1.0,4.0,5.0,9.0,22.0,13.0,2.0,1.0,0.0,0.0,0.0,0,0,0.0,0.0,0,0.0,0.25,0.25,0.25,0.0,0.0,43.25,0.25,1.0,1.25,2.25,5.5,3.2499999999999996,0.5,0.25,0.0,0.0,0.0,0.0,0.0,0.0,0.0,0.0,0.0
25158,D. Raum,https://media.api-sports.io/football/players/25158.png,Defender,D,78,Bundesliga,173,RB Leipzig,360,4,4,7.185,50.0,89.58333333333334,22.22222222222222,0.0,0.0,2.0,1.0,0.0,0.0,240.0,17.0,3.0,1.0,5.0,18.0,4.0,2.0,0.0,1.0,0.0,5.0,0,0,0.0,0.0,0,0.0,0.0,0.5,0.25,0.0,0.0,60.0,4.25,0.75,0.25,1.25,4.5,1.0,0.5,0.0,0.25,0.0,1.25,0.0,0.0,0.0,0.0,0.0,0.0
41150,E. Tapsoba,https://media.api-sports.io/football/players/41150.png,Defender,D,78,Bundesliga,168,Bayer Leverkusen,360,4,4,6.7625,0.0,90.10600706713781,68.0,50.0,0.0,1.0,0.0,0.0,1.0,283.0,1.0,6.0,1.0,4.0,25.0,17.0,2.0,1.0,1.0,2.0,1.0,1,0,0.0,0.0,0,0.0,0.0,0.25,0.0,0.0,0.25,70.75,0.25,1.5,0.25,1.0,6.25,4.25,0.5,0.25,0.25,0.5,0.25,0.25,0.0,0.0,0.0,0.0,0.0
202845,Fabio Gruber,https://media.api-sports.io/football/players/202845.png,Defender,D,78,Bundesliga,164,FSV Mainz 05,360,4,4,6.765000000000001,0.0,84.54935622317596,59.57446808510638,66.66666666666666,0.0,1.0,0.0,0.0,0.0,233.0,1.0,11.0,1.0,7.0,47.0,28.0,3.0,2.0,1.0,0.0,6.0,0,0,0.0,0.0,0,0.0,0.0,0.25,0.0,0.0,0.0,58.25,0.25,2.75,0.25,1.75,11.75,7.0,0.75,0.5,0.25,0.0,1.5,0.0,0.0,0.0,0.0,0.0,0.0
394734,Finn Jeltsch,https://media.api-sports.io/football/players/394734.png,Defender,D,78,Bundesliga,172,VfB Stuttgart,360,4,4,6.5875,16.666666666666664,87.79342723004694,55.26315789473685,100.0,1.0,6.0,1.0,0.0,1.0,213.0,4.0,8.0,1.0,4.0,38.0,21.0,2.0,2.0,1.0,3.0,4.0,1,0,0.0,0.0,0,0.0,0.25,1.5,0.25,0.0,0.25,53.25,1.0,2.0,0.25,1.0,9.5,5.25,0.5,0.5,0.25,0.75,1.0,0.25,0.0,0.0,0.0,0.0,0.0
174605,Harold Voyer,https://media.api-sports.io/football/players/174605.png,Defender,D,61,Ligue 1,1298,Le Mans,360,4,4,6.805000000000001,100.0,81.74603174603175,54.166666666666664,60.0,0.0,1.0,1.0,0.0,0.0,252.0,0.0,5.0,1.0,6.0,24.0,13.0,5.0,3.0,0.0,0.0,4.0,1,0,0.0,0.0,0,0.0,0.0,0.25,0.25,0.0,0.0,62.99999999999999,0.0,1.25,0.25,1.5,6.0,3.2499999999999996,1.25,0.75,0.0,0.0,1.0,0.25,0.0,0.0,0.0,0.0,0.0
409558,J. Kalulu,https://media.api-sports.io/football/players/409558.png,Defender,D,61,Ligue 1,77,Angers,360,5,4,6.585000000000001,0.0,82.3943661971831,62.96296296296296,83.33333333333334,0.0,1.0,0.0,0.0,0.0,142.0,2.0,7.0,1.0,4.0,27.0,17.0,6.0,5.0,0.0,5.0,2.0,1,0,0.0,0.0,0,0.0,0.0,0.25,0.0,0.0,0.0,35.5,0.5,1.75,0.25,1.0,6.75,4.25,1.5,1.25,0.0,1.25,0.5,0.25,0.0,0.0,0.0,0.0,0.0
191160,J. Makengo,https://media.api-sports.io/football/players/191160.png,Defender,D,78,Bundesliga,160,SC Freiburg,360,4,4,7.1075,50.0,82.87292817679558,64.51612903225806,50.0,1.0,2.0,1.0,0.0,2.0,181.0,3.0,3.0,0.0,5.0,31.0,20.0,4.0,2.0,0.0,10.0,3.0,0,0,0.0,0.0,0,0.0,0.25,0.5,0.25,0.0,0.5,45.25,0.75,0.75,0.0,1.25,7.75,5.0,1.0,0.5,0.0,2.5,0.75,0.0,0.0,0.0,0.0,0.0,0.0
404656,Jahmai Simpson-Pusey,https://media.api-sports.io/football/players/404656.png,Defender,D,78,Bundesliga,192,1. FC Köln,360,4,4,6.357500000000001,,87.65432098765432,65.71428571428571,66.66666666666666,0.0,0.0,0.0,0.0,0.0,243.0,0.0,4.0,0.0,5.0,35.0,23.0,6.0,4.0,0.0,5.0,2.0,1,0,0.0,1.0,0,0.0,0.0,0.0,0.0,0.0,0.0,60.75000000000001,0.0,1.0,0.0,1.25,8.75,5.75,1.5,1.0,0.0,1.25,0.5,0.25,0.0,0.0,0.25,0.0,0.0
362711,Jair,https://media.api-sports.io/football/players/362711.png,Defender,D,39,Premier League,65,Nottingham Forest,360,4,4,6.775,0.0,82.06896551724138,52.63157894736842,0.0,0.0,2.0,0.0,0.0,0.0,145.0,1.0,7.0,2.0,3.0,38.0,20.0,1.0,0.0,4.0,6.0,6.0,2,0,0.0,0.0,0,0.0,0.0,0.5,0.0,0.0,0.0,36.25,0.25,1.75,0.5,0.75,9.5,5.0,0.25,0.0,1.0,1.5,1.5,0.5,0.0,0.0,0.0,0.0,0.0
412759,Jaydee Canvot,https://media.api-sports.io/football/players/412759.png,Defender,D,39,Premier League,52,Crystal Palace,360,4,4,6.55,,88.93617021276596,51.85185185185185,0.0,1.0,0.0,0.0,0.0,0.0,235.0,1.0,8.0,4.0,6.0,27.0,14.0,1.0,0.0,4.0,1.0,2.0,0,0,0.0,0.0,0,0.0,0.25,0.0,0.0,0.0,0.0,58.75,0.25,2.0,1.0,1.5,6.75,3.5,0.25,0.0,1.0,0.25,0.5,0.0,0.0,0.0,0.0,0.0,0.0
297583,Jeyland Mitchell,https://media.api-sports.io/football/players/297583.png,Defender,D,61,Ligue 1,95,Strasbourg,360,5,4,6.7775,0.0,87.86764705882352,70.37037037037037,,1.0,2.0,0.0,0.0,0.0,272.0,0.0,8.0,2.0,8.0,27.0,19.0,0.0,0.0,2.0,0.0,2.0,1,0,0.0,1.0,0,0.0,0.25,0.5,0.0,0.0,0.0,68.0,0.0,2.0,0.5,2.0,6.75,4.75,0.0,0.0,0.5,0.0,0.5,0.25,0.0,0.0,0.25,0.0,0.0
184407,Jose Salinas,https://media.api-sports.io/football/players/184407.png,Defender,D,140,La Liga,535,Malaga,360,7,4,6.6739999999999995,,89.33333333333333,53.125,100.0,0.0,0.0,0.0,0.0,0.0,150.0,1.0,8.0,2.0,5.0,32.0,17.0,2.0,2.0,2.0,3.0,6.0,1,0,0.0,0.0,0,0.0,0.0,0.0,0.0,0.0,0.0,37.5,0.25,2.0,0.5,1.25,8.0,4.25,0.5,0.5,0.5,0.75,1.5,0.25,0.0,0.0,0.0,0.0,0.0
918,José Luis Gayà,https://media.api-sports.io/football/players/918.png,Defender,D,140,La Liga,532,Valencia,360,7,4,6.7525,,89.47368421052632,56.41025641025641,100.0,0.0,0.0,0.0,0.0,0.0,152.0,2.0,14.0,1.0,1.0,39.0,22.0,3.0,3.0,4.0,4.0,8.0,1,0,0.0,0.0,0,0.0,0.0,0.0,0.0,0.0,0.0,38.0,0.5,3.5,0.25,0.25,9.75,5.5,0.75,0.75,1.0,1.0,2.0,0.25,0.0,0.0,0.0,0.0,0.0
423789,K. Kosugi,https://media.api-sports.io/football/players/423789.png,Defender,D,78,Bundesliga,169,Eintracht Frankfurt,360,4,4,6.192500000000001,50.0,73.45132743362832,60.97560975609756,25.0,0.0,2.0,1.0,0.0,0.0,113.0,3.0,8.0,1.0,8.0,41.0,25.0,4.0,1.0,0.0,10.0,7.0,1,0,0.0,0.0,0,0.0,0.0,0.5,0.25,0.0,0.0,28.25,0.75,2.0,0.25,2.0,10.25,6.25,1.0,0.25,0.0,2.5,1.75,0.25,0.0,0.0,0.0,0.0,0.0
31043,Kevin Diks,https://media.api-sports.io/football/players/31043.png,Defender,D,78,Bundesliga,163,Borussia Mönchengladbach,360,4,4,6.117500000000001,0.0,88.0,70.83333333333334,,1.0,2.0,0.0,0.0,0.0,225.0,1.0,4.0,0.0,1.0,24.0,17.0,0.0,0.0,0.0,3.0,2.0,2,0,0.0,0.0,0,1.0,0.25,0.5,0.0,0.0,0.0,56.25,0.25,1.0,0.0,0.25,6.0,4.25,0.0,0.0,0.0,0.75,0.5,0.5,0.0,0.0,0.0,0.0,0.25
18963,L. Dunk,https://media.api-sports.io/football/players/18963.png,Defender,D,39,Premier League,51,Brighton,360,4,4,7.355,100.0,92.3076923076923,57.57575757575758,100.0,0.0,1.0,1.0,1.0,0.0,390.0,0.0,3.0,2.0,1.0,33.0,19.0,1.0,1.0,2.0,2.0,4.0,1,0,0.0,0.0,0,0.0,0.0,0.25,0.25,0.25,0.0,97.5,0.0,0.75,0.5,0.25,8.25,4.75,0.25,0.25,0.5,0.5,1.0,0.25,0.0,0.0,0.0,0.0,0.0
61224,L. Lochoshvili,https://media.api-sports.io/football/players/61224.png,Defender,D,78,Bundesliga,192,1. FC Köln,360,4,4,6.477499999999999,0.0,92.71255060728745,53.57142857142857,50.0,0.0,5.0,0.0,0.0,0.0,247.0,1.0,1.0,2.0,1.0,28.0,15.0,2.0,1.0,0.0,2.0,2.0,0,0,0.0,0.0,0,0.0,0.0,1.25,0.0,0.0,0.0,61.75,0.25,0.25,0.5,0.25,7.0,3.75,0.5,0.25,0.0,0.5,0.5,0.0,0.0,0.0,0.0,0.0,0.0
177731,L. Pinckert,https://media.api-sports.io/football/players/177731.png,Defender,D,78,Bundesliga,1660,SV Elversberg,360,4,4,6.615,0.0,87.62376237623762,45.94594594594595,100.0,0.0,1.0,0.0,0.0,1.0,202.0,2.0,3.0,3.0,6.0,37.0,17.0,1.0,1.0,2.0,2.0,3.0,0,0,0.0,0.0,0,0.0,0.0,0.25,0.0,0.0,0.25,50.5,0.5,0.75,0.75,1.5,9.25,4.25,0.25,0.25,0.5,0.5,0.75,0.0,0.0,0.0,0.0,0.0,0.0
47249,Leandro Cabrera,https://media.api-sports.io/football/players/47249.png,Defender,D,140,La Liga,540,Espanyol,360,4,4,6.6375,0.0,88.12785388127854,54.054054054054056,,0.0,1.0,0.0,0.0,0.0,219.0,0.0,3.0,1.0,3.0,37.0,20.0,0.0,0.0,1.0,2.0,7.0,0,0,0.0,0.0,0,0.0,0.0,0.25,0.0,0.0,0.0,54.74999999999999,0.0,0.75,0.25,0.75,9.25,5.0,0.0,0.0,0.25,0.5,1.75,0.0,0.0,0.0,0.0,0.0,0.0
2467,Lisandro Martínez,https://media.api-sports.io/football/players/2467.png,Defender,D,39,Premier League,33,Manchester United,360,5,4,6.65,50.0,90.49295774647888,54.54545454545454,100.0,0.0,4.0,2.0,0.0,0.0,284.0,1.0,3.0,2.0,2.0,22.0,12.0,1.0,1.0,2.0,0.0,2.0,0,0,0.0,0.0,0,0.0,0.0,1.0,0.5,0.0,0.0,71.0,0.25,0.75,0.5,0.5,5.5,3.0,0.25,0.25,0.5,0.0,0.5,0.0,0.0,0.0,0.0,0.0,0.0
25314,M. Friedl,https://media.api-sports.io/football/players/25314.png,Defender,D,78,Bundesliga,162,Werder Bremen,360,4,4,6.680000000000001,0.0,94.35215946843853,35.714285714285715,100.0,1.0,2.0,0.0,0.0,0.0,301.0,1.0,2.0,3.0,5.0,28.0,10.0,1.0,1.0,2.0,2.0,8.0,0,0,0.0,0.0,0,0.0,0.25,0.5,0.0,0.0,0.0,75.25,0.25,0.5,0.75,1.25,7.0,2.5,0.25,0.25,0.5,0.5,2.0,0.0,0.0,0.0,0.0,0.0,0.0
2915,M. Ginter,https://media.api-sports.io/football/players/2915.png,Defender,D,78,Bundesliga,160,SC Freiburg,360,4,4,7.6,0.0,90.34749034749035,72.09302325581395,50.0,1.0,9.0,0.0,0.0,3.0,259.0,8.0,6.0,3.0,4.0,43.0,31.0,2.0,1.0,1.0,8.0,2.0,0,0,0.0,0.0,0,0.0,0.25,2.25,0.0,0.0,0.75,64.75,2.0,1.5,0.75,1.0,10.75,7.75,0.5,0.25,0.25,2.0,0.5,0.0,0.0,0.0,0.0,0.0,0.0
25916,M. Niakhaté,https://media.api-sports.io/football/players/25916.png,Defender,D,61,Ligue 1,80,Lyon,360,4,4,7.0025,,90.78498293515358,45.0,100.0,1.0,0.0,0.0,0.0,0.0,293.0,1.0,1.0,2.0,8.0,20.0,9.0,1.0,1.0,0.0,2.0,5.0,1,0,0.0,0.0,0,0.0,0.25,0.0,0.0,0.0,0.0,73.25,0.25,0.25,0.5,2.0,5.0,2.25,0.25,0.25,0.0,0.5,1.25,0.25,0.0,0.0,0.0,0.0,0.0
37961,M. van Ewijk,https://media.api-sports.io/football/players/37961.png,Defender,D,39,Premier League,1346,Coventry,360,4,4,6.297499999999999,,86.08695652173914,41.935483870967744,14.285714285714285,0.0,0.0,0.0,0.0,0.0,115.0,3.0,6.0,2.0,5.0,31.0,13.0,7.0,1.0,2.0,2.0,4.0,1,0,0.0,0.0,0,0.0,0.0,0.0,0.0,0.0,0.0,28.749999999999996,0.75,1.5,0.5,1.25,7.75,3.2499999999999996,1.75,0.25,0.5,0.5,1.0,0.25,0.0,0.0,0.0,0.0,0.0
152849,Micky van de Ven,https://media.api-sports.io/football/players/152849.png,Defender,D,39,Premier League,47,Tottenham,360,4,4,6.97,0.0,95.39473684210526,67.74193548387096,,0.0,2.0,0.0,0.0,0.0,304.0,0.0,5.0,2.0,3.0,31.0,21.0,0.0,0.0,1.0,7.0,3.0,1,0,0.0,0.0,0,0.0,0.0,0.5,0.0,0.0,0.0,76.0,0.0,1.25,0.5,0.75,7.75,5.25,0.0,0.0,0.25,1.75,0.75,0.25,0.0,0.0,0.0,0.0,0.0
5973,N. Capaldo,https://media.api-sports.io/football/players/5973.png,Midfielder,D,78,Bundesliga,175,Hamburger SV,360,4,4,5.9575,50.0,70.1492537313433,43.859649122807014,0.0,1.0,2.0,1.0,1.0,0.0,134.0,2.0,12.0,0.0,11.0,57.0,25.0,2.0,0.0,1.0,11.0,9.0,1,0,0.0,0.0,0,0.0,0.25,0.5,0.25,0.25,0.0,33.5,0.5,3.0,0.0,2.75,14.25,6.25,0.5,0.0,0.25,2.75,2.25,0.25,0.0,0.0,0.0,0.0,0.0
413065,Noahkai Kai Daniel Banks,https://media.api-sports.io/football/players/413065.png,Defender,D,78,Bundesliga,170,FC Augsburg,360,4,4,6.72,0.0,89.01734104046243,66.66666666666666,100.0,0.0,1.0,0.0,0.0,0.0,173.0,4.0,8.0,1.0,6.0,30.0,20.0,1.0,1.0,0.0,2.0,6.0,2,0,0.0,0.0,0,0.0,0.0,0.25,0.0,0.0,0.0,43.25,1.0,2.0,0.25,1.5,7.5,5.0,0.25,0.25,0.0,0.5,1.5,0.5,0.0,0.0,0.0,0.0,0.0
1146,Nordi Mukiele,https://media.api-sports.io/football/players/1146.png,Defender,D,39,Premier League,746,Sunderland,360,5,4,6.6625,25.0,74.24242424242425,55.319148936170215,66.66666666666666,1.0,4.0,1.0,0.0,0.0,132.0,2.0,13.0,6.0,6.0,47.0,26.0,3.0,2.0,2.0,2.0,4.0,1,0,0.0,0.0,0,0.0,0.25,1.0,0.25,0.0,0.0,33.0,0.5,3.2499999999999996,1.5,1.5,11.75,6.499999999999999,0.75,0.5,0.5,0.5,1.0,0.25,0.0,0.0,0.0,0.0,0.0
8673,O. Deman,https://media.api-sports.io/football/players/8673.png,Defender,D,78,Bundesliga,162,Werder Bremen,360,4,4,6.880000000000001,100.0,85.64102564102564,57.14285714285714,25.0,0.0,3.0,3.0,0.0,0.0,195.0,2.0,15.0,3.0,4.0,35.0,20.0,4.0,1.0,4.0,1.0,4.0,1,0,0.0,0.0,0,0.0,0.0,0.75,0.75,0.0,0.0,48.75,0.5,3.75,0.75,1.0,8.75,5.0,1.0,0.25,1.0,0.25,1.0,0.25,0.0,0.0,0.0,0.0,0.0
48119,Odilon Kossounou,https://media.api-sports.io/football/players/48119.png,Defender,D,135,Serie A,499,Atalanta,360,4,4,6.9,0.0,97.19298245614036,43.75,,0.0,1.0,0.0,0.0,0.0,285.0,0.0,5.0,4.0,4.0,16.0,7.0,0.0,0.0,4.0,1.0,1.0,0,0,0.0,0.0,0,0.0,0.0,0.25,0.0,0.0,0.0,71.25,0.0,1.25,1.0,1.0,4.0,1.75,0.0,0.0,1.0,0.25,0.25,0.0,0.0,0.0,0.0,0.0,0.0
26238,R. Koch,https://media.api-sports.io/football/players/26238.png,Defender,D,78,Bundesliga,169,Eintracht Frankfurt,360,4,4,6.9275,40.0,89.9581589958159,64.28571428571429,,0.0,5.0,2.0,0.0,1.0,239.0,2.0,3.0,0.0,8.0,42.0,27.0,0.0,0.0,0.0,0.0,1.0,0,0,0.0,0.0,0,0.0,0.0,1.25,0.5,0.0,0.25,59.75,0.5,0.75,0.0,2.0,10.5,6.75,0.0,0.0,0.0,0.0,0.25,0.0,0.0,0.0,0.0,0.0,0.0
324957,T. Rothe,https://media.api-sports.io/football/players/324957.png,Defender,D,78,Bundesliga,182,Union Berlin,360,4,4,5.83,75.0,69.93464052287581,52.083333333333336,16.666666666666664,1.0,4.0,3.0,0.0,1.0,153.0,3.0,12.0,1.0,5.0,48.0,25.0,6.0,1.0,1.0,3.0,4.0,0,0,0.0,0.0,0,0.0,0.25,1.0,0.75,0.0,0.25,38.25,0.75,3.0,0.25,1.25,12.0,6.25,1.5,0.25,0.25,0.75,1.0,0.0,0.0,0.0,0.0,0.0,0.0
203015,T. Scheller,https://media.api-sports.io/football/players/203015.png,Defender,D,78,Bundesliga,185,SC Paderborn 07,360,4,4,7.0825,0.0,87.1559633027523,64.86486486486487,75.0,0.0,1.0,0.0,0.0,0.0,218.0,1.0,7.0,4.0,4.0,37.0,24.0,4.0,3.0,0.0,2.0,2.0,1,0,0.0,0.0,0,0.0,0.0,0.25,0.0,0.0,0.0,54.49999999999999,0.25,1.75,1.0,1.0,9.25,6.0,1.0,0.75,0.0,0.5,0.5,0.25,0.0,0.0,0.0,0.0,0.0
19720,Trevoh Chalobah,https://media.api-sports.io/football/players/19720.png,Defender,D,135,Serie A,895,Como,360,5,4,7.1,50.0,93.93939393939394,76.19047619047619,100.0,0.0,2.0,1.0,0.0,0.0,264.0,1.0,6.0,2.0,4.0,21.0,16.0,1.0,1.0,0.0,3.0,0.0,0,0,0.0,0.0,0,0.0,0.0,0.5,0.25,0.0,0.0,66.0,0.25,1.5,0.5,1.0,5.25,4.0,0.25,0.25,0.0,0.75,0.0,0.0,0.0,0.0,0.0,0.0,0.0
25368,W. Anton,https://media.api-sports.io/football/players/25368.png,Defender,D,78,Bundesliga,165,Borussia Dortmund,360,4,4,7.2125,0.0,89.87854251012146,59.375,25.0,0.0,1.0,0.0,0.0,1.0,247.0,1.0,4.0,1.0,13.0,32.0,19.0,4.0,1.0,0.0,3.0,4.0,0,0,0.0,0.0,0,0.0,0.0,0.25,0.0,0.0,0.25,61.75,0.25,1.0,0.25,3.2499999999999996,8.0,4.75,1.0,0.25,0.0,0.75,1.0,0.0,0.0,0.0,0.0,0.0,0.0
1148,W. Orbán,https://media.api-sports.io/football/players/1148.png,Defender,D,78,Bundesliga,173,RB Leipzig,360,4,4,7.4175,25.0,92.3076923076923,66.66666666666666,100.0,1.0,8.0,2.0,1.0,0.0,338.0,0.0,2.0,4.0,3.0,30.0,20.0,1.0,1.0,0.0,3.0,1.0,0,0,0.0,0.0,0,0.0,0.25,2.0,0.5,0.25,0.0,84.5,0.0,0.5,1.0,0.75,7.5,5.0,0.25,0.25,0.0,0.75,0.25,0.0,0.0,0.0,0.0,0.0,0.0
127579,Jacob Greaves,https://media.api-sports.io/football/players/127579.png,Defender,D,39,Premier League,57,Ipswich,358,5,4,6.165251396648045,,89.39393939393939,68.0,,1.0,0.0,0.0,0.0,0.0,198.0,1.0,5.0,4.0,2.0,25.0,17.0,0.0,0.0,0.0,5.0,2.0,1,0,0.0,1.0,0,0.0,0.25139664804469275,0.0,0.0,0.0,0.0,49.77653631284917,0.25139664804469275,1.2569832402234635,1.005586592178771,0.5027932960893855,6.284916201117318,4.273743016759776,0.0,0.0,0.0,1.2569832402234635,0.5027932960893855,0.25139664804469275,0.0,0.0,0.25139664804469275,0.0,0.0
38114,Ko Itakura,https://media.api-sports.io/football/players/38114.png,Defender,D,78,Bundesliga,163,Borussia Mönchengladbach,354,4,4,5.921186440677966,50.0,88.37209302325581,40.909090909090914,,0.0,4.0,2.0,0.0,0.0,172.0,1.0,2.0,3.0,5.0,22.0,9.0,0.0,0.0,0.0,3.0,4.0,0,0,0.0,0.0,0,0.0,0.0,1.0169491525423728,0.5084745762711864,0.0,0.0,43.728813559322035,0.2542372881355932,0.5084745762711864,0.7627118644067796,1.271186440677966,5.593220338983051,2.288135593220339,0.0,0.0,0.0,0.7627118644067796,1.0169491525423728,0.0,0.0,0.0,0.0,0.0,0.0
162032,Miguel Gutiérrez,https://media.api-sports.io/football/players/162032.png,Defender,D,78,Bundesliga,168,Bayer Leverkusen,353,4,4,7.653824362606233,50.0,89.0995260663507,57.14285714285714,33.33333333333333,0.0,4.0,2.0,1.0,3.0,211.0,10.0,7.0,2.0,2.0,21.0,12.0,3.0,1.0,0.0,3.0,4.0,1,0,0.0,0.0,0,0.0,0.0,1.019830028328612,0.509915014164306,0.254957507082153,0.764872521246459,53.79603399433428,2.54957507082153,1.7847025495750708,0.509915014164306,0.509915014164306,5.354107648725213,3.059490084985836,0.764872521246459,0.254957507082153,0.0,0.764872521246459,1.019830028328612,0.254957507082153,0.0,0.0,0.0,0.0,0.0
203132,J. ter Horst,https://media.api-sports.io/football/players/203132.png,Defender,D,78,Bundesliga,185,SC Paderborn 07,352,4,4,6.675852272727272,0.0,83.9572192513369,56.75675675675676,100.0,0.0,2.0,0.0,0.0,0.0,187.0,2.0,9.0,3.0,11.0,37.0,21.0,2.0,2.0,1.0,2.0,3.0,1,0,0.0,0.0,0,0.0,0.0,0.5113636363636364,0.0,0.0,0.0,47.8125,0.5113636363636364,2.3011363636363638,0.7670454545454545,2.8125,9.460227272727273,5.369318181818182,0.5113636363636364,0.5113636363636364,0.2556818181818182,0.5113636363636364,0.7670454545454545,0.2556818181818182,0.0,0.0,0.0,0.0,0.0
126951,M. Rohr,https://media.api-sports.io/football/players/126951.png,Defender,D,78,Bundesliga,1660,SV Elversberg,352,4,4,6.5613636363636365,0.0,86.47540983606558,41.37931034482759,,0.0,3.0,0.0,0.0,0.0,244.0,0.0,1.0,6.0,8.0,29.0,12.0,0.0,0.0,1.0,3.0,3.0,1,0,0.0,0.0,0,0.0,0.0,0.7670454545454545,0.0,0.0,0.0,62.38636363636364,0.0,0.2556818181818182,1.534090909090909,2.0454545454545454,7.414772727272727,3.068181818181818,0.0,0.0,0.2556818181818182,0.7670454545454545,0.7670454545454545,0.2556818181818182,0.0,0.0,0.0,0.0,0.0
20073,Lewie Coyle,https://media.api-sports.io/football/players/20073.png,Defender,D,39,Premier League,64,Hull City,351,5,5,6.447806267806269,0.0,75.24752475247524,42.857142857142854,,0.0,1.0,0.0,0.0,0.0,101.0,2.0,3.0,1.0,2.0,21.0,9.0,0.0,0.0,1.0,4.0,2.0,1,0,0.0,0.0,0,0.0,0.0,0.25641025641025644,0.0,0.0,0.0,25.897435897435898,0.5128205128205129,0.7692307692307693,0.25641025641025644,0.5128205128205129,5.384615384615385,2.3076923076923075,0.0,0.0,0.25641025641025644,1.0256410256410258,0.5128205128205129,0.25641025641025644,0.0,0.0,0.0,0.0,0.0
25011,A. Pieper,https://media.api-sports.io/football/players/25011.png,Defender,D,78,Bundesliga,162,Werder Bremen,349,4,4,7.115816618911175,33.33333333333333,89.86013986013987,66.66666666666666,,0.0,3.0,1.0,0.0,0.0,286.0,1.0,9.0,4.0,7.0,27.0,18.0,0.0,0.0,1.0,2.0,1.0,0,0,0.0,0.0,0,0.0,0.0,0.7736389684813754,0.25787965616045844,0.0,0.0,73.75358166189112,0.25787965616045844,2.3209169054441263,1.0315186246418337,1.8051575931232093,6.962750716332378,4.641833810888253,0.0,0.0,0.25787965616045844,0.5157593123209169,0.25787965616045844,0.0,0.0,0.0,0.0,0.0,0.0
26300,O. Kabak,https://media.api-sports.io/football/players/26300.png,Defender,D,78,Bundesliga,167,1899 Hoffenheim,349,4,4,6.912607449856734,40.0,86.63101604278076,59.183673469387756,,0.0,5.0,2.0,1.0,0.0,187.0,1.0,4.0,2.0,5.0,49.0,29.0,0.0,0.0,0.0,0.0,11.0,2,0,0.0,0.0,0,0.0,0.0,1.2893982808022924,0.5157593123209169,0.25787965616045844,0.0,48.223495702005735,0.25787965616045844,1.0315186246418337,0.5157593123209169,1.2893982808022924,12.636103151862464,7.478510028653295,0.0,0.0,0.0,0.0,2.836676217765043,0.5157593123209169,0.0,0.0,0.0,0.0,0.0
886,Diogo Dalot,https://media.api-sports.io/football/players/886.png,Defender,D,39,Premier League,33,Manchester United,348,5,4,6.455172413793102,16.666666666666664,87.27272727272727,46.875,33.33333333333333,1.0,6.0,1.0,0.0,0.0,165.0,8.0,6.0,1.0,4.0,32.0,15.0,9.0,3.0,2.0,2.0,6.0,1,0,0.0,0.0,0,0.0,0.25862068965517243,1.5517241379310345,0.25862068965517243,0.0,0.0,42.67241379310345,2.0689655172413794,1.5517241379310345,0.25862068965517243,1.0344827586206897,8.275862068965518,3.8793103448275863,2.3275862068965516,0.7758620689655172,0.5172413793103449,0.5172413793103449,1.5517241379310345,0.25862068965517243,0.0,0.0,0.0,0.0,0.0
162175,Jesús Vázquez,https://media.api-sports.io/football/players/162175.png,Defender,D,140,La Liga,532,Valencia,347,7,5,6.576195965417868,0.0,81.03448275862068,51.02040816326531,41.66666666666667,0.0,1.0,0.0,0.0,0.0,116.0,1.0,10.0,1.0,3.0,49.0,25.0,12.0,5.0,3.0,10.0,6.0,0,0,0.0,0.0,0,0.0,0.0,0.25936599423631124,0.0,0.0,0.0,30.0864553314121,0.25936599423631124,2.593659942363112,0.25936599423631124,0.7780979827089338,12.708933717579251,6.4841498559077815,3.1123919308357353,1.296829971181556,0.7780979827089338,2.593659942363112,1.5561959654178676,0.0,0.0,0.0,0.0,0.0,0.0
178403,C. Brackelmann,https://media.api-sports.io/football/players/178403.png,Defender,D,78,Bundesliga,170,FC Augsburg,346,4,4,6.783988439306359,33.33333333333333,76.08695652173914,75.0,,0.0,3.0,1.0,1.0,0.0,184.0,2.0,12.0,2.0,4.0,40.0,30.0,0.0,0.0,0.0,2.0,3.0,0,0,0.0,0.0,0,0.0,0.0,0.7803468208092484,0.26011560693641617,0.26011560693641617,0.0,47.861271676300575,0.5202312138728323,3.1213872832369938,0.5202312138728323,1.0404624277456647,10.404624277456648,7.803468208092485,0.0,0.0,0.0,0.5202312138728323,0.7803468208092484,0.0,0.0,0.0,0.0,0.0,0.0
1741,N. Katić,https://media.api-sports.io/football/players/1741.png,Defender,D,78,Bundesliga,174,FC Schalke 04,346,4,4,6.995664739884393,0.0,75.80645161290323,71.15384615384616,0.0,0.0,1.0,0.0,0.0,0.0,124.0,2.0,10.0,2.0,4.0,52.0,37.0,1.0,0.0,1.0,2.0,2.0,1,0,0.0,0.0,0,0.0,0.0,0.26011560693641617,0.0,0.0,0.0,32.2543352601156,0.5202312138728323,2.601156069364162,0.5202312138728323,1.0404624277456647,13.526011560693643,9.624277456647398,0.26011560693641617,0.0,0.26011560693641617,0.5202312138728323,0.5202312138728323,0.26011560693641617,0.0,0.0,0.0,0.0,0.0
38112,J. Chabot,https://media.api-sports.io/football/players/38112.png,Defender,D,78,Bundesliga,172,VfB Stuttgart,344,4,4,6.754651162790697,40.0,89.72972972972974,63.829787234042556,,0.0,5.0,2.0,0.0,0.0,185.0,0.0,9.0,2.0,5.0,47.0,30.0,0.0,0.0,0.0,1.0,6.0,1,0,0.0,0.0,0,0.0,0.0,1.3081395348837208,0.5232558139534884,0.0,0.0,48.40116279069767,0.0,2.354651162790698,0.5232558139534884,1.3081395348837208,12.296511627906977,7.848837209302326,0.0,0.0,0.0,0.2616279069767442,1.569767441860465,0.2616279069767442,0.0,0.0,0.0,0.0,0.0
182181,Jesús Areso,https://media.api-sports.io/football/players/182181.png,Defender,D,140,La Liga,531,Athletic Club,344,6,4,6.723255813953489,50.0,80.76923076923077,57.57575757575758,20.0,0.0,2.0,1.0,0.0,0.0,156.0,6.0,8.0,0.0,7.0,33.0,19.0,5.0,1.0,1.0,3.0,3.0,1,0,0.0,0.0,0,0.0,0.0,0.5232558139534884,0.2616279069767442,0.0,0.0,40.81395348837209,1.569767441860465,2.0930232558139537,0.0,1.8313953488372094,8.633720930232558,4.97093023255814,1.3081395348837208,0.2616279069767442,0.2616279069767442,0.7848837209302325,0.7848837209302325,0.2616279069767442,0.0,0.0,0.0,0.0,0.0
185096,Carlos Puga,https://media.api-sports.io/football/players/185096.png,Defender,D,140,La Liga,535,Malaga,343,7,5,6.746443148688047,0.0,79.65116279069767,54.54545454545454,72.22222222222221,1.0,1.0,0.0,0.0,0.0,172.0,2.0,15.0,4.0,6.0,66.0,36.0,18.0,13.0,6.0,6.0,12.0,2,0,0.0,0.0,0,0.0,0.26239067055393583,0.26239067055393583,0.0,0.0,0.0,45.13119533527697,0.5247813411078717,3.9358600583090375,1.0495626822157433,1.5743440233236152,17.317784256559765,9.446064139941692,4.723032069970846,3.4110787172011663,1.5743440233236152,1.5743440233236152,3.1486880466472305,0.5247813411078717,0.0,0.0,0.0,0.0,0.0
336560,Álex Valle,https://media.api-sports.io/football/players/336560.png,Defender,D,135,Serie A,895,Como,343,5,4,6.558892128279883,33.33333333333333,87.64044943820225,45.45454545454545,0.0,0.0,3.0,1.0,0.0,1.0,178.0,7.0,6.0,3.0,5.0,22.0,10.0,3.0,0.0,1.0,2.0,3.0,0,0,0.0,0.0,0,0.0,0.0,0.7871720116618076,0.26239067055393583,0.0,0.26239067055393583,46.70553935860058,1.8367346938775508,1.5743440233236152,0.7871720116618076,1.3119533527696792,5.772594752186589,2.6239067055393583,0.7871720116618076,0.0,0.26239067055393583,0.5247813411078717,0.7871720116618076,0.0,0.0,0.0,0.0,0.0,0.0
152953,L. Colwill,https://media.api-sports.io/football/players/152953.png,Defender,D,39,Premier League,49,Chelsea,342,5,4,6.242105263157895,,87.04663212435233,70.0,100.0,0.0,0.0,0.0,0.0,0.0,193.0,1.0,3.0,0.0,4.0,20.0,14.0,1.0,1.0,0.0,1.0,2.0,1,0,0.0,0.0,0,0.0,0.0,0.0,0.0,0.0,0.0,50.789473684210535,0.2631578947368421,0.7894736842105263,0.0,1.0526315789473684,5.263157894736842,3.6842105263157894,0.2631578947368421,0.2631578947368421,0.0,0.2631578947368421,0.5263157894736842,0.2631578947368421,0.0,0.0,0.0,0.0,0.0
64255,G. Lloris,https://media.api-sports.io/football/players/64255.png,Defender,D,61,Ligue 1,106,Stade Brestois 29,341,5,4,6.858592375366568,50.0,90.0,70.96774193548387,,0.0,2.0,1.0,0.0,0.0,170.0,0.0,5.0,2.0,9.0,31.0,22.0,0.0,0.0,0.0,3.0,1.0,0,0,0.0,0.0,0,0.0,0.0,0.5278592375366569,0.26392961876832843,0.0,0.0,44.868035190615835,0.0,1.3196480938416424,0.5278592375366569,2.375366568914956,8.181818181818182,5.806451612903226,0.0,0.0,0.0,0.7917888563049854,0.26392961876832843,0.0,0.0,0.0,0.0,0.0,0.0
35544,Johan Vásquez,https://media.api-sports.io/football/players/35544.png,Defender,D,135,Serie A,495,Genoa,341,4,4,6.504692082111438,33.33333333333333,82.81938325991189,62.06896551724138,0.0,1.0,3.0,1.0,1.0,0.0,227.0,1.0,6.0,2.0,1.0,29.0,18.0,3.0,0.0,2.0,4.0,3.0,2,1,0.0,0.0,0,0.0,0.26392961876832843,0.7917888563049854,0.26392961876832843,0.26392961876832843,0.0,59.91202346041055,0.26392961876832843,1.5835777126099708,0.5278592375366569,0.26392961876832843,7.653958944281524,4.750733137829912,0.7917888563049854,0.0,0.5278592375366569,1.0557184750733137,0.7917888563049854,0.5278592375366569,0.26392961876832843,0.0,0.0,0.0,0.0
196343,Mohamed Abdelmonem,https://media.api-sports.io/football/players/196343.png,Defender,D,61,Ligue 1,84,Nice,341,5,4,7.033923303834809,0.0,93.64548494983278,60.71428571428571,50.0,0.0,2.0,0.0,0.0,0.0,299.0,0.0,8.0,1.0,6.0,28.0,17.0,2.0,1.0,4.0,2.0,2.0,1,0,0.0,0.0,0,0.0,0.0,0.5278592375366569,0.0,0.0,0.0,78.91495601173021,0.0,2.1114369501466275,0.26392961876832843,1.5835777126099708,7.390029325513196,4.486803519061583,0.5278592375366569,0.26392961876832843,1.0557184750733137,0.5278592375366569,0.5278592375366569,0.26392961876832843,0.0,0.0,0.0,0.0,0.0
396637,Pietro Comuzzo,https://media.api-sports.io/football/players/396637.png,Defender,D,135,Serie A,503,Torino,341,5,4,6.866568914956011,50.0,92.2279792746114,55.88235294117647,100.0,0.0,2.0,1.0,1.0,0.0,193.0,2.0,11.0,3.0,3.0,34.0,19.0,1.0,1.0,3.0,1.0,6.0,0,0,0.0,0.0,0,0.0,0.0,0.5278592375366569,0.26392961876832843,0.26392961876832843,0.0,50.938416422287396,0.5278592375366569,2.903225806451613,0.7917888563049854,0.7917888563049854,8.973607038123166,5.0146627565982405,0.26392961876832843,0.26392961876832843,0.7917888563049854,0.26392961876832843,1.5835777126099708,0.0,0.0,0.0,0.0,0.0,0.0
41577,Nuno Tavares,https://media.api-sports.io/football/players/41577.png,Defender,D,135,Serie A,487,Lazio,339,5,4,7.400884955752213,40.0,85.37735849056604,67.64705882352942,77.77777777777779,0.0,5.0,2.0,0.0,2.0,212.0,6.0,9.0,0.0,1.0,34.0,23.0,9.0,7.0,4.0,6.0,3.0,0,0,0.0,0.0,0,0.0,0.0,1.3274336283185841,0.5309734513274336,0.0,0.5309734513274336,56.28318584070797,1.592920353982301,2.3893805309734515,0.0,0.2654867256637168,9.026548672566372,6.106194690265487,2.3893805309734515,1.8584070796460177,1.0619469026548671,1.592920353982301,0.7964601769911505,0.0,0.0,0.0,0.0,0.0,0.0
26240,P. Lienhart,https://media.api-sports.io/football/players/26240.png,Defender,D,78,Bundesliga,160,SC Freiburg,339,4,4,7.223008849557523,0.0,90.11406844106465,64.28571428571429,,0.0,1.0,0.0,0.0,0.0,263.0,3.0,2.0,2.0,4.0,28.0,18.0,0.0,0.0,0.0,5.0,2.0,1,0,0.0,0.0,0,0.0,0.0,0.2654867256637168,0.0,0.0,0.0,69.82300884955751,0.7964601769911505,0.5309734513274336,0.5309734513274336,1.0619469026548671,7.433628318584071,4.778761061946903,0.0,0.0,0.0,1.3274336283185841,0.5309734513274336,0.2654867256637168,0.0,0.0,0.0,0.0,0.0
1231,V. Coufal,https://media.api-sports.io/football/players/1231.png,Defender,D,78,Bundesliga,167,1899 Hoffenheim,339,4,4,6.453451327433628,0.0,78.84615384615384,66.66666666666666,60.0,0.0,1.0,0.0,0.0,2.0,208.0,9.0,5.0,1.0,6.0,27.0,18.0,5.0,3.0,0.0,5.0,2.0,0,0,0.0,0.0,0,0.0,0.0,0.2654867256637168,0.0,0.0,0.5309734513274336,55.2212389380531,2.3893805309734515,1.3274336283185841,0.2654867256637168,1.592920353982301,7.168141592920354,4.778761061946903,1.3274336283185841,0.7964601769911505,0.0,1.3274336283185841,0.5309734513274336,0.0,0.0,0.0,0.0,0.0,0.0
138816,I. Maatsen,https://media.api-sports.io/football/players/138816.png,Defender,D,39,Premier League,66,Aston Villa,337,4,4,6.269436201780416,20.0,85.71428571428571,31.03448275862069,10.0,0.0,5.0,1.0,0.0,0.0,98.0,1.0,7.0,1.0,7.0,29.0,9.0,10.0,1.0,0.0,0.0,5.0,1,0,0.0,0.0,0,0.0,0.0,1.3353115727002969,0.26706231454005935,0.0,0.0,26.172106824925816,0.26706231454005935,1.8694362017804154,0.26706231454005935,1.8694362017804154,7.744807121661721,2.403560830860534,2.6706231454005938,0.26706231454005935,0.0,0.0,1.3353115727002969,0.26706231454005935,0.0,0.0,0.0,0.0,0.0
311773,Santiago Mouriño,https://media.api-sports.io/football/players/311773.png,Defender,D,140,La Liga,533,Villarreal,337,7,4,6.632344213649851,100.0,89.34010152284264,46.15384615384615,66.66666666666666,1.0,1.0,1.0,0.0,0.0,197.0,3.0,13.0,2.0,1.0,52.0,24.0,3.0,2.0,10.0,3.0,7.0,2,0,0.0,0.0,0,0.0,0.26706231454005935,0.26706231454005935,0.26706231454005935,0.0,0.0,52.61127596439169,0.8011869436201781,3.4718100890207717,0.5341246290801187,0.26706231454005935,13.887240356083087,6.4094955489614245,0.8011869436201781,0.5341246290801187,2.6706231454005938,0.8011869436201781,1.8694362017804154,0.5341246290801187,0.0,0.0,0.0,0.0,0.0
291589,Kialonda Gaspar,https://media.api-sports.io/football/players/291589.png,Defender,D,135,Serie A,867,Lecce,336,5,4,6.682142857142857,100.0,89.22155688622755,69.6969696969697,,0.0,2.0,2.0,0.0,0.0,167.0,0.0,13.0,2.0,2.0,33.0,23.0,0.0,0.0,2.0,4.0,4.0,2,0,0.0,0.0,0,0.0,0.0,0.5357142857142857,0.5357142857142857,0.0,0.0,44.73214285714286,0.0,3.482142857142857,0.5357142857142857,0.5357142857142857,8.839285714285714,6.1607142857142865,0.0,0.0,0.5357142857142857,1.0714285714285714,1.0714285714285714,0.5357142857142857,0.0,0.0,0.0,0.0,0.0
891,Luke Shaw,https://media.api-sports.io/football/players/891.png,Defender,D,39,Premier League,33,Manchester United,336,4,4,6.690476190476191,0.0,86.80203045685279,57.14285714285714,0.0,0.0,1.0,0.0,0.0,1.0,197.0,5.0,6.0,3.0,6.0,21.0,12.0,2.0,0.0,2.0,1.0,2.0,1,0,0.0,0.0,0,0.0,0.0,0.26785714285714285,0.0,0.0,0.26785714285714285,52.767857142857146,1.3392857142857142,1.607142857142857,0.8035714285714285,1.607142857142857,5.625,3.214285714285714,0.5357142857142857,0.0,0.5357142857142857,0.26785714285714285,0.5357142857142857,0.26785714285714285,0.0,0.0,0.0,0.0,0.0
20850,C. Arcus,https://media.api-sports.io/football/players/20850.png,Defender,D,61,Ligue 1,77,Angers,335,5,4,7.119880597014925,33.33333333333333,88.32116788321169,52.94117647058824,0.0,0.0,3.0,1.0,1.0,0.0,137.0,5.0,7.0,1.0,5.0,17.0,9.0,3.0,0.0,1.0,0.0,2.0,0,0,0.0,0.0,0,0.0,0.0,0.8059701492537313,0.26865671641791045,0.26865671641791045,0.0,36.80597014925373,1.3432835820895521,1.8805970149253732,0.26865671641791045,1.3432835820895521,4.567164179104477,2.417910447761194,0.8059701492537313,0.0,0.26865671641791045,0.0,0.5373134328358209,0.0,0.0,0.0,0.0,0.0,0.0
1361,F. Kadıoğlu,https://media.api-sports.io/football/players/1361.png,Defender,D,39,Premier League,51,Brighton,334,4,4,6.593532934131736,33.33333333333333,87.91946308724832,35.294117647058826,50.0,0.0,3.0,1.0,0.0,0.0,149.0,4.0,1.0,0.0,1.0,17.0,6.0,2.0,1.0,1.0,4.0,2.0,1,0,0.0,0.0,0,0.0,0.0,0.8083832335329341,0.2694610778443114,0.0,0.0,40.1497005988024,1.0778443113772456,0.2694610778443114,0.0,0.2694610778443114,4.580838323353293,1.6167664670658681,0.5389221556886228,0.2694610778443114,0.2694610778443114,1.0778443113772456,0.5389221556886228,0.2694610778443114,0.0,0.0,0.0,0.0,0.0
7578,G. Mensah,https://media.api-sports.io/football/players/7578.png,Defender,D,78,Bundesliga,192,1. FC Köln,334,4,4,6.445449101796407,0.0,89.1891891891892,37.03703703703704,25.0,0.0,4.0,0.0,0.0,0.0,185.0,2.0,4.0,2.0,6.0,27.0,10.0,8.0,2.0,2.0,2.0,7.0,2,0,0.0,0.0,0,0.0,0.0,1.0778443113772456,0.0,0.0,0.0,49.8502994011976,0.5389221556886228,1.0778443113772456,0.5389221556886228,1.6167664670658681,7.275449101796407,2.694610778443114,2.155688622754491,0.5389221556886228,0.5389221556886228,0.5389221556886228,1.8862275449101795,0.5389221556886228,0.0,0.0,0.0,0.0,0.0
409215,Kouakou Joane Gadou,https://media.api-sports.io/football/players/409215.png,Defender,D,78,Bundesliga,165,Borussia Dortmund,333,4,4,6.832432432432432,,90.49773755656109,64.70588235294117,100.0,0.0,0.0,0.0,0.0,0.0,221.0,0.0,6.0,0.0,2.0,17.0,11.0,1.0,1.0,0.0,0.0,2.0,1,0,0.0,0.0,0,0.0,0.0,0.0,0.0,0.0,0.0,59.72972972972973,0.0,1.6216216216216217,0.0,0.5405405405405406,4.594594594594595,2.972972972972973,0.2702702702702703,0.2702702702702703,0.0,0.0,0.5405405405405406,0.2702702702702703,0.0,0.0,0.0,0.0,0.0
1561,Marc Bartra,https://media.api-sports.io/football/players/1561.png,Defender,D,140,La Liga,543,Real Betis,333,7,4,7.582882882882883,60.0,85.35031847133759,75.0,100.0,0.0,5.0,3.0,1.0,0.0,157.0,1.0,10.0,5.0,4.0,28.0,21.0,1.0,1.0,3.0,0.0,0.0,0,0,0.0,0.0,0,0.0,0.0,1.3513513513513513,0.8108108108108109,0.2702702702702703,0.0,42.43243243243243,0.2702702702702703,2.7027027027027026,1.3513513513513513,1.0810810810810811,7.567567567567568,5.675675675675675,0.2702702702702703,0.2702702702702703,0.8108108108108109,0.0,0.0,0.0,0.0,0.0,0.0,0.0,0.0
90977,T. Becker,https://media.api-sports.io/football/players/90977.png,Defender,D,78,Bundesliga,174,FC Schalke 04,332,4,4,6.712228915662651,,71.21212121212122,68.42105263157895,,0.0,0.0,0.0,0.0,0.0,132.0,0.0,13.0,2.0,4.0,38.0,26.0,0.0,0.0,4.0,1.0,0.0,0,0,0.0,0.0,0,0.0,0.0,0.0,0.0,0.0,0.0,35.78313253012048,0.0,3.524096385542169,0.5421686746987953,1.0843373493975905,10.301204819277109,7.048192771084338,0.0,0.0,1.0843373493975905,0.27108433734939763,0.0,0.0,0.0,0.0,0.0,0.0,0.0
162079,L. Günther,https://media.api-sports.io/football/players/162079.png,Defender,D,78,Bundesliga,1660,SV Elversberg,331,4,4,6.148157099697885,100.0,68.37606837606837,41.37931034482759,37.5,0.0,1.0,1.0,0.0,0.0,117.0,3.0,4.0,1.0,2.0,29.0,12.0,8.0,3.0,1.0,3.0,4.0,0,0,0.0,0.0,0,0.0,0.0,0.2719033232628399,0.2719033232628399,0.0,0.0,31.812688821752264,0.8157099697885197,1.0876132930513596,0.2719033232628399,0.5438066465256798,7.885196374622357,3.262839879154079,2.175226586102719,0.8157099697885197,0.2719033232628399,0.8157099697885197,1.0876132930513596,0.0,0.0,0.0,0.0,0.0,0.0
333672,César Tárrega,https://media.api-sports.io/football/players/333672.png,Defender,D,140,La Liga,532,Valencia,330,5,4,6.8687272727272735,,89.26829268292683,54.83870967741935,0.0,0.0,0.0,0.0,0.0,0.0,205.0,0.0,10.0,1.0,4.0,31.0,17.0,1.0,0.0,1.0,3.0,6.0,0,0,0.0,0.0,0,0.0,0.0,0.0,0.0,0.0,0.0,55.90909090909091,0.0,2.7272727272727275,0.2727272727272727,1.0909090909090908,8.454545454545453,4.636363636363637,0.2727272727272727,0.0,0.2727272727272727,0.8181818181818181,1.6363636363636362,0.0,0.0,0.0,0.0,0.0,0.0
26302,Pablo Maffeo,https://media.api-sports.io/football/players/26302.png,Defender,D,140,La Liga,532,Valencia,330,6,5,6.435272727272727,100.0,77.86259541984732,44.11764705882353,50.0,0.0,1.0,1.0,0.0,0.0,131.0,2.0,4.0,3.0,5.0,34.0,15.0,10.0,5.0,4.0,3.0,6.0,1,0,0.0,0.0,0,0.0,0.0,0.2727272727272727,0.2727272727272727,0.0,0.0,35.72727272727273,0.5454545454545454,1.0909090909090908,0.8181818181818181,1.3636363636363638,9.272727272727273,4.090909090909091,2.7272727272727275,1.3636363636363638,1.0909090909090908,0.8181818181818181,1.6363636363636362,0.2727272727272727,0.0,0.0,0.0,0.0,0.0
7318,Amar Dedić,https://media.api-sports.io/football/players/7318.png,Defender,D,39,Premier League,34,Newcastle,328,4,4,6.560365853658537,0.0,84.48275862068965,50.0,36.36363636363637,0.0,1.0,0.0,0.0,1.0,116.0,2.0,8.0,2.0,1.0,40.0,20.0,11.0,4.0,0.0,4.0,6.0,0,0,0.0,0.0,0,0.0,0.0,0.27439024390243905,0.0,0.0,0.27439024390243905,31.829268292682926,0.5487804878048781,2.1951219512195124,0.5487804878048781,0.27439024390243905,10.97560975609756,5.48780487804878,3.0182926829268295,1.0975609756097562,0.0,1.0975609756097562,1.646341463414634,0.0,0.0,0.0,0.0,0.0,0.0
311345,Federico Redondo,https://media.api-sports.io/football/players/311345.png,Midfielder,D,140,La Liga,797,Elche,327,7,6,6.462385321100917,,93.92523364485982,58.06451612903226,50.0,0.0,0.0,0.0,0.0,0.0,214.0,2.0,13.0,1.0,9.0,31.0,18.0,2.0,1.0,4.0,3.0,4.0,1,1,0.0,0.0,0,0.0,0.0,0.0,0.0,0.0,0.0,58.89908256880734,0.5504587155963303,3.5779816513761467,0.27522935779816515,2.4770642201834865,8.53211009174312,4.954128440366973,0.5504587155963303,0.27522935779816515,1.1009174311926606,0.8256880733944955,1.1009174311926606,0.27522935779816515,0.27522935779816515,0.0,0.0,0.0,0.0
2803,Nico Elvedi,https://media.api-sports.io/football/players/2803.png,Defender,D,39,Premier League,63,Leeds,326,5,3,6.934969325153375,50.0,90.21739130434783,38.46153846153847,0.0,0.0,2.0,1.0,0.0,0.0,184.0,2.0,2.0,5.0,4.0,26.0,10.0,1.0,0.0,3.0,2.0,1.0,0,0,0.0,0.0,0,0.0,0.0,0.5521472392638037,0.27607361963190186,0.0,0.0,50.79754601226993,0.5521472392638037,0.5521472392638037,1.3803680981595092,1.1042944785276074,7.177914110429447,2.7607361963190185,0.27607361963190186,0.0,0.8282208588957056,0.5521472392638037,0.27607361963190186,0.0,0.0,0.0,0.0,0.0,0.0
48372,Eray Cömert,https://media.api-sports.io/football/players/48372.png,Defender,D,135,Serie A,503,Torino,321,4,4,6.91557632398754,0.0,90.72164948453609,70.0,100.0,0.0,1.0,0.0,0.0,1.0,291.0,1.0,6.0,1.0,3.0,20.0,14.0,1.0,1.0,2.0,3.0,2.0,0,0,0.0,0.0,0,0.0,0.0,0.2803738317757009,0.0,0.0,0.2803738317757009,81.58878504672897,0.2803738317757009,1.6822429906542056,0.2803738317757009,0.8411214953271028,5.607476635514018,3.925233644859813,0.2803738317757009,0.2803738317757009,0.5607476635514018,0.8411214953271028,0.5607476635514018,0.0,0.0,0.0,0.0,0.0,0.0
334331,M. Hansen,https://media.api-sports.io/football/players/334331.png,Defender,D,78,Bundesliga,185,SC Paderborn 07,321,4,4,6.718442367601246,0.0,87.79342723004694,64.0,100.0,0.0,2.0,0.0,0.0,0.0,213.0,1.0,5.0,3.0,6.0,25.0,16.0,1.0,1.0,1.0,5.0,1.0,1,0,0.0,0.0,0,0.0,0.0,0.5607476635514018,0.0,0.0,0.0,59.719626168224295,0.2803738317757009,1.4018691588785046,0.8411214953271028,1.6822429906542056,7.009345794392523,4.485981308411215,0.2803738317757009,0.2803738317757009,0.2803738317757009,1.4018691588785046,0.2803738317757009,0.2803738317757009,0.0,0.0,0.0,0.0,0.0
81164,H. Kuruçay,https://media.api-sports.io/football/players/81164.png,Defender,D,78,Bundesliga,174,FC Schalke 04,316,4,4,7.086708860759494,,78.74015748031496,60.0,100.0,0.0,0.0,0.0,0.0,0.0,127.0,0.0,18.0,2.0,1.0,40.0,24.0,1.0,1.0,2.0,1.0,4.0,1,0,0.0,0.0,0,0.0,0.0,0.0,0.0,0.0,0.0,36.17088607594936,0.0,5.1265822784810124,0.569620253164557,0.2848101265822785,11.39240506329114,6.8354430379746836,0.2848101265822785,0.2848101265822785,0.569620253164557,0.2848101265822785,1.139240506329114,0.2848101265822785,0.0,0.0,0.0,0.0,0.0
31543,Antonino Gallo,https://media.api-sports.io/football/players/31543.png,Defender,D,135,Serie A,867,Lecce,315,5,4,6.685714285714286,0.0,64.0,57.89473684210527,0.0,0.0,1.0,0.0,0.0,0.0,100.0,2.0,7.0,3.0,1.0,19.0,11.0,1.0,0.0,0.0,0.0,0.0,0,0,0.0,0.0,0,0.0,0.0,0.2857142857142857,0.0,0.0,0.0,28.57142857142857,0.5714285714285714,2.0,0.8571428571428572,0.2857142857142857,5.428571428571429,3.142857142857143,0.2857142857142857,0.0,0.0,0.0,0.0,0.0,0.0,0.0,0.0,0.0,0.0
19959,B. White,https://media.api-sports.io/football/players/19959.png,Defender,D,39,Premier League,42,Arsenal,315,4,4,7.1242857142857146,,82.71604938271605,68.0,50.0,1.0,0.0,0.0,0.0,1.0,162.0,3.0,6.0,0.0,3.0,25.0,17.0,4.0,2.0,1.0,3.0,2.0,0,0,0.0,0.0,0,0.0,0.2857142857142857,0.0,0.0,0.0,0.2857142857142857,46.28571428571428,0.8571428571428572,1.7142857142857144,0.0,0.8571428571428572,7.142857142857142,4.857142857142858,1.1428571428571428,0.5714285714285714,0.2857142857142857,0.8571428571428572,0.5714285714285714,0.0,0.0,0.0,0.0,0.0,0.0
1149,D. Upamecano,https://media.api-sports.io/football/players/1149.png,Defender,D,78,Bundesliga,157,Bayern München,315,4,4,7.502857142857144,33.33333333333333,91.48264984227129,68.57142857142857,100.0,0.0,3.0,1.0,1.0,0.0,317.0,2.0,8.0,1.0,6.0,35.0,24.0,3.0,3.0,1.0,1.0,4.0,2,0,0.0,0.0,0,0.0,0.0,0.8571428571428572,0.2857142857142857,0.2857142857142857,0.0,90.57142857142857,0.5714285714285714,2.2857142857142856,0.2857142857142857,1.7142857142857144,10.0,6.857142857142858,0.8571428571428572,0.8571428571428572,0.2857142857142857,0.2857142857142857,1.1428571428571428,0.5714285714285714,0.0,0.0,0.0,0.0,0.0
134,Juan Miranda,https://media.api-sports.io/football/players/134.png,Defender,D,135,Serie A,500,Bologna,315,5,3,6.942857142857143,0.0,82.44274809160305,65.38461538461539,66.66666666666666,0.0,1.0,0.0,0.0,1.0,131.0,9.0,10.0,0.0,3.0,26.0,17.0,3.0,2.0,2.0,1.0,1.0,0,0,0.0,0.0,0,0.0,0.0,0.2857142857142857,0.0,0.0,0.2857142857142857,37.42857142857143,2.571428571428571,2.8571428571428568,0.0,0.8571428571428572,7.428571428571429,4.857142857142858,0.8571428571428572,0.5714285714285714,0.5714285714285714,0.2857142857142857,0.2857142857142857,0.0,0.0,0.0,0.0,0.0,0.0
483116,Noa Boissé,https://media.api-sports.io/football/players/483116.png,Defender,D,61,Ligue 1,1298,Le Mans,315,5,4,6.385714285714286,,83.87096774193549,47.05882352941176,100.0,1.0,0.0,0.0,0.0,0.0,155.0,1.0,9.0,1.0,3.0,34.0,16.0,2.0,2.0,5.0,1.0,6.0,2,0,0.0,1.0,0,0.0,0.2857142857142857,0.0,0.0,0.0,0.0,44.285714285714285,0.2857142857142857,2.571428571428571,0.2857142857142857,0.8571428571428572,9.714285714285715,4.571428571428571,0.5714285714285714,0.5714285714285714,1.4285714285714284,0.2857142857142857,1.7142857142857144,0.5714285714285714,0.0,0.0,0.2857142857142857,0.0,0.0
22094,W. Fofana,https://media.api-sports.io/football/players/22094.png,Defender,D,39,Premier League,49,Chelsea,315,4,4,6.867682539682539,,91.76470588235294,65.71428571428571,50.0,0.0,0.0,0.0,0.0,0.0,170.0,2.0,7.0,3.0,10.0,35.0,23.0,2.0,1.0,1.0,6.0,4.0,1,0,0.0,0.0,0,0.0,0.0,0.0,0.0,0.0,0.0,48.57142857142857,0.5714285714285714,2.0,0.8571428571428572,2.8571428571428568,10.0,6.571428571428572,0.5714285714285714,0.2857142857142857,0.2857142857142857,1.7142857142857144,1.1428571428571428,0.2857142857142857,0.0,0.0,0.0,0.0,0.0
47271,Yeray Álvarez,https://media.api-sports.io/football/players/47271.png,Defender,D,140,La Liga,531,Athletic Club,315,6,4,6.6,0.0,87.89237668161435,60.71428571428571,80.0,0.0,3.0,0.0,0.0,1.0,223.0,2.0,4.0,2.0,4.0,28.0,17.0,5.0,4.0,2.0,3.0,2.0,0,0,0.0,0.0,0,0.0,0.0,0.8571428571428572,0.0,0.0,0.2857142857142857,63.714285714285715,0.5714285714285714,1.1428571428571428,0.5714285714285714,1.1428571428571428,8.0,4.857142857142858,1.4285714285714284,1.1428571428571428,0.5714285714285714,0.8571428571428572,0.5714285714285714,0.0,0.0,0.0,0.0,0.0,0.0
355994,Alexander Freeman,https://media.api-sports.io/football/players/355994.png,Defender,D,140,La Liga,533,Villarreal,314,7,3,7.042307692307692,50.0,94.18181818181817,67.64705882352942,100.0,2.0,2.0,1.0,0.0,0.0,275.0,4.0,8.0,0.0,2.0,34.0,23.0,4.0,4.0,4.0,5.0,1.0,0,0,0.0,0.0,0,0.0,0.5732484076433121,0.5732484076433121,0.28662420382165604,0.0,0.0,78.82165605095541,1.1464968152866242,2.2929936305732483,0.0,0.5732484076433121,9.745222929936306,6.592356687898089,1.1464968152866242,1.1464968152866242,1.1464968152866242,1.4331210191082802,0.28662420382165604,0.0,0.0,0.0,0.0,0.0,0.0
278453,A. Hajdari,https://media.api-sports.io/football/players/278453.png,Defender,D,78,Bundesliga,167,1899 Hoffenheim,312,4,4,6.028365384615384,0.0,83.78378378378379,44.827586206896555,,2.0,3.0,0.0,0.0,0.0,222.0,1.0,4.0,3.0,7.0,29.0,13.0,0.0,0.0,3.0,3.0,7.0,1,0,0.0,0.0,0,0.0,0.5769230769230769,0.8653846153846154,0.0,0.0,0.0,64.03846153846155,0.28846153846153844,1.1538461538461537,0.8653846153846154,2.019230769230769,8.365384615384615,3.75,0.0,0.0,0.8653846153846154,0.8653846153846154,2.019230769230769,0.28846153846153844,0.0,0.0,0.0,0.0,0.0
8641,A. Castro-Montes,https://media.api-sports.io/football/players/8641.png,Defender,D,78,Bundesliga,192,1. FC Köln,311,4,4,6.064244372990354,,72.47706422018348,64.0,60.0,0.0,0.0,0.0,0.0,0.0,109.0,4.0,9.0,0.0,4.0,25.0,16.0,5.0,3.0,0.0,1.0,3.0,1,0,0.0,0.0,0,0.0,0.0,0.0,0.0,0.0,0.0,31.543408360128616,1.157556270096463,2.6045016077170415,0.0,1.157556270096463,7.234726688102894,4.630225080385852,1.4469453376205788,0.8681672025723474,0.0,0.28938906752411575,0.8681672025723474,0.28938906752411575,0.0,0.0,0.0,0.0,0.0
328089,Archie Gray,https://media.api-sports.io/football/players/328089.png,Midfielder,D,39,Premier League,47,Tottenham,310,5,3,6.501774193548387,33.33333333333333,88.48920863309353,60.0,100.0,0.0,3.0,1.0,0.0,0.0,139.0,0.0,5.0,1.0,4.0,25.0,15.0,3.0,3.0,3.0,5.0,3.0,0,0,0.0,0.0,0,0.0,0.0,0.8709677419354839,0.2903225806451613,0.0,0.0,40.354838709677416,0.0,1.4516129032258065,0.2903225806451613,1.1612903225806452,7.258064516129032,4.354838709677419,0.8709677419354839,0.8709677419354839,0.8709677419354839,1.4516129032258065,0.8709677419354839,0.0,0.0,0.0,0.0,0.0,0.0
9,A. Hakimi,https://media.api-sports.io/football/players/9.png,Defender,D,61,Ligue 1,85,Paris Saint Germain,309,4,4,6.1613592233009715,16.666666666666664,87.63636363636364,45.94594594594595,38.88888888888889,1.0,6.0,1.0,0.0,0.0,275.0,5.0,3.0,1.0,3.0,37.0,17.0,18.0,7.0,5.0,5.0,0.0,1,0,0.0,0.0,0,0.0,0.29126213592233013,1.7475728155339805,0.29126213592233013,0.0,0.0,80.09708737864078,1.4563106796116503,0.8737864077669902,0.29126213592233013,0.8737864077669902,10.776699029126213,4.951456310679611,5.242718446601942,2.0388349514563107,1.4563106796116503,1.4563106796116503,0.0,0.29126213592233013,0.0,0.0,0.0,0.0,0.0
382492,Elias Baum,https://media.api-sports.io/football/players/382492.png,Defender,D,78,Bundesliga,169,Eintracht Frankfurt,307,4,4,6.073615635179153,100.0,74.16666666666667,47.72727272727273,50.0,1.0,2.0,2.0,0.0,1.0,120.0,3.0,11.0,1.0,4.0,44.0,21.0,6.0,3.0,2.0,2.0,5.0,0,0,0.0,0.0,0,0.0,0.2931596091205212,0.5863192182410424,0.5863192182410424,0.0,0.2931596091205212,35.17915309446254,0.8794788273615635,3.224755700325733,0.2931596091205212,1.1726384364820848,12.899022801302932,6.156351791530945,1.758957654723127,0.8794788273615635,0.5863192182410424,0.5863192182410424,1.4657980456026058,0.0,0.0,0.0,0.0,0.0,0.0
25346,J. Torunarigha,https://media.api-sports.io/football/players/25346.png,Defender,D,78,Bundesliga,175,Hamburger SV,307,4,4,6.0685667752442995,,82.14285714285714,40.625,,0.0,0.0,0.0,0.0,0.0,140.0,0.0,3.0,0.0,6.0,32.0,13.0,0.0,0.0,1.0,0.0,7.0,1,0,0.0,0.0,0,0.0,0.0,0.0,0.0,0.0,0.0,41.042345276872965,0.0,0.8794788273615635,0.0,1.758957654723127,9.381107491856678,3.811074918566775,0.0,0.0,0.2931596091205212,0.0,2.0521172638436482,0.2931596091205212,0.0,0.0,0.0,0.0,0.0
412926,C. Makosso,https://media.api-sports.io/football/players/412926.png,Defender,D,61,Ligue 1,108,Auxerre,305,4,4,6.747213114754099,,79.46428571428571,45.45454545454545,100.0,0.0,0.0,0.0,0.0,1.0,112.0,2.0,3.0,2.0,8.0,22.0,10.0,2.0,2.0,0.0,1.0,4.0,1,1,0.0,0.0,0,0.0,0.0,0.0,0.0,0.0,0.29508196721311475,33.049180327868854,0.5901639344262295,0.8852459016393444,0.5901639344262295,2.360655737704918,6.491803278688525,2.9508196721311477,0.5901639344262295,0.5901639344262295,0.0,0.29508196721311475,1.180327868852459,0.29508196721311475,0.29508196721311475,0.0,0.0,0.0,0.0
25063,J. Gyamerah,https://media.api-sports.io/football/players/25063.png,Defender,D,78,Bundesliga,1660,SV Elversberg,304,4,4,6.442763157894737,0.0,79.16666666666666,51.35135135135135,20.0,0.0,1.0,0.0,0.0,0.0,120.0,1.0,10.0,1.0,4.0,37.0,19.0,5.0,1.0,2.0,3.0,3.0,0,0,0.0,0.0,0,0.0,0.0,0.29605263157894735,0.0,0.0,0.0,35.526315789473685,0.29605263157894735,2.9605263157894735,0.29605263157894735,1.1842105263157894,10.953947368421053,5.625,1.4802631578947367,0.29605263157894735,0.5921052631578947,0.888157894736842,0.888157894736842,0.0,0.0,0.0,0.0,0.0,0.0
862,Leonardo Spinazzola,https://media.api-sports.io/football/players/862.png,Defender,D,135,Serie A,492,Napoli,304,4,3,6.885526315789473,50.0,87.36842105263159,27.77777777777778,20.0,1.0,2.0,1.0,0.0,0.0,190.0,5.0,3.0,1.0,1.0,18.0,5.0,5.0,1.0,3.0,0.0,2.0,0,0,0.0,0.0,0,0.0,0.29605263157894735,0.5921052631578947,0.29605263157894735,0.0,0.0,56.25,1.4802631578947367,0.888157894736842,0.29605263157894735,0.29605263157894735,5.328947368421052,1.4802631578947367,1.4802631578947367,0.29605263157894735,0.888157894736842,0.0,0.5921052631578947,0.0,0.0,0.0,0.0,0.0,0.0
1929,Jhon Lucumí,https://media.api-sports.io/football/players/1929.png,Defender,D,135,Serie A,496,Juventus,300,5,4,6.975,0.0,93.19148936170212,52.94117647058824,0.0,0.0,1.0,0.0,0.0,0.0,235.0,1.0,4.0,1.0,6.0,17.0,9.0,1.0,0.0,2.0,0.0,2.0,2,0,0.0,0.0,0,0.0,0.0,0.30000000000000004,0.0,0.0,0.0,70.5,0.30000000000000004,1.2000000000000002,0.30000000000000004,1.8,5.1,2.6999999999999997,0.30000000000000004,0.0,0.6000000000000001,0.0,0.6000000000000001,0.6000000000000001,0.0,0.0,0.0,0.0,0.0
183849,Aitor Paredes,https://media.api-sports.io/football/players/183849.png,Defender,D,140,La Liga,531,Athletic Club,299,6,4,7.510702341137123,100.0,92.5,84.21052631578947,,0.0,1.0,1.0,1.0,0.0,240.0,2.0,7.0,1.0,2.0,19.0,16.0,0.0,0.0,0.0,2.0,3.0,0,0,0.0,0.0,0,0.0,0.0,0.3010033444816054,0.3010033444816054,0.3010033444816054,0.0,72.24080267558529,0.6020066889632107,2.1070234113712374,0.3010033444816054,0.6020066889632107,5.719063545150502,4.816053511705686,0.0,0.0,0.0,0.6020066889632107,0.9030100334448161,0.0,0.0,0.0,0.0,0.0,0.0
19298,Matty Cash,https://media.api-sports.io/football/players/19298.png,Defender,D,39,Premier League,66,Aston Villa,298,4,3,6.100268456375839,0.0,81.9672131147541,54.166666666666664,,0.0,1.0,0.0,0.0,0.0,122.0,1.0,6.0,1.0,1.0,24.0,13.0,0.0,0.0,3.0,6.0,6.0,2,0,0.0,0.0,0,0.0,0.0,0.30201342281879195,0.0,0.0,0.0,36.84563758389262,0.30201342281879195,1.8120805369127515,0.30201342281879195,0.30201342281879195,7.248322147651006,3.926174496644295,0.0,0.0,0.9060402684563758,1.8120805369127515,1.8120805369127515,0.6040268456375839,0.0,0.0,0.0,0.0,0.0
21694,N. Aguerd,https://media.api-sports.io/football/players/21694.png,Defender,D,61,Ligue 1,81,Marseille,298,5,3,6.25761744966443,0.0,90.7749077490775,53.57142857142857,,0.0,2.0,0.0,0.0,0.0,271.0,0.0,1.0,1.0,3.0,28.0,15.0,0.0,0.0,0.0,0.0,2.0,1,0,0.0,0.0,0,0.0,0.0,0.6040268456375839,0.0,0.0,0.0,81.84563758389261,0.0,0.30201342281879195,0.30201342281879195,0.9060402684563758,8.456375838926174,4.530201342281879,0.0,0.0,0.0,0.0,0.6040268456375839,0.30201342281879195,0.0,0.0,0.0,0.0,0.0
381197,Asier Osambela,https://media.api-sports.io/football/players/381197.png,Midfielder,D,140,La Liga,727,Osasuna,297,7,4,6.517104377104378,0.0,76.15894039735099,50.0,50.0,0.0,1.0,0.0,0.0,0.0,151.0,1.0,11.0,0.0,2.0,38.0,19.0,4.0,2.0,2.0,1.0,9.0,1,0,0.0,0.0,0,0.0,0.0,0.30303030303030304,0.0,0.0,0.0,45.75757575757576,0.30303030303030304,3.333333333333333,0.0,0.6060606060606061,11.515151515151516,5.757575757575758,1.2121212121212122,0.6060606060606061,0.6060606060606061,0.30303030303030304,2.7272727272727275,0.30303030303030304,0.0,0.0,0.0,0.0,0.0
342022,M. Kayode,https://media.api-sports.io/football/players/342022.png,Defender,D,39,Premier League,55,Brentford,297,5,5,6.918181818181819,33.33333333333333,78.26086956521739,45.714285714285715,50.0,0.0,3.0,1.0,1.0,0.0,69.0,2.0,2.0,2.0,6.0,35.0,16.0,6.0,3.0,5.0,4.0,4.0,0,0,0.0,0.0,0,0.0,0.0,0.9090909090909092,0.30303030303030304,0.30303030303030304,0.0,20.90909090909091,0.6060606060606061,0.6060606060606061,0.6060606060606061,1.8181818181818183,10.606060606060607,4.848484848484849,1.8181818181818183,0.9090909090909092,1.5151515151515151,1.2121212121212122,1.2121212121212122,0.0,0.0,0.0,0.0,0.0,0.0
504605,Nacho Pérez,https://media.api-sports.io/football/players/504605.png,Defender,D,140,La Liga,539,Levante,295,6,5,6.678881355932204,100.0,74.73684210526315,61.904761904761905,0.0,0.0,1.0,1.0,0.0,0.0,95.0,2.0,7.0,2.0,5.0,21.0,13.0,1.0,0.0,0.0,3.0,2.0,0,0,0.0,1.0,0,0.0,0.0,0.30508474576271183,0.30508474576271183,0.0,0.0,28.983050847457626,0.6101694915254237,2.135593220338983,0.6101694915254237,1.5254237288135593,6.406779661016949,3.9661016949152543,0.30508474576271183,0.0,0.0,0.9152542372881355,0.6101694915254237,0.0,0.0,0.0,0.30508474576271183,0.0,0.0
330437,Álex Jiménez,https://media.api-sports.io/football/players/330437.png,Defender,D,135,Serie A,502,Fiorentina,292,5,3,6.943150684931507,50.0,82.6086956521739,51.61290322580645,62.5,0.0,2.0,1.0,1.0,1.0,115.0,6.0,7.0,0.0,1.0,31.0,16.0,8.0,5.0,3.0,2.0,1.0,1,0,0.0,0.0,0,0.0,0.0,0.6164383561643836,0.3082191780821918,0.3082191780821918,0.3082191780821918,35.445205479452056,1.8493150684931505,2.1575342465753424,0.0,0.3082191780821918,9.554794520547945,4.931506849315069,2.4657534246575343,1.5410958904109588,0.9246575342465753,0.6164383561643836,0.3082191780821918,0.3082191780821918,0.0,0.0,0.0,0.0,0.0
916,Mouctar Diakhaby,https://media.api-sports.io/football/players/916.png,Defender,D,140,La Liga,532,Valencia,287,4,3,6.2822299651567945,0.0,84.61538461538461,73.33333333333333,50.0,0.0,1.0,0.0,0.0,0.0,143.0,0.0,2.0,2.0,6.0,15.0,11.0,2.0,1.0,1.0,1.0,1.0,2,0,0.0,0.0,0,0.0,0.0,0.313588850174216,0.0,0.0,0.0,44.84320557491289,0.0,0.627177700348432,0.627177700348432,1.8815331010452963,4.70383275261324,3.449477351916376,0.627177700348432,0.313588850174216,0.313588850174216,0.313588850174216,0.313588850174216,0.627177700348432,0.0,0.0,0.0,0.0,0.0
497393,Bright Ede,https://media.api-sports.io/football/players/497393.png,Defender,D,140,La Liga,544,Deportivo La Coruna,286,7,4,6.837062937062937,0.0,89.3491124260355,65.0,0.0,0.0,2.0,0.0,0.0,0.0,169.0,0.0,4.0,3.0,3.0,20.0,13.0,1.0,0.0,1.0,1.0,1.0,1,0,0.0,0.0,0,0.0,0.0,0.6293706293706294,0.0,0.0,0.0,53.18181818181819,0.0,1.2587412587412588,0.9440559440559441,0.9440559440559441,6.293706293706294,4.090909090909091,0.3146853146853147,0.0,0.3146853146853147,0.3146853146853147,0.3146853146853147,0.3146853146853147,0.0,0.0,0.0,0.0,0.0
47985,Emil Holm,https://media.api-sports.io/football/players/47985.png,Defender,D,135,Serie A,500,Bologna,285,5,3,7.409473684210526,0.0,84.76821192052981,65.11627906976744,62.5,0.0,1.0,0.0,0.0,0.0,151.0,1.0,14.0,3.0,2.0,43.0,28.0,8.0,5.0,4.0,6.0,0.0,1,0,0.0,0.0,0,0.0,0.0,0.3157894736842105,0.0,0.0,0.0,47.68421052631579,0.3157894736842105,4.421052631578948,0.9473684210526315,0.631578947368421,13.578947368421053,8.842105263157896,2.526315789473684,1.5789473684210527,1.263157894736842,1.894736842105263,0.0,0.3157894736842105,0.0,0.0,0.0,0.0,0.0
101814,Ronald Araújo,https://media.api-sports.io/football/players/101814.png,Defender,D,39,Premier League,40,Liverpool,285,5,3,7.091087719298246,,82.35294117647058,66.66666666666666,75.0,0.0,0.0,0.0,0.0,0.0,170.0,0.0,5.0,2.0,2.0,39.0,26.0,4.0,3.0,1.0,0.0,2.0,1,0,0.0,0.0,0,0.0,0.0,0.0,0.0,0.0,0.0,53.68421052631579,0.0,1.5789473684210527,0.631578947368421,0.631578947368421,12.31578947368421,8.210526315789474,1.263157894736842,0.9473684210526315,0.3157894736842105,0.0,0.631578947368421,0.3157894736842105,0.0,0.0,0.0,0.0,0.0
178769,P. Treu,https://media.api-sports.io/football/players/178769.png,Defender,D,78,Bundesliga,160,SC Freiburg,283,4,3,6.944240282685512,100.0,86.0655737704918,80.0,,0.0,1.0,1.0,0.0,0.0,122.0,2.0,12.0,2.0,2.0,20.0,16.0,0.0,0.0,0.0,3.0,3.0,0,0,0.0,0.0,0,0.0,0.0,0.31802120141342755,0.31802120141342755,0.0,0.0,38.79858657243816,0.6360424028268551,3.816254416961131,0.6360424028268551,0.6360424028268551,6.360424028268551,5.088339222614841,0.0,0.0,0.0,0.9540636042402828,0.9540636042402828,0.0,0.0,0.0,0.0,0.0,0.0
174927,Arouna Sangante,https://media.api-sports.io/football/players/174927.png,Defender,D,140,La Liga,536,Sevilla,282,5,4,6.260992907801419,,77.34375,48.0,0.0,1.0,0.0,0.0,0.0,0.0,128.0,1.0,2.0,3.0,4.0,25.0,12.0,1.0,0.0,2.0,1.0,5.0,0,1,0.0,0.0,0,0.0,0.3191489361702128,0.0,0.0,0.0,0.0,40.851063829787236,0.3191489361702128,0.6382978723404256,0.9574468085106382,1.2765957446808511,7.9787234042553195,3.829787234042553,0.3191489361702128,0.0,0.6382978723404256,0.3191489361702128,1.595744680851064,0.0,0.3191489361702128,0.0,0.0,0.0,0.0
19789,Ethan Pinnock,https://media.api-sports.io/football/players/19789.png,Defender,D,39,Premier League,1346,Coventry,282,5,3,6.940425531914895,0.0,80.0,50.0,0.0,0.0,2.0,0.0,0.0,0.0,65.0,0.0,3.0,6.0,4.0,26.0,13.0,1.0,0.0,1.0,0.0,1.0,1,0,0.0,0.0,0,0.0,0.0,0.6382978723404256,0.0,0.0,0.0,20.74468085106383,0.0,0.9574468085106382,1.9148936170212765,1.2765957446808511,8.297872340425531,4.148936170212766,0.3191489361702128,0.0,0.3191489361702128,0.0,0.3191489361702128,0.3191489361702128,0.0,0.0,0.0,0.0,0.0
91422,Raoul Bellanova,https://media.api-sports.io/football/players/91422.png,Midfielder,D,135,Serie A,499,Atalanta,282,5,3,6.625531914893617,0.0,92.90322580645162,44.44444444444444,33.33333333333333,0.0,1.0,0.0,0.0,0.0,155.0,2.0,4.0,3.0,5.0,18.0,8.0,3.0,1.0,2.0,2.0,3.0,1,0,0.0,0.0,0,0.0,0.0,0.3191489361702128,0.0,0.0,0.0,49.46808510638297,0.6382978723404256,1.2765957446808511,0.9574468085106382,1.595744680851064,5.744680851063829,2.5531914893617023,0.9574468085106382,0.3191489361702128,0.6382978723404256,0.6382978723404256,0.9574468085106382,0.3191489361702128,0.0,0.0,0.0,0.0,0.0
19354,E. Konsa,https://media.api-sports.io/football/players/19354.png,Defender,D,39,Premier League,42,Arsenal,281,4,4,6.959145907473309,0.0,96.62162162162163,66.66666666666666,,2.0,1.0,0.0,0.0,0.0,148.0,1.0,5.0,1.0,4.0,27.0,18.0,0.0,0.0,0.0,5.0,4.0,0,0,0.0,0.0,0,0.0,0.6405693950177935,0.32028469750889677,0.0,0.0,0.0,47.40213523131672,0.32028469750889677,1.6014234875444842,0.32028469750889677,1.281138790035587,8.647686832740213,5.765124555160143,0.0,0.0,0.0,1.6014234875444842,1.281138790035587,0.0,0.0,0.0,0.0,0.0,0.0
6231,F. Medina,https://media.api-sports.io/football/players/6231.png,Defender,D,78,Bundesliga,168,Bayer Leverkusen,281,4,3,7.046797153024912,100.0,93.07692307692308,45.0,100.0,0.0,2.0,2.0,1.0,0.0,260.0,0.0,1.0,1.0,4.0,20.0,9.0,1.0,1.0,0.0,3.0,5.0,1,0,0.0,0.0,0,0.0,0.0,0.6405693950177935,0.6405693950177935,0.32028469750889677,0.0,83.27402135231317,0.0,0.32028469750889677,0.32028469750889677,1.281138790035587,6.405693950177937,2.8825622775800714,0.32028469750889677,0.32028469750889677,0.0,0.9608540925266904,1.6014234875444842,0.32028469750889677,0.0,0.0,0.0,0.0,0.0
9700,Abner,https://media.api-sports.io/football/players/9700.png,Defender,D,61,Ligue 1,80,Lyon,280,4,3,6.514285714285714,,83.96946564885496,20.0,0.0,0.0,0.0,0.0,0.0,0.0,131.0,5.0,0.0,0.0,1.0,15.0,3.0,2.0,0.0,2.0,3.0,3.0,0,0,0.0,0.0,0,0.0,0.0,0.0,0.0,0.0,0.0,42.107142857142854,1.607142857142857,0.0,0.0,0.3214285714285714,4.821428571428571,0.9642857142857143,0.6428571428571428,0.0,0.6428571428571428,0.9642857142857143,0.9642857142857143,0.0,0.0,0.0,0.0,0.0,0.0
442546,Kacper Potulski,https://media.api-sports.io/football/players/442546.png,Defender,D,78,Bundesliga,164,FSV Mainz 05,280,4,3,6.453214285714286,0.0,91.48936170212765,51.21951219512195,25.0,0.0,3.0,0.0,0.0,0.0,188.0,1.0,8.0,2.0,3.0,41.0,21.0,4.0,1.0,0.0,1.0,7.0,1,0,0.0,0.0,0,0.0,0.0,0.9642857142857143,0.0,0.0,0.0,60.42857142857142,0.3214285714285714,2.571428571428571,0.6428571428571428,0.9642857142857143,13.178571428571429,6.75,1.2857142857142856,0.3214285714285714,0.0,0.3214285714285714,2.25,0.3214285714285714,0.0,0.0,0.0,0.0,0.0
24953,Yann Bisseck,https://media.api-sports.io/football/players/24953.png,Defender,D,135,Serie A,505,Inter,279,5,3,7.480645161290322,50.0,89.28571428571429,65.21739130434783,100.0,0.0,4.0,2.0,1.0,0.0,168.0,3.0,8.0,3.0,7.0,23.0,15.0,3.0,3.0,3.0,0.0,1.0,0,0,0.0,0.0,0,0.0,0.0,1.2903225806451613,0.6451612903225806,0.3225806451612903,0.0,54.193548387096776,0.967741935483871,2.5806451612903225,0.967741935483871,2.2580645161290325,7.419354838709678,4.838709677419355,0.967741935483871,0.967741935483871,0.967741935483871,0.0,0.3225806451612903,0.0,0.0,0.0,0.0,0.0,0.0
30776,Cristian Romero,https://media.api-sports.io/football/players/30776.png,Defender,D,140,La Liga,530,Atletico Madrid,278,5,3,7.53273381294964,50.0,92.6829268292683,78.26086956521739,100.0,0.0,4.0,2.0,0.0,0.0,205.0,0.0,4.0,0.0,1.0,23.0,18.0,2.0,2.0,2.0,5.0,2.0,1,0,0.0,0.0,0,0.0,0.0,1.2949640287769786,0.6474820143884893,0.0,0.0,66.36690647482014,0.0,1.2949640287769786,0.0,0.32374100719424465,7.446043165467626,5.827338129496403,0.6474820143884893,0.6474820143884893,0.6474820143884893,1.618705035971223,0.6474820143884893,0.32374100719424465,0.0,0.0,0.0,0.0,0.0
158698,J. Quansah,https://media.api-sports.io/football/players/158698.png,Defender,D,78,Bundesliga,168,Bayer Leverkusen,278,4,3,6.934856115107914,0.0,89.72602739726028,20.0,0.0,0.0,2.0,0.0,0.0,1.0,146.0,6.0,2.0,1.0,1.0,15.0,3.0,1.0,0.0,0.0,1.0,3.0,0,0,0.0,0.0,0,0.0,0.0,0.6474820143884893,0.0,0.0,0.32374100719424465,47.26618705035971,1.9424460431654678,0.6474820143884893,0.32374100719424465,0.32374100719424465,4.856115107913669,0.9712230215827339,0.32374100719424465,0.0,0.0,0.32374100719424465,0.9712230215827339,0.0,0.0,0.0,0.0,0.0,0.0
509,A. Davies,https://media.api-sports.io/football/players/509.png,Defender,D,78,Bundesliga,157,Bayern München,272,4,4,7.755992647058824,0.0,88.78504672897196,65.78947368421053,68.75,1.0,2.0,0.0,0.0,2.0,214.0,11.0,6.0,2.0,2.0,38.0,25.0,16.0,11.0,1.0,2.0,1.0,0,0,0.0,0.0,0,0.0,0.33088235294117646,0.6617647058823529,0.0,0.0,0.6617647058823529,70.80882352941177,3.6397058823529416,1.9852941176470589,0.6617647058823529,0.6617647058823529,12.573529411764707,8.272058823529413,5.294117647058823,3.6397058823529416,0.33088235294117646,0.6617647058823529,0.33088235294117646,0.0,0.0,0.0,0.0,0.0,0.0
417830,A. Ait Boudlal,https://media.api-sports.io/football/players/417830.png,Defender,D,61,Ligue 1,94,Rennes,270,4,4,6.906666666666666,,93.08176100628931,74.07407407407408,,0.0,0.0,0.0,0.0,0.0,159.0,0.0,10.0,4.0,7.0,27.0,20.0,0.0,0.0,1.0,1.0,2.0,1,0,0.0,0.0,0,0.0,0.0,0.0,0.0,0.0,0.0,53.0,0.0,3.333333333333333,1.3333333333333335,2.3333333333333335,9.0,6.666666666666666,0.0,0.0,0.33333333333333337,0.33333333333333337,0.6666666666666667,0.33333333333333337,0.0,0.0,0.0,0.0,0.0
204043,Arthur Theate,https://media.api-sports.io/football/players/204043.png,Defender,D,135,Serie A,500,Bologna,270,4,3,6.733333333333333,0.0,91.0344827586207,66.66666666666666,,1.0,3.0,0.0,0.0,0.0,145.0,0.0,4.0,2.0,6.0,12.0,8.0,0.0,0.0,1.0,1.0,2.0,0,0,0.0,0.0,0,0.0,0.33333333333333337,1.0,0.0,0.0,0.0,48.333333333333336,0.0,1.3333333333333335,0.6666666666666667,2.0,4.0,2.666666666666667,0.0,0.0,0.33333333333333337,0.33333333333333337,0.6666666666666667,0.0,0.0,0.0,0.0,0.0,0.0
37117,Danilho Doekhi,https://media.api-sports.io/football/players/37117.png,Defender,D,135,Serie A,487,Lazio,270,4,3,7.066666666666666,0.0,94.65648854961832,55.55555555555556,,0.0,3.0,0.0,0.0,1.0,131.0,2.0,2.0,3.0,2.0,18.0,10.0,0.0,0.0,1.0,3.0,3.0,0,0,0.0,0.0,0,0.0,0.0,1.0,0.0,0.0,0.33333333333333337,43.666666666666664,0.6666666666666667,0.6666666666666667,1.0,0.6666666666666667,6.0,3.333333333333333,0.0,0.0,0.33333333333333337,1.0,1.0,0.0,0.0,0.0,0.0,0.0,0.0
25406,F. Uduokhai,https://media.api-sports.io/football/players/25406.png,Defender,D,78,Bundesliga,182,Union Berlin,270,4,3,6.18,0.0,77.64705882352942,60.526315789473685,,1.0,2.0,0.0,0.0,0.0,170.0,1.0,6.0,5.0,2.0,38.0,23.0,0.0,0.0,1.0,5.0,5.0,3,0,0.0,0.0,0,0.0,0.33333333333333337,0.6666666666666667,0.0,0.0,0.0,56.66666666666667,0.33333333333333337,2.0,1.6666666666666665,0.6666666666666667,12.666666666666668,7.666666666666666,0.0,0.0,0.33333333333333337,1.6666666666666665,1.6666666666666665,1.0,0.0,0.0,0.0,0.0,0.0
166,Juan Foyth,https://media.api-sports.io/football/players/166.png,Defender,D,140,La Liga,533,Villarreal,270,4,3,7.266666666666667,33.33333333333333,92.20779220779221,68.0,,0.0,3.0,1.0,0.0,0.0,231.0,1.0,6.0,7.0,7.0,25.0,17.0,0.0,0.0,1.0,2.0,1.0,2,0,0.0,0.0,0,0.0,0.0,1.0,0.33333333333333337,0.0,0.0,77.0,0.33333333333333337,2.0,2.3333333333333335,2.3333333333333335,8.333333333333332,5.666666666666666,0.0,0.0,0.33333333333333337,0.6666666666666667,0.33333333333333337,0.6666666666666667,0.0,0.0,0.0,0.0,0.0
25287,Kevin Danso,https://media.api-sports.io/football/players/25287.png,Defender,D,39,Premier League,746,Sunderland,270,4,3,6.163333333333333,100.0,81.48148148148148,44.44444444444444,,1.0,1.0,1.0,0.0,0.0,135.0,3.0,1.0,1.0,1.0,18.0,8.0,0.0,0.0,0.0,3.0,3.0,0,0,0.0,0.0,0,0.0,0.33333333333333337,0.33333333333333337,0.33333333333333337,0.0,0.0,45.0,1.0,0.33333333333333337,0.33333333333333337,0.33333333333333337,6.0,2.666666666666667,0.0,0.0,0.0,1.0,1.0,0.0,0.0,0.0,0.0,0.0,0.0
441264,Kyllian Antonio,https://media.api-sports.io/football/players/441264.png,Defender,D,61,Ligue 1,116,Lens,270,3,3,6.71,,89.8876404494382,62.96296296296296,0.0,0.0,0.0,0.0,0.0,0.0,178.0,1.0,9.0,0.0,3.0,27.0,17.0,1.0,0.0,0.0,7.0,1.0,0,0,0.0,0.0,0,0.0,0.0,0.0,0.0,0.0,0.0,59.33333333333333,0.33333333333333337,3.0,0.0,1.0,9.0,5.666666666666666,0.33333333333333337,0.0,0.0,2.3333333333333335,0.33333333333333337,0.0,0.0,0.0,0.0,0.0,0.0
126757,L. Brassier,https://media.api-sports.io/football/players/126757.png,Defender,D,78,Bundesliga,169,Eintracht Frankfurt,270,3,3,6.476666666666667,,84.0909090909091,71.42857142857143,,1.0,0.0,0.0,0.0,0.0,176.0,0.0,8.0,1.0,9.0,21.0,15.0,0.0,0.0,0.0,2.0,1.0,0,0,0.0,0.0,0,0.0,0.33333333333333337,0.0,0.0,0.0,0.0,58.66666666666667,0.0,2.666666666666667,0.33333333333333337,3.0,7.0,5.0,0.0,0.0,0.0,0.6666666666666667,0.33333333333333337,0.0,0.0,0.0,0.0,0.0,0.0
288206,L. Querfeld,https://media.api-sports.io/football/players/288206.png,Defender,D,78,Bundesliga,182,Union Berlin,270,4,3,6.586666666666667,50.0,79.22077922077922,52.38095238095239,,0.0,2.0,1.0,1.0,1.0,154.0,4.0,7.0,3.0,5.0,42.0,22.0,0.0,0.0,2.0,1.0,2.0,0,0,0.0,0.0,0,0.0,0.0,0.6666666666666667,0.33333333333333337,0.33333333333333337,0.33333333333333337,51.333333333333336,1.3333333333333335,2.3333333333333335,1.0,1.6666666666666665,14.0,7.333333333333334,0.0,0.0,0.6666666666666667,0.33333333333333337,0.6666666666666667,0.0,0.0,0.0,0.0,0.0,0.0
349063,Luken Beitia,https://media.api-sports.io/football/players/349063.png,Defender,D,140,La Liga,548,Real Sociedad,270,6,4,6.693333333333333,50.0,89.02439024390245,60.0,50.0,0.0,2.0,1.0,0.0,0.0,164.0,3.0,4.0,5.0,3.0,20.0,12.0,2.0,1.0,2.0,0.0,2.0,1,0,0.0,0.0,0,0.0,0.0,0.6666666666666667,0.33333333333333337,0.0,0.0,54.666666666666664,1.0,1.3333333333333335,1.6666666666666665,1.0,6.666666666666666,4.0,0.6666666666666667,0.33333333333333337,0.6666666666666667,0.0,0.6666666666666667,0.33333333333333337,0.0,0.0,0.0,0.0,0.0
2817,Nikola Milenković,https://media.api-sports.io/football/players/2817.png,Defender,D,39,Premier League,65,Nottingham Forest,270,3,3,6.666666666666667,0.0,81.1881188118812,54.83870967741935,,0.0,2.0,0.0,0.0,0.0,101.0,0.0,5.0,3.0,3.0,31.0,17.0,0.0,0.0,3.0,2.0,5.0,1,0,0.0,0.0,0,0.0,0.0,0.6666666666666667,0.0,0.0,0.0,33.666666666666664,0.0,1.6666666666666665,1.0,1.0,10.333333333333334,5.666666666666666,0.0,0.0,1.0,0.6666666666666667,1.6666666666666665,0.33333333333333337,0.0,0.0,0.0,0.0,0.0
15793,Rasmus Nicolaisen,https://media.api-sports.io/football/players/15793.png,Defender,D,61,Ligue 1,96,Toulouse,270,3,3,7.1,0.0,95.45454545454545,62.06896551724138,0.0,0.0,4.0,0.0,0.0,0.0,154.0,1.0,2.0,5.0,4.0,29.0,18.0,1.0,0.0,1.0,2.0,4.0,1,0,0.0,0.0,0,0.0,0.0,1.3333333333333335,0.0,0.0,0.0,51.333333333333336,0.33333333333333337,0.6666666666666667,1.6666666666666665,1.3333333333333335,9.666666666666666,6.0,0.33333333333333337,0.0,0.33333333333333337,0.6666666666666667,1.3333333333333335,0.33333333333333337,0.0,0.0,0.0,0.0,0.0
20869,S. Chergui,https://media.api-sports.io/football/players/20869.png,Defender,D,61,Ligue 1,114,Paris FC,270,4,3,6.9433333333333325,100.0,90.06622516556291,22.22222222222222,,0.0,1.0,1.0,1.0,0.0,151.0,1.0,2.0,1.0,7.0,9.0,2.0,0.0,0.0,0.0,0.0,6.0,0,0,0.0,0.0,0,0.0,0.0,0.33333333333333337,0.33333333333333337,0.33333333333333337,0.0,50.33333333333333,0.33333333333333337,0.6666666666666667,0.33333333333333337,2.3333333333333335,3.0,0.6666666666666667,0.0,0.0,0.0,0.0,2.0,0.0,0.0,0.0,0.0,0.0,0.0
70500,Sergi Cardona,https://media.api-sports.io/football/players/70500.png,Defender,D,140,La Liga,533,Villarreal,270,7,3,6.6,0.0,88.05970149253731,50.0,20.0,1.0,1.0,0.0,0.0,0.0,201.0,1.0,6.0,0.0,6.0,26.0,13.0,5.0,1.0,3.0,3.0,4.0,0,0,0.0,0.0,0,0.0,0.33333333333333337,0.33333333333333337,0.0,0.0,0.0,67.0,0.33333333333333337,2.0,0.0,2.0,8.666666666666666,4.333333333333333,1.6666666666666665,0.33333333333333337,1.0,1.0,1.3333333333333335,0.0,0.0,0.0,0.0,0.0,0.0
360114,Abdukodir Khusanov,https://media.api-sports.io/football/players/360114.png,Defender,D,39,Premier League,50,Manchester City,269,5,4,7.066171003717473,,94.94163424124513,78.94736842105263,50.0,0.0,0.0,0.0,0.0,0.0,257.0,0.0,8.0,1.0,4.0,19.0,15.0,2.0,1.0,1.0,1.0,2.0,1,0,0.0,0.0,0,0.0,0.0,0.0,0.0,0.0,0.0,85.98513011152416,0.0,2.6765799256505574,0.33457249070631967,1.3382899628252787,6.356877323420075,5.018587360594795,0.6691449814126393,0.33457249070631967,0.33457249070631967,0.33457249070631967,0.6691449814126393,0.33457249070631967,0.0,0.0,0.0,0.0,0.0
711,Stefan Posch,https://media.api-sports.io/football/players/711.png,Defender,D,78,Bundesliga,164,FSV Mainz 05,268,4,3,6.696119402985074,50.0,87.34177215189874,64.28571428571429,100.0,0.0,2.0,1.0,0.0,0.0,158.0,1.0,7.0,1.0,4.0,28.0,18.0,2.0,2.0,0.0,5.0,4.0,1,0,0.0,0.0,0,0.0,0.0,0.6716417910447761,0.33582089552238803,0.0,0.0,53.059701492537314,0.33582089552238803,2.3507462686567164,0.33582089552238803,1.3432835820895521,9.402985074626866,6.044776119402985,0.6716417910447761,0.6716417910447761,0.0,1.6791044776119401,1.3432835820895521,0.33582089552238803,0.0,0.0,0.0,0.0,0.0
180586,Ilario Monterisi,https://media.api-sports.io/football/players/180586.png,Defender,D,135,Serie A,512,Frosinone,267,5,3,7.049438202247191,20.0,76.11940298507463,48.64864864864865,,0.0,5.0,1.0,0.0,0.0,67.0,3.0,9.0,2.0,4.0,37.0,18.0,0.0,0.0,2.0,1.0,7.0,0,0,0.0,0.0,0,0.0,0.0,1.6853932584269664,0.33707865168539325,0.0,0.0,22.584269662921347,1.0112359550561798,3.033707865168539,0.6741573033707865,1.348314606741573,12.47191011235955,6.067415730337078,0.0,0.0,0.6741573033707865,0.33707865168539325,2.359550561797753,0.0,0.0,0.0,0.0,0.0,0.0
437093,Niccolò Fortini,https://media.api-sports.io/football/players/437093.png,Defender,D,135,Serie A,503,Torino,267,5,4,6.6254681647940075,0.0,89.55223880597015,60.0,62.5,0.0,1.0,0.0,0.0,0.0,134.0,1.0,8.0,1.0,1.0,30.0,18.0,8.0,5.0,3.0,4.0,0.0,0,0,0.0,0.0,0,0.0,0.0,0.33707865168539325,0.0,0.0,0.0,45.168539325842694,0.33707865168539325,2.696629213483146,0.33707865168539325,0.33707865168539325,10.112359550561797,6.067415730337078,2.696629213483146,1.6853932584269664,1.0112359550561798,1.348314606741573,0.0,0.0,0.0,0.0,0.0,0.0,0.0
162570,Giorgio Cittadini,https://media.api-sports.io/football/players/162570.png,Defender,D,135,Serie A,512,Frosinone,266,5,3,6.9672932330827075,0.0,79.48717948717949,74.28571428571429,,0.0,1.0,0.0,0.0,0.0,78.0,1.0,11.0,1.0,11.0,35.0,26.0,0.0,0.0,0.0,1.0,7.0,1,0,0.0,1.0,0,0.0,0.0,0.3383458646616541,0.0,0.0,0.0,26.39097744360902,0.3383458646616541,3.7218045112781954,0.3383458646616541,3.7218045112781954,11.842105263157894,8.796992481203008,0.0,0.0,0.0,0.3383458646616541,2.3684210526315788,0.3383458646616541,0.0,0.0,0.3383458646616541,0.0,0.0
315127,Roy Revivo,https://media.api-sports.io/football/players/315127.png,Defender,D,140,La Liga,797,Elche,266,4,4,6.603496240601505,0.0,84.68468468468468,52.17391304347826,50.0,0.0,1.0,0.0,0.0,2.0,111.0,3.0,3.0,2.0,5.0,23.0,12.0,4.0,2.0,3.0,4.0,3.0,0,0,0.0,0.0,0,0.0,0.0,0.3383458646616541,0.0,0.0,0.6766917293233082,37.55639097744361,1.0150375939849623,1.0150375939849623,0.6766917293233082,1.6917293233082706,7.781954887218045,4.060150375939849,1.3533834586466165,0.6766917293233082,1.0150375939849623,1.3533834586466165,1.0150375939849623,0.0,0.0,0.0,0.0,0.0,0.0
1118,Jeremy Toljan,https://media.api-sports.io/football/players/1118.png,Defender,D,140,La Liga,539,Levante,264,6,2,6.314772727272727,0.0,77.02702702702703,57.89473684210527,66.66666666666666,2.0,1.0,0.0,0.0,1.0,75.0,1.0,3.0,1.0,3.0,19.0,11.0,3.0,2.0,2.0,3.0,2.0,1,0,0.0,0.0,0,0.0,0.6818181818181819,0.34090909090909094,0.0,0.0,0.34090909090909094,25.56818181818182,0.34090909090909094,1.0227272727272727,0.34090909090909094,1.0227272727272727,6.4772727272727275,3.75,1.0227272727272727,0.6818181818181819,0.6818181818181819,1.0227272727272727,0.6818181818181819,0.34090909090909094,0.0,0.0,0.0,0.0,0.0
31642,Luca Ranieri,https://media.api-sports.io/football/players/31642.png,Defender,D,135,Serie A,502,Fiorentina,264,5,3,6.194318181818183,0.0,84.26966292134831,61.53846153846154,,0.0,1.0,0.0,0.0,0.0,89.0,1.0,4.0,0.0,3.0,13.0,8.0,0.0,0.0,1.0,1.0,3.0,1,0,0.0,0.0,0,0.0,0.0,0.34090909090909094,0.0,0.0,0.0,30.34090909090909,0.34090909090909094,1.3636363636363638,0.0,1.0227272727272727,4.431818181818182,2.7272727272727275,0.0,0.0,0.34090909090909094,0.34090909090909094,1.0227272727272727,0.34090909090909094,0.0,0.0,0.0,0.0,0.0
47301,Robin Le Normand,https://media.api-sports.io/football/players/47301.png,Defender,D,140,La Liga,530,Atletico Madrid,264,6,4,7.081818181818181,100.0,92.64705882352942,61.904761904761905,0.0,0.0,1.0,1.0,1.0,0.0,136.0,0.0,4.0,0.0,4.0,21.0,13.0,1.0,0.0,1.0,3.0,2.0,0,1,0.0,1.0,0,0.0,0.0,0.34090909090909094,0.34090909090909094,0.34090909090909094,0.0,46.36363636363636,0.0,1.3636363636363638,0.0,1.3636363636363638,7.159090909090909,4.431818181818182,0.34090909090909094,0.0,0.34090909090909094,1.0227272727272727,0.6818181818181819,0.0,0.34090909090909094,0.0,0.34090909090909094,0.0,0.0
182661,Álvaro Núñez,https://media.api-sports.io/football/players/182661.png,Defender,D,140,La Liga,538,Celta Vigo,264,7,6,7.012727272727274,100.0,93.84615384615384,50.0,,2.0,2.0,2.0,0.0,0.0,195.0,1.0,5.0,0.0,4.0,14.0,7.0,0.0,0.0,2.0,2.0,3.0,0,0,0.0,0.0,0,0.0,0.6818181818181819,0.6818181818181819,0.6818181818181819,0.0,0.0,66.47727272727273,0.34090909090909094,1.7045454545454546,0.0,1.3636363636363638,4.7727272727272725,2.3863636363636362,0.0,0.0,0.6818181818181819,0.6818181818181819,1.0227272727272727,0.0,0.0,0.0,0.0,0.0,0.0
25917,R. Baku,https://media.api-sports.io/football/players/25917.png,Defender,D,78,Bundesliga,173,RB Leipzig,263,4,4,7.335589353612169,66.66666666666666,82.46445497630332,60.60606060606061,45.45454545454545,0.0,3.0,2.0,2.0,0.0,211.0,1.0,4.0,3.0,2.0,33.0,20.0,11.0,5.0,1.0,6.0,0.0,0,0,0.0,0.0,0,0.0,0.0,1.0266159695817492,0.6844106463878327,0.6844106463878327,0.0,72.20532319391634,0.34220532319391633,1.3688212927756653,1.0266159695817492,0.6844106463878327,11.292775665399239,6.844106463878327,3.7642585551330794,1.7110266159695817,0.34220532319391633,2.0532319391634983,0.0,0.0,0.0,0.0,0.0,0.0,0.0
37651,Jay Idzes,https://media.api-sports.io/football/players/37651.png,Defender,D,135,Serie A,488,Sassuolo,261,4,3,6.6241379310344835,0.0,90.9090909090909,50.0,100.0,0.0,1.0,0.0,0.0,0.0,99.0,1.0,0.0,3.0,2.0,12.0,6.0,1.0,1.0,1.0,3.0,3.0,1,0,0.0,0.0,0,0.0,0.0,0.3448275862068965,0.0,0.0,0.0,34.137931034482754,0.3448275862068965,0.0,1.0344827586206897,0.689655172413793,4.137931034482759,2.0689655172413794,0.3448275862068965,0.3448275862068965,0.3448275862068965,1.0344827586206897,1.0344827586206897,0.3448275862068965,0.0,0.0,0.0,0.0,0.0
19179,Tyrone Mings,https://media.api-sports.io/football/players/19179.png,Defender,D,39,Premier League,66,Aston Villa,261,5,5,7.041992337164751,0.0,90.0,71.42857142857143,100.0,0.0,2.0,0.0,0.0,0.0,160.0,0.0,4.0,0.0,2.0,21.0,15.0,2.0,2.0,0.0,2.0,2.0,1,0,0.0,0.0,0,0.0,0.0,0.689655172413793,0.0,0.0,0.0,55.172413793103445,0.0,1.379310344827586,0.0,0.689655172413793,7.241379310344827,5.172413793103448,0.689655172413793,0.689655172413793,0.0,0.689655172413793,0.689655172413793,0.3448275862068965,0.0,0.0,0.0,0.0,0.0
369500,Ismaelo Ganiou,https://media.api-sports.io/football/players/369500.png,Defender,D,61,Ligue 1,116,Lens,259,3,3,7.274517374517374,100.0,90.55555555555556,72.22222222222221,,0.0,2.0,2.0,1.0,0.0,180.0,1.0,6.0,0.0,5.0,18.0,13.0,0.0,0.0,0.0,2.0,1.0,0,0,0.0,0.0,0,0.0,0.0,0.694980694980695,0.694980694980695,0.3474903474903475,0.0,62.54826254826256,0.3474903474903475,2.0849420849420848,0.0,1.7374517374517373,6.254826254826255,4.517374517374517,0.0,0.0,0.0,0.694980694980695,0.3474903474903475,0.0,0.0,0.0,0.0,0.0,0.0
435552,Pau Navarro,https://media.api-sports.io/football/players/435552.png,Defender,D,140,La Liga,533,Villarreal,259,7,3,6.943243243243244,,94.83568075117371,44.0,50.0,1.0,0.0,0.0,0.0,0.0,213.0,0.0,5.0,1.0,1.0,25.0,11.0,4.0,2.0,4.0,0.0,3.0,0,0,0.0,0.0,0,0.0,0.3474903474903475,0.0,0.0,0.0,0.0,74.01544401544402,0.0,1.7374517374517373,0.3474903474903475,0.3474903474903475,8.687258687258687,3.8223938223938223,1.38996138996139,0.694980694980695,1.38996138996139,0.0,1.0424710424710424,0.0,0.0,0.0,0.0,0.0,0.0
355004,Valentín Gómez,https://media.api-sports.io/football/players/355004.png,Defender,D,140,La Liga,543,Real Betis,258,7,2,7.404651162790698,,94.58128078817734,54.166666666666664,100.0,0.0,0.0,0.0,0.0,0.0,203.0,2.0,4.0,4.0,2.0,24.0,13.0,2.0,2.0,2.0,2.0,4.0,1,0,0.0,0.0,0,0.0,0.0,0.0,0.0,0.0,0.0,70.81395348837209,0.6976744186046512,1.3953488372093024,1.3953488372093024,0.6976744186046512,8.372093023255815,4.534883720930233,0.6976744186046512,0.6976744186046512,0.6976744186046512,0.6976744186046512,1.3953488372093024,0.3488372093023256,0.0,0.0,0.0,0.0,0.0
50852,Joe Scally,https://media.api-sports.io/football/players/50852.png,Defender,D,78,Bundesliga,163,Borussia Mönchengladbach,257,4,3,6.5906614785992215,33.33333333333333,87.5,66.66666666666666,33.33333333333333,1.0,3.0,1.0,1.0,0.0,96.0,1.0,9.0,0.0,1.0,27.0,18.0,6.0,2.0,2.0,7.0,0.0,1,0,0.0,0.0,0,0.0,0.35019455252918286,1.0505836575875487,0.35019455252918286,0.35019455252918286,0.0,33.61867704280156,0.35019455252918286,3.151750972762646,0.0,0.35019455252918286,9.455252918287938,6.303501945525292,2.1011673151750974,0.7003891050583657,0.7003891050583657,2.4513618677042803,0.0,0.35019455252918286,0.0,0.0,0.0,0.0,0.0
14330,J. Juranović,https://media.api-sports.io/football/players/14330.png,Defender,D,78,Bundesliga,182,Union Berlin,254,3,3,6.534251968503936,66.66666666666666,66.95652173913044,63.63636363636363,,0.0,3.0,2.0,0.0,2.0,115.0,9.0,6.0,1.0,4.0,11.0,7.0,0.0,0.0,2.0,0.0,0.0,0,0,0.0,0.0,0,0.0,0.0,1.0629921259842519,0.7086614173228346,0.0,0.7086614173228346,40.74803149606299,3.188976377952756,2.1259842519685037,0.3543307086614173,1.4173228346456692,3.8976377952755903,2.4803149606299213,0.0,0.0,0.7086614173228346,0.0,0.0,0.0,0.0,0.0,0.0,0.0,0.0
424277,Viery,https://media.api-sports.io/football/players/424277.png,Defender,D,135,Serie A,502,Fiorentina,254,5,3,6.41259842519685,,82.85714285714286,55.00000000000001,0.0,0.0,0.0,0.0,0.0,0.0,105.0,0.0,8.0,1.0,3.0,20.0,11.0,1.0,0.0,1.0,0.0,5.0,0,0,0.0,0.0,0,0.0,0.0,0.0,0.0,0.0,0.0,37.204724409448815,0.0,2.8346456692913384,0.3543307086614173,1.0629921259842519,7.086614173228346,3.8976377952755903,0.3543307086614173,0.0,0.3543307086614173,0.0,1.7716535433070866,0.0,0.0,0.0,0.0,0.0,0.0
14329,Ardian Ismajli,https://media.api-sports.io/football/players/14329.png,Defender,D,135,Serie A,503,Torino,253,5,2,6.788537549407114,,91.56626506024097,53.57142857142857,,0.0,0.0,0.0,0.0,0.0,166.0,0.0,2.0,2.0,6.0,28.0,15.0,0.0,0.0,2.0,3.0,3.0,0,0,0.0,0.0,0,0.0,0.0,0.0,0.0,0.0,0.0,59.051383399209485,0.0,0.7114624505928854,0.7114624505928854,2.134387351778656,9.960474308300395,5.33596837944664,0.0,0.0,0.7114624505928854,1.067193675889328,1.067193675889328,0.0,0.0,0.0,0.0,0.0,0.0
286595,Facundo González,https://media.api-sports.io/football/players/286595.png,Defender,D,140,La Liga,4665,Racing Santander,253,7,4,6.140711462450593,,80.89887640449437,46.15384615384615,,0.0,0.0,0.0,0.0,0.0,91.0,0.0,5.0,4.0,5.0,26.0,12.0,0.0,0.0,1.0,3.0,7.0,1,0,0.0,0.0,0,0.0,0.0,0.0,0.0,0.0,0.0,32.37154150197628,0.0,1.7786561264822134,1.4229249011857708,1.7786561264822134,9.24901185770751,4.268774703557312,0.0,0.0,0.3557312252964427,1.067193675889328,2.4901185770750986,0.3557312252964427,0.0,0.0,0.0,0.0,0.0
441271,Jannik Schuster,https://media.api-sports.io/football/players/441271.png,Defender,D,39,Premier League,55,Brentford,253,5,2,6.805138339920949,0.0,78.26086956521739,50.0,,0.0,1.0,0.0,0.0,1.0,92.0,1.0,3.0,1.0,0.0,28.0,14.0,0.0,0.0,1.0,2.0,4.0,0,0,0.0,0.0,0,0.0,0.0,0.3557312252964427,0.0,0.0,0.3557312252964427,32.72727272727273,0.3557312252964427,1.067193675889328,0.3557312252964427,0.0,9.960474308300395,4.980237154150197,0.0,0.0,0.3557312252964427,0.7114624505928854,1.4229249011857708,0.0,0.0,0.0,0.0,0.0,0.0
358431,N. Mendy,https://media.api-sports.io/football/players/358431.png,Defender,D,39,Premier League,64,Hull City,253,4,4,7.192332015810276,75.0,82.79569892473118,57.89473684210527,,1.0,4.0,3.0,1.0,0.0,93.0,0.0,7.0,4.0,3.0,19.0,11.0,0.0,0.0,0.0,1.0,3.0,0,0,0.0,0.0,0,0.0,0.3557312252964427,1.4229249011857708,1.067193675889328,0.3557312252964427,0.0,33.08300395256917,0.0,2.4901185770750986,1.4229249011857708,1.067193675889328,6.758893280632411,3.9130434782608696,0.0,0.0,0.0,0.3557312252964427,1.067193675889328,0.0,0.0,0.0,0.0,0.0,0.0
202854,Merlin Röhl,https://media.api-sports.io/football/players/202854.png,Defender,D,39,Premier League,45,Everton,251,3,3,6.815537848605578,,80.68181818181817,46.15384615384615,0.0,0.0,0.0,0.0,0.0,0.0,88.0,2.0,5.0,0.0,0.0,26.0,12.0,2.0,0.0,2.0,4.0,3.0,1,0,0.0,0.0,0,0.0,0.0,0.0,0.0,0.0,0.0,31.55378486055777,0.7171314741035857,1.792828685258964,0.0,0.0,9.322709163346614,4.302788844621514,0.7171314741035857,0.0,0.7171314741035857,1.4342629482071714,1.0756972111553784,0.35856573705179284,0.0,0.0,0.0,0.0,0.0
271542,Ismael Doukouré,https://media.api-sports.io/football/players/271542.png,Defender,D,61,Ligue 1,95,Strasbourg,250,3,3,6.9864,0.0,89.63414634146342,70.0,50.0,0.0,1.0,0.0,0.0,0.0,164.0,0.0,4.0,5.0,3.0,20.0,14.0,2.0,1.0,0.0,3.0,3.0,0,0,0.0,0.0,0,0.0,0.0,0.36,0.0,0.0,0.0,59.04,0.0,1.44,1.8,1.08,7.2,5.04,0.72,0.36,0.0,1.08,1.08,0.0,0.0,0.0,0.0,0.0,0.0
437139,Souleymane Sagnan,https://media.api-sports.io/football/players/437139.png,Defender,D,61,Ligue 1,116,Lens,248,4,2,6.854032258064516,100.0,89.87341772151899,75.0,100.0,0.0,1.0,1.0,0.0,0.0,158.0,0.0,11.0,2.0,5.0,24.0,18.0,1.0,1.0,2.0,1.0,2.0,2,1,0.0,0.0,0,0.0,0.0,0.3629032258064516,0.3629032258064516,0.0,0.0,57.33870967741935,0.0,3.991935483870968,0.7258064516129032,1.814516129032258,8.709677419354838,6.53225806451613,0.3629032258064516,0.3629032258064516,0.7258064516129032,0.3629032258064516,0.7258064516129032,0.7258064516129032,0.3629032258064516,0.0,0.0,0.0,0.0
282549,Junior Mwanga,https://media.api-sports.io/football/players/282549.png,Defender,D,61,Ligue 1,111,Le Havre,247,4,3,6.487449392712551,0.0,90.10989010989012,36.84210526315789,,1.0,1.0,0.0,0.0,0.0,91.0,1.0,6.0,1.0,4.0,19.0,7.0,0.0,0.0,1.0,1.0,2.0,0,1,0.0,0.0,0,0.0,0.3643724696356275,0.3643724696356275,0.0,0.0,0.0,33.1578947368421,0.3643724696356275,2.1862348178137654,0.3643724696356275,1.45748987854251,6.923076923076923,2.5506072874493926,0.0,0.0,0.3643724696356275,0.3643724696356275,0.728744939271255,0.0,0.3643724696356275,0.0,0.0,0.0,0.0
334952,Rafik Messali,https://media.api-sports.io/football/players/334952.png,Defender,D,61,Ligue 1,96,Toulouse,247,5,3,6.720242914979758,,81.87919463087249,52.63157894736842,75.0,0.0,0.0,0.0,0.0,0.0,149.0,3.0,7.0,0.0,7.0,38.0,20.0,8.0,6.0,2.0,4.0,7.0,0,0,0.0,0.0,0,0.0,0.0,0.0,0.0,0.0,0.0,54.2914979757085,1.0931174089068827,2.5506072874493926,0.0,2.5506072874493926,13.846153846153847,7.287449392712551,2.91497975708502,2.1862348178137654,0.728744939271255,1.45748987854251,2.5506072874493926,0.0,0.0,0.0,0.0,0.0,0.0
2202,Hamari Traoré,https://media.api-sports.io/football/players/2202.png,Defender,D,61,Ligue 1,114,Paris FC,246,5,3,6.654878048780487,,94.77611940298507,52.63157894736842,33.33333333333333,0.0,0.0,0.0,0.0,0.0,134.0,0.0,5.0,0.0,1.0,19.0,10.0,3.0,1.0,0.0,3.0,4.0,1,0,0.0,0.0,0,0.0,0.0,0.0,0.0,0.0,0.0,49.02439024390244,0.0,1.8292682926829267,0.0,0.3658536585365854,6.951219512195122,3.6585365853658534,1.0975609756097562,0.3658536585365854,0.0,1.0975609756097562,1.4634146341463417,0.3658536585365854,0.0,0.0,0.0,0.0,0.0
283668,Arnau Martínez,https://media.api-sports.io/football/players/283668.png,Defender,D,140,La Liga,532,Valencia,242,5,3,6.078677685950413,0.0,83.92857142857143,43.75,0.0,1.0,1.0,0.0,0.0,0.0,112.0,0.0,5.0,4.0,1.0,16.0,7.0,1.0,0.0,3.0,0.0,2.0,1,0,0.0,0.0,0,0.0,0.371900826446281,0.371900826446281,0.0,0.0,0.0,41.65289256198347,0.0,1.859504132231405,1.487603305785124,0.371900826446281,5.950413223140496,2.603305785123967,0.371900826446281,0.0,1.115702479338843,0.0,0.743801652892562,0.371900826446281,0.0,0.0,0.0,0.0,0.0
455316,Tiago Gabriel,https://media.api-sports.io/football/players/455316.png,Defender,D,135,Serie A,867,Lecce,241,4,3,7.350622406639004,100.0,92.91338582677166,75.0,,0.0,2.0,2.0,2.0,0.0,127.0,0.0,8.0,1.0,3.0,24.0,18.0,0.0,0.0,2.0,3.0,2.0,0,0,0.0,0.0,0,0.0,0.0,0.7468879668049793,0.7468879668049793,0.7468879668049793,0.0,47.427385892116185,0.0,2.987551867219917,0.37344398340248963,1.120331950207469,8.962655601659751,6.721991701244813,0.0,0.0,0.7468879668049793,1.120331950207469,0.7468879668049793,0.0,0.0,0.0,0.0,0.0,0.0
416062,Eivind Helland,https://media.api-sports.io/football/players/416062.png,Defender,D,135,Serie A,500,Bologna,238,5,3,6.902521008403361,50.0,95.18716577540107,64.70588235294117,,0.0,2.0,1.0,0.0,0.0,187.0,0.0,7.0,0.0,5.0,17.0,11.0,0.0,0.0,0.0,1.0,4.0,0,0,0.0,0.0,0,0.0,0.0,0.7563025210084033,0.37815126050420167,0.0,0.0,70.71428571428571,0.0,2.6470588235294117,0.0,1.8907563025210086,6.428571428571428,4.159663865546219,0.0,0.0,0.0,0.37815126050420167,1.5126050420168067,0.0,0.0,0.0,0.0,0.0,0.0
174766,L. Maronnier,https://media.api-sports.io/football/players/174766.png,Defender,D,61,Ligue 1,110,Estac Troyes,238,4,4,7.235378151260505,25.0,74.24242424242425,69.56521739130434,100.0,2.0,4.0,1.0,1.0,0.0,66.0,4.0,9.0,3.0,3.0,23.0,16.0,2.0,2.0,0.0,3.0,4.0,0,0,0.0,0.0,0,0.0,0.7563025210084033,1.5126050420168067,0.37815126050420167,0.37815126050420167,0.0,24.95798319327731,1.5126050420168067,3.403361344537815,1.134453781512605,1.134453781512605,8.69747899159664,6.050420168067227,0.7563025210084033,0.7563025210084033,0.0,1.134453781512605,1.5126050420168067,0.0,0.0,0.0,0.0,0.0,0.0
1442,Sead Kolašinac,https://media.api-sports.io/football/players/1442.png,Defender,D,135,Serie A,499,Atalanta,238,5,3,6.792016806722689,0.0,85.84905660377359,41.66666666666667,,0.0,1.0,0.0,0.0,0.0,106.0,0.0,2.0,2.0,1.0,12.0,5.0,0.0,0.0,4.0,2.0,2.0,0,0,0.0,1.0,0,0.0,0.0,0.37815126050420167,0.0,0.0,0.0,40.08403361344538,0.0,0.7563025210084033,0.7563025210084033,0.37815126050420167,4.53781512605042,1.8907563025210086,0.0,0.0,1.5126050420168067,0.7563025210084033,0.7563025210084033,0.0,0.0,0.0,0.37815126050420167,0.0,0.0
352375,Arthur,https://media.api-sports.io/football/players/352375.png,Defender,D,78,Bundesliga,162,Werder Bremen,237,4,3,6.642278481012658,,83.45323741007195,57.14285714285714,53.84615384615385,0.0,0.0,0.0,0.0,0.0,139.0,1.0,4.0,0.0,5.0,28.0,16.0,13.0,7.0,0.0,5.0,1.0,1,0,0.0,0.0,0,0.0,0.0,0.0,0.0,0.0,0.0,52.784810126582286,0.37974683544303794,1.5189873417721518,0.0,1.8987341772151898,10.632911392405063,6.075949367088607,4.936708860759494,2.6582278481012658,0.0,1.8987341772151898,0.37974683544303794,0.37974683544303794,0.0,0.0,0.0,0.0,0.0
327646,Lukas Ullrich,https://media.api-sports.io/football/players/327646.png,Defender,D,78,Bundesliga,163,Borussia Mönchengladbach,235,4,4,6.314893617021276,0.0,72.85714285714285,51.724137931034484,33.33333333333333,0.0,1.0,0.0,0.0,2.0,70.0,3.0,7.0,0.0,6.0,29.0,15.0,3.0,1.0,2.0,3.0,5.0,1,0,0.0,0.0,0,0.0,0.0,0.3829787234042553,0.0,0.0,0.7659574468085106,26.80851063829787,1.1489361702127658,2.6808510638297873,0.0,2.2978723404255317,11.106382978723405,5.744680851063829,1.1489361702127658,0.3829787234042553,0.7659574468085106,1.1489361702127658,1.9148936170212765,0.3829787234042553,0.0,0.0,0.0,0.0,0.0
311071,Nicolás Valentini,https://media.api-sports.io/football/players/311071.png,Defender,D,140,La Liga,542,Alaves,235,6,3,6.830212765957446,0.0,72.04301075268818,75.0,,0.0,1.0,0.0,0.0,0.0,93.0,1.0,3.0,2.0,2.0,12.0,9.0,0.0,0.0,1.0,2.0,1.0,1,0,0.0,0.0,0,0.0,0.0,0.3829787234042553,0.0,0.0,0.0,35.61702127659574,0.3829787234042553,1.1489361702127658,0.7659574468085106,0.7659574468085106,4.595744680851063,3.4468085106382977,0.0,0.0,0.3829787234042553,0.7659574468085106,0.3829787234042553,0.3829787234042553,0.0,0.0,0.0,0.0,0.0
490779,Víctor Valdepeñas,https://media.api-sports.io/football/players/490779.png,Defender,D,135,Serie A,502,Fiorentina,235,5,2,6.529787234042553,50.0,79.81651376146789,55.55555555555556,25.0,0.0,2.0,1.0,0.0,0.0,109.0,3.0,5.0,0.0,1.0,27.0,15.0,4.0,1.0,4.0,3.0,0.0,0,0,0.0,0.0,0,0.0,0.0,0.7659574468085106,0.3829787234042553,0.0,0.0,41.74468085106383,1.1489361702127658,1.9148936170212765,0.0,0.3829787234042553,10.340425531914894,5.744680851063829,1.5319148936170213,0.3829787234042553,1.5319148936170213,1.1489361702127658,0.0,0.0,0.0,0.0,0.0,0.0,0.0
384135,Javi Rodríguez,https://media.api-sports.io/football/players/384135.png,Defender,D,140,La Liga,538,Celta Vigo,231,7,6,6.779999999999999,100.0,90.40404040404042,44.44444444444444,,0.0,1.0,1.0,0.0,0.0,198.0,0.0,3.0,0.0,3.0,9.0,4.0,0.0,0.0,1.0,1.0,1.0,0,0,0.0,0.0,0,0.0,0.0,0.38961038961038963,0.38961038961038963,0.0,0.0,77.14285714285714,0.0,1.168831168831169,0.0,1.168831168831169,3.5064935064935066,1.5584415584415585,0.0,0.0,0.38961038961038963,0.38961038961038963,0.38961038961038963,0.0,0.0,0.0,0.0,0.0,0.0
272460,Q. Merlin,https://media.api-sports.io/football/players/272460.png,Defender,D,61,Ligue 1,94,Rennes,231,5,4,6.340692640692641,0.0,83.59375,29.411764705882355,50.0,0.0,1.0,0.0,0.0,0.0,128.0,3.0,0.0,0.0,4.0,17.0,5.0,2.0,1.0,1.0,3.0,6.0,1,0,0.0,0.0,0,0.0,0.0,0.38961038961038963,0.0,0.0,0.0,49.87012987012987,1.168831168831169,0.0,0.0,1.5584415584415585,6.623376623376624,1.948051948051948,0.7792207792207793,0.38961038961038963,0.38961038961038963,1.168831168831169,2.337662337662338,0.38961038961038963,0.0,0.0,0.0,0.0,0.0
20520,Iván Balliu,https://media.api-sports.io/football/players/20520.png,Defender,D,140,La Liga,728,Rayo Vallecano,225,7,3,6.088888888888889,,75.0,40.0,0.0,1.0,0.0,0.0,0.0,0.0,56.0,0.0,3.0,2.0,2.0,25.0,10.0,3.0,0.0,4.0,3.0,3.0,0,0,0.0,0.0,0,0.0,0.4,0.0,0.0,0.0,0.0,22.4,0.0,1.2000000000000002,0.8,0.8,10.0,4.0,1.2000000000000002,0.0,1.6,1.2000000000000002,1.2000000000000002,0.0,0.0,0.0,0.0,0.0,0.0
366735,Joshua Kofi Acheampong,https://media.api-sports.io/football/players/366735.png,Defender,D,39,Premier League,49,Chelsea,221,5,4,6.336244343891402,,80.76923076923077,45.0,0.0,1.0,0.0,0.0,0.0,0.0,78.0,0.0,7.0,2.0,1.0,20.0,9.0,2.0,0.0,3.0,1.0,2.0,0,0,0.0,0.0,0,0.0,0.40723981900452494,0.0,0.0,0.0,0.0,31.764705882352942,0.0,2.850678733031674,0.8144796380090499,0.40723981900452494,8.144796380090497,3.6651583710407243,0.8144796380090499,0.0,1.2217194570135748,0.40723981900452494,0.8144796380090499,0.0,0.0,0.0,0.0,0.0,0.0
21090,Diego Carlos,https://media.api-sports.io/football/players/21090.png,Defender,D,135,Serie A,523,Parma,220,3,3,6.836363636363636,0.0,83.7037037037037,53.84615384615385,,1.0,1.0,0.0,0.0,0.0,135.0,0.0,3.0,5.0,3.0,13.0,7.0,0.0,0.0,0.0,0.0,4.0,0,0,0.0,0.0,0,0.0,0.40909090909090906,0.40909090909090906,0.0,0.0,0.0,55.22727272727273,0.0,1.2272727272727273,2.0454545454545454,1.2272727272727273,5.318181818181818,2.8636363636363633,0.0,0.0,0.0,0.0,1.6363636363636362,0.0,0.0,0.0,0.0,0.0,0.0
2897,Kim Min-Jae,https://media.api-sports.io/football/players/2897.png,Defender,D,78,Bundesliga,157,Bayern München,219,4,3,6.902054794520548,,92.7710843373494,46.666666666666664,100.0,0.0,0.0,0.0,0.0,0.0,166.0,1.0,3.0,2.0,4.0,15.0,7.0,1.0,1.0,0.0,0.0,5.0,1,0,0.0,0.0,0,0.0,0.0,0.0,0.0,0.0,0.0,68.21917808219177,0.410958904109589,1.2328767123287672,0.821917808219178,1.643835616438356,6.164383561643835,2.8767123287671232,0.410958904109589,0.410958904109589,0.0,0.0,2.054794520547945,0.410958904109589,0.0,0.0,0.0,0.0,0.0
438281,M. Nagida,https://media.api-sports.io/football/players/438281.png,Defender,D,61,Ligue 1,94,Rennes,219,5,4,6.51337899543379,0.0,81.57894736842105,44.44444444444444,37.5,0.0,2.0,0.0,0.0,0.0,114.0,3.0,9.0,1.0,7.0,36.0,16.0,8.0,3.0,4.0,4.0,2.0,0,0,0.0,0.0,0,0.0,0.0,0.821917808219178,0.0,0.0,0.0,46.84931506849315,1.2328767123287672,3.698630136986301,0.410958904109589,2.8767123287671232,14.794520547945204,6.575342465753424,3.287671232876712,1.2328767123287672,1.643835616438356,1.643835616438356,0.821917808219178,0.0,0.0,0.0,0.0,0.0,0.0
47988,Carl Starfelt,https://media.api-sports.io/football/players/47988.png,Defender,D,140,La Liga,538,Celta Vigo,218,7,5,7.070733944954129,25.0,96.90721649484536,57.692307692307686,,0.0,4.0,1.0,1.0,0.0,194.0,1.0,8.0,0.0,4.0,26.0,15.0,0.0,0.0,1.0,2.0,2.0,1,0,0.0,0.0,0,0.0,0.0,1.651376146788991,0.41284403669724773,0.41284403669724773,0.0,80.09174311926606,0.41284403669724773,3.302752293577982,0.0,1.651376146788991,10.733944954128441,6.192660550458716,0.0,0.0,0.41284403669724773,0.8256880733944955,0.8256880733944955,0.41284403669724773,0.0,0.0,0.0,0.0,0.0
656,Oumar Solet,https://media.api-sports.io/football/players/656.png,Defender,D,135,Serie A,494,Udinese,218,3,3,6.887155963302753,,87.70491803278688,47.61904761904761,33.33333333333333,0.0,0.0,0.0,0.0,0.0,122.0,2.0,3.0,2.0,5.0,21.0,10.0,3.0,1.0,1.0,3.0,2.0,0,0,0.0,0.0,0,0.0,0.0,0.0,0.0,0.0,0.0,50.366972477064216,0.8256880733944955,1.2385321100917432,0.8256880733944955,2.064220183486239,8.669724770642203,4.128440366972478,1.2385321100917432,0.41284403669724773,0.41284403669724773,1.2385321100917432,0.8256880733944955,0.0,0.0,0.0,0.0,0.0,0.0
36884,Justin De Haas,https://media.api-sports.io/football/players/36884.png,Defender,D,140,La Liga,532,Valencia,217,4,4,7.02073732718894,0.0,89.1025641025641,55.00000000000001,100.0,0.0,1.0,0.0,0.0,0.0,156.0,2.0,3.0,4.0,4.0,20.0,11.0,2.0,2.0,0.0,1.0,3.0,2,0,0.0,0.0,0,0.0,0.0,0.4147465437788018,0.0,0.0,0.0,64.70046082949308,0.8294930875576036,1.2442396313364057,1.6589861751152073,1.6589861751152073,8.294930875576037,4.56221198156682,0.8294930875576036,0.8294930875576036,0.0,0.4147465437788018,1.2442396313364057,0.8294930875576036,0.0,0.0,0.0,0.0,0.0
2285,Antonio Rüdiger,https://media.api-sports.io/football/players/2285.png,Defender,D,140,La Liga,541,Real Madrid,216,7,2,7.195833333333333,100.0,94.56521739130434,66.66666666666666,,0.0,2.0,2.0,1.0,0.0,184.0,1.0,0.0,3.0,0.0,9.0,6.0,0.0,0.0,0.0,1.0,1.0,0,0,0.0,0.0,0,0.0,0.0,0.8333333333333333,0.8333333333333333,0.41666666666666663,0.0,76.66666666666667,0.41666666666666663,0.0,1.25,0.0,3.75,2.5,0.0,0.0,0.0,0.41666666666666663,0.41666666666666663,0.0,0.0,0.0,0.0,0.0,0.0
343316,Jeanuël Belocian,https://media.api-sports.io/football/players/343316.png,Defender,D,140,La Liga,4665,Racing Santander,215,5,2,6.462790697674419,0.0,91.85185185185185,64.70588235294117,,0.0,2.0,0.0,0.0,0.0,135.0,0.0,1.0,1.0,4.0,17.0,11.0,0.0,0.0,0.0,1.0,4.0,1,0,0.0,1.0,0,0.0,0.0,0.8372093023255813,0.0,0.0,0.0,56.51162790697674,0.0,0.41860465116279066,0.41860465116279066,1.6744186046511627,7.116279069767442,4.604651162790698,0.0,0.0,0.0,0.41860465116279066,1.6744186046511627,0.41860465116279066,0.0,0.0,0.41860465116279066,0.0,0.0
18797,Christian Kabasele,https://media.api-sports.io/football/players/18797.png,Defender,D,135,Serie A,494,Udinese,213,3,2,6.346478873239437,50.0,95.95959595959596,66.66666666666666,,0.0,2.0,1.0,0.0,0.0,99.0,0.0,2.0,3.0,2.0,15.0,10.0,0.0,0.0,0.0,4.0,2.0,0,0,0.0,0.0,0,0.0,0.0,0.8450704225352113,0.4225352112676056,0.0,0.0,41.83098591549296,0.0,0.8450704225352113,1.267605633802817,0.8450704225352113,6.338028169014085,4.225352112676056,0.0,0.0,0.0,1.6901408450704225,0.8450704225352113,0.0,0.0,0.0,0.0,0.0,0.0
408853,M. Rots,https://media.api-sports.io/football/players/408853.png,Defender,D,78,Bundesliga,167,1899 Hoffenheim,213,4,3,7.026056338028169,0.0,83.45323741007195,55.00000000000001,100.0,1.0,3.0,0.0,0.0,0.0,139.0,6.0,5.0,1.0,2.0,20.0,11.0,3.0,3.0,0.0,0.0,4.0,0,0,0.0,0.0,0,0.0,0.4225352112676056,1.267605633802817,0.0,0.0,0.0,58.732394366197184,2.535211267605634,2.112676056338028,0.4225352112676056,0.8450704225352113,8.450704225352112,4.647887323943662,1.267605633802817,1.267605633802817,0.0,0.0,1.6901408450704225,0.0,0.0,0.0,0.0,0.0,0.0
41621,Matheus Nunes,https://media.api-sports.io/football/players/41621.png,Defender,D,39,Premier League,50,Manchester City,213,4,2,6.9380281690140855,,88.23529411764706,76.92307692307693,100.0,1.0,0.0,0.0,0.0,0.0,119.0,0.0,3.0,1.0,2.0,13.0,10.0,3.0,3.0,2.0,1.0,1.0,0,0,0.0,0.0,0,0.0,0.4225352112676056,0.0,0.0,0.0,0.0,50.281690140845065,0.0,1.267605633802817,0.4225352112676056,0.8450704225352113,5.492957746478873,4.225352112676056,1.267605633802817,1.267605633802817,0.8450704225352113,0.4225352112676056,0.4225352112676056,0.0,0.0,0.0,0.0,0.0,0.0
283,Trent Alexander-Arnold,https://media.api-sports.io/football/players/283.png,Defender,D,140,La Liga,541,Real Madrid,213,7,3,7.3765258215962435,33.33333333333333,88.67924528301887,87.5,100.0,0.0,3.0,1.0,0.0,1.0,159.0,6.0,3.0,0.0,7.0,8.0,7.0,3.0,3.0,1.0,1.0,0.0,0,0,0.0,0.0,0,0.0,0.0,1.267605633802817,0.4225352112676056,0.0,0.4225352112676056,67.1830985915493,2.535211267605634,1.267605633802817,0.0,2.9577464788732395,3.380281690140845,2.9577464788732395,1.267605633802817,1.267605633802817,0.4225352112676056,0.4225352112676056,0.0,0.0,0.0,0.0,0.0,0.0,0.0
855,João Cancelo,https://media.api-sports.io/football/players/855.png,Defender,D,140,La Liga,529,Barcelona,210,7,3,6.805238095238095,50.0,88.81987577639751,34.78260869565217,33.33333333333333,1.0,4.0,2.0,1.0,0.0,161.0,1.0,3.0,0.0,2.0,23.0,8.0,6.0,2.0,4.0,0.0,3.0,1,0,0.0,0.0,0,0.0,0.4285714285714286,1.7142857142857144,0.8571428571428572,0.4285714285714286,0.0,69.0,0.4285714285714286,1.2857142857142856,0.0,0.8571428571428572,9.857142857142858,3.428571428571429,2.571428571428571,0.8571428571428572,1.7142857142857144,0.0,1.2857142857142856,0.4285714285714286,0.0,0.0,0.0,0.0,0.0
428586,Rockson Yeboah,https://media.api-sports.io/football/players/428586.png,Defender,D,140,La Liga,727,Osasuna,210,5,2,6.701428571428572,,91.59663865546219,57.89473684210527,100.0,0.0,0.0,0.0,0.0,0.0,119.0,1.0,6.0,1.0,5.0,19.0,11.0,2.0,2.0,3.0,1.0,2.0,1,0,0.0,0.0,0,0.0,0.0,0.0,0.0,0.0,0.0,51.0,0.4285714285714286,2.571428571428571,0.4285714285714286,2.142857142857143,8.142857142857142,4.714285714285714,0.8571428571428572,0.8571428571428572,1.2857142857142856,0.4285714285714286,0.8571428571428572,0.4285714285714286,0.0,0.0,0.0,0.0,0.0
284300,Álvaro Carreras,https://media.api-sports.io/football/players/284300.png,Defender,D,140,La Liga,541,Real Madrid,210,7,3,7.208571428571428,100.0,90.57971014492753,80.0,100.0,0.0,1.0,1.0,1.0,0.0,138.0,5.0,4.0,0.0,2.0,15.0,12.0,5.0,5.0,0.0,2.0,1.0,1,0,0.0,0.0,0,0.0,0.0,0.4285714285714286,0.4285714285714286,0.4285714285714286,0.0,59.142857142857146,2.142857142857143,1.7142857142857144,0.0,0.8571428571428572,6.428571428571428,5.142857142857142,2.142857142857143,2.142857142857143,0.0,0.8571428571428572,0.4285714285714286,0.4285714285714286,0.0,0.0,0.0,0.0,0.0
181734,Pep Chavarría,https://media.api-sports.io/football/players/181734.png,Defender,D,39,Premier League,49,Chelsea,208,5,2,6.299278846153846,0.0,83.80952380952381,42.10526315789473,,0.0,1.0,0.0,0.0,0.0,105.0,2.0,5.0,0.0,4.0,19.0,8.0,0.0,0.0,0.0,2.0,3.0,0,0,0.0,0.0,0,0.0,0.0,0.4326923076923077,0.0,0.0,0.0,45.43269230769231,0.8653846153846154,2.1634615384615388,0.0,1.7307692307692308,8.221153846153845,3.4615384615384617,0.0,0.0,0.0,0.8653846153846154,1.2980769230769231,0.0,0.0,0.0,0.0,0.0,0.0
279822,Enzo Boyomo,https://media.api-sports.io/football/players/279822.png,Defender,D,140,La Liga,727,Osasuna,201,7,4,6.780597014925373,,89.53488372093024,52.63157894736842,100.0,1.0,0.0,0.0,0.0,0.0,86.0,1.0,6.0,3.0,1.0,19.0,10.0,1.0,1.0,0.0,1.0,4.0,0,0,0.0,0.0,0,0.0,0.44776119402985076,0.0,0.0,0.0,0.0,38.507462686567166,0.44776119402985076,2.6865671641791042,1.3432835820895521,0.44776119402985076,8.507462686567164,4.477611940298508,0.44776119402985076,0.44776119402985076,0.0,0.44776119402985076,1.791044776119403,0.0,0.0,0.0,0.0,0.0,0.0
47190,Miguel Loureiro,https://media.api-sports.io/football/players/47190.png,Defender,D,140,La Liga,544,Deportivo La Coruna,199,7,3,6.771859296482412,,89.93288590604027,55.55555555555556,66.66666666666666,0.0,0.0,0.0,0.0,0.0,152.0,0.0,5.0,1.0,5.0,27.0,15.0,6.0,4.0,2.0,2.0,4.0,0,0,0.0,0.0,0,0.0,0.0,0.0,0.0,0.0,0.0,68.74371859296483,0.0,2.261306532663317,0.45226130653266333,2.261306532663317,12.21105527638191,6.783919597989949,2.7135678391959797,1.8090452261306533,0.9045226130653267,0.9045226130653267,1.8090452261306533,0.0,0.0,0.0,0.0,0.0,0.0
47519,Pedro Porro,https://media.api-sports.io/football/players/47519.png,Defender,D,39,Premier League,47,Tottenham,199,3,3,6.752261306532664,20.0,70.1923076923077,42.857142857142854,33.33333333333333,0.0,5.0,1.0,0.0,0.0,104.0,2.0,3.0,0.0,1.0,21.0,9.0,6.0,2.0,3.0,3.0,1.0,0,0,0.0,0.0,0,0.0,0.0,2.261306532663317,0.45226130653266333,0.0,0.0,47.03517587939699,0.9045226130653267,1.3567839195979898,0.0,0.45226130653266333,9.49748743718593,4.07035175879397,2.7135678391959797,0.9045226130653267,1.3567839195979898,1.3567839195979898,0.45226130653266333,0.0,0.0,0.0,0.0,0.0,0.0
303679,Z. Van Den Bosch,https://media.api-sports.io/football/players/303679.png,Defender,D,78,Bundesliga,182,Union Berlin,199,4,4,5.68281407035176,,85.86956521739131,50.0,,0.0,0.0,0.0,0.0,0.0,92.0,2.0,2.0,0.0,3.0,14.0,7.0,0.0,0.0,1.0,1.0,4.0,2,0,0.0,0.0,0,0.0,0.0,0.0,0.0,0.0,0.0,41.608040201005025,0.9045226130653267,0.9045226130653267,0.0,1.3567839195979898,6.331658291457287,3.1658291457286434,0.0,0.0,0.45226130653266333,0.45226130653266333,1.8090452261306533,0.9045226130653267,0.0,0.0,0.0,0.0,0.0
2286,Davide Zappacosta,https://media.api-sports.io/football/players/2286.png,Defender,D,135,Serie A,499,Atalanta,197,5,2,6.859390862944162,0.0,90.47619047619048,33.33333333333333,0.0,0.0,1.0,0.0,0.0,0.0,105.0,0.0,2.0,1.0,0.0,6.0,2.0,2.0,0.0,1.0,0.0,1.0,0,0,0.0,0.0,0,0.0,0.0,0.45685279187817257,0.0,0.0,0.0,47.96954314720813,0.0,0.9137055837563451,0.45685279187817257,0.0,2.7411167512690358,0.9137055837563451,0.9137055837563451,0.0,0.45685279187817257,0.0,0.45685279187817257,0.0,0.0,0.0,0.0,0.0,0.0
426480,Lucas Herrington,https://media.api-sports.io/football/players/426480.png,Defender,D,39,Premier League,64,Hull City,197,5,2,6.61507614213198,,90.0,53.84615384615385,,0.0,0.0,0.0,0.0,0.0,80.0,2.0,2.0,2.0,2.0,13.0,7.0,0.0,0.0,1.0,0.0,1.0,0,0,0.0,0.0,0,0.0,0.0,0.0,0.0,0.0,0.0,36.54822335025381,0.9137055837563451,0.9137055837563451,0.9137055837563451,0.9137055837563451,5.939086294416244,3.197969543147208,0.0,0.0,0.45685279187817257,0.0,0.45685279187817257,0.0,0.0,0.0,0.0,0.0,0.0
179400,M. Estève,https://media.api-sports.io/football/players/179400.png,Defender,D,78,Bundesliga,173,RB Leipzig,197,4,3,6.988730964467006,,95.8904109589041,69.23076923076923,,0.0,0.0,0.0,0.0,0.0,219.0,0.0,2.0,0.0,3.0,13.0,9.0,0.0,0.0,0.0,1.0,0.0,0,0,0.0,0.0,0,0.0,0.0,0.0,0.0,0.0,0.0,100.05076142131979,0.0,0.9137055837563451,0.0,1.3705583756345179,5.939086294416244,4.111675126903553,0.0,0.0,0.0,0.45685279187817257,0.0,0.0,0.0,0.0,0.0,0.0,0.0
19495,Nathan Collins,https://media.api-sports.io/football/players/19495.png,Defender,D,39,Premier League,55,Brentford,197,3,3,6.6000000000000005,50.0,82.35294117647058,55.00000000000001,,1.0,2.0,1.0,0.0,0.0,119.0,2.0,2.0,0.0,2.0,20.0,11.0,0.0,0.0,2.0,3.0,2.0,1,0,0.0,0.0,0,0.0,0.45685279187817257,0.9137055837563451,0.45685279187817257,0.0,0.0,54.36548223350254,0.9137055837563451,0.9137055837563451,0.0,0.9137055837563451,9.137055837563452,5.025380710659898,0.0,0.0,0.9137055837563451,1.3705583756345179,0.9137055837563451,0.45685279187817257,0.0,0.0,0.0,0.0,0.0
25061,Armel Bella-Kotchap,https://media.api-sports.io/football/players/25061.png,Defender,D,135,Serie A,517,Venezia,196,3,3,6.945918367346939,0.0,88.37209302325581,76.92307692307693,,0.0,2.0,0.0,0.0,0.0,129.0,0.0,4.0,1.0,3.0,26.0,20.0,0.0,0.0,0.0,5.0,1.0,0,0,0.0,0.0,0,0.0,0.0,0.9183673469387754,0.0,0.0,0.0,59.234693877551024,0.0,1.8367346938775508,0.4591836734693877,1.3775510204081631,11.938775510204083,9.183673469387756,0.0,0.0,0.0,2.295918367346939,0.4591836734693877,0.0,0.0,0.0,0.0,0.0,0.0
125171,J. Stanišić,https://media.api-sports.io/football/players/125171.png,Defender,D,78,Bundesliga,157,Bayern München,196,4,2,6.760714285714285,50.0,91.6030534351145,33.33333333333333,50.0,0.0,2.0,1.0,0.0,0.0,131.0,3.0,1.0,0.0,0.0,15.0,5.0,4.0,2.0,0.0,0.0,2.0,0,0,0.0,0.0,0,0.0,0.0,0.9183673469387754,0.4591836734693877,0.0,0.0,60.1530612244898,1.3775510204081631,0.4591836734693877,0.0,0.0,6.887755102040816,2.295918367346939,1.8367346938775508,0.9183673469387754,0.0,0.0,0.9183673469387754,0.0,0.0,0.0,0.0,0.0,0.0
20602,Samuel Yohou,https://media.api-sports.io/football/players/20602.png,Defender,D,61,Ligue 1,1298,Le Mans,196,3,2,6.757142857142858,,91.8918918918919,66.66666666666666,0.0,0.0,0.0,0.0,0.0,0.0,111.0,0.0,5.0,1.0,2.0,9.0,6.0,2.0,0.0,0.0,1.0,1.0,0,0,0.0,0.0,0,0.0,0.0,0.0,0.0,0.0,0.0,50.96938775510204,0.0,2.295918367346939,0.4591836734693877,0.9183673469387754,4.13265306122449,2.7551020408163263,0.9183673469387754,0.0,0.0,0.4591836734693877,0.4591836734693877,0.0,0.0,0.0,0.0,0.0,0.0
972,J. Tah,https://media.api-sports.io/football/players/972.png,Defender,D,78,Bundesliga,157,Bayern München,192,4,3,7.889062499999999,50.0,97.95918367346938,85.71428571428571,0.0,0.0,2.0,1.0,0.0,0.0,196.0,0.0,5.0,0.0,3.0,14.0,12.0,1.0,0.0,0.0,2.0,1.0,0,0,0.0,0.0,0,0.0,0.0,0.9375,0.46875,0.0,0.0,91.875,0.0,2.34375,0.0,1.40625,6.5625,5.625,0.46875,0.0,0.0,0.9375,0.46875,0.0,0.0,0.0,0.0,0.0,0.0
489905,Seny Koumbassa,https://media.api-sports.io/football/players/489905.png,Defender,D,61,Ligue 1,96,Toulouse,192,5,2,6.2515624999999995,,89.04109589041096,45.0,,0.0,0.0,0.0,0.0,0.0,146.0,0.0,4.0,2.0,2.0,20.0,9.0,0.0,0.0,0.0,1.0,5.0,1,0,0.0,0.0,0,0.0,0.0,0.0,0.0,0.0,0.0,68.4375,0.0,1.875,0.9375,0.9375,9.375,4.21875,0.0,0.0,0.0,0.46875,2.34375,0.46875,0.0,0.0,0.0,0.0,0.0
47378,Pedro Bigas,https://media.api-sports.io/football/players/47378.png,Defender,D,140,La Liga,797,Elche,191,7,3,6.337696335078534,100.0,90.08264462809917,25.0,,0.0,1.0,1.0,0.0,0.0,122.0,0.0,0.0,3.0,1.0,8.0,2.0,0.0,0.0,0.0,1.0,2.0,0,0,0.0,0.0,0,0.0,0.0,0.47120418848167545,0.47120418848167545,0.0,0.0,57.4869109947644,0.0,0.0,1.413612565445026,0.47120418848167545,3.7696335078534036,0.9424083769633509,0.0,0.0,0.0,0.47120418848167545,0.9424083769633509,0.0,0.0,0.0,0.0,0.0,0.0
2729,Joachim Andersen,https://media.api-sports.io/football/players/2729.png,Defender,D,39,Premier League,36,Fulham,190,4,3,6.936842105263158,,89.0,60.0,,0.0,0.0,0.0,0.0,0.0,201.0,3.0,2.0,1.0,2.0,20.0,12.0,0.0,0.0,0.0,2.0,3.0,1,0,0.0,0.0,0,0.0,0.0,0.0,0.0,0.0,0.0,95.21052631578947,1.4210526315789473,0.9473684210526315,0.47368421052631576,0.9473684210526315,9.473684210526315,5.684210526315789,0.0,0.0,0.0,0.9473684210526315,1.4210526315789473,0.47368421052631576,0.0,0.0,0.0,0.0,0.0
2597,Takehiro Tomiyasu,https://media.api-sports.io/football/players/2597.png,Defender,D,39,Premier League,52,Crystal Palace,190,5,3,6.169789473684211,,86.91588785046729,40.0,,0.0,0.0,0.0,0.0,0.0,107.0,1.0,2.0,1.0,5.0,20.0,8.0,0.0,0.0,0.0,2.0,2.0,0,0,0.0,0.0,0,0.0,0.0,0.0,0.0,0.0,0.0,50.68421052631579,0.47368421052631576,0.9473684210526315,0.47368421052631576,2.3684210526315788,9.473684210526315,3.789473684210526,0.0,0.0,0.0,0.9473684210526315,0.9473684210526315,0.0,0.0,0.0,0.0,0.0,0.0
46815,Pau Torres,https://media.api-sports.io/football/players/46815.png,Defender,D,39,Premier League,66,Aston Villa,189,4,3,6.170264550264551,,80.76923076923077,40.0,,0.0,0.0,0.0,0.0,0.0,104.0,0.0,1.0,0.0,1.0,10.0,4.0,0.0,0.0,0.0,1.0,2.0,0,0,0.0,0.0,0,0.0,0.0,0.0,0.0,0.0,0.0,49.52380952380952,0.0,0.47619047619047616,0.0,0.47619047619047616,4.761904761904762,1.9047619047619047,0.0,0.0,0.0,0.47619047619047616,0.9523809523809523,0.0,0.0,0.0,0.0,0.0,0.0
1807,Evan Ndicka,https://media.api-sports.io/football/players/1807.png,Defender,D,135,Serie A,497,AS Roma,187,4,2,6.905882352941177,0.0,96.69421487603306,50.0,,1.0,2.0,0.0,0.0,0.0,121.0,0.0,4.0,0.0,7.0,24.0,12.0,0.0,0.0,1.0,1.0,8.0,1,0,0.0,0.0,0,0.0,0.48128342245989303,0.9625668449197861,0.0,0.0,0.0,58.235294117647065,0.0,1.9251336898395721,0.0,3.368983957219251,11.550802139037435,5.7754010695187175,0.0,0.0,0.48128342245989303,0.48128342245989303,3.8502673796791442,0.48128342245989303,0.0,0.0,0.0,0.0,0.0
182592,Jorge Herrando,https://media.api-sports.io/football/players/182592.png,Defender,D,140,La Liga,727,Osasuna,187,3,3,6.8286631016042785,100.0,83.92857142857143,61.53846153846154,50.0,0.0,2.0,2.0,0.0,0.0,112.0,0.0,1.0,0.0,3.0,13.0,8.0,2.0,1.0,0.0,2.0,3.0,1,0,0.0,0.0,0,0.0,0.0,0.9625668449197861,0.9625668449197861,0.0,0.0,53.90374331550802,0.0,0.48128342245989303,0.0,1.4438502673796794,6.25668449197861,3.8502673796791442,0.9625668449197861,0.48128342245989303,0.0,0.9625668449197861,1.4438502673796794,0.48128342245989303,0.0,0.0,0.0,0.0,0.0
6,Leonardo Balerdi,https://media.api-sports.io/football/players/6.png,Defender,D,135,Serie A,497,AS Roma,185,4,2,6.9859459459459465,0.0,87.65432098765432,68.42105263157895,,0.0,1.0,0.0,0.0,0.0,81.0,0.0,5.0,2.0,8.0,19.0,13.0,0.0,0.0,1.0,2.0,1.0,0,0,0.0,0.0,0,0.0,0.0,0.4864864864864865,0.0,0.0,0.0,39.40540540540541,0.0,2.4324324324324325,0.972972972972973,3.891891891891892,9.243243243243244,6.324324324324325,0.0,0.0,0.4864864864864865,0.972972972972973,0.4864864864864865,0.0,0.0,0.0,0.0,0.0,0.0
396193,Lucas Høgsberg,https://media.api-sports.io/football/players/396193.png,Defender,D,61,Ligue 1,95,Strasbourg,184,5,3,6.282608695652174,,85.84905660377359,41.66666666666667,0.0,0.0,0.0,0.0,0.0,0.0,106.0,2.0,3.0,0.0,1.0,12.0,5.0,1.0,0.0,3.0,0.0,2.0,0,0,0.0,0.0,0,0.0,0.0,0.0,0.0,0.0,0.0,51.84782608695652,0.9782608695652174,1.467391304347826,0.0,0.4891304347826087,5.869565217391304,2.4456521739130435,0.4891304347826087,0.0,1.467391304347826,0.0,0.9782608695652174,0.0,0.0,0.0,0.0,0.0,0.0
264857,Lorenzo Bernasconi,https://media.api-sports.io/football/players/264857.png,Midfielder,D,135,Serie A,499,Atalanta,183,5,2,6.482513661202185,0.0,93.47826086956522,33.33333333333333,0.0,0.0,1.0,0.0,0.0,0.0,92.0,2.0,2.0,0.0,3.0,6.0,2.0,1.0,0.0,2.0,0.0,0.0,0,0,0.0,0.0,0,0.0,0.0,0.4918032786885246,0.0,0.0,0.0,45.24590163934426,0.9836065573770492,0.9836065573770492,0.0,1.4754098360655739,2.9508196721311477,0.9836065573770492,0.4918032786885246,0.0,0.9836065573770492,0.0,0.0,0.0,0.0,0.0,0.0,0.0,0.0
135883,R. Hendriks,https://media.api-sports.io/football/players/135883.png,Defender,D,78,Bundesliga,172,VfB Stuttgart,183,4,4,6.335081967213115,,89.69072164948454,75.0,100.0,0.0,0.0,0.0,0.0,0.0,97.0,1.0,3.0,0.0,2.0,20.0,15.0,1.0,1.0,1.0,5.0,0.0,0,0,0.0,0.0,0,0.0,0.0,0.0,0.0,0.0,0.0,47.704918032786885,0.4918032786885246,1.4754098360655739,0.0,0.9836065573770492,9.836065573770492,7.377049180327869,0.4918032786885246,0.4918032786885246,0.4918032786885246,2.459016393442623,0.0,0.0,0.0,0.0,0.0,0.0,0.0
41734,João Mário,https://media.api-sports.io/football/players/41734.png,Defender,D,135,Serie A,502,Fiorentina,182,5,2,6.656043956043956,,87.05882352941177,63.63636363636363,60.0,0.0,0.0,0.0,0.0,0.0,85.0,2.0,4.0,0.0,2.0,22.0,14.0,5.0,3.0,0.0,7.0,3.0,0,0,0.0,0.0,0,0.0,0.0,0.0,0.0,0.0,0.0,42.032967032967036,0.989010989010989,1.978021978021978,0.0,0.989010989010989,10.87912087912088,6.923076923076923,2.4725274725274726,1.4835164835164836,0.0,3.4615384615384617,1.4835164835164836,0.0,0.0,0.0,0.0,0.0,0.0
174881,Moustapha Mbow,https://media.api-sports.io/football/players/174881.png,Defender,D,61,Ligue 1,114,Paris FC,181,5,4,7.011049723756906,,98.36065573770492,54.54545454545454,,0.0,0.0,0.0,0.0,0.0,183.0,0.0,5.0,1.0,0.0,11.0,6.0,0.0,0.0,0.0,1.0,2.0,0,0,0.0,0.0,0,0.0,0.0,0.0,0.0,0.0,0.0,90.99447513812154,0.0,2.4861878453038675,0.49723756906077343,0.0,5.469613259668508,2.983425414364641,0.0,0.0,0.0,0.49723756906077343,0.9944751381215469,0.0,0.0,0.0,0.0,0.0,0.0
129681,A. Rouault,https://media.api-sports.io/football/players/129681.png,Defender,D,61,Ligue 1,94,Rennes,180,5,3,6.689999999999999,0.0,83.47826086956522,69.23076923076923,100.0,0.0,1.0,0.0,0.0,0.0,115.0,0.0,3.0,0.0,1.0,13.0,9.0,1.0,1.0,0.0,0.0,0.0,0,0,0.0,0.0,0,0.0,0.0,0.5,0.0,0.0,0.0,57.49999999999999,0.0,1.5,0.0,0.5,6.499999999999999,4.5,0.5,0.5,0.0,0.0,0.0,0.0,0.0,0.0,0.0,0.0,0.0
19182,A. Tuanzebe,https://media.api-sports.io/football/players/19182.png,Defender,D,61,Ligue 1,108,Auxerre,180,2,2,6.835000000000001,50.0,86.3013698630137,58.82352941176471,,0.0,2.0,1.0,0.0,0.0,73.0,0.0,1.0,0.0,2.0,17.0,10.0,0.0,0.0,0.0,2.0,3.0,0,0,0.0,0.0,0,0.0,0.0,1.0,0.5,0.0,0.0,36.5,0.0,0.5,0.0,1.0,8.5,5.0,0.0,0.0,0.0,1.0,1.5,0.0,0.0,0.0,0.0,0.0,0.0
147835,Andrew Omobamidele,https://media.api-sports.io/football/players/147835.png,Defender,D,61,Ligue 1,95,Strasbourg,180,2,2,6.35,0.0,96.96969696969697,71.42857142857143,,0.0,1.0,0.0,0.0,0.0,99.0,0.0,5.0,1.0,2.0,7.0,5.0,0.0,0.0,0.0,0.0,1.0,0,0,0.0,0.0,0,0.0,0.0,0.5,0.0,0.0,0.0,49.50000000000001,0.0,2.5,0.5,1.0,3.5,2.5,0.0,0.0,0.0,0.0,0.5,0.0,0.0,0.0,0.0,0.0,0.0
576948,Dominik Drobnic ,https://media.api-sports.io/football/players/576948.png,Defender,D,135,Serie A,523,Parma,180,5,2,6.05,,80.23255813953489,31.25,,0.0,0.0,0.0,0.0,0.0,86.0,0.0,1.0,1.0,2.0,16.0,5.0,0.0,0.0,2.0,0.0,4.0,1,0,0.0,0.0,0,0.0,0.0,0.0,0.0,0.0,0.0,43.0,0.0,0.5,0.5,1.0,8.0,2.5,0.0,0.0,1.0,0.0,2.0,0.5,0.0,0.0,0.0,0.0,0.0
585451,J. Maluze,https://media.api-sports.io/football/players/585451.png,Defender,D,78,Bundesliga,169,Eintracht Frankfurt,180,3,2,7.33,,72.35772357723577,82.14285714285714,,0.0,0.0,0.0,0.0,1.0,123.0,1.0,4.0,2.0,6.0,28.0,23.0,0.0,0.0,0.0,1.0,0.0,1,0,0.0,0.0,0,0.0,0.0,0.0,0.0,0.0,0.5,61.5,0.5,2.0,1.0,3.0,14.0,11.5,0.0,0.0,0.0,0.5,0.0,0.5,0.0,0.0,0.0,0.0,0.0
1157,K. Laimer,https://media.api-sports.io/football/players/1157.png,Defender,D,78,Bundesliga,157,Bayern München,180,3,3,6.4,50.0,89.39393939393939,31.03448275862069,40.0,0.0,2.0,1.0,0.0,0.0,132.0,2.0,4.0,0.0,2.0,29.0,9.0,5.0,2.0,2.0,2.0,5.0,0,0,0.0,0.0,0,0.0,0.0,1.0,0.5,0.0,0.0,66.0,1.0,2.0,0.0,1.0,14.500000000000002,4.5,2.5,1.0,1.0,1.0,2.5,0.0,0.0,0.0,0.0,0.0,0.0
263482,Nuno Mendes,https://media.api-sports.io/football/players/263482.png,Defender,D,61,Ligue 1,85,Paris Saint Germain,180,2,2,7.635,66.66666666666666,86.04651162790698,57.14285714285714,66.66666666666666,0.0,3.0,2.0,0.0,0.0,129.0,8.0,2.0,1.0,1.0,21.0,12.0,3.0,2.0,0.0,6.0,2.0,1,0,0.0,0.0,0,0.0,0.0,1.5,1.0,0.0,0.0,64.5,4.0,1.0,0.5,0.5,10.5,6.0,1.5,1.0,0.0,3.0,1.0,0.5,0.0,0.0,0.0,0.0,0.0
1408,S. Bornauw,https://media.api-sports.io/football/players/1408.png,Defender,D,78,Bundesliga,175,Hamburger SV,180,2,2,5.595,,81.91489361702128,50.0,,0.0,0.0,0.0,0.0,0.0,94.0,0.0,3.0,0.0,4.0,18.0,9.0,0.0,0.0,0.0,0.0,4.0,0,0,0.0,0.0,0,0.0,0.0,0.0,0.0,0.0,0.0,47.0,0.0,1.5,0.0,2.0,9.0,4.5,0.0,0.0,0.0,0.0,2.0,0.0,0.0,0.0,0.0,0.0,0.0
162466,S. Diomandé,https://media.api-sports.io/football/players/162466.png,Defender,D,61,Ligue 1,108,Auxerre,180,5,4,6.25,0.0,92.13483146067416,56.25,,0.0,1.0,0.0,0.0,0.0,89.0,0.0,3.0,1.0,3.0,16.0,9.0,0.0,0.0,1.0,3.0,3.0,1,0,0.0,0.0,0,0.0,0.0,0.5,0.0,0.0,0.0,44.5,0.0,1.5,0.5,1.5,8.0,4.5,0.0,0.0,0.5,1.5,1.5,0.5,0.0,0.0,0.0,0.0,0.0
51535,Sebastián Cáceres,https://media.api-sports.io/football/players/51535.png,Defender,D,140,La Liga,538,Celta Vigo,180,3,3,7.115,0.0,88.59649122807018,66.66666666666666,,0.0,1.0,0.0,0.0,0.0,114.0,0.0,4.0,0.0,2.0,18.0,12.0,0.0,0.0,1.0,3.0,1.0,0,0,0.0,0.0,0,0.0,0.0,0.5,0.0,0.0,0.0,57.0,0.0,2.0,0.0,1.0,9.0,6.0,0.0,0.0,0.5,1.5,0.5,0.0,0.0,0.0,0.0,0.0,0.0
270515,Théo Eyoum,https://media.api-sports.io/football/players/270515.png,Defender,D,61,Ligue 1,1298,Le Mans,180,2,2,6.25,,93.44262295081968,26.666666666666668,,0.0,0.0,0.0,0.0,0.0,61.0,0.0,2.0,2.0,2.0,15.0,4.0,0.0,0.0,2.0,0.0,2.0,0,0,0.0,0.0,0,0.0,0.0,0.0,0.0,0.0,0.0,30.5,0.0,1.0,1.0,1.0,7.5,2.0,0.0,0.0,1.0,0.0,1.0,0.0,0.0,0.0,0.0,0.0,0.0
551206,Théo Eyoum,https://media.api-sports.io/football/players/551206.png,Defender,D,61,Ligue 1,1298,Le Mans,180,2,2,6.25,,93.44262295081968,26.666666666666668,,0.0,0.0,0.0,0.0,0.0,61.0,0.0,2.0,2.0,2.0,15.0,4.0,0.0,0.0,2.0,0.0,2.0,0,0,0.0,0.0,0,0.0,0.0,0.0,0.0,0.0,0.0,30.5,0.0,1.0,1.0,1.0,7.5,2.0,0.0,0.0,1.0,0.0,1.0,0.0,0.0,0.0,0.0,0.0,0.0
278,Kylian Mbappé,https://media.api-sports.io/football/players/278.png,Attacker,F,140,La Liga,541,Real Madrid,630,7,7,7.985714285714286,70.96774193548387,87.13692946058092,50.72463768115942,58.97435897435898,6.0,31.0,22.0,7.0,2.0,241.0,11.0,3.0,0.0,1.0,69.0,35.0,39.0,23.0,1.0,8.0,8.0,0,0,0.0,0.0,1,1.0,0.8571428571428572,4.428571428571429,3.142857142857143,1.0,0.2857142857142857,34.42857142857142,1.5714285714285714,0.4285714285714286,0.0,0.14285714285714285,9.857142857142858,5.0,5.571428571428571,3.285714285714286,0.14285714285714285,1.1428571428571428,1.1428571428571428,0.0,0.0,0.0,0.0,0.14285714285714285,0.14285714285714285
312990,Roberto Fernández,https://media.api-sports.io/football/players/312990.png,Attacker,F,140,La Liga,540,Espanyol,613,7,7,7.494779771615009,42.857142857142854,64.63414634146342,44.44444444444444,50.0,6.0,14.0,6.0,6.0,0.0,82.0,4.0,2.0,1.0,1.0,63.0,28.0,4.0,2.0,1.0,8.0,9.0,0,0,0.0,0.0,0,0.0,0.8809135399673735,2.0554649265905383,0.8809135399673735,0.8809135399673735,0.0,12.039151712887438,0.5872756933115824,0.2936378466557912,0.1468189233278956,0.1468189233278956,9.249592169657422,4.1109298531810765,0.5872756933115824,0.2936378466557912,0.1468189233278956,1.1745513866231647,1.3213703099510603,0.0,0.0,0.0,0.0,0.0,0.0
386828,Lamine Yamal,https://media.api-sports.io/football/players/386828.png,Attacker,F,140,La Liga,529,Barcelona,581,7,7,8.485714285714286,48.275862068965516,81.1046511627907,50.57471264367817,60.0,10.0,29.0,14.0,7.0,4.0,344.0,28.0,3.0,0.0,2.0,87.0,44.0,50.0,30.0,5.0,11.0,7.0,1,0,0.0,0.0,1,1.0,1.5490533562822717,4.492254733218588,2.168674698795181,1.0843373493975905,0.6196213425129088,53.28743545611015,4.337349397590362,0.4647160068846816,0.0,0.3098106712564544,13.476764199655765,6.815834767641997,7.74526678141136,4.647160068846816,0.7745266781411358,1.7039586919104992,1.0843373493975905,0.1549053356282272,0.0,0.0,0.0,0.1549053356282272,0.1549053356282272
376401,Chupete,https://media.api-sports.io/football/players/376401.png,Attacker,F,140,La Liga,535,Malaga,563,7,6,6.354351687388988,25.0,63.63636363636363,45.76271186440678,25.0,2.0,12.0,3.0,1.0,0.0,99.0,3.0,4.0,1.0,1.0,59.0,27.0,8.0,2.0,4.0,9.0,10.0,1,0,0.0,0.0,1,1.0,0.3197158081705151,1.9182948490230907,0.47957371225577267,0.15985790408525755,0.0,15.825932504440498,0.47957371225577267,0.6394316163410302,0.15985790408525755,0.15985790408525755,9.431616341030196,4.316163410301954,1.2788632326820604,0.3197158081705151,0.6394316163410302,1.4387211367673178,1.5985790408525753,0.15985790408525755,0.0,0.0,0.0,0.15985790408525755,0.15985790408525755
1465,Pierre-Emerick Aubameyang,https://media.api-sports.io/football/players/1465.png,Attacker,F,140,La Liga,544,Deportivo La Coruna,560,7,6,7.7473214285714285,71.42857142857143,77.66990291262135,50.0,66.66666666666666,1.0,14.0,10.0,5.0,2.0,103.0,9.0,3.0,0.0,3.0,26.0,13.0,6.0,4.0,1.0,2.0,4.0,0,0,0.0,0.0,0,0.0,0.1607142857142857,2.25,1.607142857142857,0.8035714285714285,0.3214285714285714,16.55357142857143,1.4464285714285712,0.48214285714285715,0.0,0.48214285714285715,4.178571428571429,2.0892857142857144,0.9642857142857143,0.6428571428571428,0.1607142857142857,0.3214285714285714,0.6428571428571428,0.0,0.0,0.0,0.0,0.0,0.0
1496,Raphinha,https://media.api-sports.io/football/players/1496.png,Attacker,F,140,La Liga,529,Barcelona,555,7,7,8.892792792792793,84.21052631578947,84.21052631578947,59.45945945945946,80.0,5.0,19.0,16.0,12.0,3.0,190.0,14.0,4.0,0.0,0.0,37.0,22.0,15.0,12.0,3.0,5.0,3.0,0,0,2.0,0.0,3,0.0,0.8108108108108109,3.0810810810810807,2.5945945945945947,1.945945945945946,0.4864864864864865,30.81081081081081,2.27027027027027,0.6486486486486487,0.0,0.0,6.0,3.5675675675675675,2.4324324324324325,1.945945945945946,0.4864864864864865,0.8108108108108109,0.4864864864864865,0.0,0.0,0.32432432432432434,0.0,0.4864864864864865,0.0
195512,Martín Satriano,https://media.api-sports.io/football/players/195512.png,Attacker,F,140,La Liga,546,Getafe,544,7,7,6.626672794117646,25.0,64.28571428571429,44.827586206896555,42.857142857142854,1.0,12.0,3.0,1.0,1.0,117.0,6.0,5.0,1.0,2.0,87.0,39.0,21.0,9.0,1.0,12.0,13.0,0,0,0.0,0.0,0,0.0,0.16544117647058823,1.9852941176470589,0.4963235294117647,0.16544117647058823,0.16544117647058823,19.356617647058826,0.9926470588235294,0.8272058823529412,0.16544117647058823,0.33088235294117646,14.393382352941176,6.452205882352941,3.4742647058823533,1.4889705882352942,0.16544117647058823,1.9852941176470589,2.1507352941176467,0.0,0.0,0.0,0.0,0.0,0.0
47499,Enes Ünal,https://media.api-sports.io/football/players/47499.png,Attacker,F,140,La Liga,546,Getafe,540,7,5,6.531666666666667,25.0,64.70588235294117,39.75903614457831,0.0,4.0,8.0,2.0,1.0,0.0,102.0,4.0,7.0,1.0,0.0,83.0,33.0,9.0,0.0,2.0,8.0,10.0,2,0,0.0,0.0,0,0.0,0.6666666666666667,1.3333333333333335,0.33333333333333337,0.16666666666666669,0.0,17.0,0.6666666666666667,1.1666666666666667,0.16666666666666669,0.0,13.833333333333334,5.5,1.5,0.0,0.33333333333333337,1.3333333333333335,1.6666666666666665,0.33333333333333337,0.0,0.0,0.0,0.0,0.0
83,Arnaut Danjuma,https://media.api-sports.io/football/players/83.png,Attacker,F,140,La Liga,532,Valencia,526,7,6,6.94657794676806,38.46153846153847,79.81651376146789,48.78048780487805,58.82352941176471,6.0,13.0,5.0,0.0,0.0,109.0,7.0,1.0,1.0,1.0,41.0,20.0,17.0,10.0,1.0,8.0,6.0,0,0,0.0,0.0,0,0.0,1.0266159695817492,2.2243346007604563,0.8555133079847909,0.0,0.0,18.65019011406844,1.1977186311787071,0.17110266159695817,0.17110266159695817,0.17110266159695817,7.015209125475285,3.4220532319391634,2.908745247148289,1.7110266159695817,0.17110266159695817,1.3688212927756653,1.0266159695817492,0.0,0.0,0.0,0.0,0.0,0.0
46746,Ante Budimir,https://media.api-sports.io/football/players/46746.png,Attacker,F,140,La Liga,727,Osasuna,502,7,6,7.519721115537848,61.111111111111114,55.88235294117647,59.25925925925925,66.66666666666666,4.0,18.0,11.0,5.0,0.0,69.0,2.0,8.0,5.0,0.0,81.0,48.0,6.0,4.0,2.0,16.0,10.0,0,0,2.0,0.0,3,0.0,0.7171314741035857,3.2270916334661357,1.9721115537848606,0.896414342629482,0.0,12.370517928286851,0.35856573705179284,1.4342629482071714,0.896414342629482,0.0,14.52191235059761,8.605577689243027,1.0756972111553784,0.7171314741035857,0.35856573705179284,2.8685258964143427,1.792828685258964,0.0,0.0,0.35856573705179284,0.0,0.5378486055776892,0.0
608,Lucas Boyé,https://media.api-sports.io/football/players/608.png,Attacker,F,140,La Liga,542,Alaves,484,6,6,7.218181818181818,46.15384615384615,75.82417582417582,41.23711340206185,18.181818181818183,4.0,13.0,6.0,4.0,0.0,91.0,4.0,14.0,3.0,0.0,97.0,40.0,11.0,2.0,5.0,9.0,15.0,0,0,0.0,0.0,0,0.0,0.743801652892562,2.4173553719008267,1.115702479338843,0.743801652892562,0.0,16.921487603305785,0.743801652892562,2.603305785123967,0.5578512396694215,0.0,18.037190082644628,7.43801652892562,2.0454545454545454,0.371900826446281,0.9297520661157025,1.6735537190082646,2.7892561983471076,0.0,0.0,0.0,0.0,0.0,0.0
47323,Mikel Oyarzabal,https://media.api-sports.io/football/players/47323.png,Attacker,F,140,La Liga,548,Real Sociedad,478,7,6,6.625397489539749,55.55555555555556,77.9874213836478,44.44444444444444,12.5,0.0,9.0,5.0,0.0,2.0,159.0,10.0,5.0,1.0,3.0,45.0,20.0,8.0,1.0,3.0,8.0,4.0,1,0,0.0,0.0,0,0.0,0.0,1.694560669456067,0.9414225941422594,0.0,0.37656903765690375,29.93723849372385,1.8828451882845187,0.9414225941422594,0.18828451882845187,0.5648535564853556,8.472803347280335,3.7656903765690375,1.506276150627615,0.18828451882845187,0.5648535564853556,1.506276150627615,0.7531380753138075,0.18828451882845187,0.0,0.0,0.0,0.0,0.0
184277,Fernando Niño,https://media.api-sports.io/football/players/184277.png,Attacker,F,140,La Liga,797,Elche,470,7,6,7.319,81.81818181818183,71.29629629629629,41.935483870967744,37.5,1.0,11.0,9.0,5.0,0.0,108.0,2.0,6.0,1.0,2.0,93.0,39.0,16.0,6.0,4.0,7.0,4.0,2,0,0.0,0.0,0,0.0,0.19148936170212766,2.106382978723404,1.7234042553191489,0.9574468085106382,0.0,20.680851063829788,0.3829787234042553,1.1489361702127658,0.19148936170212766,0.3829787234042553,17.80851063829787,7.468085106382978,3.0638297872340425,1.1489361702127658,0.7659574468085106,1.3404255319148937,0.7659574468085106,0.3829787234042553,0.0,0.0,0.0,0.0,0.0
52,Sergio Camello,https://media.api-sports.io/football/players/52.png,Attacker,F,140,La Liga,728,Rayo Vallecano,470,7,6,7.864787234042554,64.70588235294117,76.92307692307693,40.845070422535215,33.33333333333333,1.0,17.0,11.0,7.0,1.0,130.0,8.0,7.0,0.0,0.0,71.0,29.0,15.0,5.0,3.0,15.0,8.0,2,0,0.0,0.0,0,0.0,0.19148936170212766,3.25531914893617,2.106382978723404,1.3404255319148937,0.19148936170212766,24.893617021276597,1.5319148936170213,1.3404255319148937,0.0,0.0,13.595744680851064,5.553191489361702,2.8723404255319145,0.9574468085106382,0.5744680851063829,2.8723404255319145,1.5319148936170213,0.3829787234042553,0.0,0.0,0.0,0.0,0.0
927,Kang-in Lee,https://media.api-sports.io/football/players/927.png,Attacker,F,140,La Liga,530,Atletico Madrid,469,7,6,7.358208955223881,50.0,81.81818181818183,52.307692307692314,70.58823529411765,1.0,12.0,6.0,2.0,1.0,231.0,10.0,10.0,0.0,2.0,65.0,34.0,17.0,12.0,7.0,9.0,11.0,1,0,0.0,0.0,0,0.0,0.19189765458422176,2.302771855010661,1.1513859275053304,0.3837953091684435,0.19189765458422176,44.32835820895522,1.9189765458422174,1.9189765458422174,0.0,0.3837953091684435,12.473347547974413,6.524520255863539,3.2622601279317696,2.302771855010661,1.3432835820895521,1.727078891257996,2.1108742004264394,0.19189765458422176,0.0,0.0,0.0,0.0,0.0
18767,Ademola Lookman,https://media.api-sports.io/football/players/18767.png,Midfielder,F,140,La Liga,530,Atletico Madrid,460,7,6,6.683608695652175,50.0,83.21678321678321,35.55555555555556,28.57142857142857,3.0,6.0,3.0,1.0,0.0,143.0,12.0,5.0,0.0,0.0,45.0,16.0,14.0,4.0,1.0,7.0,7.0,1,0,0.0,0.0,0,0.0,0.5869565217391304,1.1739130434782608,0.5869565217391304,0.1956521739130435,0.0,27.978260869565215,2.3478260869565215,0.9782608695652174,0.0,0.0,8.804347826086957,3.130434782608696,2.739130434782609,0.782608695652174,0.1956521739130435,1.3695652173913044,1.3695652173913044,0.1956521739130435,0.0,0.0,0.0,0.0,0.0
2215,Armand Laurienté,https://media.api-sports.io/football/players/2215.png,Attacker,F,135,Serie A,488,Sassuolo,455,5,5,7.178021978021978,41.66666666666667,89.26553672316385,44.44444444444444,40.0,3.0,12.0,5.0,0.0,1.0,177.0,8.0,2.0,1.0,0.0,36.0,16.0,20.0,8.0,0.0,5.0,2.0,1,0,0.0,0.0,0,0.0,0.5934065934065934,2.3736263736263736,0.989010989010989,0.0,0.1978021978021978,35.010989010989015,1.5824175824175823,0.3956043956043956,0.1978021978021978,0.0,7.1208791208791204,3.1648351648351647,3.956043956043956,1.5824175824175823,0.0,0.989010989010989,0.3956043956043956,0.1978021978021978,0.0,0.0,0.0,0.0,0.0
21104,Randal Kolo Muani,https://media.api-sports.io/football/players/21104.png,Attacker,F,135,Serie A,496,Juventus,454,5,5,6.296035242290749,42.857142857142854,69.6969696969697,32.8125,35.294117647058826,3.0,7.0,3.0,0.0,1.0,99.0,3.0,3.0,1.0,0.0,64.0,21.0,17.0,6.0,3.0,8.0,10.0,0,0,0.0,0.0,0,0.0,0.5947136563876653,1.3876651982378854,0.5947136563876653,0.0,0.19823788546255508,19.625550660792953,0.5947136563876653,0.5947136563876653,0.19823788546255508,0.0,12.687224669603525,4.1629955947136565,3.370044052863436,1.1894273127753305,0.5947136563876653,1.5859030837004406,1.9823788546255507,0.0,0.0,0.0,0.0,0.0,0.0
1100,Erling Haaland,https://media.api-sports.io/football/players/1100.png,Attacker,F,39,Premier League,50,Manchester City,450,5,5,7.566,55.55555555555556,68.75,42.857142857142854,44.44444444444444,2.0,18.0,10.0,5.0,0.0,64.0,1.0,0.0,0.0,1.0,42.0,18.0,9.0,4.0,2.0,5.0,4.0,0,0,0.0,0.0,0,0.0,0.4,3.6,2.0,1.0,0.0,12.8,0.2,0.0,0.0,0.2,8.4,3.6,1.8,0.8,0.4,1.0,0.8,0.0,0.0,0.0,0.0,0.0,0.0
1922,Florian Thauvin,https://media.api-sports.io/football/players/1922.png,Attacker,F,61,Ligue 1,116,Lens,450,5,5,7.49,56.25,77.66990291262135,40.909090909090914,37.5,1.0,16.0,9.0,3.0,2.0,206.0,14.0,2.0,3.0,3.0,44.0,18.0,16.0,6.0,2.0,6.0,3.0,2,0,1.0,0.0,3,0.0,0.2,3.2,1.8,0.6000000000000001,0.4,41.2,2.8,0.4,0.6000000000000001,0.6000000000000001,8.8,3.6,3.2,1.2000000000000002,0.4,1.2000000000000002,0.6000000000000001,0.4,0.0,0.2,0.0,0.6000000000000001,0.0
18746,Morgan Gibbs-White,https://media.api-sports.io/football/players/18746.png,Attacker,F,39,Premier League,65,Nottingham Forest,450,5,5,7.46,37.5,85.0574712643678,48.837209302325576,50.0,2.0,8.0,3.0,1.0,2.0,174.0,14.0,5.0,0.0,1.0,43.0,21.0,10.0,5.0,1.0,8.0,4.0,0,0,0.0,0.0,1,0.0,0.4,1.6,0.6000000000000001,0.2,0.4,34.8,2.8,1.0,0.0,0.2,8.6,4.2,2.0,1.0,0.2,1.6,0.8,0.0,0.0,0.0,0.0,0.2,0.0
85041,A. Gouiri,https://media.api-sports.io/football/players/85041.png,Attacker,F,61,Ligue 1,81,Marseille,448,5,5,7.303660714285713,54.54545454545454,85.71428571428571,34.090909090909086,45.45454545454545,1.0,11.0,6.0,4.0,1.0,147.0,7.0,1.0,1.0,0.0,44.0,15.0,11.0,5.0,1.0,3.0,1.0,0,0,0.0,0.0,1,0.0,0.20089285714285712,2.2098214285714284,1.2053571428571428,0.8035714285714285,0.20089285714285712,29.53125,1.40625,0.20089285714285712,0.20089285714285712,0.0,8.839285714285714,3.013392857142857,2.2098214285714284,1.0044642857142858,0.20089285714285712,0.6026785714285714,0.20089285714285712,0.0,0.0,0.0,0.0,0.20089285714285712,0.0
22264,L. Ajorque,https://media.api-sports.io/football/players/22264.png,Attacker,F,61,Ligue 1,106,Stade Brestois 29,446,5,5,7.071255605381166,31.25,76.66666666666667,47.05882352941176,100.0,4.0,16.0,5.0,1.0,0.0,120.0,8.0,2.0,1.0,1.0,102.0,48.0,4.0,4.0,5.0,9.0,13.0,1,0,1.0,0.0,0,0.0,0.8071748878923767,3.2286995515695067,1.0089686098654709,0.20179372197309417,0.0,24.2152466367713,1.6143497757847534,0.40358744394618834,0.20179372197309417,0.20179372197309417,20.582959641255606,9.686098654708521,0.8071748878923767,0.8071748878923767,1.0089686098654709,1.8161434977578474,2.6233183856502245,0.20179372197309417,0.0,0.20179372197309417,0.0,0.0,0.0
30937,Mattia Zaccagni,https://media.api-sports.io/football/players/30937.png,Attacker,F,135,Serie A,487,Lazio,446,5,5,7.318385650224215,58.333333333333336,80.11363636363636,53.48837209302325,45.45454545454545,1.0,12.0,7.0,1.0,2.0,176.0,8.0,7.0,2.0,9.0,43.0,23.0,11.0,5.0,2.0,9.0,3.0,2,0,0.0,0.0,1,0.0,0.20179372197309417,2.4215246636771304,1.4125560538116593,0.20179372197309417,0.40358744394618834,35.51569506726457,1.6143497757847534,1.4125560538116593,0.40358744394618834,1.8161434977578474,8.67713004484305,4.641255605381166,2.219730941704036,1.0089686098654709,0.40358744394618834,1.8161434977578474,0.6053811659192826,0.40358744394618834,0.0,0.0,0.0,0.20179372197309417,0.0
41585,Gonçalo Ramos,https://media.api-sports.io/football/players/41585.png,Attacker,F,135,Serie A,489,AC Milan,445,5,5,6.620224719101124,36.36363636363637,77.8688524590164,40.32258064516129,18.181818181818183,1.0,11.0,4.0,1.0,1.0,122.0,4.0,6.0,0.0,1.0,62.0,25.0,11.0,2.0,1.0,5.0,7.0,0,0,0.0,0.0,0,0.0,0.20224719101123598,2.2247191011235956,0.8089887640449439,0.20224719101123598,0.20224719101123598,24.674157303370787,0.8089887640449439,1.2134831460674158,0.0,0.20224719101123598,12.539325842696629,5.056179775280898,2.2247191011235956,0.40449438202247195,0.20224719101123598,1.0112359550561798,1.4157303370786518,0.0,0.0,0.0,0.0,0.0,0.0
47582,Cucho Hernández,https://media.api-sports.io/football/players/47582.png,Attacker,F,140,La Liga,543,Real Betis,444,7,5,6.807882882882883,66.66666666666666,73.55371900826447,34.42622950819672,45.45454545454545,0.0,9.0,6.0,2.0,1.0,121.0,5.0,2.0,1.0,1.0,61.0,21.0,11.0,5.0,3.0,5.0,3.0,0,0,0.0,0.0,0,0.0,0.0,1.8243243243243243,1.2162162162162162,0.40540540540540543,0.20270270270270271,24.527027027027025,1.0135135135135134,0.40540540540540543,0.20270270270270271,0.20270270270270271,12.364864864864867,4.256756756756757,2.22972972972973,1.0135135135135134,0.6081081081081081,1.0135135135135134,0.6081081081081081,0.0,0.0,0.0,0.0,0.0,0.0
152982,C. Palmer,https://media.api-sports.io/football/players/152982.png,Attacker,F,39,Premier League,49,Chelsea,443,5,5,7.401128668171557,35.714285714285715,81.06508875739645,48.97959183673469,56.25,1.0,14.0,5.0,2.0,2.0,169.0,11.0,7.0,2.0,1.0,49.0,24.0,16.0,9.0,1.0,7.0,4.0,1,0,0.0,0.0,0,0.0,0.20316027088036115,2.8442437923250568,1.0158013544018059,0.4063205417607223,0.4063205417607223,34.33408577878104,2.234762979683973,1.4221218961625284,0.4063205417607223,0.20316027088036115,9.954853273137697,4.8758465011286685,3.2505643340857784,1.8284424379232505,0.20316027088036115,1.4221218961625284,0.8126410835214446,0.20316027088036115,0.0,0.0,0.0,0.0,0.0
196156,Thiago,https://media.api-sports.io/football/players/196156.png,Attacker,F,39,Premier League,55,Brentford,443,5,5,6.701805869074492,33.33333333333333,76.63551401869158,34.32835820895522,50.0,0.0,12.0,4.0,1.0,0.0,107.0,2.0,3.0,2.0,0.0,67.0,23.0,6.0,3.0,2.0,2.0,7.0,2,0,0.0,0.0,0,1.0,0.0,2.4379232505643342,0.8126410835214446,0.20316027088036115,0.0,21.738148984198645,0.4063205417607223,0.6094808126410836,0.4063205417607223,0.0,13.611738148984198,4.672686230248307,1.2189616252821671,0.6094808126410836,0.4063205417607223,0.4063205417607223,1.4221218961625284,0.4063205417607223,0.0,0.0,0.0,0.0,0.20316027088036115
19337,Oli McBurnie,https://media.api-sports.io/football/players/19337.png,Attacker,F,39,Premier League,64,Hull City,442,5,5,6.724072398190045,42.857142857142854,59.34065934065934,47.77777777777778,66.66666666666666,0.0,7.0,3.0,0.0,1.0,91.0,6.0,3.0,0.0,1.0,90.0,43.0,6.0,4.0,3.0,11.0,7.0,2,0,0.0,0.0,0,0.0,0.0,1.425339366515837,0.6108597285067874,0.0,0.20361990950226247,18.52941176470588,1.2217194570135748,0.6108597285067874,0.0,0.20361990950226247,18.32579185520362,8.755656108597286,1.2217194570135748,0.8144796380090499,0.6108597285067874,2.239819004524887,1.425339366515837,0.40723981900452494,0.0,0.0,0.0,0.0,0.0
20649,Yoane Wissa,https://media.api-sports.io/football/players/20649.png,Attacker,F,39,Premier League,34,Newcastle,441,5,5,6.568027210884353,33.33333333333333,68.96551724137932,46.3768115942029,57.14285714285714,2.0,9.0,3.0,1.0,1.0,87.0,4.0,6.0,1.0,0.0,69.0,32.0,7.0,4.0,1.0,12.0,10.0,2,0,0.0,0.0,0,1.0,0.40816326530612246,1.8367346938775508,0.6122448979591837,0.20408163265306123,0.20408163265306123,17.755102040816325,0.8163265306122449,1.2244897959183674,0.20408163265306123,0.0,14.081632653061225,6.530612244897959,1.4285714285714284,0.8163265306122449,0.20408163265306123,2.4489795918367347,2.0408163265306123,0.40816326530612246,0.0,0.0,0.0,0.0,0.20408163265306123
19170,M. Rogers,https://media.api-sports.io/football/players/19170.png,Attacker,F,39,Premier League,49,Chelsea,439,5,5,7.528246013667425,45.45454545454545,77.77777777777779,49.152542372881356,52.94117647058824,1.0,11.0,5.0,3.0,1.0,135.0,11.0,5.0,2.0,0.0,59.0,29.0,17.0,9.0,0.0,7.0,5.0,1,0,0.0,0.0,0,0.0,0.20501138952164008,2.2551252847380407,1.0250569476082005,0.6150341685649203,0.20501138952164008,27.676537585421414,2.2551252847380407,1.0250569476082005,0.41002277904328016,0.0,12.095671981776766,5.945330296127563,3.485193621867882,1.8451025056947608,0.0,1.4350797266514808,1.0250569476082005,0.20501138952164008,0.0,0.0,0.0,0.0,0.0
978,K. Havertz,https://media.api-sports.io/football/players/978.png,Attacker,F,39,Premier League,42,Arsenal,438,5,5,6.921917808219178,66.66666666666666,77.87610619469027,44.44444444444444,25.0,9.0,9.0,6.0,2.0,0.0,113.0,5.0,0.0,0.0,3.0,54.0,24.0,4.0,1.0,0.0,9.0,6.0,1,0,0.0,0.0,0,0.0,1.8493150684931505,1.8493150684931505,1.2328767123287672,0.410958904109589,0.0,23.21917808219178,1.0273972602739725,0.0,0.0,0.6164383561643836,11.095890410958903,4.931506849315069,0.821917808219178,0.2054794520547945,0.0,1.8493150684931505,1.2328767123287672,0.2054794520547945,0.0,0.0,0.0,0.0,0.0
541,Jürgen Ekkelenkamp,https://media.api-sports.io/football/players/541.png,Midfielder,F,135,Serie A,494,Udinese,435,5,5,7.251724137931035,44.44444444444444,81.69934640522875,52.63157894736842,27.27272727272727,0.0,9.0,4.0,2.0,1.0,153.0,2.0,8.0,0.0,4.0,38.0,20.0,11.0,3.0,4.0,5.0,2.0,0,0,0.0,0.0,0,0.0,0.0,1.8620689655172413,0.8275862068965517,0.41379310344827586,0.20689655172413793,31.655172413793103,0.41379310344827586,1.6551724137931034,0.0,0.8275862068965517,7.862068965517241,4.137931034482759,2.2758620689655173,0.6206896551724138,0.8275862068965517,1.0344827586206897,0.41379310344827586,0.0,0.0,0.0,0.0,0.0,0.0
90617,Lassine Sinayoko,https://media.api-sports.io/football/players/90617.png,Attacker,F,61,Ligue 1,114,Paris FC,435,5,5,7.457632183908046,75.0,78.94736842105263,51.78571428571429,100.0,4.0,12.0,9.0,4.0,1.0,95.0,9.0,9.0,0.0,7.0,56.0,29.0,5.0,5.0,0.0,9.0,6.0,1,0,0.0,0.0,2,0.0,0.8275862068965517,2.4827586206896552,1.8620689655172413,0.8275862068965517,0.20689655172413793,19.655172413793103,1.8620689655172413,1.8620689655172413,0.0,1.4482758620689655,11.586206896551724,6.0,1.0344827586206897,1.0344827586206897,0.0,1.8620689655172413,1.2413793103448276,0.20689655172413793,0.0,0.0,0.0,0.41379310344827586,0.0
1945,Ally Samatta,https://media.api-sports.io/football/players/1945.png,Midfielder,F,61,Ligue 1,111,Le Havre,434,5,5,6.899884792626727,56.25,70.0,54.54545454545454,22.22222222222222,2.0,16.0,9.0,2.0,0.0,100.0,2.0,6.0,1.0,2.0,55.0,30.0,9.0,2.0,1.0,4.0,4.0,0,0,0.0,0.0,0,0.0,0.4147465437788018,3.3179723502304146,1.8663594470046083,0.4147465437788018,0.0,20.737327188940093,0.4147465437788018,1.2442396313364057,0.2073732718894009,0.4147465437788018,11.405529953917052,6.2211981566820285,1.8663594470046083,0.4147465437788018,0.2073732718894009,0.8294930875576036,0.8294930875576036,0.0,0.0,0.0,0.0,0.0,0.0
842,Nikola Vlašić,https://media.api-sports.io/football/players/842.png,Midfielder,F,135,Serie A,503,Torino,434,5,5,6.331336405529954,66.66666666666666,86.25,34.090909090909086,50.0,0.0,3.0,2.0,0.0,0.0,160.0,2.0,1.0,1.0,0.0,44.0,15.0,4.0,2.0,5.0,4.0,6.0,0,0,0.0,0.0,0,0.0,0.0,0.6221198156682028,0.4147465437788018,0.0,0.0,33.17972350230415,0.4147465437788018,0.2073732718894009,0.2073732718894009,0.0,9.12442396313364,3.1105990783410142,0.8294930875576036,0.4147465437788018,1.0368663594470047,0.8294930875576036,1.2442396313364057,0.0,0.0,0.0,0.0,0.0,0.0
336711,Gonzalo García,https://media.api-sports.io/football/players/336711.png,Attacker,F,39,Premier League,36,Fulham,427,5,5,6.574004683840749,28.57142857142857,73.33333333333333,39.0625,44.44444444444444,1.0,7.0,2.0,1.0,0.0,90.0,3.0,2.0,1.0,1.0,64.0,25.0,9.0,4.0,4.0,3.0,7.0,0,0,0.0,0.0,0,0.0,0.2107728337236534,1.4754098360655739,0.4215456674473068,0.2107728337236534,0.0,18.969555035128806,0.6323185011709602,0.4215456674473068,0.2107728337236534,0.2107728337236534,13.489461358313818,5.269320843091335,1.8969555035128804,0.8430913348946136,0.8430913348946136,0.6323185011709602,1.4754098360655739,0.0,0.0,0.0,0.0,0.0,0.0
152856,Evanilson,https://media.api-sports.io/football/players/152856.png,Attacker,F,39,Premier League,35,Bournemouth,425,5,5,6.879105882352941,40.0,70.58823529411765,44.642857142857146,40.0,5.0,5.0,2.0,0.0,3.0,102.0,6.0,3.0,0.0,5.0,56.0,25.0,5.0,2.0,1.0,10.0,9.0,1,0,0.0,0.0,0,0.0,1.0588235294117647,1.0588235294117647,0.4235294117647058,0.0,0.6352941176470589,21.599999999999998,1.2705882352941178,0.6352941176470589,0.0,1.0588235294117647,11.858823529411765,5.294117647058823,1.0588235294117647,0.4235294117647058,0.2117647058823529,2.1176470588235294,1.9058823529411764,0.2117647058823529,0.0,0.0,0.0,0.0,0.0
85558,Louis Mafouta,https://media.api-sports.io/football/players/85558.png,Attacker,F,61,Ligue 1,1298,Le Mans,423,5,5,7.0638297872340425,72.72727272727273,74.28571428571429,40.0,50.0,0.0,11.0,8.0,3.0,1.0,70.0,3.0,1.0,0.0,0.0,30.0,12.0,2.0,1.0,0.0,5.0,5.0,0,0,0.0,0.0,1,0.0,0.0,2.3404255319148937,1.702127659574468,0.6382978723404256,0.2127659574468085,14.893617021276595,0.6382978723404256,0.2127659574468085,0.0,0.0,6.382978723404256,2.5531914893617023,0.425531914893617,0.2127659574468085,0.0,1.0638297872340425,1.0638297872340425,0.0,0.0,0.0,0.0,0.2127659574468085,0.0
18766,Dominic Calvert-Lewin,https://media.api-sports.io/football/players/18766.png,Attacker,F,39,Premier League,63,Leeds,421,5,5,7.002137767220903,75.0,53.62318840579711,46.03174603174603,20.0,5.0,8.0,6.0,2.0,1.0,69.0,2.0,0.0,0.0,0.0,63.0,29.0,5.0,1.0,2.0,4.0,9.0,3,0,0.0,0.0,0,0.0,1.0688836104513064,1.7102137767220904,1.2826603325415677,0.4275534441805226,0.2137767220902613,14.750593824228028,0.4275534441805226,0.0,0.0,0.0,13.46793349168646,6.199524940617577,1.0688836104513064,0.2137767220902613,0.4275534441805226,0.8551068883610452,1.9239904988123513,0.6413301662707839,0.0,0.0,0.0,0.0,0.0
314254,Antonio Raimondo,https://media.api-sports.io/football/players/314254.png,Attacker,F,135,Serie A,512,Frosinone,419,5,5,7.0589498806682585,60.0,65.0,30.612244897959183,0.0,6.0,10.0,6.0,4.0,0.0,40.0,3.0,3.0,1.0,1.0,49.0,15.0,3.0,0.0,5.0,7.0,9.0,2,0,0.0,0.0,0,0.0,1.288782816229117,2.1479713603818613,1.288782816229117,0.8591885441527447,0.0,8.591885441527445,0.6443914081145585,0.6443914081145585,0.21479713603818618,0.21479713603818618,10.525059665871122,3.2219570405727924,0.6443914081145585,0.0,1.0739856801909307,1.503579952267303,1.9331742243436754,0.42959427207637235,0.0,0.0,0.0,0.0,0.0
180496,Georges Mikautadze,https://media.api-sports.io/football/players/180496.png,Attacker,F,140,La Liga,533,Villarreal,419,7,4,6.667541766109784,66.66666666666666,84.78260869565217,32.075471698113205,39.39393939393939,1.0,15.0,10.0,2.0,1.0,138.0,7.0,0.0,0.0,1.0,53.0,17.0,33.0,13.0,4.0,4.0,3.0,0,0,1.0,0.0,1,0.0,0.21479713603818618,3.2219570405727924,2.1479713603818613,0.42959427207637235,0.21479713603818618,29.64200477326969,1.503579952267303,0.0,0.0,0.21479713603818618,11.384248210023866,3.6515513126491648,7.088305489260143,2.79236276849642,0.8591885441527447,0.8591885441527447,0.6443914081145585,0.0,0.0,0.21479713603818618,0.0,0.21479713603818618,0.0
343684,Thierno Barry,https://media.api-sports.io/football/players/343684.png,Attacker,F,39,Premier League,45,Everton,419,5,5,6.58090692124105,35.714285714285715,76.38888888888889,39.130434782608695,57.14285714285714,0.0,14.0,5.0,2.0,0.0,72.0,5.0,1.0,3.0,2.0,69.0,27.0,7.0,4.0,1.0,5.0,3.0,0,0,0.0,0.0,0,0.0,0.0,3.007159904534606,1.0739856801909307,0.42959427207637235,0.0,15.465393794749403,1.0739856801909307,0.21479713603818618,0.6443914081145585,0.42959427207637235,14.821002386634845,5.799522673031027,1.503579952267303,0.8591885441527447,0.21479713603818618,1.0739856801909307,0.6443914081145585,0.0,0.0,0.0,0.0,0.0,0.0
22171,Jean Victor Makengo,https://media.api-sports.io/football/players/22171.png,Attacker,F,61,Ligue 1,97,Lorient,418,5,5,6.870095693779904,28.57142857142857,88.0,56.14035087719298,33.33333333333333,0.0,7.0,2.0,1.0,0.0,175.0,3.0,6.0,2.0,1.0,57.0,32.0,12.0,4.0,3.0,16.0,5.0,1,0,0.0,1.0,0,0.0,0.0,1.507177033492823,0.43062200956937796,0.21531100478468898,0.0,37.67942583732058,0.645933014354067,1.291866028708134,0.43062200956937796,0.21531100478468898,12.272727272727272,6.889952153110047,2.583732057416268,0.8612440191387559,0.645933014354067,3.4449760765550237,1.076555023923445,0.21531100478468898,0.0,0.0,0.21531100478468898,0.0,0.0
2864,Alexander Isak,https://media.api-sports.io/football/players/2864.png,Attacker,F,39,Premier League,40,Liverpool,415,5,5,7.22289156626506,58.333333333333336,82.14285714285714,48.148148148148145,44.44444444444444,4.0,12.0,7.0,4.0,0.0,56.0,3.0,1.0,1.0,1.0,27.0,13.0,9.0,4.0,0.0,3.0,1.0,1,0,0.0,0.0,0,0.0,0.8674698795180724,2.602409638554217,1.5180722891566265,0.8674698795180724,0.0,12.144578313253012,0.6506024096385542,0.2168674698795181,0.2168674698795181,0.2168674698795181,5.855421686746988,2.8192771084337354,1.9518072289156627,0.8674698795180724,0.0,0.6506024096385542,0.2168674698795181,0.2168674698795181,0.0,0.0,0.0,0.0,0.0
57446,Akor Adams,https://media.api-sports.io/football/players/57446.png,Attacker,F,135,Serie A,517,Venezia,413,5,5,6.8961259079903146,50.0,69.23076923076923,44.73684210526316,44.44444444444444,6.0,14.0,7.0,1.0,0.0,65.0,2.0,0.0,0.0,1.0,38.0,17.0,9.0,4.0,2.0,4.0,3.0,0,0,0.0,0.0,0,0.0,1.3075060532687652,3.0508474576271185,1.5254237288135593,0.2179176755447942,0.0,14.164648910411623,0.4358353510895884,0.0,0.0,0.2179176755447942,8.28087167070218,3.7046004842615012,1.9612590799031475,0.8716707021791767,0.4358353510895884,0.8716707021791767,0.6537530266343826,0.0,0.0,0.0,0.0,0.0,0.0
1165,Matheus Cunha,https://media.api-sports.io/football/players/1165.png,Attacker,F,39,Premier League,33,Manchester United,410,5,5,6.59609756097561,40.0,87.02290076335878,34.285714285714285,37.5,0.0,10.0,4.0,1.0,1.0,131.0,8.0,3.0,1.0,1.0,35.0,12.0,8.0,3.0,2.0,6.0,5.0,0,0,1.0,0.0,0,0.0,0.0,2.1951219512195124,0.8780487804878049,0.21951219512195122,0.21951219512195122,28.75609756097561,1.7560975609756098,0.6585365853658537,0.21951219512195122,0.21951219512195122,7.682926829268293,2.6341463414634148,1.7560975609756098,0.6585365853658537,0.43902439024390244,1.3170731707317074,1.0975609756097562,0.0,0.0,0.21951219512195122,0.0,0.0,0.0
574733,Bil Nsongo,https://media.api-sports.io/football/players/574733.png,Attacker,F,140,La Liga,544,Deportivo La Coruna,409,7,6,6.764156479217604,40.0,73.17073170731707,42.22222222222222,45.45454545454545,3.0,5.0,2.0,0.0,0.0,82.0,3.0,9.0,1.0,0.0,90.0,38.0,22.0,10.0,3.0,5.0,7.0,1,0,0.0,0.0,0,0.0,0.6601466992665037,1.1002444987775062,0.4400977995110024,0.0,0.0,18.0440097799511,0.6601466992665037,1.9804400977995111,0.2200488997555012,0.0,19.80440097799511,8.361858190709047,4.841075794621027,2.2004889975550124,0.6601466992665037,1.1002444987775062,1.5403422982885084,0.2200488997555012,0.0,0.0,0.0,0.0,0.0
875,Paulo Dybala,https://media.api-sports.io/football/players/875.png,Attacker,F,135,Serie A,497,AS Roma,407,5,5,8.251842751842752,25.0,84.87394957983193,32.5,30.76923076923077,1.0,16.0,4.0,0.0,4.0,238.0,24.0,4.0,1.0,2.0,40.0,13.0,13.0,4.0,3.0,5.0,2.0,0,0,0.0,0.0,0,0.0,0.22113022113022113,3.538083538083538,0.8845208845208845,0.0,0.8845208845208845,52.62899262899263,5.3071253071253075,0.8845208845208845,0.22113022113022113,0.44226044226044225,8.845208845208845,2.8746928746928746,2.8746928746928746,0.8845208845208845,0.6633906633906634,1.1056511056511056,0.44226044226044225,0.0,0.0,0.0,0.0,0.0,0.0
19625,D. Namaso,https://media.api-sports.io/football/players/19625.png,Midfielder,F,61,Ligue 1,108,Auxerre,406,5,5,7.022266009852217,66.66666666666666,82.25806451612904,46.55172413793103,50.0,1.0,9.0,6.0,1.0,1.0,124.0,7.0,9.0,1.0,1.0,58.0,27.0,12.0,6.0,4.0,5.0,5.0,0,0,1.0,0.0,1,0.0,0.22167487684729065,1.9950738916256159,1.3300492610837438,0.22167487684729065,0.22167487684729065,27.48768472906404,1.5517241379310345,1.9950738916256159,0.22167487684729065,0.22167487684729065,12.857142857142856,5.985221674876848,2.6600985221674875,1.3300492610837438,0.8866995073891626,1.1083743842364533,1.1083743842364533,0.0,0.0,0.22167487684729065,0.0,0.22167487684729065,0.0
38750,Brian Brobbey,https://media.api-sports.io/football/players/38750.png,Attacker,F,39,Premier League,746,Sunderland,401,5,5,7.083790523690773,62.5,77.61194029850746,51.11111111111111,40.0,4.0,8.0,5.0,3.0,0.0,67.0,5.0,0.0,0.0,0.0,45.0,23.0,5.0,2.0,1.0,9.0,8.0,1,0,0.0,0.0,0,0.0,0.8977556109725685,1.795511221945137,1.1221945137157108,0.6733167082294265,0.0,15.037406483790523,1.1221945137157108,0.0,0.0,0.0,10.099750623441397,5.162094763092269,1.1221945137157108,0.44887780548628425,0.22443890274314213,2.0199501246882794,1.795511221945137,0.22443890274314213,0.0,0.0,0.0,0.0,0.0
138787,Anthony Gordon,https://media.api-sports.io/football/players/138787.png,Attacker,F,140,La Liga,529,Barcelona,397,7,5,6.920881612090681,40.0,89.84375,51.28205128205128,60.0,3.0,10.0,4.0,0.0,4.0,128.0,7.0,4.0,0.0,0.0,39.0,20.0,20.0,12.0,4.0,3.0,1.0,0,0,0.0,0.0,0,0.0,0.6801007556675063,2.2670025188916876,0.906801007556675,0.0,0.906801007556675,29.0176322418136,1.5869017632241813,0.906801007556675,0.0,0.0,8.841309823677582,4.534005037783375,4.534005037783375,2.720403022670025,0.906801007556675,0.6801007556675063,0.22670025188916876,0.0,0.0,0.0,0.0,0.0,0.0
327536,Robbie Ure,https://media.api-sports.io/football/players/327536.png,Attacker,F,140,La Liga,536,Sevilla,397,7,5,6.223409090909091,20.0,75.0,27.419354838709676,50.0,3.0,5.0,1.0,0.0,1.0,56.0,4.0,1.0,0.0,0.0,62.0,17.0,2.0,1.0,3.0,12.0,7.0,1,0,1.0,0.0,0,0.0,0.6801007556675063,1.1335012594458438,0.22670025188916876,0.0,0.22670025188916876,12.69521410579345,0.906801007556675,0.22670025188916876,0.0,0.0,14.055415617128464,3.8539042821158693,0.4534005037783375,0.22670025188916876,0.6801007556675063,2.720403022670025,1.5869017632241813,0.22670025188916876,0.0,0.22670025188916876,0.0,0.0,0.0
47294,Iñaki Williams,https://media.api-sports.io/football/players/47294.png,Attacker,F,140,La Liga,531,Athletic Club,392,6,6,6.707908163265306,45.45454545454545,58.490566037735846,41.46341463414634,33.33333333333333,1.0,11.0,5.0,1.0,2.0,53.0,5.0,4.0,2.0,0.0,41.0,17.0,9.0,3.0,2.0,5.0,4.0,0,0,0.0,0.0,0,0.0,0.22959183673469385,2.5255102040816326,1.1479591836734695,0.22959183673469385,0.4591836734693877,12.168367346938776,1.1479591836734695,0.9183673469387754,0.4591836734693877,0.0,9.41326530612245,3.9030612244897958,2.066326530612245,0.6887755102040816,0.4591836734693877,1.1479591836734695,0.9183673469387754,0.0,0.0,0.0,0.0,0.0,0.0
386276,Paris Brunner,https://media.api-sports.io/football/players/386276.png,Attacker,F,61,Ligue 1,91,Monaco,390,5,5,7.8156410256410265,69.23076923076923,73.13432835820896,42.0,23.076923076923077,8.0,13.0,9.0,4.0,0.0,67.0,5.0,6.0,0.0,0.0,50.0,21.0,13.0,3.0,1.0,5.0,5.0,0,0,0.0,0.0,0,0.0,1.8461538461538463,3.0,2.076923076923077,0.9230769230769231,0.0,15.461538461538462,1.1538461538461537,1.3846153846153846,0.0,0.0,11.538461538461537,4.846153846153847,3.0,0.6923076923076923,0.23076923076923078,1.1538461538461537,1.1538461538461537,0.0,0.0,0.0,0.0,0.0,0.0
122734,Ferrán Jutglà,https://media.api-sports.io/football/players/122734.png,Attacker,F,140,La Liga,538,Celta Vigo,388,7,7,6.752422680412371,50.0,76.71232876712328,42.22222222222222,30.0,2.0,6.0,3.0,1.0,0.0,73.0,3.0,1.0,1.0,0.0,45.0,19.0,10.0,3.0,1.0,9.0,6.0,0,0,0.0,0.0,0,0.0,0.4639175257731959,1.3917525773195876,0.6958762886597938,0.23195876288659795,0.0,16.932989690721648,0.6958762886597938,0.23195876288659795,0.23195876288659795,0.0,10.438144329896907,4.407216494845361,2.319587628865979,0.6958762886597938,0.23195876288659795,2.0876288659793816,1.3917525773195876,0.0,0.0,0.0,0.0,0.0,0.0
457101,Yassir Zabiri,https://media.api-sports.io/football/players/457101.png,Attacker,F,140,La Liga,4665,Racing Santander,386,7,4,7.420569948186529,80.0,78.33333333333333,31.818181818181817,80.0,4.0,10.0,8.0,6.0,0.0,60.0,2.0,6.0,1.0,1.0,44.0,14.0,5.0,4.0,4.0,3.0,13.0,4,0,0.0,0.0,0,0.0,0.9326424870466321,2.33160621761658,1.8652849740932642,1.3989637305699483,0.0,13.989637305699482,0.46632124352331605,1.3989637305699483,0.23316062176165803,0.23316062176165803,10.259067357512954,3.264248704663212,1.16580310880829,0.9326424870466321,0.9326424870466321,0.6994818652849741,3.0310880829015545,0.9326424870466321,0.0,0.0,0.0,0.0,0.0
193188,A. El Ouazzani,https://media.api-sports.io/football/players/193188.png,Attacker,F,61,Ligue 1,77,Angers,385,5,5,6.924441558441558,28.57142857142857,73.33333333333333,48.38709677419355,75.0,1.0,7.0,2.0,1.0,2.0,75.0,4.0,4.0,2.0,1.0,62.0,30.0,4.0,3.0,1.0,7.0,5.0,0,0,0.0,0.0,0,0.0,0.23376623376623376,1.6363636363636362,0.4675324675324675,0.23376623376623376,0.4675324675324675,17.532467532467532,0.935064935064935,0.935064935064935,0.4675324675324675,0.23376623376623376,14.493506493506493,7.012987012987013,0.935064935064935,0.7012987012987013,0.23376623376623376,1.6363636363636362,1.168831168831169,0.0,0.0,0.0,0.0,0.0,0.0
20529,Gauthier Hein,https://media.api-sports.io/football/players/20529.png,Midfielder,F,61,Ligue 1,84,Nice,385,5,4,6.874285714285714,33.33333333333333,90.51094890510949,29.03225806451613,37.5,1.0,3.0,1.0,0.0,1.0,274.0,7.0,4.0,0.0,1.0,31.0,9.0,8.0,3.0,4.0,1.0,3.0,0,0,0.0,0.0,0,0.0,0.23376623376623376,0.7012987012987013,0.23376623376623376,0.0,0.23376623376623376,64.05194805194806,1.6363636363636362,0.935064935064935,0.0,0.23376623376623376,7.246753246753246,2.103896103896104,1.87012987012987,0.7012987012987013,0.935064935064935,0.23376623376623376,0.7012987012987013,0.0,0.0,0.0,0.0,0.0,0.0
277191,Abdallah Sima,https://media.api-sports.io/football/players/277191.png,Attacker,F,61,Ligue 1,116,Lens,384,5,5,6.675677083333333,37.5,72.28915662650603,43.47826086956522,60.0,2.0,8.0,3.0,1.0,1.0,83.0,5.0,4.0,1.0,4.0,46.0,20.0,5.0,3.0,2.0,7.0,7.0,0,0,1.0,0.0,0,0.0,0.46875,1.875,0.703125,0.234375,0.234375,19.453125,1.171875,0.9375,0.234375,0.9375,10.78125,4.6875,1.171875,0.703125,0.46875,1.640625,1.640625,0.0,0.0,0.234375,0.0,0.0,0.0
25414,John Yeboah,https://media.api-sports.io/football/players/25414.png,Attacker,F,135,Serie A,517,Venezia,382,5,4,6.957853403141361,50.0,86.71875,43.75,35.0,0.0,10.0,5.0,1.0,0.0,128.0,10.0,9.0,0.0,0.0,48.0,21.0,20.0,7.0,1.0,5.0,3.0,0,0,0.0,1.0,0,1.0,0.0,2.356020942408377,1.1780104712041886,0.23560209424083772,0.0,30.15706806282723,2.356020942408377,2.1204188481675392,0.0,0.0,11.308900523560208,4.947643979057592,4.712041884816754,1.6492146596858637,0.23560209424083772,1.1780104712041886,0.706806282722513,0.0,0.0,0.0,0.23560209424083772,0.0,0.23560209424083772
226803,Sebastian Nanasi,https://media.api-sports.io/football/players/226803.png,Attacker,F,61,Ligue 1,95,Strasbourg,380,5,5,6.87,60.0,87.76978417266187,20.833333333333336,40.0,0.0,5.0,3.0,0.0,2.0,139.0,7.0,2.0,1.0,1.0,24.0,5.0,5.0,2.0,3.0,0.0,3.0,0,0,0.0,0.0,0,0.0,0.0,1.1842105263157894,0.7105263157894737,0.0,0.47368421052631576,32.92105263157895,1.657894736842105,0.47368421052631576,0.23684210526315788,0.23684210526315788,5.684210526315789,1.1842105263157894,1.1842105263157894,0.47368421052631576,0.7105263157894737,0.0,0.7105263157894737,0.0,0.0,0.0,0.0,0.0,0.0
192032,Iván Romero,https://media.api-sports.io/football/players/192032.png,Attacker,F,140,La Liga,539,Levante,379,6,6,6.660290237467018,50.0,74.24242424242425,41.66666666666667,50.0,2.0,14.0,7.0,2.0,0.0,66.0,3.0,7.0,1.0,0.0,60.0,25.0,10.0,5.0,4.0,7.0,4.0,1,0,0.0,0.0,0,0.0,0.47493403693931396,3.324538258575198,1.662269129287599,0.47493403693931396,0.0,15.672823218997362,0.712401055408971,1.662269129287599,0.23746701846965698,0.0,14.24802110817942,5.936675461741425,2.37467018469657,1.187335092348285,0.9498680738786279,1.662269129287599,0.9498680738786279,0.23746701846965698,0.0,0.0,0.0,0.0,0.0
449249,Franco Mastantuono,https://media.api-sports.io/football/players/449249.png,Attacker,F,135,Serie A,502,Fiorentina,377,5,5,7.30026525198939,47.05882352941176,78.68852459016394,34.375,39.130434782608695,0.0,17.0,8.0,3.0,0.0,122.0,10.0,3.0,0.0,3.0,64.0,22.0,23.0,9.0,8.0,9.0,4.0,1,0,0.0,0.0,0,0.0,0.0,4.058355437665782,1.909814323607427,0.7161803713527851,0.0,29.124668435013266,2.387267904509284,0.7161803713527851,0.0,0.7161803713527851,15.278514588859416,5.251989389920425,5.4907161803713525,2.1485411140583555,1.909814323607427,2.1485411140583555,0.9549071618037135,0.23872679045092837,0.0,0.0,0.0,0.0,0.0
163004,E. Lepaul,https://media.api-sports.io/football/players/163004.png,Attacker,F,61,Ligue 1,94,Rennes,376,5,5,6.942978723404257,52.63157894736842,83.11688311688312,37.03703703703704,33.33333333333333,1.0,19.0,10.0,3.0,0.0,77.0,4.0,0.0,1.0,2.0,27.0,10.0,3.0,1.0,2.0,3.0,2.0,1,0,0.0,0.0,1,0.0,0.23936170212765956,4.547872340425531,2.393617021276596,0.7180851063829786,0.0,18.430851063829788,0.9574468085106382,0.0,0.23936170212765956,0.4787234042553191,6.462765957446809,2.393617021276596,0.7180851063829786,0.23936170212765956,0.4787234042553191,0.7180851063829786,0.4787234042553191,0.23936170212765956,0.0,0.0,0.0,0.23936170212765956,0.0
194750,El Bilal Touré,https://media.api-sports.io/football/players/194750.png,Attacker,F,135,Serie A,523,Parma,372,5,5,6.598655913978494,60.0,71.66666666666667,41.30434782608695,40.0,1.0,5.0,3.0,0.0,1.0,60.0,2.0,3.0,3.0,0.0,46.0,19.0,5.0,2.0,0.0,7.0,5.0,0,0,0.0,0.0,0,0.0,0.24193548387096775,1.2096774193548387,0.7258064516129032,0.0,0.24193548387096775,14.516129032258064,0.4838709677419355,0.7258064516129032,0.7258064516129032,0.0,11.129032258064516,4.596774193548387,1.2096774193548387,0.4838709677419355,0.0,1.6935483870967742,1.2096774193548387,0.0,0.0,0.0,0.0,0.0,0.0
6662,Santiago Pierotti,https://media.api-sports.io/football/players/6662.png,Attacker,F,135,Serie A,867,Lecce,370,5,4,6.416756756756756,66.66666666666666,81.0,43.103448275862064,38.46153846153847,1.0,3.0,2.0,0.0,0.0,100.0,2.0,12.0,1.0,2.0,58.0,25.0,13.0,5.0,6.0,1.0,9.0,0,0,0.0,0.0,0,0.0,0.24324324324324326,0.7297297297297298,0.4864864864864865,0.0,0.0,24.324324324324326,0.4864864864864865,2.9189189189189193,0.24324324324324326,0.4864864864864865,14.108108108108109,6.081081081081082,3.1621621621621623,1.2162162162162162,1.4594594594594597,0.24324324324324326,2.1891891891891895,0.0,0.0,0.0,0.0,0.0,0.0
288006,Rasmus Højlund,https://media.api-sports.io/football/players/288006.png,Attacker,F,135,Serie A,492,Napoli,363,5,5,6.6115702479338845,66.66666666666666,64.28571428571429,25.0,12.5,4.0,6.0,4.0,2.0,0.0,42.0,1.0,0.0,0.0,0.0,36.0,9.0,8.0,1.0,1.0,2.0,3.0,0,0,0.0,0.0,0,0.0,0.9917355371900827,1.487603305785124,0.9917355371900827,0.49586776859504134,0.0,10.413223140495868,0.24793388429752067,0.0,0.0,0.0,8.925619834710744,2.231404958677686,1.9834710743801653,0.24793388429752067,0.24793388429752067,0.49586776859504134,0.743801652892562,0.0,0.0,0.0,0.0,0.0,0.0
626704,Paul Mendy,https://media.api-sports.io/football/players/626704.png,Attacker,F,135,Serie A,490,Cagliari,361,5,5,6.433795013850415,42.857142857142854,77.96610169491525,38.46153846153847,66.66666666666666,7.0,7.0,3.0,1.0,0.0,59.0,3.0,5.0,1.0,0.0,52.0,20.0,3.0,2.0,0.0,5.0,9.0,0,0,0.0,0.0,0,0.0,1.745152354570637,1.745152354570637,0.7479224376731303,0.24930747922437674,0.0,14.709141274238227,0.7479224376731303,1.2465373961218835,0.24930747922437674,0.0,12.96398891966759,4.986149584487534,0.7479224376731303,0.4986149584487535,0.0,1.2465373961218835,2.243767313019391,0.0,0.0,0.0,0.0,0.0,0.0
10329,João Pedro,https://media.api-sports.io/football/players/10329.png,Attacker,F,39,Premier League,49,Chelsea,360,4,4,7.6425,50.0,66.66666666666666,55.73770491803278,70.0,0.0,8.0,4.0,3.0,3.0,84.0,7.0,1.0,0.0,0.0,61.0,34.0,10.0,7.0,2.0,12.0,5.0,1,0,0.0,0.0,0,0.0,0.0,2.0,1.0,0.75,0.75,21.0,1.75,0.25,0.0,0.0,15.25,8.5,2.5,1.75,0.5,3.0,1.25,0.25,0.0,0.0,0.0,0.0,0.0
26171,Phillip Tietz,https://media.api-sports.io/football/players/26171.png,Attacker,F,78,Bundesliga,164,FSV Mainz 05,360,4,4,7.33,43.75,62.745098039215684,44.11764705882353,60.0,1.0,16.0,7.0,4.0,0.0,102.0,4.0,1.0,4.0,1.0,68.0,30.0,5.0,3.0,0.0,5.0,9.0,0,0,0.0,1.0,0,0.0,0.25,4.0,1.75,1.0,0.0,25.5,1.0,0.25,1.0,0.25,17.0,7.5,1.25,0.75,0.0,1.25,2.25,0.0,0.0,0.0,0.25,0.0,0.0
30440,Roberto Piccoli,https://media.api-sports.io/football/players/30440.png,Attacker,F,135,Serie A,500,Bologna,358,5,5,6.65195530726257,25.0,80.0,34.78260869565217,50.0,1.0,8.0,2.0,1.0,0.0,40.0,3.0,1.0,0.0,2.0,46.0,16.0,6.0,3.0,2.0,9.0,7.0,1,0,0.0,0.0,0,0.0,0.25139664804469275,2.011173184357542,0.5027932960893855,0.25139664804469275,0.0,10.055865921787708,0.7541899441340782,0.25139664804469275,0.0,0.5027932960893855,11.564245810055866,4.022346368715084,1.5083798882681565,0.7541899441340782,0.5027932960893855,2.2625698324022347,1.7597765363128492,0.25139664804469275,0.0,0.0,0.0,0.0,0.0
146751,Raúl García de Haro,https://media.api-sports.io/football/players/146751.png,Attacker,F,140,La Liga,727,Osasuna,357,7,4,6.753081232492997,55.55555555555556,78.75,46.51162790697674,25.0,3.0,9.0,5.0,0.0,1.0,80.0,2.0,1.0,0.0,0.0,43.0,20.0,12.0,3.0,1.0,8.0,3.0,1,0,0.0,0.0,0,0.0,0.7563025210084033,2.26890756302521,1.2605042016806722,0.0,0.25210084033613445,20.168067226890756,0.5042016806722689,0.25210084033613445,0.0,0.0,10.840336134453782,5.042016806722689,3.0252100840336134,0.7563025210084033,0.25210084033613445,2.0168067226890756,0.7563025210084033,0.25210084033613445,0.0,0.0,0.0,0.0,0.0
392482,C. Kostoulas,https://media.api-sports.io/football/players/392482.png,Attacker,F,39,Premier League,51,Brighton,356,5,5,7.180674157303371,45.45454545454545,73.75,41.81818181818181,41.66666666666667,4.0,11.0,5.0,2.0,1.0,80.0,2.0,4.0,0.0,0.0,55.0,23.0,12.0,5.0,1.0,6.0,5.0,1,0,0.0,0.0,0,0.0,1.0112359550561798,2.7808988764044944,1.2640449438202246,0.5056179775280899,0.25280898876404495,20.224719101123593,0.5056179775280899,1.0112359550561798,0.0,0.0,13.90449438202247,5.8146067415730345,3.033707865168539,1.2640449438202246,0.25280898876404495,1.5168539325842696,1.2640449438202246,0.25280898876404495,0.0,0.0,0.0,0.0,0.0
147859,Charles De Ketelaere,https://media.api-sports.io/football/players/147859.png,Midfielder,F,135,Serie A,499,Atalanta,355,5,4,7.128169014084507,,75.177304964539,47.91666666666667,43.75,1.0,0.0,0.0,0.0,1.0,141.0,10.0,5.0,1.0,2.0,48.0,23.0,16.0,7.0,4.0,5.0,3.0,0,0,0.0,0.0,0,0.0,0.2535211267605634,0.0,0.0,0.0,0.2535211267605634,35.74647887323944,2.535211267605634,1.267605633802817,0.2535211267605634,0.5070422535211268,12.16901408450704,5.830985915492957,4.056338028169014,1.7746478873239437,1.0140845070422535,1.267605633802817,0.76056338028169,0.0,0.0,0.0,0.0,0.0,0.0
292172,Mateo Pellegrino,https://media.api-sports.io/football/players/292172.png,Attacker,F,135,Serie A,502,Fiorentina,352,5,4,6.854545454545455,40.0,67.14285714285714,43.859649122807014,50.0,1.0,5.0,2.0,2.0,0.0,70.0,6.0,1.0,1.0,0.0,57.0,25.0,8.0,4.0,1.0,9.0,3.0,1,0,0.0,0.0,0,0.0,0.2556818181818182,1.2784090909090908,0.5113636363636364,0.5113636363636364,0.0,17.897727272727273,1.534090909090909,0.2556818181818182,0.2556818181818182,0.0,14.573863636363637,6.392045454545455,2.0454545454545454,1.0227272727272727,0.2556818181818182,2.3011363636363638,0.7670454545454545,0.2556818181818182,0.0,0.0,0.0,0.0,0.0
18906,Ayoze Pérez,https://media.api-sports.io/football/players/18906.png,Attacker,F,140,La Liga,533,Villarreal,351,7,5,6.722507122507122,70.0,76.59574468085107,40.0,22.22222222222222,0.0,10.0,7.0,1.0,2.0,94.0,6.0,5.0,0.0,1.0,45.0,18.0,9.0,2.0,3.0,10.0,5.0,0,0,0.0,0.0,0,0.0,0.0,2.5641025641025643,1.794871794871795,0.25641025641025644,0.5128205128205129,24.102564102564102,1.5384615384615385,1.2820512820512822,0.0,0.25641025641025644,11.538461538461537,4.615384615384615,2.3076923076923075,0.5128205128205129,0.7692307692307693,2.5641025641025643,1.2820512820512822,0.0,0.0,0.0,0.0,0.0,0.0
30414,Giovanni Simeone,https://media.api-sports.io/football/players/30414.png,Attacker,F,135,Serie A,503,Torino,349,5,4,6.469627507163324,14.285714285714285,58.82352941176471,49.01960784313725,25.0,1.0,7.0,1.0,0.0,0.0,68.0,1.0,3.0,0.0,1.0,51.0,25.0,4.0,1.0,0.0,9.0,2.0,0,0,0.0,0.0,0,0.0,0.25787965616045844,1.8051575931232093,0.25787965616045844,0.0,0.0,17.535816618911173,0.25787965616045844,0.7736389684813754,0.0,0.25787965616045844,13.151862464183383,6.446991404011461,1.0315186246418337,0.25787965616045844,0.0,2.3209169054441263,0.5157593123209169,0.0,0.0,0.0,0.0,0.0,0.0
47181,Toni Martínez,https://media.api-sports.io/football/players/47181.png,Attacker,F,140,La Liga,542,Alaves,349,6,5,6.5479369627507165,0.0,56.86274509803921,53.2258064516129,0.0,4.0,11.0,0.0,0.0,0.0,51.0,5.0,4.0,2.0,0.0,62.0,33.0,5.0,0.0,3.0,11.0,4.0,0,0,0.0,0.0,0,0.0,1.0315186246418337,2.836676217765043,0.0,0.0,0.0,13.151862464183383,1.2893982808022924,1.0315186246418337,0.5157593123209169,0.0,15.988538681948425,8.51002865329513,1.2893982808022924,0.0,0.7736389684813754,2.836676217765043,1.0315186246418337,0.0,0.0,0.0,0.0,0.0,0.0
249,Donyell Malen,https://media.api-sports.io/football/players/249.png,Attacker,F,135,Serie A,497,AS Roma,345,5,5,7.834782608695652,62.5,84.50704225352112,58.620689655172406,66.66666666666666,6.0,16.0,10.0,6.0,0.0,71.0,7.0,1.0,0.0,2.0,29.0,17.0,15.0,10.0,1.0,5.0,3.0,1,0,0.0,0.0,0,0.0,1.565217391304348,4.173913043478261,2.608695652173913,1.565217391304348,0.0,18.52173913043478,1.826086956521739,0.2608695652173913,0.0,0.5217391304347826,7.565217391304348,4.434782608695652,3.9130434782608696,2.608695652173913,0.2608695652173913,1.3043478260869565,0.782608695652174,0.2608695652173913,0.0,0.0,0.0,0.0,0.0
314511,A. Nusa,https://media.api-sports.io/football/players/314511.png,Attacker,F,78,Bundesliga,173,RB Leipzig,342,4,4,7.597368421052632,50.0,77.96610169491525,55.319148936170215,57.14285714285714,0.0,10.0,5.0,2.0,2.0,118.0,7.0,5.0,1.0,1.0,47.0,26.0,21.0,12.0,1.0,9.0,2.0,2,0,0.0,0.0,0,0.0,0.0,2.631578947368421,1.3157894736842104,0.5263157894736842,0.5263157894736842,31.052631578947366,1.8421052631578947,1.3157894736842104,0.2631578947368421,0.2631578947368421,12.368421052631579,6.842105263157895,5.526315789473684,3.1578947368421053,0.2631578947368421,2.3684210526315788,0.5263157894736842,0.5263157894736842,0.0,0.0,0.0,0.0,0.0
203428,Jacen Russell Rowe,https://media.api-sports.io/football/players/203428.png,Attacker,F,61,Ligue 1,96,Toulouse,342,5,4,6.701754385964913,55.55555555555556,84.21052631578947,20.0,37.5,1.0,9.0,5.0,1.0,0.0,76.0,2.0,1.0,2.0,1.0,35.0,7.0,8.0,3.0,3.0,1.0,5.0,0,0,0.0,0.0,0,0.0,0.2631578947368421,2.3684210526315788,1.3157894736842104,0.2631578947368421,0.0,20.0,0.5263157894736842,0.2631578947368421,0.5263157894736842,0.2631578947368421,9.210526315789473,1.8421052631578947,2.1052631578947367,0.7894736842105263,0.7894736842105263,0.2631578947368421,1.3157894736842104,0.0,0.0,0.0,0.0,0.0,0.0
81573,Omar Marmoush,https://media.api-sports.io/football/players/81573.png,Attacker,F,39,Premier League,47,Tottenham,341,5,4,6.6702346041055725,20.0,94.02985074626866,37.5,70.58823529411765,2.0,5.0,1.0,0.0,0.0,67.0,4.0,2.0,1.0,0.0,48.0,18.0,17.0,12.0,2.0,4.0,8.0,0,0,0.0,0.0,0,0.0,0.5278592375366569,1.3196480938416424,0.26392961876832843,0.0,0.0,17.683284457478006,1.0557184750733137,0.5278592375366569,0.26392961876832843,0.0,12.668621700879767,4.750733137829912,4.486803519061583,3.1671554252199416,0.5278592375366569,1.0557184750733137,2.1114369501466275,0.0,0.0,0.0,0.0,0.0,0.0
21393,S. Guirassy,https://media.api-sports.io/football/players/21393.png,Attacker,F,78,Bundesliga,165,Borussia Dortmund,341,4,4,7.515542521994136,63.63636363636363,72.72727272727273,40.909090909090914,33.33333333333333,4.0,11.0,7.0,2.0,2.0,99.0,7.0,0.0,2.0,0.0,44.0,18.0,3.0,1.0,0.0,7.0,8.0,0,0,0.0,0.0,0,0.0,1.0557184750733137,2.903225806451613,1.847507331378299,0.5278592375366569,0.5278592375366569,26.12903225806452,1.847507331378299,0.0,0.5278592375366569,0.0,11.612903225806452,4.750733137829912,0.7917888563049854,0.26392961876832843,0.0,1.847507331378299,2.1114369501466275,0.0,0.0,0.0,0.0,0.0,0.0
340547,Gustavo Varela,https://media.api-sports.io/football/players/340547.png,Attacker,F,135,Serie A,1579,Monza,338,4,4,7.373076923076923,55.55555555555556,77.96610169491525,21.052631578947366,27.27272727272727,4.0,9.0,5.0,4.0,0.0,59.0,6.0,0.0,0.0,0.0,38.0,8.0,11.0,3.0,1.0,1.0,5.0,1,0,0.0,0.0,1,0.0,1.0650887573964496,2.396449704142012,1.331360946745562,1.0650887573964496,0.0,15.710059171597633,1.5976331360946745,0.0,0.0,0.0,10.118343195266272,2.130177514792899,2.9289940828402368,0.7988165680473372,0.2662721893491124,0.2662721893491124,1.331360946745562,0.2662721893491124,0.0,0.0,0.0,0.2662721893491124,0.0
263177,A. Grønbæk,https://media.api-sports.io/football/players/263177.png,Midfielder,F,78,Bundesliga,175,Hamburger SV,337,4,4,6.819109792284866,66.66666666666666,76.63551401869158,47.91666666666667,45.45454545454545,0.0,3.0,2.0,0.0,2.0,107.0,6.0,7.0,1.0,1.0,48.0,23.0,11.0,5.0,1.0,10.0,3.0,1,0,0.0,0.0,0,0.0,0.0,0.8011869436201781,0.5341246290801187,0.0,0.5341246290801187,28.575667655786354,1.6023738872403561,1.8694362017804154,0.26706231454005935,0.26706231454005935,12.818991097922849,6.142433234421365,2.937685459940653,1.3353115727002969,0.26706231454005935,2.6706231454005938,0.8011869436201781,0.26706231454005935,0.0,0.0,0.0,0.0,0.0
219,Matteo Politano,https://media.api-sports.io/football/players/219.png,Attacker,F,135,Serie A,492,Napoli,337,5,5,6.956083086053412,100.0,86.29032258064517,44.0,66.66666666666666,1.0,2.0,2.0,1.0,1.0,124.0,6.0,4.0,0.0,1.0,25.0,11.0,3.0,2.0,5.0,4.0,3.0,1,0,0.0,0.0,0,0.0,0.26706231454005935,0.5341246290801187,0.5341246290801187,0.26706231454005935,0.26706231454005935,33.11572700296736,1.6023738872403561,1.0682492581602374,0.0,0.26706231454005935,6.6765578635014835,2.937685459940653,0.8011869436201781,0.5341246290801187,1.3353115727002969,1.0682492581602374,0.8011869436201781,0.26706231454005935,0.0,0.0,0.0,0.0,0.0
86,L. Openda,https://media.api-sports.io/football/players/86.png,Attacker,F,61,Ligue 1,80,Lyon,334,5,4,6.890149700598802,50.0,74.24242424242425,58.620689655172406,42.857142857142854,4.0,12.0,6.0,1.0,1.0,66.0,4.0,2.0,0.0,0.0,29.0,17.0,7.0,3.0,0.0,9.0,4.0,1,0,0.0,0.0,0,0.0,1.0778443113772456,3.2335329341317363,1.6167664670658681,0.2694610778443114,0.2694610778443114,17.78443113772455,1.0778443113772456,0.5389221556886228,0.0,0.0,7.81437125748503,4.580838323353293,1.8862275449101795,0.8083832335329341,0.0,2.4251497005988023,1.0778443113772456,0.2694610778443114,0.0,0.0,0.0,0.0,0.0
483118,Gabin Bernardeau,https://media.api-sports.io/football/players/483118.png,Attacker,F,61,Ligue 1,97,Lorient,333,5,5,6.6609009009009,33.33333333333333,63.26530612244898,50.0,42.857142857142854,0.0,3.0,1.0,0.0,0.0,98.0,3.0,5.0,0.0,1.0,38.0,19.0,7.0,3.0,2.0,8.0,3.0,0,0,0.0,0.0,0,0.0,0.0,0.8108108108108109,0.2702702702702703,0.0,0.0,26.486486486486484,0.8108108108108109,1.3513513513513513,0.0,0.2702702702702703,10.27027027027027,5.135135135135135,1.891891891891892,0.8108108108108109,0.5405405405405406,2.1621621621621623,0.8108108108108109,0.0,0.0,0.0,0.0,0.0,0.0
202696,I. Matanović,https://media.api-sports.io/football/players/202696.png,Attacker,F,78,Bundesliga,160,SC Freiburg,324,4,4,8.037901234567903,81.81818181818183,61.53846153846154,54.09836065573771,69.23076923076923,1.0,11.0,9.0,3.0,1.0,65.0,4.0,2.0,1.0,1.0,61.0,33.0,13.0,9.0,1.0,7.0,3.0,0,0,0.0,0.0,0,0.0,0.2777777777777778,3.0555555555555554,2.5,0.8333333333333333,0.2777777777777778,18.055555555555557,1.1111111111111112,0.5555555555555556,0.2777777777777778,0.2777777777777778,16.944444444444446,9.166666666666666,3.6111111111111107,2.5,0.2777777777777778,1.9444444444444444,0.8333333333333333,0.0,0.0,0.0,0.0,0.0,0.0
288769,Tommaso Baldanzi,https://media.api-sports.io/football/players/288769.png,Midfielder,F,135,Serie A,495,Genoa,324,5,5,6.579629629629629,33.33333333333333,85.83333333333333,45.45454545454545,25.0,1.0,3.0,1.0,0.0,0.0,120.0,3.0,5.0,0.0,1.0,22.0,10.0,4.0,1.0,1.0,1.0,4.0,0,0,0.0,0.0,0,0.0,0.2777777777777778,0.8333333333333333,0.2777777777777778,0.0,0.0,33.33333333333333,0.8333333333333333,1.3888888888888888,0.0,0.2777777777777778,6.111111111111111,2.7777777777777777,1.1111111111111112,0.2777777777777778,0.2777777777777778,0.2777777777777778,1.1111111111111112,0.0,0.0,0.0,0.0,0.0,0.0
217,Lautaro Martínez,https://media.api-sports.io/football/players/217.png,Attacker,F,135,Serie A,505,Inter,323,5,4,7.641486068111455,37.5,79.24528301886792,44.11764705882353,25.0,3.0,16.0,6.0,4.0,0.0,106.0,6.0,6.0,0.0,2.0,34.0,15.0,8.0,2.0,1.0,4.0,4.0,2,0,0.0,0.0,0,0.0,0.8359133126934984,4.458204334365325,1.671826625386997,1.1145510835913313,0.0,29.53560371517028,1.671826625386997,1.671826625386997,0.0,0.5572755417956656,9.473684210526315,4.179566563467493,2.2291021671826625,0.5572755417956656,0.2786377708978328,1.1145510835913313,1.1145510835913313,0.5572755417956656,0.0,0.0,0.0,0.0,0.0
760,Mariano Díaz,https://media.api-sports.io/football/players/760.png,Attacker,F,140,La Liga,542,Alaves,323,7,3,7.152383900928793,100.0,72.0,35.55555555555556,41.66666666666667,8.0,8.0,8.0,3.0,3.0,50.0,3.0,1.0,1.0,0.0,45.0,16.0,12.0,5.0,2.0,2.0,4.0,2,0,0.0,0.0,0,0.0,2.2291021671826625,2.2291021671826625,2.2291021671826625,0.8359133126934984,0.8359133126934984,13.931888544891642,0.8359133126934984,0.2786377708978328,0.2786377708978328,0.0,12.538699690402476,4.458204334365325,3.343653250773994,1.3931888544891642,0.5572755417956656,0.5572755417956656,1.1145510835913313,0.5572755417956656,0.0,0.0,0.0,0.0,0.0
26845,Anastasios Douvikas,https://media.api-sports.io/football/players/26845.png,Attacker,F,135,Serie A,895,Como,321,5,4,6.874766355140188,80.0,70.83333333333334,48.717948717948715,50.0,2.0,10.0,8.0,2.0,0.0,48.0,5.0,1.0,0.0,0.0,39.0,19.0,4.0,2.0,2.0,9.0,2.0,0,0,0.0,0.0,0,0.0,0.5607476635514018,2.803738317757009,2.2429906542056073,0.5607476635514018,0.0,13.457943925233645,1.4018691588785046,0.2803738317757009,0.0,0.0,10.934579439252337,5.327102803738318,1.1214953271028036,0.5607476635514018,0.5607476635514018,2.5233644859813085,0.5607476635514018,0.0,0.0,0.0,0.0,0.0,0.0
48648,Dan Ndoye,https://media.api-sports.io/football/players/48648.png,Attacker,F,39,Premier League,65,Nottingham Forest,321,5,5,6.569937694704049,20.0,72.0,35.13513513513514,33.33333333333333,2.0,10.0,2.0,1.0,0.0,50.0,5.0,2.0,2.0,1.0,37.0,13.0,9.0,3.0,3.0,6.0,8.0,1,0,0.0,0.0,0,0.0,0.5607476635514018,2.803738317757009,0.5607476635514018,0.2803738317757009,0.0,14.018691588785046,1.4018691588785046,0.5607476635514018,0.5607476635514018,0.2803738317757009,10.373831775700934,3.644859813084112,2.5233644859813085,0.8411214953271028,0.8411214953271028,1.6822429906542056,2.2429906542056073,0.2803738317757009,0.0,0.0,0.0,0.0,0.0
321648,Emersonn,https://media.api-sports.io/football/players/321648.png,Attacker,F,39,Premier League,57,Ipswich,321,5,5,7.122710280373831,50.0,71.05263157894737,41.86046511627907,60.0,2.0,8.0,4.0,2.0,1.0,38.0,4.0,3.0,0.0,0.0,43.0,18.0,5.0,3.0,3.0,5.0,1.0,0,0,0.0,0.0,0,0.0,0.5607476635514018,2.2429906542056073,1.1214953271028036,0.5607476635514018,0.2803738317757009,10.654205607476635,1.1214953271028036,0.8411214953271028,0.0,0.0,12.056074766355138,5.046728971962617,1.4018691588785046,0.8411214953271028,0.8411214953271028,1.4018691588785046,0.2803738317757009,0.0,0.0,0.0,0.0,0.0,0.0
263481,Lorenzo Colombo,https://media.api-sports.io/football/players/263481.png,Attacker,F,135,Serie A,495,Genoa,321,5,4,6.331775700934579,25.0,69.23076923076923,26.53061224489796,50.0,3.0,4.0,1.0,0.0,2.0,52.0,6.0,3.0,2.0,1.0,49.0,13.0,4.0,2.0,1.0,6.0,8.0,0,0,0.0,0.0,0,1.0,0.8411214953271028,1.1214953271028036,0.2803738317757009,0.0,0.5607476635514018,14.579439252336448,1.6822429906542056,0.8411214953271028,0.5607476635514018,0.2803738317757009,13.738317757009344,3.644859813084112,1.1214953271028036,0.5607476635514018,0.2803738317757009,1.6822429906542056,2.2429906542056073,0.0,0.0,0.0,0.0,0.0,0.2803738317757009
25926,J. Burkardt,https://media.api-sports.io/football/players/25926.png,Attacker,F,78,Bundesliga,169,Eintracht Frankfurt,319,4,4,7.716018808777429,50.0,82.89473684210526,38.46153846153847,50.0,2.0,8.0,4.0,3.0,1.0,76.0,6.0,1.0,1.0,3.0,39.0,15.0,6.0,3.0,0.0,5.0,1.0,0,0,0.0,0.0,0,0.0,0.5642633228840125,2.25705329153605,1.128526645768025,0.8463949843260189,0.28213166144200624,21.442006269592476,1.6927899686520378,0.28213166144200624,0.28213166144200624,0.8463949843260189,11.003134796238244,4.231974921630094,1.6927899686520378,0.8463949843260189,0.0,1.4106583072100312,0.28213166144200624,0.0,0.0,0.0,0.0,0.0,0.0
483670,Simone Lontani,https://media.api-sports.io/football/players/483670.png,Attacker,F,135,Serie A,523,Parma,319,5,4,6.716300940438871,40.0,69.73684210526315,44.18604651162791,54.54545454545454,1.0,5.0,2.0,1.0,0.0,76.0,1.0,5.0,0.0,3.0,43.0,19.0,11.0,6.0,5.0,7.0,2.0,0,0,0.0,0.0,0,0.0,0.28213166144200624,1.4106583072100312,0.5642633228840125,0.28213166144200624,0.0,21.442006269592476,0.28213166144200624,1.4106583072100312,0.0,0.8463949843260189,12.131661442006271,5.360501567398119,3.103448275862069,1.6927899686520378,1.4106583072100312,1.974921630094044,0.5642633228840125,0.0,0.0,0.0,0.0,0.0,0.0
61774,Orri Óskarsson,https://media.api-sports.io/football/players/61774.png,Attacker,F,140,La Liga,548,Real Sociedad,318,7,5,6.613113207547171,66.66666666666666,60.65573770491803,34.883720930232556,25.0,0.0,6.0,4.0,1.0,0.0,61.0,2.0,0.0,3.0,0.0,43.0,15.0,4.0,1.0,2.0,4.0,8.0,2,1,0.0,0.0,0,0.0,0.0,1.6981132075471697,1.1320754716981132,0.2830188679245283,0.0,17.264150943396228,0.5660377358490566,0.0,0.8490566037735848,0.0,12.169811320754716,4.245283018867925,1.1320754716981132,0.2830188679245283,0.5660377358490566,1.1320754716981132,2.2641509433962264,0.5660377358490566,0.2830188679245283,0.0,0.0,0.0,0.0
350047,D. Mokwa,https://media.api-sports.io/football/players/350047.png,Attacker,F,78,Bundesliga,1660,SV Elversberg,312,4,4,6.956762820512822,50.0,73.68421052631578,40.74074074074074,66.66666666666666,1.0,4.0,2.0,2.0,0.0,38.0,3.0,2.0,0.0,1.0,27.0,11.0,9.0,6.0,0.0,3.0,4.0,0,0,0.0,0.0,0,0.0,0.28846153846153844,1.1538461538461537,0.5769230769230769,0.5769230769230769,0.0,10.961538461538462,0.8653846153846154,0.5769230769230769,0.0,0.28846153846153844,7.788461538461538,3.173076923076923,2.5961538461538463,1.7307692307692308,0.0,0.8653846153846154,1.1538461538461537,0.0,0.0,0.0,0.0,0.0,0.0
184226,Yéremy Pino,https://media.api-sports.io/football/players/184226.png,Midfielder,F,39,Premier League,52,Crystal Palace,311,5,4,6.900868167202573,20.0,78.03030303030303,53.333333333333336,40.0,2.0,5.0,1.0,0.0,0.0,132.0,5.0,5.0,1.0,1.0,30.0,16.0,5.0,2.0,0.0,7.0,5.0,1,0,0.0,0.0,0,0.0,0.5787781350482315,1.4469453376205788,0.28938906752411575,0.0,0.0,38.19935691318328,1.4469453376205788,1.4469453376205788,0.28938906752411575,0.28938906752411575,8.681672025723472,4.630225080385852,1.4469453376205788,0.5787781350482315,0.0,2.0257234726688105,1.4469453376205788,0.28938906752411575,0.0,0.0,0.0,0.0,0.0
269163,Williot Swedberg,https://media.api-sports.io/football/players/269163.png,Midfielder,F,140,La Liga,538,Celta Vigo,310,7,6,6.472645161290323,100.0,72.97297297297297,52.27272727272727,40.0,0.0,3.0,3.0,0.0,0.0,74.0,3.0,9.0,0.0,2.0,44.0,23.0,5.0,2.0,3.0,11.0,5.0,0,0,0.0,0.0,0,0.0,0.0,0.8709677419354839,0.8709677419354839,0.0,0.0,21.483870967741936,0.8709677419354839,2.6129032258064515,0.0,0.5806451612903226,12.774193548387096,6.677419354838709,1.4516129032258065,0.5806451612903226,0.8709677419354839,3.193548387096774,1.4516129032258065,0.0,0.0,0.0,0.0,0.0,0.0
178106,M. Pieringer,https://media.api-sports.io/football/players/178106.png,Attacker,F,78,Bundesliga,185,SC Paderborn 07,306,4,4,6.209313725490197,33.33333333333333,83.54430379746836,24.390243902439025,0.0,2.0,3.0,1.0,0.0,0.0,79.0,4.0,2.0,0.0,1.0,41.0,10.0,3.0,0.0,1.0,3.0,9.0,0,0,0.0,0.0,0,0.0,0.5882352941176471,0.8823529411764706,0.29411764705882354,0.0,0.0,23.23529411764706,1.1764705882352942,0.5882352941176471,0.0,0.29411764705882354,12.058823529411764,2.9411764705882355,0.8823529411764706,0.0,0.29411764705882354,0.8823529411764706,2.6470588235294117,0.0,0.0,0.0,0.0,0.0,0.0
25391,N. Füllkrug,https://media.api-sports.io/football/players/25391.png,Attacker,F,78,Bundesliga,162,Werder Bremen,306,4,4,7.60359477124183,70.0,71.57894736842105,47.72727272727273,0.0,5.0,10.0,7.0,3.0,0.0,95.0,6.0,6.0,0.0,0.0,44.0,21.0,3.0,0.0,0.0,3.0,10.0,0,0,0.0,0.0,0,0.0,1.4705882352941178,2.9411764705882355,2.0588235294117645,0.8823529411764706,0.0,27.941176470588236,1.7647058823529411,1.7647058823529411,0.0,0.0,12.941176470588234,6.176470588235294,0.8823529411764706,0.0,0.0,0.8823529411764706,2.9411764705882355,0.0,0.0,0.0,0.0,0.0,0.0
48389,Noah Okafor,https://media.api-sports.io/football/players/48389.png,Attacker,F,39,Premier League,63,Leeds,303,5,4,7.127722772277227,50.0,75.92592592592592,55.10204081632652,48.0,0.0,2.0,1.0,1.0,0.0,57.0,2.0,7.0,0.0,1.0,49.0,27.0,25.0,12.0,2.0,5.0,2.0,0,0,0.0,0.0,0,0.0,0.0,0.594059405940594,0.297029702970297,0.297029702970297,0.0,16.93069306930693,0.594059405940594,2.0792079207920793,0.0,0.297029702970297,14.554455445544553,8.01980198019802,7.425742574257425,3.5643564356435644,0.594059405940594,1.485148514851485,0.594059405940594,0.0,0.0,0.0,0.0,0.0,0.0
561010,Jacobo Ortega,https://media.api-sports.io/football/players/561010.png,Attacker,F,61,Ligue 1,95,Strasbourg,302,5,4,6.80543046357616,80.0,61.40350877192983,35.13513513513514,25.0,1.0,5.0,4.0,1.0,1.0,57.0,4.0,2.0,1.0,0.0,37.0,13.0,4.0,1.0,1.0,2.0,8.0,0,0,0.0,0.0,0,0.0,0.2980132450331126,1.490066225165563,1.1920529801324504,0.2980132450331126,0.2980132450331126,16.986754966887418,1.1920529801324504,0.5960264900662252,0.2980132450331126,0.0,11.026490066225165,3.8741721854304636,1.1920529801324504,0.2980132450331126,0.2980132450331126,0.5960264900662252,2.384105960264901,0.0,0.0,0.0,0.0,0.0,0.0
343027,D. Doué,https://media.api-sports.io/football/players/343027.png,Attacker,F,61,Ligue 1,85,Paris Saint Germain,301,5,5,7.162591362126246,40.0,83.51063829787235,58.82352941176471,100.0,4.0,10.0,4.0,0.0,1.0,188.0,10.0,9.0,2.0,2.0,51.0,30.0,10.0,10.0,6.0,10.0,4.0,0,0,0.0,0.0,0,0.0,1.196013289036545,2.990033222591362,1.196013289036545,0.0,0.29900332225913623,56.21262458471761,2.990033222591362,2.691029900332226,0.5980066445182725,0.5980066445182725,15.249169435215947,8.970099667774086,2.990033222591362,2.990033222591362,1.7940199335548173,2.990033222591362,1.196013289036545,0.0,0.0,0.0,0.0,0.0,0.0
2032,Jørgen Strand Larsen,https://media.api-sports.io/football/players/2032.png,Attacker,F,39,Premier League,52,Crystal Palace,301,5,3,7.039800664451827,66.66666666666666,73.07692307692307,40.476190476190474,50.0,1.0,6.0,4.0,1.0,0.0,52.0,2.0,2.0,3.0,0.0,42.0,17.0,4.0,2.0,0.0,3.0,4.0,0,0,0.0,0.0,0,0.0,0.29900332225913623,1.7940199335548173,1.196013289036545,0.29900332225913623,0.0,15.548172757475083,0.5980066445182725,0.5980066445182725,0.8970099667774086,0.0,12.55813953488372,5.083056478405315,1.196013289036545,0.5980066445182725,0.0,0.8970099667774086,1.196013289036545,0.0,0.0,0.0,0.0,0.0,0.0
126690,Kieron Bowie,https://media.api-sports.io/football/players/126690.png,Attacker,F,135,Serie A,488,Sassuolo,300,5,3,6.642666666666667,42.857142857142854,81.48148148148148,47.82608695652174,0.0,1.0,7.0,3.0,1.0,0.0,54.0,8.0,3.0,0.0,1.0,23.0,11.0,1.0,0.0,2.0,6.0,4.0,0,0,0.0,0.0,0,0.0,0.30000000000000004,2.1,0.9,0.30000000000000004,0.0,16.2,2.4000000000000004,0.9,0.0,0.30000000000000004,6.8999999999999995,3.3,0.30000000000000004,0.0,0.6000000000000001,1.8,1.2000000000000002,0.0,0.0,0.0,0.0,0.0,0.0
4743,Dame Gueye,https://media.api-sports.io/football/players/4743.png,Attacker,F,61,Ligue 1,1298,Le Mans,297,5,4,6.511784511784512,33.33333333333333,65.625,45.0,,3.0,6.0,2.0,1.0,0.0,64.0,0.0,5.0,0.0,3.0,60.0,27.0,0.0,0.0,2.0,1.0,4.0,0,0,0.0,0.0,0,0.0,0.9090909090909092,1.8181818181818183,0.6060606060606061,0.30303030303030304,0.0,19.393939393939394,0.0,1.5151515151515151,0.0,0.9090909090909092,18.18181818181818,8.181818181818182,0.0,0.0,0.6060606060606061,0.30303030303030304,1.2121212121212122,0.0,0.0,0.0,0.0,0.0,0.0
66761,Milutin Osmajić,https://media.api-sports.io/football/players/66761.png,Attacker,F,135,Serie A,495,Genoa,297,4,3,7.081818181818182,40.0,74.07407407407408,46.42857142857143,50.0,0.0,5.0,2.0,2.0,0.0,27.0,4.0,0.0,1.0,0.0,28.0,13.0,2.0,1.0,1.0,9.0,2.0,0,0,0.0,0.0,0,0.0,0.0,1.5151515151515151,0.6060606060606061,0.6060606060606061,0.0,8.181818181818182,1.2121212121212122,0.0,0.30303030303030304,0.0,8.484848484848484,3.9393939393939394,0.6060606060606061,0.30303030303030304,0.30303030303030304,2.7272727272727275,0.6060606060606061,0.0,0.0,0.0,0.0,0.0,0.0
1707,Gerard Moreno,https://media.api-sports.io/football/players/1707.png,Attacker,F,140,La Liga,533,Villarreal,296,7,3,7.143918918918919,42.857142857142854,80.98591549295774,61.53846153846154,75.0,2.0,7.0,3.0,2.0,0.0,142.0,9.0,2.0,0.0,0.0,26.0,16.0,12.0,9.0,0.0,1.0,3.0,0,0,0.0,0.0,1,0.0,0.6081081081081081,2.1283783783783785,0.9121621621621622,0.6081081081081081,0.0,43.17567567567568,2.736486486486487,0.6081081081081081,0.0,0.0,7.905405405405406,4.864864864864865,3.6486486486486487,2.736486486486487,0.0,0.30405405405405406,0.9121621621621622,0.0,0.0,0.0,0.0,0.30405405405405406,0.0
184,H. Kane,https://media.api-sports.io/football/players/184.png,Attacker,F,78,Bundesliga,157,Bayern München,296,4,3,7.870608108108109,38.46153846153847,76.92307692307693,50.0,50.0,1.0,13.0,5.0,3.0,1.0,78.0,8.0,1.0,5.0,1.0,22.0,11.0,6.0,3.0,0.0,6.0,2.0,0,0,0.0,0.0,1,0.0,0.30405405405405406,3.952702702702703,1.5202702702702704,0.9121621621621622,0.30405405405405406,23.716216216216214,2.4324324324324325,0.30405405405405406,1.5202702702702704,0.30405405405405406,6.6891891891891895,3.3445945945945947,1.8243243243243243,0.9121621621621622,0.0,1.8243243243243243,0.6081081081081081,0.0,0.0,0.0,0.0,0.30405405405405406,0.0
25297,M. Gregoritsch,https://media.api-sports.io/football/players/25297.png,Attacker,F,78,Bundesliga,170,FC Augsburg,293,4,4,7.5498976109215015,88.88888888888889,67.14285714285714,46.875,0.0,1.0,9.0,8.0,3.0,0.0,70.0,4.0,1.0,0.0,1.0,32.0,15.0,1.0,0.0,0.0,2.0,1.0,0,0,0.0,0.0,0,0.0,0.30716723549488056,2.7645051194539247,2.4573378839590445,0.9215017064846416,0.0,21.501706484641637,1.2286689419795223,0.30716723549488056,0.0,0.30716723549488056,9.829351535836178,4.607508532423208,0.30716723549488056,0.0,0.0,0.6143344709897611,0.30716723549488056,0.0,0.0,0.0,0.0,0.0,0.0
286474,Matteo Cancellieri,https://media.api-sports.io/football/players/286474.png,Attacker,F,135,Serie A,487,Lazio,293,5,4,7.1747440273037535,50.0,87.05882352941177,52.77777777777778,70.0,0.0,6.0,3.0,1.0,0.0,85.0,5.0,5.0,1.0,1.0,36.0,19.0,10.0,7.0,2.0,6.0,6.0,1,0,0.0,0.0,0,0.0,0.0,1.8430034129692832,0.9215017064846416,0.30716723549488056,0.0,26.109215017064844,1.5358361774744027,1.5358361774744027,0.30716723549488056,0.30716723549488056,11.058020477815699,5.83617747440273,3.0716723549488054,2.150170648464164,0.6143344709897611,1.8430034129692832,1.8430034129692832,0.30716723549488056,0.0,0.0,0.0,0.0,0.0
345808,Pio Esposito,https://media.api-sports.io/football/players/345808.png,Attacker,F,135,Serie A,505,Inter,291,5,4,7.303448275862069,55.55555555555556,68.29268292682927,60.0,,1.0,9.0,5.0,2.0,1.0,82.0,4.0,1.0,0.0,0.0,30.0,18.0,0.0,0.0,1.0,9.0,2.0,0,0,0.0,0.0,0,0.0,0.30927835051546393,2.783505154639175,1.5463917525773196,0.6185567010309279,0.30927835051546393,25.36082474226804,1.2371134020618557,0.30927835051546393,0.0,0.0,9.278350515463917,5.56701030927835,0.0,0.0,0.30927835051546393,2.783505154639175,0.6185567010309279,0.0,0.0,0.0,0.0,0.0,0.0
283058,Nicolas Jackson,https://media.api-sports.io/football/players/283058.png,Attacker,F,39,Premier League,66,Aston Villa,289,4,4,6.866574394463668,33.33333333333333,84.0,50.0,55.00000000000001,3.0,6.0,2.0,1.0,0.0,50.0,2.0,0.0,0.0,0.0,32.0,16.0,20.0,11.0,0.0,2.0,2.0,2,0,0.0,0.0,0,0.0,0.9342560553633218,1.8685121107266436,0.6228373702422145,0.31141868512110726,0.0,15.570934256055363,0.6228373702422145,0.0,0.0,0.0,9.965397923875432,4.982698961937716,6.228373702422146,3.42560553633218,0.0,0.6228373702422145,0.6228373702422145,0.6228373702422145,0.0,0.0,0.0,0.0,0.0
37938,Sheraldo Becker,https://media.api-sports.io/football/players/37938.png,Attacker,F,78,Bundesliga,164,FSV Mainz 05,286,4,4,7.558741258741259,54.54545454545454,76.19047619047619,36.666666666666664,42.857142857142854,3.0,11.0,6.0,2.0,3.0,63.0,6.0,0.0,2.0,0.0,30.0,11.0,7.0,3.0,0.0,3.0,2.0,1,0,0.0,0.0,0,0.0,0.9440559440559441,3.4615384615384617,1.8881118881118881,0.6293706293706294,0.9440559440559441,19.825174825174827,1.8881118881118881,0.0,0.6293706293706294,0.0,9.44055944055944,3.4615384615384617,2.202797202797203,0.9440559440559441,0.0,0.9440559440559441,0.6293706293706294,0.3146853146853147,0.0,0.0,0.0,0.0,0.0
15286,Mousa Tamari,https://media.api-sports.io/football/players/15286.png,Midfielder,F,61,Ligue 1,94,Rennes,284,5,5,6.823626760563379,42.857142857142854,76.25,41.17647058823529,46.666666666666664,2.0,7.0,3.0,0.0,0.0,80.0,5.0,4.0,2.0,1.0,34.0,14.0,15.0,7.0,1.0,2.0,3.0,1,0,0.0,0.0,0,0.0,0.6338028169014085,2.2183098591549295,0.9507042253521126,0.0,0.0,25.35211267605634,1.5845070422535212,1.267605633802817,0.6338028169014085,0.31690140845070425,10.774647887323942,4.436619718309859,4.753521126760563,2.2183098591549295,0.31690140845070425,0.6338028169014085,0.9507042253521126,0.31690140845070425,0.0,0.0,0.0,0.0,0.0
483,K. Kvaratskhelia,https://media.api-sports.io/football/players/483.png,Attacker,F,61,Ligue 1,85,Paris Saint Germain,283,5,4,7.008975265017668,45.45454545454545,92.20779220779221,43.75,53.333333333333336,4.0,11.0,5.0,0.0,1.0,154.0,9.0,3.0,0.0,1.0,32.0,14.0,15.0,8.0,1.0,3.0,1.0,0,0,0.0,0.0,0,0.0,1.2720848056537102,3.498233215547703,1.5901060070671378,0.0,0.31802120141342755,48.975265017667844,2.862190812720848,0.9540636042402828,0.0,0.31802120141342755,10.176678445229681,4.4522968197879855,4.770318021201414,2.5441696113074204,0.31802120141342755,0.9540636042402828,0.31802120141342755,0.0,0.0,0.0,0.0,0.0,0.0
409190,Y. Ebnoutalib,https://media.api-sports.io/football/players/409190.png,Attacker,F,78,Bundesliga,169,Eintracht Frankfurt,281,4,4,7.957508896797153,50.0,65.38461538461539,38.46153846153847,53.333333333333336,3.0,10.0,5.0,4.0,1.0,52.0,5.0,1.0,1.0,0.0,39.0,15.0,15.0,8.0,1.0,3.0,3.0,1,0,0.0,0.0,0,0.0,0.9608540925266904,3.2028469750889683,1.6014234875444842,1.281138790035587,0.32028469750889677,16.654804270462634,1.6014234875444842,0.32028469750889677,0.32028469750889677,0.0,12.491103202846976,4.804270462633452,4.804270462633452,2.562277580071174,0.32028469750889677,0.9608540925266904,0.9608540925266904,0.32028469750889677,0.0,0.0,0.0,0.0,0.0
323936,Matías Soulé,https://media.api-sports.io/football/players/323936.png,Attacker,F,135,Serie A,497,AS Roma,279,5,3,7.394623655913978,66.66666666666666,85.62874251497006,54.83870967741935,61.53846153846154,1.0,12.0,8.0,2.0,1.0,167.0,5.0,4.0,0.0,3.0,31.0,17.0,13.0,8.0,3.0,3.0,1.0,0,0,0.0,0.0,0,0.0,0.3225806451612903,3.870967741935484,2.5806451612903225,0.6451612903225806,0.3225806451612903,53.87096774193548,1.6129032258064515,1.2903225806451613,0.0,0.967741935483871,10.0,5.483870967741935,4.193548387096774,2.5806451612903225,0.967741935483871,0.967741935483871,0.3225806451612903,0.0,0.0,0.0,0.0,0.0,0.0
162707,Elye Wahi,https://media.api-sports.io/football/players/162707.png,Attacker,F,61,Ligue 1,84,Nice,277,4,3,6.951552346570397,66.66666666666666,75.43859649122807,52.0,20.0,6.0,6.0,4.0,1.0,0.0,57.0,4.0,1.0,0.0,1.0,25.0,13.0,5.0,1.0,0.0,6.0,1.0,1,0,0.0,0.0,0,0.0,1.9494584837545126,1.9494584837545126,1.2996389891696751,0.3249097472924188,0.0,18.51985559566787,1.2996389891696751,0.3249097472924188,0.0,0.3249097472924188,8.12274368231047,4.223826714801444,1.6245487364620939,0.3249097472924188,0.0,1.9494584837545126,0.3249097472924188,0.3249097472924188,0.0,0.0,0.0,0.0,0.0
161948,Liam Delap,https://media.api-sports.io/football/players/161948.png,Attacker,F,39,Premier League,65,Nottingham Forest,277,4,3,7.111083032490975,10.0,68.18181818181817,45.23809523809524,63.63636363636363,2.0,10.0,1.0,1.0,0.0,44.0,6.0,2.0,1.0,0.0,42.0,19.0,11.0,7.0,1.0,4.0,5.0,2,0,0.0,0.0,0,0.0,0.6498194945848376,3.2490974729241877,0.3249097472924188,0.3249097472924188,0.0,14.296028880866427,1.9494584837545126,0.6498194945848376,0.3249097472924188,0.0,13.646209386281587,6.173285198555957,3.5740072202166067,2.2743682310469313,0.3249097472924188,1.2996389891696751,1.6245487364620939,0.6498194945848376,0.0,0.0,0.0,0.0,0.0
21451,R. Ripart,https://media.api-sports.io/football/players/21451.png,Attacker,F,61,Ligue 1,110,Estac Troyes,275,5,5,6.860763636363637,42.857142857142854,56.666666666666664,48.97959183673469,0.0,2.0,7.0,3.0,1.0,0.0,60.0,1.0,4.0,0.0,1.0,49.0,24.0,2.0,0.0,0.0,7.0,2.0,0,0,0.0,0.0,1,0.0,0.6545454545454545,2.290909090909091,0.9818181818181819,0.32727272727272727,0.0,19.636363636363637,0.32727272727272727,1.309090909090909,0.0,0.32727272727272727,16.03636363636364,7.854545454545455,0.6545454545454545,0.0,0.0,2.290909090909091,0.6545454545454545,0.0,0.0,0.0,0.0,0.32727272727272727,0.0
161590,Ivan Azón,https://media.api-sports.io/football/players/161590.png,Attacker,F,140,La Liga,546,Getafe,272,5,4,6.9575000000000005,57.14285714285714,74.46808510638297,43.58974358974359,33.33333333333333,3.0,7.0,4.0,1.0,1.0,47.0,4.0,2.0,0.0,1.0,39.0,17.0,3.0,1.0,1.0,5.0,5.0,1,0,0.0,0.0,0,0.0,0.9926470588235294,2.316176470588235,1.3235294117647058,0.33088235294117646,0.33088235294117646,15.551470588235293,1.3235294117647058,0.6617647058823529,0.0,0.33088235294117646,12.904411764705882,5.625,0.9926470588235294,0.33088235294117646,0.33088235294117646,1.6544117647058825,1.6544117647058825,0.33088235294117646,0.0,0.0,0.0,0.0,0.0
66019,A. Hložek,https://media.api-sports.io/football/players/66019.png,Attacker,F,78,Bundesliga,167,1899 Hoffenheim,270,4,4,7.167703703703704,30.76923076923077,77.92207792207793,31.57894736842105,55.55555555555556,0.0,13.0,4.0,2.0,0.0,77.0,2.0,2.0,3.0,1.0,38.0,12.0,9.0,5.0,0.0,1.0,5.0,0,0,0.0,0.0,0,0.0,0.0,4.333333333333333,1.3333333333333335,0.6666666666666667,0.0,25.666666666666668,0.6666666666666667,0.6666666666666667,1.0,0.33333333333333337,12.666666666666668,4.0,3.0,1.6666666666666665,0.0,0.33333333333333337,1.6666666666666665,0.0,0.0,0.0,0.0,0.0,0.0
342188,D. Pejčinović,https://media.api-sports.io/football/players/342188.png,Attacker,F,78,Bundesliga,172,VfB Stuttgart,269,4,4,6.251449814126395,22.22222222222222,65.26315789473685,28.000000000000004,100.0,0.0,9.0,2.0,0.0,0.0,95.0,3.0,2.0,2.0,0.0,25.0,7.0,1.0,1.0,0.0,0.0,0.0,0,0,0.0,0.0,0,0.0,0.0,3.011152416356877,0.6691449814126393,0.0,0.0,31.784386617100374,1.003717472118959,0.6691449814126393,0.6691449814126393,0.0,8.364312267657992,2.342007434944238,0.33457249070631967,0.33457249070631967,0.0,0.0,0.0,0.0,0.0,0.0,0.0,0.0,0.0
1279,Josh Maja,https://media.api-sports.io/football/players/1279.png,Attacker,F,61,Ligue 1,111,Le Havre,269,5,3,6.692193308550185,50.0,83.87096774193549,38.095238095238095,50.0,1.0,6.0,3.0,1.0,0.0,62.0,6.0,0.0,2.0,0.0,21.0,8.0,4.0,2.0,0.0,4.0,5.0,0,0,0.0,0.0,0,0.0,0.33457249070631967,2.007434944237918,1.003717472118959,0.33457249070631967,0.0,20.74349442379182,2.007434944237918,0.0,0.6691449814126393,0.0,7.026022304832714,2.6765799256505574,1.3382899628252787,0.6691449814126393,0.0,1.3382899628252787,1.6728624535315986,0.0,0.0,0.0,0.0,0.0,0.0
47264,Hugo Duro,https://media.api-sports.io/football/players/47264.png,Attacker,F,140,La Liga,532,Valencia,264,7,4,6.4904166666666665,0.0,71.42857142857143,50.0,,1.0,1.0,0.0,0.0,1.0,49.0,3.0,2.0,1.0,1.0,28.0,14.0,0.0,0.0,1.0,6.0,2.0,0,0,0.0,0.0,0,0.0,0.34090909090909094,0.34090909090909094,0.0,0.0,0.34090909090909094,16.704545454545453,1.0227272727272727,0.6818181818181819,0.34090909090909094,0.34090909090909094,9.545454545454545,4.7727272727272725,0.0,0.0,0.34090909090909094,2.0454545454545454,0.6818181818181819,0.0,0.0,0.0,0.0,0.0,0.0
19185,Keinan Davis,https://media.api-sports.io/football/players/19185.png,Attacker,F,135,Serie A,494,Udinese,261,4,4,6.652490421455938,50.0,70.27027027027027,50.0,50.0,2.0,4.0,2.0,0.0,2.0,74.0,5.0,1.0,0.0,0.0,28.0,14.0,4.0,2.0,0.0,0.0,1.0,1,0,0.0,0.0,0,0.0,0.689655172413793,1.379310344827586,0.689655172413793,0.0,0.689655172413793,25.517241379310345,1.7241379310344827,0.3448275862068965,0.0,0.0,9.655172413793103,4.827586206896552,1.379310344827586,0.689655172413793,0.0,0.0,0.3448275862068965,0.3448275862068965,0.0,0.0,0.0,0.0,0.0
264122,Nikola Štulić,https://media.api-sports.io/football/players/264122.png,Attacker,F,135,Serie A,867,Lecce,261,5,3,6.247509578544061,50.0,78.84615384615384,33.33333333333333,0.0,1.0,4.0,2.0,0.0,0.0,52.0,1.0,1.0,0.0,0.0,24.0,8.0,1.0,0.0,0.0,2.0,4.0,0,0,0.0,0.0,0,0.0,0.3448275862068965,1.379310344827586,0.689655172413793,0.0,0.0,17.93103448275862,0.3448275862068965,0.3448275862068965,0.0,0.0,8.275862068965518,2.758620689655172,0.3448275862068965,0.0,0.0,0.689655172413793,1.379310344827586,0.0,0.0,0.0,0.0,0.0,0.0
794,P. Schick,https://media.api-sports.io/football/players/794.png,Attacker,F,78,Bundesliga,168,Bayer Leverkusen,261,4,4,7.399885057471265,43.75,80.0,45.83333333333333,50.0,2.0,16.0,7.0,4.0,1.0,45.0,4.0,1.0,1.0,0.0,24.0,11.0,4.0,2.0,0.0,4.0,4.0,0,0,0.0,0.0,0,0.0,0.689655172413793,5.517241379310344,2.413793103448276,1.379310344827586,0.3448275862068965,15.517241379310345,1.379310344827586,0.3448275862068965,0.3448275862068965,0.0,8.275862068965518,3.793103448275862,1.379310344827586,0.689655172413793,0.0,1.379310344827586,1.379310344827586,0.0,0.0,0.0,0.0,0.0,0.0
383006,Alieu Njie,https://media.api-sports.io/football/players/383006.png,Attacker,F,135,Serie A,502,Fiorentina,259,5,3,7.022393822393823,50.0,79.71014492753623,53.65853658536586,63.63636363636363,0.0,6.0,3.0,0.0,0.0,69.0,10.0,6.0,0.0,0.0,41.0,22.0,11.0,7.0,4.0,7.0,5.0,1,0,0.0,0.0,0,0.0,0.0,2.0849420849420848,1.0424710424710424,0.0,0.0,23.97683397683398,3.4749034749034746,2.0849420849420848,0.0,0.0,14.247104247104247,7.644787644787645,3.8223938223938223,2.4324324324324325,1.38996138996139,2.4324324324324325,1.7374517374517373,0.3474903474903475,0.0,0.0,0.0,0.0,0.0
30544,Gianluca Scamacca,https://media.api-sports.io/football/players/30544.png,Attacker,F,135,Serie A,499,Atalanta,259,5,4,6.816216216216216,66.66666666666666,75.32467532467533,37.93103448275862,0.0,3.0,6.0,4.0,1.0,0.0,77.0,4.0,2.0,2.0,0.0,29.0,11.0,1.0,0.0,1.0,6.0,4.0,0,0,0.0,0.0,0,0.0,1.0424710424710424,2.0849420849420848,1.38996138996139,0.3474903474903475,0.0,26.756756756756758,1.38996138996139,0.694980694980695,0.694980694980695,0.0,10.077220077220076,3.8223938223938223,0.3474903474903475,0.0,0.3474903474903475,2.0849420849420848,1.38996138996139,0.0,0.0,0.0,0.0,0.0,0.0
9366,Igor Jesus,https://media.api-sports.io/football/players/9366.png,Attacker,F,39,Premier League,65,Nottingham Forest,256,5,3,6.669726562499999,80.0,81.17647058823529,45.0,50.0,1.0,5.0,4.0,1.0,0.0,85.0,2.0,2.0,0.0,0.0,60.0,27.0,4.0,2.0,3.0,6.0,7.0,1,0,0.0,0.0,0,0.0,0.3515625,1.7578125,1.40625,0.3515625,0.0,29.8828125,0.703125,0.703125,0.0,0.0,21.09375,9.4921875,1.40625,0.703125,1.0546875,2.109375,2.4609375,0.3515625,0.0,0.0,0.0,0.0,0.0
107,Sofiane Diop,https://media.api-sports.io/football/players/107.png,Attacker,F,61,Ligue 1,84,Nice,256,5,4,6.882890625,66.66666666666666,78.62595419847328,48.0,71.42857142857143,0.0,3.0,2.0,0.0,1.0,131.0,8.0,5.0,0.0,4.0,25.0,12.0,7.0,5.0,1.0,2.0,2.0,0,0,0.0,0.0,0,0.0,0.0,1.0546875,0.703125,0.0,0.3515625,46.0546875,2.8125,1.7578125,0.0,1.40625,8.7890625,4.21875,2.4609375,1.7578125,0.3515625,0.703125,0.703125,0.0,0.0,0.0,0.0,0.0,0.0
2295,Olivier Giroud,https://media.api-sports.io/football/players/2295.png,Attacker,F,61,Ligue 1,79,Lille,255,5,4,6.83729411764706,50.0,64.0,56.00000000000001,100.0,4.0,4.0,2.0,1.0,2.0,50.0,4.0,0.0,0.0,0.0,25.0,14.0,1.0,1.0,0.0,2.0,1.0,1,0,0.0,0.0,0,0.0,1.4117647058823528,1.4117647058823528,0.7058823529411764,0.3529411764705882,0.7058823529411764,17.647058823529413,1.4117647058823528,0.0,0.0,0.0,8.823529411764707,4.9411764705882355,0.3529411764705882,0.3529411764705882,0.0,0.7058823529411764,0.3529411764705882,0.3529411764705882,0.0,0.0,0.0,0.0,0.0
30431,Andrea Colpani,https://media.api-sports.io/football/players/30431.png,Midfielder,F,135,Serie A,1579,Monza,254,5,3,6.920472440944883,66.66666666666666,82.75862068965517,37.5,40.0,1.0,6.0,4.0,1.0,0.0,58.0,6.0,0.0,0.0,2.0,16.0,6.0,5.0,2.0,1.0,2.0,0.0,0,0,0.0,0.0,0,0.0,0.3543307086614173,2.1259842519685037,1.4173228346456692,0.3543307086614173,0.0,20.551181102362207,2.1259842519685037,0.0,0.0,0.7086614173228346,5.669291338582677,2.1259842519685037,1.7716535433070866,0.7086614173228346,0.3543307086614173,0.7086614173228346,0.0,0.0,0.0,0.0,0.0,0.0,0.0
137302,C. Archer,https://media.api-sports.io/football/players/137302.png,Attacker,F,61,Ligue 1,108,Auxerre,254,3,3,7.657362204724409,71.42857142857143,77.55102040816327,25.806451612903224,42.857142857142854,2.0,7.0,5.0,3.0,0.0,49.0,2.0,1.0,1.0,1.0,31.0,8.0,7.0,3.0,1.0,1.0,5.0,0,0,0.0,0.0,0,0.0,0.7086614173228346,2.4803149606299213,1.7716535433070866,1.0629921259842519,0.0,17.362204724409448,0.7086614173228346,0.3543307086614173,0.3543307086614173,0.3543307086614173,10.984251968503937,2.8346456692913384,2.4803149606299213,1.0629921259842519,0.3543307086614173,0.3543307086614173,1.7716535433070866,0.0,0.0,0.0,0.0,0.0,0.0
183931,Jonathan Dubasin,https://media.api-sports.io/football/players/183931.png,Attacker,F,140,La Liga,727,Osasuna,253,7,3,6.329407114624505,50.0,81.41592920353983,29.03225806451613,14.285714285714285,0.0,4.0,2.0,0.0,0.0,113.0,2.0,3.0,0.0,4.0,31.0,9.0,7.0,1.0,3.0,2.0,4.0,1,0,0.0,0.0,0,0.0,0.0,1.4229249011857708,0.7114624505928854,0.0,0.0,40.19762845849802,0.7114624505928854,1.067193675889328,0.0,1.4229249011857708,11.027667984189723,3.2015810276679844,2.4901185770750986,0.3557312252964427,1.067193675889328,0.7114624505928854,1.4229249011857708,0.3557312252964427,0.0,0.0,0.0,0.0,0.0
931,Ferran Torres,https://media.api-sports.io/football/players/931.png,Attacker,F,61,Ligue 1,85,Paris Saint Germain,252,5,3,7.576984126984128,55.55555555555556,84.50704225352112,38.46153846153847,,2.0,9.0,5.0,4.0,0.0,71.0,4.0,0.0,1.0,2.0,13.0,5.0,0.0,0.0,2.0,3.0,0.0,0,0,0.0,0.0,0,0.0,0.7142857142857142,3.214285714285714,1.7857142857142856,1.4285714285714284,0.0,25.357142857142858,1.4285714285714284,0.0,0.3571428571428571,0.7142857142857142,4.642857142857142,1.7857142857142856,0.0,0.0,0.7142857142857142,1.0714285714285714,0.0,0.0,0.0,0.0,0.0,0.0,0.0
269,C. Nkunku,https://media.api-sports.io/football/players/269.png,Attacker,F,78,Bundesliga,173,RB Leipzig,249,4,3,6.986184738955823,66.66666666666666,92.3076923076923,57.14285714285714,40.0,0.0,6.0,4.0,1.0,1.0,91.0,5.0,2.0,0.0,0.0,21.0,12.0,5.0,2.0,0.0,5.0,2.0,0,0,0.0,0.0,0,0.0,0.0,2.168674698795181,1.4457831325301203,0.36144578313253006,0.36144578313253006,32.89156626506024,1.8072289156626506,0.7228915662650601,0.0,0.0,7.590361445783132,4.337349397590362,1.8072289156626506,0.7228915662650601,0.0,1.8072289156626506,0.7228915662650601,0.0,0.0,0.0,0.0,0.0,0.0
608028,Mamadou Koné,https://media.api-sports.io/football/players/608028.png,Attacker,F,61,Ligue 1,97,Lorient,249,5,4,6.660321285140562,85.71428571428571,72.5,34.146341463414636,12.5,0.0,7.0,6.0,1.0,0.0,40.0,4.0,4.0,0.0,2.0,41.0,14.0,8.0,1.0,0.0,5.0,7.0,0,0,0.0,0.0,0,0.0,0.0,2.5301204819277108,2.168674698795181,0.36144578313253006,0.0,14.457831325301205,1.4457831325301203,1.4457831325301203,0.0,0.7228915662650601,14.819277108433734,5.0602409638554215,2.8915662650602405,0.36144578313253006,0.0,1.8072289156626506,2.5301204819277108,0.0,0.0,0.0,0.0,0.0,0.0
104853,Asier Villalibre,https://media.api-sports.io/football/players/104853.png,Attacker,F,140,La Liga,4665,Racing Santander,246,7,4,6.480731707317073,33.33333333333333,60.0,60.0,0.0,1.0,3.0,1.0,0.0,1.0,35.0,1.0,0.0,1.0,0.0,20.0,12.0,1.0,0.0,0.0,7.0,0.0,0,0,0.0,0.0,0,0.0,0.3658536585365854,1.0975609756097562,0.3658536585365854,0.0,0.3658536585365854,12.804878048780488,0.3658536585365854,0.0,0.3658536585365854,0.0,7.317073170731707,4.390243902439025,0.3658536585365854,0.0,0.0,2.5609756097560976,0.0,0.0,0.0,0.0,0.0,0.0,0.0
320517,Pablo Durán,https://media.api-sports.io/football/players/320517.png,Attacker,F,140,La Liga,538,Celta Vigo,246,7,4,6.65780487804878,80.0,70.76923076923077,45.83333333333333,50.0,4.0,5.0,4.0,2.0,0.0,65.0,3.0,3.0,0.0,0.0,24.0,11.0,6.0,3.0,0.0,3.0,2.0,0,0,0.0,0.0,0,0.0,1.4634146341463417,1.8292682926829267,1.4634146341463417,0.7317073170731708,0.0,23.78048780487805,1.0975609756097562,1.0975609756097562,0.0,0.0,8.78048780487805,4.024390243902439,2.1951219512195124,1.0975609756097562,0.0,1.0975609756097562,0.7317073170731708,0.0,0.0,0.0,0.0,0.0,0.0
32137,E. Latte Lath,https://media.api-sports.io/football/players/32137.png,Attacker,F,78,Bundesliga,182,Union Berlin,245,4,4,6.540244897959184,50.0,42.42424242424242,43.333333333333336,33.33333333333333,4.0,4.0,2.0,1.0,0.0,33.0,0.0,2.0,0.0,1.0,30.0,13.0,3.0,1.0,1.0,2.0,2.0,0,0,0.0,0.0,0,0.0,1.469387755102041,1.469387755102041,0.7346938775510204,0.3673469387755102,0.0,12.122448979591837,0.0,0.7346938775510204,0.0,0.3673469387755102,11.020408163265305,4.775510204081632,1.1020408163265305,0.3673469387755102,0.3673469387755102,0.7346938775510204,0.7346938775510204,0.0,0.0,0.0,0.0,0.0,0.0
326073,R. Labeau Lascary,https://media.api-sports.io/football/players/326073.png,Midfielder,F,61,Ligue 1,108,Auxerre,243,4,4,6.787283950617284,75.0,81.81818181818183,36.666666666666664,46.15384615384615,2.0,8.0,6.0,1.0,0.0,44.0,1.0,4.0,0.0,3.0,30.0,11.0,13.0,6.0,0.0,1.0,3.0,0,0,0.0,0.0,0,0.0,0.7407407407407408,2.9629629629629632,2.2222222222222223,0.3703703703703704,0.0,16.296296296296298,0.3703703703703704,1.4814814814814816,0.0,1.1111111111111112,11.11111111111111,4.074074074074074,4.814814814814815,2.2222222222222223,0.0,0.3703703703703704,1.1111111111111112,0.0,0.0,0.0,0.0,0.0,0.0
7334,Karim Adeyemi,https://media.api-sports.io/football/players/7334.png,Attacker,F,140,La Liga,529,Barcelona,242,7,3,7.642024793388431,43.75,81.0,60.46511627906976,63.1578947368421,0.0,16.0,7.0,2.0,2.0,100.0,6.0,2.0,1.0,0.0,43.0,26.0,19.0,12.0,2.0,9.0,3.0,1,0,2.0,0.0,0,0.0,0.0,5.950413223140496,2.603305785123967,0.743801652892562,0.743801652892562,37.1900826446281,2.231404958677686,0.743801652892562,0.371900826446281,0.0,15.991735537190081,9.669421487603307,7.066115702479339,4.462809917355372,0.743801652892562,3.347107438016529,1.115702479338843,0.371900826446281,0.0,0.743801652892562,0.0,0.0,0.0
380691,Jay Robinson,https://media.api-sports.io/football/players/380691.png,Attacker,F,135,Serie A,1579,Monza,238,5,3,7.260924369747899,66.66666666666666,78.0,46.15384615384615,22.22222222222222,0.0,6.0,4.0,1.0,0.0,50.0,2.0,5.0,1.0,0.0,39.0,18.0,9.0,2.0,2.0,9.0,1.0,0,0,0.0,0.0,0,0.0,0.0,2.26890756302521,1.5126050420168067,0.37815126050420167,0.0,18.907563025210084,0.7563025210084033,1.8907563025210086,0.37815126050420167,0.0,14.747899159663866,6.80672268907563,3.403361344537815,0.7563025210084033,0.7563025210084033,3.403361344537815,0.37815126050420167,0.0,0.0,0.0,0.0,0.0,0.0
161875,Hugo González,https://media.api-sports.io/football/players/161875.png,Attacker,F,140,La Liga,538,Celta Vigo,235,7,6,7.423404255319149,50.0,82.08955223880598,40.909090909090914,57.14285714285714,0.0,8.0,4.0,1.0,2.0,67.0,9.0,1.0,2.0,0.0,22.0,9.0,7.0,4.0,1.0,4.0,3.0,0,0,0.0,0.0,1,0.0,0.0,3.0638297872340425,1.5319148936170213,0.3829787234042553,0.7659574468085106,25.659574468085108,3.4468085106382977,0.3829787234042553,0.7659574468085106,0.0,8.425531914893616,3.4468085106382977,2.6808510638297873,1.5319148936170213,0.3829787234042553,1.5319148936170213,1.1489361702127658,0.0,0.0,0.0,0.0,0.3829787234042553,0.0
8598,T. Awoniyi,https://media.api-sports.io/football/players/8598.png,Attacker,F,39,Premier League,1346,Coventry,234,4,3,6.301324786324786,40.0,81.57894736842105,36.0,80.0,3.0,5.0,2.0,0.0,0.0,38.0,4.0,1.0,0.0,1.0,25.0,9.0,5.0,4.0,1.0,2.0,3.0,0,1,0.0,0.0,0,0.0,1.1538461538461537,1.9230769230769231,0.7692307692307693,0.0,0.0,14.615384615384617,1.5384615384615385,0.38461538461538464,0.0,0.38461538461538464,9.615384615384615,3.4615384615384617,1.9230769230769231,1.5384615384615385,0.38461538461538464,0.7692307692307693,1.1538461538461537,0.0,0.38461538461538464,0.0,0.0,0.0,0.0
22015,B. Dia,https://media.api-sports.io/football/players/22015.png,Attacker,F,135,Serie A,94,Rennes,233,5,5,6.590944206008585,,81.15942028985508,26.666666666666668,50.0,1.0,0.0,0.0,0.0,1.0,69.0,5.0,0.0,0.0,2.0,15.0,4.0,2.0,1.0,1.0,0.0,3.0,1,0,0.0,0.0,0,0.0,0.38626609442060084,0.0,0.0,0.0,0.38626609442060084,26.652360515021456,1.9313304721030042,0.0,0.0,0.7725321888412017,5.793991416309012,1.5450643776824033,0.7725321888412017,0.38626609442060084,0.38626609442060084,0.0,1.1587982832618027,0.38626609442060084,0.0,0.0,0.0,0.0,0.0
26475,D. Undav,https://media.api-sports.io/football/players/26475.png,Attacker,F,78,Bundesliga,172,VfB Stuttgart,233,4,4,6.2847639484978535,100.0,68.91891891891892,17.391304347826086,50.0,0.0,2.0,2.0,0.0,0.0,74.0,3.0,1.0,0.0,2.0,23.0,4.0,2.0,1.0,3.0,1.0,6.0,0,0,0.0,0.0,0,0.0,0.0,0.7725321888412017,0.7725321888412017,0.0,0.0,28.583690987124463,1.1587982832618027,0.38626609442060084,0.0,0.7725321888412017,8.88412017167382,1.5450643776824033,0.7725321888412017,0.38626609442060084,1.1587982832618027,0.38626609442060084,2.3175965665236054,0.0,0.0,0.0,0.0,0.0,0.0
128342,Rassoul Ndiaye,https://media.api-sports.io/football/players/128342.png,Midfielder,F,61,Ligue 1,111,Le Havre,233,4,3,7.021459227467811,50.0,83.01886792452831,48.275862068965516,25.0,1.0,2.0,1.0,0.0,0.0,106.0,6.0,7.0,1.0,2.0,29.0,14.0,8.0,2.0,4.0,5.0,3.0,0,0,0.0,0.0,0,0.0,0.38626609442060084,0.7725321888412017,0.38626609442060084,0.0,0.0,40.94420600858369,2.3175965665236054,2.703862660944206,0.38626609442060084,0.7725321888412017,11.201716738197424,5.407725321888412,3.0901287553648067,0.7725321888412017,1.5450643776824033,1.9313304721030042,1.1587982832618027,0.0,0.0,0.0,0.0,0.0,0.0
359100,Alphadjo Cissè,https://media.api-sports.io/football/players/359100.png,Midfielder,F,135,Serie A,489,AC Milan,231,5,3,6.844588744588744,33.33333333333333,82.6086956521739,38.70967741935484,11.11111111111111,1.0,6.0,2.0,2.0,0.0,92.0,2.0,2.0,0.0,0.0,31.0,12.0,9.0,1.0,3.0,8.0,2.0,1,0,0.0,0.0,0,0.0,0.38961038961038963,2.337662337662338,0.7792207792207793,0.7792207792207793,0.0,35.84415584415584,0.7792207792207793,0.7792207792207793,0.0,0.0,12.077922077922079,4.675324675324676,3.5064935064935066,0.38961038961038963,1.168831168831169,3.116883116883117,0.7792207792207793,0.38961038961038963,0.0,0.0,0.0,0.0,0.0
21509,Marcus Thuram,https://media.api-sports.io/football/players/21509.png,Attacker,F,135,Serie A,505,Inter,229,5,2,7.662445414847161,41.66666666666667,86.79245283018868,59.375,75.0,2.0,12.0,5.0,2.0,2.0,53.0,5.0,3.0,0.0,0.0,32.0,19.0,4.0,3.0,1.0,6.0,5.0,0,0,0.0,0.0,0,0.0,0.7860262008733624,4.716157205240174,1.965065502183406,0.7860262008733624,0.7860262008733624,20.829694323144107,1.965065502183406,1.1790393013100435,0.0,0.0,12.576419213973798,7.467248908296943,1.5720524017467248,1.1790393013100435,0.3930131004366812,2.358078602620087,1.965065502183406,0.0,0.0,0.0,0.0,0.0,0.0
383665,T. Gomis,https://media.api-sports.io/football/players/383665.png,Attacker,F,78,Bundesliga,173,RB Leipzig,229,4,3,7.114934497816594,25.0,80.76923076923077,32.35294117647059,25.0,0.0,8.0,2.0,1.0,2.0,78.0,6.0,2.0,1.0,0.0,34.0,11.0,16.0,4.0,1.0,4.0,0.0,0,0,0.0,0.0,0,0.0,0.0,3.1441048034934496,0.7860262008733624,0.3930131004366812,0.7860262008733624,30.655021834061138,2.358078602620087,0.7860262008733624,0.3930131004366812,0.0,13.362445414847162,4.323144104803493,6.288209606986899,1.5720524017467248,0.3930131004366812,1.5720524017467248,0.0,0.0,0.0,0.0,0.0,0.0,0.0
281408,Vitinha,https://media.api-sports.io/football/players/281408.png,Attacker,F,135,Serie A,495,Genoa,229,5,2,6.410043668122271,50.0,70.83333333333334,40.0,36.36363636363637,1.0,6.0,3.0,0.0,0.0,48.0,0.0,3.0,1.0,1.0,35.0,14.0,11.0,4.0,2.0,5.0,0.0,0,0,0.0,0.0,0,0.0,0.3930131004366812,2.358078602620087,1.1790393013100435,0.0,0.0,18.864628820960696,0.0,1.1790393013100435,0.3930131004366812,0.3930131004366812,13.755458515283843,5.502183406113537,4.323144104803493,1.5720524017467248,0.7860262008733624,1.965065502183406,0.0,0.0,0.0,0.0,0.0,0.0,0.0
82090,Brandon Thomas-Asante,https://media.api-sports.io/football/players/82090.png,Attacker,F,39,Premier League,1346,Coventry,228,5,3,6.56030701754386,60.0,57.89473684210527,50.0,66.66666666666666,0.0,5.0,3.0,0.0,0.0,38.0,0.0,3.0,0.0,9.0,46.0,23.0,6.0,4.0,4.0,9.0,0.0,0,0,0.0,0.0,0,0.0,0.0,1.9736842105263157,1.1842105263157894,0.0,0.0,15.0,0.0,1.1842105263157894,0.0,3.552631578947368,18.157894736842103,9.078947368421051,2.3684210526315788,1.5789473684210527,1.5789473684210527,3.552631578947368,0.0,0.0,0.0,0.0,0.0,0.0,0.0
318592,Lucas Cepeda,https://media.api-sports.io/football/players/318592.png,Attacker,F,140,La Liga,797,Elche,227,7,3,6.87374449339207,83.33333333333334,88.33333333333333,52.0,80.0,1.0,6.0,5.0,0.0,2.0,120.0,5.0,3.0,1.0,4.0,25.0,13.0,5.0,4.0,2.0,6.0,5.0,2,0,0.0,0.0,0,0.0,0.39647577092511016,2.378854625550661,1.9823788546255507,0.0,0.7929515418502203,47.57709251101321,1.9823788546255507,1.1894273127753305,0.39647577092511016,1.5859030837004406,9.911894273127754,5.154185022026432,1.9823788546255507,1.5859030837004406,0.7929515418502203,2.378854625550661,1.9823788546255507,0.7929515418502203,0.0,0.0,0.0,0.0,0.0
46790,Víctor García,https://media.api-sports.io/football/players/46790.png,Defender,F,140,La Liga,539,Levante,223,6,2,6.327802690582959,0.0,82.6923076923077,36.0,40.0,0.0,1.0,0.0,0.0,0.0,52.0,2.0,2.0,0.0,2.0,25.0,9.0,5.0,2.0,0.0,4.0,4.0,0,0,0.0,0.0,0,0.0,0.0,0.40358744394618834,0.0,0.0,0.0,20.986547085201796,0.8071748878923767,0.8071748878923767,0.0,0.8071748878923767,10.08968609865471,3.632286995515695,2.0179372197309418,0.8071748878923767,0.0,1.6143497757847534,1.6143497757847534,0.0,0.0,0.0,0.0,0.0,0.0
47445,Iago Aspas,https://media.api-sports.io/football/players/47445.png,Attacker,F,140,La Liga,538,Celta Vigo,220,6,4,6.763863636363636,33.33333333333333,83.72093023255815,64.28571428571429,75.0,1.0,6.0,2.0,1.0,0.0,129.0,2.0,1.0,1.0,0.0,14.0,9.0,4.0,3.0,0.0,3.0,0.0,0,0,0.0,0.0,0,0.0,0.40909090909090906,2.4545454545454546,0.8181818181818181,0.40909090909090906,0.0,52.772727272727266,0.8181818181818181,0.40909090909090906,0.40909090909090906,0.0,5.727272727272727,3.6818181818181817,1.6363636363636362,1.2272727272727273,0.0,1.2272727272727273,0.0,0.0,0.0,0.0,0.0,0.0,0.0
158516,K. Diawara,https://media.api-sports.io/football/players/158516.png,Attacker,F,61,Ligue 1,110,Estac Troyes,219,5,3,6.743150684931507,33.33333333333333,75.80645161290323,60.86956521739131,66.66666666666666,3.0,3.0,1.0,0.0,1.0,62.0,3.0,3.0,0.0,2.0,23.0,14.0,6.0,4.0,0.0,6.0,2.0,0,0,0.0,0.0,0,0.0,1.2328767123287672,1.2328767123287672,0.410958904109589,0.0,0.410958904109589,25.479452054794518,1.2328767123287672,1.2328767123287672,0.0,0.821917808219178,9.452054794520548,5.7534246575342465,2.4657534246575343,1.643835616438356,0.0,2.4657534246575343,0.821917808219178,0.0,0.0,0.0,0.0,0.0,0.0
26256,T. Kleindienst,https://media.api-sports.io/football/players/26256.png,Attacker,F,78,Bundesliga,163,Borussia Mönchengladbach,219,3,3,6.2996347031963476,25.0,65.11627906976744,41.66666666666667,50.0,1.0,4.0,1.0,0.0,0.0,43.0,3.0,3.0,0.0,0.0,36.0,15.0,2.0,1.0,0.0,1.0,8.0,0,1,0.0,0.0,0,0.0,0.410958904109589,1.643835616438356,0.410958904109589,0.0,0.0,17.671232876712327,1.2328767123287672,1.2328767123287672,0.0,0.0,14.794520547945204,6.164383561643835,0.821917808219178,0.410958904109589,0.0,0.410958904109589,3.287671232876712,0.0,0.410958904109589,0.0,0.0,0.0,0.0
8489,Jonathan David,https://media.api-sports.io/football/players/8489.png,Attacker,F,140,La Liga,530,Atletico Madrid,217,6,4,7.419354838709677,66.66666666666666,88.0,56.25,100.0,1.0,9.0,6.0,3.0,1.0,50.0,7.0,4.0,0.0,1.0,16.0,9.0,1.0,1.0,0.0,2.0,0.0,0,0,0.0,0.0,0,0.0,0.4147465437788018,3.7327188940092166,2.4884792626728114,1.2442396313364057,0.4147465437788018,20.737327188940093,2.903225806451613,1.6589861751152073,0.0,0.4147465437788018,6.635944700460829,3.7327188940092166,0.4147465437788018,0.4147465437788018,0.0,0.8294930875576036,0.0,0.0,0.0,0.0,0.0,0.0,0.0
21497,L. Blas,https://media.api-sports.io/football/players/21497.png,Midfielder,F,61,Ligue 1,94,Rennes,217,5,3,6.624193548387097,27.27272727272727,87.36842105263159,47.61904761904761,66.66666666666666,1.0,11.0,3.0,0.0,0.0,95.0,7.0,4.0,3.0,2.0,21.0,10.0,6.0,4.0,0.0,2.0,4.0,0,0,0.0,0.0,0,0.0,0.4147465437788018,4.56221198156682,1.2442396313364057,0.0,0.0,39.40092165898618,2.903225806451613,1.6589861751152073,1.2442396313364057,0.8294930875576036,8.709677419354838,4.147465437788019,2.4884792626728114,1.6589861751152073,0.0,0.8294930875576036,1.6589861751152073,0.0,0.0,0.0,0.0,0.0,0.0
292218,M. LjubiÄiÄ,https://media.api-sports.io/football/players/292218.png,Attacker,F,78,Bundesliga,182,Union Berlin,217,4,4,6.519354838709678,66.66666666666666,65.625,30.76923076923077,66.66666666666666,3.0,3.0,2.0,0.0,0.0,32.0,1.0,1.0,0.0,0.0,26.0,8.0,3.0,2.0,0.0,2.0,4.0,1,0,0.0,0.0,0,0.0,1.2442396313364057,1.2442396313364057,0.8294930875576036,0.0,0.0,13.271889400921658,0.4147465437788018,0.4147465437788018,0.0,0.0,10.783410138248847,3.3179723502304146,1.2442396313364057,0.8294930875576036,0.0,0.8294930875576036,1.6589861751152073,0.4147465437788018,0.0,0.0,0.0,0.0,0.0
347885,Marcos Fernández,https://media.api-sports.io/football/players/347885.png,Attacker,F,140,La Liga,540,Espanyol,216,7,1,7.055648148148148,44.44444444444444,71.42857142857143,39.285714285714285,100.0,2.0,9.0,4.0,1.0,1.0,35.0,5.0,2.0,0.0,1.0,28.0,11.0,1.0,1.0,0.0,1.0,7.0,2,0,0.0,0.0,0,0.0,0.8333333333333333,3.75,1.6666666666666665,0.41666666666666663,0.41666666666666663,14.583333333333334,2.083333333333333,0.8333333333333333,0.0,0.41666666666666663,11.666666666666666,4.583333333333333,0.41666666666666663,0.41666666666666663,0.0,0.41666666666666663,2.9166666666666665,0.8333333333333333,0.0,0.0,0.0,0.0,0.0
156465,I. Soumaré,https://media.api-sports.io/football/players/156465.png,Attacker,F,61,Ligue 1,94,Rennes,215,4,4,6.77786046511628,25.0,70.0,53.57142857142857,66.66666666666666,1.0,4.0,1.0,0.0,1.0,60.0,2.0,2.0,1.0,3.0,28.0,15.0,3.0,2.0,0.0,5.0,4.0,1,0,0.0,0.0,0,0.0,0.41860465116279066,1.6744186046511627,0.41860465116279066,0.0,0.41860465116279066,25.11627906976744,0.8372093023255813,0.8372093023255813,0.41860465116279066,1.255813953488372,11.720930232558139,6.27906976744186,1.255813953488372,0.8372093023255813,0.0,2.0930232558139537,1.6744186046511627,0.41860465116279066,0.0,0.0,0.0,0.0,0.0
84082,R. Faivre,https://media.api-sports.io/football/players/84082.png,Midfielder,F,61,Ligue 1,108,Auxerre,215,5,4,6.615627906976745,50.0,84.90566037735849,47.82608695652174,55.55555555555556,2.0,2.0,1.0,0.0,1.0,106.0,8.0,3.0,1.0,0.0,23.0,11.0,9.0,5.0,1.0,2.0,2.0,0,0,0.0,0.0,0,0.0,0.8372093023255813,0.8372093023255813,0.41860465116279066,0.0,0.41860465116279066,44.372093023255815,3.3488372093023253,1.255813953488372,0.41860465116279066,0.0,9.627906976744185,4.604651162790698,3.7674418604651163,2.0930232558139537,0.41860465116279066,0.8372093023255813,0.8372093023255813,0.0,0.0,0.0,0.0,0.0,0.0
328235,S. Marino,https://media.api-sports.io/football/players/328235.png,Attacker,F,78,Bundesliga,185,SC Paderborn 07,215,4,3,6.890511627906977,50.0,71.42857142857143,36.0,20.0,3.0,4.0,2.0,1.0,0.0,56.0,2.0,1.0,0.0,0.0,25.0,9.0,5.0,1.0,0.0,1.0,1.0,0,0,0.0,0.0,0,0.0,1.255813953488372,1.6744186046511627,0.8372093023255813,0.41860465116279066,0.0,23.441860465116278,0.8372093023255813,0.41860465116279066,0.0,0.0,10.465116279069766,3.7674418604651163,2.0930232558139537,0.41860465116279066,0.0,0.41860465116279066,0.41860465116279066,0.0,0.0,0.0,0.0,0.0,0.0
30537,Domenico Berardi,https://media.api-sports.io/football/players/30537.png,Attacker,F,135,Serie A,488,Sassuolo,213,4,2,6.954929577464788,87.5,83.33333333333334,50.0,0.0,0.0,8.0,7.0,1.0,0.0,90.0,4.0,5.0,1.0,3.0,22.0,11.0,2.0,0.0,1.0,5.0,0.0,0,0,0.0,0.0,0,0.0,0.0,3.380281690140845,2.9577464788732395,0.4225352112676056,0.0,38.028169014084504,1.6901408450704225,2.112676056338028,0.4225352112676056,1.267605633802817,9.295774647887324,4.647887323943662,0.8450704225352113,0.0,0.4225352112676056,2.112676056338028,0.0,0.0,0.0,0.0,0.0,0.0,0.0
185398,Isaac Romero,https://media.api-sports.io/football/players/185398.png,Attacker,F,140,La Liga,536,Sevilla,211,7,2,6.633033175355451,20.0,71.42857142857143,42.592592592592595,16.666666666666664,1.0,5.0,1.0,1.0,1.0,63.0,3.0,6.0,1.0,1.0,54.0,23.0,6.0,1.0,2.0,4.0,7.0,4,0,0.0,0.0,0,0.0,0.4265402843601896,2.132701421800948,0.4265402843601896,0.4265402843601896,0.4265402843601896,26.87203791469194,1.2796208530805686,2.559241706161137,0.4265402843601896,0.4265402843601896,23.033175355450236,9.810426540284361,2.559241706161137,0.4265402843601896,0.8530805687203792,1.7061611374407584,2.9857819905213274,1.7061611374407584,0.0,0.0,0.0,0.0,0.0
153,O. Dembélé,https://media.api-sports.io/football/players/153.png,Attacker,F,61,Ligue 1,85,Paris Saint Germain,211,4,3,6.894407582938388,28.57142857142857,83.5820895522388,41.66666666666667,62.5,2.0,14.0,4.0,0.0,1.0,134.0,9.0,0.0,3.0,1.0,12.0,5.0,8.0,5.0,0.0,0.0,0.0,0,0,0.0,0.0,0,0.0,0.8530805687203792,5.971563981042655,1.7061611374407584,0.0,0.4265402843601896,57.156398104265406,3.8388625592417065,0.0,1.2796208530805686,0.4265402843601896,5.118483412322274,2.132701421800948,3.4123222748815167,2.132701421800948,0.0,0.0,0.0,0.0,0.0,0.0,0.0,0.0,0.0
39121,Chidera Ejuke,https://media.api-sports.io/football/players/39121.png,Attacker,F,140,La Liga,536,Sevilla,210,7,2,6.904047619047619,50.0,92.98245614035088,42.857142857142854,36.36363636363637,1.0,2.0,1.0,1.0,0.0,57.0,1.0,3.0,0.0,2.0,35.0,15.0,22.0,8.0,1.0,2.0,2.0,1,0,0.0,0.0,0,0.0,0.4285714285714286,0.8571428571428572,0.4285714285714286,0.4285714285714286,0.0,24.428571428571427,0.4285714285714286,1.2857142857142856,0.0,0.8571428571428572,15.0,6.428571428571428,9.428571428571429,3.428571428571429,0.4285714285714286,0.8571428571428572,0.8571428571428572,0.4285714285714286,0.0,0.0,0.0,0.0,0.0
277862,Joël Monteiro,https://media.api-sports.io/football/players/277862.png,Midfielder,F,135,Serie A,867,Lecce,210,3,3,6.707619047619048,0.0,71.11111111111111,47.91666666666667,46.666666666666664,0.0,1.0,0.0,0.0,0.0,45.0,1.0,8.0,0.0,1.0,48.0,23.0,15.0,7.0,2.0,0.0,6.0,0,0,0.0,0.0,0,0.0,0.0,0.4285714285714286,0.0,0.0,0.0,19.285714285714285,0.4285714285714286,3.428571428571429,0.0,0.4285714285714286,20.57142857142857,9.857142857142858,6.428571428571428,3.0,0.8571428571428572,0.0,2.571428571428571,0.0,0.0,0.0,0.0,0.0,0.0
56396,Junior Messias,https://media.api-sports.io/football/players/56396.png,Attacker,F,135,Serie A,495,Genoa,210,5,1,7.438095238095238,75.0,77.96610169491525,76.59574468085107,78.57142857142857,1.0,4.0,3.0,0.0,0.0,59.0,4.0,14.0,2.0,1.0,47.0,36.0,14.0,11.0,1.0,7.0,2.0,0,0,0.0,0.0,0,0.0,0.4285714285714286,1.7142857142857144,1.2857142857142856,0.0,0.0,25.285714285714285,1.7142857142857144,6.0,0.8571428571428572,0.4285714285714286,20.142857142857142,15.428571428571429,6.0,4.714285714285714,0.4285714285714286,3.0,0.8571428571428572,0.0,0.0,0.0,0.0,0.0,0.0
2292,Ruben Loftus-Cheek,https://media.api-sports.io/football/players/2292.png,Midfielder,F,135,Serie A,489,AC Milan,210,5,3,6.4714285714285715,0.0,93.5064935064935,33.33333333333333,40.0,0.0,3.0,0.0,0.0,0.0,77.0,8.0,1.0,1.0,0.0,21.0,7.0,5.0,2.0,0.0,2.0,2.0,0,0,0.0,0.0,0,0.0,0.0,1.2857142857142856,0.0,0.0,0.0,33.0,3.428571428571429,0.4285714285714286,0.4285714285714286,0.0,9.0,3.0,2.142857142857143,0.8571428571428572,0.0,0.8571428571428572,0.8571428571428572,0.0,0.0,0.0,0.0,0.0,0.0
332308,Unai Gómez,https://media.api-sports.io/football/players/332308.png,Midfielder,F,135,Serie A,494,Udinese,210,5,3,6.315714285714287,100.0,79.62962962962963,34.61538461538461,33.33333333333333,0.0,1.0,1.0,0.0,1.0,54.0,3.0,2.0,0.0,0.0,26.0,9.0,3.0,1.0,0.0,4.0,4.0,1,0,0.0,0.0,0,0.0,0.0,0.4285714285714286,0.4285714285714286,0.0,0.4285714285714286,23.14285714285714,1.2857142857142856,0.8571428571428572,0.0,0.0,11.142857142857142,3.857142857142857,1.2857142857142856,0.4285714285714286,0.0,1.7142857142857144,1.7142857142857144,0.4285714285714286,0.0,0.0,0.0,0.0,0.0
115,M. Sylla,https://media.api-sports.io/football/players/115.png,Attacker,F,78,Bundesliga,174,FC Schalke 04,208,3,3,6.366153846153846,50.0,55.88235294117647,32.142857142857146,33.33333333333333,0.0,4.0,2.0,0.0,0.0,34.0,2.0,2.0,0.0,0.0,28.0,9.0,3.0,1.0,1.0,3.0,0.0,0,0,0.0,0.0,0,0.0,0.0,1.7307692307692308,0.8653846153846154,0.0,0.0,14.711538461538462,0.8653846153846154,0.8653846153846154,0.0,0.0,12.115384615384615,3.894230769230769,1.2980769230769231,0.4326923076923077,0.4326923076923077,1.2980769230769231,0.0,0.0,0.0,0.0,0.0,0.0,0.0
1098,P. Daka,https://media.api-sports.io/football/players/1098.png,Attacker,F,78,Bundesliga,175,Hamburger SV,208,4,4,6.390673076923077,0.0,71.11111111111111,56.00000000000001,100.0,1.0,8.0,0.0,0.0,0.0,45.0,4.0,5.0,3.0,1.0,25.0,14.0,3.0,3.0,0.0,3.0,3.0,0,0,0.0,0.0,0,0.0,0.4326923076923077,3.4615384615384617,0.0,0.0,0.0,19.471153846153847,1.7307692307692308,2.1634615384615388,1.2980769230769231,0.4326923076923077,10.817307692307693,6.0576923076923075,1.2980769230769231,1.2980769230769231,0.0,1.2980769230769231,1.2980769230769231,0.0,0.0,0.0,0.0,0.0,0.0
278095,Jonathan Rowe,https://media.api-sports.io/football/players/278095.png,Attacker,F,135,Serie A,499,Atalanta,204,4,2,6.988235294117646,40.0,78.57142857142857,70.96774193548387,75.0,1.0,5.0,2.0,0.0,0.0,56.0,2.0,3.0,0.0,0.0,31.0,22.0,8.0,6.0,1.0,10.0,3.0,0,0,0.0,0.0,0,0.0,0.4411764705882353,2.2058823529411766,0.8823529411764706,0.0,0.0,24.705882352941178,0.8823529411764706,1.3235294117647058,0.0,0.0,13.676470588235293,9.705882352941178,3.5294117647058822,2.6470588235294117,0.4411764705882353,4.411764705882353,1.3235294117647058,0.0,0.0,0.0,0.0,0.0,0.0
46930,E. Demirović,https://media.api-sports.io/football/players/46930.png,Attacker,F,78,Bundesliga,172,VfB Stuttgart,202,4,3,6.123514851485149,57.14285714285714,62.5,32.0,50.0,1.0,7.0,4.0,1.0,0.0,40.0,1.0,1.0,1.0,1.0,25.0,8.0,2.0,1.0,0.0,4.0,3.0,1,0,0.0,0.0,0,0.0,0.44554455445544555,3.118811881188119,1.7821782178217822,0.44554455445544555,0.0,17.821782178217823,0.44554455445544555,0.44554455445544555,0.44554455445544555,0.44554455445544555,11.138613861386139,3.5643564356435644,0.8910891089108911,0.44554455445544555,0.0,1.7821782178217822,1.3366336633663365,0.44554455445544555,0.0,0.0,0.0,0.0,0.0
85772,J. Le Douaron,https://media.api-sports.io/football/players/85772.png,Attacker,F,61,Ligue 1,110,Estac Troyes,197,3,2,6.70010152284264,28.57142857142857,64.28571428571429,48.57142857142857,50.0,2.0,7.0,2.0,1.0,0.0,42.0,3.0,2.0,0.0,0.0,35.0,17.0,2.0,1.0,0.0,4.0,3.0,0,0,0.0,0.0,0,0.0,0.9137055837563451,3.197969543147208,0.9137055837563451,0.45685279187817257,0.0,19.18781725888325,1.3705583756345179,0.9137055837563451,0.0,0.0,15.98984771573604,7.7664974619289335,0.9137055837563451,0.45685279187817257,0.0,1.8274111675126903,1.3705583756345179,0.0,0.0,0.0,0.0,0.0,0.0
8643,Konan N'Dri,https://media.api-sports.io/football/players/8643.png,Midfielder,F,135,Serie A,867,Lecce,196,5,2,6.5984693877551015,0.0,65.11627906976744,41.66666666666667,38.46153846153847,0.0,3.0,0.0,0.0,0.0,43.0,0.0,7.0,0.0,1.0,36.0,15.0,13.0,5.0,2.0,3.0,4.0,1,0,0.0,0.0,0,0.0,0.0,1.3775510204081631,0.0,0.0,0.0,19.744897959183675,0.0,3.214285714285714,0.0,0.4591836734693877,16.53061224489796,6.887755102040816,5.969387755102042,2.295918367346939,0.9183673469387754,1.3775510204081631,1.8367346938775508,0.4591836734693877,0.0,0.0,0.0,0.0,0.0
50739,Brenden Aaronson,https://media.api-sports.io/football/players/50739.png,Midfielder,F,39,Premier League,63,Leeds,195,5,2,6.445641025641026,100.0,71.7948717948718,41.66666666666667,40.0,0.0,1.0,1.0,0.0,0.0,39.0,0.0,3.0,0.0,0.0,36.0,15.0,5.0,2.0,7.0,6.0,1.0,0,0,0.0,0.0,0,0.0,0.0,0.46153846153846156,0.46153846153846156,0.0,0.0,18.0,0.0,1.3846153846153846,0.0,0.0,16.615384615384617,6.923076923076923,2.3076923076923075,0.9230769230769231,3.2307692307692304,2.769230769230769,0.46153846153846156,0.0,0.0,0.0,0.0,0.0,0.0
322560,Lucas Stassin,https://media.api-sports.io/football/players/322560.png,Attacker,F,140,La Liga,536,Sevilla,195,3,2,6.815641025641026,66.66666666666666,62.5,48.0,60.0,0.0,6.0,4.0,1.0,0.0,32.0,2.0,1.0,0.0,0.0,25.0,12.0,5.0,3.0,1.0,2.0,0.0,0,0,0.0,0.0,0,0.0,0.0,2.769230769230769,1.8461538461538463,0.46153846153846156,0.0,14.76923076923077,0.9230769230769231,0.46153846153846156,0.0,0.0,11.538461538461537,5.538461538461538,2.3076923076923075,1.3846153846153846,0.46153846153846156,0.9230769230769231,0.0,0.0,0.0,0.0,0.0,0.0,0.0
72155,Ayase Ueda,https://media.api-sports.io/football/players/72155.png,Attacker,F,61,Ligue 1,79,Lille,194,3,2,7.083195876288659,77.77777777777779,83.33333333333334,27.77777777777778,33.33333333333333,1.0,9.0,7.0,2.0,0.0,30.0,2.0,1.0,0.0,0.0,18.0,5.0,3.0,1.0,0.0,0.0,7.0,0,0,0.0,0.0,0,0.0,0.4639175257731959,4.175257731958763,3.2474226804123707,0.9278350515463918,0.0,13.917525773195877,0.9278350515463918,0.4639175257731959,0.0,0.0,8.350515463917526,2.319587628865979,1.3917525773195876,0.4639175257731959,0.0,0.0,3.2474226804123707,0.0,0.0,0.0,0.0,0.0,0.0
405237,K. Boudache,https://media.api-sports.io/football/players/405237.png,Attacker,F,61,Ligue 1,80,Lyon,194,5,4,6.934020618556702,20.0,78.94736842105263,48.0,40.0,3.0,5.0,1.0,0.0,0.0,57.0,1.0,3.0,0.0,1.0,25.0,12.0,10.0,4.0,3.0,5.0,2.0,0,0,0.0,0.0,0,0.0,1.3917525773195876,2.319587628865979,0.4639175257731959,0.0,0.0,26.443298969072167,0.4639175257731959,1.3917525773195876,0.0,0.4639175257731959,11.597938144329895,5.56701030927835,4.639175257731958,1.8556701030927836,1.3917525773195876,2.319587628865979,0.9278350515463918,0.0,0.0,0.0,0.0,0.0,0.0
203040,T. Lemperle,https://media.api-sports.io/football/players/203040.png,Attacker,F,78,Bundesliga,167,1899 Hoffenheim,194,3,3,6.630721649484536,50.0,77.94117647058823,30.0,20.0,0.0,6.0,3.0,1.0,0.0,68.0,6.0,1.0,3.0,0.0,20.0,6.0,5.0,1.0,0.0,0.0,4.0,0,0,0.0,0.0,0,0.0,0.0,2.783505154639175,1.3917525773195876,0.4639175257731959,0.0,31.546391752577318,2.783505154639175,0.4639175257731959,1.3917525773195876,0.0,9.278350515463917,2.783505154639175,2.319587628865979,0.4639175257731959,0.0,0.0,1.8556701030927836,0.0,0.0,0.0,0.0,0.0,0.0
19524,Che Adams,https://media.api-sports.io/football/players/19524.png,Attacker,F,135,Serie A,503,Torino,193,3,2,6.941968911917098,100.0,83.33333333333334,36.84210526315789,100.0,0.0,3.0,3.0,2.0,0.0,48.0,2.0,1.0,0.0,0.0,19.0,7.0,1.0,1.0,1.0,2.0,3.0,0,0,0.0,0.0,0,0.0,0.0,1.3989637305699483,1.3989637305699483,0.9326424870466321,0.0,22.383419689119172,0.9326424870466321,0.46632124352331605,0.0,0.0,8.860103626943005,3.264248704663212,0.46632124352331605,0.46632124352331605,0.46632124352331605,0.9326424870466321,1.3989637305699483,0.0,0.0,0.0,0.0,0.0,0.0
1649,Patrick Cutrone,https://media.api-sports.io/football/players/1649.png,Attacker,F,135,Serie A,1579,Monza,192,4,2,6.65625,25.0,70.2127659574468,52.38095238095239,66.66666666666666,3.0,4.0,1.0,0.0,0.0,47.0,4.0,3.0,0.0,0.0,21.0,11.0,3.0,2.0,0.0,3.0,4.0,0,0,0.0,0.0,0,0.0,1.40625,1.875,0.46875,0.0,0.0,22.03125,1.875,1.40625,0.0,0.0,9.84375,5.15625,1.40625,0.9375,0.0,1.40625,1.875,0.0,0.0,0.0,0.0,0.0,0.0
37439,R. Ache,https://media.api-sports.io/football/players/37439.png,Attacker,F,78,Bundesliga,192,1. FC Köln,192,4,4,6.559895833333333,12.5,65.71428571428571,44.18604651162791,66.66666666666666,0.0,8.0,1.0,1.0,0.0,35.0,4.0,0.0,5.0,0.0,43.0,19.0,3.0,2.0,0.0,5.0,0.0,0,0,0.0,0.0,0,0.0,0.0,3.75,0.46875,0.46875,0.0,16.40625,1.875,0.0,2.34375,0.0,20.15625,8.90625,1.40625,0.9375,0.0,2.34375,0.0,0.0,0.0,0.0,0.0,0.0,0.0
66817,Nikola Krstović,https://media.api-sports.io/football/players/66817.png,Attacker,F,135,Serie A,499,Atalanta,191,5,1,6.504188481675392,60.0,73.68421052631578,23.076923076923077,0.0,0.0,5.0,3.0,1.0,0.0,57.0,3.0,0.0,1.0,0.0,26.0,6.0,3.0,0.0,0.0,3.0,2.0,1,0,0.0,0.0,0,0.0,0.0,2.356020942408377,1.413612565445026,0.47120418848167545,0.0,26.858638743455497,1.413612565445026,0.0,0.47120418848167545,0.0,12.251308900523561,2.827225130890052,1.413612565445026,0.0,0.0,1.413612565445026,0.9424083769633509,0.47120418848167545,0.0,0.0,0.0,0.0,0.0
328225,B. Gruda,https://media.api-sports.io/football/players/328225.png,Attacker,F,78,Bundesliga,173,RB Leipzig,189,3,3,7.355555555555556,40.0,79.76190476190477,50.0,53.333333333333336,0.0,5.0,2.0,0.0,0.0,84.0,3.0,2.0,0.0,0.0,30.0,15.0,15.0,8.0,1.0,5.0,4.0,0,0,0.0,0.0,0,0.0,0.0,2.380952380952381,0.9523809523809523,0.0,0.0,40.0,1.4285714285714284,0.9523809523809523,0.0,0.0,14.285714285714285,7.142857142857142,7.142857142857142,3.8095238095238093,0.47619047619047616,2.380952380952381,1.9047619047619047,0.0,0.0,0.0,0.0,0.0,0.0
200139,Mohamed Amoura,https://media.api-sports.io/football/players/200139.png,Attacker,F,61,Ligue 1,84,Nice,188,3,2,7.168191489361702,25.0,75.86206896551724,42.857142857142854,33.33333333333333,0.0,4.0,1.0,1.0,0.0,58.0,3.0,7.0,1.0,1.0,28.0,12.0,6.0,2.0,1.0,2.0,3.0,1,0,0.0,0.0,0,0.0,0.0,1.9148936170212765,0.4787234042553191,0.4787234042553191,0.0,27.76595744680851,1.4361702127659572,3.351063829787234,0.4787234042553191,0.4787234042553191,13.404255319148936,5.744680851063829,2.8723404255319145,0.9574468085106382,0.4787234042553191,0.9574468085106382,1.4361702127659572,0.4787234042553191,0.0,0.0,0.0,0.0,0.0
342035,Cristian Volpato,https://media.api-sports.io/football/players/342035.png,Attacker,F,135,Serie A,488,Sassuolo,186,3,3,7.42043010752688,100.0,84.50704225352112,50.0,33.33333333333333,1.0,4.0,4.0,1.0,0.0,71.0,8.0,3.0,0.0,0.0,18.0,9.0,6.0,2.0,1.0,3.0,3.0,1,0,0.0,0.0,0,0.0,0.4838709677419355,1.935483870967742,1.935483870967742,0.4838709677419355,0.0,34.354838709677416,3.870967741935484,1.4516129032258065,0.0,0.0,8.709677419354838,4.354838709677419,2.903225806451613,0.967741935483871,0.4838709677419355,1.4516129032258065,1.4516129032258065,0.4838709677419355,0.0,0.0,0.0,0.0,0.0
1417,Alexis Saelemaekers,https://media.api-sports.io/football/players/1417.png,Attacker,F,135,Serie A,489,AC Milan,185,5,2,7.14108108108108,0.0,86.32478632478633,53.333333333333336,16.666666666666664,0.0,1.0,0.0,0.0,1.0,117.0,4.0,9.0,0.0,2.0,30.0,16.0,6.0,1.0,4.0,5.0,3.0,0,0,0.0,0.0,0,0.0,0.0,0.4864864864864865,0.0,0.0,0.4864864864864865,56.91891891891892,1.945945945945946,4.378378378378379,0.0,0.972972972972973,14.594594594594595,7.783783783783784,2.9189189189189193,0.4864864864864865,1.945945945945946,2.4324324324324325,1.4594594594594597,0.0,0.0,0.0,0.0,0.0,0.0
544,Noa Lang,https://media.api-sports.io/football/players/544.png,Attacker,F,135,Serie A,492,Napoli,183,5,2,6.750819672131148,0.0,90.54054054054053,42.10526315789473,28.57142857142857,1.0,4.0,0.0,0.0,0.0,74.0,2.0,4.0,1.0,0.0,19.0,8.0,7.0,2.0,1.0,0.0,1.0,0,0,0.0,0.0,0,0.0,0.4918032786885246,1.9672131147540983,0.0,0.0,0.0,36.39344262295082,0.9836065573770492,1.9672131147540983,0.4918032786885246,0.0,9.344262295081968,3.9344262295081966,3.4426229508196724,0.9836065573770492,0.4918032786885246,0.0,0.4918032786885246,0.0,0.0,0.0,0.0,0.0,0.0
133729,Tijjani Noslin,https://media.api-sports.io/football/players/133729.png,Attacker,F,135,Serie A,487,Lazio,183,5,2,7.052459016393442,60.0,70.45454545454545,33.33333333333333,100.0,2.0,5.0,3.0,2.0,0.0,44.0,1.0,0.0,1.0,0.0,15.0,5.0,1.0,1.0,2.0,2.0,1.0,0,0,0.0,0.0,0,0.0,0.9836065573770492,2.459016393442623,1.4754098360655739,0.9836065573770492,0.0,21.63934426229508,0.4918032786885246,0.0,0.4918032786885246,0.0,7.377049180327869,2.459016393442623,0.4918032786885246,0.4918032786885246,0.9836065573770492,0.9836065573770492,0.4918032786885246,0.0,0.0,0.0,0.0,0.0,0.0
310943,Alisson Santos,https://media.api-sports.io/football/players/310943.png,Attacker,F,135,Serie A,492,Napoli,180,3,2,6.7,25.0,76.92307692307693,45.45454545454545,40.0,0.0,4.0,1.0,0.0,0.0,39.0,2.0,2.0,0.0,0.0,11.0,5.0,5.0,2.0,2.0,1.0,0.0,0,0,0.0,0.0,0,0.0,0.0,2.0,0.5,0.0,0.0,19.5,1.0,1.0,0.0,0.0,5.5,2.5,2.5,1.0,1.0,0.5,0.0,0.0,0.0,0.0,0.0,0.0,0.0
202951,Franjo Ivanović,https://media.api-sports.io/football/players/202951.png,Attacker,F,61,Ligue 1,116,Lens,180,5,3,7.394444444444445,100.0,63.888888888888886,54.54545454545454,66.66666666666666,1.0,4.0,4.0,2.0,0.0,36.0,2.0,4.0,0.0,1.0,33.0,18.0,12.0,8.0,1.0,4.0,4.0,1,0,0.0,0.0,0,0.0,0.5,2.0,2.0,1.0,0.0,18.0,1.0,2.0,0.0,0.5,16.5,9.0,6.0,4.0,0.5,2.0,2.0,0.5,0.0,0.0,0.0,0.0,0.0
21004,Lucien Agoumé,https://media.api-sports.io/football/players/21004.png,Midfielder,M,140,La Liga,536,Sevilla,630,7,7,7.0,0.0,85.32423208191126,50.74626865671642,66.66666666666666,0.0,4.0,0.0,0.0,0.0,293.0,2.0,21.0,3.0,12.0,67.0,34.0,6.0,4.0,6.0,6.0,13.0,2,0,0.0,0.0,0,0.0,0.0,0.5714285714285714,0.0,0.0,0.0,41.85714285714286,0.2857142857142857,3.0,0.4285714285714286,1.7142857142857144,9.571428571428571,4.857142857142858,0.8571428571428572,0.5714285714285714,0.8571428571428572,0.8571428571428572,1.8571428571428572,0.2857142857142857,0.0,0.0,0.0,0.0,0.0
139001,Pablo Ibáñez,https://media.api-sports.io/football/players/139001.png,Midfielder,M,140,La Liga,542,Alaves,580,7,7,6.829913793103448,25.0,78.04878048780488,47.22222222222222,53.84615384615385,1.0,8.0,2.0,1.0,0.0,205.0,2.0,8.0,1.0,8.0,72.0,34.0,13.0,7.0,8.0,12.0,13.0,1,0,0.0,0.0,0,0.0,0.15517241379310345,1.2413793103448276,0.3103448275862069,0.15517241379310345,0.0,31.810344827586206,0.3103448275862069,1.2413793103448276,0.15517241379310345,1.2413793103448276,11.172413793103448,5.275862068965517,2.0172413793103448,1.0862068965517242,1.2413793103448276,1.8620689655172413,2.0172413793103448,0.15517241379310345,0.0,0.0,0.0,0.0,0.0
333502,Miguel Román,https://media.api-sports.io/football/players/333502.png,Midfielder,M,140,La Liga,538,Celta Vigo,579,7,6,7.201036269430053,14.285714285714285,88.22115384615384,60.60606060606061,75.0,0.0,7.0,1.0,1.0,2.0,416.0,7.0,9.0,3.0,2.0,33.0,20.0,4.0,3.0,2.0,4.0,3.0,0,0,0.0,0.0,0,0.0,0.0,1.0880829015544042,0.15544041450777202,0.15544041450777202,0.31088082901554404,64.66321243523316,1.0880829015544042,1.3989637305699483,0.46632124352331605,0.31088082901554404,5.129533678756477,3.1088082901554404,0.6217616580310881,0.46632124352331605,0.31088082901554404,0.6217616580310881,0.46632124352331605,0.0,0.0,0.0,0.0,0.0,0.0
190253,David Larrubia,https://media.api-sports.io/football/players/190253.png,Attacker,M,140,La Liga,535,Malaga,574,7,6,6.522299651567945,28.57142857142857,80.66298342541437,40.74074074074074,35.55555555555556,1.0,7.0,2.0,0.0,0.0,181.0,10.0,20.0,1.0,6.0,108.0,44.0,45.0,16.0,11.0,7.0,6.0,3,0,0.0,0.0,0,0.0,0.156794425087108,1.0975609756097562,0.313588850174216,0.0,0.0,28.37979094076655,1.5679442508710801,3.1358885017421603,0.156794425087108,0.9407665505226481,16.933797909407666,6.898954703832752,7.05574912891986,2.508710801393728,1.724738675958188,1.0975609756097562,0.9407665505226481,0.47038327526132406,0.0,0.0,0.0,0.0,0.0
46982,Gonzalo Villar,https://media.api-sports.io/football/players/46982.png,Midfielder,M,140,La Liga,797,Elche,573,7,7,6.627748691099476,100.0,88.23529411764706,58.75,60.0,0.0,3.0,3.0,0.0,1.0,340.0,8.0,15.0,0.0,5.0,80.0,47.0,10.0,6.0,1.0,20.0,14.0,2,0,0.0,0.0,0,0.0,0.0,0.47120418848167545,0.47120418848167545,0.0,0.15706806282722513,53.403141361256544,1.256544502617801,2.356020942408377,0.0,0.7853403141361257,12.565445026178011,7.38219895287958,1.5706806282722514,0.9424083769633509,0.15706806282722513,3.141361256544503,2.1989528795811517,0.31413612565445026,0.0,0.0,0.0,0.0,0.0
315699,Javier Guerra,https://media.api-sports.io/football/players/315699.png,Midfielder,M,140,La Liga,532,Valencia,565,7,7,6.601079646017698,14.285714285714285,73.01587301587301,40.0,52.38095238095239,1.0,7.0,1.0,0.0,1.0,189.0,6.0,6.0,1.0,1.0,60.0,24.0,21.0,11.0,3.0,6.0,3.0,1,0,0.0,1.0,0,0.0,0.1592920353982301,1.1150442477876106,0.1592920353982301,0.0,0.1592920353982301,30.106194690265486,0.9557522123893805,0.9557522123893805,0.1592920353982301,0.1592920353982301,9.557522123893806,3.823008849557522,3.3451327433628317,1.752212389380531,0.47787610619469023,0.9557522123893805,0.47787610619469023,0.1592920353982301,0.0,0.0,0.1592920353982301,0.0,0.0
762,Vinícius Júnior,https://media.api-sports.io/football/players/762.png,Midfielder,M,140,La Liga,541,Real Madrid,565,7,7,7.126548672566372,33.33333333333333,79.44444444444444,56.16438356164384,41.37931034482759,2.0,18.0,6.0,1.0,3.0,180.0,13.0,6.0,1.0,0.0,73.0,41.0,29.0,12.0,6.0,23.0,6.0,2,0,1.0,0.0,0,0.0,0.3185840707964602,2.8672566371681416,0.9557522123893805,0.1592920353982301,0.47787610619469023,28.672566371681416,2.0707964601769913,0.9557522123893805,0.1592920353982301,0.0,11.628318584070797,6.530973451327434,4.619469026548672,1.911504424778761,0.9557522123893805,3.663716814159292,0.9557522123893805,0.3185840707964602,0.0,0.1592920353982301,0.0,0.0,0.0
756,Federico Valverde,https://media.api-sports.io/football/players/756.png,Midfielder,M,140,La Liga,541,Real Madrid,564,7,7,7.089627659574467,25.0,91.90751445086705,60.0,60.0,0.0,4.0,1.0,0.0,1.0,346.0,5.0,8.0,2.0,5.0,30.0,18.0,5.0,3.0,4.0,3.0,3.0,0,0,0.0,0.0,0,0.0,0.0,0.6382978723404256,0.1595744680851064,0.0,0.1595744680851064,55.21276595744681,0.797872340425532,1.2765957446808511,0.3191489361702128,0.797872340425532,4.787234042553192,2.8723404255319145,0.797872340425532,0.4787234042553191,0.6382978723404256,0.4787234042553191,0.4787234042553191,0.0,0.0,0.0,0.0,0.0,0.0
183751,Abderrahman Rebbach,https://media.api-sports.io/football/players/183751.png,Midfielder,M,140,La Liga,542,Alaves,561,7,7,6.578253119429589,75.0,78.75,55.88235294117647,47.05882352941176,0.0,4.0,3.0,0.0,0.0,160.0,0.0,16.0,1.0,11.0,68.0,38.0,17.0,8.0,6.0,7.0,10.0,3,0,0.0,1.0,0,0.0,0.0,0.6417112299465241,0.48128342245989303,0.0,0.0,25.668449197860962,0.0,2.5668449197860963,0.16042780748663102,1.7647058823529411,10.90909090909091,6.096256684491978,2.7272727272727275,1.2834224598930482,0.9625668449197861,1.1229946524064172,1.6042780748663101,0.48128342245989303,0.0,0.0,0.16042780748663102,0.0,0.0
388495,Javier Hernández,https://media.api-sports.io/football/players/388495.png,Midfielder,M,140,La Liga,540,Espanyol,561,7,7,6.4757575757575765,50.0,80.41958041958041,28.735632183908045,28.57142857142857,1.0,8.0,4.0,0.0,4.0,143.0,13.0,8.0,0.0,1.0,87.0,25.0,21.0,6.0,5.0,11.0,15.0,1,0,0.0,0.0,0,0.0,0.16042780748663102,1.2834224598930482,0.6417112299465241,0.0,0.6417112299465241,22.941176470588232,2.085561497326203,1.2834224598930482,0.0,0.16042780748663102,13.9572192513369,4.010695187165775,3.368983957219251,0.9625668449197861,0.8021390374331551,1.7647058823529411,2.406417112299465,0.16042780748663102,0.0,0.0,0.0,0.0,0.0
46799,Edu Expósito,https://media.api-sports.io/football/players/46799.png,Midfielder,M,140,La Liga,540,Espanyol,558,7,6,7.1840143369175635,9.090909090909092,86.44578313253012,54.41176470588235,64.70588235294117,0.0,11.0,1.0,0.0,0.0,332.0,16.0,14.0,2.0,2.0,68.0,37.0,17.0,11.0,3.0,5.0,6.0,2,0,0.0,0.0,0,0.0,0.0,1.7741935483870968,0.16129032258064516,0.0,0.0,53.54838709677419,2.5806451612903225,2.2580645161290325,0.3225806451612903,0.3225806451612903,10.96774193548387,5.967741935483871,2.7419354838709675,1.7741935483870968,0.4838709677419355,0.8064516129032258,0.967741935483871,0.3225806451612903,0.0,0.0,0.0,0.0,0.0
47285,Unai López,https://media.api-sports.io/football/players/47285.png,Midfielder,M,140,La Liga,728,Rayo Vallecano,556,7,7,6.951528776978417,25.0,84.50704225352112,46.666666666666664,66.66666666666666,0.0,4.0,1.0,0.0,3.0,355.0,16.0,15.0,4.0,5.0,60.0,28.0,6.0,4.0,6.0,5.0,9.0,2,0,0.0,0.0,0,0.0,0.0,0.6474820143884893,0.16187050359712232,0.0,0.48561151079136694,57.46402877697842,2.589928057553957,2.4280575539568345,0.6474820143884893,0.8093525179856115,9.712230215827338,4.532374100719425,0.9712230215827339,0.6474820143884893,0.9712230215827339,0.8093525179856115,1.4568345323741008,0.32374100719424465,0.0,0.0,0.0,0.0,0.0
24882,Orel Mangala,https://media.api-sports.io/football/players/24882.png,Midfielder,M,140,La Liga,546,Getafe,554,7,6,6.637292418772564,0.0,88.52459016393442,39.53488372093023,75.0,0.0,1.0,0.0,0.0,0.0,183.0,2.0,5.0,1.0,14.0,43.0,17.0,4.0,3.0,4.0,6.0,12.0,1,0,0.0,0.0,0,0.0,0.0,0.1624548736462094,0.0,0.0,0.0,29.729241877256314,0.3249097472924188,0.8122743682310469,0.1624548736462094,2.2743682310469313,6.985559566787004,2.7617328519855593,0.6498194945848376,0.48736462093862815,0.6498194945848376,0.9747292418772563,1.9494584837545126,0.1624548736462094,0.0,0.0,0.0,0.0,0.0
7332,Luka Sučić,https://media.api-sports.io/football/players/7332.png,Attacker,M,140,La Liga,548,Real Sociedad,551,7,7,7.012032667876588,42.857142857142854,89.83739837398373,44.73684210526316,50.0,0.0,14.0,6.0,3.0,0.0,246.0,8.0,6.0,3.0,2.0,38.0,17.0,12.0,6.0,5.0,2.0,4.0,2,0,0.0,0.0,0,0.0,0.0,2.2867513611615244,0.9800362976406534,0.4900181488203267,0.0,40.18148820326679,1.306715063520871,0.9800362976406534,0.4900181488203267,0.32667876588021777,6.206896551724138,2.7767695099818512,1.9600725952813067,0.9800362976406534,0.8166969147005445,0.32667876588021777,0.6533575317604355,0.32667876588021777,0.0,0.0,0.0,0.0,0.0
47293,Iñigo Vicente,https://media.api-sports.io/football/players/47293.png,Midfielder,M,140,La Liga,4665,Racing Santander,544,7,6,6.955036764705883,33.33333333333333,75.91240875912408,44.303797468354425,40.909090909090914,2.0,3.0,1.0,0.0,2.0,411.0,17.0,11.0,0.0,4.0,79.0,35.0,22.0,9.0,10.0,14.0,9.0,2,0,0.0,0.0,0,0.0,0.33088235294117646,0.4963235294117647,0.16544117647058823,0.0,0.33088235294117646,67.99632352941177,2.8125,1.8198529411764708,0.0,0.6617647058823529,13.069852941176471,5.790441176470588,3.6397058823529416,1.4889705882352942,1.6544117647058825,2.316176470588235,1.4889705882352942,0.33088235294117646,0.0,0.0,0.0,0.0,0.0
346865,Lorenzo Amatucci,https://media.api-sports.io/football/players/346865.png,Midfielder,M,140,La Liga,544,Deportivo La Coruna,540,6,6,6.904999999999999,,90.21406727828746,50.72463768115942,28.57142857142857,0.0,0.0,0.0,0.0,1.0,327.0,3.0,18.0,5.0,6.0,69.0,35.0,7.0,2.0,5.0,6.0,13.0,3,0,0.0,0.0,0,0.0,0.0,0.0,0.0,0.0,0.16666666666666669,54.49999999999999,0.5,3.0,0.8333333333333333,1.0,11.5,5.833333333333333,1.1666666666666667,0.33333333333333337,0.8333333333333333,1.0,2.1666666666666665,0.5,0.0,0.0,0.0,0.0,0.0
187987,Ramón Terrats,https://media.api-sports.io/football/players/187987.png,Midfielder,M,140,La Liga,546,Getafe,532,6,6,7.244699248120301,35.294117647058826,79.62962962962963,65.15151515151516,64.70588235294117,1.0,17.0,6.0,1.0,0.0,162.0,10.0,7.0,3.0,3.0,66.0,43.0,17.0,11.0,0.0,17.0,9.0,2,0,0.0,0.0,0,0.0,0.16917293233082706,2.87593984962406,1.0150375939849623,0.16917293233082706,0.0,27.406015037593985,1.6917293233082706,1.1842105263157894,0.5075187969924811,0.5075187969924811,11.165413533834586,7.274436090225564,2.87593984962406,1.8609022556390977,0.0,2.87593984962406,1.5225563909774436,0.3383458646616541,0.0,0.0,0.0,0.0,0.0
47543,Álvaro García,https://media.api-sports.io/football/players/47543.png,Attacker,M,140,La Liga,728,Rayo Vallecano,530,7,6,6.576415094339621,44.44444444444444,63.63636363636363,38.46153846153847,33.33333333333333,2.0,9.0,4.0,2.0,2.0,110.0,3.0,8.0,2.0,8.0,39.0,15.0,9.0,3.0,2.0,1.0,5.0,1,0,0.0,1.0,0,0.0,0.33962264150943394,1.5283018867924527,0.6792452830188679,0.33962264150943394,0.33962264150943394,18.67924528301887,0.5094339622641509,1.3584905660377358,0.33962264150943394,1.3584905660377358,6.622641509433962,2.547169811320755,1.5283018867924527,0.5094339622641509,0.33962264150943394,0.16981132075471697,0.8490566037735848,0.16981132075471697,0.0,0.0,0.16981132075471697,0.0,0.0
129718,Jude Bellingham,https://media.api-sports.io/football/players/129718.png,Midfielder,M,140,La Liga,541,Real Madrid,529,7,6,7.955198487712666,50.0,90.53497942386831,61.44578313253012,67.85714285714286,0.0,14.0,7.0,3.0,2.0,243.0,17.0,12.0,3.0,3.0,83.0,51.0,28.0,19.0,2.0,17.0,6.0,1,0,0.0,0.0,0,0.0,0.0,2.381852551984877,1.1909262759924386,0.5103969754253308,0.3402646502835539,41.342155009451794,2.892249527410208,2.041587901701323,0.5103969754253308,0.5103969754253308,14.120982986767485,8.676748582230625,4.763705103969754,3.232514177693762,0.3402646502835539,2.892249527410208,1.0207939508506616,0.17013232514177695,0.0,0.0,0.0,0.0,0.0
162686,Antonio Blanco,https://media.api-sports.io/football/players/162686.png,Midfielder,M,140,La Liga,542,Alaves,526,7,6,6.658269961977187,0.0,85.88235294117646,43.63636363636363,20.0,0.0,7.0,0.0,0.0,0.0,255.0,2.0,17.0,3.0,14.0,55.0,24.0,5.0,1.0,7.0,4.0,12.0,3,0,0.0,0.0,0,0.0,0.0,1.1977186311787071,0.0,0.0,0.0,43.631178707224336,0.34220532319391633,2.908745247148289,0.5133079847908746,2.3954372623574143,9.410646387832701,4.106463878326997,0.8555133079847909,0.17110266159695817,1.1977186311787071,0.6844106463878327,2.0532319391634983,0.5133079847908746,0.0,0.0,0.0,0.0,0.0
20696,Pape Gueye,https://media.api-sports.io/football/players/20696.png,Midfielder,M,140,La Liga,533,Villarreal,526,7,6,7.3180608365019015,80.0,85.23002421307507,51.21951219512195,28.57142857142857,2.0,5.0,4.0,3.0,0.0,413.0,8.0,3.0,3.0,5.0,41.0,21.0,7.0,2.0,1.0,14.0,5.0,1,0,0.0,0.0,1,0.0,0.34220532319391633,0.8555133079847909,0.6844106463878327,0.5133079847908746,0.0,70.66539923954373,1.3688212927756653,0.5133079847908746,0.5133079847908746,0.8555133079847909,7.015209125475285,3.593155893536122,1.1977186311787071,0.34220532319391633,0.17110266159695817,2.3954372623574143,0.8555133079847909,0.17110266159695817,0.0,0.0,0.0,0.17110266159695817,0.0
9971,Antony,https://media.api-sports.io/football/players/9971.png,Midfielder,M,140,La Liga,543,Real Betis,522,7,6,7.109578544061303,65.0,86.18421052631578,63.26530612244898,62.5,0.0,20.0,13.0,0.0,0.0,304.0,8.0,8.0,0.0,5.0,49.0,31.0,16.0,10.0,1.0,9.0,7.0,0,0,0.0,0.0,0,0.0,0.0,3.4482758620689653,2.2413793103448274,0.0,0.0,52.41379310344828,1.379310344827586,1.379310344827586,0.0,0.8620689655172413,8.448275862068966,5.344827586206897,2.758620689655172,1.7241379310344827,0.17241379310344826,1.5517241379310345,1.206896551724138,0.0,0.0,0.0,0.0,0.0,0.0
128398,Oihan Sancet,https://media.api-sports.io/football/players/128398.png,Midfielder,M,140,La Liga,531,Athletic Club,515,6,6,6.808543689320389,35.714285714285715,79.61783439490446,49.18032786885246,63.1578947368421,3.0,14.0,5.0,1.0,0.0,157.0,9.0,2.0,0.0,2.0,61.0,30.0,19.0,12.0,2.0,10.0,3.0,0,0,0.0,0.0,0,1.0,0.5242718446601942,2.4466019417475726,0.8737864077669902,0.17475728155339806,0.0,27.436893203883493,1.5728155339805825,0.34951456310679613,0.0,0.34951456310679613,10.660194174757281,5.242718446601942,3.320388349514563,2.0970873786407767,0.34951456310679613,1.7475728155339805,0.5242718446601942,0.0,0.0,0.0,0.0,0.0,0.17475728155339806
48465,Filip Ugrinić,https://media.api-sports.io/football/players/48465.png,Midfielder,M,140,La Liga,532,Valencia,509,7,6,6.643811394891944,50.0,90.71428571428571,46.15384615384615,33.33333333333333,1.0,4.0,2.0,0.0,0.0,280.0,4.0,9.0,0.0,5.0,52.0,24.0,9.0,3.0,5.0,10.0,4.0,0,0,0.0,0.0,0,0.0,0.1768172888015717,0.7072691552062867,0.3536345776031434,0.0,0.0,49.50884086444008,0.7072691552062867,1.5913555992141453,0.0,0.8840864440078585,9.194499017681729,4.243614931237721,1.5913555992141453,0.5304518664047151,0.8840864440078585,1.768172888015717,0.7072691552062867,0.0,0.0,0.0,0.0,0.0,0.0
161965,Mario Soriano,https://media.api-sports.io/football/players/161965.png,Midfielder,M,140,La Liga,544,Deportivo La Coruna,508,7,6,6.875196850393701,25.0,91.01796407185628,54.285714285714285,100.0,0.0,4.0,1.0,0.0,2.0,334.0,7.0,8.0,1.0,4.0,35.0,19.0,2.0,2.0,0.0,7.0,5.0,1,0,0.0,0.0,0,0.0,0.0,0.7086614173228346,0.17716535433070865,0.0,0.3543307086614173,59.173228346456696,1.2401574803149606,1.4173228346456692,0.17716535433070865,0.7086614173228346,6.200787401574804,3.366141732283465,0.3543307086614173,0.3543307086614173,0.0,1.2401574803149606,0.8858267716535433,0.17716535433070865,0.0,0.0,0.0,0.0,0.0
1570,Sergio Canales,https://media.api-sports.io/football/players/1570.png,Midfielder,M,140,La Liga,4665,Racing Santander,507,7,6,6.49854043392505,55.55555555555556,86.36363636363636,48.97959183673469,50.0,0.0,9.0,5.0,1.0,0.0,242.0,2.0,7.0,1.0,2.0,49.0,24.0,12.0,6.0,4.0,9.0,5.0,1,0,0.0,0.0,0,0.0,0.0,1.5976331360946745,0.8875739644970414,0.1775147928994083,0.0,42.9585798816568,0.3550295857988166,1.242603550295858,0.1775147928994083,0.3550295857988166,8.698224852071005,4.260355029585798,2.130177514792899,1.0650887573964496,0.7100591715976332,1.5976331360946745,0.8875739644970414,0.1775147928994083,0.0,0.0,0.0,0.0,0.0
182603,Jon Ander Olasagasti,https://media.api-sports.io/football/players/182603.png,Midfielder,M,140,La Liga,539,Levante,505,6,6,6.7924554455445545,60.0,64.04494382022472,50.0,44.44444444444444,0.0,5.0,3.0,1.0,1.0,178.0,10.0,14.0,1.0,5.0,56.0,28.0,9.0,4.0,6.0,6.0,4.0,0,0,0.0,0.0,0,0.0,0.0,0.8910891089108911,0.5346534653465347,0.1782178217821782,0.1782178217821782,31.722772277227723,1.7821782178217822,2.495049504950495,0.1782178217821782,0.8910891089108911,9.98019801980198,4.99009900990099,1.6039603960396038,0.7128712871287128,1.0693069306930694,1.0693069306930694,0.7128712871287128,0.0,0.0,0.0,0.0,0.0,0.0
133609,Pedri,https://media.api-sports.io/football/players/133609.png,Midfielder,M,140,La Liga,529,Barcelona,502,7,6,7.165856573705179,20.0,92.43498817966903,46.15384615384615,57.14285714285714,0.0,5.0,1.0,1.0,1.0,423.0,15.0,9.0,0.0,0.0,39.0,18.0,7.0,4.0,10.0,5.0,1.0,0,0,0.0,0.0,0,0.0,0.0,0.896414342629482,0.17928286852589642,0.17928286852589642,0.17928286852589642,75.83665338645419,2.6892430278884465,1.6135458167330679,0.0,0.0,6.99203187250996,3.2270916334661357,1.254980079681275,0.7171314741035857,1.792828685258964,0.896414342629482,0.17928286852589642,0.0,0.0,0.0,0.0,0.0,0.0
546798,Miguel Sierra,https://media.api-sports.io/football/players/546798.png,Attacker,M,140,La Liga,536,Sevilla,496,7,7,7.059012096774194,55.55555555555556,75.96899224806202,50.495049504950494,60.0,1.0,9.0,5.0,2.0,0.0,129.0,7.0,12.0,1.0,1.0,101.0,51.0,30.0,18.0,10.0,14.0,7.0,2,0,1.0,0.0,0,0.0,0.1814516129032258,1.6330645161290325,0.907258064516129,0.3629032258064516,0.0,23.407258064516128,1.2701612903225805,2.1774193548387095,0.1814516129032258,0.1814516129032258,18.326612903225808,9.254032258064516,5.443548387096774,3.266129032258065,1.814516129032258,2.540322580645161,1.2701612903225805,0.3629032258064516,0.0,0.1814516129032258,0.0,0.0,0.0
46662,Jon Moncayola,https://media.api-sports.io/football/players/46662.png,Midfielder,M,140,La Liga,727,Osasuna,493,7,6,6.633468559837729,100.0,85.5813953488372,46.34146341463415,100.0,0.0,1.0,1.0,0.0,0.0,215.0,1.0,15.0,0.0,6.0,41.0,19.0,1.0,1.0,1.0,1.0,6.0,2,0,0.0,0.0,0,0.0,0.0,0.18255578093306288,0.18255578093306288,0.0,0.0,39.249492900608516,0.18255578093306288,2.738336713995943,0.0,1.0953346855983772,7.484787018255578,3.4685598377281948,0.18255578093306288,0.18255578093306288,0.18255578093306288,0.18255578093306288,1.0953346855983772,0.36511156186612576,0.0,0.0,0.0,0.0,0.0
162123,Ilaix Moriba,https://media.api-sports.io/football/players/162123.png,Midfielder,M,140,La Liga,538,Celta Vigo,492,7,6,7.0147560975609755,20.0,92.83387622149837,45.23809523809524,66.66666666666666,0.0,5.0,1.0,1.0,0.0,307.0,1.0,12.0,0.0,5.0,42.0,19.0,3.0,2.0,2.0,5.0,3.0,0,0,0.0,0.0,0,0.0,0.0,0.9146341463414633,0.1829268292682927,0.1829268292682927,0.0,56.15853658536586,0.1829268292682927,2.1951219512195124,0.0,0.9146341463414633,7.682926829268293,3.475609756097561,0.5487804878048781,0.3658536585365854,0.3658536585365854,0.9146341463414633,0.5487804878048781,0.0,0.0,0.0,0.0,0.0,0.0
331369,Ángel Pérez,https://media.api-sports.io/football/players/331369.png,Midfielder,M,140,La Liga,542,Alaves,492,7,6,7.023252032520325,50.0,74.10714285714286,52.27272727272727,47.82608695652174,7.0,8.0,4.0,0.0,3.0,114.0,10.0,6.0,1.0,5.0,44.0,23.0,23.0,11.0,2.0,4.0,4.0,0,0,0.0,0.0,0,0.0,1.2804878048780488,1.4634146341463417,0.7317073170731708,0.0,0.5487804878048781,20.853658536585368,1.8292682926829267,1.0975609756097562,0.1829268292682927,0.9146341463414633,8.048780487804878,4.2073170731707314,4.2073170731707314,2.0121951219512195,0.3658536585365854,0.7317073170731708,0.7317073170731708,0.0,0.0,0.0,0.0,0.0,0.0
182621,Iker Muñoz,https://media.api-sports.io/football/players/182621.png,Midfielder,M,140,La Liga,727,Osasuna,476,7,6,6.599264705882353,50.0,82.85714285714286,43.39622641509434,50.0,0.0,2.0,1.0,0.0,0.0,280.0,3.0,2.0,2.0,7.0,53.0,23.0,6.0,3.0,6.0,8.0,10.0,1,0,0.0,0.0,0,0.0,0.0,0.37815126050420167,0.18907563025210083,0.0,0.0,52.94117647058824,0.5672268907563025,0.37815126050420167,0.37815126050420167,1.3235294117647058,10.021008403361344,4.34873949579832,1.134453781512605,0.5672268907563025,1.134453781512605,1.5126050420168067,1.8907563025210086,0.18907563025210083,0.0,0.0,0.0,0.0,0.0
323935,Giuliano Simeone,https://media.api-sports.io/football/players/323935.png,Midfielder,M,140,La Liga,530,Atletico Madrid,474,7,5,6.95337552742616,28.57142857142857,76.05633802816901,47.88732394366197,25.0,3.0,7.0,2.0,2.0,2.0,213.0,5.0,15.0,2.0,6.0,71.0,34.0,8.0,2.0,9.0,6.0,7.0,0,0,1.0,0.0,0,0.0,0.569620253164557,1.3291139240506329,0.37974683544303794,0.37974683544303794,0.37974683544303794,40.44303797468355,0.9493670886075949,2.848101265822785,0.37974683544303794,1.139240506329114,13.481012658227849,6.455696202531645,1.5189873417721518,0.37974683544303794,1.7088607594936709,1.139240506329114,1.3291139240506329,0.0,0.0,0.18987341772151897,0.0,0.0,0.0
106727,Oriol Rey,https://media.api-sports.io/football/players/106727.png,Midfielder,M,140,La Liga,539,Levante,473,6,6,6.703805496828753,0.0,88.76404494382022,40.0,0.0,0.0,1.0,0.0,0.0,0.0,178.0,1.0,8.0,4.0,4.0,35.0,14.0,3.0,0.0,2.0,2.0,7.0,0,0,0.0,0.0,0,0.0,0.0,0.19027484143763215,0.0,0.0,0.0,33.86892177589852,0.19027484143763215,1.5221987315010572,0.7610993657505286,0.7610993657505286,6.659619450317125,2.66384778012685,0.5708245243128964,0.0,0.3805496828752643,0.3805496828752643,1.331923890063425,0.0,0.0,0.0,0.0,0.0,0.0
162034,Carlos Dotor,https://media.api-sports.io/football/players/162034.png,Midfielder,M,140,La Liga,535,Malaga,467,6,6,6.9203426124197,75.0,84.39999999999999,50.0,66.66666666666666,2.0,4.0,3.0,1.0,0.0,250.0,5.0,12.0,0.0,4.0,42.0,21.0,6.0,4.0,4.0,3.0,7.0,0,0,0.0,0.0,0,0.0,0.3854389721627409,0.7708779443254818,0.5781584582441114,0.19271948608137046,0.0,48.179871520342616,0.9635974304068522,2.3126338329764455,0.0,0.7708779443254818,8.09421841541756,4.04710920770878,1.1563169164882228,0.7708779443254818,0.7708779443254818,0.5781584582441114,1.3490364025695931,0.0,0.0,0.0,0.0,0.0,0.0
930,Carlos Soler,https://media.api-sports.io/football/players/930.png,Midfielder,M,140,La Liga,548,Real Sociedad,464,7,6,7.151681034482759,50.0,89.01515151515152,50.0,50.0,1.0,4.0,2.0,1.0,2.0,264.0,11.0,7.0,2.0,2.0,32.0,16.0,6.0,3.0,4.0,5.0,3.0,0,0,0.0,0.0,1,0.0,0.1939655172413793,0.7758620689655172,0.3879310344827586,0.1939655172413793,0.3879310344827586,51.20689655172414,2.133620689655172,1.3577586206896552,0.3879310344827586,0.3879310344827586,6.206896551724138,3.103448275862069,1.1637931034482758,0.5818965517241379,0.7758620689655172,0.9698275862068966,0.5818965517241379,0.0,0.0,0.0,0.0,0.1939655172413793,0.0
157988,Sergio Carreira,https://media.api-sports.io/football/players/157988.png,Defender,M,140,La Liga,538,Celta Vigo,456,7,6,6.801293859649124,33.33333333333333,82.08955223880598,48.148148148148145,57.14285714285714,3.0,3.0,1.0,0.0,0.0,268.0,4.0,2.0,1.0,2.0,27.0,13.0,7.0,4.0,0.0,7.0,4.0,1,0,0.0,0.0,0,0.0,0.5921052631578947,0.5921052631578947,0.19736842105263158,0.0,0.0,52.89473684210527,0.7894736842105263,0.39473684210526316,0.19736842105263158,0.39473684210526316,5.328947368421052,2.56578947368421,1.381578947368421,0.7894736842105263,0.0,1.381578947368421,0.7894736842105263,0.19736842105263158,0.0,0.0,0.0,0.0,0.0
182219,Alex Baena,https://media.api-sports.io/football/players/182219.png,Attacker,M,140,La Liga,530,Atletico Madrid,455,7,5,7.654945054945056,53.84615384615385,83.1896551724138,25.53191489361702,0.0,2.0,13.0,7.0,4.0,1.0,232.0,14.0,3.0,1.0,9.0,47.0,12.0,7.0,0.0,3.0,8.0,10.0,1,0,0.0,0.0,0,0.0,0.3956043956043956,2.571428571428571,1.3846153846153846,0.7912087912087912,0.1978021978021978,45.89010989010988,2.769230769230769,0.5934065934065934,0.1978021978021978,1.7802197802197801,9.296703296703296,2.3736263736263736,1.3846153846153846,0.0,0.5934065934065934,1.5824175824175823,1.978021978021978,0.1978021978021978,0.0,0.0,0.0,0.0,0.0
1697,Pablo Fornals,https://media.api-sports.io/football/players/1697.png,Midfielder,M,140,La Liga,543,Real Betis,455,7,5,6.871208791208791,0.0,85.18518518518519,50.0,50.0,0.0,5.0,0.0,0.0,0.0,324.0,12.0,3.0,0.0,5.0,28.0,14.0,8.0,4.0,4.0,5.0,4.0,0,0,0.0,0.0,0,0.0,0.0,0.989010989010989,0.0,0.0,0.0,64.08791208791209,2.3736263736263736,0.5934065934065934,0.0,0.989010989010989,5.538461538461538,2.769230769230769,1.5824175824175823,0.7912087912087912,0.7912087912087912,0.989010989010989,0.7912087912087912,0.0,0.0,0.0,0.0,0.0,0.0
91358,Emanuele Valeri,https://media.api-sports.io/football/players/91358.png,Midfielder,M,135,Serie A,523,Parma,454,5,5,6.902643171806168,50.0,68.86792452830188,58.620689655172406,50.0,0.0,2.0,1.0,0.0,0.0,106.0,9.0,7.0,1.0,4.0,29.0,17.0,6.0,3.0,4.0,4.0,1.0,0,0,0.0,0.0,0,0.0,0.0,0.39647577092511016,0.19823788546255508,0.0,0.0,21.013215859030836,1.7841409691629957,1.3876651982378854,0.19823788546255508,0.7929515418502203,5.748898678414097,3.370044052863436,1.1894273127753305,0.5947136563876653,0.7929515418502203,0.7929515418502203,0.19823788546255508,0.0,0.0,0.0,0.0,0.0,0.0
19281,Antoine Semenyo,https://media.api-sports.io/football/players/19281.png,Midfielder,M,39,Premier League,50,Manchester City,450,5,5,7.104,80.0,89.3491124260355,31.57894736842105,21.052631578947366,4.0,5.0,4.0,2.0,3.0,169.0,10.0,6.0,0.0,1.0,57.0,18.0,19.0,4.0,3.0,6.0,7.0,0,0,0.0,0.0,0,0.0,0.8,1.0,0.8,0.4,0.6000000000000001,33.8,2.0,1.2000000000000002,0.0,0.2,11.4,3.6,3.8000000000000003,0.8,0.6000000000000001,1.2000000000000002,1.4,0.0,0.0,0.0,0.0,0.0,0.0
402386,Arsène Kouassi,https://media.api-sports.io/football/players/402386.png,Midfielder,M,61,Ligue 1,97,Lorient,450,5,5,6.6,0.0,82.17821782178217,50.0,33.33333333333333,0.0,1.0,0.0,0.0,1.0,202.0,8.0,4.0,1.0,4.0,36.0,18.0,12.0,4.0,2.0,7.0,3.0,1,0,0.0,0.0,0,0.0,0.0,0.2,0.0,0.0,0.2,40.4,1.6,0.8,0.2,0.8,7.2,3.6,2.4000000000000004,0.8,0.4,1.4,0.6000000000000001,0.2,0.0,0.0,0.0,0.0,0.0
37652,B. van den Boomen,https://media.api-sports.io/football/players/37652.png,Midfielder,M,61,Ligue 1,77,Angers,450,5,5,7.418,25.0,84.43708609271523,50.0,,0.0,4.0,1.0,1.0,1.0,302.0,13.0,11.0,2.0,1.0,30.0,15.0,0.0,0.0,5.0,3.0,3.0,1,0,0.0,0.0,0,0.0,0.0,0.8,0.2,0.2,0.2,60.4,2.6,2.2,0.4,0.2,6.0,3.0,0.0,0.0,1.0,0.6000000000000001,0.6000000000000001,0.2,0.0,0.0,0.0,0.0,0.0
1485,Bruno Fernandes,https://media.api-sports.io/football/players/1485.png,Midfielder,M,39,Premier League,33,Manchester United,450,5,5,7.414000000000001,55.55555555555556,84.92307692307692,37.5,50.0,0.0,9.0,5.0,3.0,1.0,325.0,13.0,4.0,1.0,1.0,24.0,9.0,6.0,3.0,3.0,1.0,3.0,0,0,0.0,0.0,1,0.0,0.0,1.8,1.0,0.6000000000000001,0.2,65.0,2.6,0.8,0.2,0.2,4.800000000000001,1.8,1.2000000000000002,0.6000000000000001,0.6000000000000001,0.2,0.6000000000000001,0.0,0.0,0.0,0.0,0.2,0.0
20589,Bryan Mbeumo,https://media.api-sports.io/football/players/20589.png,Midfielder,M,39,Premier League,33,Manchester United,450,5,5,6.824000000000001,50.0,88.53503184713377,30.909090909090907,21.428571428571427,2.0,12.0,6.0,2.0,0.0,157.0,10.0,5.0,0.0,4.0,55.0,17.0,14.0,3.0,4.0,5.0,4.0,1,0,0.0,0.0,0,0.0,0.4,2.4000000000000004,1.2000000000000002,0.4,0.0,31.400000000000002,2.0,1.0,0.0,0.8,11.0,3.4,2.8,0.6000000000000001,0.8,1.0,0.8,0.2,0.0,0.0,0.0,0.0,0.0
50956,Cristian Cásseres Jr.,https://media.api-sports.io/football/players/50956.png,Midfielder,M,61,Ligue 1,96,Toulouse,450,5,5,8.2,20.0,85.87962962962963,68.11594202898551,63.63636363636363,0.0,5.0,1.0,0.0,4.0,432.0,18.0,23.0,3.0,4.0,69.0,47.0,11.0,7.0,3.0,10.0,10.0,1,0,0.0,0.0,0,0.0,0.0,1.0,0.2,0.0,0.8,86.39999999999999,3.6,4.6000000000000005,0.6000000000000001,0.8,13.799999999999999,9.4,2.2,1.4,0.6000000000000001,2.0,2.0,0.2,0.0,0.0,0.0,0.0,0.0
2279,Ethan Ampadu,https://media.api-sports.io/football/players/2279.png,Midfielder,M,39,Premier League,63,Leeds,450,5,5,7.12,0.0,82.88288288288288,52.5,100.0,1.0,1.0,0.0,0.0,0.0,222.0,5.0,12.0,3.0,11.0,40.0,21.0,1.0,1.0,5.0,4.0,4.0,0,0,0.0,0.0,0,0.0,0.2,0.2,0.0,0.0,0.0,44.4,1.0,2.4000000000000004,0.6000000000000001,2.2,8.0,4.2,0.2,0.2,1.0,0.8,0.8,0.0,0.0,0.0,0.0,0.0,0.0
1464,Granit Xhaka,https://media.api-sports.io/football/players/1464.png,Midfielder,M,39,Premier League,746,Sunderland,450,5,5,7.686,0.0,86.77966101694915,59.57446808510638,66.66666666666666,0.0,1.0,0.0,0.0,0.0,295.0,13.0,9.0,3.0,6.0,47.0,28.0,6.0,4.0,2.0,10.0,5.0,2,0,0.0,0.0,0,0.0,0.0,0.2,0.0,0.0,0.0,59.0,2.6,1.8,0.6000000000000001,1.2000000000000002,9.4,5.6,1.2000000000000002,0.8,0.4,2.0,1.0,0.4,0.0,0.0,0.0,0.0,0.0
48047,Jesper Karlström,https://media.api-sports.io/football/players/48047.png,Midfielder,M,135,Serie A,494,Udinese,450,5,5,6.86,66.66666666666666,82.95964125560538,50.0,50.0,0.0,3.0,2.0,1.0,0.0,223.0,4.0,8.0,5.0,4.0,24.0,12.0,2.0,1.0,4.0,2.0,5.0,2,0,0.0,0.0,0,0.0,0.0,0.6000000000000001,0.4,0.2,0.0,44.6,0.8,1.6,1.0,0.8,4.800000000000001,2.4000000000000004,0.4,0.2,0.8,0.4,1.0,0.4,0.0,0.0,0.0,0.0,0.0
323625,K. Danois,https://media.api-sports.io/football/players/323625.png,Midfielder,M,61,Ligue 1,108,Auxerre,450,5,5,6.652,20.0,80.8362369337979,57.8125,80.0,0.0,5.0,1.0,0.0,0.0,287.0,9.0,16.0,0.0,5.0,64.0,37.0,10.0,8.0,3.0,9.0,10.0,1,0,0.0,1.0,0,0.0,0.0,1.0,0.2,0.0,0.0,57.4,1.8,3.2,0.0,1.0,12.8,7.4,2.0,1.6,0.6000000000000001,1.8,2.0,0.2,0.0,0.0,0.2,0.0,0.0
374058,Lamine Camara,https://media.api-sports.io/football/players/374058.png,Midfielder,M,61,Ligue 1,91,Monaco,450,5,5,7.44,50.0,91.9298245614035,64.7887323943662,54.54545454545454,0.0,2.0,1.0,0.0,1.0,285.0,3.0,26.0,0.0,8.0,71.0,46.0,11.0,6.0,5.0,11.0,7.0,2,0,0.0,0.0,0,0.0,0.0,0.4,0.2,0.0,0.2,57.0,0.6000000000000001,5.2,0.0,1.6,14.2,9.200000000000001,2.2,1.2000000000000002,1.0,2.2,1.4,0.4,0.0,0.0,0.0,0.0,0.0
1748,Lassana Coulibaly,https://media.api-sports.io/football/players/1748.png,Midfielder,M,135,Serie A,867,Lecce,450,5,5,7.26,60.0,83.04093567251462,54.0,37.5,0.0,5.0,3.0,2.0,1.0,171.0,5.0,7.0,0.0,3.0,50.0,27.0,8.0,3.0,8.0,11.0,3.0,0,0,0.0,0.0,0,0.0,0.0,1.0,0.6000000000000001,0.4,0.2,34.2,1.0,1.4,0.0,0.6000000000000001,10.0,5.3999999999999995,1.6,0.6000000000000001,1.6,2.2,0.6000000000000001,0.0,0.0,0.0,0.0,0.0,0.0
44814,Lewis Ferguson,https://media.api-sports.io/football/players/44814.png,Midfielder,M,135,Serie A,500,Bologna,450,5,5,7.4,33.33333333333333,93.03944315545245,53.191489361702125,33.33333333333333,2.0,3.0,1.0,0.0,0.0,431.0,5.0,13.0,4.0,4.0,47.0,25.0,3.0,1.0,4.0,5.0,13.0,0,0,0.0,0.0,0,0.0,0.4,0.6000000000000001,0.2,0.0,0.0,86.19999999999999,1.0,2.6,0.8,0.8,9.4,5.0,0.6000000000000001,0.2,0.8,1.0,2.6,0.0,0.0,0.0,0.0,0.0,0.0
30505,Michel Adopo,https://media.api-sports.io/football/players/30505.png,Midfielder,M,135,Serie A,490,Cagliari,450,5,5,6.78,100.0,85.0574712643678,37.5,33.33333333333333,2.0,2.0,2.0,0.0,2.0,174.0,8.0,3.0,0.0,3.0,32.0,12.0,6.0,2.0,3.0,2.0,3.0,0,0,0.0,0.0,0,0.0,0.4,0.4,0.4,0.0,0.4,34.8,1.6,0.6000000000000001,0.0,0.6000000000000001,6.4,2.4000000000000004,1.2000000000000002,0.4,0.6000000000000001,0.4,0.6000000000000001,0.0,0.0,0.0,0.0,0.0,0.0
15881,Morten Frendrup,https://media.api-sports.io/football/players/15881.png,Midfielder,M,135,Serie A,495,Genoa,450,5,5,6.84,50.0,89.6694214876033,59.45945945945946,60.0,1.0,2.0,1.0,0.0,0.0,242.0,5.0,9.0,3.0,16.0,37.0,22.0,5.0,3.0,6.0,4.0,3.0,0,0,0.0,0.0,0,0.0,0.2,0.4,0.2,0.0,0.0,48.4,1.0,1.8,0.6000000000000001,3.2,7.4,4.4,1.0,0.6000000000000001,1.2000000000000002,0.8,0.6000000000000001,0.0,0.0,0.0,0.0,0.0,0.0
138780,Neco Williams,https://media.api-sports.io/football/players/138780.png,Midfielder,M,39,Premier League,65,Nottingham Forest,450,5,5,7.224,25.0,76.875,54.54545454545454,20.0,1.0,4.0,1.0,0.0,0.0,160.0,8.0,14.0,3.0,0.0,55.0,30.0,5.0,1.0,5.0,9.0,6.0,0,0,1.0,0.0,0,0.0,0.2,0.8,0.2,0.0,0.0,32.0,1.6,2.8,0.6000000000000001,0.0,11.0,6.0,1.0,0.2,1.0,1.8,1.2000000000000002,0.0,0.0,0.2,0.0,0.0,0.0
30558,Nicolò Barella,https://media.api-sports.io/football/players/30558.png,Midfielder,M,135,Serie A,505,Inter,450,5,5,7.28,71.42857142857143,89.28571428571429,60.71428571428571,81.81818181818183,0.0,7.0,5.0,1.0,1.0,280.0,15.0,4.0,1.0,1.0,28.0,17.0,11.0,9.0,2.0,4.0,3.0,1,0,0.0,0.0,0,0.0,0.0,1.4,1.0,0.2,0.2,56.0,3.0,0.8,0.2,0.2,5.6,3.4,2.2,1.8,0.4,0.8,0.6000000000000001,0.2,0.0,0.0,0.0,0.0,0.0
18970,P. Groß,https://media.api-sports.io/football/players/18970.png,Midfielder,M,39,Premier League,51,Brighton,450,5,5,7.638,33.33333333333333,89.0282131661442,36.666666666666664,,0.0,9.0,3.0,3.0,3.0,319.0,15.0,7.0,2.0,4.0,30.0,11.0,0.0,0.0,2.0,0.0,8.0,2,0,0.0,0.0,1,0.0,0.0,1.8,0.6000000000000001,0.6000000000000001,0.6000000000000001,63.800000000000004,3.0,1.4,0.4,0.8,6.0,2.2,0.0,0.0,0.4,0.0,1.6,0.4,0.0,0.0,0.0,0.2,0.0
2735,P. Højbjerg,https://media.api-sports.io/football/players/2735.png,Midfielder,M,61,Ligue 1,81,Marseille,450,5,5,7.18,50.0,89.87341772151899,51.28205128205128,75.0,0.0,10.0,5.0,1.0,0.0,395.0,5.0,8.0,1.0,8.0,39.0,20.0,4.0,3.0,3.0,2.0,6.0,0,0,0.0,0.0,0,0.0,0.0,2.0,1.0,0.2,0.0,79.0,1.0,1.6,0.2,1.6,7.800000000000001,4.0,0.8,0.6000000000000001,0.6000000000000001,0.4,1.2000000000000002,0.0,0.0,0.0,0.0,0.0,0.0
22170,Pierre Lees Melou,https://media.api-sports.io/football/players/22170.png,Midfielder,M,61,Ligue 1,114,Paris FC,450,5,5,7.296,0.0,90.19607843137256,66.66666666666666,100.0,0.0,4.0,0.0,0.0,0.0,306.0,2.0,20.0,1.0,7.0,48.0,32.0,3.0,3.0,5.0,7.0,5.0,0,0,0.0,0.0,0,0.0,0.0,0.8,0.0,0.0,0.0,61.2,0.4,4.0,0.2,1.4,9.600000000000001,6.4,0.6000000000000001,0.6000000000000001,1.0,1.4,1.0,0.0,0.0,0.0,0.0,0.0,0.0
25073,V. Janelt,https://media.api-sports.io/football/players/25073.png,Midfielder,M,39,Premier League,55,Brentford,450,5,5,7.132000000000001,66.66666666666666,82.51121076233184,53.333333333333336,100.0,0.0,3.0,2.0,2.0,0.0,223.0,5.0,17.0,3.0,16.0,45.0,24.0,1.0,1.0,4.0,2.0,9.0,3,0,0.0,0.0,0,0.0,0.0,0.6000000000000001,0.4,0.4,0.0,44.6,1.0,3.4,0.6000000000000001,3.2,9.0,4.800000000000001,0.2,0.2,0.8,0.4,1.8,0.6000000000000001,0.0,0.0,0.0,0.0,0.0
18778,Harvey Barnes,https://media.api-sports.io/football/players/18778.png,Midfielder,M,39,Premier League,34,Newcastle,449,5,5,7.001113585746102,57.14285714285714,82.17821782178217,48.717948717948715,28.57142857142857,0.0,7.0,4.0,1.0,2.0,101.0,6.0,3.0,0.0,3.0,39.0,19.0,7.0,2.0,4.0,10.0,5.0,0,0,0.0,0.0,0,0.0,0.0,1.4031180400890868,0.8017817371937639,0.20044543429844097,0.40089086859688194,20.244988864142538,1.2026726057906458,0.6013363028953229,0.0,0.6013363028953229,7.817371937639198,3.8084632516703785,1.4031180400890868,0.40089086859688194,0.8017817371937639,2.0044543429844097,1.0022271714922049,0.0,0.0,0.0,0.0,0.0,0.0
177665,Anton Stach,https://media.api-sports.io/football/players/177665.png,Midfielder,M,39,Premier League,63,Leeds,448,5,5,7.141071428571428,50.0,68.75,56.25,28.57142857142857,0.0,4.0,2.0,1.0,0.0,144.0,6.0,13.0,2.0,11.0,64.0,36.0,7.0,2.0,5.0,9.0,10.0,0,0,0.0,0.0,0,0.0,0.0,0.8035714285714285,0.40178571428571425,0.20089285714285712,0.0,28.92857142857143,1.2053571428571428,2.611607142857143,0.40178571428571425,2.2098214285714284,12.857142857142856,7.232142857142858,1.40625,0.40178571428571425,1.0044642857142858,1.8080357142857144,2.0089285714285716,0.0,0.0,0.0,0.0,0.0,0.0
178077,K. Schade,https://media.api-sports.io/football/players/178077.png,Midfielder,M,39,Premier League,55,Brentford,448,5,5,7.189508928571429,54.54545454545454,63.8095238095238,47.22222222222222,25.0,0.0,11.0,6.0,3.0,0.0,105.0,3.0,7.0,3.0,0.0,72.0,34.0,16.0,4.0,2.0,8.0,2.0,0,0,1.0,0.0,0,0.0,0.0,2.2098214285714284,1.2053571428571428,0.6026785714285714,0.0,21.09375,0.6026785714285714,1.40625,0.6026785714285714,0.0,14.464285714285715,6.830357142857142,3.214285714285714,0.8035714285714285,0.40178571428571425,1.607142857142857,0.40178571428571425,0.0,0.0,0.20089285714285712,0.0,0.0,0.0
148099,Kiernan Dewsbury-Hall,https://media.api-sports.io/football/players/148099.png,Midfielder,M,39,Premier League,45,Everton,448,5,5,7.441071428571428,41.66666666666667,87.43455497382199,53.06122448979592,46.15384615384615,0.0,12.0,5.0,1.0,0.0,191.0,11.0,11.0,2.0,1.0,49.0,26.0,13.0,6.0,3.0,8.0,1.0,1,0,0.0,0.0,0,0.0,0.0,2.4107142857142856,1.0044642857142858,0.20089285714285712,0.0,38.370535714285715,2.2098214285714284,2.2098214285714284,0.40178571428571425,0.20089285714285712,9.84375,5.223214285714286,2.611607142857143,1.2053571428571428,0.6026785714285714,1.607142857142857,0.20089285714285712,0.20089285714285712,0.0,0.0,0.0,0.0,0.0
340626,Fermín López,https://media.api-sports.io/football/players/340626.png,Midfielder,M,140,La Liga,529,Barcelona,447,7,5,7.638031319910515,80.0,83.18181818181817,44.06779661016949,66.66666666666666,3.0,10.0,8.0,4.0,2.0,220.0,11.0,7.0,1.0,2.0,59.0,26.0,12.0,8.0,5.0,7.0,8.0,1,0,0.0,0.0,0,0.0,0.6040268456375839,2.0134228187919465,1.610738255033557,0.8053691275167785,0.40268456375838924,44.29530201342282,2.214765100671141,1.4093959731543624,0.20134228187919462,0.40268456375838924,11.879194630872483,5.23489932885906,2.4161073825503356,1.610738255033557,1.0067114093959733,1.4093959731543624,1.610738255033557,0.20134228187919462,0.0,0.0,0.0,0.0,0.0
304853,Alex Scott,https://media.api-sports.io/football/players/304853.png,Midfielder,M,39,Premier League,35,Bournemouth,446,5,5,7.141255605381166,33.33333333333333,81.6,58.92857142857143,66.66666666666666,0.0,3.0,1.0,1.0,0.0,250.0,11.0,9.0,0.0,8.0,56.0,33.0,6.0,4.0,6.0,17.0,4.0,1,0,0.0,0.0,0,0.0,0.0,0.6053811659192826,0.20179372197309417,0.20179372197309417,0.0,50.44843049327354,2.219730941704036,1.8161434977578474,0.0,1.6143497757847534,11.300448430493274,6.659192825112108,1.2107623318385652,0.8071748878923767,1.2107623318385652,3.430493273542601,0.8071748878923767,0.20179372197309417,0.0,0.0,0.0,0.0,0.0
405360,Harrison Armstrong,https://media.api-sports.io/football/players/405360.png,Midfielder,M,39,Premier League,45,Everton,446,5,5,6.5544843049327355,0.0,89.03225806451613,36.84210526315789,40.0,0.0,3.0,0.0,0.0,1.0,155.0,4.0,8.0,1.0,4.0,38.0,14.0,5.0,2.0,2.0,2.0,9.0,2,0,0.0,0.0,0,0.0,0.0,0.6053811659192826,0.0,0.0,0.20179372197309417,31.2780269058296,0.8071748878923767,1.6143497757847534,0.20179372197309417,0.8071748878923767,7.668161434977578,2.8251121076233185,1.0089686098654709,0.40358744394618834,0.40358744394618834,0.40358744394618834,1.8161434977578474,0.40358744394618834,0.0,0.0,0.0,0.0,0.0
394183,Alessandro Romano,https://media.api-sports.io/football/players/394183.png,Midfielder,M,135,Serie A,490,Cagliari,445,5,5,7.0415730337078655,71.42857142857143,88.23529411764706,47.368421052631575,28.57142857142857,0.0,7.0,5.0,1.0,0.0,221.0,3.0,11.0,3.0,3.0,38.0,18.0,7.0,2.0,2.0,4.0,6.0,0,0,0.0,0.0,0,0.0,0.0,1.4157303370786518,1.0112359550561798,0.20224719101123598,0.0,44.69662921348315,0.6067415730337079,2.2247191011235956,0.6067415730337079,0.6067415730337079,7.685393258426966,3.6404494382022468,1.4157303370786518,0.40449438202247195,0.40449438202247195,0.8089887640449439,1.2134831460674158,0.0,0.0,0.0,0.0,0.0,0.0
275394,Antoine Hainaut,https://media.api-sports.io/football/players/275394.png,Midfielder,M,135,Serie A,517,Venezia,445,5,5,7.10561797752809,33.33333333333333,86.82926829268293,46.93877551020408,42.857142857142854,3.0,6.0,2.0,1.0,1.0,205.0,7.0,7.0,0.0,4.0,49.0,23.0,7.0,3.0,5.0,3.0,11.0,0,0,0.0,0.0,0,0.0,0.6067415730337079,1.2134831460674158,0.40449438202247195,0.20224719101123598,0.20224719101123598,41.46067415730337,1.4157303370786518,1.4157303370786518,0.0,0.8089887640449439,9.910112359550562,4.651685393258426,1.4157303370786518,0.6067415730337079,1.0112359550561798,0.6067415730337079,2.2247191011235956,0.0,0.0,0.0,0.0,0.0,0.0
19260,Jay DaSilva,https://media.api-sports.io/football/players/19260.png,Defender,M,39,Premier League,1346,Coventry,445,5,5,6.800898876404495,66.66666666666666,82.35294117647058,50.0,70.0,0.0,3.0,2.0,1.0,0.0,153.0,4.0,4.0,4.0,4.0,30.0,15.0,10.0,7.0,2.0,0.0,2.0,0,0,0.0,0.0,0,0.0,0.0,0.6067415730337079,0.40449438202247195,0.20224719101123598,0.0,30.9438202247191,0.8089887640449439,0.8089887640449439,0.8089887640449439,0.8089887640449439,6.067415730337078,3.033707865168539,2.0224719101123596,1.4157303370786518,0.40449438202247195,0.0,0.40449438202247195,0.0,0.0,0.0,0.0,0.0,0.0
174708,Y. Belkhdim,https://media.api-sports.io/football/players/174708.png,Midfielder,M,61,Ligue 1,77,Angers,445,5,5,6.61123595505618,0.0,87.00564971751412,44.73684210526316,0.0,0.0,1.0,0.0,0.0,0.0,177.0,4.0,13.0,1.0,8.0,38.0,17.0,3.0,0.0,3.0,4.0,7.0,1,0,0.0,0.0,0,0.0,0.0,0.20224719101123598,0.0,0.0,0.0,35.79775280898876,0.8089887640449439,2.6292134831460676,0.20224719101123598,1.6179775280898878,7.685393258426966,3.438202247191011,0.6067415730337079,0.0,0.6067415730337079,0.8089887640449439,1.4157303370786518,0.20224719101123598,0.0,0.0,0.0,0.0,0.0
1904,Boubacar Kamara,https://media.api-sports.io/football/players/1904.png,Midfielder,M,39,Premier League,66,Aston Villa,444,5,5,6.620945945945945,0.0,87.60330578512396,50.0,50.0,0.0,1.0,0.0,0.0,1.0,242.0,4.0,9.0,0.0,2.0,52.0,26.0,6.0,3.0,4.0,7.0,9.0,0,0,0.0,0.0,0,0.0,0.0,0.20270270270270271,0.0,0.0,0.20270270270270271,49.05405405405405,0.8108108108108109,1.8243243243243243,0.0,0.40540540540540543,10.54054054054054,5.27027027027027,1.2162162162162162,0.6081081081081081,0.8108108108108109,1.4189189189189189,1.8243243243243243,0.0,0.0,0.0,0.0,0.0,0.0
19328,Matt Grimes,https://media.api-sports.io/football/players/19328.png,Midfielder,M,39,Premier League,1346,Coventry,444,5,5,6.743783783783783,0.0,83.9506172839506,60.60606060606061,0.0,0.0,3.0,0.0,0.0,0.0,243.0,2.0,9.0,4.0,2.0,33.0,20.0,1.0,0.0,5.0,5.0,3.0,0,0,0.0,0.0,0,0.0,0.0,0.6081081081081081,0.0,0.0,0.0,49.25675675675675,0.40540540540540543,1.8243243243243243,0.8108108108108109,0.40540540540540543,6.6891891891891895,4.0540540540540535,0.20270270270270271,0.0,1.0135135135135134,1.0135135135135134,0.6081081081081081,0.0,0.0,0.0,0.0,0.0,0.0
23363,Noah Cadiou,https://media.api-sports.io/football/players/23363.png,Midfielder,M,61,Ligue 1,97,Lorient,444,5,5,6.7851351351351346,0.0,82.08469055374593,52.38095238095239,50.0,0.0,7.0,0.0,0.0,0.0,307.0,4.0,7.0,1.0,4.0,42.0,22.0,8.0,4.0,3.0,5.0,4.0,0,0,0.0,0.0,0,0.0,0.0,1.4189189189189189,0.0,0.0,0.0,62.22972972972973,0.8108108108108109,1.4189189189189189,0.20270270270270271,0.8108108108108109,8.513513513513514,4.45945945945946,1.6216216216216217,0.8108108108108109,0.6081081081081081,1.0135135135135134,0.8108108108108109,0.0,0.0,0.0,0.0,0.0,0.0
47225,Roger Brugué,https://media.api-sports.io/football/players/47225.png,Midfielder,M,140,La Liga,539,Levante,444,5,5,7.083108108108108,41.66666666666667,71.42857142857143,40.816326530612244,16.666666666666664,0.0,12.0,5.0,3.0,0.0,77.0,2.0,9.0,2.0,1.0,49.0,20.0,6.0,1.0,5.0,4.0,5.0,0,0,0.0,0.0,0,0.0,0.0,2.4324324324324325,1.0135135135135134,0.6081081081081081,0.0,15.608108108108109,0.40540540540540543,1.8243243243243243,0.40540540540540543,0.20270270270270271,9.932432432432432,4.0540540540540535,1.2162162162162162,0.20270270270270271,1.0135135135135134,0.8108108108108109,1.0135135135135134,0.0,0.0,0.0,0.0,0.0,0.0
2601,Daichi Kamada,https://media.api-sports.io/football/players/2601.png,Midfielder,M,39,Premier League,52,Crystal Palace,443,5,5,6.8383747178329575,33.33333333333333,86.93467336683418,57.89473684210527,40.0,3.0,3.0,1.0,0.0,3.0,199.0,6.0,11.0,0.0,1.0,38.0,22.0,5.0,2.0,7.0,7.0,1.0,1,0,0.0,0.0,0,0.0,0.6094808126410836,0.6094808126410836,0.20316027088036115,0.0,0.6094808126410836,40.42889390519187,1.2189616252821671,2.234762979683973,0.0,0.20316027088036115,7.720090293453724,4.469525959367946,1.0158013544018059,0.4063205417607223,1.4221218961625284,1.4221218961625284,0.20316027088036115,0.20316027088036115,0.0,0.0,0.0,0.0,0.0
30708,Samuele Birindelli,https://media.api-sports.io/football/players/30708.png,Midfielder,M,135,Serie A,1579,Monza,443,5,5,6.780812641083521,66.66666666666666,83.33333333333334,46.42857142857143,25.0,4.0,6.0,4.0,0.0,2.0,132.0,8.0,6.0,0.0,3.0,28.0,13.0,4.0,1.0,3.0,5.0,4.0,1,0,0.0,0.0,0,0.0,0.8126410835214446,1.2189616252821671,0.8126410835214446,0.0,0.4063205417607223,26.817155756207676,1.6252821670428892,1.2189616252821671,0.0,0.6094808126410836,5.6884875846501135,2.6410835214446955,0.8126410835214446,0.20316027088036115,0.6094808126410836,1.0158013544018059,0.8126410835214446,0.20316027088036115,0.0,0.0,0.0,0.0,0.0
314231,Amir Richardson,https://media.api-sports.io/football/players/314231.png,Midfielder,M,61,Ligue 1,111,Le Havre,442,5,5,6.784389140271494,37.5,84.13461538461539,48.333333333333336,27.27272727272727,1.0,8.0,3.0,0.0,0.0,208.0,10.0,10.0,1.0,8.0,60.0,29.0,11.0,3.0,4.0,7.0,8.0,1,0,0.0,0.0,0,0.0,0.20361990950226247,1.6289592760180998,0.6108597285067874,0.0,0.0,42.35294117647059,2.0361990950226243,2.0361990950226243,0.20361990950226247,1.6289592760180998,12.217194570135746,5.904977375565611,2.239819004524887,0.6108597285067874,0.8144796380090499,1.425339366515837,1.6289592760180998,0.20361990950226247,0.0,0.0,0.0,0.0,0.0
183699,Urko González,https://media.api-sports.io/football/players/183699.png,Midfielder,M,140,La Liga,540,Espanyol,442,7,6,6.479864253393665,,90.0,35.13513513513514,50.0,0.0,0.0,0.0,0.0,0.0,180.0,1.0,4.0,1.0,5.0,37.0,13.0,2.0,1.0,9.0,5.0,7.0,2,0,0.0,0.0,0,0.0,0.0,0.0,0.0,0.0,0.0,36.65158371040724,0.20361990950226247,0.8144796380090499,0.20361990950226247,1.0180995475113122,7.53393665158371,2.6470588235294117,0.40723981900452494,0.20361990950226247,1.8325791855203621,1.0180995475113122,1.425339366515837,0.40723981900452494,0.0,0.0,0.0,0.0,0.0
1096,Dominik Szoboszlai,https://media.api-sports.io/football/players/1096.png,Midfielder,M,39,Premier League,40,Liverpool,441,5,5,7.16530612244898,50.0,86.64383561643835,33.33333333333333,50.0,1.0,10.0,5.0,1.0,0.0,292.0,11.0,6.0,4.0,4.0,42.0,14.0,4.0,2.0,1.0,3.0,10.0,1,0,0.0,0.0,1,0.0,0.20408163265306123,2.0408163265306123,1.0204081632653061,0.20408163265306123,0.0,59.59183673469388,2.2448979591836737,1.2244897959183674,0.8163265306122449,0.8163265306122449,8.571428571428571,2.8571428571428568,0.8163265306122449,0.40816326530612246,0.20408163265306123,0.6122448979591837,2.0408163265306123,0.20408163265306123,0.0,0.0,0.0,0.20408163265306123,0.0
89520,Mikael Ellertsson,https://media.api-sports.io/football/players/89520.png,Midfielder,M,135,Serie A,495,Genoa,440,5,5,6.475,,75.0,51.28205128205128,60.0,2.0,0.0,0.0,0.0,0.0,112.0,2.0,13.0,1.0,2.0,39.0,20.0,5.0,3.0,6.0,4.0,6.0,1,0,0.0,0.0,0,0.0,0.40909090909090906,0.0,0.0,0.0,0.0,22.909090909090907,0.40909090909090906,2.659090909090909,0.20454545454545453,0.40909090909090906,7.9772727272727275,4.090909090909091,1.0227272727272727,0.6136363636363636,1.2272727272727273,0.8181818181818181,1.2272727272727273,0.20454545454545453,0.0,0.0,0.0,0.0,0.0
20638,Enzo Le Fée,https://media.api-sports.io/football/players/20638.png,Midfielder,M,39,Premier League,746,Sunderland,439,5,5,6.770387243735763,30.0,77.93103448275862,54.347826086956516,50.0,2.0,10.0,3.0,1.0,1.0,145.0,8.0,7.0,0.0,3.0,46.0,25.0,12.0,6.0,6.0,9.0,1.0,0,0,0.0,0.0,1,0.0,0.41002277904328016,2.050113895216401,0.6150341685649203,0.20501138952164008,0.20501138952164008,29.726651480637813,1.6400911161731206,1.4350797266514808,0.0,0.6150341685649203,9.430523917995444,5.125284738041002,2.4601366742596813,1.2300683371298406,1.2300683371298406,1.8451025056947608,0.20501138952164008,0.0,0.0,0.0,0.0,0.20501138952164008,0.0
308836,Mandela Keita,https://media.api-sports.io/football/players/308836.png,Midfielder,M,135,Serie A,523,Parma,439,5,5,6.809111617312072,0.0,88.88888888888889,60.0,42.857142857142854,0.0,1.0,0.0,0.0,0.0,162.0,3.0,4.0,0.0,5.0,40.0,24.0,7.0,3.0,2.0,16.0,2.0,1,0,0.0,0.0,0,0.0,0.0,0.20501138952164008,0.0,0.0,0.0,33.2118451025057,0.6150341685649203,0.8200455580865603,0.0,1.0250569476082005,8.200455580865604,4.920273348519363,1.4350797266514808,0.6150341685649203,0.41002277904328016,3.2801822323462413,0.41002277904328016,0.20501138952164008,0.0,0.0,0.0,0.0,0.0
109,Aleksandr Golovin,https://media.api-sports.io/football/players/109.png,Midfielder,M,61,Ligue 1,91,Monaco,438,5,5,6.823972602739726,50.0,80.28169014084507,45.45454545454545,83.33333333333334,0.0,4.0,2.0,0.0,2.0,142.0,10.0,8.0,2.0,2.0,33.0,15.0,6.0,5.0,0.0,2.0,5.0,2,0,0.0,0.0,0,0.0,0.0,0.821917808219178,0.410958904109589,0.0,0.410958904109589,29.17808219178082,2.054794520547945,1.643835616438356,0.410958904109589,0.410958904109589,6.780821917808219,3.0821917808219177,1.2328767123287672,1.0273972602739725,0.0,0.410958904109589,1.0273972602739725,0.410958904109589,0.0,0.0,0.0,0.0,0.0
407806,Rayan,https://media.api-sports.io/football/players/407806.png,Attacker,M,39,Premier League,35,Bournemouth,438,5,5,6.468401826484018,40.0,62.35294117647059,45.76271186440678,33.33333333333333,0.0,10.0,4.0,0.0,0.0,85.0,3.0,5.0,1.0,2.0,59.0,27.0,6.0,2.0,4.0,5.0,1.0,0,0,0.0,0.0,0,0.0,0.0,2.054794520547945,0.821917808219178,0.0,0.0,17.46575342465753,0.6164383561643836,1.0273972602739725,0.2054794520547945,0.410958904109589,12.123287671232877,5.547945205479452,1.2328767123287672,0.410958904109589,0.821917808219178,1.0273972602739725,0.2054794520547945,0.0,0.0,0.0,0.0,0.0,0.0
17670,Regan Slater,https://media.api-sports.io/football/players/17670.png,Midfielder,M,39,Premier League,64,Hull City,438,5,5,6.754794520547945,66.66666666666666,80.1526717557252,63.63636363636363,100.0,0.0,3.0,2.0,0.0,1.0,131.0,6.0,9.0,0.0,4.0,33.0,21.0,3.0,3.0,3.0,3.0,4.0,1,0,0.0,0.0,0,0.0,0.0,0.6164383561643836,0.410958904109589,0.0,0.2054794520547945,26.917808219178085,1.2328767123287672,1.8493150684931505,0.0,0.821917808219178,6.780821917808219,4.315068493150685,0.6164383561643836,0.6164383561643836,0.6164383561643836,0.6164383561643836,0.821917808219178,0.2054794520547945,0.0,0.0,0.0,0.0,0.0
47439,Stanislav Lobotka,https://media.api-sports.io/football/players/47439.png,Midfielder,M,135,Serie A,492,Napoli,438,5,5,7.31027397260274,66.66666666666666,92.22222222222223,64.70588235294117,100.0,0.0,3.0,2.0,1.0,0.0,270.0,3.0,6.0,2.0,2.0,34.0,22.0,2.0,2.0,5.0,11.0,1.0,0,0,0.0,0.0,0,0.0,0.0,0.6164383561643836,0.410958904109589,0.2054794520547945,0.0,55.47945205479452,0.6164383561643836,1.2328767123287672,0.410958904109589,0.410958904109589,6.986301369863013,4.520547945205479,0.410958904109589,0.410958904109589,1.0273972602739725,2.2602739726027394,0.2054794520547945,0.0,0.0,0.0,0.0,0.0,0.0
386277,Thomas Jørgensen,https://media.api-sports.io/football/players/386277.png,Midfielder,M,61,Ligue 1,96,Toulouse,438,5,5,7.560273972602739,50.0,74.25149700598801,50.0,57.14285714285714,1.0,8.0,4.0,2.0,1.0,167.0,11.0,8.0,0.0,4.0,40.0,20.0,7.0,4.0,3.0,5.0,5.0,0,0,1.0,0.0,0,0.0,0.2054794520547945,1.643835616438356,0.821917808219178,0.410958904109589,0.2054794520547945,34.31506849315068,2.2602739726027394,1.643835616438356,0.0,0.821917808219178,8.21917808219178,4.10958904109589,1.4383561643835616,0.821917808219178,0.6164383561643836,1.0273972602739725,1.0273972602739725,0.0,0.0,0.2054794520547945,0.0,0.0,0.0
288102,Adam Wharton,https://media.api-sports.io/football/players/288102.png,Midfielder,M,39,Premier League,52,Crystal Palace,437,5,5,6.8597025171624715,50.0,77.10280373831776,62.857142857142854,100.0,0.0,2.0,1.0,0.0,0.0,214.0,7.0,10.0,1.0,6.0,35.0,22.0,1.0,1.0,2.0,10.0,1.0,1,0,0.0,0.0,0,0.0,0.0,0.41189931350114417,0.20594965675057209,0.0,0.0,44.07322654462242,1.4416475972540046,2.059496567505721,0.20594965675057209,1.2356979405034325,7.208237986270023,4.530892448512586,0.20594965675057209,0.20594965675057209,0.41189931350114417,2.059496567505721,0.20594965675057209,0.20594965675057209,0.0,0.0,0.0,0.0,0.0
311251,Giorgi Kvernadze,https://media.api-sports.io/football/players/311251.png,Midfielder,M,135,Serie A,512,Frosinone,437,5,5,7.613272311212815,55.55555555555556,85.71428571428571,43.83561643835616,53.333333333333336,3.0,9.0,5.0,3.0,1.0,77.0,12.0,9.0,1.0,1.0,73.0,32.0,30.0,16.0,9.0,7.0,5.0,1,0,0.0,0.0,0,0.0,0.6178489702517163,1.8535469107551488,1.0297482837528604,0.6178489702517163,0.20594965675057209,15.85812356979405,2.471395881006865,1.8535469107551488,0.20594965675057209,0.20594965675057209,15.034324942791761,6.590389016018307,6.178489702517163,3.2951945080091534,1.8535469107551488,1.4416475972540046,1.0297482837528604,0.20594965675057209,0.0,0.0,0.0,0.0,0.0
278370,D. Gómez,https://media.api-sports.io/football/players/278370.png,Midfielder,M,39,Premier League,51,Brighton,436,5,5,6.762844036697248,33.33333333333333,78.1456953642384,43.66197183098591,12.5,2.0,12.0,4.0,0.0,2.0,151.0,7.0,13.0,1.0,4.0,71.0,31.0,8.0,1.0,0.0,0.0,6.0,0,0,0.0,0.0,0,0.0,0.41284403669724773,2.4770642201834865,0.8256880733944955,0.0,0.41284403669724773,31.1697247706422,1.444954128440367,2.6834862385321103,0.20642201834862386,0.8256880733944955,14.655963302752292,6.39908256880734,1.651376146788991,0.20642201834862386,0.0,0.0,1.2385321100917432,0.0,0.0,0.0,0.0,0.0,0.0
2810,Denis Zakaria,https://media.api-sports.io/football/players/2810.png,Midfielder,M,61,Ligue 1,91,Monaco,436,5,5,6.993119266055046,60.0,92.38578680203045,56.666666666666664,62.5,1.0,5.0,3.0,0.0,0.0,197.0,0.0,7.0,4.0,4.0,30.0,17.0,8.0,5.0,0.0,3.0,6.0,1,0,0.0,0.0,0,0.0,0.20642201834862386,1.0321100917431194,0.6192660550458716,0.0,0.0,40.6651376146789,0.0,1.444954128440367,0.8256880733944955,0.8256880733944955,6.192660550458716,3.5091743119266057,1.651376146788991,1.0321100917431194,0.0,0.6192660550458716,1.2385321100917432,0.20642201834862386,0.0,0.0,0.0,0.0,0.0
19191,John McGinn,https://media.api-sports.io/football/players/19191.png,Midfielder,M,39,Premier League,66,Aston Villa,436,5,5,6.323669724770643,0.0,73.72881355932203,42.30769230769231,22.22222222222222,0.0,4.0,0.0,0.0,2.0,118.0,6.0,5.0,0.0,5.0,52.0,22.0,9.0,2.0,0.0,14.0,6.0,2,0,0.0,0.0,0,0.0,0.0,0.8256880733944955,0.0,0.0,0.41284403669724773,24.357798165137613,1.2385321100917432,1.0321100917431194,0.0,1.0321100917431194,10.733944954128441,4.541284403669725,1.8577981651376148,0.41284403669724773,0.0,2.889908256880734,1.2385321100917432,0.41284403669724773,0.0,0.0,0.0,0.0,0.0
369544,Gessime Yassine,https://media.api-sports.io/football/players/369544.png,Midfielder,M,61,Ligue 1,95,Strasbourg,434,5,5,7.4919124423963135,55.55555555555556,81.30081300813008,53.57142857142857,54.54545454545454,0.0,9.0,5.0,2.0,1.0,123.0,6.0,11.0,0.0,4.0,84.0,45.0,33.0,18.0,2.0,15.0,10.0,2,0,0.0,0.0,0,0.0,0.0,1.8663594470046083,1.0368663594470047,0.4147465437788018,0.2073732718894009,25.506912442396313,1.2442396313364057,2.28110599078341,0.0,0.8294930875576036,17.419354838709676,9.331797235023041,6.84331797235023,3.7327188940092166,0.4147465437788018,3.1105990783410142,2.0737327188940093,0.4147465437788018,0.0,0.0,0.0,0.0,0.0
128287,J. Chotard,https://media.api-sports.io/football/players/128287.png,Midfielder,M,61,Ligue 1,106,Stade Brestois 29,434,5,5,7.436958525345622,33.33333333333333,80.3088803088803,41.37931034482759,50.0,0.0,6.0,2.0,0.0,1.0,259.0,14.0,6.0,0.0,9.0,29.0,12.0,2.0,1.0,4.0,2.0,6.0,0,0,0.0,0.0,0,0.0,0.0,1.2442396313364057,0.4147465437788018,0.0,0.2073732718894009,53.70967741935484,2.903225806451613,1.2442396313364057,0.0,1.8663594470046083,6.013824884792627,2.4884792626728114,0.4147465437788018,0.2073732718894009,0.8294930875576036,0.4147465437788018,1.2442396313364057,0.0,0.0,0.0,0.0,0.0,0.0
364093,Simon Ebonog,https://media.api-sports.io/football/players/364093.png,Midfielder,M,61,Ligue 1,111,Le Havre,434,5,5,6.724423963133641,100.0,86.80203045685279,47.76119402985074,60.0,0.0,2.0,2.0,0.0,0.0,197.0,5.0,13.0,0.0,11.0,67.0,32.0,10.0,6.0,3.0,10.0,11.0,0,0,0.0,0.0,0,0.0,0.0,0.4147465437788018,0.4147465437788018,0.0,0.0,40.85253456221198,1.0368663594470047,2.6958525345622117,0.0,2.28110599078341,13.894009216589861,6.635944700460829,2.0737327188940093,1.2442396313364057,0.6221198156682028,2.0737327188940093,2.28110599078341,0.0,0.0,0.0,0.0,0.0,0.0
21102,V. Rongier,https://media.api-sports.io/football/players/21102.png,Midfielder,M,61,Ligue 1,94,Rennes,434,5,5,7.061520737327188,75.0,89.8876404494382,56.52173913043478,100.0,0.0,4.0,3.0,1.0,0.0,267.0,6.0,12.0,4.0,6.0,46.0,26.0,2.0,2.0,1.0,5.0,6.0,1,0,0.0,0.0,0,0.0,0.0,0.8294930875576036,0.6221198156682028,0.2073732718894009,0.0,55.36866359447004,1.2442396313364057,2.4884792626728114,0.8294930875576036,1.2442396313364057,9.539170506912443,5.3917050691244235,0.4147465437788018,0.4147465437788018,0.2073732718894009,1.0368663594470047,1.2442396313364057,0.2073732718894009,0.0,0.0,0.0,0.0,0.0
504157,Djibril Coulibaly,https://media.api-sports.io/football/players/504157.png,Midfielder,M,61,Ligue 1,84,Nice,433,5,5,6.552193995381063,66.66666666666666,91.97860962566845,38.18181818181819,40.0,0.0,3.0,2.0,0.0,0.0,187.0,3.0,4.0,1.0,4.0,55.0,21.0,5.0,2.0,3.0,5.0,10.0,1,0,0.0,0.0,0,0.0,0.0,0.6235565819861432,0.4157043879907621,0.0,0.0,38.86836027713626,0.6235565819861432,0.8314087759815242,0.20785219399538105,0.8314087759815242,11.43187066974596,4.364896073903003,1.0392609699769053,0.4157043879907621,0.6235565819861432,1.0392609699769053,2.0785219399538106,0.20785219399538105,0.0,0.0,0.0,0.0,0.0
273732,Tyrhys Dolan,https://media.api-sports.io/football/players/273732.png,Midfielder,M,140,La Liga,540,Espanyol,433,7,5,6.569792147806005,25.0,85.08771929824562,33.33333333333333,29.411764705882355,2.0,4.0,1.0,1.0,0.0,114.0,2.0,3.0,0.0,6.0,48.0,16.0,17.0,5.0,0.0,7.0,9.0,0,0,0.0,0.0,0,0.0,0.4157043879907621,0.8314087759815242,0.20785219399538105,0.20785219399538105,0.0,23.695150115473442,0.4157043879907621,0.6235565819861432,0.0,1.2471131639722863,9.97690531177829,3.3256351039260967,3.533487297921478,1.0392609699769053,0.0,1.4549653579676676,1.8706697459584294,0.0,0.0,0.0,0.0,0.0,0.0
22007,Hassane Kamara,https://media.api-sports.io/football/players/22007.png,Defender,M,135,Serie A,494,Udinese,431,5,5,7.330858468677494,71.42857142857143,81.15942028985508,61.29032258064516,60.0,0.0,7.0,5.0,2.0,1.0,138.0,3.0,13.0,1.0,4.0,31.0,19.0,5.0,3.0,2.0,2.0,3.0,0,0,0.0,0.0,0,0.0,0.0,1.4617169373549883,1.0440835266821344,0.4176334106728538,0.2088167053364269,28.816705336426914,0.6264501160092807,2.71461716937355,0.2088167053364269,0.8352668213457076,6.473317865429234,3.967517401392111,1.0440835266821344,0.6264501160092807,0.4176334106728538,0.4176334106728538,0.6264501160092807,0.0,0.0,0.0,0.0,0.0,0.0
47522,Douglas Luiz,https://media.api-sports.io/football/players/47522.png,Midfielder,M,135,Serie A,496,Juventus,430,5,5,6.934883720930233,37.5,91.0344827586207,47.368421052631575,57.14285714285714,0.0,8.0,3.0,0.0,0.0,290.0,7.0,5.0,1.0,2.0,38.0,18.0,7.0,4.0,3.0,7.0,13.0,1,0,0.0,0.0,0,0.0,0.0,1.6744186046511627,0.627906976744186,0.0,0.0,60.69767441860465,1.4651162790697674,1.0465116279069768,0.20930232558139533,0.41860465116279066,7.953488372093023,3.7674418604651163,1.4651162790697674,0.8372093023255813,0.627906976744186,1.4651162790697674,2.7209302325581395,0.20930232558139533,0.0,0.0,0.0,0.0,0.0
32011,Giacomo Calò,https://media.api-sports.io/football/players/32011.png,Midfielder,M,135,Serie A,512,Frosinone,429,5,5,7.336829836829837,50.0,80.45454545454545,53.125,60.0,1.0,6.0,3.0,1.0,1.0,220.0,21.0,4.0,7.0,2.0,32.0,17.0,5.0,3.0,4.0,9.0,7.0,0,0,0.0,0.0,0,0.0,0.2097902097902098,1.2587412587412588,0.6293706293706294,0.2097902097902098,0.2097902097902098,46.153846153846146,4.405594405594406,0.8391608391608392,1.4685314685314685,0.4195804195804196,6.713286713286713,3.5664335664335662,1.048951048951049,0.6293706293706294,0.8391608391608392,1.8881118881118881,1.4685314685314685,0.0,0.0,0.0,0.0,0.0,0.0
8586,Mërgim Vojvoda,https://media.api-sports.io/football/players/8586.png,Defender,M,135,Serie A,494,Udinese,429,5,5,6.964335664335664,0.0,81.43459915611815,69.23076923076923,50.0,1.0,3.0,0.0,0.0,0.0,237.0,8.0,9.0,0.0,4.0,26.0,18.0,6.0,3.0,3.0,5.0,0.0,0,0,0.0,0.0,0,0.0,0.2097902097902098,0.6293706293706294,0.0,0.0,0.0,49.72027972027971,1.6783216783216783,1.8881118881118881,0.0,0.8391608391608392,5.454545454545455,3.7762237762237763,1.2587412587412588,0.6293706293706294,0.6293706293706294,1.048951048951049,0.0,0.0,0.0,0.0,0.0,0.0,0.0
31146,Sandro Tonali,https://media.api-sports.io/football/players/31146.png,Midfielder,M,39,Premier League,47,Tottenham,429,5,5,7.106993006993007,16.666666666666664,89.419795221843,64.51612903225806,66.66666666666666,2.0,6.0,1.0,0.0,0.0,293.0,4.0,11.0,4.0,4.0,31.0,20.0,3.0,2.0,3.0,5.0,2.0,0,0,0.0,0.0,0,0.0,0.4195804195804196,1.2587412587412588,0.2097902097902098,0.0,0.0,61.46853146853147,0.8391608391608392,2.3076923076923075,0.8391608391608392,0.8391608391608392,6.503496503496503,4.195804195804196,0.6293706293706294,0.4195804195804196,0.6293706293706294,1.048951048951049,0.4195804195804196,0.0,0.0,0.0,0.0,0.0,0.0
128384,Vitinha,https://media.api-sports.io/football/players/128384.png,Midfielder,M,61,Ligue 1,85,Paris Saint Germain,429,5,5,7.69020979020979,33.33333333333333,92.13709677419355,52.63157894736842,100.0,0.0,9.0,3.0,1.0,1.0,496.0,10.0,5.0,2.0,5.0,19.0,10.0,4.0,4.0,3.0,1.0,2.0,1,0,0.0,0.0,0,0.0,0.0,1.8881118881118881,0.6293706293706294,0.2097902097902098,0.2097902097902098,104.05594405594405,2.097902097902098,1.048951048951049,0.4195804195804196,1.048951048951049,3.986013986013986,2.097902097902098,0.8391608391608392,0.8391608391608392,0.6293706293706294,0.2097902097902098,0.4195804195804196,0.2097902097902098,0.0,0.0,0.0,0.0,0.0
25008,Jonathan Clauss,https://media.api-sports.io/football/players/25008.png,Midfielder,M,61,Ligue 1,84,Nice,428,5,5,7.015420560747664,33.33333333333333,79.72972972972973,55.55555555555556,50.0,0.0,9.0,3.0,0.0,0.0,222.0,10.0,6.0,2.0,2.0,27.0,15.0,8.0,4.0,4.0,1.0,2.0,0,0,0.0,0.0,0,0.0,0.0,1.8925233644859811,0.6308411214953271,0.0,0.0,46.6822429906542,2.102803738317757,1.2616822429906542,0.4205607476635514,0.4205607476635514,5.677570093457943,3.1542056074766354,1.6822429906542056,0.8411214953271028,0.8411214953271028,0.2102803738317757,0.4205607476635514,0.0,0.0,0.0,0.0,0.0,0.0
191289,A. Sbaï,https://media.api-sports.io/football/players/191289.png,Midfielder,M,61,Ligue 1,77,Angers,427,5,5,7.166042154566745,25.0,71.07438016528926,48.717948717948715,43.75,1.0,8.0,2.0,1.0,1.0,121.0,17.0,2.0,2.0,2.0,39.0,19.0,16.0,7.0,0.0,8.0,3.0,0,0,0.0,0.0,0,0.0,0.2107728337236534,1.6861826697892273,0.4215456674473068,0.2107728337236534,0.2107728337236534,25.50351288056206,3.583138173302108,0.4215456674473068,0.4215456674473068,0.4215456674473068,8.220140515222482,4.004683840749415,3.3723653395784545,1.4754098360655739,0.0,1.6861826697892273,0.6323185011709602,0.0,0.0,0.0,0.0,0.0,0.0
389315,Joshua King,https://media.api-sports.io/football/players/389315.png,Midfielder,M,39,Premier League,36,Fulham,427,5,5,7.063231850117096,58.333333333333336,84.5679012345679,48.837209302325576,41.17647058823529,0.0,12.0,7.0,2.0,0.0,162.0,4.0,7.0,2.0,1.0,43.0,21.0,17.0,7.0,2.0,6.0,5.0,1,0,0.0,0.0,0,0.0,0.0,2.529274004683841,1.4754098360655739,0.4215456674473068,0.0,34.14519906323185,0.8430913348946136,1.4754098360655739,0.4215456674473068,0.2107728337236534,9.063231850117097,4.426229508196721,3.583138173302108,1.4754098360655739,0.4215456674473068,1.2646370023419204,1.053864168618267,0.2107728337236534,0.0,0.0,0.0,0.0,0.0
19245,Marcus Tavernier,https://media.api-sports.io/football/players/19245.png,Midfielder,M,39,Premier League,35,Bournemouth,427,5,5,7.60632318501171,66.66666666666666,84.51612903225806,46.42857142857143,44.44444444444444,0.0,12.0,8.0,3.0,0.0,155.0,9.0,11.0,0.0,0.0,56.0,26.0,9.0,4.0,3.0,8.0,3.0,2,0,0.0,0.0,0,0.0,0.0,2.529274004683841,1.6861826697892273,0.6323185011709602,0.0,32.66978922716628,1.8969555035128804,2.3185011709601873,0.0,0.0,11.80327868852459,5.480093676814988,1.8969555035128804,0.8430913348946136,0.6323185011709602,1.6861826697892273,0.6323185011709602,0.4215456674473068,0.0,0.0,0.0,0.0,0.0
162007,M. De Cuyper,https://media.api-sports.io/football/players/162007.png,Midfielder,M,39,Premier League,51,Brighton,425,5,5,6.991058823529412,16.666666666666664,87.24489795918367,50.0,50.0,3.0,6.0,1.0,1.0,2.0,196.0,11.0,8.0,1.0,2.0,28.0,14.0,4.0,2.0,2.0,4.0,7.0,2,0,0.0,0.0,0,0.0,0.6352941176470589,1.2705882352941178,0.2117647058823529,0.2117647058823529,0.4235294117647058,41.50588235294118,2.3294117647058825,1.6941176470588233,0.2117647058823529,0.4235294117647058,5.929411764705883,2.9647058823529413,0.8470588235294116,0.4235294117647058,0.4235294117647058,0.8470588235294116,1.4823529411764707,0.4235294117647058,0.0,0.0,0.0,0.0,0.0
778,Bryan Cristante,https://media.api-sports.io/football/players/778.png,Midfielder,M,135,Serie A,497,AS Roma,424,5,5,7.297641509433962,20.0,87.71929824561403,54.54545454545454,50.0,1.0,5.0,1.0,0.0,0.0,342.0,2.0,13.0,0.0,6.0,55.0,30.0,2.0,1.0,4.0,2.0,9.0,0,0,0.0,0.0,0,0.0,0.2122641509433962,1.0613207547169812,0.2122641509433962,0.0,0.0,72.59433962264151,0.4245283018867924,2.759433962264151,0.0,1.2735849056603774,11.674528301886792,6.367924528301887,0.4245283018867924,0.2122641509433962,0.8490566037735848,0.4245283018867924,1.910377358490566,0.0,0.0,0.0,0.0,0.0,0.0
3246,Nicolas Pépé,https://media.api-sports.io/football/players/3246.png,Midfielder,M,140,La Liga,533,Villarreal,423,7,5,7.297163120567377,70.0,86.81818181818181,45.28301886792453,46.875,2.0,10.0,7.0,2.0,0.0,220.0,8.0,3.0,2.0,1.0,53.0,24.0,32.0,15.0,3.0,5.0,0.0,1,0,0.0,0.0,0,0.0,0.425531914893617,2.127659574468085,1.4893617021276595,0.425531914893617,0.0,46.80851063829787,1.702127659574468,0.6382978723404256,0.425531914893617,0.2127659574468085,11.27659574468085,5.1063829787234045,6.808510638297872,3.191489361702128,0.6382978723404256,1.0638297872340425,0.0,0.2127659574468085,0.0,0.0,0.0,0.0,0.0
394372,Izan Merino,https://media.api-sports.io/football/players/394372.png,Midfielder,M,140,La Liga,535,Malaga,421,7,5,6.648194774346794,0.0,93.60902255639097,29.411764705882355,0.0,0.0,1.0,0.0,0.0,0.0,266.0,3.0,4.0,1.0,3.0,17.0,5.0,1.0,0.0,1.0,1.0,6.0,0,0,0.0,0.0,0,0.0,0.0,0.2137767220902613,0.0,0.0,0.0,56.8646080760095,0.6413301662707839,0.8551068883610452,0.2137767220902613,0.6413301662707839,3.634204275534442,1.0688836104513064,0.2137767220902613,0.0,0.2137767220902613,0.2137767220902613,1.2826603325415677,0.0,0.0,0.0,0.0,0.0,0.0
38749,Kenneth Taylor,https://media.api-sports.io/football/players/38749.png,Midfielder,M,135,Serie A,487,Lazio,421,5,5,6.883135391923991,0.0,89.54545454545455,43.58974358974359,33.33333333333333,0.0,2.0,0.0,0.0,0.0,220.0,6.0,9.0,0.0,4.0,39.0,17.0,6.0,2.0,8.0,5.0,6.0,0,0,1.0,0.0,0,0.0,0.0,0.4275534441805226,0.0,0.0,0.0,47.03087885985748,1.2826603325415677,1.9239904988123513,0.0,0.8551068883610452,8.33729216152019,3.634204275534442,1.2826603325415677,0.4275534441805226,1.7102137767220904,1.0688836104513064,1.2826603325415677,0.0,0.0,0.2137767220902613,0.0,0.0,0.0
182201,Tyrick Mitchell,https://media.api-sports.io/football/players/182201.png,Defender,M,39,Premier League,52,Crystal Palace,421,5,5,6.903800475059382,50.0,75.86206896551724,48.484848484848484,50.0,0.0,4.0,2.0,2.0,0.0,145.0,5.0,11.0,1.0,2.0,33.0,16.0,4.0,2.0,3.0,0.0,3.0,0,0,0.0,0.0,0,0.0,0.0,0.8551068883610452,0.4275534441805226,0.4275534441805226,0.0,30.997624703087883,1.0688836104513064,2.351543942992874,0.2137767220902613,0.4275534441805226,7.054631828978622,3.420427553444181,0.8551068883610452,0.4275534441805226,0.6413301662707839,0.0,0.6413301662707839,0.0,0.0,0.0,0.0,0.0,0.0
107153,Kike Pérez,https://media.api-sports.io/football/players/107153.png,Midfielder,M,135,Serie A,517,Venezia,420,5,5,6.871428571428571,0.0,83.81294964028777,44.230769230769226,11.11111111111111,0.0,1.0,0.0,0.0,0.0,278.0,11.0,12.0,1.0,5.0,52.0,23.0,9.0,1.0,5.0,9.0,7.0,2,0,0.0,0.0,0,0.0,0.0,0.2142857142857143,0.0,0.0,0.0,59.57142857142857,2.357142857142857,2.571428571428571,0.2142857142857143,1.0714285714285714,11.142857142857142,4.928571428571429,1.9285714285714286,0.2142857142857143,1.0714285714285714,1.9285714285714286,1.5,0.4285714285714286,0.0,0.0,0.0,0.0,0.0
350037,Nico Paz,https://media.api-sports.io/football/players/350037.png,Midfielder,M,135,Serie A,895,Como,420,5,5,7.3638095238095245,31.25,89.36170212765957,58.06451612903226,56.25,0.0,16.0,5.0,1.0,1.0,282.0,9.0,19.0,0.0,2.0,62.0,36.0,16.0,9.0,3.0,7.0,9.0,0,0,0.0,0.0,0,0.0,0.0,3.428571428571429,1.0714285714285714,0.2142857142857143,0.2142857142857143,60.42857142857142,1.9285714285714286,4.071428571428571,0.0,0.4285714285714286,13.285714285714286,7.714285714285714,3.428571428571429,1.9285714285714286,0.6428571428571428,1.5,1.9285714285714286,0.0,0.0,0.0,0.0,0.0,0.0
1460,B. Saka,https://media.api-sports.io/football/players/1460.png,Midfielder,M,39,Premier League,42,Arsenal,418,5,5,7.243612440191387,75.0,82.16560509554141,58.82352941176471,50.0,4.0,12.0,9.0,3.0,0.0,157.0,7.0,6.0,2.0,3.0,51.0,30.0,14.0,7.0,1.0,15.0,2.0,0,0,0.0,0.0,1,0.0,0.8612440191387559,2.583732057416268,1.937799043062201,0.645933014354067,0.0,33.803827751196174,1.507177033492823,1.291866028708134,0.43062200956937796,0.645933014354067,10.980861244019138,6.45933014354067,3.014354066985646,1.507177033492823,0.21531100478468898,3.229665071770335,0.43062200956937796,0.0,0.0,0.0,0.0,0.21531100478468898,0.0
316519,Facundo Bernal,https://media.api-sports.io/football/players/316519.png,Midfielder,M,140,La Liga,543,Real Betis,418,7,5,6.931100478468899,20.0,87.13692946058092,72.72727272727273,100.0,0.0,5.0,1.0,0.0,0.0,241.0,1.0,13.0,0.0,8.0,33.0,24.0,2.0,2.0,4.0,4.0,5.0,1,0,0.0,0.0,0,0.0,0.0,1.076555023923445,0.21531100478468898,0.0,0.0,51.889952153110045,0.21531100478468898,2.799043062200957,0.0,1.7224880382775118,7.105263157894736,5.167464114832536,0.43062200956937796,0.43062200956937796,0.8612440191387559,0.8612440191387559,1.076555023923445,0.21531100478468898,0.0,0.0,0.0,0.0,0.0
158697,James McAtee,https://media.api-sports.io/football/players/158697.png,Midfielder,M,39,Premier League,65,Nottingham Forest,418,5,5,6.735358851674642,60.0,80.78817733990148,54.166666666666664,40.0,0.0,5.0,3.0,0.0,0.0,203.0,12.0,9.0,0.0,1.0,48.0,26.0,5.0,2.0,3.0,9.0,7.0,2,0,0.0,0.0,0,0.0,0.0,1.076555023923445,0.645933014354067,0.0,0.0,43.708133971291865,2.583732057416268,1.937799043062201,0.0,0.21531100478468898,10.334928229665072,5.598086124401914,1.076555023923445,0.43062200956937796,0.645933014354067,1.937799043062201,1.507177033492823,0.43062200956937796,0.0,0.0,0.0,0.0,0.0
409,Nabil Bentaleb,https://media.api-sports.io/football/players/409.png,Midfielder,M,61,Ligue 1,79,Lille,418,5,5,7.1117224880382786,66.66666666666666,88.12260536398468,50.0,33.33333333333333,0.0,3.0,2.0,0.0,1.0,261.0,7.0,4.0,0.0,4.0,30.0,15.0,3.0,1.0,2.0,5.0,2.0,0,0,0.0,0.0,0,0.0,0.0,0.645933014354067,0.43062200956937796,0.0,0.21531100478468898,56.196172248803826,1.507177033492823,0.8612440191387559,0.0,0.8612440191387559,6.45933014354067,3.229665071770335,0.645933014354067,0.21531100478468898,0.43062200956937796,1.076555023923445,0.43062200956937796,0.0,0.0,0.0,0.0,0.0,0.0
182,Harry Winks,https://media.api-sports.io/football/players/182.png,Midfielder,M,135,Serie A,490,Cagliari,417,5,5,7.055395683453237,50.0,91.28630705394191,45.45454545454545,,0.0,2.0,1.0,0.0,0.0,241.0,0.0,4.0,3.0,10.0,22.0,10.0,0.0,0.0,4.0,5.0,5.0,0,0,0.0,0.0,0,0.0,0.0,0.4316546762589928,0.2158273381294964,0.0,0.0,52.01438848920863,0.0,0.8633093525179856,0.6474820143884893,2.158273381294964,4.748201438848921,2.158273381294964,0.0,0.0,0.8633093525179856,1.079136690647482,1.079136690647482,0.0,0.0,0.0,0.0,0.0,0.0
10097,Éderson,https://media.api-sports.io/football/players/10097.png,Midfielder,M,135,Serie A,499,Atalanta,417,5,5,6.819424460431654,75.0,89.51965065502183,45.16129032258064,25.0,0.0,4.0,3.0,1.0,0.0,229.0,2.0,3.0,0.0,2.0,31.0,14.0,4.0,1.0,3.0,10.0,5.0,0,0,0.0,0.0,0,0.0,0.0,0.8633093525179856,0.6474820143884893,0.2158273381294964,0.0,49.42446043165468,0.4316546762589928,0.6474820143884893,0.0,0.4316546762589928,6.690647482014388,3.0215827338129495,0.8633093525179856,0.2158273381294964,0.6474820143884893,2.158273381294964,1.079136690647482,0.0,0.0,0.0,0.0,0.0,0.0
412,A. Harit,https://media.api-sports.io/football/players/412.png,Midfielder,M,61,Ligue 1,81,Marseille,416,5,5,6.7681249999999995,50.0,85.16483516483517,50.0,66.66666666666666,1.0,4.0,2.0,0.0,1.0,182.0,9.0,6.0,1.0,6.0,46.0,23.0,12.0,8.0,3.0,9.0,1.0,1,0,0.0,0.0,0,0.0,0.21634615384615385,0.8653846153846154,0.4326923076923077,0.0,0.21634615384615385,39.375,1.9471153846153846,1.2980769230769231,0.21634615384615385,1.2980769230769231,9.951923076923077,4.975961538461538,2.5961538461538463,1.7307692307692308,0.6490384615384616,1.9471153846153846,0.21634615384615385,0.21634615384615385,0.0,0.0,0.0,0.0,0.0
47341,Marc Roca,https://media.api-sports.io/football/players/47341.png,Midfielder,M,140,La Liga,543,Real Betis,416,7,5,7.234615384615385,0.0,92.85714285714286,64.1025641025641,100.0,0.0,2.0,0.0,0.0,1.0,266.0,4.0,14.0,1.0,6.0,39.0,25.0,1.0,1.0,6.0,6.0,5.0,1,0,0.0,0.0,0,0.0,0.0,0.4326923076923077,0.0,0.0,0.21634615384615385,57.54807692307692,0.8653846153846154,3.0288461538461537,0.21634615384615385,1.2980769230769231,8.4375,5.408653846153847,0.21634615384615385,0.21634615384615385,1.2980769230769231,1.2980769230769231,1.0817307692307694,0.21634615384615385,0.0,0.0,0.0,0.0,0.0
138908,Elliot Anderson,https://media.api-sports.io/football/players/138908.png,Midfielder,M,39,Premier League,50,Manchester City,415,5,5,7.311566265060241,25.0,90.02267573696146,60.71428571428571,66.66666666666666,0.0,4.0,1.0,0.0,0.0,441.0,3.0,13.0,0.0,8.0,56.0,34.0,6.0,4.0,2.0,12.0,6.0,1,0,0.0,0.0,0,0.0,0.0,0.8674698795180724,0.2168674698795181,0.0,0.0,95.63855421686746,0.6506024096385542,2.8192771084337354,0.0,1.7349397590361448,12.144578313253012,7.373493975903615,1.3012048192771084,0.8674698795180724,0.4337349397590362,2.602409638554217,1.3012048192771084,0.2168674698795181,0.0,0.0,0.0,0.0,0.0
70747,Julio Enciso,https://media.api-sports.io/football/players/70747.png,Midfielder,M,39,Premier League,57,Ipswich,415,5,5,6.797108433734939,30.76923076923077,84.42622950819673,38.0,33.33333333333333,2.0,13.0,4.0,0.0,2.0,122.0,6.0,2.0,1.0,3.0,50.0,19.0,21.0,7.0,1.0,9.0,2.0,1,0,0.0,0.0,0,0.0,0.4337349397590362,2.8192771084337354,0.8674698795180724,0.0,0.4337349397590362,26.457831325301207,1.3012048192771084,0.4337349397590362,0.2168674698795181,0.6506024096385542,10.843373493975903,4.120481927710843,4.554216867469879,1.5180722891566265,0.2168674698795181,1.9518072289156627,0.4337349397590362,0.2168674698795181,0.0,0.0,0.0,0.0,0.0
2937,D. Rice,https://media.api-sports.io/football/players/2937.png,Midfielder,M,39,Premier League,42,Arsenal,414,5,5,7.286231884057971,0.0,91.0919540229885,50.0,66.66666666666666,1.0,3.0,0.0,0.0,2.0,348.0,7.0,7.0,1.0,5.0,26.0,13.0,3.0,2.0,1.0,0.0,4.0,1,0,0.0,0.0,0,0.0,0.21739130434782608,0.6521739130434783,0.0,0.0,0.43478260869565216,75.65217391304347,1.5217391304347825,1.5217391304347825,0.21739130434782608,1.0869565217391304,5.6521739130434785,2.8260869565217392,0.6521739130434783,0.43478260869565216,0.21739130434782608,0.0,0.8695652173913043,0.21739130434782608,0.0,0.0,0.0,0.0,0.0
335162,M. Diop,https://media.api-sports.io/football/players/335162.png,Midfielder,M,61,Ligue 1,110,Estac Troyes,412,5,5,6.40623786407767,0.0,89.57055214723927,35.55555555555556,33.33333333333333,0.0,7.0,0.0,0.0,0.0,163.0,1.0,10.0,2.0,5.0,45.0,16.0,3.0,1.0,8.0,4.0,4.0,1,0,0.0,0.0,0,0.0,0.0,1.529126213592233,0.0,0.0,0.0,35.60679611650485,0.21844660194174756,2.1844660194174756,0.4368932038834951,1.0922330097087378,9.83009708737864,3.495145631067961,0.6553398058252428,0.21844660194174756,1.7475728155339805,0.8737864077669902,0.8737864077669902,0.21844660194174756,0.0,0.0,0.0,0.0,0.0
365331,Noah Sadiki,https://media.api-sports.io/football/players/365331.png,Midfielder,M,39,Premier League,746,Sunderland,412,5,5,6.689077669902913,60.0,88.82978723404256,62.5,66.66666666666666,0.0,5.0,3.0,0.0,0.0,188.0,3.0,6.0,1.0,3.0,32.0,20.0,6.0,4.0,2.0,7.0,3.0,1,0,0.0,0.0,0,0.0,0.0,1.0922330097087378,0.6553398058252428,0.0,0.0,41.067961165048544,0.6553398058252428,1.3106796116504855,0.21844660194174756,0.6553398058252428,6.990291262135922,4.368932038834951,1.3106796116504855,0.8737864077669902,0.4368932038834951,1.529126213592233,0.6553398058252428,0.21844660194174756,0.0,0.0,0.0,0.0,0.0
1455,Alex Iwobi,https://media.api-sports.io/football/players/1455.png,Midfielder,M,39,Premier League,36,Fulham,411,5,5,6.976934306569342,33.33333333333333,91.61073825503355,42.10526315789473,25.0,0.0,3.0,1.0,0.0,0.0,298.0,10.0,5.0,2.0,3.0,19.0,8.0,4.0,1.0,3.0,2.0,2.0,0,0,0.0,0.0,0,0.0,0.0,0.656934306569343,0.21897810218978103,0.0,0.0,65.25547445255475,2.18978102189781,1.094890510948905,0.43795620437956206,0.656934306569343,4.160583941605839,1.7518248175182483,0.8759124087591241,0.21897810218978103,0.656934306569343,0.43795620437956206,0.43795620437956206,0.0,0.0,0.0,0.0,0.0,0.0
337523,Dani Lorenzo,https://media.api-sports.io/football/players/337523.png,Midfielder,M,140,La Liga,535,Malaga,411,6,5,6.92043795620438,0.0,93.20754716981132,53.191489361702125,73.33333333333333,0.0,1.0,0.0,0.0,0.0,265.0,4.0,6.0,1.0,4.0,47.0,25.0,15.0,11.0,4.0,8.0,5.0,1,0,0.0,0.0,0,0.0,0.0,0.21897810218978103,0.0,0.0,0.0,58.02919708029197,0.8759124087591241,1.313868613138686,0.21897810218978103,0.8759124087591241,10.291970802919709,5.474452554744525,3.284671532846715,2.408759124087591,0.8759124087591241,1.7518248175182483,1.094890510948905,0.21897810218978103,0.0,0.0,0.0,0.0,0.0
182519,Alberto Moleiro,https://media.api-sports.io/football/players/182519.png,Midfielder,M,140,La Liga,533,Villarreal,410,7,5,7.481219512195122,66.66666666666666,87.94642857142857,37.2093023255814,35.714285714285715,1.0,9.0,6.0,2.0,3.0,224.0,16.0,7.0,1.0,0.0,43.0,16.0,14.0,5.0,3.0,4.0,5.0,0,0,0.0,0.0,0,0.0,0.21951219512195122,1.975609756097561,1.3170731707317074,0.43902439024390244,0.6585365853658537,49.170731707317074,3.5121951219512195,1.5365853658536586,0.21951219512195122,0.0,9.439024390243903,3.5121951219512195,3.073170731707317,1.0975609756097562,0.6585365853658537,0.8780487804878049,1.0975609756097562,0.0,0.0,0.0,0.0,0.0,0.0
326068,K. Doumbia,https://media.api-sports.io/football/players/326068.png,Midfielder,M,61,Ligue 1,106,Stade Brestois 29,407,5,5,6.973513513513514,50.0,85.25641025641025,41.17647058823529,62.5,1.0,10.0,5.0,4.0,1.0,156.0,6.0,5.0,2.0,5.0,51.0,21.0,8.0,5.0,4.0,10.0,6.0,2,0,0.0,0.0,1,0.0,0.22113022113022113,2.211302211302211,1.1056511056511056,0.8845208845208845,0.22113022113022113,34.4963144963145,1.3267813267813269,1.1056511056511056,0.44226044226044225,1.1056511056511056,11.277641277641278,4.643734643734644,1.769041769041769,1.1056511056511056,0.8845208845208845,2.211302211302211,1.3267813267813269,0.44226044226044225,0.0,0.0,0.0,0.22113022113022113,0.0
83831,Ilan Kebbal,https://media.api-sports.io/football/players/83831.png,Midfielder,M,61,Ligue 1,114,Paris FC,405,5,5,6.821925925925926,50.0,84.64912280701753,40.35087719298245,50.0,1.0,8.0,4.0,1.0,1.0,228.0,10.0,8.0,1.0,2.0,57.0,23.0,12.0,6.0,6.0,8.0,8.0,0,0,1.0,0.0,0,0.0,0.2222222222222222,1.7777777777777777,0.8888888888888888,0.2222222222222222,0.2222222222222222,50.66666666666667,2.2222222222222223,1.7777777777777777,0.2222222222222222,0.4444444444444444,12.666666666666668,5.111111111111112,2.666666666666667,1.3333333333333335,1.3333333333333335,1.7777777777777777,1.7777777777777777,0.0,0.0,0.2222222222222222,0.0,0.0,0.0
19071,Emiliano Buendía,https://media.api-sports.io/football/players/19071.png,Midfielder,M,39,Premier League,66,Aston Villa,404,5,5,6.581559405940594,25.0,75.71428571428571,42.62295081967213,57.14285714285714,1.0,8.0,2.0,1.0,0.0,140.0,5.0,9.0,0.0,4.0,61.0,26.0,7.0,4.0,5.0,7.0,5.0,0,0,0.0,0.0,0,0.0,0.22277227722772278,1.7821782178217822,0.44554455445544555,0.22277227722772278,0.0,31.188118811881186,1.113861386138614,2.004950495049505,0.0,0.8910891089108911,13.589108910891088,5.792079207920792,1.5594059405940595,0.8910891089108911,1.113861386138614,1.5594059405940595,1.113861386138614,0.0,0.0,0.0,0.0,0.0,0.0
2926,Youri Tielemans,https://media.api-sports.io/football/players/2926.png,Midfielder,M,39,Premier League,33,Manchester United,404,5,5,7.086782178217821,75.0,90.43478260869566,55.55555555555556,40.0,0.0,4.0,3.0,0.0,0.0,345.0,7.0,7.0,1.0,7.0,36.0,20.0,5.0,2.0,6.0,8.0,1.0,0,0,0.0,0.0,0,0.0,0.0,0.8910891089108911,0.6683168316831682,0.0,0.0,76.85643564356435,1.5594059405940595,1.5594059405940595,0.22277227722772278,1.5594059405940595,8.01980198019802,4.455445544554456,1.113861386138614,0.44554455445544555,1.3366336633663365,1.7821782178217822,0.22277227722772278,0.0,0.0,0.0,0.0,0.0,0.0
203224,Florian Wirtz,https://media.api-sports.io/football/players/203224.png,Midfielder,M,39,Premier League,40,Liverpool,403,5,5,6.521091811414391,50.0,80.44444444444444,51.162790697674424,46.15384615384615,0.0,6.0,3.0,0.0,1.0,225.0,9.0,8.0,1.0,0.0,43.0,22.0,13.0,6.0,1.0,4.0,7.0,1,0,0.0,0.0,0,0.0,0.0,1.3399503722084367,0.6699751861042184,0.0,0.22332506203473945,50.24813895781638,2.009925558312655,1.7866004962779156,0.22332506203473945,0.0,9.602977667493796,4.913151364764268,2.903225806451613,1.3399503722084367,0.22332506203473945,0.8933002481389578,1.5632754342431763,0.22332506203473945,0.0,0.0,0.0,0.0,0.0
2823,Saša Lukić,https://media.api-sports.io/football/players/2823.png,Midfielder,M,39,Premier League,57,Ipswich,403,5,5,6.583846153846154,,89.02439024390245,33.33333333333333,50.0,0.0,0.0,0.0,0.0,1.0,246.0,6.0,7.0,2.0,6.0,33.0,11.0,2.0,1.0,5.0,1.0,11.0,2,0,0.0,0.0,0,0.0,0.0,0.0,0.0,0.0,0.22332506203473945,54.9379652605459,1.3399503722084367,1.5632754342431763,0.4466501240694789,1.3399503722084367,7.369727047146402,2.456575682382134,0.4466501240694789,0.22332506203473945,1.1166253101736974,0.22332506203473945,2.456575682382134,0.4466501240694789,0.0,0.0,0.0,0.0,0.0
2449,Yangel Herrera,https://media.api-sports.io/football/players/2449.png,Midfielder,M,140,La Liga,548,Real Sociedad,403,7,5,6.73151364764268,50.0,87.65957446808511,49.09090909090909,66.66666666666666,0.0,4.0,2.0,1.0,0.0,235.0,1.0,10.0,1.0,1.0,55.0,27.0,3.0,2.0,1.0,10.0,8.0,3,0,1.0,0.0,0,0.0,0.0,0.8933002481389578,0.4466501240694789,0.22332506203473945,0.0,52.481389578163764,0.22332506203473945,2.2332506203473947,0.22332506203473945,0.22332506203473945,12.282878411910671,6.029776674937965,0.6699751861042184,0.4466501240694789,0.22332506203473945,2.2332506203473947,1.7866004962779156,0.6699751861042184,0.0,0.22332506203473945,0.0,0.0,0.0
902,Nemanja Matić,https://media.api-sports.io/football/players/902.png,Midfielder,M,135,Serie A,488,Sassuolo,402,5,5,7.145522388059701,0.0,87.9245283018868,63.33333333333333,88.88888888888889,0.0,2.0,0.0,0.0,1.0,265.0,7.0,10.0,2.0,5.0,30.0,19.0,9.0,8.0,2.0,1.0,3.0,1,0,0.0,0.0,0,0.0,0.0,0.44776119402985076,0.0,0.0,0.22388059701492538,59.32835820895523,1.5671641791044777,2.238805970149254,0.44776119402985076,1.119402985074627,6.716417910447761,4.253731343283582,2.014925373134328,1.791044776119403,0.44776119402985076,0.22388059701492538,0.6716417910447761,0.22388059701492538,0.0,0.0,0.0,0.0,0.0
1700,Iván Martín,https://media.api-sports.io/football/players/1700.png,Midfielder,M,140,La Liga,4665,Racing Santander,399,6,4,6.8804511278195495,0.0,86.90476190476191,65.21739130434783,55.55555555555556,1.0,1.0,0.0,0.0,0.0,252.0,3.0,18.0,1.0,0.0,46.0,30.0,9.0,5.0,0.0,4.0,4.0,0,0,0.0,0.0,0,0.0,0.22556390977443608,0.22556390977443608,0.0,0.0,0.0,56.84210526315789,0.6766917293233082,4.060150375939849,0.22556390977443608,0.0,10.375939849624059,6.7669172932330826,2.0300751879699246,1.1278195488721803,0.0,0.9022556390977443,0.9022556390977443,0.0,0.0,0.0,0.0,0.0,0.0
328105,Lewis Miley,https://media.api-sports.io/football/players/328105.png,Midfielder,M,39,Premier League,34,Newcastle,399,5,5,6.8162907268170425,0.0,88.53754940711462,53.333333333333336,75.0,0.0,1.0,0.0,0.0,0.0,253.0,4.0,6.0,3.0,5.0,30.0,16.0,4.0,3.0,4.0,2.0,2.0,1,0,0.0,0.0,0,0.0,0.0,0.22556390977443608,0.0,0.0,0.0,57.067669172932334,0.9022556390977443,1.3533834586466165,0.6766917293233082,1.1278195488721803,6.7669172932330826,3.6090225563909772,0.9022556390977443,0.6766917293233082,0.9022556390977443,0.45112781954887216,0.45112781954887216,0.22556390977443608,0.0,0.0,0.0,0.0,0.0
188445,Luismi Cruz,https://media.api-sports.io/football/players/188445.png,Midfielder,M,140,La Liga,544,Deportivo La Coruna,399,7,5,6.899423558897243,50.0,81.75675675675676,55.35714285714286,62.5,0.0,4.0,2.0,1.0,1.0,148.0,14.0,14.0,1.0,2.0,56.0,31.0,8.0,5.0,5.0,8.0,13.0,0,0,0.0,0.0,0,0.0,0.0,0.9022556390977443,0.45112781954887216,0.22556390977443608,0.22556390977443608,33.38345864661654,3.1578947368421053,3.1578947368421053,0.22556390977443608,0.45112781954887216,12.631578947368421,6.992481203007518,1.8045112781954886,1.1278195488721803,1.1278195488721803,1.8045112781954886,2.932330827067669,0.0,0.0,0.0,0.0,0.0,0.0
264,Thomas Meunier,https://media.api-sports.io/football/players/264.png,Defender,M,39,Premier League,746,Sunderland,399,5,5,6.579498746867168,66.66666666666666,83.54430379746836,34.78260869565217,33.33333333333333,0.0,6.0,4.0,0.0,1.0,158.0,2.0,4.0,2.0,4.0,23.0,8.0,3.0,1.0,2.0,0.0,3.0,0,0,0.0,0.0,0,0.0,0.0,1.3533834586466165,0.9022556390977443,0.0,0.22556390977443608,35.6390977443609,0.45112781954887216,0.9022556390977443,0.45112781954887216,0.9022556390977443,5.1879699248120295,1.8045112781954886,0.6766917293233082,0.22556390977443608,0.45112781954887216,0.0,0.6766917293233082,0.0,0.0,0.0,0.0,0.0,0.0
608142,Adil Bourabaa,https://media.api-sports.io/football/players/608142.png,Midfielder,M,61,Ligue 1,1298,Le Mans,398,5,5,7.2756281407035175,60.0,81.25,43.18181818181818,46.15384615384615,0.0,5.0,3.0,3.0,2.0,144.0,8.0,6.0,0.0,6.0,44.0,19.0,13.0,6.0,4.0,5.0,6.0,1,0,0.0,0.0,0,0.0,0.0,1.1306532663316584,0.6783919597989949,0.6783919597989949,0.45226130653266333,32.56281407035176,1.8090452261306533,1.3567839195979898,0.0,1.3567839195979898,9.949748743718594,4.296482412060302,2.9396984924623117,1.3567839195979898,0.9045226130653267,1.1306532663316584,1.3567839195979898,0.22613065326633167,0.0,0.0,0.0,0.0,0.0
311083,Cher Ndour,https://media.api-sports.io/football/players/311083.png,Midfielder,M,135,Serie A,502,Fiorentina,398,5,4,6.578894472361808,25.0,87.34939759036145,51.724137931034484,100.0,0.0,4.0,1.0,0.0,1.0,166.0,6.0,6.0,1.0,5.0,29.0,15.0,2.0,2.0,5.0,3.0,5.0,0,0,0.0,0.0,0,0.0,0.0,0.9045226130653267,0.22613065326633167,0.0,0.22613065326633167,37.537688442211056,1.3567839195979898,1.3567839195979898,0.22613065326633167,1.1306532663316584,6.557788944723618,3.3919597989949746,0.45226130653266333,0.45226130653266333,1.1306532663316584,0.6783919597989949,1.1306532663316584,0.0,0.0,0.0,0.0,0.0,0.0
299923,Mohamed Belloumi,https://media.api-sports.io/football/players/299923.png,Midfielder,M,39,Premier League,64,Hull City,398,5,5,7.145226130653266,41.66666666666667,71.7948717948718,50.0,50.0,1.0,12.0,5.0,2.0,2.0,78.0,5.0,16.0,3.0,9.0,50.0,25.0,12.0,6.0,6.0,1.0,7.0,1,0,0.0,0.0,0,0.0,0.22613065326633167,2.7135678391959797,1.1306532663316584,0.45226130653266333,0.45226130653266333,17.63819095477387,1.1306532663316584,3.6180904522613067,0.6783919597989949,2.035175879396985,11.306532663316581,5.6532663316582905,2.7135678391959797,1.3567839195979898,1.3567839195979898,0.22613065326633167,1.5829145728643217,0.22613065326633167,0.0,0.0,0.0,0.0,0.0
47182,Tete Morente,https://media.api-sports.io/football/players/47182.png,Midfielder,M,140,La Liga,797,Elche,398,7,4,6.570251256281406,20.0,80.95238095238095,34.146341463414636,33.33333333333333,0.0,5.0,1.0,0.0,3.0,147.0,5.0,3.0,0.0,5.0,41.0,14.0,15.0,5.0,3.0,6.0,10.0,1,0,0.0,0.0,0,0.0,0.0,1.1306532663316584,0.22613065326633167,0.0,0.6783919597989949,33.24120603015075,1.1306532663316584,0.6783919597989949,0.0,1.1306532663316584,9.271356783919598,3.1658291457286434,3.3919597989949746,1.1306532663316584,0.6783919597989949,1.3567839195979898,2.261306532663317,0.22613065326633167,0.0,0.0,0.0,0.0,0.0
375990,P. Mboup,https://media.api-sports.io/football/players/375990.png,Midfielder,M,61,Ligue 1,106,Stade Brestois 29,397,5,5,6.464685138539043,43.75,78.26086956521739,36.61971830985916,46.15384615384615,4.0,16.0,7.0,1.0,0.0,92.0,6.0,9.0,0.0,4.0,71.0,26.0,13.0,6.0,1.0,7.0,20.0,1,0,0.0,0.0,0,0.0,0.906801007556675,3.6272040302267,1.5869017632241813,0.22670025188916876,0.0,20.856423173803528,1.3602015113350125,2.040302267002519,0.0,0.906801007556675,16.09571788413098,5.894206549118388,2.947103274559194,1.3602015113350125,0.22670025188916876,1.5869017632241813,4.534005037783375,0.22670025188916876,0.0,0.0,0.0,0.0,0.0
281096,Patrizio Masini,https://media.api-sports.io/football/players/281096.png,Midfielder,M,135,Serie A,512,Frosinone,391,5,4,6.930946291560102,0.0,74.59016393442623,47.05882352941176,50.0,0.0,3.0,0.0,0.0,1.0,122.0,1.0,16.0,5.0,9.0,51.0,24.0,2.0,1.0,13.0,5.0,8.0,0,0,0.0,0.0,0,0.0,0.0,0.690537084398977,0.0,0.0,0.23017902813299235,28.081841432225062,0.23017902813299235,3.6828644501278776,1.1508951406649617,2.071611253196931,11.739130434782608,5.524296675191816,0.4603580562659847,0.23017902813299235,2.9923273657289005,1.1508951406649617,1.8414322250639388,0.0,0.0,0.0,0.0,0.0,0.0
60,Joaquín Muñoz,https://media.api-sports.io/football/players/60.png,Attacker,M,140,La Liga,535,Malaga,389,7,5,6.426889460154242,0.0,81.1881188118812,44.0,50.0,0.0,3.0,0.0,0.0,0.0,101.0,4.0,5.0,2.0,1.0,50.0,22.0,12.0,6.0,5.0,11.0,5.0,0,0,0.0,0.0,0,0.0,0.0,0.6940874035989717,0.0,0.0,0.0,23.367609254498717,0.9254498714652956,1.1568123393316196,0.4627249357326478,0.2313624678663239,11.568123393316196,5.089974293059126,2.776349614395887,1.3881748071979434,1.1568123393316196,2.544987146529563,1.1568123393316196,0.0,0.0,0.0,0.0,0.0,0.0
286038,Álex Calatrava,https://media.api-sports.io/football/players/286038.png,Midfielder,M,140,La Liga,540,Espanyol,388,7,6,6.712319587628866,50.0,68.0,46.774193548387096,50.0,1.0,10.0,5.0,1.0,0.0,125.0,3.0,14.0,0.0,2.0,62.0,29.0,10.0,5.0,7.0,4.0,7.0,3,0,0.0,0.0,0,0.0,0.23195876288659795,2.319587628865979,1.1597938144329896,0.23195876288659795,0.0,28.994845360824744,0.6958762886597938,3.2474226804123707,0.0,0.4639175257731959,14.38144329896907,6.72680412371134,2.319587628865979,1.1597938144329896,1.6237113402061853,0.9278350515463918,1.6237113402061853,0.6958762886597938,0.0,0.0,0.0,0.0,0.0
18592,Iliman Ndiaye,https://media.api-sports.io/football/players/18592.png,Attacker,M,39,Premier League,50,Manchester City,387,5,5,6.960077519379844,60.0,91.33333333333333,42.64705882352941,37.5,0.0,5.0,3.0,0.0,1.0,150.0,7.0,8.0,0.0,4.0,68.0,29.0,24.0,9.0,3.0,10.0,4.0,0,0,0.0,0.0,0,0.0,0.0,1.1627906976744184,0.6976744186046512,0.0,0.23255813953488372,34.88372093023256,1.6279069767441858,1.8604651162790697,0.0,0.9302325581395349,15.813953488372093,6.744186046511628,5.5813953488372094,2.0930232558139537,0.6976744186046512,2.325581395348837,0.9302325581395349,0.0,0.0,0.0,0.0,0.0,0.0
31173,Davide Frattesi,https://media.api-sports.io/football/players/31173.png,Midfielder,M,135,Serie A,487,Lazio,386,5,4,7.145595854922279,60.0,77.08333333333334,37.77777777777778,28.57142857142857,0.0,5.0,3.0,3.0,0.0,96.0,5.0,6.0,3.0,4.0,45.0,17.0,7.0,2.0,7.0,9.0,5.0,0,0,0.0,0.0,0,0.0,0.0,1.16580310880829,0.6994818652849741,0.6994818652849741,0.0,22.383419689119172,1.16580310880829,1.3989637305699483,0.6994818652849741,0.9326424870466321,10.492227979274611,3.9637305699481864,1.632124352331606,0.46632124352331605,1.632124352331606,2.098445595854922,1.16580310880829,0.0,0.0,0.0,0.0,0.0,0.0
1696,Samuel Chukwueze,https://media.api-sports.io/football/players/1696.png,Attacker,M,135,Serie A,489,AC Milan,386,5,4,7.391968911917099,60.0,80.10752688172043,61.29032258064516,57.14285714285714,1.0,5.0,3.0,0.0,2.0,186.0,10.0,7.0,1.0,4.0,31.0,19.0,14.0,8.0,2.0,1.0,0.0,0,0,0.0,0.0,0,0.0,0.23316062176165803,1.16580310880829,0.6994818652849741,0.0,0.46632124352331605,43.36787564766839,2.33160621761658,1.632124352331606,0.23316062176165803,0.9326424870466321,7.227979274611398,4.430051813471502,3.264248704663212,1.8652849740932642,0.46632124352331605,0.23316062176165803,0.0,0.0,0.0,0.0,0.0,0.0,0.0
371950,A. Piedfort,https://media.api-sports.io/football/players/371950.png,Midfielder,M,61,Ligue 1,108,Auxerre,384,5,5,6.468463541666668,0.0,86.82634730538922,46.666666666666664,100.0,0.0,1.0,0.0,0.0,0.0,167.0,2.0,5.0,2.0,8.0,30.0,14.0,1.0,1.0,2.0,3.0,4.0,1,0,0.0,1.0,0,0.0,0.0,0.234375,0.0,0.0,0.0,39.140625,0.46875,1.171875,0.46875,1.875,7.03125,3.28125,0.234375,0.234375,0.46875,0.703125,0.9375,0.234375,0.0,0.0,0.234375,0.0,0.0
400510,Diogo Sousa,https://media.api-sports.io/football/players/400510.png,Midfielder,M,61,Ligue 1,95,Strasbourg,384,5,5,6.514062499999999,100.0,79.43262411347519,25.806451612903224,33.33333333333333,1.0,4.0,4.0,1.0,1.0,141.0,6.0,3.0,1.0,4.0,31.0,8.0,6.0,2.0,3.0,2.0,9.0,1,0,0.0,0.0,0,0.0,0.234375,0.9375,0.9375,0.234375,0.234375,33.046875,1.40625,0.703125,0.234375,0.9375,7.265625,1.875,1.40625,0.46875,0.703125,0.46875,2.109375,0.234375,0.0,0.0,0.0,0.0,0.0
36895,Kian Fitz-Jim,https://media.api-sports.io/football/players/36895.png,Midfielder,M,135,Serie A,503,Torino,384,5,5,6.861979166666667,0.0,88.07339449541286,57.692307692307686,70.0,0.0,2.0,0.0,0.0,0.0,218.0,8.0,3.0,1.0,4.0,26.0,15.0,10.0,7.0,3.0,5.0,1.0,0,0,0.0,0.0,0,0.0,0.0,0.46875,0.0,0.0,0.0,51.09375,1.875,0.703125,0.234375,0.9375,6.09375,3.515625,2.34375,1.640625,0.703125,1.171875,0.234375,0.0,0.0,0.0,0.0,0.0,0.0
162189,M. Bidstrup,https://media.api-sports.io/football/players/162189.png,Midfielder,M,61,Ligue 1,80,Lyon,384,5,5,6.5523958333333345,0.0,79.54545454545455,57.49999999999999,50.0,0.0,3.0,0.0,0.0,0.0,88.0,3.0,16.0,1.0,5.0,40.0,23.0,2.0,1.0,5.0,5.0,5.0,0,0,0.0,0.0,0,0.0,0.0,0.703125,0.0,0.0,0.0,20.625,0.703125,3.75,0.234375,1.171875,9.375,5.390625,0.46875,0.234375,1.171875,1.171875,1.171875,0.0,0.0,0.0,0.0,0.0,0.0
37127,M. Ødegaard,https://media.api-sports.io/football/players/37127.png,Midfielder,M,39,Premier League,42,Arsenal,382,5,5,7.655732984293193,50.0,90.87136929460581,53.84615384615385,28.57142857142857,0.0,4.0,2.0,2.0,0.0,241.0,12.0,6.0,1.0,1.0,26.0,14.0,7.0,2.0,0.0,6.0,2.0,0,0,0.0,0.0,0,0.0,0.0,0.9424083769633509,0.47120418848167545,0.47120418848167545,0.0,56.78010471204188,2.827225130890052,1.413612565445026,0.23560209424083772,0.23560209424083772,6.125654450261781,3.2984293193717273,1.6492146596858637,0.47120418848167545,0.0,1.413612565445026,0.47120418848167545,0.0,0.0,0.0,0.0,0.0,0.0
1910,Maxime López,https://media.api-sports.io/football/players/1910.png,Midfielder,M,61,Ligue 1,114,Paris FC,382,5,4,7.0040837696335085,50.0,93.51351351351352,50.0,100.0,0.0,2.0,1.0,0.0,1.0,370.0,6.0,7.0,1.0,6.0,18.0,9.0,1.0,1.0,1.0,1.0,5.0,1,0,0.0,0.0,0,0.0,0.0,0.47120418848167545,0.23560209424083772,0.0,0.23560209424083772,87.17277486910994,1.413612565445026,1.6492146596858637,0.23560209424083772,1.413612565445026,4.2408376963350785,2.1204188481675392,0.23560209424083772,0.23560209424083772,0.23560209424083772,0.23560209424083772,1.1780104712041886,0.23560209424083772,0.0,0.0,0.0,0.0,0.0
519,C. Tolisso,https://media.api-sports.io/football/players/519.png,Midfielder,M,61,Ligue 1,80,Lyon,381,5,4,7.11496062992126,71.42857142857143,83.09178743961353,49.056603773584904,60.0,1.0,7.0,5.0,1.0,2.0,207.0,9.0,8.0,1.0,7.0,53.0,26.0,5.0,3.0,7.0,10.0,4.0,0,0,0.0,0.0,0,0.0,0.23622047244094488,1.6535433070866141,1.1811023622047243,0.23622047244094488,0.47244094488188976,48.89763779527559,2.1259842519685037,1.889763779527559,0.23622047244094488,1.6535433070866141,12.51968503937008,6.141732283464567,1.1811023622047243,0.7086614173228346,1.6535433070866141,2.3622047244094486,0.9448818897637795,0.0,0.0,0.0,0.0,0.0,0.0
338735,Anan Khalaili,https://media.api-sports.io/football/players/338735.png,Defender,M,39,Premier League,52,Crystal Palace,380,5,4,6.975526315789473,16.666666666666664,77.85234899328859,58.92857142857143,54.54545454545454,1.0,6.0,1.0,1.0,0.0,149.0,3.0,21.0,2.0,6.0,56.0,33.0,11.0,6.0,10.0,1.0,4.0,1,0,0.0,0.0,0,0.0,0.23684210526315788,1.4210526315789473,0.23684210526315788,0.23684210526315788,0.0,35.28947368421053,0.7105263157894737,4.973684210526316,0.47368421052631576,1.4210526315789473,13.26315789473684,7.8157894736842115,2.6052631578947367,1.4210526315789473,2.3684210526315788,0.23684210526315788,0.9473684210526315,0.23684210526315788,0.0,0.0,0.0,0.0,0.0
161893,Enzo Bardeli,https://media.api-sports.io/football/players/161893.png,Midfielder,M,140,La Liga,539,Levante,380,6,5,6.585263157894737,50.0,82.90598290598291,36.666666666666664,66.66666666666666,2.0,2.0,1.0,1.0,1.0,117.0,8.0,7.0,1.0,4.0,30.0,11.0,3.0,2.0,6.0,2.0,6.0,0,0,0.0,0.0,0,0.0,0.47368421052631576,0.47368421052631576,0.23684210526315788,0.23684210526315788,0.23684210526315788,27.710526315789476,1.894736842105263,1.657894736842105,0.23684210526315788,0.9473684210526315,7.105263157894736,2.6052631578947367,0.7105263157894737,0.47368421052631576,1.4210526315789473,0.47368421052631576,1.4210526315789473,0.0,0.0,0.0,0.0,0.0,0.0
20692,H. Abdelli,https://media.api-sports.io/football/players/20692.png,Midfielder,M,61,Ligue 1,81,Marseille,379,5,5,6.682374670184696,0.0,91.30434782608695,43.47826086956522,50.0,1.0,1.0,0.0,0.0,0.0,230.0,3.0,4.0,0.0,1.0,23.0,10.0,6.0,3.0,0.0,2.0,4.0,1,0,0.0,0.0,0,0.0,0.23746701846965698,0.23746701846965698,0.0,0.0,0.0,54.617414248021106,0.712401055408971,0.9498680738786279,0.0,0.23746701846965698,5.461741424802111,2.37467018469657,1.424802110817942,0.712401055408971,0.0,0.47493403693931396,0.9498680738786279,0.23746701846965698,0.0,0.0,0.0,0.0,0.0
51016,Tajon Buchanan,https://media.api-sports.io/football/players/51016.png,Attacker,M,140,La Liga,533,Villarreal,378,7,4,6.7370370370370365,44.44444444444444,89.43661971830986,51.85185185185185,30.76923076923077,1.0,9.0,4.0,0.0,0.0,142.0,8.0,8.0,0.0,2.0,54.0,28.0,13.0,4.0,5.0,14.0,9.0,2,0,1.0,0.0,0,0.0,0.23809523809523808,2.142857142857143,0.9523809523809523,0.0,0.0,33.80952380952381,1.9047619047619047,1.9047619047619047,0.0,0.47619047619047616,12.857142857142856,6.666666666666666,3.095238095238095,0.9523809523809523,1.1904761904761905,3.333333333333333,2.142857142857143,0.47619047619047616,0.0,0.23809523809523808,0.0,0.0,0.0
1095,Xaver Schlager,https://media.api-sports.io/football/players/1095.png,Midfielder,M,39,Premier League,65,Nottingham Forest,376,5,4,7.18218085106383,50.0,85.54216867469879,61.36363636363637,100.0,0.0,2.0,1.0,0.0,0.0,166.0,1.0,17.0,1.0,5.0,44.0,27.0,4.0,4.0,7.0,2.0,4.0,1,0,0.0,0.0,0,0.0,0.0,0.4787234042553191,0.23936170212765956,0.0,0.0,39.734042553191486,0.23936170212765956,4.069148936170213,0.23936170212765956,1.196808510638298,10.53191489361702,6.462765957446809,0.9574468085106382,0.9574468085106382,1.675531914893617,0.4787234042553191,0.9574468085106382,0.23936170212765956,0.0,0.0,0.0,0.0,0.0
179955,Javier Rueda,https://media.api-sports.io/football/players/179955.png,Defender,M,140,La Liga,538,Celta Vigo,375,7,5,6.511493333333333,0.0,80.66666666666666,46.34146341463415,57.14285714285714,2.0,2.0,0.0,0.0,0.0,150.0,6.0,6.0,1.0,6.0,41.0,19.0,7.0,4.0,0.0,5.0,5.0,2,0,0.0,0.0,0,0.0,0.48,0.48,0.0,0.0,0.0,36.0,1.44,1.44,0.24,1.44,9.84,4.56,1.6800000000000002,0.96,0.0,1.2000000000000002,1.2000000000000002,0.48,0.0,0.0,0.0,0.0,0.0
1489,Nemanja Gudelj,https://media.api-sports.io/football/players/1489.png,Defender,M,140,La Liga,546,Getafe,374,5,4,6.50855614973262,0.0,74.74747474747475,50.0,50.0,0.0,2.0,0.0,0.0,0.0,99.0,2.0,4.0,3.0,5.0,28.0,14.0,2.0,1.0,3.0,1.0,8.0,2,0,0.0,0.0,0,0.0,0.0,0.48128342245989303,0.0,0.0,0.0,23.823529411764707,0.48128342245989303,0.9625668449197861,0.7219251336898397,1.2032085561497325,6.737967914438502,3.368983957219251,0.48128342245989303,0.24064171122994651,0.7219251336898397,0.24064171122994651,1.9251336898395721,0.48128342245989303,0.0,0.0,0.0,0.0,0.0
22261,A. Thomasson,https://media.api-sports.io/football/players/22261.png,Midfielder,M,61,Ligue 1,94,Rennes,373,5,5,7.245227882037533,33.33333333333333,84.75336322869956,45.28301886792453,60.0,0.0,3.0,1.0,1.0,2.0,223.0,14.0,6.0,2.0,6.0,53.0,24.0,5.0,3.0,7.0,7.0,9.0,1,0,0.0,0.0,0,0.0,0.0,0.7238605898123325,0.24128686327077747,0.24128686327077747,0.48257372654155495,53.806970509383376,3.3780160857908843,1.447721179624665,0.48257372654155495,1.447721179624665,12.788203753351208,5.79088471849866,1.2064343163538873,0.7238605898123325,1.6890080428954422,1.6890080428954422,2.171581769436997,0.24128686327077747,0.0,0.0,0.0,0.0,0.0
332307,Beñat Gerenabarrena,https://media.api-sports.io/football/players/332307.png,Midfielder,M,140,La Liga,531,Athletic Club,373,6,4,6.645844504021448,100.0,86.90476190476191,52.77777777777778,,0.0,1.0,1.0,0.0,0.0,168.0,1.0,10.0,0.0,12.0,36.0,19.0,0.0,0.0,3.0,5.0,11.0,2,0,0.0,0.0,0,0.0,0.0,0.24128686327077747,0.24128686327077747,0.0,0.0,40.53619302949062,0.24128686327077747,2.4128686327077746,0.0,2.89544235924933,8.686327077747988,4.584450402144772,0.0,0.0,0.7238605898123325,1.2064343163538873,2.6541554959785523,0.48257372654155495,0.0,0.0,0.0,0.0,0.0
128582,Jorge de Frutos,https://media.api-sports.io/football/players/128582.png,Attacker,M,140,La Liga,728,Rayo Vallecano,373,5,5,6.696514745308312,100.0,72.72727272727273,49.056603773584904,58.333333333333336,1.0,2.0,2.0,0.0,1.0,66.0,3.0,9.0,0.0,0.0,53.0,26.0,12.0,7.0,9.0,8.0,5.0,0,1,0.0,0.0,0,0.0,0.24128686327077747,0.48257372654155495,0.48257372654155495,0.0,0.24128686327077747,15.924932975871315,0.7238605898123325,2.171581769436997,0.0,0.0,12.788203753351208,6.273458445040215,2.89544235924933,1.6890080428954422,2.171581769436997,1.9302949061662198,1.2064343163538873,0.0,0.24128686327077747,0.0,0.0,0.0,0.0
896,A. Gomes,https://media.api-sports.io/football/players/896.png,Midfielder,M,61,Ligue 1,81,Marseille,372,5,5,6.790537634408602,37.5,90.10989010989012,47.05882352941176,40.0,0.0,8.0,3.0,1.0,1.0,182.0,4.0,8.0,0.0,3.0,34.0,16.0,5.0,2.0,1.0,4.0,6.0,1,0,0.0,0.0,0,0.0,0.0,1.935483870967742,0.7258064516129032,0.24193548387096775,0.24193548387096775,44.03225806451613,0.967741935483871,1.935483870967742,0.0,0.7258064516129032,8.225806451612904,3.870967741935484,1.2096774193548387,0.4838709677419355,0.24193548387096775,0.967741935483871,1.4516129032258065,0.24193548387096775,0.0,0.0,0.0,0.0,0.0
863,Rodrigo Bentancur,https://media.api-sports.io/football/players/863.png,Midfielder,M,39,Premier League,47,Tottenham,372,5,4,6.74758064516129,0.0,88.9763779527559,43.333333333333336,50.0,0.0,1.0,0.0,0.0,0.0,254.0,1.0,15.0,1.0,5.0,60.0,26.0,2.0,1.0,5.0,1.0,9.0,0,0,0.0,1.0,0,0.0,0.0,0.24193548387096775,0.0,0.0,0.0,61.4516129032258,0.24193548387096775,3.629032258064516,0.24193548387096775,1.2096774193548387,14.516129032258064,6.290322580645161,0.4838709677419355,0.24193548387096775,1.2096774193548387,0.24193548387096775,2.1774193548387095,0.0,0.0,0.0,0.24193548387096775,0.0,0.0
47109,Óscar Valentín,https://media.api-sports.io/football/players/47109.png,Midfielder,M,140,La Liga,728,Rayo Vallecano,372,7,5,6.631666666666667,,87.5,54.54545454545454,100.0,0.0,0.0,0.0,0.0,0.0,176.0,2.0,11.0,4.0,6.0,44.0,24.0,1.0,1.0,6.0,5.0,6.0,1,0,0.0,0.0,0,0.0,0.0,0.0,0.0,0.0,0.0,42.58064516129033,0.4838709677419355,2.6612903225806455,0.967741935483871,1.4516129032258065,10.645161290322582,5.806451612903226,0.24193548387096775,0.24193548387096775,1.4516129032258065,1.2096774193548387,1.4516129032258065,0.24193548387096775,0.0,0.0,0.0,0.0,0.0
247,Cody Gakpo,https://media.api-sports.io/football/players/247.png,Midfielder,M,39,Premier League,40,Liverpool,371,5,5,7.263881401617251,25.0,82.92682926829268,48.97959183673469,50.0,4.0,4.0,1.0,1.0,3.0,123.0,11.0,8.0,1.0,7.0,49.0,24.0,12.0,6.0,4.0,6.0,6.0,0,0,0.0,0.0,0,0.0,0.9703504043126685,0.9703504043126685,0.24258760107816713,0.24258760107816713,0.7277628032345014,29.838274932614556,2.6684636118598384,1.940700808625337,0.24258760107816713,1.6981132075471697,11.88679245283019,5.822102425876011,2.9110512129380055,1.4555256064690028,0.9703504043126685,1.4555256064690028,1.4555256064690028,0.0,0.0,0.0,0.0,0.0,0.0
67889,Hakon Arnar Haraldsson,https://media.api-sports.io/football/players/67889.png,Midfielder,M,61,Ligue 1,79,Lille,371,5,5,6.94078167115903,80.0,87.96992481203007,43.24324324324324,50.0,1.0,5.0,4.0,1.0,0.0,133.0,9.0,4.0,0.0,3.0,37.0,16.0,8.0,4.0,4.0,6.0,6.0,1,0,0.0,0.0,0,0.0,0.24258760107816713,1.2129380053908356,0.9703504043126685,0.24258760107816713,0.0,32.264150943396224,2.183288409703504,0.9703504043126685,0.0,0.7277628032345014,8.975741239892184,3.881401617250674,1.940700808625337,0.9703504043126685,0.9703504043126685,1.4555256064690028,1.4555256064690028,0.24258760107816713,0.0,0.0,0.0,0.0,0.0
41324,Ricardo Mangas,https://media.api-sports.io/football/players/41324.png,Midfielder,M,135,Serie A,1579,Monza,371,5,5,6.830458221024259,66.66666666666666,74.75728155339806,42.857142857142854,0.0,3.0,3.0,2.0,1.0,2.0,103.0,8.0,4.0,0.0,4.0,35.0,15.0,7.0,0.0,1.0,6.0,4.0,0,0,0.0,0.0,0,0.0,0.7277628032345014,0.7277628032345014,0.48517520215633425,0.24258760107816713,0.48517520215633425,24.986522911051214,1.940700808625337,0.9703504043126685,0.0,0.9703504043126685,8.49056603773585,3.6388140161725064,1.6981132075471697,0.0,0.24258760107816713,1.4555256064690028,0.9703504043126685,0.0,0.0,0.0,0.0,0.0,0.0
134926,Daniel Maldini,https://media.api-sports.io/football/players/134926.png,Midfielder,M,135,Serie A,490,Cagliari,369,5,5,7.016802168021679,50.0,80.95238095238095,42.857142857142854,35.714285714285715,0.0,8.0,4.0,3.0,0.0,126.0,5.0,4.0,1.0,5.0,42.0,18.0,14.0,5.0,3.0,8.0,5.0,0,0,0.0,0.0,1,0.0,0.0,1.951219512195122,0.975609756097561,0.7317073170731708,0.0,30.731707317073173,1.2195121951219512,0.975609756097561,0.24390243902439024,1.2195121951219512,10.24390243902439,4.390243902439025,3.4146341463414633,1.2195121951219512,0.7317073170731708,1.951219512195122,1.2195121951219512,0.0,0.0,0.0,0.0,0.24390243902439024,0.0
19201,Jayden Bogle,https://media.api-sports.io/football/players/19201.png,Midfielder,M,39,Premier League,63,Leeds,369,5,5,6.819512195121951,100.0,69.0721649484536,50.0,42.857142857142854,0.0,4.0,4.0,2.0,0.0,97.0,2.0,5.0,1.0,2.0,42.0,21.0,7.0,3.0,4.0,8.0,6.0,2,0,0.0,0.0,0,0.0,0.0,0.975609756097561,0.975609756097561,0.4878048780487805,0.0,23.65853658536585,0.4878048780487805,1.2195121951219512,0.24390243902439024,0.4878048780487805,10.24390243902439,5.121951219512195,1.7073170731707317,0.7317073170731708,0.975609756097561,1.951219512195122,1.4634146341463417,0.4878048780487805,0.0,0.0,0.0,0.0,0.0
46658,Rubén García,https://media.api-sports.io/football/players/46658.png,Midfielder,M,140,La Liga,727,Osasuna,369,7,6,6.69089430894309,50.0,80.43478260869566,54.761904761904766,40.0,0.0,6.0,3.0,0.0,0.0,138.0,7.0,12.0,1.0,2.0,42.0,23.0,5.0,2.0,1.0,3.0,5.0,1,0,0.0,0.0,0,0.0,0.0,1.4634146341463417,0.7317073170731708,0.0,0.0,33.65853658536585,1.7073170731707317,2.9268292682926833,0.24390243902439024,0.4878048780487805,10.24390243902439,5.609756097560975,1.2195121951219512,0.4878048780487805,0.24390243902439024,0.7317073170731708,1.2195121951219512,0.24390243902439024,0.0,0.0,0.0,0.0,0.0
471040,Alessio Cacciamani,https://media.api-sports.io/football/players/471040.png,Defender,M,135,Serie A,503,Torino,368,5,4,6.695923913043478,,83.63636363636363,54.054054054054056,54.54545454545454,0.0,0.0,0.0,0.0,1.0,110.0,2.0,4.0,1.0,2.0,37.0,20.0,11.0,6.0,1.0,9.0,3.0,0,0,0.0,0.0,0,0.0,0.0,0.0,0.0,0.0,0.24456521739130435,26.902173913043477,0.4891304347826087,0.9782608695652174,0.24456521739130435,0.4891304347826087,9.048913043478262,4.891304347826087,2.690217391304348,1.467391304347826,0.24456521739130435,2.2010869565217392,0.733695652173913,0.0,0.0,0.0,0.0,0.0,0.0
162590,T. Morton,https://media.api-sports.io/football/players/162590.png,Midfielder,M,61,Ligue 1,80,Lyon,366,5,4,6.697896174863389,0.0,85.29411764705883,46.15384615384615,0.0,0.0,1.0,0.0,0.0,0.0,204.0,3.0,6.0,1.0,3.0,26.0,12.0,1.0,0.0,0.0,3.0,5.0,1,0,0.0,0.0,0,0.0,0.0,0.2459016393442623,0.0,0.0,0.0,50.1639344262295,0.7377049180327869,1.4754098360655739,0.2459016393442623,0.7377049180327869,6.393442622950819,2.9508196721311477,0.2459016393442623,0.0,0.0,0.7377049180327869,1.2295081967213115,0.2459016393442623,0.0,0.0,0.0,0.0,0.0
161800,C. Tzolis,https://media.api-sports.io/football/players/161800.png,Midfielder,M,39,Premier League,42,Arsenal,365,5,5,6.939863013698631,66.66666666666666,84.32835820895522,50.0,16.666666666666664,1.0,3.0,2.0,0.0,1.0,134.0,8.0,4.0,0.0,2.0,36.0,18.0,6.0,1.0,1.0,8.0,2.0,2,0,0.0,0.0,0,0.0,0.24657534246575344,0.7397260273972602,0.4931506849315069,0.0,0.24657534246575344,33.04109589041096,1.9726027397260275,0.9863013698630138,0.0,0.4931506849315069,8.876712328767123,4.438356164383562,1.4794520547945205,0.24657534246575344,0.24657534246575344,1.9726027397260275,0.4931506849315069,0.4931506849315069,0.0,0.0,0.0,0.0,0.0
7562,Romano Schmid,https://media.api-sports.io/football/players/7562.png,Midfielder,M,135,Serie A,512,Frosinone,365,5,5,6.76986301369863,0.0,71.53846153846153,41.17647058823529,33.33333333333333,0.0,2.0,0.0,0.0,3.0,130.0,4.0,4.0,1.0,0.0,34.0,14.0,6.0,2.0,5.0,4.0,8.0,2,0,0.0,0.0,0,0.0,0.0,0.4931506849315069,0.0,0.0,0.7397260273972602,32.054794520547944,0.9863013698630138,0.9863013698630138,0.24657534246575344,0.0,8.383561643835616,3.452054794520548,1.4794520547945205,0.4931506849315069,1.2328767123287672,0.9863013698630138,1.9726027397260275,0.4931506849315069,0.0,0.0,0.0,0.0,0.0
873,Federico Bernardeschi,https://media.api-sports.io/football/players/873.png,Midfielder,M,135,Serie A,500,Bologna,364,5,4,7.11923076923077,50.0,89.1891891891892,43.333333333333336,44.44444444444444,1.0,10.0,5.0,1.0,0.0,148.0,7.0,2.0,0.0,1.0,30.0,13.0,9.0,4.0,2.0,5.0,4.0,0,0,0.0,0.0,0,0.0,0.24725274725274726,2.4725274725274726,1.2362637362637363,0.24725274725274726,0.0,36.59340659340659,1.7307692307692308,0.4945054945054945,0.0,0.24725274725274726,7.417582417582418,3.214285714285714,2.2252747252747254,0.989010989010989,0.4945054945054945,1.2362637362637363,0.989010989010989,0.0,0.0,0.0,0.0,0.0,0.0
161585,Francisco Conceição,https://media.api-sports.io/football/players/161585.png,Midfielder,M,135,Serie A,496,Juventus,364,5,5,7.317857142857142,50.0,84.21052631578947,35.8974358974359,46.666666666666664,2.0,10.0,5.0,1.0,1.0,152.0,8.0,2.0,0.0,1.0,39.0,14.0,15.0,7.0,3.0,5.0,11.0,1,0,0.0,0.0,0,0.0,0.4945054945054945,2.4725274725274726,1.2362637362637363,0.24725274725274726,0.24725274725274726,37.582417582417584,1.978021978021978,0.4945054945054945,0.0,0.24725274725274726,9.642857142857142,3.4615384615384617,3.708791208791209,1.7307692307692308,0.7417582417582418,1.2362637362637363,2.71978021978022,0.24725274725274726,0.0,0.0,0.0,0.0,0.0
21618,J. Allevinah,https://media.api-sports.io/football/players/21618.png,Midfielder,M,61,Ligue 1,77,Angers,364,5,5,6.6268681318681315,27.27272727272727,81.81818181818183,43.18181818181818,25.0,1.0,11.0,3.0,0.0,0.0,110.0,4.0,3.0,4.0,2.0,44.0,19.0,8.0,2.0,0.0,11.0,5.0,1,0,0.0,0.0,0,0.0,0.24725274725274726,2.71978021978022,0.7417582417582418,0.0,0.0,27.197802197802197,0.989010989010989,0.7417582417582418,0.989010989010989,0.4945054945054945,10.87912087912088,4.697802197802198,1.978021978021978,0.4945054945054945,0.0,2.71978021978022,1.2362637362637363,0.24725274725274726,0.0,0.0,0.0,0.0,0.0
183799,Nico Williams,https://media.api-sports.io/football/players/183799.png,Midfielder,M,140,La Liga,531,Athletic Club,364,6,4,7.02554945054945,18.181818181818183,74.24242424242425,38.297872340425535,27.27272727272727,1.0,11.0,2.0,1.0,0.0,132.0,7.0,8.0,0.0,4.0,47.0,18.0,22.0,6.0,3.0,2.0,5.0,0,0,1.0,0.0,0,0.0,0.24725274725274726,2.71978021978022,0.4945054945054945,0.24725274725274726,0.0,32.637362637362635,1.7307692307692308,1.978021978021978,0.0,0.989010989010989,11.620879120879122,4.450549450549451,5.43956043956044,1.4835164835164836,0.7417582417582418,0.4945054945054945,1.2362637362637363,0.0,0.0,0.24725274725274726,0.0,0.0,0.0
276662,Pablo Pagis,https://media.api-sports.io/football/players/276662.png,Attacker,M,61,Ligue 1,114,Paris FC,364,5,5,7.0739010989011,14.285714285714285,83.94160583941606,36.84210526315789,28.57142857142857,1.0,7.0,1.0,1.0,1.0,137.0,8.0,6.0,1.0,3.0,38.0,14.0,7.0,2.0,3.0,5.0,6.0,0,0,0.0,0.0,0,0.0,0.24725274725274726,1.7307692307692308,0.24725274725274726,0.24725274725274726,0.24725274725274726,33.87362637362637,1.978021978021978,1.4835164835164836,0.24725274725274726,0.7417582417582418,9.395604395604396,3.4615384615384617,1.7307692307692308,0.4945054945054945,0.7417582417582418,1.2362637362637363,1.4835164835164836,0.0,0.0,0.0,0.0,0.0,0.0
47516,Aleix García,https://media.api-sports.io/football/players/47516.png,Midfielder,M,78,Bundesliga,168,Bayer Leverkusen,360,4,4,7.475,50.0,92.02127659574468,56.25,100.0,1.0,4.0,2.0,0.0,0.0,376.0,13.0,5.0,0.0,6.0,16.0,9.0,2.0,2.0,1.0,1.0,2.0,0,0,0.0,0.0,0,0.0,0.25,1.0,0.5,0.0,0.0,94.0,3.2499999999999996,1.25,0.0,1.5,4.0,2.25,0.5,0.5,0.25,0.25,0.5,0.0,0.0,0.0,0.0,0.0,0.0
198654,D. Svensson,https://media.api-sports.io/football/players/198654.png,Midfielder,M,78,Bundesliga,165,Borussia Dortmund,360,4,4,7.04,,89.77272727272727,60.46511627906976,33.33333333333333,0.0,0.0,0.0,0.0,0.0,176.0,1.0,13.0,1.0,8.0,43.0,26.0,3.0,1.0,1.0,7.0,3.0,1,0,0.0,0.0,0,0.0,0.0,0.0,0.0,0.0,0.0,44.0,0.25,3.2499999999999996,0.25,2.0,10.75,6.499999999999999,0.75,0.25,0.25,1.75,0.75,0.25,0.0,0.0,0.0,0.0,0.0
353143,Hennes Behrens,https://media.api-sports.io/football/players/353143.png,Defender,M,78,Bundesliga,170,FC Augsburg,360,4,4,6.3725,0.0,73.4375,66.66666666666666,75.0,0.0,1.0,0.0,0.0,1.0,128.0,2.0,12.0,0.0,10.0,42.0,28.0,8.0,6.0,3.0,6.0,2.0,1,0,0.0,0.0,0,0.0,0.0,0.25,0.0,0.0,0.25,32.0,0.5,3.0,0.0,2.5,10.5,7.0,2.0,1.5,0.75,1.5,0.5,0.25,0.0,0.0,0.0,0.0,0.0
380587,I. Maza,https://media.api-sports.io/football/players/380587.png,Midfielder,M,78,Bundesliga,168,Bayer Leverkusen,360,4,4,7.3725,13.333333333333334,72.61904761904762,39.58333333333333,56.25,1.0,15.0,2.0,1.0,1.0,168.0,13.0,4.0,2.0,2.0,48.0,19.0,16.0,9.0,0.0,4.0,5.0,2,0,0.0,0.0,0,0.0,0.25,3.75,0.5,0.25,0.25,42.0,3.2499999999999996,1.0,0.5,0.5,12.0,4.75,4.0,2.25,0.0,1.0,1.25,0.5,0.0,0.0,0.0,0.0,0.0
2917,M. Eggestein,https://media.api-sports.io/football/players/2917.png,Midfielder,M,78,Bundesliga,160,SC Freiburg,360,4,4,7.22,50.0,85.78199052132702,43.333333333333336,50.0,0.0,6.0,3.0,2.0,0.0,211.0,3.0,3.0,2.0,7.0,30.0,13.0,4.0,2.0,2.0,4.0,1.0,0,0,0.0,0.0,0,0.0,0.0,1.5,0.75,0.5,0.0,52.75,0.75,0.75,0.5,1.75,7.5,3.2499999999999996,1.0,0.5,0.5,1.0,0.25,0.0,0.0,0.0,0.0,0.0,0.0
260898,N. Remberg,https://media.api-sports.io/football/players/260898.png,Midfielder,M,78,Bundesliga,175,Hamburger SV,360,4,4,6.507500000000001,33.33333333333333,90.36144578313254,50.0,0.0,1.0,3.0,1.0,0.0,0.0,166.0,1.0,4.0,2.0,5.0,24.0,12.0,1.0,0.0,1.0,3.0,4.0,0,0,0.0,0.0,0,0.0,0.25,0.75,0.25,0.0,0.0,41.5,0.25,1.0,0.5,1.25,6.0,3.0,0.25,0.0,0.25,0.75,1.0,0.0,0.0,0.0,0.0,0.0,0.0
876,Nicolò Fagioli,https://media.api-sports.io/football/players/876.png,Midfielder,M,135,Serie A,502,Fiorentina,360,5,4,7.075,40.0,85.20179372197309,51.42857142857142,66.66666666666666,0.0,5.0,2.0,0.0,1.0,223.0,3.0,10.0,0.0,6.0,35.0,18.0,6.0,4.0,6.0,4.0,5.0,1,0,0.0,0.0,0,0.0,0.0,1.25,0.5,0.0,0.25,55.75,0.75,2.5,0.0,1.5,8.75,4.5,1.5,1.0,1.5,1.0,1.25,0.25,0.0,0.0,0.0,0.0,0.0
24969,Philipp Sander,https://media.api-sports.io/football/players/24969.png,Midfielder,M,78,Bundesliga,163,Borussia Mönchengladbach,360,4,4,6.525,0.0,84.93150684931507,40.816326530612244,33.33333333333333,0.0,3.0,0.0,0.0,0.0,219.0,3.0,12.0,0.0,6.0,49.0,20.0,3.0,1.0,6.0,1.0,12.0,1,0,0.0,0.0,0,0.0,0.0,0.75,0.0,0.0,0.0,54.74999999999999,0.75,3.0,0.0,1.5,12.249999999999998,5.0,0.75,0.25,1.5,0.25,3.0,0.25,0.0,0.0,0.0,0.0,0.0
25300,R. Khedira,https://media.api-sports.io/football/players/25300.png,Midfielder,M,78,Bundesliga,182,Union Berlin,360,4,4,6.057499999999999,,68.36734693877551,56.666666666666664,,0.0,0.0,0.0,0.0,0.0,98.0,1.0,8.0,1.0,2.0,30.0,17.0,0.0,0.0,2.0,3.0,5.0,1,0,0.0,0.0,0,0.0,0.0,0.0,0.0,0.0,0.0,24.499999999999996,0.25,2.0,0.25,0.5,7.5,4.25,0.0,0.0,0.5,0.75,1.25,0.25,0.0,0.0,0.0,0.0,0.0
162219,R. Onyedika,https://media.api-sports.io/football/players/162219.png,Midfielder,M,78,Bundesliga,169,Eintracht Frankfurt,360,4,4,6.71,100.0,80.35714285714286,56.75675675675676,0.0,0.0,1.0,1.0,0.0,0.0,168.0,2.0,9.0,3.0,3.0,37.0,21.0,1.0,0.0,2.0,3.0,7.0,3,0,0.0,0.0,0,0.0,0.0,0.25,0.25,0.0,0.0,42.0,0.5,2.25,0.75,0.75,9.25,5.25,0.25,0.0,0.5,0.75,1.75,0.75,0.0,0.0,0.0,0.0,0.0
363226,Rayan Bamba,https://media.api-sports.io/football/players/363226.png,Midfielder,M,61,Ligue 1,1298,Le Mans,360,4,4,6.744999999999999,0.0,87.3015873015873,50.0,37.5,1.0,1.0,0.0,0.0,1.0,189.0,3.0,11.0,1.0,3.0,32.0,16.0,8.0,3.0,2.0,1.0,6.0,0,0,0.0,0.0,0,0.0,0.25,0.25,0.0,0.0,0.25,47.25,0.75,2.75,0.25,0.75,8.0,4.0,2.0,0.75,0.5,0.25,1.5,0.0,0.0,0.0,0.0,0.0,0.0
363156,S. Castañeda,https://media.api-sports.io/football/players/363156.png,Midfielder,M,78,Bundesliga,185,SC Paderborn 07,360,4,4,7.105,40.0,85.46511627906976,56.75675675675676,,0.0,5.0,2.0,1.0,0.0,172.0,2.0,10.0,2.0,9.0,37.0,21.0,0.0,0.0,2.0,6.0,4.0,1,0,0.0,0.0,0,0.0,0.0,1.25,0.5,0.25,0.0,43.0,0.5,2.5,0.5,2.25,9.25,5.25,0.0,0.0,0.5,1.5,1.0,0.25,0.0,0.0,0.0,0.0,0.0
280090,S. El-Faouzi,https://media.api-sports.io/football/players/280090.png,Midfielder,M,78,Bundesliga,174,FC Schalke 04,360,4,4,6.640000000000001,60.0,71.42857142857143,44.827586206896555,63.63636363636363,0.0,5.0,3.0,0.0,0.0,154.0,3.0,12.0,1.0,5.0,58.0,26.0,11.0,7.0,3.0,5.0,5.0,0,0,0.0,0.0,0,0.0,0.0,1.25,0.75,0.0,0.0,38.5,0.75,3.0,0.25,1.25,14.500000000000002,6.499999999999999,2.75,1.75,0.75,1.25,1.25,0.0,0.0,0.0,0.0,0.0,0.0
40533,Ł. Poręba,https://media.api-sports.io/football/players/40533.png,Midfielder,M,78,Bundesliga,1660,SV Elversberg,360,4,4,6.8325,0.0,89.375,32.0,,0.0,1.0,0.0,0.0,0.0,160.0,1.0,4.0,6.0,5.0,25.0,8.0,0.0,0.0,1.0,3.0,6.0,0,0,0.0,0.0,0,0.0,0.0,0.25,0.0,0.0,0.0,40.0,0.25,1.0,1.5,1.25,6.25,2.0,0.0,0.0,0.25,0.75,1.5,0.0,0.0,0.0,0.0,0.0,0.0
33889,Kaishu Sano,https://media.api-sports.io/football/players/33889.png,Midfielder,M,78,Bundesliga,164,FSV Mainz 05,358,4,4,7.051396648044692,0.0,91.30434782608695,44.11764705882353,14.285714285714285,0.0,3.0,0.0,0.0,2.0,184.0,7.0,6.0,1.0,15.0,34.0,15.0,7.0,1.0,1.0,6.0,3.0,0,0,0.0,0.0,0,0.0,0.0,0.7541899441340782,0.0,0.0,0.5027932960893855,46.25698324022346,1.7597765363128492,1.5083798882681565,0.25139664804469275,3.770949720670391,8.547486033519553,3.770949720670391,1.7597765363128492,0.25139664804469275,0.25139664804469275,1.5083798882681565,0.7541899441340782,0.0,0.0,0.0,0.0,0.0,0.0
50,Koke,https://media.api-sports.io/football/players/50.png,Midfielder,M,140,La Liga,530,Atletico Madrid,358,7,4,7.436312849162011,100.0,91.54078549848943,53.125,25.0,0.0,1.0,1.0,0.0,0.0,331.0,8.0,12.0,0.0,2.0,32.0,17.0,4.0,1.0,5.0,4.0,2.0,0,0,0.0,0.0,0,0.0,0.0,0.25139664804469275,0.25139664804469275,0.0,0.0,83.2122905027933,2.011173184357542,3.016759776536313,0.0,0.5027932960893855,8.044692737430168,4.273743016759776,1.005586592178771,0.25139664804469275,1.2569832402234635,1.005586592178771,0.5027932960893855,0.0,0.0,0.0,0.0,0.0,0.0
303467,Abdul Fatawu Issahaku,https://media.api-sports.io/football/players/303467.png,Midfielder,M,39,Premier League,57,Ipswich,357,5,5,6.703025210084034,25.0,70.27027027027027,45.588235294117645,54.54545454545454,1.0,4.0,1.0,0.0,1.0,74.0,8.0,9.0,0.0,5.0,68.0,31.0,22.0,12.0,4.0,7.0,10.0,4,1,0.0,0.0,0,0.0,0.25210084033613445,1.0084033613445378,0.25210084033613445,0.0,0.25210084033613445,18.65546218487395,2.0168067226890756,2.26890756302521,0.0,1.2605042016806722,17.142857142857142,7.815126050420168,5.546218487394958,3.0252100840336134,1.0084033613445378,1.7647058823529411,2.5210084033613445,1.0084033613445378,0.25210084033613445,0.0,0.0,0.0,0.0
284322,Kobbie Mainoo,https://media.api-sports.io/football/players/284322.png,Midfielder,M,39,Premier League,33,Manchester United,357,5,4,7.435854341736694,0.0,93.91891891891892,60.526315789473685,76.92307692307693,0.0,1.0,0.0,0.0,1.0,296.0,6.0,6.0,0.0,6.0,38.0,23.0,13.0,10.0,2.0,5.0,4.0,0,0,0.0,0.0,0,0.0,0.0,0.25210084033613445,0.0,0.0,0.25210084033613445,74.6218487394958,1.5126050420168067,1.5126050420168067,0.0,1.5126050420168067,9.579831932773109,5.798319327731091,3.2773109243697482,2.5210084033613445,0.5042016806722689,1.2605042016806722,1.0084033613445378,0.0,0.0,0.0,0.0,0.0,0.0
47541,Santi Comesaña,https://media.api-sports.io/football/players/47541.png,Midfielder,M,140,La Liga,533,Villarreal,357,6,5,6.599159663865547,100.0,89.0909090909091,37.5,66.66666666666666,3.0,1.0,1.0,0.0,0.0,275.0,4.0,8.0,2.0,8.0,40.0,15.0,3.0,2.0,7.0,5.0,12.0,1,0,0.0,1.0,0,0.0,0.7563025210084033,0.25210084033613445,0.25210084033613445,0.0,0.0,69.32773109243698,1.0084033613445378,2.0168067226890756,0.5042016806722689,2.0168067226890756,10.084033613445378,3.781512605042017,0.7563025210084033,0.5042016806722689,1.7647058823529411,1.2605042016806722,3.0252100840336134,0.25210084033613445,0.0,0.0,0.25210084033613445,0.0,0.0
30438,Nicolò Cambiaghi,https://media.api-sports.io/football/players/30438.png,Midfielder,M,135,Serie A,500,Bologna,356,5,5,6.430337078651685,33.33333333333333,85.83333333333333,47.72727272727273,66.66666666666666,0.0,3.0,1.0,0.0,0.0,120.0,5.0,4.0,1.0,2.0,44.0,21.0,6.0,4.0,5.0,13.0,9.0,1,0,0.0,0.0,0,0.0,0.0,0.7584269662921348,0.25280898876404495,0.0,0.0,30.337078651685392,1.2640449438202246,1.0112359550561798,0.25280898876404495,0.5056179775280899,11.123595505617978,5.308988764044944,1.5168539325842696,1.0112359550561798,1.2640449438202246,3.286516853932584,2.2752808988764044,0.25280898876404495,0.0,0.0,0.0,0.0,0.0
44,Rodri,https://media.api-sports.io/football/players/44.png,Midfielder,M,140,La Liga,529,Barcelona,356,6,4,7.604775280898877,0.0,94.11764705882352,66.66666666666666,50.0,0.0,3.0,0.0,0.0,0.0,391.0,5.0,12.0,0.0,9.0,27.0,18.0,2.0,1.0,1.0,2.0,3.0,1,0,0.0,0.0,0,0.0,0.0,0.7584269662921348,0.0,0.0,0.0,98.84831460674157,1.2640449438202246,3.033707865168539,0.0,2.2752808988764044,6.825842696629214,4.550561797752809,0.5056179775280899,0.25280898876404495,0.25280898876404495,0.5056179775280899,0.7584269662921348,0.25280898876404495,0.0,0.0,0.0,0.0,0.0
7073,M. Grüll,https://media.api-sports.io/football/players/7073.png,Midfielder,M,78,Bundesliga,162,Werder Bremen,355,4,4,7.656619718309859,33.33333333333333,76.92307692307693,55.319148936170215,66.66666666666666,0.0,9.0,3.0,2.0,4.0,117.0,10.0,12.0,3.0,8.0,47.0,26.0,6.0,4.0,1.0,9.0,6.0,1,0,0.0,0.0,0,0.0,0.0,2.2816901408450705,0.76056338028169,0.5070422535211268,1.0140845070422535,29.661971830985916,2.535211267605634,3.04225352112676,0.76056338028169,2.028169014084507,11.915492957746478,6.591549295774648,1.52112676056338,1.0140845070422535,0.2535211267605634,2.2816901408450705,1.52112676056338,0.2535211267605634,0.0,0.0,0.0,0.0,0.0
909,Marcus Rashford,https://media.api-sports.io/football/players/909.png,Midfielder,M,39,Premier League,33,Manchester United,355,5,4,6.682366197183098,36.36363636363637,79.72027972027972,57.49999999999999,53.333333333333336,5.0,11.0,4.0,0.0,0.0,143.0,13.0,4.0,2.0,1.0,40.0,23.0,15.0,8.0,2.0,8.0,2.0,0,0,0.0,0.0,0,0.0,1.267605633802817,2.788732394366197,1.0140845070422535,0.0,0.0,36.25352112676057,3.295774647887324,1.0140845070422535,0.5070422535211268,0.2535211267605634,10.140845070422536,5.830985915492957,3.8028169014084505,2.028169014084507,0.5070422535211268,2.028169014084507,0.5070422535211268,0.0,0.0,0.0,0.0,0.0,0.0
24854,G. Prömel,https://media.api-sports.io/football/players/24854.png,Midfielder,M,78,Bundesliga,172,VfB Stuttgart,354,4,4,6.567118644067797,37.5,80.81395348837209,37.5,0.0,0.0,8.0,3.0,1.0,0.0,172.0,2.0,1.0,4.0,2.0,32.0,12.0,1.0,0.0,2.0,3.0,4.0,1,0,0.0,0.0,0,0.0,0.0,2.0338983050847457,0.7627118644067796,0.2542372881355932,0.0,43.728813559322035,0.5084745762711864,0.2542372881355932,1.0169491525423728,0.5084745762711864,8.135593220338983,3.0508474576271185,0.2542372881355932,0.0,0.5084745762711864,0.7627118644067796,1.0169491525423728,0.2542372881355932,0.0,0.0,0.0,0.0,0.0
714,Nadiem Amiri,https://media.api-sports.io/football/players/714.png,Midfielder,M,78,Bundesliga,164,FSV Mainz 05,354,4,4,6.931497175141243,33.33333333333333,84.61538461538461,46.15384615384615,54.54545454545454,0.0,6.0,2.0,0.0,0.0,208.0,14.0,3.0,2.0,2.0,26.0,12.0,11.0,6.0,0.0,3.0,3.0,0,0,0.0,0.0,0,0.0,0.0,1.5254237288135593,0.5084745762711864,0.0,0.0,52.88135593220339,3.5593220338983054,0.7627118644067796,0.5084745762711864,0.5084745762711864,6.610169491525424,3.0508474576271185,2.7966101694915255,1.5254237288135593,0.0,0.7627118644067796,0.7627118644067796,0.0,0.0,0.0,0.0,0.0,0.0
174806,A. Mille,https://media.api-sports.io/football/players/174806.png,Midfielder,M,61,Ligue 1,110,Estac Troyes,353,5,4,7.113031161473087,40.0,83.00653594771242,51.66666666666667,33.33333333333333,1.0,5.0,2.0,1.0,1.0,153.0,8.0,13.0,1.0,3.0,60.0,31.0,12.0,4.0,5.0,3.0,9.0,1,0,0.0,0.0,0,0.0,0.254957507082153,1.274787535410765,0.509915014164306,0.254957507082153,0.254957507082153,39.008498583569406,2.039660056657224,3.3144475920679883,0.254957507082153,0.764872521246459,15.29745042492918,7.903682719546742,3.059490084985836,1.019830028328612,1.274787535410765,0.764872521246459,2.2946175637393766,0.254957507082153,0.0,0.0,0.0,0.0,0.0
291964,Arda Güler,https://media.api-sports.io/football/players/291964.png,Midfielder,M,140,La Liga,541,Real Madrid,353,7,6,7.474504249291785,44.44444444444444,89.11917098445595,55.55555555555556,53.84615384615385,0.0,9.0,4.0,1.0,2.0,193.0,28.0,5.0,2.0,1.0,45.0,25.0,13.0,7.0,2.0,11.0,4.0,1,0,0.0,0.0,0,0.0,0.0,2.2946175637393766,1.019830028328612,0.254957507082153,0.509915014164306,49.20679886685552,7.138810198300283,1.274787535410765,0.509915014164306,0.254957507082153,11.473087818696884,6.373937677053824,3.3144475920679883,1.7847025495750708,0.509915014164306,2.8045325779036827,1.019830028328612,0.254957507082153,0.0,0.0,0.0,0.0,0.0
331004,Chuky San José,https://media.api-sports.io/football/players/331004.png,Midfielder,M,78,Bundesliga,162,Werder Bremen,353,4,4,6.942492917847025,57.14285714285714,82.14285714285714,52.17391304347826,100.0,0.0,7.0,4.0,0.0,2.0,140.0,8.0,5.0,1.0,1.0,23.0,12.0,2.0,2.0,1.0,3.0,4.0,1,0,0.0,0.0,0,0.0,0.0,1.7847025495750708,1.019830028328612,0.0,0.509915014164306,35.69405099150142,2.039660056657224,1.274787535410765,0.254957507082153,0.254957507082153,5.864022662889519,3.059490084985836,0.509915014164306,0.509915014164306,0.254957507082153,0.764872521246459,1.019830028328612,0.254957507082153,0.0,0.0,0.0,0.0,0.0
163032,F. Rieder,https://media.api-sports.io/football/players/163032.png,Midfielder,M,78,Bundesliga,170,FC Augsburg,353,4,4,7.335694050991502,66.66666666666666,84.32835820895522,62.857142857142854,75.0,0.0,6.0,4.0,1.0,3.0,134.0,5.0,10.0,1.0,6.0,35.0,22.0,4.0,3.0,0.0,5.0,4.0,1,0,0.0,0.0,0,0.0,0.0,1.529745042492918,1.019830028328612,0.254957507082153,0.764872521246459,34.164305949008494,1.274787535410765,2.54957507082153,0.254957507082153,1.529745042492918,8.923512747875355,5.609065155807365,1.019830028328612,0.764872521246459,0.0,1.274787535410765,1.019830028328612,0.254957507082153,0.0,0.0,0.0,0.0,0.0
104821,Jon Guridi,https://media.api-sports.io/football/players/104821.png,Midfielder,M,140,La Liga,536,Sevilla,353,7,6,6.434022662889517,75.0,82.6086956521739,38.095238095238095,33.33333333333333,0.0,4.0,3.0,1.0,0.0,115.0,3.0,6.0,0.0,1.0,42.0,16.0,6.0,2.0,3.0,2.0,7.0,3,0,0.0,0.0,1,0.0,0.0,1.019830028328612,0.764872521246459,0.254957507082153,0.0,29.32011331444759,0.764872521246459,1.529745042492918,0.0,0.254957507082153,10.708215297450426,4.079320113314448,1.529745042492918,0.509915014164306,0.764872521246459,0.509915014164306,1.7847025495750708,0.764872521246459,0.0,0.0,0.0,0.254957507082153,0.0
177452,L. Petkov,https://media.api-sports.io/football/players/177452.png,Midfielder,M,78,Bundesliga,1660,SV Elversberg,353,4,4,6.850396600566572,66.66666666666666,59.036144578313255,46.26865671641791,29.411764705882355,2.0,6.0,4.0,1.0,1.0,83.0,4.0,15.0,0.0,3.0,67.0,31.0,17.0,5.0,1.0,6.0,5.0,0,0,0.0,0.0,0,0.0,0.509915014164306,1.529745042492918,1.019830028328612,0.254957507082153,0.254957507082153,21.161473087818695,1.019830028328612,3.824362606232295,0.0,0.764872521246459,17.082152974504247,7.903682719546742,4.3342776203966,1.274787535410765,0.254957507082153,1.529745042492918,1.274787535410765,0.0,0.0,0.0,0.0,0.0,0.0
7712,Morten Hjulmand,https://media.api-sports.io/football/players/7712.png,Midfielder,M,140,La Liga,530,Atletico Madrid,353,7,4,6.992634560906516,0.0,91.66666666666666,70.58823529411765,100.0,0.0,3.0,0.0,0.0,0.0,228.0,8.0,8.0,1.0,8.0,34.0,24.0,2.0,2.0,1.0,9.0,4.0,1,0,0.0,1.0,0,0.0,0.0,0.764872521246459,0.0,0.0,0.0,58.13031161473088,2.039660056657224,2.039660056657224,0.254957507082153,2.039660056657224,8.6685552407932,6.118980169971672,0.509915014164306,0.509915014164306,0.254957507082153,2.2946175637393766,1.019830028328612,0.254957507082153,0.0,0.0,0.254957507082153,0.0,0.0
329,Piotr Zieliński,https://media.api-sports.io/football/players/329.png,Midfielder,M,135,Serie A,505,Inter,352,5,4,7.300568181818182,40.0,93.86973180076629,46.666666666666664,0.0,0.0,5.0,2.0,1.0,1.0,261.0,3.0,3.0,1.0,1.0,15.0,7.0,1.0,0.0,4.0,4.0,1.0,0,0,0.0,0.0,0,0.0,0.0,1.2784090909090908,0.5113636363636364,0.2556818181818182,0.2556818181818182,66.73295454545455,0.7670454545454545,0.7670454545454545,0.2556818181818182,0.2556818181818182,3.8352272727272725,1.7897727272727273,0.2556818181818182,0.0,1.0227272727272727,1.0227272727272727,0.2556818181818182,0.0,0.0,0.0,0.0,0.0,0.0
1934,Sander Berge,https://media.api-sports.io/football/players/1934.png,Midfielder,M,39,Premier League,36,Fulham,352,5,4,6.514772727272727,100.0,91.35802469135803,35.0,,0.0,1.0,1.0,0.0,0.0,243.0,6.0,4.0,1.0,1.0,20.0,7.0,0.0,0.0,3.0,1.0,1.0,0,0,0.0,0.0,0,0.0,0.0,0.2556818181818182,0.2556818181818182,0.0,0.0,62.13068181818181,1.534090909090909,1.0227272727272727,0.2556818181818182,0.2556818181818182,5.113636363636363,1.7897727272727273,0.0,0.0,0.7670454545454545,0.2556818181818182,0.2556818181818182,0.0,0.0,0.0,0.0,0.0,0.0
178709,Y. Engelhardt,https://media.api-sports.io/football/players/178709.png,Midfielder,M,78,Bundesliga,160,SC Freiburg,352,4,4,7.151136363636365,42.857142857142854,84.73684210526315,47.05882352941176,25.0,0.0,7.0,3.0,2.0,0.0,190.0,1.0,2.0,1.0,5.0,34.0,16.0,4.0,1.0,1.0,5.0,5.0,1,0,0.0,0.0,0,0.0,0.0,1.7897727272727273,0.7670454545454545,0.5113636363636364,0.0,48.57954545454545,0.2556818181818182,0.5113636363636364,0.2556818181818182,1.2784090909090908,8.693181818181818,4.090909090909091,1.0227272727272727,0.2556818181818182,0.2556818181818182,1.2784090909090908,1.2784090909090908,0.2556818181818182,0.0,0.0,0.0,0.0,0.0
162249,Francho Serrano,https://media.api-sports.io/football/players/162249.png,Midfielder,M,140,La Liga,546,Getafe,351,5,5,6.75977207977208,50.0,86.0655737704918,45.83333333333333,50.0,0.0,2.0,1.0,0.0,0.0,122.0,0.0,6.0,1.0,5.0,24.0,11.0,2.0,1.0,4.0,3.0,5.0,1,0,0.0,0.0,0,0.0,0.0,0.5128205128205129,0.25641025641025644,0.0,0.0,31.282051282051285,0.0,1.5384615384615385,0.25641025641025644,1.2820512820512822,6.153846153846154,2.8205128205128207,0.5128205128205129,0.25641025641025644,1.0256410256410258,0.7692307692307693,1.2820512820512822,0.25641025641025644,0.0,0.0,0.0,0.0,0.0
24868,J. Vagnoman,https://media.api-sports.io/football/players/24868.png,Midfielder,M,78,Bundesliga,172,VfB Stuttgart,351,4,4,7.036153846153846,50.0,81.93548387096774,56.52173913043478,50.0,1.0,6.0,3.0,2.0,1.0,155.0,7.0,2.0,3.0,2.0,23.0,13.0,6.0,3.0,0.0,5.0,2.0,0,0,0.0,0.0,0,0.0,0.25641025641025644,1.5384615384615385,0.7692307692307693,0.5128205128205129,0.25641025641025644,39.743589743589745,1.794871794871795,0.5128205128205129,0.7692307692307693,0.5128205128205129,5.897435897435897,3.333333333333333,1.5384615384615385,0.7692307692307693,0.0,1.2820512820512822,0.5128205128205129,0.0,0.0,0.0,0.0,0.0,0.0
390586,L. Avdullahu,https://media.api-sports.io/football/players/390586.png,Midfielder,M,78,Bundesliga,167,1899 Hoffenheim,350,4,4,6.818285714285714,50.0,88.6178861788618,52.38095238095239,0.0,0.0,2.0,1.0,1.0,0.0,246.0,2.0,7.0,1.0,8.0,21.0,11.0,1.0,0.0,2.0,3.0,2.0,0,0,0.0,0.0,0,0.0,0.0,0.5142857142857142,0.2571428571428571,0.2571428571428571,0.0,63.25714285714285,0.5142857142857142,1.8,0.2571428571428571,2.057142857142857,5.3999999999999995,2.8285714285714287,0.2571428571428571,0.0,0.5142857142857142,0.7714285714285715,0.5142857142857142,0.0,0.0,0.0,0.0,0.0,0.0
37153,W. Burger,https://media.api-sports.io/football/players/37153.png,Midfielder,M,78,Bundesliga,167,1899 Hoffenheim,349,4,4,6.5742120343839545,25.0,77.45098039215686,57.49999999999999,50.0,0.0,4.0,1.0,0.0,0.0,204.0,6.0,8.0,3.0,3.0,40.0,23.0,2.0,1.0,1.0,3.0,5.0,3,0,0.0,0.0,0,0.0,0.0,1.0315186246418337,0.25787965616045844,0.0,0.0,52.60744985673353,1.5472779369627507,2.0630372492836675,0.7736389684813754,0.7736389684813754,10.315186246418339,5.931232091690544,0.5157593123209169,0.25787965616045844,0.25787965616045844,0.7736389684813754,1.2893982808022924,0.7736389684813754,0.0,0.0,0.0,0.0,0.0
25342,M. Mittelstädt,https://media.api-sports.io/football/players/25342.png,Defender,M,78,Bundesliga,172,VfB Stuttgart,348,4,4,7.75603448275862,33.33333333333333,83.56807511737088,66.66666666666666,62.5,0.0,3.0,1.0,1.0,1.0,213.0,14.0,8.0,1.0,8.0,33.0,22.0,8.0,5.0,1.0,5.0,2.0,1,0,0.0,0.0,0,0.0,0.0,0.7758620689655172,0.25862068965517243,0.25862068965517243,0.25862068965517243,55.08620689655172,3.6206896551724137,2.0689655172413794,0.25862068965517243,2.0689655172413794,8.534482758620689,5.689655172413794,2.0689655172413794,1.293103448275862,0.25862068965517243,1.293103448275862,0.5172413793103449,0.25862068965517243,0.0,0.0,0.0,0.0,0.0
278133,Oscar Bobb,https://media.api-sports.io/football/players/278133.png,Midfielder,M,39,Premier League,36,Fulham,348,5,5,6.717931034482759,33.33333333333333,85.08771929824562,42.5,25.0,0.0,3.0,1.0,0.0,0.0,114.0,8.0,8.0,0.0,5.0,40.0,17.0,12.0,3.0,2.0,5.0,2.0,0,0,0.0,0.0,0,0.0,0.0,0.7758620689655172,0.25862068965517243,0.0,0.0,29.482758620689655,2.0689655172413794,2.0689655172413794,0.0,1.293103448275862,10.344827586206897,4.3965517241379315,3.103448275862069,0.7758620689655172,0.5172413793103449,1.293103448275862,0.5172413793103449,0.0,0.0,0.0,0.0,0.0,0.0
1156,T. Krauß,https://media.api-sports.io/football/players/1156.png,Midfielder,M,78,Bundesliga,192,1. FC Köln,348,4,4,6.393419540229885,50.0,85.0,33.33333333333333,0.0,0.0,4.0,2.0,0.0,0.0,160.0,4.0,4.0,1.0,6.0,30.0,10.0,3.0,0.0,1.0,4.0,7.0,1,0,0.0,0.0,0,0.0,0.0,1.0344827586206897,0.5172413793103449,0.0,0.0,41.37931034482759,1.0344827586206897,1.0344827586206897,0.25862068965517243,1.5517241379310345,7.758620689655173,2.586206896551724,0.7758620689655172,0.0,0.25862068965517243,1.0344827586206897,1.8103448275862069,0.25862068965517243,0.0,0.0,0.0,0.0,0.0
362564,A. Daghim,https://media.api-sports.io/football/players/362564.png,Midfielder,M,78,Bundesliga,167,1899 Hoffenheim,347,4,4,6.956772334293948,80.0,66.0377358490566,37.2093023255814,22.727272727272727,2.0,5.0,4.0,2.0,2.0,106.0,9.0,6.0,1.0,4.0,43.0,16.0,22.0,5.0,0.0,2.0,4.0,0,0,0.0,0.0,0,0.0,0.5187319884726225,1.296829971181556,1.037463976945245,0.5187319884726225,0.5187319884726225,27.49279538904899,2.3342939481268012,1.5561959654178676,0.25936599423631124,1.037463976945245,11.152737752161382,4.14985590778098,5.706051873198847,1.296829971181556,0.0,0.5187319884726225,1.037463976945245,0.0,0.0,0.0,0.0,0.0,0.0
270509,Andy Diouf,https://media.api-sports.io/football/players/270509.png,Midfielder,M,135,Serie A,505,Inter,345,5,4,7.334782608695652,66.66666666666666,91.82389937106919,51.85185185185185,44.44444444444444,0.0,3.0,2.0,0.0,3.0,159.0,13.0,6.0,0.0,2.0,27.0,14.0,9.0,4.0,2.0,2.0,1.0,0,0,0.0,0.0,0,0.0,0.0,0.782608695652174,0.5217391304347826,0.0,0.782608695652174,41.47826086956522,3.3913043478260874,1.565217391304348,0.0,0.5217391304347826,7.043478260869565,3.652173913043478,2.3478260869565215,1.0434782608695652,0.5217391304347826,0.5217391304347826,0.2608695652173913,0.0,0.0,0.0,0.0,0.0,0.0
25915,Phillipp Mwene,https://media.api-sports.io/football/players/25915.png,Midfielder,M,78,Bundesliga,164,FSV Mainz 05,344,4,4,7.110930232558139,50.0,75.96153846153845,61.29032258064516,50.0,0.0,4.0,2.0,1.0,1.0,104.0,3.0,9.0,2.0,2.0,31.0,19.0,2.0,1.0,0.0,8.0,5.0,3,0,0.0,0.0,0,0.0,0.0,1.0465116279069768,0.5232558139534884,0.2616279069767442,0.2616279069767442,27.209302325581394,0.7848837209302325,2.354651162790698,0.5232558139534884,0.5232558139534884,8.11046511627907,4.97093023255814,0.5232558139534884,0.2616279069767442,0.0,2.0930232558139537,1.3081395348837208,0.7848837209302325,0.0,0.0,0.0,0.0,0.0
280070,F. Keidel,https://media.api-sports.io/football/players/280070.png,Midfielder,M,78,Bundesliga,1660,SV Elversberg,343,4,4,6.659708454810496,50.0,80.15873015873017,45.83333333333333,60.0,0.0,2.0,1.0,1.0,0.0,126.0,5.0,4.0,2.0,6.0,24.0,11.0,5.0,3.0,1.0,3.0,5.0,2,0,0.0,0.0,0,0.0,0.0,0.5247813411078717,0.26239067055393583,0.26239067055393583,0.0,33.06122448979592,1.3119533527696792,1.0495626822157433,0.5247813411078717,1.5743440233236152,6.297376093294461,2.8862973760932946,1.3119533527696792,0.7871720116618076,0.26239067055393583,0.7871720116618076,1.3119533527696792,0.5247813411078717,0.0,0.0,0.0,0.0,0.0
345388,Afonso Moreira,https://media.api-sports.io/football/players/345388.png,Midfielder,M,78,Bundesliga,168,Bayer Leverkusen,340,4,4,6.45264705882353,33.33333333333333,80.8080808080808,39.02439024390244,80.0,0.0,9.0,3.0,0.0,0.0,99.0,3.0,5.0,2.0,1.0,41.0,16.0,5.0,4.0,2.0,7.0,7.0,1,0,0.0,0.0,0,0.0,0.0,2.3823529411764706,0.7941176470588235,0.0,0.0,26.205882352941178,0.7941176470588235,1.3235294117647058,0.5294117647058824,0.2647058823529412,10.852941176470589,4.235294117647059,1.3235294117647058,1.0588235294117647,0.5294117647058824,1.8529411764705883,1.8529411764705883,0.2647058823529412,0.0,0.0,0.0,0.0,0.0
400948,Assane Diao,https://media.api-sports.io/football/players/400948.png,Midfielder,M,135,Serie A,895,Como,339,5,4,7.323598820058996,37.5,86.48648648648648,52.94117647058824,52.17391304347826,0.0,8.0,3.0,2.0,1.0,148.0,13.0,7.0,0.0,3.0,51.0,27.0,23.0,12.0,3.0,3.0,4.0,1,0,0.0,0.0,0,0.0,0.0,2.1238938053097343,0.7964601769911505,0.5309734513274336,0.2654867256637168,39.29203539823009,3.4513274336283186,1.8584070796460177,0.0,0.7964601769911505,13.53982300884956,7.168141592920354,6.106194690265487,3.185840707964602,0.7964601769911505,0.7964601769911505,1.0619469026548671,0.2654867256637168,0.0,0.0,0.0,0.0,0.0
163078,L. Curda,https://media.api-sports.io/football/players/163078.png,Midfielder,M,78,Bundesliga,185,SC Paderborn 07,337,4,4,7.0763204747774475,0.0,73.22834645669292,55.73770491803278,42.857142857142854,0.0,4.0,0.0,0.0,1.0,127.0,7.0,10.0,1.0,6.0,61.0,34.0,7.0,3.0,1.0,5.0,7.0,1,0,0.0,0.0,0,0.0,0.0,1.0682492581602374,0.0,0.0,0.26706231454005935,33.91691394658754,1.8694362017804154,2.6706231454005938,0.26706231454005935,1.6023738872403561,16.29080118694362,9.080118694362017,1.8694362017804154,0.8011869436201781,0.26706231454005935,1.3353115727002969,1.8694362017804154,0.26706231454005935,0.0,0.0,0.0,0.0,0.0
1864,Pedro Neto,https://media.api-sports.io/football/players/1864.png,Midfielder,M,39,Premier League,49,Chelsea,336,5,4,6.640625,57.14285714285714,83.33333333333334,40.0,50.0,0.0,7.0,4.0,1.0,0.0,108.0,5.0,6.0,1.0,5.0,40.0,16.0,14.0,7.0,3.0,1.0,5.0,0,0,0.0,0.0,0,0.0,0.0,1.875,1.0714285714285714,0.26785714285714285,0.0,28.92857142857143,1.3392857142857142,1.607142857142857,0.26785714285714285,1.3392857142857142,10.714285714285714,4.285714285714286,3.75,1.875,0.8035714285714285,0.26785714285714285,1.3392857142857142,0.0,0.0,0.0,0.0,0.0,0.0
347644,Arthur Atta,https://media.api-sports.io/football/players/347644.png,Midfielder,M,135,Serie A,502,Fiorentina,335,5,4,6.428059701492538,33.33333333333333,91.02564102564102,30.303030303030305,30.76923076923077,1.0,9.0,3.0,0.0,0.0,156.0,5.0,1.0,0.0,3.0,33.0,10.0,13.0,4.0,0.0,1.0,1.0,0,0,0.0,0.0,0,0.0,0.26865671641791045,2.417910447761194,0.8059701492537313,0.0,0.0,41.91044776119403,1.3432835820895521,0.26865671641791045,0.0,0.8059701492537313,8.865671641791046,2.6865671641791042,3.4925373134328357,1.0746268656716418,0.0,0.26865671641791045,0.26865671641791045,0.0,0.0,0.0,0.0,0.0,0.0
265820,Y. Ayari,https://media.api-sports.io/football/players/265820.png,Midfielder,M,39,Premier League,51,Brighton,334,4,4,7.177664670658683,30.0,91.01796407185628,36.0,42.857142857142854,0.0,10.0,3.0,1.0,0.0,167.0,3.0,2.0,3.0,2.0,25.0,9.0,7.0,3.0,0.0,3.0,2.0,1,0,0.0,0.0,0,0.0,0.0,2.694610778443114,0.8083832335329341,0.2694610778443114,0.0,45.0,0.8083832335329341,0.5389221556886228,0.8083832335329341,0.5389221556886228,6.736526946107784,2.4251497005988023,1.8862275449101795,0.8083832335329341,0.0,0.8083832335329341,0.5389221556886228,0.2694610778443114,0.0,0.0,0.0,0.0,0.0
343205,Mario Martín,https://media.api-sports.io/football/players/343205.png,Midfielder,M,140,La Liga,546,Getafe,333,4,4,6.425225225225225,33.33333333333333,76.92307692307693,40.38461538461539,0.0,0.0,6.0,2.0,0.0,0.0,91.0,1.0,6.0,1.0,3.0,52.0,21.0,3.0,0.0,2.0,10.0,8.0,4,1,0.0,0.0,0,0.0,0.0,1.6216216216216217,0.5405405405405406,0.0,0.0,24.594594594594597,0.2702702702702703,1.6216216216216217,0.2702702702702703,0.8108108108108109,14.054054054054054,5.675675675675675,0.8108108108108109,0.0,0.5405405405405406,2.7027027027027026,2.1621621621621623,1.0810810810810811,0.2702702702702703,0.0,0.0,0.0,0.0
7592,R. Obermair,https://media.api-sports.io/football/players/7592.png,Midfielder,M,78,Bundesliga,185,SC Paderborn 07,333,4,4,6.516216216216215,0.0,77.68595041322314,56.25,50.0,0.0,3.0,0.0,0.0,0.0,121.0,4.0,4.0,3.0,10.0,16.0,9.0,6.0,3.0,0.0,0.0,0.0,0,0,0.0,0.0,0,0.0,0.0,0.8108108108108109,0.0,0.0,0.0,32.7027027027027,1.0810810810810811,1.0810810810810811,0.8108108108108109,2.7027027027027026,4.324324324324325,2.4324324324324325,1.6216216216216217,0.8108108108108109,0.0,0.0,0.0,0.0,0.0,0.0,0.0,0.0,0.0
343286,E. Banzuzi,https://media.api-sports.io/football/players/343286.png,Midfielder,M,78,Bundesliga,173,RB Leipzig,330,4,4,6.626121212121212,40.0,87.14285714285714,47.5,33.33333333333333,0.0,5.0,2.0,0.0,1.0,140.0,3.0,9.0,0.0,1.0,40.0,19.0,3.0,1.0,1.0,5.0,8.0,0,0,0.0,0.0,0,0.0,0.0,1.3636363636363638,0.5454545454545454,0.0,0.2727272727272727,38.18181818181818,0.8181818181818181,2.4545454545454546,0.0,0.2727272727272727,10.90909090909091,5.181818181818182,0.8181818181818181,0.2727272727272727,0.2727272727272727,1.3636363636363638,2.1818181818181817,0.0,0.0,0.0,0.0,0.0,0.0
895,James Garner,https://media.api-sports.io/football/players/895.png,Midfielder,M,39,Premier League,45,Everton,330,5,4,6.825151515151516,100.0,90.47619047619048,57.14285714285714,,0.0,1.0,1.0,0.0,0.0,189.0,4.0,11.0,0.0,3.0,28.0,16.0,0.0,0.0,2.0,5.0,4.0,2,0,0.0,0.0,0,0.0,0.0,0.2727272727272727,0.2727272727272727,0.0,0.0,51.54545454545455,1.0909090909090908,3.0,0.0,0.8181818181818181,7.636363636363637,4.363636363636363,0.0,0.0,0.5454545454545454,1.3636363636363638,1.0909090909090908,0.5454545454545454,0.0,0.0,0.0,0.0,0.0
335051,João Neves,https://media.api-sports.io/football/players/335051.png,Midfielder,M,61,Ligue 1,85,Paris Saint Germain,330,4,4,7.024545454545454,50.0,90.94650205761316,58.536585365853654,0.0,0.0,8.0,4.0,0.0,0.0,243.0,3.0,11.0,0.0,7.0,41.0,24.0,1.0,0.0,2.0,4.0,5.0,0,0,0.0,0.0,0,0.0,0.0,2.1818181818181817,1.0909090909090908,0.0,0.0,66.27272727272727,0.8181818181818181,3.0,0.0,1.9090909090909092,11.181818181818182,6.545454545454545,0.2727272727272727,0.0,0.5454545454545454,1.0909090909090908,1.3636363636363638,0.0,0.0,0.0,0.0,0.0,0.0
349001,Wesley,https://media.api-sports.io/football/players/349001.png,Midfielder,M,135,Serie A,497,AS Roma,330,5,4,7.363636363636363,0.0,84.4311377245509,55.55555555555556,66.66666666666666,4.0,1.0,0.0,0.0,1.0,167.0,13.0,9.0,0.0,3.0,36.0,20.0,6.0,4.0,2.0,4.0,4.0,0,0,0.0,0.0,0,0.0,1.0909090909090908,0.2727272727272727,0.0,0.0,0.2727272727272727,45.54545454545455,3.545454545454545,2.4545454545454546,0.0,0.8181818181818181,9.818181818181818,5.454545454545455,1.6363636363636362,1.0909090909090908,0.5454545454545454,1.0909090909090908,1.0909090909090908,0.0,0.0,0.0,0.0,0.0,0.0
137129,A. Aouchiche,https://media.api-sports.io/football/players/137129.png,Midfielder,M,78,Bundesliga,174,FC Schalke 04,329,4,4,7.296717325227963,50.0,73.40425531914893,40.625,50.0,0.0,10.0,5.0,1.0,0.0,94.0,9.0,3.0,2.0,7.0,32.0,13.0,6.0,3.0,4.0,2.0,2.0,0,0,0.0,0.0,0,0.0,0.0,2.7355623100303954,1.3677811550151977,0.2735562310030395,0.0,25.71428571428571,2.4620060790273555,0.8206686930091185,0.547112462006079,1.9148936170212765,8.753799392097264,3.5562310030395134,1.641337386018237,0.8206686930091185,1.094224924012158,0.547112462006079,0.547112462006079,0.0,0.0,0.0,0.0,0.0,0.0
162106,Yunus Musah,https://media.api-sports.io/football/players/162106.png,Midfielder,M,135,Serie A,489,AC Milan,329,5,3,6.764133738601824,0.0,90.47619047619048,68.18181818181817,57.14285714285714,0.0,1.0,0.0,0.0,0.0,168.0,1.0,3.0,0.0,3.0,22.0,15.0,7.0,4.0,0.0,7.0,1.0,0,0,0.0,0.0,0,0.0,0.0,0.2735562310030395,0.0,0.0,0.0,45.95744680851063,0.2735562310030395,0.8206686930091185,0.0,0.8206686930091185,6.018237082066869,4.103343465045593,1.9148936170212765,1.094224924012158,0.0,1.9148936170212765,0.2735562310030395,0.0,0.0,0.0,0.0,0.0,0.0
22147,Manu Koné,https://media.api-sports.io/football/players/22147.png,Midfielder,M,135,Serie A,497,AS Roma,328,5,4,7.603963414634146,60.0,90.13452914798206,48.275862068965516,50.0,0.0,5.0,3.0,2.0,0.0,223.0,6.0,6.0,0.0,4.0,29.0,14.0,6.0,3.0,0.0,4.0,7.0,1,0,0.0,0.0,0,0.0,0.0,1.371951219512195,0.823170731707317,0.5487804878048781,0.0,61.18902439024391,1.646341463414634,1.646341463414634,0.0,1.0975609756097562,7.9573170731707314,3.8414634146341466,1.646341463414634,0.823170731707317,0.0,1.0975609756097562,1.9207317073170733,0.27439024390243905,0.0,0.0,0.0,0.0,0.0
745,Isco,https://media.api-sports.io/football/players/745.png,Midfielder,M,140,La Liga,543,Real Betis,327,7,4,6.781957186544344,80.0,90.54726368159204,50.0,60.0,1.0,5.0,4.0,0.0,0.0,201.0,15.0,3.0,1.0,4.0,34.0,17.0,5.0,3.0,5.0,10.0,5.0,0,0,0.0,0.0,0,0.0,0.27522935779816515,1.3761467889908257,1.1009174311926606,0.0,0.0,55.32110091743119,4.128440366972478,0.8256880733944955,0.27522935779816515,1.1009174311926606,9.357798165137615,4.678899082568807,1.3761467889908257,0.8256880733944955,1.3761467889908257,2.7522935779816513,1.3761467889908257,0.0,0.0,0.0,0.0,0.0,0.0
340152,S. Idumbo-Muzambo,https://media.api-sports.io/football/players/340152.png,Midfielder,M,61,Ligue 1,91,Monaco,325,4,4,7.124430769230769,42.857142857142854,85.85858585858585,51.42857142857142,61.53846153846154,1.0,7.0,3.0,1.0,0.0,99.0,4.0,6.0,1.0,1.0,35.0,18.0,13.0,8.0,3.0,4.0,2.0,0,0,0.0,0.0,0,0.0,0.27692307692307694,1.9384615384615385,0.8307692307692308,0.27692307692307694,0.0,27.415384615384617,1.1076923076923078,1.6615384615384616,0.27692307692307694,0.27692307692307694,9.692307692307693,4.984615384615385,3.6,2.2153846153846155,0.8307692307692308,1.1076923076923078,0.5538461538461539,0.0,0.0,0.0,0.0,0.0,0.0
339887,C. Uzun,https://media.api-sports.io/football/players/339887.png,Midfielder,M,78,Bundesliga,169,Eintracht Frankfurt,324,4,4,7.367592592592594,50.0,84.02777777777779,44.44444444444444,40.0,0.0,6.0,3.0,2.0,0.0,144.0,11.0,3.0,0.0,0.0,36.0,16.0,15.0,6.0,0.0,6.0,1.0,0,0,0.0,0.0,0,0.0,0.0,1.6666666666666665,0.8333333333333333,0.5555555555555556,0.0,40.0,3.0555555555555554,0.8333333333333333,0.0,0.0,10.0,4.444444444444445,4.166666666666666,1.6666666666666665,0.0,1.6666666666666665,0.2777777777777778,0.0,0.0,0.0,0.0,0.0,0.0
24845,J. Ryerson,https://media.api-sports.io/football/players/24845.png,Midfielder,M,78,Bundesliga,165,Borussia Dortmund,323,4,4,7.018297213622291,,73.58490566037736,34.48275862068966,12.5,0.0,0.0,0.0,0.0,0.0,106.0,7.0,2.0,0.0,5.0,29.0,10.0,8.0,1.0,0.0,5.0,4.0,2,0,0.0,0.0,0,0.0,0.0,0.0,0.0,0.0,0.0,29.53560371517028,1.9504643962848298,0.5572755417956656,0.0,1.3931888544891642,8.08049535603715,2.7863777089783284,2.2291021671826625,0.2786377708978328,0.0,1.3931888544891642,1.1145510835913313,0.5572755417956656,0.0,0.0,0.0,0.0,0.0
38124,L. Reis,https://media.api-sports.io/football/players/38124.png,Midfielder,M,78,Bundesliga,162,Werder Bremen,323,4,4,6.744891640866872,50.0,89.1025641025641,60.60606060606061,50.0,0.0,4.0,2.0,0.0,0.0,156.0,1.0,13.0,4.0,2.0,33.0,20.0,2.0,1.0,3.0,5.0,2.0,1,0,0.0,0.0,0,0.0,0.0,1.1145510835913313,0.5572755417956656,0.0,0.0,43.467492260061924,0.2786377708978328,3.6222910216718267,1.1145510835913313,0.5572755417956656,9.195046439628483,5.572755417956657,0.5572755417956656,0.2786377708978328,0.8359133126934984,1.3931888544891642,0.5572755417956656,0.2786377708978328,0.0,0.0,0.0,0.0,0.0
333116,Reda Belahyane,https://media.api-sports.io/football/players/333116.png,Midfielder,M,135,Serie A,487,Lazio,323,5,3,7.039318885448916,0.0,94.14893617021278,58.333333333333336,25.0,0.0,1.0,0.0,0.0,0.0,188.0,3.0,10.0,0.0,3.0,24.0,14.0,4.0,1.0,1.0,2.0,3.0,1,0,0.0,0.0,0,0.0,0.0,0.2786377708978328,0.0,0.0,0.0,52.38390092879256,0.8359133126934984,2.7863777089783284,0.0,0.8359133126934984,6.687306501547988,3.9009287925696596,1.1145510835913313,0.2786377708978328,0.2786377708978328,0.5572755417956656,0.8359133126934984,0.2786377708978328,0.0,0.0,0.0,0.0,0.0
199143,Y. Suzuki,https://media.api-sports.io/football/players/199143.png,Midfielder,M,78,Bundesliga,160,SC Freiburg,323,4,4,7.599752321981423,71.42857142857143,88.88888888888889,36.36363636363637,46.666666666666664,0.0,7.0,5.0,4.0,0.0,99.0,8.0,2.0,2.0,1.0,33.0,12.0,15.0,7.0,1.0,2.0,5.0,1,0,0.0,0.0,0,0.0,0.0,1.9504643962848298,1.3931888544891642,1.1145510835913313,0.0,27.585139318885446,2.2291021671826625,0.5572755417956656,0.5572755417956656,0.2786377708978328,9.195046439628483,3.343653250773994,4.179566563467493,1.9504643962848298,0.2786377708978328,0.5572755417956656,1.3931888544891642,0.2786377708978328,0.0,0.0,0.0,0.0,0.0
20,Axel Witsel,https://media.api-sports.io/football/players/20.png,Midfielder,M,61,Ligue 1,84,Nice,322,4,4,6.643975155279502,20.0,95.40816326530613,36.84210526315789,40.0,0.0,5.0,1.0,0.0,0.0,196.0,2.0,1.0,3.0,6.0,19.0,7.0,5.0,2.0,0.0,3.0,2.0,0,0,0.0,0.0,0,0.0,0.0,1.3975155279503106,0.2795031055900621,0.0,0.0,54.78260869565218,0.5590062111801242,0.2795031055900621,0.8385093167701864,1.6770186335403727,5.3105590062111805,1.9565217391304348,1.3975155279503106,0.5590062111801242,0.0,0.8385093167701864,0.5590062111801242,0.0,0.0,0.0,0.0,0.0,0.0
598615,Emanuele Lulli,https://media.api-sports.io/football/players/598615.png,Midfielder,M,135,Serie A,497,AS Roma,322,5,4,7.028571428571428,0.0,89.04109589041096,62.96296296296296,66.66666666666666,1.0,1.0,0.0,0.0,0.0,146.0,4.0,9.0,0.0,2.0,27.0,17.0,6.0,4.0,1.0,3.0,3.0,0,0,0.0,0.0,0,0.0,0.2795031055900621,0.2795031055900621,0.0,0.0,0.0,40.80745341614907,1.1180124223602483,2.515527950310559,0.0,0.5590062111801242,7.546583850931677,4.751552795031056,1.6770186335403727,1.1180124223602483,0.2795031055900621,0.8385093167701864,0.8385093167701864,0.0,0.0,0.0,0.0,0.0,0.0
277306,M. Sangaré,https://media.api-sports.io/football/players/277306.png,Midfielder,M,39,Premier League,55,Brentford,322,5,5,6.67052795031056,25.0,79.87012987012987,56.86274509803921,66.66666666666666,0.0,4.0,1.0,0.0,1.0,154.0,4.0,14.0,1.0,6.0,51.0,29.0,9.0,6.0,2.0,5.0,9.0,2,0,0.0,0.0,0,0.0,0.0,1.1180124223602483,0.2795031055900621,0.0,0.2795031055900621,43.04347826086957,1.1180124223602483,3.9130434782608696,0.2795031055900621,1.6770186335403727,14.254658385093167,8.105590062111801,2.515527950310559,1.6770186335403727,0.5590062111801242,1.3975155279503106,2.515527950310559,0.5590062111801242,0.0,0.0,0.0,0.0,0.0
46887,Pedro Díaz,https://media.api-sports.io/football/players/46887.png,Midfielder,M,140,La Liga,728,Rayo Vallecano,322,7,3,6.780900621118012,20.0,88.18181818181819,53.57142857142857,80.0,0.0,10.0,2.0,0.0,0.0,110.0,10.0,5.0,2.0,1.0,28.0,15.0,5.0,4.0,2.0,6.0,4.0,0,0,0.0,0.0,0,0.0,0.0,2.7950310559006213,0.5590062111801242,0.0,0.0,30.74534161490683,2.7950310559006213,1.3975155279503106,0.5590062111801242,0.2795031055900621,7.826086956521739,4.192546583850931,1.3975155279503106,1.1180124223602483,0.5590062111801242,1.6770186335403727,1.1180124223602483,0.0,0.0,0.0,0.0,0.0,0.0
280334,G. Vidović,https://media.api-sports.io/football/players/280334.png,Midfielder,M,78,Bundesliga,185,SC Paderborn 07,320,4,4,6.4956249999999995,0.0,90.47619047619048,43.75,54.54545454545454,0.0,1.0,0.0,0.0,0.0,147.0,2.0,2.0,1.0,1.0,32.0,14.0,11.0,6.0,2.0,5.0,2.0,0,0,0.0,0.0,0,0.0,0.0,0.28125,0.0,0.0,0.0,41.34375,0.5625,0.5625,0.28125,0.28125,9.0,3.9374999999999996,3.0937500000000004,1.6875,0.5625,1.40625,0.5625,0.0,0.0,0.0,0.0,0.0,0.0
2287,Ross Barkley,https://media.api-sports.io/football/players/2287.png,Midfielder,M,39,Premier League,66,Aston Villa,320,5,4,6.555124999999999,20.0,90.2439024390244,39.130434782608695,80.0,0.0,5.0,1.0,0.0,0.0,205.0,6.0,7.0,1.0,0.0,46.0,18.0,5.0,4.0,2.0,4.0,4.0,0,0,0.0,0.0,0,0.0,0.0,1.40625,0.28125,0.0,0.0,57.65625,1.6875,1.9687499999999998,0.28125,0.0,12.937499999999998,5.0625,1.40625,1.125,0.5625,1.125,1.125,0.0,0.0,0.0,0.0,0.0,0.0
300885,Nelson Deossa,https://media.api-sports.io/football/players/300885.png,Midfielder,M,140,La Liga,543,Real Betis,319,7,3,6.923824451410658,38.46153846153847,82.52427184466019,52.72727272727272,77.77777777777779,0.0,13.0,5.0,0.0,1.0,206.0,5.0,10.0,0.0,4.0,55.0,29.0,9.0,7.0,2.0,4.0,7.0,0,0,0.0,0.0,0,0.0,0.0,3.6677115987460813,1.4106583072100312,0.0,0.28213166144200624,58.11912225705329,1.4106583072100312,2.8213166144200623,0.0,1.128526645768025,15.517241379310345,8.181818181818182,2.5391849529780566,1.974921630094044,0.5642633228840125,1.128526645768025,1.974921630094044,0.0,0.0,0.0,0.0,0.0,0.0
311543,Nilson Angulo,https://media.api-sports.io/football/players/311543.png,Attacker,M,39,Premier League,746,Sunderland,318,5,5,6.553459119496855,50.0,85.0574712643678,44.44444444444444,63.63636363636363,0.0,4.0,2.0,1.0,1.0,87.0,2.0,5.0,1.0,4.0,45.0,20.0,11.0,7.0,3.0,6.0,4.0,1,0,0.0,0.0,0,0.0,0.0,1.1320754716981132,0.5660377358490566,0.2830188679245283,0.2830188679245283,24.62264150943396,0.5660377358490566,1.4150943396226414,0.2830188679245283,1.1320754716981132,12.735849056603774,5.660377358490566,3.1132075471698113,1.981132075471698,0.8490566037735848,1.6981132075471697,1.1320754716981132,0.2830188679245283,0.0,0.0,0.0,0.0,0.0
47317,Ander Barrenetxea,https://media.api-sports.io/football/players/47317.png,Attacker,M,140,La Liga,548,Real Sociedad,317,7,5,6.6779495268138795,28.57142857142857,78.35051546391753,37.2093023255814,61.53846153846154,1.0,7.0,2.0,2.0,0.0,97.0,1.0,3.0,3.0,1.0,43.0,16.0,13.0,8.0,4.0,5.0,6.0,0,0,0.0,0.0,0,0.0,0.28391167192429023,1.9873817034700316,0.5678233438485805,0.5678233438485805,0.0,27.53943217665615,0.28391167192429023,0.8517350157728707,0.8517350157728707,0.28391167192429023,12.208201892744478,4.542586750788644,3.690851735015773,2.271293375394322,1.135646687697161,1.419558359621451,1.7034700315457414,0.0,0.0,0.0,0.0,0.0,0.0
135749,Félix Correia,https://media.api-sports.io/football/players/135749.png,Attacker,M,140,La Liga,536,Sevilla,317,6,4,6.561640378548896,33.33333333333333,69.0,42.42424242424242,33.33333333333333,3.0,3.0,1.0,0.0,1.0,100.0,4.0,3.0,2.0,3.0,33.0,14.0,9.0,3.0,3.0,4.0,6.0,0,0,0.0,0.0,0,0.0,0.8517350157728707,0.8517350157728707,0.28391167192429023,0.0,0.28391167192429023,28.39116719242902,1.135646687697161,0.8517350157728707,0.5678233438485805,0.8517350157728707,9.369085173501578,3.9747634069400632,2.555205047318612,0.8517350157728707,0.8517350157728707,1.135646687697161,1.7034700315457414,0.0,0.0,0.0,0.0,0.0,0.0
2476,Guido Rodríguez,https://media.api-sports.io/football/players/2476.png,Midfielder,M,140,La Liga,532,Valencia,317,4,4,7.170977917981072,50.0,85.23809523809524,54.166666666666664,50.0,0.0,2.0,1.0,0.0,0.0,210.0,2.0,11.0,2.0,6.0,48.0,26.0,4.0,2.0,6.0,8.0,6.0,1,0,0.0,0.0,0,0.0,0.0,0.5678233438485805,0.28391167192429023,0.0,0.0,59.62145110410095,0.5678233438485805,3.1230283911671926,0.5678233438485805,1.7034700315457414,13.627760252365931,7.381703470031546,1.135646687697161,0.5678233438485805,1.7034700315457414,2.271293375394322,1.7034700315457414,0.28391167192429023,0.0,0.0,0.0,0.0,0.0
110,H. Massengo,https://media.api-sports.io/football/players/110.png,Midfielder,M,78,Bundesliga,170,FC Augsburg,317,4,4,6.711766561514194,0.0,80.50847457627118,46.666666666666664,,0.0,1.0,0.0,0.0,1.0,118.0,5.0,5.0,0.0,5.0,15.0,7.0,0.0,0.0,1.0,2.0,2.0,1,0,0.0,0.0,0,0.0,0.0,0.28391167192429023,0.0,0.0,0.28391167192429023,33.50157728706625,1.419558359621451,1.419558359621451,0.0,1.419558359621451,4.2586750788643535,1.9873817034700316,0.0,0.0,0.28391167192429023,0.5678233438485805,0.5678233438485805,0.28391167192429023,0.0,0.0,0.0,0.0,0.0
84086,Robert Navarro,https://media.api-sports.io/football/players/84086.png,Midfielder,M,140,La Liga,531,Athletic Club,317,6,4,7.423217665615142,71.42857142857143,84.82142857142857,46.42857142857143,45.45454545454545,0.0,7.0,5.0,2.0,0.0,112.0,6.0,6.0,0.0,6.0,28.0,13.0,11.0,5.0,0.0,2.0,1.0,1,0,0.0,0.0,0,0.0,0.0,1.9873817034700316,1.419558359621451,0.5678233438485805,0.0,31.798107255520506,1.7034700315457414,1.7034700315457414,0.0,1.7034700315457414,7.9495268138801265,3.690851735015773,3.1230283911671926,1.419558359621451,0.0,0.5678233438485805,0.28391167192429023,0.28391167192429023,0.0,0.0,0.0,0.0,0.0
31010,Federico Dimarco,https://media.api-sports.io/football/players/31010.png,Defender,M,135,Serie A,505,Inter,316,5,4,7.317088607594936,28.57142857142857,85.78947368421052,53.333333333333336,66.66666666666666,0.0,7.0,2.0,0.0,1.0,190.0,14.0,4.0,1.0,5.0,15.0,8.0,3.0,2.0,2.0,1.0,1.0,0,0,0.0,0.0,0,0.0,0.0,1.9936708860759493,0.569620253164557,0.0,0.2848101265822785,54.11392405063291,3.9873417721518987,1.139240506329114,0.2848101265822785,1.4240506329113924,4.272151898734178,2.278481012658228,0.8544303797468354,0.569620253164557,0.569620253164557,0.2848101265822785,0.2848101265822785,0.0,0.0,0.0,0.0,0.0,0.0
15799,Frank Onyeka,https://media.api-sports.io/football/players/15799.png,Midfielder,M,39,Premier League,1346,Coventry,316,4,4,6.3975949367088605,100.0,69.41176470588235,58.333333333333336,0.0,0.0,1.0,1.0,0.0,0.0,85.0,0.0,5.0,0.0,6.0,24.0,14.0,1.0,0.0,2.0,6.0,7.0,0,0,0.0,0.0,0,0.0,0.0,0.2848101265822785,0.2848101265822785,0.0,0.0,24.20886075949367,0.0,1.4240506329113924,0.0,1.7088607594936709,6.8354430379746836,3.9873417721518987,0.2848101265822785,0.0,0.569620253164557,1.7088607594936709,1.9936708860759493,0.0,0.0,0.0,0.0,0.0,0.0
338201,H. Picard,https://media.api-sports.io/football/players/338201.png,Midfielder,M,61,Ligue 1,110,Estac Troyes,316,5,5,6.798101265822784,0.0,84.31372549019608,33.33333333333333,0.0,2.0,1.0,0.0,0.0,0.0,102.0,13.0,5.0,0.0,3.0,21.0,7.0,4.0,0.0,5.0,2.0,3.0,0,0,0.0,0.0,0,0.0,0.569620253164557,0.2848101265822785,0.0,0.0,0.0,29.050632911392405,3.70253164556962,1.4240506329113924,0.0,0.8544303797468354,5.981012658227847,1.9936708860759493,1.139240506329114,0.0,1.4240506329113924,0.569620253164557,0.8544303797468354,0.0,0.0,0.0,0.0,0.0,0.0
342268,L. Ulrich,https://media.api-sports.io/football/players/342268.png,Midfielder,M,78,Bundesliga,185,SC Paderborn 07,316,4,4,6.3575632911392415,0.0,77.77777777777779,48.64864864864865,,0.0,3.0,0.0,0.0,0.0,117.0,6.0,7.0,2.0,3.0,37.0,18.0,0.0,0.0,1.0,8.0,3.0,1,0,0.0,0.0,0,0.0,0.0,0.8544303797468354,0.0,0.0,0.0,33.32278481012658,1.7088607594936709,1.9936708860759493,0.569620253164557,0.8544303797468354,10.537974683544304,5.1265822784810124,0.0,0.0,0.2848101265822785,2.278481012658228,0.8544303797468354,0.2848101265822785,0.0,0.0,0.0,0.0,0.0
162266,Lucas Da Cunha,https://media.api-sports.io/football/players/162266.png,Midfielder,M,135,Serie A,895,Como,316,5,4,7.301582278481013,0.0,94.03508771929825,65.0,60.0,0.0,3.0,0.0,0.0,0.0,285.0,9.0,8.0,0.0,0.0,20.0,13.0,5.0,3.0,2.0,2.0,1.0,0,0,0.0,0.0,0,0.0,0.0,0.8544303797468354,0.0,0.0,0.0,81.17088607594937,2.5632911392405062,2.278481012658228,0.0,0.0,5.69620253164557,3.70253164556962,1.4240506329113924,0.8544303797468354,0.569620253164557,0.569620253164557,0.2848101265822785,0.0,0.0,0.0,0.0,0.0,0.0
402265,Arthur Avom Ebong,https://media.api-sports.io/football/players/402265.png,Midfielder,M,61,Ligue 1,97,Lorient,314,5,4,7.273821656050956,0.0,87.64478764478764,61.53846153846154,33.33333333333333,0.0,3.0,0.0,0.0,0.0,259.0,3.0,10.0,1.0,9.0,26.0,16.0,3.0,1.0,1.0,4.0,4.0,1,0,0.0,0.0,0,0.0,0.0,0.8598726114649681,0.0,0.0,0.0,74.23566878980893,0.8598726114649681,2.8662420382165603,0.28662420382165604,2.5796178343949046,7.452229299363057,4.585987261146497,0.8598726114649681,0.28662420382165604,0.28662420382165604,1.1464968152866242,1.1464968152866242,0.28662420382165604,0.0,0.0,0.0,0.0,0.0
51266,Gianluca Busio,https://media.api-sports.io/football/players/51266.png,Midfielder,M,135,Serie A,517,Venezia,314,4,4,7.171974522292993,0.0,92.3076923076923,62.5,60.0,0.0,3.0,0.0,0.0,2.0,208.0,5.0,10.0,2.0,1.0,32.0,20.0,5.0,3.0,5.0,3.0,3.0,1,0,0.0,0.0,0,0.0,0.0,0.8598726114649681,0.0,0.0,0.5732484076433121,59.617834394904456,1.4331210191082802,2.8662420382165603,0.5732484076433121,0.28662420382165604,9.171974522292993,5.732484076433121,1.4331210191082802,0.8598726114649681,1.4331210191082802,0.8598726114649681,0.8598726114649681,0.28662420382165604,0.0,0.0,0.0,0.0,0.0
339417,Pape Diop,https://media.api-sports.io/football/players/339417.png,Midfielder,M,61,Ligue 1,95,Strasbourg,314,5,3,6.95031847133758,0.0,90.3765690376569,66.66666666666666,100.0,0.0,4.0,0.0,0.0,0.0,239.0,4.0,13.0,5.0,5.0,27.0,18.0,1.0,1.0,1.0,4.0,5.0,2,0,0.0,0.0,0,0.0,0.0,1.1464968152866242,0.0,0.0,0.0,68.5031847133758,1.1464968152866242,3.7261146496815285,1.4331210191082802,1.4331210191082802,7.738853503184713,5.159235668789809,0.28662420382165604,0.28662420382165604,0.28662420382165604,1.1464968152866242,1.4331210191082802,0.5732484076433121,0.0,0.0,0.0,0.0,0.0
26,M. Wolf,https://media.api-sports.io/football/players/26.png,Defender,M,78,Bundesliga,170,FC Augsburg,312,4,4,6.7989423076923075,100.0,70.88607594936708,65.0,55.55555555555556,0.0,1.0,1.0,0.0,0.0,79.0,9.0,3.0,0.0,1.0,20.0,13.0,9.0,5.0,0.0,4.0,2.0,0,0,0.0,0.0,0,0.0,0.0,0.28846153846153844,0.28846153846153844,0.0,0.0,22.788461538461537,2.5961538461538463,0.8653846153846154,0.0,0.28846153846153844,5.769230769230768,3.75,2.5961538461538463,1.442307692307692,0.0,1.1538461538461537,0.5769230769230769,0.0,0.0,0.0,0.0,0.0,0.0
334037,Tyrique George,https://media.api-sports.io/football/players/334037.png,Midfielder,M,39,Premier League,45,Everton,312,5,4,7.273557692307693,33.33333333333333,87.5,54.83870967741935,64.28571428571429,2.0,6.0,2.0,1.0,0.0,104.0,7.0,1.0,1.0,3.0,31.0,17.0,14.0,9.0,2.0,5.0,1.0,0,0,0.0,0.0,0,0.0,0.5769230769230769,1.7307692307692308,0.5769230769230769,0.28846153846153844,0.0,30.0,2.019230769230769,0.28846153846153844,0.28846153846153844,0.8653846153846154,8.942307692307692,4.903846153846154,4.038461538461538,2.5961538461538463,0.5769230769230769,1.442307692307692,0.28846153846153844,0.0,0.0,0.0,0.0,0.0,0.0
328033,A. Pavlović,https://media.api-sports.io/football/players/328033.png,Midfielder,M,78,Bundesliga,157,Bayern München,311,4,4,7.61951768488746,40.0,91.64420485175202,53.57142857142857,100.0,0.0,5.0,2.0,1.0,1.0,371.0,7.0,4.0,2.0,5.0,28.0,15.0,4.0,4.0,1.0,2.0,7.0,1,0,0.0,0.0,0,0.0,0.0,1.4469453376205788,0.5787781350482315,0.28938906752411575,0.28938906752411575,107.36334405144696,2.0257234726688105,1.157556270096463,0.5787781350482315,1.4469453376205788,8.102893890675242,4.340836012861736,1.157556270096463,1.157556270096463,0.28938906752411575,0.5787781350482315,2.0257234726688105,0.28938906752411575,0.0,0.0,0.0,0.0,0.0
957,Djibril Sow,https://media.api-sports.io/football/players/957.png,Midfielder,M,135,Serie A,495,Genoa,311,6,4,6.759163987138264,0.0,90.36144578313254,52.94117647058824,0.0,0.0,1.0,0.0,0.0,1.0,166.0,8.0,4.0,1.0,2.0,17.0,9.0,1.0,0.0,1.0,4.0,3.0,1,0,0.0,0.0,0,0.0,0.0,0.28938906752411575,0.0,0.0,0.28938906752411575,48.038585209003216,2.315112540192926,1.157556270096463,0.28938906752411575,0.5787781350482315,4.919614147909968,2.6045016077170415,0.28938906752411575,0.0,0.28938906752411575,1.157556270096463,0.8681672025723474,0.28938906752411575,0.0,0.0,0.0,0.0,0.0
754,Luka Modrić,https://media.api-sports.io/football/players/754.png,Midfielder,M,135,Serie A,489,AC Milan,311,5,4,7.167202572347267,,91.98606271777004,50.0,40.0,0.0,0.0,0.0,0.0,0.0,287.0,5.0,4.0,0.0,7.0,22.0,11.0,5.0,2.0,2.0,3.0,1.0,0,0,0.0,0.0,0,0.0,0.0,0.0,0.0,0.0,0.0,83.05466237942122,1.4469453376205788,1.157556270096463,0.0,2.0257234726688105,6.366559485530547,3.1832797427652735,1.4469453376205788,0.5787781350482315,0.5787781350482315,0.8681672025723474,0.28938906752411575,0.0,0.0,0.0,0.0,0.0,0.0
335095,Hugo Bolin,https://media.api-sports.io/football/players/335095.png,Midfielder,M,78,Bundesliga,163,Borussia Mönchengladbach,309,4,4,7.316504854368931,83.33333333333334,80.95238095238095,65.21739130434783,50.0,2.0,6.0,5.0,2.0,0.0,84.0,5.0,6.0,0.0,2.0,23.0,15.0,4.0,2.0,0.0,6.0,5.0,1,0,0.0,0.0,0,0.0,0.5825242718446603,1.7475728155339805,1.4563106796116503,0.5825242718446603,0.0,24.466019417475728,1.4563106796116503,1.7475728155339805,0.0,0.5825242718446603,6.699029126213593,4.368932038834951,1.1650485436893205,0.5825242718446603,0.0,1.7475728155339805,1.4563106796116503,0.29126213592233013,0.0,0.0,0.0,0.0,0.0
2771,Ola Aina,https://media.api-sports.io/football/players/2771.png,Midfielder,M,39,Premier League,65,Nottingham Forest,309,5,4,6.97443365695793,100.0,72.17391304347827,52.38095238095239,50.0,0.0,1.0,1.0,0.0,0.0,115.0,4.0,10.0,0.0,3.0,42.0,22.0,8.0,4.0,3.0,4.0,5.0,2,0,0.0,0.0,0,0.0,0.0,0.29126213592233013,0.29126213592233013,0.0,0.0,33.49514563106796,1.1650485436893205,2.9126213592233006,0.0,0.8737864077669902,12.233009708737864,6.407766990291262,2.330097087378641,1.1650485436893205,0.8737864077669902,1.1650485436893205,1.4563106796116503,0.5825242718446603,0.0,0.0,0.0,0.0,0.0
6716,Alexis Mac Allister,https://media.api-sports.io/football/players/6716.png,Midfielder,M,39,Premier League,40,Liverpool,308,5,4,7.233766233766234,33.33333333333333,88.46153846153845,50.0,40.0,0.0,3.0,1.0,0.0,0.0,182.0,3.0,11.0,2.0,2.0,40.0,20.0,5.0,2.0,2.0,5.0,5.0,1,0,0.0,0.0,0,0.0,0.0,0.8766233766233766,0.29220779220779225,0.0,0.0,53.18181818181819,0.8766233766233766,3.214285714285714,0.5844155844155845,0.5844155844155845,11.688311688311687,5.844155844155844,1.461038961038961,0.5844155844155845,0.5844155844155845,1.461038961038961,1.461038961038961,0.29220779220779225,0.0,0.0,0.0,0.0,0.0
161921,Giovanni Reyna,https://media.api-sports.io/football/players/161921.png,Midfielder,M,61,Ligue 1,95,Strasbourg,308,5,4,6.80025974025974,60.0,90.5511811023622,38.70967741935484,40.0,0.0,5.0,3.0,1.0,0.0,127.0,6.0,2.0,1.0,2.0,31.0,12.0,10.0,4.0,0.0,4.0,2.0,0,0,0.0,0.0,0,0.0,0.0,1.461038961038961,0.8766233766233766,0.29220779220779225,0.0,37.11038961038961,1.7532467532467533,0.5844155844155845,0.29220779220779225,0.5844155844155845,9.058441558441558,3.5064935064935066,2.922077922077922,1.168831168831169,0.0,1.168831168831169,0.5844155844155845,0.0,0.0,0.0,0.0,0.0,0.0
136117,Rodrigo Riquelme,https://media.api-sports.io/football/players/136117.png,Midfielder,M,140,La Liga,543,Real Betis,308,7,4,6.9876623376623375,80.0,81.66666666666667,54.285714285714285,70.0,1.0,5.0,4.0,2.0,0.0,120.0,6.0,4.0,0.0,6.0,35.0,19.0,10.0,7.0,3.0,7.0,2.0,0,0,0.0,0.0,0,0.0,0.29220779220779225,1.461038961038961,1.168831168831169,0.5844155844155845,0.0,35.064935064935064,1.7532467532467533,1.168831168831169,0.0,1.7532467532467533,10.227272727272727,5.5519480519480515,2.922077922077922,2.0454545454545454,0.8766233766233766,2.0454545454545454,0.5844155844155845,0.0,0.0,0.0,0.0,0.0,0.0
350856,E. Nuamah,https://media.api-sports.io/football/players/350856.png,Midfielder,M,61,Ligue 1,80,Lyon,307,5,4,7.820097719869707,41.66666666666667,79.22077922077922,53.333333333333336,58.333333333333336,0.0,12.0,5.0,3.0,1.0,77.0,5.0,1.0,2.0,1.0,30.0,16.0,12.0,7.0,0.0,5.0,5.0,0,0,0.0,0.0,0,0.0,0.0,3.517915309446254,1.4657980456026058,0.8794788273615635,0.2931596091205212,22.57328990228013,1.4657980456026058,0.2931596091205212,0.5863192182410424,0.2931596091205212,8.794788273615636,4.690553745928339,3.517915309446254,2.0521172638436482,0.0,1.4657980456026058,1.4657980456026058,0.0,0.0,0.0,0.0,0.0,0.0
548704,Javi Morcillo,https://media.api-sports.io/football/players/548704.png,Midfielder,M,140,La Liga,797,Elche,307,7,3,6.55472312703583,100.0,91.96428571428571,50.0,,1.0,1.0,1.0,0.0,0.0,112.0,1.0,8.0,1.0,6.0,20.0,10.0,0.0,0.0,2.0,0.0,4.0,0,0,0.0,0.0,0,0.0,0.2931596091205212,0.2931596091205212,0.2931596091205212,0.0,0.0,32.83387622149837,0.2931596091205212,2.3452768729641695,0.2931596091205212,1.758957654723127,5.863192182410423,2.9315960912052117,0.0,0.0,0.5863192182410424,0.0,1.1726384364820848,0.0,0.0,0.0,0.0,0.0,0.0
25634,Michaël Cuisance,https://media.api-sports.io/football/players/25634.png,Midfielder,M,61,Ligue 1,116,Lens,307,5,4,6.181107491856678,66.66666666666666,90.9090909090909,30.303030303030305,30.0,0.0,3.0,2.0,0.0,0.0,143.0,3.0,6.0,1.0,4.0,33.0,10.0,10.0,3.0,7.0,1.0,4.0,1,0,0.0,1.0,0,0.0,0.0,0.8794788273615635,0.5863192182410424,0.0,0.0,41.921824104234524,0.8794788273615635,1.758957654723127,0.2931596091205212,1.1726384364820848,9.674267100977199,2.9315960912052117,2.9315960912052117,0.8794788273615635,2.0521172638436482,0.2931596091205212,1.1726384364820848,0.2931596091205212,0.0,0.0,0.2931596091205212,0.0,0.0
104949,Pablo Martínez,https://media.api-sports.io/football/players/104949.png,Midfielder,M,140,La Liga,535,Malaga,307,6,3,6.856677524429967,33.33333333333333,88.60759493670885,37.5,0.0,0.0,3.0,1.0,0.0,1.0,158.0,8.0,3.0,2.0,4.0,16.0,6.0,1.0,0.0,3.0,1.0,4.0,1,0,0.0,0.0,0,0.0,0.0,0.8794788273615635,0.2931596091205212,0.0,0.2931596091205212,46.31921824104234,2.3452768729641695,0.8794788273615635,0.5863192182410424,1.1726384364820848,4.690553745928339,1.758957654723127,0.2931596091205212,0.0,0.8794788273615635,0.2931596091205212,1.1726384364820848,0.2931596091205212,0.0,0.0,0.0,0.0,0.0
272,Adrien Rabiot,https://media.api-sports.io/football/players/272.png,Attacker,M,135,Serie A,489,AC Milan,306,5,3,7.051960784313726,66.66666666666666,87.98076923076923,44.827586206896555,50.0,0.0,3.0,2.0,2.0,2.0,208.0,3.0,3.0,1.0,1.0,29.0,13.0,4.0,2.0,2.0,5.0,5.0,0,0,0.0,0.0,0,0.0,0.0,0.8823529411764706,0.5882352941176471,0.5882352941176471,0.5882352941176471,61.1764705882353,0.8823529411764706,0.8823529411764706,0.29411764705882354,0.29411764705882354,8.529411764705882,3.823529411764706,1.1764705882352942,0.5882352941176471,0.5882352941176471,1.4705882352941178,1.4705882352941178,0.0,0.0,0.0,0.0,0.0,0.0
56851,Michael Folorunsho,https://media.api-sports.io/football/players/56851.png,Midfielder,M,135,Serie A,1579,Monza,306,4,3,6.758823529411764,0.0,82.92682926829268,50.0,33.33333333333333,0.0,3.0,0.0,0.0,0.0,164.0,4.0,8.0,1.0,3.0,40.0,20.0,3.0,1.0,2.0,8.0,5.0,2,0,0.0,0.0,0,0.0,0.0,0.8823529411764706,0.0,0.0,0.0,48.23529411764706,1.1764705882352942,2.3529411764705883,0.29411764705882354,0.8823529411764706,11.764705882352942,5.882352941176471,0.8823529411764706,0.29411764705882354,0.5882352941176471,2.3529411764705883,1.4705882352941178,0.5882352941176471,0.0,0.0,0.0,0.0,0.0
156477,Rayan Cherki,https://media.api-sports.io/football/players/156477.png,Midfielder,M,39,Premier League,50,Manchester City,305,5,4,7.750983606557377,57.14285714285714,91.30434782608695,33.33333333333333,55.55555555555556,0.0,7.0,4.0,3.0,2.0,253.0,12.0,0.0,1.0,1.0,27.0,9.0,9.0,5.0,0.0,4.0,5.0,1,0,0.0,0.0,0,0.0,0.0,2.0655737704918034,1.180327868852459,0.8852459016393444,0.5901639344262295,74.65573770491804,3.5409836065573774,0.0,0.29508196721311475,0.29508196721311475,7.967213114754098,2.655737704918033,2.655737704918033,1.4754098360655739,0.0,1.180327868852459,1.4754098360655739,0.29508196721311475,0.0,0.0,0.0,0.0,0.0
143831,R. Fellhauer,https://media.api-sports.io/football/players/143831.png,Midfielder,M,78,Bundesliga,170,FC Augsburg,304,4,4,6.377927631578948,100.0,64.7887323943662,30.434782608695656,0.0,1.0,3.0,3.0,2.0,0.0,71.0,4.0,3.0,0.0,1.0,23.0,7.0,5.0,0.0,1.0,1.0,5.0,0,0,0.0,0.0,0,0.0,0.29605263157894735,0.888157894736842,0.888157894736842,0.5921052631578947,0.0,21.019736842105264,1.1842105263157894,0.888157894736842,0.0,0.29605263157894735,6.809210526315789,2.0723684210526314,1.4802631578947367,0.0,0.29605263157894735,0.29605263157894735,1.4802631578947367,0.0,0.0,0.0,0.0,0.0,0.0
284356,Shea Charles,https://media.api-sports.io/football/players/284356.png,Midfielder,M,39,Premier League,36,Fulham,304,5,3,6.860855263157895,0.0,90.0,54.166666666666664,75.0,0.0,1.0,0.0,0.0,0.0,200.0,3.0,4.0,5.0,9.0,24.0,13.0,4.0,3.0,4.0,3.0,1.0,0,0,0.0,0.0,0,0.0,0.0,0.29605263157894735,0.0,0.0,0.0,59.21052631578948,0.888157894736842,1.1842105263157894,1.4802631578947367,2.664473684210526,7.105263157894736,3.848684210526316,1.1842105263157894,0.888157894736842,1.1842105263157894,0.888157894736842,0.29605263157894735,0.0,0.0,0.0,0.0,0.0,0.0
19617,M. Olise,https://media.api-sports.io/football/players/19617.png,Midfielder,M,78,Bundesliga,157,Bayern München,303,4,3,8.116831683168318,56.25,86.32075471698113,54.54545454545454,47.82608695652174,1.0,16.0,9.0,4.0,1.0,212.0,11.0,4.0,2.0,2.0,44.0,24.0,23.0,11.0,0.0,9.0,2.0,0,0,0.0,0.0,0,0.0,0.297029702970297,4.752475247524752,2.673267326732673,1.188118811881188,0.297029702970297,62.97029702970298,3.2673267326732676,1.188118811881188,0.594059405940594,0.594059405940594,13.06930693069307,7.128712871287129,6.8316831683168315,3.2673267326732676,0.0,2.673267326732673,0.594059405940594,0.0,0.0,0.0,0.0,0.0,0.0
137210,A. Stiller,https://media.api-sports.io/football/players/137210.png,Midfielder,M,78,Bundesliga,172,VfB Stuttgart,302,4,4,6.551887417218542,0.0,90.82969432314411,40.909090909090914,0.0,0.0,1.0,0.0,0.0,0.0,229.0,3.0,2.0,0.0,4.0,22.0,9.0,1.0,0.0,1.0,4.0,6.0,1,0,0.0,0.0,0,0.0,0.0,0.2980132450331126,0.0,0.0,0.0,68.24503311258277,0.8940397350993378,0.5960264900662252,0.0,1.1920529801324504,6.556291390728477,2.6821192052980134,0.2980132450331126,0.0,0.2980132450331126,1.1920529801324504,1.7880794701986755,0.2980132450331126,0.0,0.0,0.0,0.0,0.0
286710,D. Scherhant,https://media.api-sports.io/football/players/286710.png,Midfielder,M,78,Bundesliga,160,SC Freiburg,302,4,4,7.488046357615894,33.33333333333333,77.27272727272727,28.57142857142857,25.0,0.0,9.0,3.0,1.0,2.0,66.0,9.0,4.0,2.0,1.0,35.0,10.0,12.0,3.0,1.0,2.0,8.0,0,0,0.0,0.0,0,0.0,0.0,2.6821192052980134,0.8940397350993378,0.2980132450331126,0.5960264900662252,19.668874172185433,2.6821192052980134,1.1920529801324504,0.5960264900662252,0.2980132450331126,10.43046357615894,2.980132450331126,3.576158940397351,0.8940397350993378,0.2980132450331126,0.5960264900662252,2.384105960264901,0.0,0.0,0.0,0.0,0.0,0.0
455245,Darryl Bakola,https://media.api-sports.io/football/players/455245.png,Midfielder,M,135,Serie A,488,Sassuolo,302,4,3,7.23046357615894,50.0,88.17204301075269,60.97560975609756,62.5,0.0,2.0,1.0,0.0,1.0,186.0,6.0,14.0,3.0,1.0,41.0,25.0,8.0,5.0,6.0,5.0,2.0,0,0,0.0,0.0,0,0.0,0.0,0.5960264900662252,0.2980132450331126,0.0,0.2980132450331126,55.43046357615894,1.7880794701986755,4.172185430463577,0.8940397350993378,0.2980132450331126,12.218543046357615,7.450331125827815,2.384105960264901,1.490066225165563,1.7880794701986755,1.490066225165563,0.5960264900662252,0.0,0.0,0.0,0.0,0.0,0.0
20372,Jack Rudoni,https://media.api-sports.io/football/players/20372.png,Midfielder,M,39,Premier League,1346,Coventry,301,5,4,6.536345514950166,60.0,76.23762376237624,42.857142857142854,14.285714285714285,0.0,5.0,3.0,0.0,0.0,101.0,9.0,4.0,2.0,3.0,42.0,18.0,7.0,1.0,4.0,5.0,5.0,0,0,0.0,0.0,0,0.0,0.0,1.495016611295681,0.8970099667774086,0.0,0.0,30.199335548172755,2.691029900332226,1.196013289036545,0.5980066445182725,0.8970099667774086,12.55813953488372,5.382059800664452,2.0930232558139537,0.29900332225913623,1.196013289036545,1.495016611295681,1.495016611295681,0.0,0.0,0.0,0.0,0.0,0.0
24147,M. Camara,https://media.api-sports.io/football/players/24147.png,Midfielder,M,61,Ligue 1,94,Rennes,300,4,3,6.702,40.0,91.61290322580645,65.38461538461539,80.0,0.0,5.0,2.0,0.0,0.0,155.0,4.0,2.0,1.0,2.0,26.0,17.0,10.0,8.0,0.0,5.0,6.0,0,0,0.0,0.0,0,0.0,0.0,1.5,0.6000000000000001,0.0,0.0,46.50000000000001,1.2000000000000002,0.6000000000000001,0.30000000000000004,0.6000000000000001,7.800000000000001,5.1,3.0,2.4000000000000004,0.0,1.5,1.8,0.0,0.0,0.0,0.0,0.0,0.0
364566,George Hemmings,https://media.api-sports.io/football/players/364566.png,Midfielder,M,39,Premier League,66,Aston Villa,299,5,4,6.184280936454849,100.0,73.68421052631578,34.146341463414636,50.0,1.0,1.0,1.0,0.0,0.0,57.0,3.0,6.0,0.0,0.0,41.0,14.0,6.0,3.0,3.0,0.0,6.0,0,0,0.0,0.0,0,0.0,0.3010033444816054,0.3010033444816054,0.3010033444816054,0.0,0.0,17.157190635451506,0.9030100334448161,1.8060200668896322,0.0,0.0,12.341137123745819,4.214046822742475,1.8060200668896322,0.9030100334448161,0.9030100334448161,0.0,1.8060200668896322,0.0,0.0,0.0,0.0,0.0,0.0
951,M. Aebischer,https://media.api-sports.io/football/players/951.png,Midfielder,M,78,Bundesliga,182,Union Berlin,299,4,4,6.176421404682274,0.0,76.31578947368422,41.37931034482759,0.0,0.0,3.0,0.0,0.0,0.0,76.0,4.0,7.0,2.0,1.0,29.0,12.0,1.0,0.0,1.0,1.0,5.0,1,0,0.0,0.0,0,0.0,0.0,0.9030100334448161,0.0,0.0,0.0,22.876254180602007,1.2040133779264215,2.1070234113712374,0.6020066889632107,0.3010033444816054,8.729096989966555,3.6120401337792645,0.3010033444816054,0.0,0.3010033444816054,0.3010033444816054,1.5050167224080266,0.3010033444816054,0.0,0.0,0.0,0.0,0.0
380690,M. Moore,https://media.api-sports.io/football/players/380690.png,Attacker,M,78,Bundesliga,192,1. FC Köln,299,5,4,6.305551839464884,58.333333333333336,80.76923076923077,46.666666666666664,56.25,2.0,12.0,7.0,0.0,0.0,78.0,2.0,2.0,0.0,2.0,30.0,14.0,16.0,9.0,0.0,2.0,0.0,0,0,0.0,0.0,0,0.0,0.6020066889632107,3.6120401337792645,2.1070234113712374,0.0,0.0,23.478260869565215,0.6020066889632107,0.6020066889632107,0.0,0.6020066889632107,9.03010033444816,4.214046822742475,4.816053511705686,2.709030100334448,0.0,0.6020066889632107,0.0,0.0,0.0,0.0,0.0,0.0,0.0
38747,Quinten Timber,https://media.api-sports.io/football/players/38747.png,Midfielder,M,39,Premier League,52,Crystal Palace,299,4,4,6.432441471571907,25.0,77.77777777777779,58.97435897435898,66.66666666666666,0.0,4.0,1.0,0.0,0.0,108.0,2.0,11.0,1.0,2.0,39.0,23.0,6.0,4.0,1.0,7.0,6.0,0,0,0.0,0.0,0,0.0,0.0,1.2040133779264215,0.3010033444816054,0.0,0.0,32.508361204013376,0.6020066889632107,3.3110367892976593,0.3010033444816054,0.6020066889632107,11.739130434782608,6.923076923076923,1.8060200668896322,1.2040133779264215,0.3010033444816054,2.1070234113712374,1.8060200668896322,0.0,0.0,0.0,0.0,0.0,0.0
326757,J. Bellingham,https://media.api-sports.io/football/players/326757.png,Midfielder,M,78,Bundesliga,165,Borussia Dortmund,298,4,4,6.86255033557047,0.0,82.31292517006803,70.37037037037037,75.0,0.0,3.0,0.0,0.0,1.0,147.0,5.0,9.0,1.0,9.0,27.0,19.0,4.0,3.0,1.0,3.0,5.0,2,0,0.0,0.0,0,0.0,0.0,0.9060402684563758,0.0,0.0,0.30201342281879195,44.395973154362416,1.5100671140939597,2.7181208053691277,0.30201342281879195,2.7181208053691277,8.154362416107382,5.7382550335570475,1.2080536912751678,0.9060402684563758,0.30201342281879195,0.9060402684563758,1.5100671140939597,0.6040268456375839,0.0,0.0,0.0,0.0,0.0
792,J. Kluivert,https://media.api-sports.io/football/players/792.png,Midfielder,M,39,Premier League,35,Bournemouth,298,4,4,6.829597315436241,75.0,78.125,46.666666666666664,80.0,0.0,8.0,6.0,1.0,0.0,64.0,3.0,4.0,0.0,2.0,30.0,14.0,5.0,4.0,1.0,5.0,5.0,1,0,0.0,0.0,0,0.0,0.0,2.4161073825503356,1.8120805369127515,0.30201342281879195,0.0,19.328859060402685,0.9060402684563758,1.2080536912751678,0.0,0.6040268456375839,9.060402684563758,4.228187919463087,1.5100671140939597,1.2080536912751678,0.30201342281879195,1.5100671140939597,1.5100671140939597,0.30201342281879195,0.0,0.0,0.0,0.0,0.0
433396,Marc Bernal,https://media.api-sports.io/football/players/433396.png,Midfielder,M,140,La Liga,529,Barcelona,298,7,4,7.091275167785234,25.0,88.14432989690721,60.97560975609756,62.5,0.0,4.0,1.0,0.0,2.0,194.0,7.0,13.0,0.0,4.0,41.0,25.0,8.0,5.0,6.0,2.0,5.0,0,0,0.0,0.0,0,0.0,0.0,1.2080536912751678,0.30201342281879195,0.0,0.6040268456375839,58.59060402684563,2.1140939597315436,3.926174496644295,0.0,1.2080536912751678,12.38255033557047,7.550335570469799,2.4161073825503356,1.5100671140939597,1.8120805369127515,0.6040268456375839,1.5100671140939597,0.0,0.0,0.0,0.0,0.0,0.0
30810,Rolando Mandragora,https://media.api-sports.io/football/players/30810.png,Midfielder,M,135,Serie A,503,Torino,298,5,3,7.206375838926174,85.71428571428571,88.38383838383838,53.333333333333336,0.0,0.0,7.0,6.0,1.0,1.0,198.0,6.0,6.0,0.0,3.0,30.0,16.0,4.0,0.0,4.0,7.0,4.0,0,0,0.0,0.0,0,0.0,0.0,2.1140939597315436,1.8120805369127515,0.30201342281879195,0.30201342281879195,59.79865771812081,1.8120805369127515,1.8120805369127515,0.0,0.9060402684563758,9.060402684563758,4.832214765100671,1.2080536912751678,0.0,1.2080536912751678,2.1140939597315436,1.2080536912751678,0.0,0.0,0.0,0.0,0.0,0.0
410840,Ryunosuke Sato,https://media.api-sports.io/football/players/410840.png,Midfielder,M,140,La Liga,532,Valencia,297,7,4,6.346262626262627,50.0,82.0,24.137931034482758,16.666666666666664,1.0,2.0,1.0,0.0,0.0,100.0,1.0,4.0,0.0,0.0,29.0,7.0,6.0,1.0,6.0,1.0,4.0,2,0,0.0,0.0,0,0.0,0.30303030303030304,0.6060606060606061,0.30303030303030304,0.0,0.0,30.303030303030305,0.30303030303030304,1.2121212121212122,0.0,0.0,8.787878787878787,2.121212121212121,1.8181818181818183,0.30303030303030304,1.8181818181818183,0.30303030303030304,1.2121212121212122,0.6060606060606061,0.0,0.0,0.0,0.0,0.0
294824,Nathan-Dylan Saliba,https://media.api-sports.io/football/players/294824.png,Midfielder,M,140,La Liga,533,Villarreal,296,5,3,7.039864864864866,0.0,90.57591623036649,59.45945945945946,33.33333333333333,0.0,1.0,0.0,0.0,0.0,191.0,1.0,12.0,1.0,6.0,37.0,22.0,6.0,2.0,2.0,4.0,3.0,0,0,0.0,0.0,0,0.0,0.0,0.30405405405405406,0.0,0.0,0.0,58.07432432432432,0.30405405405405406,3.6486486486486487,0.30405405405405406,1.8243243243243243,11.25,6.6891891891891895,1.8243243243243243,0.6081081081081081,0.6081081081081081,1.2162162162162162,0.9121621621621622,0.0,0.0,0.0,0.0,0.0,0.0
502,J. Kimmich,https://media.api-sports.io/football/players/502.png,Midfielder,M,78,Bundesliga,157,Bayern München,295,4,4,8.040677966101695,100.0,90.36144578313254,73.33333333333333,100.0,1.0,1.0,1.0,0.0,2.0,332.0,7.0,3.0,1.0,4.0,15.0,11.0,1.0,1.0,1.0,4.0,0.0,0,0,0.0,0.0,0,0.0,0.30508474576271183,0.30508474576271183,0.30508474576271183,0.0,0.6101694915254237,101.28813559322035,2.135593220338983,0.9152542372881355,0.30508474576271183,1.2203389830508473,4.576271186440678,3.355932203389831,0.30508474576271183,0.30508474576271183,0.30508474576271183,1.2203389830508473,0.0,0.0,0.0,0.0,0.0,0.0,0.0
328,Fabián Ruiz,https://media.api-sports.io/football/players/328.png,Midfielder,M,61,Ligue 1,85,Paris Saint Germain,294,5,4,7.1253401360544215,50.0,90.2542372881356,64.70588235294117,100.0,0.0,4.0,2.0,0.0,2.0,236.0,10.0,6.0,2.0,3.0,17.0,11.0,3.0,3.0,1.0,2.0,2.0,1,0,0.0,0.0,0,0.0,0.0,1.2244897959183674,0.6122448979591837,0.0,0.6122448979591837,72.24489795918367,3.0612244897959187,1.8367346938775508,0.6122448979591837,0.9183673469387754,5.204081632653061,3.36734693877551,0.9183673469387754,0.9183673469387754,0.30612244897959184,0.6122448979591837,0.6122448979591837,0.30612244897959184,0.0,0.0,0.0,0.0,0.0
47007,Iñigo Ruiz de Galarreta,https://media.api-sports.io/football/players/47007.png,Midfielder,M,140,La Liga,531,Athletic Club,294,6,4,7.029931972789116,0.0,86.57407407407408,47.5,57.14285714285714,0.0,4.0,0.0,0.0,1.0,216.0,6.0,4.0,0.0,5.0,40.0,19.0,7.0,4.0,3.0,6.0,8.0,2,0,0.0,0.0,0,0.0,0.0,1.2244897959183674,0.0,0.0,0.30612244897959184,66.12244897959184,1.8367346938775508,1.2244897959183674,0.0,1.5306122448979593,12.244897959183675,5.816326530612245,2.142857142857143,1.2244897959183674,0.9183673469387754,1.8367346938775508,2.4489795918367347,0.6122448979591837,0.0,0.0,0.0,0.0,0.0
336594,Pablo Barrios,https://media.api-sports.io/football/players/336594.png,Midfielder,M,140,La Liga,530,Atletico Madrid,294,4,3,7.451020408163265,66.66666666666666,89.91596638655463,58.620689655172406,62.5,0.0,3.0,2.0,0.0,1.0,238.0,6.0,4.0,1.0,7.0,29.0,17.0,8.0,5.0,3.0,6.0,2.0,0,0,0.0,0.0,0,0.0,0.0,0.9183673469387754,0.6122448979591837,0.0,0.30612244897959184,72.85714285714286,1.8367346938775508,1.2244897959183674,0.30612244897959184,2.142857142857143,8.877551020408163,5.204081632653061,2.4489795918367347,1.5306122448979593,0.9183673469387754,1.8367346938775508,0.6122448979591837,0.0,0.0,0.0,0.0,0.0,0.0
19545,R. James,https://media.api-sports.io/football/players/19545.png,Midfielder,M,39,Premier League,49,Chelsea,292,4,3,6.938013698630137,80.0,91.48936170212765,46.666666666666664,0.0,0.0,5.0,4.0,0.0,0.0,188.0,2.0,2.0,2.0,2.0,15.0,7.0,1.0,0.0,1.0,2.0,3.0,1,0,0.0,0.0,0,0.0,0.0,1.5410958904109588,1.2328767123287672,0.0,0.0,57.945205479452056,0.6164383561643836,0.6164383561643836,0.6164383561643836,0.6164383561643836,4.623287671232877,2.1575342465753424,0.3082191780821918,0.0,0.3082191780821918,0.6164383561643836,0.9246575342465753,0.3082191780821918,0.0,0.0,0.0,0.0,0.0
359603,Luca Koleosho,https://media.api-sports.io/football/players/359603.png,Attacker,M,61,Ligue 1,114,Paris FC,291,4,4,6.807079037800688,33.33333333333333,76.66666666666667,32.35294117647059,42.857142857142854,1.0,9.0,3.0,0.0,1.0,90.0,4.0,6.0,1.0,2.0,34.0,11.0,7.0,3.0,1.0,2.0,7.0,1,0,0.0,0.0,0,0.0,0.30927835051546393,2.783505154639175,0.9278350515463918,0.0,0.30927835051546393,27.835051546391753,1.2371134020618557,1.8556701030927836,0.30927835051546393,0.6185567010309279,10.515463917525773,3.402061855670103,2.1649484536082477,0.9278350515463918,0.30927835051546393,0.6185567010309279,2.1649484536082477,0.30927835051546393,0.0,0.0,0.0,0.0,0.0
362750,Thiago Fernández,https://media.api-sports.io/football/players/362750.png,Midfielder,M,140,La Liga,539,Levante,290,5,5,6.854137931034482,33.33333333333333,81.25,43.333333333333336,81.81818181818183,1.0,3.0,1.0,0.0,0.0,64.0,2.0,4.0,0.0,3.0,30.0,13.0,11.0,9.0,8.0,0.0,2.0,0,0,0.0,0.0,0,0.0,0.3103448275862069,0.9310344827586207,0.3103448275862069,0.0,0.0,19.862068965517242,0.6206896551724138,1.2413793103448276,0.0,0.9310344827586207,9.310344827586206,4.0344827586206895,3.413793103448276,2.793103448275862,2.4827586206896552,0.0,0.6206896551724138,0.0,0.0,0.0,0.0,0.0,0.0
325,Gianluca Gaetano,https://media.api-sports.io/football/players/325.png,Midfielder,M,135,Serie A,499,Atalanta,288,4,3,6.96875,100.0,90.2439024390244,46.42857142857143,66.66666666666666,0.0,1.0,1.0,0.0,1.0,164.0,2.0,7.0,0.0,6.0,28.0,13.0,3.0,2.0,4.0,2.0,5.0,0,1,0.0,0.0,0,0.0,0.0,0.3125,0.3125,0.0,0.3125,51.25,0.625,2.1875,0.0,1.875,8.75,4.0625,0.9375,0.625,1.25,0.625,1.5625,0.0,0.3125,0.0,0.0,0.0,0.0
1463,Joe Willock,https://media.api-sports.io/football/players/1463.png,Midfielder,M,39,Premier League,34,Newcastle,287,5,3,7.021951219512195,37.5,94.4954128440367,45.45454545454545,66.66666666666666,1.0,8.0,3.0,2.0,0.0,109.0,2.0,5.0,1.0,1.0,33.0,15.0,6.0,4.0,2.0,6.0,5.0,0,0,0.0,0.0,0,0.0,0.313588850174216,2.508710801393728,0.9407665505226481,0.627177700348432,0.0,34.181184668989545,0.627177700348432,1.5679442508710801,0.313588850174216,0.313588850174216,10.348432055749129,4.70383275261324,1.8815331010452963,1.254355400696864,0.627177700348432,1.8815331010452963,1.5679442508710801,0.0,0.0,0.0,0.0,0.0,0.0
152418,N. Ahamada,https://media.api-sports.io/football/players/152418.png,Midfielder,M,61,Ligue 1,108,Auxerre,287,5,5,6.543240418118466,50.0,85.6,41.66666666666667,44.44444444444444,0.0,4.0,2.0,0.0,0.0,125.0,5.0,2.0,2.0,1.0,24.0,10.0,9.0,4.0,2.0,2.0,0.0,0,0,0.0,0.0,0,0.0,0.0,1.254355400696864,0.627177700348432,0.0,0.0,39.198606271777,1.5679442508710801,0.627177700348432,0.627177700348432,0.313588850174216,7.526132404181185,3.1358885017421603,2.822299651567944,1.254355400696864,0.627177700348432,0.627177700348432,0.0,0.0,0.0,0.0,0.0,0.0,0.0
1258,Alexandre Lauray,https://media.api-sports.io/football/players/1258.png,Midfielder,M,61,Ligue 1,1298,Le Mans,286,5,4,6.620629370629371,50.0,74.30555555555556,50.0,66.66666666666666,0.0,4.0,2.0,0.0,0.0,144.0,5.0,9.0,1.0,7.0,34.0,17.0,3.0,2.0,4.0,2.0,9.0,3,0,0.0,0.0,0,0.0,0.0,1.2587412587412588,0.6293706293706294,0.0,0.0,45.31468531468532,1.5734265734265735,2.8321678321678325,0.3146853146853147,2.202797202797203,10.6993006993007,5.34965034965035,0.9440559440559441,0.6293706293706294,1.2587412587412588,0.6293706293706294,2.8321678321678325,0.9440559440559441,0.0,0.0,0.0,0.0,0.0
15908,M. Damsgaard,https://media.api-sports.io/football/players/15908.png,Midfielder,M,39,Premier League,55,Brentford,286,5,4,7.0309790209790215,25.0,78.94736842105263,48.57142857142857,50.0,1.0,4.0,1.0,0.0,0.0,152.0,7.0,7.0,0.0,3.0,35.0,17.0,6.0,3.0,4.0,3.0,1.0,0,0,0.0,0.0,0,0.0,0.3146853146853147,1.2587412587412588,0.3146853146853147,0.0,0.0,47.83216783216783,2.202797202797203,2.202797202797203,0.0,0.9440559440559441,11.013986013986015,5.34965034965035,1.8881118881118881,0.9440559440559441,1.2587412587412588,0.9440559440559441,0.3146853146853147,0.0,0.0,0.0,0.0,0.0,0.0
513776,Yan Diomande,https://media.api-sports.io/football/players/513776.png,Attacker,M,140,La Liga,541,Real Madrid,284,7,2,6.954366197183098,50.0,82.0754716981132,63.63636363636363,72.0,1.0,2.0,1.0,0.0,1.0,106.0,7.0,5.0,0.0,3.0,55.0,35.0,25.0,18.0,2.0,11.0,4.0,1,0,0.0,0.0,0,0.0,0.31690140845070425,0.6338028169014085,0.31690140845070425,0.0,0.31690140845070425,33.59154929577465,2.2183098591549295,1.5845070422535212,0.0,0.9507042253521126,17.429577464788732,11.091549295774648,7.922535211267605,5.704225352112676,0.6338028169014085,3.485915492957746,1.267605633802817,0.31690140845070425,0.0,0.0,0.0,0.0,0.0
636,Bernardo Silva,https://media.api-sports.io/football/players/636.png,Midfielder,M,140,La Liga,541,Real Madrid,282,7,3,6.6884397163120575,0.0,92.40506329113924,45.16129032258064,25.0,0.0,1.0,0.0,0.0,1.0,237.0,5.0,8.0,1.0,5.0,31.0,14.0,4.0,1.0,6.0,4.0,5.0,0,0,0.0,0.0,0,0.0,0.0,0.3191489361702128,0.0,0.0,0.3191489361702128,75.63829787234043,1.595744680851064,2.5531914893617023,0.3191489361702128,1.595744680851064,9.893617021276595,4.468085106382979,1.2765957446808511,0.3191489361702128,1.9148936170212765,1.2765957446808511,1.595744680851064,0.0,0.0,0.0,0.0,0.0,0.0
1150,Tyler Adams,https://media.api-sports.io/football/players/1150.png,Midfielder,M,39,Premier League,35,Bournemouth,282,5,3,6.791347517730497,100.0,87.79069767441861,48.0,0.0,0.0,1.0,1.0,0.0,0.0,172.0,2.0,7.0,1.0,8.0,25.0,12.0,3.0,0.0,2.0,3.0,6.0,0,0,0.0,0.0,0,0.0,0.0,0.3191489361702128,0.3191489361702128,0.0,0.0,54.8936170212766,0.6382978723404256,2.2340425531914896,0.3191489361702128,2.5531914893617023,7.9787234042553195,3.829787234042553,0.9574468085106382,0.0,0.6382978723404256,0.9574468085106382,1.9148936170212765,0.0,0.0,0.0,0.0,0.0,0.0
22244,Anthony Caci,https://media.api-sports.io/football/players/22244.png,Midfielder,M,78,Bundesliga,164,FSV Mainz 05,281,4,4,6.647224199288256,33.33333333333333,75.63025210084034,48.0,66.66666666666666,1.0,3.0,1.0,0.0,1.0,119.0,5.0,7.0,0.0,5.0,25.0,12.0,3.0,2.0,0.0,2.0,3.0,1,0,0.0,0.0,0,0.0,0.32028469750889677,0.9608540925266904,0.32028469750889677,0.0,0.32028469750889677,38.11387900355872,1.6014234875444842,2.2419928825622777,0.0,1.6014234875444842,8.007117437722421,3.8434163701067616,0.9608540925266904,0.6405693950177935,0.0,0.6405693950177935,0.9608540925266904,0.32028469750889677,0.0,0.0,0.0,0.0,0.0
1461,Denis Suárez,https://media.api-sports.io/football/players/1461.png,Midfielder,M,140,La Liga,542,Alaves,280,7,3,6.758928571428571,50.0,79.85611510791367,58.333333333333336,40.0,0.0,2.0,1.0,0.0,0.0,139.0,11.0,5.0,0.0,0.0,24.0,14.0,5.0,2.0,1.0,6.0,3.0,1,0,0.0,0.0,0,0.0,0.0,0.6428571428571428,0.3214285714285714,0.0,0.0,44.67857142857143,3.5357142857142856,1.607142857142857,0.0,0.0,7.714285714285714,4.5,1.607142857142857,0.6428571428571428,0.3214285714285714,1.9285714285714286,0.9642857142857143,0.3214285714285714,0.0,0.0,0.0,0.0,0.0
9363,Igor Paixão,https://media.api-sports.io/football/players/9363.png,Midfielder,M,61,Ligue 1,81,Marseille,280,4,4,6.609857142857143,50.0,86.08695652173914,39.130434782608695,38.88888888888889,1.0,4.0,2.0,0.0,0.0,115.0,4.0,2.0,0.0,0.0,46.0,18.0,18.0,7.0,3.0,6.0,6.0,1,0,1.0,0.0,0,0.0,0.3214285714285714,1.2857142857142856,0.6428571428571428,0.0,0.0,36.964285714285715,1.2857142857142856,0.6428571428571428,0.0,0.0,14.785714285714286,5.785714285714285,5.785714285714285,2.25,0.9642857142857143,1.9285714285714286,1.9285714285714286,0.3214285714285714,0.0,0.3214285714285714,0.0,0.0,0.0
46731,Pervis Estupiñán,https://media.api-sports.io/football/players/46731.png,Midfielder,M,135,Serie A,489,AC Milan,280,5,4,6.711552346570397,0.0,92.21556886227546,50.0,100.0,1.0,1.0,0.0,0.0,0.0,167.0,2.0,3.0,1.0,6.0,16.0,8.0,1.0,1.0,0.0,1.0,5.0,1,0,0.0,0.0,0,0.0,0.3214285714285714,0.3214285714285714,0.0,0.0,0.0,53.67857142857143,0.6428571428571428,0.9642857142857143,0.3214285714285714,1.9285714285714286,5.142857142857142,2.571428571428571,0.3214285714285714,0.3214285714285714,0.0,0.3214285714285714,1.607142857142857,0.3214285714285714,0.0,0.0,0.0,0.0,0.0
30510,Álex Berenguer,https://media.api-sports.io/football/players/30510.png,Attacker,M,140,La Liga,531,Athletic Club,280,6,3,7.082142857142857,50.0,80.15873015873017,46.42857142857143,28.57142857142857,1.0,4.0,2.0,1.0,1.0,126.0,12.0,5.0,0.0,5.0,28.0,13.0,7.0,2.0,1.0,2.0,3.0,1,0,0.0,0.0,0,0.0,0.3214285714285714,1.2857142857142856,0.6428571428571428,0.3214285714285714,0.3214285714285714,40.5,3.857142857142857,1.607142857142857,0.0,1.607142857142857,9.0,4.178571428571429,2.25,0.6428571428571428,0.3214285714285714,0.6428571428571428,0.9642857142857143,0.3214285714285714,0.0,0.0,0.0,0.0,0.0
341234,Elias Jelert,https://media.api-sports.io/football/players/341234.png,Midfielder,M,61,Ligue 1,111,Le Havre,279,5,3,6.712903225806452,,84.95575221238938,25.0,33.33333333333333,0.0,0.0,0.0,0.0,0.0,113.0,2.0,4.0,2.0,2.0,20.0,5.0,3.0,1.0,4.0,0.0,2.0,0,0,0.0,0.0,0,0.0,0.0,0.0,0.0,0.0,0.0,36.45161290322581,0.6451612903225806,1.2903225806451613,0.6451612903225806,0.6451612903225806,6.451612903225806,1.6129032258064515,0.967741935483871,0.3225806451612903,1.2903225806451613,0.0,0.6451612903225806,0.0,0.0,0.0,0.0,0.0,0.0
329720,Hugo Álvarez,https://media.api-sports.io/football/players/329720.png,Midfielder,M,140,La Liga,538,Celta Vigo,279,7,6,6.913548387096775,0.0,83.17757009345794,25.0,0.0,0.0,1.0,0.0,0.0,2.0,107.0,5.0,2.0,0.0,3.0,24.0,6.0,5.0,0.0,1.0,4.0,6.0,0,0,0.0,0.0,0,0.0,0.0,0.3225806451612903,0.0,0.0,0.6451612903225806,34.516129032258064,1.6129032258064515,0.6451612903225806,0.0,0.967741935483871,7.741935483870968,1.935483870967742,1.6129032258064515,0.0,0.3225806451612903,1.2903225806451613,1.935483870967742,0.0,0.0,0.0,0.0,0.0,0.0
21386,I. Gomis,https://media.api-sports.io/football/players/21386.png,Midfielder,M,61,Ligue 1,110,Estac Troyes,279,5,4,6.509139784946237,0.0,80.0,51.28205128205128,20.0,0.0,5.0,0.0,0.0,0.0,60.0,2.0,7.0,2.0,2.0,39.0,20.0,5.0,1.0,1.0,4.0,7.0,0,0,0.0,0.0,0,0.0,0.0,1.6129032258064515,0.0,0.0,0.0,19.35483870967742,0.6451612903225806,2.2580645161290325,0.6451612903225806,0.6451612903225806,12.580645161290322,6.451612903225806,1.6129032258064515,0.3225806451612903,0.3225806451612903,1.2903225806451613,2.2580645161290325,0.0,0.0,0.0,0.0,0.0,0.0
21568,Ruben Aguilar,https://media.api-sports.io/football/players/21568.png,Midfielder,M,61,Ligue 1,116,Lens,278,4,3,6.988489208633093,,92.71523178807946,46.42857142857143,25.0,1.0,0.0,0.0,0.0,1.0,151.0,6.0,8.0,0.0,8.0,28.0,13.0,4.0,1.0,2.0,1.0,8.0,1,0,0.0,0.0,0,0.0,0.32374100719424465,0.0,0.0,0.0,0.32374100719424465,48.88489208633093,1.9424460431654678,2.589928057553957,0.0,2.589928057553957,9.06474820143885,4.20863309352518,1.2949640287769786,0.32374100719424465,0.6474820143884893,0.32374100719424465,2.589928057553957,0.32374100719424465,0.0,0.0,0.0,0.0,0.0
6002,Exequiel Palacios,https://media.api-sports.io/football/players/6002.png,Midfielder,M,39,Premier League,57,Ipswich,277,4,3,6.957400722021662,,90.9090909090909,61.53846153846154,0.0,0.0,0.0,0.0,0.0,0.0,198.0,3.0,9.0,2.0,6.0,26.0,16.0,2.0,0.0,1.0,6.0,5.0,0,0,0.0,0.0,0,0.0,0.0,0.0,0.0,0.0,0.0,64.33212996389892,0.9747292418772563,2.9241877256317688,0.6498194945848376,1.9494584837545126,8.447653429602887,5.1985559566787005,0.6498194945848376,0.0,0.3249097472924188,1.9494584837545126,1.6245487364620939,0.0,0.0,0.0,0.0,0.0,0.0
179414,Lucas Calodat,https://media.api-sports.io/football/players/179414.png,Midfielder,M,61,Ligue 1,1298,Le Mans,277,5,3,7.375090252707581,100.0,80.0,61.111111111111114,57.14285714285714,0.0,3.0,3.0,1.0,1.0,85.0,4.0,4.0,0.0,5.0,18.0,11.0,7.0,4.0,0.0,2.0,2.0,0,0,0.0,0.0,0,0.0,0.0,0.9747292418772563,0.9747292418772563,0.3249097472924188,0.3249097472924188,27.617328519855594,1.2996389891696751,1.2996389891696751,0.0,1.6245487364620939,5.8483754512635375,3.5740072202166067,2.2743682310469313,1.2996389891696751,0.0,0.6498194945848376,0.6498194945848376,0.0,0.0,0.0,0.0,0.0,0.0
47085,Luis Milla,https://media.api-sports.io/football/players/47085.png,Midfielder,M,135,Serie A,895,Como,277,5,3,7.126353790613718,0.0,92.54385964912281,52.38095238095239,100.0,0.0,1.0,0.0,0.0,0.0,228.0,7.0,3.0,3.0,10.0,21.0,11.0,3.0,3.0,2.0,5.0,2.0,0,0,0.0,0.0,0,0.0,0.0,0.3249097472924188,0.0,0.0,0.0,74.07942238267148,2.2743682310469313,0.9747292418772563,0.9747292418772563,3.2490974729241877,6.8231046931407935,3.5740072202166067,0.9747292418772563,0.9747292418772563,0.6498194945848376,1.6245487364620939,0.6498194945848376,0.0,0.0,0.0,0.0,0.0,0.0
322865,D. Karim,https://media.api-sports.io/football/players/322865.png,Midfielder,M,61,Ligue 1,110,Estac Troyes,276,5,3,6.909782608695652,33.33333333333333,81.74603174603175,41.66666666666667,50.0,0.0,3.0,1.0,0.0,0.0,126.0,3.0,9.0,0.0,2.0,36.0,15.0,6.0,3.0,2.0,3.0,8.0,0,0,0.0,0.0,0,0.0,0.0,0.9782608695652174,0.32608695652173914,0.0,0.0,41.086956521739125,0.9782608695652174,2.934782608695652,0.0,0.6521739130434783,11.739130434782608,4.891304347826087,1.9565217391304348,0.9782608695652174,0.6521739130434783,0.9782608695652174,2.608695652173913,0.0,0.0,0.0,0.0,0.0,0.0
22254,Youssouf Fofana,https://media.api-sports.io/football/players/22254.png,Midfielder,M,140,La Liga,536,Sevilla,276,4,3,7.082246376811594,40.0,82.79569892473118,52.94117647058824,38.46153846153847,0.0,5.0,2.0,1.0,0.0,93.0,1.0,9.0,2.0,3.0,34.0,18.0,13.0,5.0,1.0,1.0,1.0,0,0,0.0,0.0,0,0.0,0.0,1.6304347826086958,0.6521739130434783,0.32608695652173914,0.0,30.32608695652174,0.32608695652173914,2.934782608695652,0.6521739130434783,0.9782608695652174,11.08695652173913,5.869565217391304,4.239130434782608,1.6304347826086958,0.32608695652173914,0.32608695652173914,0.32608695652173914,0.0,0.0,0.0,0.0,0.0,0.0
237087,E. Fernández,https://media.api-sports.io/football/players/237087.png,Midfielder,M,78,Bundesliga,168,Bayer Leverkusen,274,4,4,7.098248175182482,25.0,93.61702127659575,58.82352941176471,40.0,2.0,4.0,1.0,1.0,0.0,188.0,4.0,11.0,1.0,3.0,34.0,20.0,5.0,2.0,2.0,6.0,3.0,0,0,0.0,0.0,0,0.0,0.656934306569343,1.313868613138686,0.3284671532846715,0.3284671532846715,0.0,61.751824817518255,1.313868613138686,3.613138686131387,0.3284671532846715,0.9854014598540146,11.167883211678832,6.56934306569343,1.6423357664233575,0.656934306569343,0.656934306569343,1.9708029197080292,0.9854014598540146,0.0,0.0,0.0,0.0,0.0,0.0
161907,M. Gusto,https://media.api-sports.io/football/players/161907.png,Defender,M,39,Premier League,49,Chelsea,274,5,4,6.46978102189781,0.0,81.48148148148148,52.94117647058824,100.0,0.0,2.0,0.0,0.0,0.0,108.0,1.0,4.0,1.0,4.0,17.0,9.0,1.0,1.0,2.0,0.0,1.0,0,0,0.0,0.0,0,0.0,0.0,0.656934306569343,0.0,0.0,0.0,35.47445255474453,0.3284671532846715,1.313868613138686,0.3284671532846715,1.313868613138686,5.583941605839416,2.956204379562044,0.3284671532846715,0.3284671532846715,0.656934306569343,0.0,0.3284671532846715,0.0,0.0,0.0,0.0,0.0,0.0
5996,Enzo Fernández,https://media.api-sports.io/football/players/5996.png,Midfielder,M,39,Premier League,50,Manchester City,273,4,3,7.318901098901098,66.66666666666666,86.77248677248677,51.42857142857142,66.66666666666666,1.0,3.0,2.0,1.0,0.0,189.0,4.0,3.0,1.0,3.0,35.0,18.0,3.0,2.0,2.0,9.0,6.0,1,0,0.0,0.0,0,0.0,0.32967032967032966,0.989010989010989,0.6593406593406593,0.32967032967032966,0.0,62.30769230769231,1.3186813186813187,0.989010989010989,0.32967032967032966,0.989010989010989,11.538461538461537,5.934065934065934,0.989010989010989,0.6593406593406593,0.6593406593406593,2.967032967032967,1.978021978021978,0.32967032967032966,0.0,0.0,0.0,0.0,0.0
313245,M. Lewis-Skelly,https://media.api-sports.io/football/players/313245.png,Defender,M,39,Premier League,42,Arsenal,273,5,5,6.929450549450549,0.0,93.22916666666666,45.45454545454545,0.0,0.0,3.0,0.0,0.0,0.0,192.0,2.0,1.0,2.0,1.0,22.0,10.0,1.0,0.0,0.0,7.0,8.0,0,0,0.0,0.0,0,0.0,0.0,0.989010989010989,0.0,0.0,0.0,63.2967032967033,0.6593406593406593,0.32967032967032966,0.6593406593406593,0.32967032967032966,7.252747252747254,3.296703296703297,0.32967032967032966,0.0,0.0,2.3076923076923075,2.6373626373626373,0.0,0.0,0.0,0.0,0.0,0.0
40809,Michal Skoras,https://media.api-sports.io/football/players/40809.png,Midfielder,M,61,Ligue 1,116,Lens,273,5,3,6.800549450549451,0.0,85.27131782945736,53.84615384615385,33.33333333333333,1.0,1.0,0.0,0.0,1.0,129.0,7.0,3.0,0.0,7.0,26.0,14.0,3.0,1.0,0.0,9.0,5.0,1,0,0.0,0.0,0,0.0,0.32967032967032966,0.32967032967032966,0.0,0.0,0.32967032967032966,42.527472527472526,2.3076923076923075,0.989010989010989,0.0,2.3076923076923075,8.571428571428571,4.615384615384615,0.989010989010989,0.32967032967032966,0.0,2.967032967032967,1.6483516483516485,0.32967032967032966,0.0,0.0,0.0,0.0,0.0
174703,Théo Le Bris,https://media.api-sports.io/football/players/174703.png,Midfielder,M,61,Ligue 1,97,Lorient,273,5,3,6.599560439560441,33.33333333333333,76.19047619047619,57.14285714285714,83.33333333333334,0.0,3.0,1.0,0.0,0.0,84.0,2.0,9.0,3.0,7.0,28.0,16.0,6.0,5.0,0.0,2.0,3.0,0,0,0.0,0.0,0,0.0,0.0,0.989010989010989,0.32967032967032966,0.0,0.0,27.692307692307693,0.6593406593406593,2.967032967032967,0.989010989010989,2.3076923076923075,9.23076923076923,5.274725274725275,1.978021978021978,1.6483516483516485,0.0,0.6593406593406593,0.989010989010989,0.0,0.0,0.0,0.0,0.0,0.0
343189,Gvidas Gineitis,https://media.api-sports.io/football/players/343189.png,Midfielder,M,135,Serie A,503,Torino,272,5,4,6.472794117647059,0.0,82.55813953488372,55.55555555555556,0.0,0.0,1.0,0.0,0.0,1.0,86.0,1.0,6.0,1.0,0.0,27.0,15.0,2.0,0.0,1.0,8.0,3.0,1,0,0.0,0.0,0,0.0,0.0,0.33088235294117646,0.0,0.0,0.33088235294117646,28.455882352941174,0.33088235294117646,1.9852941176470589,0.33088235294117646,0.0,8.933823529411764,4.963235294117647,0.6617647058823529,0.0,0.33088235294117646,2.6470588235294117,0.9926470588235294,0.33088235294117646,0.0,0.0,0.0,0.0,0.0
25313,J. Beste,https://media.api-sports.io/football/players/25313.png,Midfielder,M,78,Bundesliga,160,SC Freiburg,272,4,4,7.017573529411765,33.33333333333333,81.81818181818183,54.54545454545454,66.66666666666666,0.0,3.0,1.0,0.0,1.0,77.0,7.0,3.0,0.0,1.0,22.0,12.0,6.0,4.0,4.0,5.0,1.0,0,0,0.0,0.0,0,0.0,0.0,0.9926470588235294,0.33088235294117646,0.0,0.33088235294117646,25.477941176470587,2.316176470588235,0.9926470588235294,0.0,0.33088235294117646,7.279411764705883,3.9705882352941178,1.9852941176470589,1.3235294117647058,1.3235294117647058,1.6544117647058825,0.33088235294117646,0.0,0.0,0.0,0.0,0.0,0.0
439578,David Otorbi,https://media.api-sports.io/football/players/439578.png,Midfielder,M,140,La Liga,532,Valencia,270,7,2,6.656296296296296,33.33333333333333,80.24691358024691,60.86956521739131,42.857142857142854,0.0,3.0,1.0,0.0,0.0,81.0,4.0,6.0,0.0,2.0,23.0,14.0,7.0,3.0,1.0,3.0,0.0,0,0,0.0,0.0,0,0.0,0.0,1.0,0.33333333333333337,0.0,0.0,27.0,1.3333333333333335,2.0,0.0,0.6666666666666667,7.666666666666666,4.666666666666667,2.3333333333333335,1.0,0.33333333333333337,1.0,0.0,0.0,0.0,0.0,0.0,0.0,0.0
20558,H. Magnetti,https://media.api-sports.io/football/players/20558.png,Midfielder,M,61,Ligue 1,106,Stade Brestois 29,270,4,3,6.935555555555556,33.33333333333333,91.12903225806451,66.66666666666666,100.0,0.0,3.0,1.0,0.0,1.0,124.0,3.0,12.0,0.0,8.0,27.0,18.0,2.0,2.0,0.0,4.0,3.0,0,0,0.0,0.0,0,0.0,0.0,1.0,0.33333333333333337,0.0,0.33333333333333337,41.333333333333336,1.0,4.0,0.0,2.666666666666667,9.0,6.0,0.6666666666666667,0.6666666666666667,0.0,1.3333333333333335,1.0,0.0,0.0,0.0,0.0,0.0,0.0
196855,J. Anthony,https://media.api-sports.io/football/players/196855.png,Attacker,M,39,Premier League,55,Brentford,270,5,3,6.88237037037037,33.33333333333333,71.66666666666667,38.88888888888889,30.76923076923077,2.0,3.0,1.0,1.0,0.0,60.0,7.0,4.0,0.0,0.0,36.0,14.0,13.0,4.0,0.0,2.0,5.0,1,0,0.0,0.0,0,0.0,0.6666666666666667,1.0,0.33333333333333337,0.33333333333333337,0.0,20.0,2.3333333333333335,1.3333333333333335,0.0,0.0,12.0,4.666666666666667,4.333333333333333,1.3333333333333335,0.0,0.6666666666666667,1.6666666666666665,0.33333333333333337,0.0,0.0,0.0,0.0,0.0
30533,Manuel Locatelli,https://media.api-sports.io/football/players/30533.png,Midfielder,M,135,Serie A,496,Juventus,270,3,3,7.533333333333333,0.0,87.06896551724138,52.94117647058824,,0.0,1.0,0.0,0.0,1.0,232.0,6.0,5.0,1.0,7.0,34.0,18.0,0.0,0.0,3.0,8.0,8.0,1,0,0.0,0.0,0,0.0,0.0,0.33333333333333337,0.0,0.0,0.33333333333333337,77.33333333333333,2.0,1.6666666666666665,0.33333333333333337,2.3333333333333335,11.333333333333332,6.0,0.0,0.0,1.0,2.666666666666667,2.666666666666667,0.33333333333333337,0.0,0.0,0.0,0.0,0.0
288699,Máximo Perrone,https://media.api-sports.io/football/players/288699.png,Midfielder,M,135,Serie A,895,Como,270,5,3,7.263703703703704,0.0,94.98069498069498,50.0,0.0,0.0,2.0,0.0,0.0,1.0,259.0,8.0,5.0,1.0,4.0,14.0,7.0,1.0,0.0,0.0,1.0,3.0,0,0,0.0,0.0,0,0.0,0.0,0.6666666666666667,0.0,0.0,0.33333333333333337,86.33333333333333,2.666666666666667,1.6666666666666665,0.33333333333333337,1.3333333333333335,4.666666666666667,2.3333333333333335,0.33333333333333337,0.0,0.0,0.33333333333333337,1.0,0.0,0.0,0.0,0.0,0.0,0.0
158644,M. Beier,https://media.api-sports.io/football/players/158644.png,Attacker,M,78,Bundesliga,165,Borussia Dortmund,269,4,4,7.245613382899628,28.57142857142857,79.41176470588235,61.904761904761905,0.0,1.0,7.0,2.0,1.0,1.0,68.0,3.0,6.0,1.0,1.0,21.0,13.0,3.0,0.0,3.0,5.0,0.0,1,0,0.0,0.0,0,0.0,0.33457249070631967,2.342007434944238,0.6691449814126393,0.33457249070631967,0.33457249070631967,22.750929368029738,1.003717472118959,2.007434944237918,0.33457249070631967,0.33457249070631967,7.026022304832714,4.349442379182157,1.003717472118959,0.0,1.003717472118959,1.6728624535315986,0.0,0.33457249070631967,0.0,0.0,0.0,0.0,0.0
295026,Martin Baturina,https://media.api-sports.io/football/players/295026.png,Midfielder,M,135,Serie A,895,Como,269,5,5,7.154275092936803,44.44444444444444,89.36170212765957,44.0,80.0,0.0,9.0,4.0,2.0,1.0,141.0,4.0,2.0,0.0,0.0,25.0,11.0,5.0,4.0,6.0,5.0,2.0,1,0,0.0,0.0,0,0.0,0.0,3.011152416356877,1.3382899628252787,0.6691449814126393,0.33457249070631967,47.17472118959108,1.3382899628252787,0.6691449814126393,0.0,0.0,8.364312267657992,3.680297397769517,1.6728624535315986,1.3382899628252787,2.007434944237918,1.6728624535315986,0.6691449814126393,0.33457249070631967,0.0,0.0,0.0,0.0,0.0
324034,Gustavo Puerta,https://media.api-sports.io/football/players/324034.png,Midfielder,M,140,La Liga,4665,Racing Santander,268,3,3,7.072388059701493,,92.61363636363636,40.909090909090914,40.0,0.0,0.0,0.0,0.0,0.0,176.0,4.0,7.0,1.0,2.0,44.0,18.0,5.0,2.0,4.0,9.0,10.0,1,0,0.0,0.0,0,0.0,0.0,0.0,0.0,0.0,0.0,59.1044776119403,1.3432835820895521,2.3507462686567164,0.33582089552238803,0.6716417910447761,14.776119402985074,6.044776119402985,1.6791044776119401,0.6716417910447761,1.3432835820895521,3.0223880597014925,3.3582089552238803,0.33582089552238803,0.0,0.0,0.0,0.0,0.0
2489,L. Díaz,https://media.api-sports.io/football/players/2489.png,Midfielder,M,78,Bundesliga,157,Bayern München,268,4,4,6.908544776119403,55.55555555555556,89.08045977011494,40.0,47.368421052631575,2.0,9.0,5.0,1.0,0.0,174.0,5.0,2.0,1.0,0.0,45.0,18.0,19.0,9.0,0.0,3.0,7.0,0,0,0.0,0.0,0,0.0,0.6716417910447761,3.0223880597014925,1.6791044776119401,0.33582089552238803,0.0,58.43283582089552,1.6791044776119401,0.6716417910447761,0.33582089552238803,0.0,15.111940298507465,6.044776119402985,6.380597014925373,3.0223880597014925,0.0,1.007462686567164,2.3507462686567164,0.0,0.0,0.0,0.0,0.0,0.0
443163,Pablo García,https://media.api-sports.io/football/players/443163.png,Midfielder,M,140,La Liga,4665,Racing Santander,268,7,3,6.675932835820895,55.55555555555556,91.22807017543859,36.11111111111111,57.14285714285714,0.0,9.0,5.0,2.0,0.0,57.0,3.0,2.0,1.0,0.0,36.0,13.0,7.0,4.0,2.0,7.0,3.0,1,0,0.0,0.0,0,0.0,0.0,3.0223880597014925,1.6791044776119401,0.6716417910447761,0.0,19.14179104477612,1.007462686567164,0.6716417910447761,0.33582089552238803,0.0,12.08955223880597,4.365671641791045,2.3507462686567164,1.3432835820895521,0.6716417910447761,2.3507462686567164,1.007462686567164,0.33582089552238803,0.0,0.0,0.0,0.0,0.0
925,Gonçalo Guedes,https://media.api-sports.io/football/players/925.png,Midfielder,M,140,La Liga,548,Real Sociedad,267,6,4,6.1669288389513115,50.0,86.17021276595744,44.680851063829785,58.333333333333336,2.0,8.0,4.0,0.0,0.0,94.0,5.0,5.0,2.0,1.0,47.0,21.0,12.0,7.0,3.0,6.0,3.0,0,0,0.0,0.0,0,0.0,0.6741573033707865,2.696629213483146,1.348314606741573,0.0,0.0,31.68539325842697,1.6853932584269664,1.6853932584269664,0.6741573033707865,0.33707865168539325,15.842696629213485,7.078651685393258,4.044943820224719,2.359550561797753,1.0112359550561798,2.0224719101123596,1.0112359550561798,0.0,0.0,0.0,0.0,0.0,0.0
475575,Caleb Yirenkyi,https://media.api-sports.io/football/players/475575.png,Midfielder,M,39,Premier League,1346,Coventry,266,5,4,6.5654887218045115,,85.29411764705883,41.17647058823529,25.0,0.0,0.0,0.0,0.0,0.0,102.0,3.0,1.0,0.0,2.0,34.0,14.0,4.0,1.0,2.0,4.0,9.0,1,0,0.0,0.0,0,0.0,0.0,0.0,0.0,0.0,0.0,34.51127819548872,1.0150375939849623,0.3383458646616541,0.0,0.6766917293233082,11.50375939849624,4.7368421052631575,1.3533834586466165,0.3383458646616541,0.6766917293233082,1.3533834586466165,3.045112781954887,0.3383458646616541,0.0,0.0,0.0,0.0,0.0
408635,Ebenezer Akinsanmiro,https://media.api-sports.io/football/players/408635.png,Midfielder,M,135,Serie A,1579,Monza,266,4,3,6.561654135338347,,92.02453987730061,41.37931034482759,100.0,0.0,0.0,0.0,0.0,1.0,163.0,4.0,5.0,0.0,4.0,29.0,12.0,1.0,1.0,2.0,4.0,9.0,0,0,0.0,0.0,0,0.0,0.0,0.0,0.0,0.0,0.3383458646616541,55.15037593984963,1.3533834586466165,1.6917293233082706,0.0,1.3533834586466165,9.81203007518797,4.060150375939849,0.3383458646616541,0.3383458646616541,0.6766917293233082,1.3533834586466165,3.045112781954887,0.0,0.0,0.0,0.0,0.0,0.0
2906,Jae-sung Lee,https://media.api-sports.io/football/players/2906.png,Midfielder,M,78,Bundesliga,164,FSV Mainz 05,266,4,4,6.748383458646616,0.0,75.0,50.0,100.0,0.0,3.0,0.0,0.0,1.0,96.0,6.0,1.0,0.0,7.0,20.0,10.0,1.0,1.0,1.0,2.0,2.0,0,0,0.0,0.0,0,0.0,0.0,1.0150375939849623,0.0,0.0,0.3383458646616541,32.48120300751879,2.0300751879699246,0.3383458646616541,0.0,2.3684210526315788,6.7669172932330826,3.3834586466165413,0.3383458646616541,0.3383458646616541,0.3383458646616541,0.6766917293233082,0.6766917293233082,0.0,0.0,0.0,0.0,0.0,0.0
277003,N. El Aynaoui,https://media.api-sports.io/football/players/277003.png,Midfielder,M,78,Bundesliga,173,RB Leipzig,266,4,3,6.693609022556391,33.33333333333333,91.78082191780823,52.38095238095239,33.33333333333333,0.0,6.0,2.0,0.0,0.0,146.0,2.0,4.0,0.0,5.0,21.0,11.0,3.0,1.0,0.0,5.0,3.0,1,0,0.0,0.0,0,0.0,0.0,2.0300751879699246,0.6766917293233082,0.0,0.0,49.3984962406015,0.6766917293233082,1.3533834586466165,0.0,1.6917293233082706,7.105263157894736,3.7218045112781954,1.0150375939849623,0.3383458646616541,0.0,1.6917293233082706,1.0150375939849623,0.3383458646616541,0.0,0.0,0.0,0.0,0.0
386287,Ethan Mbappé,https://media.api-sports.io/football/players/386287.png,Midfielder,M,61,Ligue 1,79,Lille,263,5,5,7.028212927756654,85.71428571428571,84.70588235294117,53.57142857142857,50.0,0.0,7.0,6.0,1.0,0.0,85.0,5.0,2.0,1.0,1.0,28.0,15.0,14.0,7.0,1.0,6.0,2.0,0,0,0.0,0.0,0,0.0,0.0,2.3954372623574143,2.0532319391634983,0.34220532319391633,0.0,29.087452471482887,1.7110266159695817,0.6844106463878327,0.34220532319391633,0.34220532319391633,9.581749049429657,5.133079847908745,4.7908745247148286,2.3954372623574143,0.34220532319391633,2.0532319391634983,0.6844106463878327,0.0,0.0,0.0,0.0,0.0,0.0
629,Kevin De Bruyne,https://media.api-sports.io/football/players/629.png,Midfielder,M,135,Serie A,492,Napoli,263,5,2,7.12319391634981,25.0,82.38993710691824,41.17647058823529,75.0,1.0,4.0,1.0,1.0,1.0,159.0,13.0,3.0,0.0,1.0,17.0,7.0,4.0,3.0,1.0,1.0,2.0,0,0,0.0,0.0,0,0.0,0.34220532319391633,1.3688212927756653,0.34220532319391633,0.34220532319391633,0.34220532319391633,54.41064638783269,4.448669201520913,1.0266159695817492,0.0,0.34220532319391633,5.817490494296578,2.3954372623574143,1.3688212927756653,1.0266159695817492,0.34220532319391633,0.34220532319391633,0.6844106463878327,0.0,0.0,0.0,0.0,0.0,0.0
33224,Daizen Maeda,https://media.api-sports.io/football/players/33224.png,Midfielder,M,39,Premier League,57,Ipswich,262,5,4,6.209465648854962,66.66666666666666,87.8048780487805,30.303030303030305,0.0,0.0,3.0,2.0,0.0,0.0,41.0,0.0,8.0,1.0,0.0,33.0,10.0,4.0,0.0,5.0,0.0,6.0,0,0,0.0,0.0,0,0.0,0.0,1.0305343511450382,0.6870229007633587,0.0,0.0,14.083969465648856,0.0,2.748091603053435,0.34351145038167935,0.0,11.335877862595419,3.435114503816794,1.3740458015267174,0.0,1.717557251908397,0.0,2.0610687022900764,0.0,0.0,0.0,0.0,0.0,0.0
282125,R. Lavia,https://media.api-sports.io/football/players/282125.png,Midfielder,M,39,Premier League,49,Chelsea,262,5,5,6.77469465648855,100.0,88.49557522123894,65.0,50.0,0.0,2.0,2.0,1.0,0.0,113.0,2.0,6.0,0.0,6.0,20.0,13.0,2.0,1.0,1.0,5.0,2.0,1,0,0.0,0.0,0,0.0,0.0,0.6870229007633587,0.6870229007633587,0.34351145038167935,0.0,38.81679389312977,0.6870229007633587,2.0610687022900764,0.0,2.0610687022900764,6.870229007633588,4.465648854961832,0.6870229007633587,0.34351145038167935,0.34351145038167935,1.717557251908397,0.6870229007633587,0.34351145038167935,0.0,0.0,0.0,0.0,0.0
328617,William Cole Campbell,https://media.api-sports.io/football/players/328617.png,Midfielder,M,78,Bundesliga,1660,SV Elversberg,261,4,4,6.781340996168583,50.0,80.3921568627451,43.75,45.0,1.0,6.0,3.0,1.0,0.0,51.0,3.0,2.0,3.0,0.0,48.0,21.0,20.0,9.0,2.0,9.0,4.0,1,0,0.0,0.0,0,0.0,0.3448275862068965,2.0689655172413794,1.0344827586206897,0.3448275862068965,0.0,17.586206896551726,1.0344827586206897,0.689655172413793,1.0344827586206897,0.0,16.551724137931036,7.241379310344827,6.896551724137931,3.103448275862069,0.689655172413793,3.103448275862069,1.379310344827586,0.3448275862068965,0.0,0.0,0.0,0.0,0.0
341642,J. Hato,https://media.api-sports.io/football/players/341642.png,Midfielder,M,39,Premier League,49,Chelsea,260,5,5,6.734423076923077,,77.94117647058823,65.21739130434783,100.0,1.0,0.0,0.0,0.0,2.0,68.0,4.0,7.0,2.0,2.0,23.0,15.0,2.0,2.0,2.0,2.0,1.0,0,0,0.0,0.0,0,0.0,0.34615384615384615,0.0,0.0,0.0,0.6923076923076923,23.53846153846154,1.3846153846153846,2.4230769230769234,0.6923076923076923,0.6923076923076923,7.961538461538462,5.1923076923076925,0.6923076923076923,0.6923076923076923,0.6923076923076923,0.6923076923076923,0.34615384615384615,0.0,0.0,0.0,0.0,0.0,0.0
309388,Matteo Prati,https://media.api-sports.io/football/players/309388.png,Midfielder,M,140,La Liga,4665,Racing Santander,260,6,3,6.424461538461539,,78.33333333333333,50.0,50.0,0.0,0.0,0.0,0.0,0.0,120.0,2.0,4.0,3.0,2.0,18.0,9.0,4.0,2.0,1.0,3.0,2.0,0,0,0.0,0.0,0,0.0,0.0,0.0,0.0,0.0,0.0,41.53846153846154,0.6923076923076923,1.3846153846153846,1.0384615384615385,0.6923076923076923,6.230769230769231,3.1153846153846154,1.3846153846153846,0.6923076923076923,0.34615384615384615,1.0384615384615385,0.6923076923076923,0.0,0.0,0.0,0.0,0.0,0.0
1323,Dani Olmo,https://media.api-sports.io/football/players/1323.png,Midfielder,M,140,La Liga,529,Barcelona,259,7,3,7.6702702702702705,28.57142857142857,95.3125,61.53846153846154,57.14285714285714,1.0,7.0,2.0,0.0,3.0,192.0,12.0,4.0,0.0,2.0,26.0,16.0,7.0,4.0,1.0,6.0,1.0,0,0,0.0,0.0,0,0.0,0.3474903474903475,2.4324324324324325,0.694980694980695,0.0,1.0424710424710424,66.71814671814671,4.1698841698841695,1.38996138996139,0.0,0.694980694980695,9.034749034749034,5.55984555984556,2.4324324324324325,1.38996138996139,0.3474903474903475,2.0849420849420848,0.3474903474903475,0.0,0.0,0.0,0.0,0.0,0.0
13736,Daniel Muñoz,https://media.api-sports.io/football/players/13736.png,Defender,M,39,Premier League,65,Nottingham Forest,259,5,3,6.83088803088803,50.0,85.71428571428571,53.333333333333336,0.0,2.0,4.0,2.0,0.0,0.0,112.0,4.0,7.0,0.0,1.0,30.0,16.0,2.0,0.0,3.0,1.0,3.0,0,0,0.0,0.0,0,0.0,0.694980694980695,1.38996138996139,0.694980694980695,0.0,0.0,38.91891891891892,1.38996138996139,2.4324324324324325,0.0,0.3474903474903475,10.424710424710424,5.55984555984556,0.694980694980695,0.0,1.0424710424710424,0.3474903474903475,1.0424710424710424,0.0,0.0,0.0,0.0,0.0,0.0
30542,Jens Odgaard,https://media.api-sports.io/football/players/30542.png,Midfielder,M,135,Serie A,500,Bologna,259,5,3,6.523938223938224,20.0,79.62962962962963,37.83783783783784,36.36363636363637,2.0,5.0,1.0,0.0,0.0,54.0,2.0,1.0,0.0,1.0,37.0,14.0,11.0,4.0,1.0,8.0,5.0,1,0,0.0,0.0,0,0.0,0.694980694980695,1.7374517374517373,0.3474903474903475,0.0,0.0,18.764478764478763,0.694980694980695,0.3474903474903475,0.0,0.3474903474903475,12.857142857142856,4.864864864864865,3.8223938223938223,1.38996138996139,0.3474903474903475,2.77992277992278,1.7374517374517373,0.3474903474903475,0.0,0.0,0.0,0.0,0.0
270510,M. Tel,https://media.api-sports.io/football/players/270510.png,Midfielder,M,39,Premier League,47,Tottenham,259,4,4,6.247683397683398,25.0,86.20689655172413,32.5,52.63157894736842,0.0,4.0,1.0,0.0,0.0,87.0,3.0,1.0,1.0,0.0,40.0,13.0,19.0,10.0,2.0,1.0,4.0,0,0,0.0,0.0,0,0.0,0.0,1.38996138996139,0.3474903474903475,0.0,0.0,30.231660231660232,1.0424710424710424,0.3474903474903475,0.3474903474903475,0.0,13.899613899613898,4.517374517374517,6.602316602316603,3.4749034749034746,0.694980694980695,0.3474903474903475,1.38996138996139,0.0,0.0,0.0,0.0,0.0,0.0
338751,Víctor Muñoz,https://media.api-sports.io/football/players/338751.png,Midfielder,M,39,Premier League,40,Liverpool,259,5,3,6.841698841698841,50.0,82.89473684210526,47.05882352941176,36.36363636363637,0.0,4.0,2.0,1.0,0.0,76.0,2.0,3.0,1.0,3.0,34.0,16.0,11.0,4.0,2.0,8.0,5.0,1,0,1.0,0.0,0,0.0,0.0,1.38996138996139,0.694980694980695,0.3474903474903475,0.0,26.40926640926641,0.694980694980695,1.0424710424710424,0.3474903474903475,1.0424710424710424,11.814671814671813,5.55984555984556,3.8223938223938223,1.38996138996139,0.694980694980695,2.77992277992278,1.7374517374517373,0.3474903474903475,0.0,0.3474903474903475,0.0,0.0,0.0
32966,Ao Tanaka,https://media.api-sports.io/football/players/32966.png,Midfielder,M,39,Premier League,63,Leeds,258,5,3,6.987209302325581,0.0,90.1639344262295,68.18181818181817,75.0,2.0,4.0,0.0,0.0,1.0,122.0,1.0,8.0,1.0,2.0,22.0,15.0,4.0,3.0,1.0,2.0,4.0,1,0,0.0,0.0,0,0.0,0.6976744186046512,1.3953488372093024,0.0,0.0,0.3488372093023256,42.55813953488372,0.3488372093023256,2.7906976744186047,0.3488372093023256,0.6976744186046512,7.674418604651163,5.232558139534883,1.3953488372093024,1.0465116279069768,0.3488372093023256,0.6976744186046512,1.3953488372093024,0.3488372093023256,0.0,0.0,0.0,0.0,0.0
183744,Beñat Turrientes,https://media.api-sports.io/football/players/183744.png,Midfielder,M,140,La Liga,548,Real Sociedad,258,7,5,6.890077519379845,100.0,92.47311827956989,69.23076923076923,100.0,0.0,3.0,3.0,0.0,0.0,186.0,4.0,7.0,1.0,0.0,13.0,9.0,1.0,1.0,1.0,1.0,0.0,1,0,0.0,0.0,0,0.0,0.0,1.0465116279069768,1.0465116279069768,0.0,0.0,64.88372093023256,1.3953488372093024,2.441860465116279,0.3488372093023256,0.0,4.534883720930233,3.13953488372093,0.3488372093023256,0.3488372093023256,0.3488372093023256,0.3488372093023256,0.0,0.3488372093023256,0.0,0.0,0.0,0.0,0.0
66387,P. Šulc,https://media.api-sports.io/football/players/66387.png,Midfielder,M,61,Ligue 1,80,Lyon,258,5,3,6.929457364341086,50.0,81.25,38.46153846153847,33.33333333333333,0.0,4.0,2.0,0.0,3.0,80.0,7.0,5.0,1.0,0.0,26.0,10.0,3.0,1.0,0.0,2.0,4.0,1,0,0.0,0.0,0,0.0,0.0,1.3953488372093024,0.6976744186046512,0.0,1.0465116279069768,27.906976744186046,2.441860465116279,1.744186046511628,0.3488372093023256,0.0,9.069767441860465,3.488372093023256,1.0465116279069768,0.3488372093023256,0.0,0.6976744186046512,1.3953488372093024,0.3488372093023256,0.0,0.0,0.0,0.0,0.0
33142,S. Tanaka,https://media.api-sports.io/football/players/33142.png,Midfielder,M,78,Bundesliga,174,FC Schalke 04,258,4,3,6.64,0.0,62.5,53.57142857142857,100.0,0.0,3.0,0.0,0.0,0.0,72.0,0.0,6.0,3.0,9.0,28.0,15.0,2.0,2.0,0.0,7.0,3.0,0,0,0.0,0.0,0,0.0,0.0,1.0465116279069768,0.0,0.0,0.0,25.11627906976744,0.0,2.0930232558139537,1.0465116279069768,3.13953488372093,9.767441860465116,5.232558139534883,0.6976744186046512,0.6976744186046512,0.0,2.441860465116279,1.0465116279069768,0.0,0.0,0.0,0.0,0.0,0.0
1427,A. Sambi Lokonga,https://media.api-sports.io/football/players/1427.png,Midfielder,M,78,Bundesliga,175,Hamburger SV,257,3,3,6.530389105058365,0.0,88.28125,54.54545454545454,50.0,0.0,1.0,0.0,0.0,0.0,128.0,2.0,5.0,0.0,0.0,22.0,12.0,2.0,1.0,0.0,4.0,4.0,1,0,0.0,0.0,0,0.0,0.0,0.35019455252918286,0.0,0.0,0.0,44.824902723735406,0.7003891050583657,1.7509727626459144,0.0,0.0,7.7042801556420235,4.202334630350195,0.7003891050583657,0.35019455252918286,0.0,1.4007782101167314,1.4007782101167314,0.35019455252918286,0.0,0.0,0.0,0.0,0.0
178749,Lazar Samardžić,https://media.api-sports.io/football/players/178749.png,Midfielder,M,135,Serie A,499,Atalanta,257,5,3,6.846303501945525,16.666666666666664,85.51724137931035,45.16129032258064,45.45454545454545,0.0,6.0,1.0,1.0,0.0,145.0,7.0,7.0,0.0,5.0,31.0,14.0,11.0,5.0,3.0,1.0,2.0,0,0,0.0,0.0,0,0.0,0.0,2.1011673151750974,0.35019455252918286,0.35019455252918286,0.0,50.778210116731515,2.4513618677042803,2.4513618677042803,0.0,1.7509727626459144,10.85603112840467,4.902723735408561,3.8521400778210118,1.7509727626459144,1.0505836575875487,0.35019455252918286,0.7003891050583657,0.0,0.0,0.0,0.0,0.0,0.0
187318,Marc Aguado,https://media.api-sports.io/football/players/187318.png,Midfielder,M,140,La Liga,797,Elche,257,7,6,6.82023346303502,100.0,90.97222222222221,42.857142857142854,,0.0,1.0,1.0,1.0,0.0,144.0,1.0,2.0,0.0,2.0,14.0,6.0,0.0,0.0,2.0,3.0,5.0,1,0,0.0,0.0,0,0.0,0.0,0.35019455252918286,0.35019455252918286,0.35019455252918286,0.0,50.42801556420233,0.35019455252918286,0.7003891050583657,0.0,0.7003891050583657,4.902723735408561,2.1011673151750974,0.0,0.0,0.7003891050583657,1.0505836575875487,1.7509727626459144,0.35019455252918286,0.0,0.0,0.0,0.0,0.0
37144,Ridgeciano Haps,https://media.api-sports.io/football/players/37144.png,Midfielder,M,135,Serie A,517,Venezia,257,4,3,6.529961089494163,100.0,86.66666666666667,60.0,66.66666666666666,0.0,1.0,1.0,0.0,1.0,105.0,3.0,3.0,2.0,4.0,25.0,15.0,3.0,2.0,2.0,6.0,1.0,1,0,0.0,0.0,0,0.0,0.0,0.35019455252918286,0.35019455252918286,0.0,0.35019455252918286,36.7704280155642,1.0505836575875487,1.0505836575875487,0.7003891050583657,1.4007782101167314,8.754863813229573,5.252918287937743,1.0505836575875487,0.7003891050583657,0.7003891050583657,2.1011673151750974,0.35019455252918286,0.35019455252918286,0.0,0.0,0.0,0.0,0.0
336585,Mateus Fernandes,https://media.api-sports.io/football/players/336585.png,Midfielder,M,39,Premier League,47,Tottenham,256,5,3,6.802382812499999,16.666666666666664,95.32163742690058,43.47826086956522,50.0,0.0,6.0,1.0,0.0,0.0,171.0,5.0,7.0,1.0,2.0,23.0,10.0,2.0,1.0,0.0,1.0,9.0,1,0,0.0,0.0,0,0.0,0.0,2.109375,0.3515625,0.0,0.0,60.1171875,1.7578125,2.4609375,0.3515625,0.703125,8.0859375,3.515625,0.703125,0.3515625,0.0,0.3515625,3.1640625,0.3515625,0.0,0.0,0.0,0.0,0.0
161883,Y. Regeer,https://media.api-sports.io/football/players/161883.png,Midfielder,M,78,Bundesliga,162,Werder Bremen,256,3,3,7.1059765625,100.0,88.30409356725146,71.42857142857143,100.0,0.0,1.0,1.0,0.0,0.0,171.0,6.0,8.0,2.0,6.0,21.0,15.0,1.0,1.0,1.0,2.0,3.0,0,0,0.0,0.0,0,0.0,0.0,0.3515625,0.3515625,0.0,0.0,60.1171875,2.109375,2.8125,0.703125,2.109375,7.3828125,5.2734375,0.3515625,0.3515625,0.3515625,0.703125,1.0546875,0.0,0.0,0.0,0.0,0.0,0.0
283252,Z. El Ouahdi,https://media.api-sports.io/football/players/283252.png,Defender,M,78,Bundesliga,175,Hamburger SV,256,3,3,5.956718749999999,50.0,78.4090909090909,55.55555555555556,60.0,0.0,2.0,1.0,0.0,0.0,88.0,1.0,6.0,0.0,2.0,27.0,15.0,5.0,3.0,0.0,6.0,3.0,1,0,0.0,0.0,0,0.0,0.0,0.703125,0.3515625,0.0,0.0,30.9375,0.3515625,2.109375,0.0,0.703125,9.4921875,5.2734375,1.7578125,1.0546875,0.0,2.109375,1.0546875,0.3515625,0.0,0.0,0.0,0.0,0.0
343558,Lennon Miller,https://media.api-sports.io/football/players/343558.png,Midfielder,M,135,Serie A,494,Udinese,254,5,2,6.372047244094488,50.0,85.0,42.857142857142854,83.33333333333334,0.0,2.0,1.0,0.0,0.0,100.0,4.0,4.0,2.0,6.0,28.0,12.0,6.0,5.0,1.0,3.0,12.0,1,0,0.0,0.0,0,0.0,0.0,0.7086614173228346,0.3543307086614173,0.0,0.0,35.43307086614173,1.4173228346456692,1.4173228346456692,0.7086614173228346,2.1259842519685037,9.921259842519685,4.251968503937007,2.1259842519685037,1.7716535433070866,0.3543307086614173,1.0629921259842519,4.251968503937007,0.3543307086614173,0.0,0.0,0.0,0.0,0.0
226765,Elliot Stroud,https://media.api-sports.io/football/players/226765.png,Midfielder,M,39,Premier League,64,Hull City,253,5,4,6.470750988142292,0.0,67.56756756756756,42.10526315789473,100.0,0.0,3.0,0.0,0.0,0.0,37.0,1.0,5.0,0.0,2.0,19.0,8.0,1.0,1.0,0.0,0.0,6.0,1,0,0.0,0.0,0,0.0,0.0,1.067193675889328,0.0,0.0,0.0,13.162055335968379,0.3557312252964427,1.7786561264822134,0.0,0.7114624505928854,6.758893280632411,2.8458498023715415,0.3557312252964427,0.3557312252964427,0.0,0.0,2.134387351778656,0.3557312252964427,0.0,0.0,0.0,0.0,0.0
56560,Youssef Maleh,https://media.api-sports.io/football/players/56560.png,Midfielder,M,135,Serie A,867,Lecce,253,5,2,6.406719367588933,33.33333333333333,87.37864077669903,39.130434782608695,0.0,0.0,3.0,1.0,0.0,0.0,103.0,2.0,6.0,0.0,4.0,23.0,9.0,3.0,0.0,1.0,3.0,3.0,0,0,0.0,0.0,0,0.0,0.0,1.067193675889328,0.3557312252964427,0.0,0.0,36.640316205533594,0.7114624505928854,2.134387351778656,0.0,1.4229249011857708,8.181818181818182,3.2015810276679844,1.067193675889328,0.0,0.3557312252964427,1.067193675889328,1.067193675889328,0.0,0.0,0.0,0.0,0.0,0.0
279905,B. Conté,https://media.api-sports.io/football/players/279905.png,Midfielder,M,78,Bundesliga,167,1899 Hoffenheim,252,4,3,6.8011904761904765,11.11111111111111,80.51948051948052,41.86046511627907,100.0,0.0,9.0,1.0,0.0,2.0,77.0,7.0,5.0,4.0,1.0,43.0,18.0,1.0,1.0,2.0,7.0,4.0,0,0,1.0,0.0,0,0.0,0.0,3.214285714285714,0.3571428571428571,0.0,0.7142857142857142,27.500000000000004,2.5,1.7857142857142856,1.4285714285714284,0.3571428571428571,15.357142857142858,6.428571428571428,0.3571428571428571,0.3571428571428571,0.7142857142857142,2.5,1.4285714285714284,0.0,0.0,0.3571428571428571,0.0,0.0,0.0
90594,J. Dina Ebimbe,https://media.api-sports.io/football/players/90594.png,Defender,M,78,Bundesliga,174,FC Schalke 04,252,4,3,6.684920634920634,33.33333333333333,73.68421052631578,50.98039215686274,50.0,0.0,3.0,1.0,0.0,0.0,57.0,4.0,13.0,0.0,1.0,51.0,26.0,8.0,4.0,3.0,3.0,3.0,1,0,0.0,0.0,0,0.0,0.0,1.0714285714285714,0.3571428571428571,0.0,0.0,20.357142857142858,1.4285714285714284,4.642857142857142,0.0,0.3571428571428571,18.214285714285715,9.285714285714285,2.8571428571428568,1.4285714285714284,1.0714285714285714,1.0714285714285714,1.0714285714285714,0.3571428571428571,0.0,0.0,0.0,0.0,0.0
31273,Tommaso Pobega,https://media.api-sports.io/football/players/31273.png,Midfielder,M,135,Serie A,500,Bologna,252,5,4,6.64404761904762,25.0,86.8421052631579,33.33333333333333,0.0,1.0,4.0,1.0,0.0,0.0,114.0,2.0,5.0,0.0,3.0,18.0,6.0,1.0,0.0,1.0,1.0,7.0,0,0,0.0,0.0,0,0.0,0.3571428571428571,1.4285714285714284,0.3571428571428571,0.0,0.0,40.714285714285715,0.7142857142857142,1.7857142857142856,0.0,1.0714285714285714,6.428571428571428,2.142857142857143,0.3571428571428571,0.0,0.3571428571428571,0.3571428571428571,2.5,0.0,0.0,0.0,0.0,0.0,0.0
265782,D. Møller Wolfe,https://media.api-sports.io/football/players/265782.png,Defender,M,78,Bundesliga,175,Hamburger SV,251,3,3,6.076494023904382,25.0,68.85245901639344,30.76923076923077,0.0,0.0,4.0,1.0,0.0,0.0,61.0,2.0,0.0,3.0,2.0,13.0,4.0,2.0,0.0,0.0,2.0,4.0,0,0,0.0,0.0,0,0.0,0.0,1.4342629482071714,0.35856573705179284,0.0,0.0,21.872509960159363,0.7171314741035857,0.0,1.0756972111553784,0.7171314741035857,4.661354581673307,1.4342629482071714,0.7171314741035857,0.0,0.0,0.7171314741035857,1.4342629482071714,0.0,0.0,0.0,0.0,0.0,0.0
47969,Gabriel Gudmundsson,https://media.api-sports.io/football/players/47969.png,Midfielder,M,39,Premier League,63,Leeds,251,4,3,7.156573705179282,,71.42857142857143,63.33333333333333,37.5,0.0,0.0,0.0,0.0,0.0,91.0,1.0,9.0,0.0,3.0,30.0,19.0,8.0,3.0,1.0,4.0,2.0,0,0,0.0,0.0,0,0.0,0.0,0.0,0.0,0.0,0.0,32.62948207171315,0.35856573705179284,3.2270916334661357,0.0,1.0756972111553784,10.756972111553786,6.812749003984064,2.8685258964143427,1.0756972111553784,0.35856573705179284,1.4342629482071714,0.7171314741035857,0.0,0.0,0.0,0.0,0.0,0.0
185202,Juan Cruz,https://media.api-sports.io/football/players/185202.png,Attacker,M,140,La Liga,535,Malaga,251,7,4,6.561593625498007,33.33333333333333,84.05797101449275,58.82352941176471,50.0,0.0,3.0,1.0,0.0,1.0,70.0,1.0,6.0,0.0,0.0,17.0,10.0,2.0,1.0,1.0,2.0,2.0,1,0,0.0,0.0,0,0.0,0.0,1.0756972111553784,0.35856573705179284,0.0,0.35856573705179284,25.099601593625497,0.35856573705179284,2.151394422310757,0.0,0.0,6.095617529880478,3.585657370517928,0.7171314741035857,0.35856573705179284,0.35856573705179284,0.7171314741035857,0.7171314741035857,0.35856573705179284,0.0,0.0,0.0,0.0,0.0
334925,Oumar Ngom,https://media.api-sports.io/football/players/334925.png,Midfielder,M,135,Serie A,867,Lecce,251,5,3,6.61792828685259,50.0,77.95275590551181,54.166666666666664,100.0,0.0,2.0,1.0,0.0,0.0,127.0,3.0,11.0,0.0,4.0,24.0,13.0,1.0,1.0,4.0,0.0,5.0,1,0,0.0,0.0,0,0.0,0.0,0.7171314741035857,0.35856573705179284,0.0,0.0,45.537848605577686,1.0756972111553784,3.944223107569721,0.0,1.4342629482071714,8.605577689243027,4.661354581673307,0.35856573705179284,0.35856573705179284,1.4342629482071714,0.0,1.792828685258964,0.35856573705179284,0.0,0.0,0.0,0.0,0.0
21587,E. Skhiri,https://media.api-sports.io/football/players/21587.png,Midfielder,M,78,Bundesliga,192,1. FC Köln,250,4,3,7.2216000000000005,33.33333333333333,94.47852760736197,44.44444444444444,0.0,0.0,3.0,1.0,0.0,2.0,163.0,5.0,6.0,1.0,3.0,27.0,12.0,1.0,0.0,0.0,1.0,6.0,1,0,0.0,0.0,0,0.0,0.0,1.08,0.36,0.0,0.72,58.68,1.8,2.16,0.36,1.08,9.72,4.32,0.36,0.0,0.0,0.36,2.16,0.36,0.0,0.0,0.0,0.0,0.0
375598,Ngal'ayel Mukau,https://media.api-sports.io/football/players/375598.png,Midfielder,M,61,Ligue 1,79,Lille,250,5,2,6.847519999999999,100.0,88.28828828828829,44.44444444444444,100.0,0.0,1.0,1.0,0.0,0.0,111.0,0.0,4.0,0.0,3.0,18.0,8.0,2.0,2.0,2.0,0.0,3.0,0,0,0.0,0.0,0,0.0,0.0,0.36,0.36,0.0,0.0,39.96,0.0,1.44,0.0,1.08,6.4799999999999995,2.88,0.72,0.72,0.72,0.0,1.08,0.0,0.0,0.0,0.0,0.0,0.0
499380,Sascha Britschgi,https://media.api-sports.io/football/players/499380.png,Midfielder,M,135,Serie A,523,Parma,250,4,3,6.3768,0.0,81.03448275862068,40.625,25.0,1.0,1.0,0.0,0.0,0.0,58.0,0.0,4.0,0.0,0.0,32.0,13.0,4.0,1.0,8.0,3.0,4.0,0,0,0.0,0.0,0,0.0,0.36,0.36,0.0,0.0,0.0,20.880000000000003,0.0,1.44,0.0,0.0,11.52,4.68,1.44,0.36,2.88,1.08,1.44,0.0,0.0,0.0,0.0,0.0,0.0
129711,Brennan Johnson,https://media.api-sports.io/football/players/129711.png,Midfielder,M,39,Premier League,45,Everton,249,5,3,6.288755020080321,0.0,69.38775510204081,45.45454545454545,100.0,4.0,3.0,0.0,0.0,0.0,49.0,4.0,7.0,0.0,3.0,22.0,10.0,1.0,1.0,0.0,1.0,5.0,1,0,0.0,0.0,0,0.0,1.4457831325301203,1.0843373493975905,0.0,0.0,0.0,17.710843373493976,1.4457831325301203,2.5301204819277108,0.0,1.0843373493975905,7.951807228915663,3.6144578313253013,0.36144578313253006,0.36144578313253006,0.0,0.36144578313253006,1.8072289156626506,0.36144578313253006,0.0,0.0,0.0,0.0,0.0
489903,Ilyas Azizi,https://media.api-sports.io/football/players/489903.png,Midfielder,M,61,Ligue 1,96,Toulouse,248,5,3,6.500967741935484,16.666666666666664,78.35051546391753,44.18604651162791,44.44444444444444,0.0,6.0,1.0,0.0,0.0,97.0,2.0,7.0,0.0,0.0,43.0,19.0,9.0,4.0,0.0,5.0,8.0,0,0,0.0,0.0,0,0.0,0.0,2.1774193548387095,0.3629032258064516,0.0,0.0,35.20161290322581,0.7258064516129032,2.540322580645161,0.0,0.0,15.60483870967742,6.895161290322581,3.266129032258065,1.4516129032258065,0.0,1.814516129032258,2.903225806451613,0.0,0.0,0.0,0.0,0.0,0.0
25380,L. Maina,https://media.api-sports.io/football/players/25380.png,Attacker,M,78,Bundesliga,192,1. FC Köln,246,4,3,6.905121951219512,25.0,89.47368421052632,71.42857142857143,100.0,0.0,4.0,1.0,1.0,1.0,76.0,6.0,1.0,3.0,1.0,14.0,10.0,2.0,2.0,0.0,7.0,0.0,0,0,0.0,0.0,0,0.0,0.0,1.4634146341463417,0.3658536585365854,0.3658536585365854,0.3658536585365854,27.804878048780488,2.1951219512195124,0.3658536585365854,1.0975609756097562,0.3658536585365854,5.121951219512195,3.6585365853658534,0.7317073170731708,0.7317073170731708,0.0,2.5609756097560976,0.0,0.0,0.0,0.0,0.0,0.0,0.0
181421,Abdessamad Ezzalzouli,https://media.api-sports.io/football/players/181421.png,Attacker,M,140,La Liga,543,Real Betis,244,4,3,7.492622950819672,60.0,87.73584905660378,53.57142857142857,70.0,0.0,5.0,3.0,1.0,0.0,106.0,6.0,2.0,0.0,0.0,28.0,15.0,10.0,7.0,1.0,5.0,2.0,0,0,0.0,0.0,0,0.0,0.0,1.8442622950819672,1.1065573770491803,0.36885245901639346,0.0,39.0983606557377,2.2131147540983607,0.7377049180327869,0.0,0.0,10.327868852459016,5.532786885245901,3.6885245901639343,2.581967213114754,0.36885245901639346,1.8442622950819672,0.7377049180327869,0.0,0.0,0.0,0.0,0.0,0.0
162122,Adrià Altimira,https://media.api-sports.io/football/players/162122.png,Defender,M,140,La Liga,544,Deportivo La Coruna,243,6,4,6.604938271604938,,87.65432098765432,50.0,16.666666666666664,0.0,0.0,0.0,0.0,0.0,81.0,1.0,6.0,1.0,2.0,26.0,13.0,6.0,1.0,2.0,4.0,5.0,2,1,0.0,0.0,0,0.0,0.0,0.0,0.0,0.0,0.0,30.0,0.3703703703703704,2.2222222222222223,0.3703703703703704,0.7407407407407408,9.62962962962963,4.814814814814815,2.2222222222222223,0.3703703703703704,0.7407407407407408,1.4814814814814816,1.8518518518518519,0.7407407407407408,0.3703703703703704,0.0,0.0,0.0,0.0
30422,R. Gosens,https://media.api-sports.io/football/players/30422.png,Defender,M,78,Bundesliga,174,FC Schalke 04,243,4,3,6.795473251028806,25.0,63.013698630136986,64.0,0.0,0.0,4.0,1.0,1.0,0.0,73.0,1.0,9.0,1.0,4.0,25.0,16.0,1.0,0.0,1.0,3.0,2.0,0,0,0.0,0.0,0,0.0,0.0,1.4814814814814816,0.3703703703703704,0.3703703703703704,0.0,27.037037037037038,0.3703703703703704,3.333333333333333,0.3703703703703704,1.4814814814814816,9.25925925925926,5.9259259259259265,0.3703703703703704,0.0,0.3703703703703704,1.1111111111111112,0.7407407407407408,0.0,0.0,0.0,0.0,0.0,0.0
340700,Jacopo Fazzini,https://media.api-sports.io/football/players/340700.png,Midfielder,M,135,Serie A,490,Cagliari,241,5,4,6.431120331950208,33.33333333333333,83.87096774193549,38.23529411764706,75.0,0.0,3.0,1.0,0.0,1.0,93.0,4.0,4.0,0.0,4.0,34.0,13.0,8.0,6.0,7.0,3.0,3.0,1,0,0.0,0.0,0,0.0,0.0,1.120331950207469,0.37344398340248963,0.0,0.37344398340248963,34.73029045643154,1.4937759336099585,1.4937759336099585,0.0,1.4937759336099585,12.697095435684647,4.854771784232366,2.987551867219917,2.240663900414938,2.6141078838174274,1.120331950207469,1.120331950207469,0.37344398340248963,0.0,0.0,0.0,0.0,0.0
266657,Sávio,https://media.api-sports.io/football/players/266657.png,Midfielder,M,39,Premier League,47,Tottenham,241,3,3,7.029460580912863,60.0,84.04255319148936,48.64864864864865,54.166666666666664,0.0,5.0,3.0,0.0,0.0,94.0,9.0,0.0,2.0,2.0,37.0,18.0,24.0,13.0,0.0,5.0,4.0,0,0,0.0,0.0,0,0.0,0.0,1.8672199170124482,1.120331950207469,0.0,0.0,35.10373443983403,3.3609958506224067,0.0,0.7468879668049793,0.7468879668049793,13.817427385892117,6.721991701244813,8.962655601659751,4.854771784232366,0.0,1.8672199170124482,1.4937759336099585,0.0,0.0,0.0,0.0,0.0,0.0
2207,Eduardo Camavinga,https://media.api-sports.io/football/players/2207.png,Midfielder,M,140,La Liga,541,Real Madrid,240,7,3,6.882083333333333,,93.54838709677419,59.25925925925925,100.0,0.0,0.0,0.0,0.0,0.0,186.0,0.0,9.0,3.0,4.0,27.0,16.0,1.0,1.0,3.0,3.0,5.0,2,0,0.0,0.0,0,0.0,0.0,0.0,0.0,0.0,0.0,69.75,0.0,3.375,1.125,1.5,10.125,6.0,0.375,0.375,1.125,1.125,1.875,0.75,0.0,0.0,0.0,0.0,0.0
47574,Moi Gómez,https://media.api-sports.io/football/players/47574.png,Midfielder,M,140,La Liga,727,Osasuna,240,4,4,7.0655833333333335,,85.21739130434783,52.17391304347826,25.0,0.0,0.0,0.0,0.0,1.0,115.0,4.0,3.0,1.0,3.0,23.0,12.0,4.0,1.0,3.0,7.0,1.0,0,0,0.0,0.0,0,0.0,0.0,0.0,0.0,0.0,0.375,43.125,1.5,1.125,0.375,1.125,8.625,4.5,1.5,0.375,1.125,2.625,0.375,0.0,0.0,0.0,0.0,0.0,0.0
107210,Riki Rodríguez,https://media.api-sports.io/football/players/107210.png,Midfielder,M,140,La Liga,544,Deportivo La Coruna,240,7,5,6.439166666666666,0.0,84.44444444444444,29.411764705882355,50.0,1.0,1.0,0.0,0.0,0.0,90.0,1.0,1.0,0.0,3.0,17.0,5.0,2.0,1.0,3.0,2.0,3.0,0,0,0.0,0.0,0,0.0,0.375,0.375,0.0,0.0,0.0,33.75,0.375,0.375,0.0,1.125,6.375,1.875,0.75,0.375,1.125,0.75,1.125,0.0,0.0,0.0,0.0,0.0,0.0
1014,Simon Sohm,https://media.api-sports.io/football/players/1014.png,Midfielder,M,135,Serie A,517,Venezia,240,5,3,6.514583333333333,50.0,87.4074074074074,41.66666666666667,33.33333333333333,0.0,2.0,1.0,0.0,0.0,135.0,4.0,1.0,0.0,0.0,12.0,5.0,3.0,1.0,1.0,0.0,2.0,2,0,0.0,0.0,0,0.0,0.0,0.75,0.375,0.0,0.0,50.625,1.5,0.375,0.0,0.0,4.5,1.875,1.125,0.375,0.375,0.0,0.75,0.75,0.0,0.0,0.0,0.0,0.0
327599,Yassine Titraoui,https://media.api-sports.io/football/players/327599.png,Midfielder,M,61,Ligue 1,116,Lens,240,3,3,6.9625,,89.41176470588236,59.25925925925925,25.0,0.0,0.0,0.0,0.0,0.0,170.0,0.0,9.0,0.0,4.0,27.0,16.0,4.0,1.0,3.0,5.0,2.0,1,0,0.0,0.0,0,0.0,0.0,0.0,0.0,0.0,0.0,63.75,0.0,3.375,0.0,1.5,10.125,6.0,1.5,0.375,1.125,1.875,0.75,0.375,0.0,0.0,0.0,0.0,0.0
47209,Andrés Martín,https://media.api-sports.io/football/players/47209.png,Attacker,M,140,La Liga,4665,Racing Santander,239,3,3,6.7468619246861925,42.857142857142854,76.25,48.38709677419355,45.45454545454545,2.0,7.0,3.0,1.0,0.0,80.0,6.0,5.0,0.0,3.0,31.0,15.0,11.0,5.0,5.0,5.0,3.0,0,0,0.0,0.0,1,1.0,0.7531380753138075,2.6359832635983262,1.1297071129707112,0.37656903765690375,0.0,30.1255230125523,2.2594142259414225,1.8828451882845187,0.0,1.1297071129707112,11.673640167364017,5.648535564853557,4.142259414225942,1.8828451882845187,1.8828451882845187,1.8828451882845187,1.1297071129707112,0.0,0.0,0.0,0.0,0.37656903765690375,0.37656903765690375
20784,Franck Honorat,https://media.api-sports.io/football/players/20784.png,Midfielder,M,78,Bundesliga,163,Borussia Mönchengladbach,238,4,3,6.813529411764707,66.66666666666666,78.75,47.05882352941176,40.0,4.0,3.0,2.0,0.0,2.0,80.0,11.0,2.0,0.0,1.0,17.0,8.0,5.0,2.0,0.0,1.0,3.0,0,0,0.0,0.0,0,0.0,1.5126050420168067,1.134453781512605,0.7563025210084033,0.0,0.7563025210084033,30.252100840336137,4.159663865546219,0.7563025210084033,0.0,0.37815126050420167,6.428571428571428,3.0252100840336134,1.8907563025210086,0.7563025210084033,0.0,0.37815126050420167,1.134453781512605,0.0,0.0,0.0,0.0,0.0,0.0
3406,Frank Anguissa,https://media.api-sports.io/football/players/3406.png,Midfielder,M,135,Serie A,492,Napoli,238,4,3,6.413924050632911,33.33333333333333,82.55813953488372,50.0,50.0,2.0,3.0,1.0,0.0,0.0,86.0,2.0,3.0,3.0,1.0,24.0,12.0,4.0,2.0,3.0,3.0,2.0,0,0,0.0,0.0,0,0.0,0.7563025210084033,1.134453781512605,0.37815126050420167,0.0,0.0,32.52100840336134,0.7563025210084033,1.134453781512605,1.134453781512605,0.37815126050420167,9.07563025210084,4.53781512605042,1.5126050420168067,0.7563025210084033,1.134453781512605,1.134453781512605,0.7563025210084033,0.0,0.0,0.0,0.0,0.0,0.0
410125,M. Yalcouyé,https://media.api-sports.io/football/players/410125.png,Midfielder,M,39,Premier League,51,Brighton,238,5,5,7.493487394957984,57.14285714285714,86.86868686868688,66.66666666666666,75.0,0.0,7.0,4.0,2.0,0.0,99.0,5.0,6.0,1.0,0.0,27.0,18.0,8.0,6.0,1.0,4.0,3.0,0,0,0.0,0.0,0,0.0,0.0,2.6470588235294117,1.5126050420168067,0.7563025210084033,0.0,37.436974789915965,1.8907563025210086,2.26890756302521,0.37815126050420167,0.0,10.210084033613445,6.80672268907563,3.0252100840336134,2.26890756302521,0.37815126050420167,1.5126050420168067,1.134453781512605,0.0,0.0,0.0,0.0,0.0,0.0
2598,R. Dōan,https://media.api-sports.io/football/players/2598.png,Midfielder,M,78,Bundesliga,169,Eintracht Frankfurt,238,3,3,6.568067226890756,0.0,82.89473684210526,37.03703703703704,25.0,1.0,5.0,0.0,0.0,1.0,76.0,4.0,4.0,2.0,2.0,27.0,10.0,12.0,3.0,0.0,3.0,1.0,0,0,0.0,0.0,0,0.0,0.37815126050420167,1.8907563025210086,0.0,0.0,0.37815126050420167,28.739495798319325,1.5126050420168067,1.5126050420168067,0.7563025210084033,0.7563025210084033,10.210084033613445,3.781512605042017,4.53781512605042,1.134453781512605,0.0,1.134453781512605,0.37815126050420167,0.0,0.0,0.0,0.0,0.0,0.0
46667,Kike Barja,https://media.api-sports.io/football/players/46667.png,Attacker,M,140,La Liga,727,Osasuna,237,7,3,6.992735042735043,25.0,73.21428571428571,30.76923076923077,11.11111111111111,1.0,4.0,1.0,1.0,0.0,56.0,5.0,3.0,2.0,0.0,26.0,8.0,9.0,1.0,0.0,4.0,4.0,3,0,0.0,0.0,0,0.0,0.37974683544303794,1.5189873417721518,0.37974683544303794,0.37974683544303794,0.0,21.265822784810126,1.8987341772151898,1.139240506329114,0.7594936708860759,0.0,9.873417721518988,3.0379746835443036,3.4177215189873418,0.37974683544303794,0.0,1.5189873417721518,1.5189873417721518,1.139240506329114,0.0,0.0,0.0,0.0,0.0
275478,Merwan Ifnaoui,https://media.api-sports.io/football/players/275478.png,Midfielder,M,61,Ligue 1,110,Estac Troyes,236,3,3,6.852542372881356,,79.7979797979798,38.46153846153847,16.666666666666664,0.0,0.0,0.0,0.0,0.0,99.0,9.0,1.0,0.0,1.0,13.0,5.0,6.0,1.0,0.0,2.0,1.0,0,0,0.0,0.0,0,0.0,0.0,0.0,0.0,0.0,0.0,37.75423728813559,3.4322033898305087,0.3813559322033898,0.0,0.3813559322033898,4.9576271186440675,1.906779661016949,2.288135593220339,0.3813559322033898,0.0,0.7627118644067796,0.3813559322033898,0.0,0.0,0.0,0.0,0.0,0.0
153430,Anthony Elanga,https://media.api-sports.io/football/players/153430.png,Attacker,M,39,Premier League,34,Newcastle,235,3,3,7.3770212765957455,75.0,64.58333333333334,50.0,33.33333333333333,0.0,4.0,3.0,2.0,0.0,48.0,4.0,4.0,0.0,0.0,24.0,12.0,6.0,2.0,2.0,4.0,3.0,1,0,0.0,0.0,0,0.0,0.0,1.5319148936170213,1.1489361702127658,0.7659574468085106,0.0,18.382978723404253,1.5319148936170213,1.5319148936170213,0.0,0.0,9.191489361702127,4.595744680851063,2.2978723404255317,0.7659574468085106,0.7659574468085106,1.5319148936170213,1.1489361702127658,0.3829787234042553,0.0,0.0,0.0,0.0,0.0
387139,Job Ochieng,https://media.api-sports.io/football/players/387139.png,Midfielder,M,140,La Liga,548,Real Sociedad,235,7,5,7.216340425531915,33.33333333333333,65.38461538461539,24.137931034482758,16.666666666666664,1.0,6.0,2.0,1.0,3.0,52.0,4.0,3.0,1.0,0.0,29.0,7.0,6.0,1.0,1.0,1.0,5.0,0,0,0.0,0.0,0,0.0,0.3829787234042553,2.2978723404255317,0.7659574468085106,0.3829787234042553,1.1489361702127658,19.914893617021274,1.5319148936170213,1.1489361702127658,0.3829787234042553,0.0,11.106382978723405,2.6808510638297873,2.2978723404255317,0.3829787234042553,0.3829787234042553,0.3829787234042553,1.9148936170212765,0.0,0.0,0.0,0.0,0.0,0.0
4458,Aliou Dieng,https://media.api-sports.io/football/players/4458.png,Midfielder,M,140,La Liga,532,Valencia,234,7,2,6.858974358974359,,88.18181818181819,57.57575757575758,75.0,0.0,0.0,0.0,0.0,0.0,110.0,1.0,11.0,1.0,0.0,33.0,19.0,4.0,3.0,1.0,2.0,6.0,0,0,0.0,0.0,0,0.0,0.0,0.0,0.0,0.0,0.0,42.30769230769231,0.38461538461538464,4.230769230769231,0.38461538461538464,0.0,12.692307692307692,7.307692307692308,1.5384615384615385,1.1538461538461537,0.38461538461538464,0.7692307692307693,2.3076923076923075,0.0,0.0,0.0,0.0,0.0,0.0
18404,Ephron Mason-Clark,https://media.api-sports.io/football/players/18404.png,Attacker,M,39,Premier League,1346,Coventry,234,4,4,6.228632478632479,66.66666666666666,69.23076923076923,31.428571428571427,0.0,3.0,3.0,2.0,0.0,0.0,39.0,4.0,0.0,1.0,0.0,35.0,11.0,3.0,0.0,0.0,4.0,7.0,0,0,0.0,0.0,0,0.0,1.1538461538461537,1.1538461538461537,0.7692307692307693,0.0,0.0,15.0,1.5384615384615385,0.0,0.38461538461538464,0.0,13.461538461538462,4.230769230769231,1.1538461538461537,0.0,0.0,1.5384615384615385,2.6923076923076925,0.0,0.0,0.0,0.0,0.0,0.0
637,F. Nmecha,https://media.api-sports.io/football/players/637.png,Midfielder,M,78,Bundesliga,165,Borussia Dortmund,234,4,4,7.132905982905982,50.0,90.08264462809917,58.620689655172406,50.0,0.0,6.0,3.0,2.0,0.0,121.0,5.0,7.0,1.0,5.0,29.0,17.0,6.0,3.0,1.0,3.0,2.0,0,0,0.0,0.0,0,0.0,0.0,2.3076923076923075,1.1538461538461537,0.7692307692307693,0.0,46.53846153846154,1.9230769230769231,2.6923076923076925,0.38461538461538464,1.9230769230769231,11.153846153846153,6.538461538461539,2.3076923076923075,1.1538461538461537,0.38461538461538464,1.1538461538461537,0.7692307692307693,0.0,0.0,0.0,0.0,0.0,0.0
133185,Johnny Cardoso,https://media.api-sports.io/football/players/133185.png,Midfielder,M,140,La Liga,530,Atletico Madrid,232,7,3,7.167629310344827,0.0,92.63157894736842,33.33333333333333,,0.0,2.0,0.0,0.0,1.0,190.0,1.0,4.0,1.0,4.0,24.0,8.0,0.0,0.0,5.0,1.0,3.0,1,0,0.0,0.0,0,0.0,0.0,0.7758620689655172,0.0,0.0,0.3879310344827586,73.70689655172414,0.3879310344827586,1.5517241379310345,0.3879310344827586,1.5517241379310345,9.310344827586206,3.103448275862069,0.0,0.0,1.9396551724137931,0.3879310344827586,1.1637931034482758,0.3879310344827586,0.0,0.0,0.0,0.0,0.0
47566,Javi Galán,https://media.api-sports.io/football/players/47566.png,Midfielder,M,140,La Liga,538,Celta Vigo,231,7,5,6.2812987012987005,,83.33333333333334,60.0,42.857142857142854,1.0,0.0,0.0,0.0,0.0,120.0,4.0,6.0,1.0,1.0,25.0,15.0,7.0,3.0,1.0,4.0,2.0,0,0,0.0,0.0,0,0.0,0.38961038961038963,0.0,0.0,0.0,0.0,46.75324675324675,1.5584415584415585,2.337662337662338,0.38961038961038963,0.38961038961038963,9.74025974025974,5.844155844155844,2.7272727272727275,1.168831168831169,0.38961038961038963,1.5584415584415585,0.7792207792207793,0.0,0.0,0.0,0.0,0.0,0.0
354754,Jonathan Asp Jensen,https://media.api-sports.io/football/players/354754.png,Midfielder,M,140,La Liga,544,Deportivo La Coruna,231,7,4,6.4714285714285715,85.71428571428571,87.8048780487805,35.294117647058826,0.0,0.0,7.0,6.0,0.0,0.0,41.0,2.0,4.0,0.0,0.0,17.0,6.0,2.0,0.0,4.0,2.0,2.0,0,0,0.0,0.0,0,0.0,0.0,2.7272727272727275,2.337662337662338,0.0,0.0,15.974025974025976,0.7792207792207793,1.5584415584415585,0.0,0.0,6.623376623376624,2.337662337662338,0.7792207792207793,0.0,1.5584415584415585,0.7792207792207793,0.7792207792207793,0.0,0.0,0.0,0.0,0.0,0.0
386306,César Palacios,https://media.api-sports.io/football/players/386306.png,Midfielder,M,39,Premier League,36,Fulham,229,5,4,6.284279475982532,33.33333333333333,87.62886597938144,47.61904761904761,71.42857142857143,0.0,6.0,2.0,1.0,0.0,97.0,2.0,3.0,0.0,1.0,21.0,10.0,7.0,5.0,0.0,0.0,6.0,1,0,0.0,0.0,0,0.0,0.0,2.358078602620087,0.7860262008733624,0.3930131004366812,0.0,38.122270742358076,0.7860262008733624,1.1790393013100435,0.0,0.3930131004366812,8.253275109170307,3.930131004366812,2.7510917030567685,1.965065502183406,0.0,0.0,2.358078602620087,0.3930131004366812,0.0,0.0,0.0,0.0,0.0
395559,Kerim Alajbegović,https://media.api-sports.io/football/players/395559.png,Midfielder,M,135,Serie A,496,Juventus,229,5,3,6.643231441048035,42.857142857142854,83.54430379746836,41.17647058823529,57.14285714285714,2.0,7.0,3.0,0.0,0.0,79.0,0.0,0.0,0.0,0.0,17.0,7.0,7.0,4.0,3.0,3.0,2.0,0,0,0.0,0.0,0,0.0,0.7860262008733624,2.7510917030567685,1.1790393013100435,0.0,0.0,31.04803493449782,0.0,0.0,0.0,0.0,6.681222707423581,2.7510917030567685,2.7510917030567685,1.5720524017467248,1.1790393013100435,1.1790393013100435,0.7860262008733624,0.0,0.0,0.0,0.0,0.0,0.0
1825,Lucas Torró,https://media.api-sports.io/football/players/1825.png,Midfielder,M,140,La Liga,727,Osasuna,229,7,3,6.341921397379912,0.0,79.27927927927928,51.85185185185185,100.0,0.0,1.0,0.0,0.0,0.0,111.0,1.0,4.0,1.0,2.0,27.0,14.0,2.0,2.0,2.0,2.0,3.0,0,0,0.0,0.0,0,0.0,0.0,0.3930131004366812,0.0,0.0,0.0,43.62445414847162,0.3930131004366812,1.5720524017467248,0.3930131004366812,0.7860262008733624,10.611353711790393,5.502183406113537,0.7860262008733624,0.7860262008733624,0.7860262008733624,0.7860262008733624,1.1790393013100435,0.0,0.0,0.0,0.0,0.0,0.0
162706,Jean Vercruysse,https://media.api-sports.io/football/players/162706.png,Midfielder,M,61,Ligue 1,1298,Le Mans,228,4,3,6.575877192982457,33.33333333333333,77.77777777777779,34.78260869565217,100.0,0.0,3.0,1.0,0.0,1.0,72.0,2.0,2.0,2.0,3.0,23.0,8.0,1.0,1.0,2.0,3.0,7.0,1,0,0.0,0.0,0,0.0,0.0,1.1842105263157894,0.39473684210526316,0.0,0.39473684210526316,28.421052631578945,0.7894736842105263,0.7894736842105263,0.7894736842105263,1.1842105263157894,9.078947368421051,3.1578947368421053,0.39473684210526316,0.39473684210526316,0.7894736842105263,1.1842105263157894,2.763157894736842,0.39473684210526316,0.0,0.0,0.0,0.0,0.0
26315,Nicolás González,https://media.api-sports.io/football/players/26315.png,Midfielder,M,135,Serie A,496,Juventus,228,5,3,7.065789473684211,42.857142857142854,80.0,70.37037037037037,57.14285714285714,0.0,7.0,3.0,1.0,0.0,90.0,5.0,7.0,0.0,4.0,27.0,19.0,7.0,4.0,0.0,6.0,2.0,0,0,0.0,0.0,0,0.0,0.0,2.763157894736842,1.1842105263157894,0.39473684210526316,0.0,35.526315789473685,1.9736842105263157,2.763157894736842,0.0,1.5789473684210527,10.657894736842104,7.5,2.763157894736842,1.5789473684210527,0.0,2.3684210526315788,0.7894736842105263,0.0,0.0,0.0,0.0,0.0,0.0
48198,Í. Bergmann Jóhannesson,https://media.api-sports.io/football/players/48198.png,Midfielder,M,78,Bundesliga,192,1. FC Köln,228,4,4,6.701710526315789,33.33333333333333,84.88372093023256,53.333333333333336,,0.0,3.0,1.0,0.0,0.0,86.0,5.0,6.0,1.0,1.0,15.0,8.0,0.0,0.0,0.0,2.0,2.0,1,0,0.0,0.0,0,0.0,0.0,1.1842105263157894,0.39473684210526316,0.0,0.0,33.94736842105263,1.9736842105263157,2.3684210526315788,0.39473684210526316,0.39473684210526316,5.921052631578947,3.1578947368421053,0.0,0.0,0.0,0.7894736842105263,0.7894736842105263,0.39473684210526316,0.0,0.0,0.0,0.0,0.0
202526,E. Dinkçi,https://media.api-sports.io/football/players/202526.png,Midfielder,M,78,Bundesliga,162,Werder Bremen,227,4,3,6.534405286343612,20.0,64.70588235294117,25.0,0.0,1.0,5.0,1.0,1.0,0.0,51.0,0.0,1.0,1.0,1.0,8.0,2.0,1.0,0.0,0.0,0.0,0.0,0,0,0.0,0.0,0,0.0,0.39647577092511016,1.9823788546255507,0.39647577092511016,0.39647577092511016,0.0,20.220264317180618,0.0,0.39647577092511016,0.39647577092511016,0.39647577092511016,3.1718061674008813,0.7929515418502203,0.39647577092511016,0.0,0.0,0.0,0.0,0.0,0.0,0.0,0.0,0.0,0.0
40403,S. Szymański,https://media.api-sports.io/football/players/40403.png,Midfielder,M,61,Ligue 1,94,Rennes,227,5,5,7.3240528634361235,33.33333333333333,82.89473684210526,50.0,0.0,0.0,3.0,1.0,1.0,1.0,76.0,6.0,7.0,0.0,2.0,18.0,9.0,2.0,0.0,2.0,2.0,1.0,0,0,0.0,0.0,0,0.0,0.0,1.1894273127753305,0.39647577092511016,0.39647577092511016,0.39647577092511016,30.132158590308368,2.378854625550661,2.7753303964757707,0.0,0.7929515418502203,7.136563876651983,3.5682819383259914,0.7929515418502203,0.0,0.7929515418502203,0.7929515418502203,0.39647577092511016,0.0,0.0,0.0,0.0,0.0,0.0
274300,M. Akliouche,https://media.api-sports.io/football/players/274300.png,Midfielder,M,61,Ligue 1,85,Paris Saint Germain,226,5,4,6.42721238938053,33.33333333333333,89.937106918239,44.44444444444444,20.0,0.0,3.0,1.0,0.0,0.0,159.0,5.0,9.0,1.0,4.0,27.0,12.0,5.0,1.0,1.0,1.0,4.0,0,0,0.0,0.0,0,0.0,0.0,1.1946902654867257,0.39823008849557523,0.0,0.0,63.31858407079646,1.991150442477876,3.584070796460177,0.39823008849557523,1.592920353982301,10.752212389380531,4.778761061946903,1.991150442477876,0.39823008849557523,0.39823008849557523,0.39823008849557523,1.592920353982301,0.0,0.0,0.0,0.0,0.0,0.0
339872,Vasilije Adžić,https://media.api-sports.io/football/players/339872.png,Midfielder,M,135,Serie A,488,Sassuolo,226,5,3,7.1070796460176995,83.33333333333334,86.51685393258427,41.37931034482759,50.0,2.0,6.0,5.0,3.0,1.0,89.0,12.0,6.0,0.0,1.0,29.0,12.0,4.0,2.0,5.0,1.0,3.0,0,0,0.0,0.0,0,0.0,0.7964601769911505,2.3893805309734515,1.991150442477876,1.1946902654867257,0.39823008849557523,35.442477876106196,4.778761061946903,2.3893805309734515,0.0,0.39823008849557523,11.548672566371682,4.778761061946903,1.592920353982301,0.7964601769911505,1.991150442477876,0.39823008849557523,1.1946902654867257,0.0,0.0,0.0,0.0,0.0,0.0
673857,Djibril Ouziad,https://media.api-sports.io/football/players/673857.png,Midfielder,M,61,Ligue 1,111,Le Havre,225,4,3,6.886222222222223,0.0,81.72043010752688,61.76470588235294,87.5,0.0,4.0,0.0,0.0,0.0,93.0,2.0,4.0,1.0,5.0,34.0,21.0,8.0,7.0,4.0,8.0,3.0,0,0,0.0,0.0,0,0.0,0.0,1.6,0.0,0.0,0.0,37.2,0.8,1.6,0.4,2.0,13.6,8.4,3.2,2.8,1.6,3.2,1.2000000000000002,0.0,0.0,0.0,0.0,0.0,0.0
469321,Sean Steur,https://media.api-sports.io/football/players/469321.png,Midfielder,M,39,Premier League,34,Newcastle,225,5,2,6.6817777777777785,,87.5,45.45454545454545,100.0,0.0,0.0,0.0,0.0,0.0,160.0,3.0,4.0,1.0,1.0,11.0,5.0,1.0,1.0,2.0,0.0,1.0,0,0,0.0,0.0,0,0.0,0.0,0.0,0.0,0.0,0.0,64.0,1.2000000000000002,1.6,0.4,0.4,4.4,2.0,0.4,0.4,0.8,0.0,0.4,0.0,0.0,0.0,0.0,0.0,0.0
274254,Lucas Bretelle,https://media.api-sports.io/football/players/274254.png,Midfielder,M,61,Ligue 1,1298,Le Mans,224,5,3,6.672767857142857,,89.0,41.66666666666667,0.0,0.0,0.0,0.0,0.0,1.0,100.0,3.0,3.0,4.0,6.0,24.0,10.0,2.0,0.0,1.0,7.0,5.0,0,0,0.0,0.0,0,0.0,0.0,0.0,0.0,0.0,0.40178571428571425,40.17857142857143,1.2053571428571428,1.2053571428571428,1.607142857142857,2.4107142857142856,9.642857142857142,4.017857142857143,0.8035714285714285,0.0,0.40178571428571425,2.8125,2.0089285714285716,0.0,0.0,0.0,0.0,0.0,0.0
156490,Niels Nkounkou,https://media.api-sports.io/football/players/156490.png,Midfielder,M,61,Ligue 1,84,Nice,223,3,3,6.664304932735426,0.0,78.87323943661971,48.275862068965516,22.22222222222222,0.0,1.0,0.0,0.0,0.0,71.0,1.0,7.0,0.0,6.0,29.0,14.0,9.0,2.0,1.0,2.0,2.0,0,0,0.0,0.0,0,0.0,0.0,0.40358744394618834,0.0,0.0,0.0,28.65470852017937,0.40358744394618834,2.8251121076233185,0.0,2.4215246636771304,11.70403587443946,5.650224215246637,3.632286995515695,0.8071748878923767,0.40358744394618834,0.8071748878923767,0.8071748878923767,0.0,0.0,0.0,0.0,0.0,0.0
32862,Takefusa Kubo,https://media.api-sports.io/football/players/32862.png,Attacker,M,140,La Liga,548,Real Sociedad,223,7,5,6.435919282511211,0.0,77.04918032786885,55.55555555555556,72.72727272727273,0.0,1.0,0.0,0.0,0.0,62.0,3.0,2.0,0.0,1.0,27.0,15.0,11.0,8.0,2.0,5.0,3.0,0,0,0.0,0.0,0,0.0,0.0,0.40358744394618834,0.0,0.0,0.0,25.02242152466368,1.2107623318385652,0.8071748878923767,0.0,0.40358744394618834,10.896860986547086,6.053811659192825,4.439461883408072,3.2286995515695067,0.8071748878923767,2.0179372197309418,1.2107623318385652,0.0,0.0,0.0,0.0,0.0,0.0
6503,Nahuel Molina,https://media.api-sports.io/football/players/6503.png,Defender,M,135,Serie A,497,AS Roma,222,5,2,7.008108108108108,33.33333333333333,86.7132867132867,52.38095238095239,50.0,1.0,3.0,1.0,0.0,1.0,143.0,7.0,7.0,0.0,1.0,21.0,11.0,4.0,2.0,4.0,0.0,3.0,0,0,0.0,0.0,0,0.0,0.40540540540540543,1.2162162162162162,0.40540540540540543,0.0,0.40540540540540543,57.97297297297297,2.8378378378378377,2.8378378378378377,0.0,0.40540540540540543,8.513513513513514,4.45945945945946,1.6216216216216217,0.8108108108108109,1.6216216216216217,0.0,1.2162162162162162,0.0,0.0,0.0,0.0,0.0,0.0
39143,Kristian Thorstvedt,https://media.api-sports.io/football/players/39143.png,Midfielder,M,135,Serie A,488,Sassuolo,221,5,2,6.743438914027149,75.0,90.15151515151516,66.66666666666666,100.0,0.0,4.0,3.0,0.0,0.0,132.0,2.0,2.0,0.0,2.0,24.0,16.0,2.0,2.0,1.0,9.0,1.0,0,0,0.0,0.0,0,0.0,0.0,1.6289592760180998,1.2217194570135748,0.0,0.0,53.755656108597286,0.8144796380090499,0.8144796380090499,0.0,0.8144796380090499,9.773755656108598,6.515837104072399,0.8144796380090499,0.8144796380090499,0.40723981900452494,3.6651583710407243,0.40723981900452494,0.0,0.0,0.0,0.0,0.0,0.0
46170,Ivan Ilić,https://media.api-sports.io/football/players/46170.png,Midfielder,M,135,Serie A,867,Lecce,220,4,3,7.115454545454546,0.0,90.0709219858156,35.714285714285715,33.33333333333333,0.0,2.0,0.0,0.0,2.0,141.0,3.0,3.0,0.0,2.0,14.0,5.0,3.0,1.0,2.0,1.0,2.0,1,0,0.0,0.0,0,0.0,0.0,0.8181818181818181,0.0,0.0,0.8181818181818181,57.68181818181818,1.2272727272727273,1.2272727272727273,0.0,0.8181818181818181,5.727272727272727,2.0454545454545454,1.2272727272727273,0.40909090909090906,0.8181818181818181,0.40909090909090906,0.8181818181818181,0.40909090909090906,0.0,0.0,0.0,0.0,0.0
437643,Peio Canales,https://media.api-sports.io/football/players/437643.png,Midfielder,M,140,La Liga,531,Athletic Club,220,4,2,6.590909090909091,100.0,86.76470588235294,57.14285714285714,50.0,0.0,2.0,2.0,0.0,0.0,136.0,5.0,2.0,0.0,1.0,21.0,12.0,8.0,4.0,2.0,5.0,1.0,0,0,0.0,0.0,0,0.0,0.0,0.8181818181818181,0.8181818181818181,0.0,0.0,55.63636363636363,2.0454545454545454,0.8181818181818181,0.0,0.40909090909090906,8.590909090909092,4.909090909090909,3.2727272727272725,1.6363636363636362,0.8181818181818181,2.0454545454545454,0.40909090909090906,0.0,0.0,0.0,0.0,0.0,0.0
2204,Benjamin André,https://media.api-sports.io/football/players/2204.png,Midfielder,M,61,Ligue 1,79,Lille,219,4,4,6.873789954337899,,86.66666666666667,60.0,33.33333333333333,1.0,0.0,0.0,0.0,0.0,105.0,4.0,9.0,2.0,2.0,35.0,21.0,6.0,2.0,3.0,5.0,6.0,1,0,0.0,0.0,0,0.0,0.410958904109589,0.0,0.0,0.0,0.0,43.150684931506845,1.643835616438356,3.698630136986301,0.821917808219178,0.821917808219178,14.383561643835616,8.63013698630137,2.4657534246575343,0.821917808219178,1.2328767123287672,2.054794520547945,2.4657534246575343,0.410958904109589,0.0,0.0,0.0,0.0,0.0
311334,Facundo Buonanotte,https://media.api-sports.io/football/players/311334.png,Midfielder,M,140,La Liga,797,Elche,219,7,3,6.273287671232876,57.14285714285714,72.97297297297297,36.666666666666664,60.0,0.0,7.0,4.0,1.0,0.0,74.0,1.0,6.0,0.0,3.0,30.0,11.0,5.0,3.0,0.0,2.0,6.0,1,0,0.0,0.0,1,0.0,0.0,2.8767123287671232,1.643835616438356,0.410958904109589,0.0,30.410958904109588,0.410958904109589,2.4657534246575343,0.0,1.2328767123287672,12.32876712328767,4.520547945205479,2.054794520547945,1.2328767123287672,0.0,0.821917808219178,2.4657534246575343,0.410958904109589,0.0,0.0,0.0,0.410958904109589,0.0
631,P. Foden,https://media.api-sports.io/football/players/631.png,Midfielder,M,39,Premier League,50,Manchester City,219,4,3,6.583881278538812,33.33333333333333,87.5,43.75,37.5,0.0,3.0,1.0,0.0,2.0,128.0,7.0,4.0,0.0,0.0,32.0,14.0,8.0,3.0,1.0,6.0,4.0,1,1,0.0,0.0,0,0.0,0.0,1.2328767123287672,0.410958904109589,0.0,0.821917808219178,52.602739726027394,2.8767123287671232,1.643835616438356,0.0,0.0,13.150684931506849,5.7534246575342465,3.287671232876712,1.2328767123287672,0.410958904109589,2.4657534246575343,1.643835616438356,0.410958904109589,0.410958904109589,0.0,0.0,0.0,0.0
25533,Niklas Schmidt,https://media.api-sports.io/football/players/25533.png,Midfielder,M,61,Ligue 1,96,Toulouse,218,5,2,6.903853211009174,0.0,91.70731707317074,54.54545454545454,0.0,0.0,1.0,0.0,0.0,0.0,205.0,6.0,4.0,1.0,2.0,11.0,6.0,1.0,0.0,0.0,0.0,4.0,2,0,0.0,0.0,0,0.0,0.0,0.41284403669724773,0.0,0.0,0.0,84.63302752293578,2.4770642201834865,1.651376146788991,0.41284403669724773,0.8256880733944955,4.541284403669725,2.4770642201834865,0.41284403669724773,0.0,0.0,0.0,1.651376146788991,0.8256880733944955,0.0,0.0,0.0,0.0,0.0
263538,Y. Yarmolyuk,https://media.api-sports.io/football/players/263538.png,Midfielder,M,39,Premier League,55,Brentford,218,5,2,6.4455963302752295,50.0,76.52173913043478,38.095238095238095,50.0,0.0,2.0,1.0,0.0,1.0,115.0,3.0,5.0,0.0,2.0,21.0,8.0,2.0,1.0,1.0,1.0,3.0,1,0,0.0,0.0,0,0.0,0.0,0.8256880733944955,0.41284403669724773,0.0,0.41284403669724773,47.47706422018348,1.2385321100917432,2.064220183486239,0.0,0.8256880733944955,8.669724770642203,3.302752293577982,0.8256880733944955,0.41284403669724773,0.41284403669724773,0.41284403669724773,1.2385321100917432,0.41284403669724773,0.0,0.0,0.0,0.0,0.0
284570,B. Norton-Cuffy,https://media.api-sports.io/football/players/284570.png,Defender,M,135,Serie A,64,Hull City,214,4,3,6.568598130841121,0.0,80.95238095238095,35.714285714285715,66.66666666666666,0.0,2.0,0.0,0.0,0.0,63.0,4.0,0.0,2.0,0.0,14.0,5.0,6.0,4.0,1.0,1.0,1.0,1,0,0.0,0.0,0,0.0,0.0,0.8411214953271028,0.0,0.0,0.0,26.495327102803735,1.6822429906542056,0.0,0.8411214953271028,0.0,5.887850467289719,2.102803738317757,2.5233644859813085,1.6822429906542056,0.4205607476635514,0.4205607476635514,0.4205607476635514,0.4205607476635514,0.0,0.0,0.0,0.0,0.0
327831,A. Kemlein,https://media.api-sports.io/football/players/327831.png,Midfielder,M,78,Bundesliga,182,Union Berlin,213,4,4,6.440140845070424,,77.47747747747748,50.0,50.0,0.0,0.0,0.0,0.0,0.0,111.0,1.0,3.0,0.0,1.0,18.0,9.0,4.0,2.0,2.0,0.0,3.0,1,0,0.0,0.0,0,0.0,0.0,0.0,0.0,0.0,0.0,46.901408450704224,0.4225352112676056,1.267605633802817,0.0,0.4225352112676056,7.605633802816901,3.8028169014084505,1.6901408450704225,0.8450704225352113,0.8450704225352113,0.0,1.267605633802817,0.4225352112676056,0.0,0.0,0.0,0.0,0.0
161621,Loum Tchaouna,https://media.api-sports.io/football/players/161621.png,Attacker,M,39,Premier League,1346,Coventry,213,5,3,6.548826291079813,50.0,75.38461538461539,47.05882352941176,33.33333333333333,1.0,4.0,2.0,0.0,0.0,65.0,3.0,1.0,1.0,0.0,17.0,8.0,6.0,2.0,1.0,3.0,1.0,0,0,0.0,0.0,0,0.0,0.4225352112676056,1.6901408450704225,0.8450704225352113,0.0,0.0,27.464788732394368,1.267605633802817,0.4225352112676056,0.4225352112676056,0.0,7.183098591549296,3.380281690140845,2.535211267605634,0.8450704225352113,0.4225352112676056,1.267605633802817,0.4225352112676056,0.0,0.0,0.0,0.0,0.0,0.0
383780,Mikel Jauregizar,https://media.api-sports.io/football/players/383780.png,Midfielder,M,140,La Liga,531,Athletic Club,212,6,3,6.910377358490566,100.0,86.4,55.172413793103445,0.0,0.0,2.0,2.0,0.0,0.0,125.0,1.0,11.0,0.0,6.0,29.0,16.0,1.0,0.0,5.0,3.0,4.0,0,0,0.0,0.0,0,0.0,0.0,0.8490566037735848,0.8490566037735848,0.0,0.0,53.06603773584906,0.4245283018867924,4.669811320754717,0.0,2.547169811320755,12.31132075471698,6.792452830188679,0.4245283018867924,0.0,2.1226415094339623,1.2735849056603774,1.6981132075471697,0.0,0.0,0.0,0.0,0.0,0.0
360032,Başar Önal,https://media.api-sports.io/football/players/360032.png,Attacker,M,61,Ligue 1,79,Lille,211,5,3,6.467298578199052,100.0,81.25,32.25806451612903,14.285714285714285,1.0,1.0,1.0,0.0,0.0,64.0,3.0,3.0,0.0,0.0,31.0,10.0,7.0,1.0,3.0,5.0,2.0,0,0,0.0,0.0,0,0.0,0.4265402843601896,0.4265402843601896,0.4265402843601896,0.0,0.0,27.298578199052134,1.2796208530805686,1.2796208530805686,0.0,0.0,13.222748815165875,4.265402843601896,2.9857819905213274,0.4265402843601896,1.2796208530805686,2.132701421800948,0.8530805687203792,0.0,0.0,0.0,0.0,0.0,0.0
419035,Mamadou Coulibaly,https://media.api-sports.io/football/players/419035.png,Midfielder,M,61,Ligue 1,91,Monaco,211,3,3,6.7033175355450245,,80.68181818181817,37.83783783783784,33.33333333333333,1.0,0.0,0.0,0.0,0.0,88.0,3.0,4.0,0.0,4.0,37.0,14.0,9.0,3.0,7.0,7.0,2.0,0,0,0.0,0.0,0,0.0,0.4265402843601896,0.0,0.0,0.0,0.0,37.53554502369668,1.2796208530805686,1.7061611374407584,0.0,1.7061611374407584,15.781990521327014,5.971563981042655,3.8388625592417065,1.2796208530805686,2.9857819905213274,2.9857819905213274,0.8530805687203792,0.0,0.0,0.0,0.0,0.0,0.0
162067,Timothee Pembele,https://media.api-sports.io/football/players/162067.png,Midfielder,M,61,Ligue 1,111,Le Havre,208,3,3,6.409615384615384,0.0,77.04918032786885,54.54545454545454,50.0,1.0,2.0,0.0,0.0,0.0,61.0,1.0,8.0,0.0,3.0,22.0,12.0,4.0,2.0,1.0,1.0,6.0,0,0,0.0,0.0,0,0.0,0.4326923076923077,0.8653846153846154,0.0,0.0,0.0,26.39423076923077,0.4326923076923077,3.4615384615384617,0.0,1.2980769230769231,9.519230769230768,5.1923076923076925,1.7307692307692308,0.8653846153846154,0.4326923076923077,0.4326923076923077,2.5961538461538463,0.0,0.0,0.0,0.0,0.0,0.0
126642,P. Wimmer,https://media.api-sports.io/football/players/126642.png,Midfielder,M,78,Bundesliga,167,1899 Hoffenheim,207,4,4,6.596666666666667,14.285714285714285,77.90697674418605,55.55555555555556,50.0,1.0,7.0,1.0,0.0,0.0,86.0,5.0,4.0,2.0,1.0,27.0,15.0,6.0,3.0,2.0,4.0,3.0,0,0,0.0,0.0,0,0.0,0.43478260869565216,3.043478260869565,0.43478260869565216,0.0,0.0,37.391304347826086,2.1739130434782608,1.7391304347826086,0.8695652173913043,0.43478260869565216,11.739130434782608,6.521739130434783,2.608695652173913,1.3043478260869565,0.8695652173913043,1.7391304347826086,1.3043478260869565,0.0,0.0,0.0,0.0,0.0,0.0
542861,R. Sato,https://media.api-sports.io/football/players/542861.png,Midfielder,M,140,La Liga,532,Valencia,207,3,3,6.4681159420289855,50.0,85.48387096774194,35.294117647058826,33.33333333333333,1.0,2.0,1.0,0.0,0.0,62.0,1.0,3.0,0.0,0.0,17.0,6.0,3.0,1.0,3.0,1.0,2.0,1,0,0.0,0.0,0,0.0,0.43478260869565216,0.8695652173913043,0.43478260869565216,0.0,0.0,26.956521739130434,0.43478260869565216,1.3043478260869565,0.0,0.0,7.391304347826087,2.608695652173913,1.3043478260869565,0.43478260869565216,1.3043478260869565,0.43478260869565216,0.8695652173913043,0.43478260869565216,0.0,0.0,0.0,0.0,0.0
119121,Trai Hume,https://media.api-sports.io/football/players/119121.png,Defender,M,39,Premier League,746,Sunderland,207,5,3,6.673913043478261,0.0,73.33333333333333,64.51612903225806,0.0,0.0,3.0,0.0,0.0,0.0,60.0,4.0,10.0,1.0,1.0,31.0,20.0,2.0,0.0,1.0,2.0,4.0,0,0,0.0,0.0,0,0.0,0.0,1.3043478260869565,0.0,0.0,0.0,26.086956521739133,1.7391304347826086,4.3478260869565215,0.43478260869565216,0.43478260869565216,13.478260869565217,8.695652173913043,0.8695652173913043,0.0,0.43478260869565216,0.8695652173913043,1.7391304347826086,0.0,0.0,0.0,0.0,0.0,0.0
362752,Christian Ordoñez,https://media.api-sports.io/football/players/362752.png,Midfielder,M,135,Serie A,523,Parma,205,5,3,7.242439024390245,0.0,88.76404494382022,68.18181818181817,50.0,0.0,4.0,0.0,0.0,0.0,89.0,2.0,7.0,1.0,2.0,22.0,15.0,2.0,1.0,0.0,7.0,1.0,0,0,0.0,0.0,0,0.0,0.0,1.7560975609756098,0.0,0.0,0.0,39.073170731707314,0.8780487804878049,3.073170731707317,0.43902439024390244,0.8780487804878049,9.658536585365853,6.585365853658536,0.8780487804878049,0.43902439024390244,0.0,3.073170731707317,0.43902439024390244,0.0,0.0,0.0,0.0,0.0,0.0
215827,F. Oppegård,https://media.api-sports.io/football/players/215827.png,Defender,M,61,Ligue 1,108,Auxerre,205,4,2,6.184487804878049,,79.3103448275862,26.31578947368421,60.0,0.0,0.0,0.0,0.0,0.0,58.0,2.0,1.0,1.0,4.0,19.0,5.0,5.0,3.0,2.0,1.0,3.0,0,0,0.0,0.0,0,0.0,0.0,0.0,0.0,0.0,0.0,25.46341463414634,0.8780487804878049,0.43902439024390244,0.43902439024390244,1.7560975609756098,8.341463414634147,2.1951219512195124,2.1951219512195124,1.3170731707317074,0.8780487804878049,0.43902439024390244,1.3170731707317074,0.0,0.0,0.0,0.0,0.0,0.0
512,Jeong Woo-Yeong,https://media.api-sports.io/football/players/512.png,Midfielder,M,78,Bundesliga,182,Union Berlin,205,4,2,6.271121951219512,16.666666666666664,78.57142857142857,53.84615384615385,50.0,0.0,6.0,1.0,0.0,0.0,70.0,4.0,1.0,2.0,1.0,26.0,14.0,6.0,3.0,1.0,4.0,2.0,0,0,0.0,0.0,0,0.0,0.0,2.6341463414634148,0.43902439024390244,0.0,0.0,30.731707317073173,1.7560975609756098,0.43902439024390244,0.8780487804878049,0.43902439024390244,11.414634146341463,6.146341463414634,2.6341463414634148,1.3170731707317074,0.43902439024390244,1.7560975609756098,0.8780487804878049,0.0,0.0,0.0,0.0,0.0,0.0
19666,Matt Crooks,https://media.api-sports.io/football/players/19666.png,Midfielder,M,39,Premier League,64,Hull City,204,3,3,6.853088235294117,,76.92307692307693,52.0,0.0,0.0,0.0,0.0,0.0,0.0,52.0,1.0,8.0,2.0,0.0,25.0,13.0,1.0,0.0,3.0,1.0,5.0,3,0,0.0,0.0,0,0.0,0.0,0.0,0.0,0.0,0.0,22.941176470588232,0.4411764705882353,3.5294117647058822,0.8823529411764706,0.0,11.029411764705882,5.735294117647058,0.4411764705882353,0.0,1.3235294117647058,0.4411764705882353,2.2058823529411766,1.3235294117647058,0.0,0.0,0.0,0.0,0.0
340573,B. El Khannouss,https://media.api-sports.io/football/players/340573.png,Attacker,M,78,Bundesliga,172,VfB Stuttgart,203,4,3,7.044532019704433,33.33333333333333,82.22222222222221,57.14285714285714,44.44444444444444,2.0,6.0,2.0,1.0,0.0,90.0,3.0,7.0,2.0,0.0,28.0,16.0,9.0,4.0,0.0,2.0,0.0,0,0,0.0,0.0,0,0.0,0.8866995073891626,2.6600985221674875,0.8866995073891626,0.4433497536945813,0.0,39.90147783251231,1.3300492610837438,3.103448275862069,0.8866995073891626,0.0,12.413793103448276,7.093596059113301,3.9901477832512318,1.7733990147783252,0.0,0.8866995073891626,0.0,0.0,0.0,0.0,0.0,0.0,0.0
7328,N. Seiwald,https://media.api-sports.io/football/players/7328.png,Midfielder,M,78,Bundesliga,173,RB Leipzig,203,4,4,6.546748768472907,,89.42307692307693,54.54545454545454,100.0,0.0,0.0,0.0,0.0,0.0,104.0,1.0,5.0,0.0,4.0,11.0,6.0,1.0,1.0,0.0,0.0,2.0,0,0,0.0,0.0,0,0.0,0.0,0.0,0.0,0.0,0.0,46.108374384236456,0.4433497536945813,2.2167487684729066,0.0,1.7733990147783252,4.876847290640394,2.6600985221674875,0.4433497536945813,0.4433497536945813,0.0,0.0,0.8866995073891626,0.0,0.0,0.0,0.0,0.0,0.0
362741,Santiago Hidalgo,https://media.api-sports.io/football/players/362741.png,Midfielder,M,61,Ligue 1,96,Toulouse,203,5,3,6.258374384236452,83.33333333333334,76.74418604651163,34.61538461538461,66.66666666666666,1.0,6.0,5.0,0.0,0.0,43.0,1.0,2.0,1.0,1.0,26.0,9.0,3.0,2.0,2.0,4.0,5.0,1,0,0.0,0.0,0,0.0,0.4433497536945813,2.6600985221674875,2.2167487684729066,0.0,0.0,19.064039408866993,0.4433497536945813,0.8866995073891626,0.4433497536945813,0.4433497536945813,11.527093596059114,3.9901477832512318,1.3300492610837438,0.8866995073891626,0.8866995073891626,1.7733990147783252,2.2167487684729066,0.4433497536945813,0.0,0.0,0.0,0.0,0.0
277,M. Diaby,https://media.api-sports.io/football/players/277.png,Attacker,M,78,Bundesliga,168,Bayer Leverkusen,202,3,2,6.396386138613861,11.11111111111111,84.28571428571429,50.0,50.0,0.0,9.0,1.0,0.0,0.0,70.0,4.0,1.0,3.0,1.0,16.0,8.0,10.0,5.0,0.0,1.0,1.0,0,0,0.0,0.0,0,0.0,0.0,4.00990099009901,0.44554455445544555,0.0,0.0,31.188118811881186,1.7821782178217822,0.44554455445544555,1.3366336633663365,0.44554455445544555,7.128712871287129,3.5643564356435644,4.455445544554456,2.227722772277228,0.0,0.44554455445544555,0.44554455445544555,0.0,0.0,0.0,0.0,0.0,0.0
2181,Giorgi Tsitaishvili,https://media.api-sports.io/football/players/2181.png,Attacker,M,140,La Liga,728,Rayo Vallecano,201,6,2,6.227860696517412,40.0,82.14285714285714,7.142857142857142,0.0,0.0,5.0,2.0,0.0,0.0,28.0,2.0,1.0,0.0,0.0,14.0,1.0,3.0,0.0,1.0,0.0,1.0,1,0,0.0,0.0,0,0.0,0.0,2.238805970149254,0.8955223880597015,0.0,0.0,12.537313432835822,0.8955223880597015,0.44776119402985076,0.0,0.0,6.268656716417911,0.44776119402985076,1.3432835820895521,0.0,0.44776119402985076,0.0,0.44776119402985076,0.44776119402985076,0.0,0.0,0.0,0.0,0.0
30785,A. Schäfer,https://media.api-sports.io/football/players/30785.png,Midfielder,M,78,Bundesliga,182,Union Berlin,199,4,3,6.273417085427135,100.0,85.71428571428571,40.0,40.0,0.0,1.0,1.0,0.0,0.0,84.0,1.0,7.0,0.0,4.0,30.0,12.0,5.0,2.0,1.0,2.0,4.0,0,0,0.0,0.0,0,0.0,0.0,0.45226130653266333,0.45226130653266333,0.0,0.0,37.98994974874372,0.45226130653266333,3.1658291457286434,0.0,1.8090452261306533,13.567839195979898,5.427135678391959,2.261306532663317,0.9045226130653267,0.45226130653266333,0.9045226130653267,1.8090452261306533,0.0,0.0,0.0,0.0,0.0,0.0
24798,C. Führich,https://media.api-sports.io/football/players/24798.png,Midfielder,M,78,Bundesliga,172,VfB Stuttgart,199,3,3,6.209698492462311,,81.57894736842105,58.333333333333336,0.0,1.0,0.0,0.0,0.0,0.0,114.0,5.0,6.0,0.0,0.0,12.0,7.0,3.0,0.0,0.0,1.0,0.0,0,0,0.0,0.0,0,0.0,0.45226130653266333,0.0,0.0,0.0,0.0,51.55778894472362,2.261306532663317,2.7135678391959797,0.0,0.0,5.427135678391959,3.1658291457286434,1.3567839195979898,0.0,0.0,0.45226130653266333,0.0,0.0,0.0,0.0,0.0,0.0,0.0
1153,Amadou Haidara,https://media.api-sports.io/football/players/1153.png,Midfielder,M,61,Ligue 1,116,Lens,197,5,3,6.426395939086294,50.0,88.46153846153845,53.84615384615385,,0.0,2.0,1.0,0.0,0.0,104.0,1.0,2.0,0.0,2.0,13.0,7.0,0.0,0.0,2.0,2.0,1.0,0,0,0.0,0.0,0,0.0,0.0,0.9137055837563451,0.45685279187817257,0.0,0.0,47.51269035532995,0.45685279187817257,0.9137055837563451,0.0,0.9137055837563451,5.939086294416244,3.197969543147208,0.0,0.0,0.9137055837563451,0.9137055837563451,0.45685279187817257,0.0,0.0,0.0,0.0,0.0,0.0
548809,Gnangoro Bouaré,https://media.api-sports.io/football/players/548809.png,Midfielder,M,140,La Liga,728,Rayo Vallecano,196,5,2,6.561785714285714,100.0,84.05797101449275,60.0,100.0,0.0,1.0,1.0,0.0,0.0,69.0,3.0,6.0,0.0,6.0,25.0,15.0,2.0,2.0,1.0,3.0,5.0,1,0,0.0,0.0,0,0.0,0.0,0.4591836734693877,0.4591836734693877,0.0,0.0,31.683673469387756,1.3775510204081631,2.7551020408163263,0.0,2.7551020408163263,11.479591836734695,6.887755102040816,0.9183673469387754,0.9183673469387754,0.4591836734693877,1.3775510204081631,2.295918367346939,0.4591836734693877,0.0,0.0,0.0,0.0,0.0
334915,Farès Ghedjemis,https://media.api-sports.io/football/players/334915.png,Attacker,M,135,Serie A,512,Frosinone,193,3,2,6.767875647668394,50.0,88.37209302325581,33.33333333333333,22.22222222222222,2.0,6.0,3.0,0.0,0.0,43.0,2.0,3.0,0.0,0.0,27.0,9.0,9.0,2.0,0.0,3.0,1.0,0,0,0.0,0.0,0,0.0,0.9326424870466321,2.7979274611398965,1.3989637305699483,0.0,0.0,20.05181347150259,0.9326424870466321,1.3989637305699483,0.0,0.0,12.590673575129534,4.196891191709844,4.196891191709844,0.9326424870466321,0.0,1.3989637305699483,0.46632124352331605,0.0,0.0,0.0,0.0,0.0,0.0
542,Ryan Gravenberch,https://media.api-sports.io/football/players/542.png,Midfielder,M,39,Premier League,40,Liverpool,192,5,2,6.809374999999999,0.0,89.62264150943396,50.0,,0.0,1.0,0.0,0.0,1.0,106.0,3.0,4.0,1.0,3.0,26.0,13.0,0.0,0.0,0.0,5.0,4.0,0,0,0.0,0.0,0,0.0,0.0,0.46875,0.0,0.0,0.46875,49.6875,1.40625,1.875,0.46875,1.40625,12.1875,6.09375,0.0,0.0,0.0,2.34375,1.875,0.0,0.0,0.0,0.0,0.0,0.0
130423,Billy Gilmour,https://media.api-sports.io/football/players/130423.png,Midfielder,M,135,Serie A,492,Napoli,191,5,2,7.378010471204188,100.0,89.54248366013073,53.84615384615385,66.66666666666666,0.0,1.0,1.0,1.0,0.0,153.0,0.0,1.0,0.0,1.0,13.0,7.0,3.0,2.0,1.0,2.0,1.0,0,0,0.0,0.0,0,0.0,0.0,0.47120418848167545,0.47120418848167545,0.47120418848167545,0.0,72.09424083769633,0.0,0.47120418848167545,0.0,0.47120418848167545,6.125654450261781,3.2984293193717273,1.413612565445026,0.9424083769633509,0.47120418848167545,0.9424083769633509,0.47120418848167545,0.0,0.0,0.0,0.0,0.0,0.0
448243,Ali Houary,https://media.api-sports.io/football/players/448243.png,Attacker,M,140,La Liga,797,Elche,190,4,4,6.14,50.0,80.0,29.629629629629626,41.66666666666667,1.0,4.0,2.0,0.0,0.0,95.0,3.0,2.0,0.0,1.0,27.0,8.0,12.0,5.0,1.0,1.0,2.0,1,0,0.0,0.0,0,0.0,0.47368421052631576,1.894736842105263,0.9473684210526315,0.0,0.0,45.0,1.4210526315789473,0.9473684210526315,0.0,0.47368421052631576,12.789473684210526,3.789473684210526,5.684210526315789,2.3684210526315788,0.47368421052631576,0.47368421052631576,0.9473684210526315,0.47368421052631576,0.0,0.0,0.0,0.0,0.0
162465,Melvin Bard,https://media.api-sports.io/football/players/162465.png,Defender,M,61,Ligue 1,63,Leeds,190,5,2,6.846315789473683,0.0,82.71604938271605,70.58823529411765,0.0,1.0,1.0,0.0,0.0,0.0,81.0,3.0,4.0,2.0,2.0,17.0,12.0,1.0,0.0,1.0,2.0,2.0,0,0,0.0,0.0,0,0.0,0.47368421052631576,0.47368421052631576,0.0,0.0,0.0,38.368421052631575,1.4210526315789473,1.894736842105263,0.9473684210526315,0.9473684210526315,8.052631578947368,5.684210526315789,0.47368421052631576,0.0,0.47368421052631576,0.9473684210526315,0.9473684210526315,0.0,0.0,0.0,0.0,0.0,0.0
48491,Vincent Sierro,https://media.api-sports.io/football/players/48491.png,Midfielder,M,135,Serie A,523,Parma,190,3,2,6.530526315789474,0.0,82.22222222222221,18.181818181818183,0.0,0.0,1.0,0.0,0.0,0.0,90.0,1.0,1.0,0.0,2.0,22.0,4.0,2.0,0.0,4.0,3.0,5.0,0,0,0.0,0.0,0,0.0,0.0,0.47368421052631576,0.0,0.0,0.0,42.63157894736842,0.47368421052631576,0.47368421052631576,0.0,0.9473684210526315,10.421052631578947,1.894736842105263,0.9473684210526315,0.0,1.894736842105263,1.4210526315789473,2.3684210526315788,0.0,0.0,0.0,0.0,0.0,0.0
37749,J. Veerman,https://media.api-sports.io/football/players/37749.png,Midfielder,M,78,Bundesliga,165,Borussia Dortmund,188,4,2,6.845000000000001,33.33333333333333,84.61538461538461,60.0,100.0,0.0,3.0,1.0,0.0,0.0,130.0,1.0,7.0,1.0,1.0,25.0,15.0,1.0,1.0,0.0,2.0,5.0,1,0,0.0,0.0,0,0.0,0.0,1.4361702127659572,0.4787234042553191,0.0,0.0,62.23404255319149,0.4787234042553191,3.351063829787234,0.4787234042553191,0.4787234042553191,11.96808510638298,7.180851063829787,0.4787234042553191,0.4787234042553191,0.0,0.9574468085106382,2.393617021276596,0.4787234042553191,0.0,0.0,0.0,0.0,0.0
290740,Ilias Akhomach,https://media.api-sports.io/football/players/290740.png,Attacker,M,140,La Liga,533,Villarreal,187,7,2,7.226737967914439,50.0,84.0909090909091,47.22222222222222,58.82352941176471,0.0,2.0,1.0,0.0,2.0,88.0,4.0,3.0,0.0,1.0,36.0,17.0,17.0,10.0,1.0,4.0,3.0,1,0,0.0,0.0,0,0.0,0.0,0.9625668449197861,0.48128342245989303,0.0,0.9625668449197861,42.35294117647059,1.9251336898395721,1.4438502673796794,0.0,0.48128342245989303,17.326203208556148,8.181818181818182,8.181818181818182,4.81283422459893,0.48128342245989303,1.9251336898395721,1.4438502673796794,0.48128342245989303,0.0,0.0,0.0,0.0,0.0
1725,D. Ljubičić,https://media.api-sports.io/football/players/1725.png,Midfielder,M,78,Bundesliga,174,FC Schalke 04,185,3,3,6.501405405405405,50.0,64.58333333333334,33.33333333333333,20.0,1.0,2.0,1.0,0.0,0.0,48.0,1.0,1.0,1.0,1.0,12.0,4.0,5.0,1.0,0.0,0.0,0.0,0,0,0.0,0.0,0,0.0,0.4864864864864865,0.972972972972973,0.4864864864864865,0.0,0.0,23.351351351351354,0.4864864864864865,0.4864864864864865,0.4864864864864865,0.4864864864864865,5.837837837837839,1.945945945945946,2.4324324324324325,0.4864864864864865,0.0,0.0,0.0,0.0,0.0,0.0,0.0,0.0,0.0
313236,E. Nwaneri,https://media.api-sports.io/football/players/313236.png,Midfielder,M,78,Bundesliga,165,Borussia Dortmund,185,4,2,6.719135135135135,33.33333333333333,80.0,26.31578947368421,57.14285714285714,1.0,3.0,1.0,0.0,0.0,70.0,5.0,1.0,2.0,3.0,19.0,5.0,7.0,4.0,1.0,0.0,1.0,0,0,0.0,0.0,0,0.0,0.4864864864864865,1.4594594594594597,0.4864864864864865,0.0,0.0,34.054054054054056,2.4324324324324325,0.4864864864864865,0.972972972972973,1.4594594594594597,9.243243243243244,2.4324324324324325,3.4054054054054057,1.945945945945946,0.4864864864864865,0.0,0.4864864864864865,0.0,0.0,0.0,0.0,0.0,0.0
119795,Giorgi Kochorashvili,https://media.api-sports.io/football/players/119795.png,Midfielder,M,140,La Liga,536,Sevilla,185,6,3,6.758378378378378,0.0,83.65384615384616,52.94117647058824,0.0,0.0,3.0,0.0,0.0,1.0,104.0,1.0,7.0,0.0,1.0,17.0,9.0,2.0,0.0,1.0,2.0,3.0,1,0,0.0,0.0,0,0.0,0.0,1.4594594594594597,0.0,0.0,0.4864864864864865,50.5945945945946,0.4864864864864865,3.4054054054054057,0.0,0.4864864864864865,8.27027027027027,4.378378378378379,0.972972972972973,0.0,0.4864864864864865,0.972972972972973,1.4594594594594597,0.4864864864864865,0.0,0.0,0.0,0.0,0.0
1482,Thierry Correia,https://media.api-sports.io/football/players/1482.png,Defender,M,135,Serie A,517,Venezia,185,5,2,6.42972972972973,33.33333333333333,69.86301369863014,42.30769230769231,40.0,0.0,3.0,1.0,0.0,0.0,73.0,3.0,3.0,1.0,1.0,26.0,11.0,10.0,4.0,2.0,3.0,5.0,1,0,1.0,0.0,0,0.0,0.0,1.4594594594594597,0.4864864864864865,0.0,0.0,35.513513513513516,1.4594594594594597,1.4594594594594597,0.4864864864864865,0.4864864864864865,12.64864864864865,5.351351351351352,4.864864864864865,1.945945945945946,0.972972972972973,1.4594594594594597,2.4324324324324325,0.4864864864864865,0.0,0.4864864864864865,0.0,0.0,0.0
2763,Mario Pašalić,https://media.api-sports.io/football/players/2763.png,Midfielder,M,135,Serie A,499,Atalanta,184,5,2,6.613043478260869,,89.56521739130436,11.11111111111111,33.33333333333333,0.0,0.0,0.0,0.0,0.0,115.0,2.0,0.0,1.0,1.0,9.0,1.0,3.0,1.0,3.0,0.0,1.0,0,0,0.0,0.0,0,0.0,0.0,0.0,0.0,0.0,0.0,56.25,0.9782608695652174,0.0,0.4891304347826087,0.4891304347826087,4.4021739130434785,0.4891304347826087,1.467391304347826,0.4891304347826087,1.467391304347826,0.0,0.4891304347826087,0.0,0.0,0.0,0.0,0.0,0.0
430354,Livan Burcu,https://media.api-sports.io/football/players/430354.png,Midfielder,M,78,Bundesliga,182,Union Berlin,183,4,3,6.491256830601094,0.0,76.36363636363637,57.692307692307686,63.63636363636363,0.0,1.0,0.0,0.0,0.0,55.0,1.0,1.0,1.0,3.0,26.0,15.0,11.0,7.0,1.0,6.0,1.0,1,0,0.0,0.0,0,0.0,0.0,0.4918032786885246,0.0,0.0,0.0,27.049180327868854,0.4918032786885246,0.4918032786885246,0.4918032786885246,1.4754098360655739,12.786885245901638,7.377049180327869,5.40983606557377,3.4426229508196724,0.4918032786885246,2.9508196721311477,0.4918032786885246,0.4918032786885246,0.0,0.0,0.0,0.0,0.0
19163,Jacob Murphy,https://media.api-sports.io/football/players/19163.png,Midfielder,M,39,Premier League,34,Newcastle,182,5,2,6.834615384615385,0.0,75.67567567567568,57.14285714285714,66.66666666666666,0.0,2.0,0.0,0.0,0.0,37.0,1.0,4.0,0.0,0.0,21.0,12.0,3.0,2.0,2.0,5.0,2.0,3,0,1.0,0.0,0,0.0,0.0,0.989010989010989,0.0,0.0,0.0,18.296703296703296,0.4945054945054945,1.978021978021978,0.0,0.0,10.384615384615385,5.934065934065934,1.4835164835164836,0.989010989010989,0.989010989010989,2.4725274725274726,0.989010989010989,1.4835164835164836,0.0,0.4945054945054945,0.0,0.0,0.0
348205,Petar Sučić,https://media.api-sports.io/football/players/348205.png,Midfielder,M,135,Serie A,505,Inter,182,5,2,7.20989010989011,,88.0,68.75,50.0,0.0,0.0,0.0,0.0,0.0,125.0,3.0,5.0,3.0,0.0,16.0,11.0,4.0,2.0,0.0,3.0,0.0,0,0,0.0,0.0,0,0.0,0.0,0.0,0.0,0.0,0.0,61.81318681318681,1.4835164835164836,2.4725274725274726,1.4835164835164836,0.0,7.912087912087912,5.43956043956044,1.978021978021978,0.989010989010989,0.0,1.4835164835164836,0.0,0.0,0.0,0.0,0.0,0.0,0.0
501906,Wael Mohya,https://media.api-sports.io/football/players/501906.png,Midfielder,M,78,Bundesliga,163,Borussia Mönchengladbach,182,4,3,6.400274725274725,50.0,88.23529411764706,33.33333333333333,30.0,1.0,2.0,1.0,0.0,0.0,51.0,2.0,3.0,0.0,1.0,27.0,9.0,10.0,3.0,0.0,1.0,3.0,1,0,0.0,0.0,0,0.0,0.4945054945054945,0.989010989010989,0.4945054945054945,0.0,0.0,25.21978021978022,0.989010989010989,1.4835164835164836,0.0,0.4945054945054945,13.351648351648352,4.450549450549451,4.945054945054945,1.4835164835164836,0.0,0.4945054945054945,1.4835164835164836,0.4945054945054945,0.0,0.0,0.0,0.0,0.0
18872,Lewis Cook,https://media.api-sports.io/football/players/18872.png,Midfielder,M,39,Premier League,35,Bournemouth,181,5,3,6.571381215469613,,86.90476190476191,38.46153846153847,,0.0,0.0,0.0,0.0,0.0,84.0,1.0,1.0,0.0,4.0,13.0,5.0,0.0,0.0,1.0,0.0,2.0,1,0,0.0,0.0,0,0.0,0.0,0.0,0.0,0.0,0.0,41.76795580110497,0.49723756906077343,0.49723756906077343,0.0,1.9889502762430937,6.464088397790055,2.4861878453038675,0.0,0.0,0.49723756906077343,0.0,0.9944751381215469,0.49723756906077343,0.0,0.0,0.0,0.0,0.0
641317,Aaron Mayol,https://media.api-sports.io/football/players/641317.png,Defender,M,140,La Liga,532,Valencia,180,5,3,7.05,50.0,87.8048780487805,36.84210526315789,66.66666666666666,0.0,2.0,1.0,1.0,0.0,82.0,1.0,4.0,0.0,4.0,19.0,7.0,3.0,2.0,0.0,1.0,4.0,1,0,0.0,0.0,0,0.0,0.0,1.0,0.5,0.5,0.0,41.0,0.5,2.0,0.0,2.0,9.5,3.5,1.5,1.0,0.0,0.5,2.0,0.5,0.0,0.0,0.0,0.0,0.0
284797,D. Ouattara,https://media.api-sports.io/football/players/284797.png,Midfielder,M,39,Premier League,55,Brentford,180,5,4,6.7011111111111115,0.0,68.08510638297872,45.45454545454545,40.0,1.0,3.0,0.0,0.0,0.0,47.0,5.0,2.0,1.0,3.0,33.0,15.0,10.0,4.0,1.0,3.0,6.0,0,0,0.0,0.0,0,0.0,0.5,1.5,0.0,0.0,0.0,23.5,2.5,1.0,0.5,1.5,16.5,7.5,5.0,2.0,0.5,1.5,3.0,0.0,0.0,0.0,0.0,0.0,0.0
25466,K. Karaman,https://media.api-sports.io/football/players/25466.png,Attacker,M,78,Bundesliga,174,FC Schalke 04,180,3,2,6.893888888888889,0.0,73.68421052631578,42.857142857142854,75.0,3.0,3.0,0.0,0.0,0.0,38.0,7.0,1.0,1.0,1.0,21.0,9.0,4.0,3.0,0.0,2.0,0.0,0,0,0.0,0.0,0,0.0,1.5,1.5,0.0,0.0,0.0,19.0,3.5,0.5,0.5,0.5,10.5,4.5,2.0,1.5,0.0,1.0,0.0,0.0,0.0,0.0,0.0,0.0,0.0
21448,Lucas Buades,https://media.api-sports.io/football/players/21448.png,Defender,M,61,Ligue 1,1298,Le Mans,180,3,2,6.75,100.0,62.96296296296296,76.47058823529412,100.0,0.0,1.0,1.0,0.0,0.0,54.0,1.0,1.0,0.0,1.0,17.0,13.0,3.0,3.0,0.0,8.0,1.0,0,0,0.0,0.0,0,0.0,0.0,0.5,0.5,0.0,0.0,27.0,0.5,0.5,0.0,0.5,8.5,6.499999999999999,1.5,1.5,0.0,4.0,0.5,0.0,0.0,0.0,0.0,0.0,0.0
